scenario,mode,rtt_ms,loss_pct,timeout_ms,pto,run,status,failed_stage,errno,attempts,latency_ms,bytes_online,msgs_online,cpu_ms_ue,cpu_ms_lj,cpu_ms_ln,processing_ms_ln,bytes_ue,bytes_lj,bytes_ln,bytes_total,msgs_ue,msgs_lj,msgs_ln,msgs_total,ts5,ts6,rain_profile,bw_factor,down_rate_mbps,up_rate_mbps,bad_ticks,total_ticks,bad_ratio,blackout_events,blackout_ticks,window_profile,window_duration_ms,uplink_delay_ms,down_ready_ms,guard_close_ms,scheduled_blackouts,,
g2_rain_fade,RAIN_FADE,14,,300,2,1,ok,,,1,55.824333,2003,5,10.544,0.125,11.288,11.268166,875,709,419,2003,2,2,1,5,1.7631E+12,1.7631E+12,light,0.8,80,0,0,2,0,0,0,,,,,,,,
g2_rain_fade,RAIN_FADE,14,,300,2,2,ok,,,1,61.118959,2014,5,10.408,0.131,11.235,11.20533299,887,708,419,2014,2,2,1,5,1.7631E+12,1.7631E+12,light,0.8,80,0,1,2,0.5,0,0,,,,,,,,
g2_rain_fade,RAIN_FADE,14,,300,2,3,ok,,,1,53.639916,2014,5,11.495,0.094,11.078,11.077041,888,708,418,2014,2,2,1,5,1.7631E+12,1.7631E+12,light,0.8,80,0,0,2,0,0,0,79.27373402,96.55639885,,1923.350833,1908.085833,,,
g2_rain_fade,RAIN_FADE,14,,300,2,4,ok,,,1,53.021666,2014,5,11.243,0.093,10.301,10.282917,888,708,418,2014,2,2,1,5,1.7631E+12,1.7631E+12,light,0.8,80,0,0,2,0,0,0,91.69763584,91.34415581,,385.7249531,419.3044803,,,
g2_rain_fade,RAIN_FADE,14,,300,2,5,ok,,,1,54.239708,2017,5,10.139,0.128,11.225,11.22070799,889,709,419,2017,2,2,1,5,1.7631E+12,1.7631E+12,light,0.8,80,0,0,2,0,0,0,2400,2400,,2400,2400,,,
g2_rain_fade,RAIN_FADE,14,,300,2,6,ok,,,1,51.380125,2014,5,11.217,0.096,10.97,11.106667,888,708,418,2014,2,2,1,5,1.7631E+12,1.7631E+12,light,0.8,80,0,2,2,1,0,0,,,,,,,,
g2_rain_fade,RAIN_FADE,14,,300,2,7,ok,,,1,57.785375,2015,5,12.829,0.132,11.964,11.997375,888,708,419,2015,2,2,1,5,1.7631E+12,1.7631E+12,light,0.8,80,0,0,2,0,0,0,11.08894875,0.119038958,10.71151875,,,,,
g2_rain_fade,RAIN_FADE,14,,300,2,8,ok,,,1,68.919125,2015,5,18.228,0.127,12.296,12.251167,888,708,419,2015,2,2,1,5,1.7631E+12,1.7631E+12,light,0.8,80,0,0,2,0,0,0,2.041050038,0.04376374,2.784849177,,,,,
g2_rain_fade,RAIN_FADE,14,,300,2,9,ok,,,2,59.72625,2017,5,12.88,0.096,11.096,11.104125,889,709,419,2017,2,2,1,5,1.7631E+12,1.7631E+12,light,0.8,80,0,0,3,0,0,0,4800,4800,4800,,,,,
g2_rain_fade,RAIN_FADE,14,,300,2,10,ok,,,1,50.705584,2015,5,10.8,0.114,10.742,10.710875,888,709,418,2015,2,2,1,5,1.7631E+12,1.7631E+12,light,0.8,80,0,0,2,0,0,0,,,,,,,,
g2_rain_fade,RAIN_FADE,14,,300,2,11,ok,,,1,52.019291,2013,5,10.724,0.105,10.516,10.4985,887,708,418,2013,2,2,1,5,1.7631E+12,1.7631E+12,light,0.8,80,0,0,2,0,0,0,"(14, light)","(14, moderate)","(14, heavy)","(14, storm)","(24, light)","(24, moderate)","(24, heavy)","(24, storm)"
g2_rain_fade,RAIN_FADE,14,,300,2,12,ok,,,1,61.007708,2017,5,11.496,0.129,11.148,11.12708299,889,709,419,2017,2,2,1,5,1.7631E+12,1.7631E+12,light,0.8,80,0,0,2,0,0,0,0.988467875,0.959935897,0.724399494,0.512219959,0.988467875,0.941915228,0.696139477,0.49501992
g2_rain_fade,RAIN_FADE,14,,300,2,13,ok,,,1,58.655458,2017,5,11.612,0.125,10.856,10.817125,889,709,419,2017,2,2,1,5,1.7631E+12,1.7631E+12,light,0.8,80,0,0,2,0,0,0,,,,,,,,
g2_rain_fade,RAIN_FADE,14,,300,2,14,ok,,,1,56.635833,2012,5,11.695,0.133,10.899,10.87716599,886,708,418,2012,2,2,1,5,1.7631E+12,1.7631E+12,light,0.8,80,0,0,2,0,0,0,,,,,,,,
g2_rain_fade,RAIN_FADE,14,,300,2,15,ok,,,1,56.110417,2014,5,11.13,0.115,10.762,10.740125,888,708,418,2014,2,2,1,5,1.7631E+12,1.7631E+12,light,0.8,80,0,0,2,0,0,0,,,,,,,,
g2_rain_fade,RAIN_FADE,14,,300,2,16,ok,,,1,55.734167,2014,5,12.112,0.119,11.693,11.7355,887,708,419,2014,2,2,1,5,1.7631E+12,1.7631E+12,light,0.8,80,0,2,2,1,0,0,,,,,,,,
g2_rain_fade,RAIN_FADE,14,,300,2,17,ok,,,1,59.959333,2007,5,11.052,0.132,11.709,11.677125,884,707,416,2007,2,2,1,5,1.7631E+12,1.7631E+12,light,0.8,80,0,0,2,0,0,0,,,,,,,,
g2_rain_fade,RAIN_FADE,14,,300,2,18,ok,,,1,59.292,2011,5,10.928,0.179,11.354,11.274167,887,707,417,2011,2,2,1,5,1.7631E+12,1.7631E+12,light,0.8,80,0,0,2,0,0,0,,,,,,,,
g2_rain_fade,RAIN_FADE,14,,300,2,19,ok,,,1,51.288209,2017,5,10.872,0.11,11.531,11.513458,889,709,419,2017,2,2,1,5,1.7631E+12,1.7631E+12,light,0.8,80,0,0,2,0,0,0,,,,,,,,
g2_rain_fade,RAIN_FADE,14,,300,2,20,ok,,,1,60.997417,2011,5,11.711,0.164,12.649,12.6325,886,708,417,2011,2,2,1,5,1.7631E+12,1.7631E+12,light,0.8,80,0,0,2,0,0,0,,,,,,,,
g2_rain_fade,RAIN_FADE,14,,300,2,21,ok,,,1,56.026792,2017,5,10.735,0.14,11.54,11.555333,889,709,419,2017,2,2,1,5,1.7631E+12,1.7631E+12,light,0.8,80,0,1,2,0.5,0,0,,,,,,,,
g2_rain_fade,RAIN_FADE,14,,300,2,22,ok,,,1,56.728875,2012,5,10.459,0.129,12.131,12.11825,887,707,418,2012,2,2,1,5,1.7631E+12,1.7631E+12,light,0.8,80,0,0,2,0,0,0,,,,,,,,
g2_rain_fade,RAIN_FADE,14,,300,2,23,ok,,,1,60.495417,2012,5,11.896,0.176,16.971,17.136,887,707,418,2012,2,2,1,5,1.7631E+12,1.7631E+12,light,0.8,80,0,0,2,0,0,0,,,,,,,,
g2_rain_fade,RAIN_FADE,14,,300,2,24,ok,,,1,60.03254199,2014,5,11.392,0.114,11.225,11.237292,888,708,418,2014,2,2,1,5,1.7631E+12,1.7631E+12,light,0.8,80,0,0,2,0,0,0,,,,,,,,
g2_rain_fade,RAIN_FADE,14,,300,2,25,ok,,,1,60.095375,2010,5,11.174,0.164,15.04,15.075333,886,707,417,2010,2,2,1,5,1.7631E+12,1.7631E+12,light,0.8,80,0,1,2,0.5,0,0,,,,,,,,
g2_rain_fade,RAIN_FADE,14,,300,2,26,ok,,,1,57.342209,2012,5,10.439,0.135,14.798,14.812167,887,708,417,2012,2,2,1,5,1.7631E+12,1.7631E+12,light,0.8,80,0,0,2,0,0,0,,,,,,,,
g2_rain_fade,RAIN_FADE,14,,300,2,27,ok,,,1,60.9535,2010,5,11.49,0.106,11.519,11.81775,885,708,417,2010,2,2,1,5,1.7631E+12,1.7631E+12,light,0.8,80,0,0,2,0,0,0,,,,,,,,
g2_rain_fade,RAIN_FADE,14,,300,2,28,ok,,,1,58.988584,1989,5,11.955,0.116,11.25,11.222333,875,708,406,1989,2,2,1,5,1.7631E+12,1.7631E+12,light,0.8,80,0,0,2,0,0,0,,,,,,,,
g2_rain_fade,RAIN_FADE,14,,300,2,29,ok,,,1,56.41375,2012,5,11.258,0.132,11.549,11.5415,887,707,418,2012,2,2,1,5,1.7631E+12,1.7631E+12,light,0.8,80,0,0,2,0,0,0,,,,,,,,
g2_rain_fade,RAIN_FADE,14,,300,2,30,ok,,,1,61.96575,2017,5,12.095,0.101,11.249,11.246916,889,709,419,2017,2,2,1,5,1.7631E+12,1.7631E+12,light,0.8,80,0,0,2,0,0,0,,,,,,,,
g2_rain_fade,RAIN_FADE,14,,300,2,31,ok,,,1,58.12575,2011,5,10.333,0.099,11.276,11.277292,886,707,418,2011,2,2,1,5,1.7631E+12,1.7631E+12,light,0.8,80,0,1,2,0.5,0,0,,,,,,,,
g2_rain_fade,RAIN_FADE,14,,300,2,32,ok,,,1,57.542333,2015,5,12.664,0.123,11.318,11.331833,888,709,418,2015,2,2,1,5,1.7631E+12,1.7631E+12,light,0.8,80,0,0,2,0,0,0,,,,,,,,
g2_rain_fade,RAIN_FADE,14,,300,2,33,ok,,,1,54.181875,2015,5,10.517,0.089,10.982,10.90275,888,708,419,2015,2,2,1,5,1.7631E+12,1.7631E+12,light,0.8,80,0,0,2,0,0,0,,,,,,,,
g2_rain_fade,RAIN_FADE,14,,300,2,34,ok,,,1,53.360208,2014,5,11.203,0.131,11.195,11.17275,887,708,419,2014,2,2,1,5,1.7631E+12,1.7631E+12,light,0.8,80,0,0,2,0,0,0,,,,,,,,
g2_rain_fade,RAIN_FADE,14,,300,2,35,ok,,,1,56.44775,2017,5,10.574,0.091,10.776,10.759625,889,709,419,2017,2,2,1,5,1.7631E+12,1.7631E+12,light,0.8,80,0,0,2,0,0,0,,,,,,,,
g2_rain_fade,RAIN_FADE,14,,300,2,36,ok,,,1,57.994458,2012,5,10.447,0.141,11.678,11.69504201,886,708,418,2012,2,2,1,5,1.7631E+12,1.7631E+12,light,0.8,80,0,0,2,0,0,0,,,,,,,,
g2_rain_fade,RAIN_FADE,14,,300,2,37,ok,,,1,67.916,2016,5,16.268,0.15,13.421,13.37687499,888,709,419,2016,2,2,1,5,1.7631E+12,1.7631E+12,light,0.8,80,0,0,2,0,0,0,,,,,,,,
g2_rain_fade,RAIN_FADE,14,,300,2,38,ok,,,1,61.064,2012,5,10.73,0.118,12.562,12.624542,886,709,417,2012,2,2,1,5,1.7631E+12,1.7631E+12,light,0.8,80,0,0,2,0,0,0,,,,,,,,
g2_rain_fade,RAIN_FADE,14,,300,2,39,ok,,,1,55.046583,2014,5,11.067,0.116,11.75,11.866166,888,708,418,2014,2,2,1,5,1.7631E+12,1.7631E+12,light,0.8,80,0,0,2,0,0,0,,,,,,,,
g2_rain_fade,RAIN_FADE,14,,300,2,40,ok,,,1,55.987042,2016,5,11.959,0.181,10.434,10.41875,888,709,419,2016,2,2,1,5,1.7631E+12,1.7631E+12,light,0.8,80,0,0,2,0,0,0,,,,,,,,
g2_rain_fade,RAIN_FADE,14,,300,2,41,ok,,,1,60.1885,2016,5,16.262,0.224,11.802,11.7385,888,709,419,2016,2,2,1,5,1.7631E+12,1.7631E+12,light,0.8,80,0,0,2,0,0,0,,,,,,,,
g2_rain_fade,RAIN_FADE,14,,300,2,42,ok,,,1,57.650667,2009,5,12.019,0.14,11.761,11.730708,886,706,417,2009,2,2,1,5,1.7631E+12,1.7631E+12,light,0.8,80,0,0,2,0,0,0,,,,,,,,
g2_rain_fade,RAIN_FADE,14,,300,2,43,ok,,,1,59.27325,2017,5,11.413,0.102,10.992,11.005125,889,709,419,2017,2,2,1,5,1.7631E+12,1.7631E+12,light,0.8,80,0,1,2,0.5,0,0,,,,,,,,
g2_rain_fade,RAIN_FADE,14,,300,2,44,ok,,,1,57.457833,2015,5,11.76,0.121,10.623,10.588125,888,708,419,2015,2,2,1,5,1.7631E+12,1.7631E+12,light,0.8,80,0,0,2,0,0,0,,,,,,,,
g2_rain_fade,RAIN_FADE,14,,300,2,45,ok,,,1,52.665583,2014,5,10.287,0.081,10.672,10.64558401,888,708,418,2014,2,2,1,5,1.7631E+12,1.7631E+12,light,0.8,80,0,2,2,1,0,0,,,,,,,,
g2_rain_fade,RAIN_FADE,14,,300,2,46,ok,,,1,76.098042,2013,5,16.488,0.181,16.936,16.951166,887,708,418,2013,2,2,1,5,1.7631E+12,1.7631E+12,light,0.8,80,0,4,5,0.8,0,0,,,,,,,,
g2_rain_fade,RAIN_FADE,14,,300,2,47,ok,,,1,56.220291,2015,5,10.561,0.106,10.717,10.69025,887,709,419,2015,2,2,1,5,1.7631E+12,1.7631E+12,light,0.8,80,0,0,2,0,0,0,,,,,,,,
g2_rain_fade,RAIN_FADE,14,,300,2,48,ok,,,1,53.914875,2015,5,10.436,0.113,11.577,11.55825,888,708,419,2015,2,2,1,5,1.7631E+12,1.7631E+12,light,0.8,80,0,0,2,0,0,0,,,,,,,,
g2_rain_fade,RAIN_FADE,14,,300,2,49,ok,,,1,52.389958,2017,5,10.571,0.115,11.348,11.348875,889,709,419,2017,2,2,1,5,1.7631E+12,1.7631E+12,light,0.8,80,0,0,2,0,0,0,,,,,,,,
g2_rain_fade,RAIN_FADE,14,,300,2,50,ok,,,1,57.371125,2016,5,11.526,0.13,11.795,11.788542,888,709,419,2016,2,2,1,5,1.7631E+12,1.7631E+12,light,0.8,80,0,0,2,0,0,0,,,,,,,,
g2_rain_fade,RAIN_FADE,14,,300,2,51,ok,,,1,56.065375,2012,5,10.577,0.127,11.003,11.005208,887,707,418,2012,2,2,1,5,1.7631E+12,1.7631E+12,light,0.8,80,0,1,2,0.5,0,0,,,,,,,,
g2_rain_fade,RAIN_FADE,14,,300,2,52,ok,,,1,55.236583,2015,5,11.256,0.155,10.693,10.666459,888,708,419,2015,2,2,1,5,1.7631E+12,1.7631E+12,light,0.8,80,0,0,2,0,0,0,,,,,,,,
g2_rain_fade,RAIN_FADE,14,,300,2,53,ok,,,1,58.68175,2015,5,10.732,0.138,10.934,10.890334,888,709,418,2015,2,2,1,5,1.7631E+12,1.7631E+12,light,0.8,80,0,0,2,0,0,0,,,,,,,,
g2_rain_fade,RAIN_FADE,14,,300,2,54,ok,,,1,57.098167,2013,5,10.321,0.103,10.947,10.979167,887,708,418,2013,2,2,1,5,1.7631E+12,1.7631E+12,light,0.8,80,0,0,2,0,0,0,,,,,,,,
g2_rain_fade,RAIN_FADE,14,,300,2,55,ok,,,1,57.532584,2015,5,10.493,0.129,11.111,11.091875,888,708,419,2015,2,2,1,5,1.7631E+12,1.7631E+12,light,0.8,80,0,0,2,0,0,0,,,,,,,,
g2_rain_fade,RAIN_FADE,14,,300,2,56,ok,,,1,54.81725,2013,5,10.377,0.122,11.8,11.795542,887,708,418,2013,2,2,1,5,1.7631E+12,1.7631E+12,light,0.8,80,0,0,2,0,0,0,,,,,,,,
g2_rain_fade,RAIN_FADE,14,,300,2,57,ok,,,1,52.91220899,2012,5,10.473,0.105,11.096,11.072625,887,707,418,2012,2,2,1,5,1.7631E+12,1.7631E+12,light,0.8,80,0,0,2,0,0,0,,,,,,,,
g2_rain_fade,RAIN_FADE,14,,300,2,58,ok,,,1,54.807958,2009,5,10.499,0.135,11.633,11.620333,885,708,416,2009,2,2,1,5,1.7631E+12,1.7631E+12,light,0.8,80,0,0,2,0,0,0,,,,,,,,
g2_rain_fade,RAIN_FADE,14,,300,2,59,ok,,,1,53.468042,2012,5,10.567,0.12,10.627,10.618208,887,707,418,2012,2,2,1,5,1.7631E+12,1.7631E+12,light,0.8,80,0,0,2,0,0,0,,,,,,,,
g2_rain_fade,RAIN_FADE,14,,300,2,60,ok,,,1,60.529166,2014,5,10.428,0.086,11.456,11.464041,888,708,418,2014,2,2,1,5,1.7631E+12,1.7631E+12,light,0.8,80,0,0,2,0,0,0,,,,,,,,
g2_rain_fade,RAIN_FADE,14,,300,2,61,ok,,,1,55.504709,2014,5,10.553,0.131,10.841,10.831625,888,708,418,2014,2,2,1,5,1.7631E+12,1.7631E+12,light,0.8,80,0,0,2,0,0,0,,,,,,,,
g2_rain_fade,RAIN_FADE,14,,300,2,62,ok,,,1,57.127083,2017,5,11.375,0.117,11.237,11.20925,889,709,419,2017,2,2,1,5,1.7631E+12,1.7631E+12,light,0.8,80,0,0,2,0,0,0,,,,,,,,
g2_rain_fade,RAIN_FADE,14,,300,2,63,ok,,,1,56.574084,2017,5,10.879,0.115,10.754,10.84895901,889,709,419,2017,2,2,1,5,1.7631E+12,1.7631E+12,light,0.8,80,0,0,2,0,0,0,,,,,,,,
g2_rain_fade,RAIN_FADE,14,,300,2,64,ok,,,1,59.49399999,2014,5,10.625,0.125,11.497,11.494875,888,708,418,2014,2,2,1,5,1.7631E+12,1.7631E+12,light,0.8,80,0,0,2,0,0,0,,,,,,,,
g2_rain_fade,RAIN_FADE,14,,300,2,65,ok,,,1,56.166375,2016,5,10.646,0.113,11.015,10.998709,888,709,419,2016,2,2,1,5,1.7631E+12,1.7631E+12,light,0.8,80,0,0,2,0,0,0,,,,,,,,
g2_rain_fade,RAIN_FADE,14,,300,2,66,ok,,,1,56.930417,2015,5,11.58,0.131,10.925,10.907458,888,709,418,2015,2,2,1,5,1.7631E+12,1.7631E+12,light,0.8,80,0,0,2,0,0,0,,,,,,,,
g2_rain_fade,RAIN_FADE,14,,300,2,67,ok,,,1,58.20775,2014,5,11.558,0.108,10.717,10.69425,888,708,418,2014,2,2,1,5,1.7631E+12,1.7631E+12,light,0.8,80,0,0,2,0,0,0,,,,,,,,
g2_rain_fade,RAIN_FADE,14,,300,2,68,ok,,,1,56.7795,2012,5,10.834,0.149,11.689,11.676875,887,707,418,2012,2,2,1,5,1.7631E+12,1.7631E+12,light,0.8,80,0,5,7,0.714285714,0,0,,,,,,,,
g2_rain_fade,RAIN_FADE,14,,300,2,69,ok,,,1,55.417291,2017,5,10.811,0.125,11.555,11.550417,889,709,419,2017,2,2,1,5,1.7631E+12,1.7631E+12,light,0.8,80,0,0,2,0,0,0,,,,,,,,
g2_rain_fade,RAIN_FADE,14,,300,2,70,ok,,,1,56.994667,2014,5,10.433,0.083,11.257,11.244125,888,708,418,2014,2,2,1,5,1.7631E+12,1.7631E+12,light,0.8,80,0,0,2,0,0,0,,,,,,,,
g2_rain_fade,RAIN_FADE,14,,300,2,71,ok,,,1,52.57675,2017,5,10.381,0.12,10.713,10.694416,889,709,419,2017,2,2,1,5,1.7631E+12,1.7631E+12,light,0.8,80,0,0,2,0,0,0,,,,,,,,
g2_rain_fade,RAIN_FADE,14,,300,2,72,ok,,,1,58.989625,2017,5,10.794,0.124,10.649,10.636583,889,709,419,2017,2,2,1,5,1.7631E+12,1.7631E+12,light,0.8,80,0,0,2,0,0,0,,,,,,,,
g2_rain_fade,RAIN_FADE,14,,300,2,73,ok,,,1,60.742375,2009,5,12.896,0.111,11.512,11.527333,886,706,417,2009,2,2,1,5,1.7631E+12,1.7631E+12,light,0.8,80,0,1,2,0.5,0,0,,,,,,,,
g2_rain_fade,RAIN_FADE,14,,300,2,74,ok,,,1,56.574083,2017,5,10.469,0.105,11.602,11.616833,889,709,419,2017,2,2,1,5,1.7631E+12,1.7631E+12,light,0.8,80,0,0,2,0,0,0,,,,,,,,
g2_rain_fade,RAIN_FADE,14,,300,2,75,ok,,,1,58.305417,2017,5,10.827,0.096,10.767,10.739709,889,709,419,2017,2,2,1,5,1.7631E+12,1.7631E+12,light,0.8,80,0,0,2,0,0,0,,,,,,,,
g2_rain_fade,RAIN_FADE,14,,300,2,76,ok,,,1,56.346541,2017,5,10.909,0.122,11.746,11.763167,889,709,419,2017,2,2,1,5,1.7631E+12,1.7631E+12,light,0.8,80,0,0,2,0,0,0,,,,,,,,
g2_rain_fade,RAIN_FADE,14,,300,2,77,ok,,,1,55.064708,2015,5,10.509,0.105,10.787,10.771708,888,708,419,2015,2,2,1,5,1.7631E+12,1.7631E+12,light,0.8,80,0,0,2,0,0,0,,,,,,,,
g2_rain_fade,RAIN_FADE,14,,300,2,78,ok,,,1,58.105333,2012,5,11.162,0.092,11.488,11.516708,887,707,418,2012,2,2,1,5,1.7631E+12,1.7631E+12,light,0.8,80,0,0,2,0,0,0,,,,,,,,
g2_rain_fade,RAIN_FADE,14,,300,2,79,ok,,,1,57.312875,2012,5,10.748,0.117,11.263,11.248125,887,707,418,2012,2,2,1,5,1.7631E+12,1.7631E+12,light,0.8,80,0,0,2,0,0,0,,,,,,,,
g2_rain_fade,RAIN_FADE,14,,300,2,80,ok,,,1,54.676458,2010,5,11.704,0.169,10.481,10.451666,886,707,417,2010,2,2,1,5,1.7631E+12,1.7631E+12,light,0.8,80,0,0,2,0,0,0,,,,,,,,
g2_rain_fade,RAIN_FADE,14,,300,2,81,ok,,,1,55.812541,2014,5,10.586,0.145,11.409,11.411833,888,708,418,2014,2,2,1,5,1.7631E+12,1.7631E+12,light,0.8,80,0,1,2,0.5,0,0,,,,,,,,
g2_rain_fade,RAIN_FADE,14,,300,2,82,ok,,,1,57.437625,2015,5,10.559,0.127,11.628,11.607541,888,708,419,2015,2,2,1,5,1.7631E+12,1.7631E+12,light,0.8,80,0,0,2,0,0,0,,,,,,,,
g2_rain_fade,RAIN_FADE,14,,300,2,83,ok,,,1,58.575584,2012,5,11.012,0.126,11.458,11.39825,886,708,418,2012,2,2,1,5,1.7631E+12,1.7631E+12,light,0.8,80,0,0,2,0,0,0,,,,,,,,
g2_rain_fade,RAIN_FADE,14,,300,2,84,ok,,,1,59.168708,2014,5,10.641,0.103,11.151,11.153917,888,708,418,2014,2,2,1,5,1.7631E+12,1.7631E+12,light,0.8,80,0,1,2,0.5,0,0,,,,,,,,
g2_rain_fade,RAIN_FADE,14,,300,2,85,ok,,,1,61.037,2017,5,10.276,0.101,10.389,10.370709,889,709,419,2017,2,2,1,5,1.7631E+12,1.7631E+12,light,0.8,80,0,1,2,0.5,0,0,,,,,,,,
g2_rain_fade,RAIN_FADE,14,,300,2,86,ok,,,1,48.704708,2012,5,10.396,0.119,11.299,11.29675,887,707,418,2012,2,2,1,5,1.7631E+12,1.7631E+12,light,0.8,80,0,2,2,1,0,0,,,,,,,,
g2_rain_fade,RAIN_FADE,14,,300,2,87,ok,,,1,56.195291,2010,5,11.331,0.102,11.149,11.159708,886,707,417,2010,2,2,1,5,1.7631E+12,1.7631E+12,light,0.8,80,0,0,2,0,0,0,,,,,,,,
g2_rain_fade,RAIN_FADE,14,,300,2,88,ok,,,1,57.375333,2014,5,10.536,0.12,12.099,12.227167,888,708,418,2014,2,2,1,5,1.7631E+12,1.7631E+12,light,0.8,80,0,0,2,0,0,0,,,,,,,,
g2_rain_fade,RAIN_FADE,14,,300,2,89,ok,,,1,55.744625,2017,5,11.866,0.096,10.751,10.728583,889,709,419,2017,2,2,1,5,1.7631E+12,1.7631E+12,light,0.8,80,0,0,2,0,0,0,,,,,,,,
g2_rain_fade,RAIN_FADE,14,,300,2,90,ok,,,1,54.754709,1996,5,11.147,0.125,10.975,10.977,872,707,417,1996,2,2,1,5,1.7631E+12,1.7631E+12,light,0.8,80,0,0,2,0,0,0,,,,,,,,
g2_rain_fade,RAIN_FADE,14,,300,2,91,ok,,,1,55.722209,2005,5,10.557,0.106,10.694,10.661083,883,706,416,2005,2,2,1,5,1.7631E+12,1.7631E+12,light,0.8,80,0,0,2,0,0,0,,,,,,,,
g2_rain_fade,RAIN_FADE,14,,300,2,92,ok,,,1,54.81325,2011,5,10.871,0.113,11.284,11.271334,886,708,417,2011,2,2,1,5,1.7631E+12,1.7631E+12,light,0.8,80,0,0,2,0,0,0,,,,,,,,
g2_rain_fade,RAIN_FADE,14,,300,2,93,ok,,,1,61.583041,2014,5,11.609,0.117,11.06,11.02670901,887,708,419,2014,2,2,1,5,1.7631E+12,1.7631E+12,light,0.8,80,0,0,2,0,0,0,,,,,,,,
g2_rain_fade,RAIN_FADE,14,,300,2,94,ok,,,1,59.505834,2016,5,10.377,0.103,10.526,10.497875,888,709,419,2016,2,2,1,5,1.7631E+12,1.7631E+12,light,0.8,80,0,0,2,0,0,0,,,,,,,,
g2_rain_fade,RAIN_FADE,14,,300,2,95,ok,,,1,56.06333401,2015,5,10.94,0.082,11.197,11.20350001,888,708,419,2015,2,2,1,5,1.7631E+12,1.7631E+12,light,0.8,80,0,0,2,0,0,0,,,,,,,,
g2_rain_fade,RAIN_FADE,14,,300,2,96,ok,,,1,49.52691701,2014,5,10.411,0.133,10.672,10.65666699,887,708,419,2014,2,2,1,5,1.7631E+12,1.7631E+12,light,0.8,80,0,1,2,0.5,0,0,,,,,,,,
g2_rain_fade,RAIN_FADE,14,,300,2,97,ok,,,1,54.988833,2015,5,10.641,0.106,11.021,11.018416,888,708,419,2015,2,2,1,5,1.7631E+12,1.7631E+12,light,0.8,80,0,2,2,1,0,0,,,,,,,,
g2_rain_fade,RAIN_FADE,14,,300,2,98,ok,,,1,54.103167,2015,5,10.416,0.106,10.738,10.69333401,887,709,419,2015,2,2,1,5,1.7631E+12,1.7631E+12,light,0.8,80,0,2,2,1,0,0,,,,,,,,
g2_rain_fade,RAIN_FADE,14,,300,2,99,ok,,,1,53.176666,2015,5,10.759,0.12,10.979,10.97991699,888,708,419,2015,2,2,1,5,1.7631E+12,1.7631E+12,light,0.8,80,0,0,2,0,0,0,,,,,,,,
g2_rain_fade,RAIN_FADE,14,,300,2,100,ok,,,1,53.9,2017,5,10.536,0.118,11.608,11.59625001,889,709,419,2017,2,2,1,5,1.7631E+12,1.7631E+12,light,0.8,80,0,0,2,0,0,0,,,,,,,,
g2_rain_fade,RAIN_FADE,14,,300,2,101,ok,,,1,55.95816601,2015,5,10.441,0.116,11.325,11.326417,888,709,418,2015,2,2,1,5,1.7631E+12,1.7631E+12,light,0.8,80,0,0,2,0,0,0,,,,,,,,
g2_rain_fade,RAIN_FADE,14,,300,2,102,ok,,,1,58.669167,2017,5,10.875,0.143,11.154,11.119459,889,709,419,2017,2,2,1,5,1.7631E+12,1.7631E+12,light,0.8,80,0,0,2,0,0,0,,,,,,,,
g2_rain_fade,RAIN_FADE,14,,300,2,103,ok,,,1,53.920667,2015,5,10.443,0.094,11.147,11.150292,888,708,419,2015,2,2,1,5,1.7631E+12,1.7631E+12,light,0.8,80,0,0,2,0,0,0,,,,,,,,
g2_rain_fade,RAIN_FADE,14,,300,2,104,ok,,,1,57.612584,2017,5,12.083,0.095,10.828,10.814708,889,709,419,2017,2,2,1,5,1.7631E+12,1.7631E+12,light,0.8,80,0,0,2,0,0,0,,,,,,,,
g2_rain_fade,RAIN_FADE,14,,300,2,105,ok,,,1,53.12725,2009,5,10.982,0.134,10.629,10.604916,886,706,417,2009,2,2,1,5,1.7631E+12,1.7631E+12,light,0.8,80,0,0,2,0,0,0,,,,,,,,
g2_rain_fade,RAIN_FADE,14,,300,2,106,ok,,,1,56.903167,2017,5,10.87,0.124,11.246,11.22,889,709,419,2017,2,2,1,5,1.7631E+12,1.7631E+12,light,0.8,80,0,0,2,0,0,0,,,,,,,,
g2_rain_fade,RAIN_FADE,14,,300,2,107,ok,,,1,55.7955,2017,5,11.413,0.108,10.391,10.362792,889,709,419,2017,2,2,1,5,1.7631E+12,1.7631E+12,light,0.8,80,0,0,2,0,0,0,,,,,,,,
g2_rain_fade,RAIN_FADE,14,,300,2,108,ok,,,1,51.632792,2012,5,10.625,0.113,11.553,11.549458,887,707,418,2012,2,2,1,5,1.7631E+12,1.7631E+12,light,0.8,80,0,1,2,0.5,0,0,,,,,,,,
g2_rain_fade,RAIN_FADE,14,,300,2,109,ok,,,1,54.064625,2017,5,11.934,0.122,11.056,11.068792,889,709,419,2017,2,2,1,5,1.7631E+12,1.7631E+12,light,0.8,80,0,0,2,0,0,0,,,,,,,,
g2_rain_fade,RAIN_FADE,14,,300,2,110,ok,,,1,61.314709,2014,5,12.725,0.122,11.443,11.428376,888,708,418,2014,2,2,1,5,1.7631E+12,1.7631E+12,light,0.8,80,0,0,2,0,0,0,,,,,,,,
g2_rain_fade,RAIN_FADE,14,,300,2,111,ok,,,2,55.366084,2009,5,10.532,0.1,12.179,12.2355,885,707,417,2009,2,2,1,5,1.7631E+12,1.7631E+12,light,0.8,80,0,1,4,0.25,0,0,,,,,,,,
g2_rain_fade,RAIN_FADE,14,,300,2,112,ok,,,1,58.39775,2015,5,13.336,0.128,11.462,11.519209,888,708,419,2015,2,2,1,5,1.7631E+12,1.7631E+12,light,0.8,80,0,0,2,0,0,0,,,,,,,,
g2_rain_fade,RAIN_FADE,14,,300,2,113,ok,,,1,57.37087499,2014,5,12.158,0.115,10.616,10.600792,887,709,418,2014,2,2,1,5,1.7631E+12,1.7631E+12,light,0.8,80,0,0,2,0,0,0,,,,,,,,
g2_rain_fade,RAIN_FADE,14,,300,2,114,ok,,,1,54.238458,2017,5,10.687,0.122,11.211,11.194333,889,709,419,2017,2,2,1,5,1.7631E+12,1.7631E+12,light,0.8,80,0,0,2,0,0,0,,,,,,,,
g2_rain_fade,RAIN_FADE,14,,300,2,115,ok,,,1,53.47799999,2015,5,10.74,0.089,10.617,10.591208,888,709,418,2015,2,2,1,5,1.7631E+12,1.7631E+12,light,0.8,80,0,0,2,0,0,0,,,,,,,,
g2_rain_fade,RAIN_FADE,14,,300,2,116,ok,,,1,49.502417,2017,5,10.465,0.12,11.287,11.258042,889,709,419,2017,2,2,1,5,1.7631E+12,1.7631E+12,light,0.8,80,0,2,2,1,0,0,,,,,,,,
g2_rain_fade,RAIN_FADE,14,,300,2,117,ok,,,1,57.402042,2013,5,12.125,0.121,11.607,11.615375,887,708,418,2013,2,2,1,5,1.7631E+12,1.7631E+12,light,0.8,80,0,0,2,0,0,0,,,,,,,,
g2_rain_fade,RAIN_FADE,14,,300,2,118,ok,,,1,55.69920799,2017,5,11.245,0.12,10.936,10.887959,889,709,419,2017,2,2,1,5,1.7631E+12,1.7631E+12,light,0.8,80,0,0,2,0,0,0,,,,,,,,
g2_rain_fade,RAIN_FADE,14,,300,2,119,ok,,,1,58.693208,2015,5,10.686,0.126,11.521,11.500041,888,708,419,2015,2,2,1,5,1.7631E+12,1.7631E+12,light,0.8,80,0,0,2,0,0,0,,,,,,,,
g2_rain_fade,RAIN_FADE,14,,300,2,120,ok,,,1,59.489333,2014,5,11.121,0.15,11.673,11.665792,887,708,419,2014,2,2,1,5,1.7631E+12,1.7631E+12,light,0.8,80,0,1,2,0.5,0,0,,,,,,,,
g2_rain_fade,RAIN_FADE,14,,300,2,121,ok,,,1,59.846792,2015,5,10.324,0.115,11.241,11.158,888,709,418,2015,2,2,1,5,1.7631E+12,1.7631E+12,light,0.8,80,0,0,2,0,0,0,,,,,,,,
g2_rain_fade,RAIN_FADE,14,,300,2,122,ok,,,1,60.660417,2011,5,10.879,0.135,10.834,10.885292,886,707,418,2011,2,2,1,5,1.7631E+12,1.7631E+12,light,0.8,80,0,0,2,0,0,0,,,,,,,,
g2_rain_fade,RAIN_FADE,14,,300,2,123,ok,,,1,58.272,2011,5,11.84,0.099,10.658,10.65591699,886,707,418,2011,2,2,1,5,1.7631E+12,1.7631E+12,light,0.8,80,0,0,2,0,0,0,,,,,,,,
g2_rain_fade,RAIN_FADE,14,,300,2,124,ok,,,1,55.72575,2013,5,11.221,0.122,11.379,11.361375,887,708,418,2013,2,2,1,5,1.7631E+12,1.7631E+12,light,0.8,80,0,0,2,0,0,0,,,,,,,,
g2_rain_fade,RAIN_FADE,14,,300,2,125,ok,,,1,59.475542,2014,5,10.546,0.097,11.487,11.467417,887,708,419,2014,2,2,1,5,1.7631E+12,1.7631E+12,light,0.8,80,0,0,2,0,0,0,,,,,,,,
g2_rain_fade,RAIN_FADE,14,,300,2,126,ok,,,1,54.834625,2017,5,11.012,0.109,11.139,11.1275,889,709,419,2017,2,2,1,5,1.7631E+12,1.7631E+12,light,0.8,80,0,0,2,0,0,0,,,,,,,,
g2_rain_fade,RAIN_FADE,14,,300,2,127,ok,,,1,59.445042,2017,5,10.206,0.104,14.357,14.300375,889,709,419,2017,2,2,1,5,1.7631E+12,1.7631E+12,light,0.8,80,0,0,2,0,0,0,,,,,,,,
g2_rain_fade,RAIN_FADE,14,,300,2,128,ok,,,1,53.92904099,2017,5,10.547,0.102,11.487,11.504208,889,709,419,2017,2,2,1,5,1.7631E+12,1.7631E+12,light,0.8,80,0,1,2,0.5,0,0,,,,,,,,
g2_rain_fade,RAIN_FADE,14,,300,2,129,ok,,,1,55.55016601,2015,5,10.458,0.115,11.293,11.279209,888,709,418,2015,2,2,1,5,1.7631E+12,1.7631E+12,light,0.8,80,0,0,2,0,0,0,,,,,,,,
g2_rain_fade,RAIN_FADE,14,,300,2,130,ok,,,1,55.893042,2012,5,10.9,0.093,10.811,10.808958,887,707,418,2012,2,2,1,5,1.7631E+12,1.7631E+12,light,0.8,80,0,0,2,0,0,0,,,,,,,,
g2_rain_fade,RAIN_FADE,14,,300,2,131,ok,,,1,57.801791,2017,5,10.462,0.12,11.387,11.353625,889,709,419,2017,2,2,1,5,1.7631E+12,1.7631E+12,light,0.8,80,0,0,2,0,0,0,,,,,,,,
g2_rain_fade,RAIN_FADE,14,,300,2,132,ok,,,1,63.6925,2011,5,11.498,0.123,10.938,10.913833,886,707,418,2011,2,2,1,5,1.7631E+12,1.7631E+12,light,0.8,80,0,1,2,0.5,0,0,,,,,,,,
g2_rain_fade,RAIN_FADE,14,,300,2,133,ok,,,1,53.023208,2017,5,10.734,0.082,10.957,10.980667,889,709,419,2017,2,2,1,5,1.7631E+12,1.7631E+12,light,0.8,80,0,0,2,0,0,0,,,,,,,,
g2_rain_fade,RAIN_FADE,14,,300,2,134,ok,,,1,61.221,2008,5,11.506,0.141,11.457,11.439958,885,707,416,2008,2,2,1,5,1.7631E+12,1.7631E+12,light,0.8,80,0,0,2,0,0,0,,,,,,,,
g2_rain_fade,RAIN_FADE,14,,300,2,135,ok,,,1,58.31625,2017,5,10.486,0.128,10.608,10.585084,889,709,419,2017,2,2,1,5,1.7631E+12,1.7631E+12,light,0.8,80,0,0,2,0,0,0,,,,,,,,
g2_rain_fade,RAIN_FADE,14,,300,2,136,ok,,,1,55.435834,2011,5,10.434,0.083,10.882,10.8975,886,708,417,2011,2,2,1,5,1.7631E+12,1.7631E+12,light,0.8,80,0,0,2,0,0,0,,,,,,,,
g2_rain_fade,RAIN_FADE,14,,300,2,137,ok,,,1,52.110834,2017,5,10.489,0.11,11.181,11.175125,889,709,419,2017,2,2,1,5,1.7631E+12,1.7631E+12,light,0.8,80,0,1,2,0.5,0,0,,,,,,,,
g2_rain_fade,RAIN_FADE,14,,300,2,138,ok,,,1,53.291167,2009,5,10.445,0.124,11.234,11.2505,885,707,417,2009,2,2,1,5,1.7631E+12,1.7631E+12,light,0.8,80,0,0,2,0,0,0,,,,,,,,
g2_rain_fade,RAIN_FADE,14,,300,2,139,ok,,,1,56.389417,2014,5,10.408,0.114,11.255,11.222208,888,708,418,2014,2,2,1,5,1.7631E+12,1.7631E+12,light,0.8,80,0,0,2,0,0,0,,,,,,,,
g2_rain_fade,RAIN_FADE,14,,300,2,140,ok,,,1,57.991709,2015,5,10.594,0.108,11.069,11.06575,888,709,418,2015,2,2,1,5,1.7631E+12,1.7631E+12,light,0.8,80,0,0,2,0,0,0,,,,,,,,
g2_rain_fade,RAIN_FADE,14,,300,2,141,ok,,,1,59.084375,2017,5,10.436,0.135,11.572,11.562875,889,709,419,2017,2,2,1,5,1.7631E+12,1.7631E+12,light,0.8,80,0,0,2,0,0,0,,,,,,,,
g2_rain_fade,RAIN_FADE,14,,300,2,142,ok,,,1,60.545167,2015,5,10.566,0.093,10.548,10.526084,888,708,419,2015,2,2,1,5,1.7631E+12,1.7631E+12,light,0.8,80,0,2,2,1,0,0,,,,,,,,
g2_rain_fade,RAIN_FADE,14,,300,2,143,ok,,,1,55.235417,2013,5,12.86,0.183,11.167,11.149917,887,708,418,2013,2,2,1,5,1.7631E+12,1.7631E+12,light,0.8,80,0,1,2,0.5,0,0,,,,,,,,
g2_rain_fade,RAIN_FADE,14,,300,2,144,ok,,,1,55.55441701,2011,5,10.487,0.11,10.59,10.58095899,886,707,418,2011,2,2,1,5,1.7631E+12,1.7631E+12,light,0.8,80,0,0,2,0,0,0,,,,,,,,
g2_rain_fade,RAIN_FADE,14,,300,2,145,ok,,,1,60.135375,2014,5,12.845,0.129,10.638,10.61004199,888,708,418,2014,2,2,1,5,1.7631E+12,1.7631E+12,light,0.8,80,0,0,2,0,0,0,,,,,,,,
g2_rain_fade,RAIN_FADE,14,,300,2,146,ok,,,1,54.950167,2012,5,11.196,0.113,10.836,10.82975,886,708,418,2012,2,2,1,5,1.7631E+12,1.7631E+12,light,0.8,80,0,0,2,0,0,0,,,,,,,,
g2_rain_fade,RAIN_FADE,14,,300,2,147,ok,,,1,56.334083,2017,5,11.103,0.117,11.642,11.655666,889,709,419,2017,2,2,1,5,1.7631E+12,1.7631E+12,light,0.8,80,0,0,2,0,0,0,,,,,,,,
g2_rain_fade,RAIN_FADE,14,,300,2,148,ok,,,1,57.214416,2015,5,12.528,0.128,15.248,15.235875,888,708,419,2015,2,2,1,5,1.7631E+12,1.7631E+12,light,0.8,80,0,0,2,0,0,0,,,,,,,,
g2_rain_fade,RAIN_FADE,14,,300,2,149,ok,,,1,54.51333299,2009,5,11.581,0.126,11.196,11.220875,885,707,417,2009,2,2,1,5,1.7631E+12,1.7631E+12,light,0.8,80,0,0,2,0,0,0,,,,,,,,
g2_rain_fade,RAIN_FADE,14,,300,2,150,ok,,,1,57.986792,2017,5,11.211,0.118,10.918,10.892334,889,709,419,2017,2,2,1,5,1.7631E+12,1.7631E+12,light,0.8,80,0,0,2,0,0,0,,,,,,,,
g2_rain_fade,RAIN_FADE,14,,300,2,151,ok,,,1,50.908125,2015,5,10.355,0.142,11.452,11.429083,888,708,419,2015,2,2,1,5,1.7631E+12,1.7631E+12,light,0.8,80,0,0,2,0,0,0,,,,,,,,
g2_rain_fade,RAIN_FADE,14,,300,2,152,ok,,,1,65.112375,2017,5,11.026,0.141,14.665,14.608917,889,709,419,2017,2,2,1,5,1.7631E+12,1.7631E+12,light,0.8,80,0,2,2,1,0,0,,,,,,,,
g2_rain_fade,RAIN_FADE,14,,300,2,153,ok,,,1,58.255333,2012,5,11.614,0.117,10.535,10.51225,887,707,418,2012,2,2,1,5,1.7631E+12,1.7631E+12,light,0.8,80,0,0,2,0,0,0,,,,,,,,
g2_rain_fade,RAIN_FADE,14,,300,2,154,ok,,,1,52.997375,2016,5,10.396,0.104,11.328,11.359041,888,709,419,2016,2,2,1,5,1.7631E+12,1.7631E+12,light,0.8,80,0,1,2,0.5,0,0,,,,,,,,
g2_rain_fade,RAIN_FADE,14,,300,2,155,ok,,,1,57.506417,2013,5,11.288,0.106,10.659,10.628458,886,709,418,2013,2,2,1,5,1.7631E+12,1.7631E+12,light,0.8,80,0,0,2,0,0,0,,,,,,,,
g2_rain_fade,RAIN_FADE,14,,300,2,156,ok,,,1,60.479958,2012,5,11.036,0.086,10.587,10.546584,887,707,418,2012,2,2,1,5,1.7631E+12,1.7631E+12,light,0.8,80,0,0,2,0,0,0,,,,,,,,
g2_rain_fade,RAIN_FADE,14,,300,2,157,ok,,,1,54.108958,2017,5,11.508,0.102,10.464,10.444667,889,709,419,2017,2,2,1,5,1.7631E+12,1.7631E+12,light,0.8,80,0,1,2,0.5,0,0,,,,,,,,
g2_rain_fade,RAIN_FADE,14,,300,2,158,ok,,,1,56.069209,2012,5,10.486,0.102,11.406,11.402375,887,708,417,2012,2,2,1,5,1.7631E+12,1.7631E+12,light,0.8,80,0,0,2,0,0,0,,,,,,,,
g2_rain_fade,RAIN_FADE,14,,300,2,159,ok,,,1,55.177542,2010,5,11.727,0.118,11.348,11.328583,886,706,418,2010,2,2,1,5,1.7631E+12,1.7631E+12,light,0.8,80,0,0,2,0,0,0,,,,,,,,
g2_rain_fade,RAIN_FADE,14,,300,2,160,ok,,,1,62.99925,2010,5,10.637,0.092,11.546,11.573834,886,706,418,2010,2,2,1,5,1.7631E+12,1.7631E+12,light,0.8,80,0,0,2,0,0,0,,,,,,,,
g2_rain_fade,RAIN_FADE,14,,300,2,161,ok,,,1,57.414334,2012,5,10.481,0.133,11.515,11.500916,887,708,417,2012,2,2,1,5,1.7631E+12,1.7631E+12,light,0.8,80,0,1,2,0.5,0,0,,,,,,,,
g2_rain_fade,RAIN_FADE,14,,300,2,162,ok,,,1,57.001417,2015,5,11.867,0.087,10.821,10.80175,888,708,419,2015,2,2,1,5,1.7631E+12,1.7631E+12,light,0.8,80,0,0,2,0,0,0,,,,,,,,
g2_rain_fade,RAIN_FADE,14,,300,2,163,ok,,,1,57.124958,2014,5,12.055,0.098,11.024,11.034084,888,708,418,2014,2,2,1,5,1.7631E+12,1.7631E+12,light,0.8,80,0,0,2,0,0,0,,,,,,,,
g2_rain_fade,RAIN_FADE,14,,300,2,164,ok,,,1,59.180042,2017,5,10.511,0.115,10.45,10.428958,889,709,419,2017,2,2,1,5,1.7631E+12,1.7631E+12,light,0.8,80,0,0,2,0,0,0,,,,,,,,
g2_rain_fade,RAIN_FADE,14,,300,2,165,ok,,,1,53.30079199,2014,5,10.687,0.115,11.047,11.050541,888,708,418,2014,2,2,1,5,1.7631E+12,1.7631E+12,light,0.8,80,0,0,2,0,0,0,,,,,,,,
g2_rain_fade,RAIN_FADE,14,,300,2,166,ok,,,1,55.099084,2013,5,11.146,0.126,11.342,11.340875,887,708,418,2013,2,2,1,5,1.7631E+12,1.7631E+12,light,0.8,80,0,0,2,0,0,0,,,,,,,,
g2_rain_fade,RAIN_FADE,14,,300,2,167,ok,,,1,57.362416,2012,5,10.303,0.087,11.363,11.355167,887,707,418,2012,2,2,1,5,1.7631E+12,1.7631E+12,light,0.8,80,0,0,2,0,0,0,,,,,,,,
g2_rain_fade,RAIN_FADE,14,,300,2,168,ok,,,1,58.038542,2015,5,10.308,0.101,10.434,10.410083,888,709,418,2015,2,2,1,5,1.7631E+12,1.7631E+12,light,0.8,80,0,0,2,0,0,0,,,,,,,,
g2_rain_fade,RAIN_FADE,14,,300,2,169,ok,,,1,55.648209,2015,5,10.799,0.103,11.333,11.338625,888,709,418,2015,2,2,1,5,1.7631E+12,1.7631E+12,light,0.8,80,0,0,2,0,0,0,,,,,,,,
g2_rain_fade,RAIN_FADE,14,,300,2,170,ok,,,1,49.068958,2017,5,10.428,0.116,11.171,11.154125,889,709,419,2017,2,2,1,5,1.7631E+12,1.7631E+12,light,0.8,80,0,2,2,1,0,0,,,,,,,,
g2_rain_fade,RAIN_FADE,14,,300,2,171,ok,,,1,53.857417,2012,5,10.494,0.089,10.955,10.972125,887,707,418,2012,2,2,1,5,1.7631E+12,1.7631E+12,light,0.8,80,0,0,2,0,0,0,,,,,,,,
g2_rain_fade,RAIN_FADE,14,,300,2,172,ok,,,1,59.087625,2015,5,11.632,0.127,11.268,11.228042,888,708,419,2015,2,2,1,5,1.7631E+12,1.7631E+12,light,0.8,80,0,0,2,0,0,0,,,,,,,,
g2_rain_fade,RAIN_FADE,14,,300,2,173,ok,,,1,57.330208,2015,5,10.474,0.115,11.224,11.216417,888,708,419,2015,2,2,1,5,1.7631E+12,1.7631E+12,light,0.8,80,0,0,2,0,0,0,,,,,,,,
g2_rain_fade,RAIN_FADE,14,,300,2,174,ok,,,1,55.585625,2013,5,10.589,0.124,11.771,11.780042,887,708,418,2013,2,2,1,5,1.7631E+12,1.7631E+12,light,0.8,80,0,0,2,0,0,0,,,,,,,,
g2_rain_fade,RAIN_FADE,14,,300,2,175,ok,,,1,59.49750001,2017,5,12.895,0.096,10.533,10.511125,889,709,419,2017,2,2,1,5,1.7631E+12,1.7631E+12,light,0.8,80,0,0,2,0,0,0,,,,,,,,
g2_rain_fade,RAIN_FADE,14,,300,2,176,ok,,,1,72.89408299,2010,5,24.92,0.165,11.329,11.328167,886,707,417,2010,2,2,1,5,1.7631E+12,1.7631E+12,light,0.8,80,0,2,2,1,0,0,,,,,,,,
g2_rain_fade,RAIN_FADE,14,,300,2,177,ok,,,1,58.833,2017,5,10.738,0.114,10.943,10.907709,889,709,419,2017,2,2,1,5,1.7631E+12,1.7631E+12,light,0.8,80,0,0,2,0,0,0,,,,,,,,
g2_rain_fade,RAIN_FADE,14,,300,2,178,ok,,,1,56.024209,2014,5,10.948,0.111,10.806,10.811042,888,708,418,2014,2,2,1,5,1.7631E+12,1.7631E+12,light,0.8,80,0,1,2,0.5,0,0,,,,,,,,
g2_rain_fade,RAIN_FADE,14,,300,2,179,ok,,,1,58.49062499,2015,5,10.628,0.106,11.26,11.243584,888,708,419,2015,2,2,1,5,1.7631E+12,1.7631E+12,light,0.8,80,0,0,2,0,0,0,,,,,,,,
g2_rain_fade,RAIN_FADE,14,,300,2,180,ok,,,1,55.845083,2015,5,10.549,0.106,11.451,11.433583,887,709,419,2015,2,2,1,5,1.7631E+12,1.7631E+12,light,0.8,80,0,0,2,0,0,0,,,,,,,,
g2_rain_fade,RAIN_FADE,14,,300,2,181,ok,,,1,52.917292,2014,5,10.396,0.077,10.646,10.632875,888,708,418,2014,2,2,1,5,1.7631E+12,1.7631E+12,light,0.8,80,0,1,2,0.5,0,0,,,,,,,,
g2_rain_fade,RAIN_FADE,14,,300,2,182,ok,,,1,57.354833,2015,5,11.546,0.114,11.383,11.363125,888,709,418,2015,2,2,1,5,1.7631E+12,1.7631E+12,light,0.8,80,0,0,2,0,0,0,,,,,,,,
g2_rain_fade,RAIN_FADE,14,,300,2,183,ok,,,1,54.133834,2016,5,10.934,0.131,11.556,11.577,888,709,419,2016,2,2,1,5,1.7631E+12,1.7631E+12,light,0.8,80,0,0,2,0,0,0,,,,,,,,
g2_rain_fade,RAIN_FADE,14,,300,2,184,ok,,,1,59.364542,2014,5,11.661,0.097,11.497,11.502375,888,708,418,2014,2,2,1,5,1.7631E+12,1.7631E+12,light,0.8,80,0,0,2,0,0,0,,,,,,,,
g2_rain_fade,RAIN_FADE,14,,300,2,185,ok,,,1,58.992667,2017,5,12.09,0.118,11.401,11.375208,889,709,419,2017,2,2,1,5,1.7631E+12,1.7631E+12,light,0.8,80,0,0,2,0,0,0,,,,,,,,
g2_rain_fade,RAIN_FADE,14,,300,2,186,ok,,,1,57.398208,2012,5,10.845,0.099,11.084,11.086542,887,707,418,2012,2,2,1,5,1.7631E+12,1.7631E+12,light,0.8,80,0,1,2,0.5,0,0,,,,,,,,
g2_rain_fade,RAIN_FADE,14,,300,2,187,ok,,,1,56.24520899,2012,5,13.02,0.106,11.204,11.220459,887,708,417,2012,2,2,1,5,1.7631E+12,1.7631E+12,light,0.8,80,0,0,2,0,0,0,,,,,,,,
g2_rain_fade,RAIN_FADE,14,,300,2,188,ok,,,1,59.052042,2016,5,10.4,0.131,10.6,10.5715,888,709,419,2016,2,2,1,5,1.7631E+12,1.7631E+12,light,0.8,80,0,0,2,0,0,0,,,,,,,,
g2_rain_fade,RAIN_FADE,14,,300,2,189,ok,,,1,59.917167,2008,5,12.385,0.123,11.017,11.021458,885,707,416,2008,2,2,1,5,1.7631E+12,1.7631E+12,light,0.8,80,0,0,2,0,0,0,,,,,,,,
g2_rain_fade,RAIN_FADE,14,,300,2,190,ok,,,2,57.059291,2012,5,11.573,0.119,10.892,10.908292,886,708,418,2012,2,2,1,5,1.7631E+12,1.7631E+12,light,0.8,80,0,2,4,0.5,0,0,,,,,,,,
g2_rain_fade,RAIN_FADE,14,,300,2,191,ok,,,1,57.44216601,2017,5,12.973,0.101,10.862,10.864709,889,709,419,2017,2,2,1,5,1.7631E+12,1.7631E+12,light,0.8,80,0,1,2,0.5,0,0,,,,,,,,
g2_rain_fade,RAIN_FADE,14,,300,2,192,ok,,,1,56.731834,2013,5,10.256,0.082,10.516,10.488667,887,709,417,2013,2,2,1,5,1.7631E+12,1.7631E+12,light,0.8,80,0,0,2,0,0,0,,,,,,,,
g2_rain_fade,RAIN_FADE,14,,300,2,193,ok,,,1,57.881292,2015,5,10.328,0.117,10.69,10.6675,888,709,418,2015,2,2,1,5,1.7631E+12,1.7631E+12,light,0.8,80,0,0,2,0,0,0,,,,,,,,
g2_rain_fade,RAIN_FADE,14,,300,2,194,ok,,,1,59.54225,2014,5,11.562,0.108,11.802,11.954875,888,708,418,2014,2,2,1,5,1.7631E+12,1.7631E+12,light,0.8,80,0,0,2,0,0,0,,,,,,,,
g2_rain_fade,RAIN_FADE,14,,300,2,195,ok,,,1,53.195791,2017,5,11.519,0.119,11.018,10.990541,889,709,419,2017,2,2,1,5,1.7631E+12,1.7631E+12,light,0.8,80,0,2,2,1,0,0,,,,,,,,
g2_rain_fade,RAIN_FADE,14,,300,2,196,ok,,,1,53.960292,2014,5,10.895,0.111,11.637,11.719792,888,708,418,2014,2,2,1,5,1.7631E+12,1.7631E+12,light,0.8,80,0,0,2,0,0,0,,,,,,,,
g2_rain_fade,RAIN_FADE,14,,300,2,197,ok,,,1,56.973875,2017,5,10.388,0.155,12.666,12.653125,889,709,419,2017,2,2,1,5,1.7631E+12,1.7631E+12,light,0.8,80,0,0,2,0,0,0,,,,,,,,
g2_rain_fade,RAIN_FADE,14,,300,2,198,ok,,,1,57.75304201,2011,5,12.327,0.102,11.44,11.445875,886,709,416,2011,2,2,1,5,1.7631E+12,1.7631E+12,light,0.8,80,0,0,2,0,0,0,,,,,,,,
g2_rain_fade,RAIN_FADE,14,,300,2,199,ok,,,1,54.131041,2014,5,11.044,0.103,10.823,10.802708,887,708,419,2014,2,2,1,5,1.7631E+12,1.7631E+12,light,0.8,80,0,0,2,0,0,0,,,,,,,,
g2_rain_fade,RAIN_FADE,14,,300,2,200,ok,,,1,56.621208,2010,5,10.292,0.095,10.726,10.697209,886,707,417,2010,2,2,1,5,1.7631E+12,1.7631E+12,light,0.8,80,0,0,2,0,0,0,,,,,,,,
g2_rain_fade,RAIN_FADE,14,,300,2,201,ok,,,1,52.666791,2014,5,10.684,0.113,10.572,10.600166,888,708,418,2014,2,2,1,5,1.7631E+12,1.7631E+12,light,0.8,80,0,0,2,0,0,0,,,,,,,,
g2_rain_fade,RAIN_FADE,14,,300,2,202,ok,,,1,54.646458,2017,5,10.464,0.114,10.736,10.721084,889,709,419,2017,2,2,1,5,1.7631E+12,1.7631E+12,light,0.8,80,0,0,2,0,0,0,,,,,,,,
g2_rain_fade,RAIN_FADE,14,,300,2,203,ok,,,1,56.097834,2008,5,10.311,0.099,10.559,10.529667,885,707,416,2008,2,2,1,5,1.7631E+12,1.7631E+12,light,0.8,80,0,0,2,0,0,0,,,,,,,,
g2_rain_fade,RAIN_FADE,14,,300,2,204,ok,,,1,60.50083299,2017,5,12.457,0.114,11.94,11.992458,889,709,419,2017,2,2,1,5,1.7631E+12,1.7631E+12,light,0.8,80,0,0,2,0,0,0,,,,,,,,
g2_rain_fade,RAIN_FADE,14,,300,2,205,ok,,,1,52.998417,2012,5,10.733,0.136,12.688,12.766833,887,707,418,2012,2,2,1,5,1.7631E+12,1.7631E+12,light,0.8,80,0,0,2,0,0,0,,,,,,,,
g2_rain_fade,RAIN_FADE,14,,300,2,206,ok,,,1,56.072333,2012,5,10.547,0.124,11.693,11.66741701,887,707,418,2012,2,2,1,5,1.7631E+12,1.7631E+12,light,0.8,80,0,0,2,0,0,0,,,,,,,,
g2_rain_fade,RAIN_FADE,14,,300,2,207,ok,,,1,54.55437599,2014,5,10.793,0.097,10.771,10.754833,888,708,418,2014,2,2,1,5,1.7631E+12,1.7631E+12,light,0.8,80,0,0,2,0,0,0,,,,,,,,
g2_rain_fade,RAIN_FADE,14,,300,2,208,ok,,,1,55.456167,2017,5,10.425,0.126,11.337,11.330667,889,709,419,2017,2,2,1,5,1.7631E+12,1.7631E+12,light,0.8,80,0,0,2,0,0,0,,,,,,,,
g2_rain_fade,RAIN_FADE,14,,300,2,209,ok,,,1,58.417125,2015,5,10.203,0.089,10.338,10.319541,888,708,419,2015,2,2,1,5,1.7631E+12,1.7631E+12,light,0.8,80,0,0,2,0,0,0,,,,,,,,
g2_rain_fade,RAIN_FADE,14,,300,2,210,ok,,,1,56.523834,2012,5,11.975,0.116,10.618,10.587667,887,707,418,2012,2,2,1,5,1.7631E+12,1.7631E+12,light,0.8,80,0,0,2,0,0,0,,,,,,,,
g2_rain_fade,RAIN_FADE,14,,300,2,211,ok,,,1,56.742417,2014,5,10.616,0.083,10.971,10.987375,888,708,418,2014,2,2,1,5,1.7631E+12,1.7631E+12,light,0.8,80,0,0,2,0,0,0,,,,,,,,
g2_rain_fade,RAIN_FADE,14,,300,2,212,ok,,,1,59.729042,2013,5,10.85,0.098,11.37,11.387709,887,708,418,2013,2,2,1,5,1.7631E+12,1.7631E+12,light,0.8,80,0,0,2,0,0,0,,,,,,,,
g2_rain_fade,RAIN_FADE,14,,300,2,213,ok,,,1,56.612334,2012,5,11.562,0.085,10.641,10.618708,887,708,417,2012,2,2,1,5,1.7631E+12,1.7631E+12,light,0.8,80,0,0,2,0,0,0,,,,,,,,
g2_rain_fade,RAIN_FADE,14,,300,2,214,ok,,,2,62.607625,2015,5,12.932,0.099,11.493,11.487125,888,708,419,2015,2,2,1,5,1.7631E+12,1.7631E+12,light,0.8,80,0,1,4,0.25,0,0,,,,,,,,
g2_rain_fade,RAIN_FADE,14,,300,2,215,ok,,,1,60.23825,2017,5,10.786,0.116,10.569,10.553583,889,709,419,2017,2,2,1,5,1.7631E+12,1.7631E+12,light,0.8,80,0,0,2,0,0,0,,,,,,,,
g2_rain_fade,RAIN_FADE,14,,300,2,216,ok,,,1,57.01975,2012,5,11.633,0.087,11.449,11.478959,887,708,417,2012,2,2,1,5,1.7631E+12,1.7631E+12,light,0.8,80,0,0,2,0,0,0,,,,,,,,
g2_rain_fade,RAIN_FADE,14,,300,2,217,ok,,,1,62.346,2016,5,13.165,0.097,11.401,11.694875,888,709,419,2016,2,2,1,5,1.7631E+12,1.7631E+12,light,0.8,80,0,1,2,0.5,0,0,,,,,,,,
g2_rain_fade,RAIN_FADE,14,,300,2,218,ok,,,1,59.370625,2017,5,11.837,0.115,11.408,11.384166,889,709,419,2017,2,2,1,5,1.7631E+12,1.7631E+12,light,0.8,80,0,1,2,0.5,0,0,,,,,,,,
g2_rain_fade,RAIN_FADE,14,,300,2,219,ok,,,1,57.001792,2012,5,10.507,0.117,12.307,12.316125,887,708,417,2012,2,2,1,5,1.7631E+12,1.7631E+12,light,0.8,80,0,1,2,0.5,0,0,,,,,,,,
g2_rain_fade,RAIN_FADE,14,,300,2,220,ok,,,1,62.188625,2011,5,12.373,0.143,11.456,11.440125,886,707,418,2011,2,2,1,5,1.7631E+12,1.7631E+12,light,0.8,80,0,0,2,0,0,0,,,,,,,,
g2_rain_fade,RAIN_FADE,14,,300,2,221,ok,,,1,56.418042,2016,5,10.556,0.104,11.53,11.542209,888,709,419,2016,2,2,1,5,1.7631E+12,1.7631E+12,light,0.8,80,0,0,2,0,0,0,,,,,,,,
g2_rain_fade,RAIN_FADE,14,,300,2,222,ok,,,1,58.043417,2014,5,10.259,0.102,11.708,11.703375,888,708,418,2014,2,2,1,5,1.7631E+12,1.7631E+12,light,0.8,80,0,0,2,0,0,0,,,,,,,,
g2_rain_fade,RAIN_FADE,14,,300,2,223,ok,,,1,60.927458,2009,5,12.576,0.137,10.84,10.821041,885,707,417,2009,2,2,1,5,1.7631E+12,1.7631E+12,light,0.8,80,0,0,2,0,0,0,,,,,,,,
g2_rain_fade,RAIN_FADE,14,,300,2,224,ok,,,1,59.06704099,2017,5,11.512,0.11,10.739,10.756917,889,709,419,2017,2,2,1,5,1.7631E+12,1.7631E+12,light,0.8,80,0,0,2,0,0,0,,,,,,,,
g2_rain_fade,RAIN_FADE,14,,300,2,225,ok,,,1,54.37012501,2014,5,11.675,0.157,11.481,11.511667,888,708,418,2014,2,2,1,5,1.7631E+12,1.7631E+12,light,0.8,80,0,0,2,0,0,0,,,,,,,,
g2_rain_fade,RAIN_FADE,14,,300,2,226,ok,,,1,57.007334,2013,5,10.762,0.11,10.703,10.684042,887,708,418,2013,2,2,1,5,1.7631E+12,1.7631E+12,light,0.8,80,0,0,2,0,0,0,,,,,,,,
g2_rain_fade,RAIN_FADE,14,,300,2,227,ok,,,1,61.836333,2017,5,12.787,0.14,11.946,11.981292,889,709,419,2017,2,2,1,5,1.7631E+12,1.7631E+12,light,0.8,80,0,0,2,0,0,0,,,,,,,,
g2_rain_fade,RAIN_FADE,14,,300,2,228,ok,,,1,55.172958,2015,5,10.255,0.189,11.373,11.370083,888,708,419,2015,2,2,1,5,1.7631E+12,1.7631E+12,light,0.8,80,0,0,2,0,0,0,,,,,,,,
g2_rain_fade,RAIN_FADE,14,,300,2,229,ok,,,1,63.490084,2013,5,17.03,0.121,13.169,13.242583,887,709,417,2013,2,2,1,5,1.7631E+12,1.7631E+12,light,0.8,80,0,2,2,1,0,0,,,,,,,,
g2_rain_fade,RAIN_FADE,14,,300,2,230,ok,,,1,57.668208,2011,5,10.966,0.097,11.655,11.6615,886,707,418,2011,2,2,1,5,1.7631E+12,1.7631E+12,light,0.8,80,0,2,2,1,0,0,,,,,,,,
g2_rain_fade,RAIN_FADE,14,,300,2,231,ok,,,1,57.036709,2016,5,11.691,0.126,11.277,11.2465,888,709,419,2016,2,2,1,5,1.7631E+12,1.7631E+12,light,0.8,80,0,0,2,0,0,0,,,,,,,,
g2_rain_fade,RAIN_FADE,14,,300,2,232,ok,,,1,56.613875,2017,5,11.144,0.107,11.903,12.204125,889,709,419,2017,2,2,1,5,1.7631E+12,1.7631E+12,light,0.8,80,0,0,2,0,0,0,,,,,,,,
g2_rain_fade,RAIN_FADE,14,,300,2,233,ok,,,1,56.326625,2012,5,10.827,0.088,11.083,11.085,887,708,417,2012,2,2,1,5,1.7631E+12,1.7631E+12,light,0.8,80,0,0,2,0,0,0,,,,,,,,
g2_rain_fade,RAIN_FADE,14,,300,2,234,ok,,,1,56.773625,2017,5,11.162,0.118,10.604,10.573333,889,709,419,2017,2,2,1,5,1.7631E+12,1.7631E+12,light,0.8,80,0,0,2,0,0,0,,,,,,,,
g2_rain_fade,RAIN_FADE,14,,300,2,235,ok,,,1,56.488792,2015,5,11.407,0.101,11.257,11.261542,888,709,418,2015,2,2,1,5,1.7631E+12,1.7631E+12,light,0.8,80,0,0,2,0,0,0,,,,,,,,
g2_rain_fade,RAIN_FADE,14,,300,2,236,ok,,,1,57.603833,2015,5,10.654,0.116,10.799,10.758916,888,709,418,2015,2,2,1,5,1.7631E+12,1.7631E+12,light,0.8,80,0,0,2,0,0,0,,,,,,,,
g2_rain_fade,RAIN_FADE,14,,300,2,237,ok,,,1,53.78425,2015,5,10.678,0.104,11.369,11.385458,888,709,418,2015,2,2,1,5,1.7631E+12,1.7631E+12,light,0.8,80,0,0,2,0,0,0,,,,,,,,
g2_rain_fade,RAIN_FADE,14,,300,2,238,ok,,,1,60.973333,2013,5,10.479,0.199,11.074,11.049417,887,708,418,2013,2,2,1,5,1.7631E+12,1.7631E+12,light,0.8,80,0,2,2,1,0,0,,,,,,,,
g2_rain_fade,RAIN_FADE,14,,300,2,239,ok,,,1,58.30745801,2011,5,10.734,0.115,11.574,11.558209,886,708,417,2011,2,2,1,5,1.7631E+12,1.7631E+12,light,0.8,80,0,0,2,0,0,0,,,,,,,,
g2_rain_fade,RAIN_FADE,14,,300,2,240,ok,,,1,51.613,2015,5,10.735,0.114,10.68,10.659375,888,709,418,2015,2,2,1,5,1.7631E+12,1.7631E+12,light,0.8,80,0,0,2,0,0,0,,,,,,,,
g2_rain_fade,RAIN_FADE,14,,300,2,241,ok,,,1,55.991416,2014,5,11.54,0.089,11.628,11.676459,888,708,418,2014,2,2,1,5,1.7631E+12,1.7631E+12,light,0.8,80,0,0,2,0,0,0,,,,,,,,
g2_rain_fade,RAIN_FADE,14,,300,2,242,ok,,,1,59.040459,2013,5,11.643,0.101,11.359,11.377542,887,708,418,2013,2,2,1,5,1.7631E+12,1.7631E+12,light,0.8,80,0,2,2,1,0,0,,,,,,,,
g2_rain_fade,RAIN_FADE,14,,300,2,243,ok,,,1,54.665583,2017,5,10.487,0.093,10.504,10.474208,889,709,419,2017,2,2,1,5,1.7631E+12,1.7631E+12,light,0.8,80,0,0,2,0,0,0,,,,,,,,
g2_rain_fade,RAIN_FADE,14,,300,2,244,ok,,,1,54.782625,2014,5,12.075,0.15,10.701,10.657208,887,709,418,2014,2,2,1,5,1.7631E+12,1.7631E+12,light,0.8,80,0,0,2,0,0,0,,,,,,,,
g2_rain_fade,RAIN_FADE,14,,300,2,245,ok,,,1,53.784167,2017,5,10.598,0.132,11.21,11.18470899,889,709,419,2017,2,2,1,5,1.7631E+12,1.7631E+12,light,0.8,80,0,0,2,0,0,0,,,,,,,,
g2_rain_fade,RAIN_FADE,14,,300,2,246,ok,,,1,52.56425,2015,5,12.076,0.126,11.654,11.68787501,888,708,419,2015,2,2,1,5,1.7631E+12,1.7631E+12,light,0.8,80,0,2,4,0.5,0,0,,,,,,,,
g2_rain_fade,RAIN_FADE,14,,300,2,247,ok,,,1,58.5445,2017,5,10.601,0.127,10.828,10.811917,889,709,419,2017,2,2,1,5,1.7631E+12,1.7631E+12,light,0.8,80,0,0,2,0,0,0,,,,,,,,
g2_rain_fade,RAIN_FADE,14,,300,2,248,ok,,,1,59.923916,2013,5,11.996,0.127,10.793,10.76395799,887,708,418,2013,2,2,1,5,1.7631E+12,1.7631E+12,light,0.8,80,0,2,2,1,0,0,,,,,,,,
g2_rain_fade,RAIN_FADE,14,,300,2,249,ok,,,1,59.428375,2017,5,11.238,0.103,11.015,10.984,889,709,419,2017,2,2,1,5,1.7631E+12,1.7631E+12,light,0.8,80,0,0,2,0,0,0,,,,,,,,
g2_rain_fade,RAIN_FADE,14,,300,2,250,ok,,,1,54.72316599,2016,5,10.528,0.1,10.665,10.6385,888,709,419,2016,2,2,1,5,1.7631E+12,1.7631E+12,light,0.8,80,0,0,2,0,0,0,,,,,,,,
g2_rain_fade,RAIN_FADE,14,,300,2,251,ok,,,1,56.93858299,2010,5,11.901,0.134,10.678,10.6685,886,706,418,2010,2,2,1,5,1.7631E+12,1.7631E+12,light,0.8,80,0,0,2,0,0,0,,,,,,,,
g2_rain_fade,RAIN_FADE,14,,300,2,252,ok,,,1,52.632084,2012,5,11.671,0.14,10.692,10.672375,887,708,417,2012,2,2,1,5,1.7631E+12,1.7631E+12,light,0.8,80,0,0,2,0,0,0,,,,,,,,
g2_rain_fade,RAIN_FADE,14,,300,2,253,ok,,,1,55.259625,2012,5,11.037,0.105,11.616,11.675708,887,707,418,2012,2,2,1,5,1.7631E+12,1.7631E+12,light,0.8,80,0,0,2,0,0,0,,,,,,,,
g2_rain_fade,RAIN_FADE,14,,300,2,254,ok,,,1,55.579583,2014,5,10.347,0.115,11.052,11.054292,888,708,418,2014,2,2,1,5,1.7631E+12,1.7631E+12,light,0.8,80,0,0,2,0,0,0,,,,,,,,
g2_rain_fade,RAIN_FADE,14,,300,2,255,ok,,,1,56.95862501,2015,5,12.858,0.114,11.118,11.092667,888,708,419,2015,2,2,1,5,1.7631E+12,1.7631E+12,light,0.8,80,0,0,2,0,0,0,,,,,,,,
g2_rain_fade,RAIN_FADE,14,,300,2,256,ok,,,1,54.347417,2013,5,11.429,0.115,11.001,10.970584,887,708,418,2013,2,2,1,5,1.7631E+12,1.7631E+12,light,0.8,80,0,0,2,0,0,0,,,,,,,,
g2_rain_fade,RAIN_FADE,14,,300,2,257,ok,,,1,60.500542,2012,5,10.929,0.103,11.175,11.171083,887,707,418,2012,2,2,1,5,1.7631E+12,1.7631E+12,light,0.8,80,0,2,2,1,0,0,,,,,,,,
g2_rain_fade,RAIN_FADE,14,,300,2,258,ok,,,1,52.742167,2015,5,10.396,0.121,11.364,11.363666,888,709,418,2015,2,2,1,5,1.7631E+12,1.7631E+12,light,0.8,80,0,2,2,1,0,0,,,,,,,,
g2_rain_fade,RAIN_FADE,14,,300,2,259,ok,,,1,56.714416,2015,5,10.443,0.12,11.096,11.085792,888,708,419,2015,2,2,1,5,1.7631E+12,1.7631E+12,light,0.8,80,0,0,2,0,0,0,,,,,,,,
g2_rain_fade,RAIN_FADE,14,,300,2,260,ok,,,1,63.61525,2017,5,12.611,0.226,10.933,10.909375,889,709,419,2017,2,2,1,5,1.7631E+12,1.7631E+12,light,0.8,80,0,1,2,0.5,0,0,,,,,,,,
g2_rain_fade,RAIN_FADE,14,,300,2,261,ok,,,1,59.98275,2014,5,11.436,0.124,10.78,10.76962501,888,708,418,2014,2,2,1,5,1.7631E+12,1.7631E+12,light,0.8,80,0,0,2,0,0,0,,,,,,,,
g2_rain_fade,RAIN_FADE,14,,300,2,262,ok,,,1,58.666084,2010,5,11.712,0.155,11.244,11.367625,886,707,417,2010,2,2,1,5,1.7631E+12,1.7631E+12,light,0.8,80,0,0,2,0,0,0,,,,,,,,
g2_rain_fade,RAIN_FADE,14,,300,2,263,ok,,,1,54.009708,2011,5,10.339,0.131,10.569,10.550667,886,707,418,2011,2,2,1,5,1.7631E+12,1.7631E+12,light,0.8,80,0,2,2,1,0,0,,,,,,,,
g2_rain_fade,RAIN_FADE,14,,300,2,264,ok,,,1,56.384167,2012,5,10.624,0.171,10.879,10.871459,887,708,417,2012,2,2,1,5,1.7631E+12,1.7631E+12,light,0.8,80,0,0,2,0,0,0,,,,,,,,
g2_rain_fade,RAIN_FADE,14,,300,2,265,ok,,,1,59.56429199,2015,5,10.763,0.09,12.388,12.378167,888,708,419,2015,2,2,1,5,1.7631E+12,1.7631E+12,light,0.8,80,0,0,2,0,0,0,,,,,,,,
g2_rain_fade,RAIN_FADE,14,,300,2,266,ok,,,1,49.983625,2015,5,10.421,0.123,11.115,11.107125,888,708,419,2015,2,2,1,5,1.7631E+12,1.7631E+12,light,0.8,80,0,1,2,0.5,0,0,,,,,,,,
g2_rain_fade,RAIN_FADE,14,,300,2,267,ok,,,1,52.181959,2017,5,10.906,0.117,11.555,11.541375,889,709,419,2017,2,2,1,5,1.7631E+12,1.7631E+12,light,0.8,80,0,0,2,0,0,0,,,,,,,,
g2_rain_fade,RAIN_FADE,14,,300,2,268,ok,,,1,58.901917,2009,5,14.162,0.236,10.749,10.720208,885,707,417,2009,2,2,1,5,1.7631E+12,1.7631E+12,light,0.8,80,0,0,2,0,0,0,,,,,,,,
g2_rain_fade,RAIN_FADE,14,,300,2,269,ok,,,1,56.560583,2017,5,11.862,0.1,10.51,10.488125,889,709,419,2017,2,2,1,5,1.7631E+12,1.7631E+12,light,0.8,80,0,0,2,0,0,0,,,,,,,,
g2_rain_fade,RAIN_FADE,14,,300,2,270,ok,,,1,54.499708,2014,5,10.404,0.115,11.701,11.681542,888,708,418,2014,2,2,1,5,1.7631E+12,1.7631E+12,light,0.8,80,0,2,2,1,0,0,,,,,,,,
g2_rain_fade,RAIN_FADE,14,,300,2,271,ok,,,1,52.78049999,2015,5,11.218,0.104,11.576,11.570375,888,708,419,2015,2,2,1,5,1.7631E+12,1.7631E+12,light,0.8,80,0,0,2,0,0,0,,,,,,,,
g2_rain_fade,RAIN_FADE,14,,300,2,272,ok,,,1,56.669167,2015,5,10.692,0.116,11.14,11.0975,888,708,419,2015,2,2,1,5,1.7631E+12,1.7631E+12,light,0.8,80,0,0,2,0,0,0,,,,,,,,
g2_rain_fade,RAIN_FADE,14,,300,2,273,ok,,,1,56.214916,2015,5,11.638,0.114,11.125,11.09737501,888,708,419,2015,2,2,1,5,1.7631E+12,1.7631E+12,light,0.8,80,0,0,2,0,0,0,,,,,,,,
g2_rain_fade,RAIN_FADE,14,,300,2,274,ok,,,1,54.960959,2015,5,10.93,0.121,10.381,10.36024999,888,708,419,2015,2,2,1,5,1.7631E+12,1.7631E+12,light,0.8,80,0,0,2,0,0,0,,,,,,,,
g2_rain_fade,RAIN_FADE,14,,300,2,275,ok,,,1,53.868042,2017,5,12.11,0.096,10.43,10.40708301,889,709,419,2017,2,2,1,5,1.7631E+12,1.7631E+12,light,0.8,80,0,0,2,0,0,0,,,,,,,,
g2_rain_fade,RAIN_FADE,14,,300,2,276,ok,,,1,57.90325,2017,5,11.143,0.101,11.18,11.174542,889,709,419,2017,2,2,1,5,1.7631E+12,1.7631E+12,light,0.8,80,0,0,2,0,0,0,,,,,,,,
g2_rain_fade,RAIN_FADE,14,,300,2,277,ok,,,1,52.184375,2015,5,11.344,0.103,10.618,10.597541,888,709,418,2015,2,2,1,5,1.7631E+12,1.7631E+12,light,0.8,80,0,2,2,1,0,0,,,,,,,,
g2_rain_fade,RAIN_FADE,14,,300,2,278,ok,,,1,55.179166,2012,5,10.596,0.127,10.511,10.48866699,887,707,418,2012,2,2,1,5,1.7631E+12,1.7631E+12,light,0.8,80,0,0,2,0,0,0,,,,,,,,
g2_rain_fade,RAIN_FADE,14,,300,2,279,ok,,,1,57.7295,2017,5,11.661,0.113,10.63,10.602708,889,709,419,2017,2,2,1,5,1.7631E+12,1.7631E+12,light,0.8,80,0,0,2,0,0,0,,,,,,,,
g2_rain_fade,RAIN_FADE,14,,300,2,280,ok,,,1,53.376583,2015,5,10.492,0.127,12.443,12.46666699,888,708,419,2015,2,2,1,5,1.7631E+12,1.7631E+12,light,0.8,80,0,0,2,0,0,0,,,,,,,,
g2_rain_fade,RAIN_FADE,14,,300,2,281,ok,,,1,54.163958,2015,5,11.395,0.11,10.935,10.90725,888,708,419,2015,2,2,1,5,1.7631E+12,1.7631E+12,light,0.8,80,0,1,2,0.5,0,0,,,,,,,,
g2_rain_fade,RAIN_FADE,14,,300,2,282,ok,,,1,52.093459,2017,5,10.708,0.077,10.453,10.437541,889,709,419,2017,2,2,1,5,1.7631E+12,1.7631E+12,light,0.8,80,0,0,2,0,0,0,,,,,,,,
g2_rain_fade,RAIN_FADE,14,,300,2,283,ok,,,1,57.191167,2012,5,10.572,0.105,11.507,11.56370901,887,708,417,2012,2,2,1,5,1.7631E+12,1.7631E+12,light,0.8,80,0,0,2,0,0,0,,,,,,,,
g2_rain_fade,RAIN_FADE,14,,300,2,284,ok,,,1,59.50941701,2014,5,10.427,0.073,11.193,11.201958,888,708,418,2014,2,2,1,5,1.7631E+12,1.7631E+12,light,0.8,80,0,0,2,0,0,0,,,,,,,,
g2_rain_fade,RAIN_FADE,14,,300,2,285,ok,,,1,55.438458,2017,5,10.962,0.111,11.078,11.056125,889,709,419,2017,2,2,1,5,1.7631E+12,1.7631E+12,light,0.8,80,0,0,2,0,0,0,,,,,,,,
g2_rain_fade,RAIN_FADE,14,,300,2,286,ok,,,1,54.862584,2015,5,11.464,0.136,11.701,11.58354199,888,709,418,2015,2,2,1,5,1.7631E+12,1.7631E+12,light,0.8,80,0,0,2,0,0,0,,,,,,,,
g2_rain_fade,RAIN_FADE,14,,300,2,287,ok,,,1,57.677542,2014,5,10.489,0.191,11.227,11.048333,887,708,419,2014,2,2,1,5,1.7631E+12,1.7631E+12,light,0.8,80,0,0,2,0,0,0,,,,,,,,
g2_rain_fade,RAIN_FADE,14,,300,2,288,ok,,,1,59.324584,2012,5,11.593,0.105,10.998,11.004791,887,707,418,2012,2,2,1,5,1.7631E+12,1.7631E+12,light,0.8,80,0,0,2,0,0,0,,,,,,,,
g2_rain_fade,RAIN_FADE,14,,300,2,289,ok,,,1,59.654834,2015,5,10.704,0.106,10.713,10.662709,888,708,419,2015,2,2,1,5,1.7631E+12,1.7631E+12,light,0.8,80,0,1,2,0.5,0,0,,,,,,,,
g2_rain_fade,RAIN_FADE,14,,300,2,290,ok,,,1,52.57675,2015,5,11.857,0.098,11.076,11.064292,888,708,419,2015,2,2,1,5,1.7631E+12,1.7631E+12,light,0.8,80,0,0,2,0,0,0,,,,,,,,
g2_rain_fade,RAIN_FADE,14,,300,2,291,ok,,,1,58.95000001,2013,5,10.529,0.146,11.892,11.863541,887,708,418,2013,2,2,1,5,1.7631E+12,1.7631E+12,light,0.8,80,0,0,2,0,0,0,,,,,,,,
g2_rain_fade,RAIN_FADE,14,,300,2,292,ok,,,1,58.18258299,2009,5,10.259,0.098,11.217,11.22462501,886,706,417,2009,2,2,1,5,1.7631E+12,1.7631E+12,light,0.8,80,0,0,2,0,0,0,,,,,,,,
g2_rain_fade,RAIN_FADE,14,,300,2,293,ok,,,1,55.143458,2017,5,10.617,0.128,11.135,11.116167,889,709,419,2017,2,2,1,5,1.7631E+12,1.7631E+12,light,0.8,80,0,0,2,0,0,0,,,,,,,,
g2_rain_fade,RAIN_FADE,14,,300,2,294,ok,,,1,59.034708,2010,5,10.6,0.11,11.006,11.011167,886,707,417,2010,2,2,1,5,1.7631E+12,1.7631E+12,light,0.8,80,0,0,2,0,0,0,,,,,,,,
g2_rain_fade,RAIN_FADE,14,,300,2,295,ok,,,1,57.673166,2011,5,10.927,0.112,10.63,10.607917,886,707,418,2011,2,2,1,5,1.7631E+12,1.7631E+12,light,0.8,80,0,0,2,0,0,0,,,,,,,,
g2_rain_fade,RAIN_FADE,14,,300,2,296,ok,,,1,51.7875,2017,5,11.045,0.116,11.582,11.569459,889,709,419,2017,2,2,1,5,1.7631E+12,1.7631E+12,light,0.8,80,0,1,2,0.5,0,0,,,,,,,,
g2_rain_fade,RAIN_FADE,14,,300,2,297,ok,,,1,58.419125,2014,5,10.948,0.123,11.415,11.39462501,888,708,418,2014,2,2,1,5,1.7631E+12,1.7631E+12,light,0.8,80,0,0,2,0,0,0,,,,,,,,
g2_rain_fade,RAIN_FADE,14,,300,2,298,ok,,,1,52.226917,2017,5,11.034,0.133,10.423,10.398834,889,709,419,2017,2,2,1,5,1.7631E+12,1.7631E+12,light,0.8,80,0,0,2,0,0,0,,,,,,,,
g2_rain_fade,RAIN_FADE,14,,300,2,299,ok,,,1,56.753,2012,5,11.315,0.096,11.054,11.077708,887,707,418,2012,2,2,1,5,1.7631E+12,1.7631E+12,light,0.8,80,0,0,2,0,0,0,,,,,,,,
g2_rain_fade,RAIN_FADE,14,,300,2,300,ok,,,1,53.465334,2015,5,13.233,0.102,11.129,11.139042,888,709,418,2015,2,2,1,5,1.7631E+12,1.7631E+12,light,0.8,80,0,0,2,0,0,0,,,,,,,,
g2_rain_fade,RAIN_FADE,14,,400,2,1,ok,,,1,51.30512499,2009,5,11.088,0.126,11.033,11.003875,885,706,418,2009,2,2,1,5,1.7631E+12,1.7631E+12,light,0.8,80,0,0,2,0,0,0,,,,,,,,
g2_rain_fade,RAIN_FADE,14,,400,2,2,ok,,,1,55.205209,2009,5,10.76,0.096,11.425,11.434917,886,706,417,2009,2,2,1,5,1.7631E+12,1.7631E+12,light,0.8,80,0,0,2,0,0,0,,,,,,,,
g2_rain_fade,RAIN_FADE,14,,400,2,3,ok,,,1,56.57325,2009,5,11.368,0.134,11.016,10.9815,886,707,416,2009,2,2,1,5,1.7631E+12,1.7631E+12,light,0.8,80,0,0,2,0,0,0,,,,,,,,
g2_rain_fade,RAIN_FADE,14,,400,2,4,ok,,,1,59.270958,2013,5,11.283,0.124,11.27,11.228833,887,708,418,2013,2,2,1,5,1.7631E+12,1.7631E+12,light,0.8,80,0,0,2,0,0,0,,,,,,,,
g2_rain_fade,RAIN_FADE,14,,400,2,5,ok,,,1,53.5595,2014,5,10.244,0.114,11.985,11.9675,888,708,418,2014,2,2,1,5,1.7631E+12,1.7631E+12,light,0.8,80,0,0,2,0,0,0,,,,,,,,
g2_rain_fade,RAIN_FADE,14,,400,2,6,ok,,,1,56.814666,2014,5,10.33,0.089,11.181,11.171042,888,708,418,2014,2,2,1,5,1.7631E+12,1.7631E+12,light,0.8,80,0,0,2,0,0,0,,,,,,,,
g2_rain_fade,RAIN_FADE,14,,400,2,7,ok,,,1,54.715542,2012,5,10.266,0.083,10.6,10.581125,887,708,417,2012,2,2,1,5,1.7631E+12,1.7631E+12,light,0.8,80,0,0,2,0,0,0,,,,,,,,
g2_rain_fade,RAIN_FADE,14,,400,2,8,ok,,,1,64.012708,2012,5,12.192,0.145,11.011,13.460458,887,707,418,2012,2,2,1,5,1.7631E+12,1.7631E+12,light,0.8,80,0,0,2,0,0,0,,,,,,,,
g2_rain_fade,RAIN_FADE,14,,400,2,9,ok,,,1,58.87325,2015,5,12.657,0.134,10.972,11.012291,888,708,419,2015,2,2,1,5,1.7631E+12,1.7631E+12,light,0.8,80,0,0,2,0,0,0,,,,,,,,
g2_rain_fade,RAIN_FADE,14,,400,2,10,ok,,,1,60.939375,2013,5,10.822,0.087,10.645,10.614166,886,708,419,2013,2,2,1,5,1.7631E+12,1.7631E+12,light,0.8,80,0,1,2,0.5,0,0,,,,,,,,
g2_rain_fade,RAIN_FADE,14,,400,2,11,ok,,,1,53.266792,2012,5,10.79,0.108,10.561,10.542125,887,707,418,2012,2,2,1,5,1.7631E+12,1.7631E+12,light,0.8,80,0,2,2,1,0,0,,,,,,,,
g2_rain_fade,RAIN_FADE,14,,400,2,12,ok,,,1,54.49425,2012,5,10.199,0.113,11.406,11.396375,886,708,418,2012,2,2,1,5,1.7631E+12,1.7631E+12,light,0.8,80,0,0,2,0,0,0,,,,,,,,
g2_rain_fade,RAIN_FADE,14,,400,2,13,ok,,,1,57.992875,2013,5,10.347,0.121,11.491,11.47537499,887,708,418,2013,2,2,1,5,1.7631E+12,1.7631E+12,light,0.8,80,0,0,2,0,0,0,,,,,,,,
g2_rain_fade,RAIN_FADE,14,,400,2,14,ok,,,1,59.274792,2014,5,10.774,0.097,10.918,10.932958,887,708,419,2014,2,2,1,5,1.7631E+12,1.7631E+12,light,0.8,80,0,0,2,0,0,0,,,,,,,,
g2_rain_fade,RAIN_FADE,14,,400,2,15,ok,,,1,59.033916,2017,5,11.711,0.11,10.981,10.947291,889,709,419,2017,2,2,1,5,1.7631E+12,1.7631E+12,light,0.8,80,0,0,2,0,0,0,,,,,,,,
g2_rain_fade,RAIN_FADE,14,,400,2,16,ok,,,1,56.858917,2012,5,12.324,0.128,10.605,10.593875,887,707,418,2012,2,2,1,5,1.7631E+12,1.7631E+12,light,0.8,80,0,0,2,0,0,0,,,,,,,,
g2_rain_fade,RAIN_FADE,14,,400,2,17,ok,,,1,56.569458,2010,5,10.565,0.113,11.313,11.29666599,886,707,417,2010,2,2,1,5,1.7631E+12,1.7631E+12,light,0.8,80,0,0,2,0,0,0,,,,,,,,
g2_rain_fade,RAIN_FADE,14,,400,2,18,ok,,,2,60.251667,2017,5,12.258,0.129,12.163,12.135,889,709,419,2017,2,2,1,5,1.7631E+12,1.7631E+12,light,0.8,80,0,4,7,0.571428571,0,0,,,,,,,,
g2_rain_fade,RAIN_FADE,14,,400,2,19,ok,,,1,57.329167,2016,5,10.696,0.145,11.56,11.5595,888,709,419,2016,2,2,1,5,1.7631E+12,1.7631E+12,light,0.8,80,0,0,2,0,0,0,,,,,,,,
g2_rain_fade,RAIN_FADE,14,,400,2,20,ok,,,1,79.336667,2016,5,13.398,0.416,10.613,10.587792,888,709,419,2016,2,2,1,5,1.7631E+12,1.7631E+12,light,0.8,80,0,0,2,0,0,0,,,,,,,,
g2_rain_fade,RAIN_FADE,14,,400,2,21,ok,,,1,55.316708,2017,5,10.957,0.116,10.811,10.795542,889,709,419,2017,2,2,1,5,1.7631E+12,1.7631E+12,light,0.8,80,0,0,2,0,0,0,,,,,,,,
g2_rain_fade,RAIN_FADE,14,,400,2,22,ok,,,1,55.350917,2013,5,10.62,0.167,11.161,11.154625,887,708,418,2013,2,2,1,5,1.7631E+12,1.7631E+12,light,0.8,80,0,0,2,0,0,0,,,,,,,,
g2_rain_fade,RAIN_FADE,14,,400,2,23,ok,,,1,56.49925,2012,5,10.603,0.101,11.036,11.048541,887,708,417,2012,2,2,1,5,1.7631E+12,1.7631E+12,light,0.8,80,0,0,2,0,0,0,,,,,,,,
g2_rain_fade,RAIN_FADE,14,,400,2,24,ok,,,1,56.150125,2015,5,11.98,0.11,11.218,11.372959,888,709,418,2015,2,2,1,5,1.7631E+12,1.7631E+12,light,0.8,80,0,1,2,0.5,0,0,,,,,,,,
g2_rain_fade,RAIN_FADE,14,,400,2,25,ok,,,1,59.436875,2014,5,11.201,0.129,11.716,11.703875,888,708,418,2014,2,2,1,5,1.7631E+12,1.7631E+12,light,0.8,80,0,0,2,0,0,0,,,,,,,,
g2_rain_fade,RAIN_FADE,14,,400,2,26,ok,,,1,59.724708,2011,5,10.331,0.118,11.294,11.267834,886,708,417,2011,2,2,1,5,1.7631E+12,1.7631E+12,light,0.8,80,0,0,2,0,0,0,,,,,,,,
g2_rain_fade,RAIN_FADE,14,,400,2,27,ok,,,1,52.795292,2014,5,10.555,0.122,10.579,10.563708,888,708,418,2014,2,2,1,5,1.7631E+12,1.7631E+12,light,0.8,80,0,0,2,0,0,0,,,,,,,,
g2_rain_fade,RAIN_FADE,14,,400,2,28,ok,,,1,58.551959,2015,5,11.373,0.123,11.066,11.054666,888,709,418,2015,2,2,1,5,1.7631E+12,1.7631E+12,light,0.8,80,0,2,2,1,0,0,,,,,,,,
g2_rain_fade,RAIN_FADE,14,,400,2,29,ok,,,1,59.96525,2008,5,11.454,0.104,11.506,11.488,885,706,417,2008,2,2,1,5,1.7631E+12,1.7631E+12,light,0.8,80,0,0,2,0,0,0,,,,,,,,
g2_rain_fade,RAIN_FADE,14,,400,2,30,ok,,,1,56.1095,2014,5,10.276,0.129,11.225,11.207041,888,708,418,2014,2,2,1,5,1.7631E+12,1.7631E+12,light,0.8,80,0,0,2,0,0,0,,,,,,,,
g2_rain_fade,RAIN_FADE,14,,400,2,31,ok,,,1,57.867708,2011,5,10.982,0.137,10.688,10.67375,886,708,417,2011,2,2,1,5,1.7631E+12,1.7631E+12,light,0.8,80,0,0,2,0,0,0,,,,,,,,
g2_rain_fade,RAIN_FADE,14,,400,2,32,ok,,,1,56.832834,2013,5,10.4,0.086,10.668,10.646334,887,708,418,2013,2,2,1,5,1.7631E+12,1.7631E+12,light,0.8,80,0,0,2,0,0,0,,,,,,,,
g2_rain_fade,RAIN_FADE,14,,400,2,33,ok,,,1,56.086417,2010,5,10.55,0.125,11.887,11.892959,886,707,417,2010,2,2,1,5,1.7631E+12,1.7631E+12,light,0.8,80,0,2,2,1,0,0,,,,,,,,
g2_rain_fade,RAIN_FADE,14,,400,2,34,ok,,,1,54.558417,2014,5,11.347,0.09,10.827,10.80125,888,708,418,2014,2,2,1,5,1.7631E+12,1.7631E+12,light,0.8,80,0,0,2,0,0,0,,,,,,,,
g2_rain_fade,RAIN_FADE,14,,400,2,35,ok,,,1,57.629875,2017,5,10.445,0.112,11.23,11.215042,889,709,419,2017,2,2,1,5,1.7631E+12,1.7631E+12,light,0.8,80,0,0,2,0,0,0,,,,,,,,
g2_rain_fade,RAIN_FADE,14,,400,2,36,ok,,,1,60.692958,2015,5,11.418,0.116,10.651,10.612541,888,708,419,2015,2,2,1,5,1.7631E+12,1.7631E+12,light,0.8,80,0,0,2,0,0,0,,,,,,,,
g2_rain_fade,RAIN_FADE,14,,400,2,37,ok,,,1,54.151709,2015,5,10.59,0.081,11.044,11.093208,888,708,419,2015,2,2,1,5,1.7631E+12,1.7631E+12,light,0.8,80,0,0,2,0,0,0,,,,,,,,
g2_rain_fade,RAIN_FADE,14,,400,2,38,ok,,,1,55.499708,2010,5,10.404,0.098,11.204,11.19104101,886,707,417,2010,2,2,1,5,1.7631E+12,1.7631E+12,light,0.8,80,0,0,2,0,0,0,,,,,,,,
g2_rain_fade,RAIN_FADE,14,,400,2,39,ok,,,1,53.265959,2010,5,10.437,0.099,10.593,10.57366699,886,707,417,2010,2,2,1,5,1.7631E+12,1.7631E+12,light,0.8,80,0,1,2,0.5,0,0,,,,,,,,
g2_rain_fade,RAIN_FADE,14,,400,2,40,ok,,,1,52.165667,2015,5,10.273,0.129,10.981,10.948125,888,708,419,2015,2,2,1,5,1.7631E+12,1.7631E+12,light,0.8,80,0,2,2,1,0,0,,,,,,,,
g2_rain_fade,RAIN_FADE,14,,400,2,41,ok,,,1,53.143375,2011,5,10.417,0.119,10.308,10.287791,886,708,417,2011,2,2,1,5,1.7631E+12,1.7631E+12,light,0.8,80,0,0,2,0,0,0,,,,,,,,
g2_rain_fade,RAIN_FADE,14,,400,2,42,ok,,,1,53.890583,2015,5,10.487,0.108,11.315,11.327584,888,708,419,2015,2,2,1,5,1.7631E+12,1.7631E+12,light,0.8,80,0,0,2,0,0,0,,,,,,,,
g2_rain_fade,RAIN_FADE,14,,400,2,43,ok,,,1,52.247083,2012,5,10.634,0.101,11.081,11.09425,887,708,417,2012,2,2,1,5,1.7631E+12,1.7631E+12,light,0.8,80,0,2,2,1,0,0,,,,,,,,
g2_rain_fade,RAIN_FADE,14,,400,2,44,ok,,,1,54.045333,2015,5,11.567,0.12,10.733,10.720459,888,708,419,2015,2,2,1,5,1.7631E+12,1.7631E+12,light,0.8,80,0,0,2,0,0,0,,,,,,,,
g2_rain_fade,RAIN_FADE,14,,400,2,45,ok,,,1,57.782666,2012,5,11.032,0.106,10.91,10.879791,887,707,418,2012,2,2,1,5,1.7631E+12,1.7631E+12,light,0.8,80,0,0,2,0,0,0,,,,,,,,
g2_rain_fade,RAIN_FADE,14,,400,2,46,ok,,,1,56.824375,2012,5,11.402,0.091,11.502,11.490416,887,707,418,2012,2,2,1,5,1.7631E+12,1.7631E+12,light,0.8,80,0,0,2,0,0,0,,,,,,,,
g2_rain_fade,RAIN_FADE,14,,400,2,47,ok,,,1,58.05499999,2017,5,11.466,0.155,10.665,10.655083,889,709,419,2017,2,2,1,5,1.7631E+12,1.7631E+12,light,0.8,80,0,0,2,0,0,0,,,,,,,,
g2_rain_fade,RAIN_FADE,14,,400,2,48,ok,,,1,56.273084,2014,5,10.8,0.089,11.412,11.415833,888,708,418,2014,2,2,1,5,1.7631E+12,1.7631E+12,light,0.8,80,0,0,2,0,0,0,,,,,,,,
g2_rain_fade,RAIN_FADE,14,,400,2,49,ok,,,1,59.322959,2013,5,11.367,0.106,10.516,10.492792,886,709,418,2013,2,2,1,5,1.7631E+12,1.7631E+12,light,0.8,80,0,0,2,0,0,0,,,,,,,,
g2_rain_fade,RAIN_FADE,14,,400,2,50,ok,,,1,52.563166,2015,5,10.435,0.116,11.569,11.558291,888,709,418,2015,2,2,1,5,1.7631E+12,1.7631E+12,light,0.8,80,0,0,2,0,0,0,,,,,,,,
g2_rain_fade,RAIN_FADE,14,,400,2,51,ok,,,1,53.230709,2010,5,10.606,0.105,11.148,11.15675001,886,707,417,2010,2,2,1,5,1.7631E+12,1.7631E+12,light,0.8,80,0,0,2,0,0,0,,,,,,,,
g2_rain_fade,RAIN_FADE,14,,400,2,52,ok,,,1,61.103959,2011,5,11.419,0.099,11.652,11.678084,886,708,417,2011,2,2,1,5,1.7631E+12,1.7631E+12,light,0.8,80,0,2,2,1,0,0,,,,,,,,
g2_rain_fade,RAIN_FADE,14,,400,2,53,ok,,,1,58.541334,2012,5,10.166,0.131,10.592,10.560125,887,707,418,2012,2,2,1,5,1.7631E+12,1.7631E+12,light,0.8,80,0,1,2,0.5,0,0,,,,,,,,
g2_rain_fade,RAIN_FADE,14,,400,2,54,ok,,,2,53.98020799,2017,5,10.662,0.111,11.378,11.352083,889,709,419,2017,2,2,1,5,1.7631E+12,1.7631E+12,light,0.8,80,0,4,4,1,0,0,,,,,,,,
g2_rain_fade,RAIN_FADE,14,,400,2,55,ok,,,1,56.06283301,2015,5,10.513,0.132,10.775,10.754792,888,709,418,2015,2,2,1,5,1.7631E+12,1.7631E+12,light,0.8,80,0,0,2,0,0,0,,,,,,,,
g2_rain_fade,RAIN_FADE,14,,400,2,56,ok,,,1,59.054542,2012,5,12.322,0.105,11.258,11.271916,887,707,418,2012,2,2,1,5,1.7631E+12,1.7631E+12,light,0.8,80,0,0,2,0,0,0,,,,,,,,
g2_rain_fade,RAIN_FADE,14,,400,2,57,ok,,,1,62.158875,2017,5,11.581,0.145,10.645,10.612083,889,709,419,2017,2,2,1,5,1.7631E+12,1.7631E+12,light,0.8,80,0,0,2,0,0,0,,,,,,,,
g2_rain_fade,RAIN_FADE,14,,400,2,58,ok,,,1,58.854292,2015,5,11.462,0.089,11.064,11.189458,888,708,419,2015,2,2,1,5,1.7631E+12,1.7631E+12,light,0.8,80,0,0,2,0,0,0,,,,,,,,
g2_rain_fade,RAIN_FADE,14,,400,2,59,ok,,,1,52.229958,2017,5,10.512,0.127,11.063,11.058334,889,709,419,2017,2,2,1,5,1.7631E+12,1.7631E+12,light,0.8,80,0,1,2,0.5,0,0,,,,,,,,
g2_rain_fade,RAIN_FADE,14,,400,2,60,ok,,,1,57.359,2012,5,10.261,0.082,10.733,10.704541,887,707,418,2012,2,2,1,5,1.7631E+12,1.7631E+12,light,0.8,80,0,0,2,0,0,0,,,,,,,,
g2_rain_fade,RAIN_FADE,14,,400,2,61,ok,,,1,50.872666,2013,5,11.013,0.138,11.472,11.497584,887,708,418,2013,2,2,1,5,1.7631E+12,1.7631E+12,light,0.8,80,0,0,2,0,0,0,,,,,,,,
g2_rain_fade,RAIN_FADE,14,,400,2,62,ok,,,1,57.37475,2012,5,10.711,0.148,11.298,11.2755,887,707,418,2012,2,2,1,5,1.7631E+12,1.7631E+12,light,0.8,80,0,0,2,0,0,0,,,,,,,,
g2_rain_fade,RAIN_FADE,14,,400,2,63,ok,,,1,57.608333,2012,5,10.108,0.073,10.327,10.296958,887,707,418,2012,2,2,1,5,1.7631E+12,1.7631E+12,light,0.8,80,0,0,2,0,0,0,,,,,,,,
g2_rain_fade,RAIN_FADE,14,,400,2,64,ok,,,1,61.457958,2010,5,11.203,0.083,10.941,10.955875,886,707,417,2010,2,2,1,5,1.7631E+12,1.7631E+12,light,0.8,80,0,2,2,1,0,0,,,,,,,,
g2_rain_fade,RAIN_FADE,14,,400,2,65,ok,,,1,54.882417,2011,5,10.356,0.111,11.075,11.08025,886,708,417,2011,2,2,1,5,1.7631E+12,1.7631E+12,light,0.8,80,0,0,2,0,0,0,,,,,,,,
g2_rain_fade,RAIN_FADE,14,,400,2,66,ok,,,1,60.421125,2017,5,10.863,0.115,10.673,10.67425,889,709,419,2017,2,2,1,5,1.7631E+12,1.7631E+12,light,0.8,80,0,0,2,0,0,0,,,,,,,,
g2_rain_fade,RAIN_FADE,14,,400,2,67,ok,,,1,60.68016699,2008,5,10.585,0.127,11.422,11.422917,886,706,416,2008,2,2,1,5,1.7631E+12,1.7631E+12,light,0.8,80,0,0,2,0,0,0,,,,,,,,
g2_rain_fade,RAIN_FADE,14,,400,2,68,ok,,,1,56.125542,2010,5,10.448,0.109,10.867,10.85999999,886,707,417,2010,2,2,1,5,1.7631E+12,1.7631E+12,light,0.8,80,0,0,2,0,0,0,,,,,,,,
g2_rain_fade,RAIN_FADE,14,,400,2,69,ok,,,1,55.892916,2015,5,10.612,0.11,11.13,11.11325,888,708,419,2015,2,2,1,5,1.7631E+12,1.7631E+12,light,0.8,80,0,0,2,0,0,0,,,,,,,,
g2_rain_fade,RAIN_FADE,14,,400,2,70,ok,,,1,56.478167,2015,5,10.78,0.092,11.21,11.221583,888,708,419,2015,2,2,1,5,1.7631E+12,1.7631E+12,light,0.8,80,0,0,2,0,0,0,,,,,,,,
g2_rain_fade,RAIN_FADE,14,,400,2,71,ok,,,1,58.738375,2012,5,10.802,0.097,11.183,11.313375,887,708,417,2012,2,2,1,5,1.7631E+12,1.7631E+12,light,0.8,80,0,0,2,0,0,0,,,,,,,,
g2_rain_fade,RAIN_FADE,14,,400,2,72,ok,,,1,56.328834,2012,5,10.592,0.145,12.28,12.387,887,707,418,2012,2,2,1,5,1.7631E+12,1.7631E+12,light,0.8,80,0,0,2,0,0,0,,,,,,,,
g2_rain_fade,RAIN_FADE,14,,400,2,73,ok,,,1,61.708542,2015,5,10.909,0.098,12.304,12.402584,888,708,419,2015,2,2,1,5,1.7631E+12,1.7631E+12,light,0.8,80,0,0,2,0,0,0,,,,,,,,
g2_rain_fade,RAIN_FADE,14,,400,2,74,ok,,,1,57.534166,2014,5,12.239,0.12,11.373,11.3455,888,708,418,2014,2,2,1,5,1.7631E+12,1.7631E+12,light,0.8,80,0,1,2,0.5,0,0,,,,,,,,
g2_rain_fade,RAIN_FADE,14,,400,2,75,ok,,,1,58.47933399,2015,5,10.727,0.119,12.448,12.406583,888,708,419,2015,2,2,1,5,1.7631E+12,1.7631E+12,light,0.8,80,0,0,2,0,0,0,,,,,,,,
g2_rain_fade,RAIN_FADE,14,,400,2,76,ok,,,1,54.141542,2014,5,10.62,0.081,11.245,11.288334,888,708,418,2014,2,2,1,5,1.7631E+12,1.7631E+12,light,0.8,80,0,0,2,0,0,0,,,,,,,,
g2_rain_fade,RAIN_FADE,14,,400,2,77,ok,,,1,54.527333,2009,5,11.462,0.116,10.639,10.620833,886,706,417,2009,2,2,1,5,1.7631E+12,1.7631E+12,light,0.8,80,0,0,2,0,0,0,,,,,,,,
g2_rain_fade,RAIN_FADE,14,,400,2,78,ok,,,1,61.36741699,2014,5,10.533,0.127,11.212,11.20175,888,708,418,2014,2,2,1,5,1.7631E+12,1.7631E+12,light,0.8,80,0,0,2,0,0,0,,,,,,,,
g2_rain_fade,RAIN_FADE,14,,400,2,79,ok,,,1,57.420792,2010,5,10.323,0.117,11.184,11.154875,886,707,417,2010,2,2,1,5,1.7631E+12,1.7631E+12,light,0.8,80,0,0,2,0,0,0,,,,,,,,
g2_rain_fade,RAIN_FADE,14,,400,2,80,ok,,,1,57.267917,2017,5,11.758,0.083,11.16,11.169833,889,709,419,2017,2,2,1,5,1.7631E+12,1.7631E+12,light,0.8,80,0,0,2,0,0,0,,,,,,,,
g2_rain_fade,RAIN_FADE,14,,400,2,81,ok,,,1,55.894333,2017,5,10.889,0.096,11.099,11.121875,889,709,419,2017,2,2,1,5,1.7631E+12,1.7631E+12,light,0.8,80,0,0,2,0,0,0,,,,,,,,
g2_rain_fade,RAIN_FADE,14,,400,2,82,ok,,,1,54.51945899,2003,5,10.466,0.125,11.261,11.246875,875,709,419,2003,2,2,1,5,1.7631E+12,1.7631E+12,light,0.8,80,0,0,2,0,0,0,,,,,,,,
g2_rain_fade,RAIN_FADE,14,,400,2,83,ok,,,1,54.903834,2010,5,10.899,0.12,10.988,10.970167,886,707,417,2010,2,2,1,5,1.7631E+12,1.7631E+12,light,0.8,80,0,0,2,0,0,0,,,,,,,,
g2_rain_fade,RAIN_FADE,14,,400,2,84,ok,,,1,52.64416699,2015,5,12.008,0.11,11.466,11.522583,888,709,418,2015,2,2,1,5,1.7631E+12,1.7631E+12,light,0.8,80,0,0,2,0,0,0,,,,,,,,
g2_rain_fade,RAIN_FADE,14,,400,2,85,ok,,,1,59.175667,2015,5,11.642,0.116,11.082,11.066709,888,709,418,2015,2,2,1,5,1.7631E+12,1.7631E+12,light,0.8,80,0,0,2,0,0,0,,,,,,,,
g2_rain_fade,RAIN_FADE,14,,400,2,86,ok,,,1,58.03408301,2016,5,11.774,0.213,11.509,11.53025001,888,709,419,2016,2,2,1,5,1.7631E+12,1.7631E+12,light,0.8,80,0,0,2,0,0,0,,,,,,,,
g2_rain_fade,RAIN_FADE,14,,400,2,87,ok,,,1,52.3405,2014,5,10.324,0.095,11.494,11.488709,888,708,418,2014,2,2,1,5,1.7631E+12,1.7631E+12,light,0.8,80,0,0,2,0,0,0,,,,,,,,
g2_rain_fade,RAIN_FADE,14,,400,2,88,ok,,,1,53.2465,2015,5,11.66,0.084,11.152,11.178375,888,709,418,2015,2,2,1,5,1.7631E+12,1.7631E+12,light,0.8,80,0,1,2,0.5,0,0,,,,,,,,
g2_rain_fade,RAIN_FADE,14,,400,2,89,ok,,,1,52.624084,2012,5,10.502,0.142,11.64,11.622375,887,708,417,2012,2,2,1,5,1.7631E+12,1.7631E+12,light,0.8,80,0,0,2,0,0,0,,,,,,,,
g2_rain_fade,RAIN_FADE,14,,400,2,90,ok,,,1,57.826125,2014,5,11.372,0.104,11.931,12.052542,888,708,418,2014,2,2,1,5,1.7631E+12,1.7631E+12,light,0.8,80,0,0,2,0,0,0,,,,,,,,
g2_rain_fade,RAIN_FADE,14,,400,2,91,ok,,,1,57.603167,2016,5,10.755,0.14,10.685,10.669042,888,709,419,2016,2,2,1,5,1.7631E+12,1.7631E+12,light,0.8,80,0,0,2,0,0,0,,,,,,,,
g2_rain_fade,RAIN_FADE,14,,400,2,92,ok,,,1,54.665334,2016,5,10.331,0.093,12.197,12.355458,888,709,419,2016,2,2,1,5,1.7631E+12,1.7631E+12,light,0.8,80,0,0,2,0,0,0,,,,,,,,
g2_rain_fade,RAIN_FADE,14,,400,2,93,ok,,,1,57.529,2010,5,12.566,0.158,11.829,11.784958,886,708,416,2010,2,2,1,5,1.7631E+12,1.7631E+12,light,0.8,80,0,0,2,0,0,0,,,,,,,,
g2_rain_fade,RAIN_FADE,14,,400,2,94,ok,,,1,55.029,2013,5,10.599,0.143,10.788,10.778583,887,708,418,2013,2,2,1,5,1.7631E+12,1.7631E+12,light,0.8,80,0,0,2,0,0,0,,,,,,,,
g2_rain_fade,RAIN_FADE,14,,400,2,95,ok,,,1,57.6445,2013,5,10.371,0.088,12.263,12.284,887,708,418,2013,2,2,1,5,1.7631E+12,1.7631E+12,light,0.8,80,0,0,2,0,0,0,,,,,,,,
g2_rain_fade,RAIN_FADE,14,,400,2,96,ok,,,1,61.626125,2017,5,11.455,0.098,11.337,11.346917,889,709,419,2017,2,2,1,5,1.7631E+12,1.7631E+12,light,0.8,80,0,0,2,0,0,0,,,,,,,,
g2_rain_fade,RAIN_FADE,14,,400,2,97,ok,,,1,58.758625,2007,5,10.55,0.118,11.335,11.303917,885,706,416,2007,2,2,1,5,1.7631E+12,1.7631E+12,light,0.8,80,0,0,2,0,0,0,,,,,,,,
g2_rain_fade,RAIN_FADE,14,,400,2,98,ok,,,1,58.210625,2009,5,12.802,0.138,11.889,11.896958,885,707,417,2009,2,2,1,5,1.7631E+12,1.7631E+12,light,0.8,80,0,0,2,0,0,0,,,,,,,,
g2_rain_fade,RAIN_FADE,14,,400,2,99,ok,,,1,55.366416,2017,5,10.622,0.13,11.571,11.575708,889,709,419,2017,2,2,1,5,1.7631E+12,1.7631E+12,light,0.8,80,0,0,2,0,0,0,,,,,,,,
g2_rain_fade,RAIN_FADE,14,,400,2,100,ok,,,1,58.11475001,2013,5,10.518,0.099,11.364,11.364291,887,708,418,2013,2,2,1,5,1.7631E+12,1.7631E+12,light,0.8,80,0,0,2,0,0,0,,,,,,,,
g2_rain_fade,RAIN_FADE,14,,400,2,101,ok,,,1,59.753125,2016,5,10.919,0.079,11.35,11.354458,888,709,419,2016,2,2,1,5,1.7631E+12,1.7631E+12,light,0.8,80,0,0,2,0,0,0,,,,,,,,
g2_rain_fade,RAIN_FADE,14,,400,2,102,ok,,,1,56.802625,2012,5,10.629,0.08,11.557,11.581541,887,708,417,2012,2,2,1,5,1.7631E+12,1.7631E+12,light,0.8,80,0,0,2,0,0,0,,,,,,,,
g2_rain_fade,RAIN_FADE,14,,400,2,103,ok,,,1,56.964792,2009,5,10.301,0.1,12.669,12.712125,885,707,417,2009,2,2,1,5,1.7631E+12,1.7631E+12,light,0.8,80,0,0,2,0,0,0,,,,,,,,
g2_rain_fade,RAIN_FADE,14,,400,2,104,ok,,,1,52.764292,2010,5,10.66,0.117,12.409,12.455375,886,707,417,2010,2,2,1,5,1.7631E+12,1.7631E+12,light,0.8,80,0,0,2,0,0,0,,,,,,,,
g2_rain_fade,RAIN_FADE,14,,400,2,105,ok,,,1,56.408333,2014,5,10.927,0.226,11.772,11.832041,888,708,418,2014,2,2,1,5,1.7631E+12,1.7631E+12,light,0.8,80,0,0,2,0,0,0,,,,,,,,
g2_rain_fade,RAIN_FADE,14,,400,2,106,ok,,,1,57.362084,2014,5,10.883,0.108,11.036,11.012,888,708,418,2014,2,2,1,5,1.7631E+12,1.7631E+12,light,0.8,80,0,0,2,0,0,0,,,,,,,,
g2_rain_fade,RAIN_FADE,14,,400,2,107,ok,,,1,49.659583,2016,5,11.261,0.098,11.613,11.628583,888,709,419,2016,2,2,1,5,1.7631E+12,1.7631E+12,light,0.8,80,0,2,2,1,0,0,,,,,,,,
g2_rain_fade,RAIN_FADE,14,,400,2,108,ok,,,1,60.916792,2012,5,11.32,0.091,10.581,10.55225,887,708,417,2012,2,2,1,5,1.7631E+12,1.7631E+12,light,0.8,80,0,0,2,0,0,0,,,,,,,,
g2_rain_fade,RAIN_FADE,14,,400,2,109,ok,,,1,55.201,2014,5,11.008,0.127,10.402,10.387291,887,709,418,2014,2,2,1,5,1.7631E+12,1.7631E+12,light,0.8,80,0,0,2,0,0,0,,,,,,,,
g2_rain_fade,RAIN_FADE,14,,400,2,110,ok,,,1,55.907667,2017,5,10.417,0.109,10.551,10.532083,889,709,419,2017,2,2,1,5,1.7631E+12,1.7631E+12,light,0.8,80,0,0,2,0,0,0,,,,,,,,
g2_rain_fade,RAIN_FADE,14,,400,2,111,ok,,,1,58.06175,2014,5,11.682,0.114,10.752,10.72925,888,708,418,2014,2,2,1,5,1.7631E+12,1.7631E+12,light,0.8,80,0,0,2,0,0,0,,,,,,,,
g2_rain_fade,RAIN_FADE,14,,400,2,112,ok,,,1,52.08425,2015,5,11.405,0.106,11.873,11.9045,887,709,419,2015,2,2,1,5,1.7631E+12,1.7631E+12,light,0.8,80,0,1,2,0.5,0,0,,,,,,,,
g2_rain_fade,RAIN_FADE,14,,400,2,113,ok,,,1,55.07779201,2015,5,10.284,0.078,11.542,11.619208,888,708,419,2015,2,2,1,5,1.7631E+12,1.7631E+12,light,0.8,80,0,0,2,0,0,0,,,,,,,,
g2_rain_fade,RAIN_FADE,14,,400,2,114,ok,,,1,56.051,2017,5,10.513,0.126,12.937,12.969041,889,709,419,2017,2,2,1,5,1.7631E+12,1.7631E+12,light,0.8,80,0,1,2,0.5,0,0,,,,,,,,
g2_rain_fade,RAIN_FADE,14,,400,2,115,ok,,,1,59.671709,2015,5,10.405,0.109,13.062,13.078125,888,709,418,2015,2,2,1,5,1.7631E+12,1.7631E+12,light,0.8,80,0,0,2,0,0,0,,,,,,,,
g2_rain_fade,RAIN_FADE,14,,400,2,116,ok,,,1,56.078458,2012,5,10.468,0.095,10.527,10.506791,887,708,417,2012,2,2,1,5,1.7631E+12,1.7631E+12,light,0.8,80,0,2,2,1,0,0,,,,,,,,
g2_rain_fade,RAIN_FADE,14,,400,2,117,ok,,,1,52.779458,2015,5,10.44,0.105,11.536,11.523583,888,708,419,2015,2,2,1,5,1.7631E+12,1.7631E+12,light,0.8,80,0,0,2,0,0,0,,,,,,,,
g2_rain_fade,RAIN_FADE,14,,400,2,118,ok,,,1,52.147,2017,5,10.864,0.107,10.83,10.83275,889,709,419,2017,2,2,1,5,1.7631E+12,1.7631E+12,light,0.8,80,0,0,2,0,0,0,,,,,,,,
g2_rain_fade,RAIN_FADE,14,,400,2,119,ok,,,1,54.40025,2015,5,11.758,0.121,11.038,11.021041,888,708,419,2015,2,2,1,5,1.7631E+12,1.7631E+12,light,0.8,80,0,0,2,0,0,0,,,,,,,,
g2_rain_fade,RAIN_FADE,14,,400,2,120,ok,,,1,54.632041,2011,5,10.468,0.131,11.148,11.110375,886,707,418,2011,2,2,1,5,1.7631E+12,1.7631E+12,light,0.8,80,0,0,2,0,0,0,,,,,,,,
g2_rain_fade,RAIN_FADE,14,,400,2,121,ok,,,1,56.484375,2013,5,10.409,0.107,11.557,11.53741599,887,708,418,2013,2,2,1,5,1.7631E+12,1.7631E+12,light,0.8,80,0,0,2,0,0,0,,,,,,,,
g2_rain_fade,RAIN_FADE,14,,400,2,122,ok,,,1,59.818125,2010,5,10.597,0.118,10.445,10.42925,886,707,417,2010,2,2,1,5,1.7631E+12,1.7631E+12,light,0.8,80,0,0,2,0,0,0,,,,,,,,
g2_rain_fade,RAIN_FADE,14,,400,2,123,ok,,,1,57.63825,2011,5,10.531,0.095,11.267,11.266083,886,708,417,2011,2,2,1,5,1.7631E+12,1.7631E+12,light,0.8,80,0,0,2,0,0,0,,,,,,,,
g2_rain_fade,RAIN_FADE,14,,400,2,124,ok,,,1,56.377625,2015,5,11.191,0.143,11.424,11.403375,888,709,418,2015,2,2,1,5,1.7631E+12,1.7631E+12,light,0.8,80,0,1,2,0.5,0,0,,,,,,,,
g2_rain_fade,RAIN_FADE,14,,400,2,125,ok,,,1,57.849416,2013,5,11.533,0.144,11.338,11.332166,886,708,419,2013,2,2,1,5,1.7631E+12,1.7631E+12,light,0.8,80,0,0,2,0,0,0,,,,,,,,
g2_rain_fade,RAIN_FADE,14,,400,2,126,ok,,,1,58.069042,2011,5,11.33,0.094,10.74,10.713458,886,708,417,2011,2,2,1,5,1.7631E+12,1.7631E+12,light,0.8,80,0,2,2,1,0,0,,,,,,,,
g2_rain_fade,RAIN_FADE,14,,400,2,127,ok,,,1,56.779125,2017,5,10.552,0.093,10.572,10.549292,889,709,419,2017,2,2,1,5,1.7631E+12,1.7631E+12,light,0.8,80,0,0,2,0,0,0,,,,,,,,
g2_rain_fade,RAIN_FADE,14,,400,2,128,ok,,,1,59.49275001,2017,5,10.509,0.109,10.686,10.646708,889,709,419,2017,2,2,1,5,1.7631E+12,1.7631E+12,light,0.8,80,0,0,2,0,0,0,,,,,,,,
g2_rain_fade,RAIN_FADE,14,,400,2,129,ok,,,1,59.345459,2012,5,10.753,0.125,11.496,11.481166,887,707,418,2012,2,2,1,5,1.7631E+12,1.7631E+12,light,0.8,80,0,0,2,0,0,0,,,,,,,,
g2_rain_fade,RAIN_FADE,14,,400,2,130,ok,,,1,63.637333,2016,5,11.982,0.127,14.756,14.84825,888,709,419,2016,2,2,1,5,1.7631E+12,1.7631E+12,light,0.8,80,0,0,2,0,0,0,,,,,,,,
g2_rain_fade,RAIN_FADE,14,,400,2,131,ok,,,1,54.647541,2013,5,10.919,0.118,10.961,10.955875,887,708,418,2013,2,2,1,5,1.7631E+12,1.7631E+12,light,0.8,80,0,0,2,0,0,0,,,,,,,,
g2_rain_fade,RAIN_FADE,14,,400,2,132,ok,,,1,59.76175,2013,5,13.068,0.241,12.528,12.548042,887,707,419,2013,2,2,1,5,1.7631E+12,1.7631E+12,light,0.8,80,0,0,2,0,0,0,,,,,,,,
g2_rain_fade,RAIN_FADE,14,,400,2,133,ok,,,1,53.4305,2017,5,11.188,0.101,10.753,10.73525,889,709,419,2017,2,2,1,5,1.7631E+12,1.7631E+12,light,0.8,80,0,2,2,1,0,0,,,,,,,,
g2_rain_fade,RAIN_FADE,14,,400,2,134,ok,,,1,59.486334,2014,5,12.301,0.122,11.715,11.781583,888,708,418,2014,2,2,1,5,1.7631E+12,1.7631E+12,light,0.8,80,0,0,2,0,0,0,,,,,,,,
g2_rain_fade,RAIN_FADE,14,,400,2,135,ok,,,1,59.601958,2010,5,12.811,0.12,11.574,11.579583,886,708,416,2010,2,2,1,5,1.7631E+12,1.7631E+12,light,0.8,80,0,1,2,0.5,0,0,,,,,,,,
g2_rain_fade,RAIN_FADE,14,,400,2,136,ok,,,1,56.612875,2011,5,11.272,0.273,11.134,11.101708,886,708,417,2011,2,2,1,5,1.7631E+12,1.7631E+12,light,0.8,80,0,0,2,0,0,0,,,,,,,,
g2_rain_fade,RAIN_FADE,14,,400,2,137,ok,,,1,59.586833,2008,5,10.268,0.101,10.626,10.612041,885,706,417,2008,2,2,1,5,1.7631E+12,1.7631E+12,light,0.8,80,0,0,2,0,0,0,,,,,,,,
g2_rain_fade,RAIN_FADE,14,,400,2,138,ok,,,1,55.387125,2013,5,11.933,0.121,11.572,11.56329099,887,708,418,2013,2,2,1,5,1.7631E+12,1.7631E+12,light,0.8,80,0,0,2,0,0,0,,,,,,,,
g2_rain_fade,RAIN_FADE,14,,400,2,139,ok,,,1,60.018583,2014,5,11.035,0.11,12.35,12.339208,887,709,418,2014,2,2,1,5,1.7631E+12,1.7631E+12,light,0.8,80,0,0,2,0,0,0,,,,,,,,
g2_rain_fade,RAIN_FADE,14,,400,2,140,ok,,,1,60.668709,2012,5,10.845,0.119,12.434,12.432916,887,708,417,2012,2,2,1,5,1.7631E+12,1.7631E+12,light,0.8,80,0,0,2,0,0,0,,,,,,,,
g2_rain_fade,RAIN_FADE,14,,400,2,141,ok,,,1,56.531333,2015,5,13.049,0.124,11.197,11.193458,888,708,419,2015,2,2,1,5,1.7631E+12,1.7631E+12,light,0.8,80,0,0,2,0,0,0,,,,,,,,
g2_rain_fade,RAIN_FADE,14,,400,2,142,ok,,,1,57.762208,2014,5,10.757,0.093,12.196,12.179,887,708,419,2014,2,2,1,5,1.7631E+12,1.7631E+12,light,0.8,80,0,0,2,0,0,0,,,,,,,,
g2_rain_fade,RAIN_FADE,14,,400,2,143,ok,,,1,61.725916,2012,5,13.989,0.194,14.802,14.809916,886,707,419,2012,2,2,1,5,1.7631E+12,1.7631E+12,light,0.8,80,0,0,2,0,0,0,,,,,,,,
g2_rain_fade,RAIN_FADE,14,,400,2,144,ok,,,1,57.498459,2010,5,11.121,0.134,11.282,11.252125,886,707,417,2010,2,2,1,5,1.7631E+12,1.7631E+12,light,0.8,80,0,0,2,0,0,0,,,,,,,,
g2_rain_fade,RAIN_FADE,14,,400,2,145,ok,,,1,55.625583,2015,5,10.826,0.111,11.247,11.183875,888,708,419,2015,2,2,1,5,1.7631E+12,1.7631E+12,light,0.8,80,0,0,2,0,0,0,,,,,,,,
g2_rain_fade,RAIN_FADE,14,,400,2,146,ok,,,1,56.867042,2016,5,11.461,0.126,10.663,10.634041,888,709,419,2016,2,2,1,5,1.7631E+12,1.7631E+12,light,0.8,80,0,0,2,0,0,0,,,,,,,,
g2_rain_fade,RAIN_FADE,14,,400,2,147,ok,,,1,56.756375,2013,5,10.496,0.109,11.79,11.790167,887,708,418,2013,2,2,1,5,1.7631E+12,1.7631E+12,light,0.8,80,0,0,2,0,0,0,,,,,,,,
g2_rain_fade,RAIN_FADE,14,,400,2,148,ok,,,1,54.548875,2011,5,11.403,0.13,11.108,11.294166,886,708,417,2011,2,2,1,5,1.7631E+12,1.7631E+12,light,0.8,80,0,0,2,0,0,0,,,,,,,,
g2_rain_fade,RAIN_FADE,14,,400,2,149,ok,,,1,55.404666,2017,5,12.006,0.129,11.125,11.1,889,709,419,2017,2,2,1,5,1.7631E+12,1.7631E+12,light,0.8,80,0,0,2,0,0,0,,,,,,,,
g2_rain_fade,RAIN_FADE,14,,400,2,150,ok,,,1,59.72025,2012,5,10.933,0.145,11.832,11.83033299,887,707,418,2012,2,2,1,5,1.7631E+12,1.7631E+12,light,0.8,80,0,2,2,1,0,0,,,,,,,,
g2_rain_fade,RAIN_FADE,14,,400,2,151,ok,,,1,59.32525,2015,5,10.846,0.186,11.852,11.830458,888,708,419,2015,2,2,1,5,1.7631E+12,1.7631E+12,light,0.8,80,0,0,2,0,0,0,,,,,,,,
g2_rain_fade,RAIN_FADE,14,,400,2,152,ok,,,1,53.61125,2017,5,10.544,0.108,10.602,10.590083,889,709,419,2017,2,2,1,5,1.7631E+12,1.7631E+12,light,0.8,80,0,0,2,0,0,0,,,,,,,,
g2_rain_fade,RAIN_FADE,14,,400,2,153,ok,,,1,50.892291,2017,5,11.508,0.111,11.419,11.436292,889,709,419,2017,2,2,1,5,1.7631E+12,1.7631E+12,light,0.8,80,0,0,2,0,0,0,,,,,,,,
g2_rain_fade,RAIN_FADE,14,,400,2,154,ok,,,1,57.639501,2011,5,12.525,0.139,11.43,11.43425,886,707,418,2011,2,2,1,5,1.7631E+12,1.7631E+12,light,0.8,80,0,0,2,0,0,0,,,,,,,,
g2_rain_fade,RAIN_FADE,14,,400,2,155,ok,,,1,53.93725,2013,5,12.099,0.197,11.754,11.778584,887,708,418,2013,2,2,1,5,1.7631E+12,1.7631E+12,light,0.8,80,0,0,2,0,0,0,,,,,,,,
g2_rain_fade,RAIN_FADE,14,,400,2,156,ok,,,1,56.052084,2012,5,11.52,0.09,10.672,10.662333,887,708,417,2012,2,2,1,5,1.7631E+12,1.7631E+12,light,0.8,80,0,0,2,0,0,0,,,,,,,,
g2_rain_fade,RAIN_FADE,14,,400,2,157,ok,,,1,58.013083,2015,5,10.817,0.109,11.3,11.276917,888,709,418,2015,2,2,1,5,1.7631E+12,1.7631E+12,light,0.8,80,0,0,2,0,0,0,,,,,,,,
g2_rain_fade,RAIN_FADE,14,,400,2,158,ok,,,1,55.607458,2012,5,11.933,0.136,11.334,11.32275,887,708,417,2012,2,2,1,5,1.7631E+12,1.7631E+12,light,0.8,80,0,0,2,0,0,0,,,,,,,,
g2_rain_fade,RAIN_FADE,14,,400,2,159,ok,,,1,60.069709,2014,5,11.779,0.115,11.613,11.671542,888,708,418,2014,2,2,1,5,1.7631E+12,1.7631E+12,light,0.8,80,0,0,2,0,0,0,,,,,,,,
g2_rain_fade,RAIN_FADE,14,,400,2,160,ok,,,1,55.868375,2015,5,10.542,0.109,10.236,10.20441701,888,708,419,2015,2,2,1,5,1.7631E+12,1.7631E+12,light,0.8,80,0,1,2,0.5,0,0,,,,,,,,
g2_rain_fade,RAIN_FADE,14,,400,2,161,ok,,,1,57.728791,1986,5,10.534,0.13,10.5,10.478,873,708,405,1986,2,2,1,5,1.7631E+12,1.7631E+12,light,0.8,80,0,1,2,0.5,0,0,,,,,,,,
g2_rain_fade,RAIN_FADE,14,,400,2,162,ok,,,1,58.334792,2017,5,10.446,0.109,11.287,11.223375,889,709,419,2017,2,2,1,5,1.7631E+12,1.7631E+12,light,0.8,80,0,2,2,1,0,0,,,,,,,,
g2_rain_fade,RAIN_FADE,14,,400,2,163,ok,,,1,55.75725,2017,5,12.698,0.101,11.455,11.477125,889,709,419,2017,2,2,1,5,1.7631E+12,1.7631E+12,light,0.8,80,0,0,2,0,0,0,,,,,,,,
g2_rain_fade,RAIN_FADE,14,,400,2,164,ok,,,1,57.379667,2012,5,11.393,0.11,11.51,11.496666,887,707,418,2012,2,2,1,5,1.7631E+12,1.7631E+12,light,0.8,80,0,0,2,0,0,0,,,,,,,,
g2_rain_fade,RAIN_FADE,14,,400,2,165,ok,,,1,77.265376,2009,5,11.203,0.137,17.681,17.631459,885,708,416,2009,2,2,1,5,1.7631E+12,1.7631E+12,light,0.8,80,0,1,2,0.5,0,0,,,,,,,,
g2_rain_fade,RAIN_FADE,14,,400,2,166,ok,,,1,56.2965,2014,5,10.327,0.113,11.272,11.246,888,708,418,2014,2,2,1,5,1.7631E+12,1.7631E+12,light,0.8,80,0,0,2,0,0,0,,,,,,,,
g2_rain_fade,RAIN_FADE,14,,400,2,167,ok,,,1,57.030917,2012,5,10.709,0.124,11.517,11.50399999,887,707,418,2012,2,2,1,5,1.7631E+12,1.7631E+12,light,0.8,80,0,0,2,0,0,0,,,,,,,,
g2_rain_fade,RAIN_FADE,14,,400,2,168,ok,,,1,60.884625,2008,5,13.248,0.097,10.949,10.963333,885,707,416,2008,2,2,1,5,1.7631E+12,1.7631E+12,light,0.8,80,0,0,2,0,0,0,,,,,,,,
g2_rain_fade,RAIN_FADE,14,,400,2,169,ok,,,1,57.472208,2012,5,10.461,0.101,11.341,11.333625,887,708,417,2012,2,2,1,5,1.7631E+12,1.7631E+12,light,0.8,80,0,0,2,0,0,0,,,,,,,,
g2_rain_fade,RAIN_FADE,14,,400,2,170,ok,,,1,56.181625,2010,5,10.17,0.124,11.208,11.195958,886,707,417,2010,2,2,1,5,1.7631E+12,1.7631E+12,light,0.8,80,0,0,2,0,0,0,,,,,,,,
g2_rain_fade,RAIN_FADE,14,,400,2,171,ok,,,1,54.63825,2016,5,10.569,0.097,11.113,11.119125,888,709,419,2016,2,2,1,5,1.7631E+12,1.7631E+12,light,0.8,80,0,0,2,0,0,0,,,,,,,,
g2_rain_fade,RAIN_FADE,14,,400,2,172,ok,,,1,56.547667,2014,5,11.53,0.111,12.112,12.138291,888,708,418,2014,2,2,1,5,1.7631E+12,1.7631E+12,light,0.8,80,0,0,2,0,0,0,,,,,,,,
g2_rain_fade,RAIN_FADE,14,,400,2,173,ok,,,1,56.092208,2015,5,13.275,0.109,11.127,11.138,888,708,419,2015,2,2,1,5,1.7631E+12,1.7631E+12,light,0.8,80,0,0,2,0,0,0,,,,,,,,
g2_rain_fade,RAIN_FADE,14,,400,2,174,ok,,,1,57.901333,2012,5,10.921,0.107,10.391,10.37458301,887,708,417,2012,2,2,1,5,1.7631E+12,1.7631E+12,light,0.8,80,0,0,2,0,0,0,,,,,,,,
g2_rain_fade,RAIN_FADE,14,,400,2,175,ok,,,1,51.415584,2015,5,10.522,0.111,10.785,10.775541,888,709,418,2015,2,2,1,5,1.7631E+12,1.7631E+12,light,0.8,80,0,0,2,0,0,0,,,,,,,,
g2_rain_fade,RAIN_FADE,14,,400,2,176,ok,,,1,61.619125,2016,5,11.113,0.1,11.088,11.119,888,709,419,2016,2,2,1,5,1.7631E+12,1.7631E+12,light,0.8,80,0,0,2,0,0,0,,,,,,,,
g2_rain_fade,RAIN_FADE,14,,400,2,177,ok,,,1,55.90675,2017,5,11.134,0.105,11.207,11.228958,889,709,419,2017,2,2,1,5,1.7631E+12,1.7631E+12,light,0.8,80,0,0,2,0,0,0,,,,,,,,
g2_rain_fade,RAIN_FADE,14,,400,2,178,ok,,,1,65.62204201,2015,5,14.021,0.142,11.396,11.3765,888,709,418,2015,2,2,1,5,1.7631E+12,1.7631E+12,light,0.8,80,0,0,2,0,0,0,,,,,,,,
g2_rain_fade,RAIN_FADE,14,,400,2,179,ok,,,1,50.592958,2014,5,10.655,0.175,10.632,10.612792,887,708,419,2014,2,2,1,5,1.7631E+12,1.7631E+12,light,0.8,80,0,0,2,0,0,0,,,,,,,,
g2_rain_fade,RAIN_FADE,14,,400,2,180,ok,,,1,53.15025,2015,5,10.248,0.116,11.589,11.591042,888,708,419,2015,2,2,1,5,1.7631E+12,1.7631E+12,light,0.8,80,0,0,2,0,0,0,,,,,,,,
g2_rain_fade,RAIN_FADE,14,,400,2,181,ok,,,1,59.577084,2017,5,11.259,0.109,11.408,11.415708,889,709,419,2017,2,2,1,5,1.7631E+12,1.7631E+12,light,0.8,80,0,0,2,0,0,0,,,,,,,,
g2_rain_fade,RAIN_FADE,14,,400,2,182,ok,,,1,56.549833,2015,5,12.057,0.115,11.413,11.427375,888,708,419,2015,2,2,1,5,1.7631E+12,1.7631E+12,light,0.8,80,0,0,2,0,0,0,,,,,,,,
g2_rain_fade,RAIN_FADE,14,,400,2,183,ok,,,1,56.333,2012,5,10.544,0.129,11.6,11.564916,887,708,417,2012,2,2,1,5,1.7631E+12,1.7631E+12,light,0.8,80,0,0,2,0,0,0,,,,,,,,
g2_rain_fade,RAIN_FADE,14,,400,2,184,ok,,,1,57.45874999,2012,5,12.131,0.115,10.825,10.795625,887,708,417,2012,2,2,1,5,1.7631E+12,1.7631E+12,light,0.8,80,0,0,2,0,0,0,,,,,,,,
g2_rain_fade,RAIN_FADE,14,,400,2,185,ok,,,1,56.12325,2016,5,10.602,0.116,11.371,11.366625,888,709,419,2016,2,2,1,5,1.7631E+12,1.7631E+12,light,0.8,80,0,0,2,0,0,0,,,,,,,,
g2_rain_fade,RAIN_FADE,14,,400,2,186,ok,,,1,55.6365,2014,5,11.006,0.118,10.761,10.747417,887,708,419,2014,2,2,1,5,1.7631E+12,1.7631E+12,light,0.8,80,0,0,2,0,0,0,,,,,,,,
g2_rain_fade,RAIN_FADE,14,,400,2,187,ok,,,1,57.038875,2011,5,10.716,0.094,10.633,10.601708,886,708,417,2011,2,2,1,5,1.7631E+12,1.7631E+12,light,0.8,80,0,0,2,0,0,0,,,,,,,,
g2_rain_fade,RAIN_FADE,14,,400,2,188,ok,,,1,57.61725,2014,5,10.958,0.13,10.642,10.621833,887,709,418,2014,2,2,1,5,1.7631E+12,1.7631E+12,light,0.8,80,0,0,2,0,0,0,,,,,,,,
g2_rain_fade,RAIN_FADE,14,,400,2,189,ok,,,1,57.496208,2013,5,12.53,0.113,11.259,11.311041,887,708,418,2013,2,2,1,5,1.7631E+12,1.7631E+12,light,0.8,80,0,1,2,0.5,0,0,,,,,,,,
g2_rain_fade,RAIN_FADE,14,,400,2,190,ok,,,1,55.258833,2014,5,11.23,0.125,10.851,10.827375,888,708,418,2014,2,2,1,5,1.7631E+12,1.7631E+12,light,0.8,80,0,0,2,0,0,0,,,,,,,,
g2_rain_fade,RAIN_FADE,14,,400,2,191,ok,,,1,54.206125,2015,5,11.334,0.101,10.639,10.617792,888,709,418,2015,2,2,1,5,1.7631E+12,1.7631E+12,light,0.8,80,0,0,2,0,0,0,,,,,,,,
g2_rain_fade,RAIN_FADE,14,,400,2,192,ok,,,1,53.673083,2013,5,12.872,0.1,10.99,10.989833,887,708,418,2013,2,2,1,5,1.7631E+12,1.7631E+12,light,0.8,80,0,0,2,0,0,0,,,,,,,,
g2_rain_fade,RAIN_FADE,14,,400,2,193,ok,,,1,66.86770901,2012,5,16.133,0.167,14.297,14.374375,887,707,418,2012,2,2,1,5,1.7631E+12,1.7631E+12,light,0.8,80,0,5,5,1,0,0,,,,,,,,
g2_rain_fade,RAIN_FADE,14,,400,2,194,ok,,,1,58.31875,2015,5,10.324,0.113,11.337,11.324458,888,708,419,2015,2,2,1,5,1.7631E+12,1.7631E+12,light,0.8,80,0,0,2,0,0,0,,,,,,,,
g2_rain_fade,RAIN_FADE,14,,400,2,195,ok,,,1,55.500125,2010,5,10.522,0.082,10.326,10.307459,886,707,417,2010,2,2,1,5,1.7631E+12,1.7631E+12,light,0.8,80,0,0,2,0,0,0,,,,,,,,
g2_rain_fade,RAIN_FADE,14,,400,2,196,ok,,,1,54.416458,2015,5,10.329,0.129,11.476,11.470375,888,709,418,2015,2,2,1,5,1.7631E+12,1.7631E+12,light,0.8,80,0,1,2,0.5,0,0,,,,,,,,
g2_rain_fade,RAIN_FADE,14,,400,2,197,ok,,,1,58.04775,2016,5,11.202,0.113,11.172,11.150917,888,709,419,2016,2,2,1,5,1.7631E+12,1.7631E+12,light,0.8,80,0,0,2,0,0,0,,,,,,,,
g2_rain_fade,RAIN_FADE,14,,400,2,198,ok,,,1,53.331167,2013,5,10.771,0.128,10.409,10.40425,887,708,418,2013,2,2,1,5,1.7631E+12,1.7631E+12,light,0.8,80,0,2,2,1,0,0,,,,,,,,
g2_rain_fade,RAIN_FADE,14,,400,2,199,ok,,,1,57.395667,2016,5,11.725,0.099,11.249,11.288458,888,709,419,2016,2,2,1,5,1.7631E+12,1.7631E+12,light,0.8,80,0,0,2,0,0,0,,,,,,,,
g2_rain_fade,RAIN_FADE,14,,400,2,200,ok,,,1,59.113042,2014,5,11.504,0.103,11.583,11.60925,887,709,418,2014,2,2,1,5,1.7631E+12,1.7631E+12,light,0.8,80,0,0,2,0,0,0,,,,,,,,
g2_rain_fade,RAIN_FADE,14,,400,2,201,ok,,,1,55.484333,2015,5,10.447,0.124,11.546,11.529041,888,708,419,2015,2,2,1,5,1.7631E+12,1.7631E+12,light,0.8,80,0,0,2,0,0,0,,,,,,,,
g2_rain_fade,RAIN_FADE,14,,400,2,202,ok,,,1,61.30970801,2012,5,10.631,0.149,11.852,11.833916,886,709,417,2012,2,2,1,5,1.7631E+12,1.7631E+12,light,0.8,80,0,0,2,0,0,0,,,,,,,,
g2_rain_fade,RAIN_FADE,14,,400,2,203,ok,,,1,61.36425,2017,5,14.811,0.12,10.852,10.859542,889,709,419,2017,2,2,1,5,1.7631E+12,1.7631E+12,light,0.8,80,0,0,2,0,0,0,,,,,,,,
g2_rain_fade,RAIN_FADE,14,,400,2,204,ok,,,1,56.518584,2017,5,10.327,0.113,11.005,11.03975,889,709,419,2017,2,2,1,5,1.7631E+12,1.7631E+12,light,0.8,80,0,0,2,0,0,0,,,,,,,,
g2_rain_fade,RAIN_FADE,14,,400,2,205,ok,,,1,57.63175,2014,5,10.514,0.098,11.504,11.51625,888,708,418,2014,2,2,1,5,1.7631E+12,1.7631E+12,light,0.8,80,0,0,2,0,0,0,,,,,,,,
g2_rain_fade,RAIN_FADE,14,,400,2,206,ok,,,1,56.670625,2013,5,11.941,0.095,11.35,11.371375,887,708,418,2013,2,2,1,5,1.7631E+12,1.7631E+12,light,0.8,80,0,0,2,0,0,0,,,,,,,,
g2_rain_fade,RAIN_FADE,14,,400,2,207,ok,,,1,58.546542,2010,5,11.382,0.179,10.807,10.849,885,707,418,2010,2,2,1,5,1.7631E+12,1.7631E+12,light,0.8,80,0,0,2,0,0,0,,,,,,,,
g2_rain_fade,RAIN_FADE,14,,400,2,208,ok,,,1,53.215459,2017,5,10.157,0.106,11.079,11.079583,889,709,419,2017,2,2,1,5,1.7631E+12,1.7631E+12,light,0.8,80,0,0,2,0,0,0,,,,,,,,
g2_rain_fade,RAIN_FADE,14,,400,2,209,ok,,,1,59.393167,2016,5,10.609,0.083,12.2,12.239792,888,709,419,2016,2,2,1,5,1.7631E+12,1.7631E+12,light,0.8,80,0,0,2,0,0,0,,,,,,,,
g2_rain_fade,RAIN_FADE,14,,400,2,210,ok,,,1,56.595375,2012,5,10.944,0.103,11.965,11.971,887,707,418,2012,2,2,1,5,1.7631E+12,1.7631E+12,light,0.8,80,0,0,2,0,0,0,,,,,,,,
g2_rain_fade,RAIN_FADE,14,,400,2,211,ok,,,1,57.04720801,1985,5,10.613,0.094,11.25,11.266416,873,707,405,1985,2,2,1,5,1.7631E+12,1.7631E+12,light,0.8,80,0,0,2,0,0,0,,,,,,,,
g2_rain_fade,RAIN_FADE,14,,400,2,212,ok,,,1,58.60325,2014,5,11.172,0.111,11.416,11.450667,888,708,418,2014,2,2,1,5,1.7631E+12,1.7631E+12,light,0.8,80,0,2,2,1,0,0,,,,,,,,
g2_rain_fade,RAIN_FADE,14,,400,2,213,ok,,,1,54.880667,2017,5,11.669,0.102,10.486,10.465625,889,709,419,2017,2,2,1,5,1.7631E+12,1.7631E+12,light,0.8,80,0,0,2,0,0,0,,,,,,,,
g2_rain_fade,RAIN_FADE,14,,400,2,214,ok,,,1,58.847292,2015,5,12.452,0.108,11.467,11.483167,888,709,418,2015,2,2,1,5,1.7631E+12,1.7631E+12,light,0.8,80,0,0,2,0,0,0,,,,,,,,
g2_rain_fade,RAIN_FADE,14,,400,2,215,ok,,,1,54.63945799,2013,5,11.325,0.124,10.572,10.555083,887,709,417,2013,2,2,1,5,1.7631E+12,1.7631E+12,light,0.8,80,0,0,2,0,0,0,,,,,,,,
g2_rain_fade,RAIN_FADE,14,,400,2,216,ok,,,1,55.00491701,2012,5,12.04,0.145,11.466,11.424334,887,707,418,2012,2,2,1,5,1.7631E+12,1.7631E+12,light,0.8,80,0,3,4,0.75,0,0,,,,,,,,
g2_rain_fade,RAIN_FADE,14,,400,2,217,ok,,,1,57.132375,2014,5,10.84,0.117,10.577,10.555,888,708,418,2014,2,2,1,5,1.7631E+12,1.7631E+12,light,0.8,80,0,0,2,0,0,0,,,,,,,,
g2_rain_fade,RAIN_FADE,14,,400,2,218,ok,,,1,56.419459,2007,5,11.253,0.115,11.208,11.22308301,885,706,416,2007,2,2,1,5,1.7631E+12,1.7631E+12,light,0.8,80,0,0,2,0,0,0,,,,,,,,
g2_rain_fade,RAIN_FADE,14,,400,2,219,ok,,,1,61.175792,2016,5,10.483,0.118,11.703,11.696209,888,709,419,2016,2,2,1,5,1.7631E+12,1.7631E+12,light,0.8,80,0,0,2,0,0,0,,,,,,,,
g2_rain_fade,RAIN_FADE,14,,400,2,220,ok,,,1,55.379583,2015,5,10.297,0.102,11.336,11.3165,888,708,419,2015,2,2,1,5,1.7631E+12,1.7631E+12,light,0.8,80,0,0,2,0,0,0,,,,,,,,
g2_rain_fade,RAIN_FADE,14,,400,2,221,ok,,,1,58.1465,2017,5,10.603,0.092,11.167,11.152291,889,709,419,2017,2,2,1,5,1.7631E+12,1.7631E+12,light,0.8,80,0,0,2,0,0,0,,,,,,,,
g2_rain_fade,RAIN_FADE,14,,400,2,222,ok,,,1,57.72500001,2017,5,11.147,0.129,10.752,10.729542,889,709,419,2017,2,2,1,5,1.7631E+12,1.7631E+12,light,0.8,80,0,0,2,0,0,0,,,,,,,,
g2_rain_fade,RAIN_FADE,14,,400,2,223,ok,,,1,54.983167,2017,5,10.715,0.164,12.13,12.20970799,889,709,419,2017,2,2,1,5,1.7631E+12,1.7631E+12,light,0.8,80,0,0,2,0,0,0,,,,,,,,
g2_rain_fade,RAIN_FADE,14,,400,2,224,ok,,,1,52.94375,2017,5,10.874,0.113,11.011,11.0125,889,709,419,2017,2,2,1,5,1.7631E+12,1.7631E+12,light,0.8,80,0,0,2,0,0,0,,,,,,,,
g2_rain_fade,RAIN_FADE,14,,400,2,225,ok,,,1,61.677334,2014,5,12.836,0.192,11.222,11.180125,887,708,419,2014,2,2,1,5,1.7631E+12,1.7631E+12,light,0.8,80,0,0,2,0,0,0,,,,,,,,
g2_rain_fade,RAIN_FADE,14,,400,2,226,ok,,,1,55.41541699,2013,5,11.007,0.139,10.817,10.791417,887,708,418,2013,2,2,1,5,1.7631E+12,1.7631E+12,light,0.8,80,0,1,2,0.5,0,0,,,,,,,,
g2_rain_fade,RAIN_FADE,14,,400,2,227,ok,,,1,60.877333,2012,5,10.915,0.081,12.277,12.25725,887,707,418,2012,2,2,1,5,1.7631E+12,1.7631E+12,light,0.8,80,0,0,2,0,0,0,,,,,,,,
g2_rain_fade,RAIN_FADE,14,,400,2,228,ok,,,1,55.75987499,2017,5,10.758,0.118,10.928,10.886792,889,709,419,2017,2,2,1,5,1.7631E+12,1.7631E+12,light,0.8,80,0,1,2,0.5,0,0,,,,,,,,
g2_rain_fade,RAIN_FADE,14,,400,2,229,ok,,,1,58.986458,2012,5,10.696,0.112,11.2,11.162834,887,707,418,2012,2,2,1,5,1.7631E+12,1.7631E+12,light,0.8,80,0,0,2,0,0,0,,,,,,,,
g2_rain_fade,RAIN_FADE,14,,400,2,230,ok,,,1,55.52620799,2017,5,10.425,0.082,11.031,11.071792,889,709,419,2017,2,2,1,5,1.7631E+12,1.7631E+12,light,0.8,80,0,0,2,0,0,0,,,,,,,,
g2_rain_fade,RAIN_FADE,14,,400,2,231,ok,,,1,57.0785,2015,5,10.904,0.121,10.966,10.955417,888,708,419,2015,2,2,1,5,1.7631E+12,1.7631E+12,light,0.8,80,0,1,2,0.5,0,0,,,,,,,,
g2_rain_fade,RAIN_FADE,14,,400,2,232,ok,,,1,54.171917,2015,5,11.053,0.138,11.55,11.52774999,888,709,418,2015,2,2,1,5,1.7631E+12,1.7631E+12,light,0.8,80,0,0,2,0,0,0,,,,,,,,
g2_rain_fade,RAIN_FADE,14,,400,2,233,ok,,,1,55.756916,2015,5,11.048,0.09,11.146,11.218375,888,708,419,2015,2,2,1,5,1.7631E+12,1.7631E+12,light,0.8,80,0,2,2,1,0,0,,,,,,,,
g2_rain_fade,RAIN_FADE,14,,400,2,234,ok,,,1,59.152333,2016,5,10.522,0.126,11.029,11.071709,888,709,419,2016,2,2,1,5,1.7631E+12,1.7631E+12,light,0.8,80,0,0,2,0,0,0,,,,,,,,
g2_rain_fade,RAIN_FADE,14,,400,2,235,ok,,,1,56.9085,2013,5,10.059,0.112,11.387,11.407541,887,708,418,2013,2,2,1,5,1.7631E+12,1.7631E+12,light,0.8,80,0,0,2,0,0,0,,,,,,,,
g2_rain_fade,RAIN_FADE,14,,400,2,236,ok,,,1,54.93625,2015,5,10.522,0.092,10.508,10.473583,888,709,418,2015,2,2,1,5,1.7631E+12,1.7631E+12,light,0.8,80,0,0,2,0,0,0,,,,,,,,
g2_rain_fade,RAIN_FADE,14,,400,2,237,ok,,,1,56.296875,2015,5,11.134,0.111,11.152,11.274208,888,708,419,2015,2,2,1,5,1.7631E+12,1.7631E+12,light,0.8,80,0,0,2,0,0,0,,,,,,,,
g2_rain_fade,RAIN_FADE,14,,400,2,238,ok,,,1,57.485625,2015,5,11.04,0.106,11.033,11.049792,888,708,419,2015,2,2,1,5,1.7631E+12,1.7631E+12,light,0.8,80,0,0,2,0,0,0,,,,,,,,
g2_rain_fade,RAIN_FADE,14,,400,2,239,ok,,,1,67.58725,2015,5,16.465,0.184,13.143,13.154584,888,708,419,2015,2,2,1,5,1.7631E+12,1.7631E+12,light,0.8,80,0,4,5,0.8,0,0,,,,,,,,
g2_rain_fade,RAIN_FADE,14,,400,2,240,ok,,,1,58.382708,2004,5,10.648,0.117,11.207,11.197625,883,708,413,2004,2,2,1,5,1.7631E+12,1.7631E+12,light,0.8,80,0,0,2,0,0,0,,,,,,,,
g2_rain_fade,RAIN_FADE,14,,400,2,241,ok,,,1,65.52475,2014,5,11.33,0.167,12.768,12.741083,888,708,418,2014,2,2,1,5,1.7631E+12,1.7631E+12,light,0.8,80,0,0,2,0,0,0,,,,,,,,
g2_rain_fade,RAIN_FADE,14,,400,2,242,ok,,,1,56.54975,1998,5,11.133,0.125,11.226,11.215208,873,708,417,1998,2,2,1,5,1.7631E+12,1.7631E+12,light,0.8,80,0,0,2,0,0,0,,,,,,,,
g2_rain_fade,RAIN_FADE,14,,400,2,243,ok,,,1,60.235416,2015,5,11.14,0.097,11.462,11.506041,888,709,418,2015,2,2,1,5,1.7631E+12,1.7631E+12,light,0.8,80,0,0,2,0,0,0,,,,,,,,
g2_rain_fade,RAIN_FADE,14,,400,2,244,ok,,,1,58.8365,2007,5,10.501,0.115,11.028,11.03175,885,706,416,2007,2,2,1,5,1.7631E+12,1.7631E+12,light,0.8,80,0,0,2,0,0,0,,,,,,,,
g2_rain_fade,RAIN_FADE,14,,400,2,245,ok,,,1,60.046208,2010,5,10.626,0.115,11.28,11.293709,886,708,416,2010,2,2,1,5,1.7631E+12,1.7631E+12,light,0.8,80,0,0,2,0,0,0,,,,,,,,
g2_rain_fade,RAIN_FADE,14,,400,2,246,ok,,,1,57.343917,2013,5,10.822,0.111,11.465,11.4765,887,708,418,2013,2,2,1,5,1.7631E+12,1.7631E+12,light,0.8,80,0,0,2,0,0,0,,,,,,,,
g2_rain_fade,RAIN_FADE,14,,400,2,247,ok,,,1,56.158125,2017,5,10.923,0.157,11.72,11.719292,889,709,419,2017,2,2,1,5,1.7631E+12,1.7631E+12,light,0.8,80,0,0,2,0,0,0,,,,,,,,
g2_rain_fade,RAIN_FADE,14,,400,2,248,ok,,,1,53.949,2013,5,10.7,0.11,10.83,10.798625,887,708,418,2013,2,2,1,5,1.7631E+12,1.7631E+12,light,0.8,80,0,0,2,0,0,0,,,,,,,,
g2_rain_fade,RAIN_FADE,14,,400,2,249,ok,,,1,62.397375,2015,5,13.19,0.124,11.436,11.444417,888,708,419,2015,2,2,1,5,1.7631E+12,1.7631E+12,light,0.8,80,0,0,2,0,0,0,,,,,,,,
g2_rain_fade,RAIN_FADE,14,,400,2,250,ok,,,1,57.049833,2017,5,10.663,0.107,11.053,11.07725,889,709,419,2017,2,2,1,5,1.7631E+12,1.7631E+12,light,0.8,80,0,0,2,0,0,0,,,,,,,,
g2_rain_fade,RAIN_FADE,14,,400,2,251,ok,,,1,57.374959,2012,5,12.691,0.125,11.062,11.055542,887,707,418,2012,2,2,1,5,1.7631E+12,1.7631E+12,light,0.8,80,0,2,2,1,0,0,,,,,,,,
g2_rain_fade,RAIN_FADE,14,,400,2,252,ok,,,1,56.322292,2012,5,10.369,0.081,11.382,11.43862501,887,708,417,2012,2,2,1,5,1.7631E+12,1.7631E+12,light,0.8,80,0,0,2,0,0,0,,,,,,,,
g2_rain_fade,RAIN_FADE,14,,400,2,253,ok,,,1,55.276792,2014,5,12.122,0.107,10.694,10.675542,888,708,418,2014,2,2,1,5,1.7631E+12,1.7631E+12,light,0.8,80,0,0,2,0,0,0,,,,,,,,
g2_rain_fade,RAIN_FADE,14,,400,2,254,ok,,,1,57.475917,2015,5,12.339,0.111,10.796,10.771833,888,708,419,2015,2,2,1,5,1.7631E+12,1.7631E+12,light,0.8,80,0,0,2,0,0,0,,,,,,,,
g2_rain_fade,RAIN_FADE,14,,400,2,255,ok,,,1,55.308166,2013,5,10.449,0.131,10.411,10.392958,887,708,418,2013,2,2,1,5,1.7631E+12,1.7631E+12,light,0.8,80,0,0,2,0,0,0,,,,,,,,
g2_rain_fade,RAIN_FADE,14,,400,2,256,ok,,,1,67.632042,2013,5,15.158,0.163,12.105,11.921167,887,708,418,2013,2,2,1,5,1.7631E+12,1.7631E+12,light,0.8,80,0,0,2,0,0,0,,,,,,,,
g2_rain_fade,RAIN_FADE,14,,400,2,257,ok,,,1,55.420791,2014,5,11.93,0.114,11.286,11.301792,888,708,418,2014,2,2,1,5,1.7631E+12,1.7631E+12,light,0.8,80,0,0,2,0,0,0,,,,,,,,
g2_rain_fade,RAIN_FADE,14,,400,2,258,ok,,,1,57.260083,2014,5,10.489,0.118,11.157,11.122125,887,709,418,2014,2,2,1,5,1.7631E+12,1.7631E+12,light,0.8,80,0,0,2,0,0,0,,,,,,,,
g2_rain_fade,RAIN_FADE,14,,400,2,259,ok,,,1,56.596708,2015,5,10.558,0.117,11.388,11.37595801,888,708,419,2015,2,2,1,5,1.7631E+12,1.7631E+12,light,0.8,80,0,0,2,0,0,0,,,,,,,,
g2_rain_fade,RAIN_FADE,14,,400,2,260,ok,,,1,53.589167,2013,5,11.996,0.081,10.634,10.613208,887,708,418,2013,2,2,1,5,1.7631E+12,1.7631E+12,light,0.8,80,0,0,2,0,0,0,,,,,,,,
g2_rain_fade,RAIN_FADE,14,,400,2,261,ok,,,1,55.739375,2013,5,10.478,0.127,12.267,12.376,887,708,418,2013,2,2,1,5,1.7631E+12,1.7631E+12,light,0.8,80,0,0,2,0,0,0,,,,,,,,
g2_rain_fade,RAIN_FADE,14,,400,2,262,ok,,,1,56.724209,2013,5,11.718,0.161,10.84,10.8155,887,708,418,2013,2,2,1,5,1.7631E+12,1.7631E+12,light,0.8,80,0,0,2,0,0,0,,,,,,,,
g2_rain_fade,RAIN_FADE,14,,400,2,263,ok,,,1,59.99429199,2014,5,10.363,0.129,12.827,13.30454199,887,708,419,2014,2,2,1,5,1.7631E+12,1.7631E+12,light,0.8,80,0,0,2,0,0,0,,,,,,,,
g2_rain_fade,RAIN_FADE,14,,400,2,264,ok,,,1,47.889875,2014,5,11.309,0.117,10.574,10.54745899,888,708,418,2014,2,2,1,5,1.7631E+12,1.7631E+12,light,0.8,80,0,1,2,0.5,0,0,,,,,,,,
g2_rain_fade,RAIN_FADE,14,,400,2,265,ok,,,1,56.204292,2011,5,12.05,0.113,11.756,11.8035,886,707,418,2011,2,2,1,5,1.7631E+12,1.7631E+12,light,0.8,80,0,0,2,0,0,0,,,,,,,,
g2_rain_fade,RAIN_FADE,14,,400,2,266,ok,,,1,59.961292,2015,5,12.843,0.128,10.738,10.719291,888,708,419,2015,2,2,1,5,1.7631E+12,1.7631E+12,light,0.8,80,0,0,2,0,0,0,,,,,,,,
g2_rain_fade,RAIN_FADE,14,,400,2,267,ok,,,2,59.193125,2014,5,11.492,0.085,11.92,12.000667,887,708,419,2014,2,2,1,5,1.7631E+12,1.7631E+12,light,0.8,80,0,2,4,0.5,0,0,,,,,,,,
g2_rain_fade,RAIN_FADE,14,,400,2,268,ok,,,1,55.424958,2010,5,11.109,0.106,11.807,12.03045801,886,707,417,2010,2,2,1,5,1.7631E+12,1.7631E+12,light,0.8,80,0,0,2,0,0,0,,,,,,,,
g2_rain_fade,RAIN_FADE,14,,400,2,269,ok,,,1,58.855208,2010,5,13.995,0.128,10.957,10.951459,886,707,417,2010,2,2,1,5,1.7631E+12,1.7631E+12,light,0.8,80,0,0,2,0,0,0,,,,,,,,
g2_rain_fade,RAIN_FADE,14,,400,2,270,ok,,,1,57.858459,2012,5,10.358,0.114,10.51,10.48875001,887,707,418,2012,2,2,1,5,1.7631E+12,1.7631E+12,light,0.8,80,0,0,2,0,0,0,,,,,,,,
g2_rain_fade,RAIN_FADE,14,,400,2,271,ok,,,1,54.102708,2011,5,11.944,0.127,10.488,10.457875,887,707,417,2011,2,2,1,5,1.7631E+12,1.7631E+12,light,0.8,80,0,0,2,0,0,0,,,,,,,,
g2_rain_fade,RAIN_FADE,14,,400,2,272,ok,,,1,55.6295,2013,5,11.4,0.131,10.537,10.511791,887,708,418,2013,2,2,1,5,1.7631E+12,1.7631E+12,light,0.8,80,0,0,2,0,0,0,,,,,,,,
g2_rain_fade,RAIN_FADE,14,,400,2,273,ok,,,1,49.798041,2013,5,10.825,0.159,11.793,11.818084,887,708,418,2013,2,2,1,5,1.7631E+12,1.7631E+12,light,0.8,80,0,1,2,0.5,0,0,,,,,,,,
g2_rain_fade,RAIN_FADE,14,,400,2,274,ok,,,1,55.763375,2017,5,10.322,0.099,12.437,12.517375,889,709,419,2017,2,2,1,5,1.7631E+12,1.7631E+12,light,0.8,80,0,0,2,0,0,0,,,,,,,,
g2_rain_fade,RAIN_FADE,14,,400,2,275,ok,,,1,56.354833,2011,5,10.729,0.119,10.684,10.655375,886,708,417,2011,2,2,1,5,1.7631E+12,1.7631E+12,light,0.8,80,0,0,2,0,0,0,,,,,,,,
g2_rain_fade,RAIN_FADE,14,,400,2,276,ok,,,1,54.962708,2012,5,11.086,0.094,11.695,11.721667,887,707,418,2012,2,2,1,5,1.7631E+12,1.7631E+12,light,0.8,80,0,1,2,0.5,0,0,,,,,,,,
g2_rain_fade,RAIN_FADE,14,,400,2,277,ok,,,1,58.759708,2009,5,10.46,0.14,10.966,10.949834,886,706,417,2009,2,2,1,5,1.7631E+12,1.7631E+12,light,0.8,80,0,0,2,0,0,0,,,,,,,,
g2_rain_fade,RAIN_FADE,14,,400,2,278,ok,,,1,53.895292,2015,5,10.488,0.131,11.587,11.559166,888,708,419,2015,2,2,1,5,1.7631E+12,1.7631E+12,light,0.8,80,0,0,2,0,0,0,,,,,,,,
g2_rain_fade,RAIN_FADE,14,,400,2,279,ok,,,1,60.185416,2014,5,11.59,0.15,12.635,12.679125,888,708,418,2014,2,2,1,5,1.7631E+12,1.7631E+12,light,0.8,80,0,0,2,0,0,0,,,,,,,,
g2_rain_fade,RAIN_FADE,14,,400,2,280,ok,,,1,59.67729101,2012,5,12.588,0.148,12.251,12.366375,887,707,418,2012,2,2,1,5,1.7631E+12,1.7631E+12,light,0.8,80,0,1,2,0.5,0,0,,,,,,,,
g2_rain_fade,RAIN_FADE,14,,400,2,281,ok,,,1,57.565708,2012,5,10.39,0.166,12.279,12.608291,886,708,418,2012,2,2,1,5,1.7631E+12,1.7631E+12,light,0.8,80,0,0,2,0,0,0,,,,,,,,
g2_rain_fade,RAIN_FADE,14,,400,2,282,ok,,,1,63.381375,2012,5,14.719,0.136,12.025,12.118125,887,708,417,2012,2,2,1,5,1.7631E+12,1.7631E+12,light,0.8,80,0,0,2,0,0,0,,,,,,,,
g2_rain_fade,RAIN_FADE,14,,400,2,283,ok,,,1,58.544042,2008,5,10.429,0.145,12.699,12.813125,885,706,417,2008,2,2,1,5,1.7631E+12,1.7631E+12,light,0.8,80,0,0,2,0,0,0,,,,,,,,
g2_rain_fade,RAIN_FADE,14,,400,2,284,ok,,,1,56.136958,2015,5,11.261,0.133,12.816,13.0135,888,708,419,2015,2,2,1,5,1.7631E+12,1.7631E+12,light,0.8,80,0,0,2,0,0,0,,,,,,,,
g2_rain_fade,RAIN_FADE,14,,400,2,285,ok,,,1,55.110375,2015,5,10.219,0.121,12.498,12.597334,888,708,419,2015,2,2,1,5,1.7631E+12,1.7631E+12,light,0.8,80,0,1,2,0.5,0,0,,,,,,,,
g2_rain_fade,RAIN_FADE,14,,400,2,286,ok,,,1,50.20045899,2017,5,10.638,0.103,11.358,11.355166,889,709,419,2017,2,2,1,5,1.7631E+12,1.7631E+12,light,0.8,80,0,0,2,0,0,0,,,,,,,,
g2_rain_fade,RAIN_FADE,14,,400,2,287,ok,,,1,56.569542,2015,5,11.513,0.111,10.711,10.677,888,708,419,2015,2,2,1,5,1.7631E+12,1.7631E+12,light,0.8,80,0,2,2,1,0,0,,,,,,,,
g2_rain_fade,RAIN_FADE,14,,400,2,288,ok,,,1,61.756166,2015,5,11.603,0.09,11.592,11.638542,888,708,419,2015,2,2,1,5,1.7631E+12,1.7631E+12,light,0.8,80,0,2,2,1,0,0,,,,,,,,
g2_rain_fade,RAIN_FADE,14,,400,2,289,ok,,,1,56.12733401,2013,5,12.453,0.125,11.191,11.151167,887,708,418,2013,2,2,1,5,1.7631E+12,1.7631E+12,light,0.8,80,0,0,2,0,0,0,,,,,,,,
g2_rain_fade,RAIN_FADE,14,,400,2,290,ok,,,1,59.891833,2015,5,11.685,0.121,11.591,11.574417,888,709,418,2015,2,2,1,5,1.7631E+12,1.7631E+12,light,0.8,80,0,2,2,1,0,0,,,,,,,,
g2_rain_fade,RAIN_FADE,14,,400,2,291,ok,,,1,60.4885,2016,5,13.444,0.119,11.689,11.995791,888,709,419,2016,2,2,1,5,1.7631E+12,1.7631E+12,light,0.8,80,0,0,2,0,0,0,,,,,,,,
g2_rain_fade,RAIN_FADE,14,,400,2,292,ok,,,1,48.549042,2017,5,10.469,0.095,11.097,11.128042,889,709,419,2017,2,2,1,5,1.7631E+12,1.7631E+12,light,0.8,80,0,1,2,0.5,0,0,,,,,,,,
g2_rain_fade,RAIN_FADE,14,,400,2,293,ok,,,1,56.977333,2014,5,10.571,0.124,11.291,11.661959,888,708,418,2014,2,2,1,5,1.7631E+12,1.7631E+12,light,0.8,80,0,0,2,0,0,0,,,,,,,,
g2_rain_fade,RAIN_FADE,14,,400,2,294,ok,,,1,58.134125,2010,5,10.669,0.106,11.72,11.778834,885,707,418,2010,2,2,1,5,1.7631E+12,1.7631E+12,light,0.8,80,0,0,2,0,0,0,,,,,,,,
g2_rain_fade,RAIN_FADE,14,,400,2,295,ok,,,1,57.57275,2014,5,13.5,0.137,11.943,11.964792,887,708,419,2014,2,2,1,5,1.7631E+12,1.7631E+12,light,0.8,80,0,0,2,0,0,0,,,,,,,,
g2_rain_fade,RAIN_FADE,14,,400,2,296,ok,,,1,58.217375,2013,5,10.798,0.091,11.28,11.280875,887,708,418,2013,2,2,1,5,1.7631E+12,1.7631E+12,light,0.8,80,0,0,2,0,0,0,,,,,,,,
g2_rain_fade,RAIN_FADE,14,,400,2,297,ok,,,1,56.246584,2010,5,11.644,0.102,11.032,11.17437499,886,706,418,2010,2,2,1,5,1.7631E+12,1.7631E+12,light,0.8,80,0,0,2,0,0,0,,,,,,,,
g2_rain_fade,RAIN_FADE,14,,400,2,298,ok,,,1,59.59875001,2015,5,11.46,0.123,11.186,11.160292,888,708,419,2015,2,2,1,5,1.7631E+12,1.7631E+12,light,0.8,80,0,1,2,0.5,0,0,,,,,,,,
g2_rain_fade,RAIN_FADE,14,,400,2,299,ok,,,1,51.90141701,2014,5,12.189,0.078,11.054,11.052583,887,708,419,2014,2,2,1,5,1.7631E+12,1.7631E+12,light,0.8,80,0,1,2,0.5,0,0,,,,,,,,
g2_rain_fade,RAIN_FADE,14,,400,2,300,ok,,,1,53.003333,2014,5,12.685,0.108,11.35,11.367584,888,708,418,2014,2,2,1,5,1.7631E+12,1.7631E+12,light,0.8,80,0,0,2,0,0,0,,,,,,,,
g2_rain_fade,RAIN_FADE,14,,300,2,1,ok,,,1,57.751542,2017,5,10.366,0.113,11.493,11.494167,889,709,419,2017,2,2,1,5,1.7631E+12,1.7631E+12,moderate,0.5,50,0,0,2,0,0,0,,,,,,,,
g2_rain_fade,RAIN_FADE,14,,300,2,2,ok,,,1,57.477791,2017,5,11.784,0.1,10.391,10.36633401,889,709,419,2017,2,2,1,5,1.7631E+12,1.7631E+12,moderate,0.5,50,0,0,2,0,0,0,,,,,,,,
g2_rain_fade,RAIN_FADE,14,,300,2,3,ok,,,1,60.0645,2012,5,16.188,0.2,12.974,13.003167,887,707,418,2012,2,2,1,5,1.7631E+12,1.7631E+12,moderate,0.5,50,0,4,5,0.8,0,0,,,,,,,,
g2_rain_fade,RAIN_FADE,14,,300,2,4,ok,,,1,54.931417,2010,5,10.338,0.111,11.493,11.477042,886,708,416,2010,2,2,1,5,1.7631E+12,1.7631E+12,moderate,0.5,50,0,0,2,0,0,0,,,,,,,,
g2_rain_fade,RAIN_FADE,14,,300,2,5,ok,,,1,56.808333,2016,5,10.649,0.139,10.843,10.808875,888,709,419,2016,2,2,1,5,1.7631E+12,1.7631E+12,moderate,0.5,50,0,0,2,0,0,0,,,,,,,,
g2_rain_fade,RAIN_FADE,14,,300,2,6,ok,,,1,53.895042,2014,5,10.655,0.098,11.289,11.049417,888,708,418,2014,2,2,1,5,1.7631E+12,1.7631E+12,moderate,0.5,50,0,0,2,0,0,0,,,,,,,,
g2_rain_fade,RAIN_FADE,14,,300,2,7,ok,,,1,56.84249999,2014,5,10.525,0.098,11.204,11.375208,888,708,418,2014,2,2,1,5,1.7631E+12,1.7631E+12,moderate,0.5,50,0,0,2,0,0,0,,,,,,,,
g2_rain_fade,RAIN_FADE,14,,300,2,8,ok,,,1,55.98975,2012,5,12.282,0.083,11.032,11.042084,887,708,417,2012,2,2,1,5,1.7631E+12,1.7631E+12,moderate,0.5,50,0,0,2,0,0,0,,,,,,,,
g2_rain_fade,RAIN_FADE,14,,300,2,9,ok,,,1,56.9305,2015,5,11.17,0.131,10.372,10.355708,888,708,419,2015,2,2,1,5,1.7631E+12,1.7631E+12,moderate,0.5,50,0,0,2,0,0,0,,,,,,,,
g2_rain_fade,RAIN_FADE,14,,300,2,10,ok,,,1,60.165625,2009,5,11.13,0.103,11.894,11.910292,886,706,417,2009,2,2,1,5,1.7631E+12,1.7631E+12,moderate,0.5,50,0,0,2,0,0,0,,,,,,,,
g2_rain_fade,RAIN_FADE,14,,300,2,11,ok,,,1,57.998667,2011,5,11.73,0.139,11.299,11.259,886,707,418,2011,2,2,1,5,1.7631E+12,1.7631E+12,moderate,0.5,50,0,2,4,0.5,0,0,,,,,,,,
g2_rain_fade,RAIN_FADE,14,,300,2,12,ok,,,1,58.148333,2013,5,10.389,0.139,11.506,11.490417,887,707,419,2013,2,2,1,5,1.7631E+12,1.7631E+12,moderate,0.5,50,0,0,2,0,0,0,,,,,,,,
g2_rain_fade,RAIN_FADE,14,,300,2,13,ok,,,1,58.902666,2014,5,11.042,0.1,11.337,11.326875,887,708,419,2014,2,2,1,5,1.7631E+12,1.7631E+12,moderate,0.5,50,0,0,2,0,0,0,,,,,,,,
g2_rain_fade,RAIN_FADE,14,,300,2,14,ok,,,1,54.474625,2015,5,10.694,0.102,10.793,10.787958,888,709,418,2015,2,2,1,5,1.7631E+12,1.7631E+12,moderate,0.5,50,0,0,2,0,0,0,,,,,,,,
g2_rain_fade,RAIN_FADE,14,,300,2,15,ok,,,1,55.090583,2011,5,11.139,0.117,11.093,11.095791,886,708,417,2011,2,2,1,5,1.7631E+12,1.7631E+12,moderate,0.5,50,0,1,2,0.5,0,0,,,,,,,,
g2_rain_fade,RAIN_FADE,14,,300,2,16,ok,,,1,57.339333,2010,5,10.825,0.131,11.34,11.370792,886,707,417,2010,2,2,1,5,1.7631E+12,1.7631E+12,moderate,0.5,50,0,0,2,0,0,0,,,,,,,,
g2_rain_fade,RAIN_FADE,14,,300,2,17,ok,,,1,56.834375,2012,5,10.548,0.113,11.389,11.380709,887,708,417,2012,2,2,1,5,1.7631E+12,1.7631E+12,moderate,0.5,50,0,0,2,0,0,0,,,,,,,,
g2_rain_fade,RAIN_FADE,14,,300,2,18,ok,,,1,55.899583,2014,5,11.247,0.114,10.748,10.729458,888,708,418,2014,2,2,1,5,1.7631E+12,1.7631E+12,moderate,0.5,50,0,0,2,0,0,0,,,,,,,,
g2_rain_fade,RAIN_FADE,14,,300,2,19,ok,,,1,52.394125,2011,5,10.604,0.078,10.356,10.33541701,886,707,418,2011,2,2,1,5,1.7631E+12,1.7631E+12,moderate,0.5,50,0,0,2,0,0,0,,,,,,,,
g2_rain_fade,RAIN_FADE,14,,300,2,20,ok,,,1,62.391291,2012,5,12.341,0.104,10.58,10.558375,886,709,417,2012,2,2,1,5,1.7631E+12,1.7631E+12,moderate,0.5,50,0,2,2,1,0,0,,,,,,,,
g2_rain_fade,RAIN_FADE,14,,300,2,21,ok,,,1,61.768125,2014,5,11.343,0.141,10.503,10.480875,887,709,418,2014,2,2,1,5,1.7631E+12,1.7631E+12,moderate,0.5,50,0,2,2,1,0,0,,,,,,,,
g2_rain_fade,RAIN_FADE,14,,300,2,22,ok,,,1,56.95808399,2014,5,10.329,0.128,11.993,11.965791,888,708,418,2014,2,2,1,5,1.7631E+12,1.7631E+12,moderate,0.5,50,0,0,2,0,0,0,,,,,,,,
g2_rain_fade,RAIN_FADE,14,,300,2,23,ok,,,1,56.854959,2017,5,11.433,0.127,10.667,10.644042,889,709,419,2017,2,2,1,5,1.7631E+12,1.7631E+12,moderate,0.5,50,0,2,2,1,0,0,,,,,,,,
g2_rain_fade,RAIN_FADE,14,,300,2,24,ok,,,1,54.911459,2010,5,10.957,0.099,11.558,11.597709,885,707,418,2010,2,2,1,5,1.7631E+12,1.7631E+12,moderate,0.5,50,0,0,2,0,0,0,,,,,,,,
g2_rain_fade,RAIN_FADE,14,,300,2,25,ok,,,1,52.214583,2012,5,10.725,0.127,10.582,10.559875,887,708,417,2012,2,2,1,5,1.7631E+12,1.7631E+12,moderate,0.5,50,0,0,2,0,0,0,,,,,,,,
g2_rain_fade,RAIN_FADE,14,,300,2,26,ok,,,1,58.706791,2012,5,10.794,0.103,11.043,11.009709,887,708,417,2012,2,2,1,5,1.7631E+12,1.7631E+12,moderate,0.5,50,0,0,2,0,0,0,,,,,,,,
g2_rain_fade,RAIN_FADE,14,,300,2,27,ok,,,1,56.032834,2017,5,10.442,0.14,11.572,11.559166,889,709,419,2017,2,2,1,5,1.7631E+12,1.7631E+12,moderate,0.5,50,0,0,2,0,0,0,,,,,,,,
g2_rain_fade,RAIN_FADE,14,,300,2,28,ok,,,1,56.382,2016,5,10.421,0.15,11.369,11.354833,888,709,419,2016,2,2,1,5,1.7631E+12,1.7631E+12,moderate,0.5,50,0,1,2,0.5,0,0,,,,,,,,
g2_rain_fade,RAIN_FADE,14,,300,2,29,ok,,,1,61.904333,2017,5,10.298,0.072,10.793,10.762875,889,709,419,2017,2,2,1,5,1.7631E+12,1.7631E+12,moderate,0.5,50,0,2,2,1,0,0,,,,,,,,
g2_rain_fade,RAIN_FADE,14,,300,2,30,ok,,,1,63.368083,2017,5,10.268,0.089,10.651,10.628291,889,709,419,2017,2,2,1,5,1.7631E+12,1.7631E+12,moderate,0.5,50,0,2,2,1,0,0,,,,,,,,
g2_rain_fade,RAIN_FADE,14,,300,2,31,ok,,,1,53.225417,2013,5,10.875,0.138,10.657,10.636375,887,708,418,2013,2,2,1,5,1.7631E+12,1.7631E+12,moderate,0.5,50,0,0,2,0,0,0,,,,,,,,
g2_rain_fade,RAIN_FADE,14,,300,2,32,ok,,,1,58.2705,2014,5,11.163,0.091,10.692,10.666625,888,708,418,2014,2,2,1,5,1.7631E+12,1.7631E+12,moderate,0.5,50,0,2,2,1,0,0,,,,,,,,
g2_rain_fade,RAIN_FADE,14,,300,2,33,ok,,,1,55.530042,2012,5,10.746,0.127,10.751,10.737708,887,708,417,2012,2,2,1,5,1.7631E+12,1.7631E+12,moderate,0.5,50,0,2,2,1,0,0,,,,,,,,
g2_rain_fade,RAIN_FADE,14,,300,2,34,ok,,,1,69.7215,2014,5,19.734,0.175,12.254,12.184208,888,708,418,2014,2,2,1,5,1.7631E+12,1.7631E+12,moderate,0.5,50,0,6,7,0.857142857,0,0,,,,,,,,
g2_rain_fade,RAIN_FADE,14,,300,2,35,ok,,,2,52.634958,2014,5,10.612,0.127,11.025,11.014667,888,708,418,2014,2,2,1,5,1.7631E+12,1.7631E+12,moderate,0.5,50,0,2,3,0.666666667,0,0,,,,,,,,
g2_rain_fade,RAIN_FADE,14,,300,2,36,ok,,,1,55.558709,2017,5,12.502,0.13,10.726,10.690958,889,709,419,2017,2,2,1,5,1.7631E+12,1.7631E+12,moderate,0.5,50,0,1,2,0.5,0,0,,,,,,,,
g2_rain_fade,RAIN_FADE,14,,300,2,37,ok,,,1,60.33525,2017,5,10.553,0.1,10.77,10.748625,889,709,419,2017,2,2,1,5,1.7631E+12,1.7631E+12,moderate,0.5,50,0,0,2,0,0,0,,,,,,,,
g2_rain_fade,RAIN_FADE,14,,300,2,38,ok,,,1,54.432916,2017,5,10.533,0.111,11.279,11.282583,889,709,419,2017,2,2,1,5,1.7631E+12,1.7631E+12,moderate,0.5,50,0,2,2,1,0,0,,,,,,,,
g2_rain_fade,RAIN_FADE,14,,300,2,39,ok,,,1,53.038542,2016,5,10.157,0.118,11.235,11.223042,888,709,419,2016,2,2,1,5,1.7631E+12,1.7631E+12,moderate,0.5,50,0,2,2,1,0,0,,,,,,,,
g2_rain_fade,RAIN_FADE,14,,300,2,40,ok,,,1,55.531791,2014,5,10.383,0.132,10.584,10.560042,888,708,418,2014,2,2,1,5,1.7631E+12,1.7631E+12,moderate,0.5,50,0,2,2,1,0,0,,,,,,,,
g2_rain_fade,RAIN_FADE,14,,300,2,41,ok,,,1,58.385416,2017,5,11.836,0.091,10.538,10.518041,889,709,419,2017,2,2,1,5,1.7631E+12,1.7631E+12,moderate,0.5,50,0,0,2,0,0,0,,,,,,,,
g2_rain_fade,RAIN_FADE,14,,300,2,42,ok,,,1,55.872417,2015,5,10.916,0.105,11.421,11.44900001,888,708,419,2015,2,2,1,5,1.7631E+12,1.7631E+12,moderate,0.5,50,0,0,2,0,0,0,,,,,,,,
g2_rain_fade,RAIN_FADE,14,,300,2,43,ok,,,1,56.296542,2012,5,10.464,0.142,11.155,11.164209,887,707,418,2012,2,2,1,5,1.7631E+12,1.7631E+12,moderate,0.5,50,0,0,2,0,0,0,,,,,,,,
g2_rain_fade,RAIN_FADE,14,,300,2,44,ok,,,1,56.100375,2015,5,10.358,0.1,11.147,11.145958,888,708,419,2015,2,2,1,5,1.7631E+12,1.7631E+12,moderate,0.5,50,0,0,2,0,0,0,,,,,,,,
g2_rain_fade,RAIN_FADE,14,,300,2,45,ok,,,1,50.607292,2010,5,10.591,0.133,11.227,11.233583,886,708,416,2010,2,2,1,5,1.7631E+12,1.7631E+12,moderate,0.5,50,0,0,2,0,0,0,,,,,,,,
g2_rain_fade,RAIN_FADE,14,,300,2,46,ok,,,1,54.97475,2010,5,10.471,0.107,11.406,11.396125,886,707,417,2010,2,2,1,5,1.7631E+12,1.7631E+12,moderate,0.5,50,0,0,2,0,0,0,,,,,,,,
g2_rain_fade,RAIN_FADE,14,,300,2,47,ok,,,1,54.398958,2010,5,12.051,0.112,10.493,10.47575,886,707,417,2010,2,2,1,5,1.7631E+12,1.7631E+12,moderate,0.5,50,0,0,2,0,0,0,,,,,,,,
g2_rain_fade,RAIN_FADE,14,,300,2,48,ok,,,1,63.271084,2013,5,14.214,0.145,12.251,12.242375,887,708,418,2013,2,2,1,5,1.7631E+12,1.7631E+12,moderate,0.5,50,0,0,2,0,0,0,,,,,,,,
g2_rain_fade,RAIN_FADE,14,,300,2,49,ok,,,1,53.708541,2016,5,10.326,0.117,11.651,11.639458,888,709,419,2016,2,2,1,5,1.7631E+12,1.7631E+12,moderate,0.5,50,0,0,2,0,0,0,,,,,,,,
g2_rain_fade,RAIN_FADE,14,,300,2,50,ok,,,1,61.3105,2012,5,11.888,0.152,11.651,11.62633301,887,707,418,2012,2,2,1,5,1.7631E+12,1.7631E+12,moderate,0.5,50,0,2,2,1,0,0,,,,,,,,
g2_rain_fade,RAIN_FADE,14,,300,2,51,ok,,,1,56.271541,2014,5,10.517,0.121,11.076,11.105791,888,708,418,2014,2,2,1,5,1.7631E+12,1.7631E+12,moderate,0.5,50,0,0,2,0,0,0,,,,,,,,
g2_rain_fade,RAIN_FADE,14,,300,2,52,ok,,,1,57.132625,2010,5,10.534,0.128,11.39,11.370875,886,707,417,2010,2,2,1,5,1.7631E+12,1.7631E+12,moderate,0.5,50,0,0,2,0,0,0,,,,,,,,
g2_rain_fade,RAIN_FADE,14,,300,2,53,ok,,,1,57.476667,2012,5,11.408,0.086,10.499,10.480125,887,707,418,2012,2,2,1,5,1.7631E+12,1.7631E+12,moderate,0.5,50,0,1,2,0.5,0,0,,,,,,,,
g2_rain_fade,RAIN_FADE,14,,300,2,54,ok,,,1,57.880292,2014,5,10.576,0.1,10.737,10.719291,888,708,418,2014,2,2,1,5,1.7631E+12,1.7631E+12,moderate,0.5,50,0,2,2,1,0,0,,,,,,,,
g2_rain_fade,RAIN_FADE,14,,300,2,55,ok,,,1,57.831,2014,5,10.345,0.093,10.578,10.546625,887,708,419,2014,2,2,1,5,1.7631E+12,1.7631E+12,moderate,0.5,50,0,0,2,0,0,0,,,,,,,,
g2_rain_fade,RAIN_FADE,14,,300,2,56,ok,,,1,57.728291,2017,5,11.065,0.1,11.174,11.188041,889,709,419,2017,2,2,1,5,1.7631E+12,1.7631E+12,moderate,0.5,50,0,2,2,1,0,0,,,,,,,,
g2_rain_fade,RAIN_FADE,14,,300,2,57,ok,,,1,62.154709,2015,5,13.815,0.185,12.452,12.49325,888,709,418,2015,2,2,1,5,1.7631E+12,1.7631E+12,moderate,0.5,50,0,3,7,0.428571429,0,0,,,,,,,,
g2_rain_fade,RAIN_FADE,14,,300,2,58,ok,,,1,55.504667,2014,5,10.197,0.094,11.66,11.695,888,708,418,2014,2,2,1,5,1.7631E+12,1.7631E+12,moderate,0.5,50,0,0,2,0,0,0,,,,,,,,
g2_rain_fade,RAIN_FADE,14,,300,2,59,ok,,,1,58.1025,2015,5,10.252,0.109,12.734,12.772667,888,709,418,2015,2,2,1,5,1.7631E+12,1.7631E+12,moderate,0.5,50,0,2,2,1,0,0,,,,,,,,
g2_rain_fade,RAIN_FADE,14,,300,2,60,ok,,,1,53.5475,2017,5,10.506,0.115,10.726,10.724791,889,709,419,2017,2,2,1,5,1.7631E+12,1.7631E+12,moderate,0.5,50,0,0,2,0,0,0,,,,,,,,
g2_rain_fade,RAIN_FADE,14,,300,2,61,ok,,,1,57.567333,2012,5,10.452,0.082,10.852,10.86975,887,708,417,2012,2,2,1,5,1.7631E+12,1.7631E+12,moderate,0.5,50,0,2,2,1,0,0,,,,,,,,
g2_rain_fade,RAIN_FADE,14,,300,2,62,ok,,,1,58.202834,2015,5,12.831,0.136,10.648,10.616958,888,709,418,2015,2,2,1,5,1.7631E+12,1.7631E+12,moderate,0.5,50,0,0,2,0,0,0,,,,,,,,
g2_rain_fade,RAIN_FADE,14,,300,2,63,ok,,,1,59.906958,2014,5,11.379,0.119,10.908,10.878667,887,708,419,2014,2,2,1,5,1.7631E+12,1.7631E+12,moderate,0.5,50,0,0,2,0,0,0,,,,,,,,
g2_rain_fade,RAIN_FADE,14,,300,2,64,ok,,,1,58.560125,2015,5,10.581,0.087,11.415,11.443125,888,708,419,2015,2,2,1,5,1.7631E+12,1.7631E+12,moderate,0.5,50,0,0,2,0,0,0,,,,,,,,
g2_rain_fade,RAIN_FADE,14,,300,2,65,ok,,,1,54.88325,2014,5,10.633,0.11,10.996,10.983792,888,708,418,2014,2,2,1,5,1.7631E+12,1.7631E+12,moderate,0.5,50,0,0,2,0,0,0,,,,,,,,
g2_rain_fade,RAIN_FADE,14,,300,2,66,ok,,,1,56.376917,2012,5,11.264,0.12,11.701,11.729291,887,708,417,2012,2,2,1,5,1.7631E+12,1.7631E+12,moderate,0.5,50,0,2,2,1,0,0,,,,,,,,
g2_rain_fade,RAIN_FADE,14,,300,2,67,ok,,,1,51.671042,2013,5,10.581,0.126,10.774,10.757125,887,708,418,2013,2,2,1,5,1.7631E+12,1.7631E+12,moderate,0.5,50,0,1,2,0.5,0,0,,,,,,,,
g2_rain_fade,RAIN_FADE,14,,300,2,68,ok,,,1,59.338583,2013,5,11.072,0.109,11.417,11.409791,887,707,419,2013,2,2,1,5,1.7631E+12,1.7631E+12,moderate,0.5,50,0,1,2,0.5,0,0,,,,,,,,
g2_rain_fade,RAIN_FADE,14,,300,2,69,ok,,,1,50.436709,2015,5,10.606,0.138,11.059,11.069042,888,709,418,2015,2,2,1,5,1.7631E+12,1.7631E+12,moderate,0.5,50,0,2,2,1,0,0,,,,,,,,
g2_rain_fade,RAIN_FADE,14,,300,2,70,ok,,,1,58.729875,2014,5,15.67,0.152,11.048,11.02149999,888,708,418,2014,2,2,1,5,1.7631E+12,1.7631E+12,moderate,0.5,50,0,4,4,1,0,0,,,,,,,,
g2_rain_fade,RAIN_FADE,14,,300,2,71,ok,,,1,60.535792,2012,5,10.49,0.124,11.649,11.631917,887,708,417,2012,2,2,1,5,1.7631E+12,1.7631E+12,moderate,0.5,50,0,0,2,0,0,0,,,,,,,,
g2_rain_fade,RAIN_FADE,14,,300,2,72,ok,,,1,54.236375,2015,5,11.081,0.121,10.784,10.770875,888,709,418,2015,2,2,1,5,1.7631E+12,1.7631E+12,moderate,0.5,50,0,0,2,0,0,0,,,,,,,,
g2_rain_fade,RAIN_FADE,14,,300,2,73,ok,,,1,58.969584,2015,5,10.719,0.092,11.365,11.508333,888,708,419,2015,2,2,1,5,1.7631E+12,1.7631E+12,moderate,0.5,50,0,0,2,0,0,0,,,,,,,,
g2_rain_fade,RAIN_FADE,14,,300,2,74,ok,,,1,58.382875,2014,5,10.596,0.086,11.536,11.539417,888,708,418,2014,2,2,1,5,1.7631E+12,1.7631E+12,moderate,0.5,50,0,0,2,0,0,0,,,,,,,,
g2_rain_fade,RAIN_FADE,14,,300,2,75,ok,,,1,60.116,2008,5,10.743,0.107,12.231,12.377375,885,707,416,2008,2,2,1,5,1.7631E+12,1.7631E+12,moderate,0.5,50,0,0,2,0,0,0,,,,,,,,
g2_rain_fade,RAIN_FADE,14,,300,2,76,ok,,,1,53.955834,2017,5,10.527,0.172,10.487,10.464584,889,709,419,2017,2,2,1,5,1.7631E+12,1.7631E+12,moderate,0.5,50,0,0,2,0,0,0,,,,,,,,
g2_rain_fade,RAIN_FADE,14,,300,2,77,ok,,,1,63.890625,2012,5,11.07,0.102,11.474,11.508833,887,707,418,2012,2,2,1,5,1.7631E+12,1.7631E+12,moderate,0.5,50,0,2,2,1,0,0,,,,,,,,
g2_rain_fade,RAIN_FADE,14,,300,2,78,ok,,,1,56.4645,2012,5,12.384,0.137,10.882,10.877667,887,707,418,2012,2,2,1,5,1.7631E+12,1.7631E+12,moderate,0.5,50,0,0,2,0,0,0,,,,,,,,
g2_rain_fade,RAIN_FADE,14,,300,2,79,ok,,,1,56.134083,2015,5,10.796,0.13,10.644,10.628708,888,708,419,2015,2,2,1,5,1.7631E+12,1.7631E+12,moderate,0.5,50,0,0,2,0,0,0,,,,,,,,
g2_rain_fade,RAIN_FADE,14,,300,2,80,ok,,,1,58.158834,2013,5,10.517,0.119,11.899,11.89383301,887,708,418,2013,2,2,1,5,1.7631E+12,1.7631E+12,moderate,0.5,50,0,0,2,0,0,0,,,,,,,,
g2_rain_fade,RAIN_FADE,14,,300,2,81,ok,,,1,58.980625,2015,5,10.276,0.11,12.561,12.578042,888,708,419,2015,2,2,1,5,1.7631E+12,1.7631E+12,moderate,0.5,50,0,1,2,0.5,0,0,,,,,,,,
g2_rain_fade,RAIN_FADE,14,,300,2,82,ok,,,1,59.405125,2015,5,11.81,0.122,11.95,12.083209,888,709,418,2015,2,2,1,5,1.7631E+12,1.7631E+12,moderate,0.5,50,0,0,2,0,0,0,,,,,,,,
g2_rain_fade,RAIN_FADE,14,,300,2,83,ok,,,1,52.725375,2015,5,10.359,0.107,11.602,11.600542,888,708,419,2015,2,2,1,5,1.7631E+12,1.7631E+12,moderate,0.5,50,0,2,4,0.5,0,0,,,,,,,,
g2_rain_fade,RAIN_FADE,14,,300,2,84,ok,,,1,56.770126,2009,5,10.46,0.13,10.909,10.881291,885,707,417,2009,2,2,1,5,1.7631E+12,1.7631E+12,moderate,0.5,50,0,2,2,1,0,0,,,,,,,,
g2_rain_fade,RAIN_FADE,14,,300,2,85,ok,,,2,60.736875,2014,5,12.179,0.14,11.251,11.250375,887,709,418,2014,2,2,1,5,1.7631E+12,1.7631E+12,moderate,0.5,50,0,1,3,0.333333333,0,0,,,,,,,,
g2_rain_fade,RAIN_FADE,14,,300,2,86,ok,,,1,55.741208,2015,5,10.316,0.105,11.448,11.497,888,708,419,2015,2,2,1,5,1.7631E+12,1.7631E+12,moderate,0.5,50,0,0,2,0,0,0,,,,,,,,
g2_rain_fade,RAIN_FADE,14,,300,2,87,ok,,,1,58.055333,2015,5,10.564,0.104,11.321,11.301291,888,708,419,2015,2,2,1,5,1.7631E+12,1.7631E+12,moderate,0.5,50,0,0,2,0,0,0,,,,,,,,
g2_rain_fade,RAIN_FADE,14,,300,2,88,ok,,,1,58.036375,2015,5,11.142,0.117,10.624,10.628209,888,708,419,2015,2,2,1,5,1.7631E+12,1.7631E+12,moderate,0.5,50,0,0,2,0,0,0,,,,,,,,
g2_rain_fade,RAIN_FADE,14,,300,2,89,ok,,,1,61.853458,2015,5,11.937,0.12,10.85,10.825833,888,709,418,2015,2,2,1,5,1.7631E+12,1.7631E+12,moderate,0.5,50,0,0,2,0,0,0,,,,,,,,
g2_rain_fade,RAIN_FADE,14,,300,2,90,ok,,,1,57.922167,2014,5,11.102,0.103,11.139,11.106791,887,708,419,2014,2,2,1,5,1.7631E+12,1.7631E+12,moderate,0.5,50,0,0,2,0,0,0,,,,,,,,
g2_rain_fade,RAIN_FADE,14,,300,2,91,ok,,,1,57.309792,2010,5,10.699,0.096,10.477,10.459459,886,708,416,2010,2,2,1,5,1.7631E+12,1.7631E+12,moderate,0.5,50,0,1,2,0.5,0,0,,,,,,,,
g2_rain_fade,RAIN_FADE,14,,300,2,92,ok,,,1,51.129375,2015,5,10.781,0.144,10.728,10.702375,887,709,419,2015,2,2,1,5,1.7631E+12,1.7631E+12,moderate,0.5,50,0,0,2,0,0,0,,,,,,,,
g2_rain_fade,RAIN_FADE,14,,300,2,93,ok,,,1,56.709375,2014,5,11.452,0.095,11.771,11.81625,888,708,418,2014,2,2,1,5,1.7631E+12,1.7631E+12,moderate,0.5,50,0,2,2,1,0,0,,,,,,,,
g2_rain_fade,RAIN_FADE,14,,300,2,94,ok,,,2,62.936375,2012,5,16.57,0.148,11.103,11.136,887,707,418,2012,2,2,1,5,1.7631E+12,1.7631E+12,moderate,0.5,50,0,3,4,0.75,0,0,,,,,,,,
g2_rain_fade,RAIN_FADE,14,,300,2,95,ok,,,1,55.04025,2013,5,11.296,0.116,11.201,11.173167,887,708,418,2013,2,2,1,5,1.7631E+12,1.7631E+12,moderate,0.5,50,0,2,2,1,0,0,,,,,,,,
g2_rain_fade,RAIN_FADE,14,,300,2,96,ok,,,1,53.974834,2015,5,10.227,0.089,10.387,10.3615,888,708,419,2015,2,2,1,5,1.7631E+12,1.7631E+12,moderate,0.5,50,0,0,2,0,0,0,,,,,,,,
g2_rain_fade,RAIN_FADE,14,,300,2,97,ok,,,1,55.968625,2017,5,10.681,0.118,11.297,11.26804201,889,709,419,2017,2,2,1,5,1.7631E+12,1.7631E+12,moderate,0.5,50,0,1,4,0.25,0,0,,,,,,,,
g2_rain_fade,RAIN_FADE,14,,300,2,98,ok,,,1,58.413084,2012,5,12.303,0.117,11.795,11.82991599,887,708,417,2012,2,2,1,5,1.7631E+12,1.7631E+12,moderate,0.5,50,0,2,4,0.5,0,0,,,,,,,,
g2_rain_fade,RAIN_FADE,14,,300,2,99,ok,,,1,60.289417,2014,5,10.999,0.272,10.592,10.577291,888,708,418,2014,2,2,1,5,1.7631E+12,1.7631E+12,moderate,0.5,50,0,7,7,1,0,0,,,,,,,,
g2_rain_fade,RAIN_FADE,14,,300,2,100,ok,,,1,54.754375,2013,5,10.538,0.132,11.672,11.645833,887,708,418,2013,2,2,1,5,1.7631E+12,1.7631E+12,moderate,0.5,50,0,2,2,1,0,0,,,,,,,,
g2_rain_fade,RAIN_FADE,14,,300,2,101,ok,,,1,54.792916,2015,5,10.606,0.123,11.098,11.092542,888,708,419,2015,2,2,1,5,1.7631E+12,1.7631E+12,moderate,0.5,50,0,0,2,0,0,0,,,,,,,,
g2_rain_fade,RAIN_FADE,14,,300,2,102,ok,,,1,60.257167,2017,5,11.431,0.104,10.755,10.742417,889,709,419,2017,2,2,1,5,1.7631E+12,1.7631E+12,moderate,0.5,50,0,2,2,1,0,0,,,,,,,,
g2_rain_fade,RAIN_FADE,14,,300,2,103,ok,,,1,55.953916,2000,5,10.445,0.125,11.041,11.013667,874,708,418,2000,2,2,1,5,1.7631E+12,1.7631E+12,moderate,0.5,50,0,0,2,0,0,0,,,,,,,,
g2_rain_fade,RAIN_FADE,14,,300,2,104,ok,,,1,57.815625,2012,5,11.206,0.113,10.618,10.60025,887,707,418,2012,2,2,1,5,1.7631E+12,1.7631E+12,moderate,0.5,50,0,0,2,0,0,0,,,,,,,,
g2_rain_fade,RAIN_FADE,14,,300,2,105,ok,,,1,53.740625,2014,5,11.024,0.112,11.053,11.046125,888,708,418,2014,2,2,1,5,1.7631E+12,1.7631E+12,moderate,0.5,50,0,0,2,0,0,0,,,,,,,,
g2_rain_fade,RAIN_FADE,14,,300,2,106,ok,,,1,59.021958,2012,5,10.824,0.178,10.585,10.566625,887,707,418,2012,2,2,1,5,1.7631E+12,1.7631E+12,moderate,0.5,50,0,0,2,0,0,0,,,,,,,,
g2_rain_fade,RAIN_FADE,14,,300,2,107,ok,,,1,54.203583,2017,5,10.447,0.109,11.213,11.20583301,889,709,419,2017,2,2,1,5,1.7631E+12,1.7631E+12,moderate,0.5,50,0,0,2,0,0,0,,,,,,,,
g2_rain_fade,RAIN_FADE,14,,300,2,108,ok,,,1,57.931417,2017,5,10.548,0.128,10.97,10.95404199,889,709,419,2017,2,2,1,5,1.7631E+12,1.7631E+12,moderate,0.5,50,0,2,2,1,0,0,,,,,,,,
g2_rain_fade,RAIN_FADE,14,,300,2,109,ok,,,1,59.117458,2014,5,10.482,0.092,11.658,11.654208,888,708,418,2014,2,2,1,5,1.7631E+12,1.7631E+12,moderate,0.5,50,0,0,2,0,0,0,,,,,,,,
g2_rain_fade,RAIN_FADE,14,,300,2,110,ok,,,1,58.841666,2014,5,10.567,0.142,11.401,11.377209,888,708,418,2014,2,2,1,5,1.7631E+12,1.7631E+12,moderate,0.5,50,0,2,2,1,0,0,,,,,,,,
g2_rain_fade,RAIN_FADE,14,,300,2,111,ok,,,1,56.083625,2017,5,11.689,0.15,11.065,11.039917,889,709,419,2017,2,2,1,5,1.7631E+12,1.7631E+12,moderate,0.5,50,0,1,2,0.5,0,0,,,,,,,,
g2_rain_fade,RAIN_FADE,14,,300,2,112,ok,,,1,55.219542,2015,5,10.924,0.103,10.849,10.833416,888,709,418,2015,2,2,1,5,1.7631E+12,1.7631E+12,moderate,0.5,50,0,0,2,0,0,0,,,,,,,,
g2_rain_fade,RAIN_FADE,14,,300,2,113,ok,,,1,53.996542,2015,5,10.444,0.118,11.264,11.250959,888,708,419,2015,2,2,1,5,1.7631E+12,1.7631E+12,moderate,0.5,50,0,0,2,0,0,0,,,,,,,,
g2_rain_fade,RAIN_FADE,14,,300,2,114,ok,,,1,61.60254199,2015,5,10.917,0.105,11.146,11.1045,888,708,419,2015,2,2,1,5,1.7631E+12,1.7631E+12,moderate,0.5,50,0,2,2,1,0,0,,,,,,,,
g2_rain_fade,RAIN_FADE,14,,300,2,115,ok,,,1,59.032625,2011,5,16.291,0.159,13.007,13.018375,886,708,417,2011,2,2,1,5,1.7631E+12,1.7631E+12,moderate,0.5,50,0,5,5,1,0,0,,,,,,,,
g2_rain_fade,RAIN_FADE,14,,300,2,116,ok,,,1,55.955417,2012,5,11.373,0.15,11.592,11.559375,886,708,418,2012,2,2,1,5,1.7631E+12,1.7631E+12,moderate,0.5,50,0,2,4,0.5,0,0,,,,,,,,
g2_rain_fade,RAIN_FADE,14,,300,2,117,ok,,,1,58.110291,2015,5,13.158,0.101,11.45,11.51016699,888,709,418,2015,2,2,1,5,1.7631E+12,1.7631E+12,moderate,0.5,50,0,0,2,0,0,0,,,,,,,,
g2_rain_fade,RAIN_FADE,14,,300,2,118,ok,,,1,58.041459,2015,5,11.078,0.096,11.454,11.470875,888,708,419,2015,2,2,1,5,1.7631E+12,1.7631E+12,moderate,0.5,50,0,0,2,0,0,0,,,,,,,,
g2_rain_fade,RAIN_FADE,14,,300,2,119,ok,,,1,53.796875,2017,5,12.317,0.102,11.018,11.058917,889,709,419,2017,2,2,1,5,1.7631E+12,1.7631E+12,moderate,0.5,50,0,0,2,0,0,0,,,,,,,,
g2_rain_fade,RAIN_FADE,14,,300,2,120,ok,,,1,56.750167,2017,5,10.492,0.096,11.346,11.392458,889,709,419,2017,2,2,1,5,1.7631E+12,1.7631E+12,moderate,0.5,50,0,0,2,0,0,0,,,,,,,,
g2_rain_fade,RAIN_FADE,14,,300,2,121,ok,,,1,66.297875,2013,5,10.419,0.213,12.394,12.346375,887,708,418,2013,2,2,1,5,1.7631E+12,1.7631E+12,moderate,0.5,50,0,0,2,0,0,0,,,,,,,,
g2_rain_fade,RAIN_FADE,14,,300,2,122,ok,,,1,55.536583,2013,5,10.288,0.104,11.078,11.072333,887,708,418,2013,2,2,1,5,1.7631E+12,1.7631E+12,moderate,0.5,50,0,2,2,1,0,0,,,,,,,,
g2_rain_fade,RAIN_FADE,14,,300,2,123,ok,,,1,54.352625,2013,5,10.721,0.133,11.34,11.324708,887,709,417,2013,2,2,1,5,1.7631E+12,1.7631E+12,moderate,0.5,50,0,1,2,0.5,0,0,,,,,,,,
g2_rain_fade,RAIN_FADE,14,,300,2,124,ok,,,1,63.027208,2012,5,11.405,0.108,11.117,11.094083,887,707,418,2012,2,2,1,5,1.7631E+12,1.7631E+12,moderate,0.5,50,0,0,2,0,0,0,,,,,,,,
g2_rain_fade,RAIN_FADE,14,,300,2,125,ok,,,1,58.567166,2010,5,11.464,0.126,11.042,11.018666,886,707,417,2010,2,2,1,5,1.7631E+12,1.7631E+12,moderate,0.5,50,0,0,2,0,0,0,,,,,,,,
g2_rain_fade,RAIN_FADE,14,,300,2,126,ok,,,1,54.45937499,2014,5,11.487,0.1,11.413,11.429417,887,708,419,2014,2,2,1,5,1.7631E+12,1.7631E+12,moderate,0.5,50,0,0,2,0,0,0,,,,,,,,
g2_rain_fade,RAIN_FADE,14,,300,2,127,ok,,,1,57.066709,2014,5,10.554,0.115,11.452,11.440958,888,708,418,2014,2,2,1,5,1.7631E+12,1.7631E+12,moderate,0.5,50,0,1,2,0.5,0,0,,,,,,,,
g2_rain_fade,RAIN_FADE,14,,300,2,128,ok,,,1,58.366625,2012,5,10.921,0.077,11.235,11.243958,887,707,418,2012,2,2,1,5,1.7631E+12,1.7631E+12,moderate,0.5,50,0,2,2,1,0,0,,,,,,,,
g2_rain_fade,RAIN_FADE,14,,300,2,129,ok,,,1,60.3395,2015,5,11.913,0.096,11.095,11.0975,888,708,419,2015,2,2,1,5,1.7631E+12,1.7631E+12,moderate,0.5,50,0,0,2,0,0,0,,,,,,,,
g2_rain_fade,RAIN_FADE,14,,300,2,130,ok,,,1,59.666292,2012,5,11.848,0.1,11.422,11.43133301,887,708,417,2012,2,2,1,5,1.7631E+12,1.7631E+12,moderate,0.5,50,0,2,2,1,0,0,,,,,,,,
g2_rain_fade,RAIN_FADE,14,,300,2,131,ok,,,1,62.2175,2014,5,13.325,0.121,11.72,11.760334,888,708,418,2014,2,2,1,5,1.7631E+12,1.7631E+12,moderate,0.5,50,0,0,2,0,0,0,,,,,,,,
g2_rain_fade,RAIN_FADE,14,,300,2,132,ok,,,1,59.403291,2013,5,12.735,0.121,10.728,10.711625,887,708,418,2013,2,2,1,5,1.7631E+12,1.7631E+12,moderate,0.5,50,0,1,2,0.5,0,0,,,,,,,,
g2_rain_fade,RAIN_FADE,14,,300,2,133,ok,,,1,55.795125,2015,5,11.548,0.111,11.309,11.330292,888,709,418,2015,2,2,1,5,1.7631E+12,1.7631E+12,moderate,0.5,50,0,0,2,0,0,0,,,,,,,,
g2_rain_fade,RAIN_FADE,14,,300,2,134,ok,,,1,58.84287501,2017,5,13.578,0.137,11.365,11.334459,889,709,419,2017,2,2,1,5,1.7631E+12,1.7631E+12,moderate,0.5,50,0,0,2,0,0,0,,,,,,,,
g2_rain_fade,RAIN_FADE,14,,300,2,135,ok,,,1,58.889542,2017,5,10.781,0.117,11.021,11.03425,889,709,419,2017,2,2,1,5,1.7631E+12,1.7631E+12,moderate,0.5,50,0,0,2,0,0,0,,,,,,,,
g2_rain_fade,RAIN_FADE,14,,300,2,136,ok,,,1,54.322166,2015,5,10.824,0.112,11.258,11.272125,888,709,418,2015,2,2,1,5,1.7631E+12,1.7631E+12,moderate,0.5,50,0,0,2,0,0,0,,,,,,,,
g2_rain_fade,RAIN_FADE,14,,300,2,137,ok,,,1,52.332,2011,5,11.34,0.094,10.53,10.506833,886,707,418,2011,2,2,1,5,1.7631E+12,1.7631E+12,moderate,0.5,50,0,0,2,0,0,0,,,,,,,,
g2_rain_fade,RAIN_FADE,14,,300,2,138,ok,,,1,60.678459,2017,5,12.591,0.148,11.339,11.297333,889,709,419,2017,2,2,1,5,1.7631E+12,1.7631E+12,moderate,0.5,50,0,2,2,1,0,0,,,,,,,,
g2_rain_fade,RAIN_FADE,14,,300,2,139,ok,,,1,56.012792,2010,5,10.718,0.088,11.325,11.381458,886,708,416,2010,2,2,1,5,1.7631E+12,1.7631E+12,moderate,0.5,50,0,0,2,0,0,0,,,,,,,,
g2_rain_fade,RAIN_FADE,14,,300,2,140,ok,,,1,52.961958,2017,5,10.552,0.094,11.33,11.323875,889,709,419,2017,2,2,1,5,1.7631E+12,1.7631E+12,moderate,0.5,50,0,0,2,0,0,0,,,,,,,,
g2_rain_fade,RAIN_FADE,14,,300,2,141,ok,,,1,61.652125,2017,5,13.539,0.121,10.641,10.610875,889,709,419,2017,2,2,1,5,1.7631E+12,1.7631E+12,moderate,0.5,50,0,0,2,0,0,0,,,,,,,,
g2_rain_fade,RAIN_FADE,14,,300,2,142,ok,,,1,51.679875,2011,5,10.85,0.094,11.091,11.10366701,886,708,417,2011,2,2,1,5,1.7631E+12,1.7631E+12,moderate,0.5,50,0,2,2,1,0,0,,,,,,,,
g2_rain_fade,RAIN_FADE,14,,300,2,143,ok,,,1,56.973792,2017,5,10.357,0.114,11.678,11.67262501,889,709,419,2017,2,2,1,5,1.7631E+12,1.7631E+12,moderate,0.5,50,0,0,2,0,0,0,,,,,,,,
g2_rain_fade,RAIN_FADE,14,,300,2,144,ok,,,1,58.237167,2010,5,11.278,0.113,11.09,11.0695,886,707,417,2010,2,2,1,5,1.7631E+12,1.7631E+12,moderate,0.5,50,0,1,2,0.5,0,0,,,,,,,,
g2_rain_fade,RAIN_FADE,14,,300,2,145,ok,,,1,56.83725001,2005,5,10.611,0.112,10.586,10.564708,884,705,416,2005,2,2,1,5,1.7631E+12,1.7631E+12,moderate,0.5,50,0,2,2,1,0,0,,,,,,,,
g2_rain_fade,RAIN_FADE,14,,300,2,146,ok,,,1,56.81291701,2017,5,10.297,0.077,11.395,11.499458,889,709,419,2017,2,2,1,5,1.7631E+12,1.7631E+12,moderate,0.5,50,0,0,2,0,0,0,,,,,,,,
g2_rain_fade,RAIN_FADE,14,,300,2,147,ok,,,1,56.448375,2017,5,10.685,0.122,11.653,11.639958,889,709,419,2017,2,2,1,5,1.7631E+12,1.7631E+12,moderate,0.5,50,0,1,2,0.5,0,0,,,,,,,,
g2_rain_fade,RAIN_FADE,14,,300,2,148,ok,,,1,56.13,2015,5,10.501,0.101,10.871,10.860458,888,708,419,2015,2,2,1,5,1.7631E+12,1.7631E+12,moderate,0.5,50,0,0,2,0,0,0,,,,,,,,
g2_rain_fade,RAIN_FADE,14,,300,2,149,ok,,,1,60.628708,2015,5,14.287,0.141,11.938,11.99408399,888,708,419,2015,2,2,1,5,1.7631E+12,1.7631E+12,moderate,0.5,50,0,2,5,0.4,0,0,,,,,,,,
g2_rain_fade,RAIN_FADE,14,,300,2,150,ok,,,1,54.866,2013,5,12.074,0.146,11.354,11.372125,887,708,418,2013,2,2,1,5,1.7631E+12,1.7631E+12,moderate,0.5,50,0,2,2,1,0,0,,,,,,,,
g2_rain_fade,RAIN_FADE,14,,300,2,151,ok,,,1,61.073833,2017,5,10.357,0.118,11.239,11.237458,889,709,419,2017,2,2,1,5,1.7631E+12,1.7631E+12,moderate,0.5,50,0,2,2,1,0,0,,,,,,,,
g2_rain_fade,RAIN_FADE,14,,300,2,152,ok,,,1,55.013417,2012,5,11.995,0.119,10.541,10.509,887,708,417,2012,2,2,1,5,1.7631E+12,1.7631E+12,moderate,0.5,50,0,2,2,1,0,0,,,,,,,,
g2_rain_fade,RAIN_FADE,14,,300,2,153,ok,,,1,59.496208,2014,5,11.001,0.13,11.27,11.254709,887,708,419,2014,2,2,1,5,1.7631E+12,1.7631E+12,moderate,0.5,50,0,0,2,0,0,0,,,,,,,,
g2_rain_fade,RAIN_FADE,14,,300,2,154,ok,,,1,52.740167,2016,5,10.62,0.113,11.087,11.080917,888,709,419,2016,2,2,1,5,1.7631E+12,1.7631E+12,moderate,0.5,50,0,2,2,1,0,0,,,,,,,,
g2_rain_fade,RAIN_FADE,14,,300,2,155,ok,,,1,57.519042,2011,5,10.413,0.119,11.509,11.503833,886,707,418,2011,2,2,1,5,1.7631E+12,1.7631E+12,moderate,0.5,50,0,0,2,0,0,0,,,,,,,,
g2_rain_fade,RAIN_FADE,14,,300,2,156,ok,,,1,56.15325,2014,5,11.658,0.082,10.96,10.961792,888,708,418,2014,2,2,1,5,1.7631E+12,1.7631E+12,moderate,0.5,50,0,0,2,0,0,0,,,,,,,,
g2_rain_fade,RAIN_FADE,14,,300,2,157,ok,,,1,53.563125,2014,5,11.151,0.095,10.783,10.75633299,888,708,418,2014,2,2,1,5,1.7631E+12,1.7631E+12,moderate,0.5,50,0,0,2,0,0,0,,,,,,,,
g2_rain_fade,RAIN_FADE,14,,300,2,158,ok,,,1,51.239375,2015,5,10.853,0.093,10.678,10.658542,888,708,419,2015,2,2,1,5,1.7631E+12,1.7631E+12,moderate,0.5,50,0,0,2,0,0,0,,,,,,,,
g2_rain_fade,RAIN_FADE,14,,300,2,159,ok,,,1,55.619042,2017,5,11.641,0.135,11.47,11.437709,889,709,419,2017,2,2,1,5,1.7631E+12,1.7631E+12,moderate,0.5,50,0,4,4,1,0,0,,,,,,,,
g2_rain_fade,RAIN_FADE,14,,300,2,160,ok,,,1,58.655417,2017,5,10.645,0.108,10.651,10.622167,889,709,419,2017,2,2,1,5,1.7631E+12,1.7631E+12,moderate,0.5,50,0,0,2,0,0,0,,,,,,,,
g2_rain_fade,RAIN_FADE,14,,300,2,161,ok,,,1,59.461084,2017,5,10.294,0.112,11.322,11.331875,889,709,419,2017,2,2,1,5,1.7631E+12,1.7631E+12,moderate,0.5,50,0,0,2,0,0,0,,,,,,,,
g2_rain_fade,RAIN_FADE,14,,300,2,162,ok,,,1,57.997417,2017,5,10.475,0.104,11.588,11.572375,889,709,419,2017,2,2,1,5,1.7631E+12,1.7631E+12,moderate,0.5,50,0,2,2,1,0,0,,,,,,,,
g2_rain_fade,RAIN_FADE,14,,300,2,163,ok,,,1,59.033125,2013,5,12.415,0.106,10.551,10.520542,887,709,417,2013,2,2,1,5,1.7631E+12,1.7631E+12,moderate,0.5,50,0,0,2,0,0,0,,,,,,,,
g2_rain_fade,RAIN_FADE,14,,300,2,164,ok,,,1,55.967167,2013,5,10.768,0.1,11.218,11.202209,887,709,417,2013,2,2,1,5,1.7631E+12,1.7631E+12,moderate,0.5,50,0,0,2,0,0,0,,,,,,,,
g2_rain_fade,RAIN_FADE,14,,300,2,165,ok,,,1,56.193208,2017,5,10.521,0.127,10.584,10.563542,889,709,419,2017,2,2,1,5,1.7631E+12,1.7631E+12,moderate,0.5,50,0,0,2,0,0,0,,,,,,,,
g2_rain_fade,RAIN_FADE,14,,300,2,166,ok,,,1,57.740917,2013,5,10.492,0.111,10.977,10.964208,887,708,418,2013,2,2,1,5,1.7631E+12,1.7631E+12,moderate,0.5,50,0,0,2,0,0,0,,,,,,,,
g2_rain_fade,RAIN_FADE,14,,300,2,167,ok,,,1,54.20325,2015,5,11.928,0.092,11.117,11.131709,888,709,418,2015,2,2,1,5,1.7631E+12,1.7631E+12,moderate,0.5,50,0,2,2,1,0,0,,,,,,,,
g2_rain_fade,RAIN_FADE,14,,300,2,168,ok,,,1,53.608375,2014,5,12.069,0.156,11.104,11.093083,888,708,418,2014,2,2,1,5,1.7631E+12,1.7631E+12,moderate,0.5,50,0,0,2,0,0,0,,,,,,,,
g2_rain_fade,RAIN_FADE,14,,300,2,169,ok,,,1,72.557541,2017,5,12.98,0.15,11.947,12.026292,889,709,419,2017,2,2,1,5,1.7631E+12,1.7631E+12,moderate,0.5,50,0,0,2,0,0,0,,,,,,,,
g2_rain_fade,RAIN_FADE,14,,300,2,170,ok,,,1,53.354375,2012,5,10.319,0.117,10.823,10.805542,887,707,418,2012,2,2,1,5,1.7631E+12,1.7631E+12,moderate,0.5,50,0,0,2,0,0,0,,,,,,,,
g2_rain_fade,RAIN_FADE,14,,300,2,171,ok,,,1,54.19079201,2014,5,10.716,0.118,10.62,10.606042,888,708,418,2014,2,2,1,5,1.7631E+12,1.7631E+12,moderate,0.5,50,0,0,2,0,0,0,,,,,,,,
g2_rain_fade,RAIN_FADE,14,,300,2,172,ok,,,1,56.260208,2011,5,10.583,0.114,11.513,11.501459,887,707,417,2011,2,2,1,5,1.7631E+12,1.7631E+12,moderate,0.5,50,0,0,2,0,0,0,,,,,,,,
g2_rain_fade,RAIN_FADE,14,,300,2,173,ok,,,1,55.431542,2017,5,10.722,0.112,11.854,11.844209,889,709,419,2017,2,2,1,5,1.7631E+12,1.7631E+12,moderate,0.5,50,0,1,2,0.5,0,0,,,,,,,,
g2_rain_fade,RAIN_FADE,14,,300,2,174,ok,,,1,57.563125,2013,5,11.493,0.089,11.795,11.806666,887,708,418,2013,2,2,1,5,1.7631E+12,1.7631E+12,moderate,0.5,50,0,0,2,0,0,0,,,,,,,,
g2_rain_fade,RAIN_FADE,14,,300,2,175,ok,,,1,59.619458,2008,5,10.768,0.117,11.517,11.4855,885,707,416,2008,2,2,1,5,1.7631E+12,1.7631E+12,moderate,0.5,50,0,1,2,0.5,0,0,,,,,,,,
g2_rain_fade,RAIN_FADE,14,,300,2,176,ok,,,1,58.20175,2016,5,11.735,0.118,11.306,11.302833,888,709,419,2016,2,2,1,5,1.7631E+12,1.7631E+12,moderate,0.5,50,0,1,2,0.5,0,0,,,,,,,,
g2_rain_fade,RAIN_FADE,14,,300,2,177,ok,,,1,58.62745801,2012,5,11.581,0.108,10.435,10.41408299,887,708,417,2012,2,2,1,5,1.7631E+12,1.7631E+12,moderate,0.5,50,0,1,2,0.5,0,0,,,,,,,,
g2_rain_fade,RAIN_FADE,14,,300,2,178,ok,,,1,54.216791,2009,5,10.998,0.099,11.204,11.20162501,885,706,418,2009,2,2,1,5,1.7631E+12,1.7631E+12,moderate,0.5,50,0,0,2,0,0,0,,,,,,,,
g2_rain_fade,RAIN_FADE,14,,300,2,179,ok,,,1,57.01525,2014,5,12.124,0.136,11.368,11.342792,887,709,418,2014,2,2,1,5,1.7631E+12,1.7631E+12,moderate,0.5,50,0,0,2,0,0,0,,,,,,,,
g2_rain_fade,RAIN_FADE,14,,300,2,180,ok,,,1,57.32554199,2015,5,10.789,0.118,11.344,11.344125,888,708,419,2015,2,2,1,5,1.7631E+12,1.7631E+12,moderate,0.5,50,0,0,2,0,0,0,,,,,,,,
g2_rain_fade,RAIN_FADE,14,,300,2,181,ok,,,1,59.201625,2015,5,10.722,0.108,10.687,10.667584,888,708,419,2015,2,2,1,5,1.7631E+12,1.7631E+12,moderate,0.5,50,0,0,2,0,0,0,,,,,,,,
g2_rain_fade,RAIN_FADE,14,,300,2,182,ok,,,1,51.088042,2012,5,11.245,0.096,11.553,11.64062499,887,707,418,2012,2,2,1,5,1.7631E+12,1.7631E+12,moderate,0.5,50,0,0,2,0,0,0,,,,,,,,
g2_rain_fade,RAIN_FADE,14,,300,2,183,ok,,,1,56.474833,2011,5,10.919,0.112,11.357,11.374791,886,707,418,2011,2,2,1,5,1.7631E+12,1.7631E+12,moderate,0.5,50,0,2,2,1,0,0,,,,,,,,
g2_rain_fade,RAIN_FADE,14,,300,2,184,ok,,,1,55.384334,2011,5,10.796,0.183,11.136,11.155875,886,707,418,2011,2,2,1,5,1.7631E+12,1.7631E+12,moderate,0.5,50,0,0,2,0,0,0,,,,,,,,
g2_rain_fade,RAIN_FADE,14,,300,2,185,ok,,,1,59.18725,2014,5,11.581,0.105,11.178,11.165959,888,708,418,2014,2,2,1,5,1.7631E+12,1.7631E+12,moderate,0.5,50,0,2,2,1,0,0,,,,,,,,
g2_rain_fade,RAIN_FADE,14,,300,2,186,ok,,,1,55.226458,2013,5,12.744,0.109,11.032,11.047084,887,708,418,2013,2,2,1,5,1.7631E+12,1.7631E+12,moderate,0.5,50,0,0,2,0,0,0,,,,,,,,
g2_rain_fade,RAIN_FADE,14,,300,2,187,ok,,,1,55.537209,2013,5,10.316,0.091,10.784,10.765791,887,708,418,2013,2,2,1,5,1.7631E+12,1.7631E+12,moderate,0.5,50,0,2,2,1,0,0,,,,,,,,
g2_rain_fade,RAIN_FADE,14,,300,2,188,ok,,,1,56.891417,2010,5,10.474,0.088,10.67,10.651583,886,707,417,2010,2,2,1,5,1.7631E+12,1.7631E+12,moderate,0.5,50,0,1,2,0.5,0,0,,,,,,,,
g2_rain_fade,RAIN_FADE,14,,300,2,189,ok,,,1,54.42162501,2017,5,11.366,0.114,10.662,10.657417,889,709,419,2017,2,2,1,5,1.7631E+12,1.7631E+12,moderate,0.5,50,0,0,2,0,0,0,,,,,,,,
g2_rain_fade,RAIN_FADE,14,,300,2,190,ok,,,1,57.3825,2012,5,11.128,0.12,11.265,11.301292,887,708,417,2012,2,2,1,5,1.7631E+12,1.7631E+12,moderate,0.5,50,0,2,2,1,0,0,,,,,,,,
g2_rain_fade,RAIN_FADE,14,,300,2,191,ok,,,1,52.673041,2012,5,10.652,0.141,11.409,11.389166,887,708,417,2012,2,2,1,5,1.7631E+12,1.7631E+12,moderate,0.5,50,0,0,2,0,0,0,,,,,,,,
g2_rain_fade,RAIN_FADE,14,,300,2,192,ok,,,1,57.963,2012,5,12.381,0.136,10.853,10.82,887,707,418,2012,2,2,1,5,1.7631E+12,1.7631E+12,moderate,0.5,50,0,0,2,0,0,0,,,,,,,,
g2_rain_fade,RAIN_FADE,14,,300,2,193,ok,,,1,64.141,2013,5,15.676,0.167,12.936,12.90954201,887,709,417,2013,2,2,1,5,1.7631E+12,1.7631E+12,moderate,0.5,50,0,0,5,0,0,0,,,,,,,,
g2_rain_fade,RAIN_FADE,14,,300,2,194,ok,,,1,56.943542,2015,5,11.274,0.123,11.058,11.01875,888,709,418,2015,2,2,1,5,1.7631E+12,1.7631E+12,moderate,0.5,50,0,1,2,0.5,0,0,,,,,,,,
g2_rain_fade,RAIN_FADE,14,,300,2,195,ok,,,1,58.111833,2010,5,10.42,0.098,11.013,11.076667,886,707,417,2010,2,2,1,5,1.7631E+12,1.7631E+12,moderate,0.5,50,0,0,2,0,0,0,,,,,,,,
g2_rain_fade,RAIN_FADE,14,,300,2,196,ok,,,1,58.764166,2015,5,10.333,0.106,10.769,10.746917,888,708,419,2015,2,2,1,5,1.7631E+12,1.7631E+12,moderate,0.5,50,0,0,2,0,0,0,,,,,,,,
g2_rain_fade,RAIN_FADE,14,,300,2,197,ok,,,1,59.5095,2017,5,13.907,0.171,12.88,12.880667,889,709,419,2017,2,2,1,5,1.7631E+12,1.7631E+12,moderate,0.5,50,0,4,5,0.8,0,0,,,,,,,,
g2_rain_fade,RAIN_FADE,14,,300,2,198,ok,,,1,63.623167,2012,5,14.257,0.148,12.671,12.689667,887,707,418,2012,2,2,1,5,1.7631E+12,1.7631E+12,moderate,0.5,50,0,4,4,1,0,0,,,,,,,,
g2_rain_fade,RAIN_FADE,14,,300,2,199,ok,,,1,54.230416,2015,5,12.319,0.105,11.268,11.3235,888,709,418,2015,2,2,1,5,1.7631E+12,1.7631E+12,moderate,0.5,50,0,0,2,0,0,0,,,,,,,,
g2_rain_fade,RAIN_FADE,14,,300,2,200,ok,,,1,57.624916,2015,5,10.691,0.103,11.094,11.075,888,708,419,2015,2,2,1,5,1.7631E+12,1.7631E+12,moderate,0.5,50,0,0,2,0,0,0,,,,,,,,
g2_rain_fade,RAIN_FADE,14,,300,2,201,ok,,,1,59.553083,2014,5,11.507,0.115,10.729,10.722041,888,708,418,2014,2,2,1,5,1.7631E+12,1.7631E+12,moderate,0.5,50,0,0,2,0,0,0,,,,,,,,
g2_rain_fade,RAIN_FADE,14,,300,2,202,ok,,,2,60.20475,2017,5,12.362,0.126,11.681,11.63350001,889,709,419,2017,2,2,1,5,1.7631E+12,1.7631E+12,moderate,0.5,50,0,6,6,1,0,0,,,,,,,,
g2_rain_fade,RAIN_FADE,14,,300,2,203,ok,,,1,62.097666,2015,5,12.675,0.171,11.729,11.717583,888,708,419,2015,2,2,1,5,1.7631E+12,1.7631E+12,moderate,0.5,50,0,3,4,0.75,0,0,,,,,,,,
g2_rain_fade,RAIN_FADE,14,,300,2,204,ok,,,1,54.057375,2011,5,11.499,0.109,10.727,10.705458,886,708,417,2011,2,2,1,5,1.7631E+12,1.7631E+12,moderate,0.5,50,0,0,2,0,0,0,,,,,,,,
g2_rain_fade,RAIN_FADE,14,,300,2,205,ok,,,1,58.486625,2017,5,11.684,0.127,11.009,10.97704101,889,709,419,2017,2,2,1,5,1.7631E+12,1.7631E+12,moderate,0.5,50,0,1,2,0.5,0,0,,,,,,,,
g2_rain_fade,RAIN_FADE,14,,300,2,206,ok,,,1,54.355667,2017,5,10.395,0.105,10.589,10.564375,889,709,419,2017,2,2,1,5,1.7631E+12,1.7631E+12,moderate,0.5,50,0,0,2,0,0,0,,,,,,,,
g2_rain_fade,RAIN_FADE,14,,300,2,207,ok,,,1,50.430375,2017,5,11.191,0.14,10.526,10.506625,889,709,419,2017,2,2,1,5,1.7631E+12,1.7631E+12,moderate,0.5,50,0,1,2,0.5,0,0,,,,,,,,
g2_rain_fade,RAIN_FADE,14,,300,2,208,ok,,,1,58.590584,2012,5,11.578,0.09,11.12,11.110792,887,708,417,2012,2,2,1,5,1.7631E+12,1.7631E+12,moderate,0.5,50,0,0,2,0,0,0,,,,,,,,
g2_rain_fade,RAIN_FADE,14,,300,2,209,ok,,,1,53.766875,2009,5,10.775,0.135,10.562,10.537667,885,706,418,2009,2,2,1,5,1.7631E+12,1.7631E+12,moderate,0.5,50,0,0,2,0,0,0,,,,,,,,
g2_rain_fade,RAIN_FADE,14,,300,2,210,ok,,,1,53.737625,2015,5,10.897,0.114,10.84,10.831083,888,709,418,2015,2,2,1,5,1.7631E+12,1.7631E+12,moderate,0.5,50,0,0,2,0,0,0,,,,,,,,
g2_rain_fade,RAIN_FADE,14,,300,2,211,ok,,,2,59.474209,2015,5,13.784,0.127,11.058,11.087417,888,709,418,2015,2,2,1,5,1.7631E+12,1.7631E+12,moderate,0.5,50,0,4,4,1,0,0,,,,,,,,
g2_rain_fade,RAIN_FADE,14,,300,2,212,ok,,,1,63.324,2014,5,11.435,0.145,10.711,10.67970799,888,708,418,2014,2,2,1,5,1.7631E+12,1.7631E+12,moderate,0.5,50,0,2,2,1,0,0,,,,,,,,
g2_rain_fade,RAIN_FADE,14,,300,2,213,ok,,,1,58.649792,2015,5,11.236,0.134,10.958,10.920042,888,709,418,2015,2,2,1,5,1.7631E+12,1.7631E+12,moderate,0.5,50,0,0,2,0,0,0,,,,,,,,
g2_rain_fade,RAIN_FADE,14,,300,2,214,ok,,,1,52.607375,2014,5,10.531,0.213,10.886,10.857167,888,708,418,2014,2,2,1,5,1.7631E+12,1.7631E+12,moderate,0.5,50,0,1,2,0.5,0,0,,,,,,,,
g2_rain_fade,RAIN_FADE,14,,300,2,215,ok,,,1,60.649042,2015,5,11.439,0.122,10.763,10.737875,888,708,419,2015,2,2,1,5,1.7631E+12,1.7631E+12,moderate,0.5,50,0,0,2,0,0,0,,,,,,,,
g2_rain_fade,RAIN_FADE,14,,300,2,216,ok,,,2,61.35404199,2015,5,14.132,0.144,11.656,11.686,888,708,419,2015,2,2,1,5,1.7631E+12,1.7631E+12,moderate,0.5,50,0,4,4,1,0,0,,,,,,,,
g2_rain_fade,RAIN_FADE,14,,300,2,217,ok,,,1,55.373417,2012,5,10.795,0.132,10.779,10.767583,886,708,418,2012,2,2,1,5,1.7631E+12,1.7631E+12,moderate,0.5,50,0,0,2,0,0,0,,,,,,,,
g2_rain_fade,RAIN_FADE,14,,300,2,218,ok,,,1,55.732292,2013,5,10.919,0.112,11.512,11.518458,887,708,418,2013,2,2,1,5,1.7631E+12,1.7631E+12,moderate,0.5,50,0,3,5,0.6,0,0,,,,,,,,
g2_rain_fade,RAIN_FADE,14,,300,2,219,ok,,,1,70.85975001,2016,5,17.437,0.113,10.56,10.54025,888,709,419,2016,2,2,1,5,1.7631E+12,1.7631E+12,moderate,0.5,50,0,0,2,0,0,0,,,,,,,,
g2_rain_fade,RAIN_FADE,14,,300,2,220,ok,,,1,59.058792,2014,5,10.933,0.158,11.315,11.322708,887,708,419,2014,2,2,1,5,1.7631E+12,1.7631E+12,moderate,0.5,50,0,0,4,0,0,0,,,,,,,,
g2_rain_fade,RAIN_FADE,14,,300,2,221,ok,,,1,53.498208,2017,5,10.39,0.111,11.772,11.758875,889,709,419,2017,2,2,1,5,1.7631E+12,1.7631E+12,moderate,0.5,50,0,0,2,0,0,0,,,,,,,,
g2_rain_fade,RAIN_FADE,14,,300,2,222,ok,,,1,55.268083,2012,5,11.605,0.098,11.382,11.41575,887,707,418,2012,2,2,1,5,1.7631E+12,1.7631E+12,moderate,0.5,50,0,0,2,0,0,0,,,,,,,,
g2_rain_fade,RAIN_FADE,14,,300,2,223,ok,,,1,57.238,2015,5,10.518,0.1,11.015,11.001292,888,709,418,2015,2,2,1,5,1.7631E+12,1.7631E+12,moderate,0.5,50,0,0,2,0,0,0,,,,,,,,
g2_rain_fade,RAIN_FADE,14,,300,2,224,ok,,,1,53.334084,2015,5,11.096,0.12,11.212,11.18,888,708,419,2015,2,2,1,5,1.7631E+12,1.7631E+12,moderate,0.5,50,0,0,2,0,0,0,,,,,,,,
g2_rain_fade,RAIN_FADE,14,,300,2,225,ok,,,1,55.920334,2015,5,10.758,0.122,10.645,10.641959,888,708,419,2015,2,2,1,5,1.7631E+12,1.7631E+12,moderate,0.5,50,0,0,2,0,0,0,,,,,,,,
g2_rain_fade,RAIN_FADE,14,,300,2,226,ok,,,1,58.78395899,2011,5,11.794,0.123,11.068,11.036125,886,709,416,2011,2,2,1,5,1.7631E+12,1.7631E+12,moderate,0.5,50,0,0,2,0,0,0,,,,,,,,
g2_rain_fade,RAIN_FADE,14,,300,2,227,ok,,,1,53.869083,2013,5,10.245,0.118,11.429,11.420625,887,708,418,2013,2,2,1,5,1.7631E+12,1.7631E+12,moderate,0.5,50,0,0,2,0,0,0,,,,,,,,
g2_rain_fade,RAIN_FADE,14,,300,2,228,ok,,,1,63.1455,2013,5,11.489,0.134,11.372,11.343834,887,707,419,2013,2,2,1,5,1.7631E+12,1.7631E+12,moderate,0.5,50,0,0,2,0,0,0,,,,,,,,
g2_rain_fade,RAIN_FADE,14,,300,2,229,ok,,,1,58.7145,2015,5,11.404,0.156,11.215,11.165125,888,708,419,2015,2,2,1,5,1.7631E+12,1.7631E+12,moderate,0.5,50,0,0,2,0,0,0,,,,,,,,
g2_rain_fade,RAIN_FADE,14,,300,2,230,ok,,,1,56.201667,2014,5,10.82,0.135,10.708,10.696667,887,709,418,2014,2,2,1,5,1.7631E+12,1.7631E+12,moderate,0.5,50,0,0,2,0,0,0,,,,,,,,
g2_rain_fade,RAIN_FADE,14,,300,2,231,ok,,,1,58.026625,2014,5,11.43,0.086,11.364,11.363125,888,708,418,2014,2,2,1,5,1.7631E+12,1.7631E+12,moderate,0.5,50,0,2,2,1,0,0,,,,,,,,
g2_rain_fade,RAIN_FADE,14,,300,2,232,ok,,,1,59.608625,2017,5,11.997,0.117,11.323,11.42854099,889,709,419,2017,2,2,1,5,1.7631E+12,1.7631E+12,moderate,0.5,50,0,0,2,0,0,0,,,,,,,,
g2_rain_fade,RAIN_FADE,14,,300,2,233,ok,,,1,57.300375,2014,5,11.045,0.123,11.501,11.502834,888,708,418,2014,2,2,1,5,1.7631E+12,1.7631E+12,moderate,0.5,50,0,0,2,0,0,0,,,,,,,,
g2_rain_fade,RAIN_FADE,14,,300,2,234,ok,,,1,53.0595,2012,5,10.617,0.122,11.771,11.773542,887,707,418,2012,2,2,1,5,1.7631E+12,1.7631E+12,moderate,0.5,50,0,0,2,0,0,0,,,,,,,,
g2_rain_fade,RAIN_FADE,14,,300,2,235,ok,,,1,58.915542,2015,5,10.908,0.125,10.872,10.858041,888,708,419,2015,2,2,1,5,1.7631E+12,1.7631E+12,moderate,0.5,50,0,0,2,0,0,0,,,,,,,,
g2_rain_fade,RAIN_FADE,14,,300,2,236,ok,,,1,59.14825,2012,5,10.996,0.101,11.033,11.037541,887,707,418,2012,2,2,1,5,1.7631E+12,1.7631E+12,moderate,0.5,50,0,1,2,0.5,0,0,,,,,,,,
g2_rain_fade,RAIN_FADE,14,,300,2,237,ok,,,1,59.060167,2011,5,10.626,0.147,11.453,11.421,886,707,418,2011,2,2,1,5,1.7631E+12,1.7631E+12,moderate,0.5,50,0,2,2,1,0,0,,,,,,,,
g2_rain_fade,RAIN_FADE,14,,300,2,238,ok,,,1,58.124916,2017,5,11.184,0.125,10.634,10.601042,889,709,419,2017,2,2,1,5,1.7631E+12,1.7631E+12,moderate,0.5,50,0,0,2,0,0,0,,,,,,,,
g2_rain_fade,RAIN_FADE,14,,300,2,239,ok,,,1,63.644292,2015,5,10.924,0.122,12.014,11.992625,888,708,419,2015,2,2,1,5,1.7631E+12,1.7631E+12,moderate,0.5,50,0,0,2,0,0,0,,,,,,,,
g2_rain_fade,RAIN_FADE,14,,300,2,240,ok,,,1,63.987167,2017,5,14.026,0.165,12.77,12.768375,889,709,419,2017,2,2,1,5,1.7631E+12,1.7631E+12,moderate,0.5,50,0,3,5,0.6,0,0,,,,,,,,
g2_rain_fade,RAIN_FADE,14,,300,2,241,ok,,,1,58.641459,2016,5,10.73,0.1,11.514,11.570542,888,709,419,2016,2,2,1,5,1.7631E+12,1.7631E+12,moderate,0.5,50,0,1,2,0.5,0,0,,,,,,,,
g2_rain_fade,RAIN_FADE,14,,300,2,242,ok,,,1,61.491791,2015,5,11.856,0.122,16.526,17.113209,888,709,418,2015,2,2,1,5,1.7631E+12,1.7631E+12,moderate,0.5,50,0,0,2,0,0,0,,,,,,,,
g2_rain_fade,RAIN_FADE,14,,300,2,243,ok,,,1,58.14629199,2017,5,11.198,0.136,10.697,10.681875,889,709,419,2017,2,2,1,5,1.7631E+12,1.7631E+12,moderate,0.5,50,0,0,2,0,0,0,,,,,,,,
g2_rain_fade,RAIN_FADE,14,,300,2,244,ok,,,1,57.071625,2007,5,12.55,0.1,10.656,10.648916,885,706,416,2007,2,2,1,5,1.7631E+12,1.7631E+12,moderate,0.5,50,0,2,2,1,0,0,,,,,,,,
g2_rain_fade,RAIN_FADE,14,,300,2,245,ok,,,1,59.248583,2011,5,10.836,0.113,11.734,11.787709,886,707,418,2011,2,2,1,5,1.7631E+12,1.7631E+12,moderate,0.5,50,0,2,2,1,0,0,,,,,,,,
g2_rain_fade,RAIN_FADE,14,,300,2,246,timeout,wait_m6,0,3,511.152501,357,1,6.734,0,0,0,357,0,0,357,1,0,0,1,1.7631E+12,,moderate,0.5,50,0,8,10,0.8,0,0,,,,,,,,
g2_rain_fade,RAIN_FADE,14,,300,2,247,ok,,,1,56.105167,2012,5,10.368,0.135,12.048,12.05175,887,707,418,2012,2,2,1,5,1.7631E+12,1.7631E+12,moderate,0.5,50,0,0,2,0,0,0,,,,,,,,
g2_rain_fade,RAIN_FADE,14,,300,2,248,ok,,,1,59.611792,2014,5,10.615,0.133,11.426,11.468875,888,708,418,2014,2,2,1,5,1.7631E+12,1.7631E+12,moderate,0.5,50,0,0,2,0,0,0,,,,,,,,
g2_rain_fade,RAIN_FADE,14,,300,2,249,ok,,,1,51.88462501,2014,5,10.701,0.107,11.539,11.533708,888,708,418,2014,2,2,1,5,1.7631E+12,1.7631E+12,moderate,0.5,50,0,0,2,0,0,0,,,,,,,,
g2_rain_fade,RAIN_FADE,14,,300,2,250,ok,,,1,54.25375,2013,5,10.69,0.11,10.959,10.925041,887,708,418,2013,2,2,1,5,1.7631E+12,1.7631E+12,moderate,0.5,50,0,0,2,0,0,0,,,,,,,,
g2_rain_fade,RAIN_FADE,14,,300,2,251,ok,,,1,56.156333,2017,5,11.363,0.122,10.639,10.612334,889,709,419,2017,2,2,1,5,1.7631E+12,1.7631E+12,moderate,0.5,50,0,0,2,0,0,0,,,,,,,,
g2_rain_fade,RAIN_FADE,14,,300,2,252,ok,,,1,55.737,2013,5,10.313,0.109,12.2,12.264125,887,708,418,2013,2,2,1,5,1.7631E+12,1.7631E+12,moderate,0.5,50,0,0,2,0,0,0,,,,,,,,
g2_rain_fade,RAIN_FADE,14,,300,2,253,ok,,,1,54.771375,2013,5,10.335,0.122,11.29,11.293542,887,708,418,2013,2,2,1,5,1.7631E+12,1.7631E+12,moderate,0.5,50,0,2,2,1,0,0,,,,,,,,
g2_rain_fade,RAIN_FADE,14,,300,2,254,ok,,,1,58.48575,2013,5,10.611,0.093,11.802,11.817916,887,708,418,2013,2,2,1,5,1.7631E+12,1.7631E+12,moderate,0.5,50,0,0,2,0,0,0,,,,,,,,
g2_rain_fade,RAIN_FADE,14,,300,2,255,ok,,,1,56.935583,2015,5,10.514,0.085,10.775,10.746958,888,708,419,2015,2,2,1,5,1.7631E+12,1.7631E+12,moderate,0.5,50,0,2,2,1,0,0,,,,,,,,
g2_rain_fade,RAIN_FADE,14,,300,2,256,ok,,,1,60.347791,2014,5,10.651,0.126,12.045,12.02658399,887,708,419,2014,2,2,1,5,1.7631E+12,1.7631E+12,moderate,0.5,50,0,0,2,0,0,0,,,,,,,,
g2_rain_fade,RAIN_FADE,14,,300,2,257,ok,,,1,61.547583,2014,5,11.145,0.094,11.975,11.994417,888,708,418,2014,2,2,1,5,1.7631E+12,1.7631E+12,moderate,0.5,50,0,0,2,0,0,0,,,,,,,,
g2_rain_fade,RAIN_FADE,14,,300,2,258,ok,,,1,51.970084,2017,5,10.589,0.099,11.18,11.18820799,889,709,419,2017,2,2,1,5,1.7631E+12,1.7631E+12,moderate,0.5,50,0,0,2,0,0,0,,,,,,,,
g2_rain_fade,RAIN_FADE,14,,300,2,259,ok,,,1,55.033375,2017,5,10.605,0.123,11.533,11.537917,889,709,419,2017,2,2,1,5,1.7631E+12,1.7631E+12,moderate,0.5,50,0,0,2,0,0,0,,,,,,,,
g2_rain_fade,RAIN_FADE,14,,300,2,260,ok,,,1,59.4665,2014,5,11.267,0.146,10.534,10.502834,888,708,418,2014,2,2,1,5,1.7631E+12,1.7631E+12,moderate,0.5,50,0,0,2,0,0,0,,,,,,,,
g2_rain_fade,RAIN_FADE,14,,300,2,261,ok,,,1,60.976959,2012,5,13.375,0.128,10.573,10.530958,886,707,419,2012,2,2,1,5,1.7631E+12,1.7631E+12,moderate,0.5,50,0,0,2,0,0,0,,,,,,,,
g2_rain_fade,RAIN_FADE,14,,300,2,262,ok,,,1,57.00012499,2017,5,10.521,0.094,11.327,11.293583,889,709,419,2017,2,2,1,5,1.7631E+12,1.7631E+12,moderate,0.5,50,0,0,2,0,0,0,,,,,,,,
g2_rain_fade,RAIN_FADE,14,,300,2,263,ok,,,1,53.52679099,2010,5,10.39,0.144,11.533,11.515292,885,708,417,2010,2,2,1,5,1.7631E+12,1.7631E+12,moderate,0.5,50,0,0,2,0,0,0,,,,,,,,
g2_rain_fade,RAIN_FADE,14,,300,2,264,ok,,,1,61.847458,2017,5,11.37,0.089,11.62,11.959334,889,709,419,2017,2,2,1,5,1.7631E+12,1.7631E+12,moderate,0.5,50,0,2,2,1,0,0,,,,,,,,
g2_rain_fade,RAIN_FADE,14,,300,2,265,ok,,,1,66.93487499,2017,5,13.248,0.116,14.102,14.095625,889,709,419,2017,2,2,1,5,1.7631E+12,1.7631E+12,moderate,0.5,50,0,2,5,0.4,0,0,,,,,,,,
g2_rain_fade,RAIN_FADE,14,,300,2,266,ok,,,1,57.90275,2015,5,10.364,0.119,11.433,11.413833,888,708,419,2015,2,2,1,5,1.7631E+12,1.7631E+12,moderate,0.5,50,0,0,2,0,0,0,,,,,,,,
g2_rain_fade,RAIN_FADE,14,,300,2,267,ok,,,1,53.653208,2011,5,10.572,0.091,10.559,10.540792,886,707,418,2011,2,2,1,5,1.7631E+12,1.7631E+12,moderate,0.5,50,0,2,2,1,0,0,,,,,,,,
g2_rain_fade,RAIN_FADE,14,,300,2,268,ok,,,1,63.392875,2012,5,10.539,0.118,10.629,10.597708,887,707,418,2012,2,2,1,5,1.7631E+12,1.7631E+12,moderate,0.5,50,0,0,2,0,0,0,,,,,,,,
g2_rain_fade,RAIN_FADE,14,,300,2,269,ok,,,1,56.766167,2012,5,10.59,0.103,10.877,10.89575001,887,708,417,2012,2,2,1,5,1.7631E+12,1.7631E+12,moderate,0.5,50,0,0,2,0,0,0,,,,,,,,
g2_rain_fade,RAIN_FADE,14,,300,2,270,ok,,,1,54.241875,2012,5,10.571,0.1,11.61,11.612709,887,707,418,2012,2,2,1,5,1.7631E+12,1.7631E+12,moderate,0.5,50,0,2,2,1,0,0,,,,,,,,
g2_rain_fade,RAIN_FADE,14,,300,2,271,ok,,,1,54.384958,2015,5,11.403,0.118,10.451,10.425375,888,708,419,2015,2,2,1,5,1.7631E+12,1.7631E+12,moderate,0.5,50,0,2,2,1,0,0,,,,,,,,
g2_rain_fade,RAIN_FADE,14,,300,2,272,ok,,,1,58.885333,2017,5,12.326,0.105,11.474,11.48441601,889,709,419,2017,2,2,1,5,1.7631E+12,1.7631E+12,moderate,0.5,50,0,0,2,0,0,0,,,,,,,,
g2_rain_fade,RAIN_FADE,14,,300,2,273,ok,,,1,63.699292,2017,5,11.179,0.109,11.639,11.717458,889,709,419,2017,2,2,1,5,1.7631E+12,1.7631E+12,moderate,0.5,50,0,2,2,1,0,0,,,,,,,,
g2_rain_fade,RAIN_FADE,14,,300,2,274,ok,,,1,60.458,2015,5,11.307,0.121,11.204,11.206125,888,708,419,2015,2,2,1,5,1.7631E+12,1.7631E+12,moderate,0.5,50,0,0,2,0,0,0,,,,,,,,
g2_rain_fade,RAIN_FADE,14,,300,2,275,ok,,,1,59.49070901,2017,5,11.466,0.135,11.849,11.80875,889,709,419,2017,2,2,1,5,1.7631E+12,1.7631E+12,moderate,0.5,50,0,1,2,0.5,0,0,,,,,,,,
g2_rain_fade,RAIN_FADE,14,,300,2,276,ok,,,2,58.17454099,2012,5,11.561,0.146,10.842,10.82875,887,708,417,2012,2,2,1,5,1.7631E+12,1.7631E+12,moderate,0.5,50,0,1,3,0.333333333,0,0,,,,,,,,
g2_rain_fade,RAIN_FADE,14,,300,2,277,ok,,,1,57.422376,2017,5,10.584,0.144,10.729,10.737875,889,709,419,2017,2,2,1,5,1.7631E+12,1.7631E+12,moderate,0.5,50,0,0,2,0,0,0,,,,,,,,
g2_rain_fade,RAIN_FADE,14,,300,2,278,ok,,,1,55.550376,2017,5,11.76,0.142,10.803,10.754292,889,709,419,2017,2,2,1,5,1.7631E+12,1.7631E+12,moderate,0.5,50,0,2,2,1,0,0,,,,,,,,
g2_rain_fade,RAIN_FADE,14,,300,2,279,ok,,,1,59.08025,2014,5,10.493,0.084,11.317,11.318084,887,708,419,2014,2,2,1,5,1.7631E+12,1.7631E+12,moderate,0.5,50,0,0,2,0,0,0,,,,,,,,
g2_rain_fade,RAIN_FADE,14,,300,2,280,ok,,,1,56.817167,2017,5,10.458,0.088,10.708,10.686958,889,709,419,2017,2,2,1,5,1.7631E+12,1.7631E+12,moderate,0.5,50,0,0,2,0,0,0,,,,,,,,
g2_rain_fade,RAIN_FADE,14,,300,2,281,ok,,,1,55.975458,2015,5,11.634,0.121,10.554,10.53375,888,708,419,2015,2,2,1,5,1.7631E+12,1.7631E+12,moderate,0.5,50,0,0,2,0,0,0,,,,,,,,
g2_rain_fade,RAIN_FADE,14,,300,2,282,ok,,,2,60.728667,2009,5,11.592,0.151,10.823,10.792542,885,708,416,2009,2,2,1,5,1.7631E+12,1.7631E+12,moderate,0.5,50,0,2,4,0.5,0,0,,,,,,,,
g2_rain_fade,RAIN_FADE,14,,300,2,283,ok,,,1,59.064459,2009,5,10.437,0.153,14.132,14.18383299,886,707,416,2009,2,2,1,5,1.7631E+12,1.7631E+12,moderate,0.5,50,0,0,2,0,0,0,,,,,,,,
g2_rain_fade,RAIN_FADE,14,,300,2,284,ok,,,1,58.419166,2012,5,10.84,0.107,11.646,11.669167,887,708,417,2012,2,2,1,5,1.7631E+12,1.7631E+12,moderate,0.5,50,0,0,2,0,0,0,,,,,,,,
g2_rain_fade,RAIN_FADE,14,,300,2,285,ok,,,1,58.251625,2015,5,11.169,0.087,10.795,10.796666,888,708,419,2015,2,2,1,5,1.7631E+12,1.7631E+12,moderate,0.5,50,0,2,2,1,0,0,,,,,,,,
g2_rain_fade,RAIN_FADE,14,,300,2,286,ok,,,1,55.519417,2014,5,10.677,0.155,11.678,11.64500001,888,708,418,2014,2,2,1,5,1.7631E+12,1.7631E+12,moderate,0.5,50,0,0,2,0,0,0,,,,,,,,
g2_rain_fade,RAIN_FADE,14,,300,2,287,ok,,,1,63.37741701,2014,5,11.231,0.119,11.154,11.123375,888,708,418,2014,2,2,1,5,1.7631E+12,1.7631E+12,moderate,0.5,50,0,2,2,1,0,0,,,,,,,,
g2_rain_fade,RAIN_FADE,14,,300,2,288,ok,,,1,56.805833,2013,5,10.556,0.108,10.941,10.995,887,708,418,2013,2,2,1,5,1.7631E+12,1.7631E+12,moderate,0.5,50,0,0,2,0,0,0,,,,,,,,
g2_rain_fade,RAIN_FADE,14,,300,2,289,ok,,,1,54.879,2015,5,10.575,0.129,11.507,11.496667,888,708,419,2015,2,2,1,5,1.7631E+12,1.7631E+12,moderate,0.5,50,0,0,2,0,0,0,,,,,,,,
g2_rain_fade,RAIN_FADE,14,,300,2,290,ok,,,1,73.255834,2017,5,16.376,0.155,14.641,14.60725,889,709,419,2017,2,2,1,5,1.7631E+12,1.7631E+12,moderate,0.5,50,0,3,5,0.6,0,0,,,,,,,,
g2_rain_fade,RAIN_FADE,14,,300,2,291,ok,,,2,55.586958,2013,5,10.966,0.134,10.759,10.722291,887,708,418,2013,2,2,1,5,1.7631E+12,1.7631E+12,moderate,0.5,50,0,3,3,1,0,0,,,,,,,,
g2_rain_fade,RAIN_FADE,14,,300,2,292,ok,,,1,62.981083,2017,5,10.15,0.083,10.47,10.436167,889,709,419,2017,2,2,1,5,1.7631E+12,1.7631E+12,moderate,0.5,50,0,0,2,0,0,0,,,,,,,,
g2_rain_fade,RAIN_FADE,14,,300,2,293,ok,,,1,56.252166,2017,5,11.07,0.117,10.849,10.820708,889,709,419,2017,2,2,1,5,1.7631E+12,1.7631E+12,moderate,0.5,50,0,2,2,1,0,0,,,,,,,,
g2_rain_fade,RAIN_FADE,14,,300,2,294,ok,,,1,55.614666,2017,5,10.631,0.151,11.758,11.74625,889,709,419,2017,2,2,1,5,1.7631E+12,1.7631E+12,moderate,0.5,50,0,1,2,0.5,0,0,,,,,,,,
g2_rain_fade,RAIN_FADE,14,,300,2,295,ok,,,1,71.9605,2010,5,10.742,0.123,19.71,19.71541699,886,707,417,2010,2,2,1,5,1.7631E+12,1.7631E+12,moderate,0.5,50,0,0,2,0,0,0,,,,,,,,
g2_rain_fade,RAIN_FADE,14,,300,2,296,ok,,,1,59.474916,2014,5,10.452,0.131,10.561,10.53375,888,708,418,2014,2,2,1,5,1.7631E+12,1.7631E+12,moderate,0.5,50,0,1,2,0.5,0,0,,,,,,,,
g2_rain_fade,RAIN_FADE,14,,300,2,297,ok,,,1,55.670792,2015,5,10.259,0.101,10.67,10.636084,888,708,419,2015,2,2,1,5,1.7631E+12,1.7631E+12,moderate,0.5,50,0,2,2,1,0,0,,,,,,,,
g2_rain_fade,RAIN_FADE,14,,300,2,298,ok,,,1,51.489208,2017,5,11.23,0.104,10.658,10.632583,889,709,419,2017,2,2,1,5,1.7631E+12,1.7631E+12,moderate,0.5,50,0,2,2,1,0,0,,,,,,,,
g2_rain_fade,RAIN_FADE,14,,300,2,299,ok,,,1,56.421375,2015,5,11.697,0.119,11.295,11.260834,888,709,418,2015,2,2,1,5,1.7631E+12,1.7631E+12,moderate,0.5,50,0,1,2,0.5,0,0,,,,,,,,
g2_rain_fade,RAIN_FADE,14,,300,2,300,ok,,,1,59.37800001,2015,5,11.457,0.117,11.319,11.293417,888,709,418,2015,2,2,1,5,1.7631E+12,1.7631E+12,moderate,0.5,50,0,0,2,0,0,0,,,,,,,,
g2_rain_fade,RAIN_FADE,14,,400,2,1,ok,,,1,57.225666,2015,5,11.007,0.105,11.686,11.656,888,708,419,2015,2,2,1,5,1.7631E+12,1.7631E+12,moderate,0.5,50,0,0,2,0,0,0,,,,,,,,
g2_rain_fade,RAIN_FADE,14,,400,2,2,ok,,,1,62.17770799,2001,5,11.588,0.125,11.375,11.360583,874,708,419,2001,2,2,1,5,1.7631E+12,1.7631E+12,moderate,0.5,50,0,2,2,1,0,0,,,,,,,,
g2_rain_fade,RAIN_FADE,14,,400,2,3,ok,,,2,54.824375,2017,5,10.47,0.105,10.865,10.84079201,889,709,419,2017,2,2,1,5,1.7631E+12,1.7631E+12,moderate,0.5,50,0,0,4,0,0,0,,,,,,,,
g2_rain_fade,RAIN_FADE,14,,400,2,4,ok,,,1,52.121084,2010,5,10.503,0.153,11.186,11.18816601,886,706,418,2010,2,2,1,5,1.7631E+12,1.7631E+12,moderate,0.5,50,0,0,2,0,0,0,,,,,,,,
g2_rain_fade,RAIN_FADE,14,,400,2,5,ok,,,1,60.526166,2017,5,10.379,0.097,11.439,11.421917,889,709,419,2017,2,2,1,5,1.7631E+12,1.7631E+12,moderate,0.5,50,0,0,2,0,0,0,,,,,,,,
g2_rain_fade,RAIN_FADE,14,,400,2,6,ok,,,1,57.740958,2014,5,11.598,0.133,11.44,11.455916,888,708,418,2014,2,2,1,5,1.7631E+12,1.7631E+12,moderate,0.5,50,0,0,2,0,0,0,,,,,,,,
g2_rain_fade,RAIN_FADE,14,,400,2,7,ok,,,1,61.301709,2013,5,13.55,0.154,10.935,10.967292,887,708,418,2013,2,2,1,5,1.7631E+12,1.7631E+12,moderate,0.5,50,0,2,2,1,0,0,,,,,,,,
g2_rain_fade,RAIN_FADE,14,,400,2,8,ok,,,1,57.087833,2017,5,10.743,0.092,11.455,11.520834,889,709,419,2017,2,2,1,5,1.7631E+12,1.7631E+12,moderate,0.5,50,0,2,2,1,0,0,,,,,,,,
g2_rain_fade,RAIN_FADE,14,,400,2,9,ok,,,1,70.658042,2014,5,15.384,0.126,13.969,14.03887499,888,708,418,2014,2,2,1,5,1.7631E+12,1.7631E+12,moderate,0.5,50,0,3,5,0.6,0,0,,,,,,,,
g2_rain_fade,RAIN_FADE,14,,400,2,10,ok,,,1,56.931625,2017,5,12.676,0.192,10.713,10.67625,889,709,419,2017,2,2,1,5,1.7631E+12,1.7631E+12,moderate,0.5,50,0,0,2,0,0,0,,,,,,,,
g2_rain_fade,RAIN_FADE,14,,400,2,11,ok,,,2,62.574125,2015,5,12.817,0.119,13.593,13.57279201,888,708,419,2015,2,2,1,5,1.7631E+12,1.7631E+12,moderate,0.5,50,0,4,7,0.571428571,0,0,,,,,,,,
g2_rain_fade,RAIN_FADE,14,,400,2,12,ok,,,1,59.486458,2016,5,11.659,0.135,10.988,10.956625,888,709,419,2016,2,2,1,5,1.7631E+12,1.7631E+12,moderate,0.5,50,0,2,2,1,0,0,,,,,,,,
g2_rain_fade,RAIN_FADE,14,,400,2,13,ok,,,1,57.163791,2016,5,11.934,0.158,11.052,11.01875,888,709,419,2016,2,2,1,5,1.7631E+12,1.7631E+12,moderate,0.5,50,0,2,2,1,0,0,,,,,,,,
g2_rain_fade,RAIN_FADE,14,,400,2,14,ok,,,1,64.08354099,2010,5,11.575,0.24,11.449,11.492625,885,708,417,2010,2,2,1,5,1.7631E+12,1.7631E+12,moderate,0.5,50,0,0,2,0,0,0,,,,,,,,
g2_rain_fade,RAIN_FADE,14,,400,2,15,ok,,,1,54.86549999,2014,5,10.978,0.104,11.661,11.773583,888,708,418,2014,2,2,1,5,1.7631E+12,1.7631E+12,moderate,0.5,50,0,1,2,0.5,0,0,,,,,,,,
g2_rain_fade,RAIN_FADE,14,,400,2,16,ok,,,1,59.806917,2015,5,11.727,0.106,10.987,10.967125,888,708,419,2015,2,2,1,5,1.7631E+12,1.7631E+12,moderate,0.5,50,0,0,2,0,0,0,,,,,,,,
g2_rain_fade,RAIN_FADE,14,,400,2,17,ok,,,1,68.469708,2011,5,10.474,0.119,13.262,13.313334,886,707,418,2011,2,2,1,5,1.7631E+12,1.7631E+12,moderate,0.5,50,0,2,2,1,0,0,,,,,,,,
g2_rain_fade,RAIN_FADE,14,,400,2,18,ok,,,1,61.057917,2014,5,11.769,0.099,11.971,12.016875,887,709,418,2014,2,2,1,5,1.7631E+12,1.7631E+12,moderate,0.5,50,0,0,2,0,0,0,,,,,,,,
g2_rain_fade,RAIN_FADE,14,,400,2,19,ok,,,1,53.651792,2010,5,10.699,0.105,10.642,10.63208401,886,707,417,2010,2,2,1,5,1.7631E+12,1.7631E+12,moderate,0.5,50,0,0,2,0,0,0,,,,,,,,
g2_rain_fade,RAIN_FADE,14,,400,2,20,ok,,,1,58.647792,1996,5,12.762,0.125,12.392,12.439209,872,707,417,1996,2,2,1,5,1.7631E+12,1.7631E+12,moderate,0.5,50,0,0,2,0,0,0,,,,,,,,
g2_rain_fade,RAIN_FADE,14,,400,2,21,ok,,,1,60.979166,2014,5,11.32,0.141,11.156,11.141083,887,708,419,2014,2,2,1,5,1.7631E+12,1.7631E+12,moderate,0.5,50,0,0,2,0,0,0,,,,,,,,
g2_rain_fade,RAIN_FADE,14,,400,2,22,ok,,,1,58.241292,2015,5,10.791,0.127,11.382,11.309958,888,708,419,2015,2,2,1,5,1.7631E+12,1.7631E+12,moderate,0.5,50,0,0,2,0,0,0,,,,,,,,
g2_rain_fade,RAIN_FADE,14,,400,2,23,ok,,,1,64.024959,2011,5,11.469,0.131,11.119,11.075709,886,707,418,2011,2,2,1,5,1.7631E+12,1.7631E+12,moderate,0.5,50,0,2,2,1,0,0,,,,,,,,
g2_rain_fade,RAIN_FADE,14,,400,2,24,ok,,,1,52.972584,2012,5,11.741,0.12,11.484,11.506042,887,708,417,2012,2,2,1,5,1.7631E+12,1.7631E+12,moderate,0.5,50,0,0,2,0,0,0,,,,,,,,
g2_rain_fade,RAIN_FADE,14,,400,2,25,ok,,,1,54.847042,2017,5,10.387,0.112,11.416,11.403,889,709,419,2017,2,2,1,5,1.7631E+12,1.7631E+12,moderate,0.5,50,0,1,2,0.5,0,0,,,,,,,,
g2_rain_fade,RAIN_FADE,14,,400,2,26,ok,,,1,62.20204099,2010,5,12.497,0.082,11.048,11.017417,886,707,417,2010,2,2,1,5,1.7631E+12,1.7631E+12,moderate,0.5,50,0,0,4,0,0,0,,,,,,,,
g2_rain_fade,RAIN_FADE,14,,400,2,27,ok,,,1,60.660167,2017,5,11.459,0.155,11.93,11.901542,889,709,419,2017,2,2,1,5,1.7631E+12,1.7631E+12,moderate,0.5,50,0,1,2,0.5,0,0,,,,,,,,
g2_rain_fade,RAIN_FADE,14,,400,2,28,ok,,,1,57.432292,1988,5,11.647,0.135,10.875,10.849708,875,707,406,1988,2,2,1,5,1.7631E+12,1.7631E+12,moderate,0.5,50,0,0,2,0,0,0,,,,,,,,
g2_rain_fade,RAIN_FADE,14,,400,2,29,ok,,,1,55.788458,2012,5,10.376,0.093,10.494,10.465833,887,707,418,2012,2,2,1,5,1.7631E+12,1.7631E+12,moderate,0.5,50,0,1,2,0.5,0,0,,,,,,,,
g2_rain_fade,RAIN_FADE,14,,400,2,30,ok,,,1,56.532,2013,5,10.414,0.118,10.82,10.803666,887,708,418,2013,2,2,1,5,1.7631E+12,1.7631E+12,moderate,0.5,50,0,0,2,0,0,0,,,,,,,,
g2_rain_fade,RAIN_FADE,14,,400,2,31,ok,,,1,59.529083,2012,5,10.591,0.124,10.753,10.754667,887,707,418,2012,2,2,1,5,1.7631E+12,1.7631E+12,moderate,0.5,50,0,0,2,0,0,0,,,,,,,,
g2_rain_fade,RAIN_FADE,14,,400,2,32,ok,,,1,57.701708,2016,5,10.558,0.119,11.084,11.10475,888,709,419,2016,2,2,1,5,1.7631E+12,1.7631E+12,moderate,0.5,50,0,0,2,0,0,0,,,,,,,,
g2_rain_fade,RAIN_FADE,14,,400,2,33,ok,,,1,52.062375,2010,5,10.405,0.106,11.227,11.222667,886,708,416,2010,2,2,1,5,1.7631E+12,1.7631E+12,moderate,0.5,50,0,2,2,1,0,0,,,,,,,,
g2_rain_fade,RAIN_FADE,14,,400,2,34,ok,,,1,59.692875,2017,5,12.611,0.118,11.024,11.041917,889,709,419,2017,2,2,1,5,1.7631E+12,1.7631E+12,moderate,0.5,50,0,0,2,0,0,0,,,,,,,,
g2_rain_fade,RAIN_FADE,14,,400,2,35,ok,,,1,60.590291,2010,5,11.665,0.101,10.942,11.106917,886,707,417,2010,2,2,1,5,1.7631E+12,1.7631E+12,moderate,0.5,50,0,1,2,0.5,0,0,,,,,,,,
g2_rain_fade,RAIN_FADE,14,,400,2,36,ok,,,1,59.678583,2015,5,10.381,0.125,11.667,11.655792,888,709,418,2015,2,2,1,5,1.7631E+12,1.7631E+12,moderate,0.5,50,0,1,2,0.5,0,0,,,,,,,,
g2_rain_fade,RAIN_FADE,14,,400,2,37,ok,,,1,52.742875,2012,5,11.581,0.121,10.576,10.54204199,887,708,417,2012,2,2,1,5,1.7631E+12,1.7631E+12,moderate,0.5,50,0,2,2,1,0,0,,,,,,,,
g2_rain_fade,RAIN_FADE,14,,400,2,38,ok,,,2,54.653625,2017,5,10.928,0.148,10.616,10.576584,889,709,419,2017,2,2,1,5,1.7631E+12,1.7631E+12,moderate,0.5,50,0,1,4,0.25,0,0,,,,,,,,
g2_rain_fade,RAIN_FADE,14,,400,2,39,ok,,,1,56.793834,2011,5,11.187,0.118,11.038,11.006375,886,707,418,2011,2,2,1,5,1.7631E+12,1.7631E+12,moderate,0.5,50,0,0,2,0,0,0,,,,,,,,
g2_rain_fade,RAIN_FADE,14,,400,2,40,ok,,,1,59.3075,2014,5,10.981,0.115,11.087,11.12475,888,708,418,2014,2,2,1,5,1.7631E+12,1.7631E+12,moderate,0.5,50,0,1,2,0.5,0,0,,,,,,,,
g2_rain_fade,RAIN_FADE,14,,400,2,41,ok,,,1,56.428625,2015,5,11.389,0.111,11.151,11.120167,888,709,418,2015,2,2,1,5,1.7631E+12,1.7631E+12,moderate,0.5,50,0,2,2,1,0,0,,,,,,,,
g2_rain_fade,RAIN_FADE,14,,400,2,42,ok,,,1,53.125084,2009,5,10.776,0.123,10.473,10.431333,885,706,418,2009,2,2,1,5,1.7631E+12,1.7631E+12,moderate,0.5,50,0,2,2,1,0,0,,,,,,,,
g2_rain_fade,RAIN_FADE,14,,400,2,43,ok,,,1,63.96970899,2015,5,10.934,0.128,12.535,12.623666,888,709,418,2015,2,2,1,5,1.7631E+12,1.7631E+12,moderate,0.5,50,0,0,2,0,0,0,,,,,,,,
g2_rain_fade,RAIN_FADE,14,,400,2,44,ok,,,1,60.062084,2014,5,10.658,0.086,10.472,10.433416,888,708,418,2014,2,2,1,5,1.7631E+12,1.7631E+12,moderate,0.5,50,0,0,2,0,0,0,,,,,,,,
g2_rain_fade,RAIN_FADE,14,,400,2,45,ok,,,1,52.378583,2015,5,10.856,0.145,10.639,10.616334,888,708,419,2015,2,2,1,5,1.7631E+12,1.7631E+12,moderate,0.5,50,0,2,2,1,0,0,,,,,,,,
g2_rain_fade,RAIN_FADE,14,,400,2,46,ok,,,2,58.536584,2015,5,13.702,0.142,10.674,10.644167,888,708,419,2015,2,2,1,5,1.7631E+12,1.7631E+12,moderate,0.5,50,0,4,4,1,0,0,,,,,,,,
g2_rain_fade,RAIN_FADE,14,,400,2,47,ok,,,2,63.081375,2015,5,13.549,0.119,10.715,10.692333,888,708,419,2015,2,2,1,5,1.7631E+12,1.7631E+12,moderate,0.5,50,0,4,4,1,0,0,,,,,,,,
g2_rain_fade,RAIN_FADE,14,,400,2,48,ok,,,1,56.321792,2014,5,10.537,0.126,11.066,11.028708,887,708,419,2014,2,2,1,5,1.7631E+12,1.7631E+12,moderate,0.5,50,0,0,2,0,0,0,,,,,,,,
g2_rain_fade,RAIN_FADE,14,,400,2,49,ok,,,1,59.258833,2011,5,10.722,0.148,10.876,10.85083401,886,708,417,2011,2,2,1,5,1.7631E+12,1.7631E+12,moderate,0.5,50,0,0,2,0,0,0,,,,,,,,
g2_rain_fade,RAIN_FADE,14,,400,2,50,ok,,,1,55.345876,2016,5,10.724,0.191,11.511,11.499583,888,709,419,2016,2,2,1,5,1.7631E+12,1.7631E+12,moderate,0.5,50,0,0,2,0,0,0,,,,,,,,
g2_rain_fade,RAIN_FADE,14,,400,2,51,ok,,,1,54.291,2015,5,11.465,0.101,11.317,11.33491701,888,709,418,2015,2,2,1,5,1.7631E+12,1.7631E+12,moderate,0.5,50,0,1,2,0.5,0,0,,,,,,,,
g2_rain_fade,RAIN_FADE,14,,400,2,52,ok,,,1,56.16683399,2014,5,10.38,0.122,10.552,10.536625,888,708,418,2014,2,2,1,5,1.7631E+12,1.7631E+12,moderate,0.5,50,0,0,2,0,0,0,,,,,,,,
g2_rain_fade,RAIN_FADE,14,,400,2,53,ok,,,2,58.2195,2017,5,12.22,0.114,10.986,10.992125,889,709,419,2017,2,2,1,5,1.7631E+12,1.7631E+12,moderate,0.5,50,0,0,4,0,0,0,,,,,,,,
g2_rain_fade,RAIN_FADE,14,,400,2,54,ok,,,1,55.460875,2015,5,10.536,0.145,11.276,11.260917,888,708,419,2015,2,2,1,5,1.7631E+12,1.7631E+12,moderate,0.5,50,0,2,2,1,0,0,,,,,,,,
g2_rain_fade,RAIN_FADE,14,,400,2,55,ok,,,1,52.65325,2012,5,10.594,0.111,10.988,10.971625,887,707,418,2012,2,2,1,5,1.7631E+12,1.7631E+12,moderate,0.5,50,0,2,2,1,0,0,,,,,,,,
g2_rain_fade,RAIN_FADE,14,,400,2,56,ok,,,1,57.060375,2014,5,11.728,0.095,11.057,11.060042,888,708,418,2014,2,2,1,5,1.7631E+12,1.7631E+12,moderate,0.5,50,0,0,2,0,0,0,,,,,,,,
g2_rain_fade,RAIN_FADE,14,,400,2,57,ok,,,1,55.087625,2017,5,10.375,0.127,10.515,10.497875,889,709,419,2017,2,2,1,5,1.7631E+12,1.7631E+12,moderate,0.5,50,0,0,2,0,0,0,,,,,,,,
g2_rain_fade,RAIN_FADE,14,,400,2,58,ok,,,1,55.265416,2011,5,10.503,0.117,11.642,11.624708,886,708,417,2011,2,2,1,5,1.7631E+12,1.7631E+12,moderate,0.5,50,0,0,2,0,0,0,,,,,,,,
g2_rain_fade,RAIN_FADE,14,,400,2,59,ok,,,1,61.664167,2015,5,11.455,0.1,11.124,11.138125,888,708,419,2015,2,2,1,5,1.7631E+12,1.7631E+12,moderate,0.5,50,0,1,2,0.5,0,0,,,,,,,,
g2_rain_fade,RAIN_FADE,14,,400,2,60,ok,,,1,60.089792,2017,5,12.468,0.125,10.836,10.796917,889,709,419,2017,2,2,1,5,1.7631E+12,1.7631E+12,moderate,0.5,50,0,0,2,0,0,0,,,,,,,,
g2_rain_fade,RAIN_FADE,14,,400,2,61,ok,,,1,60.675833,2017,5,12.026,0.158,11.52,11.508042,889,709,419,2017,2,2,1,5,1.7631E+12,1.7631E+12,moderate,0.5,50,0,2,4,0.5,0,0,,,,,,,,
g2_rain_fade,RAIN_FADE,14,,400,2,62,ok,,,1,57.871875,2010,5,10.995,0.114,10.912,10.908708,886,707,417,2010,2,2,1,5,1.7631E+12,1.7631E+12,moderate,0.5,50,0,0,2,0,0,0,,,,,,,,
g2_rain_fade,RAIN_FADE,14,,400,2,63,ok,,,1,52.270084,2014,5,10.987,0.109,10.787,10.766,888,708,418,2014,2,2,1,5,1.7631E+12,1.7631E+12,moderate,0.5,50,0,2,2,1,0,0,,,,,,,,
g2_rain_fade,RAIN_FADE,14,,400,2,64,ok,,,1,58.731708,2017,5,11.553,0.128,11.374,11.365417,889,709,419,2017,2,2,1,5,1.7631E+12,1.7631E+12,moderate,0.5,50,0,0,2,0,0,0,,,,,,,,
g2_rain_fade,RAIN_FADE,14,,400,2,65,ok,,,1,59.290417,2010,5,11.507,0.094,11.1,11.132958,886,708,416,2010,2,2,1,5,1.7631E+12,1.7631E+12,moderate,0.5,50,0,0,2,0,0,0,,,,,,,,
g2_rain_fade,RAIN_FADE,14,,400,2,66,ok,,,1,57.476166,2017,5,10.562,0.114,11.287,11.295958,889,709,419,2017,2,2,1,5,1.7631E+12,1.7631E+12,moderate,0.5,50,0,0,2,0,0,0,,,,,,,,
g2_rain_fade,RAIN_FADE,14,,400,2,67,ok,,,1,58.040125,2012,5,10.801,0.14,10.54,10.517584,887,707,418,2012,2,2,1,5,1.7631E+12,1.7631E+12,moderate,0.5,50,0,0,2,0,0,0,,,,,,,,
g2_rain_fade,RAIN_FADE,14,,400,2,68,ok,,,1,59.388125,2012,5,12.222,0.106,11.164,11.183834,886,708,418,2012,2,2,1,5,1.7631E+12,1.7631E+12,moderate,0.5,50,0,0,2,0,0,0,,,,,,,,
g2_rain_fade,RAIN_FADE,14,,400,2,69,ok,,,1,61.281625,2015,5,10.496,0.104,10.877,10.9265,888,709,418,2015,2,2,1,5,1.7631E+12,1.7631E+12,moderate,0.5,50,0,0,2,0,0,0,,,,,,,,
g2_rain_fade,RAIN_FADE,14,,400,2,70,ok,,,1,56.56675,2012,5,10.294,0.134,11.356,11.347833,887,707,418,2012,2,2,1,5,1.7631E+12,1.7631E+12,moderate,0.5,50,0,0,2,0,0,0,,,,,,,,
g2_rain_fade,RAIN_FADE,14,,400,2,71,ok,,,1,64.539917,2012,5,10.627,0.156,11.063,11.069709,887,707,418,2012,2,2,1,5,1.7631E+12,1.7631E+12,moderate,0.5,50,0,0,2,0,0,0,,,,,,,,
g2_rain_fade,RAIN_FADE,14,,400,2,72,ok,,,1,62.47375,2017,5,10.628,0.155,11.085,11.038667,889,709,419,2017,2,2,1,5,1.7631E+12,1.7631E+12,moderate,0.5,50,0,0,2,0,0,0,,,,,,,,
g2_rain_fade,RAIN_FADE,14,,400,2,73,ok,,,1,60.1345,2012,5,10.756,0.108,11.482,11.47391699,887,707,418,2012,2,2,1,5,1.7631E+12,1.7631E+12,moderate,0.5,50,0,0,2,0,0,0,,,,,,,,
g2_rain_fade,RAIN_FADE,14,,400,2,74,ok,,,1,58.080541,2012,5,10.512,0.117,11.246,11.232292,887,708,417,2012,2,2,1,5,1.7631E+12,1.7631E+12,moderate,0.5,50,0,0,2,0,0,0,,,,,,,,
g2_rain_fade,RAIN_FADE,14,,400,2,75,ok,,,1,53.843667,2012,5,10.564,0.122,10.63,10.612333,887,707,418,2012,2,2,1,5,1.7631E+12,1.7631E+12,moderate,0.5,50,0,2,2,1,0,0,,,,,,,,
g2_rain_fade,RAIN_FADE,14,,400,2,76,ok,,,1,59.707625,2014,5,10.613,0.116,10.645,10.628125,887,708,419,2014,2,2,1,5,1.7631E+12,1.7631E+12,moderate,0.5,50,0,0,2,0,0,0,,,,,,,,
g2_rain_fade,RAIN_FADE,14,,400,2,77,ok,,,1,54.722708,2012,5,10.342,0.106,11.607,11.596625,886,708,418,2012,2,2,1,5,1.7631E+12,1.7631E+12,moderate,0.5,50,0,0,2,0,0,0,,,,,,,,
g2_rain_fade,RAIN_FADE,14,,400,2,78,ok,,,1,59.240542,2013,5,10.826,0.113,11.811,11.94,887,708,418,2013,2,2,1,5,1.7631E+12,1.7631E+12,moderate,0.5,50,0,0,2,0,0,0,,,,,,,,
g2_rain_fade,RAIN_FADE,14,,400,2,79,ok,,,1,64.149375,2016,5,12.306,0.158,10.614,10.592375,888,709,419,2016,2,2,1,5,1.7631E+12,1.7631E+12,moderate,0.5,50,0,0,2,0,0,0,,,,,,,,
g2_rain_fade,RAIN_FADE,14,,400,2,80,ok,,,1,60.21491699,2017,5,10.727,0.081,10.872,10.836084,889,709,419,2017,2,2,1,5,1.7631E+12,1.7631E+12,moderate,0.5,50,0,0,2,0,0,0,,,,,,,,
g2_rain_fade,RAIN_FADE,14,,400,2,81,ok,,,1,57.189083,2012,5,10.689,0.105,11.488,11.358583,887,707,418,2012,2,2,1,5,1.7631E+12,1.7631E+12,moderate,0.5,50,0,0,2,0,0,0,,,,,,,,
g2_rain_fade,RAIN_FADE,14,,400,2,82,ok,,,1,65.582583,2012,5,11.35,0.101,11.379,11.3835,887,708,417,2012,2,2,1,5,1.7631E+12,1.7631E+12,moderate,0.5,50,0,2,2,1,0,0,,,,,,,,
g2_rain_fade,RAIN_FADE,14,,400,2,83,ok,,,1,57.22425,2017,5,10.765,0.132,11.021,10.98025,889,709,419,2017,2,2,1,5,1.7631E+12,1.7631E+12,moderate,0.5,50,0,0,2,0,0,0,,,,,,,,
g2_rain_fade,RAIN_FADE,14,,400,2,84,ok,,,1,60.475667,2014,5,11.323,0.129,11.54,11.504291,888,708,418,2014,2,2,1,5,1.7631E+12,1.7631E+12,moderate,0.5,50,0,0,2,0,0,0,,,,,,,,
g2_rain_fade,RAIN_FADE,14,,400,2,85,ok,,,1,59.048334,2014,5,11.161,0.093,10.978,10.974416,888,708,418,2014,2,2,1,5,1.7631E+12,1.7631E+12,moderate,0.5,50,0,0,2,0,0,0,,,,,,,,
g2_rain_fade,RAIN_FADE,14,,400,2,86,ok,,,1,56.875667,2015,5,10.469,0.114,11.274,11.250375,888,708,419,2015,2,2,1,5,1.7631E+12,1.7631E+12,moderate,0.5,50,0,0,2,0,0,0,,,,,,,,
g2_rain_fade,RAIN_FADE,14,,400,2,87,ok,,,1,59.226792,2012,5,10.986,0.103,11.524,11.534,886,708,418,2012,2,2,1,5,1.7631E+12,1.7631E+12,moderate,0.5,50,0,2,2,1,0,0,,,,,,,,
g2_rain_fade,RAIN_FADE,14,,400,2,88,ok,,,1,59.59633301,2010,5,10.844,0.102,11.503,11.51395901,886,707,417,2010,2,2,1,5,1.7631E+12,1.7631E+12,moderate,0.5,50,0,0,2,0,0,0,,,,,,,,
g2_rain_fade,RAIN_FADE,14,,400,2,89,ok,,,1,62.53325,2015,5,11.109,0.134,14.903,14.857792,888,708,419,2015,2,2,1,5,1.7631E+12,1.7631E+12,moderate,0.5,50,0,0,2,0,0,0,,,,,,,,
g2_rain_fade,RAIN_FADE,14,,400,2,90,ok,,,1,60.627458,2017,5,11.798,0.123,11.806,11.878,889,709,419,2017,2,2,1,5,1.7631E+12,1.7631E+12,moderate,0.5,50,0,0,2,0,0,0,,,,,,,,
g2_rain_fade,RAIN_FADE,14,,400,2,91,ok,,,1,60.010416,2013,5,12.849,0.087,11.109,11.113,887,708,418,2013,2,2,1,5,1.7631E+12,1.7631E+12,moderate,0.5,50,0,0,2,0,0,0,,,,,,,,
g2_rain_fade,RAIN_FADE,14,,400,2,92,ok,,,1,52.406583,2012,5,10.366,0.148,11.104,11.089917,887,707,418,2012,2,2,1,5,1.7631E+12,1.7631E+12,moderate,0.5,50,0,0,2,0,0,0,,,,,,,,
g2_rain_fade,RAIN_FADE,14,,400,2,93,ok,,,1,60.472709,2017,5,11.951,0.12,11.56,11.766541,889,709,419,2017,2,2,1,5,1.7631E+12,1.7631E+12,moderate,0.5,50,0,0,2,0,0,0,,,,,,,,
g2_rain_fade,RAIN_FADE,14,,400,2,94,ok,,,1,58.848209,2017,5,11.527,0.097,11.117,11.127375,889,709,419,2017,2,2,1,5,1.7631E+12,1.7631E+12,moderate,0.5,50,0,0,2,0,0,0,,,,,,,,
g2_rain_fade,RAIN_FADE,14,,400,2,95,ok,,,2,58.978041,2011,5,11.357,0.141,11.592,11.572166,886,708,417,2011,2,2,1,5,1.7631E+12,1.7631E+12,moderate,0.5,50,0,1,4,0.25,0,0,,,,,,,,
g2_rain_fade,RAIN_FADE,14,,400,2,96,ok,,,1,58.963042,2012,5,10.772,0.115,12.483,12.463041,887,707,418,2012,2,2,1,5,1.7631E+12,1.7631E+12,moderate,0.5,50,0,2,2,1,0,0,,,,,,,,
g2_rain_fade,RAIN_FADE,14,,400,2,97,ok,,,1,53.248625,2014,5,10.506,0.13,11.314,11.321375,888,708,418,2014,2,2,1,5,1.7631E+12,1.7631E+12,moderate,0.5,50,0,0,2,0,0,0,,,,,,,,
g2_rain_fade,RAIN_FADE,14,,400,2,98,ok,,,1,57.188042,2015,5,13.27,0.148,10.979,10.959667,888,708,419,2015,2,2,1,5,1.7631E+12,1.7631E+12,moderate,0.5,50,0,0,2,0,0,0,,,,,,,,
g2_rain_fade,RAIN_FADE,14,,400,2,99,ok,,,1,59.756209,2009,5,11.801,0.119,10.892,10.871416,885,707,417,2009,2,2,1,5,1.7631E+12,1.7631E+12,moderate,0.5,50,0,0,2,0,0,0,,,,,,,,
g2_rain_fade,RAIN_FADE,14,,400,2,100,ok,,,1,52.989,2014,5,10.661,0.093,10.548,10.529708,887,708,419,2014,2,2,1,5,1.7631E+12,1.7631E+12,moderate,0.5,50,0,0,2,0,0,0,,,,,,,,
g2_rain_fade,RAIN_FADE,14,,400,2,101,ok,,,1,55.8335,2013,5,11.461,0.14,10.464,10.4435,887,707,419,2013,2,2,1,5,1.7631E+12,1.7631E+12,moderate,0.5,50,0,0,2,0,0,0,,,,,,,,
g2_rain_fade,RAIN_FADE,14,,400,2,102,ok,,,1,55.662916,2017,5,11.152,0.106,10.986,11.000167,889,709,419,2017,2,2,1,5,1.7631E+12,1.7631E+12,moderate,0.5,50,0,0,2,0,0,0,,,,,,,,
g2_rain_fade,RAIN_FADE,14,,400,2,103,ok,,,1,54.231416,2016,5,11.081,0.091,11.263,11.295375,888,709,419,2016,2,2,1,5,1.7631E+12,1.7631E+12,moderate,0.5,50,0,0,2,0,0,0,,,,,,,,
g2_rain_fade,RAIN_FADE,14,,400,2,104,ok,,,1,73.601708,2013,5,14.436,0.155,16.245,16.602583,886,708,419,2013,2,2,1,5,1.7631E+12,1.7631E+12,moderate,0.5,50,0,4,5,0.8,0,0,,,,,,,,
g2_rain_fade,RAIN_FADE,14,,400,2,105,ok,,,1,59.212,2011,5,11.494,0.101,11.551,11.621209,886,708,417,2011,2,2,1,5,1.7631E+12,1.7631E+12,moderate,0.5,50,0,0,2,0,0,0,,,,,,,,
g2_rain_fade,RAIN_FADE,14,,400,2,106,ok,,,1,54.722917,2012,5,12.564,0.098,11.449,11.540542,887,708,417,2012,2,2,1,5,1.7631E+12,1.7631E+12,moderate,0.5,50,0,0,2,0,0,0,,,,,,,,
g2_rain_fade,RAIN_FADE,14,,400,2,107,ok,,,1,57.035792,2017,5,10.417,0.088,12.43,12.543541,889,709,419,2017,2,2,1,5,1.7631E+12,1.7631E+12,moderate,0.5,50,0,0,2,0,0,0,,,,,,,,
g2_rain_fade,RAIN_FADE,14,,400,2,108,ok,,,1,64.439375,2010,5,10.5,0.096,11.509,11.520584,886,707,417,2010,2,2,1,5,1.7631E+12,1.7631E+12,moderate,0.5,50,0,2,2,1,0,0,,,,,,,,
g2_rain_fade,RAIN_FADE,14,,400,2,109,ok,,,1,58.614333,2015,5,10.27,0.134,10.485,10.462833,888,708,419,2015,2,2,1,5,1.7631E+12,1.7631E+12,moderate,0.5,50,0,0,2,0,0,0,,,,,,,,
g2_rain_fade,RAIN_FADE,14,,400,2,110,ok,,,1,55.027667,2012,5,10.552,0.11,11.948,12.013666,886,708,418,2012,2,2,1,5,1.7631E+12,1.7631E+12,moderate,0.5,50,0,0,2,0,0,0,,,,,,,,
g2_rain_fade,RAIN_FADE,14,,400,2,111,ok,,,1,57.091541,2014,5,12.018,0.146,10.753,10.714417,888,708,418,2014,2,2,1,5,1.7631E+12,1.7631E+12,moderate,0.5,50,0,0,2,0,0,0,,,,,,,,
g2_rain_fade,RAIN_FADE,14,,400,2,112,ok,,,1,56.960792,2014,5,10.93,0.112,11.285,11.257583,887,709,418,2014,2,2,1,5,1.7631E+12,1.7631E+12,moderate,0.5,50,0,0,2,0,0,0,,,,,,,,
g2_rain_fade,RAIN_FADE,14,,400,2,113,ok,,,1,55.363084,2012,5,10.622,0.139,12.663,12.720459,886,708,418,2012,2,2,1,5,1.7631E+12,1.7631E+12,moderate,0.5,50,0,0,2,0,0,0,,,,,,,,
g2_rain_fade,RAIN_FADE,14,,400,2,114,ok,,,1,56.4185,2012,5,11.978,0.12,10.56,10.548916,887,707,418,2012,2,2,1,5,1.7631E+12,1.7631E+12,moderate,0.5,50,0,2,2,1,0,0,,,,,,,,
g2_rain_fade,RAIN_FADE,14,,400,2,115,ok,,,1,62.24233301,2017,5,12.644,0.126,10.711,10.676959,889,709,419,2017,2,2,1,5,1.7631E+12,1.7631E+12,moderate,0.5,50,0,1,2,0.5,0,0,,,,,,,,
g2_rain_fade,RAIN_FADE,14,,400,2,116,ok,,,1,54.462042,2011,5,11.527,0.13,10.465,10.432667,886,707,418,2011,2,2,1,5,1.7631E+12,1.7631E+12,moderate,0.5,50,0,1,2,0.5,0,0,,,,,,,,
g2_rain_fade,RAIN_FADE,14,,400,2,117,ok,,,1,64.016417,2017,5,10.717,0.09,11.414,11.41675,889,709,419,2017,2,2,1,5,1.7631E+12,1.7631E+12,moderate,0.5,50,0,2,2,1,0,0,,,,,,,,
g2_rain_fade,RAIN_FADE,14,,400,2,118,ok,,,1,57.323125,2012,5,10.772,0.118,11.13,11.115,887,708,417,2012,2,2,1,5,1.7631E+12,1.7631E+12,moderate,0.5,50,0,0,2,0,0,0,,,,,,,,
g2_rain_fade,RAIN_FADE,14,,400,2,119,ok,,,1,56.697958,2006,5,11.157,0.108,10.559,10.546667,884,707,415,2006,2,2,1,5,1.7631E+12,1.7631E+12,moderate,0.5,50,0,0,2,0,0,0,,,,,,,,
g2_rain_fade,RAIN_FADE,14,,400,2,120,ok,,,1,58.096625,2012,5,11.188,0.132,10.941,10.9095,886,708,418,2012,2,2,1,5,1.7631E+12,1.7631E+12,moderate,0.5,50,0,0,2,0,0,0,,,,,,,,
g2_rain_fade,RAIN_FADE,14,,400,2,121,ok,,,1,56.950375,2014,5,10.778,0.122,12.772,12.80804101,888,708,418,2014,2,2,1,5,1.7631E+12,1.7631E+12,moderate,0.5,50,0,0,2,0,0,0,,,,,,,,
g2_rain_fade,RAIN_FADE,14,,400,2,122,ok,,,1,60.469625,2015,5,10.65,0.117,11.594,11.572458,888,709,418,2015,2,2,1,5,1.7631E+12,1.7631E+12,moderate,0.5,50,0,0,2,0,0,0,,,,,,,,
g2_rain_fade,RAIN_FADE,14,,400,2,123,ok,,,1,54.488375,2012,5,10.431,0.129,11.369,11.367959,887,707,418,2012,2,2,1,5,1.7631E+12,1.7631E+12,moderate,0.5,50,0,0,2,0,0,0,,,,,,,,
g2_rain_fade,RAIN_FADE,14,,400,2,124,ok,,,1,58.371708,2017,5,11.213,0.13,10.707,10.671792,889,709,419,2017,2,2,1,5,1.7631E+12,1.7631E+12,moderate,0.5,50,0,2,2,1,0,0,,,,,,,,
g2_rain_fade,RAIN_FADE,14,,400,2,125,ok,,,1,58.360834,2012,5,10.419,0.117,11.159,11.130125,887,708,417,2012,2,2,1,5,1.7631E+12,1.7631E+12,moderate,0.5,50,0,0,2,0,0,0,,,,,,,,
g2_rain_fade,RAIN_FADE,14,,400,2,126,ok,,,1,54.95875,2014,5,10.414,0.119,10.571,10.555208,888,708,418,2014,2,2,1,5,1.7631E+12,1.7631E+12,moderate,0.5,50,0,0,2,0,0,0,,,,,,,,
g2_rain_fade,RAIN_FADE,14,,400,2,127,ok,,,1,58.900291,2017,5,10.368,0.081,10.544,10.520583,889,709,419,2017,2,2,1,5,1.7631E+12,1.7631E+12,moderate,0.5,50,0,0,2,0,0,0,,,,,,,,
g2_rain_fade,RAIN_FADE,14,,400,2,128,ok,,,1,55.149375,2017,5,10.78,0.09,10.561,10.525875,889,709,419,2017,2,2,1,5,1.7631E+12,1.7631E+12,moderate,0.5,50,0,0,2,0,0,0,,,,,,,,
g2_rain_fade,RAIN_FADE,14,,400,2,129,ok,,,1,54.320667,2015,5,10.67,0.102,10.749,10.729334,888,709,418,2015,2,2,1,5,1.7631E+12,1.7631E+12,moderate,0.5,50,0,0,2,0,0,0,,,,,,,,
g2_rain_fade,RAIN_FADE,14,,400,2,130,ok,,,1,52.393167,2012,5,11.14,0.111,10.859,10.83375,887,707,418,2012,2,2,1,5,1.7631E+12,1.7631E+12,moderate,0.5,50,0,0,2,0,0,0,,,,,,,,
g2_rain_fade,RAIN_FADE,14,,400,2,131,ok,,,1,57.183417,2012,5,11.498,0.086,11.123,11.185458,887,708,417,2012,2,2,1,5,1.7631E+12,1.7631E+12,moderate,0.5,50,0,0,2,0,0,0,,,,,,,,
g2_rain_fade,RAIN_FADE,14,,400,2,132,ok,,,1,54.805875,2014,5,10.589,0.119,11.38,11.366375,888,708,418,2014,2,2,1,5,1.7631E+12,1.7631E+12,moderate,0.5,50,0,0,2,0,0,0,,,,,,,,
g2_rain_fade,RAIN_FADE,14,,400,2,133,ok,,,1,59.443667,2015,5,14.108,0.114,11.369,11.393667,888,708,419,2015,2,2,1,5,1.7631E+12,1.7631E+12,moderate,0.5,50,0,2,2,1,0,0,,,,,,,,
g2_rain_fade,RAIN_FADE,14,,400,2,134,ok,,,1,54.881916,2011,5,11.481,0.13,10.617,10.582,886,708,417,2011,2,2,1,5,1.7631E+12,1.7631E+12,moderate,0.5,50,0,0,2,0,0,0,,,,,,,,
g2_rain_fade,RAIN_FADE,14,,400,2,135,ok,,,1,58.046083,2013,5,10.88,0.11,10.573,10.55875,887,708,418,2013,2,2,1,5,1.7631E+12,1.7631E+12,moderate,0.5,50,0,0,2,0,0,0,,,,,,,,
g2_rain_fade,RAIN_FADE,14,,400,2,136,ok,,,1,55.832917,2010,5,11.378,0.118,10.56,10.52991601,886,707,417,2010,2,2,1,5,1.7631E+12,1.7631E+12,moderate,0.5,50,0,0,2,0,0,0,,,,,,,,
g2_rain_fade,RAIN_FADE,14,,400,2,137,ok,,,1,55.918917,2015,5,11.682,0.115,10.556,10.529542,888,708,419,2015,2,2,1,5,1.7631E+12,1.7631E+12,moderate,0.5,50,0,0,2,0,0,0,,,,,,,,
g2_rain_fade,RAIN_FADE,14,,400,2,138,ok,,,1,59.506,2008,5,10.814,0.108,11.425,11.415959,885,707,416,2008,2,2,1,5,1.7631E+12,1.7631E+12,moderate,0.5,50,0,2,2,1,0,0,,,,,,,,
g2_rain_fade,RAIN_FADE,14,,400,2,139,ok,,,1,55.121667,2014,5,10.386,0.115,11.311,11.290083,888,708,418,2014,2,2,1,5,1.7631E+12,1.7631E+12,moderate,0.5,50,0,0,2,0,0,0,,,,,,,,
g2_rain_fade,RAIN_FADE,14,,400,2,140,ok,,,1,56.307208,2017,5,10.525,0.127,11.311,11.297333,889,709,419,2017,2,2,1,5,1.7631E+12,1.7631E+12,moderate,0.5,50,0,0,2,0,0,0,,,,,,,,
g2_rain_fade,RAIN_FADE,14,,400,2,141,ok,,,1,57.700417,2013,5,11.793,0.106,11.076,11.089458,886,708,419,2013,2,2,1,5,1.7631E+12,1.7631E+12,moderate,0.5,50,0,0,2,0,0,0,,,,,,,,
g2_rain_fade,RAIN_FADE,14,,400,2,142,ok,,,1,60.012542,2017,5,10.395,0.099,10.523,10.4915,889,709,419,2017,2,2,1,5,1.7631E+12,1.7631E+12,moderate,0.5,50,0,0,2,0,0,0,,,,,,,,
g2_rain_fade,RAIN_FADE,14,,400,2,143,ok,,,2,54.132375,2014,5,10.324,0.102,11.24,11.213083,888,708,418,2014,2,2,1,5,1.7631E+12,1.7631E+12,moderate,0.5,50,0,4,4,1,0,0,,,,,,,,
g2_rain_fade,RAIN_FADE,14,,400,2,144,ok,,,1,58.417,2012,5,12.587,0.144,11.48,11.595667,887,707,418,2012,2,2,1,5,1.7631E+12,1.7631E+12,moderate,0.5,50,0,0,2,0,0,0,,,,,,,,
g2_rain_fade,RAIN_FADE,14,,400,2,145,ok,,,1,59.330542,2014,5,10.511,0.093,11.144,11.13525,887,708,419,2014,2,2,1,5,1.7631E+12,1.7631E+12,moderate,0.5,50,0,0,2,0,0,0,,,,,,,,
g2_rain_fade,RAIN_FADE,14,,400,2,146,ok,,,1,59.315083,2012,5,11.35,0.147,11.434,11.19004199,886,708,418,2012,2,2,1,5,1.7631E+12,1.7631E+12,moderate,0.5,50,0,2,2,1,0,0,,,,,,,,
g2_rain_fade,RAIN_FADE,14,,400,2,147,ok,,,1,61.615708,2015,5,10.553,0.106,11.827,11.904209,887,709,419,2015,2,2,1,5,1.7631E+12,1.7631E+12,moderate,0.5,50,0,0,2,0,0,0,,,,,,,,
g2_rain_fade,RAIN_FADE,14,,400,2,148,ok,,,1,58.004875,2010,5,11.137,0.14,12.98,12.95687501,886,707,417,2010,2,2,1,5,1.7631E+12,1.7631E+12,moderate,0.5,50,0,0,2,0,0,0,,,,,,,,
g2_rain_fade,RAIN_FADE,14,,400,2,149,ok,,,1,59.609,2015,5,10.627,0.097,12.091,12.102709,888,708,419,2015,2,2,1,5,1.7631E+12,1.7631E+12,moderate,0.5,50,0,2,2,1,0,0,,,,,,,,
g2_rain_fade,RAIN_FADE,14,,400,2,150,ok,,,1,56.336417,2014,5,11.087,0.09,10.79,10.776166,888,708,418,2014,2,2,1,5,1.7631E+12,1.7631E+12,moderate,0.5,50,0,0,2,0,0,0,,,,,,,,
g2_rain_fade,RAIN_FADE,14,,400,2,151,ok,,,1,59.230375,2012,5,11.418,0.088,10.569,10.545333,887,707,418,2012,2,2,1,5,1.7631E+12,1.7631E+12,moderate,0.5,50,0,0,2,0,0,0,,,,,,,,
g2_rain_fade,RAIN_FADE,14,,400,2,152,ok,,,1,59.282958,2015,5,10.372,0.102,10.533,10.503417,888,708,419,2015,2,2,1,5,1.7631E+12,1.7631E+12,moderate,0.5,50,0,0,2,0,0,0,,,,,,,,
g2_rain_fade,RAIN_FADE,14,,400,2,153,ok,,,1,61.067042,2017,5,11.65,0.131,11.165,11.154292,889,709,419,2017,2,2,1,5,1.7631E+12,1.7631E+12,moderate,0.5,50,0,0,2,0,0,0,,,,,,,,
g2_rain_fade,RAIN_FADE,14,,400,2,154,ok,,,1,52.634709,2015,5,10.461,0.124,11.549,11.571167,888,708,419,2015,2,2,1,5,1.7631E+12,1.7631E+12,moderate,0.5,50,0,2,2,1,0,0,,,,,,,,
g2_rain_fade,RAIN_FADE,14,,400,2,155,ok,,,1,61.630209,2017,5,10.639,0.102,10.49,10.453208,889,709,419,2017,2,2,1,5,1.7631E+12,1.7631E+12,moderate,0.5,50,0,1,2,0.5,0,0,,,,,,,,
g2_rain_fade,RAIN_FADE,14,,400,2,156,ok,,,1,57.076708,2013,5,10.639,0.12,11.957,12.00566599,887,709,417,2013,2,2,1,5,1.7631E+12,1.7631E+12,moderate,0.5,50,0,0,2,0,0,0,,,,,,,,
g2_rain_fade,RAIN_FADE,14,,400,2,157,ok,,,1,58.302291,2006,5,11.504,0.111,12.167,12.389291,885,706,415,2006,2,2,1,5,1.7631E+12,1.7631E+12,moderate,0.5,50,0,0,2,0,0,0,,,,,,,,
g2_rain_fade,RAIN_FADE,14,,400,2,158,ok,,,1,57.396541,2014,5,12.97,0.136,11.571,12.105333,888,708,418,2014,2,2,1,5,1.7631E+12,1.7631E+12,moderate,0.5,50,0,0,2,0,0,0,,,,,,,,
g2_rain_fade,RAIN_FADE,14,,400,2,159,ok,,,1,59.838167,2012,5,10.391,0.112,10.656,10.637167,887,707,418,2012,2,2,1,5,1.7631E+12,1.7631E+12,moderate,0.5,50,0,0,2,0,0,0,,,,,,,,
g2_rain_fade,RAIN_FADE,14,,400,2,160,ok,,,1,50.465417,2013,5,10.951,0.116,11.64,11.636417,887,708,418,2013,2,2,1,5,1.7631E+12,1.7631E+12,moderate,0.5,50,0,2,2,1,0,0,,,,,,,,
g2_rain_fade,RAIN_FADE,14,,400,2,161,ok,,,1,55.10000001,2015,5,10.259,0.13,11.51,11.492417,888,708,419,2015,2,2,1,5,1.7631E+12,1.7631E+12,moderate,0.5,50,0,0,2,0,0,0,,,,,,,,
g2_rain_fade,RAIN_FADE,14,,400,2,162,ok,,,1,54.175167,2014,5,11.399,0.102,10.678,10.6545,888,708,418,2014,2,2,1,5,1.7631E+12,1.7631E+12,moderate,0.5,50,0,0,2,0,0,0,,,,,,,,
g2_rain_fade,RAIN_FADE,14,,400,2,163,ok,,,1,59.197167,2013,5,10.291,0.087,11.364,11.3475,886,709,418,2013,2,2,1,5,1.7631E+12,1.7631E+12,moderate,0.5,50,0,1,2,0.5,0,0,,,,,,,,
g2_rain_fade,RAIN_FADE,14,,400,2,164,ok,,,1,63.668041,2008,5,12.216,0.131,11.689,11.807084,885,707,416,2008,2,2,1,5,1.7631E+12,1.7631E+12,moderate,0.5,50,0,2,2,1,0,0,,,,,,,,
g2_rain_fade,RAIN_FADE,14,,400,2,165,ok,,,1,57.058625,2016,5,10.574,0.119,12.55,12.686167,888,709,419,2016,2,2,1,5,1.7631E+12,1.7631E+12,moderate,0.5,50,0,0,2,0,0,0,,,,,,,,
g2_rain_fade,RAIN_FADE,14,,400,2,166,ok,,,1,59.390042,2012,5,12.091,0.145,10.573,10.54575,886,708,418,2012,2,2,1,5,1.7631E+12,1.7631E+12,moderate,0.5,50,0,0,2,0,0,0,,,,,,,,
g2_rain_fade,RAIN_FADE,14,,400,2,167,ok,,,1,57.125458,2014,5,11.225,0.099,11.666,11.749375,887,708,419,2014,2,2,1,5,1.7631E+12,1.7631E+12,moderate,0.5,50,0,0,2,0,0,0,,,,,,,,
g2_rain_fade,RAIN_FADE,14,,400,2,168,ok,,,1,58.374542,2015,5,10.522,0.125,12.857,12.864916,888,709,418,2015,2,2,1,5,1.7631E+12,1.7631E+12,moderate,0.5,50,0,0,2,0,0,0,,,,,,,,
g2_rain_fade,RAIN_FADE,14,,400,2,169,ok,,,1,57.77625,2013,5,10.708,0.115,10.975,10.979209,887,709,417,2013,2,2,1,5,1.7631E+12,1.7631E+12,moderate,0.5,50,0,2,2,1,0,0,,,,,,,,
g2_rain_fade,RAIN_FADE,14,,400,2,170,ok,,,1,55.688125,2017,5,10.432,0.097,11.874,11.89425,889,709,419,2017,2,2,1,5,1.7631E+12,1.7631E+12,moderate,0.5,50,0,0,2,0,0,0,,,,,,,,
g2_rain_fade,RAIN_FADE,14,,400,2,171,ok,,,1,54.391542,2015,5,11.261,0.12,11.008,10.969,888,709,418,2015,2,2,1,5,1.7631E+12,1.7631E+12,moderate,0.5,50,0,1,2,0.5,0,0,,,,,,,,
g2_rain_fade,RAIN_FADE,14,,400,2,172,ok,,,1,56.163083,2012,5,10.424,0.095,10.492,10.464916,887,707,418,2012,2,2,1,5,1.7631E+12,1.7631E+12,moderate,0.5,50,0,0,2,0,0,0,,,,,,,,
g2_rain_fade,RAIN_FADE,14,,400,2,173,ok,,,1,67.752,2015,5,12.695,0.105,14.267,14.281458,888,709,418,2015,2,2,1,5,1.7631E+12,1.7631E+12,moderate,0.5,50,0,2,5,0.4,0,0,,,,,,,,
g2_rain_fade,RAIN_FADE,14,,400,2,174,ok,,,1,54.620459,2014,5,10.721,0.176,13.029,13.020208,888,708,418,2014,2,2,1,5,1.7631E+12,1.7631E+12,moderate,0.5,50,0,2,2,1,0,0,,,,,,,,
g2_rain_fade,RAIN_FADE,14,,400,2,175,ok,,,1,52.929583,2013,5,10.336,0.118,11.498,11.512042,887,708,418,2013,2,2,1,5,1.7631E+12,1.7631E+12,moderate,0.5,50,0,0,2,0,0,0,,,,,,,,
g2_rain_fade,RAIN_FADE,14,,400,2,176,ok,,,1,56.760084,2014,5,10.614,0.137,11.288,11.282,887,709,418,2014,2,2,1,5,1.7631E+12,1.7631E+12,moderate,0.5,50,0,2,2,1,0,0,,,,,,,,
g2_rain_fade,RAIN_FADE,14,,400,2,177,ok,,,1,56.651125,2013,5,10.494,0.105,11.353,11.334291,887,708,418,2013,2,2,1,5,1.7631E+12,1.7631E+12,moderate,0.5,50,0,2,2,1,0,0,,,,,,,,
g2_rain_fade,RAIN_FADE,14,,400,2,178,ok,,,1,56.673958,2017,5,10.559,0.105,10.693,10.66575,889,709,419,2017,2,2,1,5,1.7631E+12,1.7631E+12,moderate,0.5,50,0,2,2,1,0,0,,,,,,,,
g2_rain_fade,RAIN_FADE,14,,400,2,179,ok,,,1,56.243458,2006,5,11.724,0.13,10.766,10.730167,884,706,416,2006,2,2,1,5,1.7631E+12,1.7631E+12,moderate,0.5,50,0,0,2,0,0,0,,,,,,,,
g2_rain_fade,RAIN_FADE,14,,400,2,180,ok,,,1,57.708125,2009,5,10.724,0.116,10.948,11.074,886,707,416,2009,2,2,1,5,1.7631E+12,1.7631E+12,moderate,0.5,50,0,0,2,0,0,0,,,,,,,,
g2_rain_fade,RAIN_FADE,14,,400,2,181,ok,,,1,57.741333,2017,5,11.168,0.131,11.916,11.99645799,889,709,419,2017,2,2,1,5,1.7631E+12,1.7631E+12,moderate,0.5,50,0,0,2,0,0,0,,,,,,,,
g2_rain_fade,RAIN_FADE,14,,400,2,182,ok,,,1,55.157416,2014,5,10.37,0.105,12.518,12.657208,888,708,418,2014,2,2,1,5,1.7631E+12,1.7631E+12,moderate,0.5,50,0,0,2,0,0,0,,,,,,,,
g2_rain_fade,RAIN_FADE,14,,400,2,183,ok,,,1,59.153292,2012,5,10.547,0.146,11.663,11.696792,886,707,419,2012,2,2,1,5,1.7631E+12,1.7631E+12,moderate,0.5,50,0,0,2,0,0,0,,,,,,,,
g2_rain_fade,RAIN_FADE,14,,400,2,184,ok,,,1,58.15525,2014,5,10.563,0.09,12.55,12.664875,888,708,418,2014,2,2,1,5,1.7631E+12,1.7631E+12,moderate,0.5,50,0,0,2,0,0,0,,,,,,,,
g2_rain_fade,RAIN_FADE,14,,400,2,185,ok,,,1,59.106834,2006,5,10.563,0.147,11.648,11.64075,884,707,415,2006,2,2,1,5,1.7631E+12,1.7631E+12,moderate,0.5,50,0,0,2,0,0,0,,,,,,,,
g2_rain_fade,RAIN_FADE,14,,400,2,186,ok,,,1,53.760875,2015,5,10.53,0.082,11.189,11.193292,888,708,419,2015,2,2,1,5,1.7631E+12,1.7631E+12,moderate,0.5,50,0,2,2,1,0,0,,,,,,,,
g2_rain_fade,RAIN_FADE,14,,400,2,187,ok,,,1,64.12975,2013,5,10.379,0.123,11.18,11.195291,887,708,418,2013,2,2,1,5,1.7631E+12,1.7631E+12,moderate,0.5,50,0,0,2,0,0,0,,,,,,,,
g2_rain_fade,RAIN_FADE,14,,400,2,188,ok,,,1,57.338041,2009,5,10.657,0.096,11.458,11.462583,886,707,416,2009,2,2,1,5,1.7631E+12,1.7631E+12,moderate,0.5,50,0,0,2,0,0,0,,,,,,,,
g2_rain_fade,RAIN_FADE,14,,400,2,189,ok,,,1,57.039375,2015,5,10.503,0.114,10.629,10.60325,888,708,419,2015,2,2,1,5,1.7631E+12,1.7631E+12,moderate,0.5,50,0,0,2,0,0,0,,,,,,,,
g2_rain_fade,RAIN_FADE,14,,400,2,190,ok,,,1,58.805292,2014,5,11.836,0.165,11.235,11.199583,887,708,419,2014,2,2,1,5,1.7631E+12,1.7631E+12,moderate,0.5,50,0,3,4,0.75,0,0,,,,,,,,
g2_rain_fade,RAIN_FADE,14,,400,2,191,ok,,,1,57.13350001,2007,5,10.916,0.103,12.062,12.186041,885,706,416,2007,2,2,1,5,1.7631E+12,1.7631E+12,moderate,0.5,50,0,0,2,0,0,0,,,,,,,,
g2_rain_fade,RAIN_FADE,14,,400,2,192,ok,,,1,55.675083,2013,5,11.892,0.096,11.751,11.788083,887,708,418,2013,2,2,1,5,1.7631E+12,1.7631E+12,moderate,0.5,50,0,0,2,0,0,0,,,,,,,,
g2_rain_fade,RAIN_FADE,14,,400,2,193,ok,,,1,57.784208,2015,5,10.895,0.144,12.63,12.763083,887,709,419,2015,2,2,1,5,1.7631E+12,1.7631E+12,moderate,0.5,50,0,0,2,0,0,0,,,,,,,,
g2_rain_fade,RAIN_FADE,14,,400,2,194,ok,,,1,58.570167,2013,5,11.87,0.103,10.647,10.629875,887,708,418,2013,2,2,1,5,1.7631E+12,1.7631E+12,moderate,0.5,50,0,0,2,0,0,0,,,,,,,,
g2_rain_fade,RAIN_FADE,14,,400,2,195,ok,,,1,53.489792,2013,5,10.85,0.094,10.674,10.656583,887,708,418,2013,2,2,1,5,1.7631E+12,1.7631E+12,moderate,0.5,50,0,0,2,0,0,0,,,,,,,,
g2_rain_fade,RAIN_FADE,14,,400,2,196,ok,,,1,55.071958,2013,5,11.536,0.121,10.894,10.866959,887,708,418,2013,2,2,1,5,1.7631E+12,1.7631E+12,moderate,0.5,50,0,0,2,0,0,0,,,,,,,,
g2_rain_fade,RAIN_FADE,14,,400,2,197,ok,,,1,55.894042,2015,5,11.559,0.11,11.366,11.41625,888,709,418,2015,2,2,1,5,1.7631E+12,1.7631E+12,moderate,0.5,50,0,0,2,0,0,0,,,,,,,,
g2_rain_fade,RAIN_FADE,14,,400,2,198,ok,,,1,58.349208,2010,5,11.603,0.113,10.746,10.726583,886,707,417,2010,2,2,1,5,1.7631E+12,1.7631E+12,moderate,0.5,50,0,0,2,0,0,0,,,,,,,,
g2_rain_fade,RAIN_FADE,14,,400,2,199,ok,,,1,60.321042,2012,5,10.457,0.134,10.79,10.749083,887,707,418,2012,2,2,1,5,1.7631E+12,1.7631E+12,moderate,0.5,50,0,0,2,0,0,0,,,,,,,,
g2_rain_fade,RAIN_FADE,14,,400,2,200,ok,,,1,55.120375,2012,5,12.02,0.103,10.859,10.90266601,887,708,417,2012,2,2,1,5,1.7631E+12,1.7631E+12,moderate,0.5,50,0,0,2,0,0,0,,,,,,,,
g2_rain_fade,RAIN_FADE,14,,400,2,201,ok,,,1,55.603209,2014,5,10.74,0.122,11.17,11.135208,888,708,418,2014,2,2,1,5,1.7631E+12,1.7631E+12,moderate,0.5,50,0,0,2,0,0,0,,,,,,,,
g2_rain_fade,RAIN_FADE,14,,400,2,202,ok,,,1,57.020833,2015,5,11.23,0.128,11.213,11.189875,888,708,419,2015,2,2,1,5,1.7631E+12,1.7631E+12,moderate,0.5,50,0,0,2,0,0,0,,,,,,,,
g2_rain_fade,RAIN_FADE,14,,400,2,203,ok,,,1,54.9045,2010,5,11.025,0.115,11.342,11.367583,886,707,417,2010,2,2,1,5,1.7631E+12,1.7631E+12,moderate,0.5,50,0,0,2,0,0,0,,,,,,,,
g2_rain_fade,RAIN_FADE,14,,400,2,204,ok,,,1,58.757125,2010,5,10.585,0.147,11.677,11.652709,886,706,418,2010,2,2,1,5,1.7631E+12,1.7631E+12,moderate,0.5,50,0,0,2,0,0,0,,,,,,,,
g2_rain_fade,RAIN_FADE,14,,400,2,205,ok,,,1,53.820959,2014,5,10.365,0.134,11.243,11.227708,888,708,418,2014,2,2,1,5,1.7631E+12,1.7631E+12,moderate,0.5,50,0,0,2,0,0,0,,,,,,,,
g2_rain_fade,RAIN_FADE,14,,400,2,206,ok,,,1,59.399958,2013,5,10.742,0.089,11.032,10.896667,887,708,418,2013,2,2,1,5,1.7631E+12,1.7631E+12,moderate,0.5,50,0,0,2,0,0,0,,,,,,,,
g2_rain_fade,RAIN_FADE,14,,400,2,207,ok,,,1,61.655458,2015,5,12.186,0.108,11.304,11.339958,888,708,419,2015,2,2,1,5,1.7631E+12,1.7631E+12,moderate,0.5,50,0,2,2,1,0,0,,,,,,,,
g2_rain_fade,RAIN_FADE,14,,400,2,208,ok,,,1,57.320375,2012,5,11.138,0.11,11.327,11.341917,887,707,418,2012,2,2,1,5,1.7631E+12,1.7631E+12,moderate,0.5,50,0,0,2,0,0,0,,,,,,,,
g2_rain_fade,RAIN_FADE,14,,400,2,209,ok,,,1,56.48975,2016,5,12.376,0.114,11.536,11.531083,888,709,419,2016,2,2,1,5,1.7631E+12,1.7631E+12,moderate,0.5,50,0,0,2,0,0,0,,,,,,,,
g2_rain_fade,RAIN_FADE,14,,400,2,210,ok,,,1,56.96225,2015,5,10.873,0.125,11.211,11.180417,888,709,418,2015,2,2,1,5,1.7631E+12,1.7631E+12,moderate,0.5,50,0,0,2,0,0,0,,,,,,,,
g2_rain_fade,RAIN_FADE,14,,400,2,211,ok,,,1,53.628167,2014,5,10.467,0.155,11.339,11.315583,888,708,418,2014,2,2,1,5,1.7631E+12,1.7631E+12,moderate,0.5,50,0,0,2,0,0,0,,,,,,,,
g2_rain_fade,RAIN_FADE,14,,400,2,212,ok,,,1,59.375376,2015,5,11.058,0.135,11.38,11.393041,888,708,419,2015,2,2,1,5,1.7631E+12,1.7631E+12,moderate,0.5,50,0,0,2,0,0,0,,,,,,,,
g2_rain_fade,RAIN_FADE,14,,400,2,213,ok,,,1,56.849083,2015,5,10.605,0.121,11.236,11.209666,888,708,419,2015,2,2,1,5,1.7631E+12,1.7631E+12,moderate,0.5,50,0,0,2,0,0,0,,,,,,,,
g2_rain_fade,RAIN_FADE,14,,400,2,214,ok,,,1,52.546291,2015,5,10.516,0.108,11.324,11.307042,888,708,419,2015,2,2,1,5,1.7631E+12,1.7631E+12,moderate,0.5,50,0,0,2,0,0,0,,,,,,,,
g2_rain_fade,RAIN_FADE,14,,400,2,215,ok,,,1,55.12483401,2017,5,10.872,0.098,10.947,10.954916,889,709,419,2017,2,2,1,5,1.7631E+12,1.7631E+12,moderate,0.5,50,0,0,2,0,0,0,,,,,,,,
g2_rain_fade,RAIN_FADE,14,,400,2,216,ok,,,1,58.608583,2016,5,10.592,0.132,11.697,11.669625,888,709,419,2016,2,2,1,5,1.7631E+12,1.7631E+12,moderate,0.5,50,0,1,2,0.5,0,0,,,,,,,,
g2_rain_fade,RAIN_FADE,14,,400,2,217,ok,,,1,72.282834,2012,5,11.916,0.104,14.278,14.284,887,707,418,2012,2,2,1,5,1.7631E+12,1.7631E+12,moderate,0.5,50,0,4,5,0.8,0,0,,,,,,,,
g2_rain_fade,RAIN_FADE,14,,400,2,218,ok,,,1,53.690792,1998,5,10.766,0.125,11.082,11.050583,873,708,417,1998,2,2,1,5,1.7631E+12,1.7631E+12,moderate,0.5,50,0,0,2,0,0,0,,,,,,,,
g2_rain_fade,RAIN_FADE,14,,400,2,219,ok,,,1,57.037375,2012,5,11.145,0.163,10.993,10.986417,887,708,417,2012,2,2,1,5,1.7631E+12,1.7631E+12,moderate,0.5,50,0,0,2,0,0,0,,,,,,,,
g2_rain_fade,RAIN_FADE,14,,400,2,220,ok,,,1,57.222042,2017,5,10.644,0.122,11.223,11.12095801,889,709,419,2017,2,2,1,5,1.7631E+12,1.7631E+12,moderate,0.5,50,0,1,2,0.5,0,0,,,,,,,,
g2_rain_fade,RAIN_FADE,14,,400,2,221,ok,,,1,60.142167,2012,5,10.954,0.12,11.873,11.85179201,887,707,418,2012,2,2,1,5,1.7631E+12,1.7631E+12,moderate,0.5,50,0,0,2,0,0,0,,,,,,,,
g2_rain_fade,RAIN_FADE,14,,400,2,222,ok,,,1,61.692792,2014,5,10.953,0.104,11.166,11.168458,888,708,418,2014,2,2,1,5,1.7631E+12,1.7631E+12,moderate,0.5,50,0,1,2,0.5,0,0,,,,,,,,
g2_rain_fade,RAIN_FADE,14,,400,2,223,ok,,,1,58.326584,2012,5,11.622,0.101,10.909,10.8425,887,707,418,2012,2,2,1,5,1.7631E+12,1.7631E+12,moderate,0.5,50,0,0,2,0,0,0,,,,,,,,
g2_rain_fade,RAIN_FADE,14,,400,2,224,ok,,,1,61.363375,2017,5,10.712,0.114,11.017,11.029292,889,709,419,2017,2,2,1,5,1.7631E+12,1.7631E+12,moderate,0.5,50,0,1,2,0.5,0,0,,,,,,,,
g2_rain_fade,RAIN_FADE,14,,400,2,225,ok,,,1,66.642876,2014,5,13.924,0.156,13.296,13.252791,887,708,419,2014,2,2,1,5,1.7631E+12,1.7631E+12,moderate,0.5,50,0,3,5,0.6,0,0,,,,,,,,
g2_rain_fade,RAIN_FADE,14,,400,2,226,ok,,,1,57.701291,2013,5,10.593,0.121,11.296,11.285917,887,709,417,2013,2,2,1,5,1.7631E+12,1.7631E+12,moderate,0.5,50,0,0,2,0,0,0,,,,,,,,
g2_rain_fade,RAIN_FADE,14,,400,2,227,ok,,,1,54.901625,2017,5,11.174,0.1,11.443,11.454417,889,709,419,2017,2,2,1,5,1.7631E+12,1.7631E+12,moderate,0.5,50,0,1,2,0.5,0,0,,,,,,,,
g2_rain_fade,RAIN_FADE,14,,400,2,228,ok,,,1,63.287208,2017,5,10.425,0.112,11.428,11.42675,889,709,419,2017,2,2,1,5,1.7631E+12,1.7631E+12,moderate,0.5,50,0,2,2,1,0,0,,,,,,,,
g2_rain_fade,RAIN_FADE,14,,400,2,229,ok,,,1,54.204,2012,5,12.064,0.123,11.336,11.355291,887,707,418,2012,2,2,1,5,1.7631E+12,1.7631E+12,moderate,0.5,50,0,0,2,0,0,0,,,,,,,,
g2_rain_fade,RAIN_FADE,14,,400,2,230,ok,,,1,52.084458,2014,5,10.362,0.113,10.683,10.666708,887,708,419,2014,2,2,1,5,1.7631E+12,1.7631E+12,moderate,0.5,50,0,2,2,1,0,0,,,,,,,,
g2_rain_fade,RAIN_FADE,14,,400,2,231,ok,,,1,62.5115,2016,5,11.523,0.113,11.16,11.162833,888,709,419,2016,2,2,1,5,1.7631E+12,1.7631E+12,moderate,0.5,50,0,2,2,1,0,0,,,,,,,,
g2_rain_fade,RAIN_FADE,14,,400,2,232,ok,,,1,58.36275,2015,5,10.258,0.128,11.042,11.0065,888,709,418,2015,2,2,1,5,1.7631E+12,1.7631E+12,moderate,0.5,50,0,2,2,1,0,0,,,,,,,,
g2_rain_fade,RAIN_FADE,14,,400,2,233,ok,,,1,59.420459,2014,5,10.479,0.104,11.214,11.207084,887,708,419,2014,2,2,1,5,1.7631E+12,1.7631E+12,moderate,0.5,50,0,0,2,0,0,0,,,,,,,,
g2_rain_fade,RAIN_FADE,14,,400,2,234,ok,,,1,53.493,2012,5,10.815,0.14,10.911,10.897667,887,707,418,2012,2,2,1,5,1.7631E+12,1.7631E+12,moderate,0.5,50,0,0,2,0,0,0,,,,,,,,
g2_rain_fade,RAIN_FADE,14,,400,2,235,ok,,,1,63.045166,2013,5,10.487,0.093,10.709,10.688375,887,708,418,2013,2,2,1,5,1.7631E+12,1.7631E+12,moderate,0.5,50,0,0,2,0,0,0,,,,,,,,
g2_rain_fade,RAIN_FADE,14,,400,2,236,ok,,,1,58.267833,2000,5,11.428,0.125,11.151,11.113667,874,708,418,2000,2,2,1,5,1.7631E+12,1.7631E+12,moderate,0.5,50,0,0,2,0,0,0,,,,,,,,
g2_rain_fade,RAIN_FADE,14,,400,2,237,ok,,,1,50.755541,2012,5,11.302,0.097,11.435,11.557291,887,707,418,2012,2,2,1,5,1.7631E+12,1.7631E+12,moderate,0.5,50,0,0,2,0,0,0,,,,,,,,
g2_rain_fade,RAIN_FADE,14,,400,2,238,ok,,,1,53.399875,2015,5,10.404,0.136,11.526,11.52125,888,708,419,2015,2,2,1,5,1.7631E+12,1.7631E+12,moderate,0.5,50,0,0,2,0,0,0,,,,,,,,
g2_rain_fade,RAIN_FADE,14,,400,2,239,ok,,,1,55.247917,2009,5,11.114,0.112,11.109,11.080791,885,707,417,2009,2,2,1,5,1.7631E+12,1.7631E+12,moderate,0.5,50,0,0,2,0,0,0,,,,,,,,
g2_rain_fade,RAIN_FADE,14,,400,2,240,ok,,,1,65.238625,2014,5,10.641,0.102,11.504,11.53074999,888,708,418,2014,2,2,1,5,1.7631E+12,1.7631E+12,moderate,0.5,50,0,0,2,0,0,0,,,,,,,,
g2_rain_fade,RAIN_FADE,14,,400,2,241,ok,,,1,54.774792,2016,5,10.959,0.263,11.705,11.709334,888,709,419,2016,2,2,1,5,1.7631E+12,1.7631E+12,moderate,0.5,50,0,0,2,0,0,0,,,,,,,,
g2_rain_fade,RAIN_FADE,14,,400,2,242,ok,,,1,60.971875,2012,5,12.842,0.112,13.872,13.871792,887,708,417,2012,2,2,1,5,1.7631E+12,1.7631E+12,moderate,0.5,50,0,5,5,1,0,0,,,,,,,,
g2_rain_fade,RAIN_FADE,14,,400,2,243,ok,,,1,57.335167,2015,5,10.625,0.09,11.501,11.509333,888,709,418,2015,2,2,1,5,1.7631E+12,1.7631E+12,moderate,0.5,50,0,2,2,1,0,0,,,,,,,,
g2_rain_fade,RAIN_FADE,14,,400,2,244,ok,,,1,75.778125,2009,5,24.162,0.092,11.373,11.473375,886,707,416,2009,2,2,1,5,1.7631E+12,1.7631E+12,moderate,0.5,50,0,0,2,0,0,0,,,,,,,,
g2_rain_fade,RAIN_FADE,14,,400,2,245,ok,,,1,59.053042,2015,5,12.324,0.134,10.535,10.50475,888,708,419,2015,2,2,1,5,1.7631E+12,1.7631E+12,moderate,0.5,50,0,0,2,0,0,0,,,,,,,,
g2_rain_fade,RAIN_FADE,14,,400,2,246,ok,,,1,55.234584,2016,5,11.611,0.113,10.952,10.959042,888,709,419,2016,2,2,1,5,1.7631E+12,1.7631E+12,moderate,0.5,50,0,0,2,0,0,0,,,,,,,,
g2_rain_fade,RAIN_FADE,14,,400,2,247,ok,,,1,57.421792,2007,5,10.955,0.138,11.749,11.744125,885,706,416,2007,2,2,1,5,1.7631E+12,1.7631E+12,moderate,0.5,50,0,0,2,0,0,0,,,,,,,,
g2_rain_fade,RAIN_FADE,14,,400,2,248,ok,,,1,57.231417,2010,5,10.661,0.106,11.729,11.709417,885,708,417,2010,2,2,1,5,1.7631E+12,1.7631E+12,moderate,0.5,50,0,0,2,0,0,0,,,,,,,,
g2_rain_fade,RAIN_FADE,14,,400,2,249,ok,,,1,52.826625,2017,5,10.871,0.117,11.342,11.337167,889,709,419,2017,2,2,1,5,1.7631E+12,1.7631E+12,moderate,0.5,50,0,0,2,0,0,0,,,,,,,,
g2_rain_fade,RAIN_FADE,14,,400,2,250,ok,,,1,60.270917,2016,5,11.576,0.152,11.072,11.306084,888,709,419,2016,2,2,1,5,1.7631E+12,1.7631E+12,moderate,0.5,50,0,0,2,0,0,0,,,,,,,,
g2_rain_fade,RAIN_FADE,14,,400,2,251,ok,,,1,55.46162499,2010,5,10.404,0.12,11.031,11.04075,886,707,417,2010,2,2,1,5,1.7631E+12,1.7631E+12,moderate,0.5,50,0,0,2,0,0,0,,,,,,,,
g2_rain_fade,RAIN_FADE,14,,400,2,252,ok,,,1,52.407333,2014,5,10.484,0.139,11.37,11.369583,887,708,419,2014,2,2,1,5,1.7631E+12,1.7631E+12,moderate,0.5,50,0,0,2,0,0,0,,,,,,,,
g2_rain_fade,RAIN_FADE,14,,400,2,253,ok,,,1,60.643,2015,5,10.898,0.195,11.133,11.134625,888,709,418,2015,2,2,1,5,1.7631E+12,1.7631E+12,moderate,0.5,50,0,0,2,0,0,0,,,,,,,,
g2_rain_fade,RAIN_FADE,14,,400,2,254,ok,,,2,57.64950001,2014,5,10.648,0.135,11.28,11.267875,888,708,418,2014,2,2,1,5,1.7631E+12,1.7631E+12,moderate,0.5,50,0,2,4,0.5,0,0,,,,,,,,
g2_rain_fade,RAIN_FADE,14,,400,2,255,ok,,,1,59.190417,2015,5,10.579,0.086,10.561,10.52625,888,708,419,2015,2,2,1,5,1.7631E+12,1.7631E+12,moderate,0.5,50,0,0,2,0,0,0,,,,,,,,
g2_rain_fade,RAIN_FADE,14,,400,2,256,ok,,,1,55.834667,2017,5,10.548,0.124,11.537,11.524333,889,709,419,2017,2,2,1,5,1.7631E+12,1.7631E+12,moderate,0.5,50,0,0,2,0,0,0,,,,,,,,
g2_rain_fade,RAIN_FADE,14,,400,2,257,ok,,,1,55.329083,2013,5,10.543,0.119,10.403,10.392875,887,708,418,2013,2,2,1,5,1.7631E+12,1.7631E+12,moderate,0.5,50,0,0,2,0,0,0,,,,,,,,
g2_rain_fade,RAIN_FADE,14,,400,2,258,ok,,,1,53.791875,2010,5,10.489,0.121,10.991,10.988875,886,707,417,2010,2,2,1,5,1.7631E+12,1.7631E+12,moderate,0.5,50,0,2,2,1,0,0,,,,,,,,
g2_rain_fade,RAIN_FADE,14,,400,2,259,ok,,,1,57.6165,2012,5,10.326,0.111,11.433,11.430875,887,707,418,2012,2,2,1,5,1.7631E+12,1.7631E+12,moderate,0.5,50,0,0,2,0,0,0,,,,,,,,
g2_rain_fade,RAIN_FADE,14,,400,2,260,ok,,,1,50.828125,2013,5,10.27,0.111,11.283,11.266875,887,708,418,2013,2,2,1,5,1.7631E+12,1.7631E+12,moderate,0.5,50,0,2,2,1,0,0,,,,,,,,
g2_rain_fade,RAIN_FADE,14,,400,2,261,ok,,,1,54.96683301,2009,5,11.25,0.114,11.311,11.3355,885,707,417,2009,2,2,1,5,1.7631E+12,1.7631E+12,moderate,0.5,50,0,0,2,0,0,0,,,,,,,,
g2_rain_fade,RAIN_FADE,14,,400,2,262,ok,,,1,56.790625,2011,5,11.087,0.13,11.549,11.520041,887,707,417,2011,2,2,1,5,1.7631E+12,1.7631E+12,moderate,0.5,50,0,0,2,0,0,0,,,,,,,,
g2_rain_fade,RAIN_FADE,14,,400,2,263,ok,,,1,58.763333,2015,5,11.535,0.145,11.56,11.533458,888,708,419,2015,2,2,1,5,1.7631E+12,1.7631E+12,moderate,0.5,50,0,0,2,0,0,0,,,,,,,,
g2_rain_fade,RAIN_FADE,14,,400,2,264,ok,,,1,57.96125,2013,5,10.661,0.116,10.788,10.774292,887,708,418,2013,2,2,1,5,1.7631E+12,1.7631E+12,moderate,0.5,50,0,0,2,0,0,0,,,,,,,,
g2_rain_fade,RAIN_FADE,14,,400,2,265,ok,,,1,62.705666,2011,5,11.15,0.128,11.623,11.602084,886,707,418,2011,2,2,1,5,1.7631E+12,1.7631E+12,moderate,0.5,50,0,0,2,0,0,0,,,,,,,,
g2_rain_fade,RAIN_FADE,14,,400,2,266,ok,,,1,54.76725,2012,5,10.704,0.128,11.158,11.16045799,887,707,418,2012,2,2,1,5,1.7631E+12,1.7631E+12,moderate,0.5,50,0,0,2,0,0,0,,,,,,,,
g2_rain_fade,RAIN_FADE,14,,400,2,267,ok,,,1,56.59166699,2008,5,11.661,0.15,10.616,10.597,885,706,417,2008,2,2,1,5,1.7631E+12,1.7631E+12,moderate,0.5,50,0,0,2,0,0,0,,,,,,,,
g2_rain_fade,RAIN_FADE,14,,400,2,268,ok,,,1,56.418042,2012,5,10.959,0.095,11.539,11.568125,887,707,418,2012,2,2,1,5,1.7631E+12,1.7631E+12,moderate,0.5,50,0,1,2,0.5,0,0,,,,,,,,
g2_rain_fade,RAIN_FADE,14,,400,2,269,ok,,,1,58.144292,2015,5,11.035,0.127,10.98,10.96070901,888,708,419,2015,2,2,1,5,1.7631E+12,1.7631E+12,moderate,0.5,50,0,0,2,0,0,0,,,,,,,,
g2_rain_fade,RAIN_FADE,14,,400,2,270,ok,,,1,60.387042,2009,5,13.594,0.114,11.478,11.479875,885,708,416,2009,2,2,1,5,1.7631E+12,1.7631E+12,moderate,0.5,50,0,2,2,1,0,0,,,,,,,,
g2_rain_fade,RAIN_FADE,14,,400,2,271,ok,,,1,63.046,2015,5,11.279,0.12,11.305,11.282959,888,709,418,2015,2,2,1,5,1.7631E+12,1.7631E+12,moderate,0.5,50,0,1,2,0.5,0,0,,,,,,,,
g2_rain_fade,RAIN_FADE,14,,400,2,272,ok,,,1,55.721501,2017,5,10.694,0.084,10.826,10.802917,889,709,419,2017,2,2,1,5,1.7631E+12,1.7631E+12,moderate,0.5,50,0,0,2,0,0,0,,,,,,,,
g2_rain_fade,RAIN_FADE,14,,400,2,273,ok,,,1,59.571751,2011,5,11.469,0.13,11.27,11.234667,886,707,418,2011,2,2,1,5,1.7631E+12,1.7631E+12,moderate,0.5,50,0,0,2,0,0,0,,,,,,,,
g2_rain_fade,RAIN_FADE,14,,400,2,274,ok,,,1,55.06625,2013,5,11.006,0.104,10.811,10.795333,887,708,418,2013,2,2,1,5,1.7631E+12,1.7631E+12,moderate,0.5,50,0,2,2,1,0,0,,,,,,,,
g2_rain_fade,RAIN_FADE,14,,400,2,275,ok,,,1,55.389542,2011,5,11.426,0.135,11.055,11.026791,887,707,417,2011,2,2,1,5,1.7631E+12,1.7631E+12,moderate,0.5,50,0,3,4,0.75,0,0,,,,,,,,
g2_rain_fade,RAIN_FADE,14,,400,2,276,ok,,,3,56.271833,2016,5,12.141,0.16,12.612,12.662958,888,709,419,2016,2,2,1,5,1.7631E+12,1.7631E+12,moderate,0.5,50,0,3,6,0.5,0,0,,,,,,,,
g2_rain_fade,RAIN_FADE,14,,400,2,277,ok,,,1,58.813,2015,5,11.197,0.142,11.111,11.092417,888,709,418,2015,2,2,1,5,1.7631E+12,1.7631E+12,moderate,0.5,50,0,1,2,0.5,0,0,,,,,,,,
g2_rain_fade,RAIN_FADE,14,,400,2,278,ok,,,1,55.873416,2013,5,10.303,0.126,11.518,11.514542,887,708,418,2013,2,2,1,5,1.7631E+12,1.7631E+12,moderate,0.5,50,0,1,2,0.5,0,0,,,,,,,,
g2_rain_fade,RAIN_FADE,14,,400,2,279,ok,,,1,61.181292,2010,5,11.239,0.089,11.178,11.194708,886,706,418,2010,2,2,1,5,1.7631E+12,1.7631E+12,moderate,0.5,50,0,0,2,0,0,0,,,,,,,,
g2_rain_fade,RAIN_FADE,14,,400,2,280,ok,,,1,59.788167,2012,5,10.361,0.171,11.377,11.35454101,887,707,418,2012,2,2,1,5,1.7631E+12,1.7631E+12,moderate,0.5,50,0,0,2,0,0,0,,,,,,,,
g2_rain_fade,RAIN_FADE,14,,400,2,281,ok,,,1,55.321875,2015,5,10.376,0.128,11.537,11.517375,888,708,419,2015,2,2,1,5,1.7631E+12,1.7631E+12,moderate,0.5,50,0,2,2,1,0,0,,,,,,,,
g2_rain_fade,RAIN_FADE,14,,400,2,282,ok,,,1,55.530459,2012,5,10.728,0.125,11.036,11.001542,887,707,418,2012,2,2,1,5,1.7631E+12,1.7631E+12,moderate,0.5,50,0,0,2,0,0,0,,,,,,,,
g2_rain_fade,RAIN_FADE,14,,400,2,283,ok,,,1,59.593,2017,5,10.893,0.119,11.426,11.439625,889,709,419,2017,2,2,1,5,1.7631E+12,1.7631E+12,moderate,0.5,50,0,2,2,1,0,0,,,,,,,,
g2_rain_fade,RAIN_FADE,14,,400,2,284,ok,,,1,57.234667,2012,5,10.563,0.144,11.314,11.2745,887,707,418,2012,2,2,1,5,1.7631E+12,1.7631E+12,moderate,0.5,50,0,0,2,0,0,0,,,,,,,,
g2_rain_fade,RAIN_FADE,14,,400,2,285,ok,,,1,60.198709,2011,5,10.46,0.084,10.909,10.95,886,707,418,2011,2,2,1,5,1.7631E+12,1.7631E+12,moderate,0.5,50,0,2,2,1,0,0,,,,,,,,
g2_rain_fade,RAIN_FADE,14,,400,2,286,ok,,,1,61.362167,2010,5,12.329,0.117,11.299,11.34379199,886,707,417,2010,2,2,1,5,1.7631E+12,1.7631E+12,moderate,0.5,50,0,2,2,1,0,0,,,,,,,,
g2_rain_fade,RAIN_FADE,14,,400,2,287,ok,,,1,59.780917,2017,5,12.887,0.127,11.056,11.070958,889,709,419,2017,2,2,1,5,1.7631E+12,1.7631E+12,moderate,0.5,50,0,1,2,0.5,0,0,,,,,,,,
g2_rain_fade,RAIN_FADE,14,,400,2,288,ok,,,1,58.673416,2011,5,11.737,0.138,10.669,10.648,886,708,417,2011,2,2,1,5,1.7631E+12,1.7631E+12,moderate,0.5,50,0,2,2,1,0,0,,,,,,,,
g2_rain_fade,RAIN_FADE,14,,400,2,289,ok,,,1,57.595459,2009,5,11.676,0.101,10.994,11.010875,886,706,417,2009,2,2,1,5,1.7631E+12,1.7631E+12,moderate,0.5,50,0,0,2,0,0,0,,,,,,,,
g2_rain_fade,RAIN_FADE,14,,400,2,290,ok,,,1,59.219209,2009,5,10.634,0.135,11.278,11.269083,886,706,417,2009,2,2,1,5,1.7631E+12,1.7631E+12,moderate,0.5,50,0,0,2,0,0,0,,,,,,,,
g2_rain_fade,RAIN_FADE,14,,400,2,291,ok,,,1,61.274375,2011,5,12.446,0.121,12.095,12.1215,886,708,417,2011,2,2,1,5,1.7631E+12,1.7631E+12,moderate,0.5,50,0,0,2,0,0,0,,,,,,,,
g2_rain_fade,RAIN_FADE,14,,400,2,292,ok,,,1,58.97754199,2014,5,11.92,0.134,11.116,11.088542,888,708,418,2014,2,2,1,5,1.7631E+12,1.7631E+12,moderate,0.5,50,0,1,2,0.5,0,0,,,,,,,,
g2_rain_fade,RAIN_FADE,14,,400,2,293,ok,,,1,58.526041,2016,5,10.965,0.094,10.937,10.940792,888,709,419,2016,2,2,1,5,1.7631E+12,1.7631E+12,moderate,0.5,50,0,1,2,0.5,0,0,,,,,,,,
g2_rain_fade,RAIN_FADE,14,,400,2,294,ok,,,3,56.687291,2015,5,12.164,0.067,10.365,10.345291,888,709,418,2015,2,2,1,5,1.7631E+12,1.7631E+12,moderate,0.5,50,0,5,6,0.833333333,0,0,,,,,,,,
g2_rain_fade,RAIN_FADE,14,,400,2,295,ok,,,1,60.859292,2014,5,10.872,0.138,11.063,11.066459,887,708,419,2014,2,2,1,5,1.7631E+12,1.7631E+12,moderate,0.5,50,0,1,2,0.5,0,0,,,,,,,,
g2_rain_fade,RAIN_FADE,14,,400,2,296,ok,,,1,59.381916,2010,5,10.468,0.114,11.425,11.423875,886,707,417,2010,2,2,1,5,1.7631E+12,1.7631E+12,moderate,0.5,50,0,2,2,1,0,0,,,,,,,,
g2_rain_fade,RAIN_FADE,14,,400,2,297,ok,,,1,56.82429201,2017,5,11.365,0.105,11.251,11.271625,889,709,419,2017,2,2,1,5,1.7631E+12,1.7631E+12,moderate,0.5,50,0,0,2,0,0,0,,,,,,,,
g2_rain_fade,RAIN_FADE,14,,400,2,298,ok,,,1,71.609542,2017,5,15.643,0.142,11.051,11.016,889,709,419,2017,2,2,1,5,1.7631E+12,1.7631E+12,moderate,0.5,50,0,0,3,0,0,0,,,,,,,,
g2_rain_fade,RAIN_FADE,14,,400,2,299,ok,,,1,62.156459,2017,5,11.398,0.132,10.99,10.948584,889,709,419,2017,2,2,1,5,1.7631E+12,1.7631E+12,moderate,0.5,50,0,0,2,0,0,0,,,,,,,,
g2_rain_fade,RAIN_FADE,14,,400,2,300,ok,,,1,54.51175,2012,5,10.598,0.095,11.255,11.350916,887,707,418,2012,2,2,1,5,1.7631E+12,1.7631E+12,moderate,0.5,50,0,0,2,0,0,0,,,,,,,,
g2_rain_fade,RAIN_FADE,14,,300,2,1,ok,,,1,58.922833,2017,5,10.558,0.105,11.507,11.53425,889,709,419,2017,2,2,1,5,1.7631E+12,1.7631E+12,heavy,0.25,25,0,0,2,0,0,0,,,,,,,,
g2_rain_fade,RAIN_FADE,14,,300,2,2,ok,,,1,68.0245,2010,5,11.111,0.17,13.76,14.25075,886,707,417,2010,2,2,1,5,1.7631E+12,1.7631E+12,heavy,0.25,25,0,7,7,1,0,0,,,,,,,,
g2_rain_fade,RAIN_FADE,14,,300,2,3,ok,,,1,56.31225,2015,5,10.584,0.138,10.516,10.493167,888,709,418,2015,2,2,1,5,1.7631E+12,1.7631E+12,heavy,0.25,25,0,2,2,1,0,0,,,,,,,,
g2_rain_fade,RAIN_FADE,14,,300,2,4,ok,,,1,55.280667,2014,5,10.855,0.104,10.388,10.361416,887,709,418,2014,2,2,1,5,1.7631E+12,1.7631E+12,heavy,0.25,25,0,2,2,1,0,0,,,,,,,,
g2_rain_fade,RAIN_FADE,14,,300,2,5,ok,,,1,54.397167,2015,5,10.781,0.139,11.219,11.202125,888,708,419,2015,2,2,1,5,1.7631E+12,1.7631E+12,heavy,0.25,25,0,2,2,1,0,0,,,,,,,,
g2_rain_fade,RAIN_FADE,14,,300,2,6,timeout,wait_m6,0,3,505.787501,356,1,4.393,0,0,0,356,0,0,356,1,0,0,1,1.7631E+12,,heavy,0.25,25,0,9,9,1,0,0,,,,,,,,
g2_rain_fade,RAIN_FADE,14,,300,2,7,ok,,,1,56.328333,2014,5,10.995,0.137,11.415,11.393667,887,708,419,2014,2,2,1,5,1.7631E+12,1.7631E+12,heavy,0.25,25,0,7,7,1,0,0,,,,,,,,
g2_rain_fade,RAIN_FADE,14,,300,2,8,ok,,,1,59.530917,2012,5,11.151,0.123,11.045,11.03087499,887,707,418,2012,2,2,1,5,1.7631E+12,1.7631E+12,heavy,0.25,25,0,2,2,1,0,0,,,,,,,,
g2_rain_fade,RAIN_FADE,14,,300,2,9,ok,,,1,62.43100001,2014,5,11.331,0.123,11.921,11.93304201,888,708,418,2014,2,2,1,5,1.7631E+12,1.7631E+12,heavy,0.25,25,0,0,2,0,0,0,,,,,,,,
g2_rain_fade,RAIN_FADE,14,,300,2,10,ok,,,1,56.8575,2017,5,10.988,0.147,11.704,11.6965,889,709,419,2017,2,2,1,5,1.7631E+12,1.7631E+12,heavy,0.25,25,0,4,7,0.571428571,0,0,,,,,,,,
g2_rain_fade,RAIN_FADE,14,,300,2,11,ok,,,1,57.860459,2015,5,10.386,0.103,10.759,10.742083,888,709,418,2015,2,2,1,5,1.7631E+12,1.7631E+12,heavy,0.25,25,0,2,2,1,0,0,,,,,,,,
g2_rain_fade,RAIN_FADE,14,,300,2,12,ok,,,1,69.165375,2011,5,15.069,0.179,16.195,16.193417,886,708,417,2011,2,2,1,5,1.7631E+12,1.7631E+12,heavy,0.25,25,0,4,4,1,0,0,,,,,,,,
g2_rain_fade,RAIN_FADE,14,,300,2,13,ok,,,1,49.181583,2010,5,11.563,0.093,10.646,10.6275,886,706,418,2010,2,2,1,5,1.7631E+12,1.7631E+12,heavy,0.25,25,0,2,2,1,0,0,,,,,,,,
g2_rain_fade,RAIN_FADE,14,,300,2,14,ok,,,1,58.985375,2016,5,11.573,0.126,11.115,11.094,888,709,419,2016,2,2,1,5,1.7631E+12,1.7631E+12,heavy,0.25,25,0,2,2,1,0,0,,,,,,,,
g2_rain_fade,RAIN_FADE,14,,300,2,15,ok,,,1,60.052417,2011,5,10.606,0.109,11.899,11.912834,887,707,417,2011,2,2,1,5,1.7631E+12,1.7631E+12,heavy,0.25,25,0,2,2,1,0,0,,,,,,,,
g2_rain_fade,RAIN_FADE,14,,300,2,16,ok,,,1,58.12395801,2017,5,11.093,0.121,11.545,11.565541,889,709,419,2017,2,2,1,5,1.7631E+12,1.7631E+12,heavy,0.25,25,0,2,2,1,0,0,,,,,,,,
g2_rain_fade,RAIN_FADE,14,,300,2,17,ok,,,2,64.001291,2011,5,12.458,0.151,11.977,11.947875,886,708,417,2011,2,2,1,5,1.7631E+12,1.7631E+12,heavy,0.25,25,0,6,6,1,0,0,,,,,,,,
g2_rain_fade,RAIN_FADE,14,,300,2,18,ok,,,1,54.422375,2012,5,10.47,0.12,11.337,11.330208,887,708,417,2012,2,2,1,5,1.7631E+12,1.7631E+12,heavy,0.25,25,0,1,2,0.5,0,0,,,,,,,,
g2_rain_fade,RAIN_FADE,14,,300,2,19,ok,,,1,60.831542,2017,5,11.308,0.114,10.515,10.499416,889,709,419,2017,2,2,1,5,1.7631E+12,1.7631E+12,heavy,0.25,25,0,2,2,1,0,0,,,,,,,,
g2_rain_fade,RAIN_FADE,14,,300,2,20,ok,,,2,61.812208,2012,5,12.392,0.173,11.949,11.912583,887,707,418,2012,2,2,1,5,1.7631E+12,1.7631E+12,heavy,0.25,25,0,6,6,1,0,0,,,,,,,,
g2_rain_fade,RAIN_FADE,14,,300,2,21,ok,,,1,54.640333,2017,5,11.737,0.122,10.991,10.968583,889,709,419,2017,2,2,1,5,1.7631E+12,1.7631E+12,heavy,0.25,25,0,2,2,1,0,0,,,,,,,,
g2_rain_fade,RAIN_FADE,14,,300,2,22,ok,,,1,56.870667,2010,5,11.476,0.103,11.189,11.237875,886,707,417,2010,2,2,1,5,1.7631E+12,1.7631E+12,heavy,0.25,25,0,2,2,1,0,0,,,,,,,,
g2_rain_fade,RAIN_FADE,14,,300,2,23,timeout,wait_m6,0,3,506.431959,355,1,5.664,0,0,0,355,0,0,355,1,0,0,1,1.7631E+12,,heavy,0.25,25,0,11,11,1,0,0,,,,,,,,
g2_rain_fade,RAIN_FADE,14,,300,2,24,ok,,,1,57.913167,2013,5,11.446,0.144,11.613,11.60899999,886,709,418,2013,2,2,1,5,1.7631E+12,1.7631E+12,heavy,0.25,25,0,2,2,1,0,0,,,,,,,,
g2_rain_fade,RAIN_FADE,14,,300,2,25,ok,,,1,55.523291,2011,5,12.641,0.132,10.736,10.724333,886,707,418,2011,2,2,1,5,1.7631E+12,1.7631E+12,heavy,0.25,25,0,2,2,1,0,0,,,,,,,,
g2_rain_fade,RAIN_FADE,14,,300,2,26,timeout,wait_m4,0,3,304.501708,97,1,3.706,0,0,0,97,0,0,97,1,0,0,1,,,heavy,0.25,25,0,5,5,1,1,3,,,,,,,,
g2_rain_fade,RAIN_FADE,14,,300,2,27,ok,,,1,60.723792,2017,5,10.929,0.107,11.437,11.434875,889,709,419,2017,2,2,1,5,1.7631E+12,1.7631E+12,heavy,0.25,25,0,2,2,1,0,0,,,,,,,,
g2_rain_fade,RAIN_FADE,14,,300,2,28,ok,,,3,59.177125,2011,5,10.532,0.137,10.814,10.76425,886,707,418,2011,2,2,1,5,1.7631E+12,1.7631E+12,heavy,0.25,25,0,5,5,1,0,0,,,,,,,,
g2_rain_fade,RAIN_FADE,14,,300,2,29,ok,,,1,62.15025,2017,5,10.706,0.098,11.441,11.420916,889,709,419,2017,2,2,1,5,1.7631E+12,1.7631E+12,heavy,0.25,25,0,1,2,0.5,0,0,,,,,,,,
g2_rain_fade,RAIN_FADE,14,,300,2,30,ok,,,1,59.03158399,2017,5,10.66,0.115,11.063,11.061208,889,709,419,2017,2,2,1,5,1.7631E+12,1.7631E+12,heavy,0.25,25,0,2,2,1,0,0,,,,,,,,
g2_rain_fade,RAIN_FADE,14,,300,2,31,ok,,,1,58.04475,2012,5,11.652,0.132,12.098,12.064792,887,707,418,2012,2,2,1,5,1.7631E+12,1.7631E+12,heavy,0.25,25,0,3,5,0.6,0,0,,,,,,,,
g2_rain_fade,RAIN_FADE,14,,300,2,32,timeout,wait_m4,0,3,305.768792,97,1,4.278,0,0,0,97,0,0,97,1,0,0,1,,,heavy,0.25,25,0,6,6,1,0,0,,,,,,,,
g2_rain_fade,RAIN_FADE,14,,300,2,33,ok,,,1,56.99125,2011,5,11.114,0.179,11.609,11.646292,886,707,418,2011,2,2,1,5,1.7631E+12,1.7631E+12,heavy,0.25,25,0,0,2,0,0,0,,,,,,,,
g2_rain_fade,RAIN_FADE,14,,300,2,34,ok,,,2,54.963666,1993,5,11.302,0.108,10.625,10.598834,877,709,407,1993,2,2,1,5,1.7631E+12,1.7631E+12,heavy,0.25,25,0,4,4,1,0,0,,,,,,,,
g2_rain_fade,RAIN_FADE,14,,300,2,35,timeout,wait_m4,0,3,304.490792,97,1,3.8,0,0,0,97,0,0,97,1,0,0,1,,,heavy,0.25,25,0,5,5,1,0,0,,,,,,,,
g2_rain_fade,RAIN_FADE,14,,300,2,36,ok,,,1,73.307125,2011,5,16.99,0.13,16.547,16.540042,886,708,417,2011,2,2,1,5,1.7631E+12,1.7631E+12,heavy,0.25,25,0,6,7,0.857142857,0,0,,,,,,,,
g2_rain_fade,RAIN_FADE,14,,300,2,37,ok,,,2,65.354541,2010,5,12.016,0.117,10.836,10.785083,886,708,416,2010,2,2,1,5,1.7631E+12,1.7631E+12,heavy,0.25,25,0,6,6,1,0,0,,,,,,,,
g2_rain_fade,RAIN_FADE,14,,300,2,38,ok,,,1,58.497833,2012,5,11.247,0.121,11.725,11.7045,887,708,417,2012,2,2,1,5,1.7631E+12,1.7631E+12,heavy,0.25,25,0,0,2,0,0,0,,,,,,,,
g2_rain_fade,RAIN_FADE,14,,300,2,39,timeout,wait_m4,0,3,304.871875,97,1,4.552,0,0,0,97,0,0,97,1,0,0,1,,,heavy,0.25,25,0,0,5,0,1,3,,,,,,,,
g2_rain_fade,RAIN_FADE,14,,300,2,40,ok,,,3,50.792917,2014,5,10.396,0.124,10.896,10.8865,888,708,418,2014,2,2,1,5,1.7631E+12,1.7631E+12,heavy,0.25,25,0,5,7,0.714285714,0,0,,,,,,,,
g2_rain_fade,RAIN_FADE,14,,300,2,41,ok,,,1,60.403625,2012,5,10.364,0.121,11.245,11.250667,887,708,417,2012,2,2,1,5,1.7631E+12,1.7631E+12,heavy,0.25,25,0,0,2,0,0,0,,,,,,,,
g2_rain_fade,RAIN_FADE,14,,300,2,42,ok,,,1,62.270459,2014,5,11.601,0.135,11.684,11.664375,888,708,418,2014,2,2,1,5,1.7631E+12,1.7631E+12,heavy,0.25,25,0,0,2,0,0,0,,,,,,,,
g2_rain_fade,RAIN_FADE,14,,300,2,43,ok,,,2,59.915542,2015,5,11.319,0.134,10.885,10.877334,888,708,419,2015,2,2,1,5,1.7631E+12,1.7631E+12,heavy,0.25,25,0,3,3,1,0,0,,,,,,,,
g2_rain_fade,RAIN_FADE,14,,300,2,44,ok,,,3,64.742708,2015,5,10.68,0.145,11.257,11.231333,888,708,419,2015,2,2,1,5,1.7631E+12,1.7631E+12,heavy,0.25,25,0,5,5,1,0,0,,,,,,,,
g2_rain_fade,RAIN_FADE,14,,300,2,45,ok,,,1,55.230458,1999,5,10.631,0.125,11.324,11.291084,873,708,418,1999,2,2,1,5,1.7631E+12,1.7631E+12,heavy,0.25,25,0,2,2,1,0,0,,,,,,,,
g2_rain_fade,RAIN_FADE,14,,300,2,46,ok,,,1,53.769834,2016,5,10.659,0.127,11.549,11.553708,888,709,419,2016,2,2,1,5,1.7631E+12,1.7631E+12,heavy,0.25,25,0,2,2,1,0,0,,,,,,,,
g2_rain_fade,RAIN_FADE,14,,300,2,47,ok,,,1,65.608791,2011,5,12.334,0.15,11.739,11.719042,886,707,418,2011,2,2,1,5,1.7631E+12,1.7631E+12,heavy,0.25,25,0,5,5,1,0,0,,,,,,,,
g2_rain_fade,RAIN_FADE,14,,300,2,48,ok,,,1,62.029958,2017,5,14.322,0.13,12.425,12.452583,889,709,419,2017,2,2,1,5,1.7631E+12,1.7631E+12,heavy,0.25,25,0,5,5,1,0,0,,,,,,,,
g2_rain_fade,RAIN_FADE,14,,300,2,49,ok,,,3,65.38112499,2015,5,10.805,0.16,10.807,10.757167,888,709,418,2015,2,2,1,5,1.7631E+12,1.7631E+12,heavy,0.25,25,0,7,7,1,0,0,,,,,,,,
g2_rain_fade,RAIN_FADE,14,,300,2,50,ok,,,1,57.671833,2007,5,10.443,0.112,11.251,11.224792,884,706,417,2007,2,2,1,5,1.7631E+12,1.7631E+12,heavy,0.25,25,0,0,2,0,0,0,,,,,,,,
g2_rain_fade,RAIN_FADE,14,,300,2,51,ok,,,1,57.655667,2015,5,11.704,0.129,11.991,11.965834,888,709,418,2015,2,2,1,5,1.7631E+12,1.7631E+12,heavy,0.25,25,0,3,4,0.75,0,0,,,,,,,,
g2_rain_fade,RAIN_FADE,14,,300,2,52,ok,,,1,58.911291,2012,5,11.772,0.116,11.273,11.281333,887,707,418,2012,2,2,1,5,1.7631E+12,1.7631E+12,heavy,0.25,25,0,0,2,0,0,0,,,,,,,,
g2_rain_fade,RAIN_FADE,14,,300,2,53,ok,,,1,58.027084,2014,5,10.33,0.117,10.763,10.742375,888,708,418,2014,2,2,1,5,1.7631E+12,1.7631E+12,heavy,0.25,25,0,0,2,0,0,0,,,,,,,,
g2_rain_fade,RAIN_FADE,14,,300,2,54,ok,,,1,58.303833,2016,5,10.66,0.113,10.515,10.49650001,888,709,419,2016,2,2,1,5,1.7631E+12,1.7631E+12,heavy,0.25,25,0,2,2,1,0,0,,,,,,,,
g2_rain_fade,RAIN_FADE,14,,300,2,55,ok,,,1,53.636291,2015,5,10.6,0.137,10.732,10.710916,888,709,418,2015,2,2,1,5,1.7631E+12,1.7631E+12,heavy,0.25,25,0,1,2,0.5,0,0,,,,,,,,
g2_rain_fade,RAIN_FADE,14,,300,2,56,ok,,,1,60.370667,2014,5,10.33,0.139,11.533,11.507959,888,708,418,2014,2,2,1,5,1.7631E+12,1.7631E+12,heavy,0.25,25,0,2,2,1,0,0,,,,,,,,
g2_rain_fade,RAIN_FADE,14,,300,2,57,ok,,,2,57.901291,2014,5,11.88,0.129,10.785,10.764708,888,708,418,2014,2,2,1,5,1.7631E+12,1.7631E+12,heavy,0.25,25,0,4,4,1,0,0,,,,,,,,
g2_rain_fade,RAIN_FADE,14,,300,2,58,ok,,,1,79.685584,2017,5,24.341,0.181,15.043,15.051375,889,709,419,2017,2,2,1,5,1.7631E+12,1.7631E+12,heavy,0.25,25,0,7,7,1,0,0,,,,,,,,
g2_rain_fade,RAIN_FADE,14,,300,2,59,ok,,,1,53.996792,2014,5,10.56,0.128,11.051,11.024625,888,708,418,2014,2,2,1,5,1.7631E+12,1.7631E+12,heavy,0.25,25,0,0,2,0,0,0,,,,,,,,
g2_rain_fade,RAIN_FADE,14,,300,2,60,ok,,,1,57.5675,2013,5,10.831,0.093,11.148,11.14825,887,709,417,2013,2,2,1,5,1.7631E+12,1.7631E+12,heavy,0.25,25,0,1,2,0.5,0,0,,,,,,,,
g2_rain_fade,RAIN_FADE,14,,300,2,61,ok,,,1,55.059833,2014,5,10.401,0.106,10.994,11.058291,888,708,418,2014,2,2,1,5,1.7631E+12,1.7631E+12,heavy,0.25,25,0,2,2,1,0,0,,,,,,,,
g2_rain_fade,RAIN_FADE,14,,300,2,62,ok,,,1,60.822958,2015,5,11.572,0.101,10.812,10.793875,888,708,419,2015,2,2,1,5,1.7631E+12,1.7631E+12,heavy,0.25,25,0,2,2,1,0,0,,,,,,,,
g2_rain_fade,RAIN_FADE,14,,300,2,63,ok,,,1,59.924292,2017,5,11.818,0.155,10.703,10.672792,889,709,419,2017,2,2,1,5,1.7631E+12,1.7631E+12,heavy,0.25,25,0,2,2,1,0,0,,,,,,,,
g2_rain_fade,RAIN_FADE,14,,300,2,64,ok,,,1,56.11575001,2014,5,12.066,0.124,10.597,10.574125,888,708,418,2014,2,2,1,5,1.7631E+12,1.7631E+12,heavy,0.25,25,0,0,2,0,0,0,,,,,,,,
g2_rain_fade,RAIN_FADE,14,,300,2,65,ok,,,2,53.995375,2015,5,11.107,0.153,10.944,10.920042,888,708,419,2015,2,2,1,5,1.7631E+12,1.7631E+12,heavy,0.25,25,0,3,3,1,0,0,,,,,,,,
g2_rain_fade,RAIN_FADE,14,,300,2,66,ok,,,1,51.593333,2012,5,11.308,0.132,11.51,11.507125,886,708,418,2012,2,2,1,5,1.7631E+12,1.7631E+12,heavy,0.25,25,0,0,2,0,0,0,,,,,,,,
g2_rain_fade,RAIN_FADE,14,,300,2,67,ok,,,2,65.134959,2014,5,12.882,0.204,11.926,11.95754101,888,708,418,2014,2,2,1,5,1.7631E+12,1.7631E+12,heavy,0.25,25,0,8,8,1,0,0,,,,,,,,
g2_rain_fade,RAIN_FADE,14,,300,2,68,ok,,,1,55.097,2011,5,10.717,0.124,10.995,10.976417,886,708,417,2011,2,2,1,5,1.7631E+12,1.7631E+12,heavy,0.25,25,0,2,2,1,0,0,,,,,,,,
g2_rain_fade,RAIN_FADE,14,,300,2,69,ok,,,3,61.5645,2012,5,10.793,0.166,11.636,11.609,886,707,419,2012,2,2,1,5,1.7631E+12,1.7631E+12,heavy,0.25,25,0,5,5,1,0,0,,,,,,,,
g2_rain_fade,RAIN_FADE,14,,300,2,70,ok,,,2,57.148917,2017,5,10.463,0.089,11.83,11.85525001,889,709,419,2017,2,2,1,5,1.7631E+12,1.7631E+12,heavy,0.25,25,0,4,4,1,0,0,,,,,,,,
g2_rain_fade,RAIN_FADE,14,,300,2,71,ok,,,1,59.973416,2013,5,10.524,0.11,11.227,11.195917,887,709,417,2013,2,2,1,5,1.7631E+12,1.7631E+12,heavy,0.25,25,0,1,2,0.5,0,0,,,,,,,,
g2_rain_fade,RAIN_FADE,14,,300,2,72,ok,,,2,55.77854101,2017,5,10.982,0.142,10.722,10.710917,889,709,419,2017,2,2,1,5,1.7631E+12,1.7631E+12,heavy,0.25,25,0,3,3,1,0,0,,,,,,,,
g2_rain_fade,RAIN_FADE,14,,300,2,73,ok,,,1,54.38125,2013,5,10.742,0.105,11.01,11.021416,887,709,417,2013,2,2,1,5,1.7631E+12,1.7631E+12,heavy,0.25,25,0,0,2,0,0,0,,,,,,,,
g2_rain_fade,RAIN_FADE,14,,300,2,74,ok,,,1,60.279,2014,5,10.401,0.134,10.563,10.528,888,708,418,2014,2,2,1,5,1.7631E+12,1.7631E+12,heavy,0.25,25,0,0,2,0,0,0,,,,,,,,
g2_rain_fade,RAIN_FADE,14,,300,2,75,ok,,,1,68.724,2015,5,11.159,0.139,17.82,17.6975,888,709,418,2015,2,2,1,5,1.7631E+12,1.7631E+12,heavy,0.25,25,0,4,4,1,0,0,,,,,,,,
g2_rain_fade,RAIN_FADE,14,,300,2,76,ok,,,1,56.08325,2012,5,11.462,0.13,12.201,12.202125,887,708,417,2012,2,2,1,5,1.7631E+12,1.7631E+12,heavy,0.25,25,0,2,2,1,0,0,,,,,,,,
g2_rain_fade,RAIN_FADE,14,,300,2,77,ok,,,1,57.966,2017,5,12.202,0.109,10.674,10.66420801,889,709,419,2017,2,2,1,5,1.7631E+12,1.7631E+12,heavy,0.25,25,0,0,2,0,0,0,,,,,,,,
g2_rain_fade,RAIN_FADE,14,,300,2,78,ok,,,1,63.670375,2014,5,12.673,0.098,10.663,10.638792,888,708,418,2014,2,2,1,5,1.7631E+12,1.7631E+12,heavy,0.25,25,0,0,2,0,0,0,,,,,,,,
g2_rain_fade,RAIN_FADE,14,,300,2,79,ok,,,1,59.522625,2012,5,10.978,0.113,12.358,12.412916,886,707,419,2012,2,2,1,5,1.7631E+12,1.7631E+12,heavy,0.25,25,0,1,2,0.5,0,0,,,,,,,,
g2_rain_fade,RAIN_FADE,14,,300,2,80,ok,,,1,65.9675,2017,5,14.929,0.139,12.294,12.525417,889,709,419,2017,2,2,1,5,1.7631E+12,1.7631E+12,heavy,0.25,25,0,3,5,0.6,0,0,,,,,,,,
g2_rain_fade,RAIN_FADE,14,,300,2,81,ok,,,1,65.742958,2017,5,10.768,0.1,11.357,11.399125,889,709,419,2017,2,2,1,5,1.7631E+12,1.7631E+12,heavy,0.25,25,0,0,2,0,0,0,,,,,,,,
g2_rain_fade,RAIN_FADE,14,,300,2,82,ok,,,1,61.831958,2012,5,11.358,0.134,11.748,11.713458,887,707,418,2012,2,2,1,5,1.7631E+12,1.7631E+12,heavy,0.25,25,0,2,2,1,0,0,,,,,,,,
g2_rain_fade,RAIN_FADE,14,,300,2,83,ok,,,1,61.161458,2014,5,10.391,0.107,11.557,11.633042,888,708,418,2014,2,2,1,5,1.7631E+12,1.7631E+12,heavy,0.25,25,0,2,2,1,0,0,,,,,,,,
g2_rain_fade,RAIN_FADE,14,,300,2,84,ok,,,1,62.286666,2017,5,10.944,0.108,11.179,11.197041,889,709,419,2017,2,2,1,5,1.7631E+12,1.7631E+12,heavy,0.25,25,0,2,2,1,0,0,,,,,,,,
g2_rain_fade,RAIN_FADE,14,,300,2,85,ok,,,1,61.316334,2007,5,12.794,0.138,12.736,12.703541,885,707,415,2007,2,2,1,5,1.7631E+12,1.7631E+12,heavy,0.25,25,0,5,5,1,0,0,,,,,,,,
g2_rain_fade,RAIN_FADE,14,,300,2,86,ok,,,1,59.90016701,2012,5,10.43,0.12,12.914,12.972792,887,708,417,2012,2,2,1,5,1.7631E+12,1.7631E+12,heavy,0.25,25,0,2,2,1,0,0,,,,,,,,
g2_rain_fade,RAIN_FADE,14,,300,2,87,ok,,,1,61.206709,2012,5,11.699,0.143,11.109,11.069541,887,708,417,2012,2,2,1,5,1.7631E+12,1.7631E+12,heavy,0.25,25,0,1,2,0.5,0,0,,,,,,,,
g2_rain_fade,RAIN_FADE,14,,300,2,88,ok,,,1,57.010292,2014,5,10.557,0.12,11.503,11.483208,888,708,418,2014,2,2,1,5,1.7631E+12,1.7631E+12,heavy,0.25,25,0,0,2,0,0,0,,,,,,,,
g2_rain_fade,RAIN_FADE,14,,300,2,89,ok,,,1,60.212375,2014,5,10.582,0.106,12.232,12.229209,888,708,418,2014,2,2,1,5,1.7631E+12,1.7631E+12,heavy,0.25,25,0,0,2,0,0,0,,,,,,,,
g2_rain_fade,RAIN_FADE,14,,300,2,90,timeout,wait_m6,0,3,507.206541,357,1,6.659,0,0,0,357,0,0,357,1,0,0,1,1.7631E+12,,heavy,0.25,25,0,9,9,1,1,3,,,,,,,,
g2_rain_fade,RAIN_FADE,14,,300,2,91,ok,,,1,55.776334,2015,5,10.835,0.111,12.993,13.184542,888,709,418,2015,2,2,1,5,1.7631E+12,1.7631E+12,heavy,0.25,25,0,2,2,1,0,0,,,,,,,,
g2_rain_fade,RAIN_FADE,14,,300,2,92,ok,,,1,61.5765,2014,5,10.586,0.095,11.705,11.813,888,708,418,2014,2,2,1,5,1.7631E+12,1.7631E+12,heavy,0.25,25,0,2,2,1,0,0,,,,,,,,
g2_rain_fade,RAIN_FADE,14,,300,2,93,timeout,wait_m6,0,3,510.9595,356,1,8.434,0,0,0,356,0,0,356,1,0,0,1,1.7631E+12,,heavy,0.25,25,0,11,11,1,1,3,,,,,,,,
g2_rain_fade,RAIN_FADE,14,,300,2,94,ok,,,1,56.086417,2009,5,10.609,0.141,12.469,12.478792,885,707,417,2009,2,2,1,5,1.7631E+12,1.7631E+12,heavy,0.25,25,0,1,2,0.5,0,0,,,,,,,,
g2_rain_fade,RAIN_FADE,14,,300,2,95,ok,,,1,55.9125,2011,5,10.724,0.142,11.354,11.340834,886,707,418,2011,2,2,1,5,1.7631E+12,1.7631E+12,heavy,0.25,25,0,0,2,0,0,0,,,,,,,,
g2_rain_fade,RAIN_FADE,14,,300,2,96,ok,,,1,62.11320899,2010,5,11.455,0.121,11.014,10.990333,886,707,417,2010,2,2,1,5,1.7631E+12,1.7631E+12,heavy,0.25,25,0,0,2,0,0,0,,,,,,,,
g2_rain_fade,RAIN_FADE,14,,300,2,97,ok,,,3,60.906458,2010,5,11.943,0.107,12.059,12.107291,886,706,418,2010,2,2,1,5,1.7631E+12,1.7631E+12,heavy,0.25,25,0,4,5,0.8,0,0,,,,,,,,
g2_rain_fade,RAIN_FADE,14,,300,2,98,ok,,,1,58.846417,2013,5,12.179,0.108,12.008,12.032542,887,708,418,2013,2,2,1,5,1.7631E+12,1.7631E+12,heavy,0.25,25,0,2,2,1,0,0,,,,,,,,
g2_rain_fade,RAIN_FADE,14,,300,2,99,ok,,,1,63.868708,2013,5,12.377,0.13,10.945,10.915417,887,708,418,2013,2,2,1,5,1.7631E+12,1.7631E+12,heavy,0.25,25,0,0,2,0,0,0,,,,,,,,
g2_rain_fade,RAIN_FADE,14,,300,2,100,ok,,,1,59.652833,2017,5,11.795,0.109,10.58,10.5645,889,709,419,2017,2,2,1,5,1.7631E+12,1.7631E+12,heavy,0.25,25,0,2,2,1,0,0,,,,,,,,
g2_rain_fade,RAIN_FADE,14,,300,2,101,ok,,,1,61.286375,2012,5,12.092,0.134,12.379,12.348791,887,707,418,2012,2,2,1,5,1.7631E+12,1.7631E+12,heavy,0.25,25,0,5,5,1,0,0,,,,,,,,
g2_rain_fade,RAIN_FADE,14,,300,2,102,ok,,,2,62.44191701,2012,5,11.862,0.149,12.961,12.976458,887,708,417,2012,2,2,1,5,1.7631E+12,1.7631E+12,heavy,0.25,25,0,6,8,0.75,0,0,,,,,,,,
g2_rain_fade,RAIN_FADE,14,,300,2,103,ok,,,1,65.655916,2017,5,11.64,0.109,12.691,12.670541,889,709,419,2017,2,2,1,5,1.7631E+12,1.7631E+12,heavy,0.25,25,0,6,7,0.857142857,0,0,,,,,,,,
g2_rain_fade,RAIN_FADE,14,,300,2,104,ok,,,1,54.687709,2011,5,10.5,0.144,10.656,10.629666,885,708,418,2011,2,2,1,5,1.7631E+12,1.7631E+12,heavy,0.25,25,0,4,4,1,0,0,,,,,,,,
g2_rain_fade,RAIN_FADE,14,,300,2,105,ok,,,1,53.966458,2014,5,11.847,0.148,11.282,11.281708,888,708,418,2014,2,2,1,5,1.7631E+12,1.7631E+12,heavy,0.25,25,0,2,2,1,0,0,,,,,,,,
g2_rain_fade,RAIN_FADE,14,,300,2,106,ok,,,2,65.79475,2015,5,13.002,0.182,12.412,12.3805,888,708,419,2015,2,2,1,5,1.7631E+12,1.7631E+12,heavy,0.25,25,0,5,6,0.833333333,0,0,,,,,,,,
g2_rain_fade,RAIN_FADE,14,,300,2,107,ok,,,2,56.715416,2010,5,11.301,0.144,10.826,10.8035,885,707,418,2010,2,2,1,5,1.7631E+12,1.7631E+12,heavy,0.25,25,0,3,3,1,0,0,,,,,,,,
g2_rain_fade,RAIN_FADE,14,,300,2,108,ok,,,1,62.230625,2017,5,10.752,0.095,12.004,12.0535,889,709,419,2017,2,2,1,5,1.7631E+12,1.7631E+12,heavy,0.25,25,0,2,2,1,0,0,,,,,,,,
g2_rain_fade,RAIN_FADE,14,,300,2,109,ok,,,1,56.205917,2010,5,10.697,0.154,10.858,11.208333,886,707,417,2010,2,2,1,5,1.7631E+12,1.7631E+12,heavy,0.25,25,0,2,2,1,0,0,,,,,,,,
g2_rain_fade,RAIN_FADE,14,,300,2,110,ok,,,1,59.915208,2008,5,10.656,0.107,12.395,12.437083,885,707,416,2008,2,2,1,5,1.7631E+12,1.7631E+12,heavy,0.25,25,0,0,2,0,0,0,,,,,,,,
g2_rain_fade,RAIN_FADE,14,,300,2,111,ok,,,1,54.937917,2015,5,10.34,0.125,10.914,10.946417,888,708,419,2015,2,2,1,5,1.7631E+12,1.7631E+12,heavy,0.25,25,0,2,2,1,0,0,,,,,,,,
g2_rain_fade,RAIN_FADE,14,,300,2,112,ok,,,1,60.560667,2017,5,11.721,0.096,11.667,11.81595799,889,709,419,2017,2,2,1,5,1.7631E+12,1.7631E+12,heavy,0.25,25,0,2,2,1,0,0,,,,,,,,
g2_rain_fade,RAIN_FADE,14,,300,2,113,ok,,,1,52.481375,2014,5,11.483,0.128,10.834,10.824875,888,708,418,2014,2,2,1,5,1.7631E+12,1.7631E+12,heavy,0.25,25,0,0,2,0,0,0,,,,,,,,
g2_rain_fade,RAIN_FADE,14,,300,2,114,ok,,,1,57.771708,2014,5,11.799,0.093,11.751,11.779333,887,709,418,2014,2,2,1,5,1.7631E+12,1.7631E+12,heavy,0.25,25,0,0,2,0,0,0,,,,,,,,
g2_rain_fade,RAIN_FADE,14,,300,2,115,ok,,,1,58.591084,2012,5,10.161,0.175,12.716,12.889417,887,707,418,2012,2,2,1,5,1.7631E+12,1.7631E+12,heavy,0.25,25,0,2,2,1,0,0,,,,,,,,
g2_rain_fade,RAIN_FADE,14,,300,2,116,ok,,,1,61.295958,2014,5,11.499,0.09,11.451,11.493209,888,708,418,2014,2,2,1,5,1.7631E+12,1.7631E+12,heavy,0.25,25,0,2,2,1,0,0,,,,,,,,
g2_rain_fade,RAIN_FADE,14,,300,2,117,ok,,,1,57.322417,2017,5,10.948,0.111,11.522,11.606417,889,709,419,2017,2,2,1,5,1.7631E+12,1.7631E+12,heavy,0.25,25,0,0,2,0,0,0,,,,,,,,
g2_rain_fade,RAIN_FADE,14,,300,2,118,ok,,,1,62.222125,2012,5,11.511,0.157,10.812,10.823083,887,708,417,2012,2,2,1,5,1.7631E+12,1.7631E+12,heavy,0.25,25,0,2,2,1,0,0,,,,,,,,
g2_rain_fade,RAIN_FADE,14,,300,2,119,ok,,,1,57.241125,2014,5,12.458,0.112,10.589,10.563166,887,709,418,2014,2,2,1,5,1.7631E+12,1.7631E+12,heavy,0.25,25,0,0,2,0,0,0,,,,,,,,
g2_rain_fade,RAIN_FADE,14,,300,2,120,ok,,,1,56.415875,2012,5,10.207,0.132,11.579,11.549833,886,709,417,2012,2,2,1,5,1.7631E+12,1.7631E+12,heavy,0.25,25,0,0,2,0,0,0,,,,,,,,
g2_rain_fade,RAIN_FADE,14,,300,2,121,ok,,,1,64.328541,2014,5,10.811,0.131,10.737,10.728208,888,708,418,2014,2,2,1,5,1.7631E+12,1.7631E+12,heavy,0.25,25,0,2,2,1,0,0,,,,,,,,
g2_rain_fade,RAIN_FADE,14,,300,2,122,ok,,,1,55.049708,2010,5,10.558,0.107,12.177,12.200417,886,707,417,2010,2,2,1,5,1.7631E+12,1.7631E+12,heavy,0.25,25,0,0,2,0,0,0,,,,,,,,
g2_rain_fade,RAIN_FADE,14,,300,2,123,ok,,,1,59.35033299,2017,5,11.476,0.176,12.196,12.479292,889,709,419,2017,2,2,1,5,1.7631E+12,1.7631E+12,heavy,0.25,25,0,4,4,1,0,0,,,,,,,,
g2_rain_fade,RAIN_FADE,14,,300,2,124,ok,,,1,56.686875,2015,5,10.48,0.138,11.203,11.1985,888,708,419,2015,2,2,1,5,1.7631E+12,1.7631E+12,heavy,0.25,25,0,0,2,0,0,0,,,,,,,,
g2_rain_fade,RAIN_FADE,14,,300,2,125,ok,,,2,64.955625,2016,5,11.068,0.137,11.081,11.053667,888,709,419,2016,2,2,1,5,1.7631E+12,1.7631E+12,heavy,0.25,25,0,2,4,0.5,0,0,,,,,,,,
g2_rain_fade,RAIN_FADE,14,,300,2,126,ok,,,1,57.916416,2016,5,11.383,0.132,10.492,10.465125,888,709,419,2016,2,2,1,5,1.7631E+12,1.7631E+12,heavy,0.25,25,0,4,4,1,0,0,,,,,,,,
g2_rain_fade,RAIN_FADE,14,,300,2,127,ok,,,1,53.629875,2011,5,10.903,0.146,12.065,12.072,886,707,418,2011,2,2,1,5,1.7631E+12,1.7631E+12,heavy,0.25,25,0,5,7,0.714285714,0,0,,,,,,,,
g2_rain_fade,RAIN_FADE,14,,300,2,128,ok,,,2,55.232166,2013,5,10.383,0.105,11.007,11.0175,887,708,418,2013,2,2,1,5,1.7631E+12,1.7631E+12,heavy,0.25,25,0,3,3,1,0,0,,,,,,,,
g2_rain_fade,RAIN_FADE,14,,300,2,129,ok,,,1,64.760166,2012,5,12.685,0.188,11.866,11.84575,887,708,417,2012,2,2,1,5,1.7631E+12,1.7631E+12,heavy,0.25,25,0,7,7,1,0,0,,,,,,,,
g2_rain_fade,RAIN_FADE,14,,300,2,130,ok,,,1,56.323458,2013,5,10.63,0.116,10.95,10.915792,887,708,418,2013,2,2,1,5,1.7631E+12,1.7631E+12,heavy,0.25,25,0,2,2,1,0,0,,,,,,,,
g2_rain_fade,RAIN_FADE,14,,300,2,131,ok,,,1,60.95358299,1998,5,11.345,0.125,10.911,10.879166,873,707,418,1998,2,2,1,5,1.7631E+12,1.7631E+12,heavy,0.25,25,0,1,2,0.5,0,0,,,,,,,,
g2_rain_fade,RAIN_FADE,14,,300,2,132,ok,,,1,56.381292,2014,5,12.046,0.16,11.331,11.293125,888,708,418,2014,2,2,1,5,1.7631E+12,1.7631E+12,heavy,0.25,25,0,4,4,1,0,0,,,,,,,,
g2_rain_fade,RAIN_FADE,14,,300,2,133,ok,,,1,55.801417,2014,5,11.481,0.122,11.462,11.425125,888,708,418,2014,2,2,1,5,1.7631E+12,1.7631E+12,heavy,0.25,25,0,0,2,0,0,0,,,,,,,,
g2_rain_fade,RAIN_FADE,14,,300,2,134,ok,,,1,61.74266701,2015,5,11.489,0.108,10.682,10.651417,888,708,419,2015,2,2,1,5,1.7631E+12,1.7631E+12,heavy,0.25,25,0,2,2,1,0,0,,,,,,,,
g2_rain_fade,RAIN_FADE,14,,300,2,135,ok,,,1,56.35375,2014,5,10.693,0.141,10.855,10.829708,888,708,418,2014,2,2,1,5,1.7631E+12,1.7631E+12,heavy,0.25,25,0,2,2,1,0,0,,,,,,,,
g2_rain_fade,RAIN_FADE,14,,300,2,136,ok,,,2,61.112666,2017,5,11.499,0.128,11.846,11.841542,889,709,419,2017,2,2,1,5,1.7631E+12,1.7631E+12,heavy,0.25,25,0,3,3,1,0,0,,,,,,,,
g2_rain_fade,RAIN_FADE,14,,300,2,137,ok,,,1,53.969083,2012,5,11.837,0.118,11.481,11.503833,886,707,419,2012,2,2,1,5,1.7631E+12,1.7631E+12,heavy,0.25,25,0,2,2,1,0,0,,,,,,,,
g2_rain_fade,RAIN_FADE,14,,300,2,138,ok,,,1,58.681459,2012,5,11.399,0.113,11.643,11.624042,887,707,418,2012,2,2,1,5,1.7631E+12,1.7631E+12,heavy,0.25,25,0,2,2,1,0,0,,,,,,,,
g2_rain_fade,RAIN_FADE,14,,300,2,139,ok,,,1,61.959916,2017,5,12.475,0.172,11.81,11.780292,889,709,419,2017,2,2,1,5,1.7631E+12,1.7631E+12,heavy,0.25,25,0,4,4,1,0,0,,,,,,,,
g2_rain_fade,RAIN_FADE,14,,300,2,140,ok,,,2,56.658083,2012,5,11.272,0.109,10.632,10.61566699,887,707,418,2012,2,2,1,5,1.7631E+12,1.7631E+12,heavy,0.25,25,0,3,3,1,0,0,,,,,,,,
g2_rain_fade,RAIN_FADE,14,,300,2,141,ok,,,1,57.769,2017,5,13.222,0.109,11.602,11.61958399,889,709,419,2017,2,2,1,5,1.7631E+12,1.7631E+12,heavy,0.25,25,0,0,2,0,0,0,,,,,,,,
g2_rain_fade,RAIN_FADE,14,,300,2,142,ok,,,1,60.579625,2017,5,12.187,0.122,10.967,10.969625,889,709,419,2017,2,2,1,5,1.7631E+12,1.7631E+12,heavy,0.25,25,0,2,2,1,0,0,,,,,,,,
g2_rain_fade,RAIN_FADE,14,,300,2,143,ok,,,2,55.286416,2017,5,12.89,0.112,11.083,11.139583,889,709,419,2017,2,2,1,5,1.7631E+12,1.7631E+12,heavy,0.25,25,0,4,4,1,0,0,,,,,,,,
g2_rain_fade,RAIN_FADE,14,,300,2,144,ok,,,1,61.150583,2015,5,11.358,0.141,11.361,11.345333,888,708,419,2015,2,2,1,5,1.7631E+12,1.7631E+12,heavy,0.25,25,0,4,4,1,0,0,,,,,,,,
g2_rain_fade,RAIN_FADE,14,,300,2,145,ok,,,1,59.12191699,2014,5,11.481,0.104,11.637,11.612375,888,708,418,2014,2,2,1,5,1.7631E+12,1.7631E+12,heavy,0.25,25,0,2,2,1,0,0,,,,,,,,
g2_rain_fade,RAIN_FADE,14,,300,2,146,ok,,,1,56.295583,2017,5,10.295,0.105,11.606,11.583125,889,709,419,2017,2,2,1,5,1.7631E+12,1.7631E+12,heavy,0.25,25,0,2,2,1,0,0,,,,,,,,
g2_rain_fade,RAIN_FADE,14,,300,2,147,ok,,,1,64.759208,2003,5,11.488,0.125,11.38,11.353292,875,709,419,2003,2,2,1,5,1.7631E+12,1.7631E+12,heavy,0.25,25,0,2,2,1,0,0,,,,,,,,
g2_rain_fade,RAIN_FADE,14,,300,2,148,ok,,,1,56.765208,2015,5,10.409,0.111,11.513,11.498167,888,708,419,2015,2,2,1,5,1.7631E+12,1.7631E+12,heavy,0.25,25,0,0,2,0,0,0,,,,,,,,
g2_rain_fade,RAIN_FADE,14,,300,2,149,ok,,,1,63.076333,2014,5,12.04,0.182,12.222,12.22308401,888,708,418,2014,2,2,1,5,1.7631E+12,1.7631E+12,heavy,0.25,25,0,7,7,1,0,0,,,,,,,,
g2_rain_fade,RAIN_FADE,14,,300,2,150,ok,,,1,53.307584,2014,5,11.494,0.112,11.538,11.558417,887,709,418,2014,2,2,1,5,1.7631E+12,1.7631E+12,heavy,0.25,25,0,4,4,1,0,0,,,,,,,,
g2_rain_fade,RAIN_FADE,14,,300,2,151,ok,,,2,53.69399999,2017,5,10.758,0.157,10.552,10.52779199,889,709,419,2017,2,2,1,5,1.7631E+12,1.7631E+12,heavy,0.25,25,0,3,3,1,0,0,,,,,,,,
g2_rain_fade,RAIN_FADE,14,,300,2,152,ok,,,1,52.607542,2000,5,11.185,0.125,11.444,11.429625,874,708,418,2000,2,2,1,5,1.7631E+12,1.7631E+12,heavy,0.25,25,0,2,2,1,0,0,,,,,,,,
g2_rain_fade,RAIN_FADE,14,,300,2,153,ok,,,1,58.211792,2015,5,10.659,0.141,10.798,10.779209,888,708,419,2015,2,2,1,5,1.7631E+12,1.7631E+12,heavy,0.25,25,0,2,2,1,0,0,,,,,,,,
g2_rain_fade,RAIN_FADE,14,,300,2,154,ok,,,1,52.855542,2015,5,11.442,0.108,11.003,11.018417,888,708,419,2015,2,2,1,5,1.7631E+12,1.7631E+12,heavy,0.25,25,0,2,2,1,0,0,,,,,,,,
g2_rain_fade,RAIN_FADE,14,,300,2,155,ok,,,1,57.107666,2012,5,10.524,0.105,10.452,10.438375,887,707,418,2012,2,2,1,5,1.7631E+12,1.7631E+12,heavy,0.25,25,0,0,2,0,0,0,,,,,,,,
g2_rain_fade,RAIN_FADE,14,,300,2,156,ok,,,1,51.055458,2011,5,10.983,0.106,10.859,10.812917,885,708,418,2011,2,2,1,5,1.7631E+12,1.7631E+12,heavy,0.25,25,0,2,2,1,0,0,,,,,,,,
g2_rain_fade,RAIN_FADE,14,,300,2,157,ok,,,1,55.770167,2017,5,11.176,0.096,11.327,11.392542,889,709,419,2017,2,2,1,5,1.7631E+12,1.7631E+12,heavy,0.25,25,0,0,2,0,0,0,,,,,,,,
g2_rain_fade,RAIN_FADE,14,,300,2,158,ok,,,1,59.677833,2014,5,10.734,0.089,10.847,10.834125,888,708,418,2014,2,2,1,5,1.7631E+12,1.7631E+12,heavy,0.25,25,0,2,2,1,0,0,,,,,,,,
g2_rain_fade,RAIN_FADE,14,,300,2,159,ok,,,3,60.710584,2015,5,10.647,0.102,10.658,10.618334,888,708,419,2015,2,2,1,5,1.7631E+12,1.7631E+12,heavy,0.25,25,0,5,5,1,0,0,,,,,,,,
g2_rain_fade,RAIN_FADE,14,,300,2,160,ok,,,3,59.299875,2017,5,11.601,0.147,11.23,11.198417,889,709,419,2017,2,2,1,5,1.7631E+12,1.7631E+12,heavy,0.25,25,0,5,5,1,1,1,,,,,,,,
g2_rain_fade,RAIN_FADE,14,,300,2,161,ok,,,1,58.753917,2015,5,10.569,0.124,12.598,12.640541,888,709,418,2015,2,2,1,5,1.7631E+12,1.7631E+12,heavy,0.25,25,0,2,2,1,0,0,,,,,,,,
g2_rain_fade,RAIN_FADE,14,,300,2,162,ok,,,1,58.36425,2015,5,10.689,0.109,11.351,11.343959,888,709,418,2015,2,2,1,5,1.7631E+12,1.7631E+12,heavy,0.25,25,0,2,2,1,0,0,,,,,,,,
g2_rain_fade,RAIN_FADE,14,,300,2,163,ok,,,1,64.851125,2011,5,10.291,0.097,10.524,10.496084,886,708,417,2011,2,2,1,5,1.7631E+12,1.7631E+12,heavy,0.25,25,0,2,2,1,0,0,,,,,,,,
g2_rain_fade,RAIN_FADE,14,,300,2,164,ok,,,2,58.547876,2014,5,13.021,0.119,11.195,11.158875,887,708,419,2014,2,2,1,5,1.7631E+12,1.7631E+12,heavy,0.25,25,0,4,4,1,0,0,,,,,,,,
g2_rain_fade,RAIN_FADE,14,,300,2,165,ok,,,1,58.15125,2013,5,11.213,0.112,11.27,11.377583,887,708,418,2013,2,2,1,5,1.7631E+12,1.7631E+12,heavy,0.25,25,0,1,2,0.5,0,0,,,,,,,,
g2_rain_fade,RAIN_FADE,14,,300,2,166,ok,,,2,57.656917,2017,5,13.135,0.122,11.447,11.47675001,889,709,419,2017,2,2,1,5,1.7631E+12,1.7631E+12,heavy,0.25,25,0,2,3,0.666666667,0,0,,,,,,,,
g2_rain_fade,RAIN_FADE,14,,300,2,167,ok,,,1,65.8125,2016,5,13.347,0.126,11.271,11.307375,888,709,419,2016,2,2,1,5,1.7631E+12,1.7631E+12,heavy,0.25,25,0,0,2,0,0,0,,,,,,,,
g2_rain_fade,RAIN_FADE,14,,300,2,168,ok,,,1,58.409375,2015,5,11.807,0.152,12.307,12.3515,888,709,418,2015,2,2,1,5,1.7631E+12,1.7631E+12,heavy,0.25,25,0,4,4,1,0,0,,,,,,,,
g2_rain_fade,RAIN_FADE,14,,300,2,169,ok,,,3,57.508917,2006,5,10.829,0.135,11.752,11.746458,885,705,416,2006,2,2,1,5,1.7631E+12,1.7631E+12,heavy,0.25,25,0,5,5,1,0,0,,,,,,,,
g2_rain_fade,RAIN_FADE,14,,300,2,170,ok,,,1,57.169375,2017,5,11.028,0.119,11.137,11.114667,889,709,419,2017,2,2,1,5,1.7631E+12,1.7631E+12,heavy,0.25,25,0,1,2,0.5,0,0,,,,,,,,
g2_rain_fade,RAIN_FADE,14,,300,2,171,ok,,,1,61.52554201,2004,5,13.492,0.121,10.384,10.372667,883,705,416,2004,2,2,1,5,1.7631E+12,1.7631E+12,heavy,0.25,25,0,2,2,1,0,0,,,,,,,,
g2_rain_fade,RAIN_FADE,14,,300,2,172,ok,,,1,59.996167,2012,5,12.032,0.127,14.71,14.973,887,707,418,2012,2,2,1,5,1.7631E+12,1.7631E+12,heavy,0.25,25,0,5,5,1,0,0,,,,,,,,
g2_rain_fade,RAIN_FADE,14,,300,2,173,ok,,,1,52.130417,2011,5,10.619,0.131,11.236,11.225542,886,707,418,2011,2,2,1,5,1.7631E+12,1.7631E+12,heavy,0.25,25,0,2,2,1,0,0,,,,,,,,
g2_rain_fade,RAIN_FADE,14,,300,2,174,ok,,,1,61.479458,2015,5,11.48,0.148,10.964,10.936583,888,708,419,2015,2,2,1,5,1.7631E+12,1.7631E+12,heavy,0.25,25,0,2,5,0.4,0,0,,,,,,,,
g2_rain_fade,RAIN_FADE,14,,300,2,175,ok,,,1,57.95375,2009,5,11.738,0.098,11.64,11.649084,885,707,417,2009,2,2,1,5,1.7631E+12,1.7631E+12,heavy,0.25,25,0,1,2,0.5,0,0,,,,,,,,
g2_rain_fade,RAIN_FADE,14,,300,2,176,ok,,,1,51.300083,2017,5,11.171,0.112,11.124,11.106458,889,709,419,2017,2,2,1,5,1.7631E+12,1.7631E+12,heavy,0.25,25,0,1,2,0.5,0,0,,,,,,,,
g2_rain_fade,RAIN_FADE,14,,300,2,177,ok,,,1,73.899375,2013,5,11.28,0.112,10.701,20.622833,887,708,418,2013,2,2,1,5,1.7631E+12,1.7631E+12,heavy,0.25,25,0,0,2,0,0,0,,,,,,,,
g2_rain_fade,RAIN_FADE,14,,300,2,178,ok,,,1,48.231041,2013,5,11.211,0.106,11.298,11.359042,886,709,418,2013,2,2,1,5,1.7631E+12,1.7631E+12,heavy,0.25,25,0,2,2,1,0,0,,,,,,,,
g2_rain_fade,RAIN_FADE,14,,300,2,179,ok,,,1,59.272375,2017,5,11.256,0.123,10.457,10.434375,889,709,419,2017,2,2,1,5,1.7631E+12,1.7631E+12,heavy,0.25,25,0,2,2,1,0,0,,,,,,,,
g2_rain_fade,RAIN_FADE,14,,300,2,180,ok,,,1,60.862833,2017,5,10.699,0.121,10.726,10.691875,889,709,419,2017,2,2,1,5,1.7631E+12,1.7631E+12,heavy,0.25,25,0,0,2,0,0,0,,,,,,,,
g2_rain_fade,RAIN_FADE,14,,300,2,181,ok,,,1,58.241917,2017,5,10.97,0.115,11.093,11.056167,889,709,419,2017,2,2,1,5,1.7631E+12,1.7631E+12,heavy,0.25,25,0,2,2,1,0,0,,,,,,,,
g2_rain_fade,RAIN_FADE,14,,300,2,182,ok,,,2,58.188667,2013,5,11.092,0.159,13.088,13.2345,887,708,418,2013,2,2,1,5,1.7631E+12,1.7631E+12,heavy,0.25,25,0,6,6,1,0,0,,,,,,,,
g2_rain_fade,RAIN_FADE,14,,300,2,183,ok,,,1,61.761125,2012,5,10.798,0.124,12.386,12.43825,887,707,418,2012,2,2,1,5,1.7631E+12,1.7631E+12,heavy,0.25,25,0,2,2,1,0,0,,,,,,,,
g2_rain_fade,RAIN_FADE,14,,300,2,184,ok,,,1,62.53029199,2015,5,10.823,0.124,11.079,11.077833,888,708,419,2015,2,2,1,5,1.7631E+12,1.7631E+12,heavy,0.25,25,0,2,2,1,0,0,,,,,,,,
g2_rain_fade,RAIN_FADE,14,,300,2,185,ok,,,1,60.57925,2011,5,11.295,0.099,11.434,11.398708,886,707,418,2011,2,2,1,5,1.7631E+12,1.7631E+12,heavy,0.25,25,0,6,7,0.857142857,0,0,,,,,,,,
g2_rain_fade,RAIN_FADE,14,,300,2,186,timeout,wait_m6,0,3,504.8425,357,1,4.221,0,0,0,357,0,0,357,1,0,0,1,1.7631E+12,,heavy,0.25,25,0,9,9,1,0,0,,,,,,,,
g2_rain_fade,RAIN_FADE,14,,300,2,187,ok,,,2,60.771209,2013,5,13.743,0.131,11.806,11.830458,887,708,418,2013,2,2,1,5,1.7631E+12,1.7631E+12,heavy,0.25,25,0,4,4,1,0,0,,,,,,,,
g2_rain_fade,RAIN_FADE,14,,300,2,188,timeout,wait_m6,0,3,509.267959,357,1,4.087,0,0,0,357,0,0,357,1,0,0,1,1.7631E+12,,heavy,0.25,25,0,10,10,1,1,3,,,,,,,,
g2_rain_fade,RAIN_FADE,14,,300,2,189,ok,,,1,59.925958,2015,5,12.048,0.13,10.93,10.91637499,888,709,418,2015,2,2,1,5,1.7631E+12,1.7631E+12,heavy,0.25,25,0,0,2,0,1,1,,,,,,,,
g2_rain_fade,RAIN_FADE,14,,300,2,190,ok,,,1,61.882375,2014,5,10.568,0.12,12.658,12.895375,888,708,418,2014,2,2,1,5,1.7631E+12,1.7631E+12,heavy,0.25,25,0,2,2,1,0,0,,,,,,,,
g2_rain_fade,RAIN_FADE,14,,300,2,191,ok,,,1,58.362875,2015,5,11.727,0.163,12.712,12.629209,888,708,419,2015,2,2,1,5,1.7631E+12,1.7631E+12,heavy,0.25,25,0,4,4,1,0,0,,,,,,,,
g2_rain_fade,RAIN_FADE,14,,300,2,192,ok,,,1,58.959667,2015,5,10.657,0.135,12.74,12.78066599,888,709,418,2015,2,2,1,5,1.7631E+12,1.7631E+12,heavy,0.25,25,0,0,2,0,0,0,,,,,,,,
g2_rain_fade,RAIN_FADE,14,,300,2,193,ok,,,1,60.469667,2012,5,10.633,0.12,12.042,12.062417,887,708,417,2012,2,2,1,5,1.7631E+12,1.7631E+12,heavy,0.25,25,0,2,2,1,0,0,,,,,,,,
g2_rain_fade,RAIN_FADE,14,,300,2,194,ok,,,1,57.004375,2014,5,10.696,0.093,11.375,11.362708,888,708,418,2014,2,2,1,5,1.7631E+12,1.7631E+12,heavy,0.25,25,0,0,2,0,0,0,,,,,,,,
g2_rain_fade,RAIN_FADE,14,,300,2,195,ok,,,2,67.815667,2017,5,13.775,0.196,11.71,11.741667,889,709,419,2017,2,2,1,5,1.7631E+12,1.7631E+12,heavy,0.25,25,0,6,6,1,0,0,,,,,,,,
g2_rain_fade,RAIN_FADE,14,,300,2,196,ok,,,2,53.040292,2017,5,11.159,0.111,10.571,10.564041,889,709,419,2017,2,2,1,5,1.7631E+12,1.7631E+12,heavy,0.25,25,0,3,3,1,0,0,,,,,,,,
g2_rain_fade,RAIN_FADE,14,,300,2,197,ok,,,3,58.368334,2017,5,10.793,0.139,10.809,10.8,889,709,419,2017,2,2,1,5,1.7631E+12,1.7631E+12,heavy,0.25,25,0,4,5,0.8,0,0,,,,,,,,
g2_rain_fade,RAIN_FADE,14,,300,2,198,ok,,,1,59.059958,2015,5,11.898,0.11,10.698,10.685208,888,708,419,2015,2,2,1,5,1.7631E+12,1.7631E+12,heavy,0.25,25,0,0,2,0,0,0,,,,,,,,
g2_rain_fade,RAIN_FADE,14,,300,2,199,ok,,,1,58.577334,2015,5,11.122,0.093,11.332,11.33958399,888,709,418,2015,2,2,1,5,1.7631E+12,1.7631E+12,heavy,0.25,25,0,2,2,1,0,0,,,,,,,,
g2_rain_fade,RAIN_FADE,14,,300,2,200,ok,,,1,63.388375,2015,5,13.106,0.119,13.37,13.33716699,888,708,419,2015,2,2,1,5,1.7631E+12,1.7631E+12,heavy,0.25,25,0,4,4,1,0,0,,,,,,,,
g2_rain_fade,RAIN_FADE,14,,300,2,201,ok,,,1,62.529875,2015,5,10.747,0.136,10.737,10.7365,888,708,419,2015,2,2,1,5,1.7631E+12,1.7631E+12,heavy,0.25,25,0,2,2,1,0,0,,,,,,,,
g2_rain_fade,RAIN_FADE,14,,300,2,202,ok,,,1,58.044167,2015,5,10.927,0.103,11.183,11.22175,888,708,419,2015,2,2,1,5,1.7631E+12,1.7631E+12,heavy,0.25,25,0,2,2,1,0,0,,,,,,,,
g2_rain_fade,RAIN_FADE,14,,300,2,203,ok,,,1,63.931417,2014,5,16.498,0.169,13.726,13.738958,888,708,418,2014,2,2,1,5,1.7631E+12,1.7631E+12,heavy,0.25,25,0,5,5,1,0,0,,,,,,,,
g2_rain_fade,RAIN_FADE,14,,300,2,204,ok,,,1,59.71770899,2017,5,10.525,0.111,11.587,11.590375,889,709,419,2017,2,2,1,5,1.7631E+12,1.7631E+12,heavy,0.25,25,0,0,2,0,0,0,,,,,,,,
g2_rain_fade,RAIN_FADE,14,,300,2,205,ok,,,1,59.956292,2013,5,11.296,0.117,10.509,10.487334,887,708,418,2013,2,2,1,5,1.7631E+12,1.7631E+12,heavy,0.25,25,0,2,2,1,0,0,,,,,,,,
g2_rain_fade,RAIN_FADE,14,,300,2,206,ok,,,3,59.18025,2015,5,12.849,0.116,10.717,10.6925,888,708,419,2015,2,2,1,5,1.7631E+12,1.7631E+12,heavy,0.25,25,0,5,5,1,0,0,,,,,,,,
g2_rain_fade,RAIN_FADE,14,,300,2,207,ok,,,1,60.161334,2014,5,10.347,0.094,11.13,11.194792,888,708,418,2014,2,2,1,5,1.7631E+12,1.7631E+12,heavy,0.25,25,0,0,2,0,0,0,,,,,,,,
g2_rain_fade,RAIN_FADE,14,,300,2,208,ok,,,1,59.895916,2014,5,12.45,0.129,10.579,10.558875,888,708,418,2014,2,2,1,5,1.7631E+12,1.7631E+12,heavy,0.25,25,0,0,2,0,0,0,,,,,,,,
g2_rain_fade,RAIN_FADE,14,,300,2,209,ok,,,1,59.24825,2017,5,11.67,0.117,10.915,10.880708,889,709,419,2017,2,2,1,5,1.7631E+12,1.7631E+12,heavy,0.25,25,0,0,2,0,0,0,,,,,,,,
g2_rain_fade,RAIN_FADE,14,,300,2,210,ok,,,1,63.43025,2013,5,11.894,0.104,11.366,11.381375,887,708,418,2013,2,2,1,5,1.7631E+12,1.7631E+12,heavy,0.25,25,0,2,2,1,0,0,,,,,,,,
g2_rain_fade,RAIN_FADE,14,,300,2,211,ok,,,1,53.110208,2013,5,10.969,0.105,11.618,11.671917,887,708,418,2013,2,2,1,5,1.7631E+12,1.7631E+12,heavy,0.25,25,0,2,2,1,0,0,,,,,,,,
g2_rain_fade,RAIN_FADE,14,,300,2,212,ok,,,1,60.966708,2012,5,11.468,0.16,12.586,12.58875,887,707,418,2012,2,2,1,5,1.7631E+12,1.7631E+12,heavy,0.25,25,0,4,5,0.8,0,0,,,,,,,,
g2_rain_fade,RAIN_FADE,14,,300,2,213,ok,,,1,56.866625,2014,5,10.467,0.107,10.972,10.95975,888,708,418,2014,2,2,1,5,1.7631E+12,1.7631E+12,heavy,0.25,25,0,0,2,0,0,0,,,,,,,,
g2_rain_fade,RAIN_FADE,14,,300,2,214,ok,,,1,67.845084,2009,5,11.705,0.17,13.292,13.328667,886,706,417,2009,2,2,1,5,1.7631E+12,1.7631E+12,heavy,0.25,25,0,7,7,1,0,0,,,,,,,,
g2_rain_fade,RAIN_FADE,14,,300,2,215,ok,,,2,57.724,2012,5,13.966,0.136,10.833,10.821,887,707,418,2012,2,2,1,5,1.7631E+12,1.7631E+12,heavy,0.25,25,0,2,3,0.666666667,0,0,,,,,,,,
g2_rain_fade,RAIN_FADE,14,,300,2,216,ok,,,1,59.773917,2015,5,10.653,0.101,11.46,11.448583,888,708,419,2015,2,2,1,5,1.7631E+12,1.7631E+12,heavy,0.25,25,0,0,2,0,0,0,,,,,,,,
g2_rain_fade,RAIN_FADE,14,,300,2,217,ok,,,1,54.537125,2015,5,11.431,0.118,10.971,10.97129199,888,709,418,2015,2,2,1,5,1.7631E+12,1.7631E+12,heavy,0.25,25,0,0,2,0,0,0,,,,,,,,
g2_rain_fade,RAIN_FADE,14,,300,2,218,ok,,,2,59.217625,2017,5,11.644,0.161,14.533,14.877958,889,709,419,2017,2,2,1,5,1.7631E+12,1.7631E+12,heavy,0.25,25,0,5,6,0.833333333,0,0,,,,,,,,
g2_rain_fade,RAIN_FADE,14,,300,2,219,ok,,,3,60.909375,2014,5,10.932,0.124,10.919,10.917875,888,708,418,2014,2,2,1,5,1.7631E+12,1.7631E+12,heavy,0.25,25,0,5,5,1,0,0,,,,,,,,
g2_rain_fade,RAIN_FADE,14,,300,2,220,ok,,,1,54.836833,2017,5,11.124,0.111,11.811,11.830459,889,709,419,2017,2,2,1,5,1.7631E+12,1.7631E+12,heavy,0.25,25,0,0,2,0,0,0,,,,,,,,
g2_rain_fade,RAIN_FADE,14,,300,2,221,ok,,,1,61.10825,2015,5,11.468,0.121,11.401,11.390792,888,708,419,2015,2,2,1,5,1.7631E+12,1.7631E+12,heavy,0.25,25,0,2,2,1,0,0,,,,,,,,
g2_rain_fade,RAIN_FADE,14,,300,2,222,ok,,,1,60.057625,2017,5,10.534,0.107,10.521,10.493792,889,709,419,2017,2,2,1,5,1.7631E+12,1.7631E+12,heavy,0.25,25,0,2,2,1,0,0,,,,,,,,
g2_rain_fade,RAIN_FADE,14,,300,2,223,ok,,,1,66.31675,2015,5,12.399,0.116,15.591,16.13395799,888,709,418,2015,2,2,1,5,1.7631E+12,1.7631E+12,heavy,0.25,25,0,7,7,1,0,0,,,,,,,,
g2_rain_fade,RAIN_FADE,14,,300,2,224,ok,,,1,59.221625,2017,5,10.854,0.111,11.304,11.298875,889,709,419,2017,2,2,1,5,1.7631E+12,1.7631E+12,heavy,0.25,25,0,2,2,1,0,0,,,,,,,,
g2_rain_fade,RAIN_FADE,14,,300,2,225,ok,,,1,63.976334,2012,5,11.826,0.119,12.107,12.075042,886,708,418,2012,2,2,1,5,1.7631E+12,1.7631E+12,heavy,0.25,25,0,5,5,1,0,0,,,,,,,,
g2_rain_fade,RAIN_FADE,14,,300,2,226,timeout,wait_m6,0,3,507.2725,356,1,6.295,0,0,0,356,0,0,356,1,0,0,1,1.7631E+12,,heavy,0.25,25,0,6,10,0.6,1,3,,,,,,,,
g2_rain_fade,RAIN_FADE,14,,300,2,227,ok,,,1,54.850416,2012,5,11.177,0.115,10.815,10.848584,887,708,417,2012,2,2,1,5,1.7631E+12,1.7631E+12,heavy,0.25,25,0,0,2,0,0,0,,,,,,,,
g2_rain_fade,RAIN_FADE,14,,300,2,228,ok,,,1,53.818416,2012,5,11.146,0.108,11.581,11.598333,887,707,418,2012,2,2,1,5,1.7631E+12,1.7631E+12,heavy,0.25,25,0,0,2,0,0,0,,,,,,,,
g2_rain_fade,RAIN_FADE,14,,300,2,229,ok,,,1,58.021166,2010,5,10.631,0.116,11.749,11.762708,886,707,417,2010,2,2,1,5,1.7631E+12,1.7631E+12,heavy,0.25,25,0,1,2,0.5,0,0,,,,,,,,
g2_rain_fade,RAIN_FADE,14,,300,2,230,ok,,,1,65.084625,2014,5,14.898,0.172,12.617,12.582708,887,709,418,2014,2,2,1,5,1.7631E+12,1.7631E+12,heavy,0.25,25,0,5,5,1,0,0,,,,,,,,
g2_rain_fade,RAIN_FADE,14,,300,2,231,ok,,,1,58.35175,2009,5,10.354,0.087,10.668,10.649208,886,706,417,2009,2,2,1,5,1.7631E+12,1.7631E+12,heavy,0.25,25,0,2,2,1,0,0,,,,,,,,
g2_rain_fade,RAIN_FADE,14,,300,2,232,ok,,,1,56.44016701,2013,5,11.374,0.143,11.392,11.373583,887,708,418,2013,2,2,1,5,1.7631E+12,1.7631E+12,heavy,0.25,25,0,1,2,0.5,0,0,,,,,,,,
g2_rain_fade,RAIN_FADE,14,,300,2,233,ok,,,1,57.835667,2012,5,10.975,0.11,10.851,10.82425,887,708,417,2012,2,2,1,5,1.7631E+12,1.7631E+12,heavy,0.25,25,0,0,2,0,0,0,,,,,,,,
g2_rain_fade,RAIN_FADE,14,,300,2,234,ok,,,2,54.469584,2016,5,10.735,0.126,11.171,11.177833,888,709,419,2016,2,2,1,5,1.7631E+12,1.7631E+12,heavy,0.25,25,0,4,4,1,0,0,,,,,,,,
g2_rain_fade,RAIN_FADE,14,,300,2,235,ok,,,1,55.55108299,2017,5,10.342,0.092,10.463,10.424584,889,709,419,2017,2,2,1,5,1.7631E+12,1.7631E+12,heavy,0.25,25,0,2,2,1,0,0,,,,,,,,
g2_rain_fade,RAIN_FADE,14,,300,2,236,ok,,,1,62.83325,2013,5,11.634,0.207,11.362,11.352542,887,707,419,2013,2,2,1,5,1.7631E+12,1.7631E+12,heavy,0.25,25,0,0,2,0,0,0,,,,,,,,
g2_rain_fade,RAIN_FADE,14,,300,2,237,ok,,,1,57.672416,2014,5,11.146,0.094,10.977,10.970833,888,708,418,2014,2,2,1,5,1.7631E+12,1.7631E+12,heavy,0.25,25,0,2,2,1,0,0,,,,,,,,
g2_rain_fade,RAIN_FADE,14,,300,2,238,ok,,,1,59.350917,2011,5,10.555,0.103,11.121,11.116167,886,707,418,2011,2,2,1,5,1.7631E+12,1.7631E+12,heavy,0.25,25,0,0,2,0,0,0,,,,,,,,
g2_rain_fade,RAIN_FADE,14,,300,2,239,ok,,,1,59.654417,2017,5,10.968,0.128,10.792,10.763708,889,709,419,2017,2,2,1,5,1.7631E+12,1.7631E+12,heavy,0.25,25,0,0,2,0,0,0,,,,,,,,
g2_rain_fade,RAIN_FADE,14,,300,2,240,ok,,,1,60.641208,2012,5,13.687,0.118,11.639,11.707541,886,708,418,2012,2,2,1,5,1.7631E+12,1.7631E+12,heavy,0.25,25,0,4,4,1,0,0,,,,,,,,
g2_rain_fade,RAIN_FADE,14,,300,2,241,ok,,,1,58.09575,2017,5,11.629,0.131,10.916,10.87854199,889,709,419,2017,2,2,1,5,1.7631E+12,1.7631E+12,heavy,0.25,25,0,2,2,1,0,0,,,,,,,,
g2_rain_fade,RAIN_FADE,14,,300,2,242,ok,,,1,62.39945901,2017,5,12.127,0.121,11.192,11.158084,889,709,419,2017,2,2,1,5,1.7631E+12,1.7631E+12,heavy,0.25,25,0,2,2,1,0,0,,,,,,,,
g2_rain_fade,RAIN_FADE,14,,300,2,243,ok,,,1,56.289375,2014,5,10.384,0.124,11.499,11.489625,888,708,418,2014,2,2,1,5,1.7631E+12,1.7631E+12,heavy,0.25,25,0,2,2,1,0,0,,,,,,,,
g2_rain_fade,RAIN_FADE,14,,300,2,244,ok,,,1,56.48612499,2015,5,11.536,0.107,10.559,10.54566701,888,708,419,2015,2,2,1,5,1.7631E+12,1.7631E+12,heavy,0.25,25,0,2,2,1,0,0,,,,,,,,
g2_rain_fade,RAIN_FADE,14,,300,2,245,ok,,,1,58.518917,2015,5,10.473,0.134,11.197,11.19141599,888,709,418,2015,2,2,1,5,1.7631E+12,1.7631E+12,heavy,0.25,25,0,0,2,0,0,0,,,,,,,,
g2_rain_fade,RAIN_FADE,14,,300,2,246,ok,,,1,55.62525,2012,5,10.849,0.105,11.225,11.243792,887,708,417,2012,2,2,1,5,1.7631E+12,1.7631E+12,heavy,0.25,25,0,2,2,1,0,0,,,,,,,,
g2_rain_fade,RAIN_FADE,14,,300,2,247,ok,,,1,61.2105,2017,5,10.165,0.106,11.743,11.720792,889,709,419,2017,2,2,1,5,1.7631E+12,1.7631E+12,heavy,0.25,25,0,2,2,1,0,0,,,,,,,,
g2_rain_fade,RAIN_FADE,14,,300,2,248,ok,,,1,58.931042,2017,5,10.415,0.095,11.363,11.360042,889,709,419,2017,2,2,1,5,1.7631E+12,1.7631E+12,heavy,0.25,25,0,2,2,1,0,0,,,,,,,,
g2_rain_fade,RAIN_FADE,14,,300,2,249,ok,,,1,57.24712501,2015,5,12.513,0.128,11.015,10.98241701,888,708,419,2015,2,2,1,5,1.7631E+12,1.7631E+12,heavy,0.25,25,0,1,2,0.5,0,0,,,,,,,,
g2_rain_fade,RAIN_FADE,14,,300,2,250,ok,,,1,55.359,2010,5,11.242,0.119,10.983,10.9575,886,708,416,2010,2,2,1,5,1.7631E+12,1.7631E+12,heavy,0.25,25,0,1,2,0.5,0,0,,,,,,,,
g2_rain_fade,RAIN_FADE,14,,300,2,251,ok,,,1,58.705583,2015,5,12.833,0.103,10.837,10.845792,888,708,419,2015,2,2,1,5,1.7631E+12,1.7631E+12,heavy,0.25,25,0,1,2,0.5,0,0,,,,,,,,
g2_rain_fade,RAIN_FADE,14,,300,2,252,ok,,,1,61.833708,2014,5,11.596,0.095,11.438,11.55225,888,708,418,2014,2,2,1,5,1.7631E+12,1.7631E+12,heavy,0.25,25,0,0,2,0,0,0,,,,,,,,
g2_rain_fade,RAIN_FADE,14,,300,2,253,ok,,,2,54.153292,2010,5,11.115,0.089,11.726,11.713625,886,707,417,2010,2,2,1,5,1.7631E+12,1.7631E+12,heavy,0.25,25,0,4,4,1,0,0,,,,,,,,
g2_rain_fade,RAIN_FADE,14,,300,2,254,timeout,wait_m6,0,3,506.929875,357,1,5.288,0,0,0,357,0,0,357,1,0,0,1,1.7631E+12,,heavy,0.25,25,0,6,9,0.666666667,1,3,,,,,,,,
g2_rain_fade,RAIN_FADE,14,,300,2,255,ok,,,1,61.201875,2012,5,11.575,0.139,10.644,10.604042,886,709,417,2012,2,2,1,5,1.7631E+12,1.7631E+12,heavy,0.25,25,0,2,2,1,0,0,,,,,,,,
g2_rain_fade,RAIN_FADE,14,,300,2,256,ok,,,1,57.707833,2011,5,10.405,0.143,10.678,10.66175001,886,707,418,2011,2,2,1,5,1.7631E+12,1.7631E+12,heavy,0.25,25,0,2,2,1,0,0,,,,,,,,
g2_rain_fade,RAIN_FADE,14,,300,2,257,ok,,,1,60.06858301,2015,5,12.513,0.161,11.437,11.398209,888,708,419,2015,2,2,1,5,1.7631E+12,1.7631E+12,heavy,0.25,25,0,4,4,1,0,0,,,,,,,,
g2_rain_fade,RAIN_FADE,14,,300,2,258,ok,,,1,62.095417,2017,5,10.628,0.104,10.825,10.792333,889,709,419,2017,2,2,1,5,1.7631E+12,1.7631E+12,heavy,0.25,25,0,1,2,0.5,0,0,,,,,,,,
g2_rain_fade,RAIN_FADE,14,,300,2,259,timeout,wait_m6,0,3,511.628584,356,1,4.281,0,0,0,356,0,0,356,1,0,0,1,1.7631E+12,,heavy,0.25,25,0,8,8,1,0,0,,,,,,,,
g2_rain_fade,RAIN_FADE,14,,300,2,260,ok,,,1,64.765333,2008,5,12.33,0.391,12.559,12.5105,885,706,417,2008,2,2,1,5,1.7631E+12,1.7631E+12,heavy,0.25,25,0,5,5,1,0,0,,,,,,,,
g2_rain_fade,RAIN_FADE,14,,300,2,261,ok,,,1,61.650875,2015,5,13.975,0.199,12.771,12.744583,888,709,418,2015,2,2,1,5,1.7631E+12,1.7631E+12,heavy,0.25,25,0,5,5,1,0,0,,,,,,,,
g2_rain_fade,RAIN_FADE,14,,300,2,262,ok,,,1,60.557958,2012,5,10.482,0.098,11.195,11.177541,887,707,418,2012,2,2,1,5,1.7631E+12,1.7631E+12,heavy,0.25,25,0,0,2,0,0,0,,,,,,,,
g2_rain_fade,RAIN_FADE,14,,300,2,263,ok,,,2,64.921375,2014,5,11.944,0.139,11.676,11.650708,888,708,418,2014,2,2,1,5,1.7631E+12,1.7631E+12,heavy,0.25,25,0,3,3,1,0,0,,,,,,,,
g2_rain_fade,RAIN_FADE,14,,300,2,264,ok,,,2,55.19575001,2014,5,10.496,0.134,11.282,11.281125,888,708,418,2014,2,2,1,5,1.7631E+12,1.7631E+12,heavy,0.25,25,0,3,3,1,0,0,,,,,,,,
g2_rain_fade,RAIN_FADE,14,,300,2,265,ok,,,1,57.20016699,2012,5,10.793,0.124,11.368,11.358042,887,708,417,2012,2,2,1,5,1.7631E+12,1.7631E+12,heavy,0.25,25,0,2,2,1,0,0,,,,,,,,
g2_rain_fade,RAIN_FADE,14,,300,2,266,ok,,,1,57.47625,2015,5,11.56,0.101,11.371,11.3865,888,708,419,2015,2,2,1,5,1.7631E+12,1.7631E+12,heavy,0.25,25,0,1,2,0.5,0,0,,,,,,,,
g2_rain_fade,RAIN_FADE,14,,300,2,267,ok,,,2,61.056625,2016,5,15.187,0.139,11.314,11.295667,888,709,419,2016,2,2,1,5,1.7631E+12,1.7631E+12,heavy,0.25,25,0,6,6,1,0,0,,,,,,,,
g2_rain_fade,RAIN_FADE,14,,300,2,268,ok,,,2,63.165333,2013,5,12.154,0.132,11.949,11.916292,887,708,418,2013,2,2,1,5,1.7631E+12,1.7631E+12,heavy,0.25,25,0,6,6,1,0,0,,,,,,,,
g2_rain_fade,RAIN_FADE,14,,300,2,269,ok,,,1,58.53,2013,5,10.242,0.119,11.596,11.589375,887,708,418,2013,2,2,1,5,1.7631E+12,1.7631E+12,heavy,0.25,25,0,2,2,1,0,0,,,,,,,,
g2_rain_fade,RAIN_FADE,14,,300,2,270,ok,,,1,56.958416,2017,5,11.513,0.087,11.099,11.153625,889,709,419,2017,2,2,1,5,1.7631E+12,1.7631E+12,heavy,0.25,25,0,0,2,0,0,0,,,,,,,,
g2_rain_fade,RAIN_FADE,14,,300,2,271,ok,,,1,59.809584,2017,5,12.396,0.137,12.599,12.565916,889,709,419,2017,2,2,1,5,1.7631E+12,1.7631E+12,heavy,0.25,25,0,5,5,1,0,0,,,,,,,,
g2_rain_fade,RAIN_FADE,14,,300,2,272,ok,,,3,49.790917,2013,5,11.133,0.128,11.006,10.975958,887,708,418,2013,2,2,1,5,1.7631E+12,1.7631E+12,heavy,0.25,25,0,5,5,1,0,0,,,,,,,,
g2_rain_fade,RAIN_FADE,14,,300,2,273,ok,,,1,57.060167,2012,5,10.655,0.097,10.572,10.562667,887,707,418,2012,2,2,1,5,1.7631E+12,1.7631E+12,heavy,0.25,25,0,2,2,1,0,0,,,,,,,,
g2_rain_fade,RAIN_FADE,14,,300,2,274,ok,,,1,58.391584,2015,5,10.283,0.115,11.331,11.311959,888,708,419,2015,2,2,1,5,1.7631E+12,1.7631E+12,heavy,0.25,25,0,2,2,1,0,0,,,,,,,,
g2_rain_fade,RAIN_FADE,14,,300,2,275,ok,,,2,58.519667,2015,5,10.782,0.097,10.472,10.456041,888,708,419,2015,2,2,1,5,1.7631E+12,1.7631E+12,heavy,0.25,25,0,4,4,1,0,0,,,,,,,,
g2_rain_fade,RAIN_FADE,14,,300,2,276,ok,,,2,53.869,2011,5,10.963,0.138,10.741,10.724625,886,708,417,2011,2,2,1,5,1.7631E+12,1.7631E+12,heavy,0.25,25,0,3,3,1,0,0,,,,,,,,
g2_rain_fade,RAIN_FADE,14,,300,2,277,ok,,,2,57.244541,2012,5,10.509,0.096,10.458,10.433125,887,707,418,2012,2,2,1,5,1.7631E+12,1.7631E+12,heavy,0.25,25,0,6,6,1,0,0,,,,,,,,
g2_rain_fade,RAIN_FADE,14,,300,2,278,ok,,,1,58.092,2012,5,10.452,0.135,11.511,11.475542,887,707,418,2012,2,2,1,5,1.7631E+12,1.7631E+12,heavy,0.25,25,0,0,2,0,0,0,,,,,,,,
g2_rain_fade,RAIN_FADE,14,,300,2,279,ok,,,1,57.516791,2009,5,10.552,0.091,10.707,10.704584,886,706,417,2009,2,2,1,5,1.7631E+12,1.7631E+12,heavy,0.25,25,0,0,2,0,0,0,,,,,,,,
g2_rain_fade,RAIN_FADE,14,,300,2,280,ok,,,2,62.736084,2009,5,12.265,0.105,13.107,13.075959,885,708,416,2009,2,2,1,5,1.7631E+12,1.7631E+12,heavy,0.25,25,0,6,6,1,0,0,,,,,,,,
g2_rain_fade,RAIN_FADE,14,,300,2,281,ok,,,1,51.516417,2017,5,10.968,0.104,10.496,10.471917,889,709,419,2017,2,2,1,5,1.7631E+12,1.7631E+12,heavy,0.25,25,0,2,2,1,0,0,,,,,,,,
g2_rain_fade,RAIN_FADE,14,,300,2,282,ok,,,2,56.134666,2015,5,11.655,0.124,11.239,11.300791,888,708,419,2015,2,2,1,5,1.7631E+12,1.7631E+12,heavy,0.25,25,0,3,3,1,0,0,,,,,,,,
g2_rain_fade,RAIN_FADE,14,,300,2,283,ok,,,1,62.748292,2014,5,10.646,0.143,10.942,10.923542,887,709,418,2014,2,2,1,5,1.7631E+12,1.7631E+12,heavy,0.25,25,0,0,2,0,0,0,,,,,,,,
g2_rain_fade,RAIN_FADE,14,,300,2,284,ok,,,1,56.748833,2012,5,10.885,0.098,11.069,11.061417,887,707,418,2012,2,2,1,5,1.7631E+12,1.7631E+12,heavy,0.25,25,0,0,2,0,0,0,,,,,,,,
g2_rain_fade,RAIN_FADE,14,,300,2,285,ok,,,2,60.758666,2010,5,10.577,0.068,10.268,10.253209,886,708,416,2010,2,2,1,5,1.7631E+12,1.7631E+12,heavy,0.25,25,0,3,3,1,0,0,,,,,,,,
g2_rain_fade,RAIN_FADE,14,,300,2,286,ok,,,2,59.900791,2012,5,10.201,0.124,10.455,10.419125,887,708,417,2012,2,2,1,5,1.7631E+12,1.7631E+12,heavy,0.25,25,0,8,8,1,0,0,,,,,,,,
g2_rain_fade,RAIN_FADE,14,,300,2,287,timeout,wait_m6,0,3,507.013667,356,1,4.405,0,0,0,356,0,0,356,1,0,0,1,1.7631E+12,,heavy,0.25,25,0,9,9,1,1,3,,,,,,,,
g2_rain_fade,RAIN_FADE,14,,300,2,288,ok,,,1,58.62437499,2017,5,11.275,0.129,10.635,10.61075,889,709,419,2017,2,2,1,5,1.7631E+12,1.7631E+12,heavy,0.25,25,0,2,2,1,0,0,,,,,,,,
g2_rain_fade,RAIN_FADE,14,,300,2,289,ok,,,3,65.36795801,2012,5,12.111,0.093,12.607,12.578708,887,708,417,2012,2,2,1,5,1.7631E+12,1.7631E+12,heavy,0.25,25,0,7,7,1,0,0,,,,,,,,
g2_rain_fade,RAIN_FADE,14,,300,2,290,ok,,,1,58.424916,2017,5,10.758,0.117,11.834,11.861041,889,709,419,2017,2,2,1,5,1.7631E+12,1.7631E+12,heavy,0.25,25,0,3,5,0.6,0,0,,,,,,,,
g2_rain_fade,RAIN_FADE,14,,300,2,291,ok,,,1,59.546,2012,5,11.662,0.123,10.641,10.60008301,887,707,418,2012,2,2,1,5,1.7631E+12,1.7631E+12,heavy,0.25,25,0,2,2,1,0,0,,,,,,,,
g2_rain_fade,RAIN_FADE,14,,300,2,292,ok,,,1,60.788917,2010,5,10.941,0.111,11.079,11.230083,886,708,416,2010,2,2,1,5,1.7631E+12,1.7631E+12,heavy,0.25,25,0,2,2,1,0,0,,,,,,,,
g2_rain_fade,RAIN_FADE,14,,300,2,293,ok,,,2,50.474084,2012,5,10.92,0.144,10.687,10.66879201,887,707,418,2012,2,2,1,5,1.7631E+12,1.7631E+12,heavy,0.25,25,0,3,3,1,0,0,,,,,,,,
g2_rain_fade,RAIN_FADE,14,,300,2,294,ok,,,1,57.204875,2015,5,10.588,0.091,10.616,10.578334,888,708,419,2015,2,2,1,5,1.7631E+12,1.7631E+12,heavy,0.25,25,0,0,2,0,0,0,,,,,,,,
g2_rain_fade,RAIN_FADE,14,,300,2,295,ok,,,1,55.782542,2014,5,10.843,0.186,10.567,10.547083,888,708,418,2014,2,2,1,5,1.7631E+12,1.7631E+12,heavy,0.25,25,0,0,2,0,0,0,,,,,,,,
g2_rain_fade,RAIN_FADE,14,,300,2,296,ok,,,1,57.574875,2014,5,10.841,0.113,10.574,10.55233301,888,708,418,2014,2,2,1,5,1.7631E+12,1.7631E+12,heavy,0.25,25,0,2,2,1,0,0,,,,,,,,
g2_rain_fade,RAIN_FADE,14,,300,2,297,ok,,,1,60.528,2009,5,12.653,0.128,14.107,14.118583,885,708,416,2009,2,2,1,5,1.7631E+12,1.7631E+12,heavy,0.25,25,0,3,5,0.6,0,0,,,,,,,,
g2_rain_fade,RAIN_FADE,14,,300,2,298,ok,,,1,55.112458,2015,5,11.282,0.123,11.032,11.008875,888,709,418,2015,2,2,1,5,1.7631E+12,1.7631E+12,heavy,0.25,25,0,5,7,0.714285714,0,0,,,,,,,,
g2_rain_fade,RAIN_FADE,14,,300,2,299,ok,,,1,62.197917,2015,5,11.085,0.171,12.467,12.440458,888,708,419,2015,2,2,1,5,1.7631E+12,1.7631E+12,heavy,0.25,25,0,2,4,0.5,0,0,,,,,,,,
g2_rain_fade,RAIN_FADE,14,,300,2,300,ok,,,2,63.453834,2012,5,11.937,0.168,11.352,11.358333,887,707,418,2012,2,2,1,5,1.7631E+12,1.7631E+12,heavy,0.25,25,0,6,6,1,0,0,,,,,,,,
g2_rain_fade,RAIN_FADE,14,,400,2,1,ok,,,1,52.363542,2013,5,10.757,0.104,11.385,11.39225,887,708,418,2013,2,2,1,5,1.7631E+12,1.7631E+12,heavy,0.25,25,0,2,2,1,0,0,,,,,,,,
g2_rain_fade,RAIN_FADE,14,,400,2,2,ok,,,1,58.615417,2013,5,11.852,0.144,11.491,11.468709,886,709,418,2013,2,2,1,5,1.7631E+12,1.7631E+12,heavy,0.25,25,0,2,2,1,0,0,,,,,,,,
g2_rain_fade,RAIN_FADE,14,,400,2,3,timeout,wait_m6,0,3,506.312334,357,1,4.895,0,0,0,357,0,0,357,1,0,0,1,1.7631E+12,,heavy,0.25,25,0,9,9,1,0,0,,,,,,,,
g2_rain_fade,RAIN_FADE,14,,400,2,4,ok,,,1,70.92083299,2015,5,12.773,0.127,13.244,13.251916,888,709,418,2015,2,2,1,5,1.7631E+12,1.7631E+12,heavy,0.25,25,0,5,5,1,0,0,,,,,,,,
g2_rain_fade,RAIN_FADE,14,,400,2,5,ok,,,1,55.375208,2015,5,10.636,0.13,11.31,11.283166,888,708,419,2015,2,2,1,5,1.7631E+12,1.7631E+12,heavy,0.25,25,0,2,2,1,0,0,,,,,,,,
g2_rain_fade,RAIN_FADE,14,,400,2,6,ok,,,1,56.685042,2014,5,11.2,0.124,11.369,11.342792,888,708,418,2014,2,2,1,5,1.7631E+12,1.7631E+12,heavy,0.25,25,0,0,2,0,0,0,,,,,,,,
g2_rain_fade,RAIN_FADE,14,,400,2,7,ok,,,1,59.45974999,2015,5,10.718,0.085,11.095,11.082292,888,708,419,2015,2,2,1,5,1.7631E+12,1.7631E+12,heavy,0.25,25,0,2,2,1,0,0,,,,,,,,
g2_rain_fade,RAIN_FADE,14,,400,2,8,ok,,,1,55.249125,2012,5,11.688,0.121,10.818,10.79958399,887,707,418,2012,2,2,1,5,1.7631E+12,1.7631E+12,heavy,0.25,25,0,2,2,1,0,0,,,,,,,,
g2_rain_fade,RAIN_FADE,14,,400,2,9,ok,,,1,56.832417,2017,5,11.454,0.116,11.181,11.159458,889,709,419,2017,2,2,1,5,1.7631E+12,1.7631E+12,heavy,0.25,25,0,0,2,0,0,0,,,,,,,,
g2_rain_fade,RAIN_FADE,14,,400,2,10,ok,,,1,53.793167,2015,5,11.045,0.13,11.743,11.718833,888,708,419,2015,2,2,1,5,1.7631E+12,1.7631E+12,heavy,0.25,25,0,0,2,0,0,0,,,,,,,,
g2_rain_fade,RAIN_FADE,14,,400,2,11,ok,,,1,67.369209,2014,5,13.611,0.168,13.426,13.421875,888,708,418,2014,2,2,1,5,1.7631E+12,1.7631E+12,heavy,0.25,25,0,5,5,1,0,0,,,,,,,,
g2_rain_fade,RAIN_FADE,14,,400,2,12,ok,,,1,69.68225,2014,5,13.42,0.11,11.3,11.28575,887,709,418,2014,2,2,1,5,1.7631E+12,1.7631E+12,heavy,0.25,25,0,4,4,1,0,0,,,,,,,,
g2_rain_fade,RAIN_FADE,14,,400,2,13,ok,,,1,61.4575,2017,5,12.228,0.095,10.829,10.830041,889,709,419,2017,2,2,1,5,1.7631E+12,1.7631E+12,heavy,0.25,25,0,2,2,1,0,0,,,,,,,,
g2_rain_fade,RAIN_FADE,14,,400,2,14,ok,,,1,57.46029101,2017,5,10.818,0.111,10.703,10.728792,889,709,419,2017,2,2,1,5,1.7631E+12,1.7631E+12,heavy,0.25,25,0,2,2,1,0,0,,,,,,,,
g2_rain_fade,RAIN_FADE,14,,400,2,15,ok,,,2,70.921292,2015,5,13.018,0.107,12.811,12.7805,888,708,419,2015,2,2,1,5,1.7631E+12,1.7631E+12,heavy,0.25,25,0,8,8,1,0,0,,,,,,,,
g2_rain_fade,RAIN_FADE,14,,400,2,16,ok,,,1,58.753166,2012,5,11.525,0.124,12.136,12.268334,887,707,418,2012,2,2,1,5,1.7631E+12,1.7631E+12,heavy,0.25,25,0,2,2,1,0,0,,,,,,,,
g2_rain_fade,RAIN_FADE,14,,400,2,17,ok,,,1,70.383708,2017,5,13.369,0.216,13.172,13.1465,889,709,419,2017,2,2,1,5,1.7631E+12,1.7631E+12,heavy,0.25,25,0,5,5,1,0,0,,,,,,,,
g2_rain_fade,RAIN_FADE,14,,400,2,18,ok,,,1,57.132625,2012,5,10.366,0.099,11.504,11.503375,887,707,418,2012,2,2,1,5,1.7631E+12,1.7631E+12,heavy,0.25,25,0,5,5,1,0,0,,,,,,,,
g2_rain_fade,RAIN_FADE,14,,400,2,19,ok,,,1,68.18008301,2015,5,13.311,0.123,14.259,14.311083,888,709,418,2015,2,2,1,5,1.7631E+12,1.7631E+12,heavy,0.25,25,0,5,5,1,0,0,,,,,,,,
g2_rain_fade,RAIN_FADE,14,,400,2,20,ok,,,1,60.923916,2012,5,11.077,0.199,12.492,12.485375,887,708,417,2012,2,2,1,5,1.7631E+12,1.7631E+12,heavy,0.25,25,0,2,2,1,0,0,,,,,,,,
g2_rain_fade,RAIN_FADE,14,,400,2,21,ok,,,2,56.907459,2015,5,10.462,0.127,11.169,11.138583,888,708,419,2015,2,2,1,5,1.7631E+12,1.7631E+12,heavy,0.25,25,0,4,4,1,0,0,,,,,,,,
g2_rain_fade,RAIN_FADE,14,,400,2,22,ok,,,1,57.892458,2015,5,11.35,0.14,10.568,10.541166,888,709,418,2015,2,2,1,5,1.7631E+12,1.7631E+12,heavy,0.25,25,0,3,4,0.75,0,0,,,,,,,,
g2_rain_fade,RAIN_FADE,14,,400,2,23,ok,,,1,55.733375,2017,5,10.515,0.116,11.204,11.222625,889,709,419,2017,2,2,1,5,1.7631E+12,1.7631E+12,heavy,0.25,25,0,0,2,0,0,0,,,,,,,,
g2_rain_fade,RAIN_FADE,14,,400,2,24,ok,,,2,57.456625,2013,5,10.334,0.133,12.87,12.843375,887,708,418,2013,2,2,1,5,1.7631E+12,1.7631E+12,heavy,0.25,25,0,4,4,1,0,0,,,,,,,,
g2_rain_fade,RAIN_FADE,14,,400,2,25,ok,,,1,68.9045,2014,5,13.799,0.15,14.835,14.836875,887,708,419,2014,2,2,1,5,1.7631E+12,1.7631E+12,heavy,0.25,25,0,6,7,0.857142857,0,0,,,,,,,,
g2_rain_fade,RAIN_FADE,14,,400,2,26,ok,,,1,68.102,2017,5,13.1,0.111,13.746,13.752,889,709,419,2017,2,2,1,5,1.7631E+12,1.7631E+12,heavy,0.25,25,0,3,5,0.6,0,0,,,,,,,,
g2_rain_fade,RAIN_FADE,14,,400,2,27,ok,,,1,62.371875,2016,5,11.513,0.304,11.69,11.682875,888,709,419,2016,2,2,1,5,1.7631E+12,1.7631E+12,heavy,0.25,25,0,0,2,0,0,0,,,,,,,,
g2_rain_fade,RAIN_FADE,14,,400,2,28,ok,,,1,63.290125,2009,5,13.255,0.138,11.819,11.796083,885,706,418,2009,2,2,1,5,1.7631E+12,1.7631E+12,heavy,0.25,25,0,4,4,1,0,0,,,,,,,,
g2_rain_fade,RAIN_FADE,14,,400,2,29,ok,,,1,69.842917,2011,5,11.5,0.146,11.642,11.6255,886,708,417,2011,2,2,1,5,1.7631E+12,1.7631E+12,heavy,0.25,25,0,2,2,1,0,0,,,,,,,,
g2_rain_fade,RAIN_FADE,14,,400,2,30,ok,,,1,54.261875,2009,5,12.118,0.105,11.129,11.126625,886,706,417,2009,2,2,1,5,1.7631E+12,1.7631E+12,heavy,0.25,25,0,0,2,0,0,0,,,,,,,,
g2_rain_fade,RAIN_FADE,14,,400,2,31,ok,,,1,56.017583,2015,5,10.626,0.134,10.977,10.947541,888,708,419,2015,2,2,1,5,1.7631E+12,1.7631E+12,heavy,0.25,25,0,2,2,1,0,0,,,,,,,,
g2_rain_fade,RAIN_FADE,14,,400,2,32,ok,,,2,61.17,2014,5,11.682,0.081,11.575,11.552167,888,708,418,2014,2,2,1,5,1.7631E+12,1.7631E+12,heavy,0.25,25,0,9,9,1,0,0,,,,,,,,
g2_rain_fade,RAIN_FADE,14,,400,2,33,timeout,wait_m4,0,3,407.988792,97,1,5.971,0,0,0,97,0,0,97,1,0,0,1,,,heavy,0.25,25,0,6,6,1,0,0,,,,,,,,
g2_rain_fade,RAIN_FADE,14,,400,2,34,ok,,,1,58.400292,2013,5,10.751,0.134,11.64,11.643708,887,708,418,2013,2,2,1,5,1.7631E+12,1.7631E+12,heavy,0.25,25,0,2,2,1,0,0,,,,,,,,
g2_rain_fade,RAIN_FADE,14,,400,2,35,ok,,,1,59.961333,2017,5,10.71,0.107,11.315,11.33454101,889,709,419,2017,2,2,1,5,1.7631E+12,1.7631E+12,heavy,0.25,25,0,0,2,0,0,0,,,,,,,,
g2_rain_fade,RAIN_FADE,14,,400,2,36,ok,,,1,58.740458,2013,5,12.923,0.15,11.299,11.58091601,887,708,418,2013,2,2,1,5,1.7631E+12,1.7631E+12,heavy,0.25,25,0,6,7,0.857142857,0,0,,,,,,,,
g2_rain_fade,RAIN_FADE,14,,400,2,37,ok,,,1,57.501458,2014,5,13.584,0.099,11.439,11.465791,888,708,418,2014,2,2,1,5,1.7631E+12,1.7631E+12,heavy,0.25,25,0,2,2,1,0,0,,,,,,,,
g2_rain_fade,RAIN_FADE,14,,400,2,38,ok,,,1,59.996459,2013,5,10.479,0.129,11.242,11.210167,887,708,418,2013,2,2,1,5,1.7631E+12,1.7631E+12,heavy,0.25,25,0,2,2,1,0,0,,,,,,,,
g2_rain_fade,RAIN_FADE,14,,400,2,39,ok,,,3,61.091667,2014,5,11.65,0.167,13.229,13.306917,888,708,418,2014,2,2,1,5,1.7631E+12,1.7631E+12,heavy,0.25,25,0,6,6,1,0,0,,,,,,,,
g2_rain_fade,RAIN_FADE,14,,400,2,40,ok,,,1,61.058708,2012,5,10.338,0.102,11.347,11.363083,887,707,418,2012,2,2,1,5,1.7631E+12,1.7631E+12,heavy,0.25,25,0,0,2,0,0,0,,,,,,,,
g2_rain_fade,RAIN_FADE,14,,400,2,41,ok,,,1,63.298458,2016,5,12.359,0.149,13.758,13.745,888,709,419,2016,2,2,1,5,1.7631E+12,1.7631E+12,heavy,0.25,25,0,7,7,1,0,0,,,,,,,,
g2_rain_fade,RAIN_FADE,14,,400,2,42,ok,,,1,63.331917,2017,5,11.446,0.123,11.583,11.565584,889,709,419,2017,2,2,1,5,1.7631E+12,1.7631E+12,heavy,0.25,25,0,2,2,1,0,0,,,,,,,,
g2_rain_fade,RAIN_FADE,14,,400,2,43,ok,,,2,60.296625,2010,5,11.438,0.216,11.622,11.62225,886,707,417,2010,2,2,1,5,1.7631E+12,1.7631E+12,heavy,0.25,25,0,1,4,0.25,0,0,,,,,,,,
g2_rain_fade,RAIN_FADE,14,,400,2,44,ok,,,1,62.764584,2015,5,17.462,0.162,11.012,11.0215,888,708,419,2015,2,2,1,5,1.7631E+12,1.7631E+12,heavy,0.25,25,0,5,5,1,0,0,,,,,,,,
g2_rain_fade,RAIN_FADE,14,,400,2,45,ok,,,1,57.762875,2017,5,10.891,0.166,11.563,11.532667,889,709,419,2017,2,2,1,5,1.7631E+12,1.7631E+12,heavy,0.25,25,0,4,4,1,0,0,,,,,,,,
g2_rain_fade,RAIN_FADE,14,,400,2,46,ok,,,3,56.0415,2017,5,10.811,0.131,11.771,11.773958,889,709,419,2017,2,2,1,5,1.7631E+12,1.7631E+12,heavy,0.25,25,0,4,6,0.666666667,0,0,,,,,,,,
g2_rain_fade,RAIN_FADE,14,,400,2,47,ok,,,1,57.448167,2015,5,11.878,0.087,10.789,10.792583,888,708,419,2015,2,2,1,5,1.7631E+12,1.7631E+12,heavy,0.25,25,0,2,2,1,0,0,,,,,,,,
g2_rain_fade,RAIN_FADE,14,,400,2,48,ok,,,2,61.39725,2017,5,11.322,0.135,11.461,11.44174999,889,709,419,2017,2,2,1,5,1.7631E+12,1.7631E+12,heavy,0.25,25,0,4,4,1,0,0,,,,,,,,
g2_rain_fade,RAIN_FADE,14,,400,2,49,ok,,,1,56.797667,2013,5,11.025,0.114,10.983,11.090416,887,707,419,2013,2,2,1,5,1.7631E+12,1.7631E+12,heavy,0.25,25,0,0,2,0,0,0,,,,,,,,
g2_rain_fade,RAIN_FADE,14,,400,2,50,ok,,,1,62.42337501,2013,5,11.959,0.115,11.266,11.25554099,887,708,418,2013,2,2,1,5,1.7631E+12,1.7631E+12,heavy,0.25,25,0,2,2,1,0,0,,,,,,,,
g2_rain_fade,RAIN_FADE,14,,400,2,51,ok,,,2,63.522292,2017,5,10.47,0.121,11.199,11.14908401,889,709,419,2017,2,2,1,5,1.7631E+12,1.7631E+12,heavy,0.25,25,0,4,4,1,0,0,,,,,,,,
g2_rain_fade,RAIN_FADE,14,,400,2,52,ok,,,2,58.79270899,2017,5,11.79,0.119,10.947,10.945458,889,709,419,2017,2,2,1,5,1.7631E+12,1.7631E+12,heavy,0.25,25,0,3,4,0.75,0,0,,,,,,,,
g2_rain_fade,RAIN_FADE,14,,400,2,53,ok,,,1,54.259792,2014,5,10.32,0.099,11.535,11.553125,888,708,418,2014,2,2,1,5,1.7631E+12,1.7631E+12,heavy,0.25,25,0,2,2,1,0,0,,,,,,,,
g2_rain_fade,RAIN_FADE,14,,400,2,54,ok,,,2,73.681209,2009,5,15.131,0.157,15.918,15.87325,885,708,416,2009,2,2,1,5,1.7631E+12,1.7631E+12,heavy,0.25,25,0,9,9,1,0,0,,,,,,,,
g2_rain_fade,RAIN_FADE,14,,400,2,55,ok,,,1,71.325041,2017,5,15.472,0.109,13.115,12.981042,889,709,419,2017,2,2,1,5,1.7631E+12,1.7631E+12,heavy,0.25,25,0,2,5,0.4,0,0,,,,,,,,
g2_rain_fade,RAIN_FADE,14,,400,2,56,ok,,,1,56.220167,2012,5,12.6,0.132,10.827,10.79775,887,707,418,2012,2,2,1,5,1.7631E+12,1.7631E+12,heavy,0.25,25,0,2,2,1,0,0,,,,,,,,
g2_rain_fade,RAIN_FADE,14,,400,2,57,ok,,,1,66.988375,2015,5,13.514,0.107,13.058,13.050583,888,708,419,2015,2,2,1,5,1.7631E+12,1.7631E+12,heavy,0.25,25,0,5,7,0.714285714,1,3,,,,,,,,
g2_rain_fade,RAIN_FADE,14,,400,2,58,timeout,wait_m6,0,3,504.810292,357,1,3.842,0,0,0,357,0,0,357,1,0,0,1,1.7631E+12,,heavy,0.25,25,0,8,9,0.888888889,0,0,,,,,,,,
g2_rain_fade,RAIN_FADE,14,,400,2,59,ok,,,1,63.873041,2017,5,11.605,0.134,11.005,10.970125,889,709,419,2017,2,2,1,5,1.7631E+12,1.7631E+12,heavy,0.25,25,0,0,2,0,0,0,,,,,,,,
g2_rain_fade,RAIN_FADE,14,,400,2,60,ok,,,1,55.96629099,2013,5,12.846,0.128,11.465,11.482333,887,708,418,2013,2,2,1,5,1.7631E+12,1.7631E+12,heavy,0.25,25,0,0,2,0,0,0,,,,,,,,
g2_rain_fade,RAIN_FADE,14,,400,2,61,ok,,,1,57.220333,2017,5,10.234,0.082,11.088,11.090708,889,709,419,2017,2,2,1,5,1.7631E+12,1.7631E+12,heavy,0.25,25,0,0,2,0,0,0,,,,,,,,
g2_rain_fade,RAIN_FADE,14,,400,2,62,ok,,,2,71.86312501,2015,5,13.544,0.148,12.566,12.529167,888,708,419,2015,2,2,1,5,1.7631E+12,1.7631E+12,heavy,0.25,25,0,7,7,1,0,0,,,,,,,,
g2_rain_fade,RAIN_FADE,14,,400,2,63,ok,,,1,57.925375,2017,5,10.443,0.088,11.209,11.204209,889,709,419,2017,2,2,1,5,1.7631E+12,1.7631E+12,heavy,0.25,25,0,0,2,0,0,0,,,,,,,,
g2_rain_fade,RAIN_FADE,14,,400,2,64,ok,,,3,57.04787499,2015,5,11.604,0.126,10.955,10.940625,888,708,419,2015,2,2,1,5,1.7631E+12,1.7631E+12,heavy,0.25,25,0,6,6,1,0,0,,,,,,,,
g2_rain_fade,RAIN_FADE,14,,400,2,65,ok,,,1,54.941625,2015,5,10.701,0.102,11.626,11.66454099,888,709,418,2015,2,2,1,5,1.7631E+12,1.7631E+12,heavy,0.25,25,0,2,2,1,0,0,,,,,,,,
g2_rain_fade,RAIN_FADE,14,,400,2,66,ok,,,1,60.231375,2015,5,12.038,0.142,11.869,11.69270799,888,709,418,2015,2,2,1,5,1.7631E+12,1.7631E+12,heavy,0.25,25,0,3,4,0.75,0,0,,,,,,,,
g2_rain_fade,RAIN_FADE,14,,400,2,67,ok,,,1,56.132542,2012,5,10.909,0.123,11.055,11.382792,887,707,418,2012,2,2,1,5,1.7631E+12,1.7631E+12,heavy,0.25,25,0,0,2,0,0,0,,,,,,,,
g2_rain_fade,RAIN_FADE,14,,400,2,68,ok,,,1,64.03775,2011,5,11.721,0.087,11.223,11.306042,886,708,417,2011,2,2,1,5,1.7631E+12,1.7631E+12,heavy,0.25,25,0,2,2,1,0,0,,,,,,,,
g2_rain_fade,RAIN_FADE,14,,400,2,69,ok,,,1,60.790209,2015,5,12.969,0.136,13.047,13.021291,888,708,419,2015,2,2,1,5,1.7631E+12,1.7631E+12,heavy,0.25,25,0,3,5,0.6,0,0,,,,,,,,
g2_rain_fade,RAIN_FADE,14,,400,2,70,ok,,,1,68.69354199,2017,5,22.046,0.092,11.825,11.845417,889,709,419,2017,2,2,1,5,1.7631E+12,1.7631E+12,heavy,0.25,25,0,0,2,0,0,0,,,,,,,,
g2_rain_fade,RAIN_FADE,14,,400,2,71,ok,,,1,56.191041,2017,5,10.465,0.135,11.854,11.931166,889,709,419,2017,2,2,1,5,1.7631E+12,1.7631E+12,heavy,0.25,25,0,0,2,0,0,0,,,,,,,,
g2_rain_fade,RAIN_FADE,14,,400,2,72,ok,,,1,59.899041,2015,5,10.41,0.086,11.519,11.537,888,708,419,2015,2,2,1,5,1.7631E+12,1.7631E+12,heavy,0.25,25,0,2,2,1,0,0,,,,,,,,
g2_rain_fade,RAIN_FADE,14,,400,2,73,ok,,,1,61.579625,2017,5,11.072,0.083,11.443,11.41275001,889,709,419,2017,2,2,1,5,1.7631E+12,1.7631E+12,heavy,0.25,25,0,5,7,0.714285714,0,0,,,,,,,,
g2_rain_fade,RAIN_FADE,14,,400,2,74,ok,,,1,56.80104101,2014,5,10.789,0.09,11.992,12.029833,888,708,418,2014,2,2,1,5,1.7631E+12,1.7631E+12,heavy,0.25,25,0,0,2,0,0,0,,,,,,,,
g2_rain_fade,RAIN_FADE,14,,400,2,75,ok,,,1,55.373417,2017,5,11.675,0.121,12.381,12.467542,889,709,419,2017,2,2,1,5,1.7631E+12,1.7631E+12,heavy,0.25,25,0,2,2,1,0,0,,,,,,,,
g2_rain_fade,RAIN_FADE,14,,400,2,76,ok,,,1,54.66479201,2017,5,10.783,0.097,11.528,11.571167,889,709,419,2017,2,2,1,5,1.7631E+12,1.7631E+12,heavy,0.25,25,0,2,2,1,0,0,,,,,,,,
g2_rain_fade,RAIN_FADE,14,,400,2,77,ok,,,1,58.070667,2015,5,11.339,0.125,11.612,11.679625,888,709,418,2015,2,2,1,5,1.7631E+12,1.7631E+12,heavy,0.25,25,0,7,7,1,0,0,,,,,,,,
g2_rain_fade,RAIN_FADE,14,,400,2,78,ok,,,1,62.184666,2010,5,11.286,0.114,13.656,13.683333,886,707,417,2010,2,2,1,5,1.7631E+12,1.7631E+12,heavy,0.25,25,0,5,5,1,0,0,,,,,,,,
g2_rain_fade,RAIN_FADE,14,,400,2,79,ok,,,1,53.858333,2017,5,10.89,0.117,11.556,11.528959,889,709,419,2017,2,2,1,5,1.7631E+12,1.7631E+12,heavy,0.25,25,0,2,2,1,0,0,,,,,,,,
g2_rain_fade,RAIN_FADE,14,,400,2,80,ok,,,1,57.197416,2012,5,10.449,0.129,11.323,11.310916,887,707,418,2012,2,2,1,5,1.7631E+12,1.7631E+12,heavy,0.25,25,0,0,2,0,0,0,,,,,,,,
g2_rain_fade,RAIN_FADE,14,,400,2,81,ok,,,1,54.066167,2015,5,12.581,0.108,11.809,11.81854201,888,708,419,2015,2,2,1,5,1.7631E+12,1.7631E+12,heavy,0.25,25,0,1,2,0.5,0,0,,,,,,,,
g2_rain_fade,RAIN_FADE,14,,400,2,82,ok,,,1,58.9365,2017,5,12.526,0.125,10.777,10.774834,889,709,419,2017,2,2,1,5,1.7631E+12,1.7631E+12,heavy,0.25,25,0,2,2,1,0,0,,,,,,,,
g2_rain_fade,RAIN_FADE,14,,400,2,83,ok,,,1,59.396667,2008,5,10.372,0.122,11.411,11.395834,885,706,417,2008,2,2,1,5,1.7631E+12,1.7631E+12,heavy,0.25,25,0,2,2,1,0,0,,,,,,,,
g2_rain_fade,RAIN_FADE,14,,400,2,84,ok,,,1,56.872166,2015,5,10.717,0.102,11.677,11.69562501,888,708,419,2015,2,2,1,5,1.7631E+12,1.7631E+12,heavy,0.25,25,0,0,2,0,0,0,,,,,,,,
g2_rain_fade,RAIN_FADE,14,,400,2,85,ok,,,3,56.133958,2015,5,10.663,0.127,11.301,11.278458,888,708,419,2015,2,2,1,5,1.7631E+12,1.7631E+12,heavy,0.25,25,0,0,6,0,1,3,,,,,,,,
g2_rain_fade,RAIN_FADE,14,,400,2,86,ok,,,1,55.082875,2008,5,11.365,0.133,11.282,11.255708,885,706,417,2008,2,2,1,5,1.7631E+12,1.7631E+12,heavy,0.25,25,0,0,2,0,0,0,,,,,,,,
g2_rain_fade,RAIN_FADE,14,,400,2,87,ok,,,1,62.79020799,2015,5,10.877,0.101,11.119,11.124833,888,709,418,2015,2,2,1,5,1.7631E+12,1.7631E+12,heavy,0.25,25,0,2,2,1,0,0,,,,,,,,
g2_rain_fade,RAIN_FADE,14,,400,2,88,ok,,,1,54.389333,2008,5,11.237,0.12,11.383,11.414375,885,707,416,2008,2,2,1,5,1.7631E+12,1.7631E+12,heavy,0.25,25,0,1,2,0.5,0,0,,,,,,,,
g2_rain_fade,RAIN_FADE,14,,400,2,89,ok,,,1,66.825625,2017,5,12.638,0.13,14.899,14.93775,889,709,419,2017,2,2,1,5,1.7631E+12,1.7631E+12,heavy,0.25,25,0,7,7,1,0,0,,,,,,,,
g2_rain_fade,RAIN_FADE,14,,400,2,90,ok,,,1,70.964458,2013,5,11.133,0.117,11.385,11.491917,887,708,418,2013,2,2,1,5,1.7631E+12,1.7631E+12,heavy,0.25,25,0,2,2,1,0,0,,,,,,,,
g2_rain_fade,RAIN_FADE,14,,400,2,91,ok,,,1,61.720833,2011,5,10.3,0.129,11.475,11.4385,886,707,418,2011,2,2,1,5,1.7631E+12,1.7631E+12,heavy,0.25,25,0,2,2,1,0,0,,,,,,,,
g2_rain_fade,RAIN_FADE,14,,400,2,92,ok,,,1,62.80125,2013,5,12.6,0.115,10.568,10.54491699,887,707,419,2013,2,2,1,5,1.7631E+12,1.7631E+12,heavy,0.25,25,0,2,2,1,0,0,,,,,,,,
g2_rain_fade,RAIN_FADE,14,,400,2,93,ok,,,1,60.968542,2014,5,12.886,0.146,11.306,11.313583,888,708,418,2014,2,2,1,5,1.7631E+12,1.7631E+12,heavy,0.25,25,0,4,4,1,0,0,,,,,,,,
g2_rain_fade,RAIN_FADE,14,,400,2,94,ok,,,2,54.04525,2010,5,10.743,0.114,10.575,10.519958,886,706,418,2010,2,2,1,5,1.7631E+12,1.7631E+12,heavy,0.25,25,0,4,4,1,0,0,,,,,,,,
g2_rain_fade,RAIN_FADE,14,,400,2,95,ok,,,1,55.065917,2015,5,11.591,0.108,10.677,10.655875,888,708,419,2015,2,2,1,5,1.7631E+12,1.7631E+12,heavy,0.25,25,0,1,2,0.5,0,0,,,,,,,,
g2_rain_fade,RAIN_FADE,14,,400,2,96,ok,,,1,55.394625,2013,5,10.309,0.11,11.124,11.121542,887,709,417,2013,2,2,1,5,1.7631E+12,1.7631E+12,heavy,0.25,25,0,0,2,0,0,0,,,,,,,,
g2_rain_fade,RAIN_FADE,14,,400,2,97,ok,,,1,54.956958,2012,5,10.388,0.091,10.599,10.578834,887,707,418,2012,2,2,1,5,1.7631E+12,1.7631E+12,heavy,0.25,25,0,2,2,1,0,0,,,,,,,,
g2_rain_fade,RAIN_FADE,14,,400,2,98,ok,,,2,66.195042,2015,5,13.211,0.179,12.511,12.98025,888,708,419,2015,2,2,1,5,1.7631E+12,1.7631E+12,heavy,0.25,25,0,5,6,0.833333333,0,0,,,,,,,,
g2_rain_fade,RAIN_FADE,14,,400,2,99,ok,,,1,62.391459,2014,5,11.701,0.152,10.717,10.689667,887,709,418,2014,2,2,1,5,1.7631E+12,1.7631E+12,heavy,0.25,25,0,2,2,1,0,0,,,,,,,,
g2_rain_fade,RAIN_FADE,14,,400,2,100,ok,,,2,68.738792,2008,5,15.789,0.161,13.579,13.583041,885,707,416,2008,2,2,1,5,1.7631E+12,1.7631E+12,heavy,0.25,25,0,2,4,0.5,0,0,,,,,,,,
g2_rain_fade,RAIN_FADE,14,,400,2,101,ok,,,1,58.293375,2014,5,10.843,0.121,11.489,11.54562501,888,708,418,2014,2,2,1,5,1.7631E+12,1.7631E+12,heavy,0.25,25,0,0,2,0,0,0,,,,,,,,
g2_rain_fade,RAIN_FADE,14,,400,2,102,ok,,,1,52.437625,2008,5,11.251,0.121,10.743,10.710084,885,707,416,2008,2,2,1,5,1.7631E+12,1.7631E+12,heavy,0.25,25,0,2,2,1,0,0,,,,,,,,
g2_rain_fade,RAIN_FADE,14,,400,2,103,ok,,,1,55.90312499,2014,5,10.927,0.113,10.497,10.480666,887,709,418,2014,2,2,1,5,1.7631E+12,1.7631E+12,heavy,0.25,25,0,2,2,1,0,0,,,,,,,,
g2_rain_fade,RAIN_FADE,14,,400,2,104,ok,,,2,57.94712499,2013,5,10.759,0.096,11.167,11.129292,887,707,419,2013,2,2,1,5,1.7631E+12,1.7631E+12,heavy,0.25,25,0,6,9,0.666666667,0,0,,,,,,,,
g2_rain_fade,RAIN_FADE,14,,400,2,105,ok,,,1,60.113167,2015,5,13.433,0.111,12.195,12.238583,888,709,418,2015,2,2,1,5,1.7631E+12,1.7631E+12,heavy,0.25,25,0,4,4,1,0,0,,,,,,,,
g2_rain_fade,RAIN_FADE,14,,400,2,106,ok,,,1,60.559792,2012,5,11.372,0.148,10.743,10.691916,887,708,417,2012,2,2,1,5,1.7631E+12,1.7631E+12,heavy,0.25,25,0,2,2,1,0,0,,,,,,,,
g2_rain_fade,RAIN_FADE,14,,400,2,107,timeout,wait_m4,0,3,406.745917,97,1,5.463,0,0,0,97,0,0,97,1,0,0,1,,,heavy,0.25,25,0,6,6,1,1,3,,,,,,,,
g2_rain_fade,RAIN_FADE,14,,400,2,108,ok,,,2,56.418875,2017,5,11.156,0.147,10.778,10.749958,889,709,419,2017,2,2,1,5,1.7631E+12,1.7631E+12,heavy,0.25,25,0,4,4,1,0,0,,,,,,,,
g2_rain_fade,RAIN_FADE,14,,400,2,109,ok,,,3,50.154125,2015,5,11.07,0.176,11.931,11.921459,888,709,418,2015,2,2,1,5,1.7631E+12,1.7631E+12,heavy,0.25,25,0,6,6,1,1,3,,,,,,,,
g2_rain_fade,RAIN_FADE,14,,400,2,110,ok,,,1,57.006375,2013,5,13.282,0.116,11.706,11.778541,887,708,418,2013,2,2,1,5,1.7631E+12,1.7631E+12,heavy,0.25,25,0,2,2,1,0,0,,,,,,,,
g2_rain_fade,RAIN_FADE,14,,400,2,111,ok,,,1,52.79333299,2017,5,11.296,0.157,10.874,10.870708,889,709,419,2017,2,2,1,5,1.7631E+12,1.7631E+12,heavy,0.25,25,0,2,2,1,0,0,,,,,,,,
g2_rain_fade,RAIN_FADE,14,,400,2,112,ok,,,2,58.319834,2011,5,10.87,0.2,12.149,12.148625,886,708,417,2011,2,2,1,5,1.7631E+12,1.7631E+12,heavy,0.25,25,0,1,4,0.25,0,0,,,,,,,,
g2_rain_fade,RAIN_FADE,14,,400,2,113,ok,,,1,58.243458,2011,5,10.81,0.148,11.569,11.568458,887,707,417,2011,2,2,1,5,1.7631E+12,1.7631E+12,heavy,0.25,25,0,0,2,0,0,0,,,,,,,,
g2_rain_fade,RAIN_FADE,14,,400,2,114,ok,,,1,57.259083,1998,5,12.925,0.125,10.62,10.589334,873,708,417,1998,2,2,1,5,1.7631E+12,1.7631E+12,heavy,0.25,25,0,0,2,0,0,0,,,,,,,,
g2_rain_fade,RAIN_FADE,14,,400,2,115,ok,,,1,55.801876,2013,5,10.495,0.151,11.449,11.437459,887,708,418,2013,2,2,1,5,1.7631E+12,1.7631E+12,heavy,0.25,25,0,0,2,0,0,0,,,,,,,,
g2_rain_fade,RAIN_FADE,14,,400,2,116,ok,,,1,67.467166,2015,5,15.838,0.167,12.971,12.9685,888,709,418,2015,2,2,1,5,1.7631E+12,1.7631E+12,heavy,0.25,25,0,5,5,1,0,0,,,,,,,,
g2_rain_fade,RAIN_FADE,14,,400,2,117,ok,,,3,54.126125,2012,5,11.023,0.128,11.527,11.540625,887,707,418,2012,2,2,1,5,1.7631E+12,1.7631E+12,heavy,0.25,25,0,6,6,1,1,3,,,,,,,,
g2_rain_fade,RAIN_FADE,14,,400,2,118,ok,,,2,59.419458,2017,5,10.682,0.126,12.178,12.166083,889,709,419,2017,2,2,1,5,1.7631E+12,1.7631E+12,heavy,0.25,25,0,1,4,0.25,0,0,,,,,,,,
g2_rain_fade,RAIN_FADE,14,,400,2,119,ok,,,1,56.981833,2010,5,11.333,0.135,11.068,11.0375,886,707,417,2010,2,2,1,5,1.7631E+12,1.7631E+12,heavy,0.25,25,0,2,2,1,0,0,,,,,,,,
g2_rain_fade,RAIN_FADE,14,,400,2,120,ok,,,1,50.814375,2014,5,10.696,0.113,10.879,10.878375,888,708,418,2014,2,2,1,5,1.7631E+12,1.7631E+12,heavy,0.25,25,0,2,2,1,0,0,,,,,,,,
g2_rain_fade,RAIN_FADE,14,,400,2,121,ok,,,3,58.329333,2014,5,10.64,0.101,11.089,11.075334,888,708,418,2014,2,2,1,5,1.7631E+12,1.7631E+12,heavy,0.25,25,0,4,6,0.666666667,1,3,,,,,,,,
g2_rain_fade,RAIN_FADE,14,,400,2,122,ok,,,1,57.059916,2017,5,10.407,0.123,11.393,11.384875,889,709,419,2017,2,2,1,5,1.7631E+12,1.7631E+12,heavy,0.25,25,0,0,2,0,0,0,,,,,,,,
g2_rain_fade,RAIN_FADE,14,,400,2,123,ok,,,1,51.212584,2011,5,11.262,0.134,11.406,11.38637499,886,708,417,2011,2,2,1,5,1.7631E+12,1.7631E+12,heavy,0.25,25,0,2,2,1,0,0,,,,,,,,
g2_rain_fade,RAIN_FADE,14,,400,2,124,ok,,,3,57.678959,2017,5,11.414,0.122,11.369,11.350541,889,709,419,2017,2,2,1,5,1.7631E+12,1.7631E+12,heavy,0.25,25,0,6,6,1,0,0,,,,,,,,
g2_rain_fade,RAIN_FADE,14,,400,2,125,ok,,,1,66.393584,2015,5,15.577,0.115,11.516,11.470875,888,709,418,2015,2,2,1,5,1.7631E+12,1.7631E+12,heavy,0.25,25,0,7,7,1,0,0,,,,,,,,
g2_rain_fade,RAIN_FADE,14,,400,2,126,ok,,,1,61.813125,2014,5,12.025,0.17,11.593,11.57170899,887,709,418,2014,2,2,1,5,1.7631E+12,1.7631E+12,heavy,0.25,25,0,4,7,0.571428571,0,0,,,,,,,,
g2_rain_fade,RAIN_FADE,14,,400,2,127,ok,,,2,64.307042,2015,5,12.726,0.154,14.332,14.408666,888,708,419,2015,2,2,1,5,1.7631E+12,1.7631E+12,heavy,0.25,25,0,9,9,1,1,3,,,,,,,,
g2_rain_fade,RAIN_FADE,14,,400,2,128,ok,,,1,60.708875,2017,5,10.558,0.109,11.341,11.391417,889,709,419,2017,2,2,1,5,1.7631E+12,1.7631E+12,heavy,0.25,25,0,0,2,0,0,0,,,,,,,,
g2_rain_fade,RAIN_FADE,14,,400,2,129,ok,,,1,57.426625,2013,5,10.689,0.093,11.074,11.10425,887,708,418,2013,2,2,1,5,1.7631E+12,1.7631E+12,heavy,0.25,25,0,0,2,0,0,0,,,,,,,,
g2_rain_fade,RAIN_FADE,14,,400,2,130,ok,,,1,59.204375,2011,5,11.875,0.091,12.525,12.492792,886,708,417,2011,2,2,1,5,1.7631E+12,1.7631E+12,heavy,0.25,25,0,7,7,1,0,0,,,,,,,,
g2_rain_fade,RAIN_FADE,14,,400,2,131,ok,,,1,61.372916,2017,5,11.023,0.136,10.862,10.831417,889,709,419,2017,2,2,1,5,1.7631E+12,1.7631E+12,heavy,0.25,25,0,0,2,0,0,0,,,,,,,,
g2_rain_fade,RAIN_FADE,14,,400,2,132,ok,,,1,61.248708,2016,5,11.72,0.129,12.808,12.825125,888,709,419,2016,2,2,1,5,1.7631E+12,1.7631E+12,heavy,0.25,25,0,5,5,1,0,0,,,,,,,,
g2_rain_fade,RAIN_FADE,14,,400,2,133,ok,,,2,53.780083,2017,5,10.794,0.167,10.916,10.881958,889,709,419,2017,2,2,1,5,1.7631E+12,1.7631E+12,heavy,0.25,25,0,4,4,1,0,0,,,,,,,,
g2_rain_fade,RAIN_FADE,14,,400,2,134,ok,,,1,60.294292,2013,5,13.621,0.112,11.398,11.433625,887,709,417,2013,2,2,1,5,1.7631E+12,1.7631E+12,heavy,0.25,25,0,0,2,0,0,0,,,,,,,,
g2_rain_fade,RAIN_FADE,14,,400,2,135,ok,,,1,57.787917,2011,5,10.709,0.12,11.261,11.258083,887,707,417,2011,2,2,1,5,1.7631E+12,1.7631E+12,heavy,0.25,25,0,2,2,1,0,0,,,,,,,,
g2_rain_fade,RAIN_FADE,14,,400,2,136,ok,,,2,59.694458,2015,5,11.953,0.117,11.041,11.029875,888,709,418,2015,2,2,1,5,1.7631E+12,1.7631E+12,heavy,0.25,25,0,4,4,1,0,0,,,,,,,,
g2_rain_fade,RAIN_FADE,14,,400,2,137,ok,,,1,61.99675,2017,5,10.597,0.141,13.051,13.10112501,889,709,419,2017,2,2,1,5,1.7631E+12,1.7631E+12,heavy,0.25,25,0,0,2,0,0,0,,,,,,,,
g2_rain_fade,RAIN_FADE,14,,400,2,138,ok,,,1,59.3005,2016,5,11.119,0.094,12.314,12.366042,888,709,419,2016,2,2,1,5,1.7631E+12,1.7631E+12,heavy,0.25,25,0,0,2,0,0,0,,,,,,,,
g2_rain_fade,RAIN_FADE,14,,400,2,139,ok,,,1,59.74675,2013,5,10.734,0.121,10.862,10.85620801,887,708,418,2013,2,2,1,5,1.7631E+12,1.7631E+12,heavy,0.25,25,0,0,2,0,0,0,,,,,,,,
g2_rain_fade,RAIN_FADE,14,,400,2,140,ok,,,1,60.132208,2011,5,12.28,0.16,12.937,12.909625,886,707,418,2011,2,2,1,5,1.7631E+12,1.7631E+12,heavy,0.25,25,0,7,7,1,0,0,,,,,,,,
g2_rain_fade,RAIN_FADE,14,,400,2,141,ok,,,1,57.786125,2012,5,12.617,0.151,13.705,13.71895801,887,707,418,2012,2,2,1,5,1.7631E+12,1.7631E+12,heavy,0.25,25,0,2,2,1,0,0,,,,,,,,
g2_rain_fade,RAIN_FADE,14,,400,2,142,ok,,,1,56.261041,2013,5,10.967,0.121,11.212,11.230666,887,708,418,2013,2,2,1,5,1.7631E+12,1.7631E+12,heavy,0.25,25,0,0,2,0,0,0,,,,,,,,
g2_rain_fade,RAIN_FADE,14,,400,2,143,ok,,,1,80.919959,2017,5,15.903,0.285,23.68,24.363292,889,709,419,2017,2,2,1,5,1.7631E+12,1.7631E+12,heavy,0.25,25,0,5,5,1,0,0,,,,,,,,
g2_rain_fade,RAIN_FADE,14,,400,2,144,ok,,,1,60.8255,2015,5,11,0.127,10.972,10.95945801,888,708,419,2015,2,2,1,5,1.7631E+12,1.7631E+12,heavy,0.25,25,0,1,2,0.5,0,0,,,,,,,,
g2_rain_fade,RAIN_FADE,14,,400,2,145,ok,,,3,59.223,2017,5,11.673,0.204,10.805,10.776125,889,709,419,2017,2,2,1,5,1.7631E+12,1.7631E+12,heavy,0.25,25,0,0,6,0,1,3,,,,,,,,
g2_rain_fade,RAIN_FADE,14,,400,2,146,ok,,,1,61.658958,2013,5,11.026,0.193,11.273,11.268792,887,709,417,2013,2,2,1,5,1.7631E+12,1.7631E+12,heavy,0.25,25,0,2,2,1,0,0,,,,,,,,
g2_rain_fade,RAIN_FADE,14,,400,2,147,ok,,,1,59.029751,2017,5,12.086,0.266,12.319,12.274125,889,709,419,2017,2,2,1,5,1.7631E+12,1.7631E+12,heavy,0.25,25,0,4,4,1,0,0,,,,,,,,
g2_rain_fade,RAIN_FADE,14,,400,2,148,ok,,,1,58.347959,2017,5,11.279,0.138,10.97,10.93958299,889,709,419,2017,2,2,1,5,1.7631E+12,1.7631E+12,heavy,0.25,25,0,0,2,0,0,0,,,,,,,,
g2_rain_fade,RAIN_FADE,14,,400,2,149,timeout,wait_m4,0,3,405.857084,97,1,4.639,0,0,0,97,0,0,97,1,0,0,1,,,heavy,0.25,25,0,7,7,1,0,0,,,,,,,,
g2_rain_fade,RAIN_FADE,14,,400,2,150,ok,,,1,54.231875,2008,5,10.337,0.108,11.115,11.10312501,885,707,416,2008,2,2,1,5,1.7631E+12,1.7631E+12,heavy,0.25,25,0,2,2,1,0,0,,,,,,,,
g2_rain_fade,RAIN_FADE,14,,400,2,151,ok,,,1,55.810583,2017,5,10.578,0.121,11.439,11.417166,889,709,419,2017,2,2,1,5,1.7631E+12,1.7631E+12,heavy,0.25,25,0,0,2,0,0,0,,,,,,,,
g2_rain_fade,RAIN_FADE,14,,400,2,152,ok,,,1,52.049875,2012,5,11.164,0.125,11.409,11.402417,887,707,418,2012,2,2,1,5,1.7631E+12,1.7631E+12,heavy,0.25,25,0,0,2,0,0,0,,,,,,,,
g2_rain_fade,RAIN_FADE,14,,400,2,153,ok,,,1,55.161167,2015,5,11.639,0.128,11.882,11.865791,888,709,418,2015,2,2,1,5,1.7631E+12,1.7631E+12,heavy,0.25,25,0,2,4,0.5,0,0,,,,,,,,
g2_rain_fade,RAIN_FADE,14,,400,2,154,timeout,wait_m6,0,3,504.969292,357,1,4.027,0,0,0,357,0,0,357,1,0,0,1,1.7631E+12,,heavy,0.25,25,0,11,11,1,1,3,,,,,,,,
g2_rain_fade,RAIN_FADE,14,,400,2,155,ok,,,1,57.540167,2010,5,11.604,0.26,13.503,13.42566701,886,707,417,2010,2,2,1,5,1.7631E+12,1.7631E+12,heavy,0.25,25,0,7,7,1,0,0,,,,,,,,
g2_rain_fade,RAIN_FADE,14,,400,2,156,ok,,,1,67.840333,2010,5,15.078,0.183,12.766,12.77575,885,708,417,2010,2,2,1,5,1.7631E+12,1.7631E+12,heavy,0.25,25,0,3,5,0.6,0,0,,,,,,,,
g2_rain_fade,RAIN_FADE,14,,400,2,157,ok,,,1,59.250209,2016,5,11.965,0.113,11.419,11.435875,888,709,419,2016,2,2,1,5,1.7631E+12,1.7631E+12,heavy,0.25,25,0,0,2,0,0,0,,,,,,,,
g2_rain_fade,RAIN_FADE,14,,400,2,158,ok,,,1,54.786333,2014,5,11.227,0.127,11.981,12.005708,888,708,418,2014,2,2,1,5,1.7631E+12,1.7631E+12,heavy,0.25,25,0,2,2,1,0,0,,,,,,,,
g2_rain_fade,RAIN_FADE,14,,400,2,159,ok,,,1,58.072833,2013,5,11.347,0.119,10.85,10.845042,887,708,418,2013,2,2,1,5,1.7631E+12,1.7631E+12,heavy,0.25,25,0,2,2,1,0,0,,,,,,,,
g2_rain_fade,RAIN_FADE,14,,400,2,160,ok,,,1,57.048083,2015,5,12.335,0.134,11.628,11.653209,888,708,419,2015,2,2,1,5,1.7631E+12,1.7631E+12,heavy,0.25,25,0,0,2,0,0,0,,,,,,,,
g2_rain_fade,RAIN_FADE,14,,400,2,161,timeout,wait_m6,0,3,505.95825,356,1,3.929,0,0,0,356,0,0,356,1,0,0,1,1.7631E+12,,heavy,0.25,25,0,9,9,1,0,0,,,,,,,,
g2_rain_fade,RAIN_FADE,14,,400,2,162,ok,,,1,53.545083,2016,5,11.416,0.097,10.478,10.457375,888,709,419,2016,2,2,1,5,1.7631E+12,1.7631E+12,heavy,0.25,25,0,0,2,0,0,0,,,,,,,,
g2_rain_fade,RAIN_FADE,14,,400,2,163,ok,,,1,58.963583,2013,5,17.587,0.146,11.816,11.81325,887,708,418,2013,2,2,1,5,1.7631E+12,1.7631E+12,heavy,0.25,25,0,5,5,1,0,0,,,,,,,,
g2_rain_fade,RAIN_FADE,14,,400,2,164,ok,,,1,58.576791,2012,5,10.736,0.133,10.62,10.602833,887,707,418,2012,2,2,1,5,1.7631E+12,1.7631E+12,heavy,0.25,25,0,2,2,1,0,0,,,,,,,,
g2_rain_fade,RAIN_FADE,14,,400,2,165,ok,,,1,53.284583,2015,5,10.187,0.103,11.384,11.3865,888,709,418,2015,2,2,1,5,1.7631E+12,1.7631E+12,heavy,0.25,25,0,0,2,0,0,0,,,,,,,,
g2_rain_fade,RAIN_FADE,14,,400,2,166,ok,,,1,64.11133301,2013,5,13.377,0.184,11.831,11.829083,887,708,418,2013,2,2,1,5,1.7631E+12,1.7631E+12,heavy,0.25,25,0,7,7,1,1,3,,,,,,,,
g2_rain_fade,RAIN_FADE,14,,400,2,167,ok,,,1,59.78933399,2014,5,11.29,0.154,11.54,11.460167,887,708,419,2014,2,2,1,5,1.7631E+12,1.7631E+12,heavy,0.25,25,0,2,2,1,0,0,,,,,,,,
g2_rain_fade,RAIN_FADE,14,,400,2,168,ok,,,1,63.5645,2014,5,10.568,0.084,11.449,11.55162499,887,709,418,2014,2,2,1,5,1.7631E+12,1.7631E+12,heavy,0.25,25,0,2,2,1,0,0,,,,,,,,
g2_rain_fade,RAIN_FADE,14,,400,2,169,ok,,,2,67.801041,2016,5,15.794,0.172,13.588,13.82525,888,709,419,2016,2,2,1,5,1.7631E+12,1.7631E+12,heavy,0.25,25,0,9,9,1,0,0,,,,,,,,
g2_rain_fade,RAIN_FADE,14,,400,2,170,ok,,,1,55.802833,2000,5,11.584,0.125,11.202,11.222375,874,708,418,2000,2,2,1,5,1.7631E+12,1.7631E+12,heavy,0.25,25,0,4,4,1,0,0,,,,,,,,
g2_rain_fade,RAIN_FADE,14,,400,2,171,timeout,wait_m6,0,3,508.939375,357,1,7.565,0,0,0,357,0,0,357,1,0,0,1,1.7631E+12,,heavy,0.25,25,0,11,11,1,0,0,,,,,,,,
g2_rain_fade,RAIN_FADE,14,,400,2,172,timeout,wait_m6,0,3,506.179375,357,1,4.374,0,0,0,357,0,0,357,1,0,0,1,1.7631E+12,,heavy,0.25,25,0,8,9,0.888888889,0,0,,,,,,,,
g2_rain_fade,RAIN_FADE,14,,400,2,173,ok,,,1,52.309916,2017,5,11.262,0.102,11.072,11.079958,889,709,419,2017,2,2,1,5,1.7631E+12,1.7631E+12,heavy,0.25,25,0,0,2,0,0,0,,,,,,,,
g2_rain_fade,RAIN_FADE,14,,400,2,174,ok,,,1,55.606667,2017,5,10.685,0.129,10.848,10.834959,889,709,419,2017,2,2,1,5,1.7631E+12,1.7631E+12,heavy,0.25,25,0,2,2,1,0,0,,,,,,,,
g2_rain_fade,RAIN_FADE,14,,400,2,175,ok,,,1,58.873,2000,5,11.268,0.125,12.442,12.443042,874,708,418,2000,2,2,1,5,1.7631E+12,1.7631E+12,heavy,0.25,25,0,7,7,1,0,0,,,,,,,,
g2_rain_fade,RAIN_FADE,14,,400,2,176,ok,,,1,56.066875,2015,5,10.993,0.14,11.842,11.931208,888,708,419,2015,2,2,1,5,1.7631E+12,1.7631E+12,heavy,0.25,25,0,2,2,1,0,0,,,,,,,,
g2_rain_fade,RAIN_FADE,14,,400,2,177,ok,,,1,60.451458,2017,5,11.781,0.117,10.797,10.795708,889,709,419,2017,2,2,1,5,1.7631E+12,1.7631E+12,heavy,0.25,25,0,2,2,1,0,0,,,,,,,,
g2_rain_fade,RAIN_FADE,14,,400,2,178,ok,,,1,61.809083,2017,5,11.579,0.097,11.139,11.059041,889,709,419,2017,2,2,1,5,1.7631E+12,1.7631E+12,heavy,0.25,25,0,1,2,0.5,0,0,,,,,,,,
g2_rain_fade,RAIN_FADE,14,,400,2,179,ok,,,1,56.925792,2014,5,10.614,0.123,11.654,11.637792,888,708,418,2014,2,2,1,5,1.7631E+12,1.7631E+12,heavy,0.25,25,0,2,5,0.4,0,0,,,,,,,,
g2_rain_fade,RAIN_FADE,14,,400,2,180,ok,,,1,58.961792,2014,5,10.765,0.103,11.222,11.235958,887,708,419,2014,2,2,1,5,1.7631E+12,1.7631E+12,heavy,0.25,25,0,0,2,0,0,0,,,,,,,,
g2_rain_fade,RAIN_FADE,14,,400,2,181,ok,,,1,59.425459,2015,5,11.039,0.128,11.996,12.01425,888,708,419,2015,2,2,1,5,1.7631E+12,1.7631E+12,heavy,0.25,25,0,1,2,0.5,0,0,,,,,,,,
g2_rain_fade,RAIN_FADE,14,,400,2,182,ok,,,1,57.449584,2012,5,10.442,0.102,10.874,10.855875,886,708,418,2012,2,2,1,5,1.7631E+12,1.7631E+12,heavy,0.25,25,0,1,2,0.5,0,0,,,,,,,,
g2_rain_fade,RAIN_FADE,14,,400,2,183,ok,,,1,63.909667,2012,5,13.301,0.192,13.896,13.87425001,886,708,418,2012,2,2,1,5,1.7631E+12,1.7631E+12,heavy,0.25,25,0,3,5,0.6,0,0,,,,,,,,
g2_rain_fade,RAIN_FADE,14,,400,2,184,ok,,,1,56.408916,2010,5,10.233,0.138,11.266,11.258625,886,707,417,2010,2,2,1,5,1.7631E+12,1.7631E+12,heavy,0.25,25,0,2,2,1,0,0,,,,,,,,
g2_rain_fade,RAIN_FADE,14,,400,2,185,ok,,,1,54.503833,2015,5,10.65,0.109,11.239,11.242042,888,708,419,2015,2,2,1,5,1.7631E+12,1.7631E+12,heavy,0.25,25,0,2,2,1,0,0,,,,,,,,
g2_rain_fade,RAIN_FADE,14,,400,2,186,ok,,,1,53.781125,2015,5,10.673,0.097,11.049,11.10920899,888,708,419,2015,2,2,1,5,1.7631E+12,1.7631E+12,heavy,0.25,25,0,0,2,0,0,0,,,,,,,,
g2_rain_fade,RAIN_FADE,14,,400,2,187,ok,,,1,54.551667,2016,5,12.124,0.179,10.934,10.90254101,888,709,419,2016,2,2,1,5,1.7631E+12,1.7631E+12,heavy,0.25,25,0,1,2,0.5,0,0,,,,,,,,
g2_rain_fade,RAIN_FADE,14,,400,2,188,ok,,,1,57.663125,2007,5,11.702,0.152,12.258,12.23375001,885,707,415,2007,2,2,1,5,1.7631E+12,1.7631E+12,heavy,0.25,25,0,4,4,1,0,0,,,,,,,,
g2_rain_fade,RAIN_FADE,14,,400,2,189,ok,,,1,58.834292,2015,5,10.491,0.1,11.491,11.473083,888,709,418,2015,2,2,1,5,1.7631E+12,1.7631E+12,heavy,0.25,25,0,2,2,1,0,0,,,,,,,,
g2_rain_fade,RAIN_FADE,14,,400,2,190,ok,,,2,62.917083,2012,5,14.523,0.197,12.842,12.851958,887,707,418,2012,2,2,1,5,1.7631E+12,1.7631E+12,heavy,0.25,25,0,7,7,1,0,0,,,,,,,,
g2_rain_fade,RAIN_FADE,14,,400,2,191,ok,,,1,53.159875,2014,5,11.359,0.124,10.633,10.627833,888,708,418,2014,2,2,1,5,1.7631E+12,1.7631E+12,heavy,0.25,25,0,4,4,1,0,0,,,,,,,,
g2_rain_fade,RAIN_FADE,14,,400,2,192,ok,,,2,49.135541,2012,5,10.577,0.146,11.222,11.220125,887,707,418,2012,2,2,1,5,1.7631E+12,1.7631E+12,heavy,0.25,25,0,4,4,1,0,0,,,,,,,,
g2_rain_fade,RAIN_FADE,14,,400,2,193,ok,,,1,56.510667,2015,5,10.366,0.104,11.585,11.562584,888,708,419,2015,2,2,1,5,1.7631E+12,1.7631E+12,heavy,0.25,25,0,2,2,1,0,0,,,,,,,,
g2_rain_fade,RAIN_FADE,14,,400,2,194,ok,,,1,54.674208,2010,5,11.313,0.105,11.36,11.378833,886,708,416,2010,2,2,1,5,1.7631E+12,1.7631E+12,heavy,0.25,25,0,1,2,0.5,0,0,,,,,,,,
g2_rain_fade,RAIN_FADE,14,,400,2,195,ok,,,1,66.504041,2015,5,12.63,0.129,13.714,13.699459,888,708,419,2015,2,2,1,5,1.7631E+12,1.7631E+12,heavy,0.25,25,0,5,5,1,0,0,,,,,,,,
g2_rain_fade,RAIN_FADE,14,,400,2,196,ok,,,1,59.23175,2015,5,12.022,0.128,11.076,11.084291,888,708,419,2015,2,2,1,5,1.7631E+12,1.7631E+12,heavy,0.25,25,0,4,4,1,0,0,,,,,,,,
g2_rain_fade,RAIN_FADE,14,,400,2,197,ok,,,1,57.649292,2010,5,12.951,0.131,10.525,10.495333,886,708,416,2010,2,2,1,5,1.7631E+12,1.7631E+12,heavy,0.25,25,0,2,4,0.5,0,0,,,,,,,,
g2_rain_fade,RAIN_FADE,14,,400,2,198,ok,,,1,50.419875,2012,5,11.724,0.132,10.492,10.470583,887,708,417,2012,2,2,1,5,1.7631E+12,1.7631E+12,heavy,0.25,25,0,2,2,1,0,0,,,,,,,,
g2_rain_fade,RAIN_FADE,14,,400,2,199,ok,,,1,62.24075001,2017,5,12.532,0.122,11.078,11.246959,889,709,419,2017,2,2,1,5,1.7631E+12,1.7631E+12,heavy,0.25,25,0,0,2,0,0,0,,,,,,,,
g2_rain_fade,RAIN_FADE,14,,400,2,200,ok,,,2,57.929792,2010,5,11.577,0.144,11.026,10.96416701,885,707,418,2010,2,2,1,5,1.7631E+12,1.7631E+12,heavy,0.25,25,0,6,6,1,0,0,,,,,,,,
g2_rain_fade,RAIN_FADE,14,,400,2,201,ok,,,1,65.674,2014,5,13.115,0.109,14.436,14.434791,888,708,418,2014,2,2,1,5,1.7631E+12,1.7631E+12,heavy,0.25,25,0,5,5,1,0,0,,,,,,,,
g2_rain_fade,RAIN_FADE,14,,400,2,202,ok,,,1,55.41545799,2010,5,10.738,0.09,10.968,10.99812501,886,707,417,2010,2,2,1,5,1.7631E+12,1.7631E+12,heavy,0.25,25,0,2,2,1,0,0,,,,,,,,
g2_rain_fade,RAIN_FADE,14,,400,2,203,ok,,,1,63.299583,2009,5,14.864,0.113,10.507,10.483083,885,706,418,2009,2,2,1,5,1.7631E+12,1.7631E+12,heavy,0.25,25,0,0,2,0,0,0,,,,,,,,
g2_rain_fade,RAIN_FADE,14,,400,2,204,ok,,,1,59.753125,2017,5,11.114,0.11,10.973,10.947583,889,709,419,2017,2,2,1,5,1.7631E+12,1.7631E+12,heavy,0.25,25,0,2,2,1,0,0,,,,,,,,
g2_rain_fade,RAIN_FADE,14,,400,2,205,ok,,,1,58.803125,2017,5,11.769,0.102,11.297,11.378292,889,709,419,2017,2,2,1,5,1.7631E+12,1.7631E+12,heavy,0.25,25,0,2,2,1,0,0,,,,,,,,
g2_rain_fade,RAIN_FADE,14,,400,2,206,ok,,,1,67.84600001,2014,5,11.633,0.604,11.397,11.352375,887,708,419,2014,2,2,1,5,1.7631E+12,1.7631E+12,heavy,0.25,25,0,7,7,1,0,0,,,,,,,,
g2_rain_fade,RAIN_FADE,14,,400,2,207,ok,,,1,59.392291,2015,5,11.649,0.111,11.052,11.028792,888,708,419,2015,2,2,1,5,1.7631E+12,1.7631E+12,heavy,0.25,25,0,2,2,1,0,0,,,,,,,,
g2_rain_fade,RAIN_FADE,14,,400,2,208,ok,,,2,50.742042,2016,5,10.525,0.154,11.271,11.272208,888,709,419,2016,2,2,1,5,1.7631E+12,1.7631E+12,heavy,0.25,25,0,4,4,1,0,0,,,,,,,,
g2_rain_fade,RAIN_FADE,14,,400,2,209,ok,,,2,57.842084,2017,5,13.689,0.121,11.318,11.3195,889,709,419,2017,2,2,1,5,1.7631E+12,1.7631E+12,heavy,0.25,25,0,4,4,1,0,0,,,,,,,,
g2_rain_fade,RAIN_FADE,14,,400,2,210,ok,,,1,53.210875,2014,5,11.287,0.091,10.556,10.536583,888,708,418,2014,2,2,1,5,1.7631E+12,1.7631E+12,heavy,0.25,25,0,0,2,0,0,0,,,,,,,,
g2_rain_fade,RAIN_FADE,14,,400,2,211,timeout,wait_m4,0,3,406.264458,97,1,4.99,0,0,0,97,0,0,97,1,0,0,1,,,heavy,0.25,25,0,7,7,1,0,0,,,,,,,,
g2_rain_fade,RAIN_FADE,14,,400,2,212,ok,,,1,53.861333,2012,5,10.571,0.123,11.452,11.433541,887,707,418,2012,2,2,1,5,1.7631E+12,1.7631E+12,heavy,0.25,25,0,2,2,1,0,0,,,,,,,,
g2_rain_fade,RAIN_FADE,14,,400,2,213,ok,,,1,55.147334,2017,5,11.118,0.114,11.789,11.780833,889,709,419,2017,2,2,1,5,1.7631E+12,1.7631E+12,heavy,0.25,25,0,2,2,1,0,0,,,,,,,,
g2_rain_fade,RAIN_FADE,14,,400,2,214,ok,,,1,60.31125,2015,5,10.941,0.104,10.973,10.968,888,708,419,2015,2,2,1,5,1.7631E+12,1.7631E+12,heavy,0.25,25,0,2,2,1,0,0,,,,,,,,
g2_rain_fade,RAIN_FADE,14,,400,2,215,ok,,,2,74.699333,2014,5,13.029,0.114,14.078,14.07575,888,708,418,2014,2,2,1,5,1.7631E+12,1.7631E+12,heavy,0.25,25,0,7,7,1,0,0,,,,,,,,
g2_rain_fade,RAIN_FADE,14,,400,2,216,timeout,wait_m6,0,3,506.33125,357,1,4.877,0,0,0,357,0,0,357,1,0,0,1,1.7631E+12,,heavy,0.25,25,0,8,9,0.888888889,1,3,,,,,,,,
g2_rain_fade,RAIN_FADE,14,,400,2,217,ok,,,1,57.772209,2014,5,10.804,0.092,10.793,10.795334,888,708,418,2014,2,2,1,5,1.7631E+12,1.7631E+12,heavy,0.25,25,0,0,2,0,0,0,,,,,,,,
g2_rain_fade,RAIN_FADE,14,,400,2,218,ok,,,1,55.293083,2015,5,10.828,0.091,10.867,10.871667,888,708,419,2015,2,2,1,5,1.7631E+12,1.7631E+12,heavy,0.25,25,0,2,2,1,0,0,,,,,,,,
g2_rain_fade,RAIN_FADE,14,,400,2,219,ok,,,3,58.990208,2017,5,10.611,0.134,11.911,11.88625,889,709,419,2017,2,2,1,5,1.7631E+12,1.7631E+12,heavy,0.25,25,0,4,6,0.666666667,1,3,,,,,,,,
g2_rain_fade,RAIN_FADE,14,,400,2,220,ok,,,2,54.055875,2013,5,10.52,0.149,10.613,10.582458,887,708,418,2013,2,2,1,5,1.7631E+12,1.7631E+12,heavy,0.25,25,0,4,4,1,0,0,,,,,,,,
g2_rain_fade,RAIN_FADE,14,,400,2,221,ok,,,1,62.424875,2010,5,15.764,0.154,13.359,13.452333,885,708,417,2010,2,2,1,5,1.7631E+12,1.7631E+12,heavy,0.25,25,0,5,5,1,0,0,,,,,,,,
g2_rain_fade,RAIN_FADE,14,,400,2,222,ok,,,1,52.203834,2013,5,11.277,0.14,10.518,10.495333,887,709,417,2013,2,2,1,5,1.7631E+12,1.7631E+12,heavy,0.25,25,0,0,2,0,0,0,,,,,,,,
g2_rain_fade,RAIN_FADE,14,,400,2,223,ok,,,1,52.635125,2015,5,11.322,0.118,10.921,10.900625,888,709,418,2015,2,2,1,5,1.7631E+12,1.7631E+12,heavy,0.25,25,0,2,2,1,0,0,,,,,,,,
g2_rain_fade,RAIN_FADE,14,,400,2,224,ok,,,1,63.002,2015,5,11.044,0.153,12.364,12.62574999,888,708,419,2015,2,2,1,5,1.7631E+12,1.7631E+12,heavy,0.25,25,0,4,4,1,0,0,,,,,,,,
g2_rain_fade,RAIN_FADE,14,,400,2,225,ok,,,1,68.262375,2017,5,13.39,0.114,13.962,13.945458,889,709,419,2017,2,2,1,5,1.7631E+12,1.7631E+12,heavy,0.25,25,0,3,5,0.6,0,0,,,,,,,,
g2_rain_fade,RAIN_FADE,14,,400,2,226,ok,,,2,57.822333,2015,5,10.883,0.1,11.252,11.25,888,708,419,2015,2,2,1,5,1.7631E+12,1.7631E+12,heavy,0.25,25,0,4,4,1,0,0,,,,,,,,
g2_rain_fade,RAIN_FADE,14,,400,2,227,ok,,,1,51.859916,2016,5,10.514,0.158,11.286,11.270333,888,709,419,2016,2,2,1,5,1.7631E+12,1.7631E+12,heavy,0.25,25,0,5,7,0.714285714,1,3,,,,,,,,
g2_rain_fade,RAIN_FADE,14,,400,2,228,ok,,,1,57.151875,2013,5,10.266,0.106,11.393,11.36879199,886,709,418,2013,2,2,1,5,1.7631E+12,1.7631E+12,heavy,0.25,25,0,2,2,1,0,0,,,,,,,,
g2_rain_fade,RAIN_FADE,14,,400,2,229,ok,,,1,61.566083,2012,5,13.798,0.146,13.186,13.16566599,887,707,418,2012,2,2,1,5,1.7631E+12,1.7631E+12,heavy,0.25,25,0,0,5,0,0,0,,,,,,,,
g2_rain_fade,RAIN_FADE,14,,400,2,230,ok,,,2,61.950042,2014,5,11.381,0.119,11.573,11.614375,888,708,418,2014,2,2,1,5,1.7631E+12,1.7631E+12,heavy,0.25,25,0,4,4,1,0,0,,,,,,,,
g2_rain_fade,RAIN_FADE,14,,400,2,231,ok,,,1,58.699667,2014,5,12.313,0.09,11.331,11.34312501,888,708,418,2014,2,2,1,5,1.7631E+12,1.7631E+12,heavy,0.25,25,0,0,2,0,0,0,,,,,,,,
g2_rain_fade,RAIN_FADE,14,,400,2,232,ok,,,1,54.512125,2012,5,10.538,0.089,10.583,10.552083,887,708,417,2012,2,2,1,5,1.7631E+12,1.7631E+12,heavy,0.25,25,0,0,2,0,0,0,,,,,,,,
g2_rain_fade,RAIN_FADE,14,,400,2,233,ok,,,2,55.384042,2014,5,10.818,0.175,11.697,11.711208,888,708,418,2014,2,2,1,5,1.7631E+12,1.7631E+12,heavy,0.25,25,0,3,4,0.75,0,0,,,,,,,,
g2_rain_fade,RAIN_FADE,14,,400,2,234,ok,,,1,56.388625,2007,5,12.877,0.126,11.016,10.97937499,884,708,415,2007,2,2,1,5,1.7631E+12,1.7631E+12,heavy,0.25,25,0,2,2,1,0,0,,,,,,,,
g2_rain_fade,RAIN_FADE,14,,400,2,235,ok,,,1,58.032375,2014,5,10.152,0.108,11.672,11.661083,888,708,418,2014,2,2,1,5,1.7631E+12,1.7631E+12,heavy,0.25,25,0,0,2,0,0,0,,,,,,,,
g2_rain_fade,RAIN_FADE,14,,400,2,236,ok,,,2,59.238083,2012,5,10.39,0.101,12.453,12.439458,887,707,418,2012,2,2,1,5,1.7631E+12,1.7631E+12,heavy,0.25,25,0,4,4,1,0,0,,,,,,,,
g2_rain_fade,RAIN_FADE,14,,400,2,237,ok,,,2,52.968792,2014,5,10.606,0.303,12.166,12.167042,888,708,418,2014,2,2,1,5,1.7631E+12,1.7631E+12,heavy,0.25,25,0,3,4,0.75,0,0,,,,,,,,
g2_rain_fade,RAIN_FADE,14,,400,2,238,ok,,,1,55.693333,2010,5,10.494,0.241,11.637,11.634875,886,706,418,2010,2,2,1,5,1.7631E+12,1.7631E+12,heavy,0.25,25,0,4,7,0.571428571,1,3,,,,,,,,
g2_rain_fade,RAIN_FADE,14,,400,2,239,ok,,,1,58.965292,2009,5,11.716,0.112,10.68,10.653291,886,707,416,2009,2,2,1,5,1.7631E+12,1.7631E+12,heavy,0.25,25,0,2,2,1,0,0,,,,,,,,
g2_rain_fade,RAIN_FADE,14,,400,2,240,ok,,,1,60.19804101,2012,5,11.853,0.118,10.943,10.91225,887,707,418,2012,2,2,1,5,1.7631E+12,1.7631E+12,heavy,0.25,25,0,2,2,1,0,0,,,,,,,,
g2_rain_fade,RAIN_FADE,14,,400,2,241,ok,,,1,52.788209,2012,5,11.08,0.097,11.143,11.1695,887,707,418,2012,2,2,1,5,1.7631E+12,1.7631E+12,heavy,0.25,25,0,2,2,1,0,0,,,,,,,,
g2_rain_fade,RAIN_FADE,14,,400,2,242,ok,,,1,55.671334,2017,5,10.438,0.11,11.254,11.233667,889,709,419,2017,2,2,1,5,1.7631E+12,1.7631E+12,heavy,0.25,25,0,1,2,0.5,0,0,,,,,,,,
g2_rain_fade,RAIN_FADE,14,,400,2,243,ok,,,1,64.278708,2013,5,19.812,0.127,11.233,11.240666,887,709,417,2013,2,2,1,5,1.7631E+12,1.7631E+12,heavy,0.25,25,0,2,2,1,0,0,,,,,,,,
g2_rain_fade,RAIN_FADE,14,,400,2,244,ok,,,1,66.876625,2014,5,13.139,0.127,13.77,13.77862501,887,708,419,2014,2,2,1,5,1.7631E+12,1.7631E+12,heavy,0.25,25,0,7,7,1,0,0,,,,,,,,
g2_rain_fade,RAIN_FADE,14,,400,2,245,ok,,,2,54.841917,2017,5,11.412,0.124,11.338,11.343708,889,709,419,2017,2,2,1,5,1.7631E+12,1.7631E+12,heavy,0.25,25,0,4,4,1,0,0,,,,,,,,
g2_rain_fade,RAIN_FADE,14,,400,2,246,ok,,,1,62.684958,2014,5,11.854,0.155,11.121,11.388,888,708,418,2014,2,2,1,5,1.7631E+12,1.7631E+12,heavy,0.25,25,0,4,4,1,0,0,,,,,,,,
g2_rain_fade,RAIN_FADE,14,,400,2,247,ok,,,1,60.022042,2009,5,11.191,0.164,10.468,10.442958,885,707,417,2009,2,2,1,5,1.7631E+12,1.7631E+12,heavy,0.25,25,0,2,2,1,0,0,,,,,,,,
g2_rain_fade,RAIN_FADE,14,,400,2,248,ok,,,1,57.119791,2017,5,11.809,0.127,11.387,11.44145901,889,709,419,2017,2,2,1,5,1.7631E+12,1.7631E+12,heavy,0.25,25,0,1,2,0.5,0,0,,,,,,,,
g2_rain_fade,RAIN_FADE,14,,400,2,249,ok,,,2,55.978792,2015,5,11.673,0.14,10.513,10.4705,888,708,419,2015,2,2,1,5,1.7631E+12,1.7631E+12,heavy,0.25,25,0,4,4,1,0,0,,,,,,,,
g2_rain_fade,RAIN_FADE,14,,400,2,250,ok,,,1,54.017792,2017,5,10.611,0.096,11.074,11.108125,889,709,419,2017,2,2,1,5,1.7631E+12,1.7631E+12,heavy,0.25,25,0,2,2,1,0,0,,,,,,,,
g2_rain_fade,RAIN_FADE,14,,400,2,251,ok,,,3,66.914708,2017,5,13.36,0.096,14.056,14.023833,889,709,419,2017,2,2,1,5,1.7631E+12,1.7631E+12,heavy,0.25,25,0,5,11,0.454545455,2,4,,,,,,,,
g2_rain_fade,RAIN_FADE,14,,400,2,252,ok,,,1,58.619917,2015,5,10.39,0.129,11.893,11.878667,888,709,418,2015,2,2,1,5,1.7631E+12,1.7631E+12,heavy,0.25,25,0,2,2,1,0,0,,,,,,,,
g2_rain_fade,RAIN_FADE,14,,400,2,253,ok,,,1,54.596208,2013,5,10.381,0.097,10.81,10.830458,887,708,418,2013,2,2,1,5,1.7631E+12,1.7631E+12,heavy,0.25,25,0,2,2,1,0,0,,,,,,,,
g2_rain_fade,RAIN_FADE,14,,400,2,254,ok,,,1,61.505375,2010,5,16.06,0.13,12.969,13.01437501,886,706,418,2010,2,2,1,5,1.7631E+12,1.7631E+12,heavy,0.25,25,0,5,5,1,0,0,,,,,,,,
g2_rain_fade,RAIN_FADE,14,,400,2,255,ok,,,2,63.253708,2012,5,12.141,0.138,11.608,11.5965,886,709,417,2012,2,2,1,5,1.7631E+12,1.7631E+12,heavy,0.25,25,0,4,4,1,0,0,,,,,,,,
g2_rain_fade,RAIN_FADE,14,,400,2,256,ok,,,2,57.19158299,2015,5,11.07,0.151,10.698,10.674541,888,708,419,2015,2,2,1,5,1.7631E+12,1.7631E+12,heavy,0.25,25,0,2,4,0.5,0,0,,,,,,,,
g2_rain_fade,RAIN_FADE,14,,400,2,257,timeout,wait_m6,0,3,506.569626,357,1,4.354,0,0,0,357,0,0,357,1,0,0,1,1.7631E+12,,heavy,0.25,25,0,8,9,0.888888889,0,0,,,,,,,,
g2_rain_fade,RAIN_FADE,14,,400,2,258,ok,,,1,58.025334,2003,5,11.598,0.125,10.437,10.421208,875,709,419,2003,2,2,1,5,1.7631E+12,1.7631E+12,heavy,0.25,25,0,0,2,0,0,0,,,,,,,,
g2_rain_fade,RAIN_FADE,14,,400,2,259,ok,,,1,55.546292,2015,5,10.666,0.106,11.259,11.255292,888,709,418,2015,2,2,1,5,1.7631E+12,1.7631E+12,heavy,0.25,25,0,2,2,1,0,0,,,,,,,,
g2_rain_fade,RAIN_FADE,14,,400,2,260,ok,,,1,55.614291,2014,5,11.006,0.13,11.05,11.04337499,887,708,419,2014,2,2,1,5,1.7631E+12,1.7631E+12,heavy,0.25,25,0,0,2,0,0,0,,,,,,,,
g2_rain_fade,RAIN_FADE,14,,400,2,261,ok,,,1,57.788791,2014,5,11.279,0.167,11.924,11.88725,888,708,418,2014,2,2,1,5,1.7631E+12,1.7631E+12,heavy,0.25,25,0,7,7,1,0,0,,,,,,,,
g2_rain_fade,RAIN_FADE,14,,400,2,262,ok,,,1,50.921292,2010,5,12.163,0.11,10.924,10.926291,886,707,417,2010,2,2,1,5,1.7631E+12,1.7631E+12,heavy,0.25,25,0,2,2,1,1,1,,,,,,,,
g2_rain_fade,RAIN_FADE,14,,400,2,263,ok,,,1,56.673542,2013,5,10.772,0.104,11.065,11.063959,887,708,418,2013,2,2,1,5,1.7631E+12,1.7631E+12,heavy,0.25,25,0,0,2,0,0,0,,,,,,,,
g2_rain_fade,RAIN_FADE,14,,400,2,264,ok,,,1,62.069583,2017,5,12.091,0.122,10.652,10.638,889,709,419,2017,2,2,1,5,1.7631E+12,1.7631E+12,heavy,0.25,25,0,0,2,0,0,0,,,,,,,,
g2_rain_fade,RAIN_FADE,14,,400,2,265,ok,,,2,60.873792,2012,5,11.698,0.132,12.548,12.565583,887,708,417,2012,2,2,1,5,1.7631E+12,1.7631E+12,heavy,0.25,25,0,4,7,0.571428571,0,0,,,,,,,,
g2_rain_fade,RAIN_FADE,14,,400,2,266,ok,,,1,52.567667,2011,5,12.539,0.14,11.193,11.170417,886,707,418,2011,2,2,1,5,1.7631E+12,1.7631E+12,heavy,0.25,25,0,4,4,1,0,0,,,,,,,,
g2_rain_fade,RAIN_FADE,14,,400,2,267,ok,,,3,62.436167,2016,5,10.153,0.066,10.744,10.7225,888,709,419,2016,2,2,1,5,1.7631E+12,1.7631E+12,heavy,0.25,25,0,6,6,1,0,0,,,,,,,,
g2_rain_fade,RAIN_FADE,14,,400,2,268,ok,,,1,71.577084,2015,5,20.399,0.182,13.952,14.383167,887,709,419,2015,2,2,1,5,1.7631E+12,1.7631E+12,heavy,0.25,25,0,0,2,0,0,0,,,,,,,,
g2_rain_fade,RAIN_FADE,14,,400,2,269,ok,,,3,60.698167,2017,5,10.937,0.14,11.316,11.28291601,889,709,419,2017,2,2,1,5,1.7631E+12,1.7631E+12,heavy,0.25,25,0,0,6,0,1,3,,,,,,,,
g2_rain_fade,RAIN_FADE,14,,400,2,270,ok,,,1,56.086125,2012,5,10.949,0.123,11.711,11.666833,887,708,417,2012,2,2,1,5,1.7631E+12,1.7631E+12,heavy,0.25,25,0,2,2,1,0,0,,,,,,,,
g2_rain_fade,RAIN_FADE,14,,400,2,271,ok,,,1,60.53654201,2014,5,12.365,0.108,11.183,11.186125,888,708,418,2014,2,2,1,5,1.7631E+12,1.7631E+12,heavy,0.25,25,0,0,2,0,0,0,,,,,,,,
g2_rain_fade,RAIN_FADE,14,,400,2,272,ok,,,1,49.132166,2013,5,10.755,0.109,10.993,10.992041,887,708,418,2013,2,2,1,5,1.7631E+12,1.7631E+12,heavy,0.25,25,0,2,2,1,0,0,,,,,,,,
g2_rain_fade,RAIN_FADE,14,,400,2,273,ok,,,1,55.127917,2010,5,10.602,0.123,12.106,12.078792,886,708,416,2010,2,2,1,5,1.7631E+12,1.7631E+12,heavy,0.25,25,0,0,2,0,0,0,,,,,,,,
g2_rain_fade,RAIN_FADE,14,,400,2,274,ok,,,1,54.981708,2015,5,11.404,0.116,11.147,11.224167,888,709,418,2015,2,2,1,5,1.7631E+12,1.7631E+12,heavy,0.25,25,0,2,2,1,0,0,,,,,,,,
g2_rain_fade,RAIN_FADE,14,,400,2,275,ok,,,1,57.321,2014,5,10.508,0.115,11.529,11.525208,888,708,418,2014,2,2,1,5,1.7631E+12,1.7631E+12,heavy,0.25,25,0,0,2,0,0,0,,,,,,,,
g2_rain_fade,RAIN_FADE,14,,400,2,276,ok,,,1,55.409041,2017,5,12.068,0.095,11.042,11.062542,889,709,419,2017,2,2,1,5,1.7631E+12,1.7631E+12,heavy,0.25,25,0,2,2,1,0,0,,,,,,,,
g2_rain_fade,RAIN_FADE,14,,400,2,277,timeout,wait_m6,0,3,504.569375,357,1,3.877,0,0,0,357,0,0,357,1,0,0,1,1.7631E+12,,heavy,0.25,25,0,11,11,1,0,0,,,,,,,,
g2_rain_fade,RAIN_FADE,14,,400,2,278,ok,,,1,66.150917,2013,5,11.483,0.153,12.404,12.413584,887,708,418,2013,2,2,1,5,1.7631E+12,1.7631E+12,heavy,0.25,25,0,0,2,0,0,0,,,,,,,,
g2_rain_fade,RAIN_FADE,14,,400,2,279,ok,,,1,57.076542,2003,5,11.088,0.125,12.008,12.007292,875,709,419,2003,2,2,1,5,1.7631E+12,1.7631E+12,heavy,0.25,25,0,0,2,0,0,0,,,,,,,,
g2_rain_fade,RAIN_FADE,14,,400,2,280,ok,,,1,66.414416,2015,5,14.929,0.156,14.664,14.766417,888,709,418,2015,2,2,1,5,1.7631E+12,1.7631E+12,heavy,0.25,25,0,0,2,0,0,0,,,,,,,,
g2_rain_fade,RAIN_FADE,14,,400,2,281,ok,,,2,60.080209,2017,5,11.244,0.123,11.057,11.03925,889,709,419,2017,2,2,1,5,1.7631E+12,1.7631E+12,heavy,0.25,25,0,4,4,1,0,0,,,,,,,,
g2_rain_fade,RAIN_FADE,14,,400,2,282,ok,,,2,55.686625,2014,5,11.818,0.116,11.256,11.244875,888,708,418,2014,2,2,1,5,1.7631E+12,1.7631E+12,heavy,0.25,25,0,4,4,1,0,0,,,,,,,,
g2_rain_fade,RAIN_FADE,14,,400,2,283,ok,,,1,68.141167,2015,5,13.131,0.153,17.028,17.002625,888,709,418,2015,2,2,1,5,1.7631E+12,1.7631E+12,heavy,0.25,25,0,2,2,1,0,0,,,,,,,,
g2_rain_fade,RAIN_FADE,14,,400,2,284,ok,,,1,66.042875,2014,5,12.383,0.174,11.337,11.344584,888,708,418,2014,2,2,1,5,1.7631E+12,1.7631E+12,heavy,0.25,25,0,4,4,1,0,0,,,,,,,,
g2_rain_fade,RAIN_FADE,14,,400,2,285,ok,,,1,55.49662501,2014,5,10.791,0.104,11.577,11.588209,888,708,418,2014,2,2,1,5,1.7631E+12,1.7631E+12,heavy,0.25,25,0,2,2,1,0,0,,,,,,,,
g2_rain_fade,RAIN_FADE,14,,400,2,286,ok,,,2,59.744625,2014,5,11.596,0.107,12.299,12.276875,888,708,418,2014,2,2,1,5,1.7631E+12,1.7631E+12,heavy,0.25,25,0,6,6,1,0,0,,,,,,,,
g2_rain_fade,RAIN_FADE,14,,400,2,287,ok,,,1,58.179291,2017,5,11.522,0.103,10.504,10.478417,889,709,419,2017,2,2,1,5,1.7631E+12,1.7631E+12,heavy,0.25,25,0,0,2,0,0,0,,,,,,,,
g2_rain_fade,RAIN_FADE,14,,400,2,288,ok,,,1,62.23270899,2012,5,14.319,0.146,11.434,11.468459,887,707,418,2012,2,2,1,5,1.7631E+12,1.7631E+12,heavy,0.25,25,0,4,4,1,0,0,,,,,,,,
g2_rain_fade,RAIN_FADE,14,,400,2,289,ok,,,1,60.253917,1999,5,11.67,0.125,11.778,11.764375,873,707,419,1999,2,2,1,5,1.7631E+12,1.7631E+12,heavy,0.25,25,0,0,2,0,0,0,,,,,,,,
g2_rain_fade,RAIN_FADE,14,,400,2,290,ok,,,1,60.05691701,2014,5,10.666,0.111,11.272,11.269625,888,708,418,2014,2,2,1,5,1.7631E+12,1.7631E+12,heavy,0.25,25,0,0,2,0,0,0,,,,,,,,
g2_rain_fade,RAIN_FADE,14,,400,2,291,ok,,,1,63.474584,2012,5,12.674,0.309,11.126,11.103083,886,708,418,2012,2,2,1,5,1.7631E+12,1.7631E+12,heavy,0.25,25,0,3,4,0.75,0,0,,,,,,,,
g2_rain_fade,RAIN_FADE,14,,400,2,292,ok,,,1,63.32637501,1988,5,12.037,0.166,13.875,13.921167,875,707,406,1988,2,2,1,5,1.7631E+12,1.7631E+12,heavy,0.25,25,0,5,5,1,1,1,,,,,,,,
g2_rain_fade,RAIN_FADE,14,,400,2,293,ok,,,1,57.13625,2016,5,10.539,0.128,11.201,11.355208,888,709,419,2016,2,2,1,5,1.7631E+12,1.7631E+12,heavy,0.25,25,0,2,2,1,0,0,,,,,,,,
g2_rain_fade,RAIN_FADE,14,,400,2,294,ok,,,1,57.193125,2015,5,12.327,0.128,10.955,10.939583,888,709,418,2015,2,2,1,5,1.7631E+12,1.7631E+12,heavy,0.25,25,0,0,2,0,0,0,,,,,,,,
g2_rain_fade,RAIN_FADE,14,,400,2,295,ok,,,1,54.319042,2015,5,11.161,0.122,11.533,11.544083,888,708,419,2015,2,2,1,5,1.7631E+12,1.7631E+12,heavy,0.25,25,0,0,2,0,0,0,,,,,,,,
g2_rain_fade,RAIN_FADE,14,,400,2,296,ok,,,1,56.42875,2009,5,12.013,0.093,11.123,11.14958301,885,707,417,2009,2,2,1,5,1.7631E+12,1.7631E+12,heavy,0.25,25,0,2,2,1,0,0,,,,,,,,
g2_rain_fade,RAIN_FADE,14,,400,2,297,ok,,,1,76.362083,2013,5,15.412,0.178,13.286,13.256416,887,708,418,2013,2,2,1,5,1.7631E+12,1.7631E+12,heavy,0.25,25,0,2,2,1,0,0,,,,,,,,
g2_rain_fade,RAIN_FADE,14,,400,2,298,ok,,,1,60.098209,2012,5,10.815,0.163,10.937,10.911958,886,708,418,2012,2,2,1,5,1.7631E+12,1.7631E+12,heavy,0.25,25,0,4,4,1,0,0,,,,,,,,
g2_rain_fade,RAIN_FADE,14,,400,2,299,ok,,,1,58.802708,2014,5,10.907,0.135,11.082,11.05725,888,708,418,2014,2,2,1,5,1.7631E+12,1.7631E+12,heavy,0.25,25,0,2,2,1,0,0,,,,,,,,
g2_rain_fade,RAIN_FADE,14,,400,2,300,ok,,,1,55.988291,2017,5,10.762,0.163,10.989,10.98899999,889,709,419,2017,2,2,1,5,1.7631E+12,1.7631E+12,heavy,0.25,25,0,0,2,0,0,0,,,,,,,,
g2_rain_fade,RAIN_FADE,14,,300,2,1,ok,,,1,59.496,2017,5,11.128,0.147,10.931,10.916417,889,709,419,2017,2,2,1,5,1.7631E+12,1.7631E+12,storm,0.15,15,0,2,2,1,0,0,,,,,,,,
g2_rain_fade,RAIN_FADE,14,,300,2,2,ok,,,1,54.272208,2012,5,13.599,0.124,11.291,11.280125,887,708,417,2012,2,2,1,5,1.7631E+12,1.7631E+12,storm,0.15,15,0,4,4,1,0,0,,,,,,,,
g2_rain_fade,RAIN_FADE,14,,300,2,3,ok,,,1,51.733083,2010,5,10.984,0.124,10.735,10.732833,886,708,416,2010,2,2,1,5,1.7631E+12,1.7631E+12,storm,0.15,15,0,2,2,1,0,0,,,,,,,,
g2_rain_fade,RAIN_FADE,14,,300,2,4,ok,,,1,55.846917,2016,5,11.004,0.165,11.584,11.5975,888,709,419,2016,2,2,1,5,1.7631E+12,1.7631E+12,storm,0.15,15,0,0,2,0,0,0,,,,,,,,
g2_rain_fade,RAIN_FADE,14,,300,2,5,ok,,,1,55.649959,2017,5,11.662,0.121,10.802,10.785666,889,709,419,2017,2,2,1,5,1.7631E+12,1.7631E+12,storm,0.15,15,0,1,2,0.5,0,0,,,,,,,,
g2_rain_fade,RAIN_FADE,14,,300,2,6,timeout,wait_m6,0,3,507.94225,356,1,6.687,0,0,0,356,0,0,356,1,0,0,1,1.7631E+12,,storm,0.15,15,0,8,10,0.8,1,4,,,,,,,,
g2_rain_fade,RAIN_FADE,14,,300,2,7,ok,,,1,56.940833,2014,5,10.607,0.129,11.356,11.334084,888,708,418,2014,2,2,1,5,1.7631E+12,1.7631E+12,storm,0.15,15,0,0,2,0,0,0,,,,,,,,
g2_rain_fade,RAIN_FADE,14,,300,2,8,timeout,wait_m6,0,3,505.003334,353,1,3.799,0,0,0,353,0,0,353,1,0,0,1,1.7631E+12,,storm,0.15,15,0,9,9,1,0,0,,,,,,,,
g2_rain_fade,RAIN_FADE,14,,300,2,9,ok,,,2,51.249083,2015,5,10.842,0.145,10.718,10.692333,888,709,418,2015,2,2,1,5,1.7631E+12,1.7631E+12,storm,0.15,15,0,3,3,1,0,0,,,,,,,,
g2_rain_fade,RAIN_FADE,14,,300,2,10,timeout,wait_m4,0,3,306.495751,97,1,3.902,0,0,0,97,0,0,97,1,0,0,1,,,storm,0.15,15,0,3,5,0.6,1,4,,,,,,,,
g2_rain_fade,RAIN_FADE,14,,300,2,11,ok,,,1,52.231541,2013,5,10.353,0.142,10.618,10.601542,887,708,418,2013,2,2,1,5,1.7631E+12,1.7631E+12,storm,0.15,15,0,2,2,1,0,0,,,,,,,,
g2_rain_fade,RAIN_FADE,14,,300,2,12,ok,,,1,60.04504101,2013,5,10.399,0.11,11.84,11.87825,887,708,418,2013,2,2,1,5,1.7631E+12,1.7631E+12,storm,0.15,15,0,0,2,0,0,0,,,,,,,,
g2_rain_fade,RAIN_FADE,14,,300,2,13,ok,,,1,50.810709,2010,5,10.638,0.117,10.406,10.387167,886,708,416,2010,2,2,1,5,1.7631E+12,1.7631E+12,storm,0.15,15,0,2,2,1,0,0,,,,,,,,
g2_rain_fade,RAIN_FADE,14,,300,2,14,ok,,,3,59.525125,2012,5,10.497,0.112,11.032,11.035792,886,708,418,2012,2,2,1,5,1.7631E+12,1.7631E+12,storm,0.15,15,0,5,5,1,0,0,,,,,,,,
g2_rain_fade,RAIN_FADE,14,,300,2,15,ok,,,1,57.577375,2013,5,10.539,0.119,11.626,11.624708,887,708,418,2013,2,2,1,5,1.7631E+12,1.7631E+12,storm,0.15,15,0,0,2,0,0,0,,,,,,,,
g2_rain_fade,RAIN_FADE,14,,300,2,16,ok,,,3,55.525167,2012,5,10.651,0.156,12.676,12.728958,887,707,418,2012,2,2,1,5,1.7631E+12,1.7631E+12,storm,0.15,15,0,3,5,0.6,0,0,,,,,,,,
g2_rain_fade,RAIN_FADE,14,,300,2,17,ok,,,1,57.030584,2015,5,12.048,0.248,12.06,12.031375,888,709,418,2015,2,2,1,5,1.7631E+12,1.7631E+12,storm,0.15,15,0,5,5,1,0,0,,,,,,,,
g2_rain_fade,RAIN_FADE,14,,300,2,18,ok,,,1,58.550625,2014,5,10.895,0.106,10.721,10.7025,888,708,418,2014,2,2,1,5,1.7631E+12,1.7631E+12,storm,0.15,15,0,1,2,0.5,0,0,,,,,,,,
g2_rain_fade,RAIN_FADE,14,,300,2,19,ok,,,1,52.58304199,2014,5,10.47,0.118,11.253,11.229708,888,708,418,2014,2,2,1,5,1.7631E+12,1.7631E+12,storm,0.15,15,0,2,2,1,0,0,,,,,,,,
g2_rain_fade,RAIN_FADE,14,,300,2,20,ok,,,1,56.725625,2015,5,11.421,0.177,11.44,11.415333,888,708,419,2015,2,2,1,5,1.7631E+12,1.7631E+12,storm,0.15,15,0,4,4,1,0,0,,,,,,,,
g2_rain_fade,RAIN_FADE,14,,300,2,21,ok,,,2,55.342708,2012,5,11.064,0.106,11.411,11.417959,887,707,418,2012,2,2,1,5,1.7631E+12,1.7631E+12,storm,0.15,15,0,3,3,1,0,0,,,,,,,,
g2_rain_fade,RAIN_FADE,14,,300,2,22,ok,,,1,62.839542,2015,5,12.38,0.119,12.336,12.3665,888,708,419,2015,2,2,1,5,1.7631E+12,1.7631E+12,storm,0.15,15,0,4,4,1,0,0,,,,,,,,
g2_rain_fade,RAIN_FADE,14,,300,2,23,ok,,,1,54.850917,2014,5,10.494,0.141,12.671,12.761167,888,708,418,2014,2,2,1,5,1.7631E+12,1.7631E+12,storm,0.15,15,0,2,2,1,0,0,,,,,,,,
g2_rain_fade,RAIN_FADE,14,,300,2,24,ok,,,1,52.110959,2015,5,10.863,0.085,10.935,10.921916,888,708,419,2015,2,2,1,5,1.7631E+12,1.7631E+12,storm,0.15,15,0,1,2,0.5,0,0,,,,,,,,
g2_rain_fade,RAIN_FADE,14,,300,2,25,ok,,,2,59.986167,2012,5,11.529,0.151,10.87,10.849583,887,708,417,2012,2,2,1,5,1.7631E+12,1.7631E+12,storm,0.15,15,0,4,4,1,0,0,,,,,,,,
g2_rain_fade,RAIN_FADE,14,,300,2,26,ok,,,2,59.32925001,2016,5,13.197,0.156,12.59,12.584875,888,709,419,2016,2,2,1,5,1.7631E+12,1.7631E+12,storm,0.15,15,0,8,8,1,0,0,,,,,,,,
g2_rain_fade,RAIN_FADE,14,,300,2,27,ok,,,1,62.49795901,2010,5,13.734,0.102,10.88,10.890792,886,707,417,2010,2,2,1,5,1.7631E+12,1.7631E+12,storm,0.15,15,0,1,2,0.5,0,0,,,,,,,,
g2_rain_fade,RAIN_FADE,14,,300,2,28,ok,,,1,58.09075,2017,5,11.495,0.112,10.945,10.995041,889,709,419,2017,2,2,1,5,1.7631E+12,1.7631E+12,storm,0.15,15,0,2,2,1,0,0,,,,,,,,
g2_rain_fade,RAIN_FADE,14,,300,2,29,ok,,,1,62.828125,2015,5,14.116,0.165,12.877,12.921459,888,709,418,2015,2,2,1,5,1.7631E+12,1.7631E+12,storm,0.15,15,0,4,4,1,0,0,,,,,,,,
g2_rain_fade,RAIN_FADE,14,,300,2,30,ok,,,1,56.21075,2012,5,11.021,0.089,11.26,11.439292,887,707,418,2012,2,2,1,5,1.7631E+12,1.7631E+12,storm,0.15,15,0,0,2,0,0,0,,,,,,,,
g2_rain_fade,RAIN_FADE,14,,300,2,31,ok,,,1,54.164,2014,5,10.885,0.121,11.361,11.343,888,708,418,2014,2,2,1,5,1.7631E+12,1.7631E+12,storm,0.15,15,0,0,2,0,0,0,,,,,,,,
g2_rain_fade,RAIN_FADE,14,,300,2,32,ok,,,1,59.974042,2010,5,11.105,0.145,12.017,12.004083,886,708,416,2010,2,2,1,5,1.7631E+12,1.7631E+12,storm,0.15,15,0,4,4,1,0,0,,,,,,,,
g2_rain_fade,RAIN_FADE,14,,300,2,33,ok,,,2,67.994375,2017,5,13.602,0.133,10.644,10.625375,889,709,419,2017,2,2,1,5,1.7631E+12,1.7631E+12,storm,0.15,15,0,4,4,1,0,0,,,,,,,,
g2_rain_fade,RAIN_FADE,14,,300,2,34,ok,,,1,56.189875,2015,5,10.49,0.092,11.82,11.82775,888,709,418,2015,2,2,1,5,1.7631E+12,1.7631E+12,storm,0.15,15,0,0,2,0,0,0,,,,,,,,
g2_rain_fade,RAIN_FADE,14,,300,2,35,ok,,,2,59.534958,2015,5,12.059,0.117,11.206,11.183458,888,708,419,2015,2,2,1,5,1.7631E+12,1.7631E+12,storm,0.15,15,0,4,4,1,0,0,,,,,,,,
g2_rain_fade,RAIN_FADE,14,,300,2,36,ok,,,3,57.043125,2015,5,10.56,0.14,11.603,11.573792,888,709,418,2015,2,2,1,5,1.7631E+12,1.7631E+12,storm,0.15,15,0,5,5,1,0,0,,,,,,,,
g2_rain_fade,RAIN_FADE,14,,300,2,37,ok,,,1,56.085167,2015,5,10.395,0.105,11.514,11.506416,888,709,418,2015,2,2,1,5,1.7631E+12,1.7631E+12,storm,0.15,15,0,1,2,0.5,0,0,,,,,,,,
g2_rain_fade,RAIN_FADE,14,,300,2,38,ok,,,1,58.721375,2010,5,11.543,0.095,11.089,11.098625,886,707,417,2010,2,2,1,5,1.7631E+12,1.7631E+12,storm,0.15,15,0,2,2,1,0,0,,,,,,,,
g2_rain_fade,RAIN_FADE,14,,300,2,39,ok,,,1,60.60108299,2012,5,12.497,0.105,11.207,11.263541,887,707,418,2012,2,2,1,5,1.7631E+12,1.7631E+12,storm,0.15,15,0,2,2,1,0,0,,,,,,,,
g2_rain_fade,RAIN_FADE,14,,300,2,40,ok,,,2,57.383917,2013,5,11.93,0.131,10.646,10.62175,887,708,418,2013,2,2,1,5,1.7631E+12,1.7631E+12,storm,0.15,15,0,4,4,1,0,0,,,,,,,,
g2_rain_fade,RAIN_FADE,14,,300,2,41,ok,,,1,65.15425,2017,5,12.199,0.149,11.381,11.346917,889,709,419,2017,2,2,1,5,1.7631E+12,1.7631E+12,storm,0.15,15,0,7,7,1,0,0,,,,,,,,
g2_rain_fade,RAIN_FADE,14,,300,2,42,ok,,,1,57.481542,2014,5,11.52,0.112,10.751,10.708792,887,708,419,2014,2,2,1,5,1.7631E+12,1.7631E+12,storm,0.15,15,0,2,2,1,0,0,,,,,,,,
g2_rain_fade,RAIN_FADE,14,,300,2,43,ok,,,1,51.57925,2014,5,10.47,0.112,11.199,11.18475,887,708,419,2014,2,2,1,5,1.7631E+12,1.7631E+12,storm,0.15,15,0,2,2,1,0,0,,,,,,,,
g2_rain_fade,RAIN_FADE,14,,300,2,44,ok,,,3,59.069667,2014,5,12.438,0.165,11.063,11.057416,887,708,419,2014,2,2,1,5,1.7631E+12,1.7631E+12,storm,0.15,15,0,3,5,0.6,0,0,,,,,,,,
g2_rain_fade,RAIN_FADE,14,,300,2,45,ok,,,1,59.01025,2015,5,10.868,0.127,11.324,11.313792,888,708,419,2015,2,2,1,5,1.7631E+12,1.7631E+12,storm,0.15,15,0,4,4,1,0,0,,,,,,,,
g2_rain_fade,RAIN_FADE,14,,300,2,46,ok,,,2,56.681334,2012,5,10.641,0.188,10.806,10.773333,887,707,418,2012,2,2,1,5,1.7631E+12,1.7631E+12,storm,0.15,15,0,4,6,0.666666667,0,0,,,,,,,,
g2_rain_fade,RAIN_FADE,14,,300,2,47,ok,,,1,55.765208,2012,5,11.907,0.117,11.232,11.255208,887,708,417,2012,2,2,1,5,1.7631E+12,1.7631E+12,storm,0.15,15,0,2,2,1,0,0,,,,,,,,
g2_rain_fade,RAIN_FADE,14,,300,2,48,ok,,,1,59.352333,2010,5,13.1,0.134,12.758,12.723833,886,708,416,2010,2,2,1,5,1.7631E+12,1.7631E+12,storm,0.15,15,0,5,5,1,0,0,,,,,,,,
g2_rain_fade,RAIN_FADE,14,,300,2,49,ok,,,1,59.423708,2017,5,11.138,0.1,11.31,11.323,889,709,419,2017,2,2,1,5,1.7631E+12,1.7631E+12,storm,0.15,15,0,2,2,1,0,0,,,,,,,,
g2_rain_fade,RAIN_FADE,14,,300,2,50,ok,,,2,60.056083,2017,5,12.712,0.101,12.185,12.150584,889,709,419,2017,2,2,1,5,1.7631E+12,1.7631E+12,storm,0.15,15,0,6,8,0.75,0,0,,,,,,,,
g2_rain_fade,RAIN_FADE,14,,300,2,51,ok,,,2,54.446334,2016,5,10.373,0.138,11.349,11.329334,888,709,419,2016,2,2,1,5,1.7631E+12,1.7631E+12,storm,0.15,15,0,1,3,0.333333333,0,0,,,,,,,,
g2_rain_fade,RAIN_FADE,14,,300,2,52,timeout,wait_m6,0,3,505.948376,357,1,4.105,0,0,0,357,0,0,357,1,0,0,1,1.7631E+12,,storm,0.15,15,0,9,9,1,0,0,,,,,,,,
g2_rain_fade,RAIN_FADE,14,,300,2,53,ok,,,2,59.027208,2013,5,11.012,0.098,11.335,11.348583,887,708,418,2013,2,2,1,5,1.7631E+12,1.7631E+12,storm,0.15,15,0,2,3,0.666666667,0,0,,,,,,,,
g2_rain_fade,RAIN_FADE,14,,300,2,54,ok,,,1,55.13208301,2013,5,10.494,0.099,10.62,10.598042,887,708,418,2013,2,2,1,5,1.7631E+12,1.7631E+12,storm,0.15,15,0,2,2,1,0,0,,,,,,,,
g2_rain_fade,RAIN_FADE,14,,300,2,55,ok,,,1,59.37225,2014,5,11.758,0.112,12.954,12.97025,888,708,418,2014,2,2,1,5,1.7631E+12,1.7631E+12,storm,0.15,15,0,7,7,1,0,0,,,,,,,,
g2_rain_fade,RAIN_FADE,14,,300,2,56,ok,,,1,57.776583,2012,5,11.467,0.119,11.561,11.536125,886,708,418,2012,2,2,1,5,1.7631E+12,1.7631E+12,storm,0.15,15,0,1,2,0.5,0,0,,,,,,,,
g2_rain_fade,RAIN_FADE,14,,300,2,57,ok,,,2,55.675667,2017,5,10.245,0.102,11.372,11.375167,889,709,419,2017,2,2,1,5,1.7631E+12,1.7631E+12,storm,0.15,15,0,4,4,1,0,0,,,,,,,,
g2_rain_fade,RAIN_FADE,14,,300,2,58,ok,,,3,67.732417,2014,5,12.586,0.107,13.845,13.84575,888,708,418,2014,2,2,1,5,1.7631E+12,1.7631E+12,storm,0.15,15,0,8,8,1,0,0,,,,,,,,
g2_rain_fade,RAIN_FADE,14,,300,2,59,ok,,,2,62.556834,2012,5,13.631,0.187,12.128,12.11075,887,708,417,2012,2,2,1,5,1.7631E+12,1.7631E+12,storm,0.15,15,0,6,6,1,0,0,,,,,,,,
g2_rain_fade,RAIN_FADE,14,,300,2,60,ok,,,1,56.429459,2013,5,10.607,0.122,11.116,11.125709,887,708,418,2013,2,2,1,5,1.7631E+12,1.7631E+12,storm,0.15,15,0,0,2,0,0,0,,,,,,,,
g2_rain_fade,RAIN_FADE,14,,300,2,61,ok,,,1,54.764584,2016,5,10.819,0.119,10.702,10.687833,888,709,419,2016,2,2,1,5,1.7631E+12,1.7631E+12,storm,0.15,15,0,0,2,0,0,0,,,,,,,,
g2_rain_fade,RAIN_FADE,14,,300,2,62,timeout,wait_m6,0,3,504.726209,357,1,4.411,0,0,0,357,0,0,357,1,0,0,1,1.7631E+12,,storm,0.15,15,0,10,11,0.909090909,0,0,,,,,,,,
g2_rain_fade,RAIN_FADE,14,,300,2,63,ok,,,1,58.903125,2017,5,10.635,0.111,10.923,10.92425,889,709,419,2017,2,2,1,5,1.7631E+12,1.7631E+12,storm,0.15,15,0,2,2,1,0,0,,,,,,,,
g2_rain_fade,RAIN_FADE,14,,300,2,64,ok,,,1,61.729917,2015,5,12.54,0.139,12.471,12.444875,888,708,419,2015,2,2,1,5,1.7631E+12,1.7631E+12,storm,0.15,15,0,5,5,1,0,0,,,,,,,,
g2_rain_fade,RAIN_FADE,14,,300,2,65,timeout,wait_m6,0,3,513.330334,357,1,11.809,0,0,0,357,0,0,357,1,0,0,1,1.7631E+12,,storm,0.15,15,0,8,9,0.888888889,0,0,,,,,,,,
g2_rain_fade,RAIN_FADE,14,,300,2,66,ok,,,1,58.886291,2016,5,11.369,0.226,11.762,11.738958,888,709,419,2016,2,2,1,5,1.7631E+12,1.7631E+12,storm,0.15,15,0,5,5,1,0,0,,,,,,,,
g2_rain_fade,RAIN_FADE,14,,300,2,67,ok,,,1,51.025917,2013,5,10.333,0.143,11.554,11.432792,887,708,418,2013,2,2,1,5,1.7631E+12,1.7631E+12,storm,0.15,15,0,2,2,1,0,0,,,,,,,,
g2_rain_fade,RAIN_FADE,14,,300,2,68,ok,,,1,58.29495801,2010,5,13.514,0.114,11.383,11.48633299,886,707,417,2010,2,2,1,5,1.7631E+12,1.7631E+12,storm,0.15,15,0,2,2,1,0,0,,,,,,,,
g2_rain_fade,RAIN_FADE,14,,300,2,69,ok,,,1,65.338375,2015,5,13.979,0.378,13.291,14.221792,888,708,419,2015,2,2,1,5,1.7631E+12,1.7631E+12,storm,0.15,15,0,5,5,1,0,0,,,,,,,,
g2_rain_fade,RAIN_FADE,14,,300,2,70,ok,,,1,55.40566699,2012,5,12.164,0.142,11.316,11.276,887,707,418,2012,2,2,1,5,1.7631E+12,1.7631E+12,storm,0.15,15,0,4,4,1,0,0,,,,,,,,
g2_rain_fade,RAIN_FADE,14,,300,2,71,ok,,,1,59.892042,2012,5,11.448,0.1,10.578,10.5555,887,707,418,2012,2,2,1,5,1.7631E+12,1.7631E+12,storm,0.15,15,0,2,2,1,0,0,,,,,,,,
g2_rain_fade,RAIN_FADE,14,,300,2,72,timeout,wait_m4,0,3,306.530167,97,1,4.825,0,0,0,97,0,0,97,1,0,0,1,,,storm,0.15,15,0,5,5,1,0,0,,,,,,,,
g2_rain_fade,RAIN_FADE,14,,300,2,73,ok,,,1,63.534458,2017,5,12.415,0.143,11.33,11.35466601,889,709,419,2017,2,2,1,5,1.7631E+12,1.7631E+12,storm,0.15,15,0,4,4,1,0,0,,,,,,,,
g2_rain_fade,RAIN_FADE,14,,300,2,74,ok,,,1,52.719958,2012,5,10.318,0.116,10.788,10.762458,887,708,417,2012,2,2,1,5,1.7631E+12,1.7631E+12,storm,0.15,15,0,4,4,1,0,0,,,,,,,,
g2_rain_fade,RAIN_FADE,14,,300,2,75,ok,,,1,60.60770799,2013,5,10.805,0.126,10.598,10.568917,887,708,418,2013,2,2,1,5,1.7631E+12,1.7631E+12,storm,0.15,15,0,1,2,0.5,0,0,,,,,,,,
g2_rain_fade,RAIN_FADE,14,,300,2,76,ok,,,3,61.829083,2012,5,11.529,0.115,11.288,11.263,887,707,418,2012,2,2,1,5,1.7631E+12,1.7631E+12,storm,0.15,15,0,5,5,1,0,0,,,,,,,,
g2_rain_fade,RAIN_FADE,14,,300,2,77,ok,,,2,59.654208,2010,5,10.666,0.17,10.946,10.919,886,708,416,2010,2,2,1,5,1.7631E+12,1.7631E+12,storm,0.15,15,0,5,6,0.833333333,0,0,,,,,,,,
g2_rain_fade,RAIN_FADE,14,,300,2,78,ok,,,1,58.639458,2015,5,10.792,0.112,11.157,11.153458,888,709,418,2015,2,2,1,5,1.7631E+12,1.7631E+12,storm,0.15,15,0,0,2,0,0,0,,,,,,,,
g2_rain_fade,RAIN_FADE,14,,300,2,79,ok,,,1,51.79054201,2008,5,10.38,0.119,10.779,10.768875,885,706,417,2008,2,2,1,5,1.7631E+12,1.7631E+12,storm,0.15,15,0,2,2,1,0,0,,,,,,,,
g2_rain_fade,RAIN_FADE,14,,300,2,80,timeout,wait_m4,0,3,306.210209,97,1,4.732,0,0,0,97,0,0,97,1,0,0,1,,,storm,0.15,15,0,4,5,0.8,0,0,,,,,,,,
g2_rain_fade,RAIN_FADE,14,,300,2,81,ok,,,3,58.519875,2015,5,11.173,0.114,10.767,10.731375,888,708,419,2015,2,2,1,5,1.7631E+12,1.7631E+12,storm,0.15,15,0,4,5,0.8,0,0,,,,,,,,
g2_rain_fade,RAIN_FADE,14,,300,2,82,ok,,,2,70.977583,2011,5,15.572,0.175,13.387,13.397334,886,708,417,2011,2,2,1,5,1.7631E+12,1.7631E+12,storm,0.15,15,0,6,6,1,0,0,,,,,,,,
g2_rain_fade,RAIN_FADE,14,,300,2,83,ok,,,1,61.1855,2012,5,11.527,0.09,10.65,10.630167,887,708,417,2012,2,2,1,5,1.7631E+12,1.7631E+12,storm,0.15,15,0,2,2,1,0,0,,,,,,,,
g2_rain_fade,RAIN_FADE,14,,300,2,84,ok,,,1,62.032125,2015,5,11.537,0.139,10.686,10.66604099,888,708,419,2015,2,2,1,5,1.7631E+12,1.7631E+12,storm,0.15,15,0,1,2,0.5,0,0,,,,,,,,
g2_rain_fade,RAIN_FADE,14,,300,2,85,ok,,,3,62.049875,2017,5,11.588,0.091,11.976,11.947666,889,709,419,2017,2,2,1,5,1.7631E+12,1.7631E+12,storm,0.15,15,0,9,9,1,0,0,,,,,,,,
g2_rain_fade,RAIN_FADE,14,,300,2,86,timeout,wait_m4,0,3,306.1655,97,1,3.961,0,0,0,97,0,0,97,1,0,0,1,,,storm,0.15,15,0,5,5,1,0,0,,,,,,,,
g2_rain_fade,RAIN_FADE,14,,300,2,87,ok,,,1,57.360708,2012,5,12.675,0.122,11.343,11.31091701,887,707,418,2012,2,2,1,5,1.7631E+12,1.7631E+12,storm,0.15,15,0,4,7,0.571428571,0,0,,,,,,,,
g2_rain_fade,RAIN_FADE,14,,300,2,88,ok,,,2,58.825167,2014,5,10.563,0.13,11.616,11.593917,887,708,419,2014,2,2,1,5,1.7631E+12,1.7631E+12,storm,0.15,15,0,6,6,1,0,0,,,,,,,,
g2_rain_fade,RAIN_FADE,14,,300,2,89,timeout,wait_m6,0,3,505.008541,357,1,4.492,0,0,0,357,0,0,357,1,0,0,1,1.7631E+12,,storm,0.15,15,0,9,9,1,0,0,,,,,,,,
g2_rain_fade,RAIN_FADE,14,,300,2,90,timeout,wait_m6,0,3,506.278666,357,1,4.103,0,0,0,357,0,0,357,1,0,0,1,1.7631E+12,,storm,0.15,15,0,8,9,0.888888889,0,0,,,,,,,,
g2_rain_fade,RAIN_FADE,14,,300,2,91,timeout,wait_m4,0,3,305.748542,97,1,4.049,0,0,0,97,0,0,97,1,0,0,1,,,storm,0.15,15,0,5,5,1,1,1,,,,,,,,
g2_rain_fade,RAIN_FADE,14,,300,2,92,ok,,,1,56.850542,2017,5,10.941,0.202,11.252,11.23691699,889,709,419,2017,2,2,1,5,1.7631E+12,1.7631E+12,storm,0.15,15,0,7,7,1,0,0,,,,,,,,
g2_rain_fade,RAIN_FADE,14,,300,2,93,ok,,,1,52.010333,2012,5,10.433,0.118,11.447,11.43725,887,707,418,2012,2,2,1,5,1.7631E+12,1.7631E+12,storm,0.15,15,0,2,2,1,0,0,,,,,,,,
g2_rain_fade,RAIN_FADE,14,,300,2,94,ok,,,1,52.998625,2017,5,10.092,0.084,10.831,10.790167,889,709,419,2017,2,2,1,5,1.7631E+12,1.7631E+12,storm,0.15,15,0,0,2,0,0,0,,,,,,,,
g2_rain_fade,RAIN_FADE,14,,300,2,95,ok,,,1,60.072958,2007,5,10.885,0.137,12.255,12.252,884,706,417,2007,2,2,1,5,1.7631E+12,1.7631E+12,storm,0.15,15,0,2,2,1,0,0,,,,,,,,
g2_rain_fade,RAIN_FADE,14,,300,2,96,timeout,wait_m4,0,3,307.597708,97,1,6.346,0,0,0,97,0,0,97,1,0,0,1,,,storm,0.15,15,0,5,5,1,0,0,,,,,,,,
g2_rain_fade,RAIN_FADE,14,,300,2,97,ok,,,1,74.518625,2014,5,13.86,0.197,15.278,15.293834,887,709,418,2014,2,2,1,5,1.7631E+12,1.7631E+12,storm,0.15,15,0,2,2,1,0,0,,,,,,,,
g2_rain_fade,RAIN_FADE,14,,300,2,98,ok,,,2,56.267,2017,5,11.741,0.161,11.82,11.831583,889,709,419,2017,2,2,1,5,1.7631E+12,1.7631E+12,storm,0.15,15,0,7,8,0.875,0,0,,,,,,,,
g2_rain_fade,RAIN_FADE,14,,300,2,99,ok,,,1,57.167791,2014,5,11.81,0.117,11.416,11.42187499,888,708,418,2014,2,2,1,5,1.7631E+12,1.7631E+12,storm,0.15,15,0,5,5,1,0,0,,,,,,,,
g2_rain_fade,RAIN_FADE,14,,300,2,100,ok,,,1,57.391542,2013,5,10.866,0.118,11.142,11.1425,887,708,418,2013,2,2,1,5,1.7631E+12,1.7631E+12,storm,0.15,15,0,2,2,1,0,0,,,,,,,,
g2_rain_fade,RAIN_FADE,14,,300,2,101,ok,,,2,59.2135,2013,5,12.037,0.129,11.321,11.324875,887,708,418,2013,2,2,1,5,1.7631E+12,1.7631E+12,storm,0.15,15,0,1,3,0.333333333,0,0,,,,,,,,
g2_rain_fade,RAIN_FADE,14,,300,2,102,ok,,,3,54.394583,2013,5,11.384,0.103,10.719,10.721375,887,707,419,2013,2,2,1,5,1.7631E+12,1.7631E+12,storm,0.15,15,0,5,5,1,0,0,,,,,,,,
g2_rain_fade,RAIN_FADE,14,,300,2,103,ok,,,1,60.045708,2015,5,10.527,0.123,10.733,10.73575,888,708,419,2015,2,2,1,5,1.7631E+12,1.7631E+12,storm,0.15,15,0,0,2,0,0,0,,,,,,,,
g2_rain_fade,RAIN_FADE,14,,300,2,104,ok,,,2,52.601417,2011,5,11.331,0.13,11.019,10.982292,886,707,418,2011,2,2,1,5,1.7631E+12,1.7631E+12,storm,0.15,15,0,4,4,1,0,0,,,,,,,,
g2_rain_fade,RAIN_FADE,14,,300,2,105,ok,,,1,65.600834,2009,5,11.779,0.132,12.451,12.408541,885,707,417,2009,2,2,1,5,1.7631E+12,1.7631E+12,storm,0.15,15,0,4,5,0.8,0,0,,,,,,,,
g2_rain_fade,RAIN_FADE,14,,300,2,106,ok,,,1,53.573875,2012,5,10.756,0.099,11.11,11.10675,886,708,418,2012,2,2,1,5,1.7631E+12,1.7631E+12,storm,0.15,15,0,0,2,0,0,0,,,,,,,,
g2_rain_fade,RAIN_FADE,14,,300,2,107,ok,,,1,54.753125,2010,5,10.523,0.126,11.632,11.615417,885,707,418,2010,2,2,1,5,1.7631E+12,1.7631E+12,storm,0.15,15,0,2,2,1,0,0,,,,,,,,
g2_rain_fade,RAIN_FADE,14,,300,2,108,timeout,wait_m6,0,3,508.042626,357,1,5.537,0,0,0,357,0,0,357,1,0,0,1,1.7631E+12,,storm,0.15,15,0,3,9,0.333333333,1,4,,,,,,,,
g2_rain_fade,RAIN_FADE,14,,300,2,109,ok,,,1,55.233833,2015,5,11.422,0.095,10.589,10.561291,888,708,419,2015,2,2,1,5,1.7631E+12,1.7631E+12,storm,0.15,15,0,2,2,1,0,0,,,,,,,,
g2_rain_fade,RAIN_FADE,14,,300,2,110,ok,,,1,60.672,2010,5,12.898,0.176,13.646,13.629,886,707,417,2010,2,2,1,5,1.7631E+12,1.7631E+12,storm,0.15,15,0,5,5,1,0,0,,,,,,,,
g2_rain_fade,RAIN_FADE,14,,300,2,111,ok,,,2,61.86262501,2015,5,14.351,0.122,11.396,11.40600001,888,708,419,2015,2,2,1,5,1.7631E+12,1.7631E+12,storm,0.15,15,0,0,4,0,0,0,,,,,,,,
g2_rain_fade,RAIN_FADE,14,,300,2,112,ok,,,1,60.34175,2012,5,10.458,0.129,11.865,11.853917,887,707,418,2012,2,2,1,5,1.7631E+12,1.7631E+12,storm,0.15,15,0,2,2,1,0,0,,,,,,,,
g2_rain_fade,RAIN_FADE,14,,300,2,113,ok,,,1,55.00525,2015,5,10.593,0.089,11.026,11.026584,888,708,419,2015,2,2,1,5,1.7631E+12,1.7631E+12,storm,0.15,15,0,2,2,1,0,0,,,,,,,,
g2_rain_fade,RAIN_FADE,14,,300,2,114,ok,,,1,61.59533399,2017,5,12.08,0.136,12.55,12.52475,889,709,419,2017,2,2,1,5,1.7631E+12,1.7631E+12,storm,0.15,15,0,0,2,0,0,0,,,,,,,,
g2_rain_fade,RAIN_FADE,14,,300,2,115,ok,,,3,55.227833,2014,5,10.279,0.114,10.721,10.695416,888,708,418,2014,2,2,1,5,1.7631E+12,1.7631E+12,storm,0.15,15,0,5,5,1,0,0,,,,,,,,
g2_rain_fade,RAIN_FADE,14,,300,2,116,timeout,wait_m6,0,3,506.190084,357,1,5.045,0,0,0,357,0,0,357,1,0,0,1,1.7631E+12,,storm,0.15,15,0,9,9,1,0,0,,,,,,,,
g2_rain_fade,RAIN_FADE,14,,300,2,117,ok,,,2,59.421625,2009,5,11.504,0.099,10.495,10.473958,885,706,418,2009,2,2,1,5,1.7631E+12,1.7631E+12,storm,0.15,15,0,3,3,1,0,0,,,,,,,,
g2_rain_fade,RAIN_FADE,14,,300,2,118,ok,,,1,56.078333,2016,5,10.718,0.112,10.58,10.562167,888,709,419,2016,2,2,1,5,1.7631E+12,1.7631E+12,storm,0.15,15,0,0,2,0,0,0,,,,,,,,
g2_rain_fade,RAIN_FADE,14,,300,2,119,ok,,,1,54.866417,2012,5,11.372,0.105,10.72,10.689625,887,707,418,2012,2,2,1,5,1.7631E+12,1.7631E+12,storm,0.15,15,0,1,2,0.5,0,0,,,,,,,,
g2_rain_fade,RAIN_FADE,14,,300,2,120,timeout,wait_m6,0,3,505.961626,356,1,4.733,0,0,0,356,0,0,356,1,0,0,1,1.7631E+12,,storm,0.15,15,0,9,9,1,0,0,,,,,,,,
g2_rain_fade,RAIN_FADE,14,,300,2,121,ok,,,1,50.729333,2008,5,10.19,0.099,11.108,11.114708,885,707,416,2008,2,2,1,5,1.7631E+12,1.7631E+12,storm,0.15,15,0,7,7,1,0,0,,,,,,,,
g2_rain_fade,RAIN_FADE,14,,300,2,122,ok,,,1,55.631084,2014,5,12.405,0.122,10.81,10.794291,888,708,418,2014,2,2,1,5,1.7631E+12,1.7631E+12,storm,0.15,15,0,2,2,1,0,0,,,,,,,,
g2_rain_fade,RAIN_FADE,14,,300,2,123,ok,,,1,54.628959,2017,5,10.355,0.113,11.52,11.49066701,889,709,419,2017,2,2,1,5,1.7631E+12,1.7631E+12,storm,0.15,15,0,2,2,1,0,0,,,,,,,,
g2_rain_fade,RAIN_FADE,14,,300,2,124,ok,,,1,53.424959,2015,5,10.408,0.108,11.45,11.446167,888,708,419,2015,2,2,1,5,1.7631E+12,1.7631E+12,storm,0.15,15,0,0,2,0,0,0,,,,,,,,
g2_rain_fade,RAIN_FADE,14,,300,2,125,ok,,,1,62.608917,2014,5,11.876,0.14,11.399,11.369875,888,708,418,2014,2,2,1,5,1.7631E+12,1.7631E+12,storm,0.15,15,0,2,2,1,0,0,,,,,,,,
g2_rain_fade,RAIN_FADE,14,,300,2,126,ok,,,1,60.012292,2014,5,10.819,0.099,11.451,11.451083,888,708,418,2014,2,2,1,5,1.7631E+12,1.7631E+12,storm,0.15,15,0,2,2,1,0,0,,,,,,,,
g2_rain_fade,RAIN_FADE,14,,300,2,127,ok,,,1,54.509792,2015,5,10.956,0.122,11.881,11.941291,888,708,419,2015,2,2,1,5,1.7631E+12,1.7631E+12,storm,0.15,15,0,2,2,1,0,0,,,,,,,,
g2_rain_fade,RAIN_FADE,14,,300,2,128,ok,,,1,54.958375,2017,5,10.954,0.107,10.7,10.695208,889,709,419,2017,2,2,1,5,1.7631E+12,1.7631E+12,storm,0.15,15,0,2,2,1,0,0,,,,,,,,
g2_rain_fade,RAIN_FADE,14,,300,2,129,ok,,,2,56.197667,2010,5,11.334,0.115,10.727,10.702625,886,708,416,2010,2,2,1,5,1.7631E+12,1.7631E+12,storm,0.15,15,0,3,3,1,0,0,,,,,,,,
g2_rain_fade,RAIN_FADE,14,,300,2,130,ok,,,1,55.781791,2013,5,10.449,0.119,10.529,10.507708,887,708,418,2013,2,2,1,5,1.7631E+12,1.7631E+12,storm,0.15,15,0,1,2,0.5,0,0,,,,,,,,
g2_rain_fade,RAIN_FADE,14,,300,2,131,ok,,,1,66.4565,2016,5,15.76,0.175,13.488,13.500584,888,709,419,2016,2,2,1,5,1.7631E+12,1.7631E+12,storm,0.15,15,0,5,5,1,0,0,,,,,,,,
g2_rain_fade,RAIN_FADE,14,,300,2,132,ok,,,1,53.687208,2017,5,11.469,0.138,11.016,11.004417,889,709,419,2017,2,2,1,5,1.7631E+12,1.7631E+12,storm,0.15,15,0,1,2,0.5,0,0,,,,,,,,
g2_rain_fade,RAIN_FADE,14,,300,2,133,ok,,,1,65.160667,2015,5,12.984,0.121,12.238,12.197458,888,708,419,2015,2,2,1,5,1.7631E+12,1.7631E+12,storm,0.15,15,0,5,5,1,0,0,,,,,,,,
g2_rain_fade,RAIN_FADE,14,,300,2,134,ok,,,1,65.9795,2015,5,10.932,0.186,19.434,19.442375,888,709,418,2015,2,2,1,5,1.7631E+12,1.7631E+12,storm,0.15,15,0,2,2,1,0,0,,,,,,,,
g2_rain_fade,RAIN_FADE,14,,300,2,135,ok,,,2,68.468001,2015,5,16.326,0.154,13.446,13.64375,888,709,418,2015,2,2,1,5,1.7631E+12,1.7631E+12,storm,0.15,15,0,6,6,1,0,0,,,,,,,,
g2_rain_fade,RAIN_FADE,14,,300,2,136,ok,,,3,50.955166,2013,5,10.651,0.13,11.389,11.384667,887,708,418,2013,2,2,1,5,1.7631E+12,1.7631E+12,storm,0.15,15,0,5,5,1,0,0,,,,,,,,
g2_rain_fade,RAIN_FADE,14,,300,2,137,ok,,,2,58.333917,2012,5,13.089,0.131,10.515,10.489334,887,708,417,2012,2,2,1,5,1.7631E+12,1.7631E+12,storm,0.15,15,0,4,4,1,0,0,,,,,,,,
g2_rain_fade,RAIN_FADE,14,,300,2,138,ok,,,1,52.027084,2013,5,10.549,0.112,11.356,11.34679101,887,708,418,2013,2,2,1,5,1.7631E+12,1.7631E+12,storm,0.15,15,0,2,2,1,0,0,,,,,,,,
g2_rain_fade,RAIN_FADE,14,,300,2,139,ok,,,1,60.299458,2014,5,11.22,0.137,11.518,11.539625,887,709,418,2014,2,2,1,5,1.7631E+12,1.7631E+12,storm,0.15,15,0,7,7,1,0,0,,,,,,,,
g2_rain_fade,RAIN_FADE,14,,300,2,140,ok,,,1,60.695583,2017,5,11.643,0.135,11.024,11.002625,889,709,419,2017,2,2,1,5,1.7631E+12,1.7631E+12,storm,0.15,15,0,1,2,0.5,0,0,,,,,,,,
g2_rain_fade,RAIN_FADE,14,,300,2,141,ok,,,1,59.8535,2015,5,13.885,0.16,12.959,12.980541,888,708,419,2015,2,2,1,5,1.7631E+12,1.7631E+12,storm,0.15,15,0,4,5,0.8,0,0,,,,,,,,
g2_rain_fade,RAIN_FADE,14,,300,2,142,ok,,,1,60.240416,2012,5,10.512,0.217,10.619,10.58437501,887,707,418,2012,2,2,1,5,1.7631E+12,1.7631E+12,storm,0.15,15,0,0,2,0,0,0,,,,,,,,
g2_rain_fade,RAIN_FADE,14,,300,2,143,ok,,,1,55.28920799,2017,5,10.921,0.095,10.447,10.430459,889,709,419,2017,2,2,1,5,1.7631E+12,1.7631E+12,storm,0.15,15,0,2,2,1,0,0,,,,,,,,
g2_rain_fade,RAIN_FADE,14,,300,2,144,ok,,,2,57.091083,2014,5,10.651,0.109,11.644,11.629,888,708,418,2014,2,2,1,5,1.7631E+12,1.7631E+12,storm,0.15,15,0,3,3,1,0,0,,,,,,,,
g2_rain_fade,RAIN_FADE,14,,300,2,145,ok,,,1,56.7625,2011,5,11.413,0.118,10.624,10.58858399,886,707,418,2011,2,2,1,5,1.7631E+12,1.7631E+12,storm,0.15,15,0,2,2,1,0,0,,,,,,,,
g2_rain_fade,RAIN_FADE,14,,300,2,146,ok,,,1,62.94558301,2012,5,14.912,0.089,11.069,11.08349999,887,707,418,2012,2,2,1,5,1.7631E+12,1.7631E+12,storm,0.15,15,0,2,2,1,0,0,,,,,,,,
g2_rain_fade,RAIN_FADE,14,,300,2,147,ok,,,2,55.98091699,2014,5,10.484,0.213,11.161,11.13479101,887,708,419,2014,2,2,1,5,1.7631E+12,1.7631E+12,storm,0.15,15,0,3,3,1,0,0,,,,,,,,
g2_rain_fade,RAIN_FADE,14,,300,2,148,timeout,wait_m6,0,3,507.834292,356,1,4.305,0,0,0,356,0,0,356,1,0,0,1,1.7631E+12,,storm,0.15,15,0,9,9,1,0,0,,,,,,,,
g2_rain_fade,RAIN_FADE,14,,300,2,149,ok,,,1,57.973083,2013,5,11.806,0.097,10.891,10.891667,887,708,418,2013,2,2,1,5,1.7631E+12,1.7631E+12,storm,0.15,15,0,2,2,1,0,0,,,,,,,,
g2_rain_fade,RAIN_FADE,14,,300,2,150,timeout,wait_m4,0,3,305.459959,97,1,4.603,0,0,0,97,0,0,97,1,0,0,1,,,storm,0.15,15,0,2,5,0.4,1,4,,,,,,,,
g2_rain_fade,RAIN_FADE,14,,300,2,151,ok,,,1,51.453083,2013,5,10.264,0.088,11.02,11.015834,887,708,418,2013,2,2,1,5,1.7631E+12,1.7631E+12,storm,0.15,15,0,2,2,1,0,0,,,,,,,,
g2_rain_fade,RAIN_FADE,14,,300,2,152,ok,,,3,57.620126,2015,5,10.309,0.111,11.48,11.46625,888,708,419,2015,2,2,1,5,1.7631E+12,1.7631E+12,storm,0.15,15,0,5,5,1,0,0,,,,,,,,
g2_rain_fade,RAIN_FADE,14,,300,2,153,ok,,,1,54.39341701,2012,5,10.274,0.092,11.326,11.30975,887,708,417,2012,2,2,1,5,1.7631E+12,1.7631E+12,storm,0.15,15,0,2,2,1,0,0,,,,,,,,
g2_rain_fade,RAIN_FADE,14,,300,2,154,ok,,,2,60.051958,2011,5,11.134,0.142,11.366,11.361041,886,709,416,2011,2,2,1,5,1.7631E+12,1.7631E+12,storm,0.15,15,0,8,8,1,0,0,,,,,,,,
g2_rain_fade,RAIN_FADE,14,,300,2,155,timeout,wait_m6,0,3,506.035209,356,1,4.066,0,0,0,356,0,0,356,1,0,0,1,1.7631E+12,,storm,0.15,15,0,10,10,1,0,0,,,,,,,,
g2_rain_fade,RAIN_FADE,14,,300,2,156,timeout,wait_m6,0,3,504.978875,357,1,3.942,0,0,0,357,0,0,357,1,0,0,1,1.7631E+12,,storm,0.15,15,0,9,9,1,0,0,,,,,,,,
g2_rain_fade,RAIN_FADE,14,,300,2,157,ok,,,1,57.225917,2017,5,10.685,0.099,10.546,10.524083,889,709,419,2017,2,2,1,5,1.7631E+12,1.7631E+12,storm,0.15,15,0,2,2,1,0,0,,,,,,,,
g2_rain_fade,RAIN_FADE,14,,300,2,158,ok,,,1,62.35637501,2015,5,11.373,0.081,11.009,11.04525,888,709,418,2015,2,2,1,5,1.7631E+12,1.7631E+12,storm,0.15,15,0,2,2,1,0,0,,,,,,,,
g2_rain_fade,RAIN_FADE,14,,300,2,159,ok,,,1,77.971459,2009,5,21.934,0.143,15.666,15.742166,885,706,418,2009,2,2,1,5,1.7631E+12,1.7631E+12,storm,0.15,15,0,7,7,1,0,0,,,,,,,,
g2_rain_fade,RAIN_FADE,14,,300,2,160,ok,,,1,58.055292,2015,5,10.962,0.124,11.108,11.148333,888,709,418,2015,2,2,1,5,1.7631E+12,1.7631E+12,storm,0.15,15,0,2,2,1,0,0,,,,,,,,
g2_rain_fade,RAIN_FADE,14,,300,2,161,ok,,,3,59.710417,2017,5,11.341,0.098,11.341,11.307542,889,709,419,2017,2,2,1,5,1.7631E+12,1.7631E+12,storm,0.15,15,0,10,10,1,0,0,,,,,,,,
g2_rain_fade,RAIN_FADE,14,,300,2,162,ok,,,2,54.413917,2014,5,10.276,0.097,11.301,11.315875,887,708,419,2014,2,2,1,5,1.7631E+12,1.7631E+12,storm,0.15,15,0,3,3,1,0,0,,,,,,,,
g2_rain_fade,RAIN_FADE,14,,300,2,163,ok,,,1,63.111251,2011,5,10.974,0.099,12.294,12.309666,886,708,417,2011,2,2,1,5,1.7631E+12,1.7631E+12,storm,0.15,15,0,0,2,0,0,0,,,,,,,,
g2_rain_fade,RAIN_FADE,14,,300,2,164,ok,,,2,61.372792,2010,5,11.797,0.12,11.614,11.628209,886,708,416,2010,2,2,1,5,1.7631E+12,1.7631E+12,storm,0.15,15,0,4,4,1,0,0,,,,,,,,
g2_rain_fade,RAIN_FADE,14,,300,2,165,ok,,,1,61.288709,2009,5,13.118,0.1,12.152,12.125417,885,707,417,2009,2,2,1,5,1.7631E+12,1.7631E+12,storm,0.15,15,0,7,7,1,0,0,,,,,,,,
g2_rain_fade,RAIN_FADE,14,,300,2,166,ok,,,1,59.915209,2017,5,15.261,0.12,10.845,10.841916,889,709,419,2017,2,2,1,5,1.7631E+12,1.7631E+12,storm,0.15,15,0,0,2,0,0,0,,,,,,,,
g2_rain_fade,RAIN_FADE,14,,300,2,167,ok,,,1,56.605958,2012,5,11.187,0.114,10.83,10.80779199,887,707,418,2012,2,2,1,5,1.7631E+12,1.7631E+12,storm,0.15,15,0,2,2,1,0,0,,,,,,,,
g2_rain_fade,RAIN_FADE,14,,300,2,168,ok,,,1,61.352459,2015,5,10.565,0.134,10.639,10.6185,888,709,418,2015,2,2,1,5,1.7631E+12,1.7631E+12,storm,0.15,15,0,2,2,1,0,0,,,,,,,,
g2_rain_fade,RAIN_FADE,14,,300,2,169,ok,,,2,54.899083,2014,5,11.217,0.107,10.603,10.582916,888,708,418,2014,2,2,1,5,1.7631E+12,1.7631E+12,storm,0.15,15,0,3,3,1,0,0,,,,,,,,
g2_rain_fade,RAIN_FADE,14,,300,2,170,ok,,,1,56.833875,2016,5,10.481,0.13,11.472,11.445167,888,709,419,2016,2,2,1,5,1.7631E+12,1.7631E+12,storm,0.15,15,0,2,2,1,0,0,,,,,,,,
g2_rain_fade,RAIN_FADE,14,,300,2,171,ok,,,1,55.706667,2012,5,12.174,0.102,11.054,11.068834,887,707,418,2012,2,2,1,5,1.7631E+12,1.7631E+12,storm,0.15,15,0,2,2,1,0,0,,,,,,,,
g2_rain_fade,RAIN_FADE,14,,300,2,172,ok,,,1,58.463583,2015,5,11,0.096,11.442,11.448334,888,708,419,2015,2,2,1,5,1.7631E+12,1.7631E+12,storm,0.15,15,0,2,2,1,0,0,,,,,,,,
g2_rain_fade,RAIN_FADE,14,,300,2,173,ok,,,1,56.65520801,2012,5,10.712,0.113,10.983,11.020625,887,708,417,2012,2,2,1,5,1.7631E+12,1.7631E+12,storm,0.15,15,0,0,2,0,0,0,,,,,,,,
g2_rain_fade,RAIN_FADE,14,,300,2,174,ok,,,1,61.9655,2016,5,12.15,0.172,10.861,10.827584,888,709,419,2016,2,2,1,5,1.7631E+12,1.7631E+12,storm,0.15,15,0,6,7,0.857142857,0,0,,,,,,,,
g2_rain_fade,RAIN_FADE,14,,300,2,175,ok,,,1,51.479792,2007,5,10.753,0.151,10.725,10.709459,885,706,416,2007,2,2,1,5,1.7631E+12,1.7631E+12,storm,0.15,15,0,2,2,1,0,0,,,,,,,,
g2_rain_fade,RAIN_FADE,14,,300,2,176,ok,,,2,59.293292,2013,5,11.192,0.095,10.767,10.729708,887,708,418,2013,2,2,1,5,1.7631E+12,1.7631E+12,storm,0.15,15,0,6,6,1,0,0,,,,,,,,
g2_rain_fade,RAIN_FADE,14,,300,2,177,ok,,,1,56.490875,2010,5,11.875,0.097,11.093,11.100791,886,708,416,2010,2,2,1,5,1.7631E+12,1.7631E+12,storm,0.15,15,0,2,2,1,0,0,,,,,,,,
g2_rain_fade,RAIN_FADE,14,,300,2,178,ok,,,2,56.391167,2014,5,10.607,0.082,10.562,10.5365,888,708,418,2014,2,2,1,5,1.7631E+12,1.7631E+12,storm,0.15,15,0,8,8,1,0,0,,,,,,,,
g2_rain_fade,RAIN_FADE,14,,300,2,179,ok,,,1,56.653375,2013,5,10.497,0.088,10.433,10.40525,887,708,418,2013,2,2,1,5,1.7631E+12,1.7631E+12,storm,0.15,15,0,2,2,1,0,0,,,,,,,,
g2_rain_fade,RAIN_FADE,14,,300,2,180,ok,,,1,62.29275,2012,5,11.323,0.121,12.334,12.321125,887,708,417,2012,2,2,1,5,1.7631E+12,1.7631E+12,storm,0.15,15,0,4,5,0.8,0,0,,,,,,,,
g2_rain_fade,RAIN_FADE,14,,300,2,181,ok,,,1,59.187667,2015,5,11.556,0.155,11.545,11.513584,888,708,419,2015,2,2,1,5,1.7631E+12,1.7631E+12,storm,0.15,15,0,2,4,0.5,0,0,,,,,,,,
g2_rain_fade,RAIN_FADE,14,,300,2,182,timeout,wait_m6,0,3,507.425334,357,1,5.393,0,0,0,357,0,0,357,1,0,0,1,1.7631E+12,,storm,0.15,15,0,9,9,1,1,4,,,,,,,,
g2_rain_fade,RAIN_FADE,14,,300,2,183,ok,,,1,58.749583,2013,5,11.535,0.165,11.738,11.742625,887,708,418,2013,2,2,1,5,1.7631E+12,1.7631E+12,storm,0.15,15,0,7,7,1,0,0,,,,,,,,
g2_rain_fade,RAIN_FADE,14,,300,2,184,ok,,,1,56.701916,2013,5,11.523,0.154,11.472,11.479875,887,709,417,2013,2,2,1,5,1.7631E+12,1.7631E+12,storm,0.15,15,0,0,2,0,0,0,,,,,,,,
g2_rain_fade,RAIN_FADE,14,,300,2,185,timeout,wait_m6,0,3,506.211125,356,1,4.035,0,0,0,356,0,0,356,1,0,0,1,1.7631E+12,,storm,0.15,15,0,10,10,1,0,0,,,,,,,,
g2_rain_fade,RAIN_FADE,14,,300,2,186,ok,,,1,53.176625,2017,5,10.933,0.121,10.613,10.602542,889,709,419,2017,2,2,1,5,1.7631E+12,1.7631E+12,storm,0.15,15,0,2,2,1,0,0,,,,,,,,
g2_rain_fade,RAIN_FADE,14,,300,2,187,ok,,,1,57.718583,2017,5,11.018,0.105,11.773,11.789542,889,709,419,2017,2,2,1,5,1.7631E+12,1.7631E+12,storm,0.15,15,0,4,4,1,0,0,,,,,,,,
g2_rain_fade,RAIN_FADE,14,,300,2,188,ok,,,2,59.206375,2014,5,11.704,0.117,11.369,11.303834,888,708,418,2014,2,2,1,5,1.7631E+12,1.7631E+12,storm,0.15,15,0,3,3,1,0,0,,,,,,,,
g2_rain_fade,RAIN_FADE,14,,300,2,189,ok,,,3,58.351833,2017,5,13.546,0.101,12.139,12.110042,889,709,419,2017,2,2,1,5,1.7631E+12,1.7631E+12,storm,0.15,15,0,7,7,1,0,0,,,,,,,,
g2_rain_fade,RAIN_FADE,14,,300,2,190,ok,,,1,61.344042,2012,5,10.835,0.168,10.658,10.619041,887,707,418,2012,2,2,1,5,1.7631E+12,1.7631E+12,storm,0.15,15,0,2,2,1,0,0,,,,,,,,
g2_rain_fade,RAIN_FADE,14,,300,2,191,ok,,,1,66.067167,2010,5,10.688,0.128,12.758,12.737375,886,707,417,2010,2,2,1,5,1.7631E+12,1.7631E+12,storm,0.15,15,0,0,2,0,0,0,,,,,,,,
g2_rain_fade,RAIN_FADE,14,,300,2,192,ok,,,1,57.54316699,2014,5,11.103,0.111,10.54,10.520542,888,708,418,2014,2,2,1,5,1.7631E+12,1.7631E+12,storm,0.15,15,0,2,2,1,0,0,,,,,,,,
g2_rain_fade,RAIN_FADE,14,,300,2,193,ok,,,1,58.860208,2017,5,13.366,0.133,12.527,12.533375,889,709,419,2017,2,2,1,5,1.7631E+12,1.7631E+12,storm,0.15,15,0,4,4,1,0,0,,,,,,,,
g2_rain_fade,RAIN_FADE,14,,300,2,194,ok,,,1,57.195166,2017,5,11.818,0.18,11.311,11.2855,889,709,419,2017,2,2,1,5,1.7631E+12,1.7631E+12,storm,0.15,15,0,2,2,1,0,0,,,,,,,,
g2_rain_fade,RAIN_FADE,14,,300,2,195,timeout,wait_m6,0,3,505.593042,357,1,4.424,0,0,0,357,0,0,357,1,0,0,1,1.7631E+12,,storm,0.15,15,0,11,11,1,0,0,,,,,,,,
g2_rain_fade,RAIN_FADE,14,,300,2,196,timeout,wait_m6,0,3,509.014208,357,1,5.545,0,0,0,357,0,0,357,1,0,0,1,1.7631E+12,,storm,0.15,15,0,10,10,1,0,0,,,,,,,,
g2_rain_fade,RAIN_FADE,14,,300,2,197,ok,,,3,56.952958,2013,5,11.159,0.155,10.445,10.419125,887,708,418,2013,2,2,1,5,1.7631E+12,1.7631E+12,storm,0.15,15,0,5,5,1,0,0,,,,,,,,
g2_rain_fade,RAIN_FADE,14,,300,2,198,ok,,,1,75.783292,2014,5,12.862,0.118,10.881,10.848125,888,708,418,2014,2,2,1,5,1.7631E+12,1.7631E+12,storm,0.15,15,0,0,2,0,0,0,,,,,,,,
g2_rain_fade,RAIN_FADE,14,,300,2,199,ok,,,1,56.007917,2013,5,10.516,0.087,10.788,10.7645,887,708,418,2013,2,2,1,5,1.7631E+12,1.7631E+12,storm,0.15,15,0,2,2,1,0,0,,,,,,,,
g2_rain_fade,RAIN_FADE,14,,300,2,200,timeout,wait_m6,0,3,506.782251,357,1,5.82,0,0,0,357,0,0,357,1,0,0,1,1.7631E+12,,storm,0.15,15,0,9,9,1,0,0,,,,,,,,
g2_rain_fade,RAIN_FADE,14,,300,2,201,timeout,wait_m6,0,3,514.924917,356,1,13.705,0,0,0,356,0,0,356,1,0,0,1,1.7631E+12,,storm,0.15,15,0,10,10,1,1,4,,,,,,,,
g2_rain_fade,RAIN_FADE,14,,300,2,202,timeout,wait_m6,0,3,509.936917,357,1,4.79,0,0,0,357,0,0,357,1,0,0,1,1.7631E+12,,storm,0.15,15,0,8,9,0.888888889,0,0,,,,,,,,
g2_rain_fade,RAIN_FADE,14,,300,2,203,ok,,,1,59.744541,2013,5,10.491,0.138,14.862,14.840958,887,708,418,2013,2,2,1,5,1.7631E+12,1.7631E+12,storm,0.15,15,0,0,2,0,0,0,,,,,,,,
g2_rain_fade,RAIN_FADE,14,,300,2,204,ok,,,1,55.107625,2012,5,10.454,0.088,11.417,11.405625,887,707,418,2012,2,2,1,5,1.7631E+12,1.7631E+12,storm,0.15,15,0,2,2,1,0,0,,,,,,,,
g2_rain_fade,RAIN_FADE,14,,300,2,205,ok,,,2,52.071458,2014,5,10.956,0.105,10.796,10.795125,888,708,418,2014,2,2,1,5,1.7631E+12,1.7631E+12,storm,0.15,15,0,3,3,1,0,0,,,,,,,,
g2_rain_fade,RAIN_FADE,14,,300,2,206,ok,,,1,58.187417,2010,5,12.027,0.159,13.482,13.489834,886,707,417,2010,2,2,1,5,1.7631E+12,1.7631E+12,storm,0.15,15,0,7,7,1,0,0,,,,,,,,
g2_rain_fade,RAIN_FADE,14,,300,2,207,ok,,,1,57.638084,2017,5,10.89,0.111,11.277,11.260458,889,709,419,2017,2,2,1,5,1.7631E+12,1.7631E+12,storm,0.15,15,0,0,2,0,0,0,,,,,,,,
g2_rain_fade,RAIN_FADE,14,,300,2,208,ok,,,1,56.877459,2015,5,11.527,0.089,10.639,10.61920801,888,709,418,2015,2,2,1,5,1.7631E+12,1.7631E+12,storm,0.15,15,0,2,2,1,0,0,,,,,,,,
g2_rain_fade,RAIN_FADE,14,,300,2,209,ok,,,1,60.096709,2010,5,11.427,0.114,11.328,11.308625,886,706,418,2010,2,2,1,5,1.7631E+12,1.7631E+12,storm,0.15,15,0,2,2,1,0,0,,,,,,,,
g2_rain_fade,RAIN_FADE,14,,300,2,210,timeout,wait_m4,0,3,303.957875,97,1,3.812,0,0,0,97,0,0,97,1,0,0,1,,,storm,0.15,15,0,5,5,1,0,0,,,,,,,,
g2_rain_fade,RAIN_FADE,14,,300,2,211,timeout,wait_m4,0,3,309.698166,97,1,4.157,0,0,0,97,0,0,97,1,0,0,1,,,storm,0.15,15,0,6,6,1,1,4,,,,,,,,
g2_rain_fade,RAIN_FADE,14,,300,2,212,ok,,,1,56.1795,2015,5,10.576,0.121,10.731,10.683791,888,708,419,2015,2,2,1,5,1.7631E+12,1.7631E+12,storm,0.15,15,0,2,2,1,0,0,,,,,,,,
g2_rain_fade,RAIN_FADE,14,,300,2,213,ok,,,1,57.671166,2012,5,10.605,0.096,11.219,11.243791,887,708,417,2012,2,2,1,5,1.7631E+12,1.7631E+12,storm,0.15,15,0,2,2,1,0,0,,,,,,,,
g2_rain_fade,RAIN_FADE,14,,300,2,214,ok,,,1,59.645084,2017,5,10.508,0.105,10.716,10.705458,889,709,419,2017,2,2,1,5,1.7631E+12,1.7631E+12,storm,0.15,15,0,0,2,0,0,0,,,,,,,,
g2_rain_fade,RAIN_FADE,14,,300,2,215,timeout,wait_m4,0,3,304.805167,97,1,4.276,0,0,0,97,0,0,97,1,0,0,1,,,storm,0.15,15,0,4,5,0.8,1,4,,,,,,,,
g2_rain_fade,RAIN_FADE,14,,300,2,216,ok,,,1,62.776167,2017,5,11.979,0.163,10.62,10.589,889,709,419,2017,2,2,1,5,1.7631E+12,1.7631E+12,storm,0.15,15,0,2,2,1,0,0,,,,,,,,
g2_rain_fade,RAIN_FADE,14,,300,2,217,ok,,,1,55.197917,2017,5,12.68,0.112,10.473,10.45475,889,709,419,2017,2,2,1,5,1.7631E+12,1.7631E+12,storm,0.15,15,0,2,2,1,0,0,,,,,,,,
g2_rain_fade,RAIN_FADE,14,,300,2,218,ok,,,2,60.762209,2017,5,13.038,0.218,11.084,11.043208,889,709,419,2017,2,2,1,5,1.7631E+12,1.7631E+12,storm,0.15,15,0,6,6,1,0,0,,,,,,,,
g2_rain_fade,RAIN_FADE,14,,300,2,219,ok,,,2,66.468375,2013,5,13.122,0.135,11.69,11.662875,887,708,418,2013,2,2,1,5,1.7631E+12,1.7631E+12,storm,0.15,15,0,6,6,1,0,0,,,,,,,,
g2_rain_fade,RAIN_FADE,14,,300,2,220,ok,,,1,64.890125,2015,5,13.582,0.196,12.501,12.509875,888,709,418,2015,2,2,1,5,1.7631E+12,1.7631E+12,storm,0.15,15,0,5,5,1,0,0,,,,,,,,
g2_rain_fade,RAIN_FADE,14,,300,2,221,ok,,,1,65.063625,2013,5,12.778,0.107,12.998,12.990958,887,708,418,2013,2,2,1,5,1.7631E+12,1.7631E+12,storm,0.15,15,0,3,5,0.6,0,0,,,,,,,,
g2_rain_fade,RAIN_FADE,14,,300,2,222,ok,,,1,53.23925,2015,5,10.73,0.099,10.949,10.973083,888,708,419,2015,2,2,1,5,1.7631E+12,1.7631E+12,storm,0.15,15,0,0,2,0,0,0,,,,,,,,
g2_rain_fade,RAIN_FADE,14,,300,2,223,ok,,,2,53.998125,2010,5,11.389,0.096,11.556,11.568125,886,707,417,2010,2,2,1,5,1.7631E+12,1.7631E+12,storm,0.15,15,0,2,3,0.666666667,0,0,,,,,,,,
g2_rain_fade,RAIN_FADE,14,,300,2,224,ok,,,1,57.903917,2012,5,10.828,0.137,11.109,11.172083,886,709,417,2012,2,2,1,5,1.7631E+12,1.7631E+12,storm,0.15,15,0,0,2,0,0,0,,,,,,,,
g2_rain_fade,RAIN_FADE,14,,300,2,225,ok,,,2,63.976875,2014,5,11.828,0.122,13.044,13.037792,888,708,418,2014,2,2,1,5,1.7631E+12,1.7631E+12,storm,0.15,15,0,6,6,1,0,0,,,,,,,,
g2_rain_fade,RAIN_FADE,14,,300,2,226,timeout,wait_m6,0,3,505.8165,356,1,4.979,0,0,0,356,0,0,356,1,0,0,1,1.7631E+12,,storm,0.15,15,0,10,11,0.909090909,0,0,,,,,,,,
g2_rain_fade,RAIN_FADE,14,,300,2,227,ok,,,1,59.606834,2015,5,11.382,0.123,11.448,11.472625,888,708,419,2015,2,2,1,5,1.7631E+12,1.7631E+12,storm,0.15,15,0,0,2,0,0,0,,,,,,,,
g2_rain_fade,RAIN_FADE,14,,300,2,228,ok,,,1,58.454375,2015,5,10.245,0.219,10.649,10.62395801,888,709,418,2015,2,2,1,5,1.7631E+12,1.7631E+12,storm,0.15,15,0,2,2,1,0,0,,,,,,,,
g2_rain_fade,RAIN_FADE,14,,300,2,229,ok,,,1,60.871875,2015,5,12.08,0.146,11.797,11.759291,888,708,419,2015,2,2,1,5,1.7631E+12,1.7631E+12,storm,0.15,15,0,5,5,1,0,0,,,,,,,,
g2_rain_fade,RAIN_FADE,14,,300,2,230,ok,,,1,60.015292,2015,5,10.655,0.218,10.614,10.581916,888,708,419,2015,2,2,1,5,1.7631E+12,1.7631E+12,storm,0.15,15,0,0,2,0,0,0,,,,,,,,
g2_rain_fade,RAIN_FADE,14,,300,2,231,ok,,,1,55.226458,2009,5,10.786,0.104,11.225,11.184292,885,707,417,2009,2,2,1,5,1.7631E+12,1.7631E+12,storm,0.15,15,0,0,2,0,0,0,,,,,,,,
g2_rain_fade,RAIN_FADE,14,,300,2,232,timeout,wait_m6,0,3,504.327417,357,1,3.776,0,0,0,357,0,0,357,1,0,0,1,1.7631E+12,,storm,0.15,15,0,2,9,0.222222222,1,4,,,,,,,,
g2_rain_fade,RAIN_FADE,14,,300,2,233,ok,,,1,58.52512499,2012,5,11.78,0.123,10.841,10.828209,887,707,418,2012,2,2,1,5,1.7631E+12,1.7631E+12,storm,0.15,15,0,0,2,0,0,0,,,,,,,,
g2_rain_fade,RAIN_FADE,14,,300,2,234,ok,,,2,60.274084,2012,5,11.853,0.12,11.777,11.860125,887,707,418,2012,2,2,1,5,1.7631E+12,1.7631E+12,storm,0.15,15,0,6,6,1,0,0,,,,,,,,
g2_rain_fade,RAIN_FADE,14,,300,2,235,ok,,,1,60.57245799,2009,5,10.37,0.119,11.741,11.71858401,885,708,416,2009,2,2,1,5,1.7631E+12,1.7631E+12,storm,0.15,15,0,2,2,1,0,0,,,,,,,,
g2_rain_fade,RAIN_FADE,14,,300,2,236,ok,,,1,56.676625,2014,5,12.024,0.141,11.494,11.47529201,888,708,418,2014,2,2,1,5,1.7631E+12,1.7631E+12,storm,0.15,15,0,0,2,0,0,0,,,,,,,,
g2_rain_fade,RAIN_FADE,14,,300,2,237,timeout,wait_m4,0,3,305.0115,97,1,4.412,0,0,0,97,0,0,97,1,0,0,1,,,storm,0.15,15,0,0,5,0,1,4,,,,,,,,
g2_rain_fade,RAIN_FADE,14,,300,2,238,ok,,,1,61.442417,2015,5,12.73,0.152,11.48,11.518583,888,708,419,2015,2,2,1,5,1.7631E+12,1.7631E+12,storm,0.15,15,0,6,7,0.857142857,0,0,,,,,,,,
g2_rain_fade,RAIN_FADE,14,,300,2,239,ok,,,1,57.986833,2015,5,11.231,0.105,11.557,11.574667,888,708,419,2015,2,2,1,5,1.7631E+12,1.7631E+12,storm,0.15,15,0,2,2,1,0,0,,,,,,,,
g2_rain_fade,RAIN_FADE,14,,300,2,240,ok,,,1,57.125208,2015,5,11.275,0.111,11.594,11.614542,888,708,419,2015,2,2,1,5,1.7631E+12,1.7631E+12,storm,0.15,15,0,0,2,0,0,0,,,,,,,,
g2_rain_fade,RAIN_FADE,14,,300,2,241,timeout,wait_m4,0,3,309.831041,97,1,4.058,0,0,0,97,0,0,97,1,0,0,1,,,storm,0.15,15,0,5,5,1,1,4,,,,,,,,
g2_rain_fade,RAIN_FADE,14,,300,2,242,ok,,,2,56.939584,2015,5,10.715,0.15,12.303,12.286542,888,708,419,2015,2,2,1,5,1.7631E+12,1.7631E+12,storm,0.15,15,0,6,6,1,0,0,,,,,,,,
g2_rain_fade,RAIN_FADE,14,,300,2,243,timeout,wait_m6,0,3,507.943708,357,1,6.07,0,0,0,357,0,0,357,1,0,0,1,1.7631E+12,,storm,0.15,15,0,8,9,0.888888889,0,0,,,,,,,,
g2_rain_fade,RAIN_FADE,14,,300,2,244,ok,,,1,55.446334,2013,5,10.549,0.14,10.934,10.902667,887,708,418,2013,2,2,1,5,1.7631E+12,1.7631E+12,storm,0.15,15,0,2,2,1,0,0,,,,,,,,
g2_rain_fade,RAIN_FADE,14,,300,2,245,ok,,,1,66.132792,2008,5,14.021,0.157,12.852,12.878959,885,707,416,2008,2,2,1,5,1.7631E+12,1.7631E+12,storm,0.15,15,0,5,5,1,0,0,,,,,,,,
g2_rain_fade,RAIN_FADE,14,,300,2,246,ok,,,1,54.911458,2017,5,10.791,0.136,11.323,11.303917,889,709,419,2017,2,2,1,5,1.7631E+12,1.7631E+12,storm,0.15,15,0,2,2,1,0,0,,,,,,,,
g2_rain_fade,RAIN_FADE,14,,300,2,247,ok,,,1,61.007125,2007,5,10.252,0.093,11.366,11.35125,884,707,416,2007,2,2,1,5,1.7631E+12,1.7631E+12,storm,0.15,15,0,2,2,1,0,0,,,,,,,,
g2_rain_fade,RAIN_FADE,14,,300,2,248,ok,,,1,61.085208,2014,5,13.323,0.138,11.905,11.979958,888,708,418,2014,2,2,1,5,1.7631E+12,1.7631E+12,storm,0.15,15,0,7,7,1,0,0,,,,,,,,
g2_rain_fade,RAIN_FADE,14,,300,2,249,ok,,,1,54.50275,2017,5,11.27,0.112,10.564,10.532833,889,709,419,2017,2,2,1,5,1.7631E+12,1.7631E+12,storm,0.15,15,0,2,2,1,0,0,,,,,,,,
g2_rain_fade,RAIN_FADE,14,,300,2,250,ok,,,1,64.050708,2010,5,13.383,0.146,13.455,13.510209,886,707,417,2010,2,2,1,5,1.7631E+12,1.7631E+12,storm,0.15,15,0,4,5,0.8,0,0,,,,,,,,
g2_rain_fade,RAIN_FADE,14,,300,2,251,ok,,,1,57.911375,2017,5,10.518,0.148,12.658,12.720042,889,709,419,2017,2,2,1,5,1.7631E+12,1.7631E+12,storm,0.15,15,0,0,2,0,0,0,,,,,,,,
g2_rain_fade,RAIN_FADE,14,,300,2,252,ok,,,1,53.347667,2015,5,10.693,0.126,10.761,10.760167,888,708,419,2015,2,2,1,5,1.7631E+12,1.7631E+12,storm,0.15,15,0,0,2,0,0,0,,,,,,,,
g2_rain_fade,RAIN_FADE,14,,300,2,253,ok,,,2,64.192875,2013,5,11.914,0.082,11.933,11.907083,887,708,418,2013,2,2,1,5,1.7631E+12,1.7631E+12,storm,0.15,15,0,5,6,0.833333333,0,0,,,,,,,,
g2_rain_fade,RAIN_FADE,14,,300,2,254,ok,,,2,56.63425,2017,5,11.546,0.124,10.429,10.409042,889,709,419,2017,2,2,1,5,1.7631E+12,1.7631E+12,storm,0.15,15,0,4,4,1,0,0,,,,,,,,
g2_rain_fade,RAIN_FADE,14,,300,2,255,ok,,,1,52.28074999,2017,5,11.091,0.117,10.969,10.944458,889,709,419,2017,2,2,1,5,1.7631E+12,1.7631E+12,storm,0.15,15,0,2,2,1,0,0,,,,,,,,
g2_rain_fade,RAIN_FADE,14,,300,2,256,ok,,,2,59.687083,2014,5,11.485,0.113,11.371,11.382417,887,709,418,2014,2,2,1,5,1.7631E+12,1.7631E+12,storm,0.15,15,0,3,3,1,0,0,,,,,,,,
g2_rain_fade,RAIN_FADE,14,,300,2,257,timeout,wait_m6,0,3,508.149251,357,1,6.575,0,0,0,357,0,0,357,1,0,0,1,1.7631E+12,,storm,0.15,15,0,12,12,1,0,0,,,,,,,,
g2_rain_fade,RAIN_FADE,14,,300,2,258,ok,,,2,53.099375,2014,5,11.751,0.1,10.595,10.576292,887,709,418,2014,2,2,1,5,1.7631E+12,1.7631E+12,storm,0.15,15,0,2,3,0.666666667,0,0,,,,,,,,
g2_rain_fade,RAIN_FADE,14,,300,2,259,ok,,,1,55.313251,2012,5,11,0.12,11.906,11.917125,887,707,418,2012,2,2,1,5,1.7631E+12,1.7631E+12,storm,0.15,15,0,0,2,0,0,0,,,,,,,,
g2_rain_fade,RAIN_FADE,14,,300,2,260,ok,,,1,62.669417,2017,5,12.952,0.229,13.189,13.191042,889,709,419,2017,2,2,1,5,1.7631E+12,1.7631E+12,storm,0.15,15,0,5,5,1,0,0,,,,,,,,
g2_rain_fade,RAIN_FADE,14,,300,2,261,timeout,wait_m4,0,3,309.592917,97,1,4.409,0,0,0,97,0,0,97,1,0,0,1,,,storm,0.15,15,0,5,6,0.833333333,1,4,,,,,,,,
g2_rain_fade,RAIN_FADE,14,,300,2,262,ok,,,3,59.499208,2015,5,10.689,0.136,10.855,10.831042,888,708,419,2015,2,2,1,5,1.7631E+12,1.7631E+12,storm,0.15,15,0,5,5,1,0,0,,,,,,,,
g2_rain_fade,RAIN_FADE,14,,300,2,263,ok,,,1,60.887083,2011,5,10.761,0.14,12.858,12.928625,887,707,417,2011,2,2,1,5,1.7631E+12,1.7631E+12,storm,0.15,15,0,3,4,0.75,0,0,,,,,,,,
g2_rain_fade,RAIN_FADE,14,,300,2,264,ok,,,1,64.434791,2017,5,12.507,0.259,11.954,11.916542,889,709,419,2017,2,2,1,5,1.7631E+12,1.7631E+12,storm,0.15,15,0,5,7,0.714285714,0,0,,,,,,,,
g2_rain_fade,RAIN_FADE,14,,300,2,265,ok,,,3,63.588125,2016,5,12.619,0.16,12.856,12.829458,888,709,419,2016,2,2,1,5,1.7631E+12,1.7631E+12,storm,0.15,15,0,8,8,1,0,0,,,,,,,,
g2_rain_fade,RAIN_FADE,14,,300,2,266,ok,,,2,58.190125,2016,5,12.397,0.128,13.059,13.094292,888,709,419,2016,2,2,1,5,1.7631E+12,1.7631E+12,storm,0.15,15,0,2,4,0.5,0,0,,,,,,,,
g2_rain_fade,RAIN_FADE,14,,300,2,267,timeout,wait_m6,0,3,506.106042,357,1,4.648,0,0,0,357,0,0,357,1,0,0,1,1.7631E+12,,storm,0.15,15,0,9,9,1,0,0,,,,,,,,
g2_rain_fade,RAIN_FADE,14,,300,2,268,ok,,,1,57.00825,2015,5,11.035,0.103,11.668,11.698125,888,708,419,2015,2,2,1,5,1.7631E+12,1.7631E+12,storm,0.15,15,0,2,2,1,0,0,,,,,,,,
g2_rain_fade,RAIN_FADE,14,,300,2,269,ok,,,1,59.896334,2009,5,10.389,0.1,12.538,12.706333,885,707,417,2009,2,2,1,5,1.7631E+12,1.7631E+12,storm,0.15,15,0,0,2,0,0,0,,,,,,,,
g2_rain_fade,RAIN_FADE,14,,300,2,270,ok,,,1,68.540792,2016,5,14.352,0.15,15.984,16.345667,888,709,419,2016,2,2,1,5,1.7631E+12,1.7631E+12,storm,0.15,15,0,5,5,1,0,0,,,,,,,,
g2_rain_fade,RAIN_FADE,14,,300,2,271,timeout,wait_m6,0,3,511.119959,356,1,8.336,0,0,0,356,0,0,356,1,0,0,1,1.7631E+12,,storm,0.15,15,0,9,9,1,0,0,,,,,,,,
g2_rain_fade,RAIN_FADE,14,,300,2,272,ok,,,1,62.286708,2017,5,10.917,0.143,11.276,11.246917,889,709,419,2017,2,2,1,5,1.7631E+12,1.7631E+12,storm,0.15,15,0,6,7,0.857142857,0,0,,,,,,,,
g2_rain_fade,RAIN_FADE,14,,300,2,273,timeout,wait_m6,0,3,506.064625,357,1,4.528,0,0,0,357,0,0,357,1,0,0,1,1.7631E+12,,storm,0.15,15,0,9,9,1,0,0,,,,,,,,
g2_rain_fade,RAIN_FADE,14,,300,2,274,ok,,,2,56.018625,2011,5,10.733,0.097,11.502,11.395,886,707,418,2011,2,2,1,5,1.7631E+12,1.7631E+12,storm,0.15,15,0,3,3,1,0,0,,,,,,,,
g2_rain_fade,RAIN_FADE,14,,300,2,275,ok,,,2,59.187125,2007,5,11.256,0.105,13.351,13.520666,885,706,416,2007,2,2,1,5,1.7631E+12,1.7631E+12,storm,0.15,15,0,8,8,1,0,0,,,,,,,,
g2_rain_fade,RAIN_FADE,14,,300,2,276,ok,,,1,59.635458,2011,5,10.728,0.122,12.064,12.164125,887,707,417,2011,2,2,1,5,1.7631E+12,1.7631E+12,storm,0.15,15,0,2,2,1,0,0,,,,,,,,
g2_rain_fade,RAIN_FADE,14,,300,2,277,timeout,wait_m6,0,3,505.710959,357,1,4.574,0,0,0,357,0,0,357,1,0,0,1,1.7631E+12,,storm,0.15,15,0,9,10,0.9,1,4,,,,,,,,
g2_rain_fade,RAIN_FADE,14,,300,2,278,ok,,,1,63.398125,2015,5,12.702,0.141,11.966,11.947333,888,709,418,2015,2,2,1,5,1.7631E+12,1.7631E+12,storm,0.15,15,0,2,2,1,0,0,,,,,,,,
g2_rain_fade,RAIN_FADE,14,,300,2,279,ok,,,1,55.909208,2015,5,10.838,0.097,11.751,11.819167,888,709,418,2015,2,2,1,5,1.7631E+12,1.7631E+12,storm,0.15,15,0,2,2,1,0,0,,,,,,,,
g2_rain_fade,RAIN_FADE,14,,300,2,280,timeout,wait_m6,0,3,506.346458,357,1,4.6,0,0,0,357,0,0,357,1,0,0,1,1.7631E+12,,storm,0.15,15,0,8,8,1,0,0,,,,,,,,
g2_rain_fade,RAIN_FADE,14,,300,2,281,ok,,,1,52.814458,2017,5,11.428,0.118,10.821,10.800417,889,709,419,2017,2,2,1,5,1.7631E+12,1.7631E+12,storm,0.15,15,0,2,2,1,0,0,,,,,,,,
g2_rain_fade,RAIN_FADE,14,,300,2,282,ok,,,2,58.448208,2017,5,11.032,0.155,11.15,11.098459,889,709,419,2017,2,2,1,5,1.7631E+12,1.7631E+12,storm,0.15,15,0,8,8,1,0,0,,,,,,,,
g2_rain_fade,RAIN_FADE,14,,300,2,283,ok,,,3,62.131958,2012,5,14.195,0.139,10.857,10.832167,886,708,418,2012,2,2,1,5,1.7631E+12,1.7631E+12,storm,0.15,15,0,5,7,0.714285714,0,0,,,,,,,,
g2_rain_fade,RAIN_FADE,14,,300,2,284,ok,,,2,55.745375,2010,5,10.31,0.144,10.992,10.96704201,885,707,418,2010,2,2,1,5,1.7631E+12,1.7631E+12,storm,0.15,15,0,6,6,1,0,0,,,,,,,,
g2_rain_fade,RAIN_FADE,14,,300,2,285,ok,,,1,71.620792,2012,5,13.858,0.2,12.961,12.925167,886,709,417,2012,2,2,1,5,1.7631E+12,1.7631E+12,storm,0.15,15,0,5,5,1,0,0,,,,,,,,
g2_rain_fade,RAIN_FADE,14,,300,2,286,ok,,,2,62.65354199,2015,5,14.269,0.12,11.771,11.803417,888,709,418,2015,2,2,1,5,1.7631E+12,1.7631E+12,storm,0.15,15,0,6,6,1,0,0,,,,,,,,
g2_rain_fade,RAIN_FADE,14,,300,2,287,ok,,,1,61.562458,2011,5,12.476,0.154,11.142,11.238542,886,708,417,2011,2,2,1,5,1.7631E+12,1.7631E+12,storm,0.15,15,0,4,4,1,0,0,,,,,,,,
g2_rain_fade,RAIN_FADE,14,,300,2,288,ok,,,1,62.299416,2015,5,11.919,0.143,11.245,11.20112499,888,708,419,2015,2,2,1,5,1.7631E+12,1.7631E+12,storm,0.15,15,0,0,2,0,0,0,,,,,,,,
g2_rain_fade,RAIN_FADE,14,,300,2,289,ok,,,1,61.03975,2010,5,11.606,0.087,11.023,11.074208,886,708,416,2010,2,2,1,5,1.7631E+12,1.7631E+12,storm,0.15,15,0,0,2,0,0,0,,,,,,,,
g2_rain_fade,RAIN_FADE,14,,300,2,290,ok,,,1,59.420166,2015,5,11.82,0.145,11.519,11.539625,888,708,419,2015,2,2,1,5,1.7631E+12,1.7631E+12,storm,0.15,15,0,0,2,0,0,0,,,,,,,,
g2_rain_fade,RAIN_FADE,14,,300,2,291,ok,,,1,60.092125,2015,5,10.943,0.14,11.717,11.717792,888,708,419,2015,2,2,1,5,1.7631E+12,1.7631E+12,storm,0.15,15,0,4,4,1,0,0,,,,,,,,
g2_rain_fade,RAIN_FADE,14,,300,2,292,timeout,wait_m6,0,3,505.532959,357,1,4.229,0,0,0,357,0,0,357,1,0,0,1,1.7631E+12,,storm,0.15,15,0,11,11,1,1,4,,,,,,,,
g2_rain_fade,RAIN_FADE,14,,300,2,293,ok,,,2,57.86275,2017,5,13.329,0.114,11.443,11.46541601,889,709,419,2017,2,2,1,5,1.7631E+12,1.7631E+12,storm,0.15,15,0,0,4,0,0,0,,,,,,,,
g2_rain_fade,RAIN_FADE,14,,300,2,294,ok,,,1,58.441959,2010,5,13.834,0.111,11.767,11.8195,886,707,417,2010,2,2,1,5,1.7631E+12,1.7631E+12,storm,0.15,15,0,2,4,0.5,0,0,,,,,,,,
g2_rain_fade,RAIN_FADE,14,,300,2,295,ok,,,2,59.330458,2011,5,12.201,0.127,10.51,10.48441701,886,708,417,2011,2,2,1,5,1.7631E+12,1.7631E+12,storm,0.15,15,0,4,4,1,0,0,,,,,,,,
g2_rain_fade,RAIN_FADE,14,,300,2,296,ok,,,1,60.014791,2009,5,10.671,0.118,10.943,10.901375,885,708,416,2009,2,2,1,5,1.7631E+12,1.7631E+12,storm,0.15,15,0,0,2,0,0,0,,,,,,,,
g2_rain_fade,RAIN_FADE,14,,300,2,297,ok,,,1,59.471125,2010,5,11.269,0.107,10.945,10.921833,886,707,417,2010,2,2,1,5,1.7631E+12,1.7631E+12,storm,0.15,15,0,0,2,0,0,0,,,,,,,,
g2_rain_fade,RAIN_FADE,14,,300,2,298,ok,,,2,63.981542,2017,5,15.415,0.191,11.724,11.784834,889,709,419,2017,2,2,1,5,1.7631E+12,1.7631E+12,storm,0.15,15,0,8,8,1,0,0,,,,,,,,
g2_rain_fade,RAIN_FADE,14,,300,2,299,ok,,,1,62.926,2011,5,10.534,0.152,10.835,10.802042,886,707,418,2011,2,2,1,5,1.7631E+12,1.7631E+12,storm,0.15,15,0,2,2,1,0,0,,,,,,,,
g2_rain_fade,RAIN_FADE,14,,300,2,300,ok,,,1,55.517042,2012,5,11.402,0.155,12.15,12.188459,887,708,417,2012,2,2,1,5,1.7631E+12,1.7631E+12,storm,0.15,15,0,4,4,1,0,0,,,,,,,,
g2_rain_fade,RAIN_FADE,14,,400,2,1,timeout,wait_m6,0,3,506.150084,356,1,5.017,0,0,0,356,0,0,356,1,0,0,1,1.7631E+12,,storm,0.15,15,0,9,9,1,0,0,,,,,,,,
g2_rain_fade,RAIN_FADE,14,,400,2,2,timeout,wait_m6,0,3,506.952542,357,1,5.834,0,0,0,357,0,0,357,1,0,0,1,1.7631E+12,,storm,0.15,15,0,7,9,0.777777778,0,0,,,,,,,,
g2_rain_fade,RAIN_FADE,14,,400,2,3,ok,,,1,51.439791,2010,5,10.807,0.115,10.978,10.95983401,886,707,417,2010,2,2,1,5,1.7631E+12,1.7631E+12,storm,0.15,15,0,2,2,1,0,0,,,,,,,,
g2_rain_fade,RAIN_FADE,14,,400,2,4,ok,,,1,59.25379199,2016,5,11.029,0.16,11.46,11.361458,888,709,419,2016,2,2,1,5,1.7631E+12,1.7631E+12,storm,0.15,15,0,0,2,0,0,0,,,,,,,,
g2_rain_fade,RAIN_FADE,14,,400,2,5,ok,,,1,60.129833,2012,5,10.731,0.086,10.667,10.598792,887,707,418,2012,2,2,1,5,1.7631E+12,1.7631E+12,storm,0.15,15,0,1,2,0.5,0,0,,,,,,,,
g2_rain_fade,RAIN_FADE,14,,400,2,6,timeout,wait_m4,0,3,406.316875,97,1,4.784,0,0,0,97,0,0,97,1,0,0,1,,,storm,0.15,15,0,7,7,1,1,4,,,,,,,,
g2_rain_fade,RAIN_FADE,14,,400,2,7,ok,,,1,56.328917,2011,5,10.617,0.117,10.863,10.825792,886,706,419,2011,2,2,1,5,1.7631E+12,1.7631E+12,storm,0.15,15,0,0,2,0,0,0,,,,,,,,
g2_rain_fade,RAIN_FADE,14,,400,2,8,ok,,,1,56.30833301,2012,5,10.749,0.127,11.608,11.6315,887,707,418,2012,2,2,1,5,1.7631E+12,1.7631E+12,storm,0.15,15,0,2,2,1,0,0,,,,,,,,
g2_rain_fade,RAIN_FADE,14,,400,2,9,ok,,,1,58.0175,2009,5,10.78,0.121,11.463,11.485333,886,706,417,2009,2,2,1,5,1.7631E+12,1.7631E+12,storm,0.15,15,0,2,2,1,0,0,,,,,,,,
g2_rain_fade,RAIN_FADE,14,,400,2,10,ok,,,1,55.287917,2011,5,11.017,0.124,11.275,11.29025,886,708,417,2011,2,2,1,5,1.7631E+12,1.7631E+12,storm,0.15,15,0,0,2,0,0,0,,,,,,,,
g2_rain_fade,RAIN_FADE,14,,400,2,11,timeout,wait_m6,0,3,504.675333,357,1,3.726,0,0,0,357,0,0,357,1,0,0,1,1.7631E+12,,storm,0.15,15,0,11,11,1,0,0,,,,,,,,
g2_rain_fade,RAIN_FADE,14,,400,2,12,ok,,,1,53.353292,2011,5,11.081,0.119,10.576,10.553416,886,707,418,2011,2,2,1,5,1.7631E+12,1.7631E+12,storm,0.15,15,0,1,2,0.5,0,0,,,,,,,,
g2_rain_fade,RAIN_FADE,14,,400,2,13,ok,,,1,61.493042,2007,5,11.708,0.143,11.385,11.379125,884,708,415,2007,2,2,1,5,1.7631E+12,1.7631E+12,storm,0.15,15,0,2,2,1,0,0,,,,,,,,
g2_rain_fade,RAIN_FADE,14,,400,2,14,ok,,,2,54.75475,2015,5,10.528,0.152,11.658,11.600208,888,709,418,2015,2,2,1,5,1.7631E+12,1.7631E+12,storm,0.15,15,0,4,4,1,0,0,,,,,,,,
g2_rain_fade,RAIN_FADE,14,,400,2,15,timeout,wait_m6,0,3,505.903667,356,1,5.292,0,0,0,356,0,0,356,1,0,0,1,1.7631E+12,,storm,0.15,15,0,9,9,1,1,3,,,,,,,,
g2_rain_fade,RAIN_FADE,14,,400,2,16,timeout,wait_m6,0,3,506.665333,357,1,4.894,0,0,0,357,0,0,357,1,0,0,1,1.7631E+12,,storm,0.15,15,0,9,9,1,0,0,,,,,,,,
g2_rain_fade,RAIN_FADE,14,,400,2,17,ok,,,1,58.590584,2017,5,10.455,0.097,11.451,11.417833,889,709,419,2017,2,2,1,5,1.7631E+12,1.7631E+12,storm,0.15,15,0,0,2,0,0,0,,,,,,,,
g2_rain_fade,RAIN_FADE,14,,400,2,18,ok,,,1,56.4755,2009,5,10.771,0.139,11.347,11.333625,885,707,417,2009,2,2,1,5,1.7631E+12,1.7631E+12,storm,0.15,15,0,2,2,1,0,0,,,,,,,,
g2_rain_fade,RAIN_FADE,14,,400,2,19,timeout,wait_m6,0,3,507.409084,356,1,5.749,0,0,0,356,0,0,356,1,0,0,1,1.7631E+12,,storm,0.15,15,0,9,9,1,0,0,,,,,,,,
g2_rain_fade,RAIN_FADE,14,,400,2,20,ok,,,2,56.807875,2014,5,11.848,0.106,11.409,11.376542,888,708,418,2014,2,2,1,5,1.7631E+12,1.7631E+12,storm,0.15,15,0,9,9,1,0,0,,,,,,,,
g2_rain_fade,RAIN_FADE,14,,400,2,21,ok,,,1,83.565791,2014,5,31.759,0.161,13.535,13.615666,888,708,418,2014,2,2,1,5,1.7631E+12,1.7631E+12,storm,0.15,15,0,7,7,1,0,0,,,,,,,,
g2_rain_fade,RAIN_FADE,14,,400,2,22,ok,,,2,55.096875,2015,5,11.089,0.131,10.717,10.703208,888,709,418,2015,2,2,1,5,1.7631E+12,1.7631E+12,storm,0.15,15,0,4,4,1,0,0,,,,,,,,
g2_rain_fade,RAIN_FADE,14,,400,2,23,ok,,,1,62.662709,2015,5,14.288,0.174,13.248,13.262042,888,708,419,2015,2,2,1,5,1.7631E+12,1.7631E+12,storm,0.15,15,0,5,7,0.714285714,0,0,,,,,,,,
g2_rain_fade,RAIN_FADE,14,,400,2,24,ok,,,1,70.506375,2017,5,15.782,0.4,15.24,15.31279201,889,709,419,2017,2,2,1,5,1.7631E+12,1.7631E+12,storm,0.15,15,0,7,7,1,0,0,,,,,,,,
g2_rain_fade,RAIN_FADE,14,,400,2,25,ok,,,1,57.541792,2014,5,12.074,0.138,10.6,10.56525,887,709,418,2014,2,2,1,5,1.7631E+12,1.7631E+12,storm,0.15,15,0,0,2,0,0,0,,,,,,,,
g2_rain_fade,RAIN_FADE,14,,400,2,26,ok,,,1,51.314042,2017,5,10.515,0.117,11.813,11.836292,889,709,419,2017,2,2,1,5,1.7631E+12,1.7631E+12,storm,0.15,15,0,2,2,1,0,0,,,,,,,,
g2_rain_fade,RAIN_FADE,14,,400,2,27,timeout,wait_m6,0,3,505.982167,357,1,4.282,0,0,0,357,0,0,357,1,0,0,1,1.7631E+12,,storm,0.15,15,0,9,9,1,0,0,,,,,,,,
g2_rain_fade,RAIN_FADE,14,,400,2,28,ok,,,1,57.799167,2014,5,10.725,0.126,10.797,10.78066701,887,708,419,2014,2,2,1,5,1.7631E+12,1.7631E+12,storm,0.15,15,0,0,2,0,0,0,,,,,,,,
g2_rain_fade,RAIN_FADE,14,,400,2,29,ok,,,1,53.585125,2012,5,11.073,0.103,11.637,11.661709,887,707,418,2012,2,2,1,5,1.7631E+12,1.7631E+12,storm,0.15,15,0,2,2,1,0,0,,,,,,,,
g2_rain_fade,RAIN_FADE,14,,400,2,30,ok,,,1,54.009334,2011,5,11.406,0.143,11.585,11.596416,886,707,418,2011,2,2,1,5,1.7631E+12,1.7631E+12,storm,0.15,15,0,2,2,1,0,0,,,,,,,,
g2_rain_fade,RAIN_FADE,14,,400,2,31,ok,,,1,62.385292,2014,5,12.05,0.124,11.485,11.48525,888,708,418,2014,2,2,1,5,1.7631E+12,1.7631E+12,storm,0.15,15,0,2,2,1,0,0,,,,,,,,
g2_rain_fade,RAIN_FADE,14,,400,2,32,timeout,wait_m6,0,3,505.834292,357,1,3.97,0,0,0,357,0,0,357,1,0,0,1,1.7631E+12,,storm,0.15,15,0,7,9,0.777777778,0,0,,,,,,,,
g2_rain_fade,RAIN_FADE,14,,400,2,33,ok,,,1,56.033333,2014,5,12.632,0.109,10.79,10.764708,888,708,418,2014,2,2,1,5,1.7631E+12,1.7631E+12,storm,0.15,15,0,2,2,1,0,0,,,,,,,,
g2_rain_fade,RAIN_FADE,14,,400,2,34,ok,,,1,58.20458401,2011,5,11.747,0.158,11.452,11.09016701,886,707,418,2011,2,2,1,5,1.7631E+12,1.7631E+12,storm,0.15,15,0,2,2,1,0,0,,,,,,,,
g2_rain_fade,RAIN_FADE,14,,400,2,35,ok,,,1,58.905834,2014,5,12.264,0.167,11.652,11.642,888,708,418,2014,2,2,1,5,1.7631E+12,1.7631E+12,storm,0.15,15,0,4,4,1,0,0,,,,,,,,
g2_rain_fade,RAIN_FADE,14,,400,2,36,ok,,,3,62.231042,2014,5,10.44,0.146,10.805,10.764958,888,708,418,2014,2,2,1,5,1.7631E+12,1.7631E+12,storm,0.15,15,0,6,6,1,0,0,,,,,,,,
g2_rain_fade,RAIN_FADE,14,,400,2,37,ok,,,3,60.054167,2015,5,12.769,0.189,10.978,10.973667,888,709,418,2015,2,2,1,5,1.7631E+12,1.7631E+12,storm,0.15,15,0,6,6,1,0,0,,,,,,,,
g2_rain_fade,RAIN_FADE,14,,400,2,38,ok,,,1,60.758125,2014,5,10.508,0.138,11.375,11.366708,887,708,419,2014,2,2,1,5,1.7631E+12,1.7631E+12,storm,0.15,15,0,2,2,1,0,0,,,,,,,,
g2_rain_fade,RAIN_FADE,14,,400,2,39,ok,,,2,64.650583,2013,5,14.438,0.177,12.964,13.124834,887,708,418,2013,2,2,1,5,1.7631E+12,1.7631E+12,storm,0.15,15,0,9,9,1,0,0,,,,,,,,
g2_rain_fade,RAIN_FADE,14,,400,2,40,ok,,,1,52.375583,2009,5,11.438,0.118,10.633,10.613875,885,707,417,2009,2,2,1,5,1.7631E+12,1.7631E+12,storm,0.15,15,0,2,2,1,0,0,,,,,,,,
g2_rain_fade,RAIN_FADE,14,,400,2,41,timeout,wait_m6,0,3,508.03375,357,1,5.642,0,0,0,357,0,0,357,1,0,0,1,1.7631E+12,,storm,0.15,15,0,11,11,1,0,0,,,,,,,,
g2_rain_fade,RAIN_FADE,14,,400,2,42,ok,,,1,62.538334,2017,5,10.645,0.15,13.449,13.639541,889,709,419,2017,2,2,1,5,1.7631E+12,1.7631E+12,storm,0.15,15,0,0,2,0,0,0,,,,,,,,
g2_rain_fade,RAIN_FADE,14,,400,2,43,ok,,,1,54.443917,2011,5,10.601,0.105,11.432,11.435291,887,707,417,2011,2,2,1,5,1.7631E+12,1.7631E+12,storm,0.15,15,0,2,2,1,0,0,,,,,,,,
g2_rain_fade,RAIN_FADE,14,,400,2,44,ok,,,1,78.78725,2017,5,17.673,0.133,14.1,14.105375,889,709,419,2017,2,2,1,5,1.7631E+12,1.7631E+12,storm,0.15,15,0,2,2,1,0,0,,,,,,,,
g2_rain_fade,RAIN_FADE,14,,400,2,45,timeout,wait_m4,0,3,404.875042,97,1,3.827,0,0,0,97,0,0,97,1,0,0,1,,,storm,0.15,15,0,7,7,1,0,0,,,,,,,,
g2_rain_fade,RAIN_FADE,14,,400,2,46,ok,,,2,58.691042,2017,5,12.85,0.107,10.437,10.405791,889,709,419,2017,2,2,1,5,1.7631E+12,1.7631E+12,storm,0.15,15,0,3,4,0.75,0,0,,,,,,,,
g2_rain_fade,RAIN_FADE,14,,400,2,47,ok,,,1,55.392666,2014,5,12.161,0.129,12.502,12.508708,888,708,418,2014,2,2,1,5,1.7631E+12,1.7631E+12,storm,0.15,15,0,7,7,1,0,0,,,,,,,,
g2_rain_fade,RAIN_FADE,14,,400,2,48,ok,,,1,57.59025,2017,5,11.339,0.127,11.199,11.189333,889,709,419,2017,2,2,1,5,1.7631E+12,1.7631E+12,storm,0.15,15,0,0,2,0,0,0,,,,,,,,
g2_rain_fade,RAIN_FADE,14,,400,2,49,ok,,,1,64.540625,2012,5,15.164,0.15,12,12.236542,887,707,418,2012,2,2,1,5,1.7631E+12,1.7631E+12,storm,0.15,15,0,7,7,1,0,0,,,,,,,,
g2_rain_fade,RAIN_FADE,14,,400,2,50,ok,,,1,61.032458,2014,5,11.75,0.145,12.871,12.894625,887,708,419,2014,2,2,1,5,1.7631E+12,1.7631E+12,storm,0.15,15,0,5,5,1,0,0,,,,,,,,
g2_rain_fade,RAIN_FADE,14,,400,2,51,ok,,,1,52.815041,2013,5,10.884,0.149,10.916,10.915125,887,708,418,2013,2,2,1,5,1.7631E+12,1.7631E+12,storm,0.15,15,0,2,2,1,0,0,,,,,,,,
g2_rain_fade,RAIN_FADE,14,,400,2,52,timeout,wait_m6,0,3,507.012708,357,1,5.856,0,0,0,357,0,0,357,1,0,0,1,1.7631E+12,,storm,0.15,15,0,9,9,1,0,0,,,,,,,,
g2_rain_fade,RAIN_FADE,14,,400,2,53,ok,,,1,56.6275,2013,5,11.998,0.119,11.881,11.901875,887,708,418,2013,2,2,1,5,1.7631E+12,1.7631E+12,storm,0.15,15,0,0,2,0,0,0,,,,,,,,
g2_rain_fade,RAIN_FADE,14,,400,2,54,ok,,,2,61.132125,2009,5,12.067,0.15,10.796,10.776834,886,706,417,2009,2,2,1,5,1.7631E+12,1.7631E+12,storm,0.15,15,0,4,4,1,0,0,,,,,,,,
g2_rain_fade,RAIN_FADE,14,,400,2,55,timeout,wait_m6,0,3,504.923833,357,1,4.079,0,0,0,357,0,0,357,1,0,0,1,1.7631E+12,,storm,0.15,15,0,9,9,1,0,0,,,,,,,,
g2_rain_fade,RAIN_FADE,14,,400,2,56,ok,,,2,60.066791,2014,5,11.368,0.195,13.941,14.145291,888,708,418,2014,2,2,1,5,1.7631E+12,1.7631E+12,storm,0.15,15,0,4,4,1,0,0,,,,,,,,
g2_rain_fade,RAIN_FADE,14,,400,2,57,ok,,,1,60.868666,2014,5,12.67,0.165,11.717,11.721459,888,708,418,2014,2,2,1,5,1.7631E+12,1.7631E+12,storm,0.15,15,0,2,2,1,0,0,,,,,,,,
g2_rain_fade,RAIN_FADE,14,,400,2,58,ok,,,1,57.293,2014,5,11.844,0.141,12.481,12.506083,888,708,418,2014,2,2,1,5,1.7631E+12,1.7631E+12,storm,0.15,15,0,2,2,1,0,0,,,,,,,,
g2_rain_fade,RAIN_FADE,14,,400,2,59,timeout,wait_m6,0,3,505.647084,356,1,5.08,0,0,0,356,0,0,356,1,0,0,1,1.7631E+12,,storm,0.15,15,0,9,9,1,0,0,,,,,,,,
g2_rain_fade,RAIN_FADE,14,,400,2,60,ok,,,2,54.210292,2014,5,12.813,0.148,11.101,11.065208,888,708,418,2014,2,2,1,5,1.7631E+12,1.7631E+12,storm,0.15,15,0,4,4,1,0,0,,,,,,,,
g2_rain_fade,RAIN_FADE,14,,400,2,61,ok,,,2,64.001709,2015,5,11.94,0.163,11.085,11.063084,888,708,419,2015,2,2,1,5,1.7631E+12,1.7631E+12,storm,0.15,15,0,9,9,1,0,0,,,,,,,,
g2_rain_fade,RAIN_FADE,14,,400,2,62,timeout,wait_m6,0,3,507.525376,356,1,4.213,0,0,0,356,0,0,356,1,0,0,1,1.7631E+12,,storm,0.15,15,0,11,11,1,1,4,,,,,,,,
g2_rain_fade,RAIN_FADE,14,,400,2,63,ok,,,2,62.34925,2011,5,12.075,0.145,11.195,11.167875,886,707,418,2011,2,2,1,5,1.7631E+12,1.7631E+12,storm,0.15,15,0,6,6,1,0,0,,,,,,,,
g2_rain_fade,RAIN_FADE,14,,400,2,64,timeout,wait_m4,0,3,404.568167,97,1,3.839,0,0,0,97,0,0,97,1,0,0,1,,,storm,0.15,15,0,7,7,1,1,4,,,,,,,,
g2_rain_fade,RAIN_FADE,14,,400,2,65,ok,,,1,59.91941599,2016,5,11.304,0.16,12.002,11.98325,888,709,419,2016,2,2,1,5,1.7631E+12,1.7631E+12,storm,0.15,15,0,2,2,1,0,0,,,,,,,,
g2_rain_fade,RAIN_FADE,14,,400,2,66,ok,,,2,64.302375,2012,5,14.923,0.139,11.918,12.128292,887,707,418,2012,2,2,1,5,1.7631E+12,1.7631E+12,storm,0.15,15,0,3,4,0.75,0,0,,,,,,,,
g2_rain_fade,RAIN_FADE,14,,400,2,67,ok,,,1,63.573708,2017,5,14.145,0.195,11.33,11.321667,889,709,419,2017,2,2,1,5,1.7631E+12,1.7631E+12,storm,0.15,15,0,7,7,1,0,0,,,,,,,,
g2_rain_fade,RAIN_FADE,14,,400,2,68,timeout,wait_m6,0,3,507.595542,357,1,4.359,0,0,0,357,0,0,357,1,0,0,1,1.7631E+12,,storm,0.15,15,0,9,11,0.818181818,1,4,,,,,,,,
g2_rain_fade,RAIN_FADE,14,,400,2,69,ok,,,2,61.74775,2013,5,13.37,0.177,13.552,13.52125,887,708,418,2013,2,2,1,5,1.7631E+12,1.7631E+12,storm,0.15,15,0,4,7,0.571428571,0,0,,,,,,,,
g2_rain_fade,RAIN_FADE,14,,400,2,70,ok,,,3,52.938625,2008,5,10.595,0.136,11.204,11.234375,885,707,416,2008,2,2,1,5,1.7631E+12,1.7631E+12,storm,0.15,15,0,8,8,1,0,0,,,,,,,,
g2_rain_fade,RAIN_FADE,14,,400,2,71,ok,,,3,60.609916,2017,5,11.524,0.168,11.23,11.267709,889,709,419,2017,2,2,1,5,1.7631E+12,1.7631E+12,storm,0.15,15,0,5,6,0.833333333,0,0,,,,,,,,
g2_rain_fade,RAIN_FADE,14,,400,2,72,ok,,,1,59.908542,2013,5,12.405,0.154,13.303,13.272917,887,708,418,2013,2,2,1,5,1.7631E+12,1.7631E+12,storm,0.15,15,0,5,5,1,0,0,,,,,,,,
g2_rain_fade,RAIN_FADE,14,,400,2,73,ok,,,1,62.192542,2014,5,12.144,0.194,12.312,12.315209,888,708,418,2014,2,2,1,5,1.7631E+12,1.7631E+12,storm,0.15,15,0,5,5,1,0,0,,,,,,,,
g2_rain_fade,RAIN_FADE,14,,400,2,74,ok,,,1,67.950458,2012,5,13.585,0.169,15.161,15.181084,886,708,418,2012,2,2,1,5,1.7631E+12,1.7631E+12,storm,0.15,15,0,7,7,1,0,0,,,,,,,,
g2_rain_fade,RAIN_FADE,14,,400,2,75,ok,,,1,56.299667,2015,5,10.497,0.115,11.073,11.05075,888,708,419,2015,2,2,1,5,1.7631E+12,1.7631E+12,storm,0.15,15,0,0,2,0,0,0,,,,,,,,
g2_rain_fade,RAIN_FADE,14,,400,2,76,ok,,,1,64.163208,2017,5,13.098,0.135,12.683,11.834208,889,709,419,2017,2,2,1,5,1.7631E+12,1.7631E+12,storm,0.15,15,0,6,7,0.857142857,0,0,,,,,,,,
g2_rain_fade,RAIN_FADE,14,,400,2,77,ok,,,1,58.404166,2013,5,13.106,0.144,11.874,11.892791,887,708,418,2013,2,2,1,5,1.7631E+12,1.7631E+12,storm,0.15,15,0,7,7,1,0,0,,,,,,,,
g2_rain_fade,RAIN_FADE,14,,400,2,78,ok,,,1,62.529958,2013,5,10.716,0.122,12.141,12.124583,887,708,418,2013,2,2,1,5,1.7631E+12,1.7631E+12,storm,0.15,15,0,2,2,1,0,0,,,,,,,,
g2_rain_fade,RAIN_FADE,14,,400,2,79,ok,,,2,64.89050001,2014,5,14.58,0.157,15.295,15.298333,887,708,419,2014,2,2,1,5,1.7631E+12,1.7631E+12,storm,0.15,15,0,9,9,1,0,0,,,,,,,,
g2_rain_fade,RAIN_FADE,14,,400,2,80,ok,,,1,57.003375,2012,5,11.817,0.107,10.708,10.685208,887,707,418,2012,2,2,1,5,1.7631E+12,1.7631E+12,storm,0.15,15,0,0,2,0,0,0,,,,,,,,
g2_rain_fade,RAIN_FADE,14,,400,2,81,ok,,,2,54.65804099,2011,5,10.505,0.164,12.165,12.160833,886,707,418,2011,2,2,1,5,1.7631E+12,1.7631E+12,storm,0.15,15,0,4,4,1,0,0,,,,,,,,
g2_rain_fade,RAIN_FADE,14,,400,2,82,ok,,,2,60.326333,2015,5,13.434,0.153,10.728,10.716209,888,708,419,2015,2,2,1,5,1.7631E+12,1.7631E+12,storm,0.15,15,0,4,4,1,0,0,,,,,,,,
g2_rain_fade,RAIN_FADE,14,,400,2,83,ok,,,3,62.819167,2012,5,12.684,0.098,12.248,12.218875,887,707,418,2012,2,2,1,5,1.7631E+12,1.7631E+12,storm,0.15,15,0,8,8,1,0,0,,,,,,,,
g2_rain_fade,RAIN_FADE,14,,400,2,84,ok,,,1,57.465083,2013,5,10.25,0.093,10.508,10.487792,887,708,418,2013,2,2,1,5,1.7631E+12,1.7631E+12,storm,0.15,15,0,2,2,1,0,0,,,,,,,,
g2_rain_fade,RAIN_FADE,14,,400,2,85,ok,,,1,58.400667,2017,5,10.848,0.105,11.315,11.326541,889,709,419,2017,2,2,1,5,1.7631E+12,1.7631E+12,storm,0.15,15,0,2,2,1,0,0,,,,,,,,
g2_rain_fade,RAIN_FADE,14,,400,2,86,ok,,,3,61.024959,2014,5,10.6,0.139,11.291,11.26166699,887,708,419,2014,2,2,1,5,1.7631E+12,1.7631E+12,storm,0.15,15,0,6,6,1,0,0,,,,,,,,
g2_rain_fade,RAIN_FADE,14,,400,2,87,timeout,wait_m4,0,3,407.215042,97,1,5.467,0,0,0,97,0,0,97,1,0,0,1,,,storm,0.15,15,0,6,7,0.857142857,0,0,,,,,,,,
g2_rain_fade,RAIN_FADE,14,,400,2,88,ok,,,2,58.24575001,2012,5,10.662,0.15,11.281,11.2535,887,707,418,2012,2,2,1,5,1.7631E+12,1.7631E+12,storm,0.15,15,0,4,4,1,0,0,,,,,,,,
g2_rain_fade,RAIN_FADE,14,,400,2,89,ok,,,3,59.362541,2015,5,11.578,0.146,10.894,10.866458,888,709,418,2015,2,2,1,5,1.7631E+12,1.7631E+12,storm,0.15,15,0,6,6,1,0,0,,,,,,,,
g2_rain_fade,RAIN_FADE,14,,400,2,90,ok,,,1,58.730791,2013,5,10.734,0.108,11.422,11.433708,887,708,418,2013,2,2,1,5,1.7631E+12,1.7631E+12,storm,0.15,15,0,0,2,0,0,0,,,,,,,,
g2_rain_fade,RAIN_FADE,14,,400,2,91,ok,,,1,55.394333,2015,5,10.578,0.093,11.388,11.408584,888,708,419,2015,2,2,1,5,1.7631E+12,1.7631E+12,storm,0.15,15,0,2,2,1,0,0,,,,,,,,
g2_rain_fade,RAIN_FADE,14,,400,2,92,ok,,,1,53.323333,2014,5,12.206,0.19,12.155,12.185041,887,708,419,2014,2,2,1,5,1.7631E+12,1.7631E+12,storm,0.15,15,0,7,7,1,0,0,,,,,,,,
g2_rain_fade,RAIN_FADE,14,,400,2,93,ok,,,1,54.456166,2017,5,11.649,0.132,11.037,11.012542,889,709,419,2017,2,2,1,5,1.7631E+12,1.7631E+12,storm,0.15,15,0,2,2,1,0,0,,,,,,,,
g2_rain_fade,RAIN_FADE,14,,400,2,94,ok,,,1,59.500625,2014,5,11.311,0.322,11.665,11.825083,887,709,418,2014,2,2,1,5,1.7631E+12,1.7631E+12,storm,0.15,15,0,5,5,1,0,0,,,,,,,,
g2_rain_fade,RAIN_FADE,14,,400,2,95,ok,,,1,54.369083,2017,5,10.925,0.099,11.013,10.990375,889,709,419,2017,2,2,1,5,1.7631E+12,1.7631E+12,storm,0.15,15,0,2,2,1,0,0,,,,,,,,
g2_rain_fade,RAIN_FADE,14,,400,2,96,ok,,,1,61.591958,2014,5,11.349,0.133,11.028,10.979833,888,708,418,2014,2,2,1,5,1.7631E+12,1.7631E+12,storm,0.15,15,0,2,2,1,0,0,,,,,,,,
g2_rain_fade,RAIN_FADE,14,,400,2,97,ok,,,1,57.671542,2015,5,12.528,0.113,11.149,11.172292,888,709,418,2015,2,2,1,5,1.7631E+12,1.7631E+12,storm,0.15,15,0,2,2,1,0,0,,,,,,,,
g2_rain_fade,RAIN_FADE,14,,400,2,98,ok,,,1,61.047292,2013,5,13.282,0.101,12.869,12.838458,887,708,418,2013,2,2,1,5,1.7631E+12,1.7631E+12,storm,0.15,15,0,5,5,1,0,0,,,,,,,,
g2_rain_fade,RAIN_FADE,14,,400,2,99,ok,,,1,56.279834,2014,5,11.439,0.14,11.476,11.531416,887,709,418,2014,2,2,1,5,1.7631E+12,1.7631E+12,storm,0.15,15,0,0,2,0,0,0,,,,,,,,
g2_rain_fade,RAIN_FADE,14,,400,2,100,ok,,,1,57.616208,2017,5,11.696,0.099,11.412,11.424708,889,709,419,2017,2,2,1,5,1.7631E+12,1.7631E+12,storm,0.15,15,0,2,2,1,0,0,,,,,,,,
g2_rain_fade,RAIN_FADE,14,,400,2,101,ok,,,1,58.279583,2014,5,10.457,0.116,11.919,11.909542,888,708,418,2014,2,2,1,5,1.7631E+12,1.7631E+12,storm,0.15,15,0,0,2,0,0,0,,,,,,,,
g2_rain_fade,RAIN_FADE,14,,400,2,102,ok,,,3,59.46875001,2015,5,13.872,0.146,12.741,12.709625,888,709,418,2015,2,2,1,5,1.7631E+12,1.7631E+12,storm,0.15,15,0,9,9,1,0,0,,,,,,,,
g2_rain_fade,RAIN_FADE,14,,400,2,103,ok,,,1,62.85712501,2013,5,13.421,0.125,11.268,11.282917,887,708,418,2013,2,2,1,5,1.7631E+12,1.7631E+12,storm,0.15,15,0,2,2,1,0,0,,,,,,,,
g2_rain_fade,RAIN_FADE,14,,400,2,104,ok,,,3,74.301,2014,5,17.135,0.103,14.888,14.85454199,888,708,418,2014,2,2,1,5,1.7631E+12,1.7631E+12,storm,0.15,15,0,9,9,1,0,0,,,,,,,,
g2_rain_fade,RAIN_FADE,14,,400,2,105,ok,,,2,54.716667,2013,5,10.582,0.129,11.182,11.169042,887,708,418,2013,2,2,1,5,1.7631E+12,1.7631E+12,storm,0.15,15,0,4,4,1,0,0,,,,,,,,
g2_rain_fade,RAIN_FADE,14,,400,2,106,ok,,,2,60.579709,2013,5,10.592,0.094,10.504,10.470166,887,707,419,2013,2,2,1,5,1.7631E+12,1.7631E+12,storm,0.15,15,0,3,4,0.75,0,0,,,,,,,,
g2_rain_fade,RAIN_FADE,14,,400,2,107,timeout,wait_m6,0,3,504.966167,356,1,4.426,0,0,0,356,0,0,356,1,0,0,1,1.7631E+12,,storm,0.15,15,0,6,9,0.666666667,0,0,,,,,,,,
g2_rain_fade,RAIN_FADE,14,,400,2,108,ok,,,3,59.48,2009,5,11.675,0.248,11.727,11.726666,885,707,417,2009,2,2,1,5,1.7631E+12,1.7631E+12,storm,0.15,15,0,6,6,1,0,0,,,,,,,,
g2_rain_fade,RAIN_FADE,14,,400,2,109,ok,,,1,58.98008301,2017,5,10.768,0.134,11.99,11.969458,889,709,419,2017,2,2,1,5,1.7631E+12,1.7631E+12,storm,0.15,15,0,4,4,1,0,0,,,,,,,,
g2_rain_fade,RAIN_FADE,14,,400,2,110,ok,,,1,52.5325,2013,5,12.133,0.116,10.734,10.708167,887,707,419,2013,2,2,1,5,1.7631E+12,1.7631E+12,storm,0.15,15,0,2,2,1,0,0,,,,,,,,
g2_rain_fade,RAIN_FADE,14,,400,2,111,ok,,,1,61.6685,2017,5,10.979,0.114,12.239,12.283542,889,709,419,2017,2,2,1,5,1.7631E+12,1.7631E+12,storm,0.15,15,0,2,2,1,0,0,,,,,,,,
g2_rain_fade,RAIN_FADE,14,,400,2,112,ok,,,1,54.842041,2015,5,13.751,0.109,11.582,11.71675,888,708,419,2015,2,2,1,5,1.7631E+12,1.7631E+12,storm,0.15,15,0,2,2,1,0,0,,,,,,,,
g2_rain_fade,RAIN_FADE,14,,400,2,113,timeout,wait_m6,0,3,511.953084,357,1,5.769,0,0,0,357,0,0,357,1,0,0,1,1.7631E+12,,storm,0.15,15,0,10,12,0.833333333,0,0,,,,,,,,
g2_rain_fade,RAIN_FADE,14,,400,2,114,ok,,,1,55.250708,2013,5,10.557,0.115,12.111,12.136916,887,708,418,2013,2,2,1,5,1.7631E+12,1.7631E+12,storm,0.15,15,0,2,2,1,0,0,,,,,,,,
g2_rain_fade,RAIN_FADE,14,,400,2,115,ok,,,1,53.337917,2017,5,11.554,0.126,10.683,10.671375,889,709,419,2017,2,2,1,5,1.7631E+12,1.7631E+12,storm,0.15,15,0,0,2,0,0,0,,,,,,,,
g2_rain_fade,RAIN_FADE,14,,400,2,116,timeout,wait_m6,0,3,506.456,356,1,5.173,0,0,0,356,0,0,356,1,0,0,1,1.7631E+12,,storm,0.15,15,0,9,9,1,0,0,,,,,,,,
g2_rain_fade,RAIN_FADE,14,,400,2,117,ok,,,3,55.220833,2014,5,11.06,0.142,12.811,13.358,888,708,418,2014,2,2,1,5,1.7631E+12,1.7631E+12,storm,0.15,15,0,8,8,1,0,0,,,,,,,,
g2_rain_fade,RAIN_FADE,14,,400,2,118,timeout,wait_m6,0,3,507.295583,357,1,5.639,0,0,0,357,0,0,357,1,0,0,1,1.7631E+12,,storm,0.15,15,0,9,9,1,0,0,,,,,,,,
g2_rain_fade,RAIN_FADE,14,,400,2,119,ok,,,1,57.250042,2014,5,10.406,0.12,13.039,13.133375,888,708,418,2014,2,2,1,5,1.7631E+12,1.7631E+12,storm,0.15,15,0,2,2,1,0,0,,,,,,,,
g2_rain_fade,RAIN_FADE,14,,400,2,120,ok,,,1,56.09854199,2013,5,10.434,0.094,11.716,11.7585,887,708,418,2013,2,2,1,5,1.7631E+12,1.7631E+12,storm,0.15,15,0,2,2,1,0,0,,,,,,,,
g2_rain_fade,RAIN_FADE,14,,400,2,121,ok,,,2,55.671375,2014,5,10.979,0.131,11.599,11.580083,887,708,419,2014,2,2,1,5,1.7631E+12,1.7631E+12,storm,0.15,15,0,4,4,1,0,0,,,,,,,,
g2_rain_fade,RAIN_FADE,14,,400,2,122,ok,,,1,56.61633299,2014,5,11.397,0.115,11.166,11.18375,888,708,418,2014,2,2,1,5,1.7631E+12,1.7631E+12,storm,0.15,15,0,2,2,1,0,0,,,,,,,,
g2_rain_fade,RAIN_FADE,14,,400,2,123,ok,,,1,68.85725,2012,5,14.304,0.13,12.373,12.3685,887,708,417,2012,2,2,1,5,1.7631E+12,1.7631E+12,storm,0.15,15,0,5,5,1,0,0,,,,,,,,
g2_rain_fade,RAIN_FADE,14,,400,2,124,timeout,wait_m6,0,3,507.058126,356,1,5.461,0,0,0,356,0,0,356,1,0,0,1,1.7631E+12,,storm,0.15,15,0,9,9,1,0,0,,,,,,,,
g2_rain_fade,RAIN_FADE,14,,400,2,125,timeout,wait_m6,0,3,506.447375,357,1,5.176,0,0,0,357,0,0,357,1,0,0,1,1.7631E+12,,storm,0.15,15,0,11,11,1,0,0,,,,,,,,
g2_rain_fade,RAIN_FADE,14,,400,2,126,failed,ue_finalize,0,3,311.707542,97,3,19.24,0,0,0,97,0,0,97,3,0,0,3,,,storm,0.15,15,0,2,7,0.285714286,0,0,,,,,,,,
g2_rain_fade,RAIN_FADE,14,,400,2,127,ok,,,2,54.841375,2014,5,10.371,0.08,10.642,10.611625,888,708,418,2014,2,2,1,5,1.7631E+12,1.7631E+12,storm,0.15,15,0,4,4,1,0,0,,,,,,,,
g2_rain_fade,RAIN_FADE,14,,400,2,128,timeout,wait_m6,0,3,505.900251,356,1,5.178,0,0,0,356,0,0,356,1,0,0,1,1.7631E+12,,storm,0.15,15,0,11,11,1,0,0,,,,,,,,
g2_rain_fade,RAIN_FADE,14,,400,2,129,ok,,,1,67.301625,2014,5,14.29,0.194,13.631,13.747,888,708,418,2014,2,2,1,5,1.7631E+12,1.7631E+12,storm,0.15,15,0,3,5,0.6,0,0,,,,,,,,
g2_rain_fade,RAIN_FADE,14,,400,2,130,ok,,,1,66.371583,2014,5,11.663,0.133,13.092,13.071667,888,708,418,2014,2,2,1,5,1.7631E+12,1.7631E+12,storm,0.15,15,0,5,5,1,0,0,,,,,,,,
g2_rain_fade,RAIN_FADE,14,,400,2,131,timeout,wait_m4,0,3,410.544417,97,1,6.635,0,0,0,97,0,0,97,1,0,0,1,,,storm,0.15,15,0,7,7,1,1,4,,,,,,,,
g2_rain_fade,RAIN_FADE,14,,400,2,132,ok,,,1,54.801917,2011,5,10.528,0.125,11.236,11.208625,886,707,418,2011,2,2,1,5,1.7631E+12,1.7631E+12,storm,0.15,15,0,2,2,1,0,0,,,,,,,,
g2_rain_fade,RAIN_FADE,14,,400,2,133,ok,,,1,55.603833,2011,5,10.931,0.482,10.709,10.677541,886,707,418,2011,2,2,1,5,1.7631E+12,1.7631E+12,storm,0.15,15,0,4,4,1,0,0,,,,,,,,
g2_rain_fade,RAIN_FADE,14,,400,2,134,ok,,,1,55.871208,2017,5,10.336,0.089,11.321,11.32075,889,709,419,2017,2,2,1,5,1.7631E+12,1.7631E+12,storm,0.15,15,0,2,2,1,0,0,,,,,,,,
g2_rain_fade,RAIN_FADE,14,,400,2,135,ok,,,2,54.922041,2013,5,11.026,0.156,11.507,11.50275,887,708,418,2013,2,2,1,5,1.7631E+12,1.7631E+12,storm,0.15,15,0,6,6,1,0,0,,,,,,,,
g2_rain_fade,RAIN_FADE,14,,400,2,136,ok,,,3,58.624083,2017,5,11.643,0.114,10.606,10.585875,889,709,419,2017,2,2,1,5,1.7631E+12,1.7631E+12,storm,0.15,15,0,6,6,1,0,0,,,,,,,,
g2_rain_fade,RAIN_FADE,14,,400,2,137,ok,,,1,57.03575,2011,5,11.114,0.097,10.991,11.0005,886,708,417,2011,2,2,1,5,1.7631E+12,1.7631E+12,storm,0.15,15,0,0,2,0,0,0,,,,,,,,
g2_rain_fade,RAIN_FADE,14,,400,2,138,ok,,,2,72.923084,2014,5,14.859,0.207,13.59,13.55375,888,708,418,2014,2,2,1,5,1.7631E+12,1.7631E+12,storm,0.15,15,0,9,9,1,0,0,,,,,,,,
g2_rain_fade,RAIN_FADE,14,,400,2,139,ok,,,1,50.40970899,2012,5,10.472,0.13,10.741,10.725166,886,709,417,2012,2,2,1,5,1.7631E+12,1.7631E+12,storm,0.15,15,0,0,2,0,0,0,,,,,,,,
g2_rain_fade,RAIN_FADE,14,,400,2,140,ok,,,2,58.156209,2016,5,10.518,0.131,11.553,11.520958,888,709,419,2016,2,2,1,5,1.7631E+12,1.7631E+12,storm,0.15,15,0,2,4,0.5,0,0,,,,,,,,
g2_rain_fade,RAIN_FADE,14,,400,2,141,ok,,,1,63.6645,2013,5,12.696,0.161,11.547,11.570125,887,708,418,2013,2,2,1,5,1.7631E+12,1.7631E+12,storm,0.15,15,0,1,2,0.5,0,0,,,,,,,,
g2_rain_fade,RAIN_FADE,14,,400,2,142,ok,,,3,59.442667,2015,5,10.564,0.12,10.88,10.8735,888,708,419,2015,2,2,1,5,1.7631E+12,1.7631E+12,storm,0.15,15,0,4,6,0.666666667,0,0,,,,,,,,
g2_rain_fade,RAIN_FADE,14,,400,2,143,timeout,wait_m6,0,3,504.937833,356,1,4.129,0,0,0,356,0,0,356,1,0,0,1,1.7631E+12,,storm,0.15,15,0,9,9,1,0,0,,,,,,,,
g2_rain_fade,RAIN_FADE,14,,400,2,144,ok,,,2,62.583417,2016,5,10.826,0.131,13.954,14.13725,888,709,419,2016,2,2,1,5,1.7631E+12,1.7631E+12,storm,0.15,15,0,4,4,1,0,0,,,,,,,,
g2_rain_fade,RAIN_FADE,14,,400,2,145,ok,,,1,56.935708,2015,5,11.357,0.105,10.93,10.935833,888,709,418,2015,2,2,1,5,1.7631E+12,1.7631E+12,storm,0.15,15,0,0,2,0,0,0,,,,,,,,
g2_rain_fade,RAIN_FADE,14,,400,2,146,ok,,,1,64.93295899,2016,5,11.18,0.113,12.16,12.166792,888,709,419,2016,2,2,1,5,1.7631E+12,1.7631E+12,storm,0.15,15,0,5,5,1,0,0,,,,,,,,
g2_rain_fade,RAIN_FADE,14,,400,2,147,ok,,,1,65.14941699,2012,5,13.487,0.113,15.33,15.325001,886,707,419,2012,2,2,1,5,1.7631E+12,1.7631E+12,storm,0.15,15,0,3,5,0.6,0,0,,,,,,,,
g2_rain_fade,RAIN_FADE,14,,400,2,148,ok,,,1,65.650084,2012,5,11.746,0.134,14.813,14.843833,887,707,418,2012,2,2,1,5,1.7631E+12,1.7631E+12,storm,0.15,15,0,0,2,0,0,0,,,,,,,,
g2_rain_fade,RAIN_FADE,14,,400,2,149,ok,,,1,59.657083,2015,5,12.218,0.122,11.938,12.107667,888,709,418,2015,2,2,1,5,1.7631E+12,1.7631E+12,storm,0.15,15,0,2,2,1,0,0,,,,,,,,
g2_rain_fade,RAIN_FADE,14,,400,2,150,timeout,wait_m6,0,3,506.231584,357,1,4.674,0,0,0,357,0,0,357,1,0,0,1,1.7631E+12,,storm,0.15,15,0,11,11,1,0,0,,,,,,,,
g2_rain_fade,RAIN_FADE,14,,400,2,151,ok,,,1,61.457084,2017,5,11.323,0.143,10.766,10.751209,889,709,419,2017,2,2,1,5,1.7631E+12,1.7631E+12,storm,0.15,15,0,2,2,1,0,0,,,,,,,,
g2_rain_fade,RAIN_FADE,14,,400,2,152,ok,,,1,66.329084,2013,5,13.773,0.16,12.958,12.933375,887,708,418,2013,2,2,1,5,1.7631E+12,1.7631E+12,storm,0.15,15,0,4,5,0.8,0,0,,,,,,,,
g2_rain_fade,RAIN_FADE,14,,400,2,153,ok,,,1,55.753042,2010,5,11.928,0.099,11.001,11.015833,885,708,417,2010,2,2,1,5,1.7631E+12,1.7631E+12,storm,0.15,15,0,2,2,1,0,0,,,,,,,,
g2_rain_fade,RAIN_FADE,14,,400,2,154,ok,,,3,57.37375,2014,5,11.29,0.115,11.494,11.46295801,887,708,419,2014,2,2,1,5,1.7631E+12,1.7631E+12,storm,0.15,15,0,8,10,0.8,1,4,,,,,,,,
g2_rain_fade,RAIN_FADE,14,,400,2,155,ok,,,1,72.518584,2017,5,12.195,0.149,11.912,11.978916,889,709,419,2017,2,2,1,5,1.7631E+12,1.7631E+12,storm,0.15,15,0,0,2,0,0,0,,,,,,,,
g2_rain_fade,RAIN_FADE,14,,400,2,156,ok,,,1,62.293708,2014,5,15.058,0.138,12.056,12.071458,887,709,418,2014,2,2,1,5,1.7631E+12,1.7631E+12,storm,0.15,15,0,4,4,1,0,0,,,,,,,,
g2_rain_fade,RAIN_FADE,14,,400,2,157,ok,,,2,61.79475,1999,5,13.18,0.125,11.509,11.520083,873,708,418,1999,2,2,1,5,1.7631E+12,1.7631E+12,storm,0.15,15,0,5,6,0.833333333,0,0,,,,,,,,
g2_rain_fade,RAIN_FADE,14,,400,2,158,ok,,,1,57.388958,2014,5,10.652,0.159,10.612,10.582958,888,708,418,2014,2,2,1,5,1.7631E+12,1.7631E+12,storm,0.15,15,0,2,2,1,0,0,,,,,,,,
g2_rain_fade,RAIN_FADE,14,,400,2,159,ok,,,2,55.639208,2017,5,10.606,0.128,11.307,11.308417,889,709,419,2017,2,2,1,5,1.7631E+12,1.7631E+12,storm,0.15,15,0,4,4,1,0,0,,,,,,,,
g2_rain_fade,RAIN_FADE,14,,400,2,160,timeout,wait_m4,0,3,404.712,97,1,3.697,0,0,0,97,0,0,97,1,0,0,1,,,storm,0.15,15,0,7,7,1,1,4,,,,,,,,
g2_rain_fade,RAIN_FADE,14,,400,2,161,ok,,,2,59.618458,2010,5,11.589,0.152,11.038,11.023625,886,707,417,2010,2,2,1,5,1.7631E+12,1.7631E+12,storm,0.15,15,0,4,4,1,0,0,,,,,,,,
g2_rain_fade,RAIN_FADE,14,,400,2,162,ok,,,1,57.25429201,2017,5,11.13,0.115,11.035,11.033875,889,709,419,2017,2,2,1,5,1.7631E+12,1.7631E+12,storm,0.15,15,0,0,2,0,0,0,,,,,,,,
g2_rain_fade,RAIN_FADE,14,,400,2,163,ok,,,1,57.934875,2017,5,11.258,0.11,11.379,11.362625,889,709,419,2017,2,2,1,5,1.7631E+12,1.7631E+12,storm,0.15,15,0,0,2,0,0,0,,,,,,,,
g2_rain_fade,RAIN_FADE,14,,400,2,164,timeout,wait_m4,0,3,404.840125,97,1,4.043,0,0,0,97,0,0,97,1,0,0,1,,,storm,0.15,15,0,4,7,0.571428571,1,4,,,,,,,,
g2_rain_fade,RAIN_FADE,14,,400,2,165,ok,,,1,59.231041,2016,5,12.603,0.131,10.82,10.787917,888,709,419,2016,2,2,1,5,1.7631E+12,1.7631E+12,storm,0.15,15,0,2,2,1,0,0,,,,,,,,
g2_rain_fade,RAIN_FADE,14,,400,2,166,ok,,,1,54.6105,2013,5,10.513,0.102,10.877,10.862083,887,708,418,2013,2,2,1,5,1.7631E+12,1.7631E+12,storm,0.15,15,0,0,2,0,0,0,,,,,,,,
g2_rain_fade,RAIN_FADE,14,,400,2,167,ok,,,1,53.538541,2015,5,10.741,0.146,11.234,11.228708,888,708,419,2015,2,2,1,5,1.7631E+12,1.7631E+12,storm,0.15,15,0,0,2,0,0,0,,,,,,,,
g2_rain_fade,RAIN_FADE,14,,400,2,168,timeout,wait_m4,0,3,404.947209,97,1,4.723,0,0,0,97,0,0,97,1,0,0,1,,,storm,0.15,15,0,7,7,1,0,0,,,,,,,,
g2_rain_fade,RAIN_FADE,14,,400,2,169,ok,,,1,53.18949999,2016,5,10.578,0.091,10.625,10.593667,888,709,419,2016,2,2,1,5,1.7631E+12,1.7631E+12,storm,0.15,15,0,2,2,1,0,0,,,,,,,,
g2_rain_fade,RAIN_FADE,14,,400,2,170,ok,,,2,56.113667,2017,5,12.103,0.21,12.366,12.35870799,889,709,419,2017,2,2,1,5,1.7631E+12,1.7631E+12,storm,0.15,15,0,9,9,1,0,0,,,,,,,,
g2_rain_fade,RAIN_FADE,14,,400,2,171,ok,,,1,62.727542,2013,5,12.035,0.121,12.158,12.125083,887,708,418,2013,2,2,1,5,1.7631E+12,1.7631E+12,storm,0.15,15,0,7,7,1,0,0,,,,,,,,
g2_rain_fade,RAIN_FADE,14,,400,2,172,ok,,,1,59.219792,2017,5,10.429,0.102,11.464,11.435791,889,709,419,2017,2,2,1,5,1.7631E+12,1.7631E+12,storm,0.15,15,0,2,2,1,0,0,,,,,,,,
g2_rain_fade,RAIN_FADE,14,,400,2,173,ok,,,1,60.313916,2012,5,11.349,0.126,11.091,11.073709,886,708,418,2012,2,2,1,5,1.7631E+12,1.7631E+12,storm,0.15,15,0,2,2,1,0,0,,,,,,,,
g2_rain_fade,RAIN_FADE,14,,400,2,174,timeout,wait_m6,0,3,505.252792,356,1,4.338,0,0,0,356,0,0,356,1,0,0,1,1.7631E+12,,storm,0.15,15,0,8,9,0.888888889,0,0,,,,,,,,
g2_rain_fade,RAIN_FADE,14,,400,2,175,ok,,,1,58.470834,2009,5,12.996,0.089,11.855,11.823834,886,706,417,2009,2,2,1,5,1.7631E+12,1.7631E+12,storm,0.15,15,0,7,7,1,0,0,,,,,,,,
g2_rain_fade,RAIN_FADE,14,,400,2,176,ok,,,2,61.828084,2014,5,12.588,0.149,12.111,12.072875,887,708,419,2014,2,2,1,5,1.7631E+12,1.7631E+12,storm,0.15,15,0,7,7,1,0,0,,,,,,,,
g2_rain_fade,RAIN_FADE,14,,400,2,177,ok,,,2,57.819792,2013,5,11.876,0.127,10.868,10.858667,887,709,417,2013,2,2,1,5,1.7631E+12,1.7631E+12,storm,0.15,15,0,4,4,1,0,0,,,,,,,,
g2_rain_fade,RAIN_FADE,14,,400,2,178,timeout,wait_m4,0,3,404.745875,97,1,4.079,0,0,0,97,0,0,97,1,0,0,1,,,storm,0.15,15,0,7,7,1,0,0,,,,,,,,
g2_rain_fade,RAIN_FADE,14,,400,2,179,ok,,,1,57.484917,2015,5,10.738,0.152,10.925,10.90479201,888,709,418,2015,2,2,1,5,1.7631E+12,1.7631E+12,storm,0.15,15,0,2,2,1,0,0,,,,,,,,
g2_rain_fade,RAIN_FADE,14,,400,2,180,ok,,,1,55.636125,2012,5,12.754,0.17,11.214,11.179708,887,707,418,2012,2,2,1,5,1.7631E+12,1.7631E+12,storm,0.15,15,0,4,4,1,0,0,,,,,,,,
g2_rain_fade,RAIN_FADE,14,,400,2,181,ok,,,3,57.121667,2015,5,10.411,0.115,11.355,11.348875,888,708,419,2015,2,2,1,5,1.7631E+12,1.7631E+12,storm,0.15,15,0,6,6,1,1,1,,,,,,,,
g2_rain_fade,RAIN_FADE,14,,400,2,182,ok,,,3,59.745584,2013,5,11.387,0.142,11.827,11.809625,887,707,419,2013,2,2,1,5,1.7631E+12,1.7631E+12,storm,0.15,15,0,8,8,1,0,0,,,,,,,,
g2_rain_fade,RAIN_FADE,14,,400,2,183,ok,,,1,64.13725,2015,5,11.57,0.154,12.138,12.123666,888,709,418,2015,2,2,1,5,1.7631E+12,1.7631E+12,storm,0.15,15,0,5,5,1,0,0,,,,,,,,
g2_rain_fade,RAIN_FADE,14,,400,2,184,ok,,,1,56.991916,2012,5,10.53,0.105,11.37,11.37258299,887,707,418,2012,2,2,1,5,1.7631E+12,1.7631E+12,storm,0.15,15,0,2,2,1,0,0,,,,,,,,
g2_rain_fade,RAIN_FADE,14,,400,2,185,ok,,,1,56.131834,1986,5,11.262,0.135,11.75,11.761167,874,708,404,1986,2,2,1,5,1.7631E+12,1.7631E+12,storm,0.15,15,0,4,4,1,0,0,,,,,,,,
g2_rain_fade,RAIN_FADE,14,,400,2,186,ok,,,3,81.070792,2017,5,19.482,0.113,15.639,15.60616701,889,709,419,2017,2,2,1,5,1.7631E+12,1.7631E+12,storm,0.15,15,0,11,11,1,0,0,,,,,,,,
g2_rain_fade,RAIN_FADE,14,,400,2,187,timeout,wait_m6,0,3,506.060792,357,1,4.47,0,0,0,357,0,0,357,1,0,0,1,1.7631E+12,,storm,0.15,15,0,11,11,1,0,0,,,,,,,,
g2_rain_fade,RAIN_FADE,14,,400,2,188,ok,,,1,65.871958,2017,5,12.832,0.108,13.54,13.529458,889,709,419,2017,2,2,1,5,1.7631E+12,1.7631E+12,storm,0.15,15,0,7,7,1,0,0,,,,,,,,
g2_rain_fade,RAIN_FADE,14,,400,2,189,ok,,,1,60.149583,2017,5,10.655,0.113,11.188,11.178209,889,709,419,2017,2,2,1,5,1.7631E+12,1.7631E+12,storm,0.15,15,0,0,2,0,0,0,,,,,,,,
g2_rain_fade,RAIN_FADE,14,,400,2,190,ok,,,3,57.46,2015,5,13.176,0.167,11.695,11.59325,888,709,418,2015,2,2,1,5,1.7631E+12,1.7631E+12,storm,0.15,15,0,11,11,1,0,0,,,,,,,,
g2_rain_fade,RAIN_FADE,14,,400,2,191,ok,,,1,57.332334,1976,5,10.314,0.125,11.125,11.120916,862,708,406,1976,2,2,1,5,1.7631E+12,1.7631E+12,storm,0.15,15,0,1,2,0.5,0,0,,,,,,,,
g2_rain_fade,RAIN_FADE,14,,400,2,192,ok,,,2,50.96975,2012,5,11.694,0.114,11.796,11.830375,887,707,418,2012,2,2,1,5,1.7631E+12,1.7631E+12,storm,0.15,15,0,4,4,1,0,0,,,,,,,,
g2_rain_fade,RAIN_FADE,14,,400,2,193,ok,,,1,66.892541,2014,5,13.803,0.166,13.243,13.217542,888,708,418,2014,2,2,1,5,1.7631E+12,1.7631E+12,storm,0.15,15,0,5,5,1,0,0,,,,,,,,
g2_rain_fade,RAIN_FADE,14,,400,2,194,ok,,,1,57.764,2015,5,10.734,0.105,11.257,11.267916,888,709,418,2015,2,2,1,5,1.7631E+12,1.7631E+12,storm,0.15,15,0,2,2,1,0,0,,,,,,,,
g2_rain_fade,RAIN_FADE,14,,400,2,195,ok,,,1,60.215625,2012,5,11.993,0.116,11.091,11.086291,887,708,417,2012,2,2,1,5,1.7631E+12,1.7631E+12,storm,0.15,15,0,0,2,0,0,0,,,,,,,,
g2_rain_fade,RAIN_FADE,14,,400,2,196,ok,,,1,55.919417,2012,5,11.179,0.15,11.225,11.178958,887,708,417,2012,2,2,1,5,1.7631E+12,1.7631E+12,storm,0.15,15,0,4,4,1,0,0,,,,,,,,
g2_rain_fade,RAIN_FADE,14,,400,2,197,ok,,,1,67.65295799,2015,5,13.57,0.186,14.19,14.139667,888,709,418,2015,2,2,1,5,1.7631E+12,1.7631E+12,storm,0.15,15,0,7,7,1,0,0,,,,,,,,
g2_rain_fade,RAIN_FADE,14,,400,2,198,ok,,,1,56.261292,2013,5,13.408,0.189,12.009,11.998625,887,708,418,2013,2,2,1,5,1.7631E+12,1.7631E+12,storm,0.15,15,0,7,7,1,0,0,,,,,,,,
g2_rain_fade,RAIN_FADE,14,,400,2,199,ok,,,2,59.170125,2017,5,10.838,0.194,10.587,10.55512499,889,709,419,2017,2,2,1,5,1.7631E+12,1.7631E+12,storm,0.15,15,0,4,4,1,0,0,,,,,,,,
g2_rain_fade,RAIN_FADE,14,,400,2,200,ok,,,1,59.536958,2012,5,11.938,0.118,11.073,11.112375,886,708,418,2012,2,2,1,5,1.7631E+12,1.7631E+12,storm,0.15,15,0,2,2,1,0,0,,,,,,,,
g2_rain_fade,RAIN_FADE,14,,400,2,201,ok,,,2,57.913541,2015,5,10.413,0.135,11.913,11.938292,888,709,418,2015,2,2,1,5,1.7631E+12,1.7631E+12,storm,0.15,15,0,4,4,1,0,0,,,,,,,,
g2_rain_fade,RAIN_FADE,14,,400,2,202,ok,,,2,56.841167,2010,5,11.182,0.123,11.421,11.516875,886,708,416,2010,2,2,1,5,1.7631E+12,1.7631E+12,storm,0.15,15,0,4,4,1,0,0,,,,,,,,
g2_rain_fade,RAIN_FADE,14,,400,2,203,ok,,,1,62.009334,2017,5,13.024,0.109,11.172,11.22787499,889,709,419,2017,2,2,1,5,1.7631E+12,1.7631E+12,storm,0.15,15,0,2,2,1,1,1,,,,,,,,
g2_rain_fade,RAIN_FADE,14,,400,2,204,ok,,,1,54.594375,2015,5,11.855,0.105,11.14,11.158167,888,709,418,2015,2,2,1,5,1.7631E+12,1.7631E+12,storm,0.15,15,0,0,2,0,0,0,,,,,,,,
g2_rain_fade,RAIN_FADE,14,,400,2,205,ok,,,1,56.005708,2014,5,12.766,0.108,10.772,10.74675,888,708,418,2014,2,2,1,5,1.7631E+12,1.7631E+12,storm,0.15,15,0,2,2,1,0,0,,,,,,,,
g2_rain_fade,RAIN_FADE,14,,400,2,206,timeout,wait_m4,0,3,404.772667,97,1,4.637,0,0,0,97,0,0,97,1,0,0,1,,,storm,0.15,15,0,7,7,1,0,0,,,,,,,,
g2_rain_fade,RAIN_FADE,14,,400,2,207,ok,,,1,57.494917,2012,5,10.39,0.093,12.423,12.515959,887,707,418,2012,2,2,1,5,1.7631E+12,1.7631E+12,storm,0.15,15,0,2,2,1,0,0,,,,,,,,
g2_rain_fade,RAIN_FADE,14,,400,2,208,ok,,,1,61.460833,2012,5,11.278,0.103,12.081,12.097166,887,708,417,2012,2,2,1,5,1.7631E+12,1.7631E+12,storm,0.15,15,0,2,2,1,0,0,,,,,,,,
g2_rain_fade,RAIN_FADE,14,,400,2,209,ok,,,2,67.709583,2015,5,13.782,0.157,15.481,15.497292,888,708,419,2015,2,2,1,5,1.7631E+12,1.7631E+12,storm,0.15,15,0,7,7,1,0,0,,,,,,,,
g2_rain_fade,RAIN_FADE,14,,400,2,210,ok,,,2,59.173417,2012,5,11.61,0.131,10.958,10.930333,887,707,418,2012,2,2,1,5,1.7631E+12,1.7631E+12,storm,0.15,15,0,4,4,1,0,0,,,,,,,,
g2_rain_fade,RAIN_FADE,14,,400,2,211,ok,,,1,56.207584,2014,5,11.97,0.144,10.879,10.856417,888,708,418,2014,2,2,1,5,1.7631E+12,1.7631E+12,storm,0.15,15,0,2,2,1,0,0,,,,,,,,
g2_rain_fade,RAIN_FADE,14,,400,2,212,ok,,,1,52.413334,2015,5,10.515,0.12,11.197,11.2115,888,708,419,2015,2,2,1,5,1.7631E+12,1.7631E+12,storm,0.15,15,0,0,2,0,0,0,,,,,,,,
g2_rain_fade,RAIN_FADE,14,,400,2,213,ok,,,2,54.258875,2013,5,11.491,0.122,10.483,10.45275,887,708,418,2013,2,2,1,5,1.7631E+12,1.7631E+12,storm,0.15,15,0,3,4,0.75,0,0,,,,,,,,
g2_rain_fade,RAIN_FADE,14,,400,2,214,ok,,,3,59.283708,2010,5,10.688,0.146,11.581,12.090667,886,707,417,2010,2,2,1,5,1.7631E+12,1.7631E+12,storm,0.15,15,0,6,6,1,0,0,,,,,,,,
g2_rain_fade,RAIN_FADE,14,,400,2,215,ok,,,1,54.159167,2015,5,10.403,0.087,11.032,11.20691701,888,708,419,2015,2,2,1,5,1.7631E+12,1.7631E+12,storm,0.15,15,0,2,2,1,0,0,,,,,,,,
g2_rain_fade,RAIN_FADE,14,,400,2,216,ok,,,1,54.71679199,2016,5,10.475,0.091,12.027,12.028625,888,709,419,2016,2,2,1,5,1.7631E+12,1.7631E+12,storm,0.15,15,0,0,2,0,0,0,,,,,,,,
g2_rain_fade,RAIN_FADE,14,,400,2,217,ok,,,1,56.149666,2014,5,11.03,0.12,11.649,11.637125,888,708,418,2014,2,2,1,5,1.7631E+12,1.7631E+12,storm,0.15,15,0,0,2,0,0,0,,,,,,,,
g2_rain_fade,RAIN_FADE,14,,400,2,218,ok,,,1,56.849917,2017,5,11.336,0.105,11.06,11.072333,889,709,419,2017,2,2,1,5,1.7631E+12,1.7631E+12,storm,0.15,15,0,2,2,1,0,0,,,,,,,,
g2_rain_fade,RAIN_FADE,14,,400,2,219,ok,,,1,63.969041,2010,5,15.297,0.182,13.143,13.172125,885,708,417,2010,2,2,1,5,1.7631E+12,1.7631E+12,storm,0.15,15,0,2,5,0.4,0,0,,,,,,,,
g2_rain_fade,RAIN_FADE,14,,400,2,220,ok,,,1,55.535,2017,5,10.736,0.102,11.065,11.096,889,709,419,2017,2,2,1,5,1.7631E+12,1.7631E+12,storm,0.15,15,0,0,2,0,0,0,,,,,,,,
g2_rain_fade,RAIN_FADE,14,,400,2,221,ok,,,3,62.547458,2015,5,10.797,0.173,11.817,11.778917,888,709,418,2015,2,2,1,5,1.7631E+12,1.7631E+12,storm,0.15,15,0,6,6,1,0,0,,,,,,,,
g2_rain_fade,RAIN_FADE,14,,400,2,222,ok,,,1,56.284209,2009,5,11.937,0.136,11.287,11.259709,885,708,416,2009,2,2,1,5,1.7631E+12,1.7631E+12,storm,0.15,15,0,2,4,0.5,0,0,,,,,,,,
g2_rain_fade,RAIN_FADE,14,,400,2,223,ok,,,1,61.011292,2011,5,13.907,0.131,11.202,11.100833,886,707,418,2011,2,2,1,5,1.7631E+12,1.7631E+12,storm,0.15,15,0,5,7,0.714285714,0,0,,,,,,,,
g2_rain_fade,RAIN_FADE,14,,400,2,224,ok,,,1,62.175542,2017,5,11.172,0.159,10.949,10.923458,889,709,419,2017,2,2,1,5,1.7631E+12,1.7631E+12,storm,0.15,15,0,4,4,1,0,0,,,,,,,,
g2_rain_fade,RAIN_FADE,14,,400,2,225,ok,,,2,54.676708,2017,5,14.141,0.203,12.031,12.040375,889,709,419,2017,2,2,1,5,1.7631E+12,1.7631E+12,storm,0.15,15,0,9,9,1,0,0,,,,,,,,
g2_rain_fade,RAIN_FADE,14,,400,2,226,timeout,wait_m6,0,3,504.81175,356,1,3.933,0,0,0,356,0,0,356,1,0,0,1,1.7631E+12,,storm,0.15,15,0,8,9,0.888888889,0,0,,,,,,,,
g2_rain_fade,RAIN_FADE,14,,400,2,227,ok,,,1,57.095292,2015,5,11.399,0.132,11.059,11.03479099,888,708,419,2015,2,2,1,5,1.7631E+12,1.7631E+12,storm,0.15,15,0,0,2,0,0,0,,,,,,,,
g2_rain_fade,RAIN_FADE,14,,400,2,228,timeout,wait_m6,0,3,508.170167,356,1,5.577,0,0,0,356,0,0,356,1,0,0,1,1.7631E+12,,storm,0.15,15,0,9,9,1,0,0,,,,,,,,
g2_rain_fade,RAIN_FADE,14,,400,2,229,ok,,,2,58.610583,2010,5,12.046,0.121,11.608,11.63399999,886,707,417,2010,2,2,1,5,1.7631E+12,1.7631E+12,storm,0.15,15,0,4,4,1,0,0,,,,,,,,
g2_rain_fade,RAIN_FADE,14,,400,2,230,ok,,,1,59.64525,2016,5,11.764,0.104,11.202,11.21595799,888,709,419,2016,2,2,1,5,1.7631E+12,1.7631E+12,storm,0.15,15,0,2,2,1,0,0,,,,,,,,
g2_rain_fade,RAIN_FADE,14,,400,2,231,ok,,,1,60.881791,2017,5,10.573,0.12,11.252,11.288416,889,709,419,2017,2,2,1,5,1.7631E+12,1.7631E+12,storm,0.15,15,0,0,2,0,0,0,,,,,,,,
g2_rain_fade,RAIN_FADE,14,,400,2,232,ok,,,3,65.87975,2017,5,10.392,0.108,14.958,14.893917,889,709,419,2017,2,2,1,5,1.7631E+12,1.7631E+12,storm,0.15,15,0,4,6,0.666666667,0,0,,,,,,,,
g2_rain_fade,RAIN_FADE,14,,400,2,233,ok,,,1,66.454792,2012,5,15.226,0.24,12.749,12.729541,887,707,418,2012,2,2,1,5,1.7631E+12,1.7631E+12,storm,0.15,15,0,5,5,1,0,0,,,,,,,,
g2_rain_fade,RAIN_FADE,14,,400,2,234,ok,,,1,51.827708,2012,5,10.634,0.122,11.029,11.035666,887,707,418,2012,2,2,1,5,1.7631E+12,1.7631E+12,storm,0.15,15,0,1,2,0.5,0,0,,,,,,,,
g2_rain_fade,RAIN_FADE,14,,400,2,235,ok,,,1,70.403583,2015,5,12.594,0.111,13.745,13.710833,888,709,418,2015,2,2,1,5,1.7631E+12,1.7631E+12,storm,0.15,15,0,5,5,1,0,0,,,,,,,,
g2_rain_fade,RAIN_FADE,14,,400,2,236,timeout,wait_m4,0,3,405.8315,97,1,4.278,0,0,0,97,0,0,97,1,0,0,1,,,storm,0.15,15,0,7,7,1,1,4,,,,,,,,
g2_rain_fade,RAIN_FADE,14,,400,2,237,ok,,,1,57.428083,2012,5,12.66,0.119,11.824,11.848417,887,707,418,2012,2,2,1,5,1.7631E+12,1.7631E+12,storm,0.15,15,0,0,2,0,0,0,,,,,,,,
g2_rain_fade,RAIN_FADE,14,,400,2,238,ok,,,1,58.193958,2013,5,11.559,0.114,11.479,11.455916,887,708,418,2013,2,2,1,5,1.7631E+12,1.7631E+12,storm,0.15,15,0,2,2,1,0,0,,,,,,,,
g2_rain_fade,RAIN_FADE,14,,400,2,239,ok,,,1,57.278917,2012,5,11.918,0.106,11.444,11.475625,887,707,418,2012,2,2,1,5,1.7631E+12,1.7631E+12,storm,0.15,15,0,0,2,0,0,0,,,,,,,,
g2_rain_fade,RAIN_FADE,14,,400,2,240,ok,,,1,63.795959,2014,5,12.244,0.152,11.993,11.976917,887,709,418,2014,2,2,1,5,1.7631E+12,1.7631E+12,storm,0.15,15,0,4,4,1,0,0,,,,,,,,
g2_rain_fade,RAIN_FADE,14,,400,2,241,ok,,,1,53.198459,2014,5,11.043,0.15,10.645,10.610958,888,708,418,2014,2,2,1,5,1.7631E+12,1.7631E+12,storm,0.15,15,0,6,7,0.857142857,0,0,,,,,,,,
g2_rain_fade,RAIN_FADE,14,,400,2,242,ok,,,2,56.76554199,2012,5,10.234,0.136,10.674,10.654458,887,707,418,2012,2,2,1,5,1.7631E+12,1.7631E+12,storm,0.15,15,0,4,4,1,0,0,,,,,,,,
g2_rain_fade,RAIN_FADE,14,,400,2,243,timeout,wait_m6,0,3,506.024375,356,1,5.056,0,0,0,356,0,0,356,1,0,0,1,1.7631E+12,,storm,0.15,15,0,9,9,1,0,0,,,,,,,,
g2_rain_fade,RAIN_FADE,14,,400,2,244,ok,,,1,67.655584,2016,5,13.56,0.15,13.976,14.01175,888,709,419,2016,2,2,1,5,1.7631E+12,1.7631E+12,storm,0.15,15,0,5,5,1,0,0,,,,,,,,
g2_rain_fade,RAIN_FADE,14,,400,2,245,ok,,,1,59.996375,2013,5,12.34,0.091,11.453,11.416459,887,708,418,2013,2,2,1,5,1.7631E+12,1.7631E+12,storm,0.15,15,0,4,5,0.8,0,0,,,,,,,,
g2_rain_fade,RAIN_FADE,14,,400,2,246,ok,,,1,61.553042,2013,5,11.265,0.163,12.032,12.00474999,887,708,418,2013,2,2,1,5,1.7631E+12,1.7631E+12,storm,0.15,15,0,2,2,1,0,0,,,,,,,,
g2_rain_fade,RAIN_FADE,14,,400,2,247,ok,,,2,56.687916,2015,5,10.619,0.096,10.643,10.615667,888,709,418,2015,2,2,1,5,1.7631E+12,1.7631E+12,storm,0.15,15,0,8,9,0.888888889,0,0,,,,,,,,
g2_rain_fade,RAIN_FADE,14,,400,2,248,timeout,wait_m4,0,3,405.687917,97,1,4.809,0,0,0,97,0,0,97,1,0,0,1,,,storm,0.15,15,0,7,7,1,1,4,,,,,,,,
g2_rain_fade,RAIN_FADE,14,,400,2,249,ok,,,3,55.374167,2012,5,11.083,0.121,11.384,11.40604199,887,708,417,2012,2,2,1,5,1.7631E+12,1.7631E+12,storm,0.15,15,0,6,6,1,0,0,,,,,,,,
g2_rain_fade,RAIN_FADE,14,,400,2,250,ok,,,1,64.6105,2014,5,14.233,0.184,13.598,13.657458,887,708,419,2014,2,2,1,5,1.7631E+12,1.7631E+12,storm,0.15,15,0,5,5,1,0,0,,,,,,,,
g2_rain_fade,RAIN_FADE,14,,400,2,251,ok,,,1,58.842208,2017,5,11.079,0.122,10.504,10.487125,889,709,419,2017,2,2,1,5,1.7631E+12,1.7631E+12,storm,0.15,15,0,1,2,0.5,0,0,,,,,,,,
g2_rain_fade,RAIN_FADE,14,,400,2,252,ok,,,3,59.595875,2014,5,10.544,0.122,10.622,10.605542,888,708,418,2014,2,2,1,5,1.7631E+12,1.7631E+12,storm,0.15,15,0,6,6,1,0,0,,,,,,,,
g2_rain_fade,RAIN_FADE,14,,400,2,253,ok,,,1,59.632417,2011,5,12.688,0.131,11.367,11.377625,886,707,418,2011,2,2,1,5,1.7631E+12,1.7631E+12,storm,0.15,15,0,2,2,1,0,0,,,,,,,,
g2_rain_fade,RAIN_FADE,14,,400,2,254,ok,,,1,57.628042,2015,5,13.388,0.113,10.82,10.787042,888,708,419,2015,2,2,1,5,1.7631E+12,1.7631E+12,storm,0.15,15,0,0,2,0,0,0,,,,,,,,
g2_rain_fade,RAIN_FADE,14,,400,2,255,ok,,,1,64.362042,2017,5,13.889,0.16,13.029,12.980083,889,709,419,2017,2,2,1,5,1.7631E+12,1.7631E+12,storm,0.15,15,0,5,5,1,0,0,,,,,,,,
g2_rain_fade,RAIN_FADE,14,,400,2,256,ok,,,1,54.404167,2015,5,11.089,0.107,10.609,10.583625,888,708,419,2015,2,2,1,5,1.7631E+12,1.7631E+12,storm,0.15,15,0,2,2,1,0,0,,,,,,,,
g2_rain_fade,RAIN_FADE,14,,400,2,257,ok,,,1,57.9025,2014,5,12.137,0.085,11.166,11.209875,887,708,419,2014,2,2,1,5,1.7631E+12,1.7631E+12,storm,0.15,15,0,2,2,1,0,0,,,,,,,,
g2_rain_fade,RAIN_FADE,14,,400,2,258,ok,,,1,54.083417,2012,5,10.361,0.142,11.463,11.469,887,707,418,2012,2,2,1,5,1.7631E+12,1.7631E+12,storm,0.15,15,0,0,2,0,0,0,,,,,,,,
g2_rain_fade,RAIN_FADE,14,,400,2,259,ok,,,3,53.803709,2008,5,11.564,0.127,11.096,11.116875,885,707,416,2008,2,2,1,5,1.7631E+12,1.7631E+12,storm,0.15,15,0,6,6,1,0,0,,,,,,,,
g2_rain_fade,RAIN_FADE,14,,400,2,260,ok,,,1,58.311708,2011,5,11.964,0.107,11.454,11.448792,886,708,417,2011,2,2,1,5,1.7631E+12,1.7631E+12,storm,0.15,15,0,0,2,0,0,0,,,,,,,,
g2_rain_fade,RAIN_FADE,14,,400,2,261,ok,,,1,57.622833,2001,5,12.152,0.125,11.828,11.874375,874,709,418,2001,2,2,1,5,1.7631E+12,1.7631E+12,storm,0.15,15,0,2,2,1,0,0,,,,,,,,
g2_rain_fade,RAIN_FADE,14,,400,2,262,ok,,,1,56.742791,2013,5,10.649,0.128,11.136,11.105292,887,707,419,2013,2,2,1,5,1.7631E+12,1.7631E+12,storm,0.15,15,0,0,2,0,0,0,,,,,,,,
g2_rain_fade,RAIN_FADE,14,,400,2,263,timeout,wait_m6,0,3,505.043625,357,1,4.133,0,0,0,357,0,0,357,1,0,0,1,1.7631E+12,,storm,0.15,15,0,11,11,1,1,4,,,,,,,,
g2_rain_fade,RAIN_FADE,14,,400,2,264,ok,,,1,64.0485,2017,5,12.82,0.121,12.869,12.942375,889,709,419,2017,2,2,1,5,1.7631E+12,1.7631E+12,storm,0.15,15,0,2,2,1,0,0,,,,,,,,
g2_rain_fade,RAIN_FADE,14,,400,2,265,ok,,,1,53.484583,2014,5,11.931,0.104,10.643,10.615709,887,709,418,2014,2,2,1,5,1.7631E+12,1.7631E+12,storm,0.15,15,0,2,2,1,0,0,,,,,,,,
g2_rain_fade,RAIN_FADE,14,,400,2,266,ok,,,1,55.72412501,2014,5,10.985,0.116,10.775,10.764208,888,708,418,2014,2,2,1,5,1.7631E+12,1.7631E+12,storm,0.15,15,0,0,2,0,0,0,,,,,,,,
g2_rain_fade,RAIN_FADE,14,,400,2,267,ok,,,1,56.028042,2013,5,11.788,0.108,10.648,10.62025,887,709,417,2013,2,2,1,5,1.7631E+12,1.7631E+12,storm,0.15,15,0,0,2,0,0,0,,,,,,,,
g2_rain_fade,RAIN_FADE,14,,400,2,268,ok,,,1,57.15508301,2013,5,11.226,0.173,11.389,11.36212501,887,708,418,2013,2,2,1,5,1.7631E+12,1.7631E+12,storm,0.15,15,0,7,7,1,0,0,,,,,,,,
g2_rain_fade,RAIN_FADE,14,,400,2,269,ok,,,3,63.378125,2017,5,12.753,0.094,12.956,12.927417,889,709,419,2017,2,2,1,5,1.7631E+12,1.7631E+12,storm,0.15,15,0,9,10,0.9,0,0,,,,,,,,
g2_rain_fade,RAIN_FADE,14,,400,2,270,timeout,wait_m6,0,3,508.821375,357,1,4.24,0,0,0,357,0,0,357,1,0,0,1,1.7631E+12,,storm,0.15,15,0,9,9,1,0,0,,,,,,,,
g2_rain_fade,RAIN_FADE,14,,400,2,271,ok,,,1,56.429416,2012,5,10.818,0.113,12.656,12.655125,887,707,418,2012,2,2,1,5,1.7631E+12,1.7631E+12,storm,0.15,15,0,2,2,1,0,0,,,,,,,,
g2_rain_fade,RAIN_FADE,14,,400,2,272,timeout,wait_m6,0,3,506.125001,357,1,4.472,0,0,0,357,0,0,357,1,0,0,1,1.7631E+12,,storm,0.15,15,0,9,9,1,0,0,,,,,,,,
g2_rain_fade,RAIN_FADE,14,,400,2,273,ok,,,1,55.905542,2015,5,12.726,0.176,11.157,11.048625,888,709,418,2015,2,2,1,5,1.7631E+12,1.7631E+12,storm,0.15,15,0,2,2,1,0,0,,,,,,,,
g2_rain_fade,RAIN_FADE,14,,400,2,274,ok,,,3,67.648542,2017,5,14.377,0.156,13.593,13.57841701,889,709,419,2017,2,2,1,5,1.7631E+12,1.7631E+12,storm,0.15,15,0,11,11,1,0,0,,,,,,,,
g2_rain_fade,RAIN_FADE,14,,400,2,275,ok,,,1,62.170958,2001,5,11.217,0.125,13.086,12.986167,874,709,418,2001,2,2,1,5,1.7631E+12,1.7631E+12,storm,0.15,15,0,0,2,0,0,0,,,,,,,,
g2_rain_fade,RAIN_FADE,14,,400,2,276,ok,,,1,61.972,2017,5,13.128,0.117,11.566,11.577291,889,709,419,2017,2,2,1,5,1.7631E+12,1.7631E+12,storm,0.15,15,0,1,2,0.5,0,0,,,,,,,,
g2_rain_fade,RAIN_FADE,14,,400,2,277,ok,,,2,50.673583,2014,5,10.366,0.072,10.462,10.43945899,888,708,418,2014,2,2,1,5,1.7631E+12,1.7631E+12,storm,0.15,15,0,3,4,0.75,0,0,,,,,,,,
g2_rain_fade,RAIN_FADE,14,,400,2,278,timeout,wait_m4,0,3,404.836583,97,1,4.142,0,0,0,97,0,0,97,1,0,0,1,,,storm,0.15,15,0,7,7,1,0,0,,,,,,,,
g2_rain_fade,RAIN_FADE,14,,400,2,279,ok,,,2,56.425792,2012,5,12.227,0.11,10.648,10.63325,887,707,418,2012,2,2,1,5,1.7631E+12,1.7631E+12,storm,0.15,15,0,4,4,1,0,0,,,,,,,,
g2_rain_fade,RAIN_FADE,14,,400,2,280,ok,,,1,58.098334,2017,5,10.667,0.125,10.754,10.73858399,889,709,419,2017,2,2,1,5,1.7631E+12,1.7631E+12,storm,0.15,15,0,0,2,0,1,1,,,,,,,,
g2_rain_fade,RAIN_FADE,14,,400,2,281,timeout,wait_m6,0,3,507.463875,356,1,4.243,0,0,0,356,0,0,356,1,0,0,1,1.7631E+12,,storm,0.15,15,0,9,9,1,0,0,,,,,,,,
g2_rain_fade,RAIN_FADE,14,,400,2,282,timeout,wait_m4,0,3,404.539959,97,1,3.733,0,0,0,97,0,0,97,1,0,0,1,,,storm,0.15,15,0,7,7,1,0,0,,,,,,,,
g2_rain_fade,RAIN_FADE,14,,400,2,283,ok,,,1,64.238001,2011,5,13.46,0.14,11.877,11.854542,886,708,417,2011,2,2,1,5,1.7631E+12,1.7631E+12,storm,0.15,15,0,7,7,1,0,0,,,,,,,,
g2_rain_fade,RAIN_FADE,14,,400,2,284,timeout,wait_m6,0,3,507.110584,357,1,4.886,0,0,0,357,0,0,357,1,0,0,1,1.7631E+12,,storm,0.15,15,0,9,9,1,0,0,,,,,,,,
g2_rain_fade,RAIN_FADE,14,,400,2,285,ok,,,2,53.180667,2015,5,10.466,0.083,11.696,11.709584,888,709,418,2015,2,2,1,5,1.7631E+12,1.7631E+12,storm,0.15,15,0,4,4,1,0,0,,,,,,,,
g2_rain_fade,RAIN_FADE,14,,400,2,286,ok,,,1,58.0245,2014,5,11.105,0.102,11.635,11.661792,888,708,418,2014,2,2,1,5,1.7631E+12,1.7631E+12,storm,0.15,15,0,0,2,0,0,0,,,,,,,,
g2_rain_fade,RAIN_FADE,14,,400,2,287,ok,,,2,56.165416,2017,5,10.616,0.215,10.724,10.695084,889,709,419,2017,2,2,1,5,1.7631E+12,1.7631E+12,storm,0.15,15,0,4,4,1,0,0,,,,,,,,
g2_rain_fade,RAIN_FADE,14,,400,2,288,timeout,wait_m6,0,3,506.94125,357,1,5.412,0,0,0,357,0,0,357,1,0,0,1,1.7631E+12,,storm,0.15,15,0,6,9,0.666666667,1,4,,,,,,,,
g2_rain_fade,RAIN_FADE,14,,400,2,289,timeout,wait_m6,0,3,509.702708,356,1,6.657,0,0,0,356,0,0,356,1,0,0,1,1.7631E+12,,storm,0.15,15,0,13,13,1,1,2,,,,,,,,
g2_rain_fade,RAIN_FADE,14,,400,2,290,ok,,,1,57.062875,2009,5,10.519,0.11,11.008,10.981542,885,708,416,2009,2,2,1,5,1.7631E+12,1.7631E+12,storm,0.15,15,0,2,2,1,0,0,,,,,,,,
g2_rain_fade,RAIN_FADE,14,,400,2,291,timeout,wait_m6,0,3,507.781333,357,1,6.527,0,0,0,357,0,0,357,1,0,0,1,1.7631E+12,,storm,0.15,15,0,9,9,1,1,4,,,,,,,,
g2_rain_fade,RAIN_FADE,14,,400,2,292,timeout,wait_m6,0,3,507.361,357,1,4.339,0,0,0,357,0,0,357,1,0,0,1,1.7631E+12,,storm,0.15,15,0,8,9,0.888888889,0,0,,,,,,,,
g2_rain_fade,RAIN_FADE,14,,400,2,293,ok,,,1,59.038583,2001,5,11.091,0.125,11.573,11.560292,874,708,419,2001,2,2,1,5,1.7631E+12,1.7631E+12,storm,0.15,15,0,2,2,1,0,0,,,,,,,,
g2_rain_fade,RAIN_FADE,14,,400,2,294,ok,,,2,59.178708,2009,5,11.026,0.135,11.275,11.25525,885,707,417,2009,2,2,1,5,1.7631E+12,1.7631E+12,storm,0.15,15,0,4,4,1,0,0,,,,,,,,
g2_rain_fade,RAIN_FADE,14,,400,2,295,ok,,,1,58.12825001,2012,5,12.97,0.085,10.772,10.757625,886,708,418,2012,2,2,1,5,1.7631E+12,1.7631E+12,storm,0.15,15,0,0,2,0,0,0,,,,,,,,
g2_rain_fade,RAIN_FADE,14,,400,2,296,ok,,,1,56.713083,2012,5,11.841,0.124,10.753,10.731084,887,707,418,2012,2,2,1,5,1.7631E+12,1.7631E+12,storm,0.15,15,0,0,2,0,0,0,,,,,,,,
g2_rain_fade,RAIN_FADE,14,,400,2,297,ok,,,2,60.154501,2013,5,11.295,0.135,11.115,11.090083,887,708,418,2013,2,2,1,5,1.7631E+12,1.7631E+12,storm,0.15,15,0,8,9,0.888888889,0,0,,,,,,,,
g2_rain_fade,RAIN_FADE,14,,400,2,298,timeout,wait_m6,0,3,505.959667,357,1,5.096,0,0,0,357,0,0,357,1,0,0,1,1.7631E+12,,storm,0.15,15,0,9,9,1,0,0,,,,,,,,
g2_rain_fade,RAIN_FADE,14,,400,2,299,ok,,,1,61.52725,2010,5,11.624,0.122,11.249,11.22325,886,708,416,2010,2,2,1,5,1.7631E+12,1.7631E+12,storm,0.15,15,0,0,2,0,0,0,,,,,,,,
g2_rain_fade,RAIN_FADE,14,,400,2,300,timeout,wait_m6,0,3,505.334959,357,1,4.176,0,0,0,357,0,0,357,1,0,0,1,1.7631E+12,,storm,0.15,15,0,9,9,1,1,2,,,,,,,,
g2_rain_fade,RAIN_FADE,24,,300,2,1,ok,,,1,74.545375,2014,5,10.246,0.134,11.201,11.233625,888,708,418,2014,2,2,1,5,1.7631E+12,1.7631E+12,light,0.8,80,0,0,2,0,0,0,,,,,,,,
g2_rain_fade,RAIN_FADE,24,,300,2,2,ok,,,1,66.087042,2014,5,10.46,0.148,10.944,10.90870899,888,708,418,2014,2,2,1,5,1.7631E+12,1.7631E+12,light,0.8,80,0,0,2,0,0,0,,,,,,,,
g2_rain_fade,RAIN_FADE,24,,300,2,3,ok,,,1,72.630417,2012,5,11.287,0.171,10.912,11.26375,887,707,418,2012,2,2,1,5,1.7631E+12,1.7631E+12,light,0.8,80,0,0,2,0,0,0,,,,,,,,
g2_rain_fade,RAIN_FADE,24,,300,2,4,ok,,,1,69.985708,2016,5,11.665,0.1,10.519,10.497542,888,709,419,2016,2,2,1,5,1.7631E+12,1.7631E+12,light,0.8,80,0,0,2,0,0,0,,,,,,,,
g2_rain_fade,RAIN_FADE,24,,300,2,5,ok,,,1,68.24675,2017,5,10.448,0.144,10.838,10.81399999,889,709,419,2017,2,2,1,5,1.7631E+12,1.7631E+12,light,0.8,80,0,0,2,0,0,0,,,,,,,,
g2_rain_fade,RAIN_FADE,24,,300,2,6,ok,,,1,73.375084,2010,5,10.948,0.146,10.92,10.91537499,886,706,418,2010,2,2,1,5,1.7631E+12,1.7631E+12,light,0.8,80,0,0,2,0,0,0,,,,,,,,
g2_rain_fade,RAIN_FADE,24,,300,2,7,ok,,,1,68.643584,2012,5,10.557,0.099,11.437,11.409083,887,708,417,2012,2,2,1,5,1.7631E+12,1.7631E+12,light,0.8,80,0,0,2,0,0,0,,,,,,,,
g2_rain_fade,RAIN_FADE,24,,300,2,8,ok,,,1,70.582958,2014,5,10.402,0.143,11.472,11.67275,887,709,418,2014,2,2,1,5,1.7631E+12,1.7631E+12,light,0.8,80,0,0,2,0,0,0,,,,,,,,
g2_rain_fade,RAIN_FADE,24,,300,2,9,ok,,,1,70.14875,2017,5,10.898,0.134,11.373,11.418375,889,709,419,2017,2,2,1,5,1.7631E+12,1.7631E+12,light,0.8,80,0,0,2,0,0,0,,,,,,,,
g2_rain_fade,RAIN_FADE,24,,300,2,10,ok,,,1,71.247875,2011,5,10.917,0.094,11.004,10.99283301,887,707,417,2011,2,2,1,5,1.7631E+12,1.7631E+12,light,0.8,80,0,1,2,0.5,0,0,,,,,,,,
g2_rain_fade,RAIN_FADE,24,,300,2,11,ok,,,1,81.586083,2017,5,12.06,0.096,10.563,10.534083,889,709,419,2017,2,2,1,5,1.7631E+12,1.7631E+12,light,0.8,80,0,2,2,1,0,0,,,,,,,,
g2_rain_fade,RAIN_FADE,24,,300,2,12,ok,,,1,73.010834,2016,5,11.803,0.153,11.417,11.39525,888,709,419,2016,2,2,1,5,1.7631E+12,1.7631E+12,light,0.8,80,0,0,2,0,0,0,,,,,,,,
g2_rain_fade,RAIN_FADE,24,,300,2,13,ok,,,1,72.810917,2014,5,12.071,0.11,11.419,11.536958,888,708,418,2014,2,2,1,5,1.7631E+12,1.7631E+12,light,0.8,80,0,0,2,0,0,0,,,,,,,,
g2_rain_fade,RAIN_FADE,24,,300,2,14,ok,,,1,76.068417,2012,5,10.519,0.09,10.559,10.53512499,887,707,418,2012,2,2,1,5,1.7631E+12,1.7631E+12,light,0.8,80,0,0,2,0,0,0,,,,,,,,
g2_rain_fade,RAIN_FADE,24,,300,2,15,ok,,,1,74.715167,2013,5,10.955,0.143,12.463,12.65066701,887,708,418,2013,2,2,1,5,1.7631E+12,1.7631E+12,light,0.8,80,0,0,2,0,0,0,,,,,,,,
g2_rain_fade,RAIN_FADE,24,,300,2,16,ok,,,1,71.223666,2015,5,10.419,0.079,10.271,10.247666,888,708,419,2015,2,2,1,5,1.7631E+12,1.7631E+12,light,0.8,80,0,0,2,0,0,0,,,,,,,,
g2_rain_fade,RAIN_FADE,24,,300,2,17,ok,,,1,70.852042,2010,5,11.812,0.114,11.021,11.019125,886,707,417,2010,2,2,1,5,1.7631E+12,1.7631E+12,light,0.8,80,0,0,2,0,0,0,,,,,,,,
g2_rain_fade,RAIN_FADE,24,,300,2,18,ok,,,1,76.75541699,2012,5,10.482,0.095,10.584,10.561208,887,707,418,2012,2,2,1,5,1.7631E+12,1.7631E+12,light,0.8,80,0,2,2,1,0,0,,,,,,,,
g2_rain_fade,RAIN_FADE,24,,300,2,19,ok,,,1,66.619291,2012,5,11.556,0.112,10.706,10.669458,886,707,419,2012,2,2,1,5,1.7631E+12,1.7631E+12,light,0.8,80,0,0,2,0,0,0,,,,,,,,
g2_rain_fade,RAIN_FADE,24,,300,2,20,ok,,,1,71.77033401,2017,5,10.353,0.091,11.301,11.338833,889,709,419,2017,2,2,1,5,1.7631E+12,1.7631E+12,light,0.8,80,0,0,2,0,0,0,,,,,,,,
g2_rain_fade,RAIN_FADE,24,,300,2,21,ok,,,1,71.91412499,2012,5,10.178,0.13,10.898,10.88558399,886,709,417,2012,2,2,1,5,1.7631E+12,1.7631E+12,light,0.8,80,0,0,2,0,0,0,,,,,,,,
g2_rain_fade,RAIN_FADE,24,,300,2,22,ok,,,1,74.329542,2017,5,10.864,0.096,10.456,10.421167,889,709,419,2017,2,2,1,5,1.7631E+12,1.7631E+12,light,0.8,80,0,0,2,0,0,0,,,,,,,,
g2_rain_fade,RAIN_FADE,24,,300,2,23,ok,,,1,73.97825,2015,5,10.548,0.085,10.599,10.56087499,888,709,418,2015,2,2,1,5,1.7631E+12,1.7631E+12,light,0.8,80,0,0,2,0,0,0,,,,,,,,
g2_rain_fade,RAIN_FADE,24,,300,2,24,ok,,,1,75.322291,2017,5,11.155,0.086,10.778,10.75633299,889,709,419,2017,2,2,1,5,1.7631E+12,1.7631E+12,light,0.8,80,0,1,2,0.5,0,0,,,,,,,,
g2_rain_fade,RAIN_FADE,24,,300,2,25,ok,,,1,72.51916599,2017,5,11.434,0.105,11.182,11.153625,889,709,419,2017,2,2,1,5,1.7631E+12,1.7631E+12,light,0.8,80,0,0,2,0,0,0,,,,,,,,
g2_rain_fade,RAIN_FADE,24,,300,2,26,ok,,,1,71.303125,2014,5,11.088,0.136,10.915,10.882333,888,708,418,2014,2,2,1,5,1.7631E+12,1.7631E+12,light,0.8,80,0,0,2,0,0,0,,,,,,,,
g2_rain_fade,RAIN_FADE,24,,300,2,27,ok,,,1,75.14325,2013,5,10.582,0.111,10.554,10.530625,887,708,418,2013,2,2,1,5,1.7631E+12,1.7631E+12,light,0.8,80,0,0,2,0,0,0,,,,,,,,
g2_rain_fade,RAIN_FADE,24,,300,2,28,ok,,,1,67.628834,2011,5,12.008,0.14,10.925,10.887959,886,707,418,2011,2,2,1,5,1.7631E+12,1.7631E+12,light,0.8,80,0,2,2,1,0,0,,,,,,,,
g2_rain_fade,RAIN_FADE,24,,300,2,29,ok,,,1,74.050667,2014,5,11.722,0.138,10.691,10.658625,887,708,419,2014,2,2,1,5,1.7631E+12,1.7631E+12,light,0.8,80,0,0,2,0,0,0,,,,,,,,
g2_rain_fade,RAIN_FADE,24,,300,2,30,ok,,,1,69.63225,2013,5,10.483,0.101,10.484,10.45966701,887,708,418,2013,2,2,1,5,1.7631E+12,1.7631E+12,light,0.8,80,0,0,2,0,0,0,,,,,,,,
g2_rain_fade,RAIN_FADE,24,,300,2,31,ok,,,1,73.22091601,2009,5,10.363,0.113,10.588,10.546333,885,706,418,2009,2,2,1,5,1.7631E+12,1.7631E+12,light,0.8,80,0,0,2,0,0,0,,,,,,,,
g2_rain_fade,RAIN_FADE,24,,300,2,32,ok,,,1,73.223167,2014,5,12.217,0.151,10.569,10.557333,887,708,419,2014,2,2,1,5,1.7631E+12,1.7631E+12,light,0.8,80,0,0,2,0,0,0,,,,,,,,
g2_rain_fade,RAIN_FADE,24,,300,2,33,ok,,,1,76.061958,2014,5,12.673,0.142,10.557,10.5305,888,708,418,2014,2,2,1,5,1.7631E+12,1.7631E+12,light,0.8,80,0,2,2,1,0,0,,,,,,,,
g2_rain_fade,RAIN_FADE,24,,300,2,34,ok,,,1,71.5005,2015,5,10.487,0.132,10.785,10.770875,888,709,418,2015,2,2,1,5,1.7631E+12,1.7631E+12,light,0.8,80,0,0,2,0,0,0,,,,,,,,
g2_rain_fade,RAIN_FADE,24,,300,2,35,ok,,,1,74.9005,2014,5,10.371,0.107,11.667,11.719708,888,708,418,2014,2,2,1,5,1.7631E+12,1.7631E+12,light,0.8,80,0,0,2,0,0,0,,,,,,,,
g2_rain_fade,RAIN_FADE,24,,300,2,36,ok,,,1,75.660334,2012,5,10.803,0.106,10.666,10.625708,886,708,418,2012,2,2,1,5,1.7631E+12,1.7631E+12,light,0.8,80,0,0,2,0,0,0,,,,,,,,
g2_rain_fade,RAIN_FADE,24,,300,2,37,ok,,,1,74.38145801,2012,5,10.765,0.096,11.278,11.429083,887,707,418,2012,2,2,1,5,1.7631E+12,1.7631E+12,light,0.8,80,0,0,2,0,0,0,,,,,,,,
g2_rain_fade,RAIN_FADE,24,,300,2,38,ok,,,1,79.036958,2008,5,12.337,0.104,10.712,10.672667,885,707,416,2008,2,2,1,5,1.7631E+12,1.7631E+12,light,0.8,80,0,0,2,0,0,0,,,,,,,,
g2_rain_fade,RAIN_FADE,24,,300,2,39,ok,,,1,74.112792,2013,5,10.696,0.165,10.568,10.5395,887,708,418,2013,2,2,1,5,1.7631E+12,1.7631E+12,light,0.8,80,0,1,2,0.5,0,0,,,,,,,,
g2_rain_fade,RAIN_FADE,24,,300,2,40,ok,,,1,74.2485,2015,5,11.346,0.094,11.071,11.076292,888,708,419,2015,2,2,1,5,1.7631E+12,1.7631E+12,light,0.8,80,0,2,2,1,0,0,,,,,,,,
g2_rain_fade,RAIN_FADE,24,,300,2,41,ok,,,1,75.354792,2000,5,10.396,0.125,12.053,12.078625,874,708,418,2000,2,2,1,5,1.7631E+12,1.7631E+12,light,0.8,80,0,0,2,0,0,0,,,,,,,,
g2_rain_fade,RAIN_FADE,24,,300,2,42,ok,,,1,73.357,2013,5,11.575,0.173,10.579,10.553125,887,708,418,2013,2,2,1,5,1.7631E+12,1.7631E+12,light,0.8,80,0,0,2,0,0,0,,,,,,,,
g2_rain_fade,RAIN_FADE,24,,300,2,43,ok,,,1,78.319334,2014,5,10.281,0.11,11.231,11.268667,888,708,418,2014,2,2,1,5,1.7631E+12,1.7631E+12,light,0.8,80,0,2,2,1,0,0,,,,,,,,
g2_rain_fade,RAIN_FADE,24,,300,2,44,ok,,,1,75.166041,2015,5,11.246,0.442,11.147,11.13525,888,708,419,2015,2,2,1,5,1.7631E+12,1.7631E+12,light,0.8,80,0,0,2,0,0,0,,,,,,,,
g2_rain_fade,RAIN_FADE,24,,300,2,45,ok,,,1,73.213417,2012,5,10.584,0.106,11.62,11.599584,886,708,418,2012,2,2,1,5,1.7631E+12,1.7631E+12,light,0.8,80,0,0,2,0,0,0,,,,,,,,
g2_rain_fade,RAIN_FADE,24,,300,2,46,ok,,,1,78.54458399,2013,5,11.009,0.104,10.743,10.721333,887,708,418,2013,2,2,1,5,1.7631E+12,1.7631E+12,light,0.8,80,0,0,2,0,0,0,,,,,,,,
g2_rain_fade,RAIN_FADE,24,,300,2,47,ok,,,1,73.292459,2012,5,10.689,0.114,10.433,10.384458,887,707,418,2012,2,2,1,5,1.7631E+12,1.7631E+12,light,0.8,80,0,0,2,0,0,0,,,,,,,,
g2_rain_fade,RAIN_FADE,24,,300,2,48,ok,,,1,75.930125,2015,5,13.087,0.14,11.048,11.038958,888,708,419,2015,2,2,1,5,1.7631E+12,1.7631E+12,light,0.8,80,0,0,2,0,0,0,,,,,,,,
g2_rain_fade,RAIN_FADE,24,,300,2,49,ok,,,1,79.557375,2012,5,10.473,0.194,11.272,11.64337499,887,707,418,2012,2,2,1,5,1.7631E+12,1.7631E+12,light,0.8,80,0,0,2,0,0,0,,,,,,,,
g2_rain_fade,RAIN_FADE,24,,300,2,50,ok,,,1,77.344125,2012,5,12.733,0.141,11.675,11.682875,887,708,417,2012,2,2,1,5,1.7631E+12,1.7631E+12,light,0.8,80,0,0,2,0,0,0,,,,,,,,
g2_rain_fade,RAIN_FADE,24,,300,2,51,ok,,,1,79.2695,2014,5,10.768,0.156,12.461,12.570291,888,708,418,2014,2,2,1,5,1.7631E+12,1.7631E+12,light,0.8,80,0,0,2,0,0,0,,,,,,,,
g2_rain_fade,RAIN_FADE,24,,300,2,52,ok,,,1,75.897917,2012,5,11.94,0.157,11.416,11.379833,887,707,418,2012,2,2,1,5,1.7631E+12,1.7631E+12,light,0.8,80,0,3,5,0.6,0,0,,,,,,,,
g2_rain_fade,RAIN_FADE,24,,300,2,53,ok,,,1,71.686,2017,5,10.383,0.123,10.727,10.71616699,889,709,419,2017,2,2,1,5,1.7631E+12,1.7631E+12,light,0.8,80,0,1,2,0.5,0,0,,,,,,,,
g2_rain_fade,RAIN_FADE,24,,300,2,54,ok,,,1,76.637291,2017,5,10.393,0.087,10.597,10.5715,889,709,419,2017,2,2,1,5,1.7631E+12,1.7631E+12,light,0.8,80,0,2,2,1,0,0,,,,,,,,
g2_rain_fade,RAIN_FADE,24,,300,2,55,ok,,,1,77.39458299,2013,5,10.562,0.116,10.628,10.60325,887,708,418,2013,2,2,1,5,1.7631E+12,1.7631E+12,light,0.8,80,0,0,2,0,0,0,,,,,,,,
g2_rain_fade,RAIN_FADE,24,,300,2,56,ok,,,1,67.621292,2014,5,10.248,0.135,10.932,10.88895799,888,708,418,2014,2,2,1,5,1.7631E+12,1.7631E+12,light,0.8,80,0,0,2,0,0,0,,,,,,,,
g2_rain_fade,RAIN_FADE,24,,300,2,57,ok,,,1,70.885791,2015,5,10.705,0.113,11.655,11.628166,888,708,419,2015,2,2,1,5,1.7631E+12,1.7631E+12,light,0.8,80,0,0,2,0,0,0,,,,,,,,
g2_rain_fade,RAIN_FADE,24,,300,2,58,ok,,,1,70.211792,2015,5,10.243,0.15,10.703,10.670292,888,708,419,2015,2,2,1,5,1.7631E+12,1.7631E+12,light,0.8,80,0,0,2,0,0,0,,,,,,,,
g2_rain_fade,RAIN_FADE,24,,300,2,59,ok,,,1,69.950917,2012,5,10.91,0.136,10.558,10.519375,887,708,417,2012,2,2,1,5,1.7631E+12,1.7631E+12,light,0.8,80,0,1,2,0.5,0,0,,,,,,,,
g2_rain_fade,RAIN_FADE,24,,300,2,60,ok,,,1,71.98425,2008,5,10.803,0.097,10.483,10.452209,884,707,417,2008,2,2,1,5,1.7631E+12,1.7631E+12,light,0.8,80,0,0,2,0,0,0,,,,,,,,
g2_rain_fade,RAIN_FADE,24,,300,2,61,ok,,,1,75.181,2016,5,11.991,0.177,11.202,11.21358301,888,709,419,2016,2,2,1,5,1.7631E+12,1.7631E+12,light,0.8,80,0,0,2,0,0,0,,,,,,,,
g2_rain_fade,RAIN_FADE,24,,300,2,62,ok,,,1,77.459125,2015,5,11.872,0.087,10.654,10.632917,888,708,419,2015,2,2,1,5,1.7631E+12,1.7631E+12,light,0.8,80,0,0,2,0,0,0,,,,,,,,
g2_rain_fade,RAIN_FADE,24,,300,2,63,ok,,,1,70.743875,2012,5,10.511,0.109,10.512,10.486,887,708,417,2012,2,2,1,5,1.7631E+12,1.7631E+12,light,0.8,80,0,0,2,0,0,0,,,,,,,,
g2_rain_fade,RAIN_FADE,24,,300,2,64,ok,,,1,71.526917,2015,5,10.77,0.089,10.704,10.668208,888,708,419,2015,2,2,1,5,1.7631E+12,1.7631E+12,light,0.8,80,0,2,2,1,0,0,,,,,,,,
g2_rain_fade,RAIN_FADE,24,,300,2,65,ok,,,1,78.661167,2015,5,10.539,0.086,11.231,11.240167,888,708,419,2015,2,2,1,5,1.7631E+12,1.7631E+12,light,0.8,80,0,0,2,0,0,0,,,,,,,,
g2_rain_fade,RAIN_FADE,24,,300,2,66,ok,,,1,70.083125,2014,5,10.565,0.099,10.562,10.546208,887,708,419,2014,2,2,1,5,1.7631E+12,1.7631E+12,light,0.8,80,0,0,2,0,0,0,,,,,,,,
g2_rain_fade,RAIN_FADE,24,,300,2,67,ok,,,1,69.622791,2017,5,10.94,0.133,10.573,10.5425,889,709,419,2017,2,2,1,5,1.7631E+12,1.7631E+12,light,0.8,80,0,0,2,0,0,0,,,,,,,,
g2_rain_fade,RAIN_FADE,24,,300,2,68,ok,,,1,76.14929201,2017,5,11.846,0.097,11.056,11.0515,889,709,419,2017,2,2,1,5,1.7631E+12,1.7631E+12,light,0.8,80,0,0,2,0,0,0,,,,,,,,
g2_rain_fade,RAIN_FADE,24,,300,2,69,ok,,,1,73.731,2013,5,11.374,0.124,11.529,11.574542,887,708,418,2013,2,2,1,5,1.7631E+12,1.7631E+12,light,0.8,80,0,0,2,0,0,0,,,,,,,,
g2_rain_fade,RAIN_FADE,24,,300,2,70,ok,,,1,73.609791,2013,5,11.579,0.133,11.426,11.380209,887,707,419,2013,2,2,1,5,1.7631E+12,1.7631E+12,light,0.8,80,0,0,2,0,0,0,,,,,,,,
g2_rain_fade,RAIN_FADE,24,,300,2,71,ok,,,1,72.93237501,2011,5,10.785,0.1,10.515,10.47125,886,707,418,2011,2,2,1,5,1.7631E+12,1.7631E+12,light,0.8,80,0,0,2,0,0,0,,,,,,,,
g2_rain_fade,RAIN_FADE,24,,300,2,72,ok,,,1,72.499583,2013,5,10.411,0.123,10.72,10.70725,887,709,417,2013,2,2,1,5,1.7631E+12,1.7631E+12,light,0.8,80,0,0,2,0,0,0,,,,,,,,
g2_rain_fade,RAIN_FADE,24,,300,2,73,ok,,,1,81.345834,2017,5,11.352,0.154,11.988,12.80604101,889,709,419,2017,2,2,1,5,1.7631E+12,1.7631E+12,light,0.8,80,0,0,2,0,0,0,,,,,,,,
g2_rain_fade,RAIN_FADE,24,,300,2,74,ok,,,1,76.632583,2014,5,11.664,0.1,10.944,10.91929201,887,709,418,2014,2,2,1,5,1.7631E+12,1.7631E+12,light,0.8,80,0,1,2,0.5,0,0,,,,,,,,
g2_rain_fade,RAIN_FADE,24,,300,2,75,ok,,,1,72.01500001,2016,5,10.333,0.094,10.719,10.693667,888,709,419,2016,2,2,1,5,1.7631E+12,1.7631E+12,light,0.8,80,0,0,2,0,0,0,,,,,,,,
g2_rain_fade,RAIN_FADE,24,,300,2,76,ok,,,1,73.854542,2014,5,13.777,0.125,10.881,10.857041,888,708,418,2014,2,2,1,5,1.7631E+12,1.7631E+12,light,0.8,80,0,0,2,0,0,0,,,,,,,,
g2_rain_fade,RAIN_FADE,24,,300,2,77,ok,,,1,72.082583,2013,5,11.461,0.09,10.656,10.438833,887,708,418,2013,2,2,1,5,1.7631E+12,1.7631E+12,light,0.8,80,0,0,2,0,0,0,,,,,,,,
g2_rain_fade,RAIN_FADE,24,,300,2,78,ok,,,1,68.994666,2012,5,10.381,0.15,10.643,10.608875,887,707,418,2012,2,2,1,5,1.7631E+12,1.7631E+12,light,0.8,80,0,0,2,0,0,0,,,,,,,,
g2_rain_fade,RAIN_FADE,24,,300,2,79,ok,,,1,73.360583,2015,5,11.481,0.122,11.049,11.014625,888,708,419,2015,2,2,1,5,1.7631E+12,1.7631E+12,light,0.8,80,0,0,2,0,0,0,,,,,,,,
g2_rain_fade,RAIN_FADE,24,,300,2,80,ok,,,1,72.62595899,2015,5,11.513,0.128,11.024,11.006459,888,708,419,2015,2,2,1,5,1.7631E+12,1.7631E+12,light,0.8,80,0,0,2,0,0,0,,,,,,,,
g2_rain_fade,RAIN_FADE,24,,300,2,81,ok,,,1,70.102083,2014,5,11.012,0.123,11.475,11.495417,888,708,418,2014,2,2,1,5,1.7631E+12,1.7631E+12,light,0.8,80,0,0,2,0,0,0,,,,,,,,
g2_rain_fade,RAIN_FADE,24,,300,2,82,ok,,,1,72.183,2015,5,10.651,0.17,11.091,11.052875,888,708,419,2015,2,2,1,5,1.7631E+12,1.7631E+12,light,0.8,80,0,0,2,0,0,0,,,,,,,,
g2_rain_fade,RAIN_FADE,24,,300,2,83,ok,,,1,73.76520801,2012,5,10.805,0.11,10.58,10.543875,887,707,418,2012,2,2,1,5,1.7631E+12,1.7631E+12,light,0.8,80,0,0,2,0,0,0,,,,,,,,
g2_rain_fade,RAIN_FADE,24,,300,2,84,ok,,,1,78.460042,2013,5,10.764,0.111,11.089,11.12712501,887,708,418,2013,2,2,1,5,1.7631E+12,1.7631E+12,light,0.8,80,0,0,2,0,0,0,,,,,,,,
g2_rain_fade,RAIN_FADE,24,,300,2,85,ok,,,1,71.496542,2015,5,10.475,0.103,10.522,10.499083,888,709,418,2015,2,2,1,5,1.7631E+12,1.7631E+12,light,0.8,80,0,0,2,0,0,0,,,,,,,,
g2_rain_fade,RAIN_FADE,24,,300,2,86,ok,,,1,71.518583,2017,5,10.576,0.116,11.325,11.289708,889,709,419,2017,2,2,1,5,1.7631E+12,1.7631E+12,light,0.8,80,0,0,2,0,0,0,,,,,,,,
g2_rain_fade,RAIN_FADE,24,,300,2,87,ok,,,1,68.84475,2014,5,11.429,0.16,11.505,11.490083,888,708,418,2014,2,2,1,5,1.7631E+12,1.7631E+12,light,0.8,80,0,0,2,0,0,0,,,,,,,,
g2_rain_fade,RAIN_FADE,24,,300,2,88,ok,,,1,69.898792,2017,5,11.465,0.125,10.483,10.45662499,889,709,419,2017,2,2,1,5,1.7631E+12,1.7631E+12,light,0.8,80,0,1,2,0.5,0,0,,,,,,,,
g2_rain_fade,RAIN_FADE,24,,300,2,89,ok,,,1,75.029542,2011,5,11.643,0.131,11.468,11.489875,886,708,417,2011,2,2,1,5,1.7631E+12,1.7631E+12,light,0.8,80,0,0,2,0,0,0,,,,,,,,
g2_rain_fade,RAIN_FADE,24,,300,2,90,ok,,,1,72.546292,2017,5,11.641,0.129,10.473,10.439625,889,709,419,2017,2,2,1,5,1.7631E+12,1.7631E+12,light,0.8,80,0,0,2,0,0,0,,,,,,,,
g2_rain_fade,RAIN_FADE,24,,300,2,91,ok,,,1,70.245542,2016,5,10.22,0.146,10.418,10.386,888,709,419,2016,2,2,1,5,1.7631E+12,1.7631E+12,light,0.8,80,0,0,2,0,0,0,,,,,,,,
g2_rain_fade,RAIN_FADE,24,,300,2,92,ok,,,1,71.704792,2017,5,11.699,0.094,10.562,10.528625,889,709,419,2017,2,2,1,5,1.7631E+12,1.7631E+12,light,0.8,80,0,0,2,0,0,0,,,,,,,,
g2_rain_fade,RAIN_FADE,24,,300,2,93,ok,,,1,73.778125,2015,5,10.689,0.106,11.299,11.304,888,709,418,2015,2,2,1,5,1.7631E+12,1.7631E+12,light,0.8,80,0,0,2,0,0,0,,,,,,,,
g2_rain_fade,RAIN_FADE,24,,300,2,94,ok,,,1,68.045792,2017,5,10.538,0.127,11.376,11.362167,889,709,419,2017,2,2,1,5,1.7631E+12,1.7631E+12,light,0.8,80,0,0,2,0,0,0,,,,,,,,
g2_rain_fade,RAIN_FADE,24,,300,2,95,ok,,,1,75.195458,2017,5,10.719,0.127,10.696,10.667208,889,709,419,2017,2,2,1,5,1.7631E+12,1.7631E+12,light,0.8,80,0,0,2,0,0,0,,,,,,,,
g2_rain_fade,RAIN_FADE,24,,300,2,96,ok,,,1,72.316125,2013,5,12.435,0.139,10.74,10.71475,887,708,418,2013,2,2,1,5,1.7631E+12,1.7631E+12,light,0.8,80,0,0,2,0,0,0,,,,,,,,
g2_rain_fade,RAIN_FADE,24,,300,2,97,ok,,,1,72.563375,2011,5,11.516,0.084,10.618,10.594709,886,708,417,2011,2,2,1,5,1.7631E+12,1.7631E+12,light,0.8,80,0,0,2,0,0,0,,,,,,,,
g2_rain_fade,RAIN_FADE,24,,300,2,98,ok,,,1,77.109666,2014,5,10.837,0.149,10.544,10.513958,888,708,418,2014,2,2,1,5,1.7631E+12,1.7631E+12,light,0.8,80,0,0,2,0,0,0,,,,,,,,
g2_rain_fade,RAIN_FADE,24,,300,2,99,ok,,,1,76.338125,2017,5,13.575,0.126,10.578,10.51825,889,709,419,2017,2,2,1,5,1.7631E+12,1.7631E+12,light,0.8,80,0,0,2,0,0,0,,,,,,,,
g2_rain_fade,RAIN_FADE,24,,300,2,100,ok,,,1,70.508666,2014,5,10.279,0.13,10.937,10.911916,887,708,419,2014,2,2,1,5,1.7631E+12,1.7631E+12,light,0.8,80,0,0,2,0,0,0,,,,,,,,
g2_rain_fade,RAIN_FADE,24,,300,2,101,ok,,,1,71.947333,2010,5,10.711,0.118,11.55,11.521042,886,706,418,2010,2,2,1,5,1.7631E+12,1.7631E+12,light,0.8,80,0,0,2,0,0,0,,,,,,,,
g2_rain_fade,RAIN_FADE,24,,300,2,102,ok,,,1,84.186125,2017,5,12.609,0.097,10.413,10.37129101,889,709,419,2017,2,2,1,5,1.7631E+12,1.7631E+12,light,0.8,80,0,0,2,0,0,0,,,,,,,,
g2_rain_fade,RAIN_FADE,24,,300,2,103,ok,,,1,73.648709,2014,5,10.544,0.15,10.699,10.668833,887,708,419,2014,2,2,1,5,1.7631E+12,1.7631E+12,light,0.8,80,0,0,2,0,0,0,,,,,,,,
g2_rain_fade,RAIN_FADE,24,,300,2,104,ok,,,1,72.432708,2012,5,10.237,0.162,10.576,10.557292,887,707,418,2012,2,2,1,5,1.7631E+12,1.7631E+12,light,0.8,80,0,0,2,0,0,0,,,,,,,,
g2_rain_fade,RAIN_FADE,24,,300,2,105,ok,,,1,73.016667,2014,5,11.824,0.132,10.862,10.858084,887,708,419,2014,2,2,1,5,1.7631E+12,1.7631E+12,light,0.8,80,0,0,2,0,0,0,,,,,,,,
g2_rain_fade,RAIN_FADE,24,,300,2,106,ok,,,1,71.879125,2017,5,10.622,0.11,10.46,10.422875,889,709,419,2017,2,2,1,5,1.7631E+12,1.7631E+12,light,0.8,80,0,0,2,0,0,0,,,,,,,,
g2_rain_fade,RAIN_FADE,24,,300,2,107,ok,,,1,74.501792,2013,5,10.761,0.133,10.739,10.726167,887,708,418,2013,2,2,1,5,1.7631E+12,1.7631E+12,light,0.8,80,0,2,2,1,0,0,,,,,,,,
g2_rain_fade,RAIN_FADE,24,,300,2,108,ok,,,1,77.633208,2017,5,14.787,0.11,10.787,10.762208,889,709,419,2017,2,2,1,5,1.7631E+12,1.7631E+12,light,0.8,80,0,0,2,0,0,0,,,,,,,,
g2_rain_fade,RAIN_FADE,24,,300,2,109,ok,,,1,69.9715,2014,5,10.747,0.084,11.426,11.409375,887,709,418,2014,2,2,1,5,1.7631E+12,1.7631E+12,light,0.8,80,0,0,2,0,0,0,,,,,,,,
g2_rain_fade,RAIN_FADE,24,,300,2,110,ok,,,1,73.661,2017,5,11.569,0.118,11.082,11.080917,889,709,419,2017,2,2,1,5,1.7631E+12,1.7631E+12,light,0.8,80,0,0,2,0,0,0,,,,,,,,
g2_rain_fade,RAIN_FADE,24,,300,2,111,ok,,,1,74.864625,2015,5,13.291,0.157,10.729,10.699292,888,709,418,2015,2,2,1,5,1.7631E+12,1.7631E+12,light,0.8,80,0,0,2,0,0,0,,,,,,,,
g2_rain_fade,RAIN_FADE,24,,300,2,112,ok,,,1,78.238708,2014,5,11.733,0.108,11.195,11.16333299,888,708,418,2014,2,2,1,5,1.7631E+12,1.7631E+12,light,0.8,80,0,1,2,0.5,0,0,,,,,,,,
g2_rain_fade,RAIN_FADE,24,,300,2,113,ok,,,1,67.114375,2012,5,11.233,0.106,10.673,10.647,886,708,418,2012,2,2,1,5,1.7631E+12,1.7631E+12,light,0.8,80,0,0,2,0,0,0,,,,,,,,
g2_rain_fade,RAIN_FADE,24,,300,2,114,ok,,,1,72.750083,2008,5,12.319,0.082,10.767,10.746083,885,706,417,2008,2,2,1,5,1.7631E+12,1.7631E+12,light,0.8,80,0,1,3,0.333333333,0,0,,,,,,,,
g2_rain_fade,RAIN_FADE,24,,300,2,115,ok,,,1,74.87225,2013,5,11.543,0.137,10.614,10.592417,887,708,418,2013,2,2,1,5,1.7631E+12,1.7631E+12,light,0.8,80,0,0,2,0,0,0,,,,,,,,
g2_rain_fade,RAIN_FADE,24,,300,2,116,ok,,,1,77.304875,2015,5,10.512,0.084,10.592,10.568416,888,708,419,2015,2,2,1,5,1.7631E+12,1.7631E+12,light,0.8,80,0,2,2,1,0,0,,,,,,,,
g2_rain_fade,RAIN_FADE,24,,300,2,117,ok,,,1,71.748375,2015,5,11.378,0.102,10.839,10.847167,888,709,418,2015,2,2,1,5,1.7631E+12,1.7631E+12,light,0.8,80,0,0,2,0,0,0,,,,,,,,
g2_rain_fade,RAIN_FADE,24,,300,2,118,ok,,,1,72.14724999,2016,5,10.307,0.159,10.965,10.932333,888,709,419,2016,2,2,1,5,1.7631E+12,1.7631E+12,light,0.8,80,0,0,2,0,0,0,,,,,,,,
g2_rain_fade,RAIN_FADE,24,,300,2,119,ok,,,1,70.137333,2012,5,10.759,0.149,11.352,11.383417,886,709,417,2012,2,2,1,5,1.7631E+12,1.7631E+12,light,0.8,80,0,0,2,0,0,0,,,,,,,,
g2_rain_fade,RAIN_FADE,24,,300,2,120,ok,,,1,81.31575,2014,5,19.783,0.143,11.359,11.389083,887,709,418,2014,2,2,1,5,1.7631E+12,1.7631E+12,light,0.8,80,0,0,2,0,0,0,,,,,,,,
g2_rain_fade,RAIN_FADE,24,,300,2,121,ok,,,1,75.416875,2015,5,10.564,0.109,11.417,11.43375001,888,708,419,2015,2,2,1,5,1.7631E+12,1.7631E+12,light,0.8,80,0,0,2,0,0,0,,,,,,,,
g2_rain_fade,RAIN_FADE,24,,300,2,122,ok,,,1,72.691584,2016,5,11.099,0.143,10.878,10.84133299,888,709,419,2016,2,2,1,5,1.7631E+12,1.7631E+12,light,0.8,80,0,0,2,0,0,0,,,,,,,,
g2_rain_fade,RAIN_FADE,24,,300,2,123,ok,,,1,69.062042,2017,5,11.126,0.15,10.566,10.560417,889,709,419,2017,2,2,1,5,1.7631E+12,1.7631E+12,light,0.8,80,0,0,2,0,0,0,,,,,,,,
g2_rain_fade,RAIN_FADE,24,,300,2,124,ok,,,1,76.293125,2017,5,10.513,0.099,10.544,10.512917,889,709,419,2017,2,2,1,5,1.7631E+12,1.7631E+12,light,0.8,80,0,1,2,0.5,0,0,,,,,,,,
g2_rain_fade,RAIN_FADE,24,,300,2,125,ok,,,1,71.024,2016,5,10.428,0.104,10.593,10.568125,888,709,419,2016,2,2,1,5,1.7631E+12,1.7631E+12,light,0.8,80,0,0,2,0,0,0,,,,,,,,
g2_rain_fade,RAIN_FADE,24,,300,2,126,ok,,,1,76.383959,2013,5,11.777,0.095,10.548,10.52125,887,708,418,2013,2,2,1,5,1.7631E+12,1.7631E+12,light,0.8,80,0,2,2,1,0,0,,,,,,,,
g2_rain_fade,RAIN_FADE,24,,300,2,127,ok,,,1,74.671167,2017,5,10.63,0.102,10.945,10.932875,889,709,419,2017,2,2,1,5,1.7631E+12,1.7631E+12,light,0.8,80,0,0,2,0,0,0,,,,,,,,
g2_rain_fade,RAIN_FADE,24,,300,2,128,ok,,,1,74.796083,2017,5,10.554,0.088,10.69,10.663375,889,709,419,2017,2,2,1,5,1.7631E+12,1.7631E+12,light,0.8,80,0,0,2,0,0,0,,,,,,,,
g2_rain_fade,RAIN_FADE,24,,300,2,129,ok,,,1,73.004125,2012,5,10.652,0.096,11.128,11.13475,887,707,418,2012,2,2,1,5,1.7631E+12,1.7631E+12,light,0.8,80,0,0,2,0,0,0,,,,,,,,
g2_rain_fade,RAIN_FADE,24,,300,2,130,ok,,,1,69.12525,2009,5,10.535,0.119,11.054,11.01825,886,706,417,2009,2,2,1,5,1.7631E+12,1.7631E+12,light,0.8,80,0,0,2,0,0,0,,,,,,,,
g2_rain_fade,RAIN_FADE,24,,300,2,131,ok,,,1,72.27304101,2012,5,10.462,0.137,10.743,10.714917,886,709,417,2012,2,2,1,5,1.7631E+12,1.7631E+12,light,0.8,80,0,0,2,0,0,0,,,,,,,,
g2_rain_fade,RAIN_FADE,24,,300,2,132,ok,,,1,72.053416,2008,5,11.618,0.114,11.083,11.108667,885,706,417,2008,2,2,1,5,1.7631E+12,1.7631E+12,light,0.8,80,0,0,2,0,0,0,,,,,,,,
g2_rain_fade,RAIN_FADE,24,,300,2,133,ok,,,1,74.876375,2017,5,10.324,0.094,10.706,10.67375,889,709,419,2017,2,2,1,5,1.7631E+12,1.7631E+12,light,0.8,80,0,2,2,1,0,0,,,,,,,,
g2_rain_fade,RAIN_FADE,24,,300,2,134,ok,,,1,76.508291,2014,5,10.461,0.133,10.556,10.530083,888,708,418,2014,2,2,1,5,1.7631E+12,1.7631E+12,light,0.8,80,0,0,2,0,0,0,,,,,,,,
g2_rain_fade,RAIN_FADE,24,,300,2,135,ok,,,1,73.965333,2010,5,10.761,0.106,10.644,10.619834,885,707,418,2010,2,2,1,5,1.7631E+12,1.7631E+12,light,0.8,80,0,1,2,0.5,0,0,,,,,,,,
g2_rain_fade,RAIN_FADE,24,,300,2,136,ok,,,1,76.340542,2010,5,10.645,0.149,11.161,11.123583,886,707,417,2010,2,2,1,5,1.7631E+12,1.7631E+12,light,0.8,80,0,0,2,0,0,0,,,,,,,,
g2_rain_fade,RAIN_FADE,24,,300,2,137,ok,,,1,72.159125,2012,5,11.207,0.129,11.425,11.40375,887,707,418,2012,2,2,1,5,1.7631E+12,1.7631E+12,light,0.8,80,0,0,2,0,0,0,,,,,,,,
g2_rain_fade,RAIN_FADE,24,,300,2,138,ok,,,1,74.621625,2009,5,10.87,0.113,11.534,11.493416,885,707,417,2009,2,2,1,5,1.7631E+12,1.7631E+12,light,0.8,80,0,0,2,0,0,0,,,,,,,,
g2_rain_fade,RAIN_FADE,24,,300,2,139,ok,,,1,77.575125,2015,5,10.595,0.094,10.657,10.618459,888,709,418,2015,2,2,1,5,1.7631E+12,1.7631E+12,light,0.8,80,0,0,2,0,0,0,,,,,,,,
g2_rain_fade,RAIN_FADE,24,,300,2,140,ok,,,1,70.50475,2007,5,10.847,0.136,10.867,10.841209,885,707,415,2007,2,2,1,5,1.7631E+12,1.7631E+12,light,0.8,80,0,0,2,0,0,0,,,,,,,,
g2_rain_fade,RAIN_FADE,24,,300,2,141,ok,,,1,68.358834,2017,5,10.879,0.099,11.207,11.207166,889,709,419,2017,2,2,1,5,1.7631E+12,1.7631E+12,light,0.8,80,0,0,2,0,0,0,,,,,,,,
g2_rain_fade,RAIN_FADE,24,,300,2,142,ok,,,1,68.825292,2016,5,11.398,0.128,10.473,10.439333,888,709,419,2016,2,2,1,5,1.7631E+12,1.7631E+12,light,0.8,80,0,0,2,0,0,0,,,,,,,,
g2_rain_fade,RAIN_FADE,24,,300,2,143,ok,,,1,77.464584,2013,5,11.941,0.129,11.641,11.6135,887,709,417,2013,2,2,1,5,1.7631E+12,1.7631E+12,light,0.8,80,0,0,2,0,0,0,,,,,,,,
g2_rain_fade,RAIN_FADE,24,,300,2,144,ok,,,1,73.213709,2013,5,10.359,0.122,11.03,10.999958,887,708,418,2013,2,2,1,5,1.7631E+12,1.7631E+12,light,0.8,80,0,0,2,0,0,0,,,,,,,,
g2_rain_fade,RAIN_FADE,24,,300,2,145,ok,,,1,72.20904101,2013,5,11.727,0.135,10.661,10.628333,887,708,418,2013,2,2,1,5,1.7631E+12,1.7631E+12,light,0.8,80,0,0,2,0,0,0,,,,,,,,
g2_rain_fade,RAIN_FADE,24,,300,2,146,ok,,,1,75.813375,2015,5,12.306,0.105,10.358,10.313291,888,708,419,2015,2,2,1,5,1.7631E+12,1.7631E+12,light,0.8,80,0,0,2,0,0,0,,,,,,,,
g2_rain_fade,RAIN_FADE,24,,300,2,147,ok,,,1,69.895833,1991,5,10.903,0.134,10.75,10.739209,876,709,406,1991,2,2,1,5,1.7631E+12,1.7631E+12,light,0.8,80,0,0,2,0,0,0,,,,,,,,
g2_rain_fade,RAIN_FADE,24,,300,2,148,ok,,,1,82.419084,2012,5,14.526,0.253,13.835,13.830667,887,707,418,2012,2,2,1,5,1.7631E+12,1.7631E+12,light,0.8,80,0,2,5,0.4,0,0,,,,,,,,
g2_rain_fade,RAIN_FADE,24,,300,2,149,ok,,,1,73.87629199,2015,5,10.657,0.137,10.864,10.820708,888,708,419,2015,2,2,1,5,1.7631E+12,1.7631E+12,light,0.8,80,0,0,2,0,0,0,,,,,,,,
g2_rain_fade,RAIN_FADE,24,,300,2,150,ok,,,1,73.25054101,2015,5,12.039,0.12,11.578,11.675625,888,708,419,2015,2,2,1,5,1.7631E+12,1.7631E+12,light,0.8,80,0,2,2,1,0,0,,,,,,,,
g2_rain_fade,RAIN_FADE,24,,300,2,151,ok,,,1,70.945625,2017,5,10.509,0.129,10.691,10.648375,889,709,419,2017,2,2,1,5,1.7631E+12,1.7631E+12,light,0.8,80,0,0,2,0,0,0,,,,,,,,
g2_rain_fade,RAIN_FADE,24,,300,2,152,ok,,,1,77.397333,2017,5,11.883,0.144,10.971,10.938666,889,709,419,2017,2,2,1,5,1.7631E+12,1.7631E+12,light,0.8,80,0,0,2,0,0,0,,,,,,,,
g2_rain_fade,RAIN_FADE,24,,300,2,153,ok,,,1,72.553334,2015,5,11.304,0.136,11.555,11.533084,888,709,418,2015,2,2,1,5,1.7631E+12,1.7631E+12,light,0.8,80,0,0,2,0,0,0,,,,,,,,
g2_rain_fade,RAIN_FADE,24,,300,2,154,ok,,,1,76.62975,2012,5,11.559,0.132,11.528,11.55404199,887,707,418,2012,2,2,1,5,1.7631E+12,1.7631E+12,light,0.8,80,0,0,2,0,0,0,,,,,,,,
g2_rain_fade,RAIN_FADE,24,,300,2,155,ok,,,1,69.813541,2012,5,10.791,0.143,10.675,10.637,887,707,418,2012,2,2,1,5,1.7631E+12,1.7631E+12,light,0.8,80,0,0,2,0,0,0,,,,,,,,
g2_rain_fade,RAIN_FADE,24,,300,2,156,ok,,,1,80.252834,2012,5,10.647,0.086,10.484,10.46225,887,708,417,2012,2,2,1,5,1.7631E+12,1.7631E+12,light,0.8,80,0,0,2,0,0,0,,,,,,,,
g2_rain_fade,RAIN_FADE,24,,300,2,157,ok,,,1,73.176917,2012,5,10.679,0.095,11.54,11.520459,887,708,417,2012,2,2,1,5,1.7631E+12,1.7631E+12,light,0.8,80,0,0,2,0,0,0,,,,,,,,
g2_rain_fade,RAIN_FADE,24,,300,2,158,ok,,,1,68.358125,2012,5,11.164,0.162,10.739,10.704583,887,708,417,2012,2,2,1,5,1.7631E+12,1.7631E+12,light,0.8,80,0,0,2,0,0,0,,,,,,,,
g2_rain_fade,RAIN_FADE,24,,300,2,159,ok,,,1,78.7175,2015,5,11.715,0.094,10.326,10.3105,888,708,419,2015,2,2,1,5,1.7631E+12,1.7631E+12,light,0.8,80,0,0,2,0,0,0,,,,,,,,
g2_rain_fade,RAIN_FADE,24,,300,2,160,ok,,,1,74.454125,2014,5,10.638,0.093,10.556,10.516416,888,708,418,2014,2,2,1,5,1.7631E+12,1.7631E+12,light,0.8,80,0,1,2,0.5,0,0,,,,,,,,
g2_rain_fade,RAIN_FADE,24,,300,2,161,ok,,,1,77.08675,2013,5,10.488,0.098,11.226,11.222917,887,708,418,2013,2,2,1,5,1.7631E+12,1.7631E+12,light,0.8,80,0,1,2,0.5,0,0,,,,,,,,
g2_rain_fade,RAIN_FADE,24,,300,2,162,ok,,,1,81.021834,2017,5,12.048,0.125,11.374,11.35345799,889,709,419,2017,2,2,1,5,1.7631E+12,1.7631E+12,light,0.8,80,0,2,2,1,0,0,,,,,,,,
g2_rain_fade,RAIN_FADE,24,,300,2,163,ok,,,1,73.29875,2009,5,11.086,0.09,10.554,10.521875,886,706,417,2009,2,2,1,5,1.7631E+12,1.7631E+12,light,0.8,80,0,0,2,0,0,0,,,,,,,,
g2_rain_fade,RAIN_FADE,24,,300,2,164,ok,,,1,75.426125,2013,5,10.79,0.09,10.562,10.520792,887,708,418,2013,2,2,1,5,1.7631E+12,1.7631E+12,light,0.8,80,0,0,2,0,0,0,,,,,,,,
g2_rain_fade,RAIN_FADE,24,,300,2,165,ok,,,1,72.663333,2013,5,10.604,0.143,10.46,10.446417,887,708,418,2013,2,2,1,5,1.7631E+12,1.7631E+12,light,0.8,80,0,1,2,0.5,0,0,,,,,,,,
g2_rain_fade,RAIN_FADE,24,,300,2,166,ok,,,1,74.997167,2015,5,11.361,0.135,12.334,12.3215,888,708,419,2015,2,2,1,5,1.7631E+12,1.7631E+12,light,0.8,80,0,0,2,0,0,0,,,,,,,,
g2_rain_fade,RAIN_FADE,24,,300,2,167,ok,,,1,70.257958,2014,5,11.412,0.117,10.735,10.703292,888,708,418,2014,2,2,1,5,1.7631E+12,1.7631E+12,light,0.8,80,0,0,2,0,0,0,,,,,,,,
g2_rain_fade,RAIN_FADE,24,,300,2,168,ok,,,1,72.22575,2015,5,10.756,0.122,11.397,11.441333,888,709,418,2015,2,2,1,5,1.7631E+12,1.7631E+12,light,0.8,80,0,0,2,0,0,0,,,,,,,,
g2_rain_fade,RAIN_FADE,24,,300,2,169,ok,,,1,73.420875,2016,5,11.838,0.145,12.695,12.893833,888,709,419,2016,2,2,1,5,1.7631E+12,1.7631E+12,light,0.8,80,0,2,5,0.4,0,0,,,,,,,,
g2_rain_fade,RAIN_FADE,24,,300,2,170,ok,,,1,68.28645901,2015,5,10.361,0.136,10.672,10.63675,888,709,418,2015,2,2,1,5,1.7631E+12,1.7631E+12,light,0.8,80,0,0,2,0,0,0,,,,,,,,
g2_rain_fade,RAIN_FADE,24,,300,2,171,ok,,,1,77.795875,2015,5,11.014,0.092,10.69,10.653417,888,708,419,2015,2,2,1,5,1.7631E+12,1.7631E+12,light,0.8,80,0,0,2,0,0,0,,,,,,,,
g2_rain_fade,RAIN_FADE,24,,300,2,172,ok,,,1,67.187334,2012,5,10.662,0.086,11.987,11.977333,887,707,418,2012,2,2,1,5,1.7631E+12,1.7631E+12,light,0.8,80,0,0,2,0,0,0,,,,,,,,
g2_rain_fade,RAIN_FADE,24,,300,2,173,ok,,,1,70.14625,2015,5,10.608,0.11,10.74,10.711125,888,709,418,2015,2,2,1,5,1.7631E+12,1.7631E+12,light,0.8,80,0,0,2,0,0,0,,,,,,,,
g2_rain_fade,RAIN_FADE,24,,300,2,174,ok,,,1,73.599708,2011,5,10.35,0.141,10.833,10.795125,887,707,417,2011,2,2,1,5,1.7631E+12,1.7631E+12,light,0.8,80,0,0,2,0,0,0,,,,,,,,
g2_rain_fade,RAIN_FADE,24,,300,2,175,ok,,,1,75.416709,2017,5,11.918,0.089,11.345,11.377583,889,709,419,2017,2,2,1,5,1.7631E+12,1.7631E+12,light,0.8,80,0,0,2,0,0,0,,,,,,,,
g2_rain_fade,RAIN_FADE,24,,300,2,176,ok,,,1,78.486375,2014,5,10.467,0.129,10.687,10.659709,888,708,418,2014,2,2,1,5,1.7631E+12,1.7631E+12,light,0.8,80,0,0,2,0,0,0,,,,,,,,
g2_rain_fade,RAIN_FADE,24,,300,2,177,ok,,,1,82.4325,2017,5,14.523,0.203,11.029,11.01516699,889,709,419,2017,2,2,1,5,1.7631E+12,1.7631E+12,light,0.8,80,0,0,2,0,0,0,,,,,,,,
g2_rain_fade,RAIN_FADE,24,,300,2,178,ok,,,1,71.293959,2014,5,10.49,0.098,11.206,11.191584,887,708,419,2014,2,2,1,5,1.7631E+12,1.7631E+12,light,0.8,80,0,0,2,0,0,0,,,,,,,,
g2_rain_fade,RAIN_FADE,24,,300,2,179,ok,,,1,72.345792,2017,5,10.666,0.088,10.606,10.564,889,709,419,2017,2,2,1,5,1.7631E+12,1.7631E+12,light,0.8,80,0,0,2,0,0,0,,,,,,,,
g2_rain_fade,RAIN_FADE,24,,300,2,180,ok,,,1,70.38245899,2015,5,12.087,0.144,11.315,11.29925,887,709,419,2015,2,2,1,5,1.7631E+12,1.7631E+12,light,0.8,80,0,0,2,0,0,0,,,,,,,,
g2_rain_fade,RAIN_FADE,24,,300,2,181,ok,,,1,70.544,2013,5,11.625,0.135,11.618,11.598959,887,708,418,2013,2,2,1,5,1.7631E+12,1.7631E+12,light,0.8,80,0,0,2,0,0,0,,,,,,,,
g2_rain_fade,RAIN_FADE,24,,300,2,182,ok,,,1,75.145375,2017,5,10.44,0.111,10.71,10.685042,889,709,419,2017,2,2,1,5,1.7631E+12,1.7631E+12,light,0.8,80,0,0,2,0,0,0,,,,,,,,
g2_rain_fade,RAIN_FADE,24,,300,2,183,ok,,,1,73.987042,2002,5,10.774,0.093,10.462,10.419541,883,706,413,2002,2,2,1,5,1.7631E+12,1.7631E+12,light,0.8,80,0,0,2,0,0,0,,,,,,,,
g2_rain_fade,RAIN_FADE,24,,300,2,184,ok,,,1,69.65525,2015,5,10.402,0.152,11.446,11.41625,888,709,418,2015,2,2,1,5,1.7631E+12,1.7631E+12,light,0.8,80,0,0,2,0,0,0,,,,,,,,
g2_rain_fade,RAIN_FADE,24,,300,2,185,ok,,,1,72.525417,2013,5,11.38,0.131,10.718,10.704917,887,708,418,2013,2,2,1,5,1.7631E+12,1.7631E+12,light,0.8,80,0,0,2,0,0,0,,,,,,,,
g2_rain_fade,RAIN_FADE,24,,300,2,186,ok,,,1,71.49620799,2014,5,10.572,0.158,10.998,10.962125,887,709,418,2014,2,2,1,5,1.7631E+12,1.7631E+12,light,0.8,80,0,0,2,0,0,0,,,,,,,,
g2_rain_fade,RAIN_FADE,24,,300,2,187,ok,,,1,74.24225,2013,5,10.547,0.12,11.968,11.9965,887,708,418,2013,2,2,1,5,1.7631E+12,1.7631E+12,light,0.8,80,0,0,2,0,0,0,,,,,,,,
g2_rain_fade,RAIN_FADE,24,,300,2,188,ok,,,1,70.501167,2012,5,11.235,0.11,11.197,11.220208,887,707,418,2012,2,2,1,5,1.7631E+12,1.7631E+12,light,0.8,80,0,0,2,0,0,0,,,,,,,,
g2_rain_fade,RAIN_FADE,24,,300,2,189,ok,,,1,77.265041,2012,5,12.238,0.13,10.73,10.709292,886,708,418,2012,2,2,1,5,1.7631E+12,1.7631E+12,light,0.8,80,0,1,2,0.5,0,0,,,,,,,,
g2_rain_fade,RAIN_FADE,24,,300,2,190,ok,,,1,71.371916,2012,5,10.419,0.15,10.889,10.85725,887,708,417,2012,2,2,1,5,1.7631E+12,1.7631E+12,light,0.8,80,0,0,2,0,0,0,,,,,,,,
g2_rain_fade,RAIN_FADE,24,,300,2,191,ok,,,1,71.694584,2015,5,10.83,0.133,11.156,11.112791,888,708,419,2015,2,2,1,5,1.7631E+12,1.7631E+12,light,0.8,80,0,0,2,0,0,0,,,,,,,,
g2_rain_fade,RAIN_FADE,24,,300,2,192,ok,,,2,73.134,2013,5,11.426,0.128,11.923,11.954875,887,708,418,2013,2,2,1,5,1.7631E+12,1.7631E+12,light,0.8,80,0,0,4,0,0,0,,,,,,,,
g2_rain_fade,RAIN_FADE,24,,300,2,193,ok,,,1,75.144084,2017,5,10.511,0.148,10.831,10.812083,889,709,419,2017,2,2,1,5,1.7631E+12,1.7631E+12,light,0.8,80,0,2,2,1,0,0,,,,,,,,
g2_rain_fade,RAIN_FADE,24,,300,2,194,ok,,,1,73.65804201,2013,5,11.453,0.144,10.54,10.519292,886,708,419,2013,2,2,1,5,1.7631E+12,1.7631E+12,light,0.8,80,0,0,2,0,0,0,,,,,,,,
g2_rain_fade,RAIN_FADE,24,,300,2,195,ok,,,1,78.267709,2010,5,12.083,0.157,10.808,10.776708,886,706,418,2010,2,2,1,5,1.7631E+12,1.7631E+12,light,0.8,80,0,0,2,0,0,0,,,,,,,,
g2_rain_fade,RAIN_FADE,24,,300,2,196,ok,,,1,75.084875,2015,5,10.887,0.127,10.776,10.757667,888,708,419,2015,2,2,1,5,1.7631E+12,1.7631E+12,light,0.8,80,0,1,2,0.5,0,0,,,,,,,,
g2_rain_fade,RAIN_FADE,24,,300,2,197,ok,,,1,78.097125,2015,5,11.763,0.147,11.568,11.560792,888,709,418,2015,2,2,1,5,1.7631E+12,1.7631E+12,light,0.8,80,0,0,2,0,0,0,,,,,,,,
g2_rain_fade,RAIN_FADE,24,,300,2,198,ok,,,1,77.941584,2011,5,11.414,0.159,10.797,10.7745,887,707,417,2011,2,2,1,5,1.7631E+12,1.7631E+12,light,0.8,80,0,2,2,1,0,0,,,,,,,,
g2_rain_fade,RAIN_FADE,24,,300,2,199,ok,,,1,70.246916,2008,5,10.492,0.098,10.752,10.726292,885,707,416,2008,2,2,1,5,1.7631E+12,1.7631E+12,light,0.8,80,0,0,2,0,0,0,,,,,,,,
g2_rain_fade,RAIN_FADE,24,,300,2,200,ok,,,1,70.263875,2014,5,11.19,0.157,11.92,12.214125,888,708,418,2014,2,2,1,5,1.7631E+12,1.7631E+12,light,0.8,80,0,0,2,0,0,0,,,,,,,,
g2_rain_fade,RAIN_FADE,24,,300,2,201,ok,,,1,72.609,2014,5,12.313,0.114,10.558,10.5385,888,708,418,2014,2,2,1,5,1.7631E+12,1.7631E+12,light,0.8,80,0,0,2,0,0,0,,,,,,,,
g2_rain_fade,RAIN_FADE,24,,300,2,202,ok,,,1,75.764792,2012,5,12.079,0.101,10.732,10.707291,887,707,418,2012,2,2,1,5,1.7631E+12,1.7631E+12,light,0.8,80,0,0,2,0,0,0,,,,,,,,
g2_rain_fade,RAIN_FADE,24,,300,2,203,ok,,,1,76.4185,2014,5,12.892,0.177,11.934,11.895375,888,708,418,2014,2,2,1,5,1.7631E+12,1.7631E+12,light,0.8,80,0,0,2,0,0,0,,,,,,,,
g2_rain_fade,RAIN_FADE,24,,300,2,204,ok,,,1,73.529458,2010,5,10.543,0.116,10.613,10.575416,886,708,416,2010,2,2,1,5,1.7631E+12,1.7631E+12,light,0.8,80,0,0,2,0,0,0,,,,,,,,
g2_rain_fade,RAIN_FADE,24,,300,2,205,ok,,,1,76.322291,2012,5,11.443,0.096,10.684,10.644417,887,708,417,2012,2,2,1,5,1.7631E+12,1.7631E+12,light,0.8,80,0,0,2,0,0,0,,,,,,,,
g2_rain_fade,RAIN_FADE,24,,300,2,206,ok,,,1,70.377334,2013,5,10.863,0.121,11.611,11.573541,887,708,418,2013,2,2,1,5,1.7631E+12,1.7631E+12,light,0.8,80,0,0,2,0,0,0,,,,,,,,
g2_rain_fade,RAIN_FADE,24,,300,2,207,ok,,,1,74.167542,2015,5,10.505,0.09,11.184,11.148917,888,708,419,2015,2,2,1,5,1.7631E+12,1.7631E+12,light,0.8,80,0,0,2,0,0,0,,,,,,,,
g2_rain_fade,RAIN_FADE,24,,300,2,208,ok,,,1,69.881792,2015,5,10.639,0.101,10.803,10.7785,888,708,419,2015,2,2,1,5,1.7631E+12,1.7631E+12,light,0.8,80,0,0,2,0,0,0,,,,,,,,
g2_rain_fade,RAIN_FADE,24,,300,2,209,ok,,,1,75.604375,2014,5,11.005,0.099,11.24,11.30487501,887,709,418,2014,2,2,1,5,1.7631E+12,1.7631E+12,light,0.8,80,0,0,2,0,0,0,,,,,,,,
g2_rain_fade,RAIN_FADE,24,,300,2,210,ok,,,1,71.168792,2014,5,11.464,0.096,10.977,10.948834,888,708,418,2014,2,2,1,5,1.7631E+12,1.7631E+12,light,0.8,80,0,0,2,0,0,0,,,,,,,,
g2_rain_fade,RAIN_FADE,24,,300,2,211,ok,,,1,74.726666,2012,5,10.789,0.136,11.549,11.587834,887,707,418,2012,2,2,1,5,1.7631E+12,1.7631E+12,light,0.8,80,0,0,2,0,0,0,,,,,,,,
g2_rain_fade,RAIN_FADE,24,,300,2,212,ok,,,1,66.785542,2017,5,10.345,0.104,10.411,10.384584,889,709,419,2017,2,2,1,5,1.7631E+12,1.7631E+12,light,0.8,80,0,2,2,1,0,0,,,,,,,,
g2_rain_fade,RAIN_FADE,24,,300,2,213,ok,,,1,66.86775,2017,5,11.242,0.13,11.004,10.978791,889,709,419,2017,2,2,1,5,1.7631E+12,1.7631E+12,light,0.8,80,0,0,2,0,0,0,,,,,,,,
g2_rain_fade,RAIN_FADE,24,,300,2,214,ok,,,1,75.995291,2013,5,11.533,0.11,10.647,10.62154199,887,708,418,2013,2,2,1,5,1.7631E+12,1.7631E+12,light,0.8,80,0,0,2,0,0,0,,,,,,,,
g2_rain_fade,RAIN_FADE,24,,300,2,215,ok,,,1,75.855209,2017,5,10.671,0.096,10.497,10.472,889,709,419,2017,2,2,1,5,1.7631E+12,1.7631E+12,light,0.8,80,0,0,2,0,0,0,,,,,,,,
g2_rain_fade,RAIN_FADE,24,,300,2,216,ok,,,1,84.663916,2009,5,11.071,0.097,10.367,10.337375,885,707,417,2009,2,2,1,5,1.7631E+12,1.7631E+12,light,0.8,80,0,1,2,0.5,0,0,,,,,,,,
g2_rain_fade,RAIN_FADE,24,,300,2,217,ok,,,1,76.822208,2015,5,12.468,0.096,10.673,10.637833,888,708,419,2015,2,2,1,5,1.7631E+12,1.7631E+12,light,0.8,80,0,0,2,0,0,0,,,,,,,,
g2_rain_fade,RAIN_FADE,24,,300,2,218,ok,,,1,74.94325,2013,5,11.714,0.119,10.492,10.45875,887,708,418,2013,2,2,1,5,1.7631E+12,1.7631E+12,light,0.8,80,0,0,2,0,0,0,,,,,,,,
g2_rain_fade,RAIN_FADE,24,,300,2,219,ok,,,1,73.717167,2011,5,11.107,0.13,10.58,10.551167,886,707,418,2011,2,2,1,5,1.7631E+12,1.7631E+12,light,0.8,80,0,0,2,0,0,0,,,,,,,,
g2_rain_fade,RAIN_FADE,24,,300,2,220,ok,,,1,72.938458,2015,5,11.194,0.133,10.545,10.511917,888,709,418,2015,2,2,1,5,1.7631E+12,1.7631E+12,light,0.8,80,0,0,2,0,0,0,,,,,,,,
g2_rain_fade,RAIN_FADE,24,,300,2,221,ok,,,1,78.787375,2015,5,10.937,0.125,11.057,11.28270901,888,708,419,2015,2,2,1,5,1.7631E+12,1.7631E+12,light,0.8,80,0,0,2,0,0,0,,,,,,,,
g2_rain_fade,RAIN_FADE,24,,300,2,222,ok,,,1,70.030834,2010,5,10.52,0.185,10.706,10.683875,886,707,417,2010,2,2,1,5,1.7631E+12,1.7631E+12,light,0.8,80,0,0,2,0,0,0,,,,,,,,
g2_rain_fade,RAIN_FADE,24,,300,2,223,ok,,,1,72.243459,2011,5,11.02,0.13,11.836,11.835417,886,708,417,2011,2,2,1,5,1.7631E+12,1.7631E+12,light,0.8,80,0,0,2,0,0,0,,,,,,,,
g2_rain_fade,RAIN_FADE,24,,300,2,224,ok,,,1,71.62875,2014,5,10.443,0.093,10.67,10.64254199,887,708,419,2014,2,2,1,5,1.7631E+12,1.7631E+12,light,0.8,80,0,0,2,0,0,0,,,,,,,,
g2_rain_fade,RAIN_FADE,24,,300,2,225,ok,,,1,76.885958,2017,5,11.314,0.103,10.597,10.56,889,709,419,2017,2,2,1,5,1.7631E+12,1.7631E+12,light,0.8,80,0,0,2,0,0,0,,,,,,,,
g2_rain_fade,RAIN_FADE,24,,300,2,226,ok,,,1,74.761084,2017,5,11.439,0.107,10.489,10.467334,889,709,419,2017,2,2,1,5,1.7631E+12,1.7631E+12,light,0.8,80,0,1,2,0.5,0,0,,,,,,,,
g2_rain_fade,RAIN_FADE,24,,300,2,227,ok,,,1,76.483792,2012,5,10.248,0.093,11.042,11.039708,887,707,418,2012,2,2,1,5,1.7631E+12,1.7631E+12,light,0.8,80,0,0,2,0,0,0,,,,,,,,
g2_rain_fade,RAIN_FADE,24,,300,2,228,ok,,,1,77.58125,2016,5,12.593,0.151,10.872,10.864792,888,709,419,2016,2,2,1,5,1.7631E+12,1.7631E+12,light,0.8,80,0,1,2,0.5,0,0,,,,,,,,
g2_rain_fade,RAIN_FADE,24,,300,2,229,ok,,,1,76.882333,2007,5,12.384,0.115,10.336,10.310166,885,706,416,2007,2,2,1,5,1.7631E+12,1.7631E+12,light,0.8,80,0,0,2,0,0,0,,,,,,,,
g2_rain_fade,RAIN_FADE,24,,300,2,230,ok,,,1,73.55720799,2017,5,10.656,0.092,10.525,10.499417,889,709,419,2017,2,2,1,5,1.7631E+12,1.7631E+12,light,0.8,80,0,0,2,0,0,0,,,,,,,,
g2_rain_fade,RAIN_FADE,24,,300,2,231,ok,,,1,75.076167,2011,5,10.481,0.236,10.92,10.89625,886,707,418,2011,2,2,1,5,1.7631E+12,1.7631E+12,light,0.8,80,0,1,2,0.5,0,0,,,,,,,,
g2_rain_fade,RAIN_FADE,24,,300,2,232,ok,,,1,70.168375,2017,5,10.958,0.101,11.412,11.465334,889,709,419,2017,2,2,1,5,1.7631E+12,1.7631E+12,light,0.8,80,0,0,2,0,0,0,,,,,,,,
g2_rain_fade,RAIN_FADE,24,,300,2,233,ok,,,1,78.139209,2017,5,12.606,0.107,10.538,10.498333,889,709,419,2017,2,2,1,5,1.7631E+12,1.7631E+12,light,0.8,80,0,2,2,1,0,0,,,,,,,,
g2_rain_fade,RAIN_FADE,24,,300,2,234,ok,,,1,72.10475,2015,5,10.835,0.091,10.492,10.452375,888,709,418,2015,2,2,1,5,1.7631E+12,1.7631E+12,light,0.8,80,0,0,2,0,0,0,,,,,,,,
g2_rain_fade,RAIN_FADE,24,,300,2,235,ok,,,1,88.87725,2012,5,15.009,0.128,10.434,10.40925,887,707,418,2012,2,2,1,5,1.7631E+12,1.7631E+12,light,0.8,80,0,0,2,0,0,0,,,,,,,,
g2_rain_fade,RAIN_FADE,24,,300,2,236,ok,,,1,74.405958,2015,5,12.163,0.106,10.694,10.675792,887,709,419,2015,2,2,1,5,1.7631E+12,1.7631E+12,light,0.8,80,0,0,2,0,0,0,,,,,,,,
g2_rain_fade,RAIN_FADE,24,,300,2,237,ok,,,1,72.427291,2014,5,11.657,0.117,10.915,10.9235,888,708,418,2014,2,2,1,5,1.7631E+12,1.7631E+12,light,0.8,80,0,0,2,0,0,0,,,,,,,,
g2_rain_fade,RAIN_FADE,24,,300,2,238,ok,,,1,71.780542,2013,5,10.569,0.12,10.648,10.615625,887,709,417,2013,2,2,1,5,1.7631E+12,1.7631E+12,light,0.8,80,0,0,2,0,0,0,,,,,,,,
g2_rain_fade,RAIN_FADE,24,,300,2,239,ok,,,1,73.460667,2013,5,11.813,0.127,10.866,10.828875,887,708,418,2013,2,2,1,5,1.7631E+12,1.7631E+12,light,0.8,80,0,2,2,1,0,0,,,,,,,,
g2_rain_fade,RAIN_FADE,24,,300,2,240,ok,,,1,70.999542,2015,5,10.622,0.104,10.749,10.73475,888,709,418,2015,2,2,1,5,1.7631E+12,1.7631E+12,light,0.8,80,0,0,2,0,0,0,,,,,,,,
g2_rain_fade,RAIN_FADE,24,,300,2,241,ok,,,1,73.223625,2014,5,10.365,0.124,10.664,10.619334,888,708,418,2014,2,2,1,5,1.7631E+12,1.7631E+12,light,0.8,80,0,0,2,0,0,0,,,,,,,,
g2_rain_fade,RAIN_FADE,24,,300,2,242,ok,,,1,76.657292,2017,5,10.967,0.111,11.601,11.744125,889,709,419,2017,2,2,1,5,1.7631E+12,1.7631E+12,light,0.8,80,0,0,2,0,0,0,,,,,,,,
g2_rain_fade,RAIN_FADE,24,,300,2,243,ok,,,1,70.89229101,2017,5,10.575,0.116,10.547,10.471583,889,709,419,2017,2,2,1,5,1.7631E+12,1.7631E+12,light,0.8,80,0,0,2,0,0,0,,,,,,,,
g2_rain_fade,RAIN_FADE,24,,300,2,244,ok,,,1,70.892625,2013,5,11.24,0.091,10.403,10.362208,887,707,419,2013,2,2,1,5,1.7631E+12,1.7631E+12,light,0.8,80,0,0,2,0,0,0,,,,,,,,
g2_rain_fade,RAIN_FADE,24,,300,2,245,ok,,,1,73.004625,2012,5,10.727,0.143,10.711,10.687833,886,708,418,2012,2,2,1,5,1.7631E+12,1.7631E+12,light,0.8,80,0,0,2,0,0,0,,,,,,,,
g2_rain_fade,RAIN_FADE,24,,300,2,246,ok,,,1,74.171333,2010,5,11.98,0.094,10.391,10.421125,886,708,416,2010,2,2,1,5,1.7631E+12,1.7631E+12,light,0.8,80,0,0,2,0,0,0,,,,,,,,
g2_rain_fade,RAIN_FADE,24,,300,2,247,ok,,,1,71.0755,2012,5,10.732,0.09,11.371,11.366291,887,707,418,2012,2,2,1,5,1.7631E+12,1.7631E+12,light,0.8,80,0,0,2,0,0,0,,,,,,,,
g2_rain_fade,RAIN_FADE,24,,300,2,248,ok,,,1,70.7675,2017,5,10.69,0.107,10.463,10.426041,889,709,419,2017,2,2,1,5,1.7631E+12,1.7631E+12,light,0.8,80,0,0,2,0,0,0,,,,,,,,
g2_rain_fade,RAIN_FADE,24,,300,2,249,ok,,,1,72.63875,2017,5,11.569,0.102,11.161,11.158125,889,709,419,2017,2,2,1,5,1.7631E+12,1.7631E+12,light,0.8,80,0,0,2,0,0,0,,,,,,,,
g2_rain_fade,RAIN_FADE,24,,300,2,250,ok,,,1,82.0275,2012,5,10.954,0.094,11.114,11.121083,886,708,418,2012,2,2,1,5,1.7631E+12,1.7631E+12,light,0.8,80,0,0,2,0,0,0,,,,,,,,
g2_rain_fade,RAIN_FADE,24,,300,2,251,ok,,,1,74.418917,2012,5,10.594,0.151,11.28,11.263291,887,707,418,2012,2,2,1,5,1.7631E+12,1.7631E+12,light,0.8,80,0,2,2,1,0,0,,,,,,,,
g2_rain_fade,RAIN_FADE,24,,300,2,252,ok,,,1,78.354833,2008,5,11.057,0.111,10.545,10.501583,885,707,416,2008,2,2,1,5,1.7631E+12,1.7631E+12,light,0.8,80,0,0,2,0,0,0,,,,,,,,
g2_rain_fade,RAIN_FADE,24,,300,2,253,ok,,,1,71.369375,2017,5,12.085,0.149,10.833,10.81075,889,709,419,2017,2,2,1,5,1.7631E+12,1.7631E+12,light,0.8,80,0,0,2,0,0,0,,,,,,,,
g2_rain_fade,RAIN_FADE,24,,300,2,254,ok,,,1,73.25175,2016,5,10.479,0.141,10.686,10.656292,888,709,419,2016,2,2,1,5,1.7631E+12,1.7631E+12,light,0.8,80,0,0,2,0,0,0,,,,,,,,
g2_rain_fade,RAIN_FADE,24,,300,2,255,ok,,,1,68.841792,2015,5,11.122,0.106,11.529,11.518792,888,708,419,2015,2,2,1,5,1.7631E+12,1.7631E+12,light,0.8,80,0,0,2,0,0,0,,,,,,,,
g2_rain_fade,RAIN_FADE,24,,300,2,256,ok,,,1,73.425125,2017,5,12.83,0.146,11.288,11.262917,889,709,419,2017,2,2,1,5,1.7631E+12,1.7631E+12,light,0.8,80,0,0,2,0,0,0,,,,,,,,
g2_rain_fade,RAIN_FADE,24,,300,2,257,ok,,,1,70.584709,2015,5,10.628,0.101,11.46,11.478375,888,708,419,2015,2,2,1,5,1.7631E+12,1.7631E+12,light,0.8,80,0,0,2,0,0,0,,,,,,,,
g2_rain_fade,RAIN_FADE,24,,300,2,258,ok,,,1,77.381375,2009,5,10.528,0.126,11.002,10.971542,885,707,417,2009,2,2,1,5,1.7631E+12,1.7631E+12,light,0.8,80,0,0,2,0,0,0,,,,,,,,
g2_rain_fade,RAIN_FADE,24,,300,2,259,ok,,,1,76.408624,2015,5,10.367,0.086,10.459,10.43683301,888,709,418,2015,2,2,1,5,1.7631E+12,1.7631E+12,light,0.8,80,0,0,2,0,0,0,,,,,,,,
g2_rain_fade,RAIN_FADE,24,,300,2,260,ok,,,1,72.69958399,2003,5,10.412,0.125,10.823,10.793083,875,709,419,2003,2,2,1,5,1.7631E+12,1.7631E+12,light,0.8,80,0,0,2,0,0,0,,,,,,,,
g2_rain_fade,RAIN_FADE,24,,300,2,261,ok,,,1,70.85875,2015,5,10.518,0.114,10.845,10.92970899,888,708,419,2015,2,2,1,5,1.7631E+12,1.7631E+12,light,0.8,80,0,0,2,0,0,0,,,,,,,,
g2_rain_fade,RAIN_FADE,24,,300,2,262,ok,,,1,69.517833,2015,5,10.515,0.089,10.996,11.00041599,888,709,418,2015,2,2,1,5,1.7631E+12,1.7631E+12,light,0.8,80,0,0,2,0,0,0,,,,,,,,
g2_rain_fade,RAIN_FADE,24,,300,2,263,ok,,,1,76.344541,2015,5,10.642,0.109,10.335,10.31175,888,708,419,2015,2,2,1,5,1.7631E+12,1.7631E+12,light,0.8,80,0,0,2,0,0,0,,,,,,,,
g2_rain_fade,RAIN_FADE,24,,300,2,264,ok,,,1,80.927291,2013,5,11.942,0.161,11.009,10.95179201,887,708,418,2013,2,2,1,5,1.7631E+12,1.7631E+12,light,0.8,80,0,3,4,0.75,0,0,,,,,,,,
g2_rain_fade,RAIN_FADE,24,,300,2,265,ok,,,1,71.743958,2017,5,10.467,0.104,10.878,10.891375,889,709,419,2017,2,2,1,5,1.7631E+12,1.7631E+12,light,0.8,80,0,0,2,0,0,0,,,,,,,,
g2_rain_fade,RAIN_FADE,24,,300,2,266,ok,,,1,74.176125,2016,5,11.936,0.145,10.86,10.83075,888,709,419,2016,2,2,1,5,1.7631E+12,1.7631E+12,light,0.8,80,0,0,2,0,0,0,,,,,,,,
g2_rain_fade,RAIN_FADE,24,,300,2,267,ok,,,1,67.592791,2013,5,10.896,0.098,11.491,11.48675,887,708,418,2013,2,2,1,5,1.7631E+12,1.7631E+12,light,0.8,80,0,2,2,1,0,0,,,,,,,,
g2_rain_fade,RAIN_FADE,24,,300,2,268,ok,,,1,72.19625,2013,5,11.262,0.141,10.649,10.61575,887,708,418,2013,2,2,1,5,1.7631E+12,1.7631E+12,light,0.8,80,0,0,2,0,0,0,,,,,,,,
g2_rain_fade,RAIN_FADE,24,,300,2,269,ok,,,1,70.172875,2012,5,11.905,0.142,10.959,10.921417,887,707,418,2012,2,2,1,5,1.7631E+12,1.7631E+12,light,0.8,80,0,0,2,0,0,0,,,,,,,,
g2_rain_fade,RAIN_FADE,24,,300,2,270,ok,,,1,71.503625,2003,5,10.593,0.125,10.963,10.933208,875,709,419,2003,2,2,1,5,1.7631E+12,1.7631E+12,light,0.8,80,0,0,2,0,0,0,,,,,,,,
g2_rain_fade,RAIN_FADE,24,,300,2,271,ok,,,1,72.84299999,2013,5,13.366,0.086,11.032,11.020041,887,709,417,2013,2,2,1,5,1.7631E+12,1.7631E+12,light,0.8,80,0,0,2,0,0,0,,,,,,,,
g2_rain_fade,RAIN_FADE,24,,300,2,272,ok,,,1,72.059667,2011,5,11.916,0.099,11.151,11.139542,886,707,418,2011,2,2,1,5,1.7631E+12,1.7631E+12,light,0.8,80,0,0,2,0,0,0,,,,,,,,
g2_rain_fade,RAIN_FADE,24,,300,2,273,ok,,,1,72.603209,2008,5,11.317,0.084,10.616,10.590916,885,706,417,2008,2,2,1,5,1.7631E+12,1.7631E+12,light,0.8,80,0,1,2,0.5,0,0,,,,,,,,
g2_rain_fade,RAIN_FADE,24,,300,2,274,ok,,,1,74.21554199,2014,5,10.571,0.135,11.449,11.421042,887,708,419,2014,2,2,1,5,1.7631E+12,1.7631E+12,light,0.8,80,0,0,2,0,0,0,,,,,,,,
g2_rain_fade,RAIN_FADE,24,,300,2,275,ok,,,1,73.310959,2016,5,10.508,0.13,10.681,10.657334,888,709,419,2016,2,2,1,5,1.7631E+12,1.7631E+12,light,0.8,80,0,0,2,0,0,0,,,,,,,,
g2_rain_fade,RAIN_FADE,24,,300,2,276,ok,,,1,76.78225,2014,5,11.144,0.102,11.667,11.709792,888,708,418,2014,2,2,1,5,1.7631E+12,1.7631E+12,light,0.8,80,0,1,2,0.5,0,0,,,,,,,,
g2_rain_fade,RAIN_FADE,24,,300,2,277,ok,,,1,71.055709,2015,5,10.778,0.126,11.363,11.350958,888,708,419,2015,2,2,1,5,1.7631E+12,1.7631E+12,light,0.8,80,0,0,2,0,0,0,,,,,,,,
g2_rain_fade,RAIN_FADE,24,,300,2,278,ok,,,1,71.516125,2015,5,11.147,0.151,11.016,10.975292,888,708,419,2015,2,2,1,5,1.7631E+12,1.7631E+12,light,0.8,80,0,0,2,0,0,0,,,,,,,,
g2_rain_fade,RAIN_FADE,24,,300,2,279,ok,,,1,74.286042,2011,5,10.968,0.104,10.648,10.605958,886,708,417,2011,2,2,1,5,1.7631E+12,1.7631E+12,light,0.8,80,0,0,2,0,0,0,,,,,,,,
g2_rain_fade,RAIN_FADE,24,,300,2,280,ok,,,1,74.356958,2017,5,10.947,0.121,10.735,10.729916,889,709,419,2017,2,2,1,5,1.7631E+12,1.7631E+12,light,0.8,80,0,1,2,0.5,0,0,,,,,,,,
g2_rain_fade,RAIN_FADE,24,,300,2,281,ok,,,1,74.508375,2012,5,10.707,0.128,11.324,11.672375,887,707,418,2012,2,2,1,5,1.7631E+12,1.7631E+12,light,0.8,80,0,0,2,0,0,0,,,,,,,,
g2_rain_fade,RAIN_FADE,24,,300,2,282,ok,,,1,70.64875,2017,5,11.412,0.111,11.461,11.460541,889,709,419,2017,2,2,1,5,1.7631E+12,1.7631E+12,light,0.8,80,0,0,2,0,0,0,,,,,,,,
g2_rain_fade,RAIN_FADE,24,,300,2,283,ok,,,1,75.541083,2011,5,10.369,0.106,10.523,10.481375,885,709,417,2011,2,2,1,5,1.7631E+12,1.7631E+12,light,0.8,80,0,0,2,0,0,0,,,,,,,,
g2_rain_fade,RAIN_FADE,24,,300,2,284,ok,,,1,71.372708,2017,5,10.839,0.151,11.082,11.047875,889,709,419,2017,2,2,1,5,1.7631E+12,1.7631E+12,light,0.8,80,0,0,2,0,0,0,,,,,,,,
g2_rain_fade,RAIN_FADE,24,,300,2,285,ok,,,2,73.019,2017,5,12.59,0.141,12.995,13.362834,889,709,419,2017,2,2,1,5,1.7631E+12,1.7631E+12,light,0.8,80,0,3,4,0.75,0,0,,,,,,,,
g2_rain_fade,RAIN_FADE,24,,300,2,286,ok,,,1,69.780666,2013,5,10.317,0.141,10.74,10.704416,887,708,418,2013,2,2,1,5,1.7631E+12,1.7631E+12,light,0.8,80,0,0,2,0,0,0,,,,,,,,
g2_rain_fade,RAIN_FADE,24,,300,2,287,ok,,,1,79.038458,2012,5,12.07,0.107,10.556,10.531417,887,707,418,2012,2,2,1,5,1.7631E+12,1.7631E+12,light,0.8,80,0,2,2,1,0,0,,,,,,,,
g2_rain_fade,RAIN_FADE,24,,300,2,288,ok,,,1,90.517417,2011,5,14.514,0.195,12.523,12.478042,886,708,417,2011,2,2,1,5,1.7631E+12,1.7631E+12,light,0.8,80,0,2,5,0.4,0,0,,,,,,,,
g2_rain_fade,RAIN_FADE,24,,300,2,289,ok,,,1,71.381042,2015,5,10.965,0.123,11.06,11.012375,888,708,419,2015,2,2,1,5,1.7631E+12,1.7631E+12,light,0.8,80,0,0,2,0,0,0,,,,,,,,
g2_rain_fade,RAIN_FADE,24,,300,2,290,ok,,,1,76.960125,1990,5,11.33,0.086,10.625,10.588875,876,708,406,1990,2,2,1,5,1.7631E+12,1.7631E+12,light,0.8,80,0,2,2,1,0,0,,,,,,,,
g2_rain_fade,RAIN_FADE,24,,300,2,291,ok,,,1,74.72475,2017,5,11.219,0.088,10.629,10.5885,889,709,419,2017,2,2,1,5,1.7631E+12,1.7631E+12,light,0.8,80,0,0,2,0,0,0,,,,,,,,
g2_rain_fade,RAIN_FADE,24,,300,2,292,ok,,,1,81.467166,2016,5,11.111,0.135,12.78,12.76925,888,709,419,2016,2,2,1,5,1.7631E+12,1.7631E+12,light,0.8,80,0,1,2,0.5,0,0,,,,,,,,
g2_rain_fade,RAIN_FADE,24,,300,2,293,ok,,,1,74.147041,2014,5,10.695,0.138,10.769,10.751,888,708,418,2014,2,2,1,5,1.7631E+12,1.7631E+12,light,0.8,80,0,0,2,0,0,0,,,,,,,,
g2_rain_fade,RAIN_FADE,24,,300,2,294,ok,,,1,72.413208,2012,5,11.923,0.104,10.382,10.353,887,708,417,2012,2,2,1,5,1.7631E+12,1.7631E+12,light,0.8,80,0,0,2,0,0,0,,,,,,,,
g2_rain_fade,RAIN_FADE,24,,300,2,295,ok,,,1,73.835333,2015,5,10.558,0.135,10.915,10.88975,888,708,419,2015,2,2,1,5,1.7631E+12,1.7631E+12,light,0.8,80,0,0,2,0,0,0,,,,,,,,
g2_rain_fade,RAIN_FADE,24,,300,2,296,ok,,,1,73.396625,2009,5,11.892,0.1,10.435,10.407917,885,708,416,2009,2,2,1,5,1.7631E+12,1.7631E+12,light,0.8,80,0,0,2,0,0,0,,,,,,,,
g2_rain_fade,RAIN_FADE,24,,300,2,297,ok,,,1,76.320041,2014,5,11.976,0.096,10.534,10.4985,888,708,418,2014,2,2,1,5,1.7631E+12,1.7631E+12,light,0.8,80,0,0,2,0,0,0,,,,,,,,
g2_rain_fade,RAIN_FADE,24,,300,2,298,ok,,,1,69.559125,2008,5,10.048,0.124,11.339,11.305292,886,706,416,2008,2,2,1,5,1.7631E+12,1.7631E+12,light,0.8,80,0,1,2,0.5,0,0,,,,,,,,
g2_rain_fade,RAIN_FADE,24,,300,2,299,ok,,,1,76.124292,2010,5,11.484,0.098,10.508,10.469625,886,708,416,2010,2,2,1,5,1.7631E+12,1.7631E+12,light,0.8,80,0,1,2,0.5,0,0,,,,,,,,
g2_rain_fade,RAIN_FADE,24,,300,2,300,ok,,,1,73.380667,2012,5,10.317,0.107,11.233,11.30175,887,707,418,2012,2,2,1,5,1.7631E+12,1.7631E+12,light,0.8,80,0,0,2,0,0,0,,,,,,,,
g2_rain_fade,RAIN_FADE,24,,400,2,1,ok,,,1,74.0155,2015,5,11.453,0.087,11.705,11.685209,887,709,419,2015,2,2,1,5,1.7631E+12,1.7631E+12,light,0.8,80,0,0,2,0,0,0,,,,,,,,
g2_rain_fade,RAIN_FADE,24,,400,2,2,ok,,,1,74.816333,2013,5,10.46,0.16,10.733,10.704125,887,708,418,2013,2,2,1,5,1.7631E+12,1.7631E+12,light,0.8,80,0,1,2,0.5,0,0,,,,,,,,
g2_rain_fade,RAIN_FADE,24,,400,2,3,ok,,,1,70.655042,2015,5,11.57,0.097,10.586,10.542917,888,709,418,2015,2,2,1,5,1.7631E+12,1.7631E+12,light,0.8,80,0,1,2,0.5,0,0,,,,,,,,
g2_rain_fade,RAIN_FADE,24,,400,2,4,ok,,,1,76.273583,2008,5,10.677,0.115,10.88,10.863166,885,707,416,2008,2,2,1,5,1.7631E+12,1.7631E+12,light,0.8,80,0,2,2,1,0,0,,,,,,,,
g2_rain_fade,RAIN_FADE,24,,400,2,5,ok,,,1,68.912625,2015,5,10.434,0.107,10.95,10.964583,888,708,419,2015,2,2,1,5,1.7631E+12,1.7631E+12,light,0.8,80,0,0,2,0,0,0,,,,,,,,
g2_rain_fade,RAIN_FADE,24,,400,2,6,ok,,,1,70.331833,2009,5,10.486,0.165,10.82,10.787875,885,708,416,2009,2,2,1,5,1.7631E+12,1.7631E+12,light,0.8,80,0,0,2,0,0,0,,,,,,,,
g2_rain_fade,RAIN_FADE,24,,400,2,7,ok,,,1,73.888083,2017,5,13.536,0.115,10.481,10.458167,889,709,419,2017,2,2,1,5,1.7631E+12,1.7631E+12,light,0.8,80,0,0,2,0,0,0,,,,,,,,
g2_rain_fade,RAIN_FADE,24,,400,2,8,ok,,,1,77.215291,2015,5,10.506,0.1,10.41,10.391542,888,709,418,2015,2,2,1,5,1.7631E+12,1.7631E+12,light,0.8,80,0,2,2,1,0,0,,,,,,,,
g2_rain_fade,RAIN_FADE,24,,400,2,9,ok,,,1,78.618042,2010,5,12.495,0.162,11.901,11.809042,886,707,417,2010,2,2,1,5,1.7631E+12,1.7631E+12,light,0.8,80,0,0,2,0,0,0,,,,,,,,
g2_rain_fade,RAIN_FADE,24,,400,2,10,ok,,,1,76.119,2009,5,10.673,0.087,10.624,10.5875,884,708,417,2009,2,2,1,5,1.7631E+12,1.7631E+12,light,0.8,80,0,2,2,1,0,0,,,,,,,,
g2_rain_fade,RAIN_FADE,24,,400,2,11,ok,,,1,73.960126,2014,5,10.736,0.091,10.665,10.616792,888,708,418,2014,2,2,1,5,1.7631E+12,1.7631E+12,light,0.8,80,0,0,2,0,0,0,,,,,,,,
g2_rain_fade,RAIN_FADE,24,,400,2,12,ok,,,1,77.156083,2017,5,10.545,0.094,11.696,11.800209,889,709,419,2017,2,2,1,5,1.7631E+12,1.7631E+12,light,0.8,80,0,0,2,0,0,0,,,,,,,,
g2_rain_fade,RAIN_FADE,24,,400,2,13,ok,,,1,73.067333,2015,5,11.044,0.096,11.354,11.368417,888,708,419,2015,2,2,1,5,1.7631E+12,1.7631E+12,light,0.8,80,0,0,2,0,0,0,,,,,,,,
g2_rain_fade,RAIN_FADE,24,,400,2,14,ok,,,1,76.176791,2017,5,10.626,0.096,10.611,10.568125,889,709,419,2017,2,2,1,5,1.7631E+12,1.7631E+12,light,0.8,80,0,0,2,0,0,0,,,,,,,,
g2_rain_fade,RAIN_FADE,24,,400,2,15,ok,,,1,74.013417,2009,5,10.942,0.204,11.822,11.887,886,707,416,2009,2,2,1,5,1.7631E+12,1.7631E+12,light,0.8,80,0,0,2,0,0,0,,,,,,,,
g2_rain_fade,RAIN_FADE,24,,400,2,16,ok,,,1,71.559375,2012,5,10.64,0.118,10.606,10.572834,887,707,418,2012,2,2,1,5,1.7631E+12,1.7631E+12,light,0.8,80,0,0,2,0,0,0,,,,,,,,
g2_rain_fade,RAIN_FADE,24,,400,2,17,ok,,,1,71.088834,2017,5,10.41,0.116,11.216,11.253041,889,709,419,2017,2,2,1,5,1.7631E+12,1.7631E+12,light,0.8,80,0,0,2,0,0,0,,,,,,,,
g2_rain_fade,RAIN_FADE,24,,400,2,18,ok,,,1,73.781583,2017,5,10.801,0.103,11.957,11.9815,889,709,419,2017,2,2,1,5,1.7631E+12,1.7631E+12,light,0.8,80,0,0,2,0,0,0,,,,,,,,
g2_rain_fade,RAIN_FADE,24,,400,2,19,ok,,,1,73.323458,2013,5,11.073,0.212,10.686,10.66625,887,707,419,2013,2,2,1,5,1.7631E+12,1.7631E+12,light,0.8,80,0,0,2,0,0,0,,,,,,,,
g2_rain_fade,RAIN_FADE,24,,400,2,20,ok,,,1,73.97325,2010,5,10.44,0.133,10.729,10.703667,886,707,417,2010,2,2,1,5,1.7631E+12,1.7631E+12,light,0.8,80,0,0,2,0,0,0,,,,,,,,
g2_rain_fade,RAIN_FADE,24,,400,2,21,ok,,,1,75.870833,2014,5,11.562,0.1,11.23,11.234167,887,708,419,2014,2,2,1,5,1.7631E+12,1.7631E+12,light,0.8,80,0,0,2,0,0,0,,,,,,,,
g2_rain_fade,RAIN_FADE,24,,400,2,22,ok,,,1,72.847375,2011,5,10.486,0.138,11.28,11.227209,887,707,417,2011,2,2,1,5,1.7631E+12,1.7631E+12,light,0.8,80,0,0,2,0,0,0,,,,,,,,
g2_rain_fade,RAIN_FADE,24,,400,2,23,ok,,,1,69.982792,2015,5,10.328,0.103,10.635,10.605833,888,709,418,2015,2,2,1,5,1.7631E+12,1.7631E+12,light,0.8,80,0,0,2,0,0,0,,,,,,,,
g2_rain_fade,RAIN_FADE,24,,400,2,24,ok,,,1,76.26104201,2017,5,12.048,0.097,10.662,10.724125,889,709,419,2017,2,2,1,5,1.7631E+12,1.7631E+12,light,0.8,80,0,0,2,0,0,0,,,,,,,,
g2_rain_fade,RAIN_FADE,24,,400,2,25,ok,,,1,72.877458,2014,5,10.34,0.09,10.747,10.72725,888,708,418,2014,2,2,1,5,1.7631E+12,1.7631E+12,light,0.8,80,0,0,2,0,0,0,,,,,,,,
g2_rain_fade,RAIN_FADE,24,,400,2,26,ok,,,1,67.734125,2015,5,10.342,0.126,10.841,10.812166,888,709,418,2015,2,2,1,5,1.7631E+12,1.7631E+12,light,0.8,80,0,0,2,0,0,0,,,,,,,,
g2_rain_fade,RAIN_FADE,24,,400,2,27,ok,,,2,71.332416,2017,5,10.83,0.153,11.304,11.280625,889,709,419,2017,2,2,1,5,1.7631E+12,1.7631E+12,light,0.8,80,0,2,4,0.5,0,0,,,,,,,,
g2_rain_fade,RAIN_FADE,24,,400,2,28,ok,,,1,70.39195899,2014,5,10.639,0.086,11.246,11.36025,888,708,418,2014,2,2,1,5,1.7631E+12,1.7631E+12,light,0.8,80,0,0,2,0,0,0,,,,,,,,
g2_rain_fade,RAIN_FADE,24,,400,2,29,ok,,,1,72.740084,2015,5,12.104,0.114,10.424,10.378792,888,708,419,2015,2,2,1,5,1.7631E+12,1.7631E+12,light,0.8,80,0,0,2,0,0,0,,,,,,,,
g2_rain_fade,RAIN_FADE,24,,400,2,30,ok,,,1,74.016542,2017,5,11.673,0.103,10.974,10.946291,889,709,419,2017,2,2,1,5,1.7631E+12,1.7631E+12,light,0.8,80,0,0,2,0,0,0,,,,,,,,
g2_rain_fade,RAIN_FADE,24,,400,2,31,ok,,,1,69.756,2017,5,10.806,0.118,10.573,10.538667,889,709,419,2017,2,2,1,5,1.7631E+12,1.7631E+12,light,0.8,80,0,0,2,0,0,0,,,,,,,,
g2_rain_fade,RAIN_FADE,24,,400,2,32,ok,,,1,74.254459,2015,5,11.558,0.132,11.57,11.540625,888,708,419,2015,2,2,1,5,1.7631E+12,1.7631E+12,light,0.8,80,0,0,2,0,0,0,,,,,,,,
g2_rain_fade,RAIN_FADE,24,,400,2,33,ok,,,1,74.4615,2013,5,11.387,0.083,11.523,11.50925,887,709,417,2013,2,2,1,5,1.7631E+12,1.7631E+12,light,0.8,80,0,0,3,0,0,0,,,,,,,,
g2_rain_fade,RAIN_FADE,24,,400,2,34,ok,,,1,75.04675,2017,5,11.931,0.125,11.457,11.467458,889,709,419,2017,2,2,1,5,1.7631E+12,1.7631E+12,light,0.8,80,0,2,2,1,0,0,,,,,,,,
g2_rain_fade,RAIN_FADE,24,,400,2,35,ok,,,1,73.159875,2015,5,10.179,0.086,10.497,10.467541,888,709,418,2015,2,2,1,5,1.7631E+12,1.7631E+12,light,0.8,80,0,0,2,0,0,0,,,,,,,,
g2_rain_fade,RAIN_FADE,24,,400,2,36,ok,,,1,71.94454101,2013,5,10.565,0.141,10.522,10.497708,887,707,419,2013,2,2,1,5,1.7631E+12,1.7631E+12,light,0.8,80,0,0,2,0,0,0,,,,,,,,
g2_rain_fade,RAIN_FADE,24,,400,2,37,ok,,,1,74.145917,2015,5,10.877,0.111,11.668,11.690625,888,708,419,2015,2,2,1,5,1.7631E+12,1.7631E+12,light,0.8,80,0,0,2,0,0,0,,,,,,,,
g2_rain_fade,RAIN_FADE,24,,400,2,38,ok,,,1,71.726792,2015,5,10.483,0.119,10.59,10.576833,888,708,419,2015,2,2,1,5,1.7631E+12,1.7631E+12,light,0.8,80,0,0,2,0,0,0,,,,,,,,
g2_rain_fade,RAIN_FADE,24,,400,2,39,ok,,,1,73.33825,2015,5,12.351,0.104,10.56,10.5345,888,709,418,2015,2,2,1,5,1.7631E+12,1.7631E+12,light,0.8,80,0,0,2,0,0,0,,,,,,,,
g2_rain_fade,RAIN_FADE,24,,400,2,40,ok,,,1,70.247125,2014,5,11.289,0.146,10.795,10.769209,887,708,419,2014,2,2,1,5,1.7631E+12,1.7631E+12,light,0.8,80,0,1,2,0.5,0,0,,,,,,,,
g2_rain_fade,RAIN_FADE,24,,400,2,41,ok,,,1,69.154959,2013,5,11.609,0.127,11.258,11.255875,887,708,418,2013,2,2,1,5,1.7631E+12,1.7631E+12,light,0.8,80,0,0,2,0,0,0,,,,,,,,
g2_rain_fade,RAIN_FADE,24,,400,2,42,ok,,,1,76.356166,2017,5,10.776,0.115,10.832,10.805458,889,709,419,2017,2,2,1,5,1.7631E+12,1.7631E+12,light,0.8,80,0,0,2,0,0,0,,,,,,,,
g2_rain_fade,RAIN_FADE,24,,400,2,43,ok,,,1,75.951042,2012,5,10.948,0.115,10.701,10.67754201,887,707,418,2012,2,2,1,5,1.7631E+12,1.7631E+12,light,0.8,80,0,0,2,0,0,0,,,,,,,,
g2_rain_fade,RAIN_FADE,24,,400,2,44,ok,,,1,73.5785,2015,5,11.684,0.122,11.583,11.635584,888,708,419,2015,2,2,1,5,1.7631E+12,1.7631E+12,light,0.8,80,0,0,2,0,0,0,,,,,,,,
g2_rain_fade,RAIN_FADE,24,,400,2,45,ok,,,1,67.806083,2007,5,10.421,0.099,10.417,10.383375,885,706,416,2007,2,2,1,5,1.7631E+12,1.7631E+12,light,0.8,80,0,0,2,0,0,0,,,,,,,,
g2_rain_fade,RAIN_FADE,24,,400,2,46,ok,,,1,70.53075,2012,5,11.645,0.153,11.314,11.283791,886,707,419,2012,2,2,1,5,1.7631E+12,1.7631E+12,light,0.8,80,0,0,2,0,0,0,,,,,,,,
g2_rain_fade,RAIN_FADE,24,,400,2,47,ok,,,1,77.175042,2015,5,12.402,0.169,13.131,13.865417,888,708,419,2015,2,2,1,5,1.7631E+12,1.7631E+12,light,0.8,80,0,0,5,0,0,0,,,,,,,,
g2_rain_fade,RAIN_FADE,24,,400,2,48,ok,,,1,72.976,2013,5,11.781,0.085,10.524,10.504875,887,709,417,2013,2,2,1,5,1.7631E+12,1.7631E+12,light,0.8,80,0,0,2,0,0,0,,,,,,,,
g2_rain_fade,RAIN_FADE,24,,400,2,49,ok,,,1,72.645083,2017,5,10.528,0.109,10.864,10.864667,889,709,419,2017,2,2,1,5,1.7631E+12,1.7631E+12,light,0.8,80,0,0,2,0,0,0,,,,,,,,
g2_rain_fade,RAIN_FADE,24,,400,2,50,ok,,,1,71.553542,2012,5,10.215,0.097,10.467,10.438792,887,707,418,2012,2,2,1,5,1.7631E+12,1.7631E+12,light,0.8,80,0,0,2,0,0,0,,,,,,,,
g2_rain_fade,RAIN_FADE,24,,400,2,51,ok,,,1,70.523667,2007,5,10.503,0.086,11.09,11.094417,885,706,416,2007,2,2,1,5,1.7631E+12,1.7631E+12,light,0.8,80,0,0,2,0,0,0,,,,,,,,
g2_rain_fade,RAIN_FADE,24,,400,2,52,ok,,,1,72.319792,2012,5,10.712,0.135,11.634,11.617084,887,708,417,2012,2,2,1,5,1.7631E+12,1.7631E+12,light,0.8,80,0,0,2,0,0,0,,,,,,,,
g2_rain_fade,RAIN_FADE,24,,400,2,53,ok,,,1,71.658917,2016,5,10.21,0.137,10.762,10.740208,888,709,419,2016,2,2,1,5,1.7631E+12,1.7631E+12,light,0.8,80,0,0,2,0,0,0,,,,,,,,
g2_rain_fade,RAIN_FADE,24,,400,2,54,ok,,,1,76.243417,2017,5,11.339,0.16,10.814,10.800417,889,709,419,2017,2,2,1,5,1.7631E+12,1.7631E+12,light,0.8,80,0,1,2,0.5,0,0,,,,,,,,
g2_rain_fade,RAIN_FADE,24,,400,2,55,ok,,,1,77.119209,2017,5,11.506,0.1,10.59,10.571333,889,709,419,2017,2,2,1,5,1.7631E+12,1.7631E+12,light,0.8,80,0,0,2,0,0,0,,,,,,,,
g2_rain_fade,RAIN_FADE,24,,400,2,56,ok,,,1,74.322542,2008,5,10.712,0.154,11.017,10.996042,885,707,416,2008,2,2,1,5,1.7631E+12,1.7631E+12,light,0.8,80,0,0,2,0,0,0,,,,,,,,
g2_rain_fade,RAIN_FADE,24,,400,2,57,ok,,,1,70.54837501,2008,5,10.235,0.141,10.815,10.827125,885,705,418,2008,2,2,1,5,1.7631E+12,1.7631E+12,light,0.8,80,0,0,2,0,0,0,,,,,,,,
g2_rain_fade,RAIN_FADE,24,,400,2,58,ok,,,1,78.104792,2014,5,11.129,0.219,11.759,11.759375,887,709,418,2014,2,2,1,5,1.7631E+12,1.7631E+12,light,0.8,80,0,0,2,0,0,0,,,,,,,,
g2_rain_fade,RAIN_FADE,24,,400,2,59,ok,,,1,77.466792,2010,5,11.059,0.094,11.351,11.357708,886,707,417,2010,2,2,1,5,1.7631E+12,1.7631E+12,light,0.8,80,0,1,2,0.5,0,0,,,,,,,,
g2_rain_fade,RAIN_FADE,24,,400,2,60,ok,,,1,73.2925,2012,5,10.633,0.111,11.499,11.508792,887,707,418,2012,2,2,1,5,1.7631E+12,1.7631E+12,light,0.8,80,0,0,2,0,0,0,,,,,,,,
g2_rain_fade,RAIN_FADE,24,,400,2,61,ok,,,1,73.05625,2011,5,11.227,0.093,11.581,11.585333,886,707,418,2011,2,2,1,5,1.7631E+12,1.7631E+12,light,0.8,80,0,0,2,0,0,0,,,,,,,,
g2_rain_fade,RAIN_FADE,24,,400,2,62,ok,,,1,75.891375,2010,5,10.69,0.136,10.859,10.82491699,886,707,417,2010,2,2,1,5,1.7631E+12,1.7631E+12,light,0.8,80,0,1,2,0.5,0,0,,,,,,,,
g2_rain_fade,RAIN_FADE,24,,400,2,63,ok,,,1,73.453583,2014,5,10.975,0.14,10.695,10.66166699,888,708,418,2014,2,2,1,5,1.7631E+12,1.7631E+12,light,0.8,80,0,0,2,0,0,0,,,,,,,,
g2_rain_fade,RAIN_FADE,24,,400,2,64,ok,,,1,77.792417,2014,5,10.428,0.101,10.556,10.530083,888,708,418,2014,2,2,1,5,1.7631E+12,1.7631E+12,light,0.8,80,0,0,2,0,0,0,,,,,,,,
g2_rain_fade,RAIN_FADE,24,,400,2,65,ok,,,1,75.48875,2014,5,10.632,0.116,10.847,10.837042,888,708,418,2014,2,2,1,5,1.7631E+12,1.7631E+12,light,0.8,80,0,0,2,0,0,0,,,,,,,,
g2_rain_fade,RAIN_FADE,24,,400,2,66,ok,,,1,72.721292,2012,5,11.538,0.128,11.023,11.127541,887,707,418,2012,2,2,1,5,1.7631E+12,1.7631E+12,light,0.8,80,0,0,2,0,0,0,,,,,,,,
g2_rain_fade,RAIN_FADE,24,,400,2,67,ok,,,1,79.963792,2014,5,11.203,0.106,11.542,11.531584,888,708,418,2014,2,2,1,5,1.7631E+12,1.7631E+12,light,0.8,80,0,0,2,0,0,0,,,,,,,,
g2_rain_fade,RAIN_FADE,24,,400,2,68,ok,,,1,72.697208,1993,5,10.584,0.11,10.625,10.589917,877,709,407,1993,2,2,1,5,1.7631E+12,1.7631E+12,light,0.8,80,0,0,2,0,0,0,,,,,,,,
g2_rain_fade,RAIN_FADE,24,,400,2,69,ok,,,1,77.12337501,2013,5,10.565,0.087,10.619,10.595,887,709,417,2013,2,2,1,5,1.7631E+12,1.7631E+12,light,0.8,80,0,0,2,0,0,0,,,,,,,,
g2_rain_fade,RAIN_FADE,24,,400,2,70,ok,,,1,71.208375,2015,5,11.116,0.094,10.514,10.474208,888,709,418,2015,2,2,1,5,1.7631E+12,1.7631E+12,light,0.8,80,0,0,2,0,0,0,,,,,,,,
g2_rain_fade,RAIN_FADE,24,,400,2,71,ok,,,1,70.769958,2017,5,10.389,0.09,10.772,10.74358301,889,709,419,2017,2,2,1,5,1.7631E+12,1.7631E+12,light,0.8,80,0,0,2,0,0,0,,,,,,,,
g2_rain_fade,RAIN_FADE,24,,400,2,72,ok,,,1,74.01412501,2015,5,10.712,0.103,11.414,11.389833,888,709,418,2015,2,2,1,5,1.7631E+12,1.7631E+12,light,0.8,80,0,0,2,0,0,0,,,,,,,,
g2_rain_fade,RAIN_FADE,24,,400,2,73,ok,,,1,70.267083,2013,5,11.82,0.118,10.832,10.808666,887,708,418,2013,2,2,1,5,1.7631E+12,1.7631E+12,light,0.8,80,0,0,2,0,0,0,,,,,,,,
g2_rain_fade,RAIN_FADE,24,,400,2,74,ok,,,1,71.054001,2015,5,10.946,0.17,10.624,10.590375,888,709,418,2015,2,2,1,5,1.7631E+12,1.7631E+12,light,0.8,80,0,1,2,0.5,0,0,,,,,,,,
g2_rain_fade,RAIN_FADE,24,,400,2,75,ok,,,1,79.669084,2015,5,11.688,0.087,10.659,10.636459,888,708,419,2015,2,2,1,5,1.7631E+12,1.7631E+12,light,0.8,80,0,0,2,0,0,0,,,,,,,,
g2_rain_fade,RAIN_FADE,24,,400,2,76,ok,,,1,75.385875,2011,5,12.286,0.137,10.342,10.3295,886,706,419,2011,2,2,1,5,1.7631E+12,1.7631E+12,light,0.8,80,0,0,2,0,0,0,,,,,,,,
g2_rain_fade,RAIN_FADE,24,,400,2,77,ok,,,1,79.152209,2014,5,11.512,0.111,10.726,10.684458,888,708,418,2014,2,2,1,5,1.7631E+12,1.7631E+12,light,0.8,80,0,0,2,0,0,0,,,,,,,,
g2_rain_fade,RAIN_FADE,24,,400,2,78,ok,,,1,70.119958,2015,5,12.399,0.147,10.829,10.806333,888,708,419,2015,2,2,1,5,1.7631E+12,1.7631E+12,light,0.8,80,0,0,2,0,0,0,,,,,,,,
g2_rain_fade,RAIN_FADE,24,,400,2,79,ok,,,1,75.88925,2017,5,11.46,0.148,11.672,11.636042,889,709,419,2017,2,2,1,5,1.7631E+12,1.7631E+12,light,0.8,80,0,0,2,0,0,0,,,,,,,,
g2_rain_fade,RAIN_FADE,24,,400,2,80,ok,,,1,76.521417,2017,5,13.216,0.104,10.743,10.71541601,889,709,419,2017,2,2,1,5,1.7631E+12,1.7631E+12,light,0.8,80,0,0,2,0,0,0,,,,,,,,
g2_rain_fade,RAIN_FADE,24,,400,2,81,ok,,,1,73.731042,2015,5,10.515,0.107,11.356,11.397833,888,709,418,2015,2,2,1,5,1.7631E+12,1.7631E+12,light,0.8,80,0,0,2,0,0,0,,,,,,,,
g2_rain_fade,RAIN_FADE,24,,400,2,82,ok,,,1,78.234792,2012,5,11.78,0.221,11.643,11.61225,887,707,418,2012,2,2,1,5,1.7631E+12,1.7631E+12,light,0.8,80,0,0,2,0,0,0,,,,,,,,
g2_rain_fade,RAIN_FADE,24,,400,2,83,ok,,,1,74.464167,2014,5,11.064,0.131,10.701,10.681792,888,708,418,2014,2,2,1,5,1.7631E+12,1.7631E+12,light,0.8,80,0,0,2,0,0,0,,,,,,,,
g2_rain_fade,RAIN_FADE,24,,400,2,84,ok,,,1,70.000625,2014,5,10.689,0.267,11.358,11.441583,887,709,418,2014,2,2,1,5,1.7631E+12,1.7631E+12,light,0.8,80,0,0,2,0,0,0,,,,,,,,
g2_rain_fade,RAIN_FADE,24,,400,2,85,ok,,,1,80.06691599,2015,5,10.716,0.107,10.531,10.501959,888,708,419,2015,2,2,1,5,1.7631E+12,1.7631E+12,light,0.8,80,0,0,2,0,0,0,,,,,,,,
g2_rain_fade,RAIN_FADE,24,,400,2,86,ok,,,1,69.563666,2013,5,11.665,0.098,10.68,10.6505,887,708,418,2013,2,2,1,5,1.7631E+12,1.7631E+12,light,0.8,80,0,0,2,0,0,0,,,,,,,,
g2_rain_fade,RAIN_FADE,24,,400,2,87,ok,,,1,73.433708,2013,5,12.075,0.078,10.617,10.597666,887,708,418,2013,2,2,1,5,1.7631E+12,1.7631E+12,light,0.8,80,0,0,2,0,0,0,,,,,,,,
g2_rain_fade,RAIN_FADE,24,,400,2,88,ok,,,1,73.558417,2011,5,10.685,0.13,10.424,10.40175,886,707,418,2011,2,2,1,5,1.7631E+12,1.7631E+12,light,0.8,80,0,0,2,0,0,0,,,,,,,,
g2_rain_fade,RAIN_FADE,24,,400,2,89,ok,,,1,72.598125,2014,5,10.887,0.087,11.556,11.5745,888,708,418,2014,2,2,1,5,1.7631E+12,1.7631E+12,light,0.8,80,0,0,2,0,0,0,,,,,,,,
g2_rain_fade,RAIN_FADE,24,,400,2,90,ok,,,1,74.655125,2010,5,10.856,0.1,11.243,11.271958,886,707,417,2010,2,2,1,5,1.7631E+12,1.7631E+12,light,0.8,80,0,0,2,0,0,0,,,,,,,,
g2_rain_fade,RAIN_FADE,24,,400,2,91,ok,,,1,69.689083,2013,5,11.501,0.101,11.251,11.261833,887,708,418,2013,2,2,1,5,1.7631E+12,1.7631E+12,light,0.8,80,0,0,2,0,0,0,,,,,,,,
g2_rain_fade,RAIN_FADE,24,,400,2,92,ok,,,1,73.822042,2013,5,11.325,0.116,10.78,10.73075,887,708,418,2013,2,2,1,5,1.7631E+12,1.7631E+12,light,0.8,80,0,0,2,0,0,0,,,,,,,,
g2_rain_fade,RAIN_FADE,24,,400,2,93,ok,,,1,68.737459,2017,5,10.903,0.105,10.841,10.79775,889,709,419,2017,2,2,1,5,1.7631E+12,1.7631E+12,light,0.8,80,0,2,2,1,0,0,,,,,,,,
g2_rain_fade,RAIN_FADE,24,,400,2,94,ok,,,1,70.294958,2007,5,11.872,0.108,10.969,10.936916,884,706,417,2007,2,2,1,5,1.7631E+12,1.7631E+12,light,0.8,80,0,0,2,0,0,0,,,,,,,,
g2_rain_fade,RAIN_FADE,24,,400,2,95,ok,,,1,72.106958,2015,5,11.396,0.132,11.204,11.150041,888,708,419,2015,2,2,1,5,1.7631E+12,1.7631E+12,light,0.8,80,0,0,2,0,0,0,,,,,,,,
g2_rain_fade,RAIN_FADE,24,,400,2,96,ok,,,1,78.785291,2014,5,15.728,0.223,10.979,11.006667,888,708,418,2014,2,2,1,5,1.7631E+12,1.7631E+12,light,0.8,80,0,0,2,0,0,0,,,,,,,,
g2_rain_fade,RAIN_FADE,24,,400,2,97,ok,,,1,70.034958,2014,5,10.124,0.112,11.004,11.014791,888,708,418,2014,2,2,1,5,1.7631E+12,1.7631E+12,light,0.8,80,0,0,2,0,0,0,,,,,,,,
g2_rain_fade,RAIN_FADE,24,,400,2,98,ok,,,1,70.335,2017,5,11.389,0.096,10.966,10.938,889,709,419,2017,2,2,1,5,1.7631E+12,1.7631E+12,light,0.8,80,0,0,2,0,0,0,,,,,,,,
g2_rain_fade,RAIN_FADE,24,,400,2,99,ok,,,1,76.267292,2014,5,10.626,0.146,10.918,10.894,888,708,418,2014,2,2,1,5,1.7631E+12,1.7631E+12,light,0.8,80,0,1,2,0.5,0,0,,,,,,,,
g2_rain_fade,RAIN_FADE,24,,400,2,100,ok,,,1,75.745833,2014,5,11.693,0.147,11.402,11.474708,887,709,418,2014,2,2,1,5,1.7631E+12,1.7631E+12,light,0.8,80,0,0,2,0,0,0,,,,,,,,
g2_rain_fade,RAIN_FADE,24,,400,2,101,ok,,,1,75.139916,2015,5,11.004,0.109,11.298,11.281958,888,708,419,2015,2,2,1,5,1.7631E+12,1.7631E+12,light,0.8,80,0,0,2,0,0,0,,,,,,,,
g2_rain_fade,RAIN_FADE,24,,400,2,102,ok,,,2,72.063708,2010,5,11.61,0.129,10.769,10.727084,886,707,417,2010,2,2,1,5,1.7631E+12,1.7631E+12,light,0.8,80,0,2,4,0.5,0,0,,,,,,,,
g2_rain_fade,RAIN_FADE,24,,400,2,103,ok,,,1,74.141583,2013,5,10.67,0.113,10.568,10.54220901,887,708,418,2013,2,2,1,5,1.7631E+12,1.7631E+12,light,0.8,80,0,0,2,0,0,0,,,,,,,,
g2_rain_fade,RAIN_FADE,24,,400,2,104,ok,,,1,79.715417,2014,5,11.67,0.147,10.935,10.894625,888,708,418,2014,2,2,1,5,1.7631E+12,1.7631E+12,light,0.8,80,0,0,2,0,0,0,,,,,,,,
g2_rain_fade,RAIN_FADE,24,,400,2,105,ok,,,1,72.629333,2015,5,10.375,0.115,10.669,10.646416,888,708,419,2015,2,2,1,5,1.7631E+12,1.7631E+12,light,0.8,80,0,0,2,0,0,0,,,,,,,,
g2_rain_fade,RAIN_FADE,24,,400,2,106,ok,,,1,67.974167,2010,5,10.595,0.106,10.583,10.544208,885,707,418,2010,2,2,1,5,1.7631E+12,1.7631E+12,light,0.8,80,0,0,2,0,0,0,,,,,,,,
g2_rain_fade,RAIN_FADE,24,,400,2,107,ok,,,1,75.00075,2014,5,12.795,0.22,11.048,11.011292,888,708,418,2014,2,2,1,5,1.7631E+12,1.7631E+12,light,0.8,80,0,1,2,0.5,0,0,,,,,,,,
g2_rain_fade,RAIN_FADE,24,,400,2,108,ok,,,1,71.538458,2017,5,11.464,0.097,11.375,11.358333,889,709,419,2017,2,2,1,5,1.7631E+12,1.7631E+12,light,0.8,80,0,0,2,0,0,0,,,,,,,,
g2_rain_fade,RAIN_FADE,24,,400,2,109,ok,,,1,74.343958,2015,5,12.148,0.102,10.498,10.47720901,888,709,418,2015,2,2,1,5,1.7631E+12,1.7631E+12,light,0.8,80,0,0,2,0,0,0,,,,,,,,
g2_rain_fade,RAIN_FADE,24,,400,2,110,ok,,,1,73.50616599,2013,5,11.516,0.105,11.092,11.09775,887,707,419,2013,2,2,1,5,1.7631E+12,1.7631E+12,light,0.8,80,0,0,2,0,0,0,,,,,,,,
g2_rain_fade,RAIN_FADE,24,,400,2,111,ok,,,1,74.27425,2017,5,12.599,0.102,11.172,11.3625,889,709,419,2017,2,2,1,5,1.7631E+12,1.7631E+12,light,0.8,80,0,0,2,0,0,0,,,,,,,,
g2_rain_fade,RAIN_FADE,24,,400,2,112,ok,,,1,68.785417,2014,5,10.451,0.099,10.588,10.567167,887,708,419,2014,2,2,1,5,1.7631E+12,1.7631E+12,light,0.8,80,0,1,2,0.5,0,0,,,,,,,,
g2_rain_fade,RAIN_FADE,24,,400,2,113,ok,,,1,70.239625,2014,5,11.097,0.123,10.807,10.78175,888,708,418,2014,2,2,1,5,1.7631E+12,1.7631E+12,light,0.8,80,0,0,2,0,0,0,,,,,,,,
g2_rain_fade,RAIN_FADE,24,,400,2,114,ok,,,1,69.688666,2014,5,10.441,0.147,10.463,10.472792,888,708,418,2014,2,2,1,5,1.7631E+12,1.7631E+12,light,0.8,80,0,1,2,0.5,0,0,,,,,,,,
g2_rain_fade,RAIN_FADE,24,,400,2,115,ok,,,1,76.048625,2014,5,11.337,0.166,10.725,10.6955,887,708,419,2014,2,2,1,5,1.7631E+12,1.7631E+12,light,0.8,80,0,0,2,0,0,0,,,,,,,,
g2_rain_fade,RAIN_FADE,24,,400,2,116,ok,,,1,71.376333,2014,5,11.3,0.093,10.723,10.700042,888,708,418,2014,2,2,1,5,1.7631E+12,1.7631E+12,light,0.8,80,0,1,2,0.5,0,0,,,,,,,,
g2_rain_fade,RAIN_FADE,24,,400,2,117,ok,,,1,72.542833,2014,5,10.457,0.152,11.421,11.386667,887,708,419,2014,2,2,1,5,1.7631E+12,1.7631E+12,light,0.8,80,0,0,2,0,0,0,,,,,,,,
g2_rain_fade,RAIN_FADE,24,,400,2,118,ok,,,1,83.327375,2014,5,10.738,0.103,10.624,10.600125,887,708,419,2014,2,2,1,5,1.7631E+12,1.7631E+12,light,0.8,80,0,0,2,0,0,0,,,,,,,,
g2_rain_fade,RAIN_FADE,24,,400,2,119,ok,,,1,73.3895,2009,5,10.891,0.162,11.479,11.495375,886,706,417,2009,2,2,1,5,1.7631E+12,1.7631E+12,light,0.8,80,0,0,2,0,0,0,,,,,,,,
g2_rain_fade,RAIN_FADE,24,,400,2,120,ok,,,1,71.478417,2014,5,11.777,0.126,11.28,11.24408301,887,709,418,2014,2,2,1,5,1.7631E+12,1.7631E+12,light,0.8,80,0,1,2,0.5,0,0,,,,,,,,
g2_rain_fade,RAIN_FADE,24,,400,2,121,ok,,,1,76.049917,2015,5,11.666,0.095,12.152,12.277,888,708,419,2015,2,2,1,5,1.7631E+12,1.7631E+12,light,0.8,80,0,0,2,0,0,0,,,,,,,,
g2_rain_fade,RAIN_FADE,24,,400,2,122,ok,,,1,79.739292,2015,5,10.781,0.137,13.85,14.108042,888,708,419,2015,2,2,1,5,1.7631E+12,1.7631E+12,light,0.8,80,0,0,2,0,0,0,,,,,,,,
g2_rain_fade,RAIN_FADE,24,,400,2,123,ok,,,1,72.238875,2012,5,10.698,0.137,11.14,11.146916,886,709,417,2012,2,2,1,5,1.7631E+12,1.7631E+12,light,0.8,80,0,0,2,0,0,0,,,,,,,,
g2_rain_fade,RAIN_FADE,24,,400,2,124,ok,,,1,66.309667,2011,5,10.587,0.15,10.884,10.84025,886,707,418,2011,2,2,1,5,1.7631E+12,1.7631E+12,light,0.8,80,0,0,2,0,0,0,,,,,,,,
g2_rain_fade,RAIN_FADE,24,,400,2,125,ok,,,1,74.65474999,2015,5,10.755,0.098,10.633,10.584417,888,708,419,2015,2,2,1,5,1.7631E+12,1.7631E+12,light,0.8,80,0,1,2,0.5,0,0,,,,,,,,
g2_rain_fade,RAIN_FADE,24,,400,2,126,ok,,,1,75.230208,2012,5,11.381,0.148,11.334,11.30141599,887,707,418,2012,2,2,1,5,1.7631E+12,1.7631E+12,light,0.8,80,0,0,2,0,0,0,,,,,,,,
g2_rain_fade,RAIN_FADE,24,,400,2,127,ok,,,1,69.6815,2015,5,11.589,0.132,11.312,11.26725,888,708,419,2015,2,2,1,5,1.7631E+12,1.7631E+12,light,0.8,80,0,0,2,0,0,0,,,,,,,,
g2_rain_fade,RAIN_FADE,24,,400,2,128,ok,,,1,69.891167,2010,5,11.222,0.116,11.323,11.344375,886,707,417,2010,2,2,1,5,1.7631E+12,1.7631E+12,light,0.8,80,0,0,2,0,0,0,,,,,,,,
g2_rain_fade,RAIN_FADE,24,,400,2,129,ok,,,1,67.003834,2014,5,10.723,0.115,11.404,11.35541699,888,708,418,2014,2,2,1,5,1.7631E+12,1.7631E+12,light,0.8,80,0,2,2,1,0,0,,,,,,,,
g2_rain_fade,RAIN_FADE,24,,400,2,130,ok,,,1,75.785917,2017,5,11.714,0.096,10.705,10.671125,889,709,419,2017,2,2,1,5,1.7631E+12,1.7631E+12,light,0.8,80,0,0,2,0,0,0,,,,,,,,
g2_rain_fade,RAIN_FADE,24,,400,2,131,ok,,,1,74.3375,2014,5,10.359,0.082,10.703,10.677667,888,708,418,2014,2,2,1,5,1.7631E+12,1.7631E+12,light,0.8,80,0,0,2,0,0,0,,,,,,,,
g2_rain_fade,RAIN_FADE,24,,400,2,132,ok,,,1,73.004416,2014,5,11.751,0.092,11.559,11.535458,888,708,418,2014,2,2,1,5,1.7631E+12,1.7631E+12,light,0.8,80,0,0,2,0,0,0,,,,,,,,
g2_rain_fade,RAIN_FADE,24,,400,2,133,ok,,,1,74.254541,2015,5,10.563,0.09,10.575,10.539041,888,708,419,2015,2,2,1,5,1.7631E+12,1.7631E+12,light,0.8,80,0,0,2,0,0,0,,,,,,,,
g2_rain_fade,RAIN_FADE,24,,400,2,134,ok,,,1,73.295125,2014,5,10.509,0.152,10.478,10.451791,887,709,418,2014,2,2,1,5,1.7631E+12,1.7631E+12,light,0.8,80,0,1,2,0.5,0,0,,,,,,,,
g2_rain_fade,RAIN_FADE,24,,400,2,135,ok,,,1,68.271375,2011,5,10.726,0.087,10.554,10.516584,885,708,418,2011,2,2,1,5,1.7631E+12,1.7631E+12,light,0.8,80,0,0,2,0,0,0,,,,,,,,
g2_rain_fade,RAIN_FADE,24,,400,2,136,ok,,,1,71.482084,2012,5,10.943,0.091,10.584,10.5415,886,708,418,2012,2,2,1,5,1.7631E+12,1.7631E+12,light,0.8,80,0,0,2,0,0,0,,,,,,,,
g2_rain_fade,RAIN_FADE,24,,400,2,137,ok,,,1,70.273333,2013,5,10.519,0.105,11.076,11.106541,887,708,418,2013,2,2,1,5,1.7631E+12,1.7631E+12,light,0.8,80,0,0,2,0,0,0,,,,,,,,
g2_rain_fade,RAIN_FADE,24,,400,2,138,ok,,,1,73.665375,2011,5,10.768,0.132,10.554,10.53695899,886,707,418,2011,2,2,1,5,1.7631E+12,1.7631E+12,light,0.8,80,0,0,2,0,0,0,,,,,,,,
g2_rain_fade,RAIN_FADE,24,,400,2,139,ok,,,1,68.3855,2013,5,10.345,0.189,10.793,10.765417,887,708,418,2013,2,2,1,5,1.7631E+12,1.7631E+12,light,0.8,80,0,2,2,1,0,0,,,,,,,,
g2_rain_fade,RAIN_FADE,24,,400,2,140,ok,,,1,78.398458,2015,5,11.934,0.158,11.176,11.14087499,888,708,419,2015,2,2,1,5,1.7631E+12,1.7631E+12,light,0.8,80,0,1,4,0.25,0,0,,,,,,,,
g2_rain_fade,RAIN_FADE,24,,400,2,141,ok,,,1,70.224625,2014,5,11.881,0.122,11.572,11.563375,888,708,418,2014,2,2,1,5,1.7631E+12,1.7631E+12,light,0.8,80,0,0,2,0,0,0,,,,,,,,
g2_rain_fade,RAIN_FADE,24,,400,2,142,ok,,,1,68.759875,2013,5,10.862,0.177,10.509,10.483833,887,708,418,2013,2,2,1,5,1.7631E+12,1.7631E+12,light,0.8,80,0,0,2,0,0,0,,,,,,,,
g2_rain_fade,RAIN_FADE,24,,400,2,143,ok,,,1,74.251042,2017,5,10.468,0.125,10.779,10.741125,889,709,419,2017,2,2,1,5,1.7631E+12,1.7631E+12,light,0.8,80,0,0,2,0,0,0,,,,,,,,
g2_rain_fade,RAIN_FADE,24,,400,2,144,ok,,,1,67.218083,2012,5,11.232,0.117,11.151,11.145541,886,709,417,2012,2,2,1,5,1.7631E+12,1.7631E+12,light,0.8,80,0,0,2,0,0,0,,,,,,,,
g2_rain_fade,RAIN_FADE,24,,400,2,145,ok,,,1,77.338459,2016,5,11.476,0.098,10.51,10.477292,888,709,419,2016,2,2,1,5,1.7631E+12,1.7631E+12,light,0.8,80,0,0,2,0,0,0,,,,,,,,
g2_rain_fade,RAIN_FADE,24,,400,2,146,ok,,,1,78.085,2012,5,10.92,0.097,11.238,11.24504201,887,708,417,2012,2,2,1,5,1.7631E+12,1.7631E+12,light,0.8,80,0,0,2,0,0,0,,,,,,,,
g2_rain_fade,RAIN_FADE,24,,400,2,147,ok,,,1,74.071125,2017,5,10.551,0.102,11.115,11.092334,889,709,419,2017,2,2,1,5,1.7631E+12,1.7631E+12,light,0.8,80,0,1,2,0.5,0,0,,,,,,,,
g2_rain_fade,RAIN_FADE,24,,400,2,148,ok,,,1,70.322376,2012,5,10.3,0.153,10.994,10.965375,887,707,418,2012,2,2,1,5,1.7631E+12,1.7631E+12,light,0.8,80,0,0,2,0,0,0,,,,,,,,
g2_rain_fade,RAIN_FADE,24,,400,2,149,ok,,,1,83.779833,2017,5,15.903,0.197,16.381,16.413792,889,709,419,2017,2,2,1,5,1.7631E+12,1.7631E+12,light,0.8,80,0,0,5,0,0,0,,,,,,,,
g2_rain_fade,RAIN_FADE,24,,400,2,150,ok,,,1,73.705291,2014,5,11.153,0.136,11.459,11.429584,887,708,419,2014,2,2,1,5,1.7631E+12,1.7631E+12,light,0.8,80,0,0,2,0,0,0,,,,,,,,
g2_rain_fade,RAIN_FADE,24,,400,2,151,ok,,,1,75.498834,2013,5,10.917,0.093,11.491,11.482458,887,708,418,2013,2,2,1,5,1.7631E+12,1.7631E+12,light,0.8,80,0,0,2,0,0,0,,,,,,,,
g2_rain_fade,RAIN_FADE,24,,400,2,152,ok,,,1,73.780583,2013,5,10.898,0.133,11.468,11.51204199,887,709,417,2013,2,2,1,5,1.7631E+12,1.7631E+12,light,0.8,80,0,1,2,0.5,0,0,,,,,,,,
g2_rain_fade,RAIN_FADE,24,,400,2,153,ok,,,1,72.76675,2013,5,10.457,0.113,10.618,10.59712499,887,708,418,2013,2,2,1,5,1.7631E+12,1.7631E+12,light,0.8,80,0,2,2,1,0,0,,,,,,,,
g2_rain_fade,RAIN_FADE,24,,400,2,154,ok,,,1,74.898833,2008,5,10.654,0.079,10.576,10.543833,885,706,417,2008,2,2,1,5,1.7631E+12,1.7631E+12,light,0.8,80,0,0,2,0,0,0,,,,,,,,
g2_rain_fade,RAIN_FADE,24,,400,2,155,ok,,,1,69.31129201,2011,5,11.618,0.129,11.535,11.521542,887,707,417,2011,2,2,1,5,1.7631E+12,1.7631E+12,light,0.8,80,0,0,2,0,0,0,,,,,,,,
g2_rain_fade,RAIN_FADE,24,,400,2,156,ok,,,1,72.833583,2015,5,10.336,0.155,11.776,11.7675,888,708,419,2015,2,2,1,5,1.7631E+12,1.7631E+12,light,0.8,80,0,0,2,0,0,0,,,,,,,,
g2_rain_fade,RAIN_FADE,24,,400,2,157,ok,,,1,74.490208,2014,5,11.043,0.101,11.424,11.404,888,708,418,2014,2,2,1,5,1.7631E+12,1.7631E+12,light,0.8,80,0,1,2,0.5,0,0,,,,,,,,
g2_rain_fade,RAIN_FADE,24,,400,2,158,ok,,,1,71.676458,2012,5,10.728,0.112,11.382,11.379667,887,707,418,2012,2,2,1,5,1.7631E+12,1.7631E+12,light,0.8,80,0,0,2,0,0,0,,,,,,,,
g2_rain_fade,RAIN_FADE,24,,400,2,159,ok,,,1,76.508917,2012,5,10.674,0.098,11.615,11.647125,887,707,418,2012,2,2,1,5,1.7631E+12,1.7631E+12,light,0.8,80,0,1,2,0.5,0,0,,,,,,,,
g2_rain_fade,RAIN_FADE,24,,400,2,160,ok,,,1,69.27312499,2015,5,11.776,0.155,10.534,10.505833,888,708,419,2015,2,2,1,5,1.7631E+12,1.7631E+12,light,0.8,80,0,2,2,1,0,0,,,,,,,,
g2_rain_fade,RAIN_FADE,24,,400,2,161,ok,,,1,79.990708,2014,5,10.607,0.115,10.762,10.733,888,708,418,2014,2,2,1,5,1.7631E+12,1.7631E+12,light,0.8,80,0,0,2,0,0,0,,,,,,,,
g2_rain_fade,RAIN_FADE,24,,400,2,162,ok,,,1,76.155875,2013,5,10.673,0.121,10.726,10.700791,887,708,418,2013,2,2,1,5,1.7631E+12,1.7631E+12,light,0.8,80,0,0,2,0,0,0,,,,,,,,
g2_rain_fade,RAIN_FADE,24,,400,2,163,ok,,,1,74.34799999,2011,5,11.963,0.16,10.629,10.596041,886,708,417,2011,2,2,1,5,1.7631E+12,1.7631E+12,light,0.8,80,0,0,2,0,0,0,,,,,,,,
g2_rain_fade,RAIN_FADE,24,,400,2,164,ok,,,1,84.90425,2014,5,12.474,0.154,11.608,11.594,887,709,418,2014,2,2,1,5,1.7631E+12,1.7631E+12,light,0.8,80,0,0,2,0,0,0,,,,,,,,
g2_rain_fade,RAIN_FADE,24,,400,2,165,ok,,,1,75.1535,2013,5,11,0.118,11.555,11.521875,887,708,418,2013,2,2,1,5,1.7631E+12,1.7631E+12,light,0.8,80,0,0,2,0,0,0,,,,,,,,
g2_rain_fade,RAIN_FADE,24,,400,2,166,ok,,,1,78.203292,2013,5,12.073,0.094,10.53,10.489583,887,708,418,2013,2,2,1,5,1.7631E+12,1.7631E+12,light,0.8,80,0,0,2,0,0,0,,,,,,,,
g2_rain_fade,RAIN_FADE,24,,400,2,167,ok,,,1,72.612083,2013,5,10.384,0.091,10.477,10.459125,887,708,418,2013,2,2,1,5,1.7631E+12,1.7631E+12,light,0.8,80,0,0,2,0,0,0,,,,,,,,
g2_rain_fade,RAIN_FADE,24,,400,2,168,ok,,,1,76.522291,2010,5,11.28,0.101,11.009,11.02145801,886,707,417,2010,2,2,1,5,1.7631E+12,1.7631E+12,light,0.8,80,0,2,2,1,0,0,,,,,,,,
g2_rain_fade,RAIN_FADE,24,,400,2,169,ok,,,1,75.458958,2013,5,10.666,0.144,10.842,10.823416,886,709,418,2013,2,2,1,5,1.7631E+12,1.7631E+12,light,0.8,80,0,0,2,0,0,0,,,,,,,,
g2_rain_fade,RAIN_FADE,24,,400,2,170,ok,,,1,76.559083,2014,5,10.661,0.113,10.676,10.64304201,888,708,418,2014,2,2,1,5,1.7631E+12,1.7631E+12,light,0.8,80,0,0,2,0,0,0,,,,,,,,
g2_rain_fade,RAIN_FADE,24,,400,2,171,ok,,,1,71.35125,2017,5,11.461,0.097,11.824,11.797,889,709,419,2017,2,2,1,5,1.7631E+12,1.7631E+12,light,0.8,80,0,0,2,0,0,0,,,,,,,,
g2_rain_fade,RAIN_FADE,24,,400,2,172,ok,,,1,73.40012499,2017,5,11.14,0.135,10.889,10.86375,889,709,419,2017,2,2,1,5,1.7631E+12,1.7631E+12,light,0.8,80,0,0,2,0,0,0,,,,,,,,
g2_rain_fade,RAIN_FADE,24,,400,2,173,ok,,,1,74.537417,2013,5,10.389,0.131,11.478,11.450291,887,708,418,2013,2,2,1,5,1.7631E+12,1.7631E+12,light,0.8,80,0,2,2,1,0,0,,,,,,,,
g2_rain_fade,RAIN_FADE,24,,400,2,174,ok,,,1,70.412458,2013,5,12.222,0.112,11.444,11.486791,887,708,418,2013,2,2,1,5,1.7631E+12,1.7631E+12,light,0.8,80,0,2,2,1,0,0,,,,,,,,
g2_rain_fade,RAIN_FADE,24,,400,2,175,ok,,,1,67.469541,2014,5,10.514,0.162,11.017,10.979625,888,708,418,2014,2,2,1,5,1.7631E+12,1.7631E+12,light,0.8,80,0,0,2,0,0,0,,,,,,,,
g2_rain_fade,RAIN_FADE,24,,400,2,176,ok,,,1,78.883125,2016,5,10.784,0.099,10.72,10.691625,888,709,419,2016,2,2,1,5,1.7631E+12,1.7631E+12,light,0.8,80,0,0,2,0,0,0,,,,,,,,
g2_rain_fade,RAIN_FADE,24,,400,2,177,ok,,,2,77.374083,2011,5,10.743,0.098,10.502,10.474,886,707,418,2011,2,2,1,5,1.7631E+12,1.7631E+12,light,0.8,80,0,1,4,0.25,0,0,,,,,,,,
g2_rain_fade,RAIN_FADE,24,,400,2,178,ok,,,1,69.131875,2013,5,10.48,0.105,11.127,11.137625,887,709,417,2013,2,2,1,5,1.7631E+12,1.7631E+12,light,0.8,80,0,0,2,0,0,0,,,,,,,,
g2_rain_fade,RAIN_FADE,24,,400,2,179,ok,,,1,74.932875,2015,5,10.543,0.132,10.547,10.534125,888,708,419,2015,2,2,1,5,1.7631E+12,1.7631E+12,light,0.8,80,0,0,2,0,0,0,,,,,,,,
g2_rain_fade,RAIN_FADE,24,,400,2,180,ok,,,1,70.616917,2009,5,10.17,0.086,10.32,10.299292,886,706,417,2009,2,2,1,5,1.7631E+12,1.7631E+12,light,0.8,80,0,0,2,0,0,0,,,,,,,,
g2_rain_fade,RAIN_FADE,24,,400,2,181,ok,,,1,72.194334,2007,5,10.534,0.165,10.638,10.612292,885,706,416,2007,2,2,1,5,1.7631E+12,1.7631E+12,light,0.8,80,0,0,2,0,0,0,,,,,,,,
g2_rain_fade,RAIN_FADE,24,,400,2,182,ok,,,1,70.783251,2010,5,11.728,0.101,10.49,10.440584,886,707,417,2010,2,2,1,5,1.7631E+12,1.7631E+12,light,0.8,80,0,0,2,0,0,0,,,,,,,,
g2_rain_fade,RAIN_FADE,24,,400,2,183,ok,,,1,74.31933399,2015,5,10.434,0.151,10.692,10.680708,888,708,419,2015,2,2,1,5,1.7631E+12,1.7631E+12,light,0.8,80,0,0,2,0,0,0,,,,,,,,
g2_rain_fade,RAIN_FADE,24,,400,2,184,ok,,,1,73.698917,2012,5,11.59,0.129,11.19,11.152959,887,707,418,2012,2,2,1,5,1.7631E+12,1.7631E+12,light,0.8,80,0,0,2,0,0,0,,,,,,,,
g2_rain_fade,RAIN_FADE,24,,400,2,185,ok,,,1,78.452458,2015,5,11.185,0.106,11.111,11.182083,887,709,419,2015,2,2,1,5,1.7631E+12,1.7631E+12,light,0.8,80,0,1,2,0.5,0,0,,,,,,,,
g2_rain_fade,RAIN_FADE,24,,400,2,186,ok,,,1,73.504625,2015,5,10.986,0.125,12.041,12.051834,888,709,418,2015,2,2,1,5,1.7631E+12,1.7631E+12,light,0.8,80,0,0,2,0,0,0,,,,,,,,
g2_rain_fade,RAIN_FADE,24,,400,2,187,ok,,,2,73.520334,2014,5,10.687,0.139,11.537,11.560417,888,708,418,2014,2,2,1,5,1.7631E+12,1.7631E+12,light,0.8,80,0,3,4,0.75,0,0,,,,,,,,
g2_rain_fade,RAIN_FADE,24,,400,2,188,ok,,,1,71.482625,2012,5,10.44,0.129,10.363,10.340292,887,707,418,2012,2,2,1,5,1.7631E+12,1.7631E+12,light,0.8,80,0,1,2,0.5,0,0,,,,,,,,
g2_rain_fade,RAIN_FADE,24,,400,2,189,ok,,,1,72.561417,2012,5,11.676,0.119,11.46,11.463708,887,707,418,2012,2,2,1,5,1.7631E+12,1.7631E+12,light,0.8,80,0,2,2,1,0,0,,,,,,,,
g2_rain_fade,RAIN_FADE,24,,400,2,190,ok,,,1,72.623083,2014,5,10.33,0.178,11.139,11.100625,888,708,418,2014,2,2,1,5,1.7631E+12,1.7631E+12,light,0.8,80,0,0,2,0,0,0,,,,,,,,
g2_rain_fade,RAIN_FADE,24,,400,2,191,ok,,,1,72.829792,2011,5,12.046,0.09,10.366,10.332875,886,707,418,2011,2,2,1,5,1.7631E+12,1.7631E+12,light,0.8,80,0,0,2,0,0,0,,,,,,,,
g2_rain_fade,RAIN_FADE,24,,400,2,192,ok,,,1,74.549416,2013,5,11.027,0.12,10.976,11.002291,887,708,418,2013,2,2,1,5,1.7631E+12,1.7631E+12,light,0.8,80,0,0,2,0,0,0,,,,,,,,
g2_rain_fade,RAIN_FADE,24,,400,2,193,ok,,,1,75.142917,2015,5,12.306,0.181,10.638,10.60779201,888,708,419,2015,2,2,1,5,1.7631E+12,1.7631E+12,light,0.8,80,0,0,2,0,0,0,,,,,,,,
g2_rain_fade,RAIN_FADE,24,,400,2,194,ok,,,1,79.13920801,2017,5,10.682,0.125,11.026,11.01675,889,709,419,2017,2,2,1,5,1.7631E+12,1.7631E+12,light,0.8,80,0,1,2,0.5,0,0,,,,,,,,
g2_rain_fade,RAIN_FADE,24,,400,2,195,ok,,,1,82.8715,2015,5,11.494,0.094,10.524,10.500167,888,709,418,2015,2,2,1,5,1.7631E+12,1.7631E+12,light,0.8,80,0,0,2,0,0,0,,,,,,,,
g2_rain_fade,RAIN_FADE,24,,400,2,196,ok,,,1,69.87941601,2017,5,10.918,0.108,11.099,11.080834,889,709,419,2017,2,2,1,5,1.7631E+12,1.7631E+12,light,0.8,80,0,0,2,0,0,0,,,,,,,,
g2_rain_fade,RAIN_FADE,24,,400,2,197,ok,,,1,72.092917,2011,5,10.43,0.13,10.675,10.663542,886,707,418,2011,2,2,1,5,1.7631E+12,1.7631E+12,light,0.8,80,0,0,2,0,0,0,,,,,,,,
g2_rain_fade,RAIN_FADE,24,,400,2,198,ok,,,1,69.856458,2017,5,11.591,0.126,11.481,11.46233401,889,709,419,2017,2,2,1,5,1.7631E+12,1.7631E+12,light,0.8,80,0,1,2,0.5,0,0,,,,,,,,
g2_rain_fade,RAIN_FADE,24,,400,2,199,ok,,,1,74.451792,2015,5,10.319,0.144,10.714,10.674375,887,709,419,2015,2,2,1,5,1.7631E+12,1.7631E+12,light,0.8,80,0,2,2,1,0,0,,,,,,,,
g2_rain_fade,RAIN_FADE,24,,400,2,200,ok,,,1,76.024292,2015,5,11.981,0.099,11.381,11.349917,888,708,419,2015,2,2,1,5,1.7631E+12,1.7631E+12,light,0.8,80,0,1,2,0.5,0,0,,,,,,,,
g2_rain_fade,RAIN_FADE,24,,400,2,201,ok,,,1,74.337458,2001,5,11.486,0.125,11.55,11.559292,874,708,419,2001,2,2,1,5,1.7631E+12,1.7631E+12,light,0.8,80,0,0,2,0,0,0,,,,,,,,
g2_rain_fade,RAIN_FADE,24,,400,2,202,ok,,,1,73.091084,2011,5,10.748,0.103,11.105,11.082584,886,707,418,2011,2,2,1,5,1.7631E+12,1.7631E+12,light,0.8,80,0,2,4,0.5,0,0,,,,,,,,
g2_rain_fade,RAIN_FADE,24,,400,2,203,ok,,,1,71.608667,2017,5,11.39,0.153,10.925,10.900166,889,709,419,2017,2,2,1,5,1.7631E+12,1.7631E+12,light,0.8,80,0,0,2,0,0,0,,,,,,,,
g2_rain_fade,RAIN_FADE,24,,400,2,204,ok,,,1,72.086375,2010,5,10.996,0.11,10.439,10.417333,886,706,418,2010,2,2,1,5,1.7631E+12,1.7631E+12,light,0.8,80,0,0,2,0,0,0,,,,,,,,
g2_rain_fade,RAIN_FADE,24,,400,2,205,ok,,,1,76.179209,2012,5,10.559,0.086,10.728,10.706375,887,707,418,2012,2,2,1,5,1.7631E+12,1.7631E+12,light,0.8,80,0,2,2,1,0,0,,,,,,,,
g2_rain_fade,RAIN_FADE,24,,400,2,206,ok,,,1,68.477125,2013,5,10.969,0.143,11.033,11.014167,887,708,418,2013,2,2,1,5,1.7631E+12,1.7631E+12,light,0.8,80,0,0,2,0,0,0,,,,,,,,
g2_rain_fade,RAIN_FADE,24,,400,2,207,ok,,,1,72.180125,2012,5,10.591,0.122,11.331,11.30375,887,707,418,2012,2,2,1,5,1.7631E+12,1.7631E+12,light,0.8,80,0,0,2,0,0,0,,,,,,,,
g2_rain_fade,RAIN_FADE,24,,400,2,208,ok,,,1,71.568042,2012,5,10.516,0.119,10.975,10.973959,887,708,417,2012,2,2,1,5,1.7631E+12,1.7631E+12,light,0.8,80,0,0,2,0,0,0,,,,,,,,
g2_rain_fade,RAIN_FADE,24,,400,2,209,ok,,,1,73.892375,2014,5,10.541,0.108,10.514,10.490167,888,708,418,2014,2,2,1,5,1.7631E+12,1.7631E+12,light,0.8,80,0,0,2,0,0,0,,,,,,,,
g2_rain_fade,RAIN_FADE,24,,400,2,210,ok,,,1,71.900833,2012,5,11.791,0.108,10.725,10.67724999,887,708,417,2012,2,2,1,5,1.7631E+12,1.7631E+12,light,0.8,80,0,0,2,0,0,0,,,,,,,,
g2_rain_fade,RAIN_FADE,24,,400,2,211,ok,,,1,68.555334,2013,5,10.481,0.129,10.632,10.602,887,708,418,2013,2,2,1,5,1.7631E+12,1.7631E+12,light,0.8,80,0,0,2,0,0,0,,,,,,,,
g2_rain_fade,RAIN_FADE,24,,400,2,212,ok,,,1,71.4995,2012,5,11.126,0.105,10.495,10.446625,887,707,418,2012,2,2,1,5,1.7631E+12,1.7631E+12,light,0.8,80,0,0,2,0,0,0,,,,,,,,
g2_rain_fade,RAIN_FADE,24,,400,2,213,ok,,,1,68.929958,2013,5,10.462,0.145,10.955,10.931666,887,708,418,2013,2,2,1,5,1.7631E+12,1.7631E+12,light,0.8,80,0,0,2,0,0,0,,,,,,,,
g2_rain_fade,RAIN_FADE,24,,400,2,214,ok,,,1,67.275833,2012,5,10.423,0.128,10.616,10.586875,886,709,417,2012,2,2,1,5,1.7631E+12,1.7631E+12,light,0.8,80,0,0,2,0,0,0,,,,,,,,
g2_rain_fade,RAIN_FADE,24,,400,2,215,ok,,,1,76.3975,2017,5,10.406,0.145,10.64,10.618625,889,709,419,2017,2,2,1,5,1.7631E+12,1.7631E+12,light,0.8,80,0,1,2,0.5,0,0,,,,,,,,
g2_rain_fade,RAIN_FADE,24,,400,2,216,ok,,,1,76.32525,2016,5,11.792,0.091,10.658,10.629,888,709,419,2016,2,2,1,5,1.7631E+12,1.7631E+12,light,0.8,80,0,0,2,0,0,0,,,,,,,,
g2_rain_fade,RAIN_FADE,24,,400,2,217,ok,,,1,74.665583,2017,5,11.23,0.117,10.786,10.786833,889,709,419,2017,2,2,1,5,1.7631E+12,1.7631E+12,light,0.8,80,0,0,2,0,0,0,,,,,,,,
g2_rain_fade,RAIN_FADE,24,,400,2,218,ok,,,1,71.689458,2014,5,11.559,0.149,10.457,10.436,887,708,419,2014,2,2,1,5,1.7631E+12,1.7631E+12,light,0.8,80,0,0,2,0,0,0,,,,,,,,
g2_rain_fade,RAIN_FADE,24,,400,2,219,ok,,,1,67.97641701,2014,5,11.065,0.129,10.779,10.763375,887,709,418,2014,2,2,1,5,1.7631E+12,1.7631E+12,light,0.8,80,0,0,2,0,0,0,,,,,,,,
g2_rain_fade,RAIN_FADE,24,,400,2,220,ok,,,1,69.2995,2009,5,11.76,0.092,10.959,10.974709,885,707,417,2009,2,2,1,5,1.7631E+12,1.7631E+12,light,0.8,80,0,0,2,0,0,0,,,,,,,,
g2_rain_fade,RAIN_FADE,24,,400,2,221,ok,,,1,78.77275,2015,5,11.236,0.092,10.599,10.558292,888,708,419,2015,2,2,1,5,1.7631E+12,1.7631E+12,light,0.8,80,0,0,2,0,0,0,,,,,,,,
g2_rain_fade,RAIN_FADE,24,,400,2,222,ok,,,1,76.083001,2012,5,11.083,0.108,11.033,11.00775,887,707,418,2012,2,2,1,5,1.7631E+12,1.7631E+12,light,0.8,80,0,0,2,0,0,0,,,,,,,,
g2_rain_fade,RAIN_FADE,24,,400,2,223,ok,,,1,66.037417,2009,5,10.532,0.098,11.034,11.01725,886,707,416,2009,2,2,1,5,1.7631E+12,1.7631E+12,light,0.8,80,0,0,2,0,0,0,,,,,,,,
g2_rain_fade,RAIN_FADE,24,,400,2,224,ok,,,1,72.130708,2014,5,12.068,0.098,10.706,10.682459,887,708,419,2014,2,2,1,5,1.7631E+12,1.7631E+12,light,0.8,80,0,0,2,0,0,0,,,,,,,,
g2_rain_fade,RAIN_FADE,24,,400,2,225,ok,,,1,73.166042,2015,5,10.646,0.108,10.979,11.01374999,888,708,419,2015,2,2,1,5,1.7631E+12,1.7631E+12,light,0.8,80,0,0,2,0,0,0,,,,,,,,
g2_rain_fade,RAIN_FADE,24,,400,2,226,ok,,,1,80.573958,2010,5,12.625,0.148,11.622,11.617167,886,707,417,2010,2,2,1,5,1.7631E+12,1.7631E+12,light,0.8,80,0,3,5,0.6,0,0,,,,,,,,
g2_rain_fade,RAIN_FADE,24,,400,2,227,ok,,,1,65.26691699,2010,5,12.168,0.132,10.431,10.416458,886,707,417,2010,2,2,1,5,1.7631E+12,1.7631E+12,light,0.8,80,0,0,2,0,0,0,,,,,,,,
g2_rain_fade,RAIN_FADE,24,,400,2,228,ok,,,1,67.475208,2017,5,10.386,0.113,11.092,11.046375,889,709,419,2017,2,2,1,5,1.7631E+12,1.7631E+12,light,0.8,80,0,0,2,0,0,0,,,,,,,,
g2_rain_fade,RAIN_FADE,24,,400,2,229,ok,,,1,79.498625,2014,5,10.604,0.099,10.714,10.677875,887,708,419,2014,2,2,1,5,1.7631E+12,1.7631E+12,light,0.8,80,0,0,2,0,0,0,,,,,,,,
g2_rain_fade,RAIN_FADE,24,,400,2,230,ok,,,1,75.266666,2015,5,11.203,0.103,11.491,11.502292,888,709,418,2015,2,2,1,5,1.7631E+12,1.7631E+12,light,0.8,80,0,0,2,0,0,0,,,,,,,,
g2_rain_fade,RAIN_FADE,24,,400,2,231,ok,,,1,79.3435,2012,5,11.853,0.107,10.599,10.557209,887,707,418,2012,2,2,1,5,1.7631E+12,1.7631E+12,light,0.8,80,0,0,2,0,0,0,,,,,,,,
g2_rain_fade,RAIN_FADE,24,,400,2,232,ok,,,1,74.480334,2012,5,10.532,0.089,11.466,11.452042,887,707,418,2012,2,2,1,5,1.7631E+12,1.7631E+12,light,0.8,80,0,1,2,0.5,0,0,,,,,,,,
g2_rain_fade,RAIN_FADE,24,,400,2,233,ok,,,1,71.516042,2013,5,11.435,0.187,10.642,10.6065,887,708,418,2013,2,2,1,5,1.7631E+12,1.7631E+12,light,0.8,80,0,0,2,0,0,0,,,,,,,,
g2_rain_fade,RAIN_FADE,24,,400,2,234,ok,,,1,75.760375,2014,5,11.917,0.121,10.453,10.431375,888,708,418,2014,2,2,1,5,1.7631E+12,1.7631E+12,light,0.8,80,0,0,2,0,0,0,,,,,,,,
g2_rain_fade,RAIN_FADE,24,,400,2,235,ok,,,1,74.729042,2011,5,11.127,0.178,10.808,10.784125,886,708,417,2011,2,2,1,5,1.7631E+12,1.7631E+12,light,0.8,80,0,0,2,0,0,0,,,,,,,,
g2_rain_fade,RAIN_FADE,24,,400,2,236,ok,,,1,72.059292,2016,5,11.378,0.079,10.546,10.518583,888,709,419,2016,2,2,1,5,1.7631E+12,1.7631E+12,light,0.8,80,0,0,2,0,0,0,,,,,,,,
g2_rain_fade,RAIN_FADE,24,,400,2,237,ok,,,1,73.572833,2013,5,10.648,0.101,11.289,11.297,887,707,419,2013,2,2,1,5,1.7631E+12,1.7631E+12,light,0.8,80,0,0,2,0,0,0,,,,,,,,
g2_rain_fade,RAIN_FADE,24,,400,2,238,ok,,,1,72.544666,2015,5,11.78,0.134,10.768,10.757709,888,709,418,2015,2,2,1,5,1.7631E+12,1.7631E+12,light,0.8,80,0,0,2,0,0,0,,,,,,,,
g2_rain_fade,RAIN_FADE,24,,400,2,239,ok,,,1,75.083292,2014,5,11.63,0.094,11.726,11.738,888,708,418,2014,2,2,1,5,1.7631E+12,1.7631E+12,light,0.8,80,0,0,2,0,0,0,,,,,,,,
g2_rain_fade,RAIN_FADE,24,,400,2,240,ok,,,1,72.60604099,2011,5,11.412,0.131,10.726,10.698666,886,708,417,2011,2,2,1,5,1.7631E+12,1.7631E+12,light,0.8,80,0,1,2,0.5,0,0,,,,,,,,
g2_rain_fade,RAIN_FADE,24,,400,2,241,ok,,,1,73.424125,2012,5,11.272,0.133,11.129,11.159709,887,707,418,2012,2,2,1,5,1.7631E+12,1.7631E+12,light,0.8,80,0,0,2,0,0,0,,,,,,,,
g2_rain_fade,RAIN_FADE,24,,400,2,242,ok,,,1,73.723209,2017,5,10.795,0.11,11.397,11.372833,889,709,419,2017,2,2,1,5,1.7631E+12,1.7631E+12,light,0.8,80,0,0,2,0,0,0,,,,,,,,
g2_rain_fade,RAIN_FADE,24,,400,2,243,ok,,,1,73.132041,2014,5,10.653,0.116,10.823,10.807625,888,708,418,2014,2,2,1,5,1.7631E+12,1.7631E+12,light,0.8,80,0,0,2,0,0,0,,,,,,,,
g2_rain_fade,RAIN_FADE,24,,400,2,244,ok,,,1,72.832833,2016,5,10.463,0.168,10.504,10.472625,888,709,419,2016,2,2,1,5,1.7631E+12,1.7631E+12,light,0.8,80,0,0,2,0,0,0,,,,,,,,
g2_rain_fade,RAIN_FADE,24,,400,2,245,ok,,,1,74.887916,2014,5,10.625,0.118,10.45,10.42045801,888,708,418,2014,2,2,1,5,1.7631E+12,1.7631E+12,light,0.8,80,0,0,2,0,0,0,,,,,,,,
g2_rain_fade,RAIN_FADE,24,,400,2,246,ok,,,1,70.786166,2015,5,12.322,0.136,11.35,11.336792,888,709,418,2015,2,2,1,5,1.7631E+12,1.7631E+12,light,0.8,80,0,0,2,0,0,0,,,,,,,,
g2_rain_fade,RAIN_FADE,24,,400,2,247,ok,,,1,72.320834,2014,5,11.586,0.087,11.205,11.21225,888,708,418,2014,2,2,1,5,1.7631E+12,1.7631E+12,light,0.8,80,0,0,2,0,0,0,,,,,,,,
g2_rain_fade,RAIN_FADE,24,,400,2,248,ok,,,1,74.36,2014,5,10.647,0.146,10.595,10.547875,888,708,418,2014,2,2,1,5,1.7631E+12,1.7631E+12,light,0.8,80,0,0,2,0,0,0,,,,,,,,
g2_rain_fade,RAIN_FADE,24,,400,2,249,ok,,,1,70.257458,2013,5,11.268,0.093,11.191,11.362792,887,709,417,2013,2,2,1,5,1.7631E+12,1.7631E+12,light,0.8,80,0,2,2,1,0,0,,,,,,,,
g2_rain_fade,RAIN_FADE,24,,400,2,250,ok,,,1,68.191,2017,5,10.557,0.152,10.687,10.663833,889,709,419,2017,2,2,1,5,1.7631E+12,1.7631E+12,light,0.8,80,0,0,2,0,0,0,,,,,,,,
g2_rain_fade,RAIN_FADE,24,,400,2,251,ok,,,1,67.880333,2014,5,11.142,0.137,10.838,10.812708,887,708,419,2014,2,2,1,5,1.7631E+12,1.7631E+12,light,0.8,80,0,0,2,0,0,0,,,,,,,,
g2_rain_fade,RAIN_FADE,24,,400,2,252,ok,,,1,74.008958,2016,5,11.895,0.126,11.327,11.308208,888,709,419,2016,2,2,1,5,1.7631E+12,1.7631E+12,light,0.8,80,0,0,2,0,0,0,,,,,,,,
g2_rain_fade,RAIN_FADE,24,,400,2,253,ok,,,1,68.998208,2012,5,10.738,0.14,10.744,10.708375,887,708,417,2012,2,2,1,5,1.7631E+12,1.7631E+12,light,0.8,80,0,0,2,0,0,0,,,,,,,,
g2_rain_fade,RAIN_FADE,24,,400,2,254,ok,,,1,70.385667,2015,5,10.664,0.109,11.619,11.661167,888,709,418,2015,2,2,1,5,1.7631E+12,1.7631E+12,light,0.8,80,0,0,2,0,0,0,,,,,,,,
g2_rain_fade,RAIN_FADE,24,,400,2,255,ok,,,1,72.599417,2010,5,11.533,0.104,11.279,11.279042,886,707,417,2010,2,2,1,5,1.7631E+12,1.7631E+12,light,0.8,80,0,0,2,0,0,0,,,,,,,,
g2_rain_fade,RAIN_FADE,24,,400,2,256,ok,,,1,70.950875,2014,5,10.58,0.113,10.57,10.5385,887,708,419,2014,2,2,1,5,1.7631E+12,1.7631E+12,light,0.8,80,0,0,2,0,0,0,,,,,,,,
g2_rain_fade,RAIN_FADE,24,,400,2,257,ok,,,1,71.745958,2015,5,11.104,0.09,10.63,10.589542,888,708,419,2015,2,2,1,5,1.7631E+12,1.7631E+12,light,0.8,80,0,0,2,0,0,0,,,,,,,,
g2_rain_fade,RAIN_FADE,24,,400,2,258,ok,,,1,72.839875,2015,5,13.575,0.167,10.998,10.9755,888,709,418,2015,2,2,1,5,1.7631E+12,1.7631E+12,light,0.8,80,0,0,2,0,0,0,,,,,,,,
g2_rain_fade,RAIN_FADE,24,,400,2,259,ok,,,1,78.05825,2015,5,10.693,0.094,11.542,11.543417,888,708,419,2015,2,2,1,5,1.7631E+12,1.7631E+12,light,0.8,80,0,0,2,0,0,0,,,,,,,,
g2_rain_fade,RAIN_FADE,24,,400,2,260,ok,,,1,74.146,2016,5,11.459,0.091,11.628,11.595,888,709,419,2016,2,2,1,5,1.7631E+12,1.7631E+12,light,0.8,80,0,1,2,0.5,0,0,,,,,,,,
g2_rain_fade,RAIN_FADE,24,,400,2,261,ok,,,1,67.781042,2014,5,10.122,0.089,10.51,10.484209,888,708,418,2014,2,2,1,5,1.7631E+12,1.7631E+12,light,0.8,80,0,2,2,1,0,0,,,,,,,,
g2_rain_fade,RAIN_FADE,24,,400,2,262,ok,,,1,69.82249999,2015,5,10.859,0.135,10.416,10.390083,888,709,418,2015,2,2,1,5,1.7631E+12,1.7631E+12,light,0.8,80,0,1,2,0.5,0,0,,,,,,,,
g2_rain_fade,RAIN_FADE,24,,400,2,263,ok,,,1,77.714084,2017,5,11.94,0.151,10.817,10.82925,889,709,419,2017,2,2,1,5,1.7631E+12,1.7631E+12,light,0.8,80,0,0,2,0,0,0,,,,,,,,
g2_rain_fade,RAIN_FADE,24,,400,2,264,ok,,,1,80.49325,2013,5,10.651,0.112,10.745,10.707875,887,708,418,2013,2,2,1,5,1.7631E+12,1.7631E+12,light,0.8,80,0,0,2,0,0,0,,,,,,,,
g2_rain_fade,RAIN_FADE,24,,400,2,265,ok,,,1,72.883125,2011,5,10.37,0.112,10.751,10.716709,886,708,417,2011,2,2,1,5,1.7631E+12,1.7631E+12,light,0.8,80,0,0,2,0,0,0,,,,,,,,
g2_rain_fade,RAIN_FADE,24,,400,2,266,ok,,,1,87.265,2012,5,11.864,0.148,12.576,12.556208,887,708,417,2012,2,2,1,5,1.7631E+12,1.7631E+12,light,0.8,80,0,0,2,0,0,0,,,,,,,,
g2_rain_fade,RAIN_FADE,24,,400,2,267,ok,,,1,69.303167,2017,5,11.087,0.116,12.158,12.142916,889,709,419,2017,2,2,1,5,1.7631E+12,1.7631E+12,light,0.8,80,0,2,2,1,0,0,,,,,,,,
g2_rain_fade,RAIN_FADE,24,,400,2,268,ok,,,1,76.487833,2017,5,11.108,0.137,12.572,12.715875,889,709,419,2017,2,2,1,5,1.7631E+12,1.7631E+12,light,0.8,80,0,0,2,0,0,0,,,,,,,,
g2_rain_fade,RAIN_FADE,24,,400,2,269,ok,,,1,76.470292,2015,5,12.544,0.089,12.43,12.527084,888,709,418,2015,2,2,1,5,1.7631E+12,1.7631E+12,light,0.8,80,0,0,2,0,0,0,,,,,,,,
g2_rain_fade,RAIN_FADE,24,,400,2,270,ok,,,1,73.092583,2014,5,10.516,0.122,11.989,12.162625,888,708,418,2014,2,2,1,5,1.7631E+12,1.7631E+12,light,0.8,80,0,0,2,0,0,0,,,,,,,,
g2_rain_fade,RAIN_FADE,24,,400,2,271,ok,,,1,74.985084,2015,5,11.572,0.138,11.193,11.167167,888,708,419,2015,2,2,1,5,1.7631E+12,1.7631E+12,light,0.8,80,0,0,2,0,0,0,,,,,,,,
g2_rain_fade,RAIN_FADE,24,,400,2,272,ok,,,1,69.535209,2012,5,10.675,0.12,10.722,10.695791,887,707,418,2012,2,2,1,5,1.7631E+12,1.7631E+12,light,0.8,80,0,0,2,0,0,0,,,,,,,,
g2_rain_fade,RAIN_FADE,24,,400,2,273,ok,,,1,75.140459,2014,5,10.528,0.094,10.6,10.576875,887,709,418,2014,2,2,1,5,1.7631E+12,1.7631E+12,light,0.8,80,0,0,2,0,0,0,,,,,,,,
g2_rain_fade,RAIN_FADE,24,,400,2,274,ok,,,1,68.907708,2017,5,10.627,0.132,12.534,12.60283301,889,709,419,2017,2,2,1,5,1.7631E+12,1.7631E+12,light,0.8,80,0,0,2,0,0,0,,,,,,,,
g2_rain_fade,RAIN_FADE,24,,400,2,275,ok,,,1,72.018083,2014,5,10.401,0.15,10.688,10.663,887,708,419,2014,2,2,1,5,1.7631E+12,1.7631E+12,light,0.8,80,0,0,2,0,0,0,,,,,,,,
g2_rain_fade,RAIN_FADE,24,,400,2,276,ok,,,1,72.285334,2017,5,10.391,0.14,10.997,10.963209,889,709,419,2017,2,2,1,5,1.7631E+12,1.7631E+12,light,0.8,80,0,1,2,0.5,0,0,,,,,,,,
g2_rain_fade,RAIN_FADE,24,,400,2,277,ok,,,1,81.092709,2017,5,12.427,0.117,11.964,11.936375,889,709,419,2017,2,2,1,5,1.7631E+12,1.7631E+12,light,0.8,80,0,0,2,0,0,0,,,,,,,,
g2_rain_fade,RAIN_FADE,24,,400,2,278,ok,,,1,74.194792,2017,5,11.274,0.091,12.199,12.239333,889,709,419,2017,2,2,1,5,1.7631E+12,1.7631E+12,light,0.8,80,0,0,2,0,0,0,,,,,,,,
g2_rain_fade,RAIN_FADE,24,,400,2,279,ok,,,1,71.058042,2012,5,12.671,0.118,10.983,10.94425,886,709,417,2012,2,2,1,5,1.7631E+12,1.7631E+12,light,0.8,80,0,0,2,0,0,0,,,,,,,,
g2_rain_fade,RAIN_FADE,24,,400,2,280,ok,,,1,69.641417,2015,5,10.634,0.133,10.793,10.768042,888,708,419,2015,2,2,1,5,1.7631E+12,1.7631E+12,light,0.8,80,0,0,2,0,0,0,,,,,,,,
g2_rain_fade,RAIN_FADE,24,,400,2,281,ok,,,1,72.078833,2017,5,12.302,0.09,10.653,10.61675,889,709,419,2017,2,2,1,5,1.7631E+12,1.7631E+12,light,0.8,80,0,0,2,0,0,0,,,,,,,,
g2_rain_fade,RAIN_FADE,24,,400,2,282,ok,,,1,68.30891599,2015,5,10.302,0.106,11.41,11.399458,887,709,419,2015,2,2,1,5,1.7631E+12,1.7631E+12,light,0.8,80,0,1,2,0.5,0,0,,,,,,,,
g2_rain_fade,RAIN_FADE,24,,400,2,283,ok,,,1,72.39575,2017,5,10.783,0.104,10.334,10.30525,889,709,419,2017,2,2,1,5,1.7631E+12,1.7631E+12,light,0.8,80,0,0,2,0,0,0,,,,,,,,
g2_rain_fade,RAIN_FADE,24,,400,2,284,ok,,,1,72.240583,2012,5,10.677,0.125,10.669,10.639917,887,707,418,2012,2,2,1,5,1.7631E+12,1.7631E+12,light,0.8,80,0,0,2,0,0,0,,,,,,,,
g2_rain_fade,RAIN_FADE,24,,400,2,285,ok,,,1,72.254208,2013,5,10.745,0.103,10.771,10.745291,887,708,418,2013,2,2,1,5,1.7631E+12,1.7631E+12,light,0.8,80,0,0,2,0,0,0,,,,,,,,
g2_rain_fade,RAIN_FADE,24,,400,2,286,ok,,,1,73.29475,2015,5,11.299,0.097,10.952,10.985292,888,709,418,2015,2,2,1,5,1.7631E+12,1.7631E+12,light,0.8,80,0,0,2,0,0,0,,,,,,,,
g2_rain_fade,RAIN_FADE,24,,400,2,287,ok,,,1,74.889458,2013,5,13.036,0.128,11.683,11.72745899,887,708,418,2013,2,2,1,5,1.7631E+12,1.7631E+12,light,0.8,80,0,0,2,0,0,0,,,,,,,,
g2_rain_fade,RAIN_FADE,24,,400,2,288,ok,,,1,73.391792,2017,5,10.532,0.111,10.44,10.415208,889,709,419,2017,2,2,1,5,1.7631E+12,1.7631E+12,light,0.8,80,0,0,2,0,0,0,,,,,,,,
g2_rain_fade,RAIN_FADE,24,,400,2,289,ok,,,1,75.820334,2007,5,10.728,0.215,10.78,10.755708,884,707,416,2007,2,2,1,5,1.7631E+12,1.7631E+12,light,0.8,80,0,0,2,0,0,0,,,,,,,,
g2_rain_fade,RAIN_FADE,24,,400,2,290,ok,,,2,76.138458,2012,5,11.239,0.142,10.685,10.665167,887,708,417,2012,2,2,1,5,1.7631E+12,1.7631E+12,light,0.8,80,0,1,4,0.25,0,0,,,,,,,,
g2_rain_fade,RAIN_FADE,24,,400,2,291,ok,,,1,75.029417,2017,5,10.826,0.09,10.389,10.373917,889,709,419,2017,2,2,1,5,1.7631E+12,1.7631E+12,light,0.8,80,0,0,2,0,0,0,,,,,,,,
g2_rain_fade,RAIN_FADE,24,,400,2,292,ok,,,1,67.4905,2015,5,11.117,0.122,10.644,10.629334,888,709,418,2015,2,2,1,5,1.7631E+12,1.7631E+12,light,0.8,80,0,0,2,0,0,0,,,,,,,,
g2_rain_fade,RAIN_FADE,24,,400,2,293,ok,,,1,74.876167,2015,5,12.029,0.096,10.529,10.485125,888,708,419,2015,2,2,1,5,1.7631E+12,1.7631E+12,light,0.8,80,0,1,2,0.5,0,0,,,,,,,,
g2_rain_fade,RAIN_FADE,24,,400,2,294,ok,,,1,73.950459,2013,5,11.314,0.097,12.271,12.28170899,887,708,418,2013,2,2,1,5,1.7631E+12,1.7631E+12,light,0.8,80,0,0,2,0,0,0,,,,,,,,
g2_rain_fade,RAIN_FADE,24,,400,2,295,ok,,,1,72.653292,2010,5,12.119,0.126,11.619,11.592916,886,707,417,2010,2,2,1,5,1.7631E+12,1.7631E+12,light,0.8,80,0,0,2,0,0,0,,,,,,,,
g2_rain_fade,RAIN_FADE,24,,400,2,296,ok,,,1,67.388584,2014,5,10.925,0.092,11.456,11.43899999,888,708,418,2014,2,2,1,5,1.7631E+12,1.7631E+12,light,0.8,80,0,0,2,0,0,0,,,,,,,,
g2_rain_fade,RAIN_FADE,24,,400,2,297,ok,,,1,68.878458,2013,5,12.38,0.142,10.654,10.626042,887,708,418,2013,2,2,1,5,1.7631E+12,1.7631E+12,light,0.8,80,0,0,2,0,0,0,,,,,,,,
g2_rain_fade,RAIN_FADE,24,,400,2,298,ok,,,1,73.896542,2013,5,10.467,0.218,10.621,10.577083,887,708,418,2013,2,2,1,5,1.7631E+12,1.7631E+12,light,0.8,80,0,1,2,0.5,0,0,,,,,,,,
g2_rain_fade,RAIN_FADE,24,,400,2,299,ok,,,1,71.815375,1988,5,11.708,0.155,10.75,10.785334,875,708,405,1988,2,2,1,5,1.7631E+12,1.7631E+12,light,0.8,80,0,1,2,0.5,0,0,,,,,,,,
g2_rain_fade,RAIN_FADE,24,,400,2,300,ok,,,1,69.456416,2014,5,11.076,0.17,10.863,10.836291,888,708,418,2014,2,2,1,5,1.7631E+12,1.7631E+12,light,0.8,80,0,0,2,0,0,0,,,,,,,,
g2_rain_fade,RAIN_FADE,24,,300,2,1,ok,,,1,74.65525,2015,5,12.166,0.15,11.259,11.248958,888,709,418,2015,2,2,1,5,1.7631E+12,1.7631E+12,moderate,0.5,50,0,0,2,0,0,0,,,,,,,,
g2_rain_fade,RAIN_FADE,24,,300,2,2,ok,,,1,81.625208,2017,5,11.578,0.102,10.653,10.6155,889,709,419,2017,2,2,1,5,1.7631E+12,1.7631E+12,moderate,0.5,50,0,2,2,1,0,0,,,,,,,,
g2_rain_fade,RAIN_FADE,24,,300,2,3,ok,,,1,78.261583,2014,5,12.004,0.107,10.437,10.396583,888,708,418,2014,2,2,1,5,1.7631E+12,1.7631E+12,moderate,0.5,50,0,0,2,0,0,0,,,,,,,,
g2_rain_fade,RAIN_FADE,24,,300,2,4,ok,,,1,74.322042,2014,5,10.459,0.087,10.802,10.801417,888,708,418,2014,2,2,1,5,1.7631E+12,1.7631E+12,moderate,0.5,50,0,0,2,0,0,0,,,,,,,,
g2_rain_fade,RAIN_FADE,24,,300,2,5,ok,,,1,69.111375,2011,5,10.607,0.103,11.158,11.15225,886,707,418,2011,2,2,1,5,1.7631E+12,1.7631E+12,moderate,0.5,50,0,0,2,0,0,0,,,,,,,,
g2_rain_fade,RAIN_FADE,24,,300,2,6,ok,,,1,73.015833,2012,5,10.326,0.112,10.513,10.494125,887,707,418,2012,2,2,1,5,1.7631E+12,1.7631E+12,moderate,0.5,50,0,0,2,0,0,0,,,,,,,,
g2_rain_fade,RAIN_FADE,24,,300,2,7,ok,,,1,72.784042,2012,5,10.56,0.145,10.607,10.5965,886,708,418,2012,2,2,1,5,1.7631E+12,1.7631E+12,moderate,0.5,50,0,2,2,1,0,0,,,,,,,,
g2_rain_fade,RAIN_FADE,24,,300,2,8,ok,,,1,72.119041,2007,5,11.383,0.122,10.843,10.919625,885,706,416,2007,2,2,1,5,1.7631E+12,1.7631E+12,moderate,0.5,50,0,2,2,1,0,0,,,,,,,,
g2_rain_fade,RAIN_FADE,24,,300,2,9,ok,,,2,76.696751,2011,5,11.747,0.106,11.485,11.476959,885,708,418,2011,2,2,1,5,1.7631E+12,1.7631E+12,moderate,0.5,50,0,3,4,0.75,0,0,,,,,,,,
g2_rain_fade,RAIN_FADE,24,,300,2,10,ok,,,1,74.0095,2012,5,11.734,0.087,11.138,11.15,887,707,418,2012,2,2,1,5,1.7631E+12,1.7631E+12,moderate,0.5,50,0,0,2,0,0,0,,,,,,,,
g2_rain_fade,RAIN_FADE,24,,300,2,11,ok,,,1,72.930959,2013,5,10.451,0.092,10.976,10.94929101,887,708,418,2013,2,2,1,5,1.7631E+12,1.7631E+12,moderate,0.5,50,0,2,2,1,0,0,,,,,,,,
g2_rain_fade,RAIN_FADE,24,,300,2,12,ok,,,1,77.521959,2014,5,12.708,0.108,12.995,12.951125,888,708,418,2014,2,2,1,5,1.7631E+12,1.7631E+12,moderate,0.5,50,0,3,5,0.6,0,0,,,,,,,,
g2_rain_fade,RAIN_FADE,24,,300,2,13,ok,,,1,70.906333,2015,5,11.608,0.146,10.609,10.57708301,888,709,418,2015,2,2,1,5,1.7631E+12,1.7631E+12,moderate,0.5,50,0,2,2,1,0,0,,,,,,,,
g2_rain_fade,RAIN_FADE,24,,300,2,14,ok,,,1,70.925792,2012,5,10.676,0.146,10.789,10.760958,887,708,417,2012,2,2,1,5,1.7631E+12,1.7631E+12,moderate,0.5,50,0,0,2,0,0,0,,,,,,,,
g2_rain_fade,RAIN_FADE,24,,300,2,15,ok,,,1,73.46625,1999,5,10.516,0.125,11.181,11.162083,873,708,418,1999,2,2,1,5,1.7631E+12,1.7631E+12,moderate,0.5,50,0,1,2,0.5,0,0,,,,,,,,
g2_rain_fade,RAIN_FADE,24,,300,2,16,ok,,,1,69.014541,2014,5,10.431,0.09,10.429,10.4075,888,708,418,2014,2,2,1,5,1.7631E+12,1.7631E+12,moderate,0.5,50,0,0,2,0,0,0,,,,,,,,
g2_rain_fade,RAIN_FADE,24,,300,2,17,ok,,,1,74.864333,2014,5,10.43,0.137,10.653,10.622541,887,708,419,2014,2,2,1,5,1.7631E+12,1.7631E+12,moderate,0.5,50,0,2,2,1,0,0,,,,,,,,
g2_rain_fade,RAIN_FADE,24,,300,2,18,ok,,,1,79.875333,2015,5,11.658,0.107,11.166,11.259291,888,708,419,2015,2,2,1,5,1.7631E+12,1.7631E+12,moderate,0.5,50,0,0,2,0,0,0,,,,,,,,
g2_rain_fade,RAIN_FADE,24,,300,2,19,ok,,,1,69.777334,2015,5,10.411,0.127,10.726,10.710041,888,709,418,2015,2,2,1,5,1.7631E+12,1.7631E+12,moderate,0.5,50,0,0,2,0,0,0,,,,,,,,
g2_rain_fade,RAIN_FADE,24,,300,2,20,ok,,,1,74.844291,2012,5,10.481,0.132,10.796,10.75525,887,707,418,2012,2,2,1,5,1.7631E+12,1.7631E+12,moderate,0.5,50,0,0,2,0,0,0,,,,,,,,
g2_rain_fade,RAIN_FADE,24,,300,2,21,ok,,,1,74.493417,2014,5,11.708,0.093,11.469,11.530792,887,708,419,2014,2,2,1,5,1.7631E+12,1.7631E+12,moderate,0.5,50,0,0,2,0,0,0,,,,,,,,
g2_rain_fade,RAIN_FADE,24,,300,2,22,ok,,,1,75.00787501,2017,5,12.234,0.102,10.605,10.564833,889,709,419,2017,2,2,1,5,1.7631E+12,1.7631E+12,moderate,0.5,50,0,0,2,0,0,0,,,,,,,,
g2_rain_fade,RAIN_FADE,24,,300,2,23,ok,,,1,74.14975,2015,5,11.343,0.122,11.347,11.333291,888,708,419,2015,2,2,1,5,1.7631E+12,1.7631E+12,moderate,0.5,50,0,2,2,1,0,0,,,,,,,,
g2_rain_fade,RAIN_FADE,24,,300,2,24,ok,,,1,80.075916,2014,5,12.977,0.167,13.942,13.9745,888,708,418,2014,2,2,1,5,1.7631E+12,1.7631E+12,moderate,0.5,50,0,3,5,0.6,0,0,,,,,,,,
g2_rain_fade,RAIN_FADE,24,,300,2,25,ok,,,1,73.948167,2006,5,10.982,0.118,10.843,10.81125,884,708,414,2006,2,2,1,5,1.7631E+12,1.7631E+12,moderate,0.5,50,0,1,2,0.5,0,0,,,,,,,,
g2_rain_fade,RAIN_FADE,24,,300,2,26,ok,,,1,74.646417,2017,5,10.315,0.101,11.333,11.341292,889,709,419,2017,2,2,1,5,1.7631E+12,1.7631E+12,moderate,0.5,50,0,0,2,0,0,0,,,,,,,,
g2_rain_fade,RAIN_FADE,24,,300,2,27,ok,,,1,72.708167,2013,5,10.725,0.17,10.683,10.660958,887,708,418,2013,2,2,1,5,1.7631E+12,1.7631E+12,moderate,0.5,50,0,1,2,0.5,0,0,,,,,,,,
g2_rain_fade,RAIN_FADE,24,,300,2,28,ok,,,1,75.56799999,2017,5,11.481,0.142,10.678,10.644125,889,709,419,2017,2,2,1,5,1.7631E+12,1.7631E+12,moderate,0.5,50,0,0,2,0,0,0,,,,,,,,
g2_rain_fade,RAIN_FADE,24,,300,2,29,ok,,,2,72.627209,2015,5,11.57,0.108,11.303,11.34875,888,709,418,2015,2,2,1,5,1.7631E+12,1.7631E+12,moderate,0.5,50,0,1,4,0.25,0,0,,,,,,,,
g2_rain_fade,RAIN_FADE,24,,300,2,30,ok,,,1,72.229125,2015,5,10.714,0.128,11.488,11.460084,888,709,418,2015,2,2,1,5,1.7631E+12,1.7631E+12,moderate,0.5,50,0,0,2,0,0,0,,,,,,,,
g2_rain_fade,RAIN_FADE,24,,300,2,31,ok,,,1,73.349167,2015,5,10.671,0.11,11.002,11.045208,888,709,418,2015,2,2,1,5,1.7631E+12,1.7631E+12,moderate,0.5,50,0,0,2,0,0,0,,,,,,,,
g2_rain_fade,RAIN_FADE,24,,300,2,32,ok,,,1,76.018667,2013,5,11.053,0.088,10.657,10.634584,887,708,418,2013,2,2,1,5,1.7631E+12,1.7631E+12,moderate,0.5,50,0,0,2,0,0,0,,,,,,,,
g2_rain_fade,RAIN_FADE,24,,300,2,33,ok,,,1,68.840541,2014,5,10.536,0.121,10.715,10.689208,888,708,418,2014,2,2,1,5,1.7631E+12,1.7631E+12,moderate,0.5,50,0,2,2,1,0,0,,,,,,,,
g2_rain_fade,RAIN_FADE,24,,300,2,34,ok,,,1,72.095167,2003,5,10.596,0.125,12.056,12.122708,875,709,419,2003,2,2,1,5,1.7631E+12,1.7631E+12,moderate,0.5,50,0,0,2,0,0,0,,,,,,,,
g2_rain_fade,RAIN_FADE,24,,300,2,35,ok,,,1,72.291625,2014,5,11.213,0.138,10.942,10.947625,887,708,419,2014,2,2,1,5,1.7631E+12,1.7631E+12,moderate,0.5,50,0,2,5,0.4,0,0,,,,,,,,
g2_rain_fade,RAIN_FADE,24,,300,2,36,ok,,,1,74.715708,2004,5,10.695,0.154,10.955,10.954709,883,706,415,2004,2,2,1,5,1.7631E+12,1.7631E+12,moderate,0.5,50,0,1,2,0.5,0,0,,,,,,,,
g2_rain_fade,RAIN_FADE,24,,300,2,37,ok,,,1,76.34079101,2015,5,12.012,0.148,11.417,11.387459,888,708,419,2015,2,2,1,5,1.7631E+12,1.7631E+12,moderate,0.5,50,0,5,5,1,0,0,,,,,,,,
g2_rain_fade,RAIN_FADE,24,,300,2,38,ok,,,1,76.318126,2012,5,11.31,0.093,12.718,12.716958,886,708,418,2012,2,2,1,5,1.7631E+12,1.7631E+12,moderate,0.5,50,0,1,2,0.5,0,0,,,,,,,,
g2_rain_fade,RAIN_FADE,24,,300,2,39,ok,,,1,75.513,2015,5,10.574,0.116,10.65,10.641084,888,709,418,2015,2,2,1,5,1.7631E+12,1.7631E+12,moderate,0.5,50,0,0,2,0,0,0,,,,,,,,
g2_rain_fade,RAIN_FADE,24,,300,2,40,ok,,,1,65.837917,2011,5,11.509,0.158,11.217,11.15975,886,708,417,2011,2,2,1,5,1.7631E+12,1.7631E+12,moderate,0.5,50,0,1,2,0.5,0,0,,,,,,,,
g2_rain_fade,RAIN_FADE,24,,300,2,41,ok,,,1,75.87075,2017,5,11.554,0.116,11.472,11.446125,889,709,419,2017,2,2,1,5,1.7631E+12,1.7631E+12,moderate,0.5,50,0,4,4,1,0,0,,,,,,,,
g2_rain_fade,RAIN_FADE,24,,300,2,42,ok,,,1,80.129084,2011,5,13.63,0.171,15.496,15.574666,886,707,418,2011,2,2,1,5,1.7631E+12,1.7631E+12,moderate,0.5,50,0,5,5,1,0,0,,,,,,,,
g2_rain_fade,RAIN_FADE,24,,300,2,43,ok,,,1,71.80075,2014,5,10.94,0.134,10.72,10.6975,888,708,418,2014,2,2,1,5,1.7631E+12,1.7631E+12,moderate,0.5,50,0,0,2,0,0,0,,,,,,,,
g2_rain_fade,RAIN_FADE,24,,300,2,44,ok,,,1,69.056333,2017,5,10.866,0.086,10.555,10.527042,889,709,419,2017,2,2,1,5,1.7631E+12,1.7631E+12,moderate,0.5,50,0,0,2,0,0,0,,,,,,,,
g2_rain_fade,RAIN_FADE,24,,300,2,45,ok,,,1,79.757542,2017,5,12.188,0.109,10.621,10.583666,889,709,419,2017,2,2,1,5,1.7631E+12,1.7631E+12,moderate,0.5,50,0,2,2,1,0,0,,,,,,,,
g2_rain_fade,RAIN_FADE,24,,300,2,46,ok,,,1,71.112459,2015,5,12.506,0.159,11.336,11.323875,888,709,418,2015,2,2,1,5,1.7631E+12,1.7631E+12,moderate,0.5,50,0,2,2,1,0,0,,,,,,,,
g2_rain_fade,RAIN_FADE,24,,300,2,47,ok,,,1,70.2615,2012,5,11.481,0.139,10.475,10.4655,887,707,418,2012,2,2,1,5,1.7631E+12,1.7631E+12,moderate,0.5,50,0,2,2,1,0,0,,,,,,,,
g2_rain_fade,RAIN_FADE,24,,300,2,48,ok,,,1,70.57170899,2015,5,10.363,0.11,11.517,11.528875,888,709,418,2015,2,2,1,5,1.7631E+12,1.7631E+12,moderate,0.5,50,0,0,2,0,0,0,,,,,,,,
g2_rain_fade,RAIN_FADE,24,,300,2,49,ok,,,1,72.732625,2017,5,10.597,0.151,10.829,10.813375,889,709,419,2017,2,2,1,5,1.7631E+12,1.7631E+12,moderate,0.5,50,0,0,2,0,0,0,,,,,,,,
g2_rain_fade,RAIN_FADE,24,,300,2,50,ok,,,1,72.883709,2017,5,10.577,0.09,10.478,10.454334,889,709,419,2017,2,2,1,5,1.7631E+12,1.7631E+12,moderate,0.5,50,0,0,2,0,0,0,,,,,,,,
g2_rain_fade,RAIN_FADE,24,,300,2,51,ok,,,1,69.152,2010,5,11.896,0.093,11.477,11.533958,885,709,416,2010,2,2,1,5,1.7631E+12,1.7631E+12,moderate,0.5,50,0,1,2,0.5,0,0,,,,,,,,
g2_rain_fade,RAIN_FADE,24,,300,2,52,ok,,,1,69.517875,2009,5,11.158,0.156,10.479,10.457792,885,707,417,2009,2,2,1,5,1.7631E+12,1.7631E+12,moderate,0.5,50,0,0,2,0,0,0,,,,,,,,
g2_rain_fade,RAIN_FADE,24,,300,2,53,ok,,,1,72.527042,2014,5,11.148,0.171,10.923,10.889416,888,708,418,2014,2,2,1,5,1.7631E+12,1.7631E+12,moderate,0.5,50,0,0,2,0,0,0,,,,,,,,
g2_rain_fade,RAIN_FADE,24,,300,2,54,ok,,,1,69.953209,2017,5,10.984,0.129,11.605,11.534167,889,709,419,2017,2,2,1,5,1.7631E+12,1.7631E+12,moderate,0.5,50,0,2,2,1,0,0,,,,,,,,
g2_rain_fade,RAIN_FADE,24,,300,2,55,ok,,,1,81.073916,2014,5,15.669,0.187,13.46,13.59470899,888,708,418,2014,2,2,1,5,1.7631E+12,1.7631E+12,moderate,0.5,50,0,3,5,0.6,0,0,,,,,,,,
g2_rain_fade,RAIN_FADE,24,,300,2,56,ok,,,1,68.88987499,2013,5,11.949,0.114,12.378,12.448,887,708,418,2013,2,2,1,5,1.7631E+12,1.7631E+12,moderate,0.5,50,0,0,2,0,0,0,,,,,,,,
g2_rain_fade,RAIN_FADE,24,,300,2,57,ok,,,1,75.198834,2013,5,10.897,0.095,10.583,10.542959,887,708,418,2013,2,2,1,5,1.7631E+12,1.7631E+12,moderate,0.5,50,0,0,2,0,0,0,,,,,,,,
g2_rain_fade,RAIN_FADE,24,,300,2,58,ok,,,1,72.743792,2014,5,11.592,0.14,10.499,10.473375,888,708,418,2014,2,2,1,5,1.7631E+12,1.7631E+12,moderate,0.5,50,0,0,2,0,0,0,,,,,,,,
g2_rain_fade,RAIN_FADE,24,,300,2,59,ok,,,1,72.404792,2013,5,10.57,0.126,10.556,10.530833,887,708,418,2013,2,2,1,5,1.7631E+12,1.7631E+12,moderate,0.5,50,0,1,2,0.5,0,0,,,,,,,,
g2_rain_fade,RAIN_FADE,24,,300,2,60,ok,,,1,75.536334,2015,5,11.488,0.102,11.413,11.399542,888,708,419,2015,2,2,1,5,1.7631E+12,1.7631E+12,moderate,0.5,50,0,0,2,0,0,0,,,,,,,,
g2_rain_fade,RAIN_FADE,24,,300,2,61,ok,,,2,73.153625,2014,5,11.345,0.103,10.44,10.40975,887,709,418,2014,2,2,1,5,1.7631E+12,1.7631E+12,moderate,0.5,50,0,2,4,0.5,0,0,,,,,,,,
g2_rain_fade,RAIN_FADE,24,,300,2,62,ok,,,1,70.238542,2015,5,10.312,0.111,10.768,10.740708,888,709,418,2015,2,2,1,5,1.7631E+12,1.7631E+12,moderate,0.5,50,0,0,2,0,0,0,,,,,,,,
g2_rain_fade,RAIN_FADE,24,,300,2,63,ok,,,1,75.135541,2015,5,12.158,0.109,11.134,11.176333,888,709,418,2015,2,2,1,5,1.7631E+12,1.7631E+12,moderate,0.5,50,0,2,2,1,0,0,,,,,,,,
g2_rain_fade,RAIN_FADE,24,,300,2,64,ok,,,1,71.08204099,2010,5,10.314,0.111,11.549,11.600041,886,706,418,2010,2,2,1,5,1.7631E+12,1.7631E+12,moderate,0.5,50,0,0,2,0,0,0,,,,,,,,
g2_rain_fade,RAIN_FADE,24,,300,2,65,ok,,,1,74.586792,2014,5,11.411,0.137,10.918,10.896083,887,709,418,2014,2,2,1,5,1.7631E+12,1.7631E+12,moderate,0.5,50,0,0,2,0,0,0,,,,,,,,
g2_rain_fade,RAIN_FADE,24,,300,2,66,ok,,,1,68.46675,2011,5,10.726,0.104,10.627,10.609625,886,707,418,2011,2,2,1,5,1.7631E+12,1.7631E+12,moderate,0.5,50,0,0,2,0,0,0,,,,,,,,
g2_rain_fade,RAIN_FADE,24,,300,2,67,ok,,,1,77.249541,2017,5,10.832,0.11,10.67,10.662,889,709,419,2017,2,2,1,5,1.7631E+12,1.7631E+12,moderate,0.5,50,0,0,2,0,0,0,,,,,,,,
g2_rain_fade,RAIN_FADE,24,,300,2,68,ok,,,1,73.090708,2013,5,12.293,0.115,11.71,11.692375,887,708,418,2013,2,2,1,5,1.7631E+12,1.7631E+12,moderate,0.5,50,0,0,2,0,0,0,,,,,,,,
g2_rain_fade,RAIN_FADE,24,,300,2,69,ok,,,1,74.031083,2014,5,10.485,0.147,10.805,10.843708,887,709,418,2014,2,2,1,5,1.7631E+12,1.7631E+12,moderate,0.5,50,0,0,2,0,0,0,,,,,,,,
g2_rain_fade,RAIN_FADE,24,,300,2,70,ok,,,1,72.668917,2013,5,10.429,0.095,10.474,10.443125,887,708,418,2013,2,2,1,5,1.7631E+12,1.7631E+12,moderate,0.5,50,0,0,2,0,0,0,,,,,,,,
g2_rain_fade,RAIN_FADE,24,,300,2,71,ok,,,1,69.431959,2017,5,10.302,0.145,10.939,10.925583,889,709,419,2017,2,2,1,5,1.7631E+12,1.7631E+12,moderate,0.5,50,0,0,2,0,0,0,,,,,,,,
g2_rain_fade,RAIN_FADE,24,,300,2,72,ok,,,1,76.69025,2015,5,10.92,0.084,11.574,11.554,888,708,419,2015,2,2,1,5,1.7631E+12,1.7631E+12,moderate,0.5,50,0,0,2,0,0,0,,,,,,,,
g2_rain_fade,RAIN_FADE,24,,300,2,73,ok,,,1,80.629917,2015,5,11.872,0.115,10.461,10.424083,888,709,418,2015,2,2,1,5,1.7631E+12,1.7631E+12,moderate,0.5,50,0,0,2,0,0,0,,,,,,,,
g2_rain_fade,RAIN_FADE,24,,300,2,74,ok,,,1,68.782084,2017,5,12.046,0.14,10.439,10.415292,889,709,419,2017,2,2,1,5,1.7631E+12,1.7631E+12,moderate,0.5,50,0,0,2,0,0,0,,,,,,,,
g2_rain_fade,RAIN_FADE,24,,300,2,75,ok,,,1,72.502459,2014,5,11.393,0.095,10.908,11.015,888,708,418,2014,2,2,1,5,1.7631E+12,1.7631E+12,moderate,0.5,50,0,2,2,1,0,0,,,,,,,,
g2_rain_fade,RAIN_FADE,24,,300,2,76,ok,,,1,66.857417,2016,5,11.495,0.156,10.776,10.738833,888,709,419,2016,2,2,1,5,1.7631E+12,1.7631E+12,moderate,0.5,50,0,0,2,0,0,0,,,,,,,,
g2_rain_fade,RAIN_FADE,24,,300,2,77,ok,,,1,69.964542,2015,5,10.584,0.124,11.421,11.386583,888,708,419,2015,2,2,1,5,1.7631E+12,1.7631E+12,moderate,0.5,50,0,0,2,0,0,0,,,,,,,,
g2_rain_fade,RAIN_FADE,24,,300,2,78,ok,,,1,70.213,2012,5,10.482,0.092,10.684,10.653875,887,707,418,2012,2,2,1,5,1.7631E+12,1.7631E+12,moderate,0.5,50,0,0,2,0,0,0,,,,,,,,
g2_rain_fade,RAIN_FADE,24,,300,2,79,ok,,,1,76.100667,2015,5,10.627,0.15,10.686,10.660917,888,708,419,2015,2,2,1,5,1.7631E+12,1.7631E+12,moderate,0.5,50,0,0,2,0,0,0,,,,,,,,
g2_rain_fade,RAIN_FADE,24,,300,2,80,ok,,,1,80.05541701,2015,5,11,0.096,10.674,10.653208,888,708,419,2015,2,2,1,5,1.7631E+12,1.7631E+12,moderate,0.5,50,0,0,2,0,0,0,,,,,,,,
g2_rain_fade,RAIN_FADE,24,,300,2,81,ok,,,1,72.847958,2007,5,10.293,0.103,10.483,10.465625,885,706,416,2007,2,2,1,5,1.7631E+12,1.7631E+12,moderate,0.5,50,0,0,2,0,0,0,,,,,,,,
g2_rain_fade,RAIN_FADE,24,,300,2,82,ok,,,1,74.735,1999,5,11.629,0.125,11.634,11.60766601,873,708,418,1999,2,2,1,5,1.7631E+12,1.7631E+12,moderate,0.5,50,0,2,2,1,0,0,,,,,,,,
g2_rain_fade,RAIN_FADE,24,,300,2,83,ok,,,1,70.432708,2012,5,11.273,0.135,10.611,10.599875,887,707,418,2012,2,2,1,5,1.7631E+12,1.7631E+12,moderate,0.5,50,0,0,2,0,0,0,,,,,,,,
g2_rain_fade,RAIN_FADE,24,,300,2,84,ok,,,1,75.350292,2014,5,10.519,0.137,10.466,10.439708,888,708,418,2014,2,2,1,5,1.7631E+12,1.7631E+12,moderate,0.5,50,0,0,2,0,0,0,,,,,,,,
g2_rain_fade,RAIN_FADE,24,,300,2,85,ok,,,1,78.113667,2010,5,10.706,0.105,11.883,11.9235,886,707,417,2010,2,2,1,5,1.7631E+12,1.7631E+12,moderate,0.5,50,0,0,2,0,0,0,,,,,,,,
g2_rain_fade,RAIN_FADE,24,,300,2,86,ok,,,1,69.217334,2011,5,10.844,0.145,10.73,10.709959,886,707,418,2011,2,2,1,5,1.7631E+12,1.7631E+12,moderate,0.5,50,0,0,2,0,0,0,,,,,,,,
g2_rain_fade,RAIN_FADE,24,,300,2,87,ok,,,2,73.187417,2017,5,11.05,0.108,11.489,11.471709,889,709,419,2017,2,2,1,5,1.7631E+12,1.7631E+12,moderate,0.5,50,0,4,4,1,0,0,,,,,,,,
g2_rain_fade,RAIN_FADE,24,,300,2,88,ok,,,1,66.468125,2015,5,10.351,0.104,10.632,10.609042,888,709,418,2015,2,2,1,5,1.7631E+12,1.7631E+12,moderate,0.5,50,0,0,2,0,0,0,,,,,,,,
g2_rain_fade,RAIN_FADE,24,,300,2,89,ok,,,1,71.740458,2017,5,12.042,0.132,11.354,11.420833,889,709,419,2017,2,2,1,5,1.7631E+12,1.7631E+12,moderate,0.5,50,0,0,2,0,0,0,,,,,,,,
g2_rain_fade,RAIN_FADE,24,,300,2,90,ok,,,1,77.585041,2016,5,10.513,0.118,11.871,11.889292,888,709,419,2016,2,2,1,5,1.7631E+12,1.7631E+12,moderate,0.5,50,0,0,2,0,0,0,,,,,,,,
g2_rain_fade,RAIN_FADE,24,,300,2,91,ok,,,1,76.848833,2015,5,11.765,0.084,11.045,11.04383401,888,708,419,2015,2,2,1,5,1.7631E+12,1.7631E+12,moderate,0.5,50,0,0,2,0,0,0,,,,,,,,
g2_rain_fade,RAIN_FADE,24,,300,2,92,ok,,,1,73.985041,2010,5,12.317,0.096,10.418,10.378334,886,706,418,2010,2,2,1,5,1.7631E+12,1.7631E+12,moderate,0.5,50,0,0,2,0,0,0,,,,,,,,
g2_rain_fade,RAIN_FADE,24,,300,2,93,ok,,,1,77.773,2015,5,10.553,0.11,11.831,11.84024999,888,709,418,2015,2,2,1,5,1.7631E+12,1.7631E+12,moderate,0.5,50,0,0,2,0,0,0,,,,,,,,
g2_rain_fade,RAIN_FADE,24,,300,2,94,ok,,,1,77.966833,2017,5,14.506,0.111,11.239,11.217,889,709,419,2017,2,2,1,5,1.7631E+12,1.7631E+12,moderate,0.5,50,0,0,2,0,0,0,,,,,,,,
g2_rain_fade,RAIN_FADE,24,,300,2,95,ok,,,1,79.495375,2014,5,12.604,0.23,13.223,13.222416,887,708,419,2014,2,2,1,5,1.7631E+12,1.7631E+12,moderate,0.5,50,0,1,5,0.2,0,0,,,,,,,,
g2_rain_fade,RAIN_FADE,24,,300,2,96,ok,,,1,73.356458,2013,5,10.899,0.174,10.625,10.590792,887,708,418,2013,2,2,1,5,1.7631E+12,1.7631E+12,moderate,0.5,50,0,2,2,1,0,0,,,,,,,,
g2_rain_fade,RAIN_FADE,24,,300,2,97,ok,,,1,68.985625,2015,5,10.375,0.129,11.207,11.178708,888,708,419,2015,2,2,1,5,1.7631E+12,1.7631E+12,moderate,0.5,50,0,0,2,0,0,0,,,,,,,,
g2_rain_fade,RAIN_FADE,24,,300,2,98,ok,,,1,75.351125,2011,5,11.372,0.106,10.624,10.579875,885,709,417,2011,2,2,1,5,1.7631E+12,1.7631E+12,moderate,0.5,50,0,0,2,0,0,0,,,,,,,,
g2_rain_fade,RAIN_FADE,24,,300,2,99,ok,,,1,70.199709,2016,5,10.824,0.14,11.009,10.990584,888,709,419,2016,2,2,1,5,1.7631E+12,1.7631E+12,moderate,0.5,50,0,0,2,0,0,0,,,,,,,,
g2_rain_fade,RAIN_FADE,24,,300,2,100,ok,,,1,71.745792,2014,5,10.256,0.104,10.602,10.571375,888,708,418,2014,2,2,1,5,1.7631E+12,1.7631E+12,moderate,0.5,50,0,0,2,0,0,0,,,,,,,,
g2_rain_fade,RAIN_FADE,24,,300,2,101,ok,,,1,70.323916,2017,5,12.144,0.144,11.38,11.341333,889,709,419,2017,2,2,1,5,1.7631E+12,1.7631E+12,moderate,0.5,50,0,0,2,0,0,0,,,,,,,,
g2_rain_fade,RAIN_FADE,24,,300,2,102,ok,,,1,75.744292,2015,5,10.675,0.142,12.52,12.53275,888,708,419,2015,2,2,1,5,1.7631E+12,1.7631E+12,moderate,0.5,50,0,0,2,0,0,0,,,,,,,,
g2_rain_fade,RAIN_FADE,24,,300,2,103,ok,,,1,74.122542,1987,5,11.205,0.087,10.5,10.463084,874,708,405,1987,2,2,1,5,1.7631E+12,1.7631E+12,moderate,0.5,50,0,0,2,0,0,0,,,,,,,,
g2_rain_fade,RAIN_FADE,24,,300,2,104,ok,,,1,68.967791,2012,5,10.96,0.116,12.745,12.839584,887,707,418,2012,2,2,1,5,1.7631E+12,1.7631E+12,moderate,0.5,50,0,1,2,0.5,0,0,,,,,,,,
g2_rain_fade,RAIN_FADE,24,,300,2,105,ok,,,1,70.586667,2012,5,12.582,0.129,11.848,11.873625,887,707,418,2012,2,2,1,5,1.7631E+12,1.7631E+12,moderate,0.5,50,0,0,2,0,0,0,,,,,,,,
g2_rain_fade,RAIN_FADE,24,,300,2,106,ok,,,1,67.52375,2012,5,10.81,0.098,10.486,10.451166,887,707,418,2012,2,2,1,5,1.7631E+12,1.7631E+12,moderate,0.5,50,0,0,2,0,0,0,,,,,,,,
g2_rain_fade,RAIN_FADE,24,,300,2,107,ok,,,1,68.660167,2013,5,10.597,0.124,10.483,10.446042,887,708,418,2013,2,2,1,5,1.7631E+12,1.7631E+12,moderate,0.5,50,0,0,2,0,0,0,,,,,,,,
g2_rain_fade,RAIN_FADE,24,,300,2,108,ok,,,1,81.288958,2017,5,14.225,0.267,13.776,13.803459,889,709,419,2017,2,2,1,5,1.7631E+12,1.7631E+12,moderate,0.5,50,0,5,5,1,0,0,,,,,,,,
g2_rain_fade,RAIN_FADE,24,,300,2,109,ok,,,1,77.229708,2013,5,11.447,0.139,11.925,11.902375,887,708,418,2013,2,2,1,5,1.7631E+12,1.7631E+12,moderate,0.5,50,0,0,2,0,0,0,,,,,,,,
g2_rain_fade,RAIN_FADE,24,,300,2,110,ok,,,1,75.184208,2012,5,11.827,0.112,11.445,11.619375,886,707,419,2012,2,2,1,5,1.7631E+12,1.7631E+12,moderate,0.5,50,0,0,2,0,0,0,,,,,,,,
g2_rain_fade,RAIN_FADE,24,,300,2,111,ok,,,1,74.701,2013,5,11.4,0.132,11.125,11.178917,887,708,418,2013,2,2,1,5,1.7631E+12,1.7631E+12,moderate,0.5,50,0,0,2,0,0,0,,,,,,,,
g2_rain_fade,RAIN_FADE,24,,300,2,112,ok,,,1,72.461417,2009,5,11.731,0.128,11.327,11.343708,886,706,417,2009,2,2,1,5,1.7631E+12,1.7631E+12,moderate,0.5,50,0,0,2,0,0,0,,,,,,,,
g2_rain_fade,RAIN_FADE,24,,300,2,113,ok,,,1,75.081166,2013,5,12.509,0.16,12.351,12.318958,887,708,418,2013,2,2,1,5,1.7631E+12,1.7631E+12,moderate,0.5,50,0,0,2,0,0,0,,,,,,,,
g2_rain_fade,RAIN_FADE,24,,300,2,114,ok,,,1,68.80925,2017,5,10.501,0.106,11.463,11.483208,889,709,419,2017,2,2,1,5,1.7631E+12,1.7631E+12,moderate,0.5,50,0,2,2,1,0,0,,,,,,,,
g2_rain_fade,RAIN_FADE,24,,300,2,115,ok,,,1,83.451709,2010,5,10.607,0.095,10.728,10.700875,886,707,417,2010,2,2,1,5,1.7631E+12,1.7631E+12,moderate,0.5,50,0,1,2,0.5,0,0,,,,,,,,
g2_rain_fade,RAIN_FADE,24,,300,2,116,ok,,,1,73.27541699,2009,5,11.042,0.137,11.806,11.790625,886,707,416,2009,2,2,1,5,1.7631E+12,1.7631E+12,moderate,0.5,50,0,1,2,0.5,0,0,,,,,,,,
g2_rain_fade,RAIN_FADE,24,,300,2,117,ok,,,1,81.529292,2014,5,12.017,0.107,11.59,11.547833,888,708,418,2014,2,2,1,5,1.7631E+12,1.7631E+12,moderate,0.5,50,0,2,2,1,0,0,,,,,,,,
g2_rain_fade,RAIN_FADE,24,,300,2,118,ok,,,1,76.071625,2013,5,10.536,0.143,10.848,10.816833,887,708,418,2013,2,2,1,5,1.7631E+12,1.7631E+12,moderate,0.5,50,0,0,2,0,0,0,,,,,,,,
g2_rain_fade,RAIN_FADE,24,,300,2,119,ok,,,1,75.12,2015,5,10.794,0.108,12.074,12.00408299,888,708,419,2015,2,2,1,5,1.7631E+12,1.7631E+12,moderate,0.5,50,0,0,2,0,0,0,,,,,,,,
g2_rain_fade,RAIN_FADE,24,,300,2,120,ok,,,1,78.591667,2011,5,12.072,0.119,10.698,10.677625,886,708,417,2011,2,2,1,5,1.7631E+12,1.7631E+12,moderate,0.5,50,0,0,2,0,0,0,,,,,,,,
g2_rain_fade,RAIN_FADE,24,,300,2,121,ok,,,1,73.49358399,2012,5,10.848,0.122,10.917,10.874583,887,707,418,2012,2,2,1,5,1.7631E+12,1.7631E+12,moderate,0.5,50,0,0,2,0,0,0,,,,,,,,
g2_rain_fade,RAIN_FADE,24,,300,2,122,ok,,,1,76.932917,2017,5,11.533,0.129,11.447,11.419959,889,709,419,2017,2,2,1,5,1.7631E+12,1.7631E+12,moderate,0.5,50,0,0,2,0,0,0,,,,,,,,
g2_rain_fade,RAIN_FADE,24,,300,2,123,ok,,,1,76.458959,2014,5,12.765,0.134,10.83,10.8125,888,708,418,2014,2,2,1,5,1.7631E+12,1.7631E+12,moderate,0.5,50,0,0,2,0,0,0,,,,,,,,
g2_rain_fade,RAIN_FADE,24,,300,2,124,ok,,,3,73.717542,2013,5,11.56,0.144,13.124,13.115292,887,708,418,2013,2,2,1,5,1.7631E+12,1.7631E+12,moderate,0.5,50,0,3,5,0.6,0,0,,,,,,,,
g2_rain_fade,RAIN_FADE,24,,300,2,125,ok,,,1,67.195333,2011,5,10.486,0.147,10.903,10.880833,887,707,417,2011,2,2,1,5,1.7631E+12,1.7631E+12,moderate,0.5,50,0,0,2,0,0,0,,,,,,,,
g2_rain_fade,RAIN_FADE,24,,300,2,126,ok,,,1,78.826083,2012,5,12.023,0.133,11.472,11.488375,887,707,418,2012,2,2,1,5,1.7631E+12,1.7631E+12,moderate,0.5,50,0,0,2,0,0,0,,,,,,,,
g2_rain_fade,RAIN_FADE,24,,300,2,127,ok,,,1,70.753584,2017,5,10.393,0.145,10.474,10.448959,889,709,419,2017,2,2,1,5,1.7631E+12,1.7631E+12,moderate,0.5,50,0,0,2,0,0,0,,,,,,,,
g2_rain_fade,RAIN_FADE,24,,300,2,128,ok,,,1,69.972667,2014,5,11.572,0.109,10.868,10.842792,888,708,418,2014,2,2,1,5,1.7631E+12,1.7631E+12,moderate,0.5,50,0,0,2,0,0,0,,,,,,,,
g2_rain_fade,RAIN_FADE,24,,300,2,129,ok,,,1,69.561708,2013,5,11.263,0.113,11.406,11.412416,887,708,418,2013,2,2,1,5,1.7631E+12,1.7631E+12,moderate,0.5,50,0,0,2,0,0,0,,,,,,,,
g2_rain_fade,RAIN_FADE,24,,300,2,130,ok,,,1,76.807125,2015,5,10.506,0.142,11.412,11.395125,888,708,419,2015,2,2,1,5,1.7631E+12,1.7631E+12,moderate,0.5,50,0,0,2,0,0,0,,,,,,,,
g2_rain_fade,RAIN_FADE,24,,300,2,131,ok,,,1,76.574125,2012,5,11.52,0.118,11.679,11.620625,886,708,418,2012,2,2,1,5,1.7631E+12,1.7631E+12,moderate,0.5,50,0,0,5,0,0,0,,,,,,,,
g2_rain_fade,RAIN_FADE,24,,300,2,132,ok,,,1,71.162417,2017,5,11.01,0.103,10.824,10.818333,889,709,419,2017,2,2,1,5,1.7631E+12,1.7631E+12,moderate,0.5,50,0,0,2,0,0,0,,,,,,,,
g2_rain_fade,RAIN_FADE,24,,300,2,133,ok,,,2,74.756667,2014,5,10.758,0.128,11.401,11.39991701,888,708,418,2014,2,2,1,5,1.7631E+12,1.7631E+12,moderate,0.5,50,0,3,4,0.75,0,0,,,,,,,,
g2_rain_fade,RAIN_FADE,24,,300,2,134,ok,,,1,73.253125,2013,5,11.378,0.096,10.728,10.680167,887,709,417,2013,2,2,1,5,1.7631E+12,1.7631E+12,moderate,0.5,50,0,0,2,0,0,0,,,,,,,,
g2_rain_fade,RAIN_FADE,24,,300,2,135,ok,,,1,76.827,2009,5,10.583,0.084,10.489,10.471166,885,707,417,2009,2,2,1,5,1.7631E+12,1.7631E+12,moderate,0.5,50,0,0,2,0,0,0,,,,,,,,
g2_rain_fade,RAIN_FADE,24,,300,2,136,ok,,,1,72.823708,2014,5,10.629,0.08,10.595,10.57087501,888,708,418,2014,2,2,1,5,1.7631E+12,1.7631E+12,moderate,0.5,50,0,0,2,0,0,0,,,,,,,,
g2_rain_fade,RAIN_FADE,24,,300,2,137,ok,,,1,72.302875,2017,5,10.776,0.112,11.216,11.228583,889,709,419,2017,2,2,1,5,1.7631E+12,1.7631E+12,moderate,0.5,50,0,0,2,0,0,0,,,,,,,,
g2_rain_fade,RAIN_FADE,24,,300,2,138,ok,,,1,75.425,2014,5,11.325,0.118,10.844,10.817083,887,709,418,2014,2,2,1,5,1.7631E+12,1.7631E+12,moderate,0.5,50,0,2,2,1,0,0,,,,,,,,
g2_rain_fade,RAIN_FADE,24,,300,2,139,ok,,,1,83.802375,2012,5,12.043,0.107,10.629,10.594166,887,707,418,2012,2,2,1,5,1.7631E+12,1.7631E+12,moderate,0.5,50,0,0,2,0,0,0,,,,,,,,
g2_rain_fade,RAIN_FADE,24,,300,2,140,ok,,,1,76.369042,2016,5,10.864,0.112,11.587,11.628083,888,709,419,2016,2,2,1,5,1.7631E+12,1.7631E+12,moderate,0.5,50,0,0,2,0,0,0,,,,,,,,
g2_rain_fade,RAIN_FADE,24,,300,2,141,ok,,,1,74.577084,2015,5,10.518,0.082,10.553,10.527166,888,708,419,2015,2,2,1,5,1.7631E+12,1.7631E+12,moderate,0.5,50,0,0,2,0,0,0,,,,,,,,
g2_rain_fade,RAIN_FADE,24,,300,2,142,ok,,,1,66.39883399,2011,5,10.707,0.141,10.773,10.754,886,708,417,2011,2,2,1,5,1.7631E+12,1.7631E+12,moderate,0.5,50,0,0,2,0,0,0,,,,,,,,
g2_rain_fade,RAIN_FADE,24,,300,2,143,ok,,,1,73.201875,2014,5,11.463,0.137,10.597,10.559875,887,708,419,2014,2,2,1,5,1.7631E+12,1.7631E+12,moderate,0.5,50,0,2,2,1,0,0,,,,,,,,
g2_rain_fade,RAIN_FADE,24,,300,2,144,ok,,,1,73.328167,2017,5,12.1,0.109,11.245,11.216917,889,709,419,2017,2,2,1,5,1.7631E+12,1.7631E+12,moderate,0.5,50,0,0,2,0,0,0,,,,,,,,
g2_rain_fade,RAIN_FADE,24,,300,2,145,ok,,,1,72.623958,2014,5,11.403,0.095,11.187,11.188166,888,708,418,2014,2,2,1,5,1.7631E+12,1.7631E+12,moderate,0.5,50,0,0,2,0,0,0,,,,,,,,
g2_rain_fade,RAIN_FADE,24,,300,2,146,ok,,,1,71.137083,2015,5,12.417,0.134,10.922,10.92875,888,708,419,2015,2,2,1,5,1.7631E+12,1.7631E+12,moderate,0.5,50,0,2,2,1,0,0,,,,,,,,
g2_rain_fade,RAIN_FADE,24,,300,2,147,ok,,,1,73.897958,2010,5,10.621,0.112,11.108,11.138042,886,707,417,2010,2,2,1,5,1.7631E+12,1.7631E+12,moderate,0.5,50,0,0,2,0,0,0,,,,,,,,
g2_rain_fade,RAIN_FADE,24,,300,2,148,ok,,,1,74.57075,2015,5,11.104,0.086,11.308,11.310875,888,708,419,2015,2,2,1,5,1.7631E+12,1.7631E+12,moderate,0.5,50,0,0,2,0,0,0,,,,,,,,
g2_rain_fade,RAIN_FADE,24,,300,2,149,ok,,,2,71.682583,1998,5,10.477,0.125,10.607,10.577292,873,707,418,1998,2,2,1,5,1.7631E+12,1.7631E+12,moderate,0.5,50,0,3,4,0.75,0,0,,,,,,,,
g2_rain_fade,RAIN_FADE,24,,300,2,150,ok,,,1,78.606708,2017,5,11.74,0.101,11.497,11.537375,889,709,419,2017,2,2,1,5,1.7631E+12,1.7631E+12,moderate,0.5,50,0,0,2,0,0,0,,,,,,,,
g2_rain_fade,RAIN_FADE,24,,300,2,151,ok,,,1,74.96037499,2012,5,11.435,0.158,10.86,10.835917,886,708,418,2012,2,2,1,5,1.7631E+12,1.7631E+12,moderate,0.5,50,0,0,2,0,0,0,,,,,,,,
g2_rain_fade,RAIN_FADE,24,,300,2,152,ok,,,1,72.86633401,2015,5,11.491,0.128,11.575,11.541334,888,708,419,2015,2,2,1,5,1.7631E+12,1.7631E+12,moderate,0.5,50,0,0,2,0,0,0,,,,,,,,
g2_rain_fade,RAIN_FADE,24,,300,2,153,ok,,,1,70.426833,2011,5,10.418,0.096,10.989,10.972916,886,708,417,2011,2,2,1,5,1.7631E+12,1.7631E+12,moderate,0.5,50,0,0,2,0,0,0,,,,,,,,
g2_rain_fade,RAIN_FADE,24,,300,2,154,ok,,,2,75.345417,2001,5,11.801,0.125,11.799,11.798208,874,708,419,2001,2,2,1,5,1.7631E+12,1.7631E+12,moderate,0.5,50,0,6,6,1,0,0,,,,,,,,
g2_rain_fade,RAIN_FADE,24,,300,2,155,ok,,,1,65.31766601,2010,5,10.997,0.093,11.016,10.997625,886,708,416,2010,2,2,1,5,1.7631E+12,1.7631E+12,moderate,0.5,50,0,1,2,0.5,0,0,,,,,,,,
g2_rain_fade,RAIN_FADE,24,,300,2,156,ok,,,1,72.293792,2014,5,11.087,0.095,11.207,11.313167,888,708,418,2014,2,2,1,5,1.7631E+12,1.7631E+12,moderate,0.5,50,0,0,2,0,0,0,,,,,,,,
g2_rain_fade,RAIN_FADE,24,,300,2,157,ok,,,1,101.048792,2013,5,13.941,0.131,27.182,27.210958,887,709,417,2013,2,2,1,5,1.7631E+12,1.7631E+12,moderate,0.5,50,0,0,2,0,0,0,,,,,,,,
g2_rain_fade,RAIN_FADE,24,,300,2,158,ok,,,1,72.686208,2010,5,10.443,0.118,11.143,11.152916,886,707,417,2010,2,2,1,5,1.7631E+12,1.7631E+12,moderate,0.5,50,0,0,2,0,0,0,,,,,,,,
g2_rain_fade,RAIN_FADE,24,,300,2,159,ok,,,1,83.697833,2014,5,10.74,0.096,10.698,10.671292,888,708,418,2014,2,2,1,5,1.7631E+12,1.7631E+12,moderate,0.5,50,0,0,2,0,0,0,,,,,,,,
g2_rain_fade,RAIN_FADE,24,,300,2,160,ok,,,1,71.698,2014,5,11.628,0.164,10.586,10.559209,887,709,418,2014,2,2,1,5,1.7631E+12,1.7631E+12,moderate,0.5,50,0,2,2,1,0,0,,,,,,,,
g2_rain_fade,RAIN_FADE,24,,300,2,161,ok,,,1,75.732667,2017,5,10.366,0.142,10.827,10.800834,889,709,419,2017,2,2,1,5,1.7631E+12,1.7631E+12,moderate,0.5,50,0,0,2,0,0,0,,,,,,,,
g2_rain_fade,RAIN_FADE,24,,300,2,162,ok,,,1,70.615375,2014,5,10.711,0.136,11.288,11.253708,888,708,418,2014,2,2,1,5,1.7631E+12,1.7631E+12,moderate,0.5,50,0,0,2,0,0,0,,,,,,,,
g2_rain_fade,RAIN_FADE,24,,300,2,163,ok,,,1,76.575167,2015,5,10.526,0.128,10.627,10.585166,888,709,418,2015,2,2,1,5,1.7631E+12,1.7631E+12,moderate,0.5,50,0,1,2,0.5,0,0,,,,,,,,
g2_rain_fade,RAIN_FADE,24,,300,2,164,ok,,,1,80.823583,2011,5,10.537,0.094,10.516,10.490375,886,708,417,2011,2,2,1,5,1.7631E+12,1.7631E+12,moderate,0.5,50,0,2,2,1,0,0,,,,,,,,
g2_rain_fade,RAIN_FADE,24,,300,2,165,ok,,,1,72.717875,2012,5,10.79,0.135,10.923,10.901417,887,707,418,2012,2,2,1,5,1.7631E+12,1.7631E+12,moderate,0.5,50,0,0,2,0,0,0,,,,,,,,
g2_rain_fade,RAIN_FADE,24,,300,2,166,ok,,,1,76.911083,2012,5,10.757,0.086,10.497,10.472667,887,707,418,2012,2,2,1,5,1.7631E+12,1.7631E+12,moderate,0.5,50,0,0,2,0,0,0,,,,,,,,
g2_rain_fade,RAIN_FADE,24,,300,2,167,ok,,,1,73.994667,2017,5,10.492,0.122,11.432,11.474166,889,709,419,2017,2,2,1,5,1.7631E+12,1.7631E+12,moderate,0.5,50,0,0,2,0,0,0,,,,,,,,
g2_rain_fade,RAIN_FADE,24,,300,2,168,ok,,,1,75.613458,2011,5,10.29,0.194,10.728,10.693917,886,707,418,2011,2,2,1,5,1.7631E+12,1.7631E+12,moderate,0.5,50,0,0,2,0,0,0,,,,,,,,
g2_rain_fade,RAIN_FADE,24,,300,2,169,ok,,,2,70.81966699,2012,5,10.932,0.155,10.692,10.666167,887,707,418,2012,2,2,1,5,1.7631E+12,1.7631E+12,moderate,0.5,50,0,3,3,1,0,0,,,,,,,,
g2_rain_fade,RAIN_FADE,24,,300,2,170,ok,,,1,68.7175,2015,5,11.89,0.091,11.174,11.18575,888,708,419,2015,2,2,1,5,1.7631E+12,1.7631E+12,moderate,0.5,50,0,0,2,0,0,0,,,,,,,,
g2_rain_fade,RAIN_FADE,24,,300,2,171,ok,,,1,69.54175,1989,5,10.942,0.115,11,11.081541,875,709,405,1989,2,2,1,5,1.7631E+12,1.7631E+12,moderate,0.5,50,0,1,2,0.5,0,0,,,,,,,,
g2_rain_fade,RAIN_FADE,24,,300,2,172,ok,,,1,77.170458,2010,5,11.335,0.103,10.484,10.4355,886,707,417,2010,2,2,1,5,1.7631E+12,1.7631E+12,moderate,0.5,50,0,0,2,0,0,0,,,,,,,,
g2_rain_fade,RAIN_FADE,24,,300,2,173,ok,,,1,87.022958,2012,5,13.604,0.167,20.199,20.193375,887,708,417,2012,2,2,1,5,1.7631E+12,1.7631E+12,moderate,0.5,50,0,2,5,0.4,0,0,,,,,,,,
g2_rain_fade,RAIN_FADE,24,,300,2,174,ok,,,1,79.29575,2015,5,11.032,0.123,11.618,11.577792,888,709,418,2015,2,2,1,5,1.7631E+12,1.7631E+12,moderate,0.5,50,0,2,2,1,0,0,,,,,,,,
g2_rain_fade,RAIN_FADE,24,,300,2,175,ok,,,1,73.235791,2010,5,11.359,0.126,10.97,10.937417,885,708,417,2010,2,2,1,5,1.7631E+12,1.7631E+12,moderate,0.5,50,0,0,2,0,0,0,,,,,,,,
g2_rain_fade,RAIN_FADE,24,,300,2,176,ok,,,1,76.487876,2011,5,10.517,0.123,11.346,11.43625,886,708,417,2011,2,2,1,5,1.7631E+12,1.7631E+12,moderate,0.5,50,0,2,2,1,0,0,,,,,,,,
g2_rain_fade,RAIN_FADE,24,,300,2,177,ok,,,1,64.930291,2012,5,10.506,0.136,10.659,10.633125,887,707,418,2012,2,2,1,5,1.7631E+12,1.7631E+12,moderate,0.5,50,0,2,2,1,0,0,,,,,,,,
g2_rain_fade,RAIN_FADE,24,,300,2,178,ok,,,2,69.583792,2017,5,10.475,0.073,10.5,10.4795,889,709,419,2017,2,2,1,5,1.7631E+12,1.7631E+12,moderate,0.5,50,0,8,8,1,0,0,,,,,,,,
g2_rain_fade,RAIN_FADE,24,,300,2,179,ok,,,1,73.46224999,2015,5,11.435,0.136,11.118,11.085083,888,709,418,2015,2,2,1,5,1.7631E+12,1.7631E+12,moderate,0.5,50,0,0,2,0,0,0,,,,,,,,
g2_rain_fade,RAIN_FADE,24,,300,2,180,ok,,,1,74.03708401,2017,5,12.039,0.1,10.786,10.7535,889,709,419,2017,2,2,1,5,1.7631E+12,1.7631E+12,moderate,0.5,50,0,0,2,0,0,0,,,,,,,,
g2_rain_fade,RAIN_FADE,24,,300,2,181,ok,,,1,71.873334,2014,5,10.638,0.138,10.845,10.819083,888,708,418,2014,2,2,1,5,1.7631E+12,1.7631E+12,moderate,0.5,50,0,0,2,0,0,0,,,,,,,,
g2_rain_fade,RAIN_FADE,24,,300,2,182,ok,,,1,71.146708,2015,5,11.421,0.119,10.671,10.642959,888,708,419,2015,2,2,1,5,1.7631E+12,1.7631E+12,moderate,0.5,50,0,0,2,0,0,0,,,,,,,,
g2_rain_fade,RAIN_FADE,24,,300,2,183,ok,,,1,72.045208,2017,5,10.823,0.127,10.613,10.58225,889,709,419,2017,2,2,1,5,1.7631E+12,1.7631E+12,moderate,0.5,50,0,0,2,0,0,0,,,,,,,,
g2_rain_fade,RAIN_FADE,24,,300,2,184,ok,,,1,73.310208,2013,5,10.535,0.12,11.706,11.697708,887,709,417,2013,2,2,1,5,1.7631E+12,1.7631E+12,moderate,0.5,50,0,0,2,0,0,0,,,,,,,,
g2_rain_fade,RAIN_FADE,24,,300,2,185,ok,,,1,70.411167,2014,5,10.685,0.098,10.609,10.57566699,887,709,418,2014,2,2,1,5,1.7631E+12,1.7631E+12,moderate,0.5,50,0,0,2,0,0,0,,,,,,,,
g2_rain_fade,RAIN_FADE,24,,300,2,186,ok,,,1,79.792708,2014,5,10.637,0.093,10.624,10.600792,888,708,418,2014,2,2,1,5,1.7631E+12,1.7631E+12,moderate,0.5,50,0,2,2,1,0,0,,,,,,,,
g2_rain_fade,RAIN_FADE,24,,300,2,187,ok,,,1,70.804209,2012,5,11.758,0.11,11.695,11.680375,887,707,418,2012,2,2,1,5,1.7631E+12,1.7631E+12,moderate,0.5,50,0,0,2,0,0,0,,,,,,,,
g2_rain_fade,RAIN_FADE,24,,300,2,188,ok,,,1,73.84725,2014,5,10.6,0.091,10.612,10.596041,888,708,418,2014,2,2,1,5,1.7631E+12,1.7631E+12,moderate,0.5,50,0,0,2,0,0,0,,,,,,,,
g2_rain_fade,RAIN_FADE,24,,300,2,189,ok,,,1,83.5245,2010,5,11.381,0.102,10.593,10.546416,886,707,417,2010,2,2,1,5,1.7631E+12,1.7631E+12,moderate,0.5,50,0,0,2,0,0,0,,,,,,,,
g2_rain_fade,RAIN_FADE,24,,300,2,190,ok,,,1,73.87075001,2016,5,10.994,0.078,10.65,10.627375,888,709,419,2016,2,2,1,5,1.7631E+12,1.7631E+12,moderate,0.5,50,0,1,2,0.5,0,0,,,,,,,,
g2_rain_fade,RAIN_FADE,24,,300,2,191,ok,,,1,64.651042,2017,5,10.603,0.143,10.708,10.670958,889,709,419,2017,2,2,1,5,1.7631E+12,1.7631E+12,moderate,0.5,50,0,0,2,0,0,0,,,,,,,,
g2_rain_fade,RAIN_FADE,24,,300,2,192,ok,,,1,69.8255,2012,5,11.592,0.137,11.353,11.325333,887,707,418,2012,2,2,1,5,1.7631E+12,1.7631E+12,moderate,0.5,50,0,0,2,0,0,0,,,,,,,,
g2_rain_fade,RAIN_FADE,24,,300,2,193,ok,,,1,75.02025001,2014,5,11.899,0.112,11.553,11.528875,888,708,418,2014,2,2,1,5,1.7631E+12,1.7631E+12,moderate,0.5,50,0,0,2,0,0,0,,,,,,,,
g2_rain_fade,RAIN_FADE,24,,300,2,194,ok,,,1,70.237834,2012,5,11.39,0.094,11.292,11.33016701,886,708,418,2012,2,2,1,5,1.7631E+12,1.7631E+12,moderate,0.5,50,0,0,2,0,0,0,,,,,,,,
g2_rain_fade,RAIN_FADE,24,,300,2,195,ok,,,1,73.4075,2015,5,11.68,0.111,11.279,11.274292,888,708,419,2015,2,2,1,5,1.7631E+12,1.7631E+12,moderate,0.5,50,0,0,2,0,0,0,,,,,,,,
g2_rain_fade,RAIN_FADE,24,,300,2,196,ok,,,1,73.32174999,2012,5,11.448,0.158,10.662,10.639458,887,707,418,2012,2,2,1,5,1.7631E+12,1.7631E+12,moderate,0.5,50,0,0,2,0,0,0,,,,,,,,
g2_rain_fade,RAIN_FADE,24,,300,2,197,ok,,,1,76.45216701,2015,5,10.525,0.091,10.837,10.897292,888,708,419,2015,2,2,1,5,1.7631E+12,1.7631E+12,moderate,0.5,50,0,0,2,0,0,0,,,,,,,,
g2_rain_fade,RAIN_FADE,24,,300,2,198,ok,,,1,78.909625,2012,5,10.514,0.136,10.496,10.47679201,887,708,417,2012,2,2,1,5,1.7631E+12,1.7631E+12,moderate,0.5,50,0,0,2,0,0,0,,,,,,,,
g2_rain_fade,RAIN_FADE,24,,300,2,199,ok,,,1,72.482917,2015,5,11.188,0.105,12.446,12.45562499,888,708,419,2015,2,2,1,5,1.7631E+12,1.7631E+12,moderate,0.5,50,0,0,2,0,0,0,,,,,,,,
g2_rain_fade,RAIN_FADE,24,,300,2,200,ok,,,1,76.684208,2017,5,11.245,0.135,12.236,12.193917,889,709,419,2017,2,2,1,5,1.7631E+12,1.7631E+12,moderate,0.5,50,0,0,2,0,0,0,,,,,,,,
g2_rain_fade,RAIN_FADE,24,,300,2,201,ok,,,1,72.048334,2014,5,12.159,0.129,11.986,11.969833,888,708,418,2014,2,2,1,5,1.7631E+12,1.7631E+12,moderate,0.5,50,0,0,2,0,0,0,,,,,,,,
g2_rain_fade,RAIN_FADE,24,,300,2,202,ok,,,1,70.987708,2015,5,11.171,0.11,10.443,10.405792,888,708,419,2015,2,2,1,5,1.7631E+12,1.7631E+12,moderate,0.5,50,0,0,2,0,0,0,,,,,,,,
g2_rain_fade,RAIN_FADE,24,,300,2,203,ok,,,1,74.889667,2011,5,11.384,0.094,11.403,11.392541,886,708,417,2011,2,2,1,5,1.7631E+12,1.7631E+12,moderate,0.5,50,0,0,2,0,0,0,,,,,,,,
g2_rain_fade,RAIN_FADE,24,,300,2,204,ok,,,1,70.052,2017,5,11.692,0.094,10.589,10.550751,889,709,419,2017,2,2,1,5,1.7631E+12,1.7631E+12,moderate,0.5,50,0,0,2,0,0,0,,,,,,,,
g2_rain_fade,RAIN_FADE,24,,300,2,205,ok,,,1,69.350166,2012,5,10.278,0.09,12.04,12.182458,887,708,417,2012,2,2,1,5,1.7631E+12,1.7631E+12,moderate,0.5,50,0,0,2,0,0,0,,,,,,,,
g2_rain_fade,RAIN_FADE,24,,300,2,206,ok,,,1,69.255875,2016,5,10.53,0.139,11.304,11.271833,888,709,419,2016,2,2,1,5,1.7631E+12,1.7631E+12,moderate,0.5,50,0,0,2,0,0,0,,,,,,,,
g2_rain_fade,RAIN_FADE,24,,300,2,207,ok,,,1,80.583958,2017,5,10.66,0.105,10.733,10.709666,889,709,419,2017,2,2,1,5,1.7631E+12,1.7631E+12,moderate,0.5,50,0,2,2,1,0,0,,,,,,,,
g2_rain_fade,RAIN_FADE,24,,300,2,208,ok,,,1,72.274833,2012,5,11.145,0.107,10.654,10.617958,887,707,418,2012,2,2,1,5,1.7631E+12,1.7631E+12,moderate,0.5,50,0,0,2,0,0,0,,,,,,,,
g2_rain_fade,RAIN_FADE,24,,300,2,209,ok,,,1,71.673083,2013,5,10.652,0.133,11.1,11.095583,887,708,418,2013,2,2,1,5,1.7631E+12,1.7631E+12,moderate,0.5,50,0,0,2,0,0,0,,,,,,,,
g2_rain_fade,RAIN_FADE,24,,300,2,210,ok,,,1,72.879584,2010,5,12.743,0.144,12.965,12.966167,886,707,417,2010,2,2,1,5,1.7631E+12,1.7631E+12,moderate,0.5,50,0,0,2,0,0,0,,,,,,,,
g2_rain_fade,RAIN_FADE,24,,300,2,211,ok,,,1,75.913333,2015,5,12.36,0.098,10.495,10.471292,888,708,419,2015,2,2,1,5,1.7631E+12,1.7631E+12,moderate,0.5,50,0,0,2,0,0,0,,,,,,,,
g2_rain_fade,RAIN_FADE,24,,300,2,212,ok,,,1,88.610125,2012,5,14.73,0.12,18.372,19.178834,887,707,418,2012,2,2,1,5,1.7631E+12,1.7631E+12,moderate,0.5,50,0,2,5,0.4,0,0,,,,,,,,
g2_rain_fade,RAIN_FADE,24,,300,2,213,ok,,,1,71.21825,2017,5,10.701,0.132,10.724,10.694417,889,709,419,2017,2,2,1,5,1.7631E+12,1.7631E+12,moderate,0.5,50,0,0,2,0,0,0,,,,,,,,
g2_rain_fade,RAIN_FADE,24,,300,2,214,ok,,,1,72.919209,2015,5,10.405,0.094,10.594,10.569875,888,708,419,2015,2,2,1,5,1.7631E+12,1.7631E+12,moderate,0.5,50,0,0,2,0,0,0,,,,,,,,
g2_rain_fade,RAIN_FADE,24,,300,2,215,ok,,,1,74.1655,2008,5,12.054,0.118,11.539,11.577791,885,707,416,2008,2,2,1,5,1.7631E+12,1.7631E+12,moderate,0.5,50,0,0,2,0,0,0,,,,,,,,
g2_rain_fade,RAIN_FADE,24,,300,2,216,ok,,,1,72.947959,2017,5,11.639,0.112,11.271,11.243584,889,709,419,2017,2,2,1,5,1.7631E+12,1.7631E+12,moderate,0.5,50,0,1,2,0.5,0,0,,,,,,,,
g2_rain_fade,RAIN_FADE,24,,300,2,217,ok,,,1,75.891792,1988,5,13.116,0.155,11.875,11.88025,875,707,406,1988,2,2,1,5,1.7631E+12,1.7631E+12,moderate,0.5,50,0,4,5,0.8,0,0,,,,,,,,
g2_rain_fade,RAIN_FADE,24,,300,2,218,ok,,,1,67.727667,2015,5,10.402,0.102,11.229,11.258125,888,708,419,2015,2,2,1,5,1.7631E+12,1.7631E+12,moderate,0.5,50,0,0,2,0,0,0,,,,,,,,
g2_rain_fade,RAIN_FADE,24,,300,2,219,ok,,,1,70.111708,2008,5,10.741,0.129,10.648,10.64929199,885,708,415,2008,2,2,1,5,1.7631E+12,1.7631E+12,moderate,0.5,50,0,0,2,0,0,0,,,,,,,,
g2_rain_fade,RAIN_FADE,24,,300,2,220,ok,,,1,72.574584,2013,5,10.763,0.094,10.399,10.36695801,887,708,418,2013,2,2,1,5,1.7631E+12,1.7631E+12,moderate,0.5,50,0,1,2,0.5,0,0,,,,,,,,
g2_rain_fade,RAIN_FADE,24,,300,2,221,ok,,,1,73.19595799,2012,5,10.753,0.132,10.816,10.791,887,708,417,2012,2,2,1,5,1.7631E+12,1.7631E+12,moderate,0.5,50,0,0,2,0,0,0,,,,,,,,
g2_rain_fade,RAIN_FADE,24,,300,2,222,ok,,,1,70.004208,2017,5,10.753,0.155,10.68,10.64829101,889,709,419,2017,2,2,1,5,1.7631E+12,1.7631E+12,moderate,0.5,50,0,1,2,0.5,0,0,,,,,,,,
g2_rain_fade,RAIN_FADE,24,,300,2,223,ok,,,1,68.580416,2016,5,10.562,0.149,10.915,10.864,888,709,419,2016,2,2,1,5,1.7631E+12,1.7631E+12,moderate,0.5,50,0,0,2,0,0,0,,,,,,,,
g2_rain_fade,RAIN_FADE,24,,300,2,224,ok,,,1,83.268791,2017,5,12.411,0.127,12.784,12.766959,889,709,419,2017,2,2,1,5,1.7631E+12,1.7631E+12,moderate,0.5,50,0,4,5,0.8,0,0,,,,,,,,
g2_rain_fade,RAIN_FADE,24,,300,2,225,ok,,,1,81.632542,2010,5,11.223,0.164,11.286,11.249625,886,706,418,2010,2,2,1,5,1.7631E+12,1.7631E+12,moderate,0.5,50,0,3,5,0.6,0,0,,,,,,,,
g2_rain_fade,RAIN_FADE,24,,300,2,226,ok,,,1,70.871833,2017,5,10.439,0.127,11.467,11.453167,889,709,419,2017,2,2,1,5,1.7631E+12,1.7631E+12,moderate,0.5,50,0,0,2,0,0,0,,,,,,,,
g2_rain_fade,RAIN_FADE,24,,300,2,227,ok,,,1,79.72125,2015,5,11.791,0.114,11.223,11.230125,888,708,419,2015,2,2,1,5,1.7631E+12,1.7631E+12,moderate,0.5,50,0,1,2,0.5,0,0,,,,,,,,
g2_rain_fade,RAIN_FADE,24,,300,2,228,ok,,,1,74.072542,2017,5,10.672,0.124,10.615,10.587541,889,709,419,2017,2,2,1,5,1.7631E+12,1.7631E+12,moderate,0.5,50,0,2,2,1,0,0,,,,,,,,
g2_rain_fade,RAIN_FADE,24,,300,2,229,ok,,,1,78.476209,2011,5,11.523,0.1,10.631,10.598666,886,708,417,2011,2,2,1,5,1.7631E+12,1.7631E+12,moderate,0.5,50,0,0,2,0,0,0,,,,,,,,
g2_rain_fade,RAIN_FADE,24,,300,2,230,ok,,,1,70.585709,2015,5,10.535,0.102,11.564,11.601375,888,708,419,2015,2,2,1,5,1.7631E+12,1.7631E+12,moderate,0.5,50,0,2,2,1,0,0,,,,,,,,
g2_rain_fade,RAIN_FADE,24,,300,2,231,ok,,,2,75.364542,2012,5,11.914,0.138,10.767,10.734416,887,707,418,2012,2,2,1,5,1.7631E+12,1.7631E+12,moderate,0.5,50,0,4,6,0.666666667,0,0,,,,,,,,
g2_rain_fade,RAIN_FADE,24,,300,2,232,ok,,,1,78.499959,2015,5,10.563,0.09,10.67,10.6415,888,709,418,2015,2,2,1,5,1.7631E+12,1.7631E+12,moderate,0.5,50,0,2,2,1,0,0,,,,,,,,
g2_rain_fade,RAIN_FADE,24,,300,2,233,ok,,,1,79.175417,2011,5,12.882,0.227,12.124,12.115125,886,708,417,2011,2,2,1,5,1.7631E+12,1.7631E+12,moderate,0.5,50,0,0,2,0,0,0,,,,,,,,
g2_rain_fade,RAIN_FADE,24,,300,2,234,ok,,,1,71.526208,2017,5,10.389,0.092,11.082,11.088375,889,709,419,2017,2,2,1,5,1.7631E+12,1.7631E+12,moderate,0.5,50,0,0,2,0,0,0,,,,,,,,
g2_rain_fade,RAIN_FADE,24,,300,2,235,ok,,,1,78.085292,2013,5,11.594,0.144,12.251,12.281125,887,708,418,2013,2,2,1,5,1.7631E+12,1.7631E+12,moderate,0.5,50,0,0,2,0,0,0,,,,,,,,
g2_rain_fade,RAIN_FADE,24,,300,2,236,ok,,,1,74.278917,2014,5,11.077,0.121,10.626,10.60925,888,708,418,2014,2,2,1,5,1.7631E+12,1.7631E+12,moderate,0.5,50,0,0,2,0,0,0,,,,,,,,
g2_rain_fade,RAIN_FADE,24,,300,2,237,ok,,,1,71.437583,2014,5,12.398,0.136,10.694,10.668667,888,708,418,2014,2,2,1,5,1.7631E+12,1.7631E+12,moderate,0.5,50,0,0,2,0,0,0,,,,,,,,
g2_rain_fade,RAIN_FADE,24,,300,2,238,ok,,,1,70.167166,2012,5,11.758,0.154,11.075,11.034125,887,707,418,2012,2,2,1,5,1.7631E+12,1.7631E+12,moderate,0.5,50,0,0,2,0,0,0,,,,,,,,
g2_rain_fade,RAIN_FADE,24,,300,2,239,ok,,,1,72.89604199,2017,5,10.565,0.104,10.565,10.530083,889,709,419,2017,2,2,1,5,1.7631E+12,1.7631E+12,moderate,0.5,50,0,0,2,0,0,0,,,,,,,,
g2_rain_fade,RAIN_FADE,24,,300,2,240,ok,,,1,73.956333,2014,5,11.016,0.111,11.341,11.32379199,888,708,418,2014,2,2,1,5,1.7631E+12,1.7631E+12,moderate,0.5,50,0,0,2,0,0,0,,,,,,,,
g2_rain_fade,RAIN_FADE,24,,300,2,241,ok,,,1,78.21550001,2009,5,11.666,0.135,11.56,11.537042,886,706,417,2009,2,2,1,5,1.7631E+12,1.7631E+12,moderate,0.5,50,0,0,2,0,0,0,,,,,,,,
g2_rain_fade,RAIN_FADE,24,,300,2,242,ok,,,1,74.525792,2012,5,10.839,0.092,10.894,10.8555,887,707,418,2012,2,2,1,5,1.7631E+12,1.7631E+12,moderate,0.5,50,0,2,2,1,0,0,,,,,,,,
g2_rain_fade,RAIN_FADE,24,,300,2,243,ok,,,1,69.254333,2012,5,10.582,0.132,11.232,11.210333,886,708,418,2012,2,2,1,5,1.7631E+12,1.7631E+12,moderate,0.5,50,0,2,2,1,0,0,,,,,,,,
g2_rain_fade,RAIN_FADE,24,,300,2,244,ok,,,2,72.904792,2014,5,10.833,0.113,11.132,11.123375,888,708,418,2014,2,2,1,5,1.7631E+12,1.7631E+12,moderate,0.5,50,0,0,4,0,0,0,,,,,,,,
g2_rain_fade,RAIN_FADE,24,,300,2,245,ok,,,1,72.666333,2015,5,11.884,0.099,11.243,11.25775,888,709,418,2015,2,2,1,5,1.7631E+12,1.7631E+12,moderate,0.5,50,0,0,2,0,0,0,,,,,,,,
g2_rain_fade,RAIN_FADE,24,,300,2,246,ok,,,1,76.150917,2012,5,10.909,0.094,10.793,10.73245901,887,707,418,2012,2,2,1,5,1.7631E+12,1.7631E+12,moderate,0.5,50,0,0,2,0,0,0,,,,,,,,
g2_rain_fade,RAIN_FADE,24,,300,2,247,ok,,,1,76.6565,2014,5,10.768,0.099,10.436,10.411167,887,709,418,2014,2,2,1,5,1.7631E+12,1.7631E+12,moderate,0.5,50,0,0,2,0,0,0,,,,,,,,
g2_rain_fade,RAIN_FADE,24,,300,2,248,ok,,,1,74.349208,2015,5,10.239,0.134,10.969,10.941166,888,708,419,2015,2,2,1,5,1.7631E+12,1.7631E+12,moderate,0.5,50,0,0,2,0,0,0,,,,,,,,
g2_rain_fade,RAIN_FADE,24,,300,2,249,ok,,,1,72.859917,2001,5,11.479,0.125,11.508,11.463667,874,708,419,2001,2,2,1,5,1.7631E+12,1.7631E+12,moderate,0.5,50,0,0,2,0,0,0,,,,,,,,
g2_rain_fade,RAIN_FADE,24,,300,2,250,ok,,,1,72.876417,2017,5,11.75,0.093,11.453,11.431125,889,709,419,2017,2,2,1,5,1.7631E+12,1.7631E+12,moderate,0.5,50,0,0,2,0,0,0,,,,,,,,
g2_rain_fade,RAIN_FADE,24,,300,2,251,ok,,,1,68.246208,2015,5,10.368,0.101,11.386,11.36020799,888,708,419,2015,2,2,1,5,1.7631E+12,1.7631E+12,moderate,0.5,50,0,0,2,0,0,0,,,,,,,,
g2_rain_fade,RAIN_FADE,24,,300,2,252,ok,,,1,77.57087499,2015,5,12.075,0.095,10.369,10.358459,888,709,418,2015,2,2,1,5,1.7631E+12,1.7631E+12,moderate,0.5,50,0,0,2,0,0,0,,,,,,,,
g2_rain_fade,RAIN_FADE,24,,300,2,253,ok,,,1,75.029416,2017,5,10.437,0.11,11.2,11.20304201,889,709,419,2017,2,2,1,5,1.7631E+12,1.7631E+12,moderate,0.5,50,0,0,2,0,0,0,,,,,,,,
g2_rain_fade,RAIN_FADE,24,,300,2,254,ok,,,2,75.619208,2017,5,12.679,0.123,12.034,12.407291,889,709,419,2017,2,2,1,5,1.7631E+12,1.7631E+12,moderate,0.5,50,0,2,4,0.5,0,0,,,,,,,,
g2_rain_fade,RAIN_FADE,24,,300,2,255,ok,,,1,71.077917,2012,5,12.374,0.135,10.476,10.454875,887,707,418,2012,2,2,1,5,1.7631E+12,1.7631E+12,moderate,0.5,50,0,0,2,0,0,0,,,,,,,,
g2_rain_fade,RAIN_FADE,24,,300,2,256,ok,,,1,77.447958,2014,5,12.532,0.206,12.893,12.84704101,887,709,418,2014,2,2,1,5,1.7631E+12,1.7631E+12,moderate,0.5,50,0,0,2,0,0,0,,,,,,,,
g2_rain_fade,RAIN_FADE,24,,300,2,257,ok,,,1,76.534292,2015,5,10.427,0.127,11.463,11.43024999,888,708,419,2015,2,2,1,5,1.7631E+12,1.7631E+12,moderate,0.5,50,0,0,2,0,0,0,,,,,,,,
g2_rain_fade,RAIN_FADE,24,,300,2,258,ok,,,1,72.519667,2017,5,10.628,0.099,11.452,11.588166,889,709,419,2017,2,2,1,5,1.7631E+12,1.7631E+12,moderate,0.5,50,0,2,2,1,0,0,,,,,,,,
g2_rain_fade,RAIN_FADE,24,,300,2,259,ok,,,1,71.18200001,2012,5,11.015,0.189,11.451,11.44379099,887,707,418,2012,2,2,1,5,1.7631E+12,1.7631E+12,moderate,0.5,50,0,0,2,0,0,0,,,,,,,,
g2_rain_fade,RAIN_FADE,24,,300,2,260,ok,,,1,78.608542,2014,5,10.59,0.083,10.536,10.514625,888,708,418,2014,2,2,1,5,1.7631E+12,1.7631E+12,moderate,0.5,50,0,2,2,1,0,0,,,,,,,,
g2_rain_fade,RAIN_FADE,24,,300,2,261,ok,,,1,75.249959,2015,5,11.615,0.099,10.52,10.471417,888,708,419,2015,2,2,1,5,1.7631E+12,1.7631E+12,moderate,0.5,50,0,0,2,0,0,0,,,,,,,,
g2_rain_fade,RAIN_FADE,24,,300,2,262,ok,,,1,74.318625,2010,5,10.454,0.094,10.61,10.587917,886,707,417,2010,2,2,1,5,1.7631E+12,1.7631E+12,moderate,0.5,50,0,0,2,0,0,0,,,,,,,,
g2_rain_fade,RAIN_FADE,24,,300,2,263,ok,,,1,76.694917,2015,5,10.732,0.152,11.438,11.452125,888,709,418,2015,2,2,1,5,1.7631E+12,1.7631E+12,moderate,0.5,50,0,0,2,0,0,0,,,,,,,,
g2_rain_fade,RAIN_FADE,24,,300,2,264,ok,,,1,71.806333,2013,5,10.852,0.08,10.558,10.525042,887,708,418,2013,2,2,1,5,1.7631E+12,1.7631E+12,moderate,0.5,50,0,0,2,0,0,0,,,,,,,,
g2_rain_fade,RAIN_FADE,24,,300,2,265,ok,,,1,76.239792,2017,5,10.457,0.125,10.845,10.837042,889,709,419,2017,2,2,1,5,1.7631E+12,1.7631E+12,moderate,0.5,50,0,0,2,0,0,0,,,,,,,,
g2_rain_fade,RAIN_FADE,24,,300,2,266,ok,,,1,74.91775,2015,5,12.498,0.109,10.593,10.548667,888,708,419,2015,2,2,1,5,1.7631E+12,1.7631E+12,moderate,0.5,50,0,0,2,0,0,0,,,,,,,,
g2_rain_fade,RAIN_FADE,24,,300,2,267,ok,,,1,71.5735,2014,5,10.468,0.131,10.725,10.705125,887,709,418,2014,2,2,1,5,1.7631E+12,1.7631E+12,moderate,0.5,50,0,0,2,0,0,0,,,,,,,,
g2_rain_fade,RAIN_FADE,24,,300,2,268,ok,,,1,68.20966599,2013,5,10.853,0.098,11.401,11.38725,887,708,418,2013,2,2,1,5,1.7631E+12,1.7631E+12,moderate,0.5,50,0,1,2,0.5,0,0,,,,,,,,
g2_rain_fade,RAIN_FADE,24,,300,2,269,ok,,,1,73.269875,2016,5,10.717,0.093,10.811,10.8185,888,709,419,2016,2,2,1,5,1.7631E+12,1.7631E+12,moderate,0.5,50,0,0,2,0,0,0,,,,,,,,
g2_rain_fade,RAIN_FADE,24,,300,2,270,ok,,,1,67.54775,2012,5,10.382,0.11,10.737,10.70675,887,707,418,2012,2,2,1,5,1.7631E+12,1.7631E+12,moderate,0.5,50,0,2,2,1,0,0,,,,,,,,
g2_rain_fade,RAIN_FADE,24,,300,2,271,ok,,,1,75.269542,2015,5,11.507,0.108,11.42,11.432459,888,708,419,2015,2,2,1,5,1.7631E+12,1.7631E+12,moderate,0.5,50,0,1,2,0.5,0,0,,,,,,,,
g2_rain_fade,RAIN_FADE,24,,300,2,272,ok,,,1,73.238375,2012,5,11.715,0.145,10.637,10.602125,886,707,419,2012,2,2,1,5,1.7631E+12,1.7631E+12,moderate,0.5,50,0,0,2,0,0,0,,,,,,,,
g2_rain_fade,RAIN_FADE,24,,300,2,273,ok,,,1,71.469542,2012,5,10.611,0.093,11.56,11.531459,887,707,418,2012,2,2,1,5,1.7631E+12,1.7631E+12,moderate,0.5,50,0,0,2,0,0,0,,,,,,,,
g2_rain_fade,RAIN_FADE,24,,300,2,274,ok,,,1,71.947417,2013,5,11.744,0.099,10.405,10.3645,887,708,418,2013,2,2,1,5,1.7631E+12,1.7631E+12,moderate,0.5,50,0,2,2,1,0,0,,,,,,,,
g2_rain_fade,RAIN_FADE,24,,300,2,275,ok,,,1,80.713125,2017,5,10.747,0.113,10.658,10.60975,889,709,419,2017,2,2,1,5,1.7631E+12,1.7631E+12,moderate,0.5,50,0,1,2,0.5,0,0,,,,,,,,
g2_rain_fade,RAIN_FADE,24,,300,2,276,ok,,,1,79.744792,2017,5,10.591,0.114,11.342,11.334375,889,709,419,2017,2,2,1,5,1.7631E+12,1.7631E+12,moderate,0.5,50,0,2,2,1,0,0,,,,,,,,
g2_rain_fade,RAIN_FADE,24,,300,2,277,ok,,,1,72.375084,2015,5,12.104,0.107,10.562,10.537375,888,708,419,2015,2,2,1,5,1.7631E+12,1.7631E+12,moderate,0.5,50,0,1,2,0.5,0,0,,,,,,,,
g2_rain_fade,RAIN_FADE,24,,300,2,278,ok,,,1,80.469916,2011,5,11.122,0.093,10.626,10.593583,886,708,417,2011,2,2,1,5,1.7631E+12,1.7631E+12,moderate,0.5,50,0,1,2,0.5,0,0,,,,,,,,
g2_rain_fade,RAIN_FADE,24,,300,2,279,ok,,,1,68.266667,2010,5,11.531,0.138,10.858,10.879292,886,707,417,2010,2,2,1,5,1.7631E+12,1.7631E+12,moderate,0.5,50,0,0,2,0,0,0,,,,,,,,
g2_rain_fade,RAIN_FADE,24,,300,2,280,ok,,,1,79.168958,2010,5,10.911,0.133,11.261,11.243209,886,708,416,2010,2,2,1,5,1.7631E+12,1.7631E+12,moderate,0.5,50,0,0,2,0,0,0,,,,,,,,
g2_rain_fade,RAIN_FADE,24,,300,2,281,ok,,,1,73.076417,2012,5,10.393,0.092,10.542,10.508375,887,707,418,2012,2,2,1,5,1.7631E+12,1.7631E+12,moderate,0.5,50,0,2,2,1,0,0,,,,,,,,
g2_rain_fade,RAIN_FADE,24,,300,2,282,ok,,,1,74.502041,2015,5,12.107,0.139,10.633,10.617416,888,709,418,2015,2,2,1,5,1.7631E+12,1.7631E+12,moderate,0.5,50,0,0,2,0,0,0,,,,,,,,
g2_rain_fade,RAIN_FADE,24,,300,2,283,ok,,,2,81.687458,2015,5,10.821,0.073,10.793,10.771333,888,709,418,2015,2,2,1,5,1.7631E+12,1.7631E+12,moderate,0.5,50,0,3,3,1,0,0,,,,,,,,
g2_rain_fade,RAIN_FADE,24,,300,2,284,ok,,,1,73.028709,2011,5,10.607,0.122,11.048,11.04245801,886,708,417,2011,2,2,1,5,1.7631E+12,1.7631E+12,moderate,0.5,50,0,0,2,0,0,0,,,,,,,,
g2_rain_fade,RAIN_FADE,24,,300,2,285,ok,,,1,72.61420799,2012,5,10.446,0.143,10.704,10.679958,887,708,417,2012,2,2,1,5,1.7631E+12,1.7631E+12,moderate,0.5,50,0,2,2,1,0,0,,,,,,,,
g2_rain_fade,RAIN_FADE,24,,300,2,286,ok,,,2,73.386833,2011,5,10.559,0.095,11.136,11.134959,886,708,417,2011,2,2,1,5,1.7631E+12,1.7631E+12,moderate,0.5,50,0,4,4,1,0,0,,,,,,,,
g2_rain_fade,RAIN_FADE,24,,300,2,287,ok,,,1,89.398541,2017,5,14.311,0.139,14.157,14.1555,889,709,419,2017,2,2,1,5,1.7631E+12,1.7631E+12,moderate,0.5,50,0,4,5,0.8,0,0,,,,,,,,
g2_rain_fade,RAIN_FADE,24,,300,2,288,ok,,,1,75.961666,2014,5,11.953,0.164,11.985,11.992709,887,709,418,2014,2,2,1,5,1.7631E+12,1.7631E+12,moderate,0.5,50,0,4,4,1,0,0,,,,,,,,
g2_rain_fade,RAIN_FADE,24,,300,2,289,ok,,,1,73.969041,2015,5,11.376,0.187,11.021,11.047875,888,708,419,2015,2,2,1,5,1.7631E+12,1.7631E+12,moderate,0.5,50,0,0,2,0,0,0,,,,,,,,
g2_rain_fade,RAIN_FADE,24,,300,2,290,ok,,,1,80.240583,2010,5,14.535,0.128,11.232,11.214375,886,707,417,2010,2,2,1,5,1.7631E+12,1.7631E+12,moderate,0.5,50,0,0,2,0,0,0,,,,,,,,
g2_rain_fade,RAIN_FADE,24,,300,2,291,ok,,,1,70.475541,2015,5,10.567,0.109,11.24,11.249084,888,709,418,2015,2,2,1,5,1.7631E+12,1.7631E+12,moderate,0.5,50,0,0,2,0,0,0,,,,,,,,
g2_rain_fade,RAIN_FADE,24,,300,2,292,ok,,,1,73.235959,2017,5,10.43,0.139,10.819,10.807334,889,709,419,2017,2,2,1,5,1.7631E+12,1.7631E+12,moderate,0.5,50,0,1,2,0.5,0,0,,,,,,,,
g2_rain_fade,RAIN_FADE,24,,300,2,293,ok,,,1,74.284542,2017,5,10.506,0.091,11.727,11.736708,889,709,419,2017,2,2,1,5,1.7631E+12,1.7631E+12,moderate,0.5,50,0,1,2,0.5,0,0,,,,,,,,
g2_rain_fade,RAIN_FADE,24,,300,2,294,ok,,,1,74.7345,2009,5,11.893,0.108,10.618,10.58125,885,707,417,2009,2,2,1,5,1.7631E+12,1.7631E+12,moderate,0.5,50,0,1,2,0.5,0,0,,,,,,,,
g2_rain_fade,RAIN_FADE,24,,300,2,295,ok,,,1,69.958791,2011,5,10.512,0.135,10.435,10.416125,886,707,418,2011,2,2,1,5,1.7631E+12,1.7631E+12,moderate,0.5,50,0,1,2,0.5,0,0,,,,,,,,
g2_rain_fade,RAIN_FADE,24,,300,2,296,ok,,,1,72.86525,2017,5,10.49,0.103,10.453,10.42999999,889,709,419,2017,2,2,1,5,1.7631E+12,1.7631E+12,moderate,0.5,50,0,2,2,1,0,0,,,,,,,,
g2_rain_fade,RAIN_FADE,24,,300,2,297,ok,,,1,75.773541,2017,5,11.142,0.125,11.335,11.439417,889,709,419,2017,2,2,1,5,1.7631E+12,1.7631E+12,moderate,0.5,50,0,0,2,0,0,0,,,,,,,,
g2_rain_fade,RAIN_FADE,24,,300,2,298,ok,,,1,72.028625,2012,5,10.624,0.128,10.647,10.618916,887,707,418,2012,2,2,1,5,1.7631E+12,1.7631E+12,moderate,0.5,50,0,0,2,0,0,0,,,,,,,,
g2_rain_fade,RAIN_FADE,24,,300,2,299,ok,,,1,76.3515,2010,5,10.478,0.133,11.233,11.23725,886,708,416,2010,2,2,1,5,1.7631E+12,1.7631E+12,moderate,0.5,50,0,0,2,0,0,0,,,,,,,,
g2_rain_fade,RAIN_FADE,24,,300,2,300,ok,,,1,74.606667,2012,5,10.302,0.11,10.852,10.81470901,887,707,418,2012,2,2,1,5,1.7631E+12,1.7631E+12,moderate,0.5,50,0,0,2,0,0,0,,,,,,,,
g2_rain_fade,RAIN_FADE,24,,400,2,1,ok,,,1,78.337042,2013,5,10.672,0.196,11.293,11.293167,887,708,418,2013,2,2,1,5,1.7631E+12,1.7631E+12,moderate,0.5,50,0,2,2,1,0,0,,,,,,,,
g2_rain_fade,RAIN_FADE,24,,400,2,2,ok,,,1,73.115917,2006,5,11.739,0.085,10.705,10.683209,884,705,417,2006,2,2,1,5,1.7631E+12,1.7631E+12,moderate,0.5,50,0,0,2,0,0,0,,,,,,,,
g2_rain_fade,RAIN_FADE,24,,400,2,3,ok,,,1,75.801958,2010,5,11.176,0.145,10.748,10.7175,886,707,417,2010,2,2,1,5,1.7631E+12,1.7631E+12,moderate,0.5,50,0,0,2,0,0,0,,,,,,,,
g2_rain_fade,RAIN_FADE,24,,400,2,4,ok,,,1,83.475708,2016,5,10.53,0.139,10.766,10.766792,888,709,419,2016,2,2,1,5,1.7631E+12,1.7631E+12,moderate,0.5,50,0,0,2,0,0,0,,,,,,,,
g2_rain_fade,RAIN_FADE,24,,400,2,5,ok,,,1,70.43475001,2013,5,10.347,0.137,10.543,10.524875,887,708,418,2013,2,2,1,5,1.7631E+12,1.7631E+12,moderate,0.5,50,0,0,2,0,0,0,,,,,,,,
g2_rain_fade,RAIN_FADE,24,,400,2,6,ok,,,1,71.945875,2017,5,10.923,0.101,11.093,11.101166,889,709,419,2017,2,2,1,5,1.7631E+12,1.7631E+12,moderate,0.5,50,0,0,2,0,0,0,,,,,,,,
g2_rain_fade,RAIN_FADE,24,,400,2,7,ok,,,1,71.401583,2017,5,10.823,0.121,11.252,11.261208,889,709,419,2017,2,2,1,5,1.7631E+12,1.7631E+12,moderate,0.5,50,0,0,2,0,0,0,,,,,,,,
g2_rain_fade,RAIN_FADE,24,,400,2,8,ok,,,1,70.056708,2015,5,10.417,0.096,11.139,11.127417,888,708,419,2015,2,2,1,5,1.7631E+12,1.7631E+12,moderate,0.5,50,0,0,2,0,0,0,,,,,,,,
g2_rain_fade,RAIN_FADE,24,,400,2,9,ok,,,1,70.421375,2014,5,11.135,0.119,10.715,10.71045799,888,708,418,2014,2,2,1,5,1.7631E+12,1.7631E+12,moderate,0.5,50,0,1,2,0.5,0,0,,,,,,,,
g2_rain_fade,RAIN_FADE,24,,400,2,10,ok,,,1,76.969292,2013,5,13.227,0.174,12.776,12.98645799,887,708,418,2013,2,2,1,5,1.7631E+12,1.7631E+12,moderate,0.5,50,0,6,7,0.857142857,0,0,,,,,,,,
g2_rain_fade,RAIN_FADE,24,,400,2,11,ok,,,1,69.816375,2012,5,11.211,0.141,10.457,10.44,887,708,417,2012,2,2,1,5,1.7631E+12,1.7631E+12,moderate,0.5,50,0,2,2,1,0,0,,,,,,,,
g2_rain_fade,RAIN_FADE,24,,400,2,12,ok,,,1,71.162334,2017,5,12.069,0.237,10.951,10.908,889,709,419,2017,2,2,1,5,1.7631E+12,1.7631E+12,moderate,0.5,50,0,5,5,1,0,0,,,,,,,,
g2_rain_fade,RAIN_FADE,24,,400,2,13,ok,,,1,75.104125,2017,5,10.695,0.1,11.068,11.098666,889,709,419,2017,2,2,1,5,1.7631E+12,1.7631E+12,moderate,0.5,50,0,0,2,0,0,0,,,,,,,,
g2_rain_fade,RAIN_FADE,24,,400,2,14,ok,,,1,78.257417,2013,5,12.814,0.147,12.604,12.583583,887,708,418,2013,2,2,1,5,1.7631E+12,1.7631E+12,moderate,0.5,50,0,4,5,0.8,0,0,,,,,,,,
g2_rain_fade,RAIN_FADE,24,,400,2,15,ok,,,2,80.789708,2001,5,10.82,0.125,11.4,11.414792,874,708,419,2001,2,2,1,5,1.7631E+12,1.7631E+12,moderate,0.5,50,0,4,4,1,0,0,,,,,,,,
g2_rain_fade,RAIN_FADE,24,,400,2,16,ok,,,2,72.004667,2017,5,11.289,0.118,10.52,10.50275,889,709,419,2017,2,2,1,5,1.7631E+12,1.7631E+12,moderate,0.5,50,0,4,4,1,0,0,,,,,,,,
g2_rain_fade,RAIN_FADE,24,,400,2,17,ok,,,1,74.901125,2017,5,11.147,0.13,10.621,10.606,889,709,419,2017,2,2,1,5,1.7631E+12,1.7631E+12,moderate,0.5,50,0,2,2,1,0,0,,,,,,,,
g2_rain_fade,RAIN_FADE,24,,400,2,18,ok,,,1,77.318583,2017,5,10.661,0.09,10.569,10.51725,889,709,419,2017,2,2,1,5,1.7631E+12,1.7631E+12,moderate,0.5,50,0,0,2,0,0,0,,,,,,,,
g2_rain_fade,RAIN_FADE,24,,400,2,19,ok,,,1,75.999833,2014,5,10.29,0.137,10.721,10.710083,888,708,418,2014,2,2,1,5,1.7631E+12,1.7631E+12,moderate,0.5,50,0,2,2,1,0,0,,,,,,,,
g2_rain_fade,RAIN_FADE,24,,400,2,20,ok,,,1,72.97275,2012,5,11.21,0.087,11.115,11.125375,887,707,418,2012,2,2,1,5,1.7631E+12,1.7631E+12,moderate,0.5,50,0,0,2,0,0,0,,,,,,,,
g2_rain_fade,RAIN_FADE,24,,400,2,21,ok,,,1,70.151875,2015,5,10.774,0.139,10.677,10.641125,888,708,419,2015,2,2,1,5,1.7631E+12,1.7631E+12,moderate,0.5,50,0,0,2,0,0,0,,,,,,,,
g2_rain_fade,RAIN_FADE,24,,400,2,22,ok,,,1,74.004584,2012,5,11.494,0.102,11.069,11.045666,887,707,418,2012,2,2,1,5,1.7631E+12,1.7631E+12,moderate,0.5,50,0,0,2,0,0,0,,,,,,,,
g2_rain_fade,RAIN_FADE,24,,400,2,23,ok,,,1,72.803375,2014,5,10.868,0.122,10.711,10.686458,888,708,418,2014,2,2,1,5,1.7631E+12,1.7631E+12,moderate,0.5,50,0,0,2,0,0,0,,,,,,,,
g2_rain_fade,RAIN_FADE,24,,400,2,24,ok,,,1,77.974584,2015,5,10.805,0.101,11.462,11.505458,888,708,419,2015,2,2,1,5,1.7631E+12,1.7631E+12,moderate,0.5,50,0,0,2,0,0,0,,,,,,,,
g2_rain_fade,RAIN_FADE,24,,400,2,25,ok,,,1,73.831375,2015,5,13.144,0.159,10.566,10.550208,888,709,418,2015,2,2,1,5,1.7631E+12,1.7631E+12,moderate,0.5,50,0,0,2,0,0,0,,,,,,,,
g2_rain_fade,RAIN_FADE,24,,400,2,26,ok,,,1,65.753334,2014,5,10.296,0.137,10.846,10.822292,888,708,418,2014,2,2,1,5,1.7631E+12,1.7631E+12,moderate,0.5,50,0,2,2,1,0,0,,,,,,,,
g2_rain_fade,RAIN_FADE,24,,400,2,27,ok,,,1,74.48475,2012,5,10.704,0.093,10.467,10.436875,887,708,417,2012,2,2,1,5,1.7631E+12,1.7631E+12,moderate,0.5,50,0,0,2,0,0,0,,,,,,,,
g2_rain_fade,RAIN_FADE,24,,400,2,28,ok,,,1,78.311208,2012,5,10.874,0.106,10.368,10.333334,887,708,417,2012,2,2,1,5,1.7631E+12,1.7631E+12,moderate,0.5,50,0,1,2,0.5,0,0,,,,,,,,
g2_rain_fade,RAIN_FADE,24,,400,2,29,ok,,,1,70.37075,2010,5,11.094,0.139,11.053,11.039916,885,706,419,2010,2,2,1,5,1.7631E+12,1.7631E+12,moderate,0.5,50,0,0,2,0,0,0,,,,,,,,
g2_rain_fade,RAIN_FADE,24,,400,2,30,ok,,,1,72.940375,2013,5,10.748,0.143,11.194,11.215,887,708,418,2013,2,2,1,5,1.7631E+12,1.7631E+12,moderate,0.5,50,0,0,2,0,0,0,,,,,,,,
g2_rain_fade,RAIN_FADE,24,,400,2,31,ok,,,1,71.275042,2012,5,11.255,0.12,10.645,10.615541,887,707,418,2012,2,2,1,5,1.7631E+12,1.7631E+12,moderate,0.5,50,0,2,2,1,0,0,,,,,,,,
g2_rain_fade,RAIN_FADE,24,,400,2,32,ok,,,1,73.207375,2013,5,10.869,0.091,10.91,10.873375,887,708,418,2013,2,2,1,5,1.7631E+12,1.7631E+12,moderate,0.5,50,0,0,2,0,0,0,,,,,,,,
g2_rain_fade,RAIN_FADE,24,,400,2,33,ok,,,1,83.129917,2014,5,15.592,0.151,10.939,15.059833,887,708,419,2014,2,2,1,5,1.7631E+12,1.7631E+12,moderate,0.5,50,0,2,2,1,0,0,,,,,,,,
g2_rain_fade,RAIN_FADE,24,,400,2,34,ok,,,1,71.903125,2014,5,11.773,0.098,10.86,10.821833,888,708,418,2014,2,2,1,5,1.7631E+12,1.7631E+12,moderate,0.5,50,0,2,2,1,0,0,,,,,,,,
g2_rain_fade,RAIN_FADE,24,,400,2,35,ok,,,1,73.996667,2011,5,10.66,0.104,11.031,10.920541,886,707,418,2011,2,2,1,5,1.7631E+12,1.7631E+12,moderate,0.5,50,0,0,2,0,0,0,,,,,,,,
g2_rain_fade,RAIN_FADE,24,,400,2,36,ok,,,1,77.715625,2015,5,11.581,0.129,10.61,10.592291,888,709,418,2015,2,2,1,5,1.7631E+12,1.7631E+12,moderate,0.5,50,0,0,2,0,0,0,,,,,,,,
g2_rain_fade,RAIN_FADE,24,,400,2,37,ok,,,1,71.054083,2013,5,10.659,0.13,10.825,10.789542,887,708,418,2013,2,2,1,5,1.7631E+12,1.7631E+12,moderate,0.5,50,0,0,2,0,0,0,,,,,,,,
g2_rain_fade,RAIN_FADE,24,,400,2,38,ok,,,1,72.895959,2012,5,11.032,0.142,11.512,11.476625,887,708,417,2012,2,2,1,5,1.7631E+12,1.7631E+12,moderate,0.5,50,0,1,2,0.5,0,0,,,,,,,,
g2_rain_fade,RAIN_FADE,24,,400,2,39,ok,,,1,74.026833,2009,5,10.447,0.109,10.611,10.58329199,886,707,416,2009,2,2,1,5,1.7631E+12,1.7631E+12,moderate,0.5,50,0,0,2,0,0,0,,,,,,,,
g2_rain_fade,RAIN_FADE,24,,400,2,40,ok,,,1,69.29687499,2012,5,10.926,0.092,11.381,11.397208,887,708,417,2012,2,2,1,5,1.7631E+12,1.7631E+12,moderate,0.5,50,0,0,2,0,0,0,,,,,,,,
g2_rain_fade,RAIN_FADE,24,,400,2,41,ok,,,1,77.382458,2017,5,11.058,0.107,10.563,10.527916,889,709,419,2017,2,2,1,5,1.7631E+12,1.7631E+12,moderate,0.5,50,0,0,2,0,0,0,,,,,,,,
g2_rain_fade,RAIN_FADE,24,,400,2,42,ok,,,1,72.7815,2014,5,10.62,0.113,10.826,10.793875,887,708,419,2014,2,2,1,5,1.7631E+12,1.7631E+12,moderate,0.5,50,0,0,2,0,0,0,,,,,,,,
g2_rain_fade,RAIN_FADE,24,,400,2,43,ok,,,1,74.853875,2013,5,11.054,0.116,10.461,10.435167,887,709,417,2013,2,2,1,5,1.7631E+12,1.7631E+12,moderate,0.5,50,0,0,2,0,0,0,,,,,,,,
g2_rain_fade,RAIN_FADE,24,,400,2,44,ok,,,2,73.105417,2016,5,12.309,0.126,11.981,12.21579201,888,709,419,2016,2,2,1,5,1.7631E+12,1.7631E+12,moderate,0.5,50,0,2,4,0.5,0,0,,,,,,,,
g2_rain_fade,RAIN_FADE,24,,400,2,45,ok,,,1,73.36225,2015,5,12.177,0.113,10.664,10.644917,888,709,418,2015,2,2,1,5,1.7631E+12,1.7631E+12,moderate,0.5,50,0,2,2,1,0,0,,,,,,,,
g2_rain_fade,RAIN_FADE,24,,400,2,46,ok,,,1,69.87625,2013,5,10.597,0.08,11.388,11.375541,887,709,417,2013,2,2,1,5,1.7631E+12,1.7631E+12,moderate,0.5,50,0,0,2,0,0,0,,,,,,,,
g2_rain_fade,RAIN_FADE,24,,400,2,47,ok,,,1,77.487958,2015,5,11.268,0.12,11.595,11.569375,888,709,418,2015,2,2,1,5,1.7631E+12,1.7631E+12,moderate,0.5,50,0,0,2,0,0,0,,,,,,,,
g2_rain_fade,RAIN_FADE,24,,400,2,48,ok,,,1,81.113,2015,5,12.091,0.148,12.586,12.655792,888,709,418,2015,2,2,1,5,1.7631E+12,1.7631E+12,moderate,0.5,50,0,5,5,1,0,0,,,,,,,,
g2_rain_fade,RAIN_FADE,24,,400,2,49,ok,,,1,73.2215,2017,5,10.669,0.101,11.171,11.188958,889,709,419,2017,2,2,1,5,1.7631E+12,1.7631E+12,moderate,0.5,50,0,0,2,0,0,0,,,,,,,,
g2_rain_fade,RAIN_FADE,24,,400,2,50,ok,,,1,70.541625,2012,5,10.28,0.132,11.871,11.856,887,707,418,2012,2,2,1,5,1.7631E+12,1.7631E+12,moderate,0.5,50,0,0,2,0,0,0,,,,,,,,
g2_rain_fade,RAIN_FADE,24,,400,2,51,ok,,,1,74.322542,2013,5,11.309,0.105,10.755,10.721083,887,708,418,2013,2,2,1,5,1.7631E+12,1.7631E+12,moderate,0.5,50,0,0,2,0,0,0,,,,,,,,
g2_rain_fade,RAIN_FADE,24,,400,2,52,ok,,,1,73.790459,2014,5,10.449,0.094,10.623,10.59825,888,708,418,2014,2,2,1,5,1.7631E+12,1.7631E+12,moderate,0.5,50,0,0,2,0,0,0,,,,,,,,
g2_rain_fade,RAIN_FADE,24,,400,2,53,ok,,,1,84.690125,2012,5,15.076,0.208,13.363,13.3275,887,707,418,2012,2,2,1,5,1.7631E+12,1.7631E+12,moderate,0.5,50,0,4,5,0.8,0,0,,,,,,,,
g2_rain_fade,RAIN_FADE,24,,400,2,54,ok,,,1,72.445416,2017,5,11.659,0.136,10.671,10.649625,889,709,419,2017,2,2,1,5,1.7631E+12,1.7631E+12,moderate,0.5,50,0,0,2,0,0,0,,,,,,,,
g2_rain_fade,RAIN_FADE,24,,400,2,55,ok,,,1,74.89241601,2016,5,10.668,0.094,10.554,10.529125,888,709,419,2016,2,2,1,5,1.7631E+12,1.7631E+12,moderate,0.5,50,0,0,2,0,0,0,,,,,,,,
g2_rain_fade,RAIN_FADE,24,,400,2,56,ok,,,1,68.424375,2013,5,10.664,0.088,11.148,11.19300001,887,709,417,2013,2,2,1,5,1.7631E+12,1.7631E+12,moderate,0.5,50,0,1,2,0.5,0,0,,,,,,,,
g2_rain_fade,RAIN_FADE,24,,400,2,57,ok,,,1,72.4625,2014,5,11.765,0.097,11.375,11.401417,888,708,418,2014,2,2,1,5,1.7631E+12,1.7631E+12,moderate,0.5,50,0,0,2,0,0,0,,,,,,,,
g2_rain_fade,RAIN_FADE,24,,400,2,58,ok,,,1,72.995209,2017,5,10.437,0.105,11.285,11.309667,889,709,419,2017,2,2,1,5,1.7631E+12,1.7631E+12,moderate,0.5,50,0,0,2,0,0,0,,,,,,,,
g2_rain_fade,RAIN_FADE,24,,400,2,59,ok,,,1,74.25675001,2017,5,11.028,0.142,11.055,11.023167,889,709,419,2017,2,2,1,5,1.7631E+12,1.7631E+12,moderate,0.5,50,0,0,2,0,0,0,,,,,,,,
g2_rain_fade,RAIN_FADE,24,,400,2,60,ok,,,2,73.849125,2010,5,10.552,0.101,10.844,10.823417,886,707,417,2010,2,2,1,5,1.7631E+12,1.7631E+12,moderate,0.5,50,0,2,4,0.5,0,0,,,,,,,,
g2_rain_fade,RAIN_FADE,24,,400,2,61,ok,,,1,69.999541,2014,5,10.46,0.146,10.603,10.573791,888,708,418,2014,2,2,1,5,1.7631E+12,1.7631E+12,moderate,0.5,50,0,1,2,0.5,0,0,,,,,,,,
g2_rain_fade,RAIN_FADE,24,,400,2,62,ok,,,1,75.697625,2012,5,11.557,0.083,11.693,11.677333,887,707,418,2012,2,2,1,5,1.7631E+12,1.7631E+12,moderate,0.5,50,0,0,2,0,0,0,,,,,,,,
g2_rain_fade,RAIN_FADE,24,,400,2,63,ok,,,1,70.421834,2015,5,11.095,0.125,10.564,10.527125,888,708,419,2015,2,2,1,5,1.7631E+12,1.7631E+12,moderate,0.5,50,0,0,2,0,0,0,,,,,,,,
g2_rain_fade,RAIN_FADE,24,,400,2,64,ok,,,1,72.202209,2014,5,10.47,0.125,10.714,10.671,888,708,418,2014,2,2,1,5,1.7631E+12,1.7631E+12,moderate,0.5,50,0,1,2,0.5,0,0,,,,,,,,
g2_rain_fade,RAIN_FADE,24,,400,2,65,ok,,,1,83.037875,2017,5,10.592,0.086,10.535,10.51375001,889,709,419,2017,2,2,1,5,1.7631E+12,1.7631E+12,moderate,0.5,50,0,0,2,0,0,0,,,,,,,,
g2_rain_fade,RAIN_FADE,24,,400,2,66,ok,,,1,68.599042,2017,5,10.523,0.124,10.702,10.685458,889,709,419,2017,2,2,1,5,1.7631E+12,1.7631E+12,moderate,0.5,50,0,0,2,0,0,0,,,,,,,,
g2_rain_fade,RAIN_FADE,24,,400,2,67,ok,,,1,76.18875,2014,5,12.189,0.134,11.397,11.384209,887,708,419,2014,2,2,1,5,1.7631E+12,1.7631E+12,moderate,0.5,50,0,0,2,0,0,0,,,,,,,,
g2_rain_fade,RAIN_FADE,24,,400,2,68,ok,,,1,73.187791,2014,5,10.249,0.144,10.673,10.619291,888,708,418,2014,2,2,1,5,1.7631E+12,1.7631E+12,moderate,0.5,50,0,0,2,0,0,0,,,,,,,,
g2_rain_fade,RAIN_FADE,24,,400,2,69,ok,,,1,75.350584,2013,5,11.659,0.139,12.088,12.122291,887,708,418,2013,2,2,1,5,1.7631E+12,1.7631E+12,moderate,0.5,50,0,4,5,0.8,0,0,,,,,,,,
g2_rain_fade,RAIN_FADE,24,,400,2,70,ok,,,1,70.481167,2009,5,11.806,0.089,10.541,10.50775,885,706,418,2009,2,2,1,5,1.7631E+12,1.7631E+12,moderate,0.5,50,0,2,2,1,0,0,,,,,,,,
g2_rain_fade,RAIN_FADE,24,,400,2,71,ok,,,1,77.536583,2014,5,10.551,0.111,11.446,11.45108401,888,708,418,2014,2,2,1,5,1.7631E+12,1.7631E+12,moderate,0.5,50,0,0,2,0,0,0,,,,,,,,
g2_rain_fade,RAIN_FADE,24,,400,2,72,ok,,,1,72.64100001,2015,5,10.516,0.116,11.26,11.252125,888,709,418,2015,2,2,1,5,1.7631E+12,1.7631E+12,moderate,0.5,50,0,0,2,0,0,0,,,,,,,,
g2_rain_fade,RAIN_FADE,24,,400,2,73,ok,,,1,72.486,2012,5,11.296,0.11,11.467,11.438209,887,707,418,2012,2,2,1,5,1.7631E+12,1.7631E+12,moderate,0.5,50,0,1,2,0.5,0,0,,,,,,,,
g2_rain_fade,RAIN_FADE,24,,400,2,74,ok,,,1,76.4225,2010,5,10.632,0.126,10.757,10.753875,885,709,416,2010,2,2,1,5,1.7631E+12,1.7631E+12,moderate,0.5,50,0,0,2,0,0,0,,,,,,,,
g2_rain_fade,RAIN_FADE,24,,400,2,75,ok,,,1,77.009167,2016,5,10.588,0.098,10.722,10.695167,888,709,419,2016,2,2,1,5,1.7631E+12,1.7631E+12,moderate,0.5,50,0,0,2,0,0,0,,,,,,,,
g2_rain_fade,RAIN_FADE,24,,400,2,76,ok,,,1,70.660667,2014,5,11.263,0.119,10.663,10.631083,887,708,419,2014,2,2,1,5,1.7631E+12,1.7631E+12,moderate,0.5,50,0,2,2,1,0,0,,,,,,,,
g2_rain_fade,RAIN_FADE,24,,400,2,77,ok,,,1,73.749,2013,5,11.933,0.11,10.965,10.970875,887,708,418,2013,2,2,1,5,1.7631E+12,1.7631E+12,moderate,0.5,50,0,0,2,0,0,0,,,,,,,,
g2_rain_fade,RAIN_FADE,24,,400,2,78,ok,,,1,79.432125,2017,5,10.613,0.105,10.644,10.61808399,889,709,419,2017,2,2,1,5,1.7631E+12,1.7631E+12,moderate,0.5,50,0,0,2,0,0,0,,,,,,,,
g2_rain_fade,RAIN_FADE,24,,400,2,79,ok,,,1,70.782709,2008,5,11.78,0.126,11.032,10.99525,885,707,416,2008,2,2,1,5,1.7631E+12,1.7631E+12,moderate,0.5,50,0,0,2,0,0,0,,,,,,,,
g2_rain_fade,RAIN_FADE,24,,400,2,80,ok,,,1,72.280416,2015,5,10.627,0.152,11.104,11.073167,888,708,419,2015,2,2,1,5,1.7631E+12,1.7631E+12,moderate,0.5,50,0,0,2,0,0,0,,,,,,,,
g2_rain_fade,RAIN_FADE,24,,400,2,81,ok,,,1,73.129667,2014,5,10.942,0.092,11.42,11.404333,888,708,418,2014,2,2,1,5,1.7631E+12,1.7631E+12,moderate,0.5,50,0,1,2,0.5,0,0,,,,,,,,
g2_rain_fade,RAIN_FADE,24,,400,2,82,ok,,,1,70.221584,2015,5,11.235,0.127,11.727,11.709417,888,709,418,2015,2,2,1,5,1.7631E+12,1.7631E+12,moderate,0.5,50,0,1,2,0.5,0,0,,,,,,,,
g2_rain_fade,RAIN_FADE,24,,400,2,83,ok,,,1,74.60625,2011,5,12.523,0.176,12.486,12.569875,887,707,417,2011,2,2,1,5,1.7631E+12,1.7631E+12,moderate,0.5,50,0,7,7,1,0,0,,,,,,,,
g2_rain_fade,RAIN_FADE,24,,400,2,84,ok,,,1,68.289,2015,5,11.445,0.115,11.011,11.005334,888,708,419,2015,2,2,1,5,1.7631E+12,1.7631E+12,moderate,0.5,50,0,2,2,1,0,0,,,,,,,,
g2_rain_fade,RAIN_FADE,24,,400,2,85,ok,,,1,69.648625,2015,5,11.888,0.111,10.603,10.575417,888,709,418,2015,2,2,1,5,1.7631E+12,1.7631E+12,moderate,0.5,50,0,0,2,0,0,0,,,,,,,,
g2_rain_fade,RAIN_FADE,24,,400,2,86,ok,,,1,70.980792,2014,5,11.195,0.118,10.832,10.834708,887,708,419,2014,2,2,1,5,1.7631E+12,1.7631E+12,moderate,0.5,50,0,0,2,0,0,0,,,,,,,,
g2_rain_fade,RAIN_FADE,24,,400,2,87,ok,,,1,74.590208,2015,5,11.052,0.118,11.298,11.304292,888,708,419,2015,2,2,1,5,1.7631E+12,1.7631E+12,moderate,0.5,50,0,0,2,0,0,0,,,,,,,,
g2_rain_fade,RAIN_FADE,24,,400,2,88,ok,,,1,66.562417,2012,5,11.65,0.106,10.291,10.262459,887,707,418,2012,2,2,1,5,1.7631E+12,1.7631E+12,moderate,0.5,50,0,0,2,0,0,0,,,,,,,,
g2_rain_fade,RAIN_FADE,24,,400,2,89,ok,,,1,79.289083,2015,5,12.575,0.168,12.98,12.976958,888,708,419,2015,2,2,1,5,1.7631E+12,1.7631E+12,moderate,0.5,50,0,5,5,1,0,0,,,,,,,,
g2_rain_fade,RAIN_FADE,24,,400,2,90,ok,,,1,71.168917,2017,5,10.598,0.121,10.754,10.783167,889,709,419,2017,2,2,1,5,1.7631E+12,1.7631E+12,moderate,0.5,50,0,0,2,0,0,0,,,,,,,,
g2_rain_fade,RAIN_FADE,24,,400,2,91,ok,,,1,70.522708,2014,5,13.643,0.102,11.685,11.59970801,888,708,418,2014,2,2,1,5,1.7631E+12,1.7631E+12,moderate,0.5,50,0,2,2,1,0,0,,,,,,,,
g2_rain_fade,RAIN_FADE,24,,400,2,92,ok,,,1,81.63325099,2017,5,11.618,0.133,12.165,12.167,889,709,419,2017,2,2,1,5,1.7631E+12,1.7631E+12,moderate,0.5,50,0,7,7,1,0,0,,,,,,,,
g2_rain_fade,RAIN_FADE,24,,400,2,93,ok,,,1,77.774208,2017,5,11.027,0.094,10.821,10.989667,889,709,419,2017,2,2,1,5,1.7631E+12,1.7631E+12,moderate,0.5,50,0,2,2,1,0,0,,,,,,,,
g2_rain_fade,RAIN_FADE,24,,400,2,94,ok,,,1,70.90158301,2015,5,10.551,0.144,10.396,10.365042,887,709,419,2015,2,2,1,5,1.7631E+12,1.7631E+12,moderate,0.5,50,0,0,2,0,0,0,,,,,,,,
g2_rain_fade,RAIN_FADE,24,,400,2,95,ok,,,1,76.508125,2017,5,10.926,0.095,10.59,10.562125,889,709,419,2017,2,2,1,5,1.7631E+12,1.7631E+12,moderate,0.5,50,0,0,2,0,0,0,,,,,,,,
g2_rain_fade,RAIN_FADE,24,,400,2,96,ok,,,1,73.235542,2014,5,10.303,0.149,10.803,10.774334,887,709,418,2014,2,2,1,5,1.7631E+12,1.7631E+12,moderate,0.5,50,0,1,2,0.5,0,0,,,,,,,,
g2_rain_fade,RAIN_FADE,24,,400,2,97,ok,,,1,64.81983299,2014,5,10.479,0.117,10.732,10.698791,888,708,418,2014,2,2,1,5,1.7631E+12,1.7631E+12,moderate,0.5,50,0,2,2,1,0,0,,,,,,,,
g2_rain_fade,RAIN_FADE,24,,400,2,98,ok,,,1,70.890417,2014,5,10.853,0.099,11.514,11.508667,887,709,418,2014,2,2,1,5,1.7631E+12,1.7631E+12,moderate,0.5,50,0,0,2,0,0,0,,,,,,,,
g2_rain_fade,RAIN_FADE,24,,400,2,99,ok,,,1,70.827666,2014,5,10.64,0.13,10.457,10.42025,888,708,418,2014,2,2,1,5,1.7631E+12,1.7631E+12,moderate,0.5,50,0,0,2,0,0,0,,,,,,,,
g2_rain_fade,RAIN_FADE,24,,400,2,100,ok,,,1,77.170416,2017,5,10.766,0.127,10.425,10.407042,889,709,419,2017,2,2,1,5,1.7631E+12,1.7631E+12,moderate,0.5,50,0,0,2,0,0,0,,,,,,,,
g2_rain_fade,RAIN_FADE,24,,400,2,101,ok,,,1,72.522792,2012,5,10.694,0.088,10.623,10.592625,887,708,417,2012,2,2,1,5,1.7631E+12,1.7631E+12,moderate,0.5,50,0,0,2,0,0,0,,,,,,,,
g2_rain_fade,RAIN_FADE,24,,400,2,102,ok,,,1,73.748833,2013,5,10.419,0.167,10.884,10.8435,887,708,418,2013,2,2,1,5,1.7631E+12,1.7631E+12,moderate,0.5,50,0,0,2,0,0,0,,,,,,,,
g2_rain_fade,RAIN_FADE,24,,400,2,103,ok,,,1,70.142583,2015,5,10.811,0.094,10.594,10.565167,888,709,418,2015,2,2,1,5,1.7631E+12,1.7631E+12,moderate,0.5,50,0,0,2,0,0,0,,,,,,,,
g2_rain_fade,RAIN_FADE,24,,400,2,104,ok,,,1,72.308875,2017,5,11.061,0.091,10.564,10.535875,889,709,419,2017,2,2,1,5,1.7631E+12,1.7631E+12,moderate,0.5,50,0,0,2,0,0,0,,,,,,,,
g2_rain_fade,RAIN_FADE,24,,400,2,105,ok,,,1,72.800126,2012,5,10.413,0.186,11.678,11.644375,887,708,417,2012,2,2,1,5,1.7631E+12,1.7631E+12,moderate,0.5,50,0,0,2,0,0,0,,,,,,,,
g2_rain_fade,RAIN_FADE,24,,400,2,106,ok,,,1,77.463375,2015,5,10.323,0.109,11.466,11.466875,888,708,419,2015,2,2,1,5,1.7631E+12,1.7631E+12,moderate,0.5,50,0,0,2,0,0,0,,,,,,,,
g2_rain_fade,RAIN_FADE,24,,400,2,107,ok,,,1,71.303125,1987,5,11.41,0.089,10.5,10.481125,874,708,405,1987,2,2,1,5,1.7631E+12,1.7631E+12,moderate,0.5,50,0,0,2,0,0,0,,,,,,,,
g2_rain_fade,RAIN_FADE,24,,400,2,108,ok,,,1,76.813,2017,5,11.828,0.139,11.223,11.18770801,889,709,419,2017,2,2,1,5,1.7631E+12,1.7631E+12,moderate,0.5,50,0,0,2,0,0,0,,,,,,,,
g2_rain_fade,RAIN_FADE,24,,400,2,109,ok,,,1,71.333834,2015,5,10.512,0.14,10.854,10.8145,888,709,418,2015,2,2,1,5,1.7631E+12,1.7631E+12,moderate,0.5,50,0,0,2,0,0,0,,,,,,,,
g2_rain_fade,RAIN_FADE,24,,400,2,110,ok,,,1,71.087417,2017,5,10.263,0.118,11.068,11.072041,889,709,419,2017,2,2,1,5,1.7631E+12,1.7631E+12,moderate,0.5,50,0,1,2,0.5,0,0,,,,,,,,
g2_rain_fade,RAIN_FADE,24,,400,2,111,ok,,,1,73.10099999,2015,5,11.739,0.101,10.756,10.735125,888,708,419,2015,2,2,1,5,1.7631E+12,1.7631E+12,moderate,0.5,50,0,0,2,0,0,0,,,,,,,,
g2_rain_fade,RAIN_FADE,24,,400,2,112,ok,,,2,71.782917,2016,5,10.879,0.113,11.058,11.056417,888,709,419,2016,2,2,1,5,1.7631E+12,1.7631E+12,moderate,0.5,50,0,1,4,0.25,0,0,,,,,,,,
g2_rain_fade,RAIN_FADE,24,,400,2,113,ok,,,2,83.183083,2015,5,12.103,0.136,13.124,13.101959,888,709,418,2015,2,2,1,5,1.7631E+12,1.7631E+12,moderate,0.5,50,0,7,7,1,0,0,,,,,,,,
g2_rain_fade,RAIN_FADE,24,,400,2,114,ok,,,1,69.587666,2015,5,11.004,0.121,10.649,10.615,888,708,419,2015,2,2,1,5,1.7631E+12,1.7631E+12,moderate,0.5,50,0,0,2,0,0,0,,,,,,,,
g2_rain_fade,RAIN_FADE,24,,400,2,115,ok,,,1,78.105,2015,5,14.125,0.12,13.009,12.970916,888,709,418,2015,2,2,1,5,1.7631E+12,1.7631E+12,moderate,0.5,50,0,5,5,1,0,0,,,,,,,,
g2_rain_fade,RAIN_FADE,24,,400,2,116,ok,,,1,70.09925,2014,5,11.617,0.109,10.423,10.420125,888,708,418,2014,2,2,1,5,1.7631E+12,1.7631E+12,moderate,0.5,50,0,0,2,0,0,0,,,,,,,,
g2_rain_fade,RAIN_FADE,24,,400,2,117,ok,,,1,73.45349999,2015,5,11.582,0.153,10.643,10.618,888,708,419,2015,2,2,1,5,1.7631E+12,1.7631E+12,moderate,0.5,50,0,0,2,0,0,0,,,,,,,,
g2_rain_fade,RAIN_FADE,24,,400,2,118,ok,,,1,71.33175,2014,5,12.168,0.146,10.611,10.587166,887,708,419,2014,2,2,1,5,1.7631E+12,1.7631E+12,moderate,0.5,50,0,0,2,0,0,0,,,,,,,,
g2_rain_fade,RAIN_FADE,24,,400,2,119,ok,,,1,73.181459,2014,5,10.87,0.105,11.228,11.2685,888,708,418,2014,2,2,1,5,1.7631E+12,1.7631E+12,moderate,0.5,50,0,0,2,0,0,0,,,,,,,,
g2_rain_fade,RAIN_FADE,24,,400,2,120,ok,,,1,73.02987501,2014,5,10.402,0.1,11.541,11.543375,888,708,418,2014,2,2,1,5,1.7631E+12,1.7631E+12,moderate,0.5,50,0,0,2,0,0,0,,,,,,,,
g2_rain_fade,RAIN_FADE,24,,400,2,121,ok,,,2,72.143625,2017,5,10.532,0.121,10.786,10.749875,889,709,419,2017,2,2,1,5,1.7631E+12,1.7631E+12,moderate,0.5,50,0,0,4,0,0,0,,,,,,,,
g2_rain_fade,RAIN_FADE,24,,400,2,122,ok,,,1,75.219458,2015,5,10.435,0.157,10.748,10.728833,888,709,418,2015,2,2,1,5,1.7631E+12,1.7631E+12,moderate,0.5,50,0,0,2,0,0,0,,,,,,,,
g2_rain_fade,RAIN_FADE,24,,400,2,123,ok,,,1,78.97575,1989,5,10.887,0.105,10.75,10.705458,875,708,406,1989,2,2,1,5,1.7631E+12,1.7631E+12,moderate,0.5,50,0,1,2,0.5,0,0,,,,,,,,
g2_rain_fade,RAIN_FADE,24,,400,2,124,ok,,,1,74.003375,2016,5,12.193,0.148,12.694,12.665791,888,709,419,2016,2,2,1,5,1.7631E+12,1.7631E+12,moderate,0.5,50,0,3,5,0.6,0,0,,,,,,,,
g2_rain_fade,RAIN_FADE,24,,400,2,125,ok,,,1,72.74079201,2015,5,10.423,0.09,10.687,10.663334,888,708,419,2015,2,2,1,5,1.7631E+12,1.7631E+12,moderate,0.5,50,0,1,2,0.5,0,0,,,,,,,,
g2_rain_fade,RAIN_FADE,24,,400,2,126,ok,,,3,74.634584,2012,5,10.621,0.176,11.766,11.726,886,708,418,2012,2,2,1,5,1.7631E+12,1.7631E+12,moderate,0.5,50,0,6,6,1,0,0,,,,,,,,
g2_rain_fade,RAIN_FADE,24,,400,2,127,ok,,,1,71.77925,2014,5,11.192,0.084,10.759,10.739917,888,708,418,2014,2,2,1,5,1.7631E+12,1.7631E+12,moderate,0.5,50,0,0,2,0,0,0,,,,,,,,
g2_rain_fade,RAIN_FADE,24,,400,2,128,ok,,,1,70.796375,2017,5,10.293,0.098,11.326,11.301583,889,709,419,2017,2,2,1,5,1.7631E+12,1.7631E+12,moderate,0.5,50,0,2,2,1,0,0,,,,,,,,
g2_rain_fade,RAIN_FADE,24,,400,2,129,ok,,,1,71.925542,2013,5,10.883,0.144,12.901,12.834166,886,708,419,2013,2,2,1,5,1.7631E+12,1.7631E+12,moderate,0.5,50,0,0,2,0,0,0,,,,,,,,
g2_rain_fade,RAIN_FADE,24,,400,2,130,ok,,,1,69.355959,2016,5,11.886,0.099,11.179,11.183917,888,709,419,2016,2,2,1,5,1.7631E+12,1.7631E+12,moderate,0.5,50,0,0,2,0,0,0,,,,,,,,
g2_rain_fade,RAIN_FADE,24,,400,2,131,ok,,,1,72.078792,2013,5,10.38,0.102,10.853,10.85275,887,708,418,2013,2,2,1,5,1.7631E+12,1.7631E+12,moderate,0.5,50,0,0,2,0,0,0,,,,,,,,
g2_rain_fade,RAIN_FADE,24,,400,2,132,ok,,,2,70.869625,2017,5,11.541,0.1,11.236,11.268625,889,709,419,2017,2,2,1,5,1.7631E+12,1.7631E+12,moderate,0.5,50,0,3,4,0.75,0,0,,,,,,,,
g2_rain_fade,RAIN_FADE,24,,400,2,133,ok,,,2,76.87725,2010,5,11.728,0.087,11.51,11.494708,885,707,418,2010,2,2,1,5,1.7631E+12,1.7631E+12,moderate,0.5,50,0,3,4,0.75,0,0,,,,,,,,
g2_rain_fade,RAIN_FADE,24,,400,2,134,ok,,,1,84.530291,2014,5,12.214,0.106,10.861,10.825375,888,708,418,2014,2,2,1,5,1.7631E+12,1.7631E+12,moderate,0.5,50,0,1,5,0.2,0,0,,,,,,,,
g2_rain_fade,RAIN_FADE,24,,400,2,135,ok,,,1,78.447084,2015,5,11.336,0.227,10.864,10.847916,888,708,419,2015,2,2,1,5,1.7631E+12,1.7631E+12,moderate,0.5,50,0,2,2,1,0,0,,,,,,,,
g2_rain_fade,RAIN_FADE,24,,400,2,136,ok,,,1,75.504042,2008,5,11.947,0.092,10.868,10.84170899,885,707,416,2008,2,2,1,5,1.7631E+12,1.7631E+12,moderate,0.5,50,0,0,2,0,0,0,,,,,,,,
g2_rain_fade,RAIN_FADE,24,,400,2,137,ok,,,1,74.96670901,2017,5,10.752,0.098,11.023,11.022209,889,709,419,2017,2,2,1,5,1.7631E+12,1.7631E+12,moderate,0.5,50,0,0,2,0,0,0,,,,,,,,
g2_rain_fade,RAIN_FADE,24,,400,2,138,ok,,,1,67.269959,2010,5,11.109,0.14,10.714,10.700042,886,707,417,2010,2,2,1,5,1.7631E+12,1.7631E+12,moderate,0.5,50,0,0,2,0,0,0,,,,,,,,
g2_rain_fade,RAIN_FADE,24,,400,2,139,ok,,,1,78.533791,2014,5,10.944,0.183,13.488,13.493791,887,708,419,2014,2,2,1,5,1.7631E+12,1.7631E+12,moderate,0.5,50,0,0,2,0,0,0,,,,,,,,
g2_rain_fade,RAIN_FADE,24,,400,2,140,ok,,,1,76.393958,2011,5,11.094,0.13,10.403,10.387,886,707,418,2011,2,2,1,5,1.7631E+12,1.7631E+12,moderate,0.5,50,0,1,2,0.5,0,0,,,,,,,,
g2_rain_fade,RAIN_FADE,24,,400,2,141,ok,,,1,69.482042,2017,5,10.727,0.095,10.69,10.66575,889,709,419,2017,2,2,1,5,1.7631E+12,1.7631E+12,moderate,0.5,50,0,2,2,1,0,0,,,,,,,,
g2_rain_fade,RAIN_FADE,24,,400,2,142,ok,,,1,73.625958,2015,5,10.795,0.152,10.802,10.785375,888,709,418,2015,2,2,1,5,1.7631E+12,1.7631E+12,moderate,0.5,50,0,0,2,0,0,0,,,,,,,,
g2_rain_fade,RAIN_FADE,24,,400,2,143,ok,,,1,80.88275,2011,5,11.066,0.107,10.713,10.691708,886,707,418,2011,2,2,1,5,1.7631E+12,1.7631E+12,moderate,0.5,50,0,1,2,0.5,0,0,,,,,,,,
g2_rain_fade,RAIN_FADE,24,,400,2,144,ok,,,1,74.318417,2015,5,10.393,0.18,10.754,10.735958,888,708,419,2015,2,2,1,5,1.7631E+12,1.7631E+12,moderate,0.5,50,0,0,2,0,0,0,,,,,,,,
g2_rain_fade,RAIN_FADE,24,,400,2,145,ok,,,1,70.092375,2017,5,11.696,0.129,11.607,11.632375,889,709,419,2017,2,2,1,5,1.7631E+12,1.7631E+12,moderate,0.5,50,0,2,2,1,0,0,,,,,,,,
g2_rain_fade,RAIN_FADE,24,,400,2,146,ok,,,1,76.35475,2017,5,10.498,0.086,10.457,10.422958,889,709,419,2017,2,2,1,5,1.7631E+12,1.7631E+12,moderate,0.5,50,0,0,2,0,0,0,,,,,,,,
g2_rain_fade,RAIN_FADE,24,,400,2,147,ok,,,1,79.48495801,2014,5,11.324,0.281,11.419,11.407416,888,708,418,2014,2,2,1,5,1.7631E+12,1.7631E+12,moderate,0.5,50,0,0,2,0,0,0,,,,,,,,
g2_rain_fade,RAIN_FADE,24,,400,2,148,ok,,,1,73.661666,2017,5,12.258,0.122,11.378,11.359459,889,709,419,2017,2,2,1,5,1.7631E+12,1.7631E+12,moderate,0.5,50,0,0,2,0,0,0,,,,,,,,
g2_rain_fade,RAIN_FADE,24,,400,2,149,ok,,,1,75.402166,2013,5,10.474,0.093,10.994,10.988542,887,708,418,2013,2,2,1,5,1.7631E+12,1.7631E+12,moderate,0.5,50,0,0,2,0,0,0,,,,,,,,
g2_rain_fade,RAIN_FADE,24,,400,2,150,ok,,,1,70.081625,2012,5,11.642,0.144,11.149,11.102417,887,707,418,2012,2,2,1,5,1.7631E+12,1.7631E+12,moderate,0.5,50,0,0,2,0,0,0,,,,,,,,
g2_rain_fade,RAIN_FADE,24,,400,2,151,ok,,,1,72.22708401,2017,5,10.736,0.082,10.642,10.605375,889,709,419,2017,2,2,1,5,1.7631E+12,1.7631E+12,moderate,0.5,50,0,1,2,0.5,0,0,,,,,,,,
g2_rain_fade,RAIN_FADE,24,,400,2,152,ok,,,1,67.003583,2017,5,10.818,0.117,11.273,11.310333,889,709,419,2017,2,2,1,5,1.7631E+12,1.7631E+12,moderate,0.5,50,0,0,2,0,0,0,,,,,,,,
g2_rain_fade,RAIN_FADE,24,,400,2,153,ok,,,1,80.310208,2015,5,10.726,0.108,10.551,10.533417,888,709,418,2015,2,2,1,5,1.7631E+12,1.7631E+12,moderate,0.5,50,0,1,2,0.5,0,0,,,,,,,,
g2_rain_fade,RAIN_FADE,24,,400,2,154,ok,,,1,69.596125,2014,5,10.542,0.095,10.836,10.810917,888,708,418,2014,2,2,1,5,1.7631E+12,1.7631E+12,moderate,0.5,50,0,0,2,0,0,0,,,,,,,,
g2_rain_fade,RAIN_FADE,24,,400,2,155,ok,,,1,77.004751,2017,5,10.769,0.103,10.747,10.704166,889,709,419,2017,2,2,1,5,1.7631E+12,1.7631E+12,moderate,0.5,50,0,2,2,1,0,0,,,,,,,,
g2_rain_fade,RAIN_FADE,24,,400,2,156,ok,,,1,78.642208,2012,5,10.832,0.09,10.459,10.432708,887,707,418,2012,2,2,1,5,1.7631E+12,1.7631E+12,moderate,0.5,50,0,1,2,0.5,0,0,,,,,,,,
g2_rain_fade,RAIN_FADE,24,,400,2,157,ok,,,1,73.756416,2017,5,11.002,0.101,10.539,10.51175,889,709,419,2017,2,2,1,5,1.7631E+12,1.7631E+12,moderate,0.5,50,0,0,2,0,0,0,,,,,,,,
g2_rain_fade,RAIN_FADE,24,,400,2,158,ok,,,1,73.743833,2012,5,11.685,0.106,10.483,10.4585,887,707,418,2012,2,2,1,5,1.7631E+12,1.7631E+12,moderate,0.5,50,0,0,2,0,0,0,,,,,,,,
g2_rain_fade,RAIN_FADE,24,,400,2,159,ok,,,2,74.765583,2014,5,11.166,0.159,11.255,11.224709,887,708,419,2014,2,2,1,5,1.7631E+12,1.7631E+12,moderate,0.5,50,0,4,4,1,0,0,,,,,,,,
g2_rain_fade,RAIN_FADE,24,,400,2,160,ok,,,1,70.156916,2010,5,12.709,0.138,10.727,10.7135,886,707,417,2010,2,2,1,5,1.7631E+12,1.7631E+12,moderate,0.5,50,0,2,2,1,0,0,,,,,,,,
g2_rain_fade,RAIN_FADE,24,,400,2,161,ok,,,1,74.2615,2009,5,10.78,0.15,11.075,11.044792,886,706,417,2009,2,2,1,5,1.7631E+12,1.7631E+12,moderate,0.5,50,0,0,2,0,0,0,,,,,,,,
g2_rain_fade,RAIN_FADE,24,,400,2,162,ok,,,2,77.020958,2015,5,10.739,0.09,10.924,10.904166,888,709,418,2015,2,2,1,5,1.7631E+12,1.7631E+12,moderate,0.5,50,0,2,5,0.4,0,0,,,,,,,,
g2_rain_fade,RAIN_FADE,24,,400,2,163,ok,,,1,70.04179199,2011,5,10.618,0.116,11.03,11.042958,886,708,417,2011,2,2,1,5,1.7631E+12,1.7631E+12,moderate,0.5,50,0,0,2,0,0,0,,,,,,,,
g2_rain_fade,RAIN_FADE,24,,400,2,164,ok,,,1,75.34725,2013,5,10.792,0.154,10.746,10.745875,887,708,418,2013,2,2,1,5,1.7631E+12,1.7631E+12,moderate,0.5,50,0,0,2,0,0,0,,,,,,,,
g2_rain_fade,RAIN_FADE,24,,400,2,165,ok,,,1,76.659,2013,5,12.883,0.169,11.025,11.028959,887,708,418,2013,2,2,1,5,1.7631E+12,1.7631E+12,moderate,0.5,50,0,0,2,0,0,0,,,,,,,,
g2_rain_fade,RAIN_FADE,24,,400,2,166,ok,,,1,75.109376,2011,5,12.392,0.13,11.269,11.198625,886,707,418,2011,2,2,1,5,1.7631E+12,1.7631E+12,moderate,0.5,50,0,0,2,0,0,0,,,,,,,,
g2_rain_fade,RAIN_FADE,24,,400,2,167,ok,,,1,71.440834,1991,5,12.511,0.133,10.625,10.589583,876,708,407,1991,2,2,1,5,1.7631E+12,1.7631E+12,moderate,0.5,50,0,0,2,0,0,0,,,,,,,,
g2_rain_fade,RAIN_FADE,24,,400,2,168,ok,,,1,75.003375,2014,5,11.193,0.142,11.45,11.4245,888,708,418,2014,2,2,1,5,1.7631E+12,1.7631E+12,moderate,0.5,50,0,3,5,0.6,0,0,,,,,,,,
g2_rain_fade,RAIN_FADE,24,,400,2,169,ok,,,1,68.632792,2012,5,10.605,0.095,10.638,10.601125,887,707,418,2012,2,2,1,5,1.7631E+12,1.7631E+12,moderate,0.5,50,0,0,2,0,0,0,,,,,,,,
g2_rain_fade,RAIN_FADE,24,,400,2,170,ok,,,1,72.523209,2017,5,11.208,0.127,10.795,10.752292,889,709,419,2017,2,2,1,5,1.7631E+12,1.7631E+12,moderate,0.5,50,0,0,2,0,0,0,,,,,,,,
g2_rain_fade,RAIN_FADE,24,,400,2,171,ok,,,1,77.872292,2012,5,10.762,0.1,10.856,10.825583,887,707,418,2012,2,2,1,5,1.7631E+12,1.7631E+12,moderate,0.5,50,0,2,2,1,0,0,,,,,,,,
g2_rain_fade,RAIN_FADE,24,,400,2,172,ok,,,1,69.957542,2016,5,11.271,0.165,12.283,12.453708,888,709,419,2016,2,2,1,5,1.7631E+12,1.7631E+12,moderate,0.5,50,0,0,2,0,0,0,,,,,,,,
g2_rain_fade,RAIN_FADE,24,,400,2,173,ok,,,1,67.19725,2017,5,10.375,0.139,11.92,11.864959,889,709,419,2017,2,2,1,5,1.7631E+12,1.7631E+12,moderate,0.5,50,0,1,2,0.5,0,0,,,,,,,,
g2_rain_fade,RAIN_FADE,24,,400,2,174,ok,,,1,74.999042,2017,5,11.499,0.175,11.036,11.028292,889,709,419,2017,2,2,1,5,1.7631E+12,1.7631E+12,moderate,0.5,50,0,2,2,1,0,0,,,,,,,,
g2_rain_fade,RAIN_FADE,24,,400,2,175,ok,,,1,72.2505,2010,5,10.728,0.174,12.242,12.239542,886,708,416,2010,2,2,1,5,1.7631E+12,1.7631E+12,moderate,0.5,50,0,2,2,1,0,0,,,,,,,,
g2_rain_fade,RAIN_FADE,24,,400,2,176,ok,,,1,70.853041,2009,5,10.552,0.1,11.405,11.4645,885,707,417,2009,2,2,1,5,1.7631E+12,1.7631E+12,moderate,0.5,50,0,0,2,0,0,0,,,,,,,,
g2_rain_fade,RAIN_FADE,24,,400,2,177,ok,,,1,71.296833,2015,5,11.386,0.136,11.937,11.965584,888,709,418,2015,2,2,1,5,1.7631E+12,1.7631E+12,moderate,0.5,50,0,0,2,0,0,0,,,,,,,,
g2_rain_fade,RAIN_FADE,24,,400,2,178,ok,,,1,74.49654199,2014,5,10.322,0.088,10.751,10.725875,888,708,418,2014,2,2,1,5,1.7631E+12,1.7631E+12,moderate,0.5,50,0,2,2,1,0,0,,,,,,,,
g2_rain_fade,RAIN_FADE,24,,400,2,179,ok,,,1,73.98450001,2017,5,12.766,0.133,10.792,10.773333,889,709,419,2017,2,2,1,5,1.7631E+12,1.7631E+12,moderate,0.5,50,0,0,2,0,0,0,,,,,,,,
g2_rain_fade,RAIN_FADE,24,,400,2,180,ok,,,1,72.437917,2017,5,10.865,0.113,10.667,10.627625,889,709,419,2017,2,2,1,5,1.7631E+12,1.7631E+12,moderate,0.5,50,0,0,2,0,0,0,,,,,,,,
g2_rain_fade,RAIN_FADE,24,,400,2,181,ok,,,3,73.345125,2016,5,10.547,0.165,10.772,10.751417,888,709,419,2016,2,2,1,5,1.7631E+12,1.7631E+12,moderate,0.5,50,0,4,6,0.666666667,0,0,,,,,,,,
g2_rain_fade,RAIN_FADE,24,,400,2,182,ok,,,1,67.816208,2017,5,13.168,0.148,10.728,10.73041699,889,709,419,2017,2,2,1,5,1.7631E+12,1.7631E+12,moderate,0.5,50,0,2,2,1,0,0,,,,,,,,
g2_rain_fade,RAIN_FADE,24,,400,2,183,ok,,,1,70.265125,2015,5,11.107,0.113,10.889,10.883458,888,709,418,2015,2,2,1,5,1.7631E+12,1.7631E+12,moderate,0.5,50,0,0,2,0,0,0,,,,,,,,
g2_rain_fade,RAIN_FADE,24,,400,2,184,ok,,,1,73.068458,2013,5,10.975,0.112,10.915,10.883625,887,708,418,2013,2,2,1,5,1.7631E+12,1.7631E+12,moderate,0.5,50,0,0,2,0,0,0,,,,,,,,
g2_rain_fade,RAIN_FADE,24,,400,2,185,ok,,,1,74.352042,2015,5,10.305,0.114,12.222,12.2905,888,708,419,2015,2,2,1,5,1.7631E+12,1.7631E+12,moderate,0.5,50,0,2,2,1,0,0,,,,,,,,
g2_rain_fade,RAIN_FADE,24,,400,2,186,ok,,,1,68.776209,2013,5,10.643,0.099,11.291,11.294667,887,708,418,2013,2,2,1,5,1.7631E+12,1.7631E+12,moderate,0.5,50,0,0,2,0,0,0,,,,,,,,
g2_rain_fade,RAIN_FADE,24,,400,2,187,ok,,,1,73.996042,2011,5,11.024,0.097,10.552,10.509917,887,707,417,2011,2,2,1,5,1.7631E+12,1.7631E+12,moderate,0.5,50,0,0,2,0,0,0,,,,,,,,
g2_rain_fade,RAIN_FADE,24,,400,2,188,ok,,,1,68.24875,2017,5,10.806,0.082,10.675,10.653625,889,709,419,2017,2,2,1,5,1.7631E+12,1.7631E+12,moderate,0.5,50,0,2,2,1,0,0,,,,,,,,
g2_rain_fade,RAIN_FADE,24,,400,2,189,ok,,,1,73.569042,2014,5,10.533,0.142,12.073,12.047167,888,708,418,2014,2,2,1,5,1.7631E+12,1.7631E+12,moderate,0.5,50,0,0,2,0,0,0,,,,,,,,
g2_rain_fade,RAIN_FADE,24,,400,2,190,ok,,,1,75.809667,2017,5,11.981,0.143,11.323,11.308625,889,709,419,2017,2,2,1,5,1.7631E+12,1.7631E+12,moderate,0.5,50,0,1,2,0.5,0,0,,,,,,,,
g2_rain_fade,RAIN_FADE,24,,400,2,191,ok,,,1,73.8245,2015,5,12.757,0.142,11.156,11.170459,888,708,419,2015,2,2,1,5,1.7631E+12,1.7631E+12,moderate,0.5,50,0,2,3,0.666666667,0,0,,,,,,,,
g2_rain_fade,RAIN_FADE,24,,400,2,192,ok,,,1,73.979291,2016,5,12.416,0.207,10.908,10.89275,888,709,419,2016,2,2,1,5,1.7631E+12,1.7631E+12,moderate,0.5,50,0,1,2,0.5,0,0,,,,,,,,
g2_rain_fade,RAIN_FADE,24,,400,2,193,ok,,,1,76.75175,2017,5,10.987,0.092,10.566,10.558042,889,709,419,2017,2,2,1,5,1.7631E+12,1.7631E+12,moderate,0.5,50,0,0,2,0,0,0,,,,,,,,
g2_rain_fade,RAIN_FADE,24,,400,2,194,ok,,,1,76.089542,2012,5,11.191,0.152,16.103,16.105542,887,708,417,2012,2,2,1,5,1.7631E+12,1.7631E+12,moderate,0.5,50,0,0,2,0,0,0,,,,,,,,
g2_rain_fade,RAIN_FADE,24,,400,2,195,ok,,,1,70.539542,2014,5,11.598,0.153,10.801,10.803959,887,708,419,2014,2,2,1,5,1.7631E+12,1.7631E+12,moderate,0.5,50,0,0,2,0,0,0,,,,,,,,
g2_rain_fade,RAIN_FADE,24,,400,2,196,ok,,,1,70.046041,2012,5,10.91,0.119,10.49,10.455792,887,708,417,2012,2,2,1,5,1.7631E+12,1.7631E+12,moderate,0.5,50,0,2,2,1,0,0,,,,,,,,
g2_rain_fade,RAIN_FADE,24,,400,2,197,ok,,,1,72.42266599,2014,5,11.446,0.119,11.907,11.941917,887,709,418,2014,2,2,1,5,1.7631E+12,1.7631E+12,moderate,0.5,50,0,0,2,0,0,0,,,,,,,,
g2_rain_fade,RAIN_FADE,24,,400,2,198,ok,,,1,79.71620899,2012,5,11.309,0.171,12.474,12.443333,887,708,417,2012,2,2,1,5,1.7631E+12,1.7631E+12,moderate,0.5,50,0,4,5,0.8,0,0,,,,,,,,
g2_rain_fade,RAIN_FADE,24,,400,2,199,ok,,,1,73.470834,2012,5,10.662,0.085,10.328,10.292208,887,707,418,2012,2,2,1,5,1.7631E+12,1.7631E+12,moderate,0.5,50,0,2,2,1,0,0,,,,,,,,
g2_rain_fade,RAIN_FADE,24,,400,2,200,ok,,,1,72.740708,2010,5,10.813,0.112,11.422,11.439458,885,709,416,2010,2,2,1,5,1.7631E+12,1.7631E+12,moderate,0.5,50,0,0,2,0,0,0,,,,,,,,
g2_rain_fade,RAIN_FADE,24,,400,2,201,ok,,,3,73.042916,2015,5,12.713,0.201,10.776,10.750291,888,708,419,2015,2,2,1,5,1.7631E+12,1.7631E+12,moderate,0.5,50,0,6,6,1,0,0,,,,,,,,
g2_rain_fade,RAIN_FADE,24,,400,2,202,ok,,,1,73.045167,2017,5,10.537,0.107,10.523,10.500459,889,709,419,2017,2,2,1,5,1.7631E+12,1.7631E+12,moderate,0.5,50,0,0,2,0,0,0,,,,,,,,
g2_rain_fade,RAIN_FADE,24,,400,2,203,ok,,,1,75.757708,2015,5,10.447,0.164,10.79,10.773667,888,709,418,2015,2,2,1,5,1.7631E+12,1.7631E+12,moderate,0.5,50,0,0,2,0,0,0,,,,,,,,
g2_rain_fade,RAIN_FADE,24,,400,2,204,ok,,,1,78.35575,1987,5,13.037,0.147,11,11.038,874,709,404,1987,2,2,1,5,1.7631E+12,1.7631E+12,moderate,0.5,50,0,0,2,0,0,0,,,,,,,,
g2_rain_fade,RAIN_FADE,24,,400,2,205,ok,,,1,68.413791,2014,5,10.673,0.089,10.931,10.88670801,888,708,418,2014,2,2,1,5,1.7631E+12,1.7631E+12,moderate,0.5,50,0,2,2,1,0,0,,,,,,,,
g2_rain_fade,RAIN_FADE,24,,400,2,206,ok,,,1,68.572959,2017,5,10.604,0.098,10.939,10.916625,889,709,419,2017,2,2,1,5,1.7631E+12,1.7631E+12,moderate,0.5,50,0,0,2,0,0,0,,,,,,,,
g2_rain_fade,RAIN_FADE,24,,400,2,207,ok,,,1,72.991083,2012,5,10.554,0.123,11.049,11.06075,887,707,418,2012,2,2,1,5,1.7631E+12,1.7631E+12,moderate,0.5,50,0,0,2,0,0,0,,,,,,,,
g2_rain_fade,RAIN_FADE,24,,400,2,208,ok,,,1,77.331042,2017,5,10.405,0.138,10.696,10.656875,889,709,419,2017,2,2,1,5,1.7631E+12,1.7631E+12,moderate,0.5,50,0,0,2,0,0,0,,,,,,,,
g2_rain_fade,RAIN_FADE,24,,400,2,209,ok,,,1,71.128541,2015,5,11.833,0.136,10.92,10.8795,888,708,419,2015,2,2,1,5,1.7631E+12,1.7631E+12,moderate,0.5,50,0,0,2,0,0,0,,,,,,,,
g2_rain_fade,RAIN_FADE,24,,400,2,210,ok,,,1,73.413708,2014,5,10.654,0.14,11.779,11.750959,888,708,418,2014,2,2,1,5,1.7631E+12,1.7631E+12,moderate,0.5,50,0,0,2,0,0,0,,,,,,,,
g2_rain_fade,RAIN_FADE,24,,400,2,211,ok,,,2,71.5055,2012,5,11.925,0.144,11.123,11.34675,887,707,418,2012,2,2,1,5,1.7631E+12,1.7631E+12,moderate,0.5,50,0,4,4,1,0,0,,,,,,,,
g2_rain_fade,RAIN_FADE,24,,400,2,212,ok,,,1,74.777667,2017,5,11.391,0.158,11.631,11.65204201,889,709,419,2017,2,2,1,5,1.7631E+12,1.7631E+12,moderate,0.5,50,0,0,2,0,0,0,,,,,,,,
g2_rain_fade,RAIN_FADE,24,,400,2,213,ok,,,1,85.338,2014,5,25.242,0.167,10.856,10.85175,888,708,418,2014,2,2,1,5,1.7631E+12,1.7631E+12,moderate,0.5,50,0,0,2,0,0,0,,,,,,,,
g2_rain_fade,RAIN_FADE,24,,400,2,214,ok,,,1,74.086709,2013,5,10.731,0.098,10.671,10.651375,887,708,418,2013,2,2,1,5,1.7631E+12,1.7631E+12,moderate,0.5,50,0,2,2,1,0,0,,,,,,,,
g2_rain_fade,RAIN_FADE,24,,400,2,215,ok,,,1,72.235166,2017,5,11.519,0.169,11.271,11.722417,889,709,419,2017,2,2,1,5,1.7631E+12,1.7631E+12,moderate,0.5,50,0,0,2,0,0,0,,,,,,,,
g2_rain_fade,RAIN_FADE,24,,400,2,216,ok,,,1,68.338167,2014,5,10.729,0.1,10.533,10.505625,888,708,418,2014,2,2,1,5,1.7631E+12,1.7631E+12,moderate,0.5,50,0,0,2,0,0,0,,,,,,,,
g2_rain_fade,RAIN_FADE,24,,400,2,217,ok,,,1,70.704167,2011,5,12.058,0.094,10.724,10.698125,886,707,418,2011,2,2,1,5,1.7631E+12,1.7631E+12,moderate,0.5,50,0,0,2,0,0,0,,,,,,,,
g2_rain_fade,RAIN_FADE,24,,400,2,218,ok,,,1,71.278333,2015,5,10.452,0.122,10.554,10.531375,888,709,418,2015,2,2,1,5,1.7631E+12,1.7631E+12,moderate,0.5,50,0,0,2,0,0,0,,,,,,,,
g2_rain_fade,RAIN_FADE,24,,400,2,219,ok,,,1,74.213,2013,5,10.552,0.143,10.485,10.481209,887,708,418,2013,2,2,1,5,1.7631E+12,1.7631E+12,moderate,0.5,50,0,0,2,0,0,0,,,,,,,,
g2_rain_fade,RAIN_FADE,24,,400,2,220,ok,,,1,74.280416,2012,5,12.139,0.11,10.952,10.924291,887,708,417,2012,2,2,1,5,1.7631E+12,1.7631E+12,moderate,0.5,50,0,0,2,0,0,0,,,,,,,,
g2_rain_fade,RAIN_FADE,24,,400,2,221,ok,,,1,68.12125001,2014,5,11.781,0.146,10.714,10.697542,887,708,419,2014,2,2,1,5,1.7631E+12,1.7631E+12,moderate,0.5,50,0,2,2,1,0,0,,,,,,,,
g2_rain_fade,RAIN_FADE,24,,400,2,222,ok,,,1,73.527375,2015,5,11.456,0.101,10.526,10.492584,888,709,418,2015,2,2,1,5,1.7631E+12,1.7631E+12,moderate,0.5,50,0,1,2,0.5,0,0,,,,,,,,
g2_rain_fade,RAIN_FADE,24,,400,2,223,ok,,,1,74.23425,2017,5,11.005,0.107,10.669,10.629875,889,709,419,2017,2,2,1,5,1.7631E+12,1.7631E+12,moderate,0.5,50,0,1,2,0.5,0,0,,,,,,,,
g2_rain_fade,RAIN_FADE,24,,400,2,224,ok,,,1,74.555958,2011,5,11.714,0.119,10.863,10.826416,886,707,418,2011,2,2,1,5,1.7631E+12,1.7631E+12,moderate,0.5,50,0,0,2,0,0,0,,,,,,,,
g2_rain_fade,RAIN_FADE,24,,400,2,225,ok,,,1,70.423375,2012,5,11.75,0.143,10.929,10.926291,887,708,417,2012,2,2,1,5,1.7631E+12,1.7631E+12,moderate,0.5,50,0,1,2,0.5,0,0,,,,,,,,
g2_rain_fade,RAIN_FADE,24,,400,2,226,ok,,,1,75.023251,2017,5,10.705,0.155,10.632,10.605208,889,709,419,2017,2,2,1,5,1.7631E+12,1.7631E+12,moderate,0.5,50,0,1,2,0.5,0,0,,,,,,,,
g2_rain_fade,RAIN_FADE,24,,400,2,227,ok,,,1,74.050584,2012,5,11.716,0.108,12.063,12.1195,887,707,418,2012,2,2,1,5,1.7631E+12,1.7631E+12,moderate,0.5,50,0,2,2,1,0,0,,,,,,,,
g2_rain_fade,RAIN_FADE,24,,400,2,228,ok,,,1,70.760667,2016,5,10.347,0.13,11.549,11.566666,888,709,419,2016,2,2,1,5,1.7631E+12,1.7631E+12,moderate,0.5,50,0,0,2,0,0,0,,,,,,,,
g2_rain_fade,RAIN_FADE,24,,400,2,229,ok,,,1,75.207292,2015,5,12.062,0.119,11.729,11.81025001,888,709,418,2015,2,2,1,5,1.7631E+12,1.7631E+12,moderate,0.5,50,0,0,2,0,0,0,,,,,,,,
g2_rain_fade,RAIN_FADE,24,,400,2,230,ok,,,1,75.010334,2014,5,10.32,0.13,10.624,10.595167,888,708,418,2014,2,2,1,5,1.7631E+12,1.7631E+12,moderate,0.5,50,0,0,2,0,0,0,,,,,,,,
g2_rain_fade,RAIN_FADE,24,,400,2,231,ok,,,1,69.100166,2015,5,10.647,0.124,11.807,11.800458,888,709,418,2015,2,2,1,5,1.7631E+12,1.7631E+12,moderate,0.5,50,0,0,2,0,0,0,,,,,,,,
g2_rain_fade,RAIN_FADE,24,,400,2,232,ok,,,1,73.287417,2017,5,11.406,0.12,10.76,10.704709,889,709,419,2017,2,2,1,5,1.7631E+12,1.7631E+12,moderate,0.5,50,0,0,2,0,0,0,,,,,,,,
g2_rain_fade,RAIN_FADE,24,,400,2,233,ok,,,1,70.933167,2014,5,12.58,0.144,10.694,10.66774999,888,708,418,2014,2,2,1,5,1.7631E+12,1.7631E+12,moderate,0.5,50,0,1,2,0.5,0,0,,,,,,,,
g2_rain_fade,RAIN_FADE,24,,400,2,234,ok,,,1,68.662667,2013,5,10.494,0.105,10.7,10.698291,887,707,419,2013,2,2,1,5,1.7631E+12,1.7631E+12,moderate,0.5,50,0,0,2,0,0,0,,,,,,,,
g2_rain_fade,RAIN_FADE,24,,400,2,235,ok,,,1,76.094292,2014,5,10.759,0.115,10.676,10.62241699,888,708,418,2014,2,2,1,5,1.7631E+12,1.7631E+12,moderate,0.5,50,0,0,2,0,0,0,,,,,,,,
g2_rain_fade,RAIN_FADE,24,,400,2,236,ok,,,1,74.191,2017,5,11.328,0.135,11.16,11.119125,889,709,419,2017,2,2,1,5,1.7631E+12,1.7631E+12,moderate,0.5,50,0,0,2,0,0,0,,,,,,,,
g2_rain_fade,RAIN_FADE,24,,400,2,237,ok,,,1,72.252417,2015,5,10.207,0.127,10.73,10.71925,888,708,419,2015,2,2,1,5,1.7631E+12,1.7631E+12,moderate,0.5,50,0,0,2,0,0,0,,,,,,,,
g2_rain_fade,RAIN_FADE,24,,400,2,238,ok,,,1,76.434375,2012,5,10.493,0.111,11.964,12.03287501,887,707,418,2012,2,2,1,5,1.7631E+12,1.7631E+12,moderate,0.5,50,0,0,2,0,0,0,,,,,,,,
g2_rain_fade,RAIN_FADE,24,,400,2,239,ok,,,1,74.843208,2015,5,12.651,0.14,11.805,11.85658399,888,708,419,2015,2,2,1,5,1.7631E+12,1.7631E+12,moderate,0.5,50,0,0,2,0,0,0,,,,,,,,
g2_rain_fade,RAIN_FADE,24,,400,2,240,ok,,,1,66.982,2010,5,10.744,0.123,10.545,10.522625,886,707,417,2010,2,2,1,5,1.7631E+12,1.7631E+12,moderate,0.5,50,0,1,2,0.5,0,0,,,,,,,,
g2_rain_fade,RAIN_FADE,24,,400,2,241,ok,,,1,72.06524999,2009,5,10.322,0.157,13.097,13.19075,886,706,417,2009,2,2,1,5,1.7631E+12,1.7631E+12,moderate,0.5,50,0,0,2,0,0,0,,,,,,,,
g2_rain_fade,RAIN_FADE,24,,400,2,242,ok,,,1,69.78125,2013,5,12.565,0.133,10.457,10.43875,887,708,418,2013,2,2,1,5,1.7631E+12,1.7631E+12,moderate,0.5,50,0,0,2,0,0,0,,,,,,,,
g2_rain_fade,RAIN_FADE,24,,400,2,243,ok,,,1,71.173208,2015,5,10.833,0.108,12.351,12.503625,888,709,418,2015,2,2,1,5,1.7631E+12,1.7631E+12,moderate,0.5,50,0,0,2,0,0,0,,,,,,,,
g2_rain_fade,RAIN_FADE,24,,400,2,244,ok,,,1,76.187167,2015,5,11.416,0.12,10.633,10.607208,888,708,419,2015,2,2,1,5,1.7631E+12,1.7631E+12,moderate,0.5,50,0,2,2,1,0,0,,,,,,,,
g2_rain_fade,RAIN_FADE,24,,400,2,245,ok,,,1,77.819542,2014,5,10.597,0.141,10.98,10.959584,888,708,418,2014,2,2,1,5,1.7631E+12,1.7631E+12,moderate,0.5,50,0,2,2,1,0,0,,,,,,,,
g2_rain_fade,RAIN_FADE,24,,400,2,246,ok,,,1,69.429041,2014,5,11.75,0.138,11.211,11.17620801,888,708,418,2014,2,2,1,5,1.7631E+12,1.7631E+12,moderate,0.5,50,0,0,2,0,0,0,,,,,,,,
g2_rain_fade,RAIN_FADE,24,,400,2,247,ok,,,1,70.583292,2016,5,11.021,0.13,11.722,11.698375,888,709,419,2016,2,2,1,5,1.7631E+12,1.7631E+12,moderate,0.5,50,0,0,2,0,0,0,,,,,,,,
g2_rain_fade,RAIN_FADE,24,,400,2,248,ok,,,1,71.43074999,2015,5,11.377,0.125,10.611,10.584208,888,709,418,2015,2,2,1,5,1.7631E+12,1.7631E+12,moderate,0.5,50,0,0,2,0,0,0,,,,,,,,
g2_rain_fade,RAIN_FADE,24,,400,2,249,ok,,,1,73.24437601,2014,5,11.383,0.141,11.298,11.263375,888,708,418,2014,2,2,1,5,1.7631E+12,1.7631E+12,moderate,0.5,50,0,0,2,0,0,0,,,,,,,,
g2_rain_fade,RAIN_FADE,24,,400,2,250,ok,,,1,70.144792,2011,5,11.426,0.154,10.833,10.81025,887,707,417,2011,2,2,1,5,1.7631E+12,1.7631E+12,moderate,0.5,50,0,0,2,0,0,0,,,,,,,,
g2_rain_fade,RAIN_FADE,24,,400,2,251,ok,,,1,68.260791,2015,5,11.072,0.131,10.722,10.6995,888,708,419,2015,2,2,1,5,1.7631E+12,1.7631E+12,moderate,0.5,50,0,2,2,1,0,0,,,,,,,,
g2_rain_fade,RAIN_FADE,24,,400,2,252,ok,,,1,67.902042,2014,5,10.37,0.101,10.92,10.900708,888,708,418,2014,2,2,1,5,1.7631E+12,1.7631E+12,moderate,0.5,50,0,0,2,0,0,0,,,,,,,,
g2_rain_fade,RAIN_FADE,24,,400,2,253,ok,,,1,69.614833,2010,5,11.037,0.092,11.858,11.8415,886,707,417,2010,2,2,1,5,1.7631E+12,1.7631E+12,moderate,0.5,50,0,0,2,0,0,0,,,,,,,,
g2_rain_fade,RAIN_FADE,24,,400,2,254,ok,,,1,72.138542,2014,5,11.691,0.13,10.574,10.564833,887,708,419,2014,2,2,1,5,1.7631E+12,1.7631E+12,moderate,0.5,50,0,1,2,0.5,0,0,,,,,,,,
g2_rain_fade,RAIN_FADE,24,,400,2,255,ok,,,1,72.722292,2017,5,11.355,0.107,10.957,10.938417,889,709,419,2017,2,2,1,5,1.7631E+12,1.7631E+12,moderate,0.5,50,0,1,2,0.5,0,0,,,,,,,,
g2_rain_fade,RAIN_FADE,24,,400,2,256,ok,,,1,67.033208,2011,5,11.804,0.132,10.761,10.73525001,886,708,417,2011,2,2,1,5,1.7631E+12,1.7631E+12,moderate,0.5,50,0,0,2,0,0,0,,,,,,,,
g2_rain_fade,RAIN_FADE,24,,400,2,257,ok,,,1,68.597666,2017,5,10.304,0.092,10.583,10.559417,889,709,419,2017,2,2,1,5,1.7631E+12,1.7631E+12,moderate,0.5,50,0,0,2,0,0,0,,,,,,,,
g2_rain_fade,RAIN_FADE,24,,400,2,258,ok,,,1,69.444917,2017,5,10.468,0.111,10.695,10.660083,889,709,419,2017,2,2,1,5,1.7631E+12,1.7631E+12,moderate,0.5,50,0,2,2,1,0,0,,,,,,,,
g2_rain_fade,RAIN_FADE,24,,400,2,259,ok,,,1,73.618459,2012,5,11.807,0.095,10.712,10.673167,887,707,418,2012,2,2,1,5,1.7631E+12,1.7631E+12,moderate,0.5,50,0,0,2,0,0,0,,,,,,,,
g2_rain_fade,RAIN_FADE,24,,400,2,260,ok,,,1,72.801083,2011,5,12.373,0.138,10.771,10.772,886,707,418,2011,2,2,1,5,1.7631E+12,1.7631E+12,moderate,0.5,50,0,0,2,0,0,0,,,,,,,,
g2_rain_fade,RAIN_FADE,24,,400,2,261,ok,,,1,76.614709,2012,5,14.207,0.126,10.784,10.7875,887,707,418,2012,2,2,1,5,1.7631E+12,1.7631E+12,moderate,0.5,50,0,1,2,0.5,0,0,,,,,,,,
g2_rain_fade,RAIN_FADE,24,,400,2,262,ok,,,1,71.224375,2012,5,11.311,0.148,10.519,10.491167,887,708,417,2012,2,2,1,5,1.7631E+12,1.7631E+12,moderate,0.5,50,0,0,2,0,0,0,,,,,,,,
g2_rain_fade,RAIN_FADE,24,,400,2,263,ok,,,1,80.308916,2017,5,13.471,0.185,11.79,11.772125,889,709,419,2017,2,2,1,5,1.7631E+12,1.7631E+12,moderate,0.5,50,0,7,7,1,0,0,,,,,,,,
g2_rain_fade,RAIN_FADE,24,,400,2,264,ok,,,1,72.68625,2016,5,10.734,0.112,10.904,10.884834,888,709,419,2016,2,2,1,5,1.7631E+12,1.7631E+12,moderate,0.5,50,0,2,2,1,0,0,,,,,,,,
g2_rain_fade,RAIN_FADE,24,,400,2,265,ok,,,1,74.002125,2012,5,10.887,0.116,11.803,11.887875,887,707,418,2012,2,2,1,5,1.7631E+12,1.7631E+12,moderate,0.5,50,0,0,2,0,0,0,,,,,,,,
g2_rain_fade,RAIN_FADE,24,,400,2,266,ok,,,1,67.233042,2013,5,10.833,0.079,10.668,10.635625,887,708,418,2013,2,2,1,5,1.7631E+12,1.7631E+12,moderate,0.5,50,0,0,2,0,0,0,,,,,,,,
g2_rain_fade,RAIN_FADE,24,,400,2,267,ok,,,1,73.595334,2015,5,11.388,0.109,10.644,10.621833,888,709,418,2015,2,2,1,5,1.7631E+12,1.7631E+12,moderate,0.5,50,0,0,2,0,0,0,,,,,,,,
g2_rain_fade,RAIN_FADE,24,,400,2,268,ok,,,1,73.390667,2012,5,10.579,0.107,11.587,11.59225,887,708,417,2012,2,2,1,5,1.7631E+12,1.7631E+12,moderate,0.5,50,0,0,2,0,0,0,,,,,,,,
g2_rain_fade,RAIN_FADE,24,,400,2,269,ok,,,1,71.803625,2017,5,11.119,0.093,10.636,10.60225,889,709,419,2017,2,2,1,5,1.7631E+12,1.7631E+12,moderate,0.5,50,0,1,2,0.5,0,0,,,,,,,,
g2_rain_fade,RAIN_FADE,24,,400,2,270,ok,,,1,76.333417,2016,5,12.045,0.151,10.901,10.90245799,888,709,419,2016,2,2,1,5,1.7631E+12,1.7631E+12,moderate,0.5,50,0,0,2,0,0,0,,,,,,,,
g2_rain_fade,RAIN_FADE,24,,400,2,271,ok,,,1,72.932126,2015,5,12.52,0.101,10.889,10.865542,888,709,418,2015,2,2,1,5,1.7631E+12,1.7631E+12,moderate,0.5,50,0,0,2,0,0,0,,,,,,,,
g2_rain_fade,RAIN_FADE,24,,400,2,272,ok,,,1,70.294291,2016,5,11.553,0.173,12.119,12.344417,888,709,419,2016,2,2,1,5,1.7631E+12,1.7631E+12,moderate,0.5,50,0,5,7,0.714285714,0,0,,,,,,,,
g2_rain_fade,RAIN_FADE,24,,400,2,273,ok,,,1,83.178625,1988,5,13.523,0.172,13.375,13.360417,875,707,406,1988,2,2,1,5,1.7631E+12,1.7631E+12,moderate,0.5,50,0,2,2,1,0,0,,,,,,,,
g2_rain_fade,RAIN_FADE,24,,400,2,274,ok,,,1,82.922375,2017,5,12.876,0.174,14.542,14.557875,889,709,419,2017,2,2,1,5,1.7631E+12,1.7631E+12,moderate,0.5,50,0,5,5,1,0,0,,,,,,,,
g2_rain_fade,RAIN_FADE,24,,400,2,275,ok,,,1,70.965376,2008,5,10.33,0.134,11.634,11.631917,885,707,416,2008,2,2,1,5,1.7631E+12,1.7631E+12,moderate,0.5,50,0,0,2,0,0,0,,,,,,,,
g2_rain_fade,RAIN_FADE,24,,400,2,276,ok,,,1,84.564167,2014,5,15.947,0.194,14.384,14.422292,887,709,418,2014,2,2,1,5,1.7631E+12,1.7631E+12,moderate,0.5,50,0,0,5,0,0,0,,,,,,,,
g2_rain_fade,RAIN_FADE,24,,400,2,277,ok,,,1,76.041583,2017,5,11.264,0.102,12.54,12.561292,889,709,419,2017,2,2,1,5,1.7631E+12,1.7631E+12,moderate,0.5,50,0,3,5,0.6,0,0,,,,,,,,
g2_rain_fade,RAIN_FADE,24,,400,2,278,ok,,,1,76.265625,2015,5,10.823,0.106,10.59,10.577167,888,708,419,2015,2,2,1,5,1.7631E+12,1.7631E+12,moderate,0.5,50,0,0,2,0,0,0,,,,,,,,
g2_rain_fade,RAIN_FADE,24,,400,2,279,ok,,,1,68.662833,2014,5,11.429,0.147,11.152,11.393542,888,708,418,2014,2,2,1,5,1.7631E+12,1.7631E+12,moderate,0.5,50,0,0,2,0,0,0,,,,,,,,
g2_rain_fade,RAIN_FADE,24,,400,2,280,ok,,,1,75.35175001,2017,5,12.549,0.09,11.4,11.402917,889,709,419,2017,2,2,1,5,1.7631E+12,1.7631E+12,moderate,0.5,50,0,0,2,0,0,0,,,,,,,,
g2_rain_fade,RAIN_FADE,24,,400,2,281,ok,,,1,73.8465,2017,5,10.638,0.095,10.687,10.6705,889,709,419,2017,2,2,1,5,1.7631E+12,1.7631E+12,moderate,0.5,50,0,1,2,0.5,0,0,,,,,,,,
g2_rain_fade,RAIN_FADE,24,,400,2,282,ok,,,2,75.373375,2017,5,10.587,0.105,10.504,10.471,889,709,419,2017,2,2,1,5,1.7631E+12,1.7631E+12,moderate,0.5,50,0,4,4,1,0,0,,,,,,,,
g2_rain_fade,RAIN_FADE,24,,400,2,283,ok,,,1,68.813208,2017,5,11.404,0.122,10.519,10.502959,889,709,419,2017,2,2,1,5,1.7631E+12,1.7631E+12,moderate,0.5,50,0,2,2,1,0,0,,,,,,,,
g2_rain_fade,RAIN_FADE,24,,400,2,284,ok,,,1,79.115625,2013,5,11.807,0.135,11.242,11.369375,887,708,418,2013,2,2,1,5,1.7631E+12,1.7631E+12,moderate,0.5,50,0,2,2,1,0,0,,,,,,,,
g2_rain_fade,RAIN_FADE,24,,400,2,285,ok,,,1,78.834542,2010,5,12.257,0.11,13.901,13.905416,886,708,416,2010,2,2,1,5,1.7631E+12,1.7631E+12,moderate,0.5,50,0,3,7,0.428571429,0,0,,,,,,,,
g2_rain_fade,RAIN_FADE,24,,400,2,286,ok,,,1,69.3055,2011,5,11.469,0.104,10.606,10.569708,887,707,417,2011,2,2,1,5,1.7631E+12,1.7631E+12,moderate,0.5,50,0,2,2,1,0,0,,,,,,,,
g2_rain_fade,RAIN_FADE,24,,400,2,287,ok,,,1,75.364375,2017,5,11.331,0.092,10.552,10.516583,889,709,419,2017,2,2,1,5,1.7631E+12,1.7631E+12,moderate,0.5,50,0,0,2,0,0,0,,,,,,,,
g2_rain_fade,RAIN_FADE,24,,400,2,288,ok,,,1,74.753209,2017,5,10.436,0.086,10.461,10.428125,889,709,419,2017,2,2,1,5,1.7631E+12,1.7631E+12,moderate,0.5,50,0,2,2,1,0,0,,,,,,,,
g2_rain_fade,RAIN_FADE,24,,400,2,289,ok,,,1,71.887292,2015,5,11.107,0.127,11.654,11.668209,888,708,419,2015,2,2,1,5,1.7631E+12,1.7631E+12,moderate,0.5,50,0,2,2,1,0,0,,,,,,,,
g2_rain_fade,RAIN_FADE,24,,400,2,290,ok,,,1,74.323792,2012,5,10.381,0.115,11.5,11.499833,887,707,418,2012,2,2,1,5,1.7631E+12,1.7631E+12,moderate,0.5,50,0,0,2,0,0,0,,,,,,,,
g2_rain_fade,RAIN_FADE,24,,400,2,291,ok,,,1,73.894084,2015,5,10.511,0.121,10.97,10.95929099,888,709,418,2015,2,2,1,5,1.7631E+12,1.7631E+12,moderate,0.5,50,0,2,2,1,0,0,,,,,,,,
g2_rain_fade,RAIN_FADE,24,,400,2,292,ok,,,1,71.913,2013,5,10.888,0.097,11.014,11.046333,887,708,418,2013,2,2,1,5,1.7631E+12,1.7631E+12,moderate,0.5,50,0,0,2,0,0,0,,,,,,,,
g2_rain_fade,RAIN_FADE,24,,400,2,293,ok,,,1,74.163209,2017,5,10.505,0.091,10.726,10.69795901,889,709,419,2017,2,2,1,5,1.7631E+12,1.7631E+12,moderate,0.5,50,0,0,2,0,0,0,,,,,,,,
g2_rain_fade,RAIN_FADE,24,,400,2,294,ok,,,1,72.548292,2017,5,10.716,0.154,10.993,11.005,889,709,419,2017,2,2,1,5,1.7631E+12,1.7631E+12,moderate,0.5,50,0,0,2,0,0,0,,,,,,,,
g2_rain_fade,RAIN_FADE,24,,400,2,295,ok,,,1,72.78137501,2017,5,11.687,0.12,10.776,10.741958,889,709,419,2017,2,2,1,5,1.7631E+12,1.7631E+12,moderate,0.5,50,0,2,2,1,0,0,,,,,,,,
g2_rain_fade,RAIN_FADE,24,,400,2,296,ok,,,2,73.316625,2010,5,10.993,0.147,11.535,11.534958,886,707,417,2010,2,2,1,5,1.7631E+12,1.7631E+12,moderate,0.5,50,0,2,4,0.5,0,0,,,,,,,,
g2_rain_fade,RAIN_FADE,24,,400,2,297,ok,,,2,75.575417,2014,5,10.523,0.126,10.701,10.678583,887,708,419,2014,2,2,1,5,1.7631E+12,1.7631E+12,moderate,0.5,50,0,1,4,0.25,0,0,,,,,,,,
g2_rain_fade,RAIN_FADE,24,,400,2,298,ok,,,1,71.477042,2007,5,12.284,0.249,11.629,11.623625,884,706,417,2007,2,2,1,5,1.7631E+12,1.7631E+12,moderate,0.5,50,0,2,2,1,0,0,,,,,,,,
g2_rain_fade,RAIN_FADE,24,,400,2,299,ok,,,1,75.090583,2016,5,10.869,0.171,10.931,10.92683399,888,709,419,2016,2,2,1,5,1.7631E+12,1.7631E+12,moderate,0.5,50,0,0,2,0,0,0,,,,,,,,
g2_rain_fade,RAIN_FADE,24,,400,2,300,ok,,,1,68.456416,2014,5,11.007,0.179,10.762,10.761584,888,708,418,2014,2,2,1,5,1.7631E+12,1.7631E+12,moderate,0.5,50,0,0,2,0,0,0,,,,,,,,
g2_rain_fade,RAIN_FADE,24,,300,2,1,ok,,,1,79.4485,2012,5,10.646,0.172,11.021,11.003125,887,707,418,2012,2,2,1,5,1.7631E+12,1.7631E+12,heavy,0.25,25,0,7,7,1,0,0,,,,,,,,
g2_rain_fade,RAIN_FADE,24,,300,2,2,ok,,,2,74.131541,2010,5,10.682,0.116,11.185,11.208708,886,707,417,2010,2,2,1,5,1.7631E+12,1.7631E+12,heavy,0.25,25,0,4,4,1,0,0,,,,,,,,
g2_rain_fade,RAIN_FADE,24,,300,2,3,ok,,,1,78.3805,2006,5,16.069,0.193,13.614,13.590291,884,707,415,2006,2,2,1,5,1.7631E+12,1.7631E+12,heavy,0.25,25,0,5,5,1,0,0,,,,,,,,
g2_rain_fade,RAIN_FADE,24,,300,2,4,ok,,,1,72.368041,2015,5,11.201,0.127,11.45,11.46925001,888,708,419,2015,2,2,1,5,1.7631E+12,1.7631E+12,heavy,0.25,25,0,2,2,1,0,0,,,,,,,,
g2_rain_fade,RAIN_FADE,24,,300,2,5,ok,,,2,74.621417,2009,5,11.691,0.166,11.497,11.47325,886,706,417,2009,2,2,1,5,1.7631E+12,1.7631E+12,heavy,0.25,25,0,6,6,1,0,0,,,,,,,,
g2_rain_fade,RAIN_FADE,24,,300,2,6,ok,,,1,69.354042,2017,5,10.349,0.096,10.63,10.617417,889,709,419,2017,2,2,1,5,1.7631E+12,1.7631E+12,heavy,0.25,25,0,0,2,0,0,0,,,,,,,,
g2_rain_fade,RAIN_FADE,24,,300,2,7,ok,,,1,71.813417,2012,5,10.987,0.121,11.439,11.41224999,887,707,418,2012,2,2,1,5,1.7631E+12,1.7631E+12,heavy,0.25,25,0,2,2,1,0,0,,,,,,,,
g2_rain_fade,RAIN_FADE,24,,300,2,8,ok,,,1,86.282875,2015,5,15.351,0.189,12.696,12.66275,888,708,419,2015,2,2,1,5,1.7631E+12,1.7631E+12,heavy,0.25,25,0,5,5,1,0,0,,,,,,,,
g2_rain_fade,RAIN_FADE,24,,300,2,9,ok,,,1,70.718625,2013,5,10.277,0.083,10.744,10.730542,887,708,418,2013,2,2,1,5,1.7631E+12,1.7631E+12,heavy,0.25,25,0,0,2,0,0,0,,,,,,,,
g2_rain_fade,RAIN_FADE,24,,300,2,10,timeout,wait_m6,0,3,504.700584,357,1,4.184,0,0,0,357,0,0,357,1,0,0,1,1.7631E+12,,heavy,0.25,25,0,7,9,0.777777778,0,0,,,,,,,,
g2_rain_fade,RAIN_FADE,24,,300,2,11,ok,,,1,74.833375,2012,5,14.093,0.161,11.197,11.151958,887,707,418,2012,2,2,1,5,1.7631E+12,1.7631E+12,heavy,0.25,25,0,2,2,1,0,0,,,,,,,,
g2_rain_fade,RAIN_FADE,24,,300,2,12,ok,,,1,72.037834,2012,5,11.013,0.175,11.093,11.078042,887,708,417,2012,2,2,1,5,1.7631E+12,1.7631E+12,heavy,0.25,25,0,7,7,1,0,0,,,,,,,,
g2_rain_fade,RAIN_FADE,24,,300,2,13,ok,,,2,77.211667,2010,5,10.637,0.153,11.109,11.100834,886,707,417,2010,2,2,1,5,1.7631E+12,1.7631E+12,heavy,0.25,25,0,4,4,1,0,0,,,,,,,,
g2_rain_fade,RAIN_FADE,24,,300,2,14,timeout,wait_m6,0,3,506.947958,356,1,4.402,0,0,0,356,0,0,356,1,0,0,1,1.7631E+12,,heavy,0.25,25,0,9,9,1,0,0,,,,,,,,
g2_rain_fade,RAIN_FADE,24,,300,2,15,ok,,,1,74.886042,2010,5,11.061,0.151,12.905,12.894167,886,707,417,2010,2,2,1,5,1.7631E+12,1.7631E+12,heavy,0.25,25,0,2,2,1,0,0,,,,,,,,
g2_rain_fade,RAIN_FADE,24,,300,2,16,ok,,,1,77.522792,2015,5,10.883,0.12,10.892,10.878208,888,709,418,2015,2,2,1,5,1.7631E+12,1.7631E+12,heavy,0.25,25,0,2,2,1,0,0,,,,,,,,
g2_rain_fade,RAIN_FADE,24,,300,2,17,timeout,wait_m6,0,3,506.069667,357,1,4.98,0,0,0,357,0,0,357,1,0,0,1,1.7631E+12,,heavy,0.25,25,0,9,9,1,0,0,,,,,,,,
g2_rain_fade,RAIN_FADE,24,,300,2,18,ok,,,1,72.50375,2011,5,11.028,0.209,10.65,10.620667,886,708,417,2011,2,2,1,5,1.7631E+12,1.7631E+12,heavy,0.25,25,0,2,2,1,0,0,,,,,,,,
g2_rain_fade,RAIN_FADE,24,,300,2,19,ok,,,1,76.490875,2013,5,10.312,0.133,10.65,10.623667,887,709,417,2013,2,2,1,5,1.7631E+12,1.7631E+12,heavy,0.25,25,0,2,2,1,0,0,,,,,,,,
g2_rain_fade,RAIN_FADE,24,,300,2,20,ok,,,1,70.96875,2014,5,10.673,0.103,10.555,10.534542,888,708,418,2014,2,2,1,5,1.7631E+12,1.7631E+12,heavy,0.25,25,0,2,2,1,0,0,,,,,,,,
g2_rain_fade,RAIN_FADE,24,,300,2,21,ok,,,2,66.606583,2017,5,11.615,0.2,11.938,11.94600001,889,709,419,2017,2,2,1,5,1.7631E+12,1.7631E+12,heavy,0.25,25,0,4,4,1,0,0,,,,,,,,
g2_rain_fade,RAIN_FADE,24,,300,2,22,ok,,,3,71.492709,2011,5,11.653,0.156,11.44,11.443834,886,707,418,2011,2,2,1,5,1.7631E+12,1.7631E+12,heavy,0.25,25,0,3,5,0.6,0,0,,,,,,,,
g2_rain_fade,RAIN_FADE,24,,300,2,23,ok,,,1,71.29325,2011,5,12.439,0.1,10.69,10.66425,886,707,418,2011,2,2,1,5,1.7631E+12,1.7631E+12,heavy,0.25,25,0,0,2,0,0,0,,,,,,,,
g2_rain_fade,RAIN_FADE,24,,300,2,24,ok,,,1,71.32454099,2012,5,11.318,0.101,10.656,10.6275,887,707,418,2012,2,2,1,5,1.7631E+12,1.7631E+12,heavy,0.25,25,0,2,2,1,0,0,,,,,,,,
g2_rain_fade,RAIN_FADE,24,,300,2,25,ok,,,1,69.469917,2017,5,10.756,0.089,11.38,11.355167,889,709,419,2017,2,2,1,5,1.7631E+12,1.7631E+12,heavy,0.25,25,0,1,2,0.5,0,0,,,,,,,,
g2_rain_fade,RAIN_FADE,24,,300,2,26,ok,,,2,91.907375,2015,5,12.67,0.199,14.728,14.725875,888,709,418,2015,2,2,1,5,1.7631E+12,1.7631E+12,heavy,0.25,25,0,3,4,0.75,0,0,,,,,,,,
g2_rain_fade,RAIN_FADE,24,,300,2,27,ok,,,1,74.409375,2016,5,11.611,0.094,10.952,10.886542,888,709,419,2016,2,2,1,5,1.7631E+12,1.7631E+12,heavy,0.25,25,0,0,2,0,0,0,,,,,,,,
g2_rain_fade,RAIN_FADE,24,,300,2,28,ok,,,1,75.975583,2015,5,12.617,0.129,11.725,11.68425,888,709,418,2015,2,2,1,5,1.7631E+12,1.7631E+12,heavy,0.25,25,0,5,5,1,0,0,,,,,,,,
g2_rain_fade,RAIN_FADE,24,,300,2,29,ok,,,1,67.69500001,2015,5,10.888,0.135,10.477,10.442167,888,709,418,2015,2,2,1,5,1.7631E+12,1.7631E+12,heavy,0.25,25,0,2,2,1,0,0,,,,,,,,
g2_rain_fade,RAIN_FADE,24,,300,2,30,ok,,,1,75.7725,2017,5,10.486,0.121,11.194,11.206167,889,709,419,2017,2,2,1,5,1.7631E+12,1.7631E+12,heavy,0.25,25,0,0,2,0,0,0,,,,,,,,
g2_rain_fade,RAIN_FADE,24,,300,2,31,ok,,,1,69.664167,2010,5,11.438,0.214,10.66,10.614291,886,707,417,2010,2,2,1,5,1.7631E+12,1.7631E+12,heavy,0.25,25,0,2,2,1,0,0,,,,,,,,
g2_rain_fade,RAIN_FADE,24,,300,2,32,ok,,,1,71.936583,2012,5,10.533,0.081,10.628,10.597542,887,707,418,2012,2,2,1,5,1.7631E+12,1.7631E+12,heavy,0.25,25,0,2,2,1,0,0,,,,,,,,
g2_rain_fade,RAIN_FADE,24,,300,2,33,ok,,,1,75.17575,2013,5,11.423,0.145,11.487,11.406833,887,708,418,2013,2,2,1,5,1.7631E+12,1.7631E+12,heavy,0.25,25,0,7,7,1,0,0,,,,,,,,
g2_rain_fade,RAIN_FADE,24,,300,2,34,ok,,,1,72.873667,2015,5,11.756,0.086,10.601,10.58075,888,709,418,2015,2,2,1,5,1.7631E+12,1.7631E+12,heavy,0.25,25,0,2,2,1,0,0,,,,,,,,
g2_rain_fade,RAIN_FADE,24,,300,2,35,ok,,,1,69.927459,2015,5,10.583,0.124,11.037,11.281834,888,708,419,2015,2,2,1,5,1.7631E+12,1.7631E+12,heavy,0.25,25,0,0,2,0,0,0,,,,,,,,
g2_rain_fade,RAIN_FADE,24,,300,2,36,ok,,,2,73.631,2017,5,11.273,0.146,11.94,11.93375,889,709,419,2017,2,2,1,5,1.7631E+12,1.7631E+12,heavy,0.25,25,0,4,4,1,0,0,,,,,,,,
g2_rain_fade,RAIN_FADE,24,,300,2,37,ok,,,2,75.766375,2014,5,11.81,0.139,11.564,11.560291,887,709,418,2014,2,2,1,5,1.7631E+12,1.7631E+12,heavy,0.25,25,0,3,4,0.75,0,0,,,,,,,,
g2_rain_fade,RAIN_FADE,24,,300,2,38,ok,,,1,69.299167,2016,5,10.819,0.139,10.834,10.826083,888,709,419,2016,2,2,1,5,1.7631E+12,1.7631E+12,heavy,0.25,25,0,2,2,1,0,0,,,,,,,,
g2_rain_fade,RAIN_FADE,24,,300,2,39,ok,,,1,79.007708,2017,5,11.512,0.102,10.604,10.580417,889,709,419,2017,2,2,1,5,1.7631E+12,1.7631E+12,heavy,0.25,25,0,2,2,1,0,0,,,,,,,,
g2_rain_fade,RAIN_FADE,24,,300,2,40,ok,,,1,73.20125,2013,5,11.685,0.114,10.639,10.601125,887,708,418,2013,2,2,1,5,1.7631E+12,1.7631E+12,heavy,0.25,25,0,0,2,0,0,0,,,,,,,,
g2_rain_fade,RAIN_FADE,24,,300,2,41,timeout,wait_m6,0,3,505.831708,356,1,4.685,0,0,0,356,0,0,356,1,0,0,1,1.7631E+12,,heavy,0.25,25,0,8,9,0.888888889,0,0,,,,,,,,
g2_rain_fade,RAIN_FADE,24,,300,2,42,ok,,,2,77.018416,2014,5,13.196,0.092,11.349,11.365167,888,708,418,2014,2,2,1,5,1.7631E+12,1.7631E+12,heavy,0.25,25,0,4,4,1,0,0,,,,,,,,
g2_rain_fade,RAIN_FADE,24,,300,2,43,ok,,,1,68.395459,2013,5,10.439,0.119,11.007,10.99225001,887,708,418,2013,2,2,1,5,1.7631E+12,1.7631E+12,heavy,0.25,25,0,1,2,0.5,0,0,,,,,,,,
g2_rain_fade,RAIN_FADE,24,,300,2,44,ok,,,1,77.757916,2009,5,14.484,0.196,10.993,10.961667,885,707,417,2009,2,2,1,5,1.7631E+12,1.7631E+12,heavy,0.25,25,0,5,5,1,0,0,,,,,,,,
g2_rain_fade,RAIN_FADE,24,,300,2,45,timeout,wait_m6,0,3,504.831625,356,1,3.783,0,0,0,356,0,0,356,1,0,0,1,1.7631E+12,,heavy,0.25,25,0,9,9,1,0,0,,,,,,,,
g2_rain_fade,RAIN_FADE,24,,300,2,46,ok,,,1,73.42212499,2017,5,13.121,0.142,11.966,12.024708,889,709,419,2017,2,2,1,5,1.7631E+12,1.7631E+12,heavy,0.25,25,0,4,5,0.8,0,0,,,,,,,,
g2_rain_fade,RAIN_FADE,24,,300,2,47,ok,,,1,72.997959,2017,5,10.41,0.107,11.42,11.42779199,889,709,419,2017,2,2,1,5,1.7631E+12,1.7631E+12,heavy,0.25,25,0,2,2,1,0,0,,,,,,,,
g2_rain_fade,RAIN_FADE,24,,300,2,48,ok,,,1,76.327542,2015,5,10.34,0.096,11.572,11.619833,888,709,418,2015,2,2,1,5,1.7631E+12,1.7631E+12,heavy,0.25,25,0,2,2,1,0,0,,,,,,,,
g2_rain_fade,RAIN_FADE,24,,300,2,49,ok,,,1,73.486959,2017,5,11.314,0.122,10.827,10.926542,889,709,419,2017,2,2,1,5,1.7631E+12,1.7631E+12,heavy,0.25,25,0,0,2,0,0,0,,,,,,,,
g2_rain_fade,RAIN_FADE,24,,300,2,50,ok,,,1,78.62574999,2016,5,12.791,0.153,11.568,11.579708,888,709,419,2016,2,2,1,5,1.7631E+12,1.7631E+12,heavy,0.25,25,0,7,7,1,0,0,,,,,,,,
g2_rain_fade,RAIN_FADE,24,,300,2,51,ok,,,1,66.20145799,2013,5,10.772,0.134,10.595,10.569125,887,709,417,2013,2,2,1,5,1.7631E+12,1.7631E+12,heavy,0.25,25,0,2,2,1,0,0,,,,,,,,
g2_rain_fade,RAIN_FADE,24,,300,2,52,ok,,,1,66.583375,2012,5,11.769,0.106,10.346,10.310542,887,707,418,2012,2,2,1,5,1.7631E+12,1.7631E+12,heavy,0.25,25,0,2,2,1,0,0,,,,,,,,
g2_rain_fade,RAIN_FADE,24,,300,2,53,timeout,wait_m6,0,3,504.973459,357,1,4.278,0,0,0,357,0,0,357,1,0,0,1,1.7631E+12,,heavy,0.25,25,0,9,9,1,0,0,,,,,,,,
g2_rain_fade,RAIN_FADE,24,,300,2,54,ok,,,1,65.1755,2012,5,10.664,0.12,10.63,10.611875,887,707,418,2012,2,2,1,5,1.7631E+12,1.7631E+12,heavy,0.25,25,0,2,2,1,0,0,,,,,,,,
g2_rain_fade,RAIN_FADE,24,,300,2,55,ok,,,1,69.14266699,2014,5,11.901,0.118,11.273,11.257209,888,708,418,2014,2,2,1,5,1.7631E+12,1.7631E+12,heavy,0.25,25,0,2,2,1,0,0,,,,,,,,
g2_rain_fade,RAIN_FADE,24,,300,2,56,ok,,,1,79.438375,2010,5,10.48,0.128,10.63,10.613583,886,707,417,2010,2,2,1,5,1.7631E+12,1.7631E+12,heavy,0.25,25,0,2,2,1,0,0,,,,,,,,
g2_rain_fade,RAIN_FADE,24,,300,2,57,ok,,,1,69.90525,2016,5,11.612,0.137,10.908,10.884292,888,709,419,2016,2,2,1,5,1.7631E+12,1.7631E+12,heavy,0.25,25,0,5,7,0.714285714,1,3,,,,,,,,
g2_rain_fade,RAIN_FADE,24,,300,2,58,ok,,,3,69.693459,2014,5,10.459,0.119,10.59,10.60925,887,708,419,2014,2,2,1,5,1.7631E+12,1.7631E+12,heavy,0.25,25,0,5,5,1,0,0,,,,,,,,
g2_rain_fade,RAIN_FADE,24,,300,2,59,ok,,,1,94.884458,2013,5,36.448,0.095,11.657,11.631417,887,708,418,2013,2,2,1,5,1.7631E+12,1.7631E+12,heavy,0.25,25,0,0,2,0,0,0,,,,,,,,
g2_rain_fade,RAIN_FADE,24,,300,2,60,ok,,,1,75.509125,2017,5,11.339,0.15,11.501,11.393,889,709,419,2017,2,2,1,5,1.7631E+12,1.7631E+12,heavy,0.25,25,0,0,2,0,0,0,,,,,,,,
g2_rain_fade,RAIN_FADE,24,,300,2,61,ok,,,1,75.778792,2015,5,11.766,0.127,10.749,10.711959,888,709,418,2015,2,2,1,5,1.7631E+12,1.7631E+12,heavy,0.25,25,0,0,2,0,0,0,,,,,,,,
g2_rain_fade,RAIN_FADE,24,,300,2,62,ok,,,1,69.494708,2017,5,10.348,0.099,11.075,11.144333,889,709,419,2017,2,2,1,5,1.7631E+12,1.7631E+12,heavy,0.25,25,0,2,2,1,0,0,,,,,,,,
g2_rain_fade,RAIN_FADE,24,,300,2,63,ok,,,1,73.24699999,2015,5,12.095,0.101,10.71,10.664208,888,709,418,2015,2,2,1,5,1.7631E+12,1.7631E+12,heavy,0.25,25,0,0,2,0,0,0,,,,,,,,
g2_rain_fade,RAIN_FADE,24,,300,2,64,ok,,,1,74.66925,2012,5,13.333,0.153,15.16,15.155084,887,707,418,2012,2,2,1,5,1.7631E+12,1.7631E+12,heavy,0.25,25,0,7,7,1,0,0,,,,,,,,
g2_rain_fade,RAIN_FADE,24,,300,2,65,ok,,,1,70.067625,2015,5,10.568,0.102,11.484,11.498708,888,709,418,2015,2,2,1,5,1.7631E+12,1.7631E+12,heavy,0.25,25,0,2,2,1,0,0,,,,,,,,
g2_rain_fade,RAIN_FADE,24,,300,2,66,ok,,,2,73.083959,2015,5,10.789,0.157,12.104,12.085167,888,708,419,2015,2,2,1,5,1.7631E+12,1.7631E+12,heavy,0.25,25,0,3,4,0.75,0,0,,,,,,,,
g2_rain_fade,RAIN_FADE,24,,300,2,67,ok,,,1,78.765917,2011,5,11.223,0.191,10.842,10.808334,886,707,418,2011,2,2,1,5,1.7631E+12,1.7631E+12,heavy,0.25,25,0,0,2,0,0,0,,,,,,,,
g2_rain_fade,RAIN_FADE,24,,300,2,68,ok,,,2,83.621959,2013,5,13.21,0.099,13.725,13.69266601,887,708,418,2013,2,2,1,5,1.7631E+12,1.7631E+12,heavy,0.25,25,0,9,9,1,0,0,,,,,,,,
g2_rain_fade,RAIN_FADE,24,,300,2,69,ok,,,1,77.743,2014,5,11.643,0.108,10.574,10.541959,888,708,418,2014,2,2,1,5,1.7631E+12,1.7631E+12,heavy,0.25,25,0,2,2,1,0,0,,,,,,,,
g2_rain_fade,RAIN_FADE,24,,300,2,70,ok,,,1,77.049792,2012,5,10.724,0.124,10.408,10.371125,887,707,418,2012,2,2,1,5,1.7631E+12,1.7631E+12,heavy,0.25,25,0,0,2,0,0,0,,,,,,,,
g2_rain_fade,RAIN_FADE,24,,300,2,71,ok,,,1,67.684292,2014,5,11.509,0.088,11.36,11.348916,888,708,418,2014,2,2,1,5,1.7631E+12,1.7631E+12,heavy,0.25,25,0,0,2,0,0,0,,,,,,,,
g2_rain_fade,RAIN_FADE,24,,300,2,72,ok,,,3,74.287875,2010,5,10.351,0.245,11.364,11.329417,886,708,416,2010,2,2,1,5,1.7631E+12,1.7631E+12,heavy,0.25,25,0,5,5,1,0,0,,,,,,,,
g2_rain_fade,RAIN_FADE,24,,300,2,73,ok,,,2,73.803833,2013,5,12.677,0.136,11.382,11.3495,887,708,418,2013,2,2,1,5,1.7631E+12,1.7631E+12,heavy,0.25,25,0,3,4,0.75,0,0,,,,,,,,
g2_rain_fade,RAIN_FADE,24,,300,2,74,ok,,,1,70.354708,2015,5,10.451,0.104,10.456,10.433167,888,708,419,2015,2,2,1,5,1.7631E+12,1.7631E+12,heavy,0.25,25,0,0,2,0,0,0,,,,,,,,
g2_rain_fade,RAIN_FADE,24,,300,2,75,ok,,,2,81.620792,2008,5,11.698,0.111,11.01,10.974375,885,707,416,2008,2,2,1,5,1.7631E+12,1.7631E+12,heavy,0.25,25,0,6,6,1,0,0,,,,,,,,
g2_rain_fade,RAIN_FADE,24,,300,2,76,ok,,,1,74.091,2012,5,11.76,0.145,11.093,11.055667,887,708,417,2012,2,2,1,5,1.7631E+12,1.7631E+12,heavy,0.25,25,0,4,4,1,0,0,,,,,,,,
g2_rain_fade,RAIN_FADE,24,,300,2,77,ok,,,1,81.653917,2015,5,11.007,0.136,10.826,10.809083,888,709,418,2015,2,2,1,5,1.7631E+12,1.7631E+12,heavy,0.25,25,0,2,2,1,0,0,,,,,,,,
g2_rain_fade,RAIN_FADE,24,,300,2,78,ok,,,1,78.407458,2015,5,13.872,0.13,12.133,12.100334,888,709,418,2015,2,2,1,5,1.7631E+12,1.7631E+12,heavy,0.25,25,0,5,5,1,0,0,,,,,,,,
g2_rain_fade,RAIN_FADE,24,,300,2,79,ok,,,1,76.35612501,2010,5,13.01,0.143,12.7,12.662625,886,707,417,2010,2,2,1,5,1.7631E+12,1.7631E+12,heavy,0.25,25,0,5,5,1,0,0,,,,,,,,
g2_rain_fade,RAIN_FADE,24,,300,2,80,ok,,,1,74.884334,2015,5,10.549,0.086,11.041,11.04525,888,708,419,2015,2,2,1,5,1.7631E+12,1.7631E+12,heavy,0.25,25,0,0,2,0,0,0,,,,,,,,
g2_rain_fade,RAIN_FADE,24,,300,2,81,ok,,,1,75,2014,5,11.3,0.118,10.81,10.765791,888,708,418,2014,2,2,1,5,1.7631E+12,1.7631E+12,heavy,0.25,25,0,1,2,0.5,0,0,,,,,,,,
g2_rain_fade,RAIN_FADE,24,,300,2,82,ok,,,1,75.502667,2017,5,10.665,0.088,10.473,10.424125,889,709,419,2017,2,2,1,5,1.7631E+12,1.7631E+12,heavy,0.25,25,0,2,2,1,0,0,,,,,,,,
g2_rain_fade,RAIN_FADE,24,,300,2,83,ok,,,2,78.14,2015,5,11.758,0.111,13.083,13.07537501,888,708,419,2015,2,2,1,5,1.7631E+12,1.7631E+12,heavy,0.25,25,0,6,6,1,0,0,,,,,,,,
g2_rain_fade,RAIN_FADE,24,,300,2,84,ok,,,1,70.786542,2012,5,11.53,0.101,11.385,11.382292,887,708,417,2012,2,2,1,5,1.7631E+12,1.7631E+12,heavy,0.25,25,0,0,2,0,0,0,,,,,,,,
g2_rain_fade,RAIN_FADE,24,,300,2,85,timeout,wait_m4,0,3,304.912917,97,1,3.867,0,0,0,97,0,0,97,1,0,0,1,,,heavy,0.25,25,0,0,5,0,1,3,,,,,,,,
g2_rain_fade,RAIN_FADE,24,,300,2,86,ok,,,1,74.069083,2012,5,10.708,0.101,10.965,10.961583,887,707,418,2012,2,2,1,5,1.7631E+12,1.7631E+12,heavy,0.25,25,0,0,2,0,0,0,,,,,,,,
g2_rain_fade,RAIN_FADE,24,,300,2,87,ok,,,2,71.689583,2017,5,10.941,0.122,11.16,11.162625,889,709,419,2017,2,2,1,5,1.7631E+12,1.7631E+12,heavy,0.25,25,0,2,4,0.5,0,0,,,,,,,,
g2_rain_fade,RAIN_FADE,24,,300,2,88,ok,,,1,67.626417,2012,5,10.44,0.144,10.599,10.568958,886,708,418,2012,2,2,1,5,1.7631E+12,1.7631E+12,heavy,0.25,25,0,1,2,0.5,0,0,,,,,,,,
g2_rain_fade,RAIN_FADE,24,,300,2,89,ok,,,1,70.889291,2017,5,12.268,0.169,13.411,13.38625,889,709,419,2017,2,2,1,5,1.7631E+12,1.7631E+12,heavy,0.25,25,0,7,7,1,0,0,,,,,,,,
g2_rain_fade,RAIN_FADE,24,,300,2,90,ok,,,1,73.238459,2014,5,13.461,0.132,12.022,12.021792,888,708,418,2014,2,2,1,5,1.7631E+12,1.7631E+12,heavy,0.25,25,0,5,5,1,0,0,,,,,,,,
g2_rain_fade,RAIN_FADE,24,,300,2,91,ok,,,1,67.68125,2017,5,11.301,0.095,10.338,10.300375,889,709,419,2017,2,2,1,5,1.7631E+12,1.7631E+12,heavy,0.25,25,0,2,2,1,0,0,,,,,,,,
g2_rain_fade,RAIN_FADE,24,,300,2,92,ok,,,1,71.389292,2015,5,11.059,0.17,10.472,10.450209,888,708,419,2015,2,2,1,5,1.7631E+12,1.7631E+12,heavy,0.25,25,0,2,2,1,0,0,,,,,,,,
g2_rain_fade,RAIN_FADE,24,,300,2,93,ok,,,1,75.37424999,2015,5,12.265,0.129,12.922,12.948,888,708,419,2015,2,2,1,5,1.7631E+12,1.7631E+12,heavy,0.25,25,0,4,5,0.8,0,0,,,,,,,,
g2_rain_fade,RAIN_FADE,24,,300,2,94,ok,,,1,72.831584,2016,5,11.284,0.113,10.918,10.886791,888,709,419,2016,2,2,1,5,1.7631E+12,1.7631E+12,heavy,0.25,25,0,2,2,1,0,0,,,,,,,,
g2_rain_fade,RAIN_FADE,24,,300,2,95,ok,,,1,73.924416,2012,5,10.892,0.137,11.303,11.278541,886,709,417,2012,2,2,1,5,1.7631E+12,1.7631E+12,heavy,0.25,25,0,1,2,0.5,0,0,,,,,,,,
g2_rain_fade,RAIN_FADE,24,,300,2,96,ok,,,1,74.714417,2017,5,10.713,0.105,11.448,11.497916,889,709,419,2017,2,2,1,5,1.7631E+12,1.7631E+12,heavy,0.25,25,0,0,2,0,0,0,,,,,,,,
g2_rain_fade,RAIN_FADE,24,,300,2,97,ok,,,3,76.08324999,2015,5,10.51,0.178,11.018,10.986542,888,708,419,2015,2,2,1,5,1.7631E+12,1.7631E+12,heavy,0.25,25,0,5,5,1,0,0,,,,,,,,
g2_rain_fade,RAIN_FADE,24,,300,2,98,ok,,,1,70.801,2015,5,10.27,0.095,11.5,11.5385,888,708,419,2015,2,2,1,5,1.7631E+12,1.7631E+12,heavy,0.25,25,0,1,2,0.5,0,0,,,,,,,,
g2_rain_fade,RAIN_FADE,24,,300,2,99,ok,,,2,73.276583,2014,5,13.71,0.165,10.788,10.772042,888,708,418,2014,2,2,1,5,1.7631E+12,1.7631E+12,heavy,0.25,25,0,4,4,1,0,0,,,,,,,,
g2_rain_fade,RAIN_FADE,24,,300,2,100,ok,,,2,72.09237501,2013,5,11.057,0.11,10.623,10.590291,887,709,417,2013,2,2,1,5,1.7631E+12,1.7631E+12,heavy,0.25,25,0,2,4,0.5,0,0,,,,,,,,
g2_rain_fade,RAIN_FADE,24,,300,2,101,ok,,,1,69.332958,2011,5,10.321,0.164,10.913,10.87716599,886,708,417,2011,2,2,1,5,1.7631E+12,1.7631E+12,heavy,0.25,25,0,0,2,0,0,0,,,,,,,,
g2_rain_fade,RAIN_FADE,24,,300,2,102,ok,,,1,81.874584,2012,5,15.184,0.176,12.541,12.51791599,887,707,418,2012,2,2,1,5,1.7631E+12,1.7631E+12,heavy,0.25,25,0,5,5,1,0,0,,,,,,,,
g2_rain_fade,RAIN_FADE,24,,300,2,103,timeout,wait_m6,0,3,508.445792,356,1,6.341,0,0,0,356,0,0,356,1,0,0,1,1.7631E+12,,heavy,0.25,25,0,10,10,1,0,0,,,,,,,,
g2_rain_fade,RAIN_FADE,24,,300,2,104,ok,,,2,75.910333,2012,5,11.052,0.093,11.128,11.131083,887,708,417,2012,2,2,1,5,1.7631E+12,1.7631E+12,heavy,0.25,25,0,3,4,0.75,0,0,,,,,,,,
g2_rain_fade,RAIN_FADE,24,,300,2,105,ok,,,1,71.240916,2007,5,11.531,0.135,11.727,11.699041,884,707,416,2007,2,2,1,5,1.7631E+12,1.7631E+12,heavy,0.25,25,0,2,2,1,0,0,,,,,,,,
g2_rain_fade,RAIN_FADE,24,,300,2,106,ok,,,1,89.654167,2008,5,15.753,0.201,13.797,14.063541,885,707,416,2008,2,2,1,5,1.7631E+12,1.7631E+12,heavy,0.25,25,0,4,5,0.8,0,0,,,,,,,,
g2_rain_fade,RAIN_FADE,24,,300,2,107,timeout,wait_m4,0,3,304.676334,97,1,4.155,0,0,0,97,0,0,97,1,0,0,1,,,heavy,0.25,25,0,5,5,1,1,3,,,,,,,,
g2_rain_fade,RAIN_FADE,24,,300,2,108,ok,,,2,69.94775,2017,5,11.966,0.148,10.727,10.694959,889,709,419,2017,2,2,1,5,1.7631E+12,1.7631E+12,heavy,0.25,25,0,4,4,1,0,0,,,,,,,,
g2_rain_fade,RAIN_FADE,24,,300,2,109,timeout,wait_m4,0,3,304.931583,97,1,3.958,0,0,0,97,0,0,97,1,0,0,1,,,heavy,0.25,25,0,5,5,1,1,3,,,,,,,,
g2_rain_fade,RAIN_FADE,24,,300,2,110,ok,,,1,71.780667,2012,5,12.793,0.104,11.045,11.003167,887,707,418,2012,2,2,1,5,1.7631E+12,1.7631E+12,heavy,0.25,25,0,4,4,1,0,0,,,,,,,,
g2_rain_fade,RAIN_FADE,24,,300,2,111,ok,,,1,70.662625,2012,5,10.207,0.093,10.41,10.36029201,887,708,417,2012,2,2,1,5,1.7631E+12,1.7631E+12,heavy,0.25,25,0,2,2,1,0,0,,,,,,,,
g2_rain_fade,RAIN_FADE,24,,300,2,112,ok,,,1,69.75725,2015,5,10.625,0.091,11.213,11.180709,888,708,419,2015,2,2,1,5,1.7631E+12,1.7631E+12,heavy,0.25,25,0,1,2,0.5,0,0,,,,,,,,
g2_rain_fade,RAIN_FADE,24,,300,2,113,ok,,,1,71.56733301,2014,5,11.829,0.128,10.592,10.551625,887,709,418,2014,2,2,1,5,1.7631E+12,1.7631E+12,heavy,0.25,25,0,0,2,0,0,0,,,,,,,,
g2_rain_fade,RAIN_FADE,24,,300,2,114,ok,,,1,75.736542,2014,5,12.257,0.103,10.603,10.572959,887,709,418,2014,2,2,1,5,1.7631E+12,1.7631E+12,heavy,0.25,25,0,0,2,0,0,0,,,,,,,,
g2_rain_fade,RAIN_FADE,24,,300,2,115,ok,,,1,72.701958,2011,5,11.573,0.118,10.471,10.450625,886,708,417,2011,2,2,1,5,1.7631E+12,1.7631E+12,heavy,0.25,25,0,0,2,0,0,0,,,,,,,,
g2_rain_fade,RAIN_FADE,24,,300,2,116,ok,,,2,75.694583,2014,5,10.778,0.113,11.439,11.459,887,708,419,2014,2,2,1,5,1.7631E+12,1.7631E+12,heavy,0.25,25,0,4,4,1,0,0,,,,,,,,
g2_rain_fade,RAIN_FADE,24,,300,2,117,timeout,wait_m4,0,3,305.028792,97,1,3.861,0,0,0,97,0,0,97,1,0,0,1,,,heavy,0.25,25,0,6,6,1,1,3,,,,,,,,
g2_rain_fade,RAIN_FADE,24,,300,2,118,ok,,,1,71.316417,2015,5,10.505,0.108,11.412,11.413042,888,709,418,2015,2,2,1,5,1.7631E+12,1.7631E+12,heavy,0.25,25,0,1,2,0.5,0,0,,,,,,,,
g2_rain_fade,RAIN_FADE,24,,300,2,119,ok,,,1,73.649917,2014,5,10.511,0.126,11.301,11.279375,888,708,418,2014,2,2,1,5,1.7631E+12,1.7631E+12,heavy,0.25,25,0,2,2,1,0,0,,,,,,,,
g2_rain_fade,RAIN_FADE,24,,300,2,120,ok,,,1,71.27075,2010,5,10.408,0.081,10.826,10.794417,886,707,417,2010,2,2,1,5,1.7631E+12,1.7631E+12,heavy,0.25,25,0,2,2,1,0,0,,,,,,,,
g2_rain_fade,RAIN_FADE,24,,300,2,121,timeout,wait_m4,0,3,304.633834,97,1,3.937,0,0,0,97,0,0,97,1,0,0,1,,,heavy,0.25,25,0,4,5,0.8,1,3,,,,,,,,
g2_rain_fade,RAIN_FADE,24,,300,2,122,ok,,,1,72.88691701,2014,5,10.463,0.138,10.576,10.547417,888,708,418,2014,2,2,1,5,1.7631E+12,1.7631E+12,heavy,0.25,25,0,0,2,0,0,0,,,,,,,,
g2_rain_fade,RAIN_FADE,24,,300,2,123,ok,,,1,79.207166,2015,5,12.692,0.108,10.9,10.9075,888,708,419,2015,2,2,1,5,1.7631E+12,1.7631E+12,heavy,0.25,25,0,2,2,1,0,0,,,,,,,,
g2_rain_fade,RAIN_FADE,24,,300,2,124,ok,,,3,73.81825001,2010,5,10.498,0.09,10.391,10.368334,886,707,417,2010,2,2,1,5,1.7631E+12,1.7631E+12,heavy,0.25,25,0,5,5,1,0,0,,,,,,,,
g2_rain_fade,RAIN_FADE,24,,300,2,125,ok,,,1,72.536208,2015,5,11.288,0.153,11.528,11.48391701,888,709,418,2015,2,2,1,5,1.7631E+12,1.7631E+12,heavy,0.25,25,0,5,5,1,0,0,,,,,,,,
g2_rain_fade,RAIN_FADE,24,,300,2,126,ok,,,3,68.778917,2012,5,11.14,0.115,11.083,11.051167,887,707,418,2012,2,2,1,5,1.7631E+12,1.7631E+12,heavy,0.25,25,0,4,5,0.8,0,0,,,,,,,,
g2_rain_fade,RAIN_FADE,24,,300,2,127,ok,,,1,73.442625,2016,5,11.118,0.116,10.73,10.709166,888,709,419,2016,2,2,1,5,1.7631E+12,1.7631E+12,heavy,0.25,25,0,2,2,1,0,0,,,,,,,,
g2_rain_fade,RAIN_FADE,24,,300,2,128,ok,,,1,73.597792,2012,5,10.421,0.132,11.054,11.018209,887,708,417,2012,2,2,1,5,1.7631E+12,1.7631E+12,heavy,0.25,25,0,0,2,0,0,0,,,,,,,,
g2_rain_fade,RAIN_FADE,24,,300,2,129,ok,,,1,73.858667,2014,5,12.039,0.109,11.577,11.615459,888,708,418,2014,2,2,1,5,1.7631E+12,1.7631E+12,heavy,0.25,25,0,0,2,0,0,0,,,,,,,,
g2_rain_fade,RAIN_FADE,24,,300,2,130,ok,,,2,68.0415,2013,5,11.464,0.136,10.732,10.697,887,708,418,2013,2,2,1,5,1.7631E+12,1.7631E+12,heavy,0.25,25,0,4,4,1,0,0,,,,,,,,
g2_rain_fade,RAIN_FADE,24,,300,2,131,ok,,,1,69.212959,2017,5,10.37,0.171,10.775,10.770041,889,709,419,2017,2,2,1,5,1.7631E+12,1.7631E+12,heavy,0.25,25,0,0,2,0,0,0,,,,,,,,
g2_rain_fade,RAIN_FADE,24,,300,2,132,ok,,,1,90.617875,2013,5,22.47,0.207,16.013,16.014125,887,707,419,2013,2,2,1,5,1.7631E+12,1.7631E+12,heavy,0.25,25,0,5,7,0.714285714,0,0,,,,,,,,
g2_rain_fade,RAIN_FADE,24,,300,2,133,ok,,,1,89.790625,2016,5,15.29,0.198,16.112,16.446708,888,709,419,2016,2,2,1,5,1.7631E+12,1.7631E+12,heavy,0.25,25,0,5,5,1,0,0,,,,,,,,
g2_rain_fade,RAIN_FADE,24,,300,2,134,ok,,,1,73.134166,2010,5,10.485,0.166,10.627,10.593542,885,707,418,2010,2,2,1,5,1.7631E+12,1.7631E+12,heavy,0.25,25,0,0,2,0,0,0,,,,,,,,
g2_rain_fade,RAIN_FADE,24,,300,2,135,ok,,,1,67.206875,2015,5,10.593,0.12,12.308,12.330791,888,708,419,2015,2,2,1,5,1.7631E+12,1.7631E+12,heavy,0.25,25,0,2,2,1,0,0,,,,,,,,
g2_rain_fade,RAIN_FADE,24,,300,2,136,ok,,,1,71.756083,2017,5,10.965,0.098,12.537,12.566833,889,709,419,2017,2,2,1,5,1.7631E+12,1.7631E+12,heavy,0.25,25,0,2,2,1,0,0,,,,,,,,
g2_rain_fade,RAIN_FADE,24,,300,2,137,ok,,,1,71.729458,2014,5,11.114,0.139,11.889,11.92970799,888,708,418,2014,2,2,1,5,1.7631E+12,1.7631E+12,heavy,0.25,25,0,0,2,0,0,0,,,,,,,,
g2_rain_fade,RAIN_FADE,24,,300,2,138,ok,,,1,71.608958,2017,5,10.611,0.082,10.396,10.366833,889,709,419,2017,2,2,1,5,1.7631E+12,1.7631E+12,heavy,0.25,25,0,0,2,0,0,0,,,,,,,,
g2_rain_fade,RAIN_FADE,24,,300,2,139,ok,,,1,73.573583,2014,5,11.883,0.12,12.633,12.767084,888,708,418,2014,2,2,1,5,1.7631E+12,1.7631E+12,heavy,0.25,25,0,0,2,0,0,0,,,,,,,,
g2_rain_fade,RAIN_FADE,24,,300,2,140,ok,,,1,71.946792,2014,5,11.625,0.136,10.706,10.663166,888,708,418,2014,2,2,1,5,1.7631E+12,1.7631E+12,heavy,0.25,25,0,2,2,1,0,0,,,,,,,,
g2_rain_fade,RAIN_FADE,24,,300,2,141,ok,,,3,76.758375,2014,5,12.561,0.084,11.327,11.305584,887,709,418,2014,2,2,1,5,1.7631E+12,1.7631E+12,heavy,0.25,25,0,7,7,1,0,0,,,,,,,,
g2_rain_fade,RAIN_FADE,24,,300,2,142,ok,,,1,67.788583,2014,5,12.37,0.15,10.636,10.611875,888,708,418,2014,2,2,1,5,1.7631E+12,1.7631E+12,heavy,0.25,25,0,0,2,0,0,0,,,,,,,,
g2_rain_fade,RAIN_FADE,24,,300,2,143,ok,,,1,75.63475,2012,5,13.001,0.135,13.517,14.217834,887,708,417,2012,2,2,1,5,1.7631E+12,1.7631E+12,heavy,0.25,25,0,4,4,1,0,0,,,,,,,,
g2_rain_fade,RAIN_FADE,24,,300,2,144,ok,,,1,76.43729101,2017,5,10.5,0.101,10.509,10.480125,889,709,419,2017,2,2,1,5,1.7631E+12,1.7631E+12,heavy,0.25,25,0,1,2,0.5,0,0,,,,,,,,
g2_rain_fade,RAIN_FADE,24,,300,2,145,timeout,wait_m4,0,3,309.662,97,1,4.172,0,0,0,97,0,0,97,1,0,0,1,,,heavy,0.25,25,0,0,5,0,1,3,,,,,,,,
g2_rain_fade,RAIN_FADE,24,,300,2,146,ok,,,1,75.11579101,2015,5,10.809,0.096,10.745,10.703875,888,709,418,2015,2,2,1,5,1.7631E+12,1.7631E+12,heavy,0.25,25,0,2,2,1,0,0,,,,,,,,
g2_rain_fade,RAIN_FADE,24,,300,2,147,ok,,,1,75.986125,2014,5,10.981,0.132,11.337,11.442083,887,708,419,2014,2,2,1,5,1.7631E+12,1.7631E+12,heavy,0.25,25,0,2,2,1,0,0,,,,,,,,
g2_rain_fade,RAIN_FADE,24,,300,2,148,ok,,,1,74.413792,2010,5,11.109,0.12,11.204,11.174083,886,707,417,2010,2,2,1,5,1.7631E+12,1.7631E+12,heavy,0.25,25,0,0,2,0,0,0,,,,,,,,
g2_rain_fade,RAIN_FADE,24,,300,2,149,ok,,,1,75.878125,2017,5,10.483,0.101,11.456,11.463083,889,709,419,2017,2,2,1,5,1.7631E+12,1.7631E+12,heavy,0.25,25,0,2,2,1,0,0,,,,,,,,
g2_rain_fade,RAIN_FADE,24,,300,2,150,ok,,,1,68.27204199,2017,5,10.721,0.106,10.826,10.815417,889,709,419,2017,2,2,1,5,1.7631E+12,1.7631E+12,heavy,0.25,25,0,2,2,1,0,0,,,,,,,,
g2_rain_fade,RAIN_FADE,24,,300,2,151,ok,,,1,71.599875,2017,5,10.518,0.154,10.67,10.63675,889,709,419,2017,2,2,1,5,1.7631E+12,1.7631E+12,heavy,0.25,25,0,0,2,0,0,0,,,,,,,,
g2_rain_fade,RAIN_FADE,24,,300,2,152,ok,,,1,72.914875,2017,5,11.967,0.095,10.69,10.663458,889,709,419,2017,2,2,1,5,1.7631E+12,1.7631E+12,heavy,0.25,25,0,0,2,0,0,0,,,,,,,,
g2_rain_fade,RAIN_FADE,24,,300,2,153,ok,,,2,76.310709,2014,5,11.485,0.072,10.712,10.698834,887,709,418,2014,2,2,1,5,1.7631E+12,1.7631E+12,heavy,0.25,25,0,2,4,0.5,0,0,,,,,,,,
g2_rain_fade,RAIN_FADE,24,,300,2,154,ok,,,1,74.32316599,2013,5,10.565,0.156,11.979,12.099625,887,707,419,2013,2,2,1,5,1.7631E+12,1.7631E+12,heavy,0.25,25,0,4,4,1,0,0,,,,,,,,
g2_rain_fade,RAIN_FADE,24,,300,2,155,ok,,,1,78.24420901,2012,5,11.436,0.099,11.187,11.148084,886,708,418,2012,2,2,1,5,1.7631E+12,1.7631E+12,heavy,0.25,25,0,7,7,1,0,0,,,,,,,,
g2_rain_fade,RAIN_FADE,24,,300,2,156,ok,,,1,75.92225,2012,5,10.49,0.096,11.484,11.681125,887,707,418,2012,2,2,1,5,1.7631E+12,1.7631E+12,heavy,0.25,25,0,2,2,1,0,0,,,,,,,,
g2_rain_fade,RAIN_FADE,24,,300,2,157,ok,,,1,68.433584,2012,5,10.546,0.223,12.213,12.19675,887,707,418,2012,2,2,1,5,1.7631E+12,1.7631E+12,heavy,0.25,25,0,0,2,0,0,0,,,,,,,,
g2_rain_fade,RAIN_FADE,24,,300,2,158,ok,,,2,72.082084,2015,5,11.245,0.089,10.584,10.548542,888,709,418,2015,2,2,1,5,1.7631E+12,1.7631E+12,heavy,0.25,25,0,4,4,1,0,0,,,,,,,,
g2_rain_fade,RAIN_FADE,24,,300,2,159,ok,,,2,72.834375,2017,5,13.014,0.179,10.959,10.945041,889,709,419,2017,2,2,1,5,1.7631E+12,1.7631E+12,heavy,0.25,25,0,6,6,1,0,0,,,,,,,,
g2_rain_fade,RAIN_FADE,24,,300,2,160,ok,,,1,70.38195799,2015,5,10.451,0.094,10.46,10.43854201,888,708,419,2015,2,2,1,5,1.7631E+12,1.7631E+12,heavy,0.25,25,0,0,2,0,0,0,,,,,,,,
g2_rain_fade,RAIN_FADE,24,,300,2,161,ok,,,1,69.642792,2015,5,10.335,0.122,10.644,10.61541701,888,708,419,2015,2,2,1,5,1.7631E+12,1.7631E+12,heavy,0.25,25,0,2,2,1,0,0,,,,,,,,
g2_rain_fade,RAIN_FADE,24,,300,2,162,ok,,,1,68.662791,2013,5,10.556,0.098,10.755,10.736875,887,708,418,2013,2,2,1,5,1.7631E+12,1.7631E+12,heavy,0.25,25,0,0,2,0,0,0,,,,,,,,
g2_rain_fade,RAIN_FADE,24,,300,2,163,ok,,,3,74.994375,2017,5,10.809,0.069,10.543,10.5225,889,709,419,2017,2,2,1,5,1.7631E+12,1.7631E+12,heavy,0.25,25,0,6,6,1,0,0,,,,,,,,
g2_rain_fade,RAIN_FADE,24,,300,2,164,ok,,,2,79.512916,2011,5,13.8,0.217,13.682,13.688541,886,707,418,2011,2,2,1,5,1.7631E+12,1.7631E+12,heavy,0.25,25,0,6,6,1,0,0,,,,,,,,
g2_rain_fade,RAIN_FADE,24,,300,2,165,ok,,,1,73.939,2014,5,10.367,0.127,10.694,10.68220801,888,708,418,2014,2,2,1,5,1.7631E+12,1.7631E+12,heavy,0.25,25,0,0,2,0,0,0,,,,,,,,
g2_rain_fade,RAIN_FADE,24,,300,2,166,timeout,wait_m4,0,3,304.883292,97,1,4.031,0,0,0,97,0,0,97,1,0,0,1,,,heavy,0.25,25,0,6,6,1,1,3,,,,,,,,
g2_rain_fade,RAIN_FADE,24,,300,2,167,ok,,,1,75.464209,2015,5,13.741,0.161,11.044,11.001584,888,708,419,2015,2,2,1,5,1.7631E+12,1.7631E+12,heavy,0.25,25,0,7,7,1,0,0,,,,,,,,
g2_rain_fade,RAIN_FADE,24,,300,2,168,timeout,wait_m6,0,3,507.00325,356,1,5.269,0,0,0,356,0,0,356,1,0,0,1,1.7631E+12,,heavy,0.25,25,0,9,11,0.818181818,1,3,,,,,,,,
g2_rain_fade,RAIN_FADE,24,,300,2,169,ok,,,1,71.189583,2011,5,10.45,0.113,11.244,11.293541,886,707,418,2011,2,2,1,5,1.7631E+12,1.7631E+12,heavy,0.25,25,0,2,2,1,0,0,,,,,,,,
g2_rain_fade,RAIN_FADE,24,,300,2,170,ok,,,2,76.092458,2014,5,10.617,0.159,10.748,10.723875,888,708,418,2014,2,2,1,5,1.7631E+12,1.7631E+12,heavy,0.25,25,0,6,6,1,0,0,,,,,,,,
g2_rain_fade,RAIN_FADE,24,,300,2,171,ok,,,1,73.72837501,2013,5,10.469,0.119,11.138,11.1165,887,708,418,2013,2,2,1,5,1.7631E+12,1.7631E+12,heavy,0.25,25,0,2,2,1,0,0,,,,,,,,
g2_rain_fade,RAIN_FADE,24,,300,2,172,ok,,,1,68.492,2014,5,10.893,0.093,11.065,11.096417,888,708,418,2014,2,2,1,5,1.7631E+12,1.7631E+12,heavy,0.25,25,0,1,2,0.5,0,0,,,,,,,,
g2_rain_fade,RAIN_FADE,24,,300,2,173,ok,,,1,70.93958399,2010,5,10.944,0.12,10.719,10.705166,886,707,417,2010,2,2,1,5,1.7631E+12,1.7631E+12,heavy,0.25,25,0,0,2,0,0,0,,,,,,,,
g2_rain_fade,RAIN_FADE,24,,300,2,174,ok,,,1,69.921375,2015,5,10.695,0.114,11.275,11.310833,888,709,418,2015,2,2,1,5,1.7631E+12,1.7631E+12,heavy,0.25,25,0,2,2,1,0,0,,,,,,,,
g2_rain_fade,RAIN_FADE,24,,300,2,175,ok,,,1,70.804542,2015,5,12.118,0.146,11.117,11.082584,888,709,418,2015,2,2,1,5,1.7631E+12,1.7631E+12,heavy,0.25,25,0,2,2,1,0,0,,,,,,,,
g2_rain_fade,RAIN_FADE,24,,300,2,176,ok,,,1,76.443834,2016,5,10.895,0.158,10.904,10.868917,888,709,419,2016,2,2,1,5,1.7631E+12,1.7631E+12,heavy,0.25,25,0,7,7,1,0,0,,,,,,,,
g2_rain_fade,RAIN_FADE,24,,300,2,177,ok,,,1,64.409792,2014,5,11.236,0.084,10.794,10.774917,887,708,419,2014,2,2,1,5,1.7631E+12,1.7631E+12,heavy,0.25,25,0,2,2,1,0,0,,,,,,,,
g2_rain_fade,RAIN_FADE,24,,300,2,178,ok,,,1,70.251583,2017,5,10.463,0.09,10.314,10.281084,889,709,419,2017,2,2,1,5,1.7631E+12,1.7631E+12,heavy,0.25,25,0,1,2,0.5,0,0,,,,,,,,
g2_rain_fade,RAIN_FADE,24,,300,2,179,ok,,,1,69.34099999,2014,5,11.768,0.097,10.824,10.852458,888,708,418,2014,2,2,1,5,1.7631E+12,1.7631E+12,heavy,0.25,25,0,2,2,1,0,0,,,,,,,,
g2_rain_fade,RAIN_FADE,24,,300,2,180,ok,,,1,74.074542,2016,5,10.941,0.183,10.888,10.861958,888,709,419,2016,2,2,1,5,1.7631E+12,1.7631E+12,heavy,0.25,25,0,3,5,0.6,0,0,,,,,,,,
g2_rain_fade,RAIN_FADE,24,,300,2,181,ok,,,1,77.21875,2013,5,11.973,0.128,12.866,12.87,887,708,418,2013,2,2,1,5,1.7631E+12,1.7631E+12,heavy,0.25,25,0,2,4,0.5,0,0,,,,,,,,
g2_rain_fade,RAIN_FADE,24,,300,2,182,ok,,,3,78.02975,2012,5,11.598,0.116,10.524,10.489458,886,708,418,2012,2,2,1,5,1.7631E+12,1.7631E+12,heavy,0.25,25,0,4,5,0.8,0,0,,,,,,,,
g2_rain_fade,RAIN_FADE,24,,300,2,183,ok,,,1,71.815166,2012,5,10.358,0.138,10.745,10.719917,887,707,418,2012,2,2,1,5,1.7631E+12,1.7631E+12,heavy,0.25,25,0,0,2,0,0,0,,,,,,,,
g2_rain_fade,RAIN_FADE,24,,300,2,184,ok,,,1,77.42975,2014,5,11.798,0.111,11.064,11.032708,888,708,418,2014,2,2,1,5,1.7631E+12,1.7631E+12,heavy,0.25,25,0,7,7,1,0,0,,,,,,,,
g2_rain_fade,RAIN_FADE,24,,300,2,185,ok,,,1,75.722417,2013,5,10.877,0.148,11.071,11.034709,887,708,418,2013,2,2,1,5,1.7631E+12,1.7631E+12,heavy,0.25,25,0,2,2,1,0,0,,,,,,,,
g2_rain_fade,RAIN_FADE,24,,300,2,186,ok,,,1,69.179834,2016,5,13.17,0.138,10.729,10.696291,888,709,419,2016,2,2,1,5,1.7631E+12,1.7631E+12,heavy,0.25,25,0,0,2,0,0,0,,,,,,,,
g2_rain_fade,RAIN_FADE,24,,300,2,187,ok,,,1,70.97104099,2013,5,10.523,0.094,10.515,10.486625,887,708,418,2013,2,2,1,5,1.7631E+12,1.7631E+12,heavy,0.25,25,0,1,2,0.5,0,0,,,,,,,,
g2_rain_fade,RAIN_FADE,24,,300,2,188,ok,,,1,71.359126,2012,5,10.199,0.14,11.151,11.113875,887,707,418,2012,2,2,1,5,1.7631E+12,1.7631E+12,heavy,0.25,25,0,2,2,1,0,0,,,,,,,,
g2_rain_fade,RAIN_FADE,24,,300,2,189,ok,,,2,65.432292,2014,5,10.891,0.115,10.839,10.850334,888,708,418,2014,2,2,1,5,1.7631E+12,1.7631E+12,heavy,0.25,25,0,4,4,1,0,0,,,,,,,,
g2_rain_fade,RAIN_FADE,24,,300,2,190,timeout,wait_m6,0,3,505.860375,357,1,4.185,0,0,0,357,0,0,357,1,0,0,1,1.7631E+12,,heavy,0.25,25,0,9,9,1,0,0,,,,,,,,
g2_rain_fade,RAIN_FADE,24,,300,2,191,ok,,,1,75.131001,2012,5,11.96,0.133,10.53,10.511959,887,707,418,2012,2,2,1,5,1.7631E+12,1.7631E+12,heavy,0.25,25,0,2,2,1,0,0,,,,,,,,
g2_rain_fade,RAIN_FADE,24,,300,2,192,ok,,,2,79.924917,2010,5,12.345,0.139,12.95,12.93720899,886,708,416,2010,2,2,1,5,1.7631E+12,1.7631E+12,heavy,0.25,25,0,8,8,1,0,0,,,,,,,,
g2_rain_fade,RAIN_FADE,24,,300,2,193,ok,,,1,74.850375,2012,5,10.976,0.138,11.327,11.316833,887,707,418,2012,2,2,1,5,1.7631E+12,1.7631E+12,heavy,0.25,25,0,2,2,1,0,0,,,,,,,,
g2_rain_fade,RAIN_FADE,24,,300,2,194,ok,,,1,71.887583,2017,5,10.436,0.139,10.827,10.895875,889,709,419,2017,2,2,1,5,1.7631E+12,1.7631E+12,heavy,0.25,25,0,1,2,0.5,0,0,,,,,,,,
g2_rain_fade,RAIN_FADE,24,,300,2,195,ok,,,1,74.126834,2015,5,11.346,0.14,11.345,11.333166,888,709,418,2015,2,2,1,5,1.7631E+12,1.7631E+12,heavy,0.25,25,0,2,2,1,0,0,,,,,,,,
g2_rain_fade,RAIN_FADE,24,,300,2,196,timeout,wait_m6,0,3,504.7075,356,1,4.166,0,0,0,356,0,0,356,1,0,0,1,1.7631E+12,,heavy,0.25,25,0,10,10,1,0,0,,,,,,,,
g2_rain_fade,RAIN_FADE,24,,300,2,197,ok,,,1,77.011708,2010,5,10.705,0.109,11.455,11.515375,886,706,418,2010,2,2,1,5,1.7631E+12,1.7631E+12,heavy,0.25,25,0,2,2,1,0,0,,,,,,,,
g2_rain_fade,RAIN_FADE,24,,300,2,198,ok,,,2,69.83958399,2013,5,11.53,0.096,11.254,11.275917,887,708,418,2013,2,2,1,5,1.7631E+12,1.7631E+12,heavy,0.25,25,0,4,4,1,0,0,,,,,,,,
g2_rain_fade,RAIN_FADE,24,,300,2,199,ok,,,1,69.48975,2017,5,10.772,0.155,10.817,10.78125001,889,709,419,2017,2,2,1,5,1.7631E+12,1.7631E+12,heavy,0.25,25,0,0,2,0,0,0,,,,,,,,
g2_rain_fade,RAIN_FADE,24,,300,2,200,ok,,,1,68.719542,2015,5,10.566,0.146,10.611,10.5765,888,708,419,2015,2,2,1,5,1.7631E+12,1.7631E+12,heavy,0.25,25,0,2,2,1,0,0,,,,,,,,
g2_rain_fade,RAIN_FADE,24,,300,2,201,ok,,,2,81.993625,2015,5,13.987,0.207,12.374,12.324459,888,709,418,2015,2,2,1,5,1.7631E+12,1.7631E+12,heavy,0.25,25,0,6,6,1,0,0,,,,,,,,
g2_rain_fade,RAIN_FADE,24,,300,2,202,ok,,,1,66.144417,2015,5,10.332,0.146,10.694,10.672625,888,709,418,2015,2,2,1,5,1.7631E+12,1.7631E+12,heavy,0.25,25,0,2,2,1,0,0,,,,,,,,
g2_rain_fade,RAIN_FADE,24,,300,2,203,ok,,,1,74.77225,2016,5,10.908,0.138,10.549,10.514917,888,709,419,2016,2,2,1,5,1.7631E+12,1.7631E+12,heavy,0.25,25,0,0,2,0,0,0,,,,,,,,
g2_rain_fade,RAIN_FADE,24,,300,2,204,ok,,,1,79.593833,2017,5,11.833,0.14,11.185,11.203667,889,709,419,2017,2,2,1,5,1.7631E+12,1.7631E+12,heavy,0.25,25,0,2,2,1,0,0,,,,,,,,
g2_rain_fade,RAIN_FADE,24,,300,2,205,timeout,wait_m6,0,3,506.143333,357,1,4.629,0,0,0,357,0,0,357,1,0,0,1,1.7631E+12,,heavy,0.25,25,0,10,10,1,0,0,,,,,,,,
g2_rain_fade,RAIN_FADE,24,,300,2,206,ok,,,1,68.385459,2017,5,10.677,0.155,11.165,11.139208,889,709,419,2017,2,2,1,5,1.7631E+12,1.7631E+12,heavy,0.25,25,0,2,2,1,0,0,,,,,,,,
g2_rain_fade,RAIN_FADE,24,,300,2,207,ok,,,1,74.922417,2014,5,12.647,0.159,13.545,13.589541,887,709,418,2014,2,2,1,5,1.7631E+12,1.7631E+12,heavy,0.25,25,0,5,5,1,0,0,,,,,,,,
g2_rain_fade,RAIN_FADE,24,,300,2,208,ok,,,1,77.949167,2016,5,12.427,0.123,11.119,11.087,888,709,419,2016,2,2,1,5,1.7631E+12,1.7631E+12,heavy,0.25,25,0,7,7,1,0,0,,,,,,,,
g2_rain_fade,RAIN_FADE,24,,300,2,209,ok,,,1,74.157833,2017,5,11.191,0.128,10.472,10.446959,889,709,419,2017,2,2,1,5,1.7631E+12,1.7631E+12,heavy,0.25,25,0,2,2,1,0,0,,,,,,,,
g2_rain_fade,RAIN_FADE,24,,300,2,210,ok,,,1,74.628708,2012,5,10.619,0.138,10.788,10.765916,887,708,417,2012,2,2,1,5,1.7631E+12,1.7631E+12,heavy,0.25,25,0,0,2,0,0,0,,,,,,,,
g2_rain_fade,RAIN_FADE,24,,300,2,211,ok,,,1,80.730833,2014,5,14.204,0.119,16.578,16.577042,887,709,418,2014,2,2,1,5,1.7631E+12,1.7631E+12,heavy,0.25,25,0,5,5,1,0,0,,,,,,,,
g2_rain_fade,RAIN_FADE,24,,300,2,212,ok,,,1,75.52375,2010,5,11.944,0.151,12.14,12.099666,886,707,417,2010,2,2,1,5,1.7631E+12,1.7631E+12,heavy,0.25,25,0,4,4,1,0,0,,,,,,,,
g2_rain_fade,RAIN_FADE,24,,300,2,213,ok,,,1,68.34179199,2012,5,11.4,0.111,12.132,12.129792,887,708,417,2012,2,2,1,5,1.7631E+12,1.7631E+12,heavy,0.25,25,0,5,5,1,0,0,,,,,,,,
g2_rain_fade,RAIN_FADE,24,,300,2,214,ok,,,2,66.741334,2015,5,10.671,0.142,11.359,11.338417,888,708,419,2015,2,2,1,5,1.7631E+12,1.7631E+12,heavy,0.25,25,0,4,4,1,0,0,,,,,,,,
g2_rain_fade,RAIN_FADE,24,,300,2,215,ok,,,1,72.4435,2013,5,10.374,0.15,10.751,10.728416,887,709,417,2013,2,2,1,5,1.7631E+12,1.7631E+12,heavy,0.25,25,0,2,2,1,0,0,,,,,,,,
g2_rain_fade,RAIN_FADE,24,,300,2,216,ok,,,1,70.420375,2012,5,10.636,0.126,10.922,10.8875,886,708,418,2012,2,2,1,5,1.7631E+12,1.7631E+12,heavy,0.25,25,0,1,2,0.5,0,0,,,,,,,,
g2_rain_fade,RAIN_FADE,24,,300,2,217,ok,,,1,72.447375,2010,5,11.57,0.137,10.79,10.759166,886,708,416,2010,2,2,1,5,1.7631E+12,1.7631E+12,heavy,0.25,25,0,0,2,0,0,0,,,,,,,,
g2_rain_fade,RAIN_FADE,24,,300,2,218,ok,,,1,73.52375,2015,5,12.679,0.114,11.938,11.91770801,888,708,419,2015,2,2,1,5,1.7631E+12,1.7631E+12,heavy,0.25,25,0,5,5,1,0,0,,,,,,,,
g2_rain_fade,RAIN_FADE,24,,300,2,219,timeout,wait_m4,0,3,306.842875,97,1,3.858,0,0,0,97,0,0,97,1,0,0,1,,,heavy,0.25,25,0,4,5,0.8,1,3,,,,,,,,
g2_rain_fade,RAIN_FADE,24,,300,2,220,ok,,,2,69.66441699,2012,5,13.588,0.142,11.119,11.08475,887,708,417,2012,2,2,1,5,1.7631E+12,1.7631E+12,heavy,0.25,25,0,4,4,1,0,0,,,,,,,,
g2_rain_fade,RAIN_FADE,24,,300,2,221,ok,,,2,81.976625,2013,5,13.487,0.108,11.353,11.31387499,887,707,419,2013,2,2,1,5,1.7631E+12,1.7631E+12,heavy,0.25,25,0,6,6,1,0,0,,,,,,,,
g2_rain_fade,RAIN_FADE,24,,300,2,222,ok,,,1,73.3975,2017,5,10.454,0.145,11.048,11.010084,889,709,419,2017,2,2,1,5,1.7631E+12,1.7631E+12,heavy,0.25,25,0,0,2,0,0,0,,,,,,,,
g2_rain_fade,RAIN_FADE,24,,300,2,223,ok,,,1,70.953209,2011,5,12.82,0.159,11.092,11.109625,886,707,418,2011,2,2,1,5,1.7631E+12,1.7631E+12,heavy,0.25,25,0,5,5,1,0,0,,,,,,,,
g2_rain_fade,RAIN_FADE,24,,300,2,224,ok,,,2,68.555583,2016,5,12.039,0.166,10.73,10.693792,888,709,419,2016,2,2,1,5,1.7631E+12,1.7631E+12,heavy,0.25,25,0,4,4,1,0,0,,,,,,,,
g2_rain_fade,RAIN_FADE,24,,300,2,225,ok,,,1,77.215375,2015,5,13.259,0.167,14.782,14.858166,888,709,418,2015,2,2,1,5,1.7631E+12,1.7631E+12,heavy,0.25,25,0,3,5,0.6,0,0,,,,,,,,
g2_rain_fade,RAIN_FADE,24,,300,2,226,ok,,,1,67.542458,2012,5,10.615,0.141,10.616,10.599334,887,708,417,2012,2,2,1,5,1.7631E+12,1.7631E+12,heavy,0.25,25,0,2,2,1,0,0,,,,,,,,
g2_rain_fade,RAIN_FADE,24,,300,2,227,ok,,,1,77.868792,2012,5,12.543,0.163,10.749,10.705459,887,707,418,2012,2,2,1,5,1.7631E+12,1.7631E+12,heavy,0.25,25,0,5,7,0.714285714,1,3,,,,,,,,
g2_rain_fade,RAIN_FADE,24,,300,2,228,ok,,,2,74.312375,2017,5,15.327,0.148,11.306,11.240625,889,709,419,2017,2,2,1,5,1.7631E+12,1.7631E+12,heavy,0.25,25,0,2,4,0.5,0,0,,,,,,,,
g2_rain_fade,RAIN_FADE,24,,300,2,229,ok,,,1,77.60154201,2017,5,11.663,0.086,10.506,10.471916,889,709,419,2017,2,2,1,5,1.7631E+12,1.7631E+12,heavy,0.25,25,0,0,2,0,0,0,,,,,,,,
g2_rain_fade,RAIN_FADE,24,,300,2,230,ok,,,1,68.153708,2011,5,10.32,0.13,10.939,10.90199999,886,707,418,2011,2,2,1,5,1.7631E+12,1.7631E+12,heavy,0.25,25,0,2,2,1,0,0,,,,,,,,
g2_rain_fade,RAIN_FADE,24,,300,2,231,ok,,,1,76.214167,2013,5,16.608,0.14,10.793,10.76483299,887,708,418,2013,2,2,1,5,1.7631E+12,1.7631E+12,heavy,0.25,25,0,0,2,0,0,0,,,,,,,,
g2_rain_fade,RAIN_FADE,24,,300,2,232,ok,,,1,70.9155,2017,5,12.152,0.108,11.201,11.21300001,889,709,419,2017,2,2,1,5,1.7631E+12,1.7631E+12,heavy,0.25,25,0,0,2,0,0,0,,,,,,,,
g2_rain_fade,RAIN_FADE,24,,300,2,233,ok,,,1,69.429917,2015,5,10.98,0.098,10.56,10.518459,888,709,418,2015,2,2,1,5,1.7631E+12,1.7631E+12,heavy,0.25,25,0,4,5,0.8,0,0,,,,,,,,
g2_rain_fade,RAIN_FADE,24,,300,2,234,ok,,,1,73.056542,2017,5,11.031,0.086,10.563,10.533042,889,709,419,2017,2,2,1,5,1.7631E+12,1.7631E+12,heavy,0.25,25,0,2,2,1,0,0,,,,,,,,
g2_rain_fade,RAIN_FADE,24,,300,2,235,ok,,,1,72.175958,2015,5,10.59,0.097,11.146,11.196667,888,708,419,2015,2,2,1,5,1.7631E+12,1.7631E+12,heavy,0.25,25,0,0,2,0,0,0,,,,,,,,
g2_rain_fade,RAIN_FADE,24,,300,2,236,ok,,,2,87.895792,2017,5,13.569,0.139,12.293,12.265833,889,709,419,2017,2,2,1,5,1.7631E+12,1.7631E+12,heavy,0.25,25,0,6,6,1,0,0,,,,,,,,
g2_rain_fade,RAIN_FADE,24,,300,2,237,ok,,,2,71.813458,2017,5,11.787,0.131,10.873,10.84033299,889,709,419,2017,2,2,1,5,1.7631E+12,1.7631E+12,heavy,0.25,25,0,3,4,0.75,0,0,,,,,,,,
g2_rain_fade,RAIN_FADE,24,,300,2,238,ok,,,1,66.498209,2013,5,10.285,0.092,10.594,10.575916,887,708,418,2013,2,2,1,5,1.7631E+12,1.7631E+12,heavy,0.25,25,0,2,2,1,0,0,,,,,,,,
g2_rain_fade,RAIN_FADE,24,,300,2,239,ok,,,2,75.4695,2014,5,11.169,0.118,12.335,12.311625,887,708,419,2014,2,2,1,5,1.7631E+12,1.7631E+12,heavy,0.25,25,0,4,4,1,0,0,,,,,,,,
g2_rain_fade,RAIN_FADE,24,,300,2,240,ok,,,2,71.784,2014,5,10.661,0.108,11.419,11.4405,888,708,418,2014,2,2,1,5,1.7631E+12,1.7631E+12,heavy,0.25,25,0,4,4,1,0,0,,,,,,,,
g2_rain_fade,RAIN_FADE,24,,300,2,241,ok,,,1,71.950542,2017,5,11.492,0.111,11.661,11.644334,889,709,419,2017,2,2,1,5,1.7631E+12,1.7631E+12,heavy,0.25,25,0,2,2,1,0,0,,,,,,,,
g2_rain_fade,RAIN_FADE,24,,300,2,242,ok,,,1,66.982333,2015,5,10.249,0.085,10.575,10.553416,888,708,419,2015,2,2,1,5,1.7631E+12,1.7631E+12,heavy,0.25,25,0,1,2,0.5,0,0,,,,,,,,
g2_rain_fade,RAIN_FADE,24,,300,2,243,ok,,,1,71.770416,2012,5,10.909,0.124,11.536,11.509084,887,707,418,2012,2,2,1,5,1.7631E+12,1.7631E+12,heavy,0.25,25,0,2,4,0.5,0,0,,,,,,,,
g2_rain_fade,RAIN_FADE,24,,300,2,244,ok,,,2,73.435209,2012,5,13.52,0.121,12.003,11.979166,887,707,418,2012,2,2,1,5,1.7631E+12,1.7631E+12,heavy,0.25,25,0,4,4,1,0,0,,,,,,,,
g2_rain_fade,RAIN_FADE,24,,300,2,245,ok,,,1,72.194792,2012,5,11.097,0.131,11.486,11.49666699,887,708,417,2012,2,2,1,5,1.7631E+12,1.7631E+12,heavy,0.25,25,0,2,2,1,0,0,,,,,,,,
g2_rain_fade,RAIN_FADE,24,,300,2,246,ok,,,1,80.731375,2015,5,15.763,0.167,13.656,13.661916,888,709,418,2015,2,2,1,5,1.7631E+12,1.7631E+12,heavy,0.25,25,0,5,5,1,0,0,,,,,,,,
g2_rain_fade,RAIN_FADE,24,,300,2,247,ok,,,2,66.064958,2017,5,10.958,0.127,11.441,11.450542,889,709,419,2017,2,2,1,5,1.7631E+12,1.7631E+12,heavy,0.25,25,0,4,4,1,0,0,,,,,,,,
g2_rain_fade,RAIN_FADE,24,,300,2,248,ok,,,1,105.793667,2013,5,11.85,0.129,25.743,25.611,887,708,418,2013,2,2,1,5,1.7631E+12,1.7631E+12,heavy,0.25,25,0,1,2,0.5,0,0,,,,,,,,
g2_rain_fade,RAIN_FADE,24,,300,2,249,ok,,,1,72.726542,2017,5,11.234,0.117,11.286,11.336792,889,709,419,2017,2,2,1,5,1.7631E+12,1.7631E+12,heavy,0.25,25,0,7,7,1,0,0,,,,,,,,
g2_rain_fade,RAIN_FADE,24,,300,2,250,ok,,,1,75.368542,2012,5,12.083,0.109,10.637,10.606791,887,707,418,2012,2,2,1,5,1.7631E+12,1.7631E+12,heavy,0.25,25,0,2,2,1,0,0,,,,,,,,
g2_rain_fade,RAIN_FADE,24,,300,2,251,timeout,wait_m4,0,3,305.980917,97,1,4.425,0,0,0,97,0,0,97,1,0,0,1,,,heavy,0.25,25,0,0,5,0,1,3,,,,,,,,
g2_rain_fade,RAIN_FADE,24,,300,2,252,ok,,,1,65.473833,2014,5,10.576,0.157,10.728,10.690916,888,708,418,2014,2,2,1,5,1.7631E+12,1.7631E+12,heavy,0.25,25,0,2,2,1,0,0,,,,,,,,
g2_rain_fade,RAIN_FADE,24,,300,2,253,ok,,,2,74.355625,2010,5,11.706,0.182,10.774,10.72733301,885,708,417,2010,2,2,1,5,1.7631E+12,1.7631E+12,heavy,0.25,25,0,4,4,1,0,0,,,,,,,,
g2_rain_fade,RAIN_FADE,24,,300,2,254,ok,,,2,75.634709,2013,5,14.223,0.153,12.51,12.464958,887,708,418,2013,2,2,1,5,1.7631E+12,1.7631E+12,heavy,0.25,25,0,4,4,1,0,0,,,,,,,,
g2_rain_fade,RAIN_FADE,24,,300,2,255,ok,,,3,71.196958,2015,5,10.599,0.118,10.555,10.528542,888,708,419,2015,2,2,1,5,1.7631E+12,1.7631E+12,heavy,0.25,25,0,5,5,1,0,0,,,,,,,,
g2_rain_fade,RAIN_FADE,24,,300,2,256,ok,,,1,74.802125,2015,5,10.539,0.147,10.614,10.580792,888,708,419,2015,2,2,1,5,1.7631E+12,1.7631E+12,heavy,0.25,25,0,1,2,0.5,0,0,,,,,,,,
g2_rain_fade,RAIN_FADE,24,,300,2,257,ok,,,1,67.5185,2012,5,11.199,0.081,10.506,10.483916,887,707,418,2012,2,2,1,5,1.7631E+12,1.7631E+12,heavy,0.25,25,0,2,2,1,0,0,,,,,,,,
g2_rain_fade,RAIN_FADE,24,,300,2,258,ok,,,1,74.482875,2012,5,10.961,0.126,10.765,10.751375,886,709,417,2012,2,2,1,5,1.7631E+12,1.7631E+12,heavy,0.25,25,0,0,2,0,0,0,,,,,,,,
g2_rain_fade,RAIN_FADE,24,,300,2,259,ok,,,1,70.472875,2017,5,11.709,0.169,10.857,10.8525,889,709,419,2017,2,2,1,5,1.7631E+12,1.7631E+12,heavy,0.25,25,0,4,4,1,0,0,,,,,,,,
g2_rain_fade,RAIN_FADE,24,,300,2,260,ok,,,1,69.578916,2015,5,11.252,0.09,10.427,10.393125,888,708,419,2015,2,2,1,5,1.7631E+12,1.7631E+12,heavy,0.25,25,0,0,2,0,0,0,,,,,,,,
g2_rain_fade,RAIN_FADE,24,,300,2,261,timeout,wait_m4,0,3,305.410667,97,1,3.939,0,0,0,97,0,0,97,1,0,0,1,,,heavy,0.25,25,0,5,5,1,0,0,,,,,,,,
g2_rain_fade,RAIN_FADE,24,,300,2,262,ok,,,1,79.396917,2017,5,13.825,0.162,15.132,15.241166,889,709,419,2017,2,2,1,5,1.7631E+12,1.7631E+12,heavy,0.25,25,0,2,7,0.285714286,1,3,,,,,,,,
g2_rain_fade,RAIN_FADE,24,,300,2,263,ok,,,1,69.465833,2010,5,11.069,0.114,11.283,11.285125,886,707,417,2010,2,2,1,5,1.7631E+12,1.7631E+12,heavy,0.25,25,0,0,2,0,0,0,,,,,,,,
g2_rain_fade,RAIN_FADE,24,,300,2,264,ok,,,1,68.35025,2011,5,11.009,0.228,10.847,10.81425,886,707,418,2011,2,2,1,5,1.7631E+12,1.7631E+12,heavy,0.25,25,0,0,2,0,0,0,,,,,,,,
g2_rain_fade,RAIN_FADE,24,,300,2,265,ok,,,1,74.338709,2016,5,10.741,0.118,10.979,10.959334,888,709,419,2016,2,2,1,5,1.7631E+12,1.7631E+12,heavy,0.25,25,0,2,2,1,0,0,,,,,,,,
g2_rain_fade,RAIN_FADE,24,,300,2,266,ok,,,2,73.284459,2012,5,12.673,0.138,11.267,11.290708,886,708,418,2012,2,2,1,5,1.7631E+12,1.7631E+12,heavy,0.25,25,0,6,6,1,0,0,,,,,,,,
g2_rain_fade,RAIN_FADE,24,,300,2,267,ok,,,1,69.54062499,2012,5,10.737,0.113,10.718,10.700833,887,708,417,2012,2,2,1,5,1.7631E+12,1.7631E+12,heavy,0.25,25,0,2,2,1,0,0,,,,,,,,
g2_rain_fade,RAIN_FADE,24,,300,2,268,ok,,,1,73.99375,2015,5,10.87,0.159,11.757,11.770292,888,709,418,2015,2,2,1,5,1.7631E+12,1.7631E+12,heavy,0.25,25,0,0,2,0,0,0,,,,,,,,
g2_rain_fade,RAIN_FADE,24,,300,2,269,timeout,wait_m4,0,3,304.746583,97,1,4.195,0,0,0,97,0,0,97,1,0,0,1,,,heavy,0.25,25,0,0,6,0,1,3,,,,,,,,
g2_rain_fade,RAIN_FADE,24,,300,2,270,ok,,,1,81.817542,2010,5,13.67,0.158,12.609,12.581584,886,707,417,2010,2,2,1,5,1.7631E+12,1.7631E+12,heavy,0.25,25,0,5,5,1,0,0,,,,,,,,
g2_rain_fade,RAIN_FADE,24,,300,2,271,ok,,,1,69.65375,2015,5,10.579,0.155,10.699,10.670916,888,708,419,2015,2,2,1,5,1.7631E+12,1.7631E+12,heavy,0.25,25,0,0,2,0,0,0,,,,,,,,
g2_rain_fade,RAIN_FADE,24,,300,2,272,ok,,,1,67.311917,2017,5,10.507,0.105,11.238,11.24625,889,709,419,2017,2,2,1,5,1.7631E+12,1.7631E+12,heavy,0.25,25,0,2,2,1,0,0,,,,,,,,
g2_rain_fade,RAIN_FADE,24,,300,2,273,ok,,,1,75.00145899,2015,5,10.726,0.108,10.746,10.710458,888,708,419,2015,2,2,1,5,1.7631E+12,1.7631E+12,heavy,0.25,25,0,0,2,0,0,0,,,,,,,,
g2_rain_fade,RAIN_FADE,24,,300,2,274,ok,,,1,70.268667,2012,5,11.436,0.103,10.616,10.593834,886,708,418,2012,2,2,1,5,1.7631E+12,1.7631E+12,heavy,0.25,25,0,2,2,1,0,0,,,,,,,,
g2_rain_fade,RAIN_FADE,24,,300,2,275,ok,,,1,72.189958,2013,5,10.956,0.161,10.657,10.631167,887,708,418,2013,2,2,1,5,1.7631E+12,1.7631E+12,heavy,0.25,25,0,0,2,0,0,0,,,,,,,,
g2_rain_fade,RAIN_FADE,24,,300,2,276,ok,,,1,75.355292,2015,5,11.991,0.115,11.206,11.212458,888,708,419,2015,2,2,1,5,1.7631E+12,1.7631E+12,heavy,0.25,25,0,2,4,0.5,0,0,,,,,,,,
g2_rain_fade,RAIN_FADE,24,,300,2,277,ok,,,1,73.710042,2013,5,10.735,0.093,11.281,11.299292,887,708,418,2013,2,2,1,5,1.7631E+12,1.7631E+12,heavy,0.25,25,0,2,2,1,0,0,,,,,,,,
g2_rain_fade,RAIN_FADE,24,,300,2,278,ok,,,1,72.999875,2014,5,11.597,0.112,11.038,11.008,887,708,419,2014,2,2,1,5,1.7631E+12,1.7631E+12,heavy,0.25,25,0,0,2,0,0,0,,,,,,,,
g2_rain_fade,RAIN_FADE,24,,300,2,279,ok,,,1,67.33287501,2012,5,10.495,0.102,11.233,11.209583,887,708,417,2012,2,2,1,5,1.7631E+12,1.7631E+12,heavy,0.25,25,0,0,2,0,0,0,,,,,,,,
g2_rain_fade,RAIN_FADE,24,,300,2,280,ok,,,1,75.347792,2017,5,10.709,0.097,10.347,10.311959,889,709,419,2017,2,2,1,5,1.7631E+12,1.7631E+12,heavy,0.25,25,0,0,2,0,0,0,,,,,,,,
g2_rain_fade,RAIN_FADE,24,,300,2,281,ok,,,1,81.406708,1988,5,11.608,0.189,11.75,11.703875,875,708,405,1988,2,2,1,5,1.7631E+12,1.7631E+12,heavy,0.25,25,0,5,5,1,0,0,,,,,,,,
g2_rain_fade,RAIN_FADE,24,,300,2,282,ok,,,2,74.113417,2015,5,12.377,0.172,12.808,12.813416,888,708,419,2015,2,2,1,5,1.7631E+12,1.7631E+12,heavy,0.25,25,0,6,6,1,0,0,,,,,,,,
g2_rain_fade,RAIN_FADE,24,,300,2,283,ok,,,1,72.671916,2015,5,10.985,0.132,10.746,10.732333,888,709,418,2015,2,2,1,5,1.7631E+12,1.7631E+12,heavy,0.25,25,0,2,2,1,0,0,,,,,,,,
g2_rain_fade,RAIN_FADE,24,,300,2,284,ok,,,1,75.467042,2001,5,10.909,0.125,13.321,13.317751,874,708,419,2001,2,2,1,5,1.7631E+12,1.7631E+12,heavy,0.25,25,0,2,2,1,0,0,,,,,,,,
g2_rain_fade,RAIN_FADE,24,,300,2,285,ok,,,1,74.460875,2010,5,10.727,0.119,11.129,11.113583,886,707,417,2010,2,2,1,5,1.7631E+12,1.7631E+12,heavy,0.25,25,0,2,2,1,0,0,,,,,,,,
g2_rain_fade,RAIN_FADE,24,,300,2,286,ok,,,1,71.480666,2017,5,13.948,0.208,11.969,12.142959,889,709,419,2017,2,2,1,5,1.7631E+12,1.7631E+12,heavy,0.25,25,0,5,5,1,0,0,,,,,,,,
g2_rain_fade,RAIN_FADE,24,,300,2,287,ok,,,1,72.995833,2017,5,11.183,0.1,10.831,10.805334,889,709,419,2017,2,2,1,5,1.7631E+12,1.7631E+12,heavy,0.25,25,0,0,2,0,0,0,,,,,,,,
g2_rain_fade,RAIN_FADE,24,,300,2,288,ok,,,1,68.123583,2011,5,10.602,0.137,11.409,11.4155,886,707,418,2011,2,2,1,5,1.7631E+12,1.7631E+12,heavy,0.25,25,0,2,2,1,0,0,,,,,,,,
g2_rain_fade,RAIN_FADE,24,,300,2,289,ok,,,1,69.675667,2017,5,11.135,0.133,10.745,10.721167,889,709,419,2017,2,2,1,5,1.7631E+12,1.7631E+12,heavy,0.25,25,0,0,2,0,0,0,,,,,,,,
g2_rain_fade,RAIN_FADE,24,,300,2,290,ok,,,1,67.713208,2017,5,10.368,0.15,10.791,10.75654101,889,709,419,2017,2,2,1,5,1.7631E+12,1.7631E+12,heavy,0.25,25,0,0,2,0,0,0,,,,,,,,
g2_rain_fade,RAIN_FADE,24,,300,2,291,ok,,,1,69.782209,2014,5,10.567,0.097,10.775,10.741458,888,708,418,2014,2,2,1,5,1.7631E+12,1.7631E+12,heavy,0.25,25,0,1,2,0.5,0,0,,,,,,,,
g2_rain_fade,RAIN_FADE,24,,300,2,292,ok,,,1,67.74716599,2015,5,12.18,0.111,11.534,11.522834,888,708,419,2015,2,2,1,5,1.7631E+12,1.7631E+12,heavy,0.25,25,0,2,2,1,0,0,,,,,,,,
g2_rain_fade,RAIN_FADE,24,,300,2,293,ok,,,1,72.311167,2012,5,11.084,0.155,10.689,10.6475,887,707,418,2012,2,2,1,5,1.7631E+12,1.7631E+12,heavy,0.25,25,0,2,2,1,0,0,,,,,,,,
g2_rain_fade,RAIN_FADE,24,,300,2,294,ok,,,1,70.788209,2017,5,11.295,0.084,10.45,10.421792,889,709,419,2017,2,2,1,5,1.7631E+12,1.7631E+12,heavy,0.25,25,0,0,2,0,0,0,,,,,,,,
g2_rain_fade,RAIN_FADE,24,,300,2,295,ok,,,1,67.82537601,2012,5,10.773,0.148,10.576,10.550458,887,707,418,2012,2,2,1,5,1.7631E+12,1.7631E+12,heavy,0.25,25,0,0,2,0,0,0,,,,,,,,
g2_rain_fade,RAIN_FADE,24,,300,2,296,ok,,,1,79.12575,2014,5,11.9,0.107,10.628,10.591542,888,708,418,2014,2,2,1,5,1.7631E+12,1.7631E+12,heavy,0.25,25,0,2,2,1,0,0,,,,,,,,
g2_rain_fade,RAIN_FADE,24,,300,2,297,ok,,,1,73.352833,2015,5,10.77,0.122,11.533,11.54475,888,709,418,2015,2,2,1,5,1.7631E+12,1.7631E+12,heavy,0.25,25,0,2,2,1,0,0,,,,,,,,
g2_rain_fade,RAIN_FADE,24,,300,2,298,ok,,,1,77.90379199,2012,5,10.6,0.111,11.355,11.423917,887,708,417,2012,2,2,1,5,1.7631E+12,1.7631E+12,heavy,0.25,25,0,2,2,1,0,0,,,,,,,,
g2_rain_fade,RAIN_FADE,24,,300,2,299,ok,,,1,67.357417,2015,5,11.207,0.174,10.663,10.62625,888,708,419,2015,2,2,1,5,1.7631E+12,1.7631E+12,heavy,0.25,25,0,3,4,0.75,0,0,,,,,,,,
g2_rain_fade,RAIN_FADE,24,,300,2,300,ok,,,1,66.014083,2015,5,11.393,0.098,10.881,10.87766699,888,708,419,2015,2,2,1,5,1.7631E+12,1.7631E+12,heavy,0.25,25,0,0,2,0,0,0,,,,,,,,
g2_rain_fade,RAIN_FADE,24,,400,2,1,ok,,,1,88.084083,2016,5,14.365,0.132,14.58,14.59037499,888,709,419,2016,2,2,1,5,1.7631E+12,1.7631E+12,heavy,0.25,25,0,4,5,0.8,0,0,,,,,,,,
g2_rain_fade,RAIN_FADE,24,,400,2,2,ok,,,1,72.566667,2015,5,11.625,0.104,10.654,10.61337499,888,708,419,2015,2,2,1,5,1.7631E+12,1.7631E+12,heavy,0.25,25,0,2,2,1,0,0,,,,,,,,
g2_rain_fade,RAIN_FADE,24,,400,2,3,ok,,,1,68.450792,2014,5,10.526,0.113,11.339,11.470875,887,708,419,2014,2,2,1,5,1.7631E+12,1.7631E+12,heavy,0.25,25,0,0,2,0,0,0,,,,,,,,
g2_rain_fade,RAIN_FADE,24,,400,2,4,ok,,,1,76.692917,2015,5,11.358,0.131,10.548,10.5305,888,708,419,2015,2,2,1,5,1.7631E+12,1.7631E+12,heavy,0.25,25,0,2,2,1,0,0,,,,,,,,
g2_rain_fade,RAIN_FADE,24,,400,2,5,timeout,wait_m6,0,3,505.195084,357,1,4.007,0,0,0,357,0,0,357,1,0,0,1,1.7631E+12,,heavy,0.25,25,0,9,9,1,0,0,,,,,,,,
g2_rain_fade,RAIN_FADE,24,,400,2,6,ok,,,1,71.534083,2013,5,10.852,0.144,11.328,11.297666,886,708,419,2013,2,2,1,5,1.7631E+12,1.7631E+12,heavy,0.25,25,0,2,2,1,0,0,,,,,,,,
g2_rain_fade,RAIN_FADE,24,,400,2,7,ok,,,2,71.86645801,2015,5,11.455,0.108,11.088,11.072458,888,708,419,2015,2,2,1,5,1.7631E+12,1.7631E+12,heavy,0.25,25,0,4,4,1,0,0,,,,,,,,
g2_rain_fade,RAIN_FADE,24,,400,2,8,timeout,wait_m6,0,3,506.924625,356,1,3.818,0,0,0,356,0,0,356,1,0,0,1,1.7631E+12,,heavy,0.25,25,0,12,12,1,0,0,,,,,,,,
g2_rain_fade,RAIN_FADE,24,,400,2,9,ok,,,1,72.911625,2013,5,10.853,0.152,11.25,11.253375,887,707,419,2013,2,2,1,5,1.7631E+12,1.7631E+12,heavy,0.25,25,0,0,2,0,0,0,,,,,,,,
g2_rain_fade,RAIN_FADE,24,,400,2,10,ok,,,1,69.195209,2014,5,11.649,0.091,10.713,10.679542,888,708,418,2014,2,2,1,5,1.7631E+12,1.7631E+12,heavy,0.25,25,0,0,2,0,0,0,,,,,,,,
g2_rain_fade,RAIN_FADE,24,,400,2,11,timeout,wait_m4,0,3,405.333959,97,1,4.135,0,0,0,97,0,0,97,1,0,0,1,,,heavy,0.25,25,0,7,7,1,0,0,,,,,,,,
g2_rain_fade,RAIN_FADE,24,,400,2,12,ok,,,1,77.962292,2010,5,12.04,0.144,12.325,12.294958,886,706,418,2010,2,2,1,5,1.7631E+12,1.7631E+12,heavy,0.25,25,0,5,5,1,0,0,,,,,,,,
g2_rain_fade,RAIN_FADE,24,,400,2,13,ok,,,3,75.691792,2017,5,11.594,0.116,11.161,11.130292,889,709,419,2017,2,2,1,5,1.7631E+12,1.7631E+12,heavy,0.25,25,0,8,8,1,0,0,,,,,,,,
g2_rain_fade,RAIN_FADE,24,,400,2,14,ok,,,1,65.174333,2012,5,11.647,0.129,10.711,10.678458,887,708,417,2012,2,2,1,5,1.7631E+12,1.7631E+12,heavy,0.25,25,0,2,2,1,0,0,,,,,,,,
g2_rain_fade,RAIN_FADE,24,,400,2,15,ok,,,3,91.067417,2015,5,19.706,0.197,15.118,15.11212499,888,708,419,2015,2,2,1,5,1.7631E+12,1.7631E+12,heavy,0.25,25,0,8,8,1,0,0,,,,,,,,
g2_rain_fade,RAIN_FADE,24,,400,2,16,ok,,,1,69.073084,2015,5,11.011,0.162,11.089,11.050667,888,708,419,2015,2,2,1,5,1.7631E+12,1.7631E+12,heavy,0.25,25,0,7,7,1,0,0,,,,,,,,
g2_rain_fade,RAIN_FADE,24,,400,2,17,ok,,,2,74.388375,2015,5,11.729,0.087,11.313,11.321542,888,708,419,2015,2,2,1,5,1.7631E+12,1.7631E+12,heavy,0.25,25,0,2,4,0.5,0,0,,,,,,,,
g2_rain_fade,RAIN_FADE,24,,400,2,18,ok,,,1,76.76725,2009,5,13.376,0.118,12.326,12.31079199,885,706,418,2009,2,2,1,5,1.7631E+12,1.7631E+12,heavy,0.25,25,0,4,5,0.8,0,0,,,,,,,,
g2_rain_fade,RAIN_FADE,24,,400,2,19,ok,,,1,71.417709,2014,5,10.439,0.087,10.59,10.555291,888,708,418,2014,2,2,1,5,1.7631E+12,1.7631E+12,heavy,0.25,25,0,2,2,1,0,0,,,,,,,,
g2_rain_fade,RAIN_FADE,24,,400,2,20,ok,,,1,73.17,2014,5,13.128,0.167,12.931,12.897042,888,708,418,2014,2,2,1,5,1.7631E+12,1.7631E+12,heavy,0.25,25,0,4,5,0.8,0,0,,,,,,,,
g2_rain_fade,RAIN_FADE,24,,400,2,21,ok,,,1,72.903041,2011,5,11.495,0.112,11.505,11.63554101,886,707,418,2011,2,2,1,5,1.7631E+12,1.7631E+12,heavy,0.25,25,0,2,2,1,0,0,,,,,,,,
g2_rain_fade,RAIN_FADE,24,,400,2,22,ok,,,1,76.573542,2011,5,12.068,0.14,10.468,10.445083,886,708,417,2011,2,2,1,5,1.7631E+12,1.7631E+12,heavy,0.25,25,0,2,2,1,0,0,,,,,,,,
g2_rain_fade,RAIN_FADE,24,,400,2,23,ok,,,1,70.582292,2017,5,10.424,0.122,12.4,12.375459,889,709,419,2017,2,2,1,5,1.7631E+12,1.7631E+12,heavy,0.25,25,0,0,2,0,0,0,,,,,,,,
g2_rain_fade,RAIN_FADE,24,,400,2,24,ok,,,1,72.697417,2012,5,10.485,0.128,10.758,10.744292,887,707,418,2012,2,2,1,5,1.7631E+12,1.7631E+12,heavy,0.25,25,0,0,2,0,0,0,,,,,,,,
g2_rain_fade,RAIN_FADE,24,,400,2,25,ok,,,1,79.069167,2017,5,10.961,0.088,10.6,10.576042,889,709,419,2017,2,2,1,5,1.7631E+12,1.7631E+12,heavy,0.25,25,0,2,2,1,0,0,,,,,,,,
g2_rain_fade,RAIN_FADE,24,,400,2,26,ok,,,1,73.575875,2017,5,11.487,0.147,10.746,10.715584,889,709,419,2017,2,2,1,5,1.7631E+12,1.7631E+12,heavy,0.25,25,0,1,2,0.5,0,0,,,,,,,,
g2_rain_fade,RAIN_FADE,24,,400,2,27,ok,,,1,73.861875,2015,5,10.582,0.157,10.775,10.745834,888,709,418,2015,2,2,1,5,1.7631E+12,1.7631E+12,heavy,0.25,25,0,0,2,0,0,0,,,,,,,,
g2_rain_fade,RAIN_FADE,24,,400,2,28,ok,,,1,75.216792,2011,5,11.954,0.138,12.892,12.880042,886,707,418,2011,2,2,1,5,1.7631E+12,1.7631E+12,heavy,0.25,25,0,5,5,1,0,0,,,,,,,,
g2_rain_fade,RAIN_FADE,24,,400,2,29,timeout,wait_m4,0,3,408.057834,97,1,6.244,0,0,0,97,0,0,97,1,0,0,1,,,heavy,0.25,25,0,7,7,1,0,0,,,,,,,,
g2_rain_fade,RAIN_FADE,24,,400,2,30,ok,,,1,69.038625,2008,5,10.665,0.077,10.369,10.341167,885,708,415,2008,2,2,1,5,1.7631E+12,1.7631E+12,heavy,0.25,25,0,2,2,1,0,0,,,,,,,,
g2_rain_fade,RAIN_FADE,24,,400,2,31,ok,,,1,70.259167,2014,5,10.391,0.097,11.349,11.338667,887,708,419,2014,2,2,1,5,1.7631E+12,1.7631E+12,heavy,0.25,25,0,0,2,0,0,0,,,,,,,,
g2_rain_fade,RAIN_FADE,24,,400,2,32,ok,,,1,71.205959,2017,5,10.509,0.085,10.707,10.67174999,889,709,419,2017,2,2,1,5,1.7631E+12,1.7631E+12,heavy,0.25,25,0,2,2,1,0,0,,,,,,,,
g2_rain_fade,RAIN_FADE,24,,400,2,33,ok,,,1,71.856625,2016,5,10.495,0.093,11.547,11.608,888,709,419,2016,2,2,1,5,1.7631E+12,1.7631E+12,heavy,0.25,25,0,0,2,0,0,0,,,,,,,,
g2_rain_fade,RAIN_FADE,24,,400,2,34,timeout,wait_m6,0,3,505.775625,356,1,4.355,0,0,0,356,0,0,356,1,0,0,1,1.7631E+12,,heavy,0.25,25,0,9,9,1,0,0,,,,,,,,
g2_rain_fade,RAIN_FADE,24,,400,2,35,ok,,,1,71.595375,2013,5,11.275,0.108,11.116,11.102958,887,708,418,2013,2,2,1,5,1.7631E+12,1.7631E+12,heavy,0.25,25,0,2,2,1,0,0,,,,,,,,
g2_rain_fade,RAIN_FADE,24,,400,2,36,ok,,,1,74.032709,2014,5,10.705,0.169,11.166,11.16520901,887,709,418,2014,2,2,1,5,1.7631E+12,1.7631E+12,heavy,0.25,25,0,2,2,1,0,0,,,,,,,,
g2_rain_fade,RAIN_FADE,24,,400,2,37,ok,,,1,75.344375,2015,5,11.668,0.117,10.648,10.614584,888,708,419,2015,2,2,1,5,1.7631E+12,1.7631E+12,heavy,0.25,25,0,2,2,1,0,0,,,,,,,,
g2_rain_fade,RAIN_FADE,24,,400,2,38,ok,,,1,72.306375,2010,5,11.107,0.114,10.463,10.442167,886,707,417,2010,2,2,1,5,1.7631E+12,1.7631E+12,heavy,0.25,25,0,0,2,0,0,0,,,,,,,,
g2_rain_fade,RAIN_FADE,24,,400,2,39,ok,,,1,70.82537501,2014,5,12.101,0.149,10.846,10.82125001,887,708,419,2014,2,2,1,5,1.7631E+12,1.7631E+12,heavy,0.25,25,0,7,7,1,0,0,,,,,,,,
g2_rain_fade,RAIN_FADE,24,,400,2,40,ok,,,1,75.637208,2009,5,10.556,0.167,11.284,11.265167,886,707,416,2009,2,2,1,5,1.7631E+12,1.7631E+12,heavy,0.25,25,0,7,7,1,1,3,,,,,,,,
g2_rain_fade,RAIN_FADE,24,,400,2,41,ok,,,1,70.9785,2013,5,10.621,0.094,10.781,10.767708,887,708,418,2013,2,2,1,5,1.7631E+12,1.7631E+12,heavy,0.25,25,0,2,2,1,0,0,,,,,,,,
g2_rain_fade,RAIN_FADE,24,,400,2,42,ok,,,2,74.113833,2015,5,10.287,0.129,10.598,10.566542,888,708,419,2015,2,2,1,5,1.7631E+12,1.7631E+12,heavy,0.25,25,0,4,4,1,0,0,,,,,,,,
g2_rain_fade,RAIN_FADE,24,,400,2,43,ok,,,1,72.87175,2014,5,10.464,0.11,11.972,11.99475,887,709,418,2014,2,2,1,5,1.7631E+12,1.7631E+12,heavy,0.25,25,0,0,2,0,0,0,,,,,,,,
g2_rain_fade,RAIN_FADE,24,,400,2,44,ok,,,1,74.692875,2014,5,12.407,0.137,12.215,12.215125,888,708,418,2014,2,2,1,5,1.7631E+12,1.7631E+12,heavy,0.25,25,0,3,5,0.6,0,0,,,,,,,,
g2_rain_fade,RAIN_FADE,24,,400,2,45,ok,,,1,73.998458,2011,5,10.433,0.103,10.652,10.645625,886,707,418,2011,2,2,1,5,1.7631E+12,1.7631E+12,heavy,0.25,25,0,2,2,1,0,0,,,,,,,,
g2_rain_fade,RAIN_FADE,24,,400,2,46,ok,,,1,69.401667,2012,5,11.457,0.159,10.787,10.89475,886,707,419,2012,2,2,1,5,1.7631E+12,1.7631E+12,heavy,0.25,25,0,2,2,1,0,0,,,,,,,,
g2_rain_fade,RAIN_FADE,24,,400,2,47,ok,,,1,69.822916,2017,5,11.284,0.127,11.488,11.45116601,889,709,419,2017,2,2,1,5,1.7631E+12,1.7631E+12,heavy,0.25,25,0,1,2,0.5,0,0,,,,,,,,
g2_rain_fade,RAIN_FADE,24,,400,2,48,ok,,,1,80.602584,2014,5,14.063,0.128,12.9,12.881375,887,708,419,2014,2,2,1,5,1.7631E+12,1.7631E+12,heavy,0.25,25,0,5,5,1,0,0,,,,,,,,
g2_rain_fade,RAIN_FADE,24,,400,2,49,ok,,,1,70.479542,2009,5,11.221,0.1,10.645,10.609667,885,707,417,2009,2,2,1,5,1.7631E+12,1.7631E+12,heavy,0.25,25,0,0,2,0,0,0,,,,,,,,
g2_rain_fade,RAIN_FADE,24,,400,2,50,ok,,,3,73.950416,2008,5,11.754,0.095,12.202,12.578041,886,706,416,2008,2,2,1,5,1.7631E+12,1.7631E+12,heavy,0.25,25,0,6,6,1,1,3,,,,,,,,
g2_rain_fade,RAIN_FADE,24,,400,2,51,ok,,,1,73.78375,2015,5,10.527,0.136,10.826,10.807791,888,709,418,2015,2,2,1,5,1.7631E+12,1.7631E+12,heavy,0.25,25,0,2,2,1,0,0,,,,,,,,
g2_rain_fade,RAIN_FADE,24,,400,2,52,ok,,,1,68.72349999,2015,5,10.451,0.107,10.532,10.489834,888,709,418,2015,2,2,1,5,1.7631E+12,1.7631E+12,heavy,0.25,25,0,2,2,1,0,0,,,,,,,,
g2_rain_fade,RAIN_FADE,24,,400,2,53,ok,,,1,67.72316701,2017,5,11.347,0.095,10.604,10.573542,889,709,419,2017,2,2,1,5,1.7631E+12,1.7631E+12,heavy,0.25,25,0,2,2,1,0,0,,,,,,,,
g2_rain_fade,RAIN_FADE,24,,400,2,54,ok,,,1,67.37724999,2012,5,11.585,0.145,11.113,11.1655,887,707,418,2012,2,2,1,5,1.7631E+12,1.7631E+12,heavy,0.25,25,0,2,2,1,0,0,,,,,,,,
g2_rain_fade,RAIN_FADE,24,,400,2,55,ok,,,1,70.368334,2012,5,10.737,0.087,10.432,10.400084,887,707,418,2012,2,2,1,5,1.7631E+12,1.7631E+12,heavy,0.25,25,0,2,2,1,0,0,,,,,,,,
g2_rain_fade,RAIN_FADE,24,,400,2,56,ok,,,1,78.880292,2010,5,12.172,0.14,12.355,12.427292,886,707,417,2010,2,2,1,5,1.7631E+12,1.7631E+12,heavy,0.25,25,0,5,5,1,0,0,,,,,,,,
g2_rain_fade,RAIN_FADE,24,,400,2,57,ok,,,2,72.492208,2013,5,11.488,0.156,11.099,11.080542,887,709,417,2013,2,2,1,5,1.7631E+12,1.7631E+12,heavy,0.25,25,0,4,4,1,0,0,,,,,,,,
g2_rain_fade,RAIN_FADE,24,,400,2,58,ok,,,1,72.156,2011,5,10.509,0.11,10.559,10.533042,887,707,417,2011,2,2,1,5,1.7631E+12,1.7631E+12,heavy,0.25,25,0,0,2,0,0,0,,,,,,,,
g2_rain_fade,RAIN_FADE,24,,400,2,59,ok,,,3,72.346833,2014,5,11.3,0.179,11.278,11.231,887,708,419,2014,2,2,1,5,1.7631E+12,1.7631E+12,heavy,0.25,25,0,6,6,1,0,0,,,,,,,,
g2_rain_fade,RAIN_FADE,24,,400,2,60,ok,,,1,69.625209,2013,5,10.34,0.114,11.183,11.161625,887,708,418,2013,2,2,1,5,1.7631E+12,1.7631E+12,heavy,0.25,25,0,2,2,1,0,0,,,,,,,,
g2_rain_fade,RAIN_FADE,24,,400,2,61,ok,,,1,71.791292,2010,5,10.444,0.114,11.044,11.046875,886,707,417,2010,2,2,1,5,1.7631E+12,1.7631E+12,heavy,0.25,25,0,0,2,0,0,0,,,,,,,,
g2_rain_fade,RAIN_FADE,24,,400,2,62,ok,,,1,76.28783301,2013,5,10.24,0.1,10.586,10.5665,887,708,418,2013,2,2,1,5,1.7631E+12,1.7631E+12,heavy,0.25,25,0,2,2,1,0,0,,,,,,,,
g2_rain_fade,RAIN_FADE,24,,400,2,63,ok,,,1,74.560959,2015,5,11.601,0.088,11.431,11.435417,888,708,419,2015,2,2,1,5,1.7631E+12,1.7631E+12,heavy,0.25,25,0,2,2,1,0,0,,,,,,,,
g2_rain_fade,RAIN_FADE,24,,400,2,64,ok,,,1,72.629292,2014,5,11.489,0.161,10.777,10.75025,888,708,418,2014,2,2,1,5,1.7631E+12,1.7631E+12,heavy,0.25,25,0,2,2,1,0,0,,,,,,,,
g2_rain_fade,RAIN_FADE,24,,400,2,65,ok,,,1,84.243209,2013,5,11.67,0.159,11.728,11.753417,887,707,419,2013,2,2,1,5,1.7631E+12,1.7631E+12,heavy,0.25,25,0,6,7,0.857142857,0,0,,,,,,,,
g2_rain_fade,RAIN_FADE,24,,400,2,66,ok,,,1,72.680667,2017,5,10.365,0.107,10.588,10.567375,889,709,419,2017,2,2,1,5,1.7631E+12,1.7631E+12,heavy,0.25,25,0,0,2,0,0,0,,,,,,,,
g2_rain_fade,RAIN_FADE,24,,400,2,67,timeout,wait_m6,0,3,519.585792,357,1,9.051,0,0,0,357,0,0,357,1,0,0,1,1.7631E+12,,heavy,0.25,25,0,8,9,0.888888889,0,0,,,,,,,,
g2_rain_fade,RAIN_FADE,24,,400,2,68,ok,,,2,69.116625,2015,5,11.201,0.168,10.677,10.648417,888,708,419,2015,2,2,1,5,1.7631E+12,1.7631E+12,heavy,0.25,25,0,4,4,1,0,0,,,,,,,,
g2_rain_fade,RAIN_FADE,24,,400,2,69,ok,,,1,82.111041,2017,5,12.686,0.117,14.037,14.013791,889,709,419,2017,2,2,1,5,1.7631E+12,1.7631E+12,heavy,0.25,25,0,0,5,0,0,0,,,,,,,,
g2_rain_fade,RAIN_FADE,24,,400,2,70,ok,,,1,75.787708,2013,5,11.666,0.107,10.475,10.434875,887,708,418,2013,2,2,1,5,1.7631E+12,1.7631E+12,heavy,0.25,25,0,2,2,1,0,0,,,,,,,,
g2_rain_fade,RAIN_FADE,24,,400,2,71,ok,,,1,81.114125,2013,5,10.958,0.096,10.509,10.478791,887,709,417,2013,2,2,1,5,1.7631E+12,1.7631E+12,heavy,0.25,25,0,2,2,1,0,0,,,,,,,,
g2_rain_fade,RAIN_FADE,24,,400,2,72,ok,,,1,78.702042,2012,5,12.468,0.165,12.099,12.071625,886,707,419,2012,2,2,1,5,1.7631E+12,1.7631E+12,heavy,0.25,25,0,5,5,1,0,0,,,,,,,,
g2_rain_fade,RAIN_FADE,24,,400,2,73,timeout,wait_m6,0,3,506.155708,356,1,4.193,0,0,0,356,0,0,356,1,0,0,1,1.7631E+12,,heavy,0.25,25,0,9,9,1,0,0,,,,,,,,
g2_rain_fade,RAIN_FADE,24,,400,2,74,ok,,,1,73.426083,2017,5,11.186,0.097,11.478,11.497833,889,709,419,2017,2,2,1,5,1.7631E+12,1.7631E+12,heavy,0.25,25,0,1,2,0.5,0,0,,,,,,,,
g2_rain_fade,RAIN_FADE,24,,400,2,75,ok,,,1,75.174083,2014,5,10.405,0.118,11.408,11.595458,888,708,418,2014,2,2,1,5,1.7631E+12,1.7631E+12,heavy,0.25,25,0,0,2,0,0,0,,,,,,,,
g2_rain_fade,RAIN_FADE,24,,400,2,76,ok,,,1,85.335792,2001,5,13.469,0.125,12.984,12.96783399,874,708,419,2001,2,2,1,5,1.7631E+12,1.7631E+12,heavy,0.25,25,0,7,7,1,0,0,,,,,,,,
g2_rain_fade,RAIN_FADE,24,,400,2,77,ok,,,2,72.428292,2015,5,10.381,0.1,10.465,10.438792,888,708,419,2015,2,2,1,5,1.7631E+12,1.7631E+12,heavy,0.25,25,0,4,4,1,0,0,,,,,,,,
g2_rain_fade,RAIN_FADE,24,,400,2,78,ok,,,1,74.36700101,2014,5,12.125,0.121,11.159,11.225917,888,708,418,2014,2,2,1,5,1.7631E+12,1.7631E+12,heavy,0.25,25,0,0,2,0,0,0,,,,,,,,
g2_rain_fade,RAIN_FADE,24,,400,2,79,ok,,,1,73.29220801,2014,5,10.831,0.114,10.679,10.647416,888,708,418,2014,2,2,1,5,1.7631E+12,1.7631E+12,heavy,0.25,25,0,0,2,0,0,0,,,,,,,,
g2_rain_fade,RAIN_FADE,24,,400,2,80,ok,,,1,74.456375,2015,5,11.725,0.134,11.287,11.251584,888,708,419,2015,2,2,1,5,1.7631E+12,1.7631E+12,heavy,0.25,25,0,0,2,0,0,0,,,,,,,,
g2_rain_fade,RAIN_FADE,24,,400,2,81,ok,,,2,81.52,2015,5,10.842,0.106,11.445,11.483125,888,708,419,2015,2,2,1,5,1.7631E+12,1.7631E+12,heavy,0.25,25,0,2,4,0.5,0,0,,,,,,,,
g2_rain_fade,RAIN_FADE,24,,400,2,82,ok,,,1,68.915458,2017,5,11.086,0.103,10.449,10.427209,889,709,419,2017,2,2,1,5,1.7631E+12,1.7631E+12,heavy,0.25,25,0,0,2,0,0,0,,,,,,,,
g2_rain_fade,RAIN_FADE,24,,400,2,83,ok,,,1,75.557333,2017,5,13.677,0.157,11.119,11.15325,889,709,419,2017,2,2,1,5,1.7631E+12,1.7631E+12,heavy,0.25,25,0,0,2,0,0,0,,,,,,,,
g2_rain_fade,RAIN_FADE,24,,400,2,84,ok,,,1,81.155958,2017,5,14.944,0.116,13.779,13.785875,889,709,419,2017,2,2,1,5,1.7631E+12,1.7631E+12,heavy,0.25,25,0,5,5,1,0,0,,,,,,,,
g2_rain_fade,RAIN_FADE,24,,400,2,85,ok,,,1,74.319042,2015,5,12.411,0.124,12.036,12.004167,888,708,419,2015,2,2,1,5,1.7631E+12,1.7631E+12,heavy,0.25,25,0,6,7,0.857142857,0,0,,,,,,,,
g2_rain_fade,RAIN_FADE,24,,400,2,86,ok,,,1,77.629666,2013,5,12.211,0.143,10.759,10.757542,887,708,418,2013,2,2,1,5,1.7631E+12,1.7631E+12,heavy,0.25,25,0,2,2,1,0,0,,,,,,,,
g2_rain_fade,RAIN_FADE,24,,400,2,87,ok,,,1,76.796834,2017,5,10.651,0.091,10.668,10.621542,889,709,419,2017,2,2,1,5,1.7631E+12,1.7631E+12,heavy,0.25,25,0,2,2,1,0,0,,,,,,,,
g2_rain_fade,RAIN_FADE,24,,400,2,88,ok,,,2,78.191917,2010,5,11.306,0.152,10.662,10.615292,886,707,417,2010,2,2,1,5,1.7631E+12,1.7631E+12,heavy,0.25,25,0,4,4,1,0,0,,,,,,,,
g2_rain_fade,RAIN_FADE,24,,400,2,89,ok,,,1,66.955541,2015,5,11.359,0.127,10.68,10.666125,888,708,419,2015,2,2,1,5,1.7631E+12,1.7631E+12,heavy,0.25,25,0,2,2,1,0,0,,,,,,,,
g2_rain_fade,RAIN_FADE,24,,400,2,90,ok,,,1,74.352208,2012,5,10.992,0.102,10.935,10.964791,887,707,418,2012,2,2,1,5,1.7631E+12,1.7631E+12,heavy,0.25,25,0,0,2,0,0,0,,,,,,,,
g2_rain_fade,RAIN_FADE,24,,400,2,91,ok,,,1,72.521625,2003,5,11.328,0.125,11.63,11.621334,875,709,419,2003,2,2,1,5,1.7631E+12,1.7631E+12,heavy,0.25,25,0,2,2,1,0,0,,,,,,,,
g2_rain_fade,RAIN_FADE,24,,400,2,92,ok,,,1,70.57325,2015,5,11.789,0.102,10.744,10.716875,888,709,418,2015,2,2,1,5,1.7631E+12,1.7631E+12,heavy,0.25,25,0,2,2,1,0,0,,,,,,,,
g2_rain_fade,RAIN_FADE,24,,400,2,93,timeout,wait_m6,0,3,508.019876,357,1,5.069,0,0,0,357,0,0,357,1,0,0,1,1.7631E+12,,heavy,0.25,25,0,9,9,1,1,3,,,,,,,,
g2_rain_fade,RAIN_FADE,24,,400,2,94,ok,,,1,68.209458,2013,5,10.566,0.117,10.52,10.487917,887,707,419,2013,2,2,1,5,1.7631E+12,1.7631E+12,heavy,0.25,25,0,0,2,0,0,0,,,,,,,,
g2_rain_fade,RAIN_FADE,24,,400,2,95,ok,,,1,69.379417,2015,5,10.819,0.095,10.564,10.520834,888,708,419,2015,2,2,1,5,1.7631E+12,1.7631E+12,heavy,0.25,25,0,2,2,1,0,0,,,,,,,,
g2_rain_fade,RAIN_FADE,24,,400,2,96,ok,,,1,86.548542,2012,5,12.658,0.149,12.711,12.677917,887,708,417,2012,2,2,1,5,1.7631E+12,1.7631E+12,heavy,0.25,25,0,4,7,0.571428571,1,3,,,,,,,,
g2_rain_fade,RAIN_FADE,24,,400,2,97,ok,,,1,81.598541,2015,5,10.628,0.157,10.723,10.683458,888,708,419,2015,2,2,1,5,1.7631E+12,1.7631E+12,heavy,0.25,25,0,0,2,0,0,0,,,,,,,,
g2_rain_fade,RAIN_FADE,24,,400,2,98,ok,,,1,82.056875,2012,5,13.582,0.173,11.106,11.066167,887,707,418,2012,2,2,1,5,1.7631E+12,1.7631E+12,heavy,0.25,25,0,7,7,1,0,0,,,,,,,,
g2_rain_fade,RAIN_FADE,24,,400,2,99,ok,,,1,75.292792,2012,5,11.363,0.097,11.236,11.24737501,887,708,417,2012,2,2,1,5,1.7631E+12,1.7631E+12,heavy,0.25,25,0,0,2,0,0,0,,,,,,,,
g2_rain_fade,RAIN_FADE,24,,400,2,100,ok,,,1,69.435417,2015,5,10.698,0.136,10.766,10.773375,888,709,418,2015,2,2,1,5,1.7631E+12,1.7631E+12,heavy,0.25,25,0,0,2,0,0,0,,,,,,,,
g2_rain_fade,RAIN_FADE,24,,400,2,101,ok,,,1,68.145417,2015,5,11.633,0.107,11.161,11.161542,888,708,419,2015,2,2,1,5,1.7631E+12,1.7631E+12,heavy,0.25,25,0,0,2,0,0,0,,,,,,,,
g2_rain_fade,RAIN_FADE,24,,400,2,102,ok,,,1,76.797708,2012,5,11.239,0.097,11.049,11.04729201,887,707,418,2012,2,2,1,5,1.7631E+12,1.7631E+12,heavy,0.25,25,0,2,2,1,0,0,,,,,,,,
g2_rain_fade,RAIN_FADE,24,,400,2,103,ok,,,1,84.399084,2016,5,13.616,0.171,14.036,14.063958,888,709,419,2016,2,2,1,5,1.7631E+12,1.7631E+12,heavy,0.25,25,0,5,5,1,0,0,,,,,,,,
g2_rain_fade,RAIN_FADE,24,,400,2,104,ok,,,2,79.431583,2013,5,11.867,0.102,10.513,10.485083,887,708,418,2013,2,2,1,5,1.7631E+12,1.7631E+12,heavy,0.25,25,0,4,4,1,0,0,,,,,,,,
g2_rain_fade,RAIN_FADE,24,,400,2,105,ok,,,1,70.532791,2017,5,10.377,0.12,10.474,10.441291,889,709,419,2017,2,2,1,5,1.7631E+12,1.7631E+12,heavy,0.25,25,0,0,2,0,0,0,,,,,,,,
g2_rain_fade,RAIN_FADE,24,,400,2,106,ok,,,2,69.7975,2015,5,10.279,0.101,10.563,10.53775,888,708,419,2015,2,2,1,5,1.7631E+12,1.7631E+12,heavy,0.25,25,0,4,4,1,0,0,,,,,,,,
g2_rain_fade,RAIN_FADE,24,,400,2,107,timeout,wait_m4,0,3,410.086,97,1,6.459,0,0,0,97,0,0,97,1,0,0,1,,,heavy,0.25,25,0,7,7,1,1,3,,,,,,,,
g2_rain_fade,RAIN_FADE,24,,400,2,108,ok,,,1,67.55541699,2015,5,10.553,0.096,10.704,10.682,888,709,418,2015,2,2,1,5,1.7631E+12,1.7631E+12,heavy,0.25,25,0,2,2,1,0,0,,,,,,,,
g2_rain_fade,RAIN_FADE,24,,400,2,109,ok,,,1,70.297417,2016,5,11.637,0.135,11.055,11.015459,888,709,419,2016,2,2,1,5,1.7631E+12,1.7631E+12,heavy,0.25,25,0,0,2,0,0,0,,,,,,,,
g2_rain_fade,RAIN_FADE,24,,400,2,110,timeout,wait_m4,0,3,404.493625,96,1,3.752,0,0,0,96,0,0,96,1,0,0,1,,,heavy,0.25,25,0,6,7,0.857142857,0,0,,,,,,,,
g2_rain_fade,RAIN_FADE,24,,400,2,111,ok,,,1,90.8155,2012,5,21.25,0.225,13.949,13.92170801,887,707,418,2012,2,2,1,5,1.7631E+12,1.7631E+12,heavy,0.25,25,0,4,7,0.571428571,1,3,,,,,,,,
g2_rain_fade,RAIN_FADE,24,,400,2,112,ok,,,1,70.398333,2014,5,10.253,0.161,10.71,10.677708,888,708,418,2014,2,2,1,5,1.7631E+12,1.7631E+12,heavy,0.25,25,0,2,2,1,0,0,,,,,,,,
g2_rain_fade,RAIN_FADE,24,,400,2,113,ok,,,1,75.65424999,2014,5,11.246,0.091,10.545,10.520542,887,708,419,2014,2,2,1,5,1.7631E+12,1.7631E+12,heavy,0.25,25,0,2,2,1,0,0,,,,,,,,
g2_rain_fade,RAIN_FADE,24,,400,2,114,ok,,,1,68.933542,2013,5,10.45,0.147,10.637,10.605292,887,708,418,2013,2,2,1,5,1.7631E+12,1.7631E+12,heavy,0.25,25,0,0,2,0,0,0,,,,,,,,
g2_rain_fade,RAIN_FADE,24,,400,2,115,ok,,,2,73.734458,2012,5,10.712,0.123,11.252,11.217875,887,707,418,2012,2,2,1,5,1.7631E+12,1.7631E+12,heavy,0.25,25,0,1,4,0.25,0,0,,,,,,,,
g2_rain_fade,RAIN_FADE,24,,400,2,116,ok,,,1,91.947541,2010,5,12.83,0.18,13.282,13.27825,886,707,417,2010,2,2,1,5,1.7631E+12,1.7631E+12,heavy,0.25,25,0,3,5,0.6,0,0,,,,,,,,
g2_rain_fade,RAIN_FADE,24,,400,2,117,ok,,,1,71.869792,2017,5,10.575,0.094,10.455,10.416083,889,709,419,2017,2,2,1,5,1.7631E+12,1.7631E+12,heavy,0.25,25,0,2,2,1,0,0,,,,,,,,
g2_rain_fade,RAIN_FADE,24,,400,2,118,ok,,,1,72.22025,2015,5,11.335,0.096,11.759,11.782584,888,708,419,2015,2,2,1,5,1.7631E+12,1.7631E+12,heavy,0.25,25,0,0,2,0,0,0,,,,,,,,
g2_rain_fade,RAIN_FADE,24,,400,2,119,ok,,,1,72.355334,2014,5,10.995,0.097,11.599,11.586833,888,708,418,2014,2,2,1,5,1.7631E+12,1.7631E+12,heavy,0.25,25,0,0,2,0,0,0,,,,,,,,
g2_rain_fade,RAIN_FADE,24,,400,2,120,ok,,,1,81.59229199,2016,5,11.58,0.104,10.485,10.45,888,709,419,2016,2,2,1,5,1.7631E+12,1.7631E+12,heavy,0.25,25,0,2,2,1,0,0,,,,,,,,
g2_rain_fade,RAIN_FADE,24,,400,2,121,ok,,,1,70.263792,2013,5,11.721,0.092,11.941,11.902584,887,708,418,2013,2,2,1,5,1.7631E+12,1.7631E+12,heavy,0.25,25,0,2,2,1,0,0,,,,,,,,
g2_rain_fade,RAIN_FADE,24,,400,2,122,ok,,,1,70.29325001,2010,5,10.603,0.136,11.785,11.758375,886,707,417,2010,2,2,1,5,1.7631E+12,1.7631E+12,heavy,0.25,25,0,2,2,1,0,0,,,,,,,,
g2_rain_fade,RAIN_FADE,24,,400,2,123,ok,,,1,76.471416,2014,5,12.414,0.164,10.894,10.861209,887,709,418,2014,2,2,1,5,1.7631E+12,1.7631E+12,heavy,0.25,25,0,2,2,1,0,0,,,,,,,,
g2_rain_fade,RAIN_FADE,24,,400,2,124,ok,,,1,80.23229201,2015,5,11.569,0.103,10.879,10.847417,888,708,419,2015,2,2,1,5,1.7631E+12,1.7631E+12,heavy,0.25,25,0,2,2,1,0,0,,,,,,,,
g2_rain_fade,RAIN_FADE,24,,400,2,125,ok,,,1,74.61741701,2017,5,10.514,0.147,10.592,10.563458,889,709,419,2017,2,2,1,5,1.7631E+12,1.7631E+12,heavy,0.25,25,0,1,2,0.5,0,0,,,,,,,,
g2_rain_fade,RAIN_FADE,24,,400,2,126,ok,,,1,72.679208,2015,5,10.724,0.12,10.608,10.582583,888,708,419,2015,2,2,1,5,1.7631E+12,1.7631E+12,heavy,0.25,25,0,0,2,0,0,0,,,,,,,,
g2_rain_fade,RAIN_FADE,24,,400,2,127,ok,,,1,71.001167,2014,5,10.583,0.109,11.423,11.428334,888,708,418,2014,2,2,1,5,1.7631E+12,1.7631E+12,heavy,0.25,25,0,2,2,1,0,0,,,,,,,,
g2_rain_fade,RAIN_FADE,24,,400,2,128,ok,,,2,75.815625,2016,5,11.448,0.099,10.488,10.461833,888,709,419,2016,2,2,1,5,1.7631E+12,1.7631E+12,heavy,0.25,25,0,4,4,1,0,0,,,,,,,,
g2_rain_fade,RAIN_FADE,24,,400,2,129,ok,,,2,81.377125,2008,5,10.525,0.102,20.4,20.424042,885,706,417,2008,2,2,1,5,1.7631E+12,1.7631E+12,heavy,0.25,25,0,4,4,1,0,0,,,,,,,,
g2_rain_fade,RAIN_FADE,24,,400,2,130,ok,,,1,72.91983299,2014,5,10.757,0.145,10.745,10.706416,888,708,418,2014,2,2,1,5,1.7631E+12,1.7631E+12,heavy,0.25,25,0,1,2,0.5,0,0,,,,,,,,
g2_rain_fade,RAIN_FADE,24,,400,2,131,ok,,,1,73.630334,2011,5,11.097,0.115,11.232,11.214792,886,707,418,2011,2,2,1,5,1.7631E+12,1.7631E+12,heavy,0.25,25,0,0,2,0,0,0,,,,,,,,
g2_rain_fade,RAIN_FADE,24,,400,2,132,ok,,,1,78.262708,2014,5,10.626,0.107,10.974,10.949,888,708,418,2014,2,2,1,5,1.7631E+12,1.7631E+12,heavy,0.25,25,0,2,2,1,0,0,,,,,,,,
g2_rain_fade,RAIN_FADE,24,,400,2,133,ok,,,1,74.280791,2009,5,10.554,0.105,11.335,11.343833,886,706,417,2009,2,2,1,5,1.7631E+12,1.7631E+12,heavy,0.25,25,0,2,2,1,0,0,,,,,,,,
g2_rain_fade,RAIN_FADE,24,,400,2,134,ok,,,1,73.007333,2014,5,11.227,0.112,10.532,10.510125,888,708,418,2014,2,2,1,5,1.7631E+12,1.7631E+12,heavy,0.25,25,0,0,2,0,0,0,,,,,,,,
g2_rain_fade,RAIN_FADE,24,,400,2,135,ok,,,1,75.834459,2011,5,12.163,0.191,12.802,12.814875,886,707,418,2011,2,2,1,5,1.7631E+12,1.7631E+12,heavy,0.25,25,0,3,5,0.6,0,0,,,,,,,,
g2_rain_fade,RAIN_FADE,24,,400,2,136,ok,,,1,74.02641699,2015,5,11.953,0.107,10.591,10.561291,888,709,418,2015,2,2,1,5,1.7631E+12,1.7631E+12,heavy,0.25,25,0,0,2,0,0,0,,,,,,,,
g2_rain_fade,RAIN_FADE,24,,400,2,137,ok,,,3,70.128916,2011,5,10.82,0.156,10.414,10.386208,886,707,418,2011,2,2,1,5,1.7631E+12,1.7631E+12,heavy,0.25,25,0,6,6,1,0,0,,,,,,,,
g2_rain_fade,RAIN_FADE,24,,400,2,138,ok,,,1,75.069791,2014,5,11.487,0.119,11.876,11.9645,887,709,418,2014,2,2,1,5,1.7631E+12,1.7631E+12,heavy,0.25,25,0,2,2,1,0,0,,,,,,,,
g2_rain_fade,RAIN_FADE,24,,400,2,139,ok,,,1,92.646875,2014,5,30.527,0.137,10.675,10.650958,887,709,418,2014,2,2,1,5,1.7631E+12,1.7631E+12,heavy,0.25,25,0,0,2,0,0,0,,,,,,,,
g2_rain_fade,RAIN_FADE,24,,400,2,140,ok,,,1,75.872667,2015,5,10.859,0.106,11.525,11.497208,888,709,418,2015,2,2,1,5,1.7631E+12,1.7631E+12,heavy,0.25,25,0,0,2,0,0,0,,,,,,,,
g2_rain_fade,RAIN_FADE,24,,400,2,141,ok,,,1,65.573792,2013,5,10.749,0.134,11.046,11.01295801,887,708,418,2013,2,2,1,5,1.7631E+12,1.7631E+12,heavy,0.25,25,0,2,2,1,0,0,,,,,,,,
g2_rain_fade,RAIN_FADE,24,,400,2,142,ok,,,1,71.962291,2012,5,10.682,0.11,10.765,10.747041,886,708,418,2012,2,2,1,5,1.7631E+12,1.7631E+12,heavy,0.25,25,0,2,2,1,0,0,,,,,,,,
g2_rain_fade,RAIN_FADE,24,,400,2,143,ok,,,1,73.196959,2017,5,10.843,0.109,10.699,10.661042,889,709,419,2017,2,2,1,5,1.7631E+12,1.7631E+12,heavy,0.25,25,0,2,2,1,0,0,,,,,,,,
g2_rain_fade,RAIN_FADE,24,,400,2,144,ok,,,1,69.772291,2016,5,10.509,0.1,10.753,10.722625,888,709,419,2016,2,2,1,5,1.7631E+12,1.7631E+12,heavy,0.25,25,0,2,2,1,0,0,,,,,,,,
g2_rain_fade,RAIN_FADE,24,,400,2,145,ok,,,1,69.470583,2015,5,11.141,0.141,11.001,11.01,888,709,418,2015,2,2,1,5,1.7631E+12,1.7631E+12,heavy,0.25,25,0,2,2,1,0,0,,,,,,,,
g2_rain_fade,RAIN_FADE,24,,400,2,146,ok,,,1,81.173667,2013,5,14.101,0.112,14.341,14.334375,887,708,418,2013,2,2,1,5,1.7631E+12,1.7631E+12,heavy,0.25,25,0,5,5,1,0,0,,,,,,,,
g2_rain_fade,RAIN_FADE,24,,400,2,147,ok,,,1,77.644375,2008,5,10.932,0.138,10.662,10.62433401,885,706,417,2008,2,2,1,5,1.7631E+12,1.7631E+12,heavy,0.25,25,0,2,2,1,0,0,,,,,,,,
g2_rain_fade,RAIN_FADE,24,,400,2,148,ok,,,1,79.282541,2016,5,14.852,0.162,12.794,12.753542,888,709,419,2016,2,2,1,5,1.7631E+12,1.7631E+12,heavy,0.25,25,0,5,5,1,0,0,,,,,,,,
g2_rain_fade,RAIN_FADE,24,,400,2,149,ok,,,1,87.046583,2017,5,12.911,0.155,13.818,13.832458,889,709,419,2017,2,2,1,5,1.7631E+12,1.7631E+12,heavy,0.25,25,0,5,5,1,0,0,,,,,,,,
g2_rain_fade,RAIN_FADE,24,,400,2,150,ok,,,1,73.105875,2011,5,10.764,0.104,11.038,11.020875,886,708,417,2011,2,2,1,5,1.7631E+12,1.7631E+12,heavy,0.25,25,0,2,2,1,0,0,,,,,,,,
g2_rain_fade,RAIN_FADE,24,,400,2,151,timeout,wait_m6,0,3,505.561125,356,1,5.073,0,0,0,356,0,0,356,1,0,0,1,1.7631E+12,,heavy,0.25,25,0,9,9,1,1,3,,,,,,,,
g2_rain_fade,RAIN_FADE,24,,400,2,152,ok,,,1,70.724833,2015,5,12.534,0.151,11.833,11.85725,888,708,419,2015,2,2,1,5,1.7631E+12,1.7631E+12,heavy,0.25,25,0,4,4,1,0,0,,,,,,,,
g2_rain_fade,RAIN_FADE,24,,400,2,153,ok,,,2,69.426459,2016,5,10.643,0.179,11.302,11.267583,888,709,419,2016,2,2,1,5,1.7631E+12,1.7631E+12,heavy,0.25,25,0,4,4,1,0,0,,,,,,,,
g2_rain_fade,RAIN_FADE,24,,400,2,154,ok,,,2,67.798709,2008,5,12.182,0.131,10.841,10.82608299,885,706,417,2008,2,2,1,5,1.7631E+12,1.7631E+12,heavy,0.25,25,0,4,4,1,0,0,,,,,,,,
g2_rain_fade,RAIN_FADE,24,,400,2,155,ok,,,1,78.30575,2015,5,10.933,0.124,10.662,10.626042,888,709,418,2015,2,2,1,5,1.7631E+12,1.7631E+12,heavy,0.25,25,0,2,2,1,0,0,,,,,,,,
g2_rain_fade,RAIN_FADE,24,,400,2,156,ok,,,1,74.368,2012,5,10.726,0.104,10.592,10.57725,887,707,418,2012,2,2,1,5,1.7631E+12,1.7631E+12,heavy,0.25,25,0,2,2,1,0,0,,,,,,,,
g2_rain_fade,RAIN_FADE,24,,400,2,157,ok,,,1,71.037917,2015,5,11.592,0.151,10.543,10.513666,888,708,419,2015,2,2,1,5,1.7631E+12,1.7631E+12,heavy,0.25,25,0,2,2,1,0,0,,,,,,,,
g2_rain_fade,RAIN_FADE,24,,400,2,158,timeout,wait_m4,0,3,405.178084,97,1,4.633,0,0,0,97,0,0,97,1,0,0,1,,,heavy,0.25,25,0,7,7,1,0,0,,,,,,,,
g2_rain_fade,RAIN_FADE,24,,400,2,159,ok,,,1,73.567917,2015,5,10.478,0.115,11.111,11.243375,888,708,419,2015,2,2,1,5,1.7631E+12,1.7631E+12,heavy,0.25,25,0,0,2,0,0,0,,,,,,,,
g2_rain_fade,RAIN_FADE,24,,400,2,160,ok,,,1,77.599875,2011,5,10.271,0.087,10.511,10.487542,886,708,417,2011,2,2,1,5,1.7631E+12,1.7631E+12,heavy,0.25,25,0,2,2,1,0,0,,,,,,,,
g2_rain_fade,RAIN_FADE,24,,400,2,161,ok,,,1,75.790625,2015,5,11.306,0.147,10.663,10.61249999,888,708,419,2015,2,2,1,5,1.7631E+12,1.7631E+12,heavy,0.25,25,0,0,2,0,0,0,,,,,,,,
g2_rain_fade,RAIN_FADE,24,,400,2,162,ok,,,1,71.57,2014,5,10.398,0.096,10.677,10.649542,888,708,418,2014,2,2,1,5,1.7631E+12,1.7631E+12,heavy,0.25,25,0,2,2,1,0,0,,,,,,,,
g2_rain_fade,RAIN_FADE,24,,400,2,163,ok,,,1,68.382167,2014,5,11.32,0.123,12.305,12.335625,888,708,418,2014,2,2,1,5,1.7631E+12,1.7631E+12,heavy,0.25,25,0,0,7,0,1,3,,,,,,,,
g2_rain_fade,RAIN_FADE,24,,400,2,164,ok,,,1,72.52225,2009,5,10.779,0.122,11.199,11.273458,886,706,417,2009,2,2,1,5,1.7631E+12,1.7631E+12,heavy,0.25,25,0,0,2,0,0,0,,,,,,,,
g2_rain_fade,RAIN_FADE,24,,400,2,165,ok,,,1,74.70775001,2012,5,10.79,0.155,11.376,11.384792,887,707,418,2012,2,2,1,5,1.7631E+12,1.7631E+12,heavy,0.25,25,0,0,2,0,0,0,,,,,,,,
g2_rain_fade,RAIN_FADE,24,,400,2,166,ok,,,1,78.442208,2012,5,10.805,0.109,10.56,10.542333,887,707,418,2012,2,2,1,5,1.7631E+12,1.7631E+12,heavy,0.25,25,0,0,2,0,0,0,,,,,,,,
g2_rain_fade,RAIN_FADE,24,,400,2,167,ok,,,1,86.242708,2015,5,17.925,0.151,12.815,12.77779201,888,708,419,2015,2,2,1,5,1.7631E+12,1.7631E+12,heavy,0.25,25,0,3,7,0.428571429,1,1,,,,,,,,
g2_rain_fade,RAIN_FADE,24,,400,2,168,ok,,,1,71.305458,2015,5,10.597,0.12,10.74,10.72425,888,709,418,2015,2,2,1,5,1.7631E+12,1.7631E+12,heavy,0.25,25,0,0,2,0,0,0,,,,,,,,
g2_rain_fade,RAIN_FADE,24,,400,2,169,ok,,,1,72.34775,2015,5,11.462,0.131,11.007,11.040333,888,709,418,2015,2,2,1,5,1.7631E+12,1.7631E+12,heavy,0.25,25,0,0,2,0,0,0,,,,,,,,
g2_rain_fade,RAIN_FADE,24,,400,2,170,ok,,,1,70.820541,2014,5,10.597,0.157,11.232,11.191209,888,708,418,2014,2,2,1,5,1.7631E+12,1.7631E+12,heavy,0.25,25,0,1,2,0.5,0,0,,,,,,,,
g2_rain_fade,RAIN_FADE,24,,400,2,171,ok,,,1,68.231292,2012,5,12.725,0.121,10.738,10.690708,887,708,417,2012,2,2,1,5,1.7631E+12,1.7631E+12,heavy,0.25,25,0,2,2,1,0,0,,,,,,,,
g2_rain_fade,RAIN_FADE,24,,400,2,172,ok,,,2,87.71316701,1986,5,10.915,0.103,10.75,10.732833,873,709,404,1986,2,2,1,5,1.7631E+12,1.7631E+12,heavy,0.25,25,0,3,4,0.75,0,0,,,,,,,,
g2_rain_fade,RAIN_FADE,24,,400,2,173,ok,,,1,71.714667,2015,5,11.529,0.176,11.709,11.65475,888,708,419,2015,2,2,1,5,1.7631E+12,1.7631E+12,heavy,0.25,25,0,7,7,1,0,0,,,,,,,,
g2_rain_fade,RAIN_FADE,24,,400,2,174,ok,,,1,67.96983301,2014,5,10.353,0.154,11.284,11.291541,888,708,418,2014,2,2,1,5,1.7631E+12,1.7631E+12,heavy,0.25,25,0,2,2,1,0,0,,,,,,,,
g2_rain_fade,RAIN_FADE,24,,400,2,175,ok,,,1,74.4205,2015,5,10.843,0.137,11.037,11.036917,888,708,419,2015,2,2,1,5,1.7631E+12,1.7631E+12,heavy,0.25,25,0,2,2,1,0,0,,,,,,,,
g2_rain_fade,RAIN_FADE,24,,400,2,176,ok,,,1,76.928458,2014,5,14.491,0.185,11.126,11.13375,887,709,418,2014,2,2,1,5,1.7631E+12,1.7631E+12,heavy,0.25,25,0,0,2,0,0,0,,,,,,,,
g2_rain_fade,RAIN_FADE,24,,400,2,177,ok,,,1,83.393541,2012,5,15.19,0.149,12.988,12.966583,887,707,418,2012,2,2,1,5,1.7631E+12,1.7631E+12,heavy,0.25,25,0,7,7,1,0,0,,,,,,,,
g2_rain_fade,RAIN_FADE,24,,400,2,178,ok,,,1,84.10475,2014,5,14.273,0.14,11.893,11.867,887,709,418,2014,2,2,1,5,1.7631E+12,1.7631E+12,heavy,0.25,25,0,0,2,0,0,0,,,,,,,,
g2_rain_fade,RAIN_FADE,24,,400,2,179,ok,,,1,77.798083,2015,5,11.152,0.1,11.399,11.406541,888,709,418,2015,2,2,1,5,1.7631E+12,1.7631E+12,heavy,0.25,25,0,0,2,0,0,0,,,,,,,,
g2_rain_fade,RAIN_FADE,24,,400,2,180,ok,,,1,70.812542,2017,5,11.799,0.155,11.186,11.230667,889,709,419,2017,2,2,1,5,1.7631E+12,1.7631E+12,heavy,0.25,25,0,2,2,1,0,0,,,,,,,,
g2_rain_fade,RAIN_FADE,24,,400,2,181,ok,,,1,70.92275,2011,5,10.621,0.112,12.639,12.626042,886,708,417,2011,2,2,1,5,1.7631E+12,1.7631E+12,heavy,0.25,25,0,2,2,1,0,0,,,,,,,,
g2_rain_fade,RAIN_FADE,24,,400,2,182,ok,,,3,75.573292,2012,5,10.484,0.109,11.002,10.99875,887,707,418,2012,2,2,1,5,1.7631E+12,1.7631E+12,heavy,0.25,25,0,1,6,0.166666667,1,3,,,,,,,,
g2_rain_fade,RAIN_FADE,24,,400,2,183,ok,,,2,72.768209,2014,5,12.339,0.148,10.785,10.748625,888,708,418,2014,2,2,1,5,1.7631E+12,1.7631E+12,heavy,0.25,25,0,4,4,1,0,0,,,,,,,,
g2_rain_fade,RAIN_FADE,24,,400,2,184,ok,,,1,75.014208,2013,5,10.613,0.115,10.599,10.570084,887,708,418,2013,2,2,1,5,1.7631E+12,1.7631E+12,heavy,0.25,25,0,2,2,1,0,0,,,,,,,,
g2_rain_fade,RAIN_FADE,24,,400,2,185,ok,,,3,76.578375,2017,5,11.543,0.116,11.195,11.166708,889,709,419,2017,2,2,1,5,1.7631E+12,1.7631E+12,heavy,0.25,25,0,6,6,1,0,0,,,,,,,,
g2_rain_fade,RAIN_FADE,24,,400,2,186,timeout,wait_m6,0,3,506.831709,357,1,4.9,0,0,0,357,0,0,357,1,0,0,1,1.7631E+12,,heavy,0.25,25,0,9,9,1,1,3,,,,,,,,
g2_rain_fade,RAIN_FADE,24,,400,2,187,ok,,,1,72.540208,2013,5,10.384,0.133,10.649,10.626666,887,708,418,2013,2,2,1,5,1.7631E+12,1.7631E+12,heavy,0.25,25,0,0,2,0,0,0,,,,,,,,
g2_rain_fade,RAIN_FADE,24,,400,2,188,ok,,,1,85.676458,2017,5,14.58,0.192,13.925,13.92045899,889,709,419,2017,2,2,1,5,1.7631E+12,1.7631E+12,heavy,0.25,25,0,5,5,1,0,0,,,,,,,,
g2_rain_fade,RAIN_FADE,24,,400,2,189,ok,,,2,73.741875,2012,5,13.047,0.134,10.866,10.855833,886,708,418,2012,2,2,1,5,1.7631E+12,1.7631E+12,heavy,0.25,25,0,2,4,0.5,0,0,,,,,,,,
g2_rain_fade,RAIN_FADE,24,,400,2,190,timeout,wait_m6,0,3,510.55025,357,1,5.116,0,0,0,357,0,0,357,1,0,0,1,1.7631E+12,,heavy,0.25,25,0,8,12,0.666666667,1,3,,,,,,,,
g2_rain_fade,RAIN_FADE,24,,400,2,191,ok,,,1,93.711792,2015,5,25.155,0.153,10.74,10.768667,888,708,419,2015,2,2,1,5,1.7631E+12,1.7631E+12,heavy,0.25,25,0,0,2,0,0,0,,,,,,,,
g2_rain_fade,RAIN_FADE,24,,400,2,192,ok,,,1,74.194667,2017,5,11.089,0.107,11.23,11.235458,889,709,419,2017,2,2,1,5,1.7631E+12,1.7631E+12,heavy,0.25,25,0,0,2,0,0,0,,,,,,,,
g2_rain_fade,RAIN_FADE,24,,400,2,193,ok,,,1,70.79100001,2017,5,10.921,0.12,11.672,11.67175001,889,709,419,2017,2,2,1,5,1.7631E+12,1.7631E+12,heavy,0.25,25,0,0,2,0,0,0,,,,,,,,
g2_rain_fade,RAIN_FADE,24,,400,2,194,timeout,wait_m4,0,3,413.824834,97,1,6.947,0,0,0,97,0,0,97,1,0,0,1,,,heavy,0.25,25,0,7,7,1,0,0,,,,,,,,
g2_rain_fade,RAIN_FADE,24,,400,2,195,ok,,,1,75.512542,2016,5,11.773,0.141,10.891,10.870792,888,709,419,2016,2,2,1,5,1.7631E+12,1.7631E+12,heavy,0.25,25,0,0,2,0,0,0,,,,,,,,
g2_rain_fade,RAIN_FADE,24,,400,2,196,ok,,,1,77.013791,2014,5,11.958,0.121,11.417,11.399042,888,708,418,2014,2,2,1,5,1.7631E+12,1.7631E+12,heavy,0.25,25,0,0,2,0,0,0,,,,,,,,
g2_rain_fade,RAIN_FADE,24,,400,2,197,ok,,,2,76.949166,2012,5,10.712,0.157,11.338,11.410375,887,707,418,2012,2,2,1,5,1.7631E+12,1.7631E+12,heavy,0.25,25,0,4,4,1,0,0,,,,,,,,
g2_rain_fade,RAIN_FADE,24,,400,2,198,ok,,,1,75.781667,2013,5,10.736,0.113,10.819,10.804375,887,708,418,2013,2,2,1,5,1.7631E+12,1.7631E+12,heavy,0.25,25,0,0,2,0,0,0,,,,,,,,
g2_rain_fade,RAIN_FADE,24,,400,2,199,ok,,,1,73.015,2015,5,10.735,0.13,10.719,10.661958,888,708,419,2015,2,2,1,5,1.7631E+12,1.7631E+12,heavy,0.25,25,0,0,2,0,0,0,,,,,,,,
g2_rain_fade,RAIN_FADE,24,,400,2,200,ok,,,2,74.455584,2012,5,10.549,0.108,10.553,10.523792,887,707,418,2012,2,2,1,5,1.7631E+12,1.7631E+12,heavy,0.25,25,0,4,4,1,0,0,,,,,,,,
g2_rain_fade,RAIN_FADE,24,,400,2,201,ok,,,1,69.157417,2013,5,10.572,0.106,11.261,11.254,886,708,419,2013,2,2,1,5,1.7631E+12,1.7631E+12,heavy,0.25,25,0,1,2,0.5,0,0,,,,,,,,
g2_rain_fade,RAIN_FADE,24,,400,2,202,ok,,,1,74.058667,2012,5,13.342,0.152,12.894,13.046083,887,707,418,2012,2,2,1,5,1.7631E+12,1.7631E+12,heavy,0.25,25,0,1,7,0.142857143,1,3,,,,,,,,
g2_rain_fade,RAIN_FADE,24,,400,2,203,ok,,,1,70.26925,2017,5,12.185,0.138,11.473,11.468083,889,709,419,2017,2,2,1,5,1.7631E+12,1.7631E+12,heavy,0.25,25,0,0,2,0,0,0,,,,,,,,
g2_rain_fade,RAIN_FADE,24,,400,2,204,ok,,,2,79.906417,2016,5,10.788,0.113,10.621,10.587583,888,709,419,2016,2,2,1,5,1.7631E+12,1.7631E+12,heavy,0.25,25,0,4,4,1,0,0,,,,,,,,
g2_rain_fade,RAIN_FADE,24,,400,2,205,ok,,,1,68.971625,2016,5,10.818,0.126,11.095,11.117167,888,709,419,2016,2,2,1,5,1.7631E+12,1.7631E+12,heavy,0.25,25,0,2,2,1,0,0,,,,,,,,
g2_rain_fade,RAIN_FADE,24,,400,2,206,ok,,,1,69.782791,2015,5,10.481,0.082,10.374,10.34395899,888,709,418,2015,2,2,1,5,1.7631E+12,1.7631E+12,heavy,0.25,25,0,2,2,1,0,0,,,,,,,,
g2_rain_fade,RAIN_FADE,24,,400,2,207,ok,,,1,67.24275,2014,5,10.854,0.194,10.72,10.684583,887,709,418,2014,2,2,1,5,1.7631E+12,1.7631E+12,heavy,0.25,25,0,2,2,1,0,0,,,,,,,,
g2_rain_fade,RAIN_FADE,24,,400,2,208,ok,,,3,73.89825,2017,5,12.558,0.168,12.057,12.051458,889,709,419,2017,2,2,1,5,1.7631E+12,1.7631E+12,heavy,0.25,25,0,6,6,1,0,0,,,,,,,,
g2_rain_fade,RAIN_FADE,24,,400,2,209,ok,,,1,73.935959,2014,5,11.052,0.17,10.736,10.709167,888,708,418,2014,2,2,1,5,1.7631E+12,1.7631E+12,heavy,0.25,25,0,2,2,1,0,0,,,,,,,,
g2_rain_fade,RAIN_FADE,24,,400,2,210,ok,,,1,78.4305,1990,5,11.365,0.181,11.125,11.0905,875,709,406,1990,2,2,1,5,1.7631E+12,1.7631E+12,heavy,0.25,25,0,7,7,1,0,0,,,,,,,,
g2_rain_fade,RAIN_FADE,24,,400,2,211,ok,,,1,73.448708,2017,5,10.336,0.145,10.791,10.79495899,889,709,419,2017,2,2,1,5,1.7631E+12,1.7631E+12,heavy,0.25,25,0,0,2,0,0,0,,,,,,,,
g2_rain_fade,RAIN_FADE,24,,400,2,212,timeout,wait_m4,0,3,405.058709,97,1,3.993,0,0,0,97,0,0,97,1,0,0,1,,,heavy,0.25,25,0,7,7,1,1,3,,,,,,,,
g2_rain_fade,RAIN_FADE,24,,400,2,213,ok,,,2,70.99750001,2014,5,10.611,0.111,11.112,11.116709,888,708,418,2014,2,2,1,5,1.7631E+12,1.7631E+12,heavy,0.25,25,0,4,4,1,0,0,,,,,,,,
g2_rain_fade,RAIN_FADE,24,,400,2,214,ok,,,2,69.435416,1998,5,10.542,0.125,10.789,10.752084,873,708,417,1998,2,2,1,5,1.7631E+12,1.7631E+12,heavy,0.25,25,0,4,4,1,0,0,,,,,,,,
g2_rain_fade,RAIN_FADE,24,,400,2,215,ok,,,1,77.055542,2017,5,11.599,0.101,11.276,11.251333,889,709,419,2017,2,2,1,5,1.7631E+12,1.7631E+12,heavy,0.25,25,0,0,2,0,0,0,,,,,,,,
g2_rain_fade,RAIN_FADE,24,,400,2,216,ok,,,1,75.032375,2015,5,11.749,0.147,12.868,12.873583,888,708,419,2015,2,2,1,5,1.7631E+12,1.7631E+12,heavy,0.25,25,0,0,2,0,0,0,,,,,,,,
g2_rain_fade,RAIN_FADE,24,,400,2,217,ok,,,1,75.705709,2010,5,11.721,0.089,11.397,11.392084,886,707,417,2010,2,2,1,5,1.7631E+12,1.7631E+12,heavy,0.25,25,0,0,2,0,0,0,,,,,,,,
g2_rain_fade,RAIN_FADE,24,,400,2,218,ok,,,1,75.516834,2011,5,10.882,0.093,10.63,10.607292,886,707,418,2011,2,2,1,5,1.7631E+12,1.7631E+12,heavy,0.25,25,0,2,2,1,0,0,,,,,,,,
g2_rain_fade,RAIN_FADE,24,,400,2,219,ok,,,3,75.116792,2016,5,11.78,0.139,10.536,10.494666,888,709,419,2016,2,2,1,5,1.7631E+12,1.7631E+12,heavy,0.25,25,0,6,6,1,0,0,,,,,,,,
g2_rain_fade,RAIN_FADE,24,,400,2,220,ok,,,2,70.869251,2015,5,10.91,0.096,10.88,10.880709,888,708,419,2015,2,2,1,5,1.7631E+12,1.7631E+12,heavy,0.25,25,0,5,6,0.833333333,0,0,,,,,,,,
g2_rain_fade,RAIN_FADE,24,,400,2,221,ok,,,1,69.015167,2015,5,10.582,0.109,11.596,11.641708,888,709,418,2015,2,2,1,5,1.7631E+12,1.7631E+12,heavy,0.25,25,0,2,2,1,0,0,,,,,,,,
g2_rain_fade,RAIN_FADE,24,,400,2,222,ok,,,1,70.909584,2014,5,10.807,0.133,10.795,10.781125,888,708,418,2014,2,2,1,5,1.7631E+12,1.7631E+12,heavy,0.25,25,0,0,2,0,0,0,,,,,,,,
g2_rain_fade,RAIN_FADE,24,,400,2,223,ok,,,1,79.927125,2017,5,12.12,0.161,11.387,11.365167,889,709,419,2017,2,2,1,5,1.7631E+12,1.7631E+12,heavy,0.25,25,0,1,2,0.5,0,0,,,,,,,,
g2_rain_fade,RAIN_FADE,24,,400,2,224,ok,,,1,72.095167,2012,5,11.745,0.105,11.261,11.309542,887,707,418,2012,2,2,1,5,1.7631E+12,1.7631E+12,heavy,0.25,25,0,0,2,0,0,0,,,,,,,,
g2_rain_fade,RAIN_FADE,24,,400,2,225,ok,,,1,92.491083,2015,5,15.279,0.196,12.623,12.61975,888,708,419,2015,2,2,1,5,1.7631E+12,1.7631E+12,heavy,0.25,25,0,3,5,0.6,0,0,,,,,,,,
g2_rain_fade,RAIN_FADE,24,,400,2,226,ok,,,1,69.815292,2012,5,10.72,0.156,11.182,11.141375,887,708,417,2012,2,2,1,5,1.7631E+12,1.7631E+12,heavy,0.25,25,0,4,4,1,0,0,,,,,,,,
g2_rain_fade,RAIN_FADE,24,,400,2,227,ok,,,1,70.379292,2017,5,10.904,0.174,11.615,11.591709,889,709,419,2017,2,2,1,5,1.7631E+12,1.7631E+12,heavy,0.25,25,0,0,2,0,0,0,,,,,,,,
g2_rain_fade,RAIN_FADE,24,,400,2,228,ok,,,1,72.623166,2011,5,11.246,0.11,10.522,10.48112501,886,707,418,2011,2,2,1,5,1.7631E+12,1.7631E+12,heavy,0.25,25,0,0,2,0,0,0,,,,,,,,
g2_rain_fade,RAIN_FADE,24,,400,2,229,ok,,,1,71.49675,2017,5,12.448,0.148,11.144,11.127875,889,709,419,2017,2,2,1,5,1.7631E+12,1.7631E+12,heavy,0.25,25,0,2,2,1,0,0,,,,,,,,
g2_rain_fade,RAIN_FADE,24,,400,2,230,ok,,,1,68.241459,2015,5,11.131,0.144,11.053,11.018667,888,709,418,2015,2,2,1,5,1.7631E+12,1.7631E+12,heavy,0.25,25,0,4,4,1,0,0,,,,,,,,
g2_rain_fade,RAIN_FADE,24,,400,2,231,ok,,,2,68.557417,2017,5,11.989,0.155,11.652,11.616458,889,709,419,2017,2,2,1,5,1.7631E+12,1.7631E+12,heavy,0.25,25,0,6,6,1,0,0,,,,,,,,
g2_rain_fade,RAIN_FADE,24,,400,2,232,ok,,,1,69.140417,2017,5,11.991,0.135,10.664,10.655042,889,709,419,2017,2,2,1,5,1.7631E+12,1.7631E+12,heavy,0.25,25,0,0,2,0,0,0,,,,,,,,
g2_rain_fade,RAIN_FADE,24,,400,2,233,ok,,,1,71.212917,2015,5,11.759,0.101,11.123,11.12304199,888,709,418,2015,2,2,1,5,1.7631E+12,1.7631E+12,heavy,0.25,25,0,2,2,1,0,0,,,,,,,,
g2_rain_fade,RAIN_FADE,24,,400,2,234,ok,,,1,65.946541,2012,5,11.16,0.095,10.668,10.635791,887,707,418,2012,2,2,1,5,1.7631E+12,1.7631E+12,heavy,0.25,25,0,2,2,1,0,0,,,,,,,,
g2_rain_fade,RAIN_FADE,24,,400,2,235,ok,,,1,71.888458,2013,5,11.309,0.114,10.87,10.849333,887,708,418,2013,2,2,1,5,1.7631E+12,1.7631E+12,heavy,0.25,25,0,0,2,0,0,0,,,,,,,,
g2_rain_fade,RAIN_FADE,24,,400,2,236,ok,,,1,76.543541,2017,5,11.485,0.097,10.605,10.56408299,889,709,419,2017,2,2,1,5,1.7631E+12,1.7631E+12,heavy,0.25,25,0,2,2,1,0,0,,,,,,,,
g2_rain_fade,RAIN_FADE,24,,400,2,237,ok,,,1,74.893959,2015,5,10.744,0.138,10.763,10.75820799,888,708,419,2015,2,2,1,5,1.7631E+12,1.7631E+12,heavy,0.25,25,0,2,2,1,0,0,,,,,,,,
g2_rain_fade,RAIN_FADE,24,,400,2,238,ok,,,1,70.128,2012,5,10.54,0.117,11.28,11.20879201,887,707,418,2012,2,2,1,5,1.7631E+12,1.7631E+12,heavy,0.25,25,0,2,2,1,0,0,,,,,,,,
g2_rain_fade,RAIN_FADE,24,,400,2,239,ok,,,3,69.678084,2013,5,11.221,0.1,11.267,11.249459,887,708,418,2013,2,2,1,5,1.7631E+12,1.7631E+12,heavy,0.25,25,0,6,6,1,1,3,,,,,,,,
g2_rain_fade,RAIN_FADE,24,,400,2,240,ok,,,1,75.979,2012,5,15.369,0.162,12.674,12.685875,887,707,418,2012,2,2,1,5,1.7631E+12,1.7631E+12,heavy,0.25,25,0,5,5,1,0,0,,,,,,,,
g2_rain_fade,RAIN_FADE,24,,400,2,241,ok,,,3,76.417334,2011,5,12.583,0.203,11.851,11.83887501,886,707,418,2011,2,2,1,5,1.7631E+12,1.7631E+12,heavy,0.25,25,0,8,8,1,0,0,,,,,,,,
g2_rain_fade,RAIN_FADE,24,,400,2,242,ok,,,2,71.13737499,2015,5,11.375,0.111,10.814,10.773625,888,708,419,2015,2,2,1,5,1.7631E+12,1.7631E+12,heavy,0.25,25,0,4,4,1,0,0,,,,,,,,
g2_rain_fade,RAIN_FADE,24,,400,2,243,ok,,,1,74.592875,2011,5,11.99,0.122,11.398,11.39175,886,708,417,2011,2,2,1,5,1.7631E+12,1.7631E+12,heavy,0.25,25,0,2,2,1,0,0,,,,,,,,
g2_rain_fade,RAIN_FADE,24,,400,2,244,ok,,,1,79.930375,2017,5,12.087,0.141,10.816,10.799542,889,709,419,2017,2,2,1,5,1.7631E+12,1.7631E+12,heavy,0.25,25,0,2,2,1,0,0,,,,,,,,
g2_rain_fade,RAIN_FADE,24,,400,2,245,ok,,,1,70.04675001,2013,5,11.615,0.112,10.677,10.644125,887,708,418,2013,2,2,1,5,1.7631E+12,1.7631E+12,heavy,0.25,25,0,0,2,0,0,0,,,,,,,,
g2_rain_fade,RAIN_FADE,24,,400,2,246,ok,,,1,86.94425,2010,5,12.719,0.106,10.489,10.47116701,886,707,417,2010,2,2,1,5,1.7631E+12,1.7631E+12,heavy,0.25,25,0,2,2,1,0,0,,,,,,,,
g2_rain_fade,RAIN_FADE,24,,400,2,247,ok,,,1,79.377541,2012,5,11.527,0.1,11.463,11.448916,887,707,418,2012,2,2,1,5,1.7631E+12,1.7631E+12,heavy,0.25,25,0,2,2,1,0,0,,,,,,,,
g2_rain_fade,RAIN_FADE,24,,400,2,248,ok,,,1,76.581541,2013,5,10.403,0.085,10.269,10.238125,887,708,418,2013,2,2,1,5,1.7631E+12,1.7631E+12,heavy,0.25,25,0,1,2,0.5,0,0,,,,,,,,
g2_rain_fade,RAIN_FADE,24,,400,2,249,ok,,,2,79.28387501,2015,5,11.148,0.101,10.664,10.640917,888,709,418,2015,2,2,1,5,1.7631E+12,1.7631E+12,heavy,0.25,25,0,4,4,1,0,0,,,,,,,,
g2_rain_fade,RAIN_FADE,24,,400,2,250,ok,,,1,72.008667,2017,5,10.58,0.127,10.736,10.72025,889,709,419,2017,2,2,1,5,1.7631E+12,1.7631E+12,heavy,0.25,25,0,0,2,0,0,0,,,,,,,,
g2_rain_fade,RAIN_FADE,24,,400,2,251,ok,,,1,79.65725,2014,5,10.82,0.108,10.762,10.724833,888,708,418,2014,2,2,1,5,1.7631E+12,1.7631E+12,heavy,0.25,25,0,0,2,0,0,0,,,,,,,,
g2_rain_fade,RAIN_FADE,24,,400,2,252,ok,,,1,76.97875,2015,5,10.41,0.096,11.632,11.618417,888,708,419,2015,2,2,1,5,1.7631E+12,1.7631E+12,heavy,0.25,25,0,3,3,1,0,0,,,,,,,,
g2_rain_fade,RAIN_FADE,24,,400,2,253,ok,,,1,76.384083,2014,5,10.648,0.082,10.496,10.476584,888,708,418,2014,2,2,1,5,1.7631E+12,1.7631E+12,heavy,0.25,25,0,0,2,0,0,0,,,,,,,,
g2_rain_fade,RAIN_FADE,24,,400,2,254,ok,,,1,81.149958,2012,5,11.254,0.105,11.186,11.223083,887,707,418,2012,2,2,1,5,1.7631E+12,1.7631E+12,heavy,0.25,25,0,2,2,1,0,0,,,,,,,,
g2_rain_fade,RAIN_FADE,24,,400,2,255,ok,,,1,75.724084,2011,5,10.728,0.133,10.755,10.729875,886,709,416,2011,2,2,1,5,1.7631E+12,1.7631E+12,heavy,0.25,25,0,2,2,1,0,0,,,,,,,,
g2_rain_fade,RAIN_FADE,24,,400,2,256,ok,,,1,73.973625,2016,5,13.543,0.168,12.191,12.273125,888,709,419,2016,2,2,1,5,1.7631E+12,1.7631E+12,heavy,0.25,25,0,3,4,0.75,0,0,,,,,,,,
g2_rain_fade,RAIN_FADE,24,,400,2,257,ok,,,2,85.67458401,2012,5,14.517,0.181,14.463,14.55404201,887,707,418,2012,2,2,1,5,1.7631E+12,1.7631E+12,heavy,0.25,25,0,7,7,1,0,0,,,,,,,,
g2_rain_fade,RAIN_FADE,24,,400,2,258,ok,,,1,75.465584,2017,5,11.528,0.221,11.606,11.6025,889,709,419,2017,2,2,1,5,1.7631E+12,1.7631E+12,heavy,0.25,25,0,2,2,1,0,0,,,,,,,,
g2_rain_fade,RAIN_FADE,24,,400,2,259,ok,,,1,79.141,2012,5,10.746,0.148,11.626,11.36975,887,708,417,2012,2,2,1,5,1.7631E+12,1.7631E+12,heavy,0.25,25,0,5,5,1,0,0,,,,,,,,
g2_rain_fade,RAIN_FADE,24,,400,2,260,ok,,,1,72.872458,2012,5,11.005,0.133,10.507,10.485541,887,707,418,2012,2,2,1,5,1.7631E+12,1.7631E+12,heavy,0.25,25,0,2,2,1,0,0,,,,,,,,
g2_rain_fade,RAIN_FADE,24,,400,2,261,ok,,,1,82.577042,2016,5,13.248,0.204,13.065,13.033875,888,709,419,2016,2,2,1,5,1.7631E+12,1.7631E+12,heavy,0.25,25,0,5,5,1,0,0,,,,,,,,
g2_rain_fade,RAIN_FADE,24,,400,2,262,ok,,,1,76.6795,2013,5,10.237,0.132,10.943,10.915208,887,708,418,2013,2,2,1,5,1.7631E+12,1.7631E+12,heavy,0.25,25,0,0,2,0,0,0,,,,,,,,
g2_rain_fade,RAIN_FADE,24,,400,2,263,ok,,,1,73.547083,2016,5,11.679,0.113,10.397,10.362417,888,709,419,2016,2,2,1,5,1.7631E+12,1.7631E+12,heavy,0.25,25,0,0,2,0,0,0,,,,,,,,
g2_rain_fade,RAIN_FADE,24,,400,2,264,timeout,wait_m6,0,3,511.547792,357,1,3.606,0,0,0,357,0,0,357,1,0,0,1,1.7631E+12,,heavy,0.25,25,0,10,10,1,0,0,,,,,,,,
g2_rain_fade,RAIN_FADE,24,,400,2,265,ok,,,1,73.55687601,2013,5,11.639,0.198,11.334,11.2895,887,708,418,2013,2,2,1,5,1.7631E+12,1.7631E+12,heavy,0.25,25,0,3,4,0.75,0,0,,,,,,,,
g2_rain_fade,RAIN_FADE,24,,400,2,266,ok,,,1,78.567167,2012,5,11.907,0.107,10.802,10.768916,887,707,418,2012,2,2,1,5,1.7631E+12,1.7631E+12,heavy,0.25,25,0,0,2,0,0,0,,,,,,,,
g2_rain_fade,RAIN_FADE,24,,400,2,267,ok,,,1,72.197,2012,5,11.35,0.104,11.586,11.567166,886,709,417,2012,2,2,1,5,1.7631E+12,1.7631E+12,heavy,0.25,25,0,2,2,1,0,0,,,,,,,,
g2_rain_fade,RAIN_FADE,24,,400,2,268,ok,,,2,75.872,2010,5,12.419,0.14,12.392,12.406625,886,707,417,2010,2,2,1,5,1.7631E+12,1.7631E+12,heavy,0.25,25,0,6,6,1,0,0,,,,,,,,
g2_rain_fade,RAIN_FADE,24,,400,2,269,timeout,wait_m4,0,3,404.994458,97,1,3.904,0,0,0,97,0,0,97,1,0,0,1,,,heavy,0.25,25,0,7,7,1,1,3,,,,,,,,
g2_rain_fade,RAIN_FADE,24,,400,2,270,ok,,,1,70.987084,2017,5,12.025,0.141,10.394,10.371,889,709,419,2017,2,2,1,5,1.7631E+12,1.7631E+12,heavy,0.25,25,0,0,2,0,0,0,,,,,,,,
g2_rain_fade,RAIN_FADE,24,,400,2,271,ok,,,1,70.81575,2009,5,10.554,0.141,10.795,10.763833,885,707,417,2009,2,2,1,5,1.7631E+12,1.7631E+12,heavy,0.25,25,0,0,2,0,0,0,,,,,,,,
g2_rain_fade,RAIN_FADE,24,,400,2,272,ok,,,1,69.873292,2012,5,10.52,0.145,10.849,10.83324999,887,707,418,2012,2,2,1,5,1.7631E+12,1.7631E+12,heavy,0.25,25,0,0,2,0,0,0,,,,,,,,
g2_rain_fade,RAIN_FADE,24,,400,2,273,ok,,,1,86.656083,2011,5,14.499,0.199,13.329,13.290209,886,708,417,2011,2,2,1,5,1.7631E+12,1.7631E+12,heavy,0.25,25,0,7,7,1,0,0,,,,,,,,
g2_rain_fade,RAIN_FADE,24,,400,2,274,ok,,,1,72.367792,2009,5,10.941,0.094,10.498,10.467583,885,707,417,2009,2,2,1,5,1.7631E+12,1.7631E+12,heavy,0.25,25,0,2,2,1,0,0,,,,,,,,
g2_rain_fade,RAIN_FADE,24,,400,2,275,ok,,,3,70.749917,2014,5,10.564,0.214,12.188,12.191292,888,708,418,2014,2,2,1,5,1.7631E+12,1.7631E+12,heavy,0.25,25,0,3,6,0.5,0,0,,,,,,,,
g2_rain_fade,RAIN_FADE,24,,400,2,276,ok,,,2,72.034292,2011,5,11.798,0.134,11.568,11.547792,886,707,418,2011,2,2,1,5,1.7631E+12,1.7631E+12,heavy,0.25,25,0,2,4,0.5,0,0,,,,,,,,
g2_rain_fade,RAIN_FADE,24,,400,2,277,ok,,,1,74.058917,2012,5,10.599,0.12,11.119,11.187667,887,708,417,2012,2,2,1,5,1.7631E+12,1.7631E+12,heavy,0.25,25,0,0,2,0,0,0,,,,,,,,
g2_rain_fade,RAIN_FADE,24,,400,2,278,ok,,,1,69.949083,2013,5,11.921,0.132,10.725,10.694,887,708,418,2013,2,2,1,5,1.7631E+12,1.7631E+12,heavy,0.25,25,0,2,2,1,0,0,,,,,,,,
g2_rain_fade,RAIN_FADE,24,,400,2,279,ok,,,1,71.501292,2017,5,11.785,0.138,10.573,10.563542,889,709,419,2017,2,2,1,5,1.7631E+12,1.7631E+12,heavy,0.25,25,0,2,2,1,0,0,,,,,,,,
g2_rain_fade,RAIN_FADE,24,,400,2,280,ok,,,1,68.901667,2011,5,10.781,0.104,10.907,10.890166,886,708,417,2011,2,2,1,5,1.7631E+12,1.7631E+12,heavy,0.25,25,0,0,2,0,0,0,,,,,,,,
g2_rain_fade,RAIN_FADE,24,,400,2,281,ok,,,1,77.840126,2013,5,11.607,0.097,11.321,11.316,887,708,418,2013,2,2,1,5,1.7631E+12,1.7631E+12,heavy,0.25,25,0,1,2,0.5,0,0,,,,,,,,
g2_rain_fade,RAIN_FADE,24,,400,2,282,ok,,,2,72.465125,2014,5,11.933,0.128,10.868,10.85529201,888,708,418,2014,2,2,1,5,1.7631E+12,1.7631E+12,heavy,0.25,25,0,4,4,1,0,0,,,,,,,,
g2_rain_fade,RAIN_FADE,24,,400,2,283,ok,,,1,78.613875,2015,5,11.836,0.097,11.138,11.136792,888,708,419,2015,2,2,1,5,1.7631E+12,1.7631E+12,heavy,0.25,25,0,2,2,1,0,0,,,,,,,,
g2_rain_fade,RAIN_FADE,24,,400,2,284,ok,,,1,73.850541,2014,5,11.661,0.113,11.628,11.65875,887,708,419,2014,2,2,1,5,1.7631E+12,1.7631E+12,heavy,0.25,25,0,1,2,0.5,0,0,,,,,,,,
g2_rain_fade,RAIN_FADE,24,,400,2,285,ok,,,2,75.313875,2016,5,10.862,0.099,10.395,10.373375,888,709,419,2016,2,2,1,5,1.7631E+12,1.7631E+12,heavy,0.25,25,0,3,4,0.75,0,0,,,,,,,,
g2_rain_fade,RAIN_FADE,24,,400,2,286,ok,,,1,71.777208,2012,5,11.544,0.139,10.968,11.037417,887,707,418,2012,2,2,1,5,1.7631E+12,1.7631E+12,heavy,0.25,25,0,4,4,1,0,0,,,,,,,,
g2_rain_fade,RAIN_FADE,24,,400,2,287,ok,,,2,74.10479199,2017,5,11.156,0.103,10.807,10.773625,889,709,419,2017,2,2,1,5,1.7631E+12,1.7631E+12,heavy,0.25,25,0,3,4,0.75,0,0,,,,,,,,
g2_rain_fade,RAIN_FADE,24,,400,2,288,ok,,,1,73.768833,2010,5,11.179,0.106,10.672,10.652,885,707,418,2010,2,2,1,5,1.7631E+12,1.7631E+12,heavy,0.25,25,0,0,2,0,0,0,,,,,,,,
g2_rain_fade,RAIN_FADE,24,,400,2,289,timeout,wait_m6,0,3,510.015042,356,1,8.433,0,0,0,356,0,0,356,1,0,0,1,1.7631E+12,,heavy,0.25,25,0,8,9,0.888888889,0,0,,,,,,,,
g2_rain_fade,RAIN_FADE,24,,400,2,290,ok,,,1,79.325959,2013,5,10.9,0.116,11.336,11.30725,887,709,417,2013,2,2,1,5,1.7631E+12,1.7631E+12,heavy,0.25,25,0,0,2,0,0,0,,,,,,,,
g2_rain_fade,RAIN_FADE,24,,400,2,291,ok,,,1,70.670375,2017,5,10.793,0.117,11.661,11.639791,889,709,419,2017,2,2,1,5,1.7631E+12,1.7631E+12,heavy,0.25,25,0,2,2,1,0,0,,,,,,,,
g2_rain_fade,RAIN_FADE,24,,400,2,292,ok,,,1,75.534417,2015,5,10.994,0.139,11.255,11.226459,888,709,418,2015,2,2,1,5,1.7631E+12,1.7631E+12,heavy,0.25,25,0,2,2,1,0,0,,,,,,,,
g2_rain_fade,RAIN_FADE,24,,400,2,293,ok,,,1,69.163375,2010,5,10.952,0.122,10.982,11.012125,886,708,416,2010,2,2,1,5,1.7631E+12,1.7631E+12,heavy,0.25,25,0,0,2,0,0,0,,,,,,,,
g2_rain_fade,RAIN_FADE,24,,400,2,294,ok,,,1,72.887875,2017,5,11.805,0.118,12.409,12.365541,889,709,419,2017,2,2,1,5,1.7631E+12,1.7631E+12,heavy,0.25,25,0,1,2,0.5,0,0,,,,,,,,
g2_rain_fade,RAIN_FADE,24,,400,2,295,ok,,,1,72.072667,2012,5,13.178,0.168,10.924,10.881291,887,707,418,2012,2,2,1,5,1.7631E+12,1.7631E+12,heavy,0.25,25,0,2,2,1,0,0,,,,,,,,
g2_rain_fade,RAIN_FADE,24,,400,2,296,ok,,,1,73.016792,2009,5,12.288,0.19,10.643,10.598375,885,707,417,2009,2,2,1,5,1.7631E+12,1.7631E+12,heavy,0.25,25,0,4,4,1,0,0,,,,,,,,
g2_rain_fade,RAIN_FADE,24,,400,2,297,ok,,,1,68.95125,2014,5,10.249,0.111,11.055,11.09325,888,708,418,2014,2,2,1,5,1.7631E+12,1.7631E+12,heavy,0.25,25,0,2,2,1,0,0,,,,,,,,
g2_rain_fade,RAIN_FADE,24,,400,2,298,ok,,,1,73.76974999,2015,5,11.201,0.16,10.839,10.806,888,708,419,2015,2,2,1,5,1.7631E+12,1.7631E+12,heavy,0.25,25,0,5,5,1,0,0,,,,,,,,
g2_rain_fade,RAIN_FADE,24,,400,2,299,ok,,,1,67.739292,2012,5,10.356,0.098,11.425,11.427666,887,707,418,2012,2,2,1,5,1.7631E+12,1.7631E+12,heavy,0.25,25,0,2,2,1,0,0,,,,,,,,
g2_rain_fade,RAIN_FADE,24,,400,2,300,ok,,,1,70.868542,2013,5,10.751,0.115,10.611,10.562958,887,708,418,2013,2,2,1,5,1.7631E+12,1.7631E+12,heavy,0.25,25,0,0,2,0,0,0,,,,,,,,
g2_rain_fade,RAIN_FADE,24,,300,2,1,ok,,,1,77.924292,2015,5,13.344,0.175,12.12,12.09275,888,708,419,2015,2,2,1,5,1.7631E+12,1.7631E+12,storm,0.15,15,0,5,5,1,0,0,,,,,,,,
g2_rain_fade,RAIN_FADE,24,,300,2,2,ok,,,1,74.31625,2012,5,10.459,0.092,10.601,10.57799999,887,707,418,2012,2,2,1,5,1.7631E+12,1.7631E+12,storm,0.15,15,0,0,2,0,0,0,,,,,,,,
g2_rain_fade,RAIN_FADE,24,,300,2,3,ok,,,3,86.065208,2016,5,15.977,0.173,14.505,14.470375,888,709,419,2016,2,2,1,5,1.7631E+12,1.7631E+12,storm,0.15,15,0,10,10,1,0,0,,,,,,,,
g2_rain_fade,RAIN_FADE,24,,300,2,4,ok,,,1,71.239291,2011,5,10.833,0.098,10.771,10.736292,886,708,417,2011,2,2,1,5,1.7631E+12,1.7631E+12,storm,0.15,15,0,0,2,0,0,0,,,,,,,,
g2_rain_fade,RAIN_FADE,24,,300,2,5,ok,,,1,70.242584,2012,5,10.475,0.105,10.728,10.692042,887,707,418,2012,2,2,1,5,1.7631E+12,1.7631E+12,storm,0.15,15,0,1,2,0.5,0,0,,,,,,,,
g2_rain_fade,RAIN_FADE,24,,300,2,6,timeout,wait_m4,0,3,306.337875,97,1,4.978,0,0,0,97,0,0,97,1,0,0,1,,,storm,0.15,15,0,5,5,1,1,4,,,,,,,,
g2_rain_fade,RAIN_FADE,24,,300,2,7,ok,,,1,76.25179199,2015,5,11.758,0.148,11.066,10.91633301,888,708,419,2015,2,2,1,5,1.7631E+12,1.7631E+12,storm,0.15,15,0,0,2,0,0,0,,,,,,,,
g2_rain_fade,RAIN_FADE,24,,300,2,8,ok,,,2,73.714584,2011,5,11.33,0.203,11.627,11.642709,886,708,417,2011,2,2,1,5,1.7631E+12,1.7631E+12,storm,0.15,15,0,3,4,0.75,0,0,,,,,,,,
g2_rain_fade,RAIN_FADE,24,,300,2,9,ok,,,1,75.45537499,2015,5,11.436,0.153,11.811,11.860958,888,708,419,2015,2,2,1,5,1.7631E+12,1.7631E+12,storm,0.15,15,0,4,4,1,0,0,,,,,,,,
g2_rain_fade,RAIN_FADE,24,,300,2,10,ok,,,1,69.761083,2012,5,11.697,0.139,10.803,10.783917,887,707,418,2012,2,2,1,5,1.7631E+12,1.7631E+12,storm,0.15,15,0,0,2,0,0,0,,,,,,,,
g2_rain_fade,RAIN_FADE,24,,300,2,11,ok,,,1,72.966667,2014,5,12.837,0.131,11.477,11.473958,887,708,419,2014,2,2,1,5,1.7631E+12,1.7631E+12,storm,0.15,15,0,5,5,1,0,0,,,,,,,,
g2_rain_fade,RAIN_FADE,24,,300,2,12,ok,,,1,75.154125,2012,5,10.192,0.108,11.025,11.013708,887,708,417,2012,2,2,1,5,1.7631E+12,1.7631E+12,storm,0.15,15,0,1,2,0.5,0,0,,,,,,,,
g2_rain_fade,RAIN_FADE,24,,300,2,13,timeout,wait_m6,0,3,507.922167,357,1,4.518,0,0,0,357,0,0,357,1,0,0,1,1.7631E+12,,storm,0.15,15,0,9,9,1,0,0,,,,,,,,
g2_rain_fade,RAIN_FADE,24,,300,2,14,ok,,,2,75.42004201,2009,5,11.669,0.144,11.102,11.140459,885,708,416,2009,2,2,1,5,1.7631E+12,1.7631E+12,storm,0.15,15,0,4,4,1,0,0,,,,,,,,
g2_rain_fade,RAIN_FADE,24,,300,2,15,ok,,,1,74.931417,2017,5,10.706,0.104,10.533,10.499542,889,709,419,2017,2,2,1,5,1.7631E+12,1.7631E+12,storm,0.15,15,0,2,2,1,0,0,,,,,,,,
g2_rain_fade,RAIN_FADE,24,,300,2,16,timeout,wait_m4,0,3,305.926,97,1,4.316,0,0,0,97,0,0,97,1,0,0,1,,,storm,0.15,15,0,5,5,1,0,0,,,,,,,,
g2_rain_fade,RAIN_FADE,24,,300,2,17,ok,,,1,75.625292,2013,5,12.721,0.085,10.761,10.741167,887,709,417,2013,2,2,1,5,1.7631E+12,1.7631E+12,storm,0.15,15,0,0,2,0,0,0,,,,,,,,
g2_rain_fade,RAIN_FADE,24,,300,2,18,timeout,wait_m4,0,3,305.118,97,1,3.987,0,0,0,97,0,0,97,1,0,0,1,,,storm,0.15,15,0,5,5,1,0,0,,,,,,,,
g2_rain_fade,RAIN_FADE,24,,300,2,19,ok,,,1,75.99375,2004,5,10.502,0.096,11.227,11.231625,883,707,414,2004,2,2,1,5,1.7631E+12,1.7631E+12,storm,0.15,15,0,2,2,1,0,0,,,,,,,,
g2_rain_fade,RAIN_FADE,24,,300,2,20,ok,,,1,69.933042,2014,5,10.746,0.102,10.924,10.878042,888,708,418,2014,2,2,1,5,1.7631E+12,1.7631E+12,storm,0.15,15,0,2,2,1,0,0,,,,,,,,
g2_rain_fade,RAIN_FADE,24,,300,2,21,timeout,wait_m6,0,3,506.135084,357,1,4.225,0,0,0,357,0,0,357,1,0,0,1,1.7631E+12,,storm,0.15,15,0,9,9,1,0,0,,,,,,,,
g2_rain_fade,RAIN_FADE,24,,300,2,22,timeout,wait_m4,0,3,304.781959,97,1,4.018,0,0,0,97,0,0,97,1,0,0,1,,,storm,0.15,15,0,5,5,1,0,0,,,,,,,,
g2_rain_fade,RAIN_FADE,24,,300,2,23,ok,,,2,68.37425,2016,5,11.085,0.116,10.491,10.472791,888,709,419,2016,2,2,1,5,1.7631E+12,1.7631E+12,storm,0.15,15,0,3,3,1,0,0,,,,,,,,
g2_rain_fade,RAIN_FADE,24,,300,2,24,ok,,,1,80.261375,2005,5,11.037,0.102,11.242,11.2655,884,706,415,2005,2,2,1,5,1.7631E+12,1.7631E+12,storm,0.15,15,0,5,5,1,0,0,,,,,,,,
g2_rain_fade,RAIN_FADE,24,,300,2,25,ok,,,2,81.832042,2014,5,12.556,0.093,13.566,13.75554199,887,708,419,2014,2,2,1,5,1.7631E+12,1.7631E+12,storm,0.15,15,0,0,4,0,0,0,,,,,,,,
g2_rain_fade,RAIN_FADE,24,,300,2,26,timeout,wait_m6,0,3,506.93,356,1,6.047,0,0,0,356,0,0,356,1,0,0,1,1.7631E+12,,storm,0.15,15,0,9,9,1,1,4,,,,,,,,
g2_rain_fade,RAIN_FADE,24,,300,2,27,ok,,,3,75.584125,2017,5,11.732,0.164,13.756,13.841917,889,709,419,2017,2,2,1,5,1.7631E+12,1.7631E+12,storm,0.15,15,0,7,7,1,0,0,,,,,,,,
g2_rain_fade,RAIN_FADE,24,,300,2,28,ok,,,1,73.932459,2015,5,10.755,0.133,11.469,11.674583,888,708,419,2015,2,2,1,5,1.7631E+12,1.7631E+12,storm,0.15,15,0,0,2,0,0,0,,,,,,,,
g2_rain_fade,RAIN_FADE,24,,300,2,29,timeout,wait_m6,0,3,507.03875,356,1,5.565,0,0,0,356,0,0,356,1,0,0,1,1.7631E+12,,storm,0.15,15,0,9,12,0.75,1,4,,,,,,,,
g2_rain_fade,RAIN_FADE,24,,300,2,30,ok,,,2,75.09233301,2017,5,11.941,0.143,10.59,10.562166,889,709,419,2017,2,2,1,5,1.7631E+12,1.7631E+12,storm,0.15,15,0,2,4,0.5,0,0,,,,,,,,
g2_rain_fade,RAIN_FADE,24,,300,2,31,ok,,,1,69.979583,2013,5,10.74,0.087,10.827,10.809875,887,708,418,2013,2,2,1,5,1.7631E+12,1.7631E+12,storm,0.15,15,0,2,2,1,0,0,,,,,,,,
g2_rain_fade,RAIN_FADE,24,,300,2,32,timeout,wait_m6,0,3,506.057417,357,1,4.438,0,0,0,357,0,0,357,1,0,0,1,1.7631E+12,,storm,0.15,15,0,7,9,0.777777778,0,0,,,,,,,,
g2_rain_fade,RAIN_FADE,24,,300,2,33,ok,,,2,75.459458,2008,5,11.903,0.2,11.419,11.751291,885,706,417,2008,2,2,1,5,1.7631E+12,1.7631E+12,storm,0.15,15,0,5,6,0.833333333,0,0,,,,,,,,
g2_rain_fade,RAIN_FADE,24,,300,2,34,timeout,wait_m4,0,3,310.425333,97,1,4.277,0,0,0,97,0,0,97,1,0,0,1,,,storm,0.15,15,0,5,5,1,0,0,,,,,,,,
g2_rain_fade,RAIN_FADE,24,,300,2,35,ok,,,3,79.607291,2014,5,13.128,0.13,12.344,12.311584,888,708,418,2014,2,2,1,5,1.7631E+12,1.7631E+12,storm,0.15,15,0,7,7,1,0,0,,,,,,,,
g2_rain_fade,RAIN_FADE,24,,300,2,36,timeout,wait_m4,0,3,313.128917,97,1,8.168,0,0,0,97,0,0,97,1,0,0,1,,,storm,0.15,15,0,5,5,1,0,0,,,,,,,,
g2_rain_fade,RAIN_FADE,24,,300,2,37,ok,,,1,74.77750001,2012,5,12.221,0.175,10.559,10.526584,886,707,419,2012,2,2,1,5,1.7631E+12,1.7631E+12,storm,0.15,15,0,2,2,1,0,0,,,,,,,,
g2_rain_fade,RAIN_FADE,24,,300,2,38,ok,,,1,74.203083,2013,5,10.813,0.098,11.671,11.649292,887,709,417,2013,2,2,1,5,1.7631E+12,1.7631E+12,storm,0.15,15,0,2,2,1,0,0,,,,,,,,
g2_rain_fade,RAIN_FADE,24,,300,2,39,ok,,,3,71.8945,2013,5,10.709,0.113,10.784,10.744583,887,708,418,2013,2,2,1,5,1.7631E+12,1.7631E+12,storm,0.15,15,0,5,5,1,0,0,,,,,,,,
g2_rain_fade,RAIN_FADE,24,,300,2,40,timeout,wait_m6,0,3,506.959625,357,1,5.253,0,0,0,357,0,0,357,1,0,0,1,1.7631E+12,,storm,0.15,15,0,8,9,0.888888889,0,0,,,,,,,,
g2_rain_fade,RAIN_FADE,24,,300,2,41,ok,,,2,79.551333,2016,5,12.644,0.237,12.103,12.667125,888,709,419,2016,2,2,1,5,1.7631E+12,1.7631E+12,storm,0.15,15,0,6,6,1,0,0,,,,,,,,
g2_rain_fade,RAIN_FADE,24,,300,2,42,ok,,,1,74.401334,2017,5,10.483,0.16,10.769,10.764917,889,709,419,2017,2,2,1,5,1.7631E+12,1.7631E+12,storm,0.15,15,0,0,2,0,0,0,,,,,,,,
g2_rain_fade,RAIN_FADE,24,,300,2,43,ok,,,3,77.284209,2015,5,12.965,0.175,11.068,11.03433299,888,708,419,2015,2,2,1,5,1.7631E+12,1.7631E+12,storm,0.15,15,0,9,9,1,0,0,,,,,,,,
g2_rain_fade,RAIN_FADE,24,,300,2,44,timeout,wait_m6,0,3,505.662125,356,1,4.897,0,0,0,356,0,0,356,1,0,0,1,1.7631E+12,,storm,0.15,15,0,9,9,1,1,4,,,,,,,,
g2_rain_fade,RAIN_FADE,24,,300,2,45,timeout,wait_m6,0,3,505.53575,357,1,3.791,0,0,0,357,0,0,357,1,0,0,1,1.7631E+12,,storm,0.15,15,0,10,10,1,0,0,,,,,,,,
g2_rain_fade,RAIN_FADE,24,,300,2,46,ok,,,3,85.628375,2013,5,16.115,0.168,13.928,13.963666,887,708,418,2013,2,2,1,5,1.7631E+12,1.7631E+12,storm,0.15,15,0,6,8,0.75,0,0,,,,,,,,
g2_rain_fade,RAIN_FADE,24,,300,2,47,timeout,wait_m6,0,3,505.587709,357,1,4.23,0,0,0,357,0,0,357,1,0,0,1,1.7631E+12,,storm,0.15,15,0,9,9,1,0,0,,,,,,,,
g2_rain_fade,RAIN_FADE,24,,300,2,48,ok,,,1,75.068292,2014,5,10.566,0.168,10.501,10.47775,888,708,418,2014,2,2,1,5,1.7631E+12,1.7631E+12,storm,0.15,15,0,0,2,0,0,0,,,,,,,,
g2_rain_fade,RAIN_FADE,24,,300,2,49,ok,,,2,75.296583,2012,5,13.503,0.144,10.766,10.749458,887,708,417,2012,2,2,1,5,1.7631E+12,1.7631E+12,storm,0.15,15,0,4,4,1,0,0,,,,,,,,
g2_rain_fade,RAIN_FADE,24,,300,2,50,ok,,,3,73.35825,2012,5,11.361,0.123,10.923,10.893625,887,707,418,2012,2,2,1,5,1.7631E+12,1.7631E+12,storm,0.15,15,0,5,5,1,0,0,,,,,,,,
g2_rain_fade,RAIN_FADE,24,,300,2,51,timeout,wait_m4,0,3,305.634542,97,1,4.26,0,0,0,97,0,0,97,1,0,0,1,,,storm,0.15,15,0,5,5,1,0,0,,,,,,,,
g2_rain_fade,RAIN_FADE,24,,300,2,52,ok,,,1,80.022333,2012,5,12.095,0.124,13.424,13.424875,887,708,417,2012,2,2,1,5,1.7631E+12,1.7631E+12,storm,0.15,15,0,5,5,1,0,0,,,,,,,,
g2_rain_fade,RAIN_FADE,24,,300,2,53,ok,,,1,81.696417,2015,5,12.038,0.096,10.959,10.944875,888,709,418,2015,2,2,1,5,1.7631E+12,1.7631E+12,storm,0.15,15,0,0,2,0,0,0,,,,,,,,
g2_rain_fade,RAIN_FADE,24,,300,2,54,ok,,,1,75.332958,2017,5,11.373,0.142,12.12,12.098875,889,709,419,2017,2,2,1,5,1.7631E+12,1.7631E+12,storm,0.15,15,0,7,7,1,0,0,,,,,,,,
g2_rain_fade,RAIN_FADE,24,,300,2,55,ok,,,1,67.827333,2012,5,12.284,0.107,11.236,11.231958,887,707,418,2012,2,2,1,5,1.7631E+12,1.7631E+12,storm,0.15,15,0,2,2,1,0,0,,,,,,,,
g2_rain_fade,RAIN_FADE,24,,300,2,56,ok,,,3,91.449291,2015,5,12.996,0.121,13.228,13.187125,888,709,418,2015,2,2,1,5,1.7631E+12,1.7631E+12,storm,0.15,15,0,9,9,1,0,0,,,,,,,,
g2_rain_fade,RAIN_FADE,24,,300,2,57,ok,,,2,80.799084,2008,5,13.044,0.187,12.516,12.459708,885,707,416,2008,2,2,1,5,1.7631E+12,1.7631E+12,storm,0.15,15,0,8,8,1,0,0,,,,,,,,
g2_rain_fade,RAIN_FADE,24,,300,2,58,ok,,,3,72.966042,2017,5,10.691,0.086,11.562,11.682917,889,709,419,2017,2,2,1,5,1.7631E+12,1.7631E+12,storm,0.15,15,0,5,5,1,0,0,,,,,,,,
g2_rain_fade,RAIN_FADE,24,,300,2,59,ok,,,2,73.763084,2017,5,11.953,0.136,10.782,10.760625,889,709,419,2017,2,2,1,5,1.7631E+12,1.7631E+12,storm,0.15,15,0,4,4,1,0,0,,,,,,,,
g2_rain_fade,RAIN_FADE,24,,300,2,60,ok,,,2,69.48525,2014,5,10.94,0.108,11.52,11.537125,888,708,418,2014,2,2,1,5,1.7631E+12,1.7631E+12,storm,0.15,15,0,4,4,1,0,0,,,,,,,,
g2_rain_fade,RAIN_FADE,24,,300,2,61,ok,,,2,73.72375,2014,5,11.988,0.154,11.63,11.611333,888,708,418,2014,2,2,1,5,1.7631E+12,1.7631E+12,storm,0.15,15,0,4,4,1,0,0,,,,,,,,
g2_rain_fade,RAIN_FADE,24,,300,2,62,timeout,wait_m4,0,3,305.482875,97,1,3.668,0,0,0,97,0,0,97,1,0,0,1,,,storm,0.15,15,0,6,6,1,1,3,,,,,,,,
g2_rain_fade,RAIN_FADE,24,,300,2,63,ok,,,1,75.982375,2017,5,11.477,0.12,10.708,10.68175001,889,709,419,2017,2,2,1,5,1.7631E+12,1.7631E+12,storm,0.15,15,0,2,2,1,0,0,,,,,,,,
g2_rain_fade,RAIN_FADE,24,,300,2,64,timeout,wait_m4,0,3,313.43625,97,1,3.913,0,0,0,97,0,0,97,1,0,0,1,,,storm,0.15,15,0,6,6,1,1,4,,,,,,,,
g2_rain_fade,RAIN_FADE,24,,300,2,65,ok,,,2,75.90149999,2010,5,13.283,0.165,11.379,11.439875,886,707,417,2010,2,2,1,5,1.7631E+12,1.7631E+12,storm,0.15,15,0,4,4,1,0,0,,,,,,,,
g2_rain_fade,RAIN_FADE,24,,300,2,66,ok,,,1,75.685375,2016,5,10.894,0.119,10.754,10.732417,888,709,419,2016,2,2,1,5,1.7631E+12,1.7631E+12,storm,0.15,15,0,2,2,1,0,0,,,,,,,,
g2_rain_fade,RAIN_FADE,24,,300,2,67,ok,,,1,75.02258399,2017,5,12.524,0.153,11.955,11.924125,889,709,419,2017,2,2,1,5,1.7631E+12,1.7631E+12,storm,0.15,15,0,5,5,1,0,0,,,,,,,,
g2_rain_fade,RAIN_FADE,24,,300,2,68,ok,,,3,73.411,2014,5,11.339,0.168,10.872,10.832959,887,709,418,2014,2,2,1,5,1.7631E+12,1.7631E+12,storm,0.15,15,0,5,5,1,0,0,,,,,,,,
g2_rain_fade,RAIN_FADE,24,,300,2,69,ok,,,1,74.203958,2014,5,10.536,0.142,10.91,10.875625,888,708,418,2014,2,2,1,5,1.7631E+12,1.7631E+12,storm,0.15,15,0,2,2,1,0,0,,,,,,,,
g2_rain_fade,RAIN_FADE,24,,300,2,70,ok,,,1,73.556625,2015,5,10.978,0.112,10.716,10.687708,888,708,419,2015,2,2,1,5,1.7631E+12,1.7631E+12,storm,0.15,15,0,2,2,1,0,0,,,,,,,,
g2_rain_fade,RAIN_FADE,24,,300,2,71,ok,,,3,81.448916,2015,5,11.295,0.119,11.415,11.43908301,888,708,419,2015,2,2,1,5,1.7631E+12,1.7631E+12,storm,0.15,15,0,5,5,1,0,0,,,,,,,,
g2_rain_fade,RAIN_FADE,24,,300,2,72,ok,,,1,69.0075,2017,5,11.469,0.121,10.892,10.848791,889,709,419,2017,2,2,1,5,1.7631E+12,1.7631E+12,storm,0.15,15,0,4,4,1,0,0,,,,,,,,
g2_rain_fade,RAIN_FADE,24,,300,2,73,ok,,,1,80.103875,2014,5,12.944,0.157,13.753,13.886709,887,708,419,2014,2,2,1,5,1.7631E+12,1.7631E+12,storm,0.15,15,0,6,7,0.857142857,0,0,,,,,,,,
g2_rain_fade,RAIN_FADE,24,,300,2,74,ok,,,1,74.665583,2016,5,12.139,0.169,10.668,10.629417,888,709,419,2016,2,2,1,5,1.7631E+12,1.7631E+12,storm,0.15,15,0,2,2,1,0,0,,,,,,,,
g2_rain_fade,RAIN_FADE,24,,300,2,75,ok,,,1,75.720834,2013,5,10.838,0.098,10.526,10.488667,887,709,417,2013,2,2,1,5,1.7631E+12,1.7631E+12,storm,0.15,15,0,0,2,0,0,0,,,,,,,,
g2_rain_fade,RAIN_FADE,24,,300,2,76,timeout,wait_m6,0,3,510.477001,357,1,6.001,0,0,0,357,0,0,357,1,0,0,1,1.7631E+12,,storm,0.15,15,0,8,9,0.888888889,0,0,,,,,,,,
g2_rain_fade,RAIN_FADE,24,,300,2,77,ok,,,3,73.001292,2013,5,10.962,0.129,10.843,10.816917,887,708,418,2013,2,2,1,5,1.7631E+12,1.7631E+12,storm,0.15,15,0,5,5,1,0,0,,,,,,,,
g2_rain_fade,RAIN_FADE,24,,300,2,78,ok,,,1,73.16225,2016,5,10.9,0.139,11.057,11.641917,888,709,419,2016,2,2,1,5,1.7631E+12,1.7631E+12,storm,0.15,15,0,2,2,1,0,0,,,,,,,,
g2_rain_fade,RAIN_FADE,24,,300,2,79,ok,,,2,75.39354201,2013,5,10.791,0.116,11.437,11.452791,887,708,418,2013,2,2,1,5,1.7631E+12,1.7631E+12,storm,0.15,15,0,4,4,1,0,0,,,,,,,,
g2_rain_fade,RAIN_FADE,24,,300,2,80,ok,,,1,75.8015,2013,5,10.673,0.106,10.406,10.380125,887,709,417,2013,2,2,1,5,1.7631E+12,1.7631E+12,storm,0.15,15,0,0,2,0,0,0,,,,,,,,
g2_rain_fade,RAIN_FADE,24,,300,2,81,ok,,,2,71.57075,2014,5,12.462,0.1,11.114,11.10791601,888,708,418,2014,2,2,1,5,1.7631E+12,1.7631E+12,storm,0.15,15,0,3,3,1,0,0,,,,,,,,
g2_rain_fade,RAIN_FADE,24,,300,2,82,ok,,,1,84.625292,2015,5,14.644,0.186,13.653,13.61375,888,708,419,2015,2,2,1,5,1.7631E+12,1.7631E+12,storm,0.15,15,0,5,5,1,0,0,,,,,,,,
g2_rain_fade,RAIN_FADE,24,,300,2,83,timeout,wait_m4,0,3,304.920542,97,1,4.037,0,0,0,97,0,0,97,1,0,0,1,,,storm,0.15,15,0,5,5,1,0,0,,,,,,,,
g2_rain_fade,RAIN_FADE,24,,300,2,84,ok,,,1,72.566041,2012,5,12.303,0.23,10.896,10.874875,886,708,418,2012,2,2,1,5,1.7631E+12,1.7631E+12,storm,0.15,15,0,7,7,1,0,0,,,,,,,,
g2_rain_fade,RAIN_FADE,24,,300,2,85,ok,,,1,69.6685,2012,5,10.68,0.122,10.962,10.960667,887,707,418,2012,2,2,1,5,1.7631E+12,1.7631E+12,storm,0.15,15,0,2,2,1,0,0,,,,,,,,
g2_rain_fade,RAIN_FADE,24,,300,2,86,ok,,,2,75.025375,2015,5,13.111,0.129,12.132,12.115625,888,709,418,2015,2,2,1,5,1.7631E+12,1.7631E+12,storm,0.15,15,0,8,8,1,0,0,,,,,,,,
g2_rain_fade,RAIN_FADE,24,,300,2,87,ok,,,1,78.68425,2012,5,11.118,0.099,10.491,10.455417,887,708,417,2012,2,2,1,5,1.7631E+12,1.7631E+12,storm,0.15,15,0,1,2,0.5,0,0,,,,,,,,
g2_rain_fade,RAIN_FADE,24,,300,2,88,ok,,,2,87.155875,2015,5,13.136,0.129,12.927,12.909375,888,708,419,2015,2,2,1,5,1.7631E+12,1.7631E+12,storm,0.15,15,0,7,9,0.777777778,0,0,,,,,,,,
g2_rain_fade,RAIN_FADE,24,,300,2,89,ok,,,1,64.201041,2011,5,10.465,0.133,11.242,11.20075,887,707,417,2011,2,2,1,5,1.7631E+12,1.7631E+12,storm,0.15,15,0,2,2,1,0,0,,,,,,,,
g2_rain_fade,RAIN_FADE,24,,300,2,90,ok,,,1,83.730958,2014,5,13.424,0.262,13.749,13.7535,888,708,418,2014,2,2,1,5,1.7631E+12,1.7631E+12,storm,0.15,15,0,3,5,0.6,0,0,,,,,,,,
g2_rain_fade,RAIN_FADE,24,,300,2,91,ok,,,1,74.164834,2015,5,11.651,0.111,10.599,10.55608301,888,708,419,2015,2,2,1,5,1.7631E+12,1.7631E+12,storm,0.15,15,0,2,2,1,0,0,,,,,,,,
g2_rain_fade,RAIN_FADE,24,,300,2,92,ok,,,1,71.797334,2014,5,10.54,0.147,10.502,10.48175,888,708,418,2014,2,2,1,5,1.7631E+12,1.7631E+12,storm,0.15,15,0,2,2,1,0,0,,,,,,,,
g2_rain_fade,RAIN_FADE,24,,300,2,93,ok,,,3,72.870542,2016,5,10.824,0.138,11.415,11.4575,888,709,419,2016,2,2,1,5,1.7631E+12,1.7631E+12,storm,0.15,15,0,5,5,1,0,0,,,,,,,,
g2_rain_fade,RAIN_FADE,24,,300,2,94,ok,,,1,77.746708,2012,5,12.027,0.165,12.718,12.696167,887,708,417,2012,2,2,1,5,1.7631E+12,1.7631E+12,storm,0.15,15,0,5,5,1,0,0,,,,,,,,
g2_rain_fade,RAIN_FADE,24,,300,2,95,ok,,,1,78.8465,2013,5,11.823,0.531,13.092,12.873917,887,708,418,2013,2,2,1,5,1.7631E+12,1.7631E+12,storm,0.15,15,0,5,5,1,0,0,,,,,,,,
g2_rain_fade,RAIN_FADE,24,,300,2,96,ok,,,1,73.529125,2012,5,11.52,0.129,11.305,11.278334,887,707,418,2012,2,2,1,5,1.7631E+12,1.7631E+12,storm,0.15,15,0,2,2,1,0,0,,,,,,,,
g2_rain_fade,RAIN_FADE,24,,300,2,97,ok,,,1,75.16895801,2017,5,12.163,0.24,11.583,11.609959,889,709,419,2017,2,2,1,5,1.7631E+12,1.7631E+12,storm,0.15,15,0,3,5,0.6,0,0,,,,,,,,
g2_rain_fade,RAIN_FADE,24,,300,2,98,ok,,,1,70.464333,2017,5,11.698,0.151,11.291,11.250541,889,709,419,2017,2,2,1,5,1.7631E+12,1.7631E+12,storm,0.15,15,0,2,2,1,0,0,,,,,,,,
g2_rain_fade,RAIN_FADE,24,,300,2,99,ok,,,1,75.201833,2009,5,11.729,0.148,10.92,10.902042,885,707,417,2009,2,2,1,5,1.7631E+12,1.7631E+12,storm,0.15,15,0,0,2,0,0,0,,,,,,,,
g2_rain_fade,RAIN_FADE,24,,300,2,100,ok,,,1,67.944291,2013,5,11.296,0.129,10.851,10.890542,887,708,418,2013,2,2,1,5,1.7631E+12,1.7631E+12,storm,0.15,15,0,2,2,1,0,0,,,,,,,,
g2_rain_fade,RAIN_FADE,24,,300,2,101,ok,,,1,72.190666,2008,5,11.622,0.093,10.756,10.724208,885,707,416,2008,2,2,1,5,1.7631E+12,1.7631E+12,storm,0.15,15,0,0,2,0,0,0,,,,,,,,
g2_rain_fade,RAIN_FADE,24,,300,2,102,ok,,,1,81.973583,2010,5,11.621,0.082,10.858,10.829792,886,707,417,2010,2,2,1,5,1.7631E+12,1.7631E+12,storm,0.15,15,0,2,2,1,0,0,,,,,,,,
g2_rain_fade,RAIN_FADE,24,,300,2,103,ok,,,1,71.865542,2010,5,10.611,0.096,10.657,10.637083,886,707,417,2010,2,2,1,5,1.7631E+12,1.7631E+12,storm,0.15,15,0,2,2,1,0,0,,,,,,,,
g2_rain_fade,RAIN_FADE,24,,300,2,104,ok,,,1,72.558834,2017,5,10.546,0.111,10.72,10.697333,889,709,419,2017,2,2,1,5,1.7631E+12,1.7631E+12,storm,0.15,15,0,2,2,1,0,0,,,,,,,,
g2_rain_fade,RAIN_FADE,24,,300,2,105,ok,,,1,71.997667,2015,5,11.091,0.129,10.92,10.935625,888,708,419,2015,2,2,1,5,1.7631E+12,1.7631E+12,storm,0.15,15,0,2,2,1,0,0,,,,,,,,
g2_rain_fade,RAIN_FADE,24,,300,2,106,ok,,,1,72.972791,2017,5,11.246,0.115,10.808,10.787667,889,709,419,2017,2,2,1,5,1.7631E+12,1.7631E+12,storm,0.15,15,0,1,2,0.5,0,0,,,,,,,,
g2_rain_fade,RAIN_FADE,24,,300,2,107,ok,,,1,74.944583,2012,5,12.605,0.153,11.821,11.205333,887,708,417,2012,2,2,1,5,1.7631E+12,1.7631E+12,storm,0.15,15,0,4,7,0.571428571,0,0,,,,,,,,
g2_rain_fade,RAIN_FADE,24,,300,2,108,timeout,wait_m6,0,3,508.792959,356,1,6.75,0,0,0,356,0,0,356,1,0,0,1,1.7631E+12,,storm,0.15,15,0,9,9,1,0,0,,,,,,,,
g2_rain_fade,RAIN_FADE,24,,300,2,109,ok,,,1,81.183417,2015,5,12.713,0.181,12.364,12.319458,888,708,419,2015,2,2,1,5,1.7631E+12,1.7631E+12,storm,0.15,15,0,5,5,1,0,0,,,,,,,,
g2_rain_fade,RAIN_FADE,24,,300,2,110,ok,,,1,75.686834,2013,5,11.166,0.172,11.032,10.998875,887,708,418,2013,2,2,1,5,1.7631E+12,1.7631E+12,storm,0.15,15,0,4,4,1,0,0,,,,,,,,
g2_rain_fade,RAIN_FADE,24,,300,2,111,ok,,,1,75.657167,2010,5,10.807,0.113,11.072,11.128708,886,707,417,2010,2,2,1,5,1.7631E+12,1.7631E+12,storm,0.15,15,0,2,2,1,0,0,,,,,,,,
g2_rain_fade,RAIN_FADE,24,,300,2,112,ok,,,1,79.465959,2014,5,13.296,0.168,13.155,13.245291,888,708,418,2014,2,2,1,5,1.7631E+12,1.7631E+12,storm,0.15,15,0,7,7,1,0,0,,,,,,,,
g2_rain_fade,RAIN_FADE,24,,300,2,113,ok,,,1,76.178791,2011,5,11.339,0.15,10.732,10.713042,886,708,417,2011,2,2,1,5,1.7631E+12,1.7631E+12,storm,0.15,15,0,4,4,1,0,0,,,,,,,,
g2_rain_fade,RAIN_FADE,24,,300,2,114,ok,,,2,76.45016599,2017,5,12.775,0.107,11.422,11.396084,889,709,419,2017,2,2,1,5,1.7631E+12,1.7631E+12,storm,0.15,15,0,4,4,1,0,0,,,,,,,,
g2_rain_fade,RAIN_FADE,24,,300,2,115,ok,,,1,74.419416,2011,5,10.354,0.14,10.904,10.871584,887,707,417,2011,2,2,1,5,1.7631E+12,1.7631E+12,storm,0.15,15,0,0,2,0,0,0,,,,,,,,
g2_rain_fade,RAIN_FADE,24,,300,2,116,ok,,,1,72.961375,2011,5,11.459,0.165,11.049,11.00875,887,707,417,2011,2,2,1,5,1.7631E+12,1.7631E+12,storm,0.15,15,0,7,7,1,0,0,,,,,,,,
g2_rain_fade,RAIN_FADE,24,,300,2,117,ok,,,2,83.20391701,2010,5,12.365,0.121,11.637,11.629375,886,708,416,2010,2,2,1,5,1.7631E+12,1.7631E+12,storm,0.15,15,0,8,8,1,0,0,,,,,,,,
g2_rain_fade,RAIN_FADE,24,,300,2,118,ok,,,2,77.13175,2016,5,13.01,0.119,14.948,14.946958,888,709,419,2016,2,2,1,5,1.7631E+12,1.7631E+12,storm,0.15,15,0,8,8,1,0,0,,,,,,,,
g2_rain_fade,RAIN_FADE,24,,300,2,119,ok,,,2,81.835584,2015,5,11.862,0.133,11.614,11.612375,888,708,419,2015,2,2,1,5,1.7631E+12,1.7631E+12,storm,0.15,15,0,4,4,1,0,0,,,,,,,,
g2_rain_fade,RAIN_FADE,24,,300,2,120,ok,,,1,73.655375,2010,5,10.544,0.098,11.15,11.184417,886,707,417,2010,2,2,1,5,1.7631E+12,1.7631E+12,storm,0.15,15,0,2,2,1,0,0,,,,,,,,
g2_rain_fade,RAIN_FADE,24,,300,2,121,ok,,,1,70.245292,2015,5,10.928,0.11,11.146,11.135958,888,708,419,2015,2,2,1,5,1.7631E+12,1.7631E+12,storm,0.15,15,0,5,5,1,0,0,,,,,,,,
g2_rain_fade,RAIN_FADE,24,,300,2,122,ok,,,2,84.85,2015,5,13.934,0.146,12.489,12.544084,888,709,418,2015,2,2,1,5,1.7631E+12,1.7631E+12,storm,0.15,15,0,8,8,1,1,4,,,,,,,,
g2_rain_fade,RAIN_FADE,24,,300,2,123,ok,,,1,70.897458,2012,5,10.443,0.105,10.496,10.461334,887,707,418,2012,2,2,1,5,1.7631E+12,1.7631E+12,storm,0.15,15,0,2,2,1,0,0,,,,,,,,
g2_rain_fade,RAIN_FADE,24,,300,2,124,ok,,,1,74.984791,2012,5,10.63,0.168,10.837,10.987125,887,708,417,2012,2,2,1,5,1.7631E+12,1.7631E+12,storm,0.15,15,0,2,2,1,0,0,,,,,,,,
g2_rain_fade,RAIN_FADE,24,,300,2,125,ok,,,3,75.14475,2012,5,11.487,0.135,11.054,10.997875,887,708,417,2012,2,2,1,5,1.7631E+12,1.7631E+12,storm,0.15,15,0,5,5,1,0,0,,,,,,,,
g2_rain_fade,RAIN_FADE,24,,300,2,126,ok,,,2,79.890458,2010,5,12.539,0.114,12.108,12.10499999,886,708,416,2010,2,2,1,5,1.7631E+12,1.7631E+12,storm,0.15,15,0,1,4,0.25,0,0,,,,,,,,
g2_rain_fade,RAIN_FADE,24,,300,2,127,ok,,,1,77.537958,2015,5,11.998,0.11,10.603,10.58662499,888,708,419,2015,2,2,1,5,1.7631E+12,1.7631E+12,storm,0.15,15,0,2,2,1,0,0,,,,,,,,
g2_rain_fade,RAIN_FADE,24,,300,2,128,ok,,,1,69.3345,2013,5,10.571,0.1,10.366,10.334291,887,707,419,2013,2,2,1,5,1.7631E+12,1.7631E+12,storm,0.15,15,0,2,2,1,0,0,,,,,,,,
g2_rain_fade,RAIN_FADE,24,,300,2,129,ok,,,1,75.55975,2014,5,10.752,0.14,10.684,10.652417,888,708,418,2014,2,2,1,5,1.7631E+12,1.7631E+12,storm,0.15,15,0,2,2,1,0,0,,,,,,,,
g2_rain_fade,RAIN_FADE,24,,300,2,130,ok,,,1,72.348875,1986,5,11.101,0.095,10.5,10.46237499,874,708,404,1986,2,2,1,5,1.7631E+12,1.7631E+12,storm,0.15,15,0,2,2,1,0,0,,,,,,,,
g2_rain_fade,RAIN_FADE,24,,300,2,131,timeout,wait_m4,0,3,306.9715,97,1,4.287,0,0,0,97,0,0,97,1,0,0,1,,,storm,0.15,15,0,5,5,1,1,4,,,,,,,,
g2_rain_fade,RAIN_FADE,24,,300,2,132,ok,,,3,83.403625,2017,5,13.128,0.114,12.836,12.798875,889,709,419,2017,2,2,1,5,1.7631E+12,1.7631E+12,storm,0.15,15,0,6,7,0.857142857,0,0,,,,,,,,
g2_rain_fade,RAIN_FADE,24,,300,2,133,ok,,,3,77.695291,2017,5,10.962,0.122,10.724,10.678167,889,709,419,2017,2,2,1,5,1.7631E+12,1.7631E+12,storm,0.15,15,0,5,5,1,0,0,,,,,,,,
g2_rain_fade,RAIN_FADE,24,,300,2,134,ok,,,1,79.948709,2011,5,13.889,0.191,13.512,13.531875,886,708,417,2011,2,2,1,5,1.7631E+12,1.7631E+12,storm,0.15,15,0,7,7,1,0,0,,,,,,,,
g2_rain_fade,RAIN_FADE,24,,300,2,135,timeout,wait_m6,0,3,506.369125,356,1,5.011,0,0,0,356,0,0,356,1,0,0,1,1.7631E+12,,storm,0.15,15,0,9,9,1,0,0,,,,,,,,
g2_rain_fade,RAIN_FADE,24,,300,2,136,ok,,,3,88.0435,2016,5,14.603,0.141,16.727,16.68175,888,709,419,2016,2,2,1,5,1.7631E+12,1.7631E+12,storm,0.15,15,0,10,10,1,0,0,,,,,,,,
g2_rain_fade,RAIN_FADE,24,,300,2,137,ok,,,1,77.12562499,2015,5,10.531,0.093,10.496,10.473667,888,709,418,2015,2,2,1,5,1.7631E+12,1.7631E+12,storm,0.15,15,0,0,2,0,0,0,,,,,,,,
g2_rain_fade,RAIN_FADE,24,,300,2,138,ok,,,3,79.908167,2017,5,12.198,0.128,11.329,11.324083,889,709,419,2017,2,2,1,5,1.7631E+12,1.7631E+12,storm,0.15,15,0,5,5,1,0,0,,,,,,,,
g2_rain_fade,RAIN_FADE,24,,300,2,139,ok,,,1,71.9565,2015,5,10.82,0.137,11.129,11.09833299,888,709,418,2015,2,2,1,5,1.7631E+12,1.7631E+12,storm,0.15,15,0,0,2,0,0,0,,,,,,,,
g2_rain_fade,RAIN_FADE,24,,300,2,140,ok,,,1,74.940375,2014,5,10.857,0.13,10.752,10.776292,887,708,419,2014,2,2,1,5,1.7631E+12,1.7631E+12,storm,0.15,15,0,2,2,1,0,0,,,,,,,,
g2_rain_fade,RAIN_FADE,24,,300,2,141,ok,,,2,84.626917,2012,5,13.427,0.213,12.487,12.445,887,707,418,2012,2,2,1,5,1.7631E+12,1.7631E+12,storm,0.15,15,0,3,6,0.5,0,0,,,,,,,,
g2_rain_fade,RAIN_FADE,24,,300,2,142,ok,,,2,73.49175,2017,5,11.651,0.108,12.085,12.062666,889,709,419,2017,2,2,1,5,1.7631E+12,1.7631E+12,storm,0.15,15,0,4,4,1,0,0,,,,,,,,
g2_rain_fade,RAIN_FADE,24,,300,2,143,ok,,,1,72.66191699,2008,5,10.615,0.113,10.962,10.946792,885,706,417,2008,2,2,1,5,1.7631E+12,1.7631E+12,storm,0.15,15,0,2,2,1,0,0,,,,,,,,
g2_rain_fade,RAIN_FADE,24,,300,2,144,ok,,,1,73.86733301,2015,5,10.459,0.095,10.461,10.435958,888,709,418,2015,2,2,1,5,1.7631E+12,1.7631E+12,storm,0.15,15,0,2,2,1,0,0,,,,,,,,
g2_rain_fade,RAIN_FADE,24,,300,2,145,ok,,,1,68.153166,2012,5,10.635,0.166,10.406,10.381166,886,708,418,2012,2,2,1,5,1.7631E+12,1.7631E+12,storm,0.15,15,0,0,2,0,0,0,,,,,,,,
g2_rain_fade,RAIN_FADE,24,,300,2,146,timeout,wait_m6,0,3,506.470292,356,1,5.535,0,0,0,356,0,0,356,1,0,0,1,1.7631E+12,,storm,0.15,15,0,9,9,1,0,0,,,,,,,,
g2_rain_fade,RAIN_FADE,24,,300,2,147,ok,,,1,73.922583,2017,5,12.447,0.118,10.839,10.7915,889,709,419,2017,2,2,1,5,1.7631E+12,1.7631E+12,storm,0.15,15,0,2,2,1,0,0,,,,,,,,
g2_rain_fade,RAIN_FADE,24,,300,2,148,ok,,,1,74.694166,2017,5,11.648,0.114,11.401,11.368042,889,709,419,2017,2,2,1,5,1.7631E+12,1.7631E+12,storm,0.15,15,0,0,2,0,0,0,,,,,,,,
g2_rain_fade,RAIN_FADE,24,,300,2,149,ok,,,2,72.07025,2011,5,11.179,0.098,11.545,11.523875,886,707,418,2011,2,2,1,5,1.7631E+12,1.7631E+12,storm,0.15,15,0,4,4,1,0,0,,,,,,,,
g2_rain_fade,RAIN_FADE,24,,300,2,150,timeout,wait_m6,0,3,510.617583,357,1,7.902,0,0,0,357,0,0,357,1,0,0,1,1.7631E+12,,storm,0.15,15,0,8,8,1,0,0,,,,,,,,
g2_rain_fade,RAIN_FADE,24,,300,2,151,ok,,,1,80.26995799,2011,5,11.635,0.153,12.467,12.347583,886,707,418,2011,2,2,1,5,1.7631E+12,1.7631E+12,storm,0.15,15,0,6,7,0.857142857,0,0,,,,,,,,
g2_rain_fade,RAIN_FADE,24,,300,2,152,timeout,wait_m6,0,3,506.336042,355,1,5.103,0,0,0,355,0,0,355,1,0,0,1,1.7631E+12,,storm,0.15,15,0,11,12,0.916666667,0,0,,,,,,,,
g2_rain_fade,RAIN_FADE,24,,300,2,153,ok,,,1,66.206166,2012,5,11.492,0.114,11.523,11.509125,887,707,418,2012,2,2,1,5,1.7631E+12,1.7631E+12,storm,0.15,15,0,2,2,1,0,0,,,,,,,,
g2_rain_fade,RAIN_FADE,24,,300,2,154,ok,,,1,70.827167,2014,5,10.801,0.177,10.958,10.917375,888,708,418,2014,2,2,1,5,1.7631E+12,1.7631E+12,storm,0.15,15,0,4,4,1,0,0,,,,,,,,
g2_rain_fade,RAIN_FADE,24,,300,2,155,ok,,,1,74.982458,2015,5,11.642,0.134,14.65,14.73675,888,709,418,2015,2,2,1,5,1.7631E+12,1.7631E+12,storm,0.15,15,0,0,2,0,0,0,,,,,,,,
g2_rain_fade,RAIN_FADE,24,,300,2,156,ok,,,1,67.7285,2014,5,10.542,0.117,11.306,11.282584,888,708,418,2014,2,2,1,5,1.7631E+12,1.7631E+12,storm,0.15,15,0,2,2,1,0,0,,,,,,,,
g2_rain_fade,RAIN_FADE,24,,300,2,157,ok,,,1,69.00987501,2017,5,10.655,0.148,11.086,11.054459,889,709,419,2017,2,2,1,5,1.7631E+12,1.7631E+12,storm,0.15,15,0,1,2,0.5,0,0,,,,,,,,
g2_rain_fade,RAIN_FADE,24,,300,2,158,ok,,,1,83.934833,2007,5,15.299,0.181,14.367,14.338084,885,706,416,2007,2,2,1,5,1.7631E+12,1.7631E+12,storm,0.15,15,0,5,5,1,0,0,,,,,,,,
g2_rain_fade,RAIN_FADE,24,,300,2,159,ok,,,1,70.70933301,2013,5,12.306,0.165,13.488,13.519167,887,708,418,2013,2,2,1,5,1.7631E+12,1.7631E+12,storm,0.15,15,0,7,7,1,0,0,,,,,,,,
g2_rain_fade,RAIN_FADE,24,,300,2,160,timeout,wait_m4,0,3,306.471417,97,1,4.141,0,0,0,97,0,0,97,1,0,0,1,,,storm,0.15,15,0,5,5,1,1,4,,,,,,,,
g2_rain_fade,RAIN_FADE,24,,300,2,161,ok,,,2,74.731666,2012,5,12.644,0.148,11.316,11.325208,887,708,417,2012,2,2,1,5,1.7631E+12,1.7631E+12,storm,0.15,15,0,4,4,1,0,0,,,,,,,,
g2_rain_fade,RAIN_FADE,24,,300,2,162,ok,,,1,67.593167,2011,5,12.15,0.108,11.566,11.568917,886,708,417,2011,2,2,1,5,1.7631E+12,1.7631E+12,storm,0.15,15,0,0,2,0,0,0,,,,,,,,
g2_rain_fade,RAIN_FADE,24,,300,2,163,ok,,,1,69.324417,2016,5,11.588,0.085,11.409,11.490417,888,709,419,2016,2,2,1,5,1.7631E+12,1.7631E+12,storm,0.15,15,0,0,2,0,0,0,,,,,,,,
g2_rain_fade,RAIN_FADE,24,,300,2,164,timeout,wait_m4,0,3,310.094875,97,1,5.996,0,0,0,97,0,0,97,1,0,0,1,,,storm,0.15,15,0,2,5,0.4,1,4,,,,,,,,
g2_rain_fade,RAIN_FADE,24,,300,2,165,ok,,,2,82.179208,2014,5,11.032,0.168,11.944,12.021834,888,708,418,2014,2,2,1,5,1.7631E+12,1.7631E+12,storm,0.15,15,0,4,4,1,0,0,,,,,,,,
g2_rain_fade,RAIN_FADE,24,,300,2,166,ok,,,1,73.561916,2013,5,10.613,0.136,10.449,10.423334,887,707,419,2013,2,2,1,5,1.7631E+12,1.7631E+12,storm,0.15,15,0,0,2,0,0,0,,,,,,,,
g2_rain_fade,RAIN_FADE,24,,300,2,167,ok,,,1,73.077833,2017,5,10.752,0.109,10.834,10.76025,889,709,419,2017,2,2,1,5,1.7631E+12,1.7631E+12,storm,0.15,15,0,0,2,0,0,0,,,,,,,,
g2_rain_fade,RAIN_FADE,24,,300,2,168,ok,,,1,83.44716601,2015,5,14.249,0.181,12.999,12.959208,888,709,418,2015,2,2,1,5,1.7631E+12,1.7631E+12,storm,0.15,15,0,5,5,1,0,0,,,,,,,,
g2_rain_fade,RAIN_FADE,24,,300,2,169,timeout,wait_m6,0,3,505.861959,356,1,5.186,0,0,0,356,0,0,356,1,0,0,1,1.7631E+12,,storm,0.15,15,0,12,12,1,0,0,,,,,,,,
g2_rain_fade,RAIN_FADE,24,,300,2,170,ok,,,1,92.24375,2012,5,13.925,0.13,13.584,13.551417,887,707,418,2012,2,2,1,5,1.7631E+12,1.7631E+12,storm,0.15,15,0,5,5,1,0,0,,,,,,,,
g2_rain_fade,RAIN_FADE,24,,300,2,171,ok,,,1,77.534166,1996,5,11.902,0.125,10.889,10.907458,872,707,417,1996,2,2,1,5,1.7631E+12,1.7631E+12,storm,0.15,15,0,2,2,1,0,0,,,,,,,,
g2_rain_fade,RAIN_FADE,24,,300,2,172,ok,,,2,82.948917,2013,5,11.116,0.113,11.545,11.59525,887,708,418,2013,2,2,1,5,1.7631E+12,1.7631E+12,storm,0.15,15,0,6,6,1,0,0,,,,,,,,
g2_rain_fade,RAIN_FADE,24,,300,2,173,ok,,,2,72.256791,1992,5,10.5,0.085,10.625,10.590125,876,709,407,1992,2,2,1,5,1.7631E+12,1.7631E+12,storm,0.15,15,0,4,4,1,0,0,,,,,,,,
g2_rain_fade,RAIN_FADE,24,,300,2,174,ok,,,3,78.321209,2013,5,11.137,0.108,11.49,11.5345,887,708,418,2013,2,2,1,5,1.7631E+12,1.7631E+12,storm,0.15,15,0,5,5,1,0,0,,,,,,,,
g2_rain_fade,RAIN_FADE,24,,300,2,175,ok,,,1,81.06412501,2013,5,13.512,0.203,12.085,12.064834,887,708,418,2013,2,2,1,5,1.7631E+12,1.7631E+12,storm,0.15,15,0,7,7,1,0,0,,,,,,,,
g2_rain_fade,RAIN_FADE,24,,300,2,176,ok,,,1,71.371416,2015,5,10.36,0.123,10.384,10.356417,888,708,419,2015,2,2,1,5,1.7631E+12,1.7631E+12,storm,0.15,15,0,2,2,1,0,0,,,,,,,,
g2_rain_fade,RAIN_FADE,24,,300,2,177,ok,,,3,68.070084,2015,5,10.427,0.126,10.813,10.78691601,888,708,419,2015,2,2,1,5,1.7631E+12,1.7631E+12,storm,0.15,15,0,5,5,1,0,0,,,,,,,,
g2_rain_fade,RAIN_FADE,24,,300,2,178,ok,,,1,76.71075,2012,5,11.411,0.122,13.299,13.229208,887,707,418,2012,2,2,1,5,1.7631E+12,1.7631E+12,storm,0.15,15,0,2,2,1,0,0,,,,,,,,
g2_rain_fade,RAIN_FADE,24,,300,2,179,ok,,,1,79.481125,2015,5,17.641,0.193,11.277,11.26275,888,708,419,2015,2,2,1,5,1.7631E+12,1.7631E+12,storm,0.15,15,0,2,2,1,0,0,,,,,,,,
g2_rain_fade,RAIN_FADE,24,,300,2,180,ok,,,2,72.204209,2017,5,11.881,0.116,11.481,11.4555,889,709,419,2017,2,2,1,5,1.7631E+12,1.7631E+12,storm,0.15,15,0,4,4,1,0,0,,,,,,,,
g2_rain_fade,RAIN_FADE,24,,300,2,181,ok,,,2,78.038958,2015,5,13.407,0.14,11.1,11.1205,888,709,418,2015,2,2,1,5,1.7631E+12,1.7631E+12,storm,0.15,15,0,6,6,1,1,1,,,,,,,,
g2_rain_fade,RAIN_FADE,24,,300,2,182,ok,,,1,79.25466701,2012,5,12.369,0.152,10.602,10.560208,887,708,417,2012,2,2,1,5,1.7631E+12,1.7631E+12,storm,0.15,15,0,4,4,1,0,0,,,,,,,,
g2_rain_fade,RAIN_FADE,24,,300,2,183,ok,,,1,76.2135,2014,5,11.756,0.202,11.222,11.211833,887,709,418,2014,2,2,1,5,1.7631E+12,1.7631E+12,storm,0.15,15,0,7,7,1,0,0,,,,,,,,
g2_rain_fade,RAIN_FADE,24,,300,2,184,ok,,,3,73.135084,2011,5,10.999,0.152,11.073,11.052417,886,707,418,2011,2,2,1,5,1.7631E+12,1.7631E+12,storm,0.15,15,0,3,5,0.6,0,0,,,,,,,,
g2_rain_fade,RAIN_FADE,24,,300,2,185,timeout,wait_m6,0,3,506.201958,356,1,5.112,0,0,0,356,0,0,356,1,0,0,1,1.7631E+12,,storm,0.15,15,0,11,11,1,0,0,,,,,,,,
g2_rain_fade,RAIN_FADE,24,,300,2,186,ok,,,1,69.024542,2009,5,11.607,0.207,10.828,10.832916,885,707,417,2009,2,2,1,5,1.7631E+12,1.7631E+12,storm,0.15,15,0,2,2,1,0,0,,,,,,,,
g2_rain_fade,RAIN_FADE,24,,300,2,187,ok,,,1,88.31675,2012,5,16.31,0.121,14.67,14.668375,887,708,417,2012,2,2,1,5,1.7631E+12,1.7631E+12,storm,0.15,15,0,5,5,1,0,0,,,,,,,,
g2_rain_fade,RAIN_FADE,24,,300,2,188,ok,,,2,70.178375,2013,5,10.525,0.101,11.051,11.022417,887,708,418,2013,2,2,1,5,1.7631E+12,1.7631E+12,storm,0.15,15,0,4,4,1,0,0,,,,,,,,
g2_rain_fade,RAIN_FADE,24,,300,2,189,ok,,,1,72.5625,2011,5,11.893,0.137,12.564,12.578375,886,708,417,2011,2,2,1,5,1.7631E+12,1.7631E+12,storm,0.15,15,0,0,2,0,0,0,,,,,,,,
g2_rain_fade,RAIN_FADE,24,,300,2,190,ok,,,2,85.44054101,2015,5,14.289,0.154,15.542,15.531666,888,708,419,2015,2,2,1,5,1.7631E+12,1.7631E+12,storm,0.15,15,0,6,6,1,0,0,,,,,,,,
g2_rain_fade,RAIN_FADE,24,,300,2,191,ok,,,1,70.82,2014,5,11.623,0.125,10.71,10.681583,888,708,418,2014,2,2,1,5,1.7631E+12,1.7631E+12,storm,0.15,15,0,1,2,0.5,0,0,,,,,,,,
g2_rain_fade,RAIN_FADE,24,,300,2,192,ok,,,2,69.940833,2013,5,12.516,0.146,12.24,12.24512501,887,709,417,2013,2,2,1,5,1.7631E+12,1.7631E+12,storm,0.15,15,0,6,6,1,0,0,,,,,,,,
g2_rain_fade,RAIN_FADE,24,,300,2,193,ok,,,2,79.537542,2012,5,11.386,0.112,11.728,11.703667,887,708,417,2012,2,2,1,5,1.7631E+12,1.7631E+12,storm,0.15,15,0,4,4,1,0,0,,,,,,,,
g2_rain_fade,RAIN_FADE,24,,300,2,194,ok,,,1,71.802083,2015,5,11.914,0.124,11.104,11.11366601,888,708,419,2015,2,2,1,5,1.7631E+12,1.7631E+12,storm,0.15,15,0,2,2,1,0,0,,,,,,,,
g2_rain_fade,RAIN_FADE,24,,300,2,195,ok,,,1,68.914583,2010,5,10.363,0.144,10.873,10.849833,886,707,417,2010,2,2,1,5,1.7631E+12,1.7631E+12,storm,0.15,15,0,0,2,0,0,0,,,,,,,,
g2_rain_fade,RAIN_FADE,24,,300,2,196,ok,,,1,77.294542,2012,5,12.736,0.136,13.644,13.648125,887,707,418,2012,2,2,1,5,1.7631E+12,1.7631E+12,storm,0.15,15,0,5,5,1,0,0,,,,,,,,
g2_rain_fade,RAIN_FADE,24,,300,2,197,ok,,,2,81.308917,2016,5,12.209,0.158,11.771,11.727458,888,709,419,2016,2,2,1,5,1.7631E+12,1.7631E+12,storm,0.15,15,0,6,6,1,0,0,,,,,,,,
g2_rain_fade,RAIN_FADE,24,,300,2,198,ok,,,3,74.048333,2014,5,10.583,0.104,10.433,10.402375,888,708,418,2014,2,2,1,5,1.7631E+12,1.7631E+12,storm,0.15,15,0,5,5,1,0,0,,,,,,,,
g2_rain_fade,RAIN_FADE,24,,300,2,199,ok,,,1,78.543792,2011,5,12.124,0.141,10.642,10.606875,886,708,417,2011,2,2,1,5,1.7631E+12,1.7631E+12,storm,0.15,15,0,2,2,1,0,0,,,,,,,,
g2_rain_fade,RAIN_FADE,24,,300,2,200,ok,,,3,70.345,2015,5,12.809,0.148,11.515,11.497292,888,709,418,2015,2,2,1,5,1.7631E+12,1.7631E+12,storm,0.15,15,0,5,5,1,0,0,,,,,,,,
g2_rain_fade,RAIN_FADE,24,,300,2,201,timeout,wait_m4,0,3,304.446292,97,1,4.304,0,0,0,97,0,0,97,1,0,0,1,,,storm,0.15,15,0,5,5,1,0,0,,,,,,,,
g2_rain_fade,RAIN_FADE,24,,300,2,202,ok,,,2,70.350209,2000,5,12.637,0.125,11.592,11.646167,874,708,418,2000,2,2,1,5,1.7631E+12,1.7631E+12,storm,0.15,15,0,6,6,1,0,0,,,,,,,,
g2_rain_fade,RAIN_FADE,24,,300,2,203,timeout,wait_m4,0,3,306.058417,97,1,4.395,0,0,0,97,0,0,97,1,0,0,1,,,storm,0.15,15,0,5,5,1,1,4,,,,,,,,
g2_rain_fade,RAIN_FADE,24,,300,2,204,ok,,,1,72.915417,2013,5,11.075,0.111,10.647,10.609916,887,708,418,2013,2,2,1,5,1.7631E+12,1.7631E+12,storm,0.15,15,0,0,2,0,0,0,,,,,,,,
g2_rain_fade,RAIN_FADE,24,,300,2,205,timeout,wait_m6,0,3,507.3975,357,1,5.002,0,0,0,357,0,0,357,1,0,0,1,1.7631E+12,,storm,0.15,15,0,9,9,1,0,0,,,,,,,,
g2_rain_fade,RAIN_FADE,24,,300,2,206,timeout,wait_m4,0,3,304.346041,97,1,4.027,0,0,0,97,0,0,97,1,0,0,1,,,storm,0.15,15,0,5,5,1,0,0,,,,,,,,
g2_rain_fade,RAIN_FADE,24,,300,2,207,timeout,wait_m6,0,3,505.177583,357,1,4.066,0,0,0,357,0,0,357,1,0,0,1,1.7631E+12,,storm,0.15,15,0,9,9,1,1,4,,,,,,,,
g2_rain_fade,RAIN_FADE,24,,300,2,208,ok,,,1,71.639417,1990,5,10.81,0.12,11.625,11.60433399,876,708,406,1990,2,2,1,5,1.7631E+12,1.7631E+12,storm,0.15,15,0,2,2,1,0,0,,,,,,,,
g2_rain_fade,RAIN_FADE,24,,300,2,209,ok,,,2,81.09454199,2014,5,12.182,0.175,10.792,10.772625,887,708,419,2014,2,2,1,5,1.7631E+12,1.7631E+12,storm,0.15,15,0,8,8,1,0,0,,,,,,,,
g2_rain_fade,RAIN_FADE,24,,300,2,210,ok,,,3,71.683583,2013,5,10.534,0.155,11.281,11.25987501,887,708,418,2013,2,2,1,5,1.7631E+12,1.7631E+12,storm,0.15,15,0,4,5,0.8,0,0,,,,,,,,
g2_rain_fade,RAIN_FADE,24,,300,2,211,ok,,,1,74.034542,2015,5,11.312,0.109,11.334,11.31145901,888,709,418,2015,2,2,1,5,1.7631E+12,1.7631E+12,storm,0.15,15,0,2,2,1,0,0,,,,,,,,
g2_rain_fade,RAIN_FADE,24,,300,2,212,ok,,,1,77.001958,2015,5,12.947,0.167,14.737,14.753416,888,708,419,2015,2,2,1,5,1.7631E+12,1.7631E+12,storm,0.15,15,0,3,5,0.6,0,0,,,,,,,,
g2_rain_fade,RAIN_FADE,24,,300,2,213,ok,,,1,83.870084,2013,5,14.212,0.18,13.768,13.74183301,887,708,418,2013,2,2,1,5,1.7631E+12,1.7631E+12,storm,0.15,15,0,4,5,0.8,0,0,,,,,,,,
g2_rain_fade,RAIN_FADE,24,,300,2,214,ok,,,1,76.323876,2010,5,11.644,0.114,11.251,11.233083,886,707,417,2010,2,2,1,5,1.7631E+12,1.7631E+12,storm,0.15,15,0,2,2,1,0,0,,,,,,,,
g2_rain_fade,RAIN_FADE,24,,300,2,215,ok,,,3,82.67475,2013,5,12.632,0.119,11.049,11.210125,887,708,418,2013,2,2,1,5,1.7631E+12,1.7631E+12,storm,0.15,15,0,7,7,1,0,0,,,,,,,,
g2_rain_fade,RAIN_FADE,24,,300,2,216,ok,,,1,67.6285,2017,5,11.512,0.09,10.765,10.725708,889,709,419,2017,2,2,1,5,1.7631E+12,1.7631E+12,storm,0.15,15,0,0,2,0,0,0,,,,,,,,
g2_rain_fade,RAIN_FADE,24,,300,2,217,ok,,,1,73.308333,2017,5,11.648,0.108,10.806,10.77775,889,709,419,2017,2,2,1,5,1.7631E+12,1.7631E+12,storm,0.15,15,0,0,2,0,0,0,,,,,,,,
g2_rain_fade,RAIN_FADE,24,,300,2,218,ok,,,2,87.725791,2015,5,15.279,0.187,13.866,13.836708,888,709,418,2015,2,2,1,5,1.7631E+12,1.7631E+12,storm,0.15,15,0,6,6,1,1,1,,,,,,,,
g2_rain_fade,RAIN_FADE,24,,300,2,219,ok,,,2,72.89491699,2008,5,10.752,0.126,10.933,10.904333,885,707,416,2008,2,2,1,5,1.7631E+12,1.7631E+12,storm,0.15,15,0,2,3,0.666666667,0,0,,,,,,,,
g2_rain_fade,RAIN_FADE,24,,300,2,220,ok,,,1,75.1375,2015,5,10.672,0.118,10.64,10.612125,888,708,419,2015,2,2,1,5,1.7631E+12,1.7631E+12,storm,0.15,15,0,0,2,0,0,0,,,,,,,,
g2_rain_fade,RAIN_FADE,24,,300,2,221,ok,,,1,67.232041,2014,5,10.458,0.114,10.942,10.929833,888,708,418,2014,2,2,1,5,1.7631E+12,1.7631E+12,storm,0.15,15,0,2,2,1,0,0,,,,,,,,
g2_rain_fade,RAIN_FADE,24,,300,2,222,ok,,,1,78.571875,2013,5,10.439,0.149,11.972,11.943792,887,708,418,2013,2,2,1,5,1.7631E+12,1.7631E+12,storm,0.15,15,0,2,2,1,0,0,,,,,,,,
g2_rain_fade,RAIN_FADE,24,,300,2,223,ok,,,1,82.179166,2014,5,13.249,0.18,13.29,13.245833,888,708,418,2014,2,2,1,5,1.7631E+12,1.7631E+12,storm,0.15,15,0,5,5,1,0,0,,,,,,,,
g2_rain_fade,RAIN_FADE,24,,300,2,224,ok,,,1,77.51875,2017,5,12.986,0.107,13.34,13.355583,889,709,419,2017,2,2,1,5,1.7631E+12,1.7631E+12,storm,0.15,15,0,5,5,1,0,0,,,,,,,,
g2_rain_fade,RAIN_FADE,24,,300,2,225,ok,,,2,84.910625,2015,5,12.318,0.102,12.696,12.661291,888,708,419,2015,2,2,1,5,1.7631E+12,1.7631E+12,storm,0.15,15,0,6,6,1,0,0,,,,,,,,
g2_rain_fade,RAIN_FADE,24,,300,2,226,ok,,,1,75.647125,2012,5,14.299,0.167,12.013,11.9965,887,707,418,2012,2,2,1,5,1.7631E+12,1.7631E+12,storm,0.15,15,0,4,4,1,0,0,,,,,,,,
g2_rain_fade,RAIN_FADE,24,,300,2,227,ok,,,1,76.959084,2014,5,11.107,0.109,10.583,10.55612499,888,708,418,2014,2,2,1,5,1.7631E+12,1.7631E+12,storm,0.15,15,0,0,2,0,0,0,,,,,,,,
g2_rain_fade,RAIN_FADE,24,,300,2,228,ok,,,1,84.00225001,2012,5,14.177,0.12,14.806,14.81354199,887,707,418,2012,2,2,1,5,1.7631E+12,1.7631E+12,storm,0.15,15,0,7,7,1,0,0,,,,,,,,
g2_rain_fade,RAIN_FADE,24,,300,2,229,ok,,,1,80.430833,2014,5,12.449,0.145,10.949,10.912333,887,708,419,2014,2,2,1,5,1.7631E+12,1.7631E+12,storm,0.15,15,0,6,7,0.857142857,0,0,,,,,,,,
g2_rain_fade,RAIN_FADE,24,,300,2,230,ok,,,1,78.625709,2015,5,10.642,0.107,11.145,11.152541,888,708,419,2015,2,2,1,5,1.7631E+12,1.7631E+12,storm,0.15,15,0,2,2,1,0,0,,,,,,,,
g2_rain_fade,RAIN_FADE,24,,300,2,231,ok,,,1,74.9555,2016,5,14.054,0.198,11.57,11.56974999,888,709,419,2016,2,2,1,5,1.7631E+12,1.7631E+12,storm,0.15,15,0,0,2,0,0,0,,,,,,,,
g2_rain_fade,RAIN_FADE,24,,300,2,232,ok,,,1,80.764042,2015,5,12.283,0.133,11.949,12.032625,888,708,419,2015,2,2,1,5,1.7631E+12,1.7631E+12,storm,0.15,15,0,2,2,1,0,0,,,,,,,,
g2_rain_fade,RAIN_FADE,24,,300,2,233,ok,,,1,77.871459,2015,5,11.646,0.127,11.29,11.29325,888,709,418,2015,2,2,1,5,1.7631E+12,1.7631E+12,storm,0.15,15,0,5,7,0.714285714,0,0,,,,,,,,
g2_rain_fade,RAIN_FADE,24,,300,2,234,ok,,,1,75.037,2010,5,10.81,0.091,10.696,10.659459,886,707,417,2010,2,2,1,5,1.7631E+12,1.7631E+12,storm,0.15,15,0,1,2,0.5,0,0,,,,,,,,
g2_rain_fade,RAIN_FADE,24,,300,2,235,timeout,wait_m4,0,3,306.104542,97,1,3.818,0,0,0,97,0,0,97,1,0,0,1,,,storm,0.15,15,0,5,5,1,0,0,,,,,,,,
g2_rain_fade,RAIN_FADE,24,,300,2,236,ok,,,1,81.096792,2012,5,13.27,0.109,12.387,12.440584,887,708,417,2012,2,2,1,5,1.7631E+12,1.7631E+12,storm,0.15,15,0,2,2,1,0,0,,,,,,,,
g2_rain_fade,RAIN_FADE,24,,300,2,237,ok,,,1,72.968417,2015,5,11.492,0.099,10.539,10.50325001,888,708,419,2015,2,2,1,5,1.7631E+12,1.7631E+12,storm,0.15,15,0,0,2,0,0,0,,,,,,,,
g2_rain_fade,RAIN_FADE,24,,300,2,238,ok,,,1,77.591458,2010,5,13.015,0.156,14.376,14.398333,886,708,416,2010,2,2,1,5,1.7631E+12,1.7631E+12,storm,0.15,15,0,4,5,0.8,0,0,,,,,,,,
g2_rain_fade,RAIN_FADE,24,,300,2,239,ok,,,1,79.224291,2017,5,10.776,0.107,10.801,10.785042,889,709,419,2017,2,2,1,5,1.7631E+12,1.7631E+12,storm,0.15,15,0,0,2,0,0,0,,,,,,,,
g2_rain_fade,RAIN_FADE,24,,300,2,240,ok,,,1,68.372417,2011,5,10.944,0.081,10.837,10.823084,886,708,417,2011,2,2,1,5,1.7631E+12,1.7631E+12,storm,0.15,15,0,2,2,1,0,0,,,,,,,,
g2_rain_fade,RAIN_FADE,24,,300,2,241,ok,,,1,75.332833,2017,5,10.526,0.136,10.403,10.374125,889,709,419,2017,2,2,1,5,1.7631E+12,1.7631E+12,storm,0.15,15,0,2,2,1,0,0,,,,,,,,
g2_rain_fade,RAIN_FADE,24,,300,2,242,ok,,,1,77.726375,2012,5,10.703,0.229,13.978,13.981626,887,707,418,2012,2,2,1,5,1.7631E+12,1.7631E+12,storm,0.15,15,0,5,5,1,0,0,,,,,,,,
g2_rain_fade,RAIN_FADE,24,,300,2,243,ok,,,2,79.444708,2017,5,13.207,0.154,13.73,14.001541,889,709,419,2017,2,2,1,5,1.7631E+12,1.7631E+12,storm,0.15,15,0,6,6,1,0,0,,,,,,,,
g2_rain_fade,RAIN_FADE,24,,300,2,244,ok,,,2,72.168626,2015,5,12.725,0.16,11.506,11.499917,888,708,419,2015,2,2,1,5,1.7631E+12,1.7631E+12,storm,0.15,15,0,4,4,1,0,0,,,,,,,,
g2_rain_fade,RAIN_FADE,24,,300,2,245,ok,,,1,75.236375,2012,5,11.749,0.102,10.653,10.618167,887,707,418,2012,2,2,1,5,1.7631E+12,1.7631E+12,storm,0.15,15,0,2,2,1,0,0,,,,,,,,
g2_rain_fade,RAIN_FADE,24,,300,2,246,timeout,wait_m6,0,3,505.07225,356,1,3.613,0,0,0,356,0,0,356,1,0,0,1,1.7631E+12,,storm,0.15,15,0,8,8,1,0,0,,,,,,,,
g2_rain_fade,RAIN_FADE,24,,300,2,247,ok,,,3,79.450209,2017,5,10.538,0.174,10.638,10.602208,889,709,419,2017,2,2,1,5,1.7631E+12,1.7631E+12,storm,0.15,15,0,5,5,1,0,0,,,,,,,,
g2_rain_fade,RAIN_FADE,24,,300,2,248,timeout,wait_m4,0,3,307.807542,97,1,5.779,0,0,0,97,0,0,97,1,0,0,1,,,storm,0.15,15,0,5,5,1,1,4,,,,,,,,
g2_rain_fade,RAIN_FADE,24,,300,2,249,ok,,,2,75.105875,2017,5,11.993,0.101,10.986,10.971708,889,709,419,2017,2,2,1,5,1.7631E+12,1.7631E+12,storm,0.15,15,0,4,4,1,0,0,,,,,,,,
g2_rain_fade,RAIN_FADE,24,,300,2,250,ok,,,1,66.9875,2012,5,10.344,0.09,11.218,11.27691699,887,707,418,2012,2,2,1,5,1.7631E+12,1.7631E+12,storm,0.15,15,0,2,2,1,0,0,,,,,,,,
g2_rain_fade,RAIN_FADE,24,,300,2,251,ok,,,1,70.502417,2014,5,11.466,0.16,11.09,10.98475,888,708,418,2014,2,2,1,5,1.7631E+12,1.7631E+12,storm,0.15,15,0,1,2,0.5,0,0,,,,,,,,
g2_rain_fade,RAIN_FADE,24,,300,2,252,ok,,,1,71.754917,2017,5,11.049,0.134,10.854,10.881417,889,709,419,2017,2,2,1,5,1.7631E+12,1.7631E+12,storm,0.15,15,0,4,4,1,0,0,,,,,,,,
g2_rain_fade,RAIN_FADE,24,,300,2,253,ok,,,3,73.909917,2015,5,10.646,0.12,10.476,10.446917,888,708,419,2015,2,2,1,5,1.7631E+12,1.7631E+12,storm,0.15,15,0,3,5,0.6,0,0,,,,,,,,
g2_rain_fade,RAIN_FADE,24,,300,2,254,timeout,wait_m6,0,3,508.416375,356,1,4.685,0,0,0,356,0,0,356,1,0,0,1,1.7631E+12,,storm,0.15,15,0,8,10,0.8,1,4,,,,,,,,
g2_rain_fade,RAIN_FADE,24,,300,2,255,ok,,,1,89.530583,2012,5,13.875,0.192,13.922,14.000042,887,707,418,2012,2,2,1,5,1.7631E+12,1.7631E+12,storm,0.15,15,0,5,5,1,0,0,,,,,,,,
g2_rain_fade,RAIN_FADE,24,,300,2,256,timeout,wait_m6,0,3,505.262251,356,1,4.135,0,0,0,356,0,0,356,1,0,0,1,1.7631E+12,,storm,0.15,15,0,12,12,1,0,0,,,,,,,,
g2_rain_fade,RAIN_FADE,24,,300,2,257,timeout,wait_m4,0,3,304.546167,97,1,4.276,0,0,0,97,0,0,97,1,0,0,1,,,storm,0.15,15,0,5,5,1,0,0,,,,,,,,
g2_rain_fade,RAIN_FADE,24,,300,2,258,ok,,,1,74.102916,2014,5,10.729,0.108,10.646,10.593958,888,708,418,2014,2,2,1,5,1.7631E+12,1.7631E+12,storm,0.15,15,0,0,2,0,0,0,,,,,,,,
g2_rain_fade,RAIN_FADE,24,,300,2,259,ok,,,2,68.95245799,2011,5,10.454,0.137,11.122,11.139,886,708,417,2011,2,2,1,5,1.7631E+12,1.7631E+12,storm,0.15,15,0,4,4,1,0,0,,,,,,,,
g2_rain_fade,RAIN_FADE,24,,300,2,260,ok,,,1,67.683875,2017,5,10.885,0.127,10.763,10.740916,889,709,419,2017,2,2,1,5,1.7631E+12,1.7631E+12,storm,0.15,15,0,0,2,0,0,0,,,,,,,,
g2_rain_fade,RAIN_FADE,24,,300,2,261,timeout,wait_m6,0,3,508.869167,357,1,6.811,0,0,0,357,0,0,357,1,0,0,1,1.7631E+12,,storm,0.15,15,0,9,9,1,0,0,,,,,,,,
g2_rain_fade,RAIN_FADE,24,,300,2,262,ok,,,1,71.70575,2013,5,10.518,0.104,10.62,10.595042,887,708,418,2013,2,2,1,5,1.7631E+12,1.7631E+12,storm,0.15,15,0,0,2,0,0,0,,,,,,,,
g2_rain_fade,RAIN_FADE,24,,300,2,263,ok,,,1,74.246458,2012,5,11.053,0.182,10.799,10.8165,886,708,418,2012,2,2,1,5,1.7631E+12,1.7631E+12,storm,0.15,15,0,2,2,1,0,0,,,,,,,,
g2_rain_fade,RAIN_FADE,24,,300,2,264,ok,,,1,81.83025,2012,5,12.312,0.132,13.155,13.119459,887,708,417,2012,2,2,1,5,1.7631E+12,1.7631E+12,storm,0.15,15,0,6,7,0.857142857,0,0,,,,,,,,
g2_rain_fade,RAIN_FADE,24,,300,2,265,ok,,,1,68.243416,2015,5,10.839,0.115,11.693,11.689833,888,708,419,2015,2,2,1,5,1.7631E+12,1.7631E+12,storm,0.15,15,0,2,2,1,0,0,,,,,,,,
g2_rain_fade,RAIN_FADE,24,,300,2,266,ok,,,1,76.402666,2011,5,10.665,0.113,11.964,11.988458,886,707,418,2011,2,2,1,5,1.7631E+12,1.7631E+12,storm,0.15,15,0,0,2,0,0,0,,,,,,,,
g2_rain_fade,RAIN_FADE,24,,300,2,267,timeout,wait_m6,0,3,507.992875,357,1,6.562,0,0,0,357,0,0,357,1,0,0,1,1.7631E+12,,storm,0.15,15,0,7,9,0.777777778,0,0,,,,,,,,
g2_rain_fade,RAIN_FADE,24,,300,2,268,ok,,,1,83.104666,2014,5,10.736,0.104,11.671,11.688292,888,708,418,2014,2,2,1,5,1.7631E+12,1.7631E+12,storm,0.15,15,0,2,2,1,0,0,,,,,,,,
g2_rain_fade,RAIN_FADE,24,,300,2,269,ok,,,2,73.24195901,2014,5,10.857,0.118,11.069,11.081292,887,708,419,2014,2,2,1,5,1.7631E+12,1.7631E+12,storm,0.15,15,0,4,4,1,0,0,,,,,,,,
g2_rain_fade,RAIN_FADE,24,,300,2,270,timeout,wait_m4,0,3,304.312125,97,1,4.006,0,0,0,97,0,0,97,1,0,0,1,,,storm,0.15,15,0,5,5,1,0,0,,,,,,,,
g2_rain_fade,RAIN_FADE,24,,300,2,271,ok,,,2,71.487375,2012,5,10.518,0.111,11.437,11.413666,887,707,418,2012,2,2,1,5,1.7631E+12,1.7631E+12,storm,0.15,15,0,4,4,1,0,0,,,,,,,,
g2_rain_fade,RAIN_FADE,24,,300,2,272,ok,,,1,69.074208,2014,5,10.787,0.139,11.319,11.55649999,887,708,419,2014,2,2,1,5,1.7631E+12,1.7631E+12,storm,0.15,15,0,2,2,1,0,0,,,,,,,,
g2_rain_fade,RAIN_FADE,24,,300,2,273,ok,,,1,80.094417,2012,5,10.675,0.12,11.658,11.741875,887,707,418,2012,2,2,1,5,1.7631E+12,1.7631E+12,storm,0.15,15,0,2,2,1,0,0,,,,,,,,
g2_rain_fade,RAIN_FADE,24,,300,2,274,ok,,,2,76.207708,2017,5,12.634,0.132,10.837,10.8045,889,709,419,2017,2,2,1,5,1.7631E+12,1.7631E+12,storm,0.15,15,0,4,4,1,0,0,,,,,,,,
g2_rain_fade,RAIN_FADE,24,,300,2,275,ok,,,1,77.692875,2013,5,11.173,0.097,11.075,10.940458,887,708,418,2013,2,2,1,5,1.7631E+12,1.7631E+12,storm,0.15,15,0,0,2,0,0,0,,,,,,,,
g2_rain_fade,RAIN_FADE,24,,300,2,276,ok,,,1,72.912916,2012,5,11.486,0.106,11.402,11.436916,887,707,418,2012,2,2,1,5,1.7631E+12,1.7631E+12,storm,0.15,15,0,1,2,0.5,0,0,,,,,,,,
g2_rain_fade,RAIN_FADE,24,,300,2,277,ok,,,2,69.57625,2014,5,12.302,0.135,10.671,10.641083,888,708,418,2014,2,2,1,5,1.7631E+12,1.7631E+12,storm,0.15,15,0,3,3,1,0,0,,,,,,,,
g2_rain_fade,RAIN_FADE,24,,300,2,278,timeout,wait_m6,0,3,505.11775,356,1,3.543,0,0,0,356,0,0,356,1,0,0,1,1.7631E+12,,storm,0.15,15,0,9,9,1,0,0,,,,,,,,
g2_rain_fade,RAIN_FADE,24,,300,2,279,timeout,wait_m6,0,3,506.051834,357,1,4.237,0,0,0,357,0,0,357,1,0,0,1,1.7631E+12,,storm,0.15,15,0,9,9,1,0,0,,,,,,,,
g2_rain_fade,RAIN_FADE,24,,300,2,280,timeout,wait_m6,0,3,514.024875,356,1,11.224,0,0,0,356,0,0,356,1,0,0,1,1.7631E+12,,storm,0.15,15,0,7,9,0.777777778,1,4,,,,,,,,
g2_rain_fade,RAIN_FADE,24,,300,2,281,ok,,,2,84.333625,2012,5,13.764,0.112,13.439,13.425875,886,708,418,2012,2,2,1,5,1.7631E+12,1.7631E+12,storm,0.15,15,0,6,6,1,0,0,,,,,,,,
g2_rain_fade,RAIN_FADE,24,,300,2,282,ok,,,1,75.96975,2014,5,11.853,0.127,11.095,11.0635,888,708,418,2014,2,2,1,5,1.7631E+12,1.7631E+12,storm,0.15,15,0,7,7,1,0,0,,,,,,,,
g2_rain_fade,RAIN_FADE,24,,300,2,283,ok,,,1,76.43616699,2012,5,10.246,0.099,10.643,10.613167,887,707,418,2012,2,2,1,5,1.7631E+12,1.7631E+12,storm,0.15,15,0,5,5,1,0,0,,,,,,,,
g2_rain_fade,RAIN_FADE,24,,300,2,284,ok,,,1,74.420292,2017,5,11.528,0.089,11.073,11.062167,889,709,419,2017,2,2,1,5,1.7631E+12,1.7631E+12,storm,0.15,15,0,2,2,1,0,0,,,,,,,,
g2_rain_fade,RAIN_FADE,24,,300,2,285,ok,,,1,79.498,2015,5,13.173,0.133,12.205,12.363083,888,708,419,2015,2,2,1,5,1.7631E+12,1.7631E+12,storm,0.15,15,0,7,7,1,0,0,,,,,,,,
g2_rain_fade,RAIN_FADE,24,,300,2,286,ok,,,1,71.831084,2017,5,11.381,0.116,10.594,10.557375,889,709,419,2017,2,2,1,5,1.7631E+12,1.7631E+12,storm,0.15,15,0,0,2,0,0,0,,,,,,,,
g2_rain_fade,RAIN_FADE,24,,300,2,287,timeout,wait_m6,0,3,510.185459,357,1,5.958,0,0,0,357,0,0,357,1,0,0,1,1.7631E+12,,storm,0.15,15,0,11,11,1,0,0,,,,,,,,
g2_rain_fade,RAIN_FADE,24,,300,2,288,ok,,,1,80.15933399,2013,5,10.837,0.112,11.676,11.653,887,708,418,2013,2,2,1,5,1.7631E+12,1.7631E+12,storm,0.15,15,0,2,2,1,0,0,,,,,,,,
g2_rain_fade,RAIN_FADE,24,,300,2,289,ok,,,2,74.543625,2013,5,11.685,0.106,11.635,11.615625,886,709,418,2013,2,2,1,5,1.7631E+12,1.7631E+12,storm,0.15,15,0,4,4,1,0,0,,,,,,,,
g2_rain_fade,RAIN_FADE,24,,300,2,290,ok,,,1,71.927,2001,5,10.977,0.125,10.891,10.869917,874,708,419,2001,2,2,1,5,1.7631E+12,1.7631E+12,storm,0.15,15,0,2,2,1,0,0,,,,,,,,
g2_rain_fade,RAIN_FADE,24,,300,2,291,ok,,,1,78.808,2017,5,11.486,0.194,12.966,12.929667,889,709,419,2017,2,2,1,5,1.7631E+12,1.7631E+12,storm,0.15,15,0,7,7,1,1,4,,,,,,,,
g2_rain_fade,RAIN_FADE,24,,300,2,292,ok,,,1,67.088583,2012,5,11.343,0.087,11.034,11.040334,887,708,417,2012,2,2,1,5,1.7631E+12,1.7631E+12,storm,0.15,15,0,1,2,0.5,0,0,,,,,,,,
g2_rain_fade,RAIN_FADE,24,,300,2,293,timeout,wait_m6,0,3,506.826417,357,1,5.8,0,0,0,357,0,0,357,1,0,0,1,1.7631E+12,,storm,0.15,15,0,9,9,1,0,0,,,,,,,,
g2_rain_fade,RAIN_FADE,24,,300,2,294,timeout,wait_m6,0,3,508.419792,357,1,4.418,0,0,0,357,0,0,357,1,0,0,1,1.7631E+12,,storm,0.15,15,0,9,9,1,0,0,,,,,,,,
g2_rain_fade,RAIN_FADE,24,,300,2,295,ok,,,1,74.61425001,2015,5,12.088,0.115,11.41,11.414416,888,708,419,2015,2,2,1,5,1.7631E+12,1.7631E+12,storm,0.15,15,0,0,2,0,0,0,,,,,,,,
g2_rain_fade,RAIN_FADE,24,,300,2,296,ok,,,1,81.827,2013,5,12.138,0.16,12.494,12.44279199,887,708,418,2013,2,2,1,5,1.7631E+12,1.7631E+12,storm,0.15,15,0,0,5,0,0,0,,,,,,,,
g2_rain_fade,RAIN_FADE,24,,300,2,297,ok,,,1,77.644291,2011,5,12.344,0.143,11.438,11.383958,886,707,418,2011,2,2,1,5,1.7631E+12,1.7631E+12,storm,0.15,15,0,6,6,1,0,0,,,,,,,,
g2_rain_fade,RAIN_FADE,24,,300,2,298,ok,,,3,82.235625,2014,5,13.425,0.173,12.331,12.295167,887,708,419,2014,2,2,1,5,1.7631E+12,1.7631E+12,storm,0.15,15,0,10,10,1,0,0,,,,,,,,
g2_rain_fade,RAIN_FADE,24,,300,2,299,ok,,,1,71.64925,2015,5,10.765,0.102,10.946,10.9275,888,708,419,2015,2,2,1,5,1.7631E+12,1.7631E+12,storm,0.15,15,0,0,2,0,0,0,,,,,,,,
g2_rain_fade,RAIN_FADE,24,,300,2,300,timeout,wait_m6,0,3,505.9905,356,1,5.058,0,0,0,356,0,0,356,1,0,0,1,1.7631E+12,,storm,0.15,15,0,9,9,1,1,2,,,,,,,,
g2_rain_fade,RAIN_FADE,24,,400,2,1,ok,,,1,69.809709,2016,5,11.601,0.118,11.203,11.198208,888,709,419,2016,2,2,1,5,1.7631E+12,1.7631E+12,storm,0.15,15,0,2,2,1,0,0,,,,,,,,
g2_rain_fade,RAIN_FADE,24,,400,2,2,timeout,wait_m6,0,3,509.074875,356,1,5.987,0,0,0,356,0,0,356,1,0,0,1,1.7631E+12,,storm,0.15,15,0,9,9,1,0,0,,,,,,,,
g2_rain_fade,RAIN_FADE,24,,400,2,3,ok,,,3,87.932625,2014,5,15.653,0.156,14.885,14.878042,887,709,418,2014,2,2,1,5,1.7631E+12,1.7631E+12,storm,0.15,15,0,8,8,1,0,0,,,,,,,,
g2_rain_fade,RAIN_FADE,24,,400,2,4,ok,,,1,79.911251,2014,5,12.081,0.098,11.632,11.62054201,887,708,419,2014,2,2,1,5,1.7631E+12,1.7631E+12,storm,0.15,15,0,2,2,1,0,0,,,,,,,,
g2_rain_fade,RAIN_FADE,24,,400,2,5,ok,,,1,73.42925,2014,5,11.336,0.142,10.598,10.565,888,708,418,2014,2,2,1,5,1.7631E+12,1.7631E+12,storm,0.15,15,0,1,2,0.5,0,0,,,,,,,,
g2_rain_fade,RAIN_FADE,24,,400,2,6,ok,,,1,83.889541,2010,5,15.335,0.174,13.11,13.184125,886,708,416,2010,2,2,1,5,1.7631E+12,1.7631E+12,storm,0.15,15,0,5,5,1,0,0,,,,,,,,
g2_rain_fade,RAIN_FADE,24,,400,2,7,timeout,wait_m6,0,3,506.405917,357,1,4.576,0,0,0,357,0,0,357,1,0,0,1,1.7631E+12,,storm,0.15,15,0,12,13,0.923076923,0,0,,,,,,,,
g2_rain_fade,RAIN_FADE,24,,400,2,8,ok,,,1,71.208542,2017,5,11.322,0.147,10.43,10.402,889,709,419,2017,2,2,1,5,1.7631E+12,1.7631E+12,storm,0.15,15,0,0,2,0,0,0,,,,,,,,
g2_rain_fade,RAIN_FADE,24,,400,2,9,ok,,,1,70.421583,2010,5,10.807,0.155,13.976,13.917666,886,707,417,2010,2,2,1,5,1.7631E+12,1.7631E+12,storm,0.15,15,0,2,2,1,0,0,,,,,,,,
g2_rain_fade,RAIN_FADE,24,,400,2,10,ok,,,1,70.325625,2015,5,10.737,0.092,10.545,10.509042,888,708,419,2015,2,2,1,5,1.7631E+12,1.7631E+12,storm,0.15,15,0,2,2,1,0,0,,,,,,,,
g2_rain_fade,RAIN_FADE,24,,400,2,11,ok,,,1,92.23975,2014,5,15.211,0.22,13.515,13.518417,888,708,418,2014,2,2,1,5,1.7631E+12,1.7631E+12,storm,0.15,15,0,7,7,1,0,0,,,,,,,,
g2_rain_fade,RAIN_FADE,24,,400,2,12,ok,,,1,69.394334,2013,5,10.971,0.139,10.829,10.82654201,887,708,418,2013,2,2,1,5,1.7631E+12,1.7631E+12,storm,0.15,15,0,2,2,1,0,0,,,,,,,,
g2_rain_fade,RAIN_FADE,24,,400,2,13,ok,,,1,73.528958,2015,5,12.569,0.138,10.706,10.690417,888,709,418,2015,2,2,1,5,1.7631E+12,1.7631E+12,storm,0.15,15,0,0,2,0,0,0,,,,,,,,
g2_rain_fade,RAIN_FADE,24,,400,2,14,timeout,wait_m4,0,3,405.129458,97,1,4.203,0,0,0,97,0,0,97,1,0,0,1,,,storm,0.15,15,0,7,7,1,0,0,,,,,,,,
g2_rain_fade,RAIN_FADE,24,,400,2,15,ok,,,2,78.747792,2012,5,13.601,0.205,12.184,12.188209,887,707,418,2012,2,2,1,5,1.7631E+12,1.7631E+12,storm,0.15,15,0,7,9,0.777777778,0,0,,,,,,,,
g2_rain_fade,RAIN_FADE,24,,400,2,16,ok,,,1,75.951583,2015,5,13.425,0.189,11.936,11.931125,888,709,418,2015,2,2,1,5,1.7631E+12,1.7631E+12,storm,0.15,15,0,3,4,0.75,0,0,,,,,,,,
g2_rain_fade,RAIN_FADE,24,,400,2,17,ok,,,1,69.017708,2013,5,11.518,0.116,11.674,11.660917,887,708,418,2013,2,2,1,5,1.7631E+12,1.7631E+12,storm,0.15,15,0,7,7,1,0,0,,,,,,,,
g2_rain_fade,RAIN_FADE,24,,400,2,18,ok,,,1,78.334209,2011,5,10.715,0.157,10.992,11.005916,886,707,418,2011,2,2,1,5,1.7631E+12,1.7631E+12,storm,0.15,15,0,5,5,1,0,0,,,,,,,,
g2_rain_fade,RAIN_FADE,24,,400,2,19,timeout,wait_m4,0,3,407.536167,97,1,6.299,0,0,0,97,0,0,97,1,0,0,1,,,storm,0.15,15,0,7,7,1,1,4,,,,,,,,
g2_rain_fade,RAIN_FADE,24,,400,2,20,ok,,,1,85.711792,2012,5,13.466,0.252,12.138,12.088792,886,709,417,2012,2,2,1,5,1.7631E+12,1.7631E+12,storm,0.15,15,0,2,5,0.4,1,1,,,,,,,,
g2_rain_fade,RAIN_FADE,24,,400,2,21,ok,,,1,73.391959,2012,5,10.649,0.105,10.611,10.583292,887,708,417,2012,2,2,1,5,1.7631E+12,1.7631E+12,storm,0.15,15,0,2,2,1,0,0,,,,,,,,
g2_rain_fade,RAIN_FADE,24,,400,2,22,ok,,,1,69.914209,2017,5,10.437,0.086,11.315,11.315,889,709,419,2017,2,2,1,5,1.7631E+12,1.7631E+12,storm,0.15,15,0,2,2,1,0,0,,,,,,,,
g2_rain_fade,RAIN_FADE,24,,400,2,23,timeout,wait_m6,0,3,505.076709,356,1,4.112,0,0,0,356,0,0,356,1,0,0,1,1.7631E+12,,storm,0.15,15,0,9,9,1,1,4,,,,,,,,
g2_rain_fade,RAIN_FADE,24,,400,2,24,ok,,,1,70.968375,2013,5,10.766,0.104,10.95,10.916625,887,707,419,2013,2,2,1,5,1.7631E+12,1.7631E+12,storm,0.15,15,0,3,5,0.6,0,0,,,,,,,,
g2_rain_fade,RAIN_FADE,24,,400,2,25,ok,,,1,68.318375,2012,5,11.243,0.122,11.471,11.44766599,887,707,418,2012,2,2,1,5,1.7631E+12,1.7631E+12,storm,0.15,15,0,2,2,1,0,0,,,,,,,,
g2_rain_fade,RAIN_FADE,24,,400,2,26,ok,,,1,70.812958,2013,5,11.28,0.084,10.532,10.477792,887,708,418,2013,2,2,1,5,1.7631E+12,1.7631E+12,storm,0.15,15,0,2,2,1,0,0,,,,,,,,
g2_rain_fade,RAIN_FADE,24,,400,2,27,ok,,,3,77.170416,2014,5,13.027,0.128,11.502,11.508,888,708,418,2014,2,2,1,5,1.7631E+12,1.7631E+12,storm,0.15,15,0,11,11,1,0,0,,,,,,,,
g2_rain_fade,RAIN_FADE,24,,400,2,28,ok,,,3,73.801459,2011,5,11.394,0.139,11.419,11.384166,886,707,418,2011,2,2,1,5,1.7631E+12,1.7631E+12,storm,0.15,15,0,5,6,0.833333333,0,0,,,,,,,,
g2_rain_fade,RAIN_FADE,24,,400,2,29,ok,,,2,67.31000001,2017,5,11.9,0.159,10.725,10.689291,889,709,419,2017,2,2,1,5,1.7631E+12,1.7631E+12,storm,0.15,15,0,4,4,1,0,0,,,,,,,,
g2_rain_fade,RAIN_FADE,24,,400,2,30,ok,,,2,79.081958,2010,5,11.48,0.099,11.612,11.582917,886,707,417,2010,2,2,1,5,1.7631E+12,1.7631E+12,storm,0.15,15,0,4,6,0.666666667,0,0,,,,,,,,
g2_rain_fade,RAIN_FADE,24,,400,2,31,ok,,,1,74.143083,2017,5,10.618,0.184,10.951,10.92320801,889,709,419,2017,2,2,1,5,1.7631E+12,1.7631E+12,storm,0.15,15,0,6,7,0.857142857,0,0,,,,,,,,
g2_rain_fade,RAIN_FADE,24,,400,2,32,timeout,wait_m6,0,3,508.662792,357,1,4.411,0,0,0,357,0,0,357,1,0,0,1,1.7631E+12,,storm,0.15,15,0,13,13,1,1,1,,,,,,,,
g2_rain_fade,RAIN_FADE,24,,400,2,33,ok,,,1,79.321833,2010,5,10.723,0.095,10.771,10.738084,886,707,417,2010,2,2,1,5,1.7631E+12,1.7631E+12,storm,0.15,15,0,0,2,0,0,0,,,,,,,,
g2_rain_fade,RAIN_FADE,24,,400,2,34,ok,,,1,77.08941701,2014,5,10.651,0.325,11.107,11.107375,888,708,418,2014,2,2,1,5,1.7631E+12,1.7631E+12,storm,0.15,15,0,2,2,1,0,0,,,,,,,,
g2_rain_fade,RAIN_FADE,24,,400,2,35,timeout,wait_m4,0,3,407.399292,97,1,5.508,0,0,0,97,0,0,97,1,0,0,1,,,storm,0.15,15,0,6,6,1,1,4,,,,,,,,
g2_rain_fade,RAIN_FADE,24,,400,2,36,timeout,wait_m6,0,3,506.900167,357,1,4.877,0,0,0,357,0,0,357,1,0,0,1,1.7631E+12,,storm,0.15,15,0,5,9,0.555555556,1,4,,,,,,,,
g2_rain_fade,RAIN_FADE,24,,400,2,37,timeout,wait_m4,0,3,405.763667,97,1,4.536,0,0,0,97,0,0,97,1,0,0,1,,,storm,0.15,15,0,7,7,1,0,0,,,,,,,,
g2_rain_fade,RAIN_FADE,24,,400,2,38,ok,,,1,69.095209,2012,5,10.902,0.111,11.011,11.002708,887,707,418,2012,2,2,1,5,1.7631E+12,1.7631E+12,storm,0.15,15,0,3,3,1,0,0,,,,,,,,
g2_rain_fade,RAIN_FADE,24,,400,2,39,timeout,wait_m4,0,3,406.174625,97,1,5.105,0,0,0,97,0,0,97,1,0,0,1,,,storm,0.15,15,0,6,7,0.857142857,0,0,,,,,,,,
g2_rain_fade,RAIN_FADE,24,,400,2,40,ok,,,1,73.570833,2015,5,10.414,0.148,10.908,10.864334,888,708,419,2015,2,2,1,5,1.7631E+12,1.7631E+12,storm,0.15,15,0,1,2,0.5,0,0,,,,,,,,
g2_rain_fade,RAIN_FADE,24,,400,2,41,timeout,wait_m6,0,3,507.785667,357,1,5.558,0,0,0,357,0,0,357,1,0,0,1,1.7631E+12,,storm,0.15,15,0,9,9,1,1,4,,,,,,,,
g2_rain_fade,RAIN_FADE,24,,400,2,42,timeout,wait_m4,0,3,406.763666,97,1,5.642,0,0,0,97,0,0,97,1,0,0,1,,,storm,0.15,15,0,3,6,0.5,1,4,,,,,,,,
g2_rain_fade,RAIN_FADE,24,,400,2,43,ok,,,1,76.080542,2017,5,11.016,0.157,11.289,11.249667,889,709,419,2017,2,2,1,5,1.7631E+12,1.7631E+12,storm,0.15,15,0,3,5,0.6,0,0,,,,,,,,
g2_rain_fade,RAIN_FADE,24,,400,2,44,timeout,wait_m6,0,3,506.246334,357,1,4.831,0,0,0,357,0,0,357,1,0,0,1,1.7631E+12,,storm,0.15,15,0,7,9,0.777777778,1,4,,,,,,,,
g2_rain_fade,RAIN_FADE,24,,400,2,45,ok,,,2,68.88595899,2012,5,10.443,0.105,10.462,10.42283299,887,708,417,2012,2,2,1,5,1.7631E+12,1.7631E+12,storm,0.15,15,0,4,4,1,0,0,,,,,,,,
g2_rain_fade,RAIN_FADE,24,,400,2,46,ok,,,1,67.434833,2017,5,12.62,0.149,10.512,10.486583,889,709,419,2017,2,2,1,5,1.7631E+12,1.7631E+12,storm,0.15,15,0,0,2,0,0,0,,,,,,,,
g2_rain_fade,RAIN_FADE,24,,400,2,47,ok,,,1,67.15925,2012,5,10.683,0.085,10.804,10.775167,886,708,418,2012,2,2,1,5,1.7631E+12,1.7631E+12,storm,0.15,15,0,1,2,0.5,0,0,,,,,,,,
g2_rain_fade,RAIN_FADE,24,,400,2,48,ok,,,1,70.314417,2016,5,10.585,0.141,10.566,10.537208,888,709,419,2016,2,2,1,5,1.7631E+12,1.7631E+12,storm,0.15,15,0,0,2,0,0,0,,,,,,,,
g2_rain_fade,RAIN_FADE,24,,400,2,49,ok,,,1,66.9585,2017,5,10.212,0.11,10.746,10.710375,889,709,419,2017,2,2,1,5,1.7631E+12,1.7631E+12,storm,0.15,15,0,0,2,0,0,0,,,,,,,,
g2_rain_fade,RAIN_FADE,24,,400,2,50,timeout,wait_m4,0,3,405.503376,97,1,4.227,0,0,0,97,0,0,97,1,0,0,1,,,storm,0.15,15,0,7,7,1,1,1,,,,,,,,
g2_rain_fade,RAIN_FADE,24,,400,2,51,ok,,,1,72.970875,2015,5,10.877,0.136,10.748,10.729041,888,709,418,2015,2,2,1,5,1.7631E+12,1.7631E+12,storm,0.15,15,0,1,2,0.5,0,0,,,,,,,,
g2_rain_fade,RAIN_FADE,24,,400,2,52,ok,,,2,72.518958,2015,5,10.755,0.232,10.564,10.547416,888,709,418,2015,2,2,1,5,1.7631E+12,1.7631E+12,storm,0.15,15,0,3,4,0.75,0,0,,,,,,,,
g2_rain_fade,RAIN_FADE,24,,400,2,53,ok,,,1,72.805125,2015,5,10.559,0.139,10.787,10.782208,888,708,419,2015,2,2,1,5,1.7631E+12,1.7631E+12,storm,0.15,15,0,0,2,0,0,0,,,,,,,,
g2_rain_fade,RAIN_FADE,24,,400,2,54,ok,,,2,71.62216699,2017,5,12.481,0.168,10.677,10.66475,889,709,419,2017,2,2,1,5,1.7631E+12,1.7631E+12,storm,0.15,15,0,2,4,0.5,0,0,,,,,,,,
g2_rain_fade,RAIN_FADE,24,,400,2,55,ok,,,1,77.051625,2017,5,16.019,0.149,12.355,12.315875,889,709,419,2017,2,2,1,5,1.7631E+12,1.7631E+12,storm,0.15,15,0,6,7,0.857142857,0,0,,,,,,,,
g2_rain_fade,RAIN_FADE,24,,400,2,56,timeout,wait_m6,0,3,505.972083,356,1,5.466,0,0,0,356,0,0,356,1,0,0,1,1.7631E+12,,storm,0.15,15,0,8,9,0.888888889,1,4,,,,,,,,
g2_rain_fade,RAIN_FADE,24,,400,2,57,ok,,,1,68.046417,2009,5,10.374,0.091,10.619,10.587042,885,707,417,2009,2,2,1,5,1.7631E+12,1.7631E+12,storm,0.15,15,0,0,2,0,0,0,,,,,,,,
g2_rain_fade,RAIN_FADE,24,,400,2,58,ok,,,1,71.683459,2015,5,10.983,0.116,10.805,10.777042,888,708,419,2015,2,2,1,5,1.7631E+12,1.7631E+12,storm,0.15,15,0,0,2,0,0,0,,,,,,,,
g2_rain_fade,RAIN_FADE,24,,400,2,59,ok,,,1,68.7505,2012,5,10.941,0.09,11.365,11.371334,887,707,418,2012,2,2,1,5,1.7631E+12,1.7631E+12,storm,0.15,15,0,2,2,1,0,0,,,,,,,,
g2_rain_fade,RAIN_FADE,24,,400,2,60,ok,,,2,71.823042,2009,5,11.232,0.126,11.362,11.363708,885,707,417,2009,2,2,1,5,1.7631E+12,1.7631E+12,storm,0.15,15,0,2,4,0.5,0,0,,,,,,,,
g2_rain_fade,RAIN_FADE,24,,400,2,61,ok,,,1,75.0985,2014,5,11.591,0.135,11.952,11.9945,888,708,418,2014,2,2,1,5,1.7631E+12,1.7631E+12,storm,0.15,15,0,2,2,1,0,0,,,,,,,,
g2_rain_fade,RAIN_FADE,24,,400,2,62,ok,,,1,74.2135,2016,5,10.651,0.138,10.559,10.52925,888,709,419,2016,2,2,1,5,1.7631E+12,1.7631E+12,storm,0.15,15,0,2,2,1,0,0,,,,,,,,
g2_rain_fade,RAIN_FADE,24,,400,2,63,ok,,,2,70.651208,2015,5,10.396,0.069,10.509,10.485125,888,708,419,2015,2,2,1,5,1.7631E+12,1.7631E+12,storm,0.15,15,0,5,5,1,0,0,,,,,,,,
g2_rain_fade,RAIN_FADE,24,,400,2,64,ok,,,1,73.725208,2012,5,10.581,0.108,10.725,10.70025,887,708,417,2012,2,2,1,5,1.7631E+12,1.7631E+12,storm,0.15,15,0,0,2,0,0,0,,,,,,,,
g2_rain_fade,RAIN_FADE,24,,400,2,65,ok,,,2,72.927459,2015,5,12.89,0.104,12.164,12.130875,888,709,418,2015,2,2,1,5,1.7631E+12,1.7631E+12,storm,0.15,15,0,6,6,1,0,0,,,,,,,,
g2_rain_fade,RAIN_FADE,24,,400,2,66,ok,,,1,72.752334,2017,5,12.642,0.146,11.579,11.621791,889,709,419,2017,2,2,1,5,1.7631E+12,1.7631E+12,storm,0.15,15,0,0,2,0,0,0,,,,,,,,
g2_rain_fade,RAIN_FADE,24,,400,2,67,ok,,,2,70.853791,2014,5,10.353,0.104,10.561,10.526041,888,708,418,2014,2,2,1,5,1.7631E+12,1.7631E+12,storm,0.15,15,0,4,4,1,0,0,,,,,,,,
g2_rain_fade,RAIN_FADE,24,,400,2,68,timeout,wait_m4,0,3,404.916167,97,1,4.341,0,0,0,97,0,0,97,1,0,0,1,,,storm,0.15,15,0,6,6,1,1,4,,,,,,,,
g2_rain_fade,RAIN_FADE,24,,400,2,69,ok,,,2,82.259666,2017,5,13.631,0.17,16.211,16.225375,889,709,419,2017,2,2,1,5,1.7631E+12,1.7631E+12,storm,0.15,15,0,7,7,1,0,0,,,,,,,,
g2_rain_fade,RAIN_FADE,24,,400,2,70,ok,,,1,75.907,2012,5,11.723,0.114,12.547,12.545667,887,707,418,2012,2,2,1,5,1.7631E+12,1.7631E+12,storm,0.15,15,0,7,7,1,0,0,,,,,,,,
g2_rain_fade,RAIN_FADE,24,,400,2,71,ok,,,1,70.70225,2015,5,10.636,0.125,10.741,10.71925,888,709,418,2015,2,2,1,5,1.7631E+12,1.7631E+12,storm,0.15,15,0,1,2,0.5,0,0,,,,,,,,
g2_rain_fade,RAIN_FADE,24,,400,2,72,ok,,,1,74.979125,2017,5,10.543,0.095,11.205,11.34425,889,709,419,2017,2,2,1,5,1.7631E+12,1.7631E+12,storm,0.15,15,0,1,2,0.5,0,0,,,,,,,,
g2_rain_fade,RAIN_FADE,24,,400,2,73,ok,,,1,71.496042,2014,5,11.504,0.131,10.679,10.733875,888,708,418,2014,2,2,1,5,1.7631E+12,1.7631E+12,storm,0.15,15,0,0,2,0,0,0,,,,,,,,
g2_rain_fade,RAIN_FADE,24,,400,2,74,ok,,,1,78.421917,2010,5,10.56,0.089,10.762,10.735916,886,707,417,2010,2,2,1,5,1.7631E+12,1.7631E+12,storm,0.15,15,0,0,2,0,0,0,,,,,,,,
g2_rain_fade,RAIN_FADE,24,,400,2,75,ok,,,1,97.937792,2013,5,17.276,0.115,13.607,13.56983301,887,708,418,2013,2,2,1,5,1.7631E+12,1.7631E+12,storm,0.15,15,0,7,7,1,0,0,,,,,,,,
g2_rain_fade,RAIN_FADE,24,,400,2,76,ok,,,1,76.350375,2012,5,11.517,0.117,10.451,10.418208,887,707,418,2012,2,2,1,5,1.7631E+12,1.7631E+12,storm,0.15,15,0,2,2,1,0,0,,,,,,,,
g2_rain_fade,RAIN_FADE,24,,400,2,77,ok,,,2,76.139625,2016,5,11.031,0.138,11.303,11.25741701,888,709,419,2016,2,2,1,5,1.7631E+12,1.7631E+12,storm,0.15,15,0,6,6,1,0,0,,,,,,,,
g2_rain_fade,RAIN_FADE,24,,400,2,78,ok,,,1,75.77825,2017,5,11.547,0.101,10.357,10.324791,889,709,419,2017,2,2,1,5,1.7631E+12,1.7631E+12,storm,0.15,15,0,0,2,0,0,0,,,,,,,,
g2_rain_fade,RAIN_FADE,24,,400,2,79,ok,,,1,75.396166,2012,5,11.57,0.154,10.898,10.856541,887,707,418,2012,2,2,1,5,1.7631E+12,1.7631E+12,storm,0.15,15,0,7,7,1,0,0,,,,,,,,
g2_rain_fade,RAIN_FADE,24,,400,2,80,ok,,,1,76.551416,2014,5,10.674,0.106,11.479,11.486542,888,708,418,2014,2,2,1,5,1.7631E+12,1.7631E+12,storm,0.15,15,0,0,2,0,0,0,,,,,,,,
g2_rain_fade,RAIN_FADE,24,,400,2,81,ok,,,1,73.350333,1990,5,12.574,0.139,12.125,12.143125,875,708,407,1990,2,2,1,5,1.7631E+12,1.7631E+12,storm,0.15,15,0,4,4,1,0,0,,,,,,,,
g2_rain_fade,RAIN_FADE,24,,400,2,82,ok,,,1,70.761666,2015,5,10.425,0.122,11.174,11.217875,888,708,419,2015,2,2,1,5,1.7631E+12,1.7631E+12,storm,0.15,15,0,2,2,1,0,0,,,,,,,,
g2_rain_fade,RAIN_FADE,24,,400,2,83,ok,,,1,73.383625,2012,5,12.622,0.163,12.972,12.986125,887,708,417,2012,2,2,1,5,1.7631E+12,1.7631E+12,storm,0.15,15,0,5,5,1,0,0,,,,,,,,
g2_rain_fade,RAIN_FADE,24,,400,2,84,ok,,,3,94.10004201,2014,5,16.915,0.132,14.448,14.411,888,708,418,2014,2,2,1,5,1.7631E+12,1.7631E+12,storm,0.15,15,0,9,9,1,0,0,,,,,,,,
g2_rain_fade,RAIN_FADE,24,,400,2,85,ok,,,3,72.930583,2009,5,11.052,0.182,10.807,10.764583,886,706,417,2009,2,2,1,5,1.7631E+12,1.7631E+12,storm,0.15,15,0,6,6,1,0,0,,,,,,,,
g2_rain_fade,RAIN_FADE,24,,400,2,86,ok,,,1,70.428417,2013,5,11.818,0.208,11.287,11.254584,887,708,418,2013,2,2,1,5,1.7631E+12,1.7631E+12,storm,0.15,15,0,4,4,1,0,0,,,,,,,,
g2_rain_fade,RAIN_FADE,24,,400,2,87,ok,,,1,78.069209,2010,5,12.225,0.128,11.899,11.90275,886,708,416,2010,2,2,1,5,1.7631E+12,1.7631E+12,storm,0.15,15,0,0,2,0,0,0,,,,,,,,
g2_rain_fade,RAIN_FADE,24,,400,2,88,ok,,,1,70.938167,2010,5,10.294,0.103,10.648,10.632875,886,708,416,2010,2,2,1,5,1.7631E+12,1.7631E+12,storm,0.15,15,0,2,2,1,0,0,,,,,,,,
g2_rain_fade,RAIN_FADE,24,,400,2,89,ok,,,1,75.470708,2013,5,12.344,0.19,11.545,11.530333,887,708,418,2013,2,2,1,5,1.7631E+12,1.7631E+12,storm,0.15,15,0,7,7,1,0,0,,,,,,,,
g2_rain_fade,RAIN_FADE,24,,400,2,90,ok,,,1,75.733042,2017,5,11.717,0.129,10.509,10.499208,889,709,419,2017,2,2,1,5,1.7631E+12,1.7631E+12,storm,0.15,15,0,2,2,1,0,0,,,,,,,,
g2_rain_fade,RAIN_FADE,24,,400,2,91,ok,,,1,71.61129201,2014,5,11.337,0.139,10.337,10.314417,888,708,418,2014,2,2,1,5,1.7631E+12,1.7631E+12,storm,0.15,15,0,0,2,0,0,0,,,,,,,,
g2_rain_fade,RAIN_FADE,24,,400,2,92,timeout,wait_m6,0,3,504.84425,357,1,4.259,0,0,0,357,0,0,357,1,0,0,1,1.7631E+12,,storm,0.15,15,0,9,9,1,0,0,,,,,,,,
g2_rain_fade,RAIN_FADE,24,,400,2,93,ok,,,1,75.120459,2014,5,12.467,0.147,12.319,12.271667,887,709,418,2014,2,2,1,5,1.7631E+12,1.7631E+12,storm,0.15,15,0,3,5,0.6,0,0,,,,,,,,
g2_rain_fade,RAIN_FADE,24,,400,2,94,ok,,,1,75.88275,2015,5,11.384,0.15,10.861,10.828292,888,708,419,2015,2,2,1,5,1.7631E+12,1.7631E+12,storm,0.15,15,0,2,2,1,0,0,,,,,,,,
g2_rain_fade,RAIN_FADE,24,,400,2,95,ok,,,1,74.672208,2012,5,11.162,0.165,11.594,11.554875,887,708,417,2012,2,2,1,5,1.7631E+12,1.7631E+12,storm,0.15,15,0,4,7,0.571428571,0,0,,,,,,,,
g2_rain_fade,RAIN_FADE,24,,400,2,96,ok,,,2,74.95225,2011,5,10.723,0.13,10.829,10.812584,886,707,418,2011,2,2,1,5,1.7631E+12,1.7631E+12,storm,0.15,15,0,2,4,0.5,0,0,,,,,,,,
g2_rain_fade,RAIN_FADE,24,,400,2,97,ok,,,1,83.73525,2017,5,12.749,0.144,14.793,14.80529099,889,709,419,2017,2,2,1,5,1.7631E+12,1.7631E+12,storm,0.15,15,0,5,5,1,0,0,,,,,,,,
g2_rain_fade,RAIN_FADE,24,,400,2,98,ok,,,3,74.910042,2011,5,12.101,0.164,11.163,11.095667,887,707,417,2011,2,2,1,5,1.7631E+12,1.7631E+12,storm,0.15,15,0,8,8,1,0,0,,,,,,,,
g2_rain_fade,RAIN_FADE,24,,400,2,99,ok,,,1,65.14929199,2012,5,10.416,0.122,11.353,11.330083,887,707,418,2012,2,2,1,5,1.7631E+12,1.7631E+12,storm,0.15,15,0,2,2,1,0,0,,,,,,,,
g2_rain_fade,RAIN_FADE,24,,400,2,100,ok,,,1,68.049917,2015,5,11.224,0.108,11.624,11.6025,888,708,419,2015,2,2,1,5,1.7631E+12,1.7631E+12,storm,0.15,15,0,2,2,1,0,0,,,,,,,,
g2_rain_fade,RAIN_FADE,24,,400,2,101,ok,,,1,75.84475,2015,5,11.854,0.136,11.471,11.442958,888,708,419,2015,2,2,1,5,1.7631E+12,1.7631E+12,storm,0.15,15,0,2,2,1,0,0,,,,,,,,
g2_rain_fade,RAIN_FADE,24,,400,2,102,ok,,,1,67.709375,2012,5,10.602,0.111,10.983,10.959,887,708,417,2012,2,2,1,5,1.7631E+12,1.7631E+12,storm,0.15,15,0,0,2,0,0,0,,,,,,,,
g2_rain_fade,RAIN_FADE,24,,400,2,103,timeout,wait_m6,0,3,506.241209,356,1,5.441,0,0,0,356,0,0,356,1,0,0,1,1.7631E+12,,storm,0.15,15,0,9,9,1,0,0,,,,,,,,
g2_rain_fade,RAIN_FADE,24,,400,2,104,ok,,,1,78.331625,2000,5,12.502,0.125,13.062,13.097417,874,708,418,2000,2,2,1,5,1.7631E+12,1.7631E+12,storm,0.15,15,0,3,5,0.6,0,0,,,,,,,,
g2_rain_fade,RAIN_FADE,24,,400,2,105,ok,,,2,69.190792,2009,5,11.17,0.197,11.424,11.46325,885,706,418,2009,2,2,1,5,1.7631E+12,1.7631E+12,storm,0.15,15,0,4,4,1,0,0,,,,,,,,
g2_rain_fade,RAIN_FADE,24,,400,2,106,ok,,,1,72.615083,2014,5,10.543,0.167,10.645,10.607709,888,708,418,2014,2,2,1,5,1.7631E+12,1.7631E+12,storm,0.15,15,0,0,2,0,0,0,,,,,,,,
g2_rain_fade,RAIN_FADE,24,,400,2,107,timeout,wait_m6,0,3,507.046625,356,1,5.142,0,0,0,356,0,0,356,1,0,0,1,1.7631E+12,,storm,0.15,15,0,7,9,0.777777778,0,0,,,,,,,,
g2_rain_fade,RAIN_FADE,24,,400,2,108,timeout,wait_m6,0,3,505.719584,356,1,4.654,0,0,0,356,0,0,356,1,0,0,1,1.7631E+12,,storm,0.15,15,0,9,9,1,0,0,,,,,,,,
g2_rain_fade,RAIN_FADE,24,,400,2,109,timeout,wait_m6,0,3,506.162833,356,1,4.89,0,0,0,356,0,0,356,1,0,0,1,1.7631E+12,,storm,0.15,15,0,9,10,0.9,0,0,,,,,,,,
g2_rain_fade,RAIN_FADE,24,,400,2,110,ok,,,1,71.419875,2014,5,11.847,0.092,10.447,10.40725,888,708,418,2014,2,2,1,5,1.7631E+12,1.7631E+12,storm,0.15,15,0,2,2,1,0,0,,,,,,,,
g2_rain_fade,RAIN_FADE,24,,400,2,111,ok,,,2,83.640417,2015,5,10.637,0.1,10.754,10.7385,888,708,419,2015,2,2,1,5,1.7631E+12,1.7631E+12,storm,0.15,15,0,4,4,1,0,0,,,,,,,,
g2_rain_fade,RAIN_FADE,24,,400,2,112,ok,,,1,73.847291,2013,5,10.635,0.139,11.268,11.391709,887,708,418,2013,2,2,1,5,1.7631E+12,1.7631E+12,storm,0.15,15,0,1,2,0.5,0,0,,,,,,,,
g2_rain_fade,RAIN_FADE,24,,400,2,113,ok,,,1,74.999875,2012,5,12.825,0.166,12.225,12.250875,886,708,418,2012,2,2,1,5,1.7631E+12,1.7631E+12,storm,0.15,15,0,4,4,1,0,0,,,,,,,,
g2_rain_fade,RAIN_FADE,24,,400,2,114,ok,,,1,65.25983301,2012,5,10.453,0.093,10.812,10.775167,887,707,418,2012,2,2,1,5,1.7631E+12,1.7631E+12,storm,0.15,15,0,2,2,1,0,0,,,,,,,,
g2_rain_fade,RAIN_FADE,24,,400,2,115,ok,,,2,77.615459,2015,5,10.512,0.143,10.814,10.778667,888,708,419,2015,2,2,1,5,1.7631E+12,1.7631E+12,storm,0.15,15,0,4,4,1,0,0,,,,,,,,
g2_rain_fade,RAIN_FADE,24,,400,2,116,ok,,,2,71.988458,2014,5,12.729,0.134,10.66,10.641292,887,708,419,2014,2,2,1,5,1.7631E+12,1.7631E+12,storm,0.15,15,0,4,4,1,0,0,,,,,,,,
g2_rain_fade,RAIN_FADE,24,,400,2,117,ok,,,1,72.39,2013,5,11.082,0.094,11.408,11.35199999,887,707,419,2013,2,2,1,5,1.7631E+12,1.7631E+12,storm,0.15,15,0,1,2,0.5,0,0,,,,,,,,
g2_rain_fade,RAIN_FADE,24,,400,2,118,ok,,,3,71.893917,2013,5,10.783,0.158,12.927,13.06775,887,708,418,2013,2,2,1,5,1.7631E+12,1.7631E+12,storm,0.15,15,0,6,6,1,0,0,,,,,,,,
g2_rain_fade,RAIN_FADE,24,,400,2,119,ok,,,1,80.00058401,2017,5,15.384,0.106,12.939,12.908375,889,709,419,2017,2,2,1,5,1.7631E+12,1.7631E+12,storm,0.15,15,0,7,7,1,0,0,,,,,,,,
g2_rain_fade,RAIN_FADE,24,,400,2,120,ok,,,2,71.693791,2010,5,12.148,0.158,10.789,10.766208,885,708,417,2010,2,2,1,5,1.7631E+12,1.7631E+12,storm,0.15,15,0,4,4,1,0,0,,,,,,,,
g2_rain_fade,RAIN_FADE,24,,400,2,121,ok,,,1,79.770042,2012,5,14.145,0.189,15.078,15.067375,887,707,418,2012,2,2,1,5,1.7631E+12,1.7631E+12,storm,0.15,15,0,5,5,1,0,0,,,,,,,,
g2_rain_fade,RAIN_FADE,24,,400,2,122,ok,,,1,76.624667,2014,5,11.675,0.091,10.552,10.51645799,887,708,419,2014,2,2,1,5,1.7631E+12,1.7631E+12,storm,0.15,15,0,1,2,0.5,0,0,,,,,,,,
g2_rain_fade,RAIN_FADE,24,,400,2,123,ok,,,1,72.29170801,2013,5,11.959,0.148,10.925,10.89529201,887,708,418,2013,2,2,1,5,1.7631E+12,1.7631E+12,storm,0.15,15,0,0,2,0,0,0,,,,,,,,
g2_rain_fade,RAIN_FADE,24,,400,2,124,ok,,,2,74.767541,2017,5,11.129,0.112,11.57,11.564958,889,709,419,2017,2,2,1,5,1.7631E+12,1.7631E+12,storm,0.15,15,0,3,4,0.75,0,0,,,,,,,,
g2_rain_fade,RAIN_FADE,24,,400,2,125,ok,,,2,72.659959,2017,5,11.361,0.138,12.599,12.577875,889,709,419,2017,2,2,1,5,1.7631E+12,1.7631E+12,storm,0.15,15,0,6,6,1,0,0,,,,,,,,
g2_rain_fade,RAIN_FADE,24,,400,2,126,ok,,,1,69.152084,2012,5,11.909,0.121,11.429,11.466333,887,707,418,2012,2,2,1,5,1.7631E+12,1.7631E+12,storm,0.15,15,0,2,2,1,0,0,,,,,,,,
g2_rain_fade,RAIN_FADE,24,,400,2,127,ok,,,1,76.47225,2013,5,11.64,0.156,11.071,11.04475,887,708,418,2013,2,2,1,5,1.7631E+12,1.7631E+12,storm,0.15,15,0,3,5,0.6,0,0,,,,,,,,
g2_rain_fade,RAIN_FADE,24,,400,2,128,ok,,,3,67.467667,2015,5,12.71,0.132,10.969,10.942834,888,709,418,2015,2,2,1,5,1.7631E+12,1.7631E+12,storm,0.15,15,0,6,6,1,0,0,,,,,,,,
g2_rain_fade,RAIN_FADE,24,,400,2,129,ok,,,1,77.786417,2014,5,11.433,0.138,10.572,10.526792,887,708,419,2014,2,2,1,5,1.7631E+12,1.7631E+12,storm,0.15,15,0,7,7,1,0,0,,,,,,,,
g2_rain_fade,RAIN_FADE,24,,400,2,130,ok,,,1,76.671792,2017,5,13.291,0.189,14.606,14.762084,889,709,419,2017,2,2,1,5,1.7631E+12,1.7631E+12,storm,0.15,15,0,5,5,1,0,0,,,,,,,,
g2_rain_fade,RAIN_FADE,24,,400,2,131,ok,,,1,74.24766701,2014,5,10.512,0.109,10.698,10.672542,888,708,418,2014,2,2,1,5,1.7631E+12,1.7631E+12,storm,0.15,15,0,0,2,0,0,0,,,,,,,,
g2_rain_fade,RAIN_FADE,24,,400,2,132,ok,,,2,71.729042,2017,5,10.723,0.134,10.683,10.636333,889,709,419,2017,2,2,1,5,1.7631E+12,1.7631E+12,storm,0.15,15,0,4,4,1,0,0,,,,,,,,
g2_rain_fade,RAIN_FADE,24,,400,2,133,timeout,wait_m4,0,3,404.467875,97,1,3.961,0,0,0,97,0,0,97,1,0,0,1,,,storm,0.15,15,0,7,7,1,1,4,,,,,,,,
g2_rain_fade,RAIN_FADE,24,,400,2,134,ok,,,2,73.505084,2015,5,12.624,0.122,11.71,12.080375,888,709,418,2015,2,2,1,5,1.7631E+12,1.7631E+12,storm,0.15,15,0,4,4,1,0,0,,,,,,,,
g2_rain_fade,RAIN_FADE,24,,400,2,135,ok,,,2,68.643958,2014,5,10.908,0.158,12.224,12.218292,887,708,419,2014,2,2,1,5,1.7631E+12,1.7631E+12,storm,0.15,15,0,4,4,1,0,0,,,,,,,,
g2_rain_fade,RAIN_FADE,24,,400,2,136,ok,,,1,76.222,2013,5,11.561,0.147,10.718,11.94633399,887,708,418,2013,2,2,1,5,1.7631E+12,1.7631E+12,storm,0.15,15,0,0,2,0,0,0,,,,,,,,
g2_rain_fade,RAIN_FADE,24,,400,2,137,ok,,,2,75.320542,2014,5,11.615,0.145,11.08,11.12075,888,708,418,2014,2,2,1,5,1.7631E+12,1.7631E+12,storm,0.15,15,0,4,4,1,0,0,,,,,,,,
g2_rain_fade,RAIN_FADE,24,,400,2,138,ok,,,3,66.231083,2014,5,10.833,0.117,10.788,10.755625,888,708,418,2014,2,2,1,5,1.7631E+12,1.7631E+12,storm,0.15,15,0,6,6,1,0,0,,,,,,,,
g2_rain_fade,RAIN_FADE,24,,400,2,139,ok,,,3,73.87,2012,5,10.605,0.16,10.991,10.972875,887,707,418,2012,2,2,1,5,1.7631E+12,1.7631E+12,storm,0.15,15,0,6,6,1,0,0,,,,,,,,
g2_rain_fade,RAIN_FADE,24,,400,2,140,ok,,,1,84.548375,2010,5,13.293,0.117,14.131,14.119917,886,706,418,2010,2,2,1,5,1.7631E+12,1.7631E+12,storm,0.15,15,0,3,5,0.6,0,0,,,,,,,,
g2_rain_fade,RAIN_FADE,24,,400,2,141,timeout,wait_m6,0,3,506.673292,357,1,4.166,0,0,0,357,0,0,357,1,0,0,1,1.7631E+12,,storm,0.15,15,0,9,9,1,1,1,,,,,,,,
g2_rain_fade,RAIN_FADE,24,,400,2,142,ok,,,1,86.742917,2014,5,14.27,0.115,13.96,13.96445899,888,708,418,2014,2,2,1,5,1.7631E+12,1.7631E+12,storm,0.15,15,0,7,7,1,0,0,,,,,,,,
g2_rain_fade,RAIN_FADE,24,,400,2,143,ok,,,1,77.320958,2013,5,11.264,0.143,11.136,11.118916,887,708,418,2013,2,2,1,5,1.7631E+12,1.7631E+12,storm,0.15,15,0,5,7,0.714285714,0,0,,,,,,,,
g2_rain_fade,RAIN_FADE,24,,400,2,144,ok,,,1,75.835875,2015,5,11.778,0.19,11.858,11.818416,888,708,419,2015,2,2,1,5,1.7631E+12,1.7631E+12,storm,0.15,15,0,2,2,1,0,0,,,,,,,,
g2_rain_fade,RAIN_FADE,24,,400,2,145,ok,,,1,76.63825,2014,5,10.616,0.116,10.374,10.3425,887,708,419,2014,2,2,1,5,1.7631E+12,1.7631E+12,storm,0.15,15,0,2,2,1,0,0,,,,,,,,
g2_rain_fade,RAIN_FADE,24,,400,2,146,ok,,,1,74.10337499,2010,5,10.532,0.139,10.749,10.73525001,886,707,417,2010,2,2,1,5,1.7631E+12,1.7631E+12,storm,0.15,15,0,2,2,1,0,0,,,,,,,,
g2_rain_fade,RAIN_FADE,24,,400,2,147,ok,,,2,78.106583,2017,5,10.717,0.127,11.246,11.25366701,889,709,419,2017,2,2,1,5,1.7631E+12,1.7631E+12,storm,0.15,15,0,4,4,1,0,0,,,,,,,,
g2_rain_fade,RAIN_FADE,24,,400,2,148,ok,,,1,85.613417,2012,5,15.502,0.253,13.138,13.1245,887,707,418,2012,2,2,1,5,1.7631E+12,1.7631E+12,storm,0.15,15,0,4,5,0.8,0,0,,,,,,,,
g2_rain_fade,RAIN_FADE,24,,400,2,149,ok,,,1,86.599959,2015,5,12.765,0.168,11.72,17.360458,888,709,418,2015,2,2,1,5,1.7631E+12,1.7631E+12,storm,0.15,15,0,1,2,0.5,0,0,,,,,,,,
g2_rain_fade,RAIN_FADE,24,,400,2,150,ok,,,1,73.90554201,2017,5,10.568,0.127,12.464,12.451041,889,709,419,2017,2,2,1,5,1.7631E+12,1.7631E+12,storm,0.15,15,0,2,2,1,0,0,,,,,,,,
g2_rain_fade,RAIN_FADE,24,,400,2,151,ok,,,1,75.72275,2012,5,10.35,0.093,10.612,10.59141701,887,707,418,2012,2,2,1,5,1.7631E+12,1.7631E+12,storm,0.15,15,0,1,2,0.5,0,0,,,,,,,,
g2_rain_fade,RAIN_FADE,24,,400,2,152,timeout,wait_m6,0,3,508.347458,356,1,5.928,0,0,0,356,0,0,356,1,0,0,1,1.7631E+12,,storm,0.15,15,0,8,9,0.888888889,0,0,,,,,,,,
g2_rain_fade,RAIN_FADE,24,,400,2,153,timeout,wait_m6,0,3,506.875,356,1,5.26,0,0,0,356,0,0,356,1,0,0,1,1.7631E+12,,storm,0.15,15,0,9,9,1,0,0,,,,,,,,
g2_rain_fade,RAIN_FADE,24,,400,2,154,ok,,,3,72.583083,2015,5,10.923,0.15,11.266,11.28612499,888,709,418,2015,2,2,1,5,1.7631E+12,1.7631E+12,storm,0.15,15,0,6,6,1,0,0,,,,,,,,
g2_rain_fade,RAIN_FADE,24,,400,2,155,ok,,,2,73.9625,2010,5,12.274,0.172,10.96,10.920125,886,707,417,2010,2,2,1,5,1.7631E+12,1.7631E+12,storm,0.15,15,0,5,6,0.833333333,0,0,,,,,,,,
g2_rain_fade,RAIN_FADE,24,,400,2,156,ok,,,1,81.770416,2012,5,14.718,0.141,13.834,13.817417,887,707,418,2012,2,2,1,5,1.7631E+12,1.7631E+12,storm,0.15,15,0,5,5,1,0,0,,,,,,,,
g2_rain_fade,RAIN_FADE,24,,400,2,157,ok,,,1,75.096125,2014,5,11.425,0.119,13.212,13.198167,887,708,419,2014,2,2,1,5,1.7631E+12,1.7631E+12,storm,0.15,15,0,4,5,0.8,0,0,,,,,,,,
g2_rain_fade,RAIN_FADE,24,,400,2,158,timeout,wait_m6,0,3,505.845708,357,1,5.079,0,0,0,357,0,0,357,1,0,0,1,1.7631E+12,,storm,0.15,15,0,9,9,1,0,0,,,,,,,,
g2_rain_fade,RAIN_FADE,24,,400,2,159,ok,,,1,71.372959,2008,5,11.458,0.122,10.975,10.955166,885,707,416,2008,2,2,1,5,1.7631E+12,1.7631E+12,storm,0.15,15,0,0,2,0,0,0,,,,,,,,
g2_rain_fade,RAIN_FADE,24,,400,2,160,timeout,wait_m6,0,3,505.670334,356,1,4.964,0,0,0,356,0,0,356,1,0,0,1,1.7631E+12,,storm,0.15,15,0,7,11,0.636363636,1,4,,,,,,,,
g2_rain_fade,RAIN_FADE,24,,400,2,161,ok,,,1,73.96025,2010,5,10.536,0.09,11.148,11.15175,886,708,416,2010,2,2,1,5,1.7631E+12,1.7631E+12,storm,0.15,15,0,0,2,0,0,0,,,,,,,,
g2_rain_fade,RAIN_FADE,24,,400,2,162,ok,,,3,92.666417,2016,5,14.127,0.145,14.989,14.985125,888,709,419,2016,2,2,1,5,1.7631E+12,1.7631E+12,storm,0.15,15,0,9,9,1,0,0,,,,,,,,
g2_rain_fade,RAIN_FADE,24,,400,2,163,ok,,,1,77.469,2011,5,12.334,0.104,11.675,11.649292,886,707,418,2011,2,2,1,5,1.7631E+12,1.7631E+12,storm,0.15,15,0,2,2,1,0,0,,,,,,,,
g2_rain_fade,RAIN_FADE,24,,400,2,164,ok,,,3,77.268708,2014,5,10.851,0.138,10.595,10.570917,887,708,419,2014,2,2,1,5,1.7631E+12,1.7631E+12,storm,0.15,15,0,6,6,1,0,0,,,,,,,,
g2_rain_fade,RAIN_FADE,24,,400,2,165,ok,,,1,82.02575,2017,5,10.893,0.11,10.624,10.59975,889,709,419,2017,2,2,1,5,1.7631E+12,1.7631E+12,storm,0.15,15,0,2,2,1,0,0,,,,,,,,
g2_rain_fade,RAIN_FADE,24,,400,2,166,timeout,wait_m6,0,3,505.300001,357,1,4.227,0,0,0,357,0,0,357,1,0,0,1,1.7631E+12,,storm,0.15,15,0,9,9,1,1,4,,,,,,,,
g2_rain_fade,RAIN_FADE,24,,400,2,167,ok,,,1,74.87245899,2015,5,12.621,0.151,11.648,11.60254201,888,708,419,2015,2,2,1,5,1.7631E+12,1.7631E+12,storm,0.15,15,0,4,4,1,0,0,,,,,,,,
g2_rain_fade,RAIN_FADE,24,,400,2,168,ok,,,2,79.496625,2009,5,11.859,0.112,10.571,10.535459,885,707,417,2009,2,2,1,5,1.7631E+12,1.7631E+12,storm,0.15,15,0,3,4,0.75,0,0,,,,,,,,
g2_rain_fade,RAIN_FADE,24,,400,2,169,timeout,wait_m4,0,3,404.760958,97,1,3.87,0,0,0,97,0,0,97,1,0,0,1,,,storm,0.15,15,0,7,7,1,0,0,,,,,,,,
g2_rain_fade,RAIN_FADE,24,,400,2,170,ok,,,1,73.694125,2015,5,10.311,0.16,10.683,10.647792,888,708,419,2015,2,2,1,5,1.7631E+12,1.7631E+12,storm,0.15,15,0,2,2,1,0,0,,,,,,,,
g2_rain_fade,RAIN_FADE,24,,400,2,171,ok,,,1,71.225875,2013,5,11.831,0.083,10.864,10.85183299,887,708,418,2013,2,2,1,5,1.7631E+12,1.7631E+12,storm,0.15,15,0,1,2,0.5,0,0,,,,,,,,
g2_rain_fade,RAIN_FADE,24,,400,2,172,ok,,,1,74.814917,2012,5,10.556,0.261,11.673,11.7075,886,708,418,2012,2,2,1,5,1.7631E+12,1.7631E+12,storm,0.15,15,0,1,2,0.5,0,0,,,,,,,,
g2_rain_fade,RAIN_FADE,24,,400,2,173,ok,,,1,70.694542,2012,5,11.282,0.137,10.891,10.893292,886,708,418,2012,2,2,1,5,1.7631E+12,1.7631E+12,storm,0.15,15,0,2,2,1,0,0,,,,,,,,
g2_rain_fade,RAIN_FADE,24,,400,2,174,ok,,,1,76.405833,2014,5,10.636,0.087,11.118,11.127458,888,708,418,2014,2,2,1,5,1.7631E+12,1.7631E+12,storm,0.15,15,0,0,2,0,0,0,,,,,,,,
g2_rain_fade,RAIN_FADE,24,,400,2,175,ok,,,1,73.996916,2017,5,10.825,0.142,10.663,10.602375,889,709,419,2017,2,2,1,5,1.7631E+12,1.7631E+12,storm,0.15,15,0,2,2,1,0,0,,,,,,,,
g2_rain_fade,RAIN_FADE,24,,400,2,176,ok,,,1,78.8005,2012,5,11.021,0.126,10.553,10.536875,887,707,418,2012,2,2,1,5,1.7631E+12,1.7631E+12,storm,0.15,15,0,2,2,1,0,0,,,,,,,,
g2_rain_fade,RAIN_FADE,24,,400,2,177,ok,,,3,68.124666,2014,5,11.036,0.131,10.829,10.779916,888,708,418,2014,2,2,1,5,1.7631E+12,1.7631E+12,storm,0.15,15,0,6,6,1,0,0,,,,,,,,
g2_rain_fade,RAIN_FADE,24,,400,2,178,ok,,,2,75.15075,2013,5,11.064,0.135,11.288,11.43087501,887,708,418,2013,2,2,1,5,1.7631E+12,1.7631E+12,storm,0.15,15,0,3,4,0.75,0,0,,,,,,,,
g2_rain_fade,RAIN_FADE,24,,400,2,179,ok,,,2,70.641208,2013,5,12.055,0.123,10.752,10.720208,887,708,418,2013,2,2,1,5,1.7631E+12,1.7631E+12,storm,0.15,15,0,4,4,1,0,0,,,,,,,,
g2_rain_fade,RAIN_FADE,24,,400,2,180,ok,,,2,71.1365,2014,5,10.605,0.115,12.048,12.133625,888,708,418,2014,2,2,1,5,1.7631E+12,1.7631E+12,storm,0.15,15,0,4,4,1,0,0,,,,,,,,
g2_rain_fade,RAIN_FADE,24,,400,2,181,ok,,,1,77.333917,2017,5,11.902,0.162,11.317,11.280375,889,709,419,2017,2,2,1,5,1.7631E+12,1.7631E+12,storm,0.15,15,0,7,7,1,0,0,,,,,,,,
g2_rain_fade,RAIN_FADE,24,,400,2,182,ok,,,3,70.07025,2014,5,10.39,0.138,10.799,10.77641601,888,708,418,2014,2,2,1,5,1.7631E+12,1.7631E+12,storm,0.15,15,0,6,6,1,0,0,,,,,,,,
g2_rain_fade,RAIN_FADE,24,,400,2,183,ok,,,1,74.91925,2017,5,11.421,0.142,10.693,10.665833,889,709,419,2017,2,2,1,5,1.7631E+12,1.7631E+12,storm,0.15,15,0,2,2,1,0,0,,,,,,,,
g2_rain_fade,RAIN_FADE,24,,400,2,184,ok,,,1,67.7505,2017,5,11.451,0.168,11.261,11.218,889,709,419,2017,2,2,1,5,1.7631E+12,1.7631E+12,storm,0.15,15,0,7,7,1,0,0,,,,,,,,
g2_rain_fade,RAIN_FADE,24,,400,2,185,ok,,,1,68.84116701,2013,5,10.454,0.152,10.771,10.75575,887,709,417,2013,2,2,1,5,1.7631E+12,1.7631E+12,storm,0.15,15,0,1,2,0.5,0,0,,,,,,,,
g2_rain_fade,RAIN_FADE,24,,400,2,186,ok,,,3,74.061834,2014,5,11.868,0.126,11.643,11.63675,887,708,419,2014,2,2,1,5,1.7631E+12,1.7631E+12,storm,0.15,15,0,2,6,0.333333333,0,0,,,,,,,,
g2_rain_fade,RAIN_FADE,24,,400,2,187,ok,,,1,80.661,2015,5,12.579,0.124,12.608,12.577083,888,709,418,2015,2,2,1,5,1.7631E+12,1.7631E+12,storm,0.15,15,0,6,7,0.857142857,0,0,,,,,,,,
g2_rain_fade,RAIN_FADE,24,,400,2,188,ok,,,1,77.773125,2016,5,12.124,0.139,13.499,13.49025,888,709,419,2016,2,2,1,5,1.7631E+12,1.7631E+12,storm,0.15,15,0,7,7,1,0,0,,,,,,,,
g2_rain_fade,RAIN_FADE,24,,400,2,189,ok,,,2,72.799667,2012,5,12.065,0.134,11.278,11.282209,887,707,418,2012,2,2,1,5,1.7631E+12,1.7631E+12,storm,0.15,15,0,4,4,1,0,0,,,,,,,,
g2_rain_fade,RAIN_FADE,24,,400,2,190,ok,,,2,77.317042,2015,5,11.757,0.131,11.036,10.987459,888,708,419,2015,2,2,1,5,1.7631E+12,1.7631E+12,storm,0.15,15,0,5,6,0.833333333,0,0,,,,,,,,
g2_rain_fade,RAIN_FADE,24,,400,2,191,ok,,,1,74.64041701,2017,5,11.031,0.103,10.694,10.664375,889,709,419,2017,2,2,1,5,1.7631E+12,1.7631E+12,storm,0.15,15,0,2,2,1,0,0,,,,,,,,
g2_rain_fade,RAIN_FADE,24,,400,2,192,timeout,wait_m6,0,3,506.467125,357,1,4.816,0,0,0,357,0,0,357,1,0,0,1,1.7631E+12,,storm,0.15,15,0,9,9,1,0,0,,,,,,,,
g2_rain_fade,RAIN_FADE,24,,400,2,193,ok,,,1,74.601041,2017,5,10.686,0.107,10.627,10.602042,889,709,419,2017,2,2,1,5,1.7631E+12,1.7631E+12,storm,0.15,15,0,2,2,1,0,0,,,,,,,,
g2_rain_fade,RAIN_FADE,24,,400,2,194,ok,,,1,73.970833,2015,5,10.725,0.105,10.421,10.39675,888,708,419,2015,2,2,1,5,1.7631E+12,1.7631E+12,storm,0.15,15,0,1,2,0.5,0,0,,,,,,,,
g2_rain_fade,RAIN_FADE,24,,400,2,195,ok,,,1,69.345875,2013,5,10.48,0.132,10.903,10.8635,887,708,418,2013,2,2,1,5,1.7631E+12,1.7631E+12,storm,0.15,15,0,2,2,1,0,0,,,,,,,,
g2_rain_fade,RAIN_FADE,24,,400,2,196,ok,,,1,71.215875,2013,5,10.881,0.156,11.781,11.802792,887,708,418,2013,2,2,1,5,1.7631E+12,1.7631E+12,storm,0.15,15,0,2,2,1,0,0,,,,,,,,
g2_rain_fade,RAIN_FADE,24,,400,2,197,ok,,,1,82.112458,2015,5,12.723,0.113,10.708,10.69791699,888,708,419,2015,2,2,1,5,1.7631E+12,1.7631E+12,storm,0.15,15,0,0,2,0,0,0,,,,,,,,
g2_rain_fade,RAIN_FADE,24,,400,2,198,ok,,,2,79.500917,2015,5,13.712,0.107,12.109,12.0765,888,708,419,2015,2,2,1,5,1.7631E+12,1.7631E+12,storm,0.15,15,0,6,6,1,0,0,,,,,,,,
g2_rain_fade,RAIN_FADE,24,,400,2,199,ok,,,1,71.37875,2016,5,10.712,0.112,10.518,10.524833,888,709,419,2016,2,2,1,5,1.7631E+12,1.7631E+12,storm,0.15,15,0,2,2,1,0,0,,,,,,,,
g2_rain_fade,RAIN_FADE,24,,400,2,200,ok,,,1,79.601959,2013,5,10.839,0.117,10.649,10.619,887,708,418,2013,2,2,1,5,1.7631E+12,1.7631E+12,storm,0.15,15,0,2,2,1,0,0,,,,,,,,
g2_rain_fade,RAIN_FADE,24,,400,2,201,ok,,,1,74.128875,2013,5,12.304,0.155,12.646,12.724958,887,708,418,2013,2,2,1,5,1.7631E+12,1.7631E+12,storm,0.15,15,0,6,7,0.857142857,0,0,,,,,,,,
g2_rain_fade,RAIN_FADE,24,,400,2,202,ok,,,1,68.341,2012,5,10.723,0.107,11.372,11.396709,887,707,418,2012,2,2,1,5,1.7631E+12,1.7631E+12,storm,0.15,15,0,2,2,1,0,0,,,,,,,,
g2_rain_fade,RAIN_FADE,24,,400,2,203,ok,,,2,68.571458,2013,5,11.029,0.134,10.704,10.694084,887,709,417,2013,2,2,1,5,1.7631E+12,1.7631E+12,storm,0.15,15,0,3,4,0.75,0,0,,,,,,,,
g2_rain_fade,RAIN_FADE,24,,400,2,204,ok,,,1,75.10341601,2010,5,10.3,0.135,10.859,10.846875,886,707,417,2010,2,2,1,5,1.7631E+12,1.7631E+12,storm,0.15,15,0,0,2,0,0,0,,,,,,,,
g2_rain_fade,RAIN_FADE,24,,400,2,205,ok,,,1,71.90825,2013,5,10.347,0.145,10.573,10.547708,887,708,418,2013,2,2,1,5,1.7631E+12,1.7631E+12,storm,0.15,15,0,1,2,0.5,0,0,,,,,,,,
g2_rain_fade,RAIN_FADE,24,,400,2,206,timeout,wait_m6,0,3,505.507584,357,1,4.561,0,0,0,357,0,0,357,1,0,0,1,1.7631E+12,,storm,0.15,15,0,5,9,0.555555556,0,0,,,,,,,,
g2_rain_fade,RAIN_FADE,24,,400,2,207,timeout,wait_m6,0,3,506.2505,356,1,4.976,0,0,0,356,0,0,356,1,0,0,1,1.7631E+12,,storm,0.15,15,0,9,9,1,0,0,,,,,,,,
g2_rain_fade,RAIN_FADE,24,,400,2,208,timeout,wait_m4,0,3,404.794791,97,1,3.94,0,0,0,97,0,0,97,1,0,0,1,,,storm,0.15,15,0,7,7,1,1,4,,,,,,,,
g2_rain_fade,RAIN_FADE,24,,400,2,209,ok,,,3,76.007959,2009,5,10.935,0.139,11.272,11.291375,885,707,417,2009,2,2,1,5,1.7631E+12,1.7631E+12,storm,0.15,15,0,6,6,1,0,0,,,,,,,,
g2_rain_fade,RAIN_FADE,24,,400,2,210,ok,,,1,72.338417,2012,5,10.828,0.129,11.256,11.255334,887,707,418,2012,2,2,1,5,1.7631E+12,1.7631E+12,storm,0.15,15,0,2,2,1,0,0,,,,,,,,
g2_rain_fade,RAIN_FADE,24,,400,2,211,ok,,,1,78.8025,2014,5,13.31,0.141,12.299,12.209,888,708,418,2014,2,2,1,5,1.7631E+12,1.7631E+12,storm,0.15,15,0,7,7,1,0,0,,,,,,,,
g2_rain_fade,RAIN_FADE,24,,400,2,212,timeout,wait_m4,0,3,407.012,97,1,4.966,0,0,0,97,0,0,97,1,0,0,1,,,storm,0.15,15,0,7,7,1,0,0,,,,,,,,
g2_rain_fade,RAIN_FADE,24,,400,2,213,ok,,,1,77.47425,2013,5,13.639,0.178,12.855,12.853875,887,708,418,2013,2,2,1,5,1.7631E+12,1.7631E+12,storm,0.15,15,0,3,4,0.75,0,0,,,,,,,,
g2_rain_fade,RAIN_FADE,24,,400,2,214,ok,,,2,76.630083,2014,5,10.576,0.147,11.471,11.601792,888,708,418,2014,2,2,1,5,1.7631E+12,1.7631E+12,storm,0.15,15,0,4,4,1,0,0,,,,,,,,
g2_rain_fade,RAIN_FADE,24,,400,2,215,ok,,,1,71.868375,2015,5,10.435,0.096,10.574,10.545625,888,708,419,2015,2,2,1,5,1.7631E+12,1.7631E+12,storm,0.15,15,0,2,2,1,0,0,,,,,,,,
g2_rain_fade,RAIN_FADE,24,,400,2,216,ok,,,1,75.299542,2011,5,10.813,0.115,11.515,11.537375,886,707,418,2011,2,2,1,5,1.7631E+12,1.7631E+12,storm,0.15,15,0,2,2,1,0,0,,,,,,,,
g2_rain_fade,RAIN_FADE,24,,400,2,217,ok,,,1,82.70075,2015,5,13.323,0.167,11.864,11.827375,888,708,419,2015,2,2,1,5,1.7631E+12,1.7631E+12,storm,0.15,15,0,3,5,0.6,0,0,,,,,,,,
g2_rain_fade,RAIN_FADE,24,,400,2,218,ok,,,1,78.440583,2017,5,11.725,0.184,12.216,12.168542,889,709,419,2017,2,2,1,5,1.7631E+12,1.7631E+12,storm,0.15,15,0,2,4,0.5,0,0,,,,,,,,
g2_rain_fade,RAIN_FADE,24,,400,2,219,timeout,wait_m6,0,3,510.39225,356,1,7.368,0,0,0,356,0,0,356,1,0,0,1,1.7631E+12,,storm,0.15,15,0,10,10,1,0,0,,,,,,,,
g2_rain_fade,RAIN_FADE,24,,400,2,220,ok,,,1,84.612083,2010,5,15.728,0.222,12.99,13.018084,886,707,417,2010,2,2,1,5,1.7631E+12,1.7631E+12,storm,0.15,15,0,5,7,0.714285714,0,0,,,,,,,,
g2_rain_fade,RAIN_FADE,24,,400,2,221,ok,,,2,76.055875,2013,5,10.683,0.099,10.732,10.712166,887,708,418,2013,2,2,1,5,1.7631E+12,1.7631E+12,storm,0.15,15,0,4,4,1,0,0,,,,,,,,
g2_rain_fade,RAIN_FADE,24,,400,2,222,timeout,wait_m6,0,3,507.481,356,1,6.544,0,0,0,356,0,0,356,1,0,0,1,1.7631E+12,,storm,0.15,15,0,9,9,1,1,4,,,,,,,,
g2_rain_fade,RAIN_FADE,24,,400,2,223,ok,,,2,73.39854199,2015,5,11.624,0.129,11.166,11.236,888,709,418,2015,2,2,1,5,1.7631E+12,1.7631E+12,storm,0.15,15,0,4,4,1,0,0,,,,,,,,
g2_rain_fade,RAIN_FADE,24,,400,2,224,ok,,,1,78.34625,2015,5,10.814,0.101,10.317,10.287916,888,708,419,2015,2,2,1,5,1.7631E+12,1.7631E+12,storm,0.15,15,0,2,2,1,0,0,,,,,,,,
g2_rain_fade,RAIN_FADE,24,,400,2,225,ok,,,1,105.459417,2014,5,19.886,0.257,16.444,17.180875,888,708,418,2014,2,2,1,5,1.7631E+12,1.7631E+12,storm,0.15,15,0,7,7,1,0,0,,,,,,,,
g2_rain_fade,RAIN_FADE,24,,400,2,226,ok,,,2,86.540541,2015,5,14.302,0.159,15.468,15.488209,888,708,419,2015,2,2,1,5,1.7631E+12,1.7631E+12,storm,0.15,15,0,9,9,1,0,0,,,,,,,,
g2_rain_fade,RAIN_FADE,24,,400,2,227,ok,,,1,73.585208,2011,5,10.432,0.1,10.51,10.489125,886,708,417,2011,2,2,1,5,1.7631E+12,1.7631E+12,storm,0.15,15,0,2,2,1,0,0,,,,,,,,
g2_rain_fade,RAIN_FADE,24,,400,2,228,ok,,,1,70.37633401,2017,5,11.009,0.133,11.458,11.47775,889,709,419,2017,2,2,1,5,1.7631E+12,1.7631E+12,storm,0.15,15,0,2,2,1,0,0,,,,,,,,
g2_rain_fade,RAIN_FADE,24,,400,2,229,timeout,wait_m6,0,3,509.205125,357,1,7.734,0,0,0,357,0,0,357,1,0,0,1,1.7631E+12,,storm,0.15,15,0,8,9,0.888888889,1,4,,,,,,,,
g2_rain_fade,RAIN_FADE,24,,400,2,230,ok,,,1,72.749291,2017,5,10.497,0.11,11.205,11.235708,889,709,419,2017,2,2,1,5,1.7631E+12,1.7631E+12,storm,0.15,15,0,2,2,1,0,0,,,,,,,,
g2_rain_fade,RAIN_FADE,24,,400,2,231,ok,,,3,82.268042,2013,5,14.215,0.258,12.349,12.324917,886,708,419,2013,2,2,1,5,1.7631E+12,1.7631E+12,storm,0.15,15,0,8,8,1,0,0,,,,,,,,
g2_rain_fade,RAIN_FADE,24,,400,2,232,ok,,,1,82.31429201,2014,5,15.02,0.15,17.022,17.210667,888,708,418,2014,2,2,1,5,1.7631E+12,1.7631E+12,storm,0.15,15,0,7,7,1,0,0,,,,,,,,
g2_rain_fade,RAIN_FADE,24,,400,2,233,ok,,,2,70.77666699,2013,5,11.211,0.172,10.977,10.960125,887,709,417,2013,2,2,1,5,1.7631E+12,1.7631E+12,storm,0.15,15,0,4,4,1,0,0,,,,,,,,
g2_rain_fade,RAIN_FADE,24,,400,2,234,ok,,,3,90.607751,2015,5,19.876,0.207,11.76,11.719792,888,708,419,2015,2,2,1,5,1.7631E+12,1.7631E+12,storm,0.15,15,0,6,6,1,0,0,,,,,,,,
g2_rain_fade,RAIN_FADE,24,,400,2,235,timeout,wait_m6,0,3,505.124084,357,1,4.247,0,0,0,357,0,0,357,1,0,0,1,1.7631E+12,,storm,0.15,15,0,11,11,1,0,0,,,,,,,,
g2_rain_fade,RAIN_FADE,24,,400,2,236,ok,,,1,97.652166,2012,5,17.821,0.287,15.031,15.051542,887,708,417,2012,2,2,1,5,1.7631E+12,1.7631E+12,storm,0.15,15,0,7,7,1,0,0,,,,,,,,
g2_rain_fade,RAIN_FADE,24,,400,2,237,ok,,,1,85.999209,2010,5,13,0.118,13.767,13.72625,886,707,417,2010,2,2,1,5,1.7631E+12,1.7631E+12,storm,0.15,15,0,3,5,0.6,0,0,,,,,,,,
g2_rain_fade,RAIN_FADE,24,,400,2,238,ok,,,1,77.07874999,2014,5,11.622,0.104,10.657,10.630125,888,708,418,2014,2,2,1,5,1.7631E+12,1.7631E+12,storm,0.15,15,0,2,2,1,0,0,,,,,,,,
g2_rain_fade,RAIN_FADE,24,,400,2,239,ok,,,3,79.050833,2015,5,10.597,0.136,11.332,11.751167,888,709,418,2015,2,2,1,5,1.7631E+12,1.7631E+12,storm,0.15,15,0,5,6,0.833333333,0,0,,,,,,,,
g2_rain_fade,RAIN_FADE,24,,400,2,240,timeout,wait_m4,0,3,407.175333,97,1,5.605,0,0,0,97,0,0,97,1,0,0,1,,,storm,0.15,15,0,6,6,1,1,4,,,,,,,,
g2_rain_fade,RAIN_FADE,24,,400,2,241,ok,,,1,70.691375,2012,5,11.73,0.141,10.711,10.685292,886,708,418,2012,2,2,1,5,1.7631E+12,1.7631E+12,storm,0.15,15,0,0,2,0,0,0,,,,,,,,
g2_rain_fade,RAIN_FADE,24,,400,2,242,ok,,,1,74.039958,2011,5,10.406,0.168,11.089,11.048,887,707,417,2011,2,2,1,5,1.7631E+12,1.7631E+12,storm,0.15,15,0,7,7,1,0,0,,,,,,,,
g2_rain_fade,RAIN_FADE,24,,400,2,243,ok,,,1,70.038666,2014,5,10.766,0.197,11.128,11.105959,887,708,419,2014,2,2,1,5,1.7631E+12,1.7631E+12,storm,0.15,15,0,4,4,1,0,0,,,,,,,,
g2_rain_fade,RAIN_FADE,24,,400,2,244,ok,,,2,79.807,2015,5,10.571,0.118,10.588,10.566667,888,708,419,2015,2,2,1,5,1.7631E+12,1.7631E+12,storm,0.15,15,0,4,4,1,0,0,,,,,,,,
g2_rain_fade,RAIN_FADE,24,,400,2,245,timeout,wait_m6,0,3,504.103875,357,1,3.802,0,0,0,357,0,0,357,1,0,0,1,1.7631E+12,,storm,0.15,15,0,9,9,1,0,0,,,,,,,,
g2_rain_fade,RAIN_FADE,24,,400,2,246,ok,,,2,85.676209,2012,5,13.914,0.107,13.397,13.4185,887,708,417,2012,2,2,1,5,1.7631E+12,1.7631E+12,storm,0.15,15,0,7,7,1,0,0,,,,,,,,
g2_rain_fade,RAIN_FADE,24,,400,2,247,ok,,,1,75.462333,2010,5,10.446,0.108,11.662,11.659042,886,708,416,2010,2,2,1,5,1.7631E+12,1.7631E+12,storm,0.15,15,0,2,2,1,0,0,,,,,,,,
g2_rain_fade,RAIN_FADE,24,,400,2,248,ok,,,1,71.723541,2015,5,10.339,0.103,10.806,10.793542,888,708,419,2015,2,2,1,5,1.7631E+12,1.7631E+12,storm,0.15,15,0,1,2,0.5,0,0,,,,,,,,
g2_rain_fade,RAIN_FADE,24,,400,2,249,ok,,,1,89.960125,2014,5,15.65,0.166,13.431,13.406875,888,708,418,2014,2,2,1,5,1.7631E+12,1.7631E+12,storm,0.15,15,0,5,5,1,0,0,,,,,,,,
g2_rain_fade,RAIN_FADE,24,,400,2,250,ok,,,1,74.548625,2012,5,10.75,0.141,10.565,10.543791,887,707,418,2012,2,2,1,5,1.7631E+12,1.7631E+12,storm,0.15,15,0,2,2,1,0,0,,,,,,,,
g2_rain_fade,RAIN_FADE,24,,400,2,251,ok,,,1,79.439208,2014,5,12.479,0.187,11.425,11.412875,887,708,419,2014,2,2,1,5,1.7631E+12,1.7631E+12,storm,0.15,15,0,7,7,1,0,0,,,,,,,,
g2_rain_fade,RAIN_FADE,24,,400,2,252,ok,,,1,77.645708,2010,5,12.877,0.101,10.65,10.617834,886,707,417,2010,2,2,1,5,1.7631E+12,1.7631E+12,storm,0.15,15,0,0,2,0,0,0,,,,,,,,
g2_rain_fade,RAIN_FADE,24,,400,2,253,timeout,wait_m6,0,3,506.232583,357,1,3.926,0,0,0,357,0,0,357,1,0,0,1,1.7631E+12,,storm,0.15,15,0,2,9,0.222222222,1,4,,,,,,,,
g2_rain_fade,RAIN_FADE,24,,400,2,254,ok,,,1,79.419792,2011,5,10.403,0.145,10.657,10.629,886,708,417,2011,2,2,1,5,1.7631E+12,1.7631E+12,storm,0.15,15,0,2,2,1,0,0,,,,,,,,
g2_rain_fade,RAIN_FADE,24,,400,2,255,ok,,,1,75.995209,2015,5,11.07,0.093,10.547,10.527083,888,708,419,2015,2,2,1,5,1.7631E+12,1.7631E+12,storm,0.15,15,0,0,2,0,0,0,,,,,,,,
g2_rain_fade,RAIN_FADE,24,,400,2,256,ok,,,3,80.843709,2010,5,13.247,0.173,12.021,12.020167,886,707,417,2010,2,2,1,5,1.7631E+12,1.7631E+12,storm,0.15,15,0,8,8,1,0,0,,,,,,,,
g2_rain_fade,RAIN_FADE,24,,400,2,257,ok,,,1,73.541625,2012,5,11.721,0.133,10.462,10.441625,887,707,418,2012,2,2,1,5,1.7631E+12,1.7631E+12,storm,0.15,15,0,0,2,0,0,0,,,,,,,,
g2_rain_fade,RAIN_FADE,24,,400,2,258,ok,,,1,66.631084,2017,5,12.043,0.138,10.722,10.68625,889,709,419,2017,2,2,1,5,1.7631E+12,1.7631E+12,storm,0.15,15,0,2,2,1,0,0,,,,,,,,
g2_rain_fade,RAIN_FADE,24,,400,2,259,ok,,,1,74.9725,2012,5,10.83,0.161,11.357,11.326542,887,707,418,2012,2,2,1,5,1.7631E+12,1.7631E+12,storm,0.15,15,0,4,4,1,0,0,,,,,,,,
g2_rain_fade,RAIN_FADE,24,,400,2,260,ok,,,2,69.214209,2013,5,10.46,0.126,11.75,12.303041,887,708,418,2013,2,2,1,5,1.7631E+12,1.7631E+12,storm,0.15,15,0,4,4,1,0,0,,,,,,,,
g2_rain_fade,RAIN_FADE,24,,400,2,261,ok,,,2,77.96991699,2017,5,13.992,0.215,12.537,12.526208,889,709,419,2017,2,2,1,5,1.7631E+12,1.7631E+12,storm,0.15,15,0,7,7,1,0,0,,,,,,,,
g2_rain_fade,RAIN_FADE,24,,400,2,262,ok,,,2,70.967708,2012,5,10.655,0.127,11.694,11.672917,887,707,418,2012,2,2,1,5,1.7631E+12,1.7631E+12,storm,0.15,15,0,4,4,1,0,0,,,,,,,,
g2_rain_fade,RAIN_FADE,24,,400,2,263,timeout,wait_m6,0,3,504.265209,356,1,3.707,0,0,0,356,0,0,356,1,0,0,1,1.7631E+12,,storm,0.15,15,0,11,11,1,1,4,,,,,,,,
g2_rain_fade,RAIN_FADE,24,,400,2,264,timeout,wait_m6,0,3,518.072958,357,1,8.959,0,0,0,357,0,0,357,1,0,0,1,1.7631E+12,,storm,0.15,15,0,13,13,1,0,0,,,,,,,,
g2_rain_fade,RAIN_FADE,24,,400,2,265,timeout,wait_m4,0,3,405.574833,97,1,5.326,0,0,0,97,0,0,97,1,0,0,1,,,storm,0.15,15,0,7,7,1,1,4,,,,,,,,
g2_rain_fade,RAIN_FADE,24,,400,2,266,ok,,,1,71.850417,2014,5,10.419,0.135,10.613,10.59425,888,708,418,2014,2,2,1,5,1.7631E+12,1.7631E+12,storm,0.15,15,0,2,2,1,0,0,,,,,,,,
g2_rain_fade,RAIN_FADE,24,,400,2,267,timeout,wait_m6,0,3,507.171876,357,1,6.232,0,0,0,357,0,0,357,1,0,0,1,1.7631E+12,,storm,0.15,15,0,7,9,0.777777778,0,0,,,,,,,,
g2_rain_fade,RAIN_FADE,24,,400,2,268,ok,,,2,78.809375,2014,5,10.675,0.611,10.622,10.584667,886,709,419,2014,2,2,1,5,1.7631E+12,1.7631E+12,storm,0.15,15,0,0,4,0,0,0,,,,,,,,
g2_rain_fade,RAIN_FADE,24,,400,2,269,ok,,,1,73.361583,2017,5,13.323,0.172,10.605,10.595375,889,709,419,2017,2,2,1,5,1.7631E+12,1.7631E+12,storm,0.15,15,0,1,2,0.5,0,0,,,,,,,,
g2_rain_fade,RAIN_FADE,24,,400,2,270,ok,,,1,68.715958,2013,5,11.595,0.106,10.694,10.659875,886,709,418,2013,2,2,1,5,1.7631E+12,1.7631E+12,storm,0.15,15,0,2,2,1,0,0,,,,,,,,
g2_rain_fade,RAIN_FADE,24,,400,2,271,ok,,,1,74.013875,2015,5,10.611,0.148,10.976,10.972875,888,708,419,2015,2,2,1,5,1.7631E+12,1.7631E+12,storm,0.15,15,0,2,2,1,0,0,,,,,,,,
g2_rain_fade,RAIN_FADE,24,,400,2,272,ok,,,1,80.028542,2015,5,11.794,0.161,12.645,12.641375,888,708,419,2015,2,2,1,5,1.7631E+12,1.7631E+12,storm,0.15,15,0,4,4,1,0,0,,,,,,,,
g2_rain_fade,RAIN_FADE,24,,400,2,273,ok,,,1,73.688042,2017,5,10.907,0.128,10.728,10.711833,889,709,419,2017,2,2,1,5,1.7631E+12,1.7631E+12,storm,0.15,15,0,0,2,0,0,0,,,,,,,,
g2_rain_fade,RAIN_FADE,24,,400,2,274,ok,,,1,68.159417,2014,5,11.625,0.157,10.919,10.893167,887,708,419,2014,2,2,1,5,1.7631E+12,1.7631E+12,storm,0.15,15,0,5,7,0.714285714,0,0,,,,,,,,
g2_rain_fade,RAIN_FADE,24,,400,2,275,timeout,wait_m4,0,3,416.451042,97,1,6.027,0,0,0,97,0,0,97,1,0,0,1,,,storm,0.15,15,0,6,6,1,1,4,,,,,,,,
g2_rain_fade,RAIN_FADE,24,,400,2,276,timeout,wait_m6,0,3,506.251376,356,1,5.302,0,0,0,356,0,0,356,1,0,0,1,1.7631E+12,,storm,0.15,15,0,1,9,0.111111111,1,4,,,,,,,,
g2_rain_fade,RAIN_FADE,24,,400,2,277,ok,,,1,91.079208,2014,5,15.831,0.179,12.264,12.223292,887,708,419,2014,2,2,1,5,1.7631E+12,1.7631E+12,storm,0.15,15,0,7,7,1,0,0,,,,,,,,
g2_rain_fade,RAIN_FADE,24,,400,2,278,ok,,,1,72.154458,2017,5,10.676,0.128,11.849,11.828917,889,709,419,2017,2,2,1,5,1.7631E+12,1.7631E+12,storm,0.15,15,0,0,2,0,0,0,,,,,,,,
g2_rain_fade,RAIN_FADE,24,,400,2,279,timeout,wait_m6,0,3,507.373708,357,1,5.853,0,0,0,357,0,0,357,1,0,0,1,1.7631E+12,,storm,0.15,15,0,9,9,1,0,0,,,,,,,,
g2_rain_fade,RAIN_FADE,24,,400,2,280,ok,,,1,75.057833,2012,5,10.763,0.148,11.403,11.374584,887,707,418,2012,2,2,1,5,1.7631E+12,1.7631E+12,storm,0.15,15,0,0,2,0,0,0,,,,,,,,
g2_rain_fade,RAIN_FADE,24,,400,2,281,ok,,,1,74.317709,2012,5,11.32,0.14,10.622,10.600375,887,707,418,2012,2,2,1,5,1.7631E+12,1.7631E+12,storm,0.15,15,0,0,2,0,0,0,,,,,,,,
g2_rain_fade,RAIN_FADE,24,,400,2,282,ok,,,1,73.1685,2015,5,10.384,0.106,11.282,11.362208,887,709,419,2015,2,2,1,5,1.7631E+12,1.7631E+12,storm,0.15,15,0,2,2,1,0,0,,,,,,,,
g2_rain_fade,RAIN_FADE,24,,400,2,283,ok,,,2,76.723459,2011,5,14.001,0.319,11.757,11.963041,886,707,418,2011,2,2,1,5,1.7631E+12,1.7631E+12,storm,0.15,15,0,9,9,1,0,0,,,,,,,,
g2_rain_fade,RAIN_FADE,24,,400,2,284,ok,,,1,68.850916,2014,5,11.61,0.119,10.748,10.740292,888,708,418,2014,2,2,1,5,1.7631E+12,1.7631E+12,storm,0.15,15,0,0,2,0,0,0,,,,,,,,
g2_rain_fade,RAIN_FADE,24,,400,2,285,ok,,,1,80.429833,2013,5,11.614,0.09,10.474,10.445,887,708,418,2013,2,2,1,5,1.7631E+12,1.7631E+12,storm,0.15,15,0,0,2,0,0,0,,,,,,,,
g2_rain_fade,RAIN_FADE,24,,400,2,286,ok,,,1,72.747667,2012,5,10.604,0.116,10.928,10.961542,887,707,418,2012,2,2,1,5,1.7631E+12,1.7631E+12,storm,0.15,15,0,2,2,1,0,0,,,,,,,,
g2_rain_fade,RAIN_FADE,24,,400,2,287,timeout,wait_m6,0,3,507.934709,357,1,4.01,0,0,0,357,0,0,357,1,0,0,1,1.7631E+12,,storm,0.15,15,0,11,11,1,0,0,,,,,,,,
g2_rain_fade,RAIN_FADE,24,,400,2,288,ok,,,1,95.999709,2015,5,13.088,0.155,16.642,16.614333,888,709,418,2015,2,2,1,5,1.7631E+12,1.7631E+12,storm,0.15,15,0,5,5,1,0,0,,,,,,,,
g2_rain_fade,RAIN_FADE,24,,400,2,289,ok,,,1,77.60925,2013,5,11.961,0.109,10.568,10.540125,887,708,418,2013,2,2,1,5,1.7631E+12,1.7631E+12,storm,0.15,15,0,2,2,1,0,0,,,,,,,,
g2_rain_fade,RAIN_FADE,24,,400,2,290,timeout,wait_m4,0,3,404.759,97,1,3.901,0,0,0,97,0,0,97,1,0,0,1,,,storm,0.15,15,0,7,7,1,0,0,,,,,,,,
g2_rain_fade,RAIN_FADE,24,,400,2,291,ok,,,1,77.303916,2011,5,14.045,0.196,11.098,11.057958,886,707,418,2011,2,2,1,5,1.7631E+12,1.7631E+12,storm,0.15,15,0,5,7,0.714285714,0,0,,,,,,,,
g2_rain_fade,RAIN_FADE,24,,400,2,292,ok,,,2,78.952375,2014,5,13.704,0.149,11.32,11.322042,887,708,419,2014,2,2,1,5,1.7631E+12,1.7631E+12,storm,0.15,15,0,7,9,0.777777778,0,0,,,,,,,,
g2_rain_fade,RAIN_FADE,24,,400,2,293,ok,,,1,88.286958,2010,5,16.342,0.174,15.876,15.90154201,886,707,417,2010,2,2,1,5,1.7631E+12,1.7631E+12,storm,0.15,15,0,3,5,0.6,0,0,,,,,,,,
g2_rain_fade,RAIN_FADE,24,,400,2,294,ok,,,2,72.71775101,2011,5,13.596,0.173,12.164,13.346125,886,707,418,2011,2,2,1,5,1.7631E+12,1.7631E+12,storm,0.15,15,0,6,6,1,0,0,,,,,,,,
g2_rain_fade,RAIN_FADE,24,,400,2,295,ok,,,1,74.013458,2017,5,11.584,0.096,10.535,10.502334,889,709,419,2017,2,2,1,5,1.7631E+12,1.7631E+12,storm,0.15,15,0,2,2,1,0,0,,,,,,,,
g2_rain_fade,RAIN_FADE,24,,400,2,296,timeout,wait_m6,0,3,510.1505,357,1,4.922,0,0,0,357,0,0,357,1,0,0,1,1.7631E+12,,storm,0.15,15,0,11,11,1,0,0,,,,,,,,
g2_rain_fade,RAIN_FADE,24,,400,2,297,ok,,,1,78.921875,2016,5,12.972,0.256,13.313,13.327042,888,709,419,2016,2,2,1,5,1.7631E+12,1.7631E+12,storm,0.15,15,0,5,5,1,0,0,,,,,,,,
g2_rain_fade,RAIN_FADE,24,,400,2,298,ok,,,1,78.68175099,2008,5,13.174,0.196,12.939,12.911958,885,706,417,2008,2,2,1,5,1.7631E+12,1.7631E+12,storm,0.15,15,0,5,5,1,0,0,,,,,,,,
g2_rain_fade,RAIN_FADE,24,,400,2,299,timeout,wait_m6,0,3,515.252209,357,1,11.665,0,0,0,357,0,0,357,1,0,0,1,1.7631E+12,,storm,0.15,15,0,9,9,1,0,0,,,,,,,,
g2_rain_fade,RAIN_FADE,24,,400,2,300,ok,,,1,74.789666,2012,5,12.787,0.116,11.3,11.303958,887,707,418,2012,2,2,1,5,1.7631E+12,1.7631E+12,storm,0.15,15,0,2,2,1,0,0,,,,,,,,
