scenario,mode,rtt_ms,loss_pct,timeout_ms,pto,run,status,failed_stage,errno,attempts,latency_ms,bytes_online,msgs_online,cpu_ms_ue,cpu_ms_lj,cpu_ms_ln,processing_ms_ln,bytes_ue,bytes_lj,bytes_ln,bytes_total,msgs_ue,msgs_lj,msgs_ln,msgs_total,ts5,ts6,rain_profile,bw_factor,down_rate_mbps,up_rate_mbps,bad_ticks,total_ticks,bad_ratio,blackout_events,blackout_ticks,window_profile,window_duration_ms,uplink_delay_ms,down_ready_ms,guard_close_ms,scheduled_blackouts
g1_online_only,LEO_ONLY,12,0,200,2,1,ok,,0,1,71.71829201,1996,5,10.343,0.125,11.035,10.923208,872,708,416,1996,2,2,1,5,1.76309E+12,1.76309E+12,,,,,,,,,,,,,,,
g1_online_only,LEO_ONLY,12,0,200,2,2,ok,,0,1,52.723917,2013,5,9.867,0.077,9.723,9.704832999,887,709,417,2013,2,2,1,5,1.76309E+12,1.76309E+12,,,,,,,,,,,,,,,
g1_online_only,LEO_ONLY,12,0,200,2,3,ok,,0,1,54.947875,2010,5,10.567,0.149,11.665,11.638125,886,707,417,2010,2,2,1,5,1.76309E+12,1.76309E+12,,,,,,,,,,,,,,,
g1_online_only,LEO_ONLY,12,0,200,2,4,ok,,0,1,50.763542,2009,5,9.877,0.071,10.214,10.19375,886,706,417,2009,2,2,1,5,1.76309E+12,1.76309E+12,,,54.82766082,76.63988064,2012.41,2013.592222,,,,,,,,,
g1_online_only,LEO_ONLY,12,0,200,2,5,ok,,0,1,49.240166,2010,5,9.895,0.062,9.882,9.859207996,886,708,416,2010,2,2,1,5,1.76309E+12,1.76309E+12,,,176.8139596,102.4129004,2050.866344,8.520383951,,,,,,,,,
g1_online_only,LEO_ONLY,12,0,200,2,6,ok,,0,1,58.830417,2015,5,10.133,0.068,10.009,9.988833001,888,709,418,2015,2,2,1,5,1.76309E+12,1.76309E+12,,,1800,1800,1800,1800,,,,,,,,,
g1_online_only,LEO_ONLY,12,0,200,2,7,ok,,0,1,55.168,2011,5,10.023,0.061,9.924,9.904042003,886,708,417,2011,2,2,1,5,1.76309E+12,1.76309E+12,,,,,,,,,,,,,,,
g1_online_only,LEO_ONLY,12,0,200,2,8,ok,,0,1,52.781375,2008,5,10.074,0.065,9.982,9.972708998,885,707,416,2008,2,2,1,5,1.76309E+12,1.76309E+12,,,"(12,0.0,200)","(12,0.0,400)","(12,0.0,600)","(12,0.1,200)","(12,0.1,400)","(12,0.1,600)","(24,0.0,200)","(24,0.0,400)","(24,0.0,600)","(24,0.1,200)","(24,0.1,400)","(24,0.1,600)",
g1_online_only,LEO_ONLY,12,0,200,2,9,ok,,0,1,52.135416,2015,5,9.704,0.071,10.375,10.354333,888,708,419,2015,2,2,1,5,1.76309E+12,1.76309E+12,,,1,1,0.990066225,1,1,0.996677741,1,0.996677741,1,0.996677741,1,1,
g1_online_only,LEO_ONLY,12,0,200,2,10,ok,,0,1,50.365958,2008,5,10.148,0.077,9.715,9.677667003,885,708,415,2008,2,2,1,5,1.76309E+12,1.76309E+12,,,,,,,,,,,,,,,
g1_online_only,LEO_ONLY,12,0,200,2,11,ok,,0,1,51.574666,2014,5,9.713,0.065,10.848,10.818708,888,708,418,2014,2,2,1,5,1.76309E+12,1.76309E+12,,,,,,,,,,,,,,,
g1_online_only,LEO_ONLY,12,0,200,2,12,ok,,0,1,50.163792,2010,5,9.868,0.08,10.138,10.087625,886,707,417,2010,2,2,1,5,1.76309E+12,1.76309E+12,,,10.88492528,0.088570556,11.01396111,,,,,,,,,,
g1_online_only,LEO_ONLY,12,0,200,2,13,ok,,0,1,55.364583,2014,5,10.073,0.062,10.026,10.008667,888,708,418,2014,2,2,1,5,1.76309E+12,1.76309E+12,,,15.22542242,0.005520499,17.78546715,,,,,,,,,,
g1_online_only,LEO_ONLY,12,0,200,2,14,ok,,0,1,54.247208,2015,5,10.071,0.074,10.12,10.097833,888,708,419,2015,2,2,1,5,1.76309E+12,1.76309E+12,,,3600,3600,3600,,,,,,,,,,
g1_online_only,LEO_ONLY,12,0,200,2,15,ok,,0,1,52.414666,2013,5,9.921,0.063,10.211,10.186958,887,708,418,2013,2,2,1,5,1.76309E+12,1.76309E+12,,,,,,,,,,,,,,,
g1_online_only,LEO_ONLY,12,0,200,2,16,ok,,0,1,51.083166,2017,5,10.73,0.202,10.8,10.791708,889,709,419,2017,2,2,1,5,1.76309E+12,1.76309E+12,,,,,,,,,,,,,,,
g1_online_only,LEO_ONLY,12,0,200,2,17,ok,,0,1,50.057334,2015,5,9.855,0.066,10.216,10.193,888,709,418,2015,2,2,1,5,1.76309E+12,1.76309E+12,,,,,,,,,,,,,,,
g1_online_only,LEO_ONLY,12,0,200,2,18,ok,,0,1,56.460041,2017,5,10.129,0.068,10.354,10.331958,889,709,419,2017,2,2,1,5,1.76309E+12,1.76309E+12,,,,,,,,,,,,,,,
g1_online_only,LEO_ONLY,12,0,200,2,19,ok,,0,1,53.224625,2011,5,9.866,0.059,10.22,10.195334,887,707,417,2011,2,2,1,5,1.76309E+12,1.76309E+12,,,,,,,,,,,,,,,
g1_online_only,LEO_ONLY,12,0,200,2,20,ok,,0,1,54.845,2011,5,9.943,0.066,9.906,9.884958999,886,708,417,2011,2,2,1,5,1.76309E+12,1.76309E+12,,,,,,,,,,,,,,,
g1_online_only,LEO_ONLY,12,0,200,2,21,ok,,0,1,58.362292,2013,5,9.999,0.063,9.977,9.952875,887,709,417,2013,2,2,1,5,1.76309E+12,1.76309E+12,,,,,,,,,,,,,,,
g1_online_only,LEO_ONLY,12,0,200,2,22,ok,,0,1,53.280125,2009,5,10.1,0.066,10.223,10.19937501,885,707,417,2009,2,2,1,5,1.76309E+12,1.76309E+12,,,,,,,,,,,,,,,
g1_online_only,LEO_ONLY,12,0,200,2,23,ok,,0,1,53.367666,2015,5,9.859,0.062,10.224,10.199334,888,709,418,2015,2,2,1,5,1.76309E+12,1.76309E+12,,,,,,,,,,,,,,,
g1_online_only,LEO_ONLY,12,0,200,2,24,ok,,0,1,56.074625,2015,5,10.101,0.066,10.074,10.05125,888,708,419,2015,2,2,1,5,1.76309E+12,1.76309E+12,,,,,,,,,,,,,,,
g1_online_only,LEO_ONLY,12,0,200,2,25,ok,,0,1,50.67729201,2013,5,9.991,0.058,10.136,10.121917,887,708,418,2013,2,2,1,5,1.76309E+12,1.76309E+12,,,,,,,,,,,,,,,
g1_online_only,LEO_ONLY,12,0,200,2,26,ok,,0,1,54.559292,2006,5,9.991,0.069,9.927,9.904334001,884,706,416,2006,2,2,1,5,1.76309E+12,1.76309E+12,,,,,,,,,,,,,,,
g1_online_only,LEO_ONLY,12,0,200,2,27,ok,,0,1,52.426125,2015,5,9.838,0.059,10.105,10.083958,889,708,418,2015,2,2,1,5,1.76309E+12,1.76309E+12,,,,,,,,,,,,,,,
g1_online_only,LEO_ONLY,12,0,200,2,28,ok,,0,1,52.21562499,2012,5,9.962,0.082,10.255,10.24308401,887,707,418,2012,2,2,1,5,1.76309E+12,1.76309E+12,,,,,,,,,,,,,,,
g1_online_only,LEO_ONLY,12,0,200,2,29,ok,,0,1,53.155667,2012,5,10.015,0.086,10.474,10.396458,887,708,417,2012,2,2,1,5,1.76309E+12,1.76309E+12,,,,,,,,,,,,,,,
g1_online_only,LEO_ONLY,12,0,200,2,30,ok,,0,1,53.547459,2017,5,9.907,0.068,10.283,10.261875,889,709,419,2017,2,2,1,5,1.76309E+12,1.76309E+12,,,,,,,,,,,,,,,
g1_online_only,LEO_ONLY,12,0,200,2,31,ok,,0,1,52.965625,2015,5,9.928,0.069,10.254,10.238209,888,708,419,2015,2,2,1,5,1.76309E+12,1.76309E+12,,,,,,,,,,,,,,,
g1_online_only,LEO_ONLY,12,0,200,2,32,ok,,0,1,49.473375,2017,5,9.765,0.073,10.387,10.368584,889,709,419,2017,2,2,1,5,1.76309E+12,1.76309E+12,,,,,,,,,,,,,,,
g1_online_only,LEO_ONLY,12,0,200,2,33,ok,,0,1,50.262583,2012,5,9.5,0.061,10.284,10.264792,887,707,418,2012,2,2,1,5,1.76309E+12,1.76309E+12,,,,,,,,,,,,,,,
g1_online_only,LEO_ONLY,12,0,200,2,34,ok,,0,1,51.117125,2014,5,10.1,0.066,10.248,10.225667,888,708,418,2014,2,2,1,5,1.76309E+12,1.76309E+12,,,,,,,,,,,,,,,
g1_online_only,LEO_ONLY,12,0,200,2,35,ok,,0,1,48.672541,2017,5,9.955,0.076,10.395,10.376666,889,709,419,2017,2,2,1,5,1.76309E+12,1.76309E+12,,,,,,,,,,,,,,,
g1_online_only,LEO_ONLY,12,0,200,2,36,ok,,0,1,57.226167,2014,5,11.033,0.239,12.146,12.137792,888,708,418,2014,2,2,1,5,1.76309E+12,1.76309E+12,,,,,,,,,,,,,,,
g1_online_only,LEO_ONLY,12,0,200,2,37,ok,,0,1,54.086958,2015,5,10.264,0.067,10.598,10.568625,888,708,419,2015,2,2,1,5,1.76309E+12,1.76309E+12,,,,,,,,,,,,,,,
g1_online_only,LEO_ONLY,12,0,200,2,38,ok,,0,1,53.723791,2015,5,9.937,0.07,10.175,10.150791,888,708,419,2015,2,2,1,5,1.76309E+12,1.76309E+12,,,,,,,,,,,,,,,
g1_online_only,LEO_ONLY,12,0,200,2,39,ok,,0,1,54.895458,2012,5,10.059,0.092,10.39,10.332375,887,707,418,2012,2,2,1,5,1.76309E+12,1.76309E+12,,,,,,,,,,,,,,,
g1_online_only,LEO_ONLY,12,0,200,2,40,ok,,0,1,50.630875,2013,5,9.988,0.097,10.402,10.363541,887,708,418,2013,2,2,1,5,1.76309E+12,1.76309E+12,,,,,,,,,,,,,,,
g1_online_only,LEO_ONLY,12,0,200,2,41,ok,,0,1,58.183459,2010,5,10.983,0.244,12.776,12.75437501,885,708,417,2010,2,2,1,5,1.76309E+12,1.76309E+12,,,,,,,,,,,,,,,
g1_online_only,LEO_ONLY,12,0,200,2,42,ok,,0,1,55.519542,2017,5,9.903,0.069,10.286,10.257208,889,709,419,2017,2,2,1,5,1.76309E+12,1.76309E+12,,,,,,,,,,,,,,,
g1_online_only,LEO_ONLY,12,0,200,2,43,ok,,0,1,52.062083,2012,5,9.738,0.074,10.317,10.27875,887,707,418,2012,2,2,1,5,1.76309E+12,1.76309E+12,,,,,,,,,,,,,,,
g1_online_only,LEO_ONLY,12,0,200,2,44,ok,,0,1,53.381167,2013,5,10.622,0.164,11.277,11.305791,887,708,418,2013,2,2,1,5,1.76309E+12,1.76309E+12,,,,,,,,,,,,,,,
g1_online_only,LEO_ONLY,12,0,200,2,45,ok,,0,1,50.56775,2015,5,9.982,0.069,10.313,10.299792,888,708,419,2015,2,2,1,5,1.76309E+12,1.76309E+12,,,,,,,,,,,,,,,
g1_online_only,LEO_ONLY,12,0,200,2,46,ok,,0,1,52.382542,2011,5,9.84,0.056,10.288,10.282417,887,707,417,2011,2,2,1,5,1.76309E+12,1.76309E+12,,,,,,,,,,,,,,,
g1_online_only,LEO_ONLY,12,0,200,2,47,ok,,0,1,50.670167,2012,5,10.62,0.138,11.096,11.092833,887,707,418,2012,2,2,1,5,1.76309E+12,1.76309E+12,,,,,,,,,,,,,,,
g1_online_only,LEO_ONLY,12,0,200,2,48,ok,,0,1,52.703792,2010,5,10.117,0.078,10.3,10.279542,886,707,417,2010,2,2,1,5,1.76309E+12,1.76309E+12,,,,,,,,,,,,,,,
g1_online_only,LEO_ONLY,12,0,200,2,49,ok,,0,1,57.368375,2014,5,10.419,0.144,10.998,10.9495,888,708,418,2014,2,2,1,5,1.76309E+12,1.76309E+12,,,,,,,,,,,,,,,
g1_online_only,LEO_ONLY,12,0,200,2,50,ok,,0,1,55.107792,2014,5,10.445,0.133,10.453,10.432,887,708,419,2014,2,2,1,5,1.76309E+12,1.76309E+12,,,,,,,,,,,,,,,
g1_online_only,LEO_ONLY,12,0,200,2,51,ok,,0,1,56.281292,2014,5,10.644,0.157,10.498,10.48779101,887,708,419,2014,2,2,1,5,1.76309E+12,1.76309E+12,,,,,,,,,,,,,,,
g1_online_only,LEO_ONLY,12,0,200,2,52,ok,,0,1,51.490167,2011,5,9.77,0.067,10.58,10.5585,886,707,418,2011,2,2,1,5,1.76309E+12,1.76309E+12,,,,,,,,,,,,,,,
g1_online_only,LEO_ONLY,12,0,200,2,53,ok,,0,1,55.786625,2014,5,10.061,0.058,10.261,10.22975,888,708,418,2014,2,2,1,5,1.76309E+12,1.76309E+12,,,,,,,,,,,,,,,
g1_online_only,LEO_ONLY,12,0,200,2,54,ok,,0,1,51.823,2010,5,9.956,0.065,10.555,10.524917,886,707,417,2010,2,2,1,5,1.76309E+12,1.76309E+12,,,,,,,,,,,,,,,
g1_online_only,LEO_ONLY,12,0,200,2,55,ok,,0,1,53.941583,2014,5,10.317,0.082,10.5,10.481375,888,708,418,2014,2,2,1,5,1.76309E+12,1.76309E+12,,,,,,,,,,,,,,,
g1_online_only,LEO_ONLY,12,0,200,2,56,ok,,0,1,55.283667,2014,5,10.413,0.157,10.982,10.96408301,888,708,418,2014,2,2,1,5,1.76309E+12,1.76309E+12,,,,,,,,,,,,,,,
g1_online_only,LEO_ONLY,12,0,200,2,57,ok,,0,1,57.460125,2014,5,10.493,0.161,10.743,10.731958,888,708,418,2014,2,2,1,5,1.76309E+12,1.76309E+12,,,,,,,,,,,,,,,
g1_online_only,LEO_ONLY,12,0,200,2,58,ok,,0,1,50.666875,2014,5,9.984,0.065,10.405,10.380167,887,708,419,2014,2,2,1,5,1.76309E+12,1.76309E+12,,,,,,,,,,,,,,,
g1_online_only,LEO_ONLY,12,0,200,2,59,ok,,0,1,53.520292,2012,5,10.14,0.07,10.252,10.232125,887,707,418,2012,2,2,1,5,1.76309E+12,1.76309E+12,,,,,,,,,,,,,,,
g1_online_only,LEO_ONLY,12,0,200,2,60,ok,,0,1,54.404917,2012,5,10.8,0.117,10.716,10.709792,887,708,417,2012,2,2,1,5,1.76309E+12,1.76309E+12,,,,,,,,,,,,,,,
g1_online_only,LEO_ONLY,12,0,200,2,61,ok,,0,1,52.726167,2015,5,10.27,0.072,10.434,10.41525,888,708,419,2015,2,2,1,5,1.76309E+12,1.76309E+12,,,,,,,,,,,,,,,
g1_online_only,LEO_ONLY,12,0,200,2,62,ok,,0,1,51.234083,2015,5,9.97,0.066,10.308,10.28725,888,708,419,2015,2,2,1,5,1.76309E+12,1.76309E+12,,,,,,,,,,,,,,,
g1_online_only,LEO_ONLY,12,0,200,2,63,ok,,0,1,55.50425,2015,5,10.28,0.157,10.892,10.88020801,888,708,419,2015,2,2,1,5,1.76309E+12,1.76309E+12,,,,,,,,,,,,,,,
g1_online_only,LEO_ONLY,12,0,200,2,64,ok,,0,1,54.422042,2011,5,10.086,0.075,10.455,10.435125,886,707,418,2011,2,2,1,5,1.76309E+12,1.76309E+12,,,,,,,,,,,,,,,
g1_online_only,LEO_ONLY,12,0,200,2,65,ok,,0,1,51.20174999,2011,5,9.823,0.058,10.288,10.2695,887,707,417,2011,2,2,1,5,1.76309E+12,1.76309E+12,,,,,,,,,,,,,,,
g1_online_only,LEO_ONLY,12,0,200,2,66,ok,,0,1,56.47129101,2015,5,10.16,0.066,10.277,10.263917,888,709,418,2015,2,2,1,5,1.76309E+12,1.76309E+12,,,,,,,,,,,,,,,
g1_online_only,LEO_ONLY,12,0,200,2,67,ok,,0,1,52.34275,2015,5,9.892,0.057,10.265,10.247,887,709,419,2015,2,2,1,5,1.76309E+12,1.76309E+12,,,,,,,,,,,,,,,
g1_online_only,LEO_ONLY,12,0,200,2,68,ok,,0,1,55.454708,2015,5,10.922,0.185,12.072,12.032209,888,708,419,2015,2,2,1,5,1.76309E+12,1.76309E+12,,,,,,,,,,,,,,,
g1_online_only,LEO_ONLY,12,0,200,2,69,ok,,0,1,47.23025001,2015,5,9.906,0.065,10.488,10.46425,888,708,419,2015,2,2,1,5,1.76309E+12,1.76309E+12,,,,,,,,,,,,,,,
g1_online_only,LEO_ONLY,12,0,200,2,70,ok,,0,1,53.06075,2017,5,10.584,0.063,10.483,10.460292,889,709,419,2017,2,2,1,5,1.76309E+12,1.76309E+12,,,,,,,,,,,,,,,
g1_online_only,LEO_ONLY,12,0,200,2,71,ok,,0,1,51.616667,2015,5,10.74,0.128,11.486,11.49275,888,709,418,2015,2,2,1,5,1.76309E+12,1.76309E+12,,,,,,,,,,,,,,,
g1_online_only,LEO_ONLY,12,0,200,2,72,ok,,0,1,49.925208,2012,5,10.623,0.119,10.354,10.31875,887,707,418,2012,2,2,1,5,1.76309E+12,1.76309E+12,,,,,,,,,,,,,,,
g1_online_only,LEO_ONLY,12,0,200,2,73,ok,,0,1,55.524041,2015,5,10.225,0.095,10.826,10.8015,888,708,419,2015,2,2,1,5,1.76309E+12,1.76309E+12,,,,,,,,,,,,,,,
g1_online_only,LEO_ONLY,12,0,200,2,74,ok,,0,1,55.976459,2016,5,10.306,0.086,10.558,10.501667,888,709,419,2016,2,2,1,5,1.76309E+12,1.76309E+12,,,,,,,,,,,,,,,
g1_online_only,LEO_ONLY,12,0,200,2,75,ok,,0,1,56.576458,2012,5,10.106,0.07,10.514,10.482375,887,708,417,2012,2,2,1,5,1.76309E+12,1.76309E+12,,,,,,,,,,,,,,,
g1_online_only,LEO_ONLY,12,0,200,2,76,ok,,0,1,50.282667,2015,5,10.009,0.068,10.369,10.370416,888,708,419,2015,2,2,1,5,1.76309E+12,1.76309E+12,,,,,,,,,,,,,,,
g1_online_only,LEO_ONLY,12,0,200,2,77,ok,,0,1,53.933208,2012,5,9.876,0.063,10.419,10.400084,887,707,418,2012,2,2,1,5,1.76309E+12,1.76309E+12,,,,,,,,,,,,,,,
g1_online_only,LEO_ONLY,12,0,200,2,78,ok,,0,1,55.177834,2017,5,10.033,0.069,10.335,10.313708,889,709,419,2017,2,2,1,5,1.76309E+12,1.76309E+12,,,,,,,,,,,,,,,
g1_online_only,LEO_ONLY,12,0,200,2,79,ok,,0,1,51.256041,2015,5,10.471,0.093,10.624,10.59825,888,709,418,2015,2,2,1,5,1.76309E+12,1.76309E+12,,,,,,,,,,,,,,,
g1_online_only,LEO_ONLY,12,0,200,2,80,ok,,0,1,58.934208,2011,5,10.464,0.139,13.389,13.400875,886,708,417,2011,2,2,1,5,1.76309E+12,1.76309E+12,,,,,,,,,,,,,,,
g1_online_only,LEO_ONLY,12,0,200,2,81,ok,,0,1,53.027583,2016,5,10.55,0.091,10.66,10.641542,888,709,419,2016,2,2,1,5,1.76309E+12,1.76309E+12,,,,,,,,,,,,,,,
g1_online_only,LEO_ONLY,12,0,200,2,82,ok,,0,1,56.709,2017,5,11.53,0.173,11.252,11.263959,889,709,419,2017,2,2,1,5,1.76309E+12,1.76309E+12,,,,,,,,,,,,,,,
g1_online_only,LEO_ONLY,12,0,200,2,83,ok,,0,1,57.604041,2014,5,10.341,0.081,10.571,10.549834,888,708,418,2014,2,2,1,5,1.76309E+12,1.76309E+12,,,,,,,,,,,,,,,
g1_online_only,LEO_ONLY,12,0,200,2,84,ok,,0,1,59.639583,2015,5,12.318,0.142,11.232,11.240209,888,708,419,2015,2,2,1,5,1.76309E+12,1.76309E+12,,,,,,,,,,,,,,,
g1_online_only,LEO_ONLY,12,0,200,2,85,ok,,0,1,53.23575001,2009,5,10.022,0.072,10.344,10.320792,886,706,417,2009,2,2,1,5,1.76309E+12,1.76309E+12,,,,,,,,,,,,,,,
g1_online_only,LEO_ONLY,12,0,200,2,86,ok,,0,1,54.007875,2017,5,10.974,0.098,10.925,10.919875,889,709,419,2017,2,2,1,5,1.76309E+12,1.76309E+12,,,,,,,,,,,,,,,
g1_online_only,LEO_ONLY,12,0,200,2,87,ok,,0,1,48.725,2012,5,9.999,0.07,10.511,10.489625,887,707,418,2012,2,2,1,5,1.76309E+12,1.76309E+12,,,,,,,,,,,,,,,
g1_online_only,LEO_ONLY,12,0,200,2,88,ok,,0,1,54.489042,2012,5,9.941,0.084,10.216,10.197459,887,707,418,2012,2,2,1,5,1.76309E+12,1.76309E+12,,,,,,,,,,,,,,,
g1_online_only,LEO_ONLY,12,0,200,2,89,ok,,0,1,53.030667,2013,5,10.143,0.065,10.424,10.399916,887,708,418,2013,2,2,1,5,1.76309E+12,1.76309E+12,,,,,,,,,,,,,,,
g1_online_only,LEO_ONLY,12,0,200,2,90,ok,,0,1,52.714958,2011,5,10.227,0.075,10.548,10.521292,886,707,418,2011,2,2,1,5,1.76309E+12,1.76309E+12,,,,,,,,,,,,,,,
g1_online_only,LEO_ONLY,12,0,200,2,91,ok,,0,1,57.582875,2017,5,9.974,0.072,10.247,10.221625,889,709,419,2017,2,2,1,5,1.76309E+12,1.76309E+12,,,,,,,,,,,,,,,
g1_online_only,LEO_ONLY,12,0,200,2,92,ok,,0,1,53.395166,2012,5,9.962,0.088,10.169,10.111041,887,707,418,2012,2,2,1,5,1.76309E+12,1.76309E+12,,,,,,,,,,,,,,,
g1_online_only,LEO_ONLY,12,0,200,2,93,ok,,0,1,49.64812499,2015,5,10.134,0.065,10.359,10.33475,888,708,419,2015,2,2,1,5,1.76309E+12,1.76309E+12,,,,,,,,,,,,,,,
g1_online_only,LEO_ONLY,12,0,200,2,94,ok,,0,1,47.055792,2013,5,9.991,0.062,10.188,10.167167,888,708,417,2013,2,2,1,5,1.76309E+12,1.76309E+12,,,,,,,,,,,,,,,
g1_online_only,LEO_ONLY,12,0,200,2,95,ok,,0,1,52.903209,2013,5,9.952,0.066,10.304,10.283291,887,708,418,2013,2,2,1,5,1.76309E+12,1.76309E+12,,,,,,,,,,,,,,,
g1_online_only,LEO_ONLY,12,0,200,2,96,ok,,0,1,49.580375,2017,5,9.894,0.065,10.327,10.296291,889,709,419,2017,2,2,1,5,1.76309E+12,1.76309E+12,,,,,,,,,,,,,,,
g1_online_only,LEO_ONLY,12,0,200,2,97,ok,,0,1,55.796167,2014,5,10.019,0.062,10.299,10.277625,888,708,418,2014,2,2,1,5,1.76309E+12,1.76309E+12,,,,,,,,,,,,,,,
g1_online_only,LEO_ONLY,12,0,200,2,98,ok,,0,1,56.788375,2017,5,9.982,0.064,10.291,10.271708,889,709,419,2017,2,2,1,5,1.76309E+12,1.76309E+12,,,,,,,,,,,,,,,
g1_online_only,LEO_ONLY,12,0,200,2,99,ok,,0,1,56.664834,2013,5,9.957,0.065,10.416,10.3955,887,708,418,2013,2,2,1,5,1.76309E+12,1.76309E+12,,,,,,,,,,,,,,,
g1_online_only,LEO_ONLY,12,0,200,2,100,ok,,0,1,55.732083,2016,5,11.315,0.102,10.525,10.513667,888,709,419,2016,2,2,1,5,1.76309E+12,1.76309E+12,,,,,,,,,,,,,,,
g1_online_only,LEO_ONLY,12,0,200,2,101,ok,,0,1,48.5905,2011,5,9.827,0.066,10.414,10.39420799,886,707,418,2011,2,2,1,5,1.76309E+12,1.76309E+12,,,,,,,,,,,,,,,
g1_online_only,LEO_ONLY,12,0,200,2,102,ok,,0,1,49.69270799,2012,5,10,0.095,10.552,10.49725,887,708,417,2012,2,2,1,5,1.76309E+12,1.76309E+12,,,,,,,,,,,,,,,
g1_online_only,LEO_ONLY,12,0,200,2,103,ok,,0,1,52.169583,2015,5,9.995,0.069,10.363,10.340667,888,709,418,2015,2,2,1,5,1.76309E+12,1.76309E+12,,,,,,,,,,,,,,,
g1_online_only,LEO_ONLY,12,0,200,2,104,ok,,0,1,54.06041601,2014,5,10.059,0.062,10.406,10.388166,888,708,418,2014,2,2,1,5,1.76309E+12,1.76309E+12,,,,,,,,,,,,,,,
g1_online_only,LEO_ONLY,12,0,200,2,105,ok,,0,1,51.325709,2015,5,9.814,0.062,10.361,10.342625,888,708,419,2015,2,2,1,5,1.76309E+12,1.76309E+12,,,,,,,,,,,,,,,
g1_online_only,LEO_ONLY,12,0,200,2,106,ok,,0,1,56.44925,2011,5,10.21,0.058,10.258,10.234416,887,707,417,2011,2,2,1,5,1.76309E+12,1.76309E+12,,,,,,,,,,,,,,,
g1_online_only,LEO_ONLY,12,0,200,2,107,ok,,0,1,52.93991599,2011,5,9.756,0.059,10.29,10.271541,887,707,417,2011,2,2,1,5,1.76309E+12,1.76309E+12,,,,,,,,,,,,,,,
g1_online_only,LEO_ONLY,12,0,200,2,108,ok,,0,1,52.347834,2012,5,9.969,0.065,10.358,10.322333,887,707,418,2012,2,2,1,5,1.76309E+12,1.76309E+12,,,,,,,,,,,,,,,
g1_online_only,LEO_ONLY,12,0,200,2,109,ok,,0,1,50.980167,2011,5,10.384,0.095,10.547,10.536125,886,707,418,2011,2,2,1,5,1.76309E+12,1.76309E+12,,,,,,,,,,,,,,,
g1_online_only,LEO_ONLY,12,0,200,2,110,ok,,0,1,51.617042,2015,5,9.871,0.06,10.253,10.231541,888,708,419,2015,2,2,1,5,1.76309E+12,1.76309E+12,,,,,,,,,,,,,,,
g1_online_only,LEO_ONLY,12,0,200,2,111,ok,,0,1,53.556417,2017,5,10.056,0.065,10.285,10.266833,889,709,419,2017,2,2,1,5,1.76309E+12,1.76309E+12,,,,,,,,,,,,,,,
g1_online_only,LEO_ONLY,12,0,200,2,112,ok,,0,1,51.914042,2012,5,9.721,0.066,10.357,10.333625,887,707,418,2012,2,2,1,5,1.76309E+12,1.76309E+12,,,,,,,,,,,,,,,
g1_online_only,LEO_ONLY,12,0,200,2,113,ok,,0,1,50.214542,2016,5,10.098,0.066,10.367,10.345916,888,709,419,2016,2,2,1,5,1.76309E+12,1.76309E+12,,,,,,,,,,,,,,,
g1_online_only,LEO_ONLY,12,0,200,2,114,ok,,0,1,55.314292,2008,5,10.045,0.068,10.421,10.400792,884,707,417,2008,2,2,1,5,1.76309E+12,1.76309E+12,,,,,,,,,,,,,,,
g1_online_only,LEO_ONLY,12,0,200,2,115,ok,,0,1,50.7245,2015,5,9.7,0.063,10.411,10.39075,888,708,419,2015,2,2,1,5,1.76309E+12,1.76309E+12,,,,,,,,,,,,,,,
g1_online_only,LEO_ONLY,12,0,200,2,116,ok,,0,1,51.527666,2010,5,10.01,0.064,10.299,10.27925,886,707,417,2010,2,2,1,5,1.76309E+12,1.76309E+12,,,,,,,,,,,,,,,
g1_online_only,LEO_ONLY,12,0,200,2,117,ok,,0,1,53.451292,2014,5,9.845,0.071,10.302,10.282792,888,708,418,2014,2,2,1,5,1.76309E+12,1.76309E+12,,,,,,,,,,,,,,,
g1_online_only,LEO_ONLY,12,0,200,2,118,ok,,0,1,54.753916,2015,5,10.221,0.063,10.288,10.30275,888,708,419,2015,2,2,1,5,1.76309E+12,1.76309E+12,,,,,,,,,,,,,,,
g1_online_only,LEO_ONLY,12,0,200,2,119,ok,,0,1,52.74945901,2008,5,10.139,0.071,10.095,10.070875,885,707,416,2008,2,2,1,5,1.76309E+12,1.76309E+12,,,,,,,,,,,,,,,
g1_online_only,LEO_ONLY,12,0,200,2,120,ok,,0,1,52.238625,2015,5,9.785,0.064,10.243,10.224292,888,708,419,2015,2,2,1,5,1.76309E+12,1.76309E+12,,,,,,,,,,,,,,,
g1_online_only,LEO_ONLY,12,0,200,2,121,ok,,0,1,57.00387499,2012,5,10.033,0.055,10.233,10.210417,887,707,418,2012,2,2,1,5,1.76309E+12,1.76309E+12,,,,,,,,,,,,,,,
g1_online_only,LEO_ONLY,12,0,200,2,122,ok,,0,1,52.01470901,2015,5,10.125,0.092,10.645,10.631333,888,708,419,2015,2,2,1,5,1.76309E+12,1.76309E+12,,,,,,,,,,,,,,,
g1_online_only,LEO_ONLY,12,0,200,2,123,ok,,0,1,55.099916,2013,5,9.808,0.067,10.411,10.38854101,887,708,418,2013,2,2,1,5,1.76309E+12,1.76309E+12,,,,,,,,,,,,,,,
g1_online_only,LEO_ONLY,12,0,200,2,124,ok,,0,1,56.751958,2009,5,9.9,0.066,10.148,10.128583,885,708,416,2009,2,2,1,5,1.76309E+12,1.76309E+12,,,,,,,,,,,,,,,
g1_online_only,LEO_ONLY,12,0,200,2,125,ok,,0,1,54.515125,2014,5,10.159,0.065,10.288,10.268583,888,708,418,2014,2,2,1,5,1.76309E+12,1.76309E+12,,,,,,,,,,,,,,,
g1_online_only,LEO_ONLY,12,0,200,2,126,ok,,0,1,50.719459,2008,5,9.926,0.059,10.283,10.263958,885,707,416,2008,2,2,1,5,1.76309E+12,1.76309E+12,,,,,,,,,,,,,,,
g1_online_only,LEO_ONLY,12,0,200,2,127,ok,,0,1,50.842083,2015,5,9.88,0.062,10.519,10.498042,889,708,418,2015,2,2,1,5,1.76309E+12,1.76309E+12,,,,,,,,,,,,,,,
g1_online_only,LEO_ONLY,12,0,200,2,128,ok,,0,1,50.76625,2015,5,9.856,0.067,10.152,10.133125,888,708,419,2015,2,2,1,5,1.76309E+12,1.76309E+12,,,,,,,,,,,,,,,
g1_online_only,LEO_ONLY,12,0,200,2,129,ok,,0,1,53.363625,2014,5,9.842,0.07,10.562,10.558208,888,708,418,2014,2,2,1,5,1.76309E+12,1.76309E+12,,,,,,,,,,,,,,,
g1_online_only,LEO_ONLY,12,0,200,2,130,ok,,0,1,51.914042,2012,5,10.162,0.056,10.475,10.46541599,887,708,417,2012,2,2,1,5,1.76309E+12,1.76309E+12,,,,,,,,,,,,,,,
g1_online_only,LEO_ONLY,12,0,200,2,131,ok,,0,1,51.044375,2012,5,9.798,0.066,10.342,10.321458,887,707,418,2012,2,2,1,5,1.76309E+12,1.76309E+12,,,,,,,,,,,,,,,
g1_online_only,LEO_ONLY,12,0,200,2,132,ok,,0,1,48.226625,2008,5,9.994,0.065,10.37,10.349708,885,707,416,2008,2,2,1,5,1.76309E+12,1.76309E+12,,,,,,,,,,,,,,,
g1_online_only,LEO_ONLY,12,0,200,2,133,ok,,0,1,55.954792,2012,5,10.227,0.071,10.298,10.279042,887,707,418,2012,2,2,1,5,1.76309E+12,1.76309E+12,,,,,,,,,,,,,,,
g1_online_only,LEO_ONLY,12,0,200,2,134,ok,,0,1,53.163167,2014,5,10.253,0.066,10.527,10.509167,888,708,418,2014,2,2,1,5,1.76309E+12,1.76309E+12,,,,,,,,,,,,,,,
g1_online_only,LEO_ONLY,12,0,200,2,135,ok,,0,1,51.498625,2010,5,10.722,0.061,10.126,10.106209,886,707,417,2010,2,2,1,5,1.76309E+12,1.76309E+12,,,,,,,,,,,,,,,
g1_online_only,LEO_ONLY,12,0,200,2,136,ok,,0,1,50.405375,2014,5,9.951,0.063,10.435,10.415334,888,708,418,2014,2,2,1,5,1.76309E+12,1.76309E+12,,,,,,,,,,,,,,,
g1_online_only,LEO_ONLY,12,0,200,2,137,ok,,0,1,54.184583,2012,5,10.13,0.065,10.283,10.262583,887,708,417,2012,2,2,1,5,1.76309E+12,1.76309E+12,,,,,,,,,,,,,,,
g1_online_only,LEO_ONLY,12,0,200,2,138,ok,,0,1,59.09525,2012,5,10.104,0.059,10.455,10.433458,887,707,418,2012,2,2,1,5,1.76309E+12,1.76309E+12,,,,,,,,,,,,,,,
g1_online_only,LEO_ONLY,12,0,200,2,139,ok,,0,1,54.31975,2012,5,10.009,0.094,10.391,10.35325,887,707,418,2012,2,2,1,5,1.76309E+12,1.76309E+12,,,,,,,,,,,,,,,
g1_online_only,LEO_ONLY,12,0,200,2,140,ok,,0,1,56.369876,2014,5,10.524,0.082,10.518,10.489958,887,708,419,2014,2,2,1,5,1.76309E+12,1.76309E+12,,,,,,,,,,,,,,,
g1_online_only,LEO_ONLY,12,0,200,2,141,ok,,0,1,52.883625,2012,5,10.033,0.063,10.357,10.332084,887,707,418,2012,2,2,1,5,1.76309E+12,1.76309E+12,,,,,,,,,,,,,,,
g1_online_only,LEO_ONLY,12,0,200,2,142,ok,,0,1,56.023792,2011,5,10.02,0.064,10.268,10.247583,886,708,417,2011,2,2,1,5,1.76309E+12,1.76309E+12,,,,,,,,,,,,,,,
g1_online_only,LEO_ONLY,12,0,200,2,143,ok,,0,1,52.755708,2013,5,10.146,0.072,10.258,10.231375,887,708,418,2013,2,2,1,5,1.76309E+12,1.76309E+12,,,,,,,,,,,,,,,
g1_online_only,LEO_ONLY,12,0,200,2,144,ok,,0,1,55.86208399,2017,5,10.069,0.059,10.128,10.109166,889,709,419,2017,2,2,1,5,1.76309E+12,1.76309E+12,,,,,,,,,,,,,,,
g1_online_only,LEO_ONLY,12,0,200,2,145,ok,,0,1,46.07575,2015,5,9.818,0.069,10.251,10.228667,888,708,419,2015,2,2,1,5,1.76309E+12,1.76309E+12,,,,,,,,,,,,,,,
g1_online_only,LEO_ONLY,12,0,200,2,146,ok,,0,1,54.080583,2015,5,10.118,0.055,10.348,10.32616699,888,708,419,2015,2,2,1,5,1.76309E+12,1.76309E+12,,,,,,,,,,,,,,,
g1_online_only,LEO_ONLY,12,0,200,2,147,ok,,0,1,52.758084,2017,5,10.085,0.066,10.292,10.271417,889,709,419,2017,2,2,1,5,1.76309E+12,1.76309E+12,,,,,,,,,,,,,,,
g1_online_only,LEO_ONLY,12,0,200,2,148,ok,,0,1,55.8615,2009,5,10.041,0.086,10.432,10.406959,885,707,417,2009,2,2,1,5,1.76309E+12,1.76309E+12,,,,,,,,,,,,,,,
g1_online_only,LEO_ONLY,12,0,200,2,149,ok,,0,1,50.663708,2012,5,10.176,0.069,10.304,10.284042,887,708,417,2012,2,2,1,5,1.76309E+12,1.76309E+12,,,,,,,,,,,,,,,
g1_online_only,LEO_ONLY,12,0,200,2,150,ok,,0,1,52.685209,2013,5,10.068,0.081,10.699,10.704875,887,708,418,2013,2,2,1,5,1.76309E+12,1.76309E+12,,,,,,,,,,,,,,,
g1_online_only,LEO_ONLY,12,0,200,2,151,ok,,0,1,55.65191599,2017,5,9.956,0.061,10.627,10.60675,889,709,419,2017,2,2,1,5,1.76309E+12,1.76309E+12,,,,,,,,,,,,,,,
g1_online_only,LEO_ONLY,12,0,200,2,152,ok,,0,1,50.938375,2015,5,10.132,0.089,10.479,10.458,888,708,419,2015,2,2,1,5,1.76309E+12,1.76309E+12,,,,,,,,,,,,,,,
g1_online_only,LEO_ONLY,12,0,200,2,153,ok,,0,1,52.63762501,2016,5,10.024,0.08,10.378,10.355625,888,709,419,2016,2,2,1,5,1.76309E+12,1.76309E+12,,,,,,,,,,,,,,,
g1_online_only,LEO_ONLY,12,0,200,2,154,ok,,0,1,52.112584,2013,5,10.055,0.064,10.564,10.545542,887,708,418,2013,2,2,1,5,1.76309E+12,1.76309E+12,,,,,,,,,,,,,,,
g1_online_only,LEO_ONLY,12,0,200,2,155,ok,,0,1,52.96245799,2008,5,10.038,0.069,10.332,10.311542,885,707,416,2008,2,2,1,5,1.76309E+12,1.76309E+12,,,,,,,,,,,,,,,
g1_online_only,LEO_ONLY,12,0,200,2,156,ok,,0,1,48.16575,2014,5,10.077,0.065,10.195,10.17337501,888,708,418,2014,2,2,1,5,1.76309E+12,1.76309E+12,,,,,,,,,,,,,,,
g1_online_only,LEO_ONLY,12,0,200,2,157,ok,,0,1,49.768708,2017,5,9.668,0.067,10.418,10.399166,889,709,419,2017,2,2,1,5,1.76309E+12,1.76309E+12,,,,,,,,,,,,,,,
g1_online_only,LEO_ONLY,12,0,200,2,158,ok,,0,1,52.467,2018,5,9.849,0.059,10.031,10.01325,890,709,419,2018,2,2,1,5,1.76309E+12,1.76309E+12,,,,,,,,,,,,,,,
g1_online_only,LEO_ONLY,12,0,200,2,159,ok,,0,1,51.010459,2015,5,9.701,0.065,10.169,10.149834,888,709,418,2015,2,2,1,5,1.76309E+12,1.76309E+12,,,,,,,,,,,,,,,
g1_online_only,LEO_ONLY,12,0,200,2,160,ok,,0,1,51.006292,2015,5,9.973,0.061,10.403,10.380583,888,709,418,2015,2,2,1,5,1.76309E+12,1.76309E+12,,,,,,,,,,,,,,,
g1_online_only,LEO_ONLY,12,0,200,2,161,ok,,0,1,55.874626,2012,5,10.029,0.083,10.267,10.249959,887,708,417,2012,2,2,1,5,1.76309E+12,1.76309E+12,,,,,,,,,,,,,,,
g1_online_only,LEO_ONLY,12,0,200,2,162,ok,,0,1,54.458292,2015,5,9.977,0.068,10.238,10.21687499,887,709,419,2015,2,2,1,5,1.76309E+12,1.76309E+12,,,,,,,,,,,,,,,
g1_online_only,LEO_ONLY,12,0,200,2,163,ok,,0,1,55.977833,2010,5,9.648,0.064,10.342,10.31487501,886,707,417,2010,2,2,1,5,1.76309E+12,1.76309E+12,,,,,,,,,,,,,,,
g1_online_only,LEO_ONLY,12,0,200,2,164,ok,,0,1,50.835834,2014,5,9.845,0.067,10.387,10.366167,888,708,418,2014,2,2,1,5,1.76309E+12,1.76309E+12,,,,,,,,,,,,,,,
g1_online_only,LEO_ONLY,12,0,200,2,165,ok,,0,1,51.814125,2014,5,9.859,0.072,10.481,10.45925,888,708,418,2014,2,2,1,5,1.76309E+12,1.76309E+12,,,,,,,,,,,,,,,
g1_online_only,LEO_ONLY,12,0,200,2,166,ok,,0,1,55.547042,2015,5,9.813,0.065,10.183,10.16375,888,709,418,2015,2,2,1,5,1.76309E+12,1.76309E+12,,,,,,,,,,,,,,,
g1_online_only,LEO_ONLY,12,0,200,2,167,ok,,0,1,53.115584,2015,5,11.464,0.187,11.561,11.574541,888,708,419,2015,2,2,1,5,1.76309E+12,1.76309E+12,,,,,,,,,,,,,,,
g1_online_only,LEO_ONLY,12,0,200,2,168,ok,,0,1,53.391208,2015,5,10.126,0.09,10.539,10.517041,888,708,419,2015,2,2,1,5,1.76309E+12,1.76309E+12,,,,,,,,,,,,,,,
g1_online_only,LEO_ONLY,12,0,200,2,169,ok,,0,1,51.76912501,2012,5,9.866,0.07,10.262,10.240125,887,707,418,2012,2,2,1,5,1.76309E+12,1.76309E+12,,,,,,,,,,,,,,,
g1_online_only,LEO_ONLY,12,0,200,2,170,ok,,0,1,50.689541,2014,5,10.264,0.079,10.831,10.802042,888,708,418,2014,2,2,1,5,1.76309E+12,1.76309E+12,,,,,,,,,,,,,,,
g1_online_only,LEO_ONLY,12,0,200,2,171,ok,,0,1,57.503208,2016,5,10.034,0.059,10.326,10.307333,889,708,419,2016,2,2,1,5,1.76309E+12,1.76309E+12,,,,,,,,,,,,,,,
g1_online_only,LEO_ONLY,12,0,200,2,172,ok,,0,1,55.432791,2013,5,10.064,0.089,10.612,10.602042,887,708,418,2013,2,2,1,5,1.76309E+12,1.76309E+12,,,,,,,,,,,,,,,
g1_online_only,LEO_ONLY,12,0,200,2,173,ok,,0,1,59.8715,2015,5,12.924,0.16,12.546,12.542458,888,708,419,2015,2,2,1,5,1.76309E+12,1.76309E+12,,,,,,,,,,,,,,,
g1_online_only,LEO_ONLY,12,0,200,2,174,ok,,0,1,56.169667,2016,5,10.74,0.104,10.765,10.748375,888,709,419,2016,2,2,1,5,1.76309E+12,1.76309E+12,,,,,,,,,,,,,,,
g1_online_only,LEO_ONLY,12,0,200,2,175,ok,,0,1,47.537833,2010,5,10.264,0.083,10.645,10.624625,886,708,416,2010,2,2,1,5,1.76309E+12,1.76309E+12,,,,,,,,,,,,,,,
g1_online_only,LEO_ONLY,12,0,200,2,176,ok,,0,1,56.846333,2005,5,10.552,0.156,10.748,10.695375,884,705,416,2005,2,2,1,5,1.76309E+12,1.76309E+12,,,,,,,,,,,,,,,
g1_online_only,LEO_ONLY,12,0,200,2,177,ok,,0,1,55.713416,2014,5,10.116,0.074,10.187,10.16437499,888,708,418,2014,2,2,1,5,1.76309E+12,1.76309E+12,,,,,,,,,,,,,,,
g1_online_only,LEO_ONLY,12,0,200,2,178,ok,,0,1,56.821667,2012,5,10.014,0.066,10.364,10.34537501,887,707,418,2012,2,2,1,5,1.76309E+12,1.76309E+12,,,,,,,,,,,,,,,
g1_online_only,LEO_ONLY,12,0,200,2,179,ok,,0,1,56.347792,2012,5,10.102,0.064,10.339,10.3145,886,708,418,2012,2,2,1,5,1.76309E+12,1.76309E+12,,,,,,,,,,,,,,,
g1_online_only,LEO_ONLY,12,0,200,2,180,ok,,0,1,51.58224999,2011,5,9.712,0.059,10.442,10.422083,887,707,417,2011,2,2,1,5,1.76309E+12,1.76309E+12,,,,,,,,,,,,,,,
g1_online_only,LEO_ONLY,12,0,200,2,181,ok,,0,1,54.679251,2014,5,10.51,0.144,10.556,10.545166,888,708,418,2014,2,2,1,5,1.76309E+12,1.76309E+12,,,,,,,,,,,,,,,
g1_online_only,LEO_ONLY,12,0,200,2,182,ok,,0,1,59.287625,2017,5,10.401,0.126,11.127,11.165125,889,709,419,2017,2,2,1,5,1.76309E+12,1.76309E+12,,,,,,,,,,,,,,,
g1_online_only,LEO_ONLY,12,0,200,2,183,ok,,0,1,52.26441701,2011,5,10.198,0.114,10.686,10.679292,885,708,418,2011,2,2,1,5,1.76309E+12,1.76309E+12,,,,,,,,,,,,,,,
g1_online_only,LEO_ONLY,12,0,200,2,184,ok,,0,1,55.027125,2013,5,10.773,0.137,10.817,10.794917,887,709,417,2013,2,2,1,5,1.76309E+12,1.76309E+12,,,,,,,,,,,,,,,
g1_online_only,LEO_ONLY,12,0,200,2,185,ok,,0,1,56.134917,2017,5,10.721,0.142,10.655,10.635541,889,709,419,2017,2,2,1,5,1.76309E+12,1.76309E+12,,,,,,,,,,,,,,,
g1_online_only,LEO_ONLY,12,0,200,2,186,ok,,0,1,52.487958,2015,5,10.535,0.086,10.467,10.465834,888,708,419,2015,2,2,1,5,1.76309E+12,1.76309E+12,,,,,,,,,,,,,,,
g1_online_only,LEO_ONLY,12,0,200,2,187,ok,,0,1,54.5475,2012,5,10.623,0.115,10.667,10.6345,887,707,418,2012,2,2,1,5,1.76309E+12,1.76309E+12,,,,,,,,,,,,,,,
g1_online_only,LEO_ONLY,12,0,200,2,188,ok,,0,1,50.578792,2012,5,10.519,0.113,10.392,10.394,887,707,418,2012,2,2,1,5,1.76309E+12,1.76309E+12,,,,,,,,,,,,,,,
g1_online_only,LEO_ONLY,12,0,200,2,189,ok,,0,1,57.617667,2013,5,10.249,0.088,10.444,10.420208,887,708,418,2013,2,2,1,5,1.76309E+12,1.76309E+12,,,,,,,,,,,,,,,
g1_online_only,LEO_ONLY,12,0,200,2,190,ok,,0,1,56.48675,2014,5,10.318,0.072,10.489,10.47425,888,708,418,2014,2,2,1,5,1.76309E+12,1.76309E+12,,,,,,,,,,,,,,,
g1_online_only,LEO_ONLY,12,0,200,2,191,ok,,0,1,55.730333,2012,5,10.606,0.133,10.838,10.8285,887,707,418,2012,2,2,1,5,1.76309E+12,1.76309E+12,,,,,,,,,,,,,,,
g1_online_only,LEO_ONLY,12,0,200,2,192,ok,,0,1,51.874375,2014,5,10.494,0.069,10.52,10.500583,888,708,418,2014,2,2,1,5,1.76309E+12,1.76309E+12,,,,,,,,,,,,,,,
g1_online_only,LEO_ONLY,12,0,200,2,193,ok,,0,1,57.53712499,2015,5,10.33,0.072,10.237,10.216625,888,709,418,2015,2,2,1,5,1.76309E+12,1.76309E+12,,,,,,,,,,,,,,,
g1_online_only,LEO_ONLY,12,0,200,2,194,ok,,0,1,53.70325,2012,5,9.979,0.071,10.448,10.425375,887,708,417,2012,2,2,1,5,1.76309E+12,1.76309E+12,,,,,,,,,,,,,,,
g1_online_only,LEO_ONLY,12,0,200,2,195,ok,,0,1,50.67583401,2012,5,10.029,0.068,10.586,10.567084,886,707,419,2012,2,2,1,5,1.76309E+12,1.76309E+12,,,,,,,,,,,,,,,
g1_online_only,LEO_ONLY,12,0,200,2,196,ok,,0,1,50.919666,2015,5,9.846,0.067,10.452,10.428709,888,708,419,2015,2,2,1,5,1.76309E+12,1.76309E+12,,,,,,,,,,,,,,,
g1_online_only,LEO_ONLY,12,0,200,2,197,ok,,0,1,47.680834,2017,5,10.014,0.066,10.228,10.2055,889,709,419,2017,2,2,1,5,1.76309E+12,1.76309E+12,,,,,,,,,,,,,,,
g1_online_only,LEO_ONLY,12,0,200,2,198,ok,,0,1,54.560042,2017,5,10.185,0.07,10.482,10.446709,889,709,419,2017,2,2,1,5,1.76309E+12,1.76309E+12,,,,,,,,,,,,,,,
g1_online_only,LEO_ONLY,12,0,200,2,199,ok,,0,1,53.989917,2014,5,12.098,0.149,11.421,11.411084,888,708,418,2014,2,2,1,5,1.76309E+12,1.76309E+12,,,,,,,,,,,,,,,
g1_online_only,LEO_ONLY,12,0,200,2,200,ok,,0,1,56.717209,2009,5,10.142,0.073,10.436,10.411583,886,707,416,2009,2,2,1,5,1.76309E+12,1.76309E+12,,,,,,,,,,,,,,,
g1_online_only,LEO_ONLY,12,0,200,2,201,ok,,0,1,52.160959,2014,5,11.41,0.143,11.43,11.433208,887,708,419,2014,2,2,1,5,1.76309E+12,1.76309E+12,,,,,,,,,,,,,,,
g1_online_only,LEO_ONLY,12,0,200,2,202,ok,,0,1,50.579792,2010,5,10.313,0.067,10.689,10.662209,886,707,417,2010,2,2,1,5,1.76309E+12,1.76309E+12,,,,,,,,,,,,,,,
g1_online_only,LEO_ONLY,12,0,200,2,203,ok,,0,1,51.499083,2015,5,9.966,0.057,10.236,10.216083,888,709,418,2015,2,2,1,5,1.76309E+12,1.76309E+12,,,,,,,,,,,,,,,
g1_online_only,LEO_ONLY,12,0,200,2,204,ok,,0,1,55.096583,2014,5,10.206,0.064,10.527,10.507416,887,708,419,2014,2,2,1,5,1.76309E+12,1.76309E+12,,,,,,,,,,,,,,,
g1_online_only,LEO_ONLY,12,0,200,2,205,ok,,0,1,48.319541,2014,5,9.803,0.06,10.286,10.273667,888,708,418,2014,2,2,1,5,1.76309E+12,1.76309E+12,,,,,,,,,,,,,,,
g1_online_only,LEO_ONLY,12,0,200,2,206,ok,,0,1,50.552542,2010,5,10.198,0.068,10.477,10.45725,885,707,418,2010,2,2,1,5,1.76309E+12,1.76309E+12,,,,,,,,,,,,,,,
g1_online_only,LEO_ONLY,12,0,200,2,207,ok,,0,1,50.957375,2017,5,10.284,0.06,10.227,10.210125,889,709,419,2017,2,2,1,5,1.76309E+12,1.76309E+12,,,,,,,,,,,,,,,
g1_online_only,LEO_ONLY,12,0,200,2,208,ok,,0,1,51.758708,2017,5,10.679,0.12,10.478,10.4685,889,709,419,2017,2,2,1,5,1.76309E+12,1.76309E+12,,,,,,,,,,,,,,,
g1_online_only,LEO_ONLY,12,0,200,2,209,ok,,0,1,56.38674999,2014,5,10.508,0.114,10.443,10.408417,887,708,419,2014,2,2,1,5,1.76309E+12,1.76309E+12,,,,,,,,,,,,,,,
g1_online_only,LEO_ONLY,12,0,200,2,210,ok,,0,1,54.848459,2010,5,10.275,0.092,10.545,10.522167,886,707,417,2010,2,2,1,5,1.76309E+12,1.76309E+12,,,,,,,,,,,,,,,
g1_online_only,LEO_ONLY,12,0,200,2,211,ok,,0,1,54.603292,2014,5,10.472,0.056,10.186,10.166125,888,708,418,2014,2,2,1,5,1.76309E+12,1.76309E+12,,,,,,,,,,,,,,,
g1_online_only,LEO_ONLY,12,0,200,2,212,ok,,0,1,52.216875,2009,5,10.274,0.146,10.286,10.257166,885,706,418,2009,2,2,1,5,1.76309E+12,1.76309E+12,,,,,,,,,,,,,,,
g1_online_only,LEO_ONLY,12,0,200,2,213,ok,,0,1,55.69225,2017,5,10.667,0.133,10.786,10.777708,889,709,419,2017,2,2,1,5,1.76309E+12,1.76309E+12,,,,,,,,,,,,,,,
g1_online_only,LEO_ONLY,12,0,200,2,214,ok,,0,1,53.385459,2008,5,10.357,0.067,10.418,10.400875,885,708,415,2008,2,2,1,5,1.76309E+12,1.76309E+12,,,,,,,,,,,,,,,
g1_online_only,LEO_ONLY,12,0,200,2,215,ok,,0,1,52.228459,2012,5,10.241,0.068,10.525,10.504917,886,708,418,2012,2,2,1,5,1.76309E+12,1.76309E+12,,,,,,,,,,,,,,,
g1_online_only,LEO_ONLY,12,0,200,2,216,ok,,0,1,51.846375,2012,5,10.579,0.129,10.496,10.489959,886,708,418,2012,2,2,1,5,1.76309E+12,1.76309E+12,,,,,,,,,,,,,,,
g1_online_only,LEO_ONLY,12,0,200,2,217,ok,,0,1,58.370292,2015,5,10.601,0.138,10.564,10.5305,888,709,418,2015,2,2,1,5,1.76309E+12,1.76309E+12,,,,,,,,,,,,,,,
g1_online_only,LEO_ONLY,12,0,200,2,218,ok,,0,1,51.231542,2007,5,10.298,0.082,10.655,10.635084,884,707,416,2007,2,2,1,5,1.76309E+12,1.76309E+12,,,,,,,,,,,,,,,
g1_online_only,LEO_ONLY,12,0,200,2,219,ok,,0,1,52.520792,2017,5,10.125,0.071,10.57,10.555417,889,709,419,2017,2,2,1,5,1.76309E+12,1.76309E+12,,,,,,,,,,,,,,,
g1_online_only,LEO_ONLY,12,0,200,2,220,ok,,0,1,52.14270901,2017,5,10.487,0.108,10.654,10.63587501,889,709,419,2017,2,2,1,5,1.76309E+12,1.76309E+12,,,,,,,,,,,,,,,
g1_online_only,LEO_ONLY,12,0,200,2,221,ok,,0,1,47.595792,2017,5,10.016,0.07,10.208,10.181167,889,709,419,2017,2,2,1,5,1.76309E+12,1.76309E+12,,,,,,,,,,,,,,,
g1_online_only,LEO_ONLY,12,0,200,2,222,ok,,0,1,57.616625,2014,5,10.402,0.157,10.619,10.572833,887,709,418,2014,2,2,1,5,1.76309E+12,1.76309E+12,,,,,,,,,,,,,,,
g1_online_only,LEO_ONLY,12,0,200,2,223,ok,,0,1,57.036625,2012,5,10.882,0.138,11.082,11.0625,887,708,417,2012,2,2,1,5,1.76309E+12,1.76309E+12,,,,,,,,,,,,,,,
g1_online_only,LEO_ONLY,12,0,200,2,224,ok,,0,1,54.350875,2017,5,10.092,0.068,10.515,10.47775,889,709,419,2017,2,2,1,5,1.76309E+12,1.76309E+12,,,,,,,,,,,,,,,
g1_online_only,LEO_ONLY,12,0,200,2,225,ok,,0,1,52.116,2016,5,10.218,0.068,10.463,10.43679201,888,709,419,2016,2,2,1,5,1.76309E+12,1.76309E+12,,,,,,,,,,,,,,,
g1_online_only,LEO_ONLY,12,0,200,2,226,ok,,0,1,50.767917,2013,5,9.984,0.067,10.326,10.300458,887,707,419,2013,2,2,1,5,1.76309E+12,1.76309E+12,,,,,,,,,,,,,,,
g1_online_only,LEO_ONLY,12,0,200,2,227,ok,,0,1,56.306583,2014,5,9.968,0.066,10.365,10.338459,888,708,418,2014,2,2,1,5,1.76309E+12,1.76309E+12,,,,,,,,,,,,,,,
g1_online_only,LEO_ONLY,12,0,200,2,228,ok,,0,1,47.83375,2011,5,10.299,0.056,10.271,10.235125,887,707,417,2011,2,2,1,5,1.76309E+12,1.76309E+12,,,,,,,,,,,,,,,
g1_online_only,LEO_ONLY,12,0,200,2,229,ok,,0,1,51.940583,2014,5,10.209,0.064,10.322,10.299916,888,708,418,2014,2,2,1,5,1.76309E+12,1.76309E+12,,,,,,,,,,,,,,,
g1_online_only,LEO_ONLY,12,0,200,2,230,ok,,0,1,53.081917,2010,5,10.454,0.075,10.439,10.415833,885,708,417,2010,2,2,1,5,1.76309E+12,1.76309E+12,,,,,,,,,,,,,,,
g1_online_only,LEO_ONLY,12,0,200,2,231,ok,,0,1,56.737875,2013,5,10.684,0.15,10.897,10.906292,887,708,418,2013,2,2,1,5,1.76309E+12,1.76309E+12,,,,,,,,,,,,,,,
g1_online_only,LEO_ONLY,12,0,200,2,232,ok,,0,1,54.394209,2017,5,10.158,0.073,10.288,10.267,889,709,419,2017,2,2,1,5,1.76309E+12,1.76309E+12,,,,,,,,,,,,,,,
g1_online_only,LEO_ONLY,12,0,200,2,233,ok,,0,1,48.64525,2012,5,10.143,0.072,10.616,10.599833,887,708,417,2012,2,2,1,5,1.76309E+12,1.76309E+12,,,,,,,,,,,,,,,
g1_online_only,LEO_ONLY,12,0,200,2,234,ok,,0,1,54.33375001,2012,5,10.048,0.065,10.242,10.225375,887,707,418,2012,2,2,1,5,1.76309E+12,1.76309E+12,,,,,,,,,,,,,,,
g1_online_only,LEO_ONLY,12,0,200,2,235,ok,,0,1,53.411209,2014,5,10.229,0.078,10.499,10.48341701,888,708,418,2014,2,2,1,5,1.76309E+12,1.76309E+12,,,,,,,,,,,,,,,
g1_online_only,LEO_ONLY,12,0,200,2,236,ok,,0,1,55.146833,2015,5,9.888,0.072,10.359,10.333125,888,708,419,2015,2,2,1,5,1.76309E+12,1.76309E+12,,,,,,,,,,,,,,,
g1_online_only,LEO_ONLY,12,0,200,2,237,ok,,0,1,55.088167,2017,5,10.329,0.071,10.325,10.305708,889,709,419,2017,2,2,1,5,1.76309E+12,1.76309E+12,,,,,,,,,,,,,,,
g1_online_only,LEO_ONLY,12,0,200,2,238,ok,,0,1,55.45275001,2015,5,10.269,0.067,10.384,10.360292,888,708,419,2015,2,2,1,5,1.76309E+12,1.76309E+12,,,,,,,,,,,,,,,
g1_online_only,LEO_ONLY,12,0,200,2,239,ok,,0,1,50.433834,2012,5,9.91,0.063,10.109,10.088458,887,707,418,2012,2,2,1,5,1.76309E+12,1.76309E+12,,,,,,,,,,,,,,,
g1_online_only,LEO_ONLY,12,0,200,2,240,ok,,0,1,54.021459,2014,5,10.482,0.098,10.592,10.575125,888,708,418,2014,2,2,1,5,1.76309E+12,1.76309E+12,,,,,,,,,,,,,,,
g1_online_only,LEO_ONLY,12,0,200,2,241,ok,,0,1,50.26075,2017,5,10.311,0.079,10.119,10.097375,889,709,419,2017,2,2,1,5,1.76309E+12,1.76309E+12,,,,,,,,,,,,,,,
g1_online_only,LEO_ONLY,12,0,200,2,242,ok,,0,1,55.593875,2013,5,10.286,0.057,10.325,10.30475,886,708,419,2013,2,2,1,5,1.76309E+12,1.76309E+12,,,,,,,,,,,,,,,
g1_online_only,LEO_ONLY,12,0,200,2,243,ok,,0,1,47.785583,2012,5,9.995,0.057,10.379,10.36,887,708,417,2012,2,2,1,5,1.76309E+12,1.76309E+12,,,,,,,,,,,,,,,
g1_online_only,LEO_ONLY,12,0,200,2,244,ok,,0,1,54.155042,2013,5,10.227,0.064,10.66,10.641292,887,709,417,2013,2,2,1,5,1.76309E+12,1.76309E+12,,,,,,,,,,,,,,,
g1_online_only,LEO_ONLY,12,0,200,2,245,ok,,0,1,57.650084,2012,5,10.448,0.14,10.633,10.618958,887,708,417,2012,2,2,1,5,1.76309E+12,1.76309E+12,,,,,,,,,,,,,,,
g1_online_only,LEO_ONLY,12,0,200,2,246,ok,,0,1,53.43175001,2016,5,10.117,0.075,10.298,10.275042,888,709,419,2016,2,2,1,5,1.76309E+12,1.76309E+12,,,,,,,,,,,,,,,
g1_online_only,LEO_ONLY,12,0,200,2,247,ok,,0,1,55.153875,2017,5,10.515,0.127,10.684,10.654042,889,709,419,2017,2,2,1,5,1.76309E+12,1.76309E+12,,,,,,,,,,,,,,,
g1_online_only,LEO_ONLY,12,0,200,2,248,ok,,0,1,47.711667,2010,5,10.279,0.06,10.42,10.401291,886,707,417,2010,2,2,1,5,1.76309E+12,1.76309E+12,,,,,,,,,,,,,,,
g1_online_only,LEO_ONLY,12,0,200,2,249,ok,,0,1,54.462042,2014,5,10.332,0.071,10.372,10.353708,888,708,418,2014,2,2,1,5,1.76309E+12,1.76309E+12,,,,,,,,,,,,,,,
g1_online_only,LEO_ONLY,12,0,200,2,250,ok,,0,1,57.846959,2014,5,10.058,0.065,10.498,10.476666,888,708,418,2014,2,2,1,5,1.76309E+12,1.76309E+12,,,,,,,,,,,,,,,
g1_online_only,LEO_ONLY,12,0,200,2,251,ok,,0,1,53.267209,2014,5,9.912,0.061,10.388,10.367458,888,708,418,2014,2,2,1,5,1.76309E+12,1.76309E+12,,,,,,,,,,,,,,,
g1_online_only,LEO_ONLY,12,0,200,2,252,ok,,0,1,50.313708,2014,5,10.231,0.059,10.473,10.479833,888,708,418,2014,2,2,1,5,1.76309E+12,1.76309E+12,,,,,,,,,,,,,,,
g1_online_only,LEO_ONLY,12,0,200,2,253,ok,,0,1,52.673209,2006,5,10.306,0.12,10.599,10.596583,885,706,415,2006,2,2,1,5,1.76309E+12,1.76309E+12,,,,,,,,,,,,,,,
g1_online_only,LEO_ONLY,12,0,200,2,254,ok,,0,1,54.351666,2012,5,10.092,0.088,10.963,10.81175,887,708,417,2012,2,2,1,5,1.76309E+12,1.76309E+12,,,,,,,,,,,,,,,
g1_online_only,LEO_ONLY,12,0,200,2,255,ok,,0,1,51.329375,2013,5,10.164,0.099,10.436,10.390375,887,708,418,2013,2,2,1,5,1.76309E+12,1.76309E+12,,,,,,,,,,,,,,,
g1_online_only,LEO_ONLY,12,0,200,2,256,ok,,0,1,49.372625,2010,5,10.029,0.063,10.234,10.213792,886,707,417,2010,2,2,1,5,1.76309E+12,1.76309E+12,,,,,,,,,,,,,,,
g1_online_only,LEO_ONLY,12,0,200,2,257,ok,,0,1,52.303917,2016,5,10.382,0.15,10.615,10.586375,888,709,419,2016,2,2,1,5,1.76309E+12,1.76309E+12,,,,,,,,,,,,,,,
g1_online_only,LEO_ONLY,12,0,200,2,258,ok,,0,1,54.017708,2011,5,10.483,0.115,10.649,10.633917,887,707,417,2011,2,2,1,5,1.76309E+12,1.76309E+12,,,,,,,,,,,,,,,
g1_online_only,LEO_ONLY,12,0,200,2,259,ok,,0,1,53.203,2017,5,10.21,0.078,10.432,10.415667,889,709,419,2017,2,2,1,5,1.76309E+12,1.76309E+12,,,,,,,,,,,,,,,
g1_online_only,LEO_ONLY,12,0,200,2,260,ok,,0,1,55.247167,2014,5,10.638,0.107,10.718,10.708333,887,709,418,2014,2,2,1,5,1.76309E+12,1.76309E+12,,,,,,,,,,,,,,,
g1_online_only,LEO_ONLY,12,0,200,2,261,ok,,0,1,54.88825,2017,5,10.658,0.123,10.997,10.998458,889,709,419,2017,2,2,1,5,1.76309E+12,1.76309E+12,,,,,,,,,,,,,,,
g1_online_only,LEO_ONLY,12,0,200,2,262,ok,,0,1,53.810292,2014,5,10.837,0.07,10.524,10.509083,888,708,418,2014,2,2,1,5,1.76309E+12,1.76309E+12,,,,,,,,,,,,,,,
g1_online_only,LEO_ONLY,12,0,200,2,263,ok,,0,1,52.39025001,2012,5,10.63,0.157,10.58,10.523375,887,707,418,2012,2,2,1,5,1.76309E+12,1.76309E+12,,,,,,,,,,,,,,,
g1_online_only,LEO_ONLY,12,0,200,2,264,ok,,0,1,53.138583,2015,5,10.94,0.162,11.605,11.582375,888,708,419,2015,2,2,1,5,1.76309E+12,1.76309E+12,,,,,,,,,,,,,,,
g1_online_only,LEO_ONLY,12,0,200,2,265,ok,,0,1,54.754667,2017,5,10.674,0.149,10.492,10.494958,889,709,419,2017,2,2,1,5,1.76309E+12,1.76309E+12,,,,,,,,,,,,,,,
g1_online_only,LEO_ONLY,12,0,200,2,266,ok,,0,1,48.89624999,1987,5,10.517,0.139,10.625,10.604834,874,708,405,1987,2,2,1,5,1.76309E+12,1.76309E+12,,,,,,,,,,,,,,,
g1_online_only,LEO_ONLY,12,0,200,2,267,ok,,0,1,48.998625,2014,5,10.495,0.168,10.737,10.717083,887,709,418,2014,2,2,1,5,1.76309E+12,1.76309E+12,,,,,,,,,,,,,,,
g1_online_only,LEO_ONLY,12,0,200,2,268,ok,,0,1,53.401458,2009,5,10.671,0.14,10.604,10.574417,885,708,416,2009,2,2,1,5,1.76309E+12,1.76309E+12,,,,,,,,,,,,,,,
g1_online_only,LEO_ONLY,12,0,200,2,269,ok,,0,1,51.47825,2014,5,10.669,0.093,10.536,10.51495899,887,708,419,2014,2,2,1,5,1.76309E+12,1.76309E+12,,,,,,,,,,,,,,,
g1_online_only,LEO_ONLY,12,0,200,2,270,ok,,0,1,50.161791,2017,5,10.429,0.099,11.07,11.081375,889,709,419,2017,2,2,1,5,1.76309E+12,1.76309E+12,,,,,,,,,,,,,,,
g1_online_only,LEO_ONLY,12,0,200,2,271,ok,,0,1,53.072083,2012,5,10.323,0.074,10.636,10.618125,887,707,418,2012,2,2,1,5,1.76309E+12,1.76309E+12,,,,,,,,,,,,,,,
g1_online_only,LEO_ONLY,12,0,200,2,272,ok,,0,1,53.376125,2015,5,10.95,0.097,10.708,10.684917,888,708,419,2015,2,2,1,5,1.76309E+12,1.76309E+12,,,,,,,,,,,,,,,
g1_online_only,LEO_ONLY,12,0,200,2,273,ok,,0,1,54.161625,2015,5,10.607,0.071,10.526,10.516625,888,709,418,2015,2,2,1,5,1.76309E+12,1.76309E+12,,,,,,,,,,,,,,,
g1_online_only,LEO_ONLY,12,0,200,2,274,ok,,0,1,56.286375,2015,5,10.63,0.115,11.709,11.730375,888,708,419,2015,2,2,1,5,1.76309E+12,1.76309E+12,,,,,,,,,,,,,,,
g1_online_only,LEO_ONLY,12,0,200,2,275,ok,,0,1,57.144667,2014,5,10.774,0.085,10.619,10.600166,888,708,418,2014,2,2,1,5,1.76309E+12,1.76309E+12,,,,,,,,,,,,,,,
g1_online_only,LEO_ONLY,12,0,200,2,276,ok,,0,1,55.419958,2012,5,10.167,0.07,10.783,10.766458,887,707,418,2012,2,2,1,5,1.76309E+12,1.76309E+12,,,,,,,,,,,,,,,
g1_online_only,LEO_ONLY,12,0,200,2,277,ok,,0,1,54.891375,2014,5,10.128,0.072,10.446,10.427375,888,708,418,2014,2,2,1,5,1.76309E+12,1.76309E+12,,,,,,,,,,,,,,,
g1_online_only,LEO_ONLY,12,0,200,2,278,ok,,0,1,51.832125,2011,5,10.092,0.079,10.444,10.424042,886,708,417,2011,2,2,1,5,1.76309E+12,1.76309E+12,,,,,,,,,,,,,,,
g1_online_only,LEO_ONLY,12,0,200,2,279,ok,,0,1,52.62325001,2008,5,10.545,0.082,10.715,10.699291,884,708,416,2008,2,2,1,5,1.76309E+12,1.76309E+12,,,,,,,,,,,,,,,
g1_online_only,LEO_ONLY,12,0,200,2,280,ok,,0,1,55.850333,2017,5,10.2,0.085,10.579,10.546583,889,709,419,2017,2,2,1,5,1.76309E+12,1.76309E+12,,,,,,,,,,,,,,,
g1_online_only,LEO_ONLY,12,0,200,2,281,ok,,0,1,52.614625,2010,5,10.274,0.076,10.487,10.461291,886,707,417,2010,2,2,1,5,1.76309E+12,1.76309E+12,,,,,,,,,,,,,,,
g1_online_only,LEO_ONLY,12,0,200,2,282,ok,,0,1,55.576333,2012,5,10.754,0.18,10.917,10.827583,887,707,418,2012,2,2,1,5,1.76309E+12,1.76309E+12,,,,,,,,,,,,,,,
g1_online_only,LEO_ONLY,12,0,200,2,283,ok,,0,1,50.906417,2017,5,10.463,0.063,10.285,10.265584,889,709,419,2017,2,2,1,5,1.76309E+12,1.76309E+12,,,,,,,,,,,,,,,
g1_online_only,LEO_ONLY,12,0,200,2,284,ok,,0,1,51.41575,2015,5,10.282,0.067,10.769,10.751709,888,709,418,2015,2,2,1,5,1.76309E+12,1.76309E+12,,,,,,,,,,,,,,,
g1_online_only,LEO_ONLY,12,0,200,2,285,ok,,0,1,58.095292,2015,5,10.381,0.103,10.381,10.346083,888,708,419,2015,2,2,1,5,1.76309E+12,1.76309E+12,,,,,,,,,,,,,,,
g1_online_only,LEO_ONLY,12,0,200,2,286,ok,,0,1,54.026875,2014,5,10.118,0.075,10.615,10.67504101,887,708,419,2014,2,2,1,5,1.76309E+12,1.76309E+12,,,,,,,,,,,,,,,
g1_online_only,LEO_ONLY,12,0,200,2,287,ok,,0,1,54.541708,1984,5,10.368,0.068,10.5,10.480667,872,708,404,1984,2,2,1,5,1.76309E+12,1.76309E+12,,,,,,,,,,,,,,,
g1_online_only,LEO_ONLY,12,0,200,2,288,ok,,0,1,52.03175,2017,5,10.045,0.065,10.453,10.434334,889,709,419,2017,2,2,1,5,1.76309E+12,1.76309E+12,,,,,,,,,,,,,,,
g1_online_only,LEO_ONLY,12,0,200,2,289,ok,,0,1,53.46525,2014,5,10.114,0.064,10.48,10.463083,887,709,418,2014,2,2,1,5,1.76309E+12,1.76309E+12,,,,,,,,,,,,,,,
g1_online_only,LEO_ONLY,12,0,200,2,290,ok,,0,1,54.282667,2017,5,10.11,0.066,10.277,10.257958,889,709,419,2017,2,2,1,5,1.76309E+12,1.76309E+12,,,,,,,,,,,,,,,
g1_online_only,LEO_ONLY,12,0,200,2,291,ok,,0,1,49.33537501,2014,5,9.944,0.055,10.566,10.546375,888,708,418,2014,2,2,1,5,1.76309E+12,1.76309E+12,,,,,,,,,,,,,,,
g1_online_only,LEO_ONLY,12,0,200,2,292,ok,,0,1,55.189292,2015,5,10.018,0.068,10.516,10.49575,888,708,419,2015,2,2,1,5,1.76309E+12,1.76309E+12,,,,,,,,,,,,,,,
g1_online_only,LEO_ONLY,12,0,200,2,293,ok,,0,1,48.357583,2017,5,9.879,0.065,10.208,10.189166,889,709,419,2017,2,2,1,5,1.76309E+12,1.76309E+12,,,,,,,,,,,,,,,
g1_online_only,LEO_ONLY,12,0,200,2,294,ok,,0,1,47.527584,2015,5,9.886,0.065,10.229,10.210625,888,708,419,2015,2,2,1,5,1.76309E+12,1.76309E+12,,,,,,,,,,,,,,,
g1_online_only,LEO_ONLY,12,0,200,2,295,ok,,0,1,50.928709,2012,5,10.164,0.069,10.329,10.30858301,887,707,418,2012,2,2,1,5,1.76309E+12,1.76309E+12,,,,,,,,,,,,,,,
g1_online_only,LEO_ONLY,12,0,200,2,296,ok,,0,1,50.812583,2015,5,10.03,0.062,10.221,10.20175,888,708,419,2015,2,2,1,5,1.76309E+12,1.76309E+12,,,,,,,,,,,,,,,
g1_online_only,LEO_ONLY,12,0,200,2,297,ok,,0,1,50.468667,2015,5,10.183,0.064,10.673,10.65075,888,709,418,2015,2,2,1,5,1.76309E+12,1.76309E+12,,,,,,,,,,,,,,,
g1_online_only,LEO_ONLY,12,0,200,2,298,ok,,0,1,55.565792,2017,5,10.191,0.087,10.872,10.857958,889,709,419,2017,2,2,1,5,1.76309E+12,1.76309E+12,,,,,,,,,,,,,,,
g1_online_only,LEO_ONLY,12,0,200,2,299,ok,,0,1,58.098958,2009,5,10.27,0.112,10.473,10.463792,886,706,417,2009,2,2,1,5,1.76309E+12,1.76309E+12,,,,,,,,,,,,,,,
g1_online_only,LEO_ONLY,12,0,200,2,300,ok,,0,1,55.542375,2017,5,10.389,0.081,10.386,10.364833,889,709,419,2017,2,2,1,5,1.76309E+12,1.76309E+12,,,,,,,,,,,,,,,
g1_online_only,LEO_ONLY,12,0,400,2,1,ok,,0,1,58.582876,2015,5,10.256,0.088,10.745,10.689167,888,709,418,2015,2,2,1,5,1.76309E+12,1.76309E+12,,,,,,,,,,,,,,,
g1_online_only,LEO_ONLY,12,0,400,2,2,ok,,0,1,50.698083,2017,5,10.64,0.094,10.675,10.641417,889,709,419,2017,2,2,1,5,1.76309E+12,1.76309E+12,,,,,,,,,,,,,,,
g1_online_only,LEO_ONLY,12,0,400,2,3,ok,,0,1,57.347625,2014,5,10.691,0.161,12.314,12.290334,887,709,418,2014,2,2,1,5,1.76309E+12,1.76309E+12,,,,,,,,,,,,,,,
g1_online_only,LEO_ONLY,12,0,400,2,4,ok,,0,1,52.611583,2014,5,10.179,0.071,10.441,10.424333,888,708,418,2014,2,2,1,5,1.76309E+12,1.76309E+12,,,,,,,,,,,,,,,
g1_online_only,LEO_ONLY,12,0,400,2,5,ok,,0,1,51.953625,2015,5,10.093,0.063,10.461,10.440625,888,709,418,2015,2,2,1,5,1.76309E+12,1.76309E+12,,,,,,,,,,,,,,,
g1_online_only,LEO_ONLY,12,0,400,2,6,ok,,0,1,50.441541,2015,5,10.217,0.063,10.439,10.419417,888,709,418,2015,2,2,1,5,1.76309E+12,1.76309E+12,,,,,,,,,,,,,,,
g1_online_only,LEO_ONLY,12,0,400,2,7,ok,,0,1,52.995542,2015,5,10.097,0.061,10.569,10.550375,889,708,418,2015,2,2,1,5,1.76309E+12,1.76309E+12,,,,,,,,,,,,,,,
g1_online_only,LEO_ONLY,12,0,400,2,8,ok,,0,1,54.437541,2017,5,10.142,0.073,10.344,10.316375,889,709,419,2017,2,2,1,5,1.76309E+12,1.76309E+12,,,,,,,,,,,,,,,
g1_online_only,LEO_ONLY,12,0,400,2,9,ok,,0,1,54.099792,2014,5,10.235,0.064,10.486,10.468125,887,708,419,2014,2,2,1,5,1.76309E+12,1.76309E+12,,,,,,,,,,,,,,,
g1_online_only,LEO_ONLY,12,0,400,2,10,ok,,0,1,53.720584,2012,5,10.004,0.066,10.691,10.674417,887,707,418,2012,2,2,1,5,1.76309E+12,1.76309E+12,,,,,,,,,,,,,,,
g1_online_only,LEO_ONLY,12,0,400,2,11,ok,,0,1,57.206833,2012,5,10.431,0.097,10.433,10.39704101,887,707,418,2012,2,2,1,5,1.76309E+12,1.76309E+12,,,,,,,,,,,,,,,
g1_online_only,LEO_ONLY,12,0,400,2,12,ok,,0,1,50.263292,2015,5,10.291,0.065,10.469,10.450542,888,708,419,2015,2,2,1,5,1.76309E+12,1.76309E+12,,,,,,,,,,,,,,,
g1_online_only,LEO_ONLY,12,0,400,2,13,ok,,0,1,55.582666,2014,5,10.898,0.129,11.122,11.114583,887,708,419,2014,2,2,1,5,1.76309E+12,1.76309E+12,,,,,,,,,,,,,,,
g1_online_only,LEO_ONLY,12,0,400,2,14,ok,,0,1,57.368,2014,5,10.438,0.073,10.502,10.480167,888,708,418,2014,2,2,1,5,1.76309E+12,1.76309E+12,,,,,,,,,,,,,,,
g1_online_only,LEO_ONLY,12,0,400,2,15,ok,,0,1,62.004375,2012,5,11.11,0.216,10.85,10.81075001,887,707,418,2012,2,2,1,5,1.76309E+12,1.76309E+12,,,,,,,,,,,,,,,
g1_online_only,LEO_ONLY,12,0,400,2,16,ok,,0,1,50.786833,2015,5,10.144,0.112,10.541,10.525041,888,708,419,2015,2,2,1,5,1.76309E+12,1.76309E+12,,,,,,,,,,,,,,,
g1_online_only,LEO_ONLY,12,0,400,2,17,ok,,0,1,56.375375,2010,5,10.64,0.117,11.013,11.001209,886,707,417,2010,2,2,1,5,1.76309E+12,1.76309E+12,,,,,,,,,,,,,,,
g1_online_only,LEO_ONLY,12,0,400,2,18,ok,,0,1,51.899625,2015,5,10.782,0.131,10.701,10.699375,888,708,419,2015,2,2,1,5,1.76309E+12,1.76309E+12,,,,,,,,,,,,,,,
g1_online_only,LEO_ONLY,12,0,400,2,19,ok,,0,1,56.365834,2014,5,10.598,0.104,10.61,10.556333,888,708,418,2014,2,2,1,5,1.76309E+12,1.76309E+12,,,,,,,,,,,,,,,
g1_online_only,LEO_ONLY,12,0,400,2,20,ok,,0,1,53.912625,2010,5,10.167,0.069,10.646,10.62904199,886,708,416,2010,2,2,1,5,1.76309E+12,1.76309E+12,,,,,,,,,,,,,,,
g1_online_only,LEO_ONLY,12,0,400,2,21,ok,,0,1,54.548875,2010,5,10.412,0.074,10.385,10.35349999,886,708,416,2010,2,2,1,5,1.76309E+12,1.76309E+12,,,,,,,,,,,,,,,
g1_online_only,LEO_ONLY,12,0,400,2,22,ok,,0,1,53.924625,2013,5,10.094,0.062,10.276,10.257834,887,708,418,2013,2,2,1,5,1.76309E+12,1.76309E+12,,,,,,,,,,,,,,,
g1_online_only,LEO_ONLY,12,0,400,2,23,ok,,0,1,49.354041,2017,5,10.124,0.06,10.339,10.320833,889,709,419,2017,2,2,1,5,1.76309E+12,1.76309E+12,,,,,,,,,,,,,,,
g1_online_only,LEO_ONLY,12,0,400,2,24,ok,,0,1,56.86495799,2017,5,10.355,0.072,10.671,10.656542,889,709,419,2017,2,2,1,5,1.76309E+12,1.76309E+12,,,,,,,,,,,,,,,
g1_online_only,LEO_ONLY,12,0,400,2,25,ok,,0,1,54.52775001,2015,5,10.204,0.067,10.387,10.369084,888,709,418,2015,2,2,1,5,1.76309E+12,1.76309E+12,,,,,,,,,,,,,,,
g1_online_only,LEO_ONLY,12,0,400,2,26,ok,,0,1,53.620166,2013,5,10.226,0.063,10.487,10.46720801,887,708,418,2013,2,2,1,5,1.76309E+12,1.76309E+12,,,,,,,,,,,,,,,
g1_online_only,LEO_ONLY,12,0,400,2,27,ok,,0,1,53.502417,2012,5,10.383,0.077,10.366,10.33575,887,708,417,2012,2,2,1,5,1.76309E+12,1.76309E+12,,,,,,,,,,,,,,,
g1_online_only,LEO_ONLY,12,0,400,2,28,ok,,0,1,56.197792,2014,5,10.229,0.067,10.213,10.187125,888,708,418,2014,2,2,1,5,1.76309E+12,1.76309E+12,,,,,,,,,,,,,,,
g1_online_only,LEO_ONLY,12,0,400,2,29,ok,,0,1,50.89345801,2014,5,10.354,0.086,10.178,10.133584,888,708,418,2014,2,2,1,5,1.76309E+12,1.76309E+12,,,,,,,,,,,,,,,
g1_online_only,LEO_ONLY,12,0,400,2,30,ok,,0,1,48.755666,2015,5,10.692,0.076,10.436,10.395125,888,709,418,2015,2,2,1,5,1.76309E+12,1.76309E+12,,,,,,,,,,,,,,,
g1_online_only,LEO_ONLY,12,0,400,2,31,ok,,0,1,52.646333,2017,5,10.29,0.087,10.507,10.480416,889,709,419,2017,2,2,1,5,1.76309E+12,1.76309E+12,,,,,,,,,,,,,,,
g1_online_only,LEO_ONLY,12,0,400,2,32,ok,,0,1,55.514041,2014,5,10.156,0.077,10.257,10.23225,888,708,418,2014,2,2,1,5,1.76309E+12,1.76309E+12,,,,,,,,,,,,,,,
g1_online_only,LEO_ONLY,12,0,400,2,33,ok,,0,1,53.02925,2007,5,10.049,0.071,10.285,10.262084,884,707,416,2007,2,2,1,5,1.76309E+12,1.76309E+12,,,,,,,,,,,,,,,
g1_online_only,LEO_ONLY,12,0,400,2,34,ok,,0,1,48.803667,2017,5,10.072,0.063,10.338,10.31720899,889,709,419,2017,2,2,1,5,1.76309E+12,1.76309E+12,,,,,,,,,,,,,,,
g1_online_only,LEO_ONLY,12,0,400,2,35,ok,,0,1,50.590459,2017,5,10.201,0.101,10.482,10.440542,889,709,419,2017,2,2,1,5,1.76309E+12,1.76309E+12,,,,,,,,,,,,,,,
g1_online_only,LEO_ONLY,12,0,400,2,36,ok,,0,1,51.542459,2016,5,10.138,0.058,10.422,10.397166,889,709,418,2016,2,2,1,5,1.76309E+12,1.76309E+12,,,,,,,,,,,,,,,
g1_online_only,LEO_ONLY,12,0,400,2,37,ok,,0,1,50.23,2012,5,10.039,0.065,10.34,10.322791,887,708,417,2012,2,2,1,5,1.76309E+12,1.76309E+12,,,,,,,,,,,,,,,
g1_online_only,LEO_ONLY,12,0,400,2,38,ok,,0,1,54.88391699,2011,5,10.099,0.078,10.155,10.133,886,708,417,2011,2,2,1,5,1.76309E+12,1.76309E+12,,,,,,,,,,,,,,,
g1_online_only,LEO_ONLY,12,0,400,2,39,ok,,0,1,53.562125,2015,5,10.119,0.07,10.344,10.325542,888,708,419,2015,2,2,1,5,1.76309E+12,1.76309E+12,,,,,,,,,,,,,,,
g1_online_only,LEO_ONLY,12,0,400,2,40,ok,,0,1,52.931083,2012,5,10.241,0.061,10.517,10.498958,887,707,418,2012,2,2,1,5,1.76309E+12,1.76309E+12,,,,,,,,,,,,,,,
g1_online_only,LEO_ONLY,12,0,400,2,41,ok,,0,1,52.375167,2015,5,9.995,0.067,10.212,10.19329199,888,708,419,2015,2,2,1,5,1.76309E+12,1.76309E+12,,,,,,,,,,,,,,,
g1_online_only,LEO_ONLY,12,0,400,2,42,ok,,0,1,53.64483299,2016,5,10.361,0.064,10.407,10.394417,888,709,419,2016,2,2,1,5,1.76309E+12,1.76309E+12,,,,,,,,,,,,,,,
g1_online_only,LEO_ONLY,12,0,400,2,43,ok,,0,1,52.359709,2014,5,10.024,0.068,10.429,10.407375,888,708,418,2014,2,2,1,5,1.76309E+12,1.76309E+12,,,,,,,,,,,,,,,
g1_online_only,LEO_ONLY,12,0,400,2,44,ok,,0,1,50.050209,2014,5,10.148,0.06,10.058,10.032917,888,708,418,2014,2,2,1,5,1.76309E+12,1.76309E+12,,,,,,,,,,,,,,,
g1_online_only,LEO_ONLY,12,0,400,2,45,ok,,0,1,49.227459,2015,5,10.003,0.08,10.563,10.544416,888,708,419,2015,2,2,1,5,1.76309E+12,1.76309E+12,,,,,,,,,,,,,,,
g1_online_only,LEO_ONLY,12,0,400,2,46,ok,,0,1,49.382458,2012,5,9.88,0.063,10.428,10.408625,887,707,418,2012,2,2,1,5,1.76309E+12,1.76309E+12,,,,,,,,,,,,,,,
g1_online_only,LEO_ONLY,12,0,400,2,47,ok,,0,1,52.234959,2013,5,10.301,0.064,10.397,10.376833,887,709,417,2013,2,2,1,5,1.76309E+12,1.76309E+12,,,,,,,,,,,,,,,
g1_online_only,LEO_ONLY,12,0,400,2,48,ok,,0,1,53.767875,2018,5,10.098,0.059,10.333,10.31475,890,709,419,2018,2,2,1,5,1.76309E+12,1.76309E+12,,,,,,,,,,,,,,,
g1_online_only,LEO_ONLY,12,0,400,2,49,ok,,0,1,53.987292,2014,5,10.064,0.06,10.498,10.480084,888,708,418,2014,2,2,1,5,1.76309E+12,1.76309E+12,,,,,,,,,,,,,,,
g1_online_only,LEO_ONLY,12,0,400,2,50,ok,,0,1,52.02233299,2018,5,10.068,0.059,10.519,10.501,890,709,419,2018,2,2,1,5,1.76309E+12,1.76309E+12,,,,,,,,,,,,,,,
g1_online_only,LEO_ONLY,12,0,400,2,51,ok,,0,1,49.122334,2008,5,10.281,0.074,10.392,10.37375,885,707,416,2008,2,2,1,5,1.76309E+12,1.76309E+12,,,,,,,,,,,,,,,
g1_online_only,LEO_ONLY,12,0,400,2,52,ok,,0,1,54.415708,2016,5,10.156,0.075,10.511,10.486333,888,709,419,2016,2,2,1,5,1.76309E+12,1.76309E+12,,,,,,,,,,,,,,,
g1_online_only,LEO_ONLY,12,0,400,2,53,ok,,0,1,53.069083,2014,5,10.135,0.068,10.26,10.243625,887,708,419,2014,2,2,1,5,1.76309E+12,1.76309E+12,,,,,,,,,,,,,,,
g1_online_only,LEO_ONLY,12,0,400,2,54,ok,,0,1,54.58545801,2015,5,10.32,0.064,10.531,10.50887501,888,708,419,2015,2,2,1,5,1.76309E+12,1.76309E+12,,,,,,,,,,,,,,,
g1_online_only,LEO_ONLY,12,0,400,2,55,ok,,0,1,59.568583,2014,5,10.265,0.067,10.303,10.285542,888,708,418,2014,2,2,1,5,1.76309E+12,1.76309E+12,,,,,,,,,,,,,,,
g1_online_only,LEO_ONLY,12,0,400,2,56,ok,,0,1,53.28024999,2014,5,10.077,0.063,10.259,10.240125,888,708,418,2014,2,2,1,5,1.76309E+12,1.76309E+12,,,,,,,,,,,,,,,
g1_online_only,LEO_ONLY,12,0,400,2,57,ok,,0,1,53.624708,2017,5,10.163,0.073,10.4,10.375875,889,709,419,2017,2,2,1,5,1.76309E+12,1.76309E+12,,,,,,,,,,,,,,,
g1_online_only,LEO_ONLY,12,0,400,2,58,ok,,0,1,49.624708,2014,5,10.33,0.113,10.672,10.645958,888,708,418,2014,2,2,1,5,1.76309E+12,1.76309E+12,,,,,,,,,,,,,,,
g1_online_only,LEO_ONLY,12,0,400,2,59,ok,,0,1,52.768292,2014,5,10.089,0.069,10.507,10.483583,888,708,418,2014,2,2,1,5,1.76309E+12,1.76309E+12,,,,,,,,,,,,,,,
g1_online_only,LEO_ONLY,12,0,400,2,60,ok,,0,1,54.265625,2015,5,10.184,0.101,10.743,10.75050001,888,708,419,2015,2,2,1,5,1.76309E+12,1.76309E+12,,,,,,,,,,,,,,,
g1_online_only,LEO_ONLY,12,0,400,2,61,ok,,0,1,52.318,2015,5,10.563,0.101,10.828,10.753,888,708,419,2015,2,2,1,5,1.76309E+12,1.76309E+12,,,,,,,,,,,,,,,
g1_online_only,LEO_ONLY,12,0,400,2,62,ok,,0,1,54.858292,2013,5,10.795,0.074,10.837,10.812833,887,708,418,2013,2,2,1,5,1.76309E+12,1.76309E+12,,,,,,,,,,,,,,,
g1_online_only,LEO_ONLY,12,0,400,2,63,ok,,0,1,55.911417,2012,5,10.551,0.169,10.684,10.691584,887,707,418,2012,2,2,1,5,1.76309E+12,1.76309E+12,,,,,,,,,,,,,,,
g1_online_only,LEO_ONLY,12,0,400,2,64,ok,,0,1,50.421917,2012,5,10.459,0.089,10.502,10.461208,886,709,417,2012,2,2,1,5,1.76309E+12,1.76309E+12,,,,,,,,,,,,,,,
g1_online_only,LEO_ONLY,12,0,400,2,65,ok,,0,1,54.850042,2015,5,10.4,0.063,10.619,10.597708,888,708,419,2015,2,2,1,5,1.76309E+12,1.76309E+12,,,,,,,,,,,,,,,
g1_online_only,LEO_ONLY,12,0,400,2,66,ok,,0,1,51.496,2017,5,10.196,0.071,10.454,10.43237501,889,709,419,2017,2,2,1,5,1.76309E+12,1.76309E+12,,,,,,,,,,,,,,,
g1_online_only,LEO_ONLY,12,0,400,2,67,ok,,0,1,50.914333,2014,5,11.101,0.06,10.42,10.402375,888,708,418,2014,2,2,1,5,1.76309E+12,1.76309E+12,,,,,,,,,,,,,,,
g1_online_only,LEO_ONLY,12,0,400,2,68,ok,,0,1,54.55875,2017,5,10.178,0.069,10.365,10.345167,889,709,419,2017,2,2,1,5,1.76309E+12,1.76309E+12,,,,,,,,,,,,,,,
g1_online_only,LEO_ONLY,12,0,400,2,69,ok,,0,1,51.555334,2012,5,10.285,0.065,10.327,10.300583,887,708,417,2012,2,2,1,5,1.76309E+12,1.76309E+12,,,,,,,,,,,,,,,
g1_online_only,LEO_ONLY,12,0,400,2,70,ok,,0,1,55.75,2014,5,10.391,0.065,10.393,10.372417,887,708,419,2014,2,2,1,5,1.76309E+12,1.76309E+12,,,,,,,,,,,,,,,
g1_online_only,LEO_ONLY,12,0,400,2,71,ok,,0,1,52.59795801,2015,5,10.327,0.069,10.499,10.475375,888,708,419,2015,2,2,1,5,1.76309E+12,1.76309E+12,,,,,,,,,,,,,,,
g1_online_only,LEO_ONLY,12,0,400,2,72,ok,,0,1,48.290208,2010,5,9.995,0.063,10.414,10.38699999,886,707,417,2010,2,2,1,5,1.76309E+12,1.76309E+12,,,,,,,,,,,,,,,
g1_online_only,LEO_ONLY,12,0,400,2,73,ok,,0,1,55.659292,2015,5,10.406,0.067,10.461,10.43616699,888,709,418,2015,2,2,1,5,1.76309E+12,1.76309E+12,,,,,,,,,,,,,,,
g1_online_only,LEO_ONLY,12,0,400,2,74,ok,,0,1,49.7355,2015,5,10.093,0.064,10.293,10.273458,888,709,418,2015,2,2,1,5,1.76309E+12,1.76309E+12,,,,,,,,,,,,,,,
g1_online_only,LEO_ONLY,12,0,400,2,75,ok,,0,1,56.068584,2017,5,10.028,0.064,10.447,10.426542,889,709,419,2017,2,2,1,5,1.76309E+12,1.76309E+12,,,,,,,,,,,,,,,
g1_online_only,LEO_ONLY,12,0,400,2,76,ok,,0,1,53.348417,2014,5,10.103,0.058,10.296,10.274958,888,708,418,2014,2,2,1,5,1.76309E+12,1.76309E+12,,,,,,,,,,,,,,,
g1_online_only,LEO_ONLY,12,0,400,2,77,ok,,0,1,47.376875,2010,5,9.815,0.063,10.37,10.350333,886,708,416,2010,2,2,1,5,1.76309E+12,1.76309E+12,,,,,,,,,,,,,,,
g1_online_only,LEO_ONLY,12,0,400,2,78,ok,,0,1,54.098209,2014,5,9.944,0.064,10.332,10.31275,887,709,418,2014,2,2,1,5,1.76309E+12,1.76309E+12,,,,,,,,,,,,,,,
g1_online_only,LEO_ONLY,12,0,400,2,79,ok,,0,1,55.728542,2017,5,9.984,0.066,10.425,10.41925,889,709,419,2017,2,2,1,5,1.76309E+12,1.76309E+12,,,,,,,,,,,,,,,
g1_online_only,LEO_ONLY,12,0,400,2,80,ok,,0,1,54.16595899,2015,5,10.101,0.066,10.074,10.056458,888,708,419,2015,2,2,1,5,1.76309E+12,1.76309E+12,,,,,,,,,,,,,,,
g1_online_only,LEO_ONLY,12,0,400,2,81,ok,,0,1,49.393125,2009,5,10.208,0.067,10.409,10.386209,885,708,416,2009,2,2,1,5,1.76309E+12,1.76309E+12,,,,,,,,,,,,,,,
g1_online_only,LEO_ONLY,12,0,400,2,82,ok,,0,1,55.720209,2017,5,10.234,0.068,10.28,10.255875,889,709,419,2017,2,2,1,5,1.76309E+12,1.76309E+12,,,,,,,,,,,,,,,
g1_online_only,LEO_ONLY,12,0,400,2,83,ok,,0,1,51.542583,2017,5,10.062,0.055,10.402,10.379959,889,709,419,2017,2,2,1,5,1.76309E+12,1.76309E+12,,,,,,,,,,,,,,,
g1_online_only,LEO_ONLY,12,0,400,2,84,ok,,0,1,51.792208,2012,5,10.237,0.066,10.203,10.182792,887,708,417,2012,2,2,1,5,1.76309E+12,1.76309E+12,,,,,,,,,,,,,,,
g1_online_only,LEO_ONLY,12,0,400,2,85,ok,,0,1,49.792125,2012,5,9.812,0.065,10.27,10.251,887,707,418,2012,2,2,1,5,1.76309E+12,1.76309E+12,,,,,,,,,,,,,,,
g1_online_only,LEO_ONLY,12,0,400,2,86,ok,,0,1,52.9925,2014,5,10.003,0.063,10.169,10.14987499,888,708,418,2014,2,2,1,5,1.76309E+12,1.76309E+12,,,,,,,,,,,,,,,
g1_online_only,LEO_ONLY,12,0,400,2,87,ok,,0,1,53.313751,2012,5,9.909,0.058,10.512,10.490417,887,707,418,2012,2,2,1,5,1.76309E+12,1.76309E+12,,,,,,,,,,,,,,,
g1_online_only,LEO_ONLY,12,0,400,2,88,ok,,0,1,51.792584,2016,5,10.045,0.059,10.432,10.413125,889,708,419,2016,2,2,1,5,1.76309E+12,1.76309E+12,,,,,,,,,,,,,,,
g1_online_only,LEO_ONLY,12,0,400,2,89,ok,,0,1,51.635375,2010,5,10.015,0.072,10.536,10.520875,886,707,417,2010,2,2,1,5,1.76309E+12,1.76309E+12,,,,,,,,,,,,,,,
g1_online_only,LEO_ONLY,12,0,400,2,90,ok,,0,1,55.588833,2014,5,10.236,0.076,10.361,10.347833,888,708,418,2014,2,2,1,5,1.76309E+12,1.76309E+12,,,,,,,,,,,,,,,
g1_online_only,LEO_ONLY,12,0,400,2,91,ok,,0,1,58.292167,2011,5,10.386,0.057,10.427,10.407792,886,708,417,2011,2,2,1,5,1.76309E+12,1.76309E+12,,,,,,,,,,,,,,,
g1_online_only,LEO_ONLY,12,0,400,2,92,ok,,0,1,65.07166701,1990,5,16.554,0.068,10.375,10.354583,876,708,406,1990,2,2,1,5,1.76309E+12,1.76309E+12,,,,,,,,,,,,,,,
g1_online_only,LEO_ONLY,12,0,400,2,93,ok,,0,1,53.91233299,2017,5,10.167,0.064,10.251,10.231042,889,709,419,2017,2,2,1,5,1.76309E+12,1.76309E+12,,,,,,,,,,,,,,,
g1_online_only,LEO_ONLY,12,0,400,2,94,ok,,0,1,54.546375,2014,5,10.971,0.112,10.814,10.807667,888,708,418,2014,2,2,1,5,1.76309E+12,1.76309E+12,,,,,,,,,,,,,,,
g1_online_only,LEO_ONLY,12,0,400,2,95,ok,,0,1,54.970458,2012,5,10.085,0.066,10.64,10.616208,887,708,417,2012,2,2,1,5,1.76309E+12,1.76309E+12,,,,,,,,,,,,,,,
g1_online_only,LEO_ONLY,12,0,400,2,96,ok,,0,1,48.908166,2008,5,10.162,0.066,10.229,10.208833,885,706,417,2008,2,2,1,5,1.76309E+12,1.76309E+12,,,,,,,,,,,,,,,
g1_online_only,LEO_ONLY,12,0,400,2,97,ok,,0,1,52.977875,2015,5,10.267,0.059,10.295,10.273417,889,708,418,2015,2,2,1,5,1.76309E+12,1.76309E+12,,,,,,,,,,,,,,,
g1_online_only,LEO_ONLY,12,0,400,2,98,ok,,0,1,56.439584,2012,5,10.264,0.065,10.263,10.242875,887,708,417,2012,2,2,1,5,1.76309E+12,1.76309E+12,,,,,,,,,,,,,,,
g1_online_only,LEO_ONLY,12,0,400,2,99,ok,,0,1,53.389583,2017,5,10.115,0.072,10.322,10.2995,889,709,419,2017,2,2,1,5,1.76309E+12,1.76309E+12,,,,,,,,,,,,,,,
g1_online_only,LEO_ONLY,12,0,400,2,100,ok,,0,1,54.631125,2014,5,10.344,0.066,10.534,10.512792,888,708,418,2014,2,2,1,5,1.76309E+12,1.76309E+12,,,,,,,,,,,,,,,
g1_online_only,LEO_ONLY,12,0,400,2,101,ok,,0,1,54.051959,2017,5,10.421,0.078,10.277,10.258291,889,709,419,2017,2,2,1,5,1.76309E+12,1.76309E+12,,,,,,,,,,,,,,,
g1_online_only,LEO_ONLY,12,0,400,2,102,ok,,0,1,51.957958,2014,5,9.944,0.068,10.416,10.394542,888,708,418,2014,2,2,1,5,1.76309E+12,1.76309E+12,,,,,,,,,,,,,,,
g1_online_only,LEO_ONLY,12,0,400,2,103,ok,,0,1,54.140458,2015,5,10.169,0.065,10.649,10.629583,888,709,418,2015,2,2,1,5,1.76309E+12,1.76309E+12,,,,,,,,,,,,,,,
g1_online_only,LEO_ONLY,12,0,400,2,104,ok,,0,1,53.574125,2008,5,10.132,0.058,10.143,10.130958,885,707,416,2008,2,2,1,5,1.76309E+12,1.76309E+12,,,,,,,,,,,,,,,
g1_online_only,LEO_ONLY,12,0,400,2,105,ok,,0,1,47.379583,2011,5,10.135,0.075,10.303,10.27425,886,708,417,2011,2,2,1,5,1.76309E+12,1.76309E+12,,,,,,,,,,,,,,,
g1_online_only,LEO_ONLY,12,0,400,2,106,ok,,0,1,55.784542,2015,5,10.361,0.076,10.55,10.529,888,708,419,2015,2,2,1,5,1.76309E+12,1.76309E+12,,,,,,,,,,,,,,,
g1_online_only,LEO_ONLY,12,0,400,2,107,ok,,0,1,53.968291,2016,5,10.611,0.143,11.027,11.025125,888,709,419,2016,2,2,1,5,1.76309E+12,1.76309E+12,,,,,,,,,,,,,,,
g1_online_only,LEO_ONLY,12,0,400,2,108,ok,,0,1,56.408084,2017,5,10.165,0.069,10.204,10.184458,889,709,419,2017,2,2,1,5,1.76309E+12,1.76309E+12,,,,,,,,,,,,,,,
g1_online_only,LEO_ONLY,12,0,400,2,109,ok,,0,1,50.676459,2010,5,10.215,0.069,10.286,10.265542,886,707,417,2010,2,2,1,5,1.76309E+12,1.76309E+12,,,,,,,,,,,,,,,
g1_online_only,LEO_ONLY,12,0,400,2,110,ok,,0,1,54.192791,2011,5,10.142,0.074,10.337,10.31037499,887,707,417,2011,2,2,1,5,1.76309E+12,1.76309E+12,,,,,,,,,,,,,,,
g1_online_only,LEO_ONLY,12,0,400,2,111,ok,,0,1,53.451291,2015,5,9.909,0.059,10.385,10.37204199,889,708,418,2015,2,2,1,5,1.76309E+12,1.76309E+12,,,,,,,,,,,,,,,
g1_online_only,LEO_ONLY,12,0,400,2,112,ok,,0,1,56.821083,2015,5,10.037,0.067,10.647,10.625708,888,709,418,2015,2,2,1,5,1.76309E+12,1.76309E+12,,,,,,,,,,,,,,,
g1_online_only,LEO_ONLY,12,0,400,2,113,ok,,0,1,53.169792,2013,5,9.92,0.065,10.405,10.38695801,887,708,418,2013,2,2,1,5,1.76309E+12,1.76309E+12,,,,,,,,,,,,,,,
g1_online_only,LEO_ONLY,12,0,400,2,114,ok,,0,1,54.479333,2011,5,10.115,0.067,10.342,10.32350001,886,708,417,2011,2,2,1,5,1.76309E+12,1.76309E+12,,,,,,,,,,,,,,,
g1_online_only,LEO_ONLY,12,0,400,2,115,ok,,0,1,54.392792,2010,5,10.068,0.067,10.298,10.278,886,707,417,2010,2,2,1,5,1.76309E+12,1.76309E+12,,,,,,,,,,,,,,,
g1_online_only,LEO_ONLY,12,0,400,2,116,ok,,0,1,55.719041,2013,5,10.346,0.072,10.183,10.167459,887,708,418,2013,2,2,1,5,1.76309E+12,1.76309E+12,,,,,,,,,,,,,,,
g1_online_only,LEO_ONLY,12,0,400,2,117,ok,,0,1,51.146666,2014,5,10.021,0.061,10.428,10.408291,888,708,418,2014,2,2,1,5,1.76309E+12,1.76309E+12,,,,,,,,,,,,,,,
g1_online_only,LEO_ONLY,12,0,400,2,118,ok,,0,1,56.281833,2010,5,10.002,0.067,10.172,10.1515,886,707,417,2010,2,2,1,5,1.76309E+12,1.76309E+12,,,,,,,,,,,,,,,
g1_online_only,LEO_ONLY,12,0,400,2,119,ok,,0,1,53.423625,2014,5,9.913,0.069,10.331,10.311584,888,708,418,2014,2,2,1,5,1.76309E+12,1.76309E+12,,,,,,,,,,,,,,,
g1_online_only,LEO_ONLY,12,0,400,2,120,ok,,0,1,51.994166,2017,5,9.946,0.065,10.441,10.408334,889,709,419,2017,2,2,1,5,1.76309E+12,1.76309E+12,,,,,,,,,,,,,,,
g1_online_only,LEO_ONLY,12,0,400,2,121,ok,,0,1,56.248292,2015,5,9.905,0.066,10.391,10.370625,888,708,419,2015,2,2,1,5,1.76309E+12,1.76309E+12,,,,,,,,,,,,,,,
g1_online_only,LEO_ONLY,12,0,400,2,122,ok,,0,1,52.87475,2017,5,9.9,0.063,10.524,10.507292,889,709,419,2017,2,2,1,5,1.76309E+12,1.76309E+12,,,,,,,,,,,,,,,
g1_online_only,LEO_ONLY,12,0,400,2,123,ok,,0,1,49.942583,2015,5,9.892,0.065,10.216,10.197375,888,708,419,2015,2,2,1,5,1.76309E+12,1.76309E+12,,,,,,,,,,,,,,,
g1_online_only,LEO_ONLY,12,0,400,2,124,ok,,0,1,49.726417,2015,5,10.071,0.063,10.326,10.306209,888,708,419,2015,2,2,1,5,1.76309E+12,1.76309E+12,,,,,,,,,,,,,,,
g1_online_only,LEO_ONLY,12,0,400,2,125,ok,,0,1,47.948375,2011,5,11.353,0.118,11.542,11.540125,886,707,418,2011,2,2,1,5,1.76309E+12,1.76309E+12,,,,,,,,,,,,,,,
g1_online_only,LEO_ONLY,12,0,400,2,126,ok,,0,1,51.1285,2014,5,10.256,0.071,10.288,10.267792,888,708,418,2014,2,2,1,5,1.76309E+12,1.76309E+12,,,,,,,,,,,,,,,
g1_online_only,LEO_ONLY,12,0,400,2,127,ok,,0,1,54.357958,2017,5,10.188,0.062,10.47,10.450667,889,709,419,2017,2,2,1,5,1.76309E+12,1.76309E+12,,,,,,,,,,,,,,,
g1_online_only,LEO_ONLY,12,0,400,2,128,ok,,0,1,52.463875,2014,5,10.04,0.065,10.476,10.456416,888,708,418,2014,2,2,1,5,1.76309E+12,1.76309E+12,,,,,,,,,,,,,,,
g1_online_only,LEO_ONLY,12,0,400,2,129,ok,,0,1,55.713876,2013,5,10.249,0.071,10.344,10.321292,887,708,418,2013,2,2,1,5,1.76309E+12,1.76309E+12,,,,,,,,,,,,,,,
g1_online_only,LEO_ONLY,12,0,400,2,130,ok,,0,1,54.46266699,2018,5,10.156,0.059,10.369,10.349542,890,709,419,2018,2,2,1,5,1.76309E+12,1.76309E+12,,,,,,,,,,,,,,,
g1_online_only,LEO_ONLY,12,0,400,2,131,ok,,0,1,49.886834,2015,5,10.221,0.066,10.467,10.44425,888,708,419,2015,2,2,1,5,1.76309E+12,1.76309E+12,,,,,,,,,,,,,,,
g1_online_only,LEO_ONLY,12,0,400,2,132,ok,,0,1,50.6985,2015,5,9.918,0.066,10.512,10.583042,888,708,419,2015,2,2,1,5,1.76309E+12,1.76309E+12,,,,,,,,,,,,,,,
g1_online_only,LEO_ONLY,12,0,400,2,133,ok,,0,1,54.370791,2017,5,10.07,0.064,10.459,10.431167,889,709,419,2017,2,2,1,5,1.76309E+12,1.76309E+12,,,,,,,,,,,,,,,
g1_online_only,LEO_ONLY,12,0,400,2,134,ok,,0,1,55.992417,2012,5,10.535,0.094,10.588,10.562833,887,707,418,2012,2,2,1,5,1.76309E+12,1.76309E+12,,,,,,,,,,,,,,,
g1_online_only,LEO_ONLY,12,0,400,2,135,ok,,0,1,50.91566699,2013,5,10.375,0.086,10.434,10.41383301,887,708,418,2013,2,2,1,5,1.76309E+12,1.76309E+12,,,,,,,,,,,,,,,
g1_online_only,LEO_ONLY,12,0,400,2,136,ok,,0,1,49.517334,2015,5,10.229,0.088,10.628,10.628541,888,708,419,2015,2,2,1,5,1.76309E+12,1.76309E+12,,,,,,,,,,,,,,,
g1_online_only,LEO_ONLY,12,0,400,2,137,ok,,0,1,57.712334,2015,5,10.017,0.076,10.384,10.368791,888,708,419,2015,2,2,1,5,1.76309E+12,1.76309E+12,,,,,,,,,,,,,,,
g1_online_only,LEO_ONLY,12,0,400,2,138,ok,,0,1,52.149333,2014,5,10.499,0.106,10.538,10.501208,888,708,418,2014,2,2,1,5,1.76309E+12,1.76309E+12,,,,,,,,,,,,,,,
g1_online_only,LEO_ONLY,12,0,400,2,139,ok,,0,1,56.24999999,2015,5,10.577,0.12,11.563,11.579792,888,708,419,2015,2,2,1,5,1.76309E+12,1.76309E+12,,,,,,,,,,,,,,,
g1_online_only,LEO_ONLY,12,0,400,2,140,ok,,0,1,56.425625,2017,5,10.159,0.067,10.41,10.391083,889,709,419,2017,2,2,1,5,1.76309E+12,1.76309E+12,,,,,,,,,,,,,,,
g1_online_only,LEO_ONLY,12,0,400,2,141,ok,,0,1,54.520542,2013,5,10.22,0.065,10.479,10.456417,887,709,417,2013,2,2,1,5,1.76309E+12,1.76309E+12,,,,,,,,,,,,,,,
g1_online_only,LEO_ONLY,12,0,400,2,142,ok,,0,1,50.842416,2014,5,9.904,0.072,10.317,10.289334,888,708,418,2014,2,2,1,5,1.76309E+12,1.76309E+12,,,,,,,,,,,,,,,
g1_online_only,LEO_ONLY,12,0,400,2,143,ok,,0,1,52.70225,2012,5,10.107,0.066,10.594,10.57424999,887,707,418,2012,2,2,1,5,1.76309E+12,1.76309E+12,,,,,,,,,,,,,,,
g1_online_only,LEO_ONLY,12,0,400,2,144,ok,,0,1,60.63741601,2010,5,10.983,0.186,11.38,11.352208,886,707,417,2010,2,2,1,5,1.76309E+12,1.76309E+12,,,,,,,,,,,,,,,
g1_online_only,LEO_ONLY,12,0,400,2,145,ok,,0,1,57.673708,2017,5,10.292,0.073,10.865,10.815209,889,709,419,2017,2,2,1,5,1.76309E+12,1.76309E+12,,,,,,,,,,,,,,,
g1_online_only,LEO_ONLY,12,0,400,2,146,ok,,0,1,109.368208,2013,5,14.089,0.356,17.957,18.013208,887,708,418,2013,2,2,1,5,1.76309E+12,1.76309E+12,,,,,,,,,,,,,,,
g1_online_only,LEO_ONLY,12,0,400,2,147,ok,,0,1,55.427458,2012,5,10.703,0.109,10.779,10.767667,887,707,418,2012,2,2,1,5,1.76309E+12,1.76309E+12,,,,,,,,,,,,,,,
g1_online_only,LEO_ONLY,12,0,400,2,148,ok,,0,1,53.209042,2017,5,10.079,0.072,10.262,10.244041,889,709,419,2017,2,2,1,5,1.76309E+12,1.76309E+12,,,,,,,,,,,,,,,
g1_online_only,LEO_ONLY,12,0,400,2,149,ok,,0,1,57.373084,2017,5,10.447,0.086,10.518,10.492,889,709,419,2017,2,2,1,5,1.76309E+12,1.76309E+12,,,,,,,,,,,,,,,
g1_online_only,LEO_ONLY,12,0,400,2,150,ok,,0,1,53.925167,2014,5,10.118,0.074,10.606,10.583958,888,708,418,2014,2,2,1,5,1.76309E+12,1.76309E+12,,,,,,,,,,,,,,,
g1_online_only,LEO_ONLY,12,0,400,2,151,ok,,0,1,53.509,2017,5,10.494,0.097,10.788,10.75008301,889,709,419,2017,2,2,1,5,1.76309E+12,1.76309E+12,,,,,,,,,,,,,,,
g1_online_only,LEO_ONLY,12,0,400,2,152,ok,,0,1,60.145375,2012,5,10.508,0.077,10.551,10.516709,887,707,418,2012,2,2,1,5,1.76309E+12,1.76309E+12,,,,,,,,,,,,,,,
g1_online_only,LEO_ONLY,12,0,400,2,153,ok,,0,1,51.058917,2013,5,10.248,0.064,10.258,10.23625,887,708,418,2013,2,2,1,5,1.76309E+12,1.76309E+12,,,,,,,,,,,,,,,
g1_online_only,LEO_ONLY,12,0,400,2,154,ok,,0,1,50.01991599,2017,5,10.109,0.077,10.486,10.457583,889,709,419,2017,2,2,1,5,1.76309E+12,1.76309E+12,,,,,,,,,,,,,,,
g1_online_only,LEO_ONLY,12,0,400,2,155,ok,,0,1,52.817792,2017,5,10.406,0.079,10.385,10.36870899,889,709,419,2017,2,2,1,5,1.76309E+12,1.76309E+12,,,,,,,,,,,,,,,
g1_online_only,LEO_ONLY,12,0,400,2,156,ok,,0,1,56.67475,2015,5,11.09,0.081,10.887,10.869584,888,709,418,2015,2,2,1,5,1.76309E+12,1.76309E+12,,,,,,,,,,,,,,,
g1_online_only,LEO_ONLY,12,0,400,2,157,ok,,0,1,78.371667,2015,5,16.484,0.219,17.977,17.966209,888,709,418,2015,2,2,1,5,1.76309E+12,1.76309E+12,,,,,,,,,,,,,,,
g1_online_only,LEO_ONLY,12,0,400,2,158,ok,,0,1,59.42429201,2012,5,10.583,0.187,11.029,11.014541,887,707,418,2012,2,2,1,5,1.76309E+12,1.76309E+12,,,,,,,,,,,,,,,
g1_online_only,LEO_ONLY,12,0,400,2,159,ok,,0,1,86.574625,2011,5,12.339,1.511,36.615,36.674125,885,709,417,2011,2,2,1,5,1.76309E+12,1.76309E+12,,,,,,,,,,,,,,,
g1_online_only,LEO_ONLY,12,0,400,2,160,ok,,0,1,55.994333,2017,5,10.318,0.088,10.468,10.452583,889,709,419,2017,2,2,1,5,1.76309E+12,1.76309E+12,,,,,,,,,,,,,,,
g1_online_only,LEO_ONLY,12,0,400,2,161,ok,,0,1,53.627375,2014,5,10.275,0.068,10.492,10.470458,887,709,418,2014,2,2,1,5,1.76309E+12,1.76309E+12,,,,,,,,,,,,,,,
g1_online_only,LEO_ONLY,12,0,400,2,162,ok,,0,1,56.636417,2010,5,10.262,0.091,11.505,11.732917,886,707,417,2010,2,2,1,5,1.76309E+12,1.76309E+12,,,,,,,,,,,,,,,
g1_online_only,LEO_ONLY,12,0,400,2,163,ok,,0,1,58.373667,2015,5,10.413,0.071,10.495,10.468333,888,709,418,2015,2,2,1,5,1.76309E+12,1.76309E+12,,,,,,,,,,,,,,,
g1_online_only,LEO_ONLY,12,0,400,2,164,ok,,0,1,55.381208,2010,5,10.176,0.069,10.461,10.438333,886,707,417,2010,2,2,1,5,1.76309E+12,1.76309E+12,,,,,,,,,,,,,,,
g1_online_only,LEO_ONLY,12,0,400,2,165,ok,,0,1,49.475417,2008,5,10.289,0.071,10.435,10.414541,885,707,416,2008,2,2,1,5,1.76309E+12,1.76309E+12,,,,,,,,,,,,,,,
g1_online_only,LEO_ONLY,12,0,400,2,166,ok,,0,1,53.039083,2013,5,10.179,0.068,10.716,10.69625,887,708,418,2013,2,2,1,5,1.76309E+12,1.76309E+12,,,,,,,,,,,,,,,
g1_online_only,LEO_ONLY,12,0,400,2,167,ok,,0,1,55.980459,2011,5,10.063,0.071,10.587,10.564583,886,708,417,2011,2,2,1,5,1.76309E+12,1.76309E+12,,,,,,,,,,,,,,,
g1_online_only,LEO_ONLY,12,0,400,2,168,ok,,0,1,53.841083,2017,5,10.139,0.085,10.683,10.666792,889,709,419,2017,2,2,1,5,1.76309E+12,1.76309E+12,,,,,,,,,,,,,,,
g1_online_only,LEO_ONLY,12,0,400,2,169,ok,,0,1,52.171667,2013,5,10.172,0.066,10.354,10.334417,887,708,418,2013,2,2,1,5,1.76309E+12,1.76309E+12,,,,,,,,,,,,,,,
g1_online_only,LEO_ONLY,12,0,400,2,170,ok,,0,1,54.61425,2013,5,10.672,0.144,11.065,11.097042,887,709,417,2013,2,2,1,5,1.76309E+12,1.76309E+12,,,,,,,,,,,,,,,
g1_online_only,LEO_ONLY,12,0,400,2,171,ok,,0,1,47.776417,2015,5,10.455,0.07,10.454,10.428958,888,708,419,2015,2,2,1,5,1.76309E+12,1.76309E+12,,,,,,,,,,,,,,,
g1_online_only,LEO_ONLY,12,0,400,2,172,ok,,0,1,55.945625,2012,5,10.153,0.072,10.449,10.414959,887,707,418,2012,2,2,1,5,1.76309E+12,1.76309E+12,,,,,,,,,,,,,,,
g1_online_only,LEO_ONLY,12,0,400,2,173,ok,,0,1,56.290125,2017,5,10.629,0.077,10.421,10.397167,889,709,419,2017,2,2,1,5,1.76309E+12,1.76309E+12,,,,,,,,,,,,,,,
g1_online_only,LEO_ONLY,12,0,400,2,174,ok,,0,1,52.756959,2017,5,10.19,0.096,10.567,10.516375,889,709,419,2017,2,2,1,5,1.76309E+12,1.76309E+12,,,,,,,,,,,,,,,
g1_online_only,LEO_ONLY,12,0,400,2,175,ok,,0,1,61.276667,2015,5,10.701,0.098,10.88,10.873584,888,708,419,2015,2,2,1,5,1.76309E+12,1.76309E+12,,,,,,,,,,,,,,,
g1_online_only,LEO_ONLY,12,0,400,2,176,ok,,0,1,53.446083,2017,5,10.553,0.085,10.877,10.865875,889,709,419,2017,2,2,1,5,1.76309E+12,1.76309E+12,,,,,,,,,,,,,,,
g1_online_only,LEO_ONLY,12,0,400,2,177,ok,,0,1,56.173917,2014,5,11,0.104,10.929,10.93870901,888,708,418,2014,2,2,1,5,1.76309E+12,1.76309E+12,,,,,,,,,,,,,,,
g1_online_only,LEO_ONLY,12,0,400,2,178,ok,,0,1,51.099625,2014,5,10.372,0.072,10.475,10.451459,888,708,418,2014,2,2,1,5,1.76309E+12,1.76309E+12,,,,,,,,,,,,,,,
g1_online_only,LEO_ONLY,12,0,400,2,179,ok,,0,1,71.080625,2015,5,11.339,0.141,11.692,11.745875,888,708,419,2015,2,2,1,5,1.76309E+12,1.76309E+12,,,,,,,,,,,,,,,
g1_online_only,LEO_ONLY,12,0,400,2,180,ok,,0,1,54.353666,2017,5,10.305,0.088,10.397,10.363,889,709,419,2017,2,2,1,5,1.76309E+12,1.76309E+12,,,,,,,,,,,,,,,
g1_online_only,LEO_ONLY,12,0,400,2,181,ok,,0,1,54.2605,2014,5,10.142,0.068,10.425,10.388958,888,708,418,2014,2,2,1,5,1.76309E+12,1.76309E+12,,,,,,,,,,,,,,,
g1_online_only,LEO_ONLY,12,0,400,2,182,ok,,0,1,53.131833,2012,5,10.252,0.068,10.511,10.485625,887,707,418,2012,2,2,1,5,1.76309E+12,1.76309E+12,,,,,,,,,,,,,,,
g1_online_only,LEO_ONLY,12,0,400,2,183,ok,,0,1,51.660667,2010,5,10.054,0.069,10.474,10.449625,886,707,417,2010,2,2,1,5,1.76309E+12,1.76309E+12,,,,,,,,,,,,,,,
g1_online_only,LEO_ONLY,12,0,400,2,184,ok,,0,1,51.306375,2015,5,10.492,0.082,10.542,10.527125,888,708,419,2015,2,2,1,5,1.76309E+12,1.76309E+12,,,,,,,,,,,,,,,
g1_online_only,LEO_ONLY,12,0,400,2,185,ok,,0,1,52.532625,2017,5,10.328,0.087,10.695,10.658583,889,709,419,2017,2,2,1,5,1.76309E+12,1.76309E+12,,,,,,,,,,,,,,,
g1_online_only,LEO_ONLY,12,0,400,2,186,ok,,0,1,53.600958,2013,5,10.745,0.177,11.332,11.321917,887,708,418,2013,2,2,1,5,1.76309E+12,1.76309E+12,,,,,,,,,,,,,,,
g1_online_only,LEO_ONLY,12,0,400,2,187,ok,,0,1,53.445208,2015,5,10.352,0.115,10.616,10.570125,888,708,419,2015,2,2,1,5,1.76309E+12,1.76309E+12,,,,,,,,,,,,,,,
g1_online_only,LEO_ONLY,12,0,400,2,188,ok,,0,1,53.962,2010,5,10.062,0.073,10.887,10.883291,886,708,416,2010,2,2,1,5,1.76309E+12,1.76309E+12,,,,,,,,,,,,,,,
g1_online_only,LEO_ONLY,12,0,400,2,189,ok,,0,1,54.427875,2014,5,11.004,0.154,10.787,10.743333,888,708,418,2014,2,2,1,5,1.76309E+12,1.76309E+12,,,,,,,,,,,,,,,
g1_online_only,LEO_ONLY,12,0,400,2,190,ok,,0,1,56.313333,2017,5,10.707,0.102,10.548,10.528459,889,709,419,2017,2,2,1,5,1.76309E+12,1.76309E+12,,,,,,,,,,,,,,,
g1_online_only,LEO_ONLY,12,0,400,2,191,ok,,0,1,54.43775,2015,5,10.441,0.151,11.008,10.974875,888,709,418,2015,2,2,1,5,1.76309E+12,1.76309E+12,,,,,,,,,,,,,,,
g1_online_only,LEO_ONLY,12,0,400,2,192,ok,,0,1,51.658041,2014,5,14.323,0.142,10.632,10.625375,888,708,418,2014,2,2,1,5,1.76309E+12,1.76309E+12,,,,,,,,,,,,,,,
g1_online_only,LEO_ONLY,12,0,400,2,193,ok,,0,1,58.423792,2017,5,10.217,0.169,10.869,10.859709,889,709,419,2017,2,2,1,5,1.76309E+12,1.76309E+12,,,,,,,,,,,,,,,
g1_online_only,LEO_ONLY,12,0,400,2,194,ok,,0,1,52.007584,2017,5,10.463,0.127,11.222,11.200458,889,709,419,2017,2,2,1,5,1.76309E+12,1.76309E+12,,,,,,,,,,,,,,,
g1_online_only,LEO_ONLY,12,0,400,2,195,ok,,0,1,53.439584,2013,5,10.411,0.126,10.785,10.782875,887,708,418,2013,2,2,1,5,1.76309E+12,1.76309E+12,,,,,,,,,,,,,,,
g1_online_only,LEO_ONLY,12,0,400,2,196,ok,,0,1,52.384708,2015,5,10.64,0.142,11.235,11.239583,888,709,418,2015,2,2,1,5,1.76309E+12,1.76309E+12,,,,,,,,,,,,,,,
g1_online_only,LEO_ONLY,12,0,400,2,197,ok,,0,1,58.243459,2014,5,11.063,0.147,10.544,10.54887501,888,708,418,2014,2,2,1,5,1.76309E+12,1.76309E+12,,,,,,,,,,,,,,,
g1_online_only,LEO_ONLY,12,0,400,2,198,ok,,0,1,54.154667,2015,5,10.652,0.126,10.706,10.697834,888,708,419,2015,2,2,1,5,1.76309E+12,1.76309E+12,,,,,,,,,,,,,,,
g1_online_only,LEO_ONLY,12,0,400,2,199,ok,,0,1,56.339583,2009,5,10.43,0.17,10.707,10.660834,886,707,416,2009,2,2,1,5,1.76309E+12,1.76309E+12,,,,,,,,,,,,,,,
g1_online_only,LEO_ONLY,12,0,400,2,200,ok,,0,1,53.061125,2017,5,10.43,0.144,10.266,10.25941699,889,709,419,2017,2,2,1,5,1.76309E+12,1.76309E+12,,,,,,,,,,,,,,,
g1_online_only,LEO_ONLY,12,0,400,2,201,ok,,0,1,53.522166,2011,5,10.639,0.128,10.787,10.8115,886,707,418,2011,2,2,1,5,1.76309E+12,1.76309E+12,,,,,,,,,,,,,,,
g1_online_only,LEO_ONLY,12,0,400,2,202,ok,,0,1,56.342167,2010,5,10.733,0.142,10.573,10.557375,886,707,417,2010,2,2,1,5,1.76309E+12,1.76309E+12,,,,,,,,,,,,,,,
g1_online_only,LEO_ONLY,12,0,400,2,203,ok,,0,1,52.776875,2006,5,10.546,0.13,10.81,10.826375,884,707,415,2006,2,2,1,5,1.76309E+12,1.76309E+12,,,,,,,,,,,,,,,
g1_online_only,LEO_ONLY,12,0,400,2,204,ok,,0,1,56.293917,2013,5,10.241,0.066,10.578,10.557376,887,708,418,2013,2,2,1,5,1.76309E+12,1.76309E+12,,,,,,,,,,,,,,,
g1_online_only,LEO_ONLY,12,0,400,2,205,ok,,0,1,52.315583,1989,5,10.047,0.061,10.5,10.477959,875,709,405,1989,2,2,1,5,1.76309E+12,1.76309E+12,,,,,,,,,,,,,,,
g1_online_only,LEO_ONLY,12,0,400,2,206,ok,,0,1,48.55441699,2010,5,10.188,0.063,10.504,10.490375,886,707,417,2010,2,2,1,5,1.76309E+12,1.76309E+12,,,,,,,,,,,,,,,
g1_online_only,LEO_ONLY,12,0,400,2,207,ok,,0,1,62.382708,2017,5,10.695,0.081,10.718,10.70175,889,709,419,2017,2,2,1,5,1.76309E+12,1.76309E+12,,,,,,,,,,,,,,,
g1_online_only,LEO_ONLY,12,0,400,2,208,ok,,0,1,51.208375,2017,5,10.218,0.065,10.195,10.177583,889,709,419,2017,2,2,1,5,1.76309E+12,1.76309E+12,,,,,,,,,,,,,,,
g1_online_only,LEO_ONLY,12,0,400,2,209,ok,,0,1,58.59608301,2017,5,10.246,0.065,10.502,10.481917,889,709,419,2017,2,2,1,5,1.76309E+12,1.76309E+12,,,,,,,,,,,,,,,
g1_online_only,LEO_ONLY,12,0,400,2,210,ok,,0,1,56.673125,2017,5,10.93,0.096,11.115,11.093875,889,709,419,2017,2,2,1,5,1.76309E+12,1.76309E+12,,,,,,,,,,,,,,,
g1_online_only,LEO_ONLY,12,0,400,2,211,ok,,0,1,52.5705,2014,5,10.326,0.069,10.562,10.54849999,888,708,418,2014,2,2,1,5,1.76309E+12,1.76309E+12,,,,,,,,,,,,,,,
g1_online_only,LEO_ONLY,12,0,400,2,212,ok,,0,1,54.650875,2015,5,12.352,0.149,10.79,10.740833,888,708,419,2015,2,2,1,5,1.76309E+12,1.76309E+12,,,,,,,,,,,,,,,
g1_online_only,LEO_ONLY,12,0,400,2,213,ok,,0,1,52.955834,2012,5,10.755,0.131,11.052,11.03333401,887,708,417,2012,2,2,1,5,1.76309E+12,1.76309E+12,,,,,,,,,,,,,,,
g1_online_only,LEO_ONLY,12,0,400,2,214,ok,,0,1,53.159125,2016,5,11.01,0.079,10.551,10.535875,888,709,419,2016,2,2,1,5,1.76309E+12,1.76309E+12,,,,,,,,,,,,,,,
g1_online_only,LEO_ONLY,12,0,400,2,215,ok,,0,1,54.62,2014,5,10.594,0.07,10.798,10.783875,888,708,418,2014,2,2,1,5,1.76309E+12,1.76309E+12,,,,,,,,,,,,,,,
g1_online_only,LEO_ONLY,12,0,400,2,216,ok,,0,1,49.980167,2012,5,10.405,0.095,10.362,10.336709,887,708,417,2012,2,2,1,5,1.76309E+12,1.76309E+12,,,,,,,,,,,,,,,
g1_online_only,LEO_ONLY,12,0,400,2,217,ok,,0,1,50.252875,2014,5,10.408,0.082,10.76,10.746167,887,708,419,2014,2,2,1,5,1.76309E+12,1.76309E+12,,,,,,,,,,,,,,,
g1_online_only,LEO_ONLY,12,0,400,2,218,ok,,0,1,54.883792,2017,5,10.254,0.066,10.411,10.393166,889,709,419,2017,2,2,1,5,1.76309E+12,1.76309E+12,,,,,,,,,,,,,,,
g1_online_only,LEO_ONLY,12,0,400,2,219,ok,,0,1,59.69095801,2014,5,10.465,0.079,10.39,10.370083,888,708,418,2014,2,2,1,5,1.76309E+12,1.76309E+12,,,,,,,,,,,,,,,
g1_online_only,LEO_ONLY,12,0,400,2,220,ok,,0,1,50.600291,2006,5,10.629,0.085,10.755,10.738459,884,706,416,2006,2,2,1,5,1.76309E+12,1.76309E+12,,,,,,,,,,,,,,,
g1_online_only,LEO_ONLY,12,0,400,2,221,ok,,0,1,56.56008299,2015,5,10.322,0.068,10.738,10.7195,888,708,419,2015,2,2,1,5,1.76309E+12,1.76309E+12,,,,,,,,,,,,,,,
g1_online_only,LEO_ONLY,12,0,400,2,222,ok,,0,1,55.29637499,2011,5,10.277,0.107,10.566,10.504959,886,707,418,2011,2,2,1,5,1.76309E+12,1.76309E+12,,,,,,,,,,,,,,,
g1_online_only,LEO_ONLY,12,0,400,2,223,ok,,0,1,50.617666,2013,5,10.136,0.067,10.431,10.409208,887,708,418,2013,2,2,1,5,1.76309E+12,1.76309E+12,,,,,,,,,,,,,,,
g1_online_only,LEO_ONLY,12,0,400,2,224,ok,,0,1,52.991667,2012,5,9.992,0.077,10.551,10.521958,887,707,418,2012,2,2,1,5,1.76309E+12,1.76309E+12,,,,,,,,,,,,,,,
g1_online_only,LEO_ONLY,12,0,400,2,225,ok,,0,1,54.610542,2013,5,10.402,0.07,10.552,10.54075,887,708,418,2013,2,2,1,5,1.76309E+12,1.76309E+12,,,,,,,,,,,,,,,
g1_online_only,LEO_ONLY,12,0,400,2,226,ok,,0,1,55.608834,2007,5,10.167,0.066,10.39,10.37,885,706,416,2007,2,2,1,5,1.76309E+12,1.76309E+12,,,,,,,,,,,,,,,
g1_online_only,LEO_ONLY,12,0,400,2,227,ok,,0,1,54.258084,2013,5,10.409,0.067,10.396,10.374208,887,708,418,2013,2,2,1,5,1.76309E+12,1.76309E+12,,,,,,,,,,,,,,,
g1_online_only,LEO_ONLY,12,0,400,2,228,ok,,0,1,53.56929199,2014,5,10.043,0.072,10.454,10.42875,888,708,418,2014,2,2,1,5,1.76309E+12,1.76309E+12,,,,,,,,,,,,,,,
g1_online_only,LEO_ONLY,12,0,400,2,229,ok,,0,1,51.62004101,2013,5,10.12,0.064,10.497,10.47762499,887,709,417,2013,2,2,1,5,1.76309E+12,1.76309E+12,,,,,,,,,,,,,,,
g1_online_only,LEO_ONLY,12,0,400,2,230,ok,,0,1,54.910459,2010,5,10.154,0.07,10.284,10.264666,886,707,417,2010,2,2,1,5,1.76309E+12,1.76309E+12,,,,,,,,,,,,,,,
g1_online_only,LEO_ONLY,12,0,400,2,231,ok,,0,1,58.722375,2014,5,10.463,0.091,10.571,10.569958,888,708,418,2014,2,2,1,5,1.76309E+12,1.76309E+12,,,,,,,,,,,,,,,
g1_online_only,LEO_ONLY,12,0,400,2,232,ok,,0,1,53.637917,2013,5,10.235,0.062,10.269,10.251375,888,707,418,2013,2,2,1,5,1.76309E+12,1.76309E+12,,,,,,,,,,,,,,,
g1_online_only,LEO_ONLY,12,0,400,2,233,ok,,0,1,50.02704199,2013,5,10.17,0.071,10.475,10.457416,887,708,418,2013,2,2,1,5,1.76309E+12,1.76309E+12,,,,,,,,,,,,,,,
g1_online_only,LEO_ONLY,12,0,400,2,234,ok,,0,1,53.539,2014,5,9.849,0.067,10.274,10.256083,888,708,418,2014,2,2,1,5,1.76309E+12,1.76309E+12,,,,,,,,,,,,,,,
g1_online_only,LEO_ONLY,12,0,400,2,235,ok,,0,1,54.505875,2017,5,10.412,0.067,10.616,10.582125,889,709,419,2017,2,2,1,5,1.76309E+12,1.76309E+12,,,,,,,,,,,,,,,
g1_online_only,LEO_ONLY,12,0,400,2,236,ok,,0,1,47.262667,2007,5,10.044,0.072,10.444,10.419541,884,708,415,2007,2,2,1,5,1.76309E+12,1.76309E+12,,,,,,,,,,,,,,,
g1_online_only,LEO_ONLY,12,0,400,2,237,ok,,0,1,50.081,2017,5,10.142,0.058,10.279,10.260292,889,709,419,2017,2,2,1,5,1.76309E+12,1.76309E+12,,,,,,,,,,,,,,,
g1_online_only,LEO_ONLY,12,0,400,2,238,ok,,0,1,52.47975,2017,5,10.121,0.071,10.418,10.398458,889,709,419,2017,2,2,1,5,1.76309E+12,1.76309E+12,,,,,,,,,,,,,,,
g1_online_only,LEO_ONLY,12,0,400,2,239,ok,,0,1,57.396417,2017,5,10.406,0.07,10.58,10.559166,889,709,419,2017,2,2,1,5,1.76309E+12,1.76309E+12,,,,,,,,,,,,,,,
g1_online_only,LEO_ONLY,12,0,400,2,240,ok,,0,1,53.489501,2015,5,10.128,0.066,10.115,10.090834,888,708,419,2015,2,2,1,5,1.76309E+12,1.76309E+12,,,,,,,,,,,,,,,
g1_online_only,LEO_ONLY,12,0,400,2,241,ok,,0,1,54.731292,2013,5,10.018,0.068,10.336,10.316083,887,708,418,2013,2,2,1,5,1.76309E+12,1.76309E+12,,,,,,,,,,,,,,,
g1_online_only,LEO_ONLY,12,0,400,2,242,ok,,0,1,51.247125,2015,5,10.419,0.067,10.252,10.233917,888,708,419,2015,2,2,1,5,1.76309E+12,1.76309E+12,,,,,,,,,,,,,,,
g1_online_only,LEO_ONLY,12,0,400,2,243,ok,,0,1,55.580834,2017,5,10.09,0.065,10.54,10.504584,889,709,419,2017,2,2,1,5,1.76309E+12,1.76309E+12,,,,,,,,,,,,,,,
g1_online_only,LEO_ONLY,12,0,400,2,244,ok,,0,1,52.915166,2015,5,10.141,0.066,10.335,10.316041,888,708,419,2015,2,2,1,5,1.76309E+12,1.76309E+12,,,,,,,,,,,,,,,
g1_online_only,LEO_ONLY,12,0,400,2,245,ok,,0,1,52.52020901,2012,5,10.175,0.069,10.434,10.411833,887,707,418,2012,2,2,1,5,1.76309E+12,1.76309E+12,,,,,,,,,,,,,,,
g1_online_only,LEO_ONLY,12,0,400,2,246,ok,,0,1,51.45462501,2012,5,10.114,0.069,10.511,10.490958,887,708,417,2012,2,2,1,5,1.76309E+12,1.76309E+12,,,,,,,,,,,,,,,
g1_online_only,LEO_ONLY,12,0,400,2,247,ok,,0,1,51.679958,2013,5,10.268,0.065,10.435,10.408375,887,708,418,2013,2,2,1,5,1.76309E+12,1.76309E+12,,,,,,,,,,,,,,,
g1_online_only,LEO_ONLY,12,0,400,2,248,ok,,0,1,51.827167,2017,5,10.341,0.057,10.46,10.441084,889,709,419,2017,2,2,1,5,1.76309E+12,1.76309E+12,,,,,,,,,,,,,,,
g1_online_only,LEO_ONLY,12,0,400,2,249,ok,,0,1,54.347125,2015,5,10.658,0.073,10.277,10.255458,888,708,419,2015,2,2,1,5,1.76309E+12,1.76309E+12,,,,,,,,,,,,,,,
g1_online_only,LEO_ONLY,12,0,400,2,250,ok,,0,1,51.366042,2015,5,10.172,0.062,10.239,10.216625,889,708,418,2015,2,2,1,5,1.76309E+12,1.76309E+12,,,,,,,,,,,,,,,
g1_online_only,LEO_ONLY,12,0,400,2,251,ok,,0,1,51.842625,2017,5,9.863,0.058,10.269,10.24937499,889,709,419,2017,2,2,1,5,1.76309E+12,1.76309E+12,,,,,,,,,,,,,,,
g1_online_only,LEO_ONLY,12,0,400,2,252,ok,,0,1,52.875833,2017,5,9.905,0.068,10.207,10.18575,889,709,419,2017,2,2,1,5,1.76309E+12,1.76309E+12,,,,,,,,,,,,,,,
g1_online_only,LEO_ONLY,12,0,400,2,253,ok,,0,1,51.034208,2010,5,11.089,0.108,10.646,10.689042,886,708,416,2010,2,2,1,5,1.76309E+12,1.76309E+12,,,,,,,,,,,,,,,
g1_online_only,LEO_ONLY,12,0,400,2,254,ok,,0,1,52.501375,2010,5,10.239,0.076,10.315,10.293625,886,707,417,2010,2,2,1,5,1.76309E+12,1.76309E+12,,,,,,,,,,,,,,,
g1_online_only,LEO_ONLY,12,0,400,2,255,ok,,0,1,50.982417,2017,5,10.273,0.07,10.663,10.639416,889,709,419,2017,2,2,1,5,1.76309E+12,1.76309E+12,,,,,,,,,,,,,,,
g1_online_only,LEO_ONLY,12,0,400,2,256,ok,,0,1,53.555625,2012,5,10.189,0.066,10.397,10.375542,887,707,418,2012,2,2,1,5,1.76309E+12,1.76309E+12,,,,,,,,,,,,,,,
g1_online_only,LEO_ONLY,12,0,400,2,257,ok,,0,1,51.390583,2014,5,10.136,0.067,10.446,10.425584,888,708,418,2014,2,2,1,5,1.76309E+12,1.76309E+12,,,,,,,,,,,,,,,
g1_online_only,LEO_ONLY,12,0,400,2,258,ok,,0,1,49.753042,2017,5,10.16,0.066,10.343,10.322875,889,709,419,2017,2,2,1,5,1.76309E+12,1.76309E+12,,,,,,,,,,,,,,,
g1_online_only,LEO_ONLY,12,0,400,2,259,ok,,0,1,54.6435,2015,5,10.392,0.07,10.233,10.210542,888,708,419,2015,2,2,1,5,1.76309E+12,1.76309E+12,,,,,,,,,,,,,,,
g1_online_only,LEO_ONLY,12,0,400,2,260,ok,,0,1,59.66125,2014,5,10.346,0.062,10.27,10.246417,888,708,418,2014,2,2,1,5,1.76309E+12,1.76309E+12,,,,,,,,,,,,,,,
g1_online_only,LEO_ONLY,12,0,400,2,261,ok,,0,1,51.902792,2017,5,10.172,0.065,10.577,10.554417,889,709,419,2017,2,2,1,5,1.76309E+12,1.76309E+12,,,,,,,,,,,,,,,
g1_online_only,LEO_ONLY,12,0,400,2,262,ok,,0,1,54.036542,2012,5,10.067,0.078,10.451,10.4195,887,707,418,2012,2,2,1,5,1.76309E+12,1.76309E+12,,,,,,,,,,,,,,,
g1_online_only,LEO_ONLY,12,0,400,2,263,ok,,0,1,51.77908301,2015,5,10.117,0.07,10.206,10.163792,888,708,419,2015,2,2,1,5,1.76309E+12,1.76309E+12,,,,,,,,,,,,,,,
g1_online_only,LEO_ONLY,12,0,400,2,264,ok,,0,1,50.090083,2016,5,10.087,0.057,10.359,10.336917,888,709,419,2016,2,2,1,5,1.76309E+12,1.76309E+12,,,,,,,,,,,,,,,
g1_online_only,LEO_ONLY,12,0,400,2,265,ok,,0,1,52.611792,2015,5,10.14,0.066,10.535,10.51375,888,709,418,2015,2,2,1,5,1.76309E+12,1.76309E+12,,,,,,,,,,,,,,,
g1_online_only,LEO_ONLY,12,0,400,2,266,ok,,0,1,51.685709,2017,5,10.034,0.066,10.429,10.413875,889,709,419,2017,2,2,1,5,1.76309E+12,1.76309E+12,,,,,,,,,,,,,,,
g1_online_only,LEO_ONLY,12,0,400,2,267,ok,,0,1,54.981834,2011,5,10.114,0.064,10.272,10.25154199,886,708,417,2011,2,2,1,5,1.76309E+12,1.76309E+12,,,,,,,,,,,,,,,
g1_online_only,LEO_ONLY,12,0,400,2,268,ok,,0,1,56.047209,2012,5,10.29,0.076,10.41,10.388333,887,707,418,2012,2,2,1,5,1.76309E+12,1.76309E+12,,,,,,,,,,,,,,,
g1_online_only,LEO_ONLY,12,0,400,2,269,ok,,0,1,52.058167,2015,5,10.266,0.068,10.235,10.2095,888,708,419,2015,2,2,1,5,1.76309E+12,1.76309E+12,,,,,,,,,,,,,,,
g1_online_only,LEO_ONLY,12,0,400,2,270,ok,,0,1,51.54025,2010,5,10.132,0.067,10.496,10.47574999,886,707,417,2010,2,2,1,5,1.76309E+12,1.76309E+12,,,,,,,,,,,,,,,
g1_online_only,LEO_ONLY,12,0,400,2,271,ok,,0,1,48.529709,2016,5,10.062,0.062,10.102,10.084375,889,708,419,2016,2,2,1,5,1.76309E+12,1.76309E+12,,,,,,,,,,,,,,,
g1_online_only,LEO_ONLY,12,0,400,2,272,ok,,0,1,52.401083,2015,5,9.89,0.069,10.334,10.311875,888,708,419,2015,2,2,1,5,1.76309E+12,1.76309E+12,,,,,,,,,,,,,,,
g1_online_only,LEO_ONLY,12,0,400,2,273,ok,,0,1,54.237709,2010,5,9.833,0.065,10.371,10.350958,886,707,417,2010,2,2,1,5,1.76309E+12,1.76309E+12,,,,,,,,,,,,,,,
g1_online_only,LEO_ONLY,12,0,400,2,274,ok,,0,1,51.764167,2010,5,10.21,0.066,10.315,10.295125,886,708,416,2010,2,2,1,5,1.76309E+12,1.76309E+12,,,,,,,,,,,,,,,
g1_online_only,LEO_ONLY,12,0,400,2,275,ok,,0,1,54.915792,2011,5,9.92,0.064,10.331,10.308,887,707,417,2011,2,2,1,5,1.76309E+12,1.76309E+12,,,,,,,,,,,,,,,
g1_online_only,LEO_ONLY,12,0,400,2,276,ok,,0,1,54.147125,2015,5,10.138,0.062,10.53,10.508375,888,708,419,2015,2,2,1,5,1.76309E+12,1.76309E+12,,,,,,,,,,,,,,,
g1_online_only,LEO_ONLY,12,0,400,2,277,ok,,0,1,60.940584,2017,5,10.581,0.074,10.621,10.59962501,889,709,419,2017,2,2,1,5,1.76309E+12,1.76309E+12,,,,,,,,,,,,,,,
g1_online_only,LEO_ONLY,12,0,400,2,278,ok,,0,1,52.663,2017,5,10.048,0.073,10.28,10.260791,889,709,419,2017,2,2,1,5,1.76309E+12,1.76309E+12,,,,,,,,,,,,,,,
g1_online_only,LEO_ONLY,12,0,400,2,279,ok,,0,1,52.015458,2014,5,10.156,0.065,10.298,10.278666,888,708,418,2014,2,2,1,5,1.76309E+12,1.76309E+12,,,,,,,,,,,,,,,
g1_online_only,LEO_ONLY,12,0,400,2,280,ok,,0,1,54.691375,2017,5,10.22,0.074,10.377,10.354166,889,709,419,2017,2,2,1,5,1.76309E+12,1.76309E+12,,,,,,,,,,,,,,,
g1_online_only,LEO_ONLY,12,0,400,2,281,ok,,0,1,56.042084,2010,5,10.09,0.069,10.237,10.215875,886,707,417,2010,2,2,1,5,1.76309E+12,1.76309E+12,,,,,,,,,,,,,,,
g1_online_only,LEO_ONLY,12,0,400,2,282,ok,,0,1,55.621958,2012,5,10.208,0.065,10.238,10.211792,887,707,418,2012,2,2,1,5,1.76309E+12,1.76309E+12,,,,,,,,,,,,,,,
g1_online_only,LEO_ONLY,12,0,400,2,283,ok,,0,1,51.187084,2017,5,10.084,0.065,10.335,10.308542,889,709,419,2017,2,2,1,5,1.76309E+12,1.76309E+12,,,,,,,,,,,,,,,
g1_online_only,LEO_ONLY,12,0,400,2,284,ok,,0,1,55.422916,2008,5,10.096,0.064,10.216,10.193,885,707,416,2008,2,2,1,5,1.76309E+12,1.76309E+12,,,,,,,,,,,,,,,
g1_online_only,LEO_ONLY,12,0,400,2,285,ok,,0,1,52.746375,2017,5,10.235,0.062,10.359,10.338417,889,709,419,2017,2,2,1,5,1.76309E+12,1.76309E+12,,,,,,,,,,,,,,,
g1_online_only,LEO_ONLY,12,0,400,2,286,ok,,0,1,56.877,2013,5,12.977,0.107,10.509,10.474,887,708,418,2013,2,2,1,5,1.76309E+12,1.76309E+12,,,,,,,,,,,,,,,
g1_online_only,LEO_ONLY,12,0,400,2,287,ok,,0,1,52.79191701,2013,5,10.132,0.066,10.513,10.492416,887,708,418,2013,2,2,1,5,1.76309E+12,1.76309E+12,,,,,,,,,,,,,,,
g1_online_only,LEO_ONLY,12,0,400,2,288,ok,,0,1,49.047916,2014,5,9.973,0.084,10.416,10.39220901,888,708,418,2014,2,2,1,5,1.76309E+12,1.76309E+12,,,,,,,,,,,,,,,
g1_online_only,LEO_ONLY,12,0,400,2,289,ok,,0,1,54.7335,2014,5,10.283,0.063,10.514,10.497791,888,708,418,2014,2,2,1,5,1.76309E+12,1.76309E+12,,,,,,,,,,,,,,,
g1_online_only,LEO_ONLY,12,0,400,2,290,ok,,0,1,50.344625,2014,5,10.182,0.073,10.436,10.40875,888,708,418,2014,2,2,1,5,1.76309E+12,1.76309E+12,,,,,,,,,,,,,,,
g1_online_only,LEO_ONLY,12,0,400,2,291,ok,,0,1,53.39445901,2015,5,10.383,0.06,10.317,10.295333,889,708,418,2015,2,2,1,5,1.76309E+12,1.76309E+12,,,,,,,,,,,,,,,
g1_online_only,LEO_ONLY,12,0,400,2,292,ok,,0,1,57.927083,2010,5,10.39,0.096,10.59,10.55225,886,707,417,2010,2,2,1,5,1.76309E+12,1.76309E+12,,,,,,,,,,,,,,,
g1_online_only,LEO_ONLY,12,0,400,2,293,ok,,0,1,56.458959,2015,5,12.65,0.069,10.168,10.148667,888,708,419,2015,2,2,1,5,1.76309E+12,1.76309E+12,,,,,,,,,,,,,,,
g1_online_only,LEO_ONLY,12,0,400,2,294,ok,,0,1,50.2105,2014,5,9.929,0.057,10.364,10.329125,888,708,418,2014,2,2,1,5,1.76309E+12,1.76309E+12,,,,,,,,,,,,,,,
g1_online_only,LEO_ONLY,12,0,400,2,295,ok,,0,1,57.081125,2014,5,10.306,0.089,10.679,10.673833,888,708,418,2014,2,2,1,5,1.76309E+12,1.76309E+12,,,,,,,,,,,,,,,
g1_online_only,LEO_ONLY,12,0,400,2,296,ok,,0,1,53.67058299,2013,5,10.175,0.062,10.49,10.468417,888,707,418,2013,2,2,1,5,1.76309E+12,1.76309E+12,,,,,,,,,,,,,,,
g1_online_only,LEO_ONLY,12,0,400,2,297,ok,,0,1,53.301417,2011,5,10.248,0.066,10.437,10.415833,886,707,418,2011,2,2,1,5,1.76309E+12,1.76309E+12,,,,,,,,,,,,,,,
g1_online_only,LEO_ONLY,12,0,400,2,298,ok,,0,1,49.22525,2017,5,9.966,0.064,10.399,10.379875,889,709,419,2017,2,2,1,5,1.76309E+12,1.76309E+12,,,,,,,,,,,,,,,
g1_online_only,LEO_ONLY,12,0,400,2,299,ok,,0,1,52.505,2015,5,10.157,0.063,10.194,10.175042,888,708,419,2015,2,2,1,5,1.76309E+12,1.76309E+12,,,,,,,,,,,,,,,
g1_online_only,LEO_ONLY,12,0,400,2,300,ok,,0,1,55.431041,2014,5,10.225,0.078,10.358,10.333584,887,708,419,2014,2,2,1,5,1.76309E+12,1.76309E+12,,,,,,,,,,,,,,,
g1_online_only,LEO_ONLY,12,0,600,2,1,ok,,0,1,53.850417,2011,5,10.14,0.081,10.479,10.45525001,886,708,417,2011,2,2,1,5,1.76309E+12,1.76309E+12,,,,,,,,,,,,,,,
g1_online_only,LEO_ONLY,12,0,600,2,2,ok,,0,1,50.572417,2016,5,10.23,0.059,10.348,10.3265,889,709,418,2016,2,2,1,5,1.76309E+12,1.76309E+12,,,,,,,,,,,,,,,
g1_online_only,LEO_ONLY,12,0,600,2,3,ok,,0,1,52.275416,2012,5,10.027,0.078,10.649,10.618542,887,708,417,2012,2,2,1,5,1.76309E+12,1.76309E+12,,,,,,,,,,,,,,,
g1_online_only,LEO_ONLY,12,0,600,2,4,ok,,0,1,52.86816601,2010,5,9.901,0.064,10.336,10.313834,886,707,417,2010,2,2,1,5,1.76309E+12,1.76309E+12,,,,,,,,,,,,,,,
g1_online_only,LEO_ONLY,12,0,600,2,5,ok,,0,1,50.8905,2016,5,10.071,0.056,10.286,10.265459,889,708,419,2016,2,2,1,5,1.76309E+12,1.76309E+12,,,,,,,,,,,,,,,
g1_online_only,LEO_ONLY,12,0,600,2,6,ok,,0,1,53.052125,2017,5,10.055,0.084,10.496,10.476125,889,709,419,2017,2,2,1,5,1.76309E+12,1.76309E+12,,,,,,,,,,,,,,,
g1_online_only,LEO_ONLY,12,0,600,2,7,ok,,0,1,53.606917,2013,5,10.157,0.06,10.167,10.147167,887,708,418,2013,2,2,1,5,1.76309E+12,1.76309E+12,,,,,,,,,,,,,,,
g1_online_only,LEO_ONLY,12,0,600,2,8,ok,,0,1,52.968041,2013,5,10.002,0.062,10.261,10.23587499,887,707,419,2013,2,2,1,5,1.76309E+12,1.76309E+12,,,,,,,,,,,,,,,
g1_online_only,LEO_ONLY,12,0,600,2,9,ok,,0,1,52.83966701,2018,5,10.131,0.059,10.581,10.558958,890,709,419,2018,2,2,1,5,1.76309E+12,1.76309E+12,,,,,,,,,,,,,,,
g1_online_only,LEO_ONLY,12,0,600,2,10,ok,,0,1,52.468833,2014,5,10.257,0.063,10.325,10.299,888,708,418,2014,2,2,1,5,1.76309E+12,1.76309E+12,,,,,,,,,,,,,,,
g1_online_only,LEO_ONLY,12,0,600,2,11,ok,,0,1,55.203166,2017,5,10.139,0.07,10.404,10.3795,889,709,419,2017,2,2,1,5,1.76309E+12,1.76309E+12,,,,,,,,,,,,,,,
g1_online_only,LEO_ONLY,12,0,600,2,12,ok,,0,1,48.824792,2015,5,9.934,0.055,10.422,10.419834,888,709,418,2015,2,2,1,5,1.76309E+12,1.76309E+12,,,,,,,,,,,,,,,
g1_online_only,LEO_ONLY,12,0,600,2,13,ok,,0,1,51.88033399,2015,5,10.217,0.062,10.181,10.1625,888,708,419,2015,2,2,1,5,1.76309E+12,1.76309E+12,,,,,,,,,,,,,,,
g1_online_only,LEO_ONLY,12,0,600,2,14,ok,,0,1,51.192542,2014,5,10.028,0.064,10.572,10.551458,888,708,418,2014,2,2,1,5,1.76309E+12,1.76309E+12,,,,,,,,,,,,,,,
g1_online_only,LEO_ONLY,12,0,600,2,15,ok,,0,1,49.60141701,2016,5,10.008,0.068,10.352,10.3315,888,709,419,2016,2,2,1,5,1.76309E+12,1.76309E+12,,,,,,,,,,,,,,,
g1_online_only,LEO_ONLY,12,0,600,2,16,ok,,0,1,54.2295,2013,5,9.846,0.064,10.304,10.514166,887,708,418,2013,2,2,1,5,1.76309E+12,1.76309E+12,,,,,,,,,,,,,,,
g1_online_only,LEO_ONLY,12,0,600,2,17,ok,,0,1,51.997084,2017,5,10.307,0.067,10.406,10.38625,889,709,419,2017,2,2,1,5,1.76309E+12,1.76309E+12,,,,,,,,,,,,,,,
g1_online_only,LEO_ONLY,12,0,600,2,18,ok,,0,1,52.899625,2012,5,9.883,0.087,10.432,10.413916,887,708,417,2012,2,2,1,5,1.76309E+12,1.76309E+12,,,,,,,,,,,,,,,
g1_online_only,LEO_ONLY,12,0,600,2,19,ok,,0,1,53.280959,2012,5,10.376,0.068,10.352,10.330375,887,708,417,2012,2,2,1,5,1.76309E+12,1.76309E+12,,,,,,,,,,,,,,,
g1_online_only,LEO_ONLY,12,0,600,2,20,ok,,0,1,55.633458,2012,5,10.216,0.061,10.217,10.194583,887,707,418,2012,2,2,1,5,1.76309E+12,1.76309E+12,,,,,,,,,,,,,,,
g1_online_only,LEO_ONLY,12,0,600,2,21,ok,,0,1,54.324667,2014,5,10.321,0.076,10.779,10.767833,888,708,418,2014,2,2,1,5,1.76309E+12,1.76309E+12,,,,,,,,,,,,,,,
g1_online_only,LEO_ONLY,12,0,600,2,22,ok,,0,1,51.114708,2014,5,10.288,0.084,10.49,10.433583,888,708,418,2014,2,2,1,5,1.76309E+12,1.76309E+12,,,,,,,,,,,,,,,
g1_online_only,LEO_ONLY,12,0,600,2,23,ok,,0,1,50.379083,2014,5,10.16,0.078,10.657,10.645417,888,708,418,2014,2,2,1,5,1.76309E+12,1.76309E+12,,,,,,,,,,,,,,,
g1_online_only,LEO_ONLY,12,0,600,2,24,ok,,0,1,55.348291,2014,5,10.403,0.106,10.602,10.5695,888,708,418,2014,2,2,1,5,1.76309E+12,1.76309E+12,,,,,,,,,,,,,,,
g1_online_only,LEO_ONLY,12,0,600,2,25,ok,,0,1,56.845083,2017,5,10.687,0.117,10.723,10.699125,889,709,419,2017,2,2,1,5,1.76309E+12,1.76309E+12,,,,,,,,,,,,,,,
g1_online_only,LEO_ONLY,12,0,600,2,26,ok,,0,1,59.33262499,2015,5,10.893,0.143,10.643,10.58287499,888,708,419,2015,2,2,1,5,1.76309E+12,1.76309E+12,,,,,,,,,,,,,,,
g1_online_only,LEO_ONLY,12,0,600,2,27,ok,,0,1,57.484542,2011,5,10.527,0.122,10.767,10.683375,887,707,417,2011,2,2,1,5,1.76309E+12,1.76309E+12,,,,,,,,,,,,,,,
g1_online_only,LEO_ONLY,12,0,600,2,28,ok,,0,1,56.556708,2015,5,10.904,0.228,11.417,11.35525,888,708,419,2015,2,2,1,5,1.76309E+12,1.76309E+12,,,,,,,,,,,,,,,
g1_online_only,LEO_ONLY,12,0,600,2,29,ok,,0,1,58.06775,2015,5,10.393,0.127,10.53,10.516375,888,708,419,2015,2,2,1,5,1.76309E+12,1.76309E+12,,,,,,,,,,,,,,,
g1_online_only,LEO_ONLY,12,0,600,2,30,ok,,0,1,60.776416,2012,5,10.551,0.135,10.712,10.67262499,887,707,418,2012,2,2,1,5,1.76309E+12,1.76309E+12,,,,,,,,,,,,,,,
g1_online_only,LEO_ONLY,12,0,600,2,31,ok,,0,1,55.29575,2017,5,10.991,0.116,10.715,10.709125,889,709,419,2017,2,2,1,5,1.76309E+12,1.76309E+12,,,,,,,,,,,,,,,
g1_online_only,LEO_ONLY,12,0,600,2,32,ok,,0,1,54.686416,2016,5,10.708,0.153,10.654,10.634875,888,709,419,2016,2,2,1,5,1.76309E+12,1.76309E+12,,,,,,,,,,,,,,,
g1_online_only,LEO_ONLY,12,0,600,2,33,ok,,0,1,62.656916,2014,5,10.519,0.136,10.544,10.543625,888,708,418,2014,2,2,1,5,1.76309E+12,1.76309E+12,,,,,,,,,,,,,,,
g1_online_only,LEO_ONLY,12,0,600,2,34,ok,,0,1,53.408084,2011,5,10.645,0.146,10.725,10.707042,886,707,418,2011,2,2,1,5,1.76309E+12,1.76309E+12,,,,,,,,,,,,,,,
g1_online_only,LEO_ONLY,12,0,600,2,35,ok,,0,1,51.930583,2015,5,10.887,0.123,10.89,10.856709,888,708,419,2015,2,2,1,5,1.76309E+12,1.76309E+12,,,,,,,,,,,,,,,
g1_online_only,LEO_ONLY,12,0,600,2,36,ok,,0,1,56.87775,2013,5,10.653,0.142,10.913,10.922667,887,708,418,2013,2,2,1,5,1.76309E+12,1.76309E+12,,,,,,,,,,,,,,,
g1_online_only,LEO_ONLY,12,0,600,2,37,ok,,0,1,54.253958,2017,5,10.476,0.128,10.639,10.6175,889,709,419,2017,2,2,1,5,1.76309E+12,1.76309E+12,,,,,,,,,,,,,,,
g1_online_only,LEO_ONLY,12,0,600,2,38,ok,,0,1,56.47775,2015,5,10.677,0.116,10.771,10.760709,888,709,418,2015,2,2,1,5,1.76309E+12,1.76309E+12,,,,,,,,,,,,,,,
g1_online_only,LEO_ONLY,12,0,600,2,39,ok,,0,1,54.46,2013,5,10.533,0.154,10.722,10.692667,887,708,418,2013,2,2,1,5,1.76309E+12,1.76309E+12,,,,,,,,,,,,,,,
g1_online_only,LEO_ONLY,12,0,600,2,40,ok,,0,1,52.037416,2017,5,10.649,0.126,10.743,10.733791,889,709,419,2017,2,2,1,5,1.76309E+12,1.76309E+12,,,,,,,,,,,,,,,
g1_online_only,LEO_ONLY,12,0,600,2,41,ok,,0,1,55.358209,1986,5,10.266,0.092,10.375,10.35,874,707,405,1986,2,2,1,5,1.76309E+12,1.76309E+12,,,,,,,,,,,,,,,
g1_online_only,LEO_ONLY,12,0,600,2,42,ok,,0,1,53.481417,2014,5,10.121,0.069,10.434,10.413084,888,708,418,2014,2,2,1,5,1.76309E+12,1.76309E+12,,,,,,,,,,,,,,,
g1_online_only,LEO_ONLY,12,0,600,2,43,ok,,0,1,57.442542,2014,5,10.55,0.137,10.499,10.486292,888,708,418,2014,2,2,1,5,1.76309E+12,1.76309E+12,,,,,,,,,,,,,,,
g1_online_only,LEO_ONLY,12,0,600,2,44,ok,,0,1,52.92283301,2013,5,10.494,0.135,10.716,10.709167,887,708,418,2013,2,2,1,5,1.76309E+12,1.76309E+12,,,,,,,,,,,,,,,
g1_online_only,LEO_ONLY,12,0,600,2,45,ok,,0,1,54.74325,2012,5,10.421,0.135,10.668,10.6435,887,708,417,2012,2,2,1,5,1.76309E+12,1.76309E+12,,,,,,,,,,,,,,,
g1_online_only,LEO_ONLY,12,0,600,2,46,ok,,0,1,49.83,2008,5,10.157,0.062,10.351,10.331625,886,706,416,2008,2,2,1,5,1.76309E+12,1.76309E+12,,,,,,,,,,,,,,,
g1_online_only,LEO_ONLY,12,0,600,2,47,ok,,0,1,55.63749999,2015,5,10.575,0.178,10.42,10.417417,888,709,418,2015,2,2,1,5,1.76309E+12,1.76309E+12,,,,,,,,,,,,,,,
g1_online_only,LEO_ONLY,12,0,600,2,48,ok,,0,1,53.917458,2008,5,11.209,0.075,10.481,10.459417,885,706,417,2008,2,2,1,5,1.76309E+12,1.76309E+12,,,,,,,,,,,,,,,
g1_online_only,LEO_ONLY,12,0,600,2,49,ok,,0,1,69.489125,2017,5,20.032,0.131,11.403,11.399917,889,709,419,2017,2,2,1,5,1.76309E+12,1.76309E+12,,,,,,,,,,,,,,,
g1_online_only,LEO_ONLY,12,0,600,2,50,ok,,0,1,49.814167,2015,5,10.591,0.151,10.747,10.716875,888,708,419,2015,2,2,1,5,1.76309E+12,1.76309E+12,,,,,,,,,,,,,,,
g1_online_only,LEO_ONLY,12,0,600,2,51,ok,,0,1,53.880708,2014,5,10.303,0.079,10.422,10.388334,887,709,418,2014,2,2,1,5,1.76309E+12,1.76309E+12,,,,,,,,,,,,,,,
g1_online_only,LEO_ONLY,12,0,600,2,52,ok,,0,1,55.595833,2012,5,10.477,0.137,10.662,10.637125,887,707,418,2012,2,2,1,5,1.76309E+12,1.76309E+12,,,,,,,,,,,,,,,
g1_online_only,LEO_ONLY,12,0,600,2,53,ok,,0,1,50.75175,2013,5,10.408,0.069,10.4,10.383417,887,708,418,2013,2,2,1,5,1.76309E+12,1.76309E+12,,,,,,,,,,,,,,,
g1_online_only,LEO_ONLY,12,0,600,2,54,ok,,0,1,57.011292,2015,5,10.335,0.09,10.55,10.5305,888,708,419,2015,2,2,1,5,1.76309E+12,1.76309E+12,,,,,,,,,,,,,,,
g1_online_only,LEO_ONLY,12,0,600,2,55,ok,,0,1,51.859334,2014,5,10.527,0.144,10.489,10.44775,888,708,418,2014,2,2,1,5,1.76309E+12,1.76309E+12,,,,,,,,,,,,,,,
g1_online_only,LEO_ONLY,12,0,600,2,56,ok,,0,1,52.53041699,2017,5,10.313,0.069,10.661,10.639958,889,709,419,2017,2,2,1,5,1.76309E+12,1.76309E+12,,,,,,,,,,,,,,,
g1_online_only,LEO_ONLY,12,0,600,2,57,ok,,0,1,48.454042,2013,5,10.098,0.067,10.375,10.355583,887,708,418,2013,2,2,1,5,1.76309E+12,1.76309E+12,,,,,,,,,,,,,,,
g1_online_only,LEO_ONLY,12,0,600,2,58,ok,,0,1,49.463459,2015,5,10.267,0.071,10.315,10.29579101,888,709,418,2015,2,2,1,5,1.76309E+12,1.76309E+12,,,,,,,,,,,,,,,
g1_online_only,LEO_ONLY,12,0,600,2,59,ok,,0,1,56.040792,2011,5,10.285,0.073,10.598,10.57725,887,707,417,2011,2,2,1,5,1.76309E+12,1.76309E+12,,,,,,,,,,,,,,,
g1_online_only,LEO_ONLY,12,0,600,2,60,ok,,0,1,52.991542,2006,5,10.189,0.063,10.411,10.391375,885,705,416,2006,2,2,1,5,1.76309E+12,1.76309E+12,,,,,,,,,,,,,,,
g1_online_only,LEO_ONLY,12,0,600,2,61,ok,,0,1,56.536459,2014,5,10.557,0.129,10.477,10.47099999,887,708,419,2014,2,2,1,5,1.76309E+12,1.76309E+12,,,,,,,,,,,,,,,
g1_online_only,LEO_ONLY,12,0,600,2,62,ok,,0,1,55.111334,2017,5,10.135,0.066,10.529,10.51325,889,709,419,2017,2,2,1,5,1.76309E+12,1.76309E+12,,,,,,,,,,,,,,,
g1_online_only,LEO_ONLY,12,0,600,2,63,ok,,0,1,54.622583,2015,5,10.069,0.06,10.435,10.415083,888,709,418,2015,2,2,1,5,1.76309E+12,1.76309E+12,,,,,,,,,,,,,,,
g1_online_only,LEO_ONLY,12,0,600,2,64,ok,,0,1,51.754792,2015,5,10.235,0.071,10.5,10.478625,888,709,418,2015,2,2,1,5,1.76309E+12,1.76309E+12,,,,,,,,,,,,,,,
g1_online_only,LEO_ONLY,12,0,600,2,65,ok,,0,1,47.771667,2013,5,10.059,0.064,10.243,10.22175,887,708,418,2013,2,2,1,5,1.76309E+12,1.76309E+12,,,,,,,,,,,,,,,
g1_online_only,LEO_ONLY,12,0,600,2,66,ok,,0,1,60.128792,2015,5,10.542,0.174,10.53,10.50779199,888,708,419,2015,2,2,1,5,1.76309E+12,1.76309E+12,,,,,,,,,,,,,,,
g1_online_only,LEO_ONLY,12,0,600,2,67,ok,,0,1,52.08725,2014,5,10.001,0.078,10.399,10.368542,888,708,418,2014,2,2,1,5,1.76309E+12,1.76309E+12,,,,,,,,,,,,,,,
g1_online_only,LEO_ONLY,12,0,600,2,68,ok,,0,1,55.494083,2017,5,10.527,0.081,10.368,10.343625,889,709,419,2017,2,2,1,5,1.76309E+12,1.76309E+12,,,,,,,,,,,,,,,
g1_online_only,LEO_ONLY,12,0,600,2,69,ok,,0,1,56.457458,2014,5,10.626,0.095,10.619,10.590416,888,708,418,2014,2,2,1,5,1.76309E+12,1.76309E+12,,,,,,,,,,,,,,,
g1_online_only,LEO_ONLY,12,0,600,2,70,ok,,0,1,53.20466701,2015,5,10.275,0.071,10.455,10.434708,888,709,418,2015,2,2,1,5,1.76309E+12,1.76309E+12,,,,,,,,,,,,,,,
g1_online_only,LEO_ONLY,12,0,600,2,71,ok,,0,1,55.961542,2015,5,10.495,0.116,10.766,10.745583,888,708,419,2015,2,2,1,5,1.76309E+12,1.76309E+12,,,,,,,,,,,,,,,
g1_online_only,LEO_ONLY,12,0,600,2,72,ok,,0,1,58.057667,2013,5,10.344,0.153,10.72,10.696208,887,708,418,2013,2,2,1,5,1.76309E+12,1.76309E+12,,,,,,,,,,,,,,,
g1_online_only,LEO_ONLY,12,0,600,2,73,ok,,0,1,48.317833,2012,5,9.94,0.063,10.338,10.31587501,887,707,418,2012,2,2,1,5,1.76309E+12,1.76309E+12,,,,,,,,,,,,,,,
g1_online_only,LEO_ONLY,12,0,600,2,74,ok,,0,1,51.309583,2010,5,10.071,0.059,10.667,10.644917,887,707,416,2010,2,2,1,5,1.76309E+12,1.76309E+12,,,,,,,,,,,,,,,
g1_online_only,LEO_ONLY,12,0,600,2,75,ok,,0,1,58.282625,2013,5,10.27,0.085,10.592,10.563458,887,708,418,2013,2,2,1,5,1.76309E+12,1.76309E+12,,,,,,,,,,,,,,,
g1_online_only,LEO_ONLY,12,0,600,2,76,ok,,0,1,51.198708,2017,5,10.288,0.076,10.472,10.448333,889,709,419,2017,2,2,1,5,1.76309E+12,1.76309E+12,,,,,,,,,,,,,,,
g1_online_only,LEO_ONLY,12,0,600,2,77,ok,,0,1,53.277917,2014,5,10.189,0.058,10.452,10.431042,888,708,418,2014,2,2,1,5,1.76309E+12,1.76309E+12,,,,,,,,,,,,,,,
g1_online_only,LEO_ONLY,12,0,600,2,78,ok,,0,1,52.7655,2017,5,10.211,0.07,10.432,10.412042,889,709,419,2017,2,2,1,5,1.76309E+12,1.76309E+12,,,,,,,,,,,,,,,
g1_online_only,LEO_ONLY,12,0,600,2,79,ok,,0,1,54.613625,2017,5,10.237,0.068,10.393,10.377584,889,709,419,2017,2,2,1,5,1.76309E+12,1.76309E+12,,,,,,,,,,,,,,,
g1_online_only,LEO_ONLY,12,0,600,2,80,ok,,0,1,56.915125,2014,5,11.061,0.126,10.606,10.55037499,888,708,418,2014,2,2,1,5,1.76309E+12,1.76309E+12,,,,,,,,,,,,,,,
g1_online_only,LEO_ONLY,12,0,600,2,81,ok,,0,1,54.219791,2015,5,10.261,0.066,10.43,10.410959,888,708,419,2015,2,2,1,5,1.76309E+12,1.76309E+12,,,,,,,,,,,,,,,
g1_online_only,LEO_ONLY,12,0,600,2,82,ok,,0,1,54.815833,2017,5,10.69,0.134,10.792,10.753542,889,709,419,2017,2,2,1,5,1.76309E+12,1.76309E+12,,,,,,,,,,,,,,,
g1_online_only,LEO_ONLY,12,0,600,2,83,ok,,0,1,51.796959,2014,5,10.238,0.061,10.49,10.470417,887,709,418,2014,2,2,1,5,1.76309E+12,1.76309E+12,,,,,,,,,,,,,,,
g1_online_only,LEO_ONLY,12,0,600,2,84,ok,,0,1,53.548125,2014,5,10.189,0.059,10.402,10.382209,888,708,418,2014,2,2,1,5,1.76309E+12,1.76309E+12,,,,,,,,,,,,,,,
g1_online_only,LEO_ONLY,12,0,600,2,85,ok,,0,1,47.206209,2015,5,10.61,0.088,10.602,10.59775,888,708,419,2015,2,2,1,5,1.76309E+12,1.76309E+12,,,,,,,,,,,,,,,
g1_online_only,LEO_ONLY,12,0,600,2,86,ok,,0,1,53.785042,2010,5,10.396,0.099,10.573,10.543375,886,708,416,2010,2,2,1,5,1.76309E+12,1.76309E+12,,,,,,,,,,,,,,,
g1_online_only,LEO_ONLY,12,0,600,2,87,ok,,0,1,55.936125,2015,5,10.34,0.076,10.434,10.414917,888,709,418,2015,2,2,1,5,1.76309E+12,1.76309E+12,,,,,,,,,,,,,,,
g1_online_only,LEO_ONLY,12,0,600,2,88,ok,,0,1,53.163166,2017,5,10.573,0.143,10.864,10.85325,889,709,419,2017,2,2,1,5,1.76309E+12,1.76309E+12,,,,,,,,,,,,,,,
g1_online_only,LEO_ONLY,12,0,600,2,89,ok,,0,1,52.350625,2008,5,10.719,0.139,10.586,10.569125,885,707,416,2008,2,2,1,5,1.76309E+12,1.76309E+12,,,,,,,,,,,,,,,
g1_online_only,LEO_ONLY,12,0,600,2,90,ok,,0,1,54.94450001,2015,5,10.67,0.134,10.592,10.55612499,888,708,419,2015,2,2,1,5,1.76309E+12,1.76309E+12,,,,,,,,,,,,,,,
g1_online_only,LEO_ONLY,12,0,600,2,91,ok,,0,1,54.997,2015,5,10.544,0.13,10.677,10.674333,888,709,418,2015,2,2,1,5,1.76309E+12,1.76309E+12,,,,,,,,,,,,,,,
g1_online_only,LEO_ONLY,12,0,600,2,92,ok,,0,1,53.298125,2015,5,10.233,0.06,10.447,10.428458,888,709,418,2015,2,2,1,5,1.76309E+12,1.76309E+12,,,,,,,,,,,,,,,
g1_online_only,LEO_ONLY,12,0,600,2,93,ok,,0,1,53.121875,2017,5,10.04,0.065,10.71,10.686167,889,709,419,2017,2,2,1,5,1.76309E+12,1.76309E+12,,,,,,,,,,,,,,,
g1_online_only,LEO_ONLY,12,0,600,2,94,ok,,0,1,47.064041,2012,5,10.139,0.063,10.428,10.403958,887,708,417,2012,2,2,1,5,1.76309E+12,1.76309E+12,,,,,,,,,,,,,,,
g1_online_only,LEO_ONLY,12,0,600,2,95,ok,,0,1,56.665542,2014,5,10.357,0.07,10.391,10.373,888,708,418,2014,2,2,1,5,1.76309E+12,1.76309E+12,,,,,,,,,,,,,,,
g1_online_only,LEO_ONLY,12,0,600,2,96,ok,,0,1,54.239792,2015,5,10.1,0.059,10.456,10.43495801,888,709,418,2015,2,2,1,5,1.76309E+12,1.76309E+12,,,,,,,,,,,,,,,
g1_online_only,LEO_ONLY,12,0,600,2,97,ok,,0,1,57.3935,2014,5,9.961,0.071,10.757,10.73566701,888,708,418,2014,2,2,1,5,1.76309E+12,1.76309E+12,,,,,,,,,,,,,,,
g1_online_only,LEO_ONLY,12,0,600,2,98,ok,,0,1,54.969834,2015,5,10.221,0.063,10.283,10.261042,888,708,419,2015,2,2,1,5,1.76309E+12,1.76309E+12,,,,,,,,,,,,,,,
g1_online_only,LEO_ONLY,12,0,600,2,99,ok,,0,1,51.653208,2012,5,10.095,0.064,10.251,10.229459,886,707,419,2012,2,2,1,5,1.76309E+12,1.76309E+12,,,,,,,,,,,,,,,
g1_online_only,LEO_ONLY,12,0,600,2,100,ok,,0,1,52.138958,2017,5,10.661,0.115,10.761,10.74766601,889,709,419,2017,2,2,1,5,1.76309E+12,1.76309E+12,,,,,,,,,,,,,,,
g1_online_only,LEO_ONLY,12,0,600,2,101,ok,,0,1,54.06725,2017,5,10.328,0.071,10.649,10.629917,889,709,419,2017,2,2,1,5,1.76309E+12,1.76309E+12,,,,,,,,,,,,,,,
g1_online_only,LEO_ONLY,12,0,600,2,102,ok,,0,1,55.528833,2015,5,10.368,0.069,10.54,10.52,888,709,418,2015,2,2,1,5,1.76309E+12,1.76309E+12,,,,,,,,,,,,,,,
g1_online_only,LEO_ONLY,12,0,600,2,103,ok,,0,1,54.776125,2017,5,10.661,0.136,10.617,10.622625,889,709,419,2017,2,2,1,5,1.76309E+12,1.76309E+12,,,,,,,,,,,,,,,
g1_online_only,LEO_ONLY,12,0,600,2,104,ok,,0,1,58.198167,2014,5,10.424,0.123,10.855,10.808333,888,708,418,2014,2,2,1,5,1.76309E+12,1.76309E+12,,,,,,,,,,,,,,,
g1_online_only,LEO_ONLY,12,0,600,2,105,ok,,0,1,51.375041,2014,5,10.38,0.122,10.774,10.768167,888,708,418,2014,2,2,1,5,1.76309E+12,1.76309E+12,,,,,,,,,,,,,,,
g1_online_only,LEO_ONLY,12,0,600,2,106,ok,,0,1,56.109167,2010,5,10.539,0.081,10.672,10.652583,886,707,417,2010,2,2,1,5,1.76309E+12,1.76309E+12,,,,,,,,,,,,,,,
g1_online_only,LEO_ONLY,12,0,600,2,107,ok,,0,1,54.918166,2012,5,10.275,0.086,10.665,10.657125,887,707,418,2012,2,2,1,5,1.76309E+12,1.76309E+12,,,,,,,,,,,,,,,
g1_online_only,LEO_ONLY,12,0,600,2,108,ok,,0,1,51.05325,2017,5,10.281,0.083,10.83,10.773125,889,709,419,2017,2,2,1,5,1.76309E+12,1.76309E+12,,,,,,,,,,,,,,,
g1_online_only,LEO_ONLY,12,0,600,2,109,ok,,0,1,52.542625,2013,5,10.452,0.142,10.825,10.796334,887,708,418,2013,2,2,1,5,1.76309E+12,1.76309E+12,,,,,,,,,,,,,,,
g1_online_only,LEO_ONLY,12,0,600,2,110,ok,,0,1,50.94925,2012,5,10.205,0.084,10.537,10.515834,887,707,418,2012,2,2,1,5,1.76309E+12,1.76309E+12,,,,,,,,,,,,,,,
g1_online_only,LEO_ONLY,12,0,600,2,111,ok,,0,1,55.747458,2017,5,10.092,0.064,10.46,10.442459,889,709,419,2017,2,2,1,5,1.76309E+12,1.76309E+12,,,,,,,,,,,,,,,
g1_online_only,LEO_ONLY,12,0,600,2,112,ok,,0,1,56.522334,2013,5,10.071,0.06,10.383,10.359583,888,708,417,2013,2,2,1,5,1.76309E+12,1.76309E+12,,,,,,,,,,,,,,,
g1_online_only,LEO_ONLY,12,0,600,2,113,ok,,0,1,55.891959,2012,5,10.227,0.066,10.514,10.494708,887,707,418,2012,2,2,1,5,1.76309E+12,1.76309E+12,,,,,,,,,,,,,,,
g1_online_only,LEO_ONLY,12,0,600,2,114,ok,,0,1,56.090291,2011,5,11.283,0.152,11.512,11.510917,886,708,417,2011,2,2,1,5,1.76309E+12,1.76309E+12,,,,,,,,,,,,,,,
g1_online_only,LEO_ONLY,12,0,600,2,115,ok,,0,1,55.868458,2013,5,10.101,0.057,10.343,10.32225,887,708,418,2013,2,2,1,5,1.76309E+12,1.76309E+12,,,,,,,,,,,,,,,
g1_online_only,LEO_ONLY,12,0,600,2,116,ok,,0,1,55.337791,2013,5,10.37,0.069,10.466,10.445458,887,709,417,2013,2,2,1,5,1.76309E+12,1.76309E+12,,,,,,,,,,,,,,,
g1_online_only,LEO_ONLY,12,0,600,2,117,ok,,0,1,55.815375,2017,5,10.502,0.066,10.581,10.5615,889,709,419,2017,2,2,1,5,1.76309E+12,1.76309E+12,,,,,,,,,,,,,,,
g1_online_only,LEO_ONLY,12,0,600,2,118,ok,,0,1,49.389083,2014,5,10.214,0.057,10.317,10.293625,888,708,418,2014,2,2,1,5,1.76309E+12,1.76309E+12,,,,,,,,,,,,,,,
g1_online_only,LEO_ONLY,12,0,600,2,119,ok,,0,1,52.638333,2013,5,10.33,0.071,10.453,10.449,887,708,418,2013,2,2,1,5,1.76309E+12,1.76309E+12,,,,,,,,,,,,,,,
g1_online_only,LEO_ONLY,12,0,600,2,120,ok,,0,1,217.58175,2016,5,13.975,0.45,26.829,24.558041,888,709,419,2016,2,2,1,5,1.76309E+12,1.76309E+12,,,,,,,,,,,,,,,
g1_online_only,LEO_ONLY,12,0,600,2,121,ok,,0,1,57.002417,2017,5,10.819,0.121,11.46,11.423334,889,709,419,2017,2,2,1,5,1.76309E+12,1.76309E+12,,,,,,,,,,,,,,,
g1_online_only,LEO_ONLY,12,0,600,2,122,ok,,0,1,56.981166,2015,5,10.589,0.115,10.584,10.515459,888,708,419,2015,2,2,1,5,1.76309E+12,1.76309E+12,,,,,,,,,,,,,,,
g1_online_only,LEO_ONLY,12,0,600,2,123,ok,,0,1,55.64191601,2015,5,10.295,0.095,10.341,10.29925,888,709,418,2015,2,2,1,5,1.76309E+12,1.76309E+12,,,,,,,,,,,,,,,
g1_online_only,LEO_ONLY,12,0,600,2,124,ok,,0,1,63.110875,2014,5,10.359,0.067,10.712,10.674584,888,708,418,2014,2,2,1,5,1.76309E+12,1.76309E+12,,,,,,,,,,,,,,,
g1_online_only,LEO_ONLY,12,0,600,2,125,ok,,0,1,60.658334,2015,5,10.733,0.121,10.848,10.840542,888,708,419,2015,2,2,1,5,1.76309E+12,1.76309E+12,,,,,,,,,,,,,,,
g1_online_only,LEO_ONLY,12,0,600,2,126,ok,,0,1,57.45075,2007,5,10.458,0.116,11.673,11.66325,885,706,416,2007,2,2,1,5,1.76309E+12,1.76309E+12,,,,,,,,,,,,,,,
g1_online_only,LEO_ONLY,12,0,600,2,127,ok,,0,1,57.693125,2012,5,10.735,0.088,10.56,10.522708,887,708,417,2012,2,2,1,5,1.76309E+12,1.76309E+12,,,,,,,,,,,,,,,
g1_online_only,LEO_ONLY,12,0,600,2,128,ok,,0,1,64.90008299,2017,5,12.767,0.158,15.822,15.826834,889,709,419,2017,2,2,1,5,1.76309E+12,1.76309E+12,,,,,,,,,,,,,,,
g1_online_only,LEO_ONLY,12,0,600,2,129,ok,,0,1,60.552125,2013,5,11.277,0.167,11.768,11.671792,887,708,418,2013,2,2,1,5,1.76309E+12,1.76309E+12,,,,,,,,,,,,,,,
g1_online_only,LEO_ONLY,12,0,600,2,130,ok,,0,1,68.61579099,2014,5,15.268,0.225,13.305,13.241125,887,708,419,2014,2,2,1,5,1.76309E+12,1.76309E+12,,,,,,,,,,,,,,,
g1_online_only,LEO_ONLY,12,0,600,2,131,ok,,0,1,75.07895801,2009,5,13.864,0.345,14.849,14.81387499,885,707,417,2009,2,2,1,5,1.76309E+12,1.76309E+12,,,,,,,,,,,,,,,
g1_online_only,LEO_ONLY,12,0,600,2,132,ok,,0,1,65.067375,2014,5,13.172,0.107,13.202,13.193125,888,708,418,2014,2,2,1,5,1.76309E+12,1.76309E+12,,,,,,,,,,,,,,,
g1_online_only,LEO_ONLY,12,0,600,2,133,ok,,0,1,81.949042,2012,5,17.799,0.156,19.294,19.246834,887,708,417,2012,2,2,1,5,1.76309E+12,1.76309E+12,,,,,,,,,,,,,,,
g1_online_only,LEO_ONLY,12,0,600,2,134,ok,,0,1,499.462917,2016,5,140.169,0.91,208.88,209.072375,888,709,419,2016,2,2,1,5,1.76309E+12,1.76309E+12,,,,,,,,,,,,,,,
g1_online_only,LEO_ONLY,12,0,600,2,135,failed,ue_finalize,0,3,219.533708,97,3,66.205,0,0,0,97,0,0,97,3,0,0,3,,,,,,,,,,,,,,,,,
g1_online_only,LEO_ONLY,12,0,600,2,136,ok,,0,1,119.173833,2014,5,29.841,0.582,36.577,36.521167,887,708,419,2014,2,2,1,5,1.76309E+12,1.76309E+12,,,,,,,,,,,,,,,
g1_online_only,LEO_ONLY,12,0,600,2,137,ok,,0,1,93.259709,2015,5,26.405,0.158,20.747,20.696167,888,708,419,2015,2,2,1,5,1.76309E+12,1.76309E+12,,,,,,,,,,,,,,,
g1_online_only,LEO_ONLY,12,0,600,2,138,ok,,0,1,72.41725,2010,5,15.871,0.103,16.295,16.265125,886,707,417,2010,2,2,1,5,1.76309E+12,1.76309E+12,,,,,,,,,,,,,,,
g1_online_only,LEO_ONLY,12,0,600,2,139,ok,,0,1,76.523875,2017,5,16.54,0.107,18.655,18.528541,889,709,419,2017,2,2,1,5,1.76309E+12,1.76309E+12,,,,,,,,,,,,,,,
g1_online_only,LEO_ONLY,12,0,600,2,140,ok,,0,1,61.50275,2015,5,14.287,0.099,12.962,12.93216601,888,708,419,2015,2,2,1,5,1.76309E+12,1.76309E+12,,,,,,,,,,,,,,,
g1_online_only,LEO_ONLY,12,0,600,2,141,ok,,0,1,62.369458,2014,5,13.624,0.092,14.204,14.177541,888,708,418,2014,2,2,1,5,1.76309E+12,1.76309E+12,,,,,,,,,,,,,,,
g1_online_only,LEO_ONLY,12,0,600,2,142,ok,,0,1,69.792042,2015,5,13.645,0.09,13.341,13.311875,888,709,418,2015,2,2,1,5,1.76309E+12,1.76309E+12,,,,,,,,,,,,,,,
g1_online_only,LEO_ONLY,12,0,600,2,143,ok,,0,1,63.339042,2012,5,12.387,0.082,12.324,12.288375,887,707,418,2012,2,2,1,5,1.76309E+12,1.76309E+12,,,,,,,,,,,,,,,
g1_online_only,LEO_ONLY,12,0,600,2,144,ok,,0,1,64.925875,2014,5,12.162,0.073,12.689,12.661541,888,708,418,2014,2,2,1,5,1.76309E+12,1.76309E+12,,,,,,,,,,,,,,,
g1_online_only,LEO_ONLY,12,0,600,2,145,ok,,0,1,64.44875,2015,5,12.477,0.092,12.327,12.298042,888,709,418,2015,2,2,1,5,1.76309E+12,1.76309E+12,,,,,,,,,,,,,,,
g1_online_only,LEO_ONLY,12,0,600,2,146,ok,,0,1,59.068542,2008,5,12.029,0.085,12.574,12.5355,885,707,416,2008,2,2,1,5,1.76309E+12,1.76309E+12,,,,,,,,,,,,,,,
g1_online_only,LEO_ONLY,12,0,600,2,147,ok,,0,1,63.689167,2017,5,11.848,0.069,11.863,11.825209,889,709,419,2017,2,2,1,5,1.76309E+12,1.76309E+12,,,,,,,,,,,,,,,
g1_online_only,LEO_ONLY,12,0,600,2,148,ok,,0,1,62.36825,2014,5,12.393,0.086,12.973,12.945208,888,708,418,2014,2,2,1,5,1.76309E+12,1.76309E+12,,,,,,,,,,,,,,,
g1_online_only,LEO_ONLY,12,0,600,2,149,ok,,0,1,62.66675,2014,5,12.454,0.105,12.375,12.354084,888,708,418,2014,2,2,1,5,1.76309E+12,1.76309E+12,,,,,,,,,,,,,,,
g1_online_only,LEO_ONLY,12,0,600,2,150,ok,,0,1,57.817333,2011,5,12.461,0.082,12.779,12.751542,886,707,418,2011,2,2,1,5,1.76309E+12,1.76309E+12,,,,,,,,,,,,,,,
g1_online_only,LEO_ONLY,12,0,600,2,151,ok,,0,1,64.491542,2015,5,12.58,0.092,13.045,13.018458,888,708,419,2015,2,2,1,5,1.76309E+12,1.76309E+12,,,,,,,,,,,,,,,
g1_online_only,LEO_ONLY,12,0,600,2,152,ok,,0,1,59.909792,2014,5,12.981,0.085,13.111,13.082,888,708,418,2014,2,2,1,5,1.76309E+12,1.76309E+12,,,,,,,,,,,,,,,
g1_online_only,LEO_ONLY,12,0,600,2,153,ok,,0,1,64.91683301,2015,5,12.798,0.077,12.969,12.938458,888,709,418,2015,2,2,1,5,1.76309E+12,1.76309E+12,,,,,,,,,,,,,,,
g1_online_only,LEO_ONLY,12,0,600,2,154,ok,,0,1,64.322584,2012,5,13.029,0.073,13.221,13.190708,887,707,418,2012,2,2,1,5,1.76309E+12,1.76309E+12,,,,,,,,,,,,,,,
g1_online_only,LEO_ONLY,12,0,600,2,155,ok,,0,1,64.229666,2010,5,13.098,0.092,13.151,13.11925,886,707,417,2010,2,2,1,5,1.76309E+12,1.76309E+12,,,,,,,,,,,,,,,
g1_online_only,LEO_ONLY,12,0,600,2,156,ok,,0,1,65.480542,2012,5,12.779,0.082,13.118,13.094917,887,707,418,2012,2,2,1,5,1.76309E+12,1.76309E+12,,,,,,,,,,,,,,,
g1_online_only,LEO_ONLY,12,0,600,2,157,ok,,0,1,62.95925,2013,5,13.214,0.076,13.235,13.192709,887,708,418,2013,2,2,1,5,1.76309E+12,1.76309E+12,,,,,,,,,,,,,,,
g1_online_only,LEO_ONLY,12,0,600,2,158,ok,,0,1,88.38725,2012,5,19.663,0.161,23.187,23.174458,886,708,418,2012,2,2,1,5,1.76309E+12,1.76309E+12,,,,,,,,,,,,,,,
g1_online_only,LEO_ONLY,12,0,600,2,159,ok,,0,1,101.910208,2012,5,26.028,0.169,25.211,25.169917,887,708,417,2012,2,2,1,5,1.76309E+12,1.76309E+12,,,,,,,,,,,,,,,
g1_online_only,LEO_ONLY,12,0,600,2,160,ok,,0,1,78.72675,2010,5,20.493,0.107,21.234,21.200708,886,707,417,2010,2,2,1,5,1.76309E+12,1.76309E+12,,,,,,,,,,,,,,,
g1_online_only,LEO_ONLY,12,0,600,2,161,ok,,0,1,83.292209,2015,5,20.968,0.127,21.171,21.121625,888,708,419,2015,2,2,1,5,1.76309E+12,1.76309E+12,,,,,,,,,,,,,,,
g1_online_only,LEO_ONLY,12,0,600,2,162,ok,,0,1,90.252417,2013,5,21.5,0.202,21.286,21.236167,887,708,418,2013,2,2,1,5,1.76309E+12,1.76309E+12,,,,,,,,,,,,,,,
g1_online_only,LEO_ONLY,12,0,600,2,163,ok,,0,1,86.544792,2010,5,21.961,0.153,20.907,20.853458,886,707,417,2010,2,2,1,5,1.76309E+12,1.76309E+12,,,,,,,,,,,,,,,
g1_online_only,LEO_ONLY,12,0,600,2,164,ok,,0,1,79.487,2010,5,17.738,0.118,17.988,17.955291,886,707,417,2010,2,2,1,5,1.76309E+12,1.76309E+12,,,,,,,,,,,,,,,
g1_online_only,LEO_ONLY,12,0,600,2,165,ok,,0,1,83.72608401,2014,5,17.802,0.11,18.062,18.028875,888,708,418,2014,2,2,1,5,1.76309E+12,1.76309E+12,,,,,,,,,,,,,,,
g1_online_only,LEO_ONLY,12,0,600,2,166,ok,,0,1,71.500375,2013,5,16.446,0.106,16.127,16.099,887,708,418,2013,2,2,1,5,1.76309E+12,1.76309E+12,,,,,,,,,,,,,,,
g1_online_only,LEO_ONLY,12,0,600,2,167,ok,,0,1,62.424875,2014,5,13.248,0.089,13.882,13.853792,888,708,418,2014,2,2,1,5,1.76309E+12,1.76309E+12,,,,,,,,,,,,,,,
g1_online_only,LEO_ONLY,12,0,600,2,168,ok,,0,1,64.528208,2017,5,12.742,0.092,12.783,12.749042,889,709,419,2017,2,2,1,5,1.76309E+12,1.76309E+12,,,,,,,,,,,,,,,
g1_online_only,LEO_ONLY,12,0,600,2,169,ok,,0,1,62.66125,2012,5,11.998,0.082,12.69,12.661792,887,708,417,2012,2,2,1,5,1.76309E+12,1.76309E+12,,,,,,,,,,,,,,,
g1_online_only,LEO_ONLY,12,0,600,2,170,ok,,0,1,63.515833,2017,5,11.593,0.08,12.096,12.067416,889,709,419,2017,2,2,1,5,1.76309E+12,1.76309E+12,,,,,,,,,,,,,,,
g1_online_only,LEO_ONLY,12,0,600,2,171,ok,,0,1,58.763584,2012,5,11.67,0.082,11.89,11.862125,886,707,419,2012,2,2,1,5,1.76309E+12,1.76309E+12,,,,,,,,,,,,,,,
g1_online_only,LEO_ONLY,12,0,600,2,172,ok,,0,1,62.807917,2013,5,11.846,0.088,11.929,11.899167,887,708,418,2013,2,2,1,5,1.76309E+12,1.76309E+12,,,,,,,,,,,,,,,
g1_online_only,LEO_ONLY,12,0,600,2,173,ok,,0,1,53.603208,2017,5,11.749,0.096,12.022,12.053417,889,709,419,2017,2,2,1,5,1.76309E+12,1.76309E+12,,,,,,,,,,,,,,,
g1_online_only,LEO_ONLY,12,0,600,2,174,ok,,0,1,65.154292,2005,5,11.488,0.083,12.005,11.968125,884,706,415,2005,2,2,1,5,1.76309E+12,1.76309E+12,,,,,,,,,,,,,,,
g1_online_only,LEO_ONLY,12,0,600,2,175,ok,,0,1,62.003292,2017,5,11.721,0.079,11.994,11.966792,889,709,419,2017,2,2,1,5,1.76309E+12,1.76309E+12,,,,,,,,,,,,,,,
g1_online_only,LEO_ONLY,12,0,600,2,176,ok,,0,1,63.689708,2017,5,11.899,0.084,12.078,12.04875,889,709,419,2017,2,2,1,5,1.76309E+12,1.76309E+12,,,,,,,,,,,,,,,
g1_online_only,LEO_ONLY,12,0,600,2,177,ok,,0,1,60.140375,2017,5,11.709,0.069,11.676,11.648,889,709,419,2017,2,2,1,5,1.76309E+12,1.76309E+12,,,,,,,,,,,,,,,
g1_online_only,LEO_ONLY,12,0,600,2,178,ok,,0,1,64.971083,2014,5,11.858,0.079,11.977,11.95016701,888,708,418,2014,2,2,1,5,1.76309E+12,1.76309E+12,,,,,,,,,,,,,,,
g1_online_only,LEO_ONLY,12,0,600,2,179,ok,,0,1,57.403125,2012,5,11.764,0.08,11.734,11.704125,887,708,417,2012,2,2,1,5,1.76309E+12,1.76309E+12,,,,,,,,,,,,,,,
g1_online_only,LEO_ONLY,12,0,600,2,180,ok,,0,1,59.078167,2015,5,11.813,0.083,11.979,11.951416,888,709,418,2015,2,2,1,5,1.76309E+12,1.76309E+12,,,,,,,,,,,,,,,
g1_online_only,LEO_ONLY,12,0,600,2,181,ok,,0,1,60.38825,2012,5,11.718,0.084,11.961,11.933208,887,708,417,2012,2,2,1,5,1.76309E+12,1.76309E+12,,,,,,,,,,,,,,,
g1_online_only,LEO_ONLY,12,0,600,2,182,ok,,0,1,64.583209,2014,5,11.844,0.086,12.076,12.046875,888,708,418,2014,2,2,1,5,1.76309E+12,1.76309E+12,,,,,,,,,,,,,,,
g1_online_only,LEO_ONLY,12,0,600,2,183,ok,,0,1,67.759708,2012,5,15.157,0.095,14.878,14.835667,887,707,418,2012,2,2,1,5,1.76309E+12,1.76309E+12,,,,,,,,,,,,,,,
g1_online_only,LEO_ONLY,12,0,600,2,184,ok,,0,1,67.17295801,2011,5,14.039,0.094,15.021,14.992125,886,707,418,2011,2,2,1,5,1.76309E+12,1.76309E+12,,,,,,,,,,,,,,,
g1_online_only,LEO_ONLY,12,0,600,2,185,ok,,0,1,70.333084,2010,5,13.946,0.093,14.43,14.400042,886,708,416,2010,2,2,1,5,1.76309E+12,1.76309E+12,,,,,,,,,,,,,,,
g1_online_only,LEO_ONLY,12,0,600,2,186,ok,,0,1,64.328625,2012,5,14.675,0.102,14.939,14.918333,887,708,417,2012,2,2,1,5,1.76309E+12,1.76309E+12,,,,,,,,,,,,,,,
g1_online_only,LEO_ONLY,12,0,600,2,187,ok,,0,1,69.219375,2017,5,14.213,0.112,14.077,14.025417,889,709,419,2017,2,2,1,5,1.76309E+12,1.76309E+12,,,,,,,,,,,,,,,
g1_online_only,LEO_ONLY,12,0,600,2,188,ok,,0,1,50.406917,2013,5,10.051,0.092,10.298,10.252917,887,708,418,2013,2,2,1,5,1.76309E+12,1.76309E+12,,,,,,,,,,,,,,,
g1_online_only,LEO_ONLY,12,0,600,2,189,ok,,0,1,60.593167,2013,5,10.017,0.063,10.365,10.352792,887,709,417,2013,2,2,1,5,1.76309E+12,1.76309E+12,,,,,,,,,,,,,,,
g1_online_only,LEO_ONLY,12,0,600,2,190,ok,,0,1,58.669792,2017,5,10.182,0.09,10.451,10.415667,889,709,419,2017,2,2,1,5,1.76309E+12,1.76309E+12,,,,,,,,,,,,,,,
g1_online_only,LEO_ONLY,12,0,600,2,191,ok,,0,1,60.1915,2014,5,10.114,0.069,10.463,10.442375,888,708,418,2014,2,2,1,5,1.76309E+12,1.76309E+12,,,,,,,,,,,,,,,
g1_online_only,LEO_ONLY,12,0,600,2,192,ok,,0,1,54.228334,2014,5,10.016,0.068,10.33,10.302958,888,708,418,2014,2,2,1,5,1.76309E+12,1.76309E+12,,,,,,,,,,,,,,,
g1_online_only,LEO_ONLY,12,0,600,2,193,ok,,0,1,153.026333,2012,5,30.401,0.56,32.564,32.4455,886,709,417,2012,2,2,1,5,1.76309E+12,1.76309E+12,,,,,,,,,,,,,,,
g1_online_only,LEO_ONLY,12,0,600,2,194,ok,,0,1,59.705625,2015,5,11.712,0.196,12.883,11.67079101,888,708,419,2015,2,2,1,5,1.76309E+12,1.76309E+12,,,,,,,,,,,,,,,
g1_online_only,LEO_ONLY,12,0,600,2,195,ok,,0,1,84.219916,2012,5,17.66,0.143,31.973,31.952417,887,707,418,2012,2,2,1,5,1.76309E+12,1.76309E+12,,,,,,,,,,,,,,,
g1_online_only,LEO_ONLY,12,0,600,2,196,ok,,0,1,55.705917,2015,5,10.12,0.159,10.228,10.233292,888,708,419,2015,2,2,1,5,1.76309E+12,1.76309E+12,,,,,,,,,,,,,,,
g1_online_only,LEO_ONLY,12,0,600,2,197,ok,,0,1,52.2755,2011,5,9.721,0.094,9.915,9.913250004,886,708,417,2011,2,2,1,5,1.76309E+12,1.76309E+12,,,,,,,,,,,,,,,
g1_online_only,LEO_ONLY,12,0,600,2,198,ok,,0,1,53.336792,2017,5,10.725,0.163,11.041,11.007,889,709,419,2017,2,2,1,5,1.76309E+12,1.76309E+12,,,,,,,,,,,,,,,
g1_online_only,LEO_ONLY,12,0,600,2,199,ok,,0,1,52.208333,2017,5,10.343,0.105,10.512,10.430167,889,709,419,2017,2,2,1,5,1.76309E+12,1.76309E+12,,,,,,,,,,,,,,,
g1_online_only,LEO_ONLY,12,0,600,2,200,ok,,0,1,51.566666,2017,5,10.805,0.237,11.13,11.160792,889,709,419,2017,2,2,1,5,1.76309E+12,1.76309E+12,,,,,,,,,,,,,,,
g1_online_only,LEO_ONLY,12,0,600,2,201,ok,,0,1,56.791084,2009,5,10.092,0.17,10.666,10.595584,886,706,417,2009,2,2,1,5,1.76309E+12,1.76309E+12,,,,,,,,,,,,,,,
g1_online_only,LEO_ONLY,12,0,600,2,202,ok,,0,1,58.101125,2011,5,10.153,0.075,10.264,10.22504101,887,707,417,2011,2,2,1,5,1.76309E+12,1.76309E+12,,,,,,,,,,,,,,,
g1_online_only,LEO_ONLY,12,0,600,2,203,ok,,0,1,53.6245,2011,5,10.016,0.079,10.007,9.983707998,886,708,417,2011,2,2,1,5,1.76309E+12,1.76309E+12,,,,,,,,,,,,,,,
g1_online_only,LEO_ONLY,12,0,600,2,204,ok,,0,1,57.656833,2016,5,10.526,0.126,10.374,10.347417,888,709,419,2016,2,2,1,5,1.76309E+12,1.76309E+12,,,,,,,,,,,,,,,
g1_online_only,LEO_ONLY,12,0,600,2,205,ok,,0,1,58.933001,2012,5,10.317,0.075,10.128,10.119167,887,708,417,2012,2,2,1,5,1.76309E+12,1.76309E+12,,,,,,,,,,,,,,,
g1_online_only,LEO_ONLY,12,0,600,2,206,ok,,0,1,58.1085,2014,5,10.161,0.075,10.33,10.310542,888,708,418,2014,2,2,1,5,1.76309E+12,1.76309E+12,,,,,,,,,,,,,,,
g1_online_only,LEO_ONLY,12,0,600,2,207,ok,,0,1,48.241667,2014,5,9.72,0.056,9.921,9.900709003,888,709,417,2014,2,2,1,5,1.76309E+12,1.76309E+12,,,,,,,,,,,,,,,
g1_online_only,LEO_ONLY,12,0,600,2,208,ok,,0,1,51.899917,2017,5,10.199,0.119,11.697,11.669958,889,709,419,2017,2,2,1,5,1.76309E+12,1.76309E+12,,,,,,,,,,,,,,,
g1_online_only,LEO_ONLY,12,0,600,2,209,ok,,0,1,50.41125001,2010,5,10.306,0.081,10.244,10.25925,886,707,417,2010,2,2,1,5,1.76309E+12,1.76309E+12,,,,,,,,,,,,,,,
g1_online_only,LEO_ONLY,12,0,600,2,210,ok,,0,1,49.20770801,2015,5,9.863,0.083,10.612,10.606,888,709,418,2015,2,2,1,5,1.76309E+12,1.76309E+12,,,,,,,,,,,,,,,
g1_online_only,LEO_ONLY,12,0,600,2,211,ok,,0,1,56.13975,2012,5,9.91,0.086,10.445,10.374083,887,707,418,2012,2,2,1,5,1.76309E+12,1.76309E+12,,,,,,,,,,,,,,,
g1_online_only,LEO_ONLY,12,0,600,2,212,ok,,0,1,48.133125,2009,5,9.87,0.061,9.986,9.964500001,885,708,416,2009,2,2,1,5,1.76309E+12,1.76309E+12,,,,,,,,,,,,,,,
g1_online_only,LEO_ONLY,12,0,600,2,213,ok,,0,1,49.165959,2012,5,10.021,0.073,10.197,10.165917,887,708,417,2012,2,2,1,5,1.76309E+12,1.76309E+12,,,,,,,,,,,,,,,
g1_online_only,LEO_ONLY,12,0,600,2,214,ok,,0,1,56.002625,2017,5,10.215,0.063,10.124,10.101458,889,709,419,2017,2,2,1,5,1.76309E+12,1.76309E+12,,,,,,,,,,,,,,,
g1_online_only,LEO_ONLY,12,0,600,2,215,ok,,0,1,46.761584,2017,5,10.093,0.067,10.272,10.258,889,709,419,2017,2,2,1,5,1.76309E+12,1.76309E+12,,,,,,,,,,,,,,,
g1_online_only,LEO_ONLY,12,0,600,2,216,ok,,0,1,51.549084,2017,5,9.791,0.076,10.054,10.033,889,709,419,2017,2,2,1,5,1.76309E+12,1.76309E+12,,,,,,,,,,,,,,,
g1_online_only,LEO_ONLY,12,0,600,2,217,ok,,0,1,55.612625,2009,5,10.176,0.082,10.36,10.33704101,885,707,417,2009,2,2,1,5,1.76309E+12,1.76309E+12,,,,,,,,,,,,,,,
g1_online_only,LEO_ONLY,12,0,600,2,218,ok,,0,1,51.74374999,2006,5,9.883,0.064,9.988,9.967874998,884,707,415,2006,2,2,1,5,1.76309E+12,1.76309E+12,,,,,,,,,,,,,,,
g1_online_only,LEO_ONLY,12,0,600,2,219,ok,,0,1,54.158625,2010,5,9.664,0.076,9.915,9.891833004,886,708,416,2010,2,2,1,5,1.76309E+12,1.76309E+12,,,,,,,,,,,,,,,
g1_online_only,LEO_ONLY,12,0,600,2,220,ok,,0,1,57.764666,2013,5,10.877,0.152,11.033,11.01475,887,708,418,2013,2,2,1,5,1.76309E+12,1.76309E+12,,,,,,,,,,,,,,,
g1_online_only,LEO_ONLY,12,0,600,2,221,ok,,0,1,56.232333,2016,5,10.368,0.133,10.516,10.492167,888,709,419,2016,2,2,1,5,1.76309E+12,1.76309E+12,,,,,,,,,,,,,,,
g1_online_only,LEO_ONLY,12,0,600,2,222,ok,,0,1,62.774709,2014,5,11.053,0.138,10.82,10.79275,888,708,418,2014,2,2,1,5,1.76309E+12,1.76309E+12,,,,,,,,,,,,,,,
g1_online_only,LEO_ONLY,12,0,600,2,223,ok,,0,1,53.13425,2011,5,10.255,0.086,10.831,10.812042,886,707,418,2011,2,2,1,5,1.76309E+12,1.76309E+12,,,,,,,,,,,,,,,
g1_online_only,LEO_ONLY,12,0,600,2,224,ok,,0,1,58.330209,2016,5,12.105,0.15,13.782,13.66525,888,709,419,2016,2,2,1,5,1.76309E+12,1.76309E+12,,,,,,,,,,,,,,,
g1_online_only,LEO_ONLY,12,0,600,2,225,ok,,0,1,58.166709,2017,5,10.318,0.1,10.831,10.820375,889,709,419,2017,2,2,1,5,1.76309E+12,1.76309E+12,,,,,,,,,,,,,,,
g1_online_only,LEO_ONLY,12,0,600,2,226,ok,,0,1,52.134084,2017,5,10.244,0.094,10.589,10.565708,889,709,419,2017,2,2,1,5,1.76309E+12,1.76309E+12,,,,,,,,,,,,,,,
g1_online_only,LEO_ONLY,12,0,600,2,227,ok,,0,1,54.043625,2012,5,10.453,0.074,10.307,10.288667,887,708,417,2012,2,2,1,5,1.76309E+12,1.76309E+12,,,,,,,,,,,,,,,
g1_online_only,LEO_ONLY,12,0,600,2,228,ok,,0,1,55.539625,2012,5,10.688,0.101,11.143,11.124125,887,707,418,2012,2,2,1,5,1.76309E+12,1.76309E+12,,,,,,,,,,,,,,,
g1_online_only,LEO_ONLY,12,0,600,2,229,ok,,0,1,53.897917,2012,5,9.897,0.066,10.398,10.381666,887,708,417,2012,2,2,1,5,1.76309E+12,1.76309E+12,,,,,,,,,,,,,,,
g1_online_only,LEO_ONLY,12,0,600,2,230,ok,,0,1,50.527708,2015,5,9.975,0.073,10.311,10.29625,888,708,419,2015,2,2,1,5,1.76309E+12,1.76309E+12,,,,,,,,,,,,,,,
g1_online_only,LEO_ONLY,12,0,600,2,231,ok,,0,1,58.787958,2017,5,10.105,0.067,10.46,10.43970801,889,709,419,2017,2,2,1,5,1.76309E+12,1.76309E+12,,,,,,,,,,,,,,,
g1_online_only,LEO_ONLY,12,0,600,2,232,ok,,0,1,54.01575,2008,5,10.343,0.088,10.521,10.496,885,707,416,2008,2,2,1,5,1.76309E+12,1.76309E+12,,,,,,,,,,,,,,,
g1_online_only,LEO_ONLY,12,0,600,2,233,ok,,0,1,51.333459,2012,5,9.786,0.073,10.075,10.054625,887,707,418,2012,2,2,1,5,1.76309E+12,1.76309E+12,,,,,,,,,,,,,,,
g1_online_only,LEO_ONLY,12,0,600,2,234,ok,,0,1,55.267916,2014,5,11.07,0.253,11.323,11.291,887,709,418,2014,2,2,1,5,1.76309E+12,1.76309E+12,,,,,,,,,,,,,,,
g1_online_only,LEO_ONLY,12,0,600,2,235,ok,,0,1,53.731333,2015,5,10.289,0.107,10.546,10.507041,888,709,418,2015,2,2,1,5,1.76309E+12,1.76309E+12,,,,,,,,,,,,,,,
g1_online_only,LEO_ONLY,12,0,600,2,236,ok,,0,1,49.608375,2014,5,10.029,0.136,10.484,10.450084,888,708,418,2014,2,2,1,5,1.76309E+12,1.76309E+12,,,,,,,,,,,,,,,
g1_online_only,LEO_ONLY,12,0,600,2,237,ok,,0,1,51.702583,2017,5,10.414,0.152,10.651,10.651666,889,709,419,2017,2,2,1,5,1.76309E+12,1.76309E+12,,,,,,,,,,,,,,,
g1_online_only,LEO_ONLY,12,0,600,2,238,ok,,0,1,55.076167,2011,5,10.298,0.211,10.784,10.736792,886,708,417,2011,2,2,1,5,1.76309E+12,1.76309E+12,,,,,,,,,,,,,,,
g1_online_only,LEO_ONLY,12,0,600,2,239,ok,,0,1,51.689958,2010,5,10.18,0.09,10.327,10.322125,886,706,418,2010,2,2,1,5,1.76309E+12,1.76309E+12,,,,,,,,,,,,,,,
g1_online_only,LEO_ONLY,12,0,600,2,240,ok,,0,1,53.027584,2015,5,10.549,0.133,10.993,10.991584,888,708,419,2015,2,2,1,5,1.76309E+12,1.76309E+12,,,,,,,,,,,,,,,
g1_online_only,LEO_ONLY,12,0,600,2,241,ok,,0,1,52.37687501,2014,5,10.819,0.156,10.738,10.725042,888,708,418,2014,2,2,1,5,1.76309E+12,1.76309E+12,,,,,,,,,,,,,,,
g1_online_only,LEO_ONLY,12,0,600,2,242,ok,,0,1,49.935292,2014,5,10.665,0.154,10.623,10.623042,888,708,418,2014,2,2,1,5,1.76309E+12,1.76309E+12,,,,,,,,,,,,,,,
g1_online_only,LEO_ONLY,12,0,600,2,243,ok,,0,1,57.454667,2008,5,10.442,0.135,10.659,10.630917,885,707,416,2008,2,2,1,5,1.76309E+12,1.76309E+12,,,,,,,,,,,,,,,
g1_online_only,LEO_ONLY,12,0,600,2,244,ok,,0,1,54.6095,2017,5,10.345,0.071,10.647,10.630584,889,709,419,2017,2,2,1,5,1.76309E+12,1.76309E+12,,,,,,,,,,,,,,,
g1_online_only,LEO_ONLY,12,0,600,2,245,ok,,0,1,55.957166,2010,5,10.589,0.136,10.776,10.7565,886,707,417,2010,2,2,1,5,1.76309E+12,1.76309E+12,,,,,,,,,,,,,,,
g1_online_only,LEO_ONLY,12,0,600,2,246,ok,,0,1,50.744,2017,5,10.41,0.139,10.596,10.59241701,889,709,419,2017,2,2,1,5,1.76309E+12,1.76309E+12,,,,,,,,,,,,,,,
g1_online_only,LEO_ONLY,12,0,600,2,247,ok,,0,1,49.933292,2014,5,10.407,0.1,10.734,10.739792,888,708,418,2014,2,2,1,5,1.76309E+12,1.76309E+12,,,,,,,,,,,,,,,
g1_online_only,LEO_ONLY,12,0,600,2,248,ok,,0,1,55.149209,2009,5,10.545,0.146,10.711,10.7355,885,707,417,2009,2,2,1,5,1.76309E+12,1.76309E+12,,,,,,,,,,,,,,,
g1_online_only,LEO_ONLY,12,0,600,2,249,ok,,0,1,54.98,2016,5,10.692,0.13,10.88,10.85562501,888,709,419,2016,2,2,1,5,1.76309E+12,1.76309E+12,,,,,,,,,,,,,,,
g1_online_only,LEO_ONLY,12,0,600,2,250,ok,,0,1,57.85349999,2012,5,10.313,0.1,10.628,10.608917,887,707,418,2012,2,2,1,5,1.76309E+12,1.76309E+12,,,,,,,,,,,,,,,
g1_online_only,LEO_ONLY,12,0,600,2,251,ok,,0,1,54.119583,2015,5,10.382,0.127,10.69,10.66458299,888,709,418,2015,2,2,1,5,1.76309E+12,1.76309E+12,,,,,,,,,,,,,,,
g1_online_only,LEO_ONLY,12,0,600,2,252,ok,,0,1,56.056125,2010,5,10.438,0.168,10.703,10.71129199,886,706,418,2010,2,2,1,5,1.76309E+12,1.76309E+12,,,,,,,,,,,,,,,
g1_online_only,LEO_ONLY,12,0,600,2,253,ok,,0,1,61.18354099,2017,5,11.817,0.174,12.2,12.213166,889,709,419,2017,2,2,1,5,1.76309E+12,1.76309E+12,,,,,,,,,,,,,,,
g1_online_only,LEO_ONLY,12,0,600,2,254,ok,,0,1,60.348625,2012,5,10.465,0.127,10.977,10.975833,887,707,418,2012,2,2,1,5,1.76309E+12,1.76309E+12,,,,,,,,,,,,,,,
g1_online_only,LEO_ONLY,12,0,600,2,255,ok,,0,1,52.51975,2010,5,10.141,0.077,10.451,10.428875,886,707,417,2010,2,2,1,5,1.76309E+12,1.76309E+12,,,,,,,,,,,,,,,
g1_online_only,LEO_ONLY,12,0,600,2,256,ok,,0,1,54.412417,2007,5,10.642,0.144,10.801,10.809417,885,706,416,2007,2,2,1,5,1.76309E+12,1.76309E+12,,,,,,,,,,,,,,,
g1_online_only,LEO_ONLY,12,0,600,2,257,ok,,0,1,51.703625,2016,5,10.379,0.126,10.577,10.567459,888,709,419,2016,2,2,1,5,1.76309E+12,1.76309E+12,,,,,,,,,,,,,,,
g1_online_only,LEO_ONLY,12,0,600,2,258,ok,,0,1,57.298958,2017,5,10.685,0.141,10.582,10.578042,889,709,419,2017,2,2,1,5,1.76309E+12,1.76309E+12,,,,,,,,,,,,,,,
g1_online_only,LEO_ONLY,12,0,600,2,259,ok,,0,1,55.481208,2017,5,10.447,0.141,10.855,10.833083,889,709,419,2017,2,2,1,5,1.76309E+12,1.76309E+12,,,,,,,,,,,,,,,
g1_online_only,LEO_ONLY,12,0,600,2,260,ok,,0,1,56.067208,2012,5,10.498,0.143,10.509,10.494125,887,708,417,2012,2,2,1,5,1.76309E+12,1.76309E+12,,,,,,,,,,,,,,,
g1_online_only,LEO_ONLY,12,0,600,2,261,ok,,0,1,54.903375,2013,5,10.543,0.136,10.543,10.533458,886,708,419,2013,2,2,1,5,1.76309E+12,1.76309E+12,,,,,,,,,,,,,,,
g1_online_only,LEO_ONLY,12,0,600,2,262,ok,,0,1,53.986,2013,5,11.003,0.163,10.904,10.896458,887,708,418,2013,2,2,1,5,1.76309E+12,1.76309E+12,,,,,,,,,,,,,,,
g1_online_only,LEO_ONLY,12,0,600,2,263,ok,,0,1,54.380041,2012,5,10.2,0.072,10.438,10.418542,887,707,418,2012,2,2,1,5,1.76309E+12,1.76309E+12,,,,,,,,,,,,,,,
g1_online_only,LEO_ONLY,12,0,600,2,264,ok,,0,1,48.674917,2013,5,10.077,0.09,10.603,10.606542,887,708,418,2013,2,2,1,5,1.76309E+12,1.76309E+12,,,,,,,,,,,,,,,
g1_online_only,LEO_ONLY,12,0,600,2,265,ok,,0,1,53.89408401,2010,5,10.493,0.12,10.398,10.36925,886,706,418,2010,2,2,1,5,1.76309E+12,1.76309E+12,,,,,,,,,,,,,,,
g1_online_only,LEO_ONLY,12,0,600,2,266,ok,,0,1,53.583417,2016,5,10.383,0.113,10.313,10.306167,888,709,419,2016,2,2,1,5,1.76309E+12,1.76309E+12,,,,,,,,,,,,,,,
g1_online_only,LEO_ONLY,12,0,600,2,267,ok,,0,1,56.552917,2015,5,9.97,0.067,10.447,10.423791,888,708,419,2015,2,2,1,5,1.76309E+12,1.76309E+12,,,,,,,,,,,,,,,
g1_online_only,LEO_ONLY,12,0,600,2,268,ok,,0,1,58.560375,2014,5,10.372,0.111,10.611,10.574875,887,709,418,2014,2,2,1,5,1.76309E+12,1.76309E+12,,,,,,,,,,,,,,,
g1_online_only,LEO_ONLY,12,0,600,2,269,ok,,0,1,58.598334,2013,5,10.262,0.147,10.693,10.69266701,887,708,418,2013,2,2,1,5,1.76309E+12,1.76309E+12,,,,,,,,,,,,,,,
g1_online_only,LEO_ONLY,12,0,600,2,270,ok,,0,1,54.330167,2017,5,10.622,0.124,10.79,10.776833,889,709,419,2017,2,2,1,5,1.76309E+12,1.76309E+12,,,,,,,,,,,,,,,
g1_online_only,LEO_ONLY,12,0,600,2,271,ok,,0,1,58.617959,2015,5,10.254,0.118,10.748,10.717167,888,708,419,2015,2,2,1,5,1.76309E+12,1.76309E+12,,,,,,,,,,,,,,,
g1_online_only,LEO_ONLY,12,0,600,2,272,ok,,0,1,53.136542,2012,5,10.422,0.068,10.608,10.58925,887,707,418,2012,2,2,1,5,1.76309E+12,1.76309E+12,,,,,,,,,,,,,,,
g1_online_only,LEO_ONLY,12,0,600,2,273,ok,,0,1,48.774542,2015,5,10.274,0.062,10.501,10.487041,888,708,419,2015,2,2,1,5,1.76309E+12,1.76309E+12,,,,,,,,,,,,,,,
g1_online_only,LEO_ONLY,12,0,600,2,274,ok,,0,1,53.619667,2014,5,10.292,0.075,10.259,10.237833,888,708,418,2014,2,2,1,5,1.76309E+12,1.76309E+12,,,,,,,,,,,,,,,
g1_online_only,LEO_ONLY,12,0,600,2,275,ok,,0,1,56.010625,2017,5,10.567,0.109,10.335,10.307083,889,709,419,2017,2,2,1,5,1.76309E+12,1.76309E+12,,,,,,,,,,,,,,,
g1_online_only,LEO_ONLY,12,0,600,2,276,ok,,0,1,52.86475,2011,5,10.511,0.124,10.411,10.398709,886,708,417,2011,2,2,1,5,1.76309E+12,1.76309E+12,,,,,,,,,,,,,,,
g1_online_only,LEO_ONLY,12,0,600,2,277,ok,,0,1,54.697083,2017,5,10.445,0.124,10.677,10.66212499,889,709,419,2017,2,2,1,5,1.76309E+12,1.76309E+12,,,,,,,,,,,,,,,
g1_online_only,LEO_ONLY,12,0,600,2,278,ok,,0,1,54.668417,2013,5,10.361,0.141,10.31,10.310375,887,708,418,2013,2,2,1,5,1.76309E+12,1.76309E+12,,,,,,,,,,,,,,,
g1_online_only,LEO_ONLY,12,0,600,2,279,ok,,0,1,55.075,2017,5,10.401,0.115,10.621,10.618625,889,709,419,2017,2,2,1,5,1.76309E+12,1.76309E+12,,,,,,,,,,,,,,,
g1_online_only,LEO_ONLY,12,0,600,2,280,ok,,0,1,55.31308401,2013,5,9.99,0.068,10.542,10.524291,887,708,418,2013,2,2,1,5,1.76309E+12,1.76309E+12,,,,,,,,,,,,,,,
g1_online_only,LEO_ONLY,12,0,600,2,281,ok,,0,1,50.681709,2013,5,10.437,0.13,10.64,10.618291,887,708,418,2013,2,2,1,5,1.76309E+12,1.76309E+12,,,,,,,,,,,,,,,
g1_online_only,LEO_ONLY,12,0,600,2,282,ok,,0,1,54.007292,2012,5,9.897,0.07,10.441,10.408709,887,707,418,2012,2,2,1,5,1.76309E+12,1.76309E+12,,,,,,,,,,,,,,,
g1_online_only,LEO_ONLY,12,0,600,2,283,ok,,0,1,53.308,2014,5,10.223,0.075,10.416,10.391833,887,708,419,2014,2,2,1,5,1.76309E+12,1.76309E+12,,,,,,,,,,,,,,,
g1_online_only,LEO_ONLY,12,0,600,2,284,ok,,0,1,48.768917,2015,5,10.148,0.057,10.3,10.265167,888,708,419,2015,2,2,1,5,1.76309E+12,1.76309E+12,,,,,,,,,,,,,,,
g1_online_only,LEO_ONLY,12,0,600,2,285,ok,,0,1,52.7095,2017,5,9.832,0.064,10.279,10.248417,889,709,419,2017,2,2,1,5,1.76309E+12,1.76309E+12,,,,,,,,,,,,,,,
g1_online_only,LEO_ONLY,12,0,600,2,286,ok,,0,1,53.9545,2017,5,10.302,0.063,10.522,10.49975,889,709,419,2017,2,2,1,5,1.76309E+12,1.76309E+12,,,,,,,,,,,,,,,
g1_online_only,LEO_ONLY,12,0,600,2,287,ok,,0,1,52.155458,2010,5,9.865,0.075,10.307,10.268125,886,707,417,2010,2,2,1,5,1.76309E+12,1.76309E+12,,,,,,,,,,,,,,,
g1_online_only,LEO_ONLY,12,0,600,2,288,ok,,0,1,56.645167,2017,5,10.245,0.068,10.295,10.281209,889,709,419,2017,2,2,1,5,1.76309E+12,1.76309E+12,,,,,,,,,,,,,,,
g1_online_only,LEO_ONLY,12,0,600,2,289,ok,,0,1,50.347208,2015,5,9.954,0.071,10.259,10.241417,888,708,419,2015,2,2,1,5,1.76309E+12,1.76309E+12,,,,,,,,,,,,,,,
g1_online_only,LEO_ONLY,12,0,600,2,290,ok,,0,1,54.93958401,2014,5,10.086,0.059,10.139,10.118625,888,708,418,2014,2,2,1,5,1.76309E+12,1.76309E+12,,,,,,,,,,,,,,,
g1_online_only,LEO_ONLY,12,0,600,2,291,ok,,0,1,53.64941699,2018,5,9.976,0.062,10.33,10.3025,890,709,419,2018,2,2,1,5,1.76309E+12,1.76309E+12,,,,,,,,,,,,,,,
g1_online_only,LEO_ONLY,12,0,600,2,292,ok,,0,1,52.909084,2012,5,9.774,0.066,10.152,10.133041,887,707,418,2012,2,2,1,5,1.76309E+12,1.76309E+12,,,,,,,,,,,,,,,
g1_online_only,LEO_ONLY,12,0,600,2,293,ok,,0,1,55.006208,2012,5,9.892,0.068,10.373,10.354667,887,707,418,2012,2,2,1,5,1.76309E+12,1.76309E+12,,,,,,,,,,,,,,,
g1_online_only,LEO_ONLY,12,0,600,2,294,ok,,0,1,51.775125,2017,5,9.901,0.068,10.239,10.2145,889,709,419,2017,2,2,1,5,1.76309E+12,1.76309E+12,,,,,,,,,,,,,,,
g1_online_only,LEO_ONLY,12,0,600,2,295,ok,,0,1,56.15175,2014,5,10.079,0.064,10.206,10.187084,887,708,419,2014,2,2,1,5,1.76309E+12,1.76309E+12,,,,,,,,,,,,,,,
g1_online_only,LEO_ONLY,12,0,600,2,296,ok,,0,1,53.045667,2015,5,10.204,0.06,10.216,10.194208,889,708,418,2015,2,2,1,5,1.76309E+12,1.76309E+12,,,,,,,,,,,,,,,
g1_online_only,LEO_ONLY,12,0,600,2,297,ok,,0,1,54.453417,2015,5,9.963,0.069,10.36,10.340833,888,708,419,2015,2,2,1,5,1.76309E+12,1.76309E+12,,,,,,,,,,,,,,,
g1_online_only,LEO_ONLY,12,0,600,2,298,ok,,0,1,52.387458,2017,5,9.997,0.064,10.238,10.221875,889,709,419,2017,2,2,1,5,1.76309E+12,1.76309E+12,,,,,,,,,,,,,,,
g1_online_only,LEO_ONLY,12,0,600,2,299,ok,,0,1,50.663708,2014,5,9.945,0.064,10.421,10.401917,888,708,418,2014,2,2,1,5,1.76309E+12,1.76309E+12,,,,,,,,,,,,,,,
g1_online_only,LEO_ONLY,12,0,600,2,300,ok,,0,1,50.014458,2014,5,9.937,0.062,10.27,10.244916,888,708,418,2014,2,2,1,5,1.76309E+12,1.76309E+12,,,,,,,,,,,,,,,
g1_online_only,LEO_ONLY,12,0.1,200,2,1,ok,,0,1,52.601833,2013,5,9.945,0.07,10.163,10.133959,887,709,417,2013,2,2,1,5,1.76309E+12,1.76309E+12,,,,,,,,,,,,,,,
g1_online_only,LEO_ONLY,12,0.1,200,2,2,ok,,0,1,51.838666,2015,5,9.909,0.059,10.205,10.183416,889,708,418,2015,2,2,1,5,1.76309E+12,1.76309E+12,,,,,,,,,,,,,,,
g1_online_only,LEO_ONLY,12,0.1,200,2,3,ok,,0,1,52.20950001,2012,5,9.883,0.06,10.303,10.28404199,887,707,418,2012,2,2,1,5,1.76309E+12,1.76309E+12,,,,,,,,,,,,,,,
g1_online_only,LEO_ONLY,12,0.1,200,2,4,ok,,0,1,54.417792,2012,5,10.276,0.064,10.341,10.322292,886,709,417,2012,2,2,1,5,1.76309E+12,1.76309E+12,,,,,,,,,,,,,,,
g1_online_only,LEO_ONLY,12,0.1,200,2,5,ok,,0,1,49.793958,2012,5,9.87,0.066,10.346,10.327458,887,707,418,2012,2,2,1,5,1.76309E+12,1.76309E+12,,,,,,,,,,,,,,,
g1_online_only,LEO_ONLY,12,0.1,200,2,6,ok,,0,1,50.574458,2015,5,9.911,0.065,10.111,10.0895,888,708,419,2015,2,2,1,5,1.76309E+12,1.76309E+12,,,,,,,,,,,,,,,
g1_online_only,LEO_ONLY,12,0.1,200,2,7,ok,,0,1,81.428292,2012,5,21.671,0.125,19.082,19.031042,887,708,417,2012,2,2,1,5,1.76309E+12,1.76309E+12,,,,,,,,,,,,,,,
g1_online_only,LEO_ONLY,12,0.1,200,2,8,ok,,0,1,49.909708,2012,5,9.861,0.071,10.189,10.162542,887,707,418,2012,2,2,1,5,1.76309E+12,1.76309E+12,,,,,,,,,,,,,,,
g1_online_only,LEO_ONLY,12,0.1,200,2,9,ok,,0,1,51.11841601,2015,5,10.199,0.114,10.546,10.544083,888,708,419,2015,2,2,1,5,1.76309E+12,1.76309E+12,,,,,,,,,,,,,,,
g1_online_only,LEO_ONLY,12,0.1,200,2,10,ok,,0,1,53.7525,2017,5,10.103,0.066,10.309,10.290292,889,709,419,2017,2,2,1,5,1.76309E+12,1.76309E+12,,,,,,,,,,,,,,,
g1_online_only,LEO_ONLY,12,0.1,200,2,11,ok,,0,1,53.394334,2016,5,10.215,0.059,10.314,10.290166,889,708,419,2016,2,2,1,5,1.76309E+12,1.76309E+12,,,,,,,,,,,,,,,
g1_online_only,LEO_ONLY,12,0.1,200,2,12,ok,,0,1,50.752916,2011,5,10.394,0.152,10.401,10.381042,886,708,417,2011,2,2,1,5,1.76309E+12,1.76309E+12,,,,,,,,,,,,,,,
g1_online_only,LEO_ONLY,12,0.1,200,2,13,ok,,0,1,55.804334,2015,5,9.93,0.06,10.426,10.406833,888,708,419,2015,2,2,1,5,1.76309E+12,1.76309E+12,,,,,,,,,,,,,,,
g1_online_only,LEO_ONLY,12,0.1,200,2,14,ok,,0,1,49.0655,2012,5,10.037,0.103,10.475,10.473667,887,708,417,2012,2,2,1,5,1.76309E+12,1.76309E+12,,,,,,,,,,,,,,,
g1_online_only,LEO_ONLY,12,0.1,200,2,15,ok,,0,1,54.564417,2011,5,9.976,0.078,10.383,10.337167,886,707,418,2011,2,2,1,5,1.76309E+12,1.76309E+12,,,,,,,,,,,,,,,
g1_online_only,LEO_ONLY,12,0.1,200,2,16,ok,,0,1,48.87845799,2017,5,9.659,0.066,10.136,10.11420799,889,709,419,2017,2,2,1,5,1.76309E+12,1.76309E+12,,,,,,,,,,,,,,,
g1_online_only,LEO_ONLY,12,0.1,200,2,17,ok,,0,1,58.199542,2013,5,10.476,0.123,10.755,10.768291,887,709,417,2013,2,2,1,5,1.76309E+12,1.76309E+12,,,,,,,,,,,,,,,
g1_online_only,LEO_ONLY,12,0.1,200,2,18,ok,,0,1,56.490958,2014,5,9.792,0.067,10.111,10.0905,888,708,418,2014,2,2,1,5,1.76309E+12,1.76309E+12,,,,,,,,,,,,,,,
g1_online_only,LEO_ONLY,12,0.1,200,2,19,ok,,0,1,47.832917,2017,5,9.911,0.065,10.345,10.347458,889,709,419,2017,2,2,1,5,1.76309E+12,1.76309E+12,,,,,,,,,,,,,,,
g1_online_only,LEO_ONLY,12,0.1,200,2,20,ok,,0,1,53.254834,2012,5,9.738,0.071,10.435,10.417542,887,708,417,2012,2,2,1,5,1.76309E+12,1.76309E+12,,,,,,,,,,,,,,,
g1_online_only,LEO_ONLY,12,0.1,200,2,21,ok,,0,1,50.283417,2015,5,9.987,0.058,10.383,10.358416,888,709,418,2015,2,2,1,5,1.76309E+12,1.76309E+12,,,,,,,,,,,,,,,
g1_online_only,LEO_ONLY,12,0.1,200,2,22,ok,,0,1,56.768,2013,5,10.522,0.189,10.325,10.29825,887,708,418,2013,2,2,1,5,1.76309E+12,1.76309E+12,,,,,,,,,,,,,,,
g1_online_only,LEO_ONLY,12,0.1,200,2,23,ok,,0,1,49.468542,2017,5,10.483,0.148,10.963,10.922208,889,709,419,2017,2,2,1,5,1.76309E+12,1.76309E+12,,,,,,,,,,,,,,,
g1_online_only,LEO_ONLY,12,0.1,200,2,24,ok,,0,1,49.896417,2012,5,10.084,0.13,10.55,10.564583,887,707,418,2012,2,2,1,5,1.76309E+12,1.76309E+12,,,,,,,,,,,,,,,
g1_online_only,LEO_ONLY,12,0.1,200,2,25,ok,,0,1,55.716,2012,5,10.662,0.118,10.648,10.632333,887,707,418,2012,2,2,1,5,1.76309E+12,1.76309E+12,,,,,,,,,,,,,,,
g1_online_only,LEO_ONLY,12,0.1,200,2,26,ok,,0,1,49.5745,2006,5,10.401,0.129,10.448,10.444209,884,706,416,2006,2,2,1,5,1.76309E+12,1.76309E+12,,,,,,,,,,,,,,,
g1_online_only,LEO_ONLY,12,0.1,200,2,27,ok,,0,1,56.549291,2011,5,10.612,0.11,10.435,10.402417,886,707,418,2011,2,2,1,5,1.76309E+12,1.76309E+12,,,,,,,,,,,,,,,
g1_online_only,LEO_ONLY,12,0.1,200,2,28,ok,,0,1,57.176208,2015,5,10.279,0.122,10.581,10.565875,888,709,418,2015,2,2,1,5,1.76309E+12,1.76309E+12,,,,,,,,,,,,,,,
g1_online_only,LEO_ONLY,12,0.1,200,2,29,ok,,0,1,48.118833,2015,5,10.112,0.109,10.594,10.587875,888,708,419,2015,2,2,1,5,1.76309E+12,1.76309E+12,,,,,,,,,,,,,,,
g1_online_only,LEO_ONLY,12,0.1,200,2,30,ok,,0,1,57.628292,2007,5,10.126,0.114,10.567,10.546625,884,706,417,2007,2,2,1,5,1.76309E+12,1.76309E+12,,,,,,,,,,,,,,,
g1_online_only,LEO_ONLY,12,0.1,200,2,31,ok,,0,1,55.194833,2014,5,10.653,0.095,10.831,10.83495899,888,708,418,2014,2,2,1,5,1.76309E+12,1.76309E+12,,,,,,,,,,,,,,,
g1_online_only,LEO_ONLY,12,0.1,200,2,32,ok,,0,1,50.367792,2017,5,10.184,0.074,10.321,10.305334,889,709,419,2017,2,2,1,5,1.76309E+12,1.76309E+12,,,,,,,,,,,,,,,
g1_online_only,LEO_ONLY,12,0.1,200,2,33,ok,,0,1,53.12737499,2008,5,10.024,0.069,10.232,10.211417,885,707,416,2008,2,2,1,5,1.76309E+12,1.76309E+12,,,,,,,,,,,,,,,
g1_online_only,LEO_ONLY,12,0.1,200,2,34,ok,,0,1,57.796917,2013,5,10.671,0.107,10.463,10.472875,887,708,418,2013,2,2,1,5,1.76309E+12,1.76309E+12,,,,,,,,,,,,,,,
g1_online_only,LEO_ONLY,12,0.1,200,2,35,ok,,0,1,53.458208,2017,5,10.976,0.175,10.547,10.559375,889,709,419,2017,2,2,1,5,1.76309E+12,1.76309E+12,,,,,,,,,,,,,,,
g1_online_only,LEO_ONLY,12,0.1,200,2,36,ok,,0,1,55.386875,2007,5,10.367,0.129,10.573,10.572833,884,707,416,2007,2,2,1,5,1.76309E+12,1.76309E+12,,,,,,,,,,,,,,,
g1_online_only,LEO_ONLY,12,0.1,200,2,37,ok,,0,1,56.41970799,2014,5,10.366,0.121,10.439,10.412333,888,708,418,2014,2,2,1,5,1.76309E+12,1.76309E+12,,,,,,,,,,,,,,,
g1_online_only,LEO_ONLY,12,0.1,200,2,38,ok,,0,1,52.105917,2017,5,10.436,0.13,10.834,10.843167,889,709,419,2017,2,2,1,5,1.76309E+12,1.76309E+12,,,,,,,,,,,,,,,
g1_online_only,LEO_ONLY,12,0.1,200,2,39,ok,,0,1,57.98141701,2015,5,10.703,0.147,10.569,10.56825,888,708,419,2015,2,2,1,5,1.76309E+12,1.76309E+12,,,,,,,,,,,,,,,
g1_online_only,LEO_ONLY,12,0.1,200,2,40,ok,,0,1,51.692125,2012,5,10.681,0.122,10.632,10.605834,887,707,418,2012,2,2,1,5,1.76309E+12,1.76309E+12,,,,,,,,,,,,,,,
g1_online_only,LEO_ONLY,12,0.1,200,2,41,ok,,0,1,55.579833,2010,5,10.399,0.162,10.313,10.271375,886,706,418,2010,2,2,1,5,1.76309E+12,1.76309E+12,,,,,,,,,,,,,,,
g1_online_only,LEO_ONLY,12,0.1,200,2,42,ok,,0,1,55.980375,2014,5,10.742,0.143,10.759,10.757,887,708,419,2014,2,2,1,5,1.76309E+12,1.76309E+12,,,,,,,,,,,,,,,
g1_online_only,LEO_ONLY,12,0.1,200,2,43,ok,,0,1,49.601042,2016,5,10.077,0.061,10.467,10.449584,888,709,419,2016,2,2,1,5,1.76309E+12,1.76309E+12,,,,,,,,,,,,,,,
g1_online_only,LEO_ONLY,12,0.1,200,2,44,ok,,0,1,50.754875,2015,5,10.216,0.077,10.256,10.236916,888,708,419,2015,2,2,1,5,1.76309E+12,1.76309E+12,,,,,,,,,,,,,,,
g1_online_only,LEO_ONLY,12,0.1,200,2,45,ok,,0,1,52.363041,2014,5,10.38,0.109,10.489,10.465584,888,708,418,2014,2,2,1,5,1.76309E+12,1.76309E+12,,,,,,,,,,,,,,,
g1_online_only,LEO_ONLY,12,0.1,200,2,46,ok,,0,1,55.078833,2015,5,10.33,0.108,10.605,10.591833,888,708,419,2015,2,2,1,5,1.76309E+12,1.76309E+12,,,,,,,,,,,,,,,
g1_online_only,LEO_ONLY,12,0.1,200,2,47,ok,,0,1,81.104667,2014,5,10.847,0.153,11.854,11.842,888,708,418,2014,2,2,1,5,1.76309E+12,1.76309E+12,,,,,,,,,,,,,,,
g1_online_only,LEO_ONLY,12,0.1,200,2,48,ok,,0,1,53.619334,2017,5,10.497,0.126,10.528,10.52425,889,709,419,2017,2,2,1,5,1.76309E+12,1.76309E+12,,,,,,,,,,,,,,,
g1_online_only,LEO_ONLY,12,0.1,200,2,49,ok,,0,1,60.257708,2014,5,10.561,0.14,10.726,10.705875,888,708,418,2014,2,2,1,5,1.76309E+12,1.76309E+12,,,,,,,,,,,,,,,
g1_online_only,LEO_ONLY,12,0.1,200,2,50,ok,,0,1,51.109875,2014,5,10.499,0.155,10.919,10.937542,888,708,418,2014,2,2,1,5,1.76309E+12,1.76309E+12,,,,,,,,,,,,,,,
g1_online_only,LEO_ONLY,12,0.1,200,2,51,ok,,0,1,52.708,2012,5,10.536,0.123,10.798,10.779416,887,707,418,2012,2,2,1,5,1.76309E+12,1.76309E+12,,,,,,,,,,,,,,,
g1_online_only,LEO_ONLY,12,0.1,200,2,52,ok,,0,1,59.082834,2016,5,10.602,0.171,10.955,10.955583,888,709,419,2016,2,2,1,5,1.76309E+12,1.76309E+12,,,,,,,,,,,,,,,
g1_online_only,LEO_ONLY,12,0.1,200,2,53,ok,,0,1,50.555166,2015,5,10.679,0.137,10.772,10.751,888,708,419,2015,2,2,1,5,1.76309E+12,1.76309E+12,,,,,,,,,,,,,,,
g1_online_only,LEO_ONLY,12,0.1,200,2,54,ok,,0,1,55.067292,2012,5,10.501,0.131,10.692,10.674542,887,708,417,2012,2,2,1,5,1.76309E+12,1.76309E+12,,,,,,,,,,,,,,,
g1_online_only,LEO_ONLY,12,0.1,200,2,55,ok,,0,1,52.269583,2015,5,10.744,0.123,10.656,10.632958,888,709,418,2015,2,2,1,5,1.76309E+12,1.76309E+12,,,,,,,,,,,,,,,
g1_online_only,LEO_ONLY,12,0.1,200,2,56,ok,,0,1,56.753,2013,5,10.598,0.141,10.762,10.769042,887,708,418,2013,2,2,1,5,1.76309E+12,1.76309E+12,,,,,,,,,,,,,,,
g1_online_only,LEO_ONLY,12,0.1,200,2,57,ok,,0,1,57.052375,2015,5,10.39,0.196,10.691,10.615667,888,708,419,2015,2,2,1,5,1.76309E+12,1.76309E+12,,,,,,,,,,,,,,,
g1_online_only,LEO_ONLY,12,0.1,200,2,58,ok,,0,1,51.456875,2014,5,10.81,0.116,11.279,11.247625,888,708,418,2014,2,2,1,5,1.76309E+12,1.76309E+12,,,,,,,,,,,,,,,
g1_online_only,LEO_ONLY,12,0.1,200,2,59,ok,,0,1,53.473333,2015,5,10.528,0.129,10.918,10.912959,888,709,418,2015,2,2,1,5,1.76309E+12,1.76309E+12,,,,,,,,,,,,,,,
g1_online_only,LEO_ONLY,12,0.1,200,2,60,ok,,0,1,58.343167,2017,5,10.773,0.148,10.971,10.95074999,889,709,419,2017,2,2,1,5,1.76309E+12,1.76309E+12,,,,,,,,,,,,,,,
g1_online_only,LEO_ONLY,12,0.1,200,2,61,ok,,0,1,57.203167,2015,5,10.812,0.146,10.874,10.850958,888,708,419,2015,2,2,1,5,1.76309E+12,1.76309E+12,,,,,,,,,,,,,,,
g1_online_only,LEO_ONLY,12,0.1,200,2,62,ok,,0,1,56.14554101,2012,5,10.63,0.143,10.826,10.809875,887,708,417,2012,2,2,1,5,1.76309E+12,1.76309E+12,,,,,,,,,,,,,,,
g1_online_only,LEO_ONLY,12,0.1,200,2,63,ok,,0,1,52.609334,2015,5,10.404,0.152,10.828,10.839167,888,708,419,2015,2,2,1,5,1.76309E+12,1.76309E+12,,,,,,,,,,,,,,,
g1_online_only,LEO_ONLY,12,0.1,200,2,64,ok,,0,1,59.792958,2010,5,10.641,0.137,10.751,10.733792,886,707,417,2010,2,2,1,5,1.76309E+12,1.76309E+12,,,,,,,,,,,,,,,
g1_online_only,LEO_ONLY,12,0.1,200,2,65,ok,,0,1,51.823083,2016,5,10.819,0.171,10.783,10.76975,888,709,419,2016,2,2,1,5,1.76309E+12,1.76309E+12,,,,,,,,,,,,,,,
g1_online_only,LEO_ONLY,12,0.1,200,2,66,ok,,0,1,51.560708,2015,5,10.404,0.106,10.681,10.675584,888,708,419,2015,2,2,1,5,1.76309E+12,1.76309E+12,,,,,,,,,,,,,,,
g1_online_only,LEO_ONLY,12,0.1,200,2,67,ok,,0,1,54.455375,2010,5,10.276,0.077,10.302,10.281917,886,708,416,2010,2,2,1,5,1.76309E+12,1.76309E+12,,,,,,,,,,,,,,,
g1_online_only,LEO_ONLY,12,0.1,200,2,68,ok,,0,1,56.906084,2013,5,10.322,0.061,10.221,10.2005,887,709,417,2013,2,2,1,5,1.76309E+12,1.76309E+12,,,,,,,,,,,,,,,
g1_online_only,LEO_ONLY,12,0.1,200,2,69,ok,,0,1,59.126083,2017,5,10.358,0.139,10.713,10.661375,889,709,419,2017,2,2,1,5,1.76309E+12,1.76309E+12,,,,,,,,,,,,,,,
g1_online_only,LEO_ONLY,12,0.1,200,2,70,ok,,0,1,55.756791,2013,5,10.441,0.108,10.863,10.84704199,887,708,418,2013,2,2,1,5,1.76309E+12,1.76309E+12,,,,,,,,,,,,,,,
g1_online_only,LEO_ONLY,12,0.1,200,2,71,ok,,0,1,52.188333,2014,5,10.021,0.063,10.598,10.574834,888,708,418,2014,2,2,1,5,1.76309E+12,1.76309E+12,,,,,,,,,,,,,,,
g1_online_only,LEO_ONLY,12,0.1,200,2,72,ok,,0,1,56.757,2011,5,10.521,0.14,10.489,10.5015,886,707,418,2011,2,2,1,5,1.76309E+12,1.76309E+12,,,,,,,,,,,,,,,
g1_online_only,LEO_ONLY,12,0.1,200,2,73,ok,,0,1,53.56737501,2014,5,10.445,0.105,10.824,10.805708,888,708,418,2014,2,2,1,5,1.76309E+12,1.76309E+12,,,,,,,,,,,,,,,
g1_online_only,LEO_ONLY,12,0.1,200,2,74,ok,,0,1,51.145833,2012,5,10.436,0.16,10.779,10.778833,886,709,417,2012,2,2,1,5,1.76309E+12,1.76309E+12,,,,,,,,,,,,,,,
g1_online_only,LEO_ONLY,12,0.1,200,2,75,ok,,0,1,54.98725,2017,5,10.304,0.136,10.665,10.65075,889,709,419,2017,2,2,1,5,1.76309E+12,1.76309E+12,,,,,,,,,,,,,,,
g1_online_only,LEO_ONLY,12,0.1,200,2,76,ok,,0,1,50.127833,2017,5,10.625,0.122,10.46,10.441416,889,709,419,2017,2,2,1,5,1.76309E+12,1.76309E+12,,,,,,,,,,,,,,,
g1_online_only,LEO_ONLY,12,0.1,200,2,77,ok,,0,1,55.402709,2013,5,10.172,0.119,10.659,10.636458,887,709,417,2013,2,2,1,5,1.76309E+12,1.76309E+12,,,,,,,,,,,,,,,
g1_online_only,LEO_ONLY,12,0.1,200,2,78,ok,,0,1,54.533208,2014,5,10.352,0.14,10.589,10.565375,887,709,418,2014,2,2,1,5,1.76309E+12,1.76309E+12,,,,,,,,,,,,,,,
g1_online_only,LEO_ONLY,12,0.1,200,2,79,ok,,0,1,63.27325,2017,5,14.41,0.238,15.359,15.381208,889,709,419,2017,2,2,1,5,1.76309E+12,1.76309E+12,,,,,,,,,,,,,,,
g1_online_only,LEO_ONLY,12,0.1,200,2,80,ok,,0,1,62.626833,2011,5,17.567,0.516,12.143,12.159375,886,707,418,2011,2,2,1,5,1.76309E+12,1.76309E+12,,,,,,,,,,,,,,,
g1_online_only,LEO_ONLY,12,0.1,200,2,81,ok,,0,1,56.998916,2017,5,11.676,0.171,11.486,11.389042,889,709,419,2017,2,2,1,5,1.76309E+12,1.76309E+12,,,,,,,,,,,,,,,
g1_online_only,LEO_ONLY,12,0.1,200,2,82,ok,,0,1,48.84370801,2013,5,10.135,0.064,10.556,10.536959,887,708,418,2013,2,2,1,5,1.76309E+12,1.76309E+12,,,,,,,,,,,,,,,
g1_online_only,LEO_ONLY,12,0.1,200,2,83,ok,,0,1,51.563834,2014,5,11.291,0.084,10.853,10.830792,888,708,418,2014,2,2,1,5,1.76309E+12,1.76309E+12,,,,,,,,,,,,,,,
g1_online_only,LEO_ONLY,12,0.1,200,2,84,ok,,0,1,58.37424999,2014,5,10.986,0.106,11.445,11.43412499,888,708,418,2014,2,2,1,5,1.76309E+12,1.76309E+12,,,,,,,,,,,,,,,
g1_online_only,LEO_ONLY,12,0.1,200,2,85,ok,,0,1,52.170708,2012,5,10.554,0.111,10.473,10.441875,887,708,417,2012,2,2,1,5,1.76309E+12,1.76309E+12,,,,,,,,,,,,,,,
g1_online_only,LEO_ONLY,12,0.1,200,2,86,ok,,0,1,68.101,2015,5,10.696,0.433,21.278,21.1665,888,708,419,2015,2,2,1,5,1.76309E+12,1.76309E+12,,,,,,,,,,,,,,,
g1_online_only,LEO_ONLY,12,0.1,200,2,87,ok,,0,1,54.93858401,2014,5,10.825,0.134,10.836,10.8035,888,708,418,2014,2,2,1,5,1.76309E+12,1.76309E+12,,,,,,,,,,,,,,,
g1_online_only,LEO_ONLY,12,0.1,200,2,88,ok,,0,1,56.032,2015,5,10.897,0.121,10.981,10.96725,888,708,419,2015,2,2,1,5,1.76309E+12,1.76309E+12,,,,,,,,,,,,,,,
g1_online_only,LEO_ONLY,12,0.1,200,2,89,ok,,0,1,52.027042,2017,5,10.902,0.127,11.311,11.332541,889,709,419,2017,2,2,1,5,1.76309E+12,1.76309E+12,,,,,,,,,,,,,,,
g1_online_only,LEO_ONLY,12,0.1,200,2,90,ok,,0,1,48.582583,2012,5,10.437,0.091,10.777,10.75474999,887,707,418,2012,2,2,1,5,1.76309E+12,1.76309E+12,,,,,,,,,,,,,,,
g1_online_only,LEO_ONLY,12,0.1,200,2,91,ok,,0,1,51.987,2014,5,10.199,0.064,10.551,10.530542,887,708,419,2014,2,2,1,5,1.76309E+12,1.76309E+12,,,,,,,,,,,,,,,
g1_online_only,LEO_ONLY,12,0.1,200,2,92,ok,,0,1,53.686166,2015,5,10.365,0.082,10.737,10.726,888,709,418,2015,2,2,1,5,1.76309E+12,1.76309E+12,,,,,,,,,,,,,,,
g1_online_only,LEO_ONLY,12,0.1,200,2,93,ok,,0,1,51.145375,2009,5,10.108,0.07,10.47,10.450375,886,706,417,2009,2,2,1,5,1.76309E+12,1.76309E+12,,,,,,,,,,,,,,,
g1_online_only,LEO_ONLY,12,0.1,200,2,94,ok,,0,1,54.21608401,2012,5,10.382,0.072,10.432,10.411583,887,708,417,2012,2,2,1,5,1.76309E+12,1.76309E+12,,,,,,,,,,,,,,,
g1_online_only,LEO_ONLY,12,0.1,200,2,95,ok,,0,1,56.002,2012,5,10.553,0.14,11.098,11.035416,887,707,418,2012,2,2,1,5,1.76309E+12,1.76309E+12,,,,,,,,,,,,,,,
g1_online_only,LEO_ONLY,12,0.1,200,2,96,ok,,0,1,50.845958,2014,5,10.607,0.125,10.819,10.818166,888,708,418,2014,2,2,1,5,1.76309E+12,1.76309E+12,,,,,,,,,,,,,,,
g1_online_only,LEO_ONLY,12,0.1,200,2,97,ok,,0,1,54.457083,2008,5,10.33,0.064,10.542,10.524042,885,707,416,2008,2,2,1,5,1.76309E+12,1.76309E+12,,,,,,,,,,,,,,,
g1_online_only,LEO_ONLY,12,0.1,200,2,98,ok,,0,1,54.265625,2017,5,10.159,0.074,10.445,10.422791,889,709,419,2017,2,2,1,5,1.76309E+12,1.76309E+12,,,,,,,,,,,,,,,
g1_online_only,LEO_ONLY,12,0.1,200,2,99,ok,,0,1,56.822,2017,5,10.446,0.085,10.695,10.67475,889,709,419,2017,2,2,1,5,1.76309E+12,1.76309E+12,,,,,,,,,,,,,,,
g1_online_only,LEO_ONLY,12,0.1,200,2,100,ok,,0,1,49.375042,2014,5,9.973,0.067,10.502,10.478958,888,708,418,2014,2,2,1,5,1.76309E+12,1.76309E+12,,,,,,,,,,,,,,,
g1_online_only,LEO_ONLY,12,0.1,200,2,101,ok,,0,1,51.861792,2015,5,10.083,0.071,10.398,10.374833,888,708,419,2015,2,2,1,5,1.76309E+12,1.76309E+12,,,,,,,,,,,,,,,
g1_online_only,LEO_ONLY,12,0.1,200,2,102,ok,,0,1,53.08,2013,5,10.216,0.065,10.297,10.277625,887,709,417,2013,2,2,1,5,1.76309E+12,1.76309E+12,,,,,,,,,,,,,,,
g1_online_only,LEO_ONLY,12,0.1,200,2,103,ok,,0,1,51.812167,2011,5,10.285,0.065,10.168,10.145042,886,707,418,2011,2,2,1,5,1.76309E+12,1.76309E+12,,,,,,,,,,,,,,,
g1_online_only,LEO_ONLY,12,0.1,200,2,104,ok,,0,1,51.673834,2014,5,9.777,0.083,10.378,10.345625,888,708,418,2014,2,2,1,5,1.76309E+12,1.76309E+12,,,,,,,,,,,,,,,
g1_online_only,LEO_ONLY,12,0.1,200,2,105,ok,,0,1,49.618167,2017,5,9.874,0.066,10.493,10.467291,889,709,419,2017,2,2,1,5,1.76309E+12,1.76309E+12,,,,,,,,,,,,,,,
g1_online_only,LEO_ONLY,12,0.1,200,2,106,ok,,0,1,54.781708,2015,5,10.128,0.097,10.668,10.595708,888,708,419,2015,2,2,1,5,1.76309E+12,1.76309E+12,,,,,,,,,,,,,,,
g1_online_only,LEO_ONLY,12,0.1,200,2,107,ok,,0,1,51.831292,2012,5,9.89,0.066,10.496,10.476166,887,708,417,2012,2,2,1,5,1.76309E+12,1.76309E+12,,,,,,,,,,,,,,,
g1_online_only,LEO_ONLY,12,0.1,200,2,108,ok,,0,1,56.124541,2014,5,10.089,0.076,10.536,10.5085,888,708,418,2014,2,2,1,5,1.76309E+12,1.76309E+12,,,,,,,,,,,,,,,
g1_online_only,LEO_ONLY,12,0.1,200,2,109,ok,,0,1,52.294916,2017,5,9.869,0.07,10.391,10.371125,889,709,419,2017,2,2,1,5,1.76309E+12,1.76309E+12,,,,,,,,,,,,,,,
g1_online_only,LEO_ONLY,12,0.1,200,2,110,ok,,0,1,53.394291,2017,5,10.132,0.071,10.569,10.540958,889,709,419,2017,2,2,1,5,1.76309E+12,1.76309E+12,,,,,,,,,,,,,,,
g1_online_only,LEO_ONLY,12,0.1,200,2,111,ok,,0,1,50.721791,2012,5,10.02,0.064,10.486,10.466125,887,707,418,2012,2,2,1,5,1.76309E+12,1.76309E+12,,,,,,,,,,,,,,,
g1_online_only,LEO_ONLY,12,0.1,200,2,112,ok,,0,1,51.822291,2016,5,10.28,0.065,10.254,10.2355,888,709,419,2016,2,2,1,5,1.76309E+12,1.76309E+12,,,,,,,,,,,,,,,
g1_online_only,LEO_ONLY,12,0.1,200,2,113,ok,,0,1,50.921667,2013,5,10.176,0.071,10.302,10.2825,887,708,418,2013,2,2,1,5,1.76309E+12,1.76309E+12,,,,,,,,,,,,,,,
g1_online_only,LEO_ONLY,12,0.1,200,2,114,ok,,0,1,53.184875,2013,5,10.2,0.059,10.299,10.278625,888,708,417,2013,2,2,1,5,1.76309E+12,1.76309E+12,,,,,,,,,,,,,,,
g1_online_only,LEO_ONLY,12,0.1,200,2,115,ok,,0,1,56.87625,2014,5,10.002,0.071,10.51,10.489042,888,708,418,2014,2,2,1,5,1.76309E+12,1.76309E+12,,,,,,,,,,,,,,,
g1_online_only,LEO_ONLY,12,0.1,200,2,116,ok,,0,1,54.450417,2017,5,9.98,0.101,10.78,10.765625,889,709,419,2017,2,2,1,5,1.76309E+12,1.76309E+12,,,,,,,,,,,,,,,
g1_online_only,LEO_ONLY,12,0.1,200,2,117,ok,,0,1,52.572125,2013,5,9.868,0.066,10.292,10.270208,887,709,417,2013,2,2,1,5,1.76309E+12,1.76309E+12,,,,,,,,,,,,,,,
g1_online_only,LEO_ONLY,12,0.1,200,2,118,ok,,0,1,49.647792,2012,5,10.585,0.067,10.41,10.394834,886,708,418,2012,2,2,1,5,1.76309E+12,1.76309E+12,,,,,,,,,,,,,,,
g1_online_only,LEO_ONLY,12,0.1,200,2,119,ok,,0,1,55.556333,2012,5,10.055,0.068,10.349,10.33075,887,708,417,2012,2,2,1,5,1.76309E+12,1.76309E+12,,,,,,,,,,,,,,,
g1_online_only,LEO_ONLY,12,0.1,200,2,120,ok,,0,1,53.409166,2017,5,10.046,0.071,10.374,10.350584,889,709,419,2017,2,2,1,5,1.76309E+12,1.76309E+12,,,,,,,,,,,,,,,
g1_online_only,LEO_ONLY,12,0.1,200,2,121,ok,,0,1,51.85037501,2012,5,9.81,0.059,10.232,10.212209,887,708,417,2012,2,2,1,5,1.76309E+12,1.76309E+12,,,,,,,,,,,,,,,
g1_online_only,LEO_ONLY,12,0.1,200,2,122,ok,,0,1,56.77654099,2015,5,10.003,0.066,10.359,10.337167,888,709,418,2015,2,2,1,5,1.76309E+12,1.76309E+12,,,,,,,,,,,,,,,
g1_online_only,LEO_ONLY,12,0.1,200,2,123,ok,,0,1,59.474125,2012,5,10.043,0.069,10.364,10.337042,887,707,418,2012,2,2,1,5,1.76309E+12,1.76309E+12,,,,,,,,,,,,,,,
g1_online_only,LEO_ONLY,12,0.1,200,2,124,ok,,0,1,52.437,2014,5,9.845,0.054,10.289,10.270416,888,708,418,2014,2,2,1,5,1.76309E+12,1.76309E+12,,,,,,,,,,,,,,,
g1_online_only,LEO_ONLY,12,0.1,200,2,125,ok,,0,1,51.623417,2016,5,9.796,0.065,10.36,10.336083,888,709,419,2016,2,2,1,5,1.76309E+12,1.76309E+12,,,,,,,,,,,,,,,
g1_online_only,LEO_ONLY,12,0.1,200,2,126,ok,,0,1,52.787667,2015,5,9.997,0.066,10.369,10.34725,888,709,418,2015,2,2,1,5,1.76309E+12,1.76309E+12,,,,,,,,,,,,,,,
g1_online_only,LEO_ONLY,12,0.1,200,2,127,ok,,0,1,54.634625,2011,5,10.16,0.061,10.354,10.340333,886,707,418,2011,2,2,1,5,1.76309E+12,1.76309E+12,,,,,,,,,,,,,,,
g1_online_only,LEO_ONLY,12,0.1,200,2,128,ok,,0,1,55.264833,2014,5,10.205,0.066,10.226,10.206041,888,708,418,2014,2,2,1,5,1.76309E+12,1.76309E+12,,,,,,,,,,,,,,,
g1_online_only,LEO_ONLY,12,0.1,200,2,129,ok,,0,1,48.73475,2007,5,9.782,0.073,10.243,10.223709,885,705,417,2007,2,2,1,5,1.76309E+12,1.76309E+12,,,,,,,,,,,,,,,
g1_online_only,LEO_ONLY,12,0.1,200,2,130,ok,,0,1,52.587834,2013,5,9.798,0.065,10.223,10.203333,887,708,418,2013,2,2,1,5,1.76309E+12,1.76309E+12,,,,,,,,,,,,,,,
g1_online_only,LEO_ONLY,12,0.1,200,2,131,ok,,0,1,51.665125,2015,5,10.197,0.063,10.406,10.38325,888,708,419,2015,2,2,1,5,1.76309E+12,1.76309E+12,,,,,,,,,,,,,,,
g1_online_only,LEO_ONLY,12,0.1,200,2,132,ok,,0,1,54.707334,2013,5,9.786,0.058,10.359,10.34116701,887,708,418,2013,2,2,1,5,1.76309E+12,1.76309E+12,,,,,,,,,,,,,,,
g1_online_only,LEO_ONLY,12,0.1,200,2,133,ok,,0,1,50.0995,2014,5,9.81,0.069,10.439,10.421083,888,708,418,2014,2,2,1,5,1.76309E+12,1.76309E+12,,,,,,,,,,,,,,,
g1_online_only,LEO_ONLY,12,0.1,200,2,134,ok,,0,1,50.576625,2010,5,9.884,0.063,10.222,10.203,886,707,417,2010,2,2,1,5,1.76309E+12,1.76309E+12,,,,,,,,,,,,,,,
g1_online_only,LEO_ONLY,12,0.1,200,2,135,ok,,0,1,54.511667,2013,5,10.29,0.065,10.471,10.452625,887,708,418,2013,2,2,1,5,1.76309E+12,1.76309E+12,,,,,,,,,,,,,,,
g1_online_only,LEO_ONLY,12,0.1,200,2,136,ok,,0,1,52.878083,2012,5,10.009,0.068,10.508,10.488708,887,708,417,2012,2,2,1,5,1.76309E+12,1.76309E+12,,,,,,,,,,,,,,,
g1_online_only,LEO_ONLY,12,0.1,200,2,137,ok,,0,1,52.104958,2014,5,10.068,0.067,10.327,10.307583,888,708,418,2014,2,2,1,5,1.76309E+12,1.76309E+12,,,,,,,,,,,,,,,
g1_online_only,LEO_ONLY,12,0.1,200,2,138,ok,,0,1,51.513625,2010,5,9.854,0.066,10.201,10.182583,886,706,418,2010,2,2,1,5,1.76309E+12,1.76309E+12,,,,,,,,,,,,,,,
g1_online_only,LEO_ONLY,12,0.1,200,2,139,ok,,0,1,48.128126,2012,5,9.901,0.066,10.114,10.100208,887,708,417,2012,2,2,1,5,1.76309E+12,1.76309E+12,,,,,,,,,,,,,,,
g1_online_only,LEO_ONLY,12,0.1,200,2,140,ok,,0,1,58.509791,2013,5,10.173,0.066,10.46,10.438959,887,709,417,2013,2,2,1,5,1.76309E+12,1.76309E+12,,,,,,,,,,,,,,,
g1_online_only,LEO_ONLY,12,0.1,200,2,141,ok,,0,1,54.791583,2014,5,9.93,0.06,10.335,10.31625,888,708,418,2014,2,2,1,5,1.76309E+12,1.76309E+12,,,,,,,,,,,,,,,
g1_online_only,LEO_ONLY,12,0.1,200,2,142,ok,,0,1,60.64237501,2014,5,10.4,0.061,10.338,10.3155,887,708,419,2014,2,2,1,5,1.76309E+12,1.76309E+12,,,,,,,,,,,,,,,
g1_online_only,LEO_ONLY,12,0.1,200,2,143,ok,,0,1,73.2105,2012,5,10.62,0.102,10.575,10.553833,887,707,418,2012,2,2,1,5,1.76309E+12,1.76309E+12,,,,,,,,,,,,,,,
g1_online_only,LEO_ONLY,12,0.1,200,2,144,ok,,0,1,53.985667,2010,5,10.129,0.073,10.287,10.262542,886,707,417,2010,2,2,1,5,1.76309E+12,1.76309E+12,,,,,,,,,,,,,,,
g1_online_only,LEO_ONLY,12,0.1,200,2,145,ok,,0,1,56.872375,2017,5,10.022,0.068,10.187,10.170625,889,709,419,2017,2,2,1,5,1.76309E+12,1.76309E+12,,,,,,,,,,,,,,,
g1_online_only,LEO_ONLY,12,0.1,200,2,146,ok,,0,1,55.16,2017,5,10.043,0.064,10.158,10.136209,889,709,419,2017,2,2,1,5,1.76309E+12,1.76309E+12,,,,,,,,,,,,,,,
g1_online_only,LEO_ONLY,12,0.1,200,2,147,ok,,0,1,53.240917,2014,5,10.102,0.069,10.261,10.240958,888,708,418,2014,2,2,1,5,1.76309E+12,1.76309E+12,,,,,,,,,,,,,,,
g1_online_only,LEO_ONLY,12,0.1,200,2,148,ok,,0,1,53.950416,2014,5,9.735,0.06,10.262,10.241875,888,708,418,2014,2,2,1,5,1.76309E+12,1.76309E+12,,,,,,,,,,,,,,,
g1_online_only,LEO_ONLY,12,0.1,200,2,149,ok,,0,1,50.1275,2013,5,10.039,0.057,10.24,10.221291,887,707,419,2013,2,2,1,5,1.76309E+12,1.76309E+12,,,,,,,,,,,,,,,
g1_online_only,LEO_ONLY,12,0.1,200,2,150,ok,,0,1,58.021834,2015,5,9.969,0.066,10.289,10.264292,888,709,418,2015,2,2,1,5,1.76309E+12,1.76309E+12,,,,,,,,,,,,,,,
g1_online_only,LEO_ONLY,12,0.1,200,2,151,ok,,0,1,52.08429199,2011,5,10.251,0.066,10.315,10.296083,886,708,417,2011,2,2,1,5,1.76309E+12,1.76309E+12,,,,,,,,,,,,,,,
g1_online_only,LEO_ONLY,12,0.1,200,2,152,ok,,0,1,50.427333,2015,5,10.069,0.068,10.409,10.389208,888,709,418,2015,2,2,1,5,1.76309E+12,1.76309E+12,,,,,,,,,,,,,,,
g1_online_only,LEO_ONLY,12,0.1,200,2,153,ok,,0,1,55.883625,2013,5,9.959,0.065,10.198,10.177917,887,709,417,2013,2,2,1,5,1.76309E+12,1.76309E+12,,,,,,,,,,,,,,,
g1_online_only,LEO_ONLY,12,0.1,200,2,154,ok,,0,1,50.19579201,2014,5,10.003,0.061,10.353,10.375209,887,708,419,2014,2,2,1,5,1.76309E+12,1.76309E+12,,,,,,,,,,,,,,,
g1_online_only,LEO_ONLY,12,0.1,200,2,155,ok,,0,1,50.873875,2015,5,9.933,0.069,10.335,10.315459,888,708,419,2015,2,2,1,5,1.76309E+12,1.76309E+12,,,,,,,,,,,,,,,
g1_online_only,LEO_ONLY,12,0.1,200,2,156,ok,,0,1,54.10925,2015,5,10.174,0.067,10.4,10.37941599,888,708,419,2015,2,2,1,5,1.76309E+12,1.76309E+12,,,,,,,,,,,,,,,
g1_online_only,LEO_ONLY,12,0.1,200,2,157,ok,,0,1,50.989875,2017,5,9.98,0.063,10.249,10.22837499,889,709,419,2017,2,2,1,5,1.76309E+12,1.76309E+12,,,,,,,,,,,,,,,
g1_online_only,LEO_ONLY,12,0.1,200,2,158,ok,,0,1,53.159375,2015,5,9.981,0.068,10.636,10.61304101,888,709,418,2015,2,2,1,5,1.76309E+12,1.76309E+12,,,,,,,,,,,,,,,
g1_online_only,LEO_ONLY,12,0.1,200,2,159,ok,,0,1,52.438292,2014,5,10.387,0.074,10.946,10.92875,888,708,418,2014,2,2,1,5,1.76309E+12,1.76309E+12,,,,,,,,,,,,,,,
g1_online_only,LEO_ONLY,12,0.1,200,2,160,ok,,0,1,54.488376,2012,5,10.127,0.062,10.328,10.30704199,887,708,417,2012,2,2,1,5,1.76309E+12,1.76309E+12,,,,,,,,,,,,,,,
g1_online_only,LEO_ONLY,12,0.1,200,2,161,ok,,0,1,59.71225,2008,5,10.13,0.06,10.362,10.343166,885,707,416,2008,2,2,1,5,1.76309E+12,1.76309E+12,,,,,,,,,,,,,,,
g1_online_only,LEO_ONLY,12,0.1,200,2,162,ok,,0,1,47.982667,2016,5,9.716,0.064,10.188,10.167916,888,709,419,2016,2,2,1,5,1.76309E+12,1.76309E+12,,,,,,,,,,,,,,,
g1_online_only,LEO_ONLY,12,0.1,200,2,163,ok,,0,1,50.039625,2017,5,9.863,0.062,10.433,10.414292,889,709,419,2017,2,2,1,5,1.76309E+12,1.76309E+12,,,,,,,,,,,,,,,
g1_online_only,LEO_ONLY,12,0.1,200,2,164,ok,,0,1,52.36191701,2015,5,10.127,0.062,10.338,10.318291,888,708,419,2015,2,2,1,5,1.76309E+12,1.76309E+12,,,,,,,,,,,,,,,
g1_online_only,LEO_ONLY,12,0.1,200,2,165,ok,,0,1,51.110958,2012,5,10.052,0.062,10.322,10.301125,887,707,418,2012,2,2,1,5,1.76309E+12,1.76309E+12,,,,,,,,,,,,,,,
g1_online_only,LEO_ONLY,12,0.1,200,2,166,ok,,0,1,56.819375,2007,5,9.853,0.064,10.456,10.432542,884,707,416,2007,2,2,1,5,1.76309E+12,1.76309E+12,,,,,,,,,,,,,,,
g1_online_only,LEO_ONLY,12,0.1,200,2,167,ok,,0,1,58.35220801,2013,5,10.037,0.072,10.297,10.276,887,708,418,2013,2,2,1,5,1.76309E+12,1.76309E+12,,,,,,,,,,,,,,,
g1_online_only,LEO_ONLY,12,0.1,200,2,168,ok,,0,1,49.503416,2014,5,9.793,0.064,10.277,10.258917,887,708,419,2014,2,2,1,5,1.76309E+12,1.76309E+12,,,,,,,,,,,,,,,
g1_online_only,LEO_ONLY,12,0.1,200,2,169,ok,,0,1,49.866042,2012,5,10.099,0.064,10.308,10.288917,887,708,417,2012,2,2,1,5,1.76309E+12,1.76309E+12,,,,,,,,,,,,,,,
g1_online_only,LEO_ONLY,12,0.1,200,2,170,ok,,0,1,56.454292,2014,5,9.977,0.067,10.142,10.120375,888,708,418,2014,2,2,1,5,1.76309E+12,1.76309E+12,,,,,,,,,,,,,,,
g1_online_only,LEO_ONLY,12,0.1,200,2,171,ok,,0,1,57.577292,2012,5,9.946,0.065,10.187,10.166583,887,707,418,2012,2,2,1,5,1.76309E+12,1.76309E+12,,,,,,,,,,,,,,,
g1_online_only,LEO_ONLY,12,0.1,200,2,172,ok,,0,1,54.62425,2013,5,10.155,0.058,10.138,10.120417,887,708,418,2013,2,2,1,5,1.76309E+12,1.76309E+12,,,,,,,,,,,,,,,
g1_online_only,LEO_ONLY,12,0.1,200,2,173,ok,,0,1,53.696875,2010,5,10.029,0.061,10.203,10.186042,886,708,416,2010,2,2,1,5,1.76309E+12,1.76309E+12,,,,,,,,,,,,,,,
g1_online_only,LEO_ONLY,12,0.1,200,2,174,ok,,0,1,52.442583,2013,5,10.1,0.067,10.319,10.29950001,887,709,417,2013,2,2,1,5,1.76309E+12,1.76309E+12,,,,,,,,,,,,,,,
g1_online_only,LEO_ONLY,12,0.1,200,2,175,ok,,0,1,54.74275,2014,5,10.099,0.066,10.359,10.34025,888,708,418,2014,2,2,1,5,1.76309E+12,1.76309E+12,,,,,,,,,,,,,,,
g1_online_only,LEO_ONLY,12,0.1,200,2,176,ok,,0,1,52.983833,2011,5,12.392,0.097,10.146,10.12575,886,708,417,2011,2,2,1,5,1.76309E+12,1.76309E+12,,,,,,,,,,,,,,,
g1_online_only,LEO_ONLY,12,0.1,200,2,177,ok,,0,1,54.163958,2015,5,9.994,0.068,10.315,10.294459,888,709,418,2015,2,2,1,5,1.76309E+12,1.76309E+12,,,,,,,,,,,,,,,
g1_online_only,LEO_ONLY,12,0.1,200,2,178,ok,,0,1,55.29787501,2014,5,9.952,0.063,10.394,10.374916,887,708,419,2014,2,2,1,5,1.76309E+12,1.76309E+12,,,,,,,,,,,,,,,
g1_online_only,LEO_ONLY,12,0.1,200,2,179,ok,,0,1,51.399,2014,5,10.11,0.065,10.128,10.109958,888,708,418,2014,2,2,1,5,1.76309E+12,1.76309E+12,,,,,,,,,,,,,,,
g1_online_only,LEO_ONLY,12,0.1,200,2,180,ok,,0,1,50.248458,2015,5,9.861,0.065,10.438,10.41675,888,709,418,2015,2,2,1,5,1.76309E+12,1.76309E+12,,,,,,,,,,,,,,,
g1_online_only,LEO_ONLY,12,0.1,200,2,181,ok,,0,1,48.941125,2011,5,10.041,0.066,10.296,10.275417,887,707,417,2011,2,2,1,5,1.76309E+12,1.76309E+12,,,,,,,,,,,,,,,
g1_online_only,LEO_ONLY,12,0.1,200,2,182,ok,,0,1,54.042875,2011,5,9.897,0.056,10.447,10.428959,887,708,416,2011,2,2,1,5,1.76309E+12,1.76309E+12,,,,,,,,,,,,,,,
g1_online_only,LEO_ONLY,12,0.1,200,2,183,ok,,0,1,49.490375,2015,5,9.929,0.064,10.462,10.441292,888,708,419,2015,2,2,1,5,1.76309E+12,1.76309E+12,,,,,,,,,,,,,,,
g1_online_only,LEO_ONLY,12,0.1,200,2,184,ok,,0,1,51.740416,2012,5,9.659,0.058,10.336,10.316167,887,708,417,2012,2,2,1,5,1.76309E+12,1.76309E+12,,,,,,,,,,,,,,,
g1_online_only,LEO_ONLY,12,0.1,200,2,185,ok,,0,1,48.344792,2013,5,10.662,0.077,10.484,10.48391699,887,708,418,2013,2,2,1,5,1.76309E+12,1.76309E+12,,,,,,,,,,,,,,,
g1_online_only,LEO_ONLY,12,0.1,200,2,186,ok,,0,1,51.677041,2017,5,10.049,0.064,10.382,10.358833,889,709,419,2017,2,2,1,5,1.76309E+12,1.76309E+12,,,,,,,,,,,,,,,
g1_online_only,LEO_ONLY,12,0.1,200,2,187,ok,,0,1,52.32045799,2017,5,10.149,0.065,10.285,10.263,889,709,419,2017,2,2,1,5,1.76309E+12,1.76309E+12,,,,,,,,,,,,,,,
g1_online_only,LEO_ONLY,12,0.1,200,2,188,ok,,0,1,52.571751,2012,5,10.031,0.063,10.171,10.151167,887,707,418,2012,2,2,1,5,1.76309E+12,1.76309E+12,,,,,,,,,,,,,,,
g1_online_only,LEO_ONLY,12,0.1,200,2,189,ok,,0,1,53.848333,2013,5,9.852,0.066,10.287,10.268667,887,708,418,2013,2,2,1,5,1.76309E+12,1.76309E+12,,,,,,,,,,,,,,,
g1_online_only,LEO_ONLY,12,0.1,200,2,190,ok,,0,1,57.031542,2016,5,10.125,0.061,10.422,10.409625,888,709,419,2016,2,2,1,5,1.76309E+12,1.76309E+12,,,,,,,,,,,,,,,
g1_online_only,LEO_ONLY,12,0.1,200,2,191,ok,,0,1,51.647458,2015,5,10.045,0.068,10.285,10.262833,888,708,419,2015,2,2,1,5,1.76309E+12,1.76309E+12,,,,,,,,,,,,,,,
g1_online_only,LEO_ONLY,12,0.1,200,2,192,ok,,0,1,56.374958,2008,5,10.043,0.064,10.292,10.273916,885,707,416,2008,2,2,1,5,1.76309E+12,1.76309E+12,,,,,,,,,,,,,,,
g1_online_only,LEO_ONLY,12,0.1,200,2,193,ok,,0,1,49.831125,2012,5,10.146,0.067,10.169,10.14962501,887,708,417,2012,2,2,1,5,1.76309E+12,1.76309E+12,,,,,,,,,,,,,,,
g1_online_only,LEO_ONLY,12,0.1,200,2,194,ok,,0,1,52.490375,2014,5,9.828,0.069,10.494,10.479541,888,708,418,2014,2,2,1,5,1.76309E+12,1.76309E+12,,,,,,,,,,,,,,,
g1_online_only,LEO_ONLY,12,0.1,200,2,195,ok,,0,1,54.729042,2010,5,9.931,0.067,10.276,10.255083,885,708,417,2010,2,2,1,5,1.76309E+12,1.76309E+12,,,,,,,,,,,,,,,
g1_online_only,LEO_ONLY,12,0.1,200,2,196,ok,,0,1,50.40625,2013,5,9.828,0.062,10.187,10.165208,888,707,418,2013,2,2,1,5,1.76309E+12,1.76309E+12,,,,,,,,,,,,,,,
g1_online_only,LEO_ONLY,12,0.1,200,2,197,ok,,0,1,50.464792,2014,5,9.891,0.057,10.277,10.287959,888,708,418,2014,2,2,1,5,1.76309E+12,1.76309E+12,,,,,,,,,,,,,,,
g1_online_only,LEO_ONLY,12,0.1,200,2,198,ok,,0,1,53.242833,2014,5,9.713,0.066,10.217,10.194583,888,708,418,2014,2,2,1,5,1.76309E+12,1.76309E+12,,,,,,,,,,,,,,,
g1_online_only,LEO_ONLY,12,0.1,200,2,199,ok,,0,1,49.147708,2013,5,9.799,0.064,10.241,10.219875,887,708,418,2013,2,2,1,5,1.76309E+12,1.76309E+12,,,,,,,,,,,,,,,
g1_online_only,LEO_ONLY,12,0.1,200,2,200,ok,,0,1,54.806458,2014,5,10.032,0.062,10.551,10.5285,888,708,418,2014,2,2,1,5,1.76309E+12,1.76309E+12,,,,,,,,,,,,,,,
g1_online_only,LEO_ONLY,12,0.1,200,2,201,ok,,0,1,51.691083,2017,5,10.205,0.067,10.352,10.330625,889,709,419,2017,2,2,1,5,1.76309E+12,1.76309E+12,,,,,,,,,,,,,,,
g1_online_only,LEO_ONLY,12,0.1,200,2,202,ok,,0,1,53.443583,2017,5,10.092,0.06,10.193,10.172542,889,709,419,2017,2,2,1,5,1.76309E+12,1.76309E+12,,,,,,,,,,,,,,,
g1_online_only,LEO_ONLY,12,0.1,200,2,203,ok,,0,1,48.996209,2017,5,9.913,0.071,10.329,10.30175,889,709,419,2017,2,2,1,5,1.76309E+12,1.76309E+12,,,,,,,,,,,,,,,
g1_online_only,LEO_ONLY,12,0.1,200,2,204,ok,,0,1,49.655584,2017,5,9.934,0.066,10.424,10.403875,889,709,419,2017,2,2,1,5,1.76309E+12,1.76309E+12,,,,,,,,,,,,,,,
g1_online_only,LEO_ONLY,12,0.1,200,2,205,ok,,0,1,53.088209,2016,5,10.039,0.064,10.274,10.251917,888,709,419,2016,2,2,1,5,1.76309E+12,1.76309E+12,,,,,,,,,,,,,,,
g1_online_only,LEO_ONLY,12,0.1,200,2,206,ok,,0,1,54.750209,2013,5,10.133,0.07,10.4,10.377792,887,708,418,2013,2,2,1,5,1.76309E+12,1.76309E+12,,,,,,,,,,,,,,,
g1_online_only,LEO_ONLY,12,0.1,200,2,207,ok,,0,1,54.724875,2006,5,9.992,0.072,10.388,10.364833,885,706,415,2006,2,2,1,5,1.76309E+12,1.76309E+12,,,,,,,,,,,,,,,
g1_online_only,LEO_ONLY,12,0.1,200,2,208,ok,,0,1,53.67308301,2009,5,9.932,0.072,10.289,10.262292,885,707,417,2009,2,2,1,5,1.76309E+12,1.76309E+12,,,,,,,,,,,,,,,
g1_online_only,LEO_ONLY,12,0.1,200,2,209,ok,,0,1,51.488708,2011,5,9.735,0.066,10.22,10.198875,886,707,418,2011,2,2,1,5,1.76309E+12,1.76309E+12,,,,,,,,,,,,,,,
g1_online_only,LEO_ONLY,12,0.1,200,2,210,ok,,0,1,77.557792,2016,5,10.389,0.111,12.484,12.337834,888,709,419,2016,2,2,1,5,1.76309E+12,1.76309E+12,,,,,,,,,,,,,,,
g1_online_only,LEO_ONLY,12,0.1,200,2,211,ok,,0,1,52.585833,2014,5,9.68,0.065,10.419,10.40024999,888,708,418,2014,2,2,1,5,1.76309E+12,1.76309E+12,,,,,,,,,,,,,,,
g1_online_only,LEO_ONLY,12,0.1,200,2,212,ok,,0,1,51.364125,2012,5,9.752,0.067,10.259,10.235667,887,707,418,2012,2,2,1,5,1.76309E+12,1.76309E+12,,,,,,,,,,,,,,,
g1_online_only,LEO_ONLY,12,0.1,200,2,213,ok,,0,1,52.387875,2010,5,9.686,0.067,10.211,10.19175,886,707,417,2010,2,2,1,5,1.76309E+12,1.76309E+12,,,,,,,,,,,,,,,
g1_online_only,LEO_ONLY,12,0.1,200,2,214,ok,,0,1,51.585542,2012,5,9.883,0.063,10.274,10.254958,886,707,419,2012,2,2,1,5,1.76309E+12,1.76309E+12,,,,,,,,,,,,,,,
g1_online_only,LEO_ONLY,12,0.1,200,2,215,ok,,0,1,50.209625,2009,5,9.963,0.067,10.11,10.090459,886,706,417,2009,2,2,1,5,1.76309E+12,1.76309E+12,,,,,,,,,,,,,,,
g1_online_only,LEO_ONLY,12,0.1,200,2,216,ok,,0,1,55.437958,2009,5,9.824,0.063,10.465,10.443292,886,707,416,2009,2,2,1,5,1.76309E+12,1.76309E+12,,,,,,,,,,,,,,,
g1_online_only,LEO_ONLY,12,0.1,200,2,217,ok,,0,1,49.969,2009,5,9.899,0.079,10.141,10.11925,885,708,416,2009,2,2,1,5,1.76309E+12,1.76309E+12,,,,,,,,,,,,,,,
g1_online_only,LEO_ONLY,12,0.1,200,2,218,ok,,0,1,56.153291,2017,5,10.114,0.07,10.361,10.338917,889,709,419,2017,2,2,1,5,1.76309E+12,1.76309E+12,,,,,,,,,,,,,,,
g1_online_only,LEO_ONLY,12,0.1,200,2,219,ok,,0,1,52.038125,2017,5,10.088,0.057,10.319,10.298208,889,709,419,2017,2,2,1,5,1.76309E+12,1.76309E+12,,,,,,,,,,,,,,,
g1_online_only,LEO_ONLY,12,0.1,200,2,220,ok,,0,1,51.488875,2014,5,10.004,0.063,10.386,10.366458,888,708,418,2014,2,2,1,5,1.76309E+12,1.76309E+12,,,,,,,,,,,,,,,
g1_online_only,LEO_ONLY,12,0.1,200,2,221,ok,,0,1,52.309333,2017,5,9.996,0.065,10.215,10.194583,889,709,419,2017,2,2,1,5,1.76309E+12,1.76309E+12,,,,,,,,,,,,,,,
g1_online_only,LEO_ONLY,12,0.1,200,2,222,ok,,0,1,53.15887499,2013,5,9.776,0.065,10.367,10.346375,887,708,418,2013,2,2,1,5,1.76309E+12,1.76309E+12,,,,,,,,,,,,,,,
g1_online_only,LEO_ONLY,12,0.1,200,2,223,ok,,0,1,51.077084,2017,5,10.085,0.074,10.424,10.40458401,889,709,419,2017,2,2,1,5,1.76309E+12,1.76309E+12,,,,,,,,,,,,,,,
g1_online_only,LEO_ONLY,12,0.1,200,2,224,ok,,0,1,56.59375,2015,5,10.203,0.066,10.37,10.349459,888,708,419,2015,2,2,1,5,1.76309E+12,1.76309E+12,,,,,,,,,,,,,,,
g1_online_only,LEO_ONLY,12,0.1,200,2,225,ok,,0,1,50.889834,2012,5,9.999,0.065,10.366,10.347208,887,708,417,2012,2,2,1,5,1.76309E+12,1.76309E+12,,,,,,,,,,,,,,,
g1_online_only,LEO_ONLY,12,0.1,200,2,226,ok,,0,1,48.821334,2011,5,10.194,0.056,10.336,10.313125,887,707,417,2011,2,2,1,5,1.76309E+12,1.76309E+12,,,,,,,,,,,,,,,
g1_online_only,LEO_ONLY,12,0.1,200,2,227,ok,,0,1,51.300084,2017,5,9.925,0.067,10.516,10.497,889,709,419,2017,2,2,1,5,1.76309E+12,1.76309E+12,,,,,,,,,,,,,,,
g1_online_only,LEO_ONLY,12,0.1,200,2,228,ok,,0,1,52.567,2016,5,9.978,0.056,10.258,10.23729199,889,709,418,2016,2,2,1,5,1.76309E+12,1.76309E+12,,,,,,,,,,,,,,,
g1_online_only,LEO_ONLY,12,0.1,200,2,229,ok,,0,1,50.8845,2017,5,9.833,0.063,10.254,10.232792,889,709,419,2017,2,2,1,5,1.76309E+12,1.76309E+12,,,,,,,,,,,,,,,
g1_online_only,LEO_ONLY,12,0.1,200,2,230,ok,,0,1,51.352375,2012,5,9.944,0.068,10.328,10.308458,887,708,417,2012,2,2,1,5,1.76309E+12,1.76309E+12,,,,,,,,,,,,,,,
g1_online_only,LEO_ONLY,12,0.1,200,2,231,ok,,0,1,51.7115,2017,5,10.113,0.073,10.079,10.060875,889,709,419,2017,2,2,1,5,1.76309E+12,1.76309E+12,,,,,,,,,,,,,,,
g1_online_only,LEO_ONLY,12,0.1,200,2,232,ok,,0,1,57.206709,2014,5,9.897,0.064,10.17,10.150709,887,708,419,2014,2,2,1,5,1.76309E+12,1.76309E+12,,,,,,,,,,,,,,,
g1_online_only,LEO_ONLY,12,0.1,200,2,233,ok,,0,1,50.714542,2015,5,9.913,0.065,10.168,10.147083,888,708,419,2015,2,2,1,5,1.76309E+12,1.76309E+12,,,,,,,,,,,,,,,
g1_online_only,LEO_ONLY,12,0.1,200,2,234,ok,,0,1,54.256416,2012,5,9.933,0.076,10.295,10.275833,887,707,418,2012,2,2,1,5,1.76309E+12,1.76309E+12,,,,,,,,,,,,,,,
g1_online_only,LEO_ONLY,12,0.1,200,2,235,ok,,0,1,56.017,2013,5,10.021,0.068,10.31,10.287958,887,709,417,2013,2,2,1,5,1.76309E+12,1.76309E+12,,,,,,,,,,,,,,,
g1_online_only,LEO_ONLY,12,0.1,200,2,236,ok,,0,1,50.80145899,2017,5,10.087,0.066,10.4,10.376834,889,709,419,2017,2,2,1,5,1.76309E+12,1.76309E+12,,,,,,,,,,,,,,,
g1_online_only,LEO_ONLY,12,0.1,200,2,237,ok,,0,1,53.5495,2011,5,9.971,0.056,10.459,10.438375,887,706,418,2011,2,2,1,5,1.76309E+12,1.76309E+12,,,,,,,,,,,,,,,
g1_online_only,LEO_ONLY,12,0.1,200,2,238,ok,,0,1,50.789833,2012,5,9.974,0.064,10.158,10.134208,887,708,417,2012,2,2,1,5,1.76309E+12,1.76309E+12,,,,,,,,,,,,,,,
g1_online_only,LEO_ONLY,12,0.1,200,2,239,ok,,0,1,53.31025,2013,5,9.798,0.065,10.226,10.207459,887,707,419,2013,2,2,1,5,1.76309E+12,1.76309E+12,,,,,,,,,,,,,,,
g1_online_only,LEO_ONLY,12,0.1,200,2,240,ok,,0,1,52.347,2014,5,9.9,0.061,10.088,10.064875,888,708,418,2014,2,2,1,5,1.76309E+12,1.76309E+12,,,,,,,,,,,,,,,
g1_online_only,LEO_ONLY,12,0.1,200,2,241,ok,,0,1,55.411292,2017,5,10.065,0.066,10.36,10.33925,889,709,419,2017,2,2,1,5,1.76309E+12,1.76309E+12,,,,,,,,,,,,,,,
g1_online_only,LEO_ONLY,12,0.1,200,2,242,ok,,0,1,60.068333,2012,5,10.057,0.078,10.461,10.434,887,708,417,2012,2,2,1,5,1.76309E+12,1.76309E+12,,,,,,,,,,,,,,,
g1_online_only,LEO_ONLY,12,0.1,200,2,243,ok,,0,1,57.739542,2012,5,10.725,0.187,13.777,13.813458,887,708,417,2012,2,2,1,5,1.76309E+12,1.76309E+12,,,,,,,,,,,,,,,
g1_online_only,LEO_ONLY,12,0.1,200,2,244,ok,,0,1,61.196375,2016,5,10.228,0.065,10.334,10.310417,888,709,419,2016,2,2,1,5,1.76309E+12,1.76309E+12,,,,,,,,,,,,,,,
g1_online_only,LEO_ONLY,12,0.1,200,2,245,ok,,0,1,58.982,2015,5,10.271,0.069,10.345,10.326083,888,708,419,2015,2,2,1,5,1.76309E+12,1.76309E+12,,,,,,,,,,,,,,,
g1_online_only,LEO_ONLY,12,0.1,200,2,246,ok,,0,1,51.363084,2008,5,10.237,0.071,10.284,10.264583,885,707,416,2008,2,2,1,5,1.76309E+12,1.76309E+12,,,,,,,,,,,,,,,
g1_online_only,LEO_ONLY,12,0.1,200,2,247,ok,,0,1,53.16745801,2010,5,10.044,0.068,10.211,10.193916,886,708,416,2010,2,2,1,5,1.76309E+12,1.76309E+12,,,,,,,,,,,,,,,
g1_online_only,LEO_ONLY,12,0.1,200,2,248,ok,,0,1,51.845041,2014,5,9.758,0.065,10.329,10.309875,887,708,419,2014,2,2,1,5,1.76309E+12,1.76309E+12,,,,,,,,,,,,,,,
g1_online_only,LEO_ONLY,12,0.1,200,2,249,ok,,0,1,52.36575,2009,5,10.077,0.056,10.215,10.195375,886,707,416,2009,2,2,1,5,1.76309E+12,1.76309E+12,,,,,,,,,,,,,,,
g1_online_only,LEO_ONLY,12,0.1,200,2,250,ok,,0,1,52.669458,2013,5,9.851,0.059,10.398,10.382334,888,707,418,2013,2,2,1,5,1.76309E+12,1.76309E+12,,,,,,,,,,,,,,,
g1_online_only,LEO_ONLY,12,0.1,200,2,251,ok,,0,1,46.824875,2012,5,10.024,0.069,10.257,10.236166,887,708,417,2012,2,2,1,5,1.76309E+12,1.76309E+12,,,,,,,,,,,,,,,
g1_online_only,LEO_ONLY,12,0.1,200,2,252,ok,,0,1,51.848917,2015,5,9.874,0.07,10.38,10.360917,888,708,419,2015,2,2,1,5,1.76309E+12,1.76309E+12,,,,,,,,,,,,,,,
g1_online_only,LEO_ONLY,12,0.1,200,2,253,ok,,0,1,50.339792,2012,5,9.678,0.067,10.309,10.287958,886,708,418,2012,2,2,1,5,1.76309E+12,1.76309E+12,,,,,,,,,,,,,,,
g1_online_only,LEO_ONLY,12,0.1,200,2,254,ok,,0,1,51.93875,2010,5,10.045,0.057,10.487,10.467292,886,707,417,2010,2,2,1,5,1.76309E+12,1.76309E+12,,,,,,,,,,,,,,,
g1_online_only,LEO_ONLY,12,0.1,200,2,255,ok,,0,1,54.79675,2012,5,9.82,0.066,10.233,10.203458,887,707,418,2012,2,2,1,5,1.76309E+12,1.76309E+12,,,,,,,,,,,,,,,
g1_online_only,LEO_ONLY,12,0.1,200,2,256,ok,,0,1,49.601833,2017,5,9.997,0.061,10.201,10.183542,889,709,419,2017,2,2,1,5,1.76309E+12,1.76309E+12,,,,,,,,,,,,,,,
g1_online_only,LEO_ONLY,12,0.1,200,2,257,ok,,0,1,54.03425,2008,5,9.772,0.07,10.315,10.29375,885,707,416,2008,2,2,1,5,1.76309E+12,1.76309E+12,,,,,,,,,,,,,,,
g1_online_only,LEO_ONLY,12,0.1,200,2,258,ok,,0,1,53.007708,2012,5,9.828,0.068,10.363,10.343875,887,707,418,2012,2,2,1,5,1.76309E+12,1.76309E+12,,,,,,,,,,,,,,,
g1_online_only,LEO_ONLY,12,0.1,200,2,259,ok,,0,1,52.578042,2014,5,10.019,0.068,10.325,10.305833,888,708,418,2014,2,2,1,5,1.76309E+12,1.76309E+12,,,,,,,,,,,,,,,
g1_online_only,LEO_ONLY,12,0.1,200,2,260,ok,,0,1,50.959125,2015,5,9.654,0.059,10.277,10.261125,889,708,418,2015,2,2,1,5,1.76309E+12,1.76309E+12,,,,,,,,,,,,,,,
g1_online_only,LEO_ONLY,12,0.1,200,2,261,ok,,0,1,53.238333,2013,5,10.174,0.059,10.433,10.411375,888,707,418,2013,2,2,1,5,1.76309E+12,1.76309E+12,,,,,,,,,,,,,,,
g1_online_only,LEO_ONLY,12,0.1,200,2,262,ok,,0,1,52.284792,1988,5,9.788,0.059,10.25,10.231917,875,708,405,1988,2,2,1,5,1.76309E+12,1.76309E+12,,,,,,,,,,,,,,,
g1_online_only,LEO_ONLY,12,0.1,200,2,263,ok,,0,1,51.490083,2014,5,9.705,0.057,10.337,10.318584,888,708,418,2014,2,2,1,5,1.76309E+12,1.76309E+12,,,,,,,,,,,,,,,
g1_online_only,LEO_ONLY,12,0.1,200,2,264,ok,,0,1,51.434541,2016,5,10.289,0.064,10.364,10.344834,888,709,419,2016,2,2,1,5,1.76309E+12,1.76309E+12,,,,,,,,,,,,,,,
g1_online_only,LEO_ONLY,12,0.1,200,2,265,ok,,0,1,46.376792,2014,5,9.922,0.065,10.294,10.28616699,888,708,418,2014,2,2,1,5,1.76309E+12,1.76309E+12,,,,,,,,,,,,,,,
g1_online_only,LEO_ONLY,12,0.1,200,2,266,ok,,0,1,50.375084,2010,5,9.913,0.071,10.246,10.222,886,707,417,2010,2,2,1,5,1.76309E+12,1.76309E+12,,,,,,,,,,,,,,,
g1_online_only,LEO_ONLY,12,0.1,200,2,267,ok,,0,1,55.64175,2017,5,9.909,0.067,10.369,10.349958,889,709,419,2017,2,2,1,5,1.76309E+12,1.76309E+12,,,,,,,,,,,,,,,
g1_online_only,LEO_ONLY,12,0.1,200,2,268,ok,,0,1,50.738,2010,5,10.136,0.077,10.612,10.592167,886,707,417,2010,2,2,1,5,1.76309E+12,1.76309E+12,,,,,,,,,,,,,,,
g1_online_only,LEO_ONLY,12,0.1,200,2,269,ok,,0,1,52.053917,2017,5,9.961,0.057,10.405,10.384125,889,709,419,2017,2,2,1,5,1.76309E+12,1.76309E+12,,,,,,,,,,,,,,,
g1_online_only,LEO_ONLY,12,0.1,200,2,270,ok,,0,1,51.48325,1993,5,9.826,0.069,10.375,10.354333,877,709,407,1993,2,2,1,5,1.76309E+12,1.76309E+12,,,,,,,,,,,,,,,
g1_online_only,LEO_ONLY,12,0.1,200,2,271,ok,,0,1,58.658209,2017,5,10.062,0.065,10.427,10.407959,889,709,419,2017,2,2,1,5,1.76309E+12,1.76309E+12,,,,,,,,,,,,,,,
g1_online_only,LEO_ONLY,12,0.1,200,2,272,ok,,0,1,56.788833,2014,5,10.103,0.068,10.572,10.551084,888,708,418,2014,2,2,1,5,1.76309E+12,1.76309E+12,,,,,,,,,,,,,,,
g1_online_only,LEO_ONLY,12,0.1,200,2,273,ok,,0,1,50.366041,2014,5,10.008,0.066,10.239,10.220542,888,708,418,2014,2,2,1,5,1.76309E+12,1.76309E+12,,,,,,,,,,,,,,,
g1_online_only,LEO_ONLY,12,0.1,200,2,274,ok,,0,1,53.391126,2013,5,10.284,0.064,10.354,10.342334,887,708,418,2013,2,2,1,5,1.76309E+12,1.76309E+12,,,,,,,,,,,,,,,
g1_online_only,LEO_ONLY,12,0.1,200,2,275,ok,,0,1,54.753959,2017,5,10.444,0.084,10.551,10.52325,889,709,419,2017,2,2,1,5,1.76309E+12,1.76309E+12,,,,,,,,,,,,,,,
g1_online_only,LEO_ONLY,12,0.1,200,2,276,ok,,0,1,57.191333,2010,5,9.923,0.087,10.619,10.600292,886,707,417,2010,2,2,1,5,1.76309E+12,1.76309E+12,,,,,,,,,,,,,,,
g1_online_only,LEO_ONLY,12,0.1,200,2,277,ok,,0,1,53.665458,2017,5,10.853,0.066,10.577,10.539667,889,709,419,2017,2,2,1,5,1.76309E+12,1.76309E+12,,,,,,,,,,,,,,,
g1_online_only,LEO_ONLY,12,0.1,200,2,278,ok,,0,1,53.679417,2015,5,10.022,0.064,10.423,10.401083,888,708,419,2015,2,2,1,5,1.76309E+12,1.76309E+12,,,,,,,,,,,,,,,
g1_online_only,LEO_ONLY,12,0.1,200,2,279,ok,,0,1,57.055416,2012,5,10.335,0.075,10.399,10.376708,887,707,418,2012,2,2,1,5,1.76309E+12,1.76309E+12,,,,,,,,,,,,,,,
g1_online_only,LEO_ONLY,12,0.1,200,2,280,ok,,0,1,55.456667,2014,5,10.175,0.094,10.384,10.333084,888,708,418,2014,2,2,1,5,1.76309E+12,1.76309E+12,,,,,,,,,,,,,,,
g1_online_only,LEO_ONLY,12,0.1,200,2,281,ok,,0,1,48.03975,2015,5,9.814,0.109,10.557,10.517083,888,708,419,2015,2,2,1,5,1.76309E+12,1.76309E+12,,,,,,,,,,,,,,,
g1_online_only,LEO_ONLY,12,0.1,200,2,282,ok,,0,1,51.560875,2015,5,10.485,0.076,10.52,10.42475,888,708,419,2015,2,2,1,5,1.76309E+12,1.76309E+12,,,,,,,,,,,,,,,
g1_online_only,LEO_ONLY,12,0.1,200,2,283,ok,,0,1,57.698208,2017,5,11.872,0.164,11.36,11.335875,889,709,419,2017,2,2,1,5,1.76309E+12,1.76309E+12,,,,,,,,,,,,,,,
g1_online_only,LEO_ONLY,12,0.1,200,2,284,ok,,0,1,49.198667,2014,5,10.229,0.075,10.4,10.362292,888,708,418,2014,2,2,1,5,1.76309E+12,1.76309E+12,,,,,,,,,,,,,,,
g1_online_only,LEO_ONLY,12,0.1,200,2,285,ok,,0,1,59.514791,2017,5,10.674,0.19,11.593,11.556084,889,709,419,2017,2,2,1,5,1.76309E+12,1.76309E+12,,,,,,,,,,,,,,,
g1_online_only,LEO_ONLY,12,0.1,200,2,286,ok,,0,1,54.464208,2017,5,10.618,0.16,10.942,10.910334,889,709,419,2017,2,2,1,5,1.76309E+12,1.76309E+12,,,,,,,,,,,,,,,
g1_online_only,LEO_ONLY,12,0.1,200,2,287,ok,,0,1,49.580167,2013,5,10.275,0.069,10.531,10.503709,887,708,418,2013,2,2,1,5,1.76309E+12,1.76309E+12,,,,,,,,,,,,,,,
g1_online_only,LEO_ONLY,12,0.1,200,2,288,ok,,0,1,56.369042,2012,5,10.587,0.162,10.769,10.7695,887,708,417,2012,2,2,1,5,1.76309E+12,1.76309E+12,,,,,,,,,,,,,,,
g1_online_only,LEO_ONLY,12,0.1,200,2,289,ok,,0,1,52.495667,2017,5,10.904,0.123,10.744,10.71658399,889,709,419,2017,2,2,1,5,1.76309E+12,1.76309E+12,,,,,,,,,,,,,,,
g1_online_only,LEO_ONLY,12,0.1,200,2,290,ok,,0,1,57.041625,2011,5,10.601,0.131,10.519,10.517958,886,708,417,2011,2,2,1,5,1.76309E+12,1.76309E+12,,,,,,,,,,,,,,,
g1_online_only,LEO_ONLY,12,0.1,200,2,291,ok,,0,1,53.375166,2012,5,10.59,0.092,10.589,10.582958,887,707,418,2012,2,2,1,5,1.76309E+12,1.76309E+12,,,,,,,,,,,,,,,
g1_online_only,LEO_ONLY,12,0.1,200,2,292,ok,,0,1,56.877042,1999,5,10.696,0.125,10.698,10.683916,873,708,418,1999,2,2,1,5,1.76309E+12,1.76309E+12,,,,,,,,,,,,,,,
g1_online_only,LEO_ONLY,12,0.1,200,2,293,ok,,0,1,58.332833,2012,5,10.546,0.207,10.771,10.76325,887,708,417,2012,2,2,1,5,1.76309E+12,1.76309E+12,,,,,,,,,,,,,,,
g1_online_only,LEO_ONLY,12,0.1,200,2,294,ok,,0,1,57.202083,2015,5,10.814,0.199,11.172,11.17275,888,709,418,2015,2,2,1,5,1.76309E+12,1.76309E+12,,,,,,,,,,,,,,,
g1_online_only,LEO_ONLY,12,0.1,200,2,295,ok,,0,1,53.46575,2012,5,10.82,0.153,10.945,10.95375,886,708,418,2012,2,2,1,5,1.76309E+12,1.76309E+12,,,,,,,,,,,,,,,
g1_online_only,LEO_ONLY,12,0.1,200,2,296,ok,,0,1,76.0475,2014,5,15.998,0.148,11.818,11.765959,888,708,418,2014,2,2,1,5,1.76309E+12,1.76309E+12,,,,,,,,,,,,,,,
g1_online_only,LEO_ONLY,12,0.1,200,2,297,ok,,0,1,56.93520801,2012,5,10.509,0.128,10.518,10.506417,887,708,417,2012,2,2,1,5,1.76309E+12,1.76309E+12,,,,,,,,,,,,,,,
g1_online_only,LEO_ONLY,12,0.1,200,2,298,ok,,0,1,55.000292,2013,5,10.545,0.175,10.799,10.786958,887,708,418,2013,2,2,1,5,1.76309E+12,1.76309E+12,,,,,,,,,,,,,,,
g1_online_only,LEO_ONLY,12,0.1,200,2,299,ok,,0,1,59.676292,2014,5,10.514,0.13,10.775,10.761666,888,708,418,2014,2,2,1,5,1.76309E+12,1.76309E+12,,,,,,,,,,,,,,,
g1_online_only,LEO_ONLY,12,0.1,200,2,300,ok,,0,1,50.625875,2017,5,10.605,0.125,10.541,10.542083,889,709,419,2017,2,2,1,5,1.76309E+12,1.76309E+12,,,,,,,,,,,,,,,
g1_online_only,LEO_ONLY,12,0.1,400,2,1,ok,,0,1,52.913709,2015,5,10.384,0.158,10.644,10.61679199,887,709,419,2015,2,2,1,5,1.76309E+12,1.76309E+12,,,,,,,,,,,,,,,
g1_online_only,LEO_ONLY,12,0.1,400,2,2,ok,,0,1,50.617625,2012,5,11.058,0.125,10.598,10.59100001,887,707,418,2012,2,2,1,5,1.76309E+12,1.76309E+12,,,,,,,,,,,,,,,
g1_online_only,LEO_ONLY,12,0.1,400,2,3,ok,,0,1,56.402416,2011,5,10.506,0.139,10.787,10.785208,886,707,418,2011,2,2,1,5,1.76309E+12,1.76309E+12,,,,,,,,,,,,,,,
g1_online_only,LEO_ONLY,12,0.1,400,2,4,ok,,0,1,55.884875,2013,5,10.875,0.141,10.839,10.820667,887,708,418,2013,2,2,1,5,1.76309E+12,1.76309E+12,,,,,,,,,,,,,,,
g1_online_only,LEO_ONLY,12,0.1,400,2,5,ok,,0,1,52.969834,2015,5,10.424,0.122,10.849,10.835792,888,708,419,2015,2,2,1,5,1.76309E+12,1.76309E+12,,,,,,,,,,,,,,,
g1_online_only,LEO_ONLY,12,0.1,400,2,6,ok,,0,1,52.890833,2011,5,10.423,0.153,10.6,10.588334,886,707,418,2011,2,2,1,5,1.76309E+12,1.76309E+12,,,,,,,,,,,,,,,
g1_online_only,LEO_ONLY,12,0.1,400,2,7,ok,,0,1,53.675334,2014,5,10.552,0.156,10.603,10.593125,887,709,418,2014,2,2,1,5,1.76309E+12,1.76309E+12,,,,,,,,,,,,,,,
g1_online_only,LEO_ONLY,12,0.1,400,2,8,ok,,0,1,55.32741699,2012,5,10.261,0.112,10.57,10.547875,887,707,418,2012,2,2,1,5,1.76309E+12,1.76309E+12,,,,,,,,,,,,,,,
g1_online_only,LEO_ONLY,12,0.1,400,2,9,ok,,0,1,54.768042,2012,5,10.665,0.183,11.149,11.136251,887,708,417,2012,2,2,1,5,1.76309E+12,1.76309E+12,,,,,,,,,,,,,,,
g1_online_only,LEO_ONLY,12,0.1,400,2,10,ok,,0,1,52.15925,2015,5,11.36,0.129,10.763,10.76541701,888,709,418,2015,2,2,1,5,1.76309E+12,1.76309E+12,,,,,,,,,,,,,,,
g1_online_only,LEO_ONLY,12,0.1,400,2,11,ok,,0,1,54.613458,2013,5,10.675,0.136,10.988,10.992666,886,708,419,2013,2,2,1,5,1.76309E+12,1.76309E+12,,,,,,,,,,,,,,,
g1_online_only,LEO_ONLY,12,0.1,400,2,12,ok,,0,1,60.233,2017,5,10.516,0.174,10.538,10.534292,889,709,419,2017,2,2,1,5,1.76309E+12,1.76309E+12,,,,,,,,,,,,,,,
g1_online_only,LEO_ONLY,12,0.1,400,2,13,ok,,0,1,60.538292,2017,5,10.645,0.115,10.952,10.966416,889,709,419,2017,2,2,1,5,1.76309E+12,1.76309E+12,,,,,,,,,,,,,,,
g1_online_only,LEO_ONLY,12,0.1,400,2,14,ok,,0,1,54.66354101,2012,5,10.704,0.128,10.706,10.681,887,707,418,2012,2,2,1,5,1.76309E+12,1.76309E+12,,,,,,,,,,,,,,,
g1_online_only,LEO_ONLY,12,0.1,400,2,15,ok,,0,1,57.785625,2010,5,10.701,0.094,10.411,10.385833,886,707,417,2010,2,2,1,5,1.76309E+12,1.76309E+12,,,,,,,,,,,,,,,
g1_online_only,LEO_ONLY,12,0.1,400,2,16,ok,,0,1,53.306375,2013,5,10.662,0.135,10.966,10.928042,887,708,418,2013,2,2,1,5,1.76309E+12,1.76309E+12,,,,,,,,,,,,,,,
g1_online_only,LEO_ONLY,12,0.1,400,2,17,ok,,0,1,53.434666,2015,5,10.705,0.136,10.671,10.655208,888,708,419,2015,2,2,1,5,1.76309E+12,1.76309E+12,,,,,,,,,,,,,,,
g1_online_only,LEO_ONLY,12,0.1,400,2,18,ok,,0,1,57.715959,2017,5,10.541,0.165,10.98,10.991083,889,709,419,2017,2,2,1,5,1.76309E+12,1.76309E+12,,,,,,,,,,,,,,,
g1_online_only,LEO_ONLY,12,0.1,400,2,19,ok,,0,1,53.153209,2011,5,10.285,0.082,10.754,10.735834,886,708,417,2011,2,2,1,5,1.76309E+12,1.76309E+12,,,,,,,,,,,,,,,
g1_online_only,LEO_ONLY,12,0.1,400,2,20,ok,,0,1,53.865958,2014,5,10.539,0.064,10.463,10.448042,888,708,418,2014,2,2,1,5,1.76309E+12,1.76309E+12,,,,,,,,,,,,,,,
g1_online_only,LEO_ONLY,12,0.1,400,2,21,ok,,0,1,54.837208,2017,5,10.565,0.126,11.01,11.003291,889,709,419,2017,2,2,1,5,1.76309E+12,1.76309E+12,,,,,,,,,,,,,,,
g1_online_only,LEO_ONLY,12,0.1,400,2,22,ok,,0,1,53.568167,2012,5,10.527,0.085,10.519,10.50175,887,707,418,2012,2,2,1,5,1.76309E+12,1.76309E+12,,,,,,,,,,,,,,,
g1_online_only,LEO_ONLY,12,0.1,400,2,23,ok,,0,1,51.405416,2017,5,10.309,0.067,10.501,10.478959,889,709,419,2017,2,2,1,5,1.76309E+12,1.76309E+12,,,,,,,,,,,,,,,
g1_online_only,LEO_ONLY,12,0.1,400,2,24,ok,,0,1,55.782125,2012,5,10.344,0.082,10.574,10.556917,887,707,418,2012,2,2,1,5,1.76309E+12,1.76309E+12,,,,,,,,,,,,,,,
g1_online_only,LEO_ONLY,12,0.1,400,2,25,ok,,0,1,55.414625,2015,5,10.826,0.075,10.837,10.823041,888,708,419,2015,2,2,1,5,1.76309E+12,1.76309E+12,,,,,,,,,,,,,,,
g1_online_only,LEO_ONLY,12,0.1,400,2,26,ok,,0,1,54.232583,2012,5,10.228,0.074,10.374,10.354042,887,707,418,2012,2,2,1,5,1.76309E+12,1.76309E+12,,,,,,,,,,,,,,,
g1_online_only,LEO_ONLY,12,0.1,400,2,27,ok,,0,1,50.421959,1988,5,10.449,0.088,10.625,10.587875,875,707,406,1988,2,2,1,5,1.76309E+12,1.76309E+12,,,,,,,,,,,,,,,
g1_online_only,LEO_ONLY,12,0.1,400,2,28,ok,,0,1,56.930833,2011,5,10.83,0.139,15.783,15.80375,886,707,418,2011,2,2,1,5,1.76309E+12,1.76309E+12,,,,,,,,,,,,,,,
g1_online_only,LEO_ONLY,12,0.1,400,2,29,ok,,0,1,51.899125,2015,5,10.213,0.086,10.685,10.649792,888,709,418,2015,2,2,1,5,1.76309E+12,1.76309E+12,,,,,,,,,,,,,,,
g1_online_only,LEO_ONLY,12,0.1,400,2,30,ok,,0,1,53.446583,2013,5,10.069,0.078,10.151,10.1355,887,708,418,2013,2,2,1,5,1.76309E+12,1.76309E+12,,,,,,,,,,,,,,,
g1_online_only,LEO_ONLY,12,0.1,400,2,31,ok,,0,1,48.201958,2015,5,10.22,0.072,10.485,10.468458,888,708,419,2015,2,2,1,5,1.76309E+12,1.76309E+12,,,,,,,,,,,,,,,
g1_online_only,LEO_ONLY,12,0.1,400,2,32,ok,,0,1,78.580041,2014,5,13.473,1.102,19.474,19.229875,887,709,418,2014,2,2,1,5,1.76309E+12,1.76309E+12,,,,,,,,,,,,,,,
g1_online_only,LEO_ONLY,12,0.1,400,2,33,ok,,0,1,52.546834,2014,5,10.98,0.193,10.812,10.693416,887,708,419,2014,2,2,1,5,1.76309E+12,1.76309E+12,,,,,,,,,,,,,,,
g1_online_only,LEO_ONLY,12,0.1,400,2,34,ok,,0,1,49.5255,2013,5,10.179,0.067,10.242,10.226917,887,708,418,2013,2,2,1,5,1.76309E+12,1.76309E+12,,,,,,,,,,,,,,,
g1_online_only,LEO_ONLY,12,0.1,400,2,35,ok,,0,1,64.33299999,2013,5,14.216,0.303,13.117,13.124,887,708,418,2013,2,2,1,5,1.76309E+12,1.76309E+12,,,,,,,,,,,,,,,
g1_online_only,LEO_ONLY,12,0.1,400,2,36,ok,,0,1,52.821375,2017,5,10.554,0.101,10.639,10.613125,889,709,419,2017,2,2,1,5,1.76309E+12,1.76309E+12,,,,,,,,,,,,,,,
g1_online_only,LEO_ONLY,12,0.1,400,2,37,ok,,0,1,55.303084,2014,5,10.624,0.116,10.689,10.657417,888,708,418,2014,2,2,1,5,1.76309E+12,1.76309E+12,,,,,,,,,,,,,,,
g1_online_only,LEO_ONLY,12,0.1,400,2,38,ok,,0,1,52.815459,2017,5,10.156,0.064,10.785,10.76,889,709,419,2017,2,2,1,5,1.76309E+12,1.76309E+12,,,,,,,,,,,,,,,
g1_online_only,LEO_ONLY,12,0.1,400,2,39,ok,,0,1,52.069542,2009,5,10.532,0.14,10.796,10.758666,885,706,418,2009,2,2,1,5,1.76309E+12,1.76309E+12,,,,,,,,,,,,,,,
g1_online_only,LEO_ONLY,12,0.1,400,2,40,ok,,0,1,50.963959,2017,5,12.381,0.174,11.365,11.340042,889,709,419,2017,2,2,1,5,1.76309E+12,1.76309E+12,,,,,,,,,,,,,,,
g1_online_only,LEO_ONLY,12,0.1,400,2,41,ok,,0,1,48.4505,2016,5,10.167,0.062,10.329,10.309958,889,709,418,2016,2,2,1,5,1.76309E+12,1.76309E+12,,,,,,,,,,,,,,,
g1_online_only,LEO_ONLY,12,0.1,400,2,42,ok,,0,1,53.719208,2015,5,10.492,0.069,10.43,10.417625,888,708,419,2015,2,2,1,5,1.76309E+12,1.76309E+12,,,,,,,,,,,,,,,
g1_online_only,LEO_ONLY,12,0.1,400,2,43,ok,,0,1,51.936833,2017,5,10.129,0.064,10.608,10.588667,889,709,419,2017,2,2,1,5,1.76309E+12,1.76309E+12,,,,,,,,,,,,,,,
g1_online_only,LEO_ONLY,12,0.1,400,2,44,ok,,0,1,55.085791,2012,5,10.299,0.062,10.461,10.4425,887,708,417,2012,2,2,1,5,1.76309E+12,1.76309E+12,,,,,,,,,,,,,,,
g1_online_only,LEO_ONLY,12,0.1,400,2,45,ok,,0,1,58.277833,2014,5,10.215,0.089,10.641,10.611208,888,708,418,2014,2,2,1,5,1.76309E+12,1.76309E+12,,,,,,,,,,,,,,,
g1_online_only,LEO_ONLY,12,0.1,400,2,46,ok,,0,1,52.866625,2017,5,10.207,0.074,10.43,10.411083,889,709,419,2017,2,2,1,5,1.76309E+12,1.76309E+12,,,,,,,,,,,,,,,
g1_online_only,LEO_ONLY,12,0.1,400,2,47,ok,,0,1,54.378333,2017,5,10.553,0.071,10.457,10.43725,889,709,419,2017,2,2,1,5,1.76309E+12,1.76309E+12,,,,,,,,,,,,,,,
g1_online_only,LEO_ONLY,12,0.1,400,2,48,ok,,0,1,51.759209,2014,5,10.291,0.075,10.308,10.29075,887,708,419,2014,2,2,1,5,1.76309E+12,1.76309E+12,,,,,,,,,,,,,,,
g1_online_only,LEO_ONLY,12,0.1,400,2,49,ok,,0,1,54.871959,2015,5,10.097,0.065,10.304,10.31233399,888,708,419,2015,2,2,1,5,1.76309E+12,1.76309E+12,,,,,,,,,,,,,,,
g1_online_only,LEO_ONLY,12,0.1,400,2,50,ok,,0,1,51.90675,2017,5,10.321,0.088,10.278,10.241,889,709,419,2017,2,2,1,5,1.76309E+12,1.76309E+12,,,,,,,,,,,,,,,
g1_online_only,LEO_ONLY,12,0.1,400,2,51,ok,,0,1,49.273208,2011,5,10.085,0.066,10.38,10.359792,886,708,417,2011,2,2,1,5,1.76309E+12,1.76309E+12,,,,,,,,,,,,,,,
g1_online_only,LEO_ONLY,12,0.1,400,2,52,ok,,0,1,48.116875,2017,5,10.083,0.066,10.431,10.4095,889,709,419,2017,2,2,1,5,1.76309E+12,1.76309E+12,,,,,,,,,,,,,,,
g1_online_only,LEO_ONLY,12,0.1,400,2,53,ok,,0,1,49.24175,2012,5,10.111,0.07,10.442,10.419125,887,708,417,2012,2,2,1,5,1.76309E+12,1.76309E+12,,,,,,,,,,,,,,,
g1_online_only,LEO_ONLY,12,0.1,400,2,54,ok,,0,1,56.691167,2015,5,10.102,0.068,10.423,10.40316701,888,708,419,2015,2,2,1,5,1.76309E+12,1.76309E+12,,,,,,,,,,,,,,,
g1_online_only,LEO_ONLY,12,0.1,400,2,55,ok,,0,1,49.681042,2015,5,10.153,0.058,10.339,10.319541,888,708,419,2015,2,2,1,5,1.76309E+12,1.76309E+12,,,,,,,,,,,,,,,
g1_online_only,LEO_ONLY,12,0.1,400,2,56,ok,,0,1,51.8365,2012,5,10.144,0.072,10.435,10.410833,886,709,417,2012,2,2,1,5,1.76309E+12,1.76309E+12,,,,,,,,,,,,,,,
g1_online_only,LEO_ONLY,12,0.1,400,2,57,ok,,0,1,49.19195901,2011,5,10.269,0.09,10.505,10.502417,886,707,418,2011,2,2,1,5,1.76309E+12,1.76309E+12,,,,,,,,,,,,,,,
g1_online_only,LEO_ONLY,12,0.1,400,2,58,ok,,0,1,53.6315,2015,5,10.055,0.056,10.281,10.257,889,708,418,2015,2,2,1,5,1.76309E+12,1.76309E+12,,,,,,,,,,,,,,,
g1_online_only,LEO_ONLY,12,0.1,400,2,59,ok,,0,1,52.733417,2017,5,10.042,0.069,10.51,10.488291,889,709,419,2017,2,2,1,5,1.76309E+12,1.76309E+12,,,,,,,,,,,,,,,
g1_online_only,LEO_ONLY,12,0.1,400,2,60,ok,,0,1,49.945625,2014,5,10.018,0.058,10.452,10.435375,888,708,418,2014,2,2,1,5,1.76309E+12,1.76309E+12,,,,,,,,,,,,,,,
g1_online_only,LEO_ONLY,12,0.1,400,2,61,ok,,0,1,46.884875,2008,5,10.16,0.065,10.536,10.517958,884,708,416,2008,2,2,1,5,1.76309E+12,1.76309E+12,,,,,,,,,,,,,,,
g1_online_only,LEO_ONLY,12,0.1,400,2,62,ok,,0,1,53.071542,2012,5,10.107,0.074,10.174,10.148125,887,707,418,2012,2,2,1,5,1.76309E+12,1.76309E+12,,,,,,,,,,,,,,,
g1_online_only,LEO_ONLY,12,0.1,400,2,63,ok,,0,1,53.180667,2011,5,10.121,0.061,10.477,10.456459,886,707,418,2011,2,2,1,5,1.76309E+12,1.76309E+12,,,,,,,,,,,,,,,
g1_online_only,LEO_ONLY,12,0.1,400,2,64,ok,,0,1,53.224709,2009,5,10.238,0.064,10.092,10.07125,885,708,416,2009,2,2,1,5,1.76309E+12,1.76309E+12,,,,,,,,,,,,,,,
g1_online_only,LEO_ONLY,12,0.1,400,2,65,ok,,0,1,54.52424999,2017,5,10.22,0.063,10.481,10.459458,889,709,419,2017,2,2,1,5,1.76309E+12,1.76309E+12,,,,,,,,,,,,,,,
g1_online_only,LEO_ONLY,12,0.1,400,2,66,ok,,0,1,56.86204199,2012,5,10.266,0.083,10.31,10.289083,887,707,418,2012,2,2,1,5,1.76309E+12,1.76309E+12,,,,,,,,,,,,,,,
g1_online_only,LEO_ONLY,12,0.1,400,2,67,ok,,0,1,57.776875,2013,5,10.818,0.065,10.424,10.4035,887,708,418,2013,2,2,1,5,1.76309E+12,1.76309E+12,,,,,,,,,,,,,,,
g1_online_only,LEO_ONLY,12,0.1,400,2,68,ok,,0,1,77.61354199,2013,5,27.644,1.834,11.775,11.775541,887,708,418,2013,2,2,1,5,1.76309E+12,1.76309E+12,,,,,,,,,,,,,,,
g1_online_only,LEO_ONLY,12,0.1,400,2,69,ok,,0,1,52.18525,2014,5,10.058,0.06,10.351,10.332208,888,708,418,2014,2,2,1,5,1.76309E+12,1.76309E+12,,,,,,,,,,,,,,,
g1_online_only,LEO_ONLY,12,0.1,400,2,70,ok,,0,1,54.472334,2010,5,10.106,0.062,10.193,10.17308301,887,706,417,2010,2,2,1,5,1.76309E+12,1.76309E+12,,,,,,,,,,,,,,,
g1_online_only,LEO_ONLY,12,0.1,400,2,71,ok,,0,1,53.056125,2015,5,10.158,0.09,10.517,10.4955,888,708,419,2015,2,2,1,5,1.76309E+12,1.76309E+12,,,,,,,,,,,,,,,
g1_online_only,LEO_ONLY,12,0.1,400,2,72,ok,,0,1,54.419291,2017,5,10.283,0.084,10.676,10.66925,889,709,419,2017,2,2,1,5,1.76309E+12,1.76309E+12,,,,,,,,,,,,,,,
g1_online_only,LEO_ONLY,12,0.1,400,2,73,ok,,0,1,49.737917,2017,5,10.146,0.074,10.301,10.279791,889,709,419,2017,2,2,1,5,1.76309E+12,1.76309E+12,,,,,,,,,,,,,,,
g1_online_only,LEO_ONLY,12,0.1,400,2,74,ok,,0,1,52.490125,2014,5,10.206,0.067,10.444,10.423875,888,708,418,2014,2,2,1,5,1.76309E+12,1.76309E+12,,,,,,,,,,,,,,,
g1_online_only,LEO_ONLY,12,0.1,400,2,75,ok,,0,1,57.451375,2015,5,10.021,0.071,10.34,10.319,888,709,418,2015,2,2,1,5,1.76309E+12,1.76309E+12,,,,,,,,,,,,,,,
g1_online_only,LEO_ONLY,12,0.1,400,2,76,ok,,0,1,53.294333,2017,5,10.006,0.076,10.181,10.1635,889,709,419,2017,2,2,1,5,1.76309E+12,1.76309E+12,,,,,,,,,,,,,,,
g1_online_only,LEO_ONLY,12,0.1,400,2,77,ok,,0,1,70.120917,2017,5,22.783,0.1,12.748,12.783375,889,709,419,2017,2,2,1,5,1.76309E+12,1.76309E+12,,,,,,,,,,,,,,,
g1_online_only,LEO_ONLY,12,0.1,400,2,78,ok,,0,1,52.242917,2015,5,11.042,0.12,11.322,11.315959,888,708,419,2015,2,2,1,5,1.76309E+12,1.76309E+12,,,,,,,,,,,,,,,
g1_online_only,LEO_ONLY,12,0.1,400,2,79,ok,,0,1,56.308834,2015,5,10.481,0.077,10.739,10.719375,888,708,419,2015,2,2,1,5,1.76309E+12,1.76309E+12,,,,,,,,,,,,,,,
g1_online_only,LEO_ONLY,12,0.1,400,2,80,ok,,0,1,58.6755,2014,5,11.645,0.195,13.615,13.585583,888,708,418,2014,2,2,1,5,1.76309E+12,1.76309E+12,,,,,,,,,,,,,,,
g1_online_only,LEO_ONLY,12,0.1,400,2,81,ok,,0,1,55.477875,2017,5,10.425,0.099,10.279,10.257,889,709,419,2017,2,2,1,5,1.76309E+12,1.76309E+12,,,,,,,,,,,,,,,
g1_online_only,LEO_ONLY,12,0.1,400,2,82,ok,,0,1,53.125083,2017,5,10.713,0.108,10.838,10.835958,889,709,419,2017,2,2,1,5,1.76309E+12,1.76309E+12,,,,,,,,,,,,,,,
g1_online_only,LEO_ONLY,12,0.1,400,2,83,ok,,0,1,54.56225,2017,5,10.95,0.131,11,10.987333,889,709,419,2017,2,2,1,5,1.76309E+12,1.76309E+12,,,,,,,,,,,,,,,
g1_online_only,LEO_ONLY,12,0.1,400,2,84,ok,,0,1,56.868292,2009,5,11.17,0.135,10.983,10.9845,885,707,417,2009,2,2,1,5,1.76309E+12,1.76309E+12,,,,,,,,,,,,,,,
g1_online_only,LEO_ONLY,12,0.1,400,2,85,ok,,0,1,54.089208,2017,5,10.527,0.07,10.533,10.512542,889,709,419,2017,2,2,1,5,1.76309E+12,1.76309E+12,,,,,,,,,,,,,,,
g1_online_only,LEO_ONLY,12,0.1,400,2,86,ok,,0,1,54.800375,2014,5,10.338,0.072,10.436,10.40525,888,708,418,2014,2,2,1,5,1.76309E+12,1.76309E+12,,,,,,,,,,,,,,,
g1_online_only,LEO_ONLY,12,0.1,400,2,87,ok,,0,1,50.167,2015,5,10.004,0.085,10.547,10.482584,888,709,418,2015,2,2,1,5,1.76309E+12,1.76309E+12,,,,,,,,,,,,,,,
g1_online_only,LEO_ONLY,12,0.1,400,2,88,ok,,0,1,55.918333,2012,5,10.194,0.115,10.805,10.716791,887,707,418,2012,2,2,1,5,1.76309E+12,1.76309E+12,,,,,,,,,,,,,,,
g1_online_only,LEO_ONLY,12,0.1,400,2,89,ok,,0,1,52.188791,2014,5,10.307,0.063,10.307,10.29191601,887,709,418,2014,2,2,1,5,1.76309E+12,1.76309E+12,,,,,,,,,,,,,,,
g1_online_only,LEO_ONLY,12,0.1,400,2,90,ok,,0,1,54.624001,2017,5,10.243,0.064,10.304,10.288458,889,709,419,2017,2,2,1,5,1.76309E+12,1.76309E+12,,,,,,,,,,,,,,,
g1_online_only,LEO_ONLY,12,0.1,400,2,91,ok,,0,1,55.169958,2012,5,10.512,0.07,10.355,10.334042,887,707,418,2012,2,2,1,5,1.76309E+12,1.76309E+12,,,,,,,,,,,,,,,
g1_online_only,LEO_ONLY,12,0.1,400,2,92,ok,,0,1,53.345833,2013,5,10.134,0.06,10.346,10.324542,887,707,419,2013,2,2,1,5,1.76309E+12,1.76309E+12,,,,,,,,,,,,,,,
g1_online_only,LEO_ONLY,12,0.1,400,2,93,ok,,0,1,52.509833,2015,5,10.08,0.075,10.241,10.208334,888,708,419,2015,2,2,1,5,1.76309E+12,1.76309E+12,,,,,,,,,,,,,,,
g1_online_only,LEO_ONLY,12,0.1,400,2,94,ok,,0,1,54.627875,2015,5,10.275,0.06,10.511,10.490917,889,708,418,2015,2,2,1,5,1.76309E+12,1.76309E+12,,,,,,,,,,,,,,,
g1_online_only,LEO_ONLY,12,0.1,400,2,95,ok,,0,1,56.071209,2017,5,10.097,0.069,10.392,10.368541,889,709,419,2017,2,2,1,5,1.76309E+12,1.76309E+12,,,,,,,,,,,,,,,
g1_online_only,LEO_ONLY,12,0.1,400,2,96,ok,,0,1,56.025292,2015,5,10.061,0.063,10.417,10.397875,888,709,418,2015,2,2,1,5,1.76309E+12,1.76309E+12,,,,,,,,,,,,,,,
g1_online_only,LEO_ONLY,12,0.1,400,2,97,ok,,0,1,55.052,2015,5,10.185,0.069,10.406,10.390167,888,708,419,2015,2,2,1,5,1.76309E+12,1.76309E+12,,,,,,,,,,,,,,,
g1_online_only,LEO_ONLY,12,0.1,400,2,98,ok,,0,1,49.992958,2016,5,10.208,0.061,10.266,10.246,888,709,419,2016,2,2,1,5,1.76309E+12,1.76309E+12,,,,,,,,,,,,,,,
g1_online_only,LEO_ONLY,12,0.1,400,2,99,ok,,0,1,54.1715,2015,5,10.527,0.078,10.551,10.53695801,888,709,418,2015,2,2,1,5,1.76309E+12,1.76309E+12,,,,,,,,,,,,,,,
g1_online_only,LEO_ONLY,12,0.1,400,2,100,ok,,0,1,54.072542,2017,5,11.538,0.116,12.03,12.03000001,889,709,419,2017,2,2,1,5,1.76309E+12,1.76309E+12,,,,,,,,,,,,,,,
g1_online_only,LEO_ONLY,12,0.1,400,2,101,ok,,0,1,59.18262499,1984,5,10.703,0.134,11.5,11.454292,873,707,404,1984,2,2,1,5,1.76309E+12,1.76309E+12,,,,,,,,,,,,,,,
g1_online_only,LEO_ONLY,12,0.1,400,2,102,ok,,0,1,54.635166,2017,5,10.938,0.125,11.267,11.271042,889,709,419,2017,2,2,1,5,1.76309E+12,1.76309E+12,,,,,,,,,,,,,,,
g1_online_only,LEO_ONLY,12,0.1,400,2,103,ok,,0,1,54.072667,2017,5,10.132,0.066,10.314,10.2945,889,709,419,2017,2,2,1,5,1.76309E+12,1.76309E+12,,,,,,,,,,,,,,,
g1_online_only,LEO_ONLY,12,0.1,400,2,104,ok,,0,1,50.972,2017,5,9.889,0.067,10.306,10.285958,889,709,419,2017,2,2,1,5,1.76309E+12,1.76309E+12,,,,,,,,,,,,,,,
g1_online_only,LEO_ONLY,12,0.1,400,2,105,ok,,0,1,49.656166,2013,5,10.052,0.059,10.457,10.43675,887,708,418,2013,2,2,1,5,1.76309E+12,1.76309E+12,,,,,,,,,,,,,,,
g1_online_only,LEO_ONLY,12,0.1,400,2,106,ok,,0,1,55.650834,2014,5,11.85,0.169,11.506,11.454666,888,708,418,2014,2,2,1,5,1.76309E+12,1.76309E+12,,,,,,,,,,,,,,,
g1_online_only,LEO_ONLY,12,0.1,400,2,107,ok,,0,1,55.771541,2014,5,10.545,0.116,10.55,10.489916,888,708,418,2014,2,2,1,5,1.76309E+12,1.76309E+12,,,,,,,,,,,,,,,
g1_online_only,LEO_ONLY,12,0.1,400,2,108,ok,,0,1,58.130709,2015,5,11.249,0.149,11.097,11.076208,888,708,419,2015,2,2,1,5,1.76309E+12,1.76309E+12,,,,,,,,,,,,,,,
g1_online_only,LEO_ONLY,12,0.1,400,2,109,ok,,0,1,53.752416,2017,5,10.325,0.078,10.673,10.652959,889,709,419,2017,2,2,1,5,1.76309E+12,1.76309E+12,,,,,,,,,,,,,,,
g1_online_only,LEO_ONLY,12,0.1,400,2,110,ok,,0,1,52.2555,2011,5,10.065,0.059,10.491,10.471417,887,706,418,2011,2,2,1,5,1.76309E+12,1.76309E+12,,,,,,,,,,,,,,,
g1_online_only,LEO_ONLY,12,0.1,400,2,111,ok,,0,1,53.03625,2014,5,10.401,0.127,10.739,10.722625,888,708,418,2014,2,2,1,5,1.76309E+12,1.76309E+12,,,,,,,,,,,,,,,
g1_online_only,LEO_ONLY,12,0.1,400,2,112,ok,,0,1,53.80125,2010,5,10.687,0.107,11.01,11.005459,886,708,416,2010,2,2,1,5,1.76309E+12,1.76309E+12,,,,,,,,,,,,,,,
g1_online_only,LEO_ONLY,12,0.1,400,2,113,ok,,0,1,57.95379201,2013,5,10.605,0.077,10.815,10.804459,887,708,418,2013,2,2,1,5,1.76309E+12,1.76309E+12,,,,,,,,,,,,,,,
g1_online_only,LEO_ONLY,12,0.1,400,2,114,ok,,0,1,57.59275,2013,5,10.306,0.068,10.492,10.476625,887,708,418,2013,2,2,1,5,1.76309E+12,1.76309E+12,,,,,,,,,,,,,,,
g1_online_only,LEO_ONLY,12,0.1,400,2,115,ok,,0,1,50.574667,2017,5,10.361,0.081,10.37,10.348042,889,709,419,2017,2,2,1,5,1.76309E+12,1.76309E+12,,,,,,,,,,,,,,,
g1_online_only,LEO_ONLY,12,0.1,400,2,116,ok,,0,1,49.691583,2010,5,10.182,0.071,10.548,10.530625,886,707,417,2010,2,2,1,5,1.76309E+12,1.76309E+12,,,,,,,,,,,,,,,
g1_online_only,LEO_ONLY,12,0.1,400,2,117,ok,,0,1,56.178541,2014,5,10.351,0.067,10.236,10.216541,887,709,418,2014,2,2,1,5,1.76309E+12,1.76309E+12,,,,,,,,,,,,,,,
g1_online_only,LEO_ONLY,12,0.1,400,2,118,ok,,0,1,53.875375,2014,5,10.219,0.068,10.533,10.513375,888,708,418,2014,2,2,1,5,1.76309E+12,1.76309E+12,,,,,,,,,,,,,,,
g1_online_only,LEO_ONLY,12,0.1,400,2,119,ok,,0,1,57.515292,2015,5,10.666,0.095,10.657,10.640875,888,708,419,2015,2,2,1,5,1.76309E+12,1.76309E+12,,,,,,,,,,,,,,,
g1_online_only,LEO_ONLY,12,0.1,400,2,120,ok,,0,1,52.94304201,2015,5,11.072,0.158,11.013,10.99258399,888,709,418,2015,2,2,1,5,1.76309E+12,1.76309E+12,,,,,,,,,,,,,,,
g1_online_only,LEO_ONLY,12,0.1,400,2,121,ok,,0,1,51.359167,2010,5,10.271,0.079,10.508,10.49208301,886,707,417,2010,2,2,1,5,1.76309E+12,1.76309E+12,,,,,,,,,,,,,,,
g1_online_only,LEO_ONLY,12,0.1,400,2,122,ok,,0,1,52.698791,2013,5,10.678,0.157,10.854,10.860625,887,708,418,2013,2,2,1,5,1.76309E+12,1.76309E+12,,,,,,,,,,,,,,,
g1_online_only,LEO_ONLY,12,0.1,400,2,123,ok,,0,1,50.99075,2012,5,11.089,0.163,11.274,11.280125,886,708,418,2012,2,2,1,5,1.76309E+12,1.76309E+12,,,,,,,,,,,,,,,
g1_online_only,LEO_ONLY,12,0.1,400,2,124,ok,,0,1,55.864667,2015,5,10.24,0.07,10.693,10.693292,888,708,419,2015,2,2,1,5,1.76309E+12,1.76309E+12,,,,,,,,,,,,,,,
g1_online_only,LEO_ONLY,12,0.1,400,2,125,ok,,0,1,51.190375,2012,5,10.333,0.076,10.455,10.438875,887,707,418,2012,2,2,1,5,1.76309E+12,1.76309E+12,,,,,,,,,,,,,,,
g1_online_only,LEO_ONLY,12,0.1,400,2,126,ok,,0,1,48.735208,2012,5,10.382,0.074,10.448,10.419,887,708,417,2012,2,2,1,5,1.76309E+12,1.76309E+12,,,,,,,,,,,,,,,
g1_online_only,LEO_ONLY,12,0.1,400,2,127,ok,,0,1,55.431208,2017,5,10.394,0.083,10.666,10.6365,889,709,419,2017,2,2,1,5,1.76309E+12,1.76309E+12,,,,,,,,,,,,,,,
g1_online_only,LEO_ONLY,12,0.1,400,2,128,ok,,0,1,48.703541,2015,5,10.225,0.064,10.428,10.401334,888,709,418,2015,2,2,1,5,1.76309E+12,1.76309E+12,,,,,,,,,,,,,,,
g1_online_only,LEO_ONLY,12,0.1,400,2,129,ok,,0,1,56.09766601,2008,5,10.371,0.069,10.367,10.34541699,885,706,417,2008,2,2,1,5,1.76309E+12,1.76309E+12,,,,,,,,,,,,,,,
g1_online_only,LEO_ONLY,12,0.1,400,2,130,ok,,0,1,51.17125,2017,5,10.125,0.065,10.308,10.289958,889,709,419,2017,2,2,1,5,1.76309E+12,1.76309E+12,,,,,,,,,,,,,,,
g1_online_only,LEO_ONLY,12,0.1,400,2,131,ok,,0,1,54.559833,2011,5,10.029,0.061,10.476,10.456333,886,707,418,2011,2,2,1,5,1.76309E+12,1.76309E+12,,,,,,,,,,,,,,,
g1_online_only,LEO_ONLY,12,0.1,400,2,132,ok,,0,1,53.6355,2014,5,10.806,0.164,12.83,12.734459,887,709,418,2014,2,2,1,5,1.76309E+12,1.76309E+12,,,,,,,,,,,,,,,
g1_online_only,LEO_ONLY,12,0.1,400,2,133,ok,,0,1,59.050208,2005,5,10.427,0.098,10.229,10.20412501,884,705,416,2005,2,2,1,5,1.76309E+12,1.76309E+12,,,,,,,,,,,,,,,
g1_online_only,LEO_ONLY,12,0.1,400,2,134,ok,,0,1,57.006709,2017,5,10.318,0.081,10.714,10.701042,889,709,419,2017,2,2,1,5,1.76309E+12,1.76309E+12,,,,,,,,,,,,,,,
g1_online_only,LEO_ONLY,12,0.1,400,2,135,ok,,0,1,53.364584,2015,5,10.161,0.091,10.44,10.426709,888,708,419,2015,2,2,1,5,1.76309E+12,1.76309E+12,,,,,,,,,,,,,,,
g1_online_only,LEO_ONLY,12,0.1,400,2,136,ok,,0,1,52.21875,2012,5,10.626,0.122,10.655,10.648625,887,708,417,2012,2,2,1,5,1.76309E+12,1.76309E+12,,,,,,,,,,,,,,,
g1_online_only,LEO_ONLY,12,0.1,400,2,137,ok,,0,1,55.671833,2017,5,10.516,0.074,10.374,10.354584,889,709,419,2017,2,2,1,5,1.76309E+12,1.76309E+12,,,,,,,,,,,,,,,
g1_online_only,LEO_ONLY,12,0.1,400,2,138,ok,,0,1,52.250833,2010,5,10.304,0.087,10.818,10.820542,886,707,417,2010,2,2,1,5,1.76309E+12,1.76309E+12,,,,,,,,,,,,,,,
g1_online_only,LEO_ONLY,12,0.1,400,2,139,ok,,0,1,51.284583,2015,5,10.484,0.066,10.504,10.483541,888,708,419,2015,2,2,1,5,1.76309E+12,1.76309E+12,,,,,,,,,,,,,,,
g1_online_only,LEO_ONLY,12,0.1,400,2,140,ok,,0,1,52.89608301,2015,5,10.104,0.08,10.388,10.3695,888,709,418,2015,2,2,1,5,1.76309E+12,1.76309E+12,,,,,,,,,,,,,,,
g1_online_only,LEO_ONLY,12,0.1,400,2,141,ok,,0,1,54.39720899,2013,5,10.511,0.11,10.631,10.625041,887,709,417,2013,2,2,1,5,1.76309E+12,1.76309E+12,,,,,,,,,,,,,,,
g1_online_only,LEO_ONLY,12,0.1,400,2,142,ok,,0,1,54.788375,2012,5,10.766,0.116,10.526,10.721791,886,708,418,2012,2,2,1,5,1.76309E+12,1.76309E+12,,,,,,,,,,,,,,,
g1_online_only,LEO_ONLY,12,0.1,400,2,143,ok,,0,1,57.415917,2015,5,10.544,0.139,10.724,10.70658401,888,708,419,2015,2,2,1,5,1.76309E+12,1.76309E+12,,,,,,,,,,,,,,,
g1_online_only,LEO_ONLY,12,0.1,400,2,144,ok,,0,1,56.670625,2015,5,10.471,0.088,10.528,10.512875,887,709,419,2015,2,2,1,5,1.76309E+12,1.76309E+12,,,,,,,,,,,,,,,
g1_online_only,LEO_ONLY,12,0.1,400,2,145,ok,,0,1,46.706875,2013,5,10.241,0.067,10.313,10.312416,887,708,418,2013,2,2,1,5,1.76309E+12,1.76309E+12,,,,,,,,,,,,,,,
g1_online_only,LEO_ONLY,12,0.1,400,2,146,ok,,0,1,54.387916,2014,5,10.404,0.07,10.431,10.414542,888,708,418,2014,2,2,1,5,1.76309E+12,1.76309E+12,,,,,,,,,,,,,,,
g1_online_only,LEO_ONLY,12,0.1,400,2,147,ok,,0,1,55.825083,2014,5,10.634,0.073,10.454,10.434083,888,708,418,2014,2,2,1,5,1.76309E+12,1.76309E+12,,,,,,,,,,,,,,,
g1_online_only,LEO_ONLY,12,0.1,400,2,148,ok,,0,1,52.528459,2011,5,10.672,0.122,10.369,10.353416,886,707,418,2011,2,2,1,5,1.76309E+12,1.76309E+12,,,,,,,,,,,,,,,
g1_online_only,LEO_ONLY,12,0.1,400,2,149,ok,,0,1,53.347958,2010,5,10.177,0.085,10.476,10.450792,886,707,417,2010,2,2,1,5,1.76309E+12,1.76309E+12,,,,,,,,,,,,,,,
g1_online_only,LEO_ONLY,12,0.1,400,2,150,ok,,0,1,54.081584,2010,5,10.766,0.134,10.838,10.843208,886,707,417,2010,2,2,1,5,1.76309E+12,1.76309E+12,,,,,,,,,,,,,,,
g1_online_only,LEO_ONLY,12,0.1,400,2,151,ok,,0,1,55.733541,2012,5,10.559,0.108,10.332,10.327083,887,707,418,2012,2,2,1,5,1.76309E+12,1.76309E+12,,,,,,,,,,,,,,,
g1_online_only,LEO_ONLY,12,0.1,400,2,152,ok,,0,1,56.747791,2013,5,10.448,0.126,10.663,10.649708,887,708,418,2013,2,2,1,5,1.76309E+12,1.76309E+12,,,,,,,,,,,,,,,
g1_online_only,LEO_ONLY,12,0.1,400,2,153,ok,,0,1,56.196792,2008,5,10.322,0.14,10.683,10.67825,885,706,417,2008,2,2,1,5,1.76309E+12,1.76309E+12,,,,,,,,,,,,,,,
g1_online_only,LEO_ONLY,12,0.1,400,2,154,ok,,0,1,57.788125,2015,5,10.316,0.096,10.713,10.681375,888,708,419,2015,2,2,1,5,1.76309E+12,1.76309E+12,,,,,,,,,,,,,,,
g1_online_only,LEO_ONLY,12,0.1,400,2,155,ok,,0,1,48.870917,2011,5,10.019,0.066,10.531,10.512375,886,707,418,2011,2,2,1,5,1.76309E+12,1.76309E+12,,,,,,,,,,,,,,,
g1_online_only,LEO_ONLY,12,0.1,400,2,156,ok,,0,1,51.028792,2017,5,10.061,0.062,10.372,10.354041,889,709,419,2017,2,2,1,5,1.76309E+12,1.76309E+12,,,,,,,,,,,,,,,
g1_online_only,LEO_ONLY,12,0.1,400,2,157,ok,,0,1,51.885583,2017,5,10.247,0.069,10.372,10.348708,889,709,419,2017,2,2,1,5,1.76309E+12,1.76309E+12,,,,,,,,,,,,,,,
g1_online_only,LEO_ONLY,12,0.1,400,2,158,ok,,0,1,51.28475,2010,5,10.164,0.081,10.553,10.52983299,886,707,417,2010,2,2,1,5,1.76309E+12,1.76309E+12,,,,,,,,,,,,,,,
g1_online_only,LEO_ONLY,12,0.1,400,2,159,ok,,0,1,51.606833,2015,5,10.258,0.071,10.454,10.440375,888,708,419,2015,2,2,1,5,1.76309E+12,1.76309E+12,,,,,,,,,,,,,,,
g1_online_only,LEO_ONLY,12,0.1,400,2,160,ok,,0,1,55.457459,2010,5,10.311,0.071,10.406,10.388875,886,707,417,2010,2,2,1,5,1.76309E+12,1.76309E+12,,,,,,,,,,,,,,,
g1_online_only,LEO_ONLY,12,0.1,400,2,161,ok,,0,1,58.363,2014,5,10.37,0.066,10.35,10.331875,888,708,418,2014,2,2,1,5,1.76309E+12,1.76309E+12,,,,,,,,,,,,,,,
g1_online_only,LEO_ONLY,12,0.1,400,2,162,ok,,0,1,54.147125,2010,5,9.978,0.072,10.355,10.333209,886,707,417,2010,2,2,1,5,1.76309E+12,1.76309E+12,,,,,,,,,,,,,,,
g1_online_only,LEO_ONLY,12,0.1,400,2,163,ok,,0,1,53.25354099,2011,5,10.075,0.064,10.547,10.5285,886,707,418,2011,2,2,1,5,1.76309E+12,1.76309E+12,,,,,,,,,,,,,,,
g1_online_only,LEO_ONLY,12,0.1,400,2,164,ok,,0,1,54.221375,2013,5,10.206,0.059,10.398,10.3775,887,709,417,2013,2,2,1,5,1.76309E+12,1.76309E+12,,,,,,,,,,,,,,,
g1_online_only,LEO_ONLY,12,0.1,400,2,165,ok,,0,1,61.025625,2016,5,14.27,0.138,15.106,15.230291,888,709,419,2016,2,2,1,5,1.76309E+12,1.76309E+12,,,,,,,,,,,,,,,
g1_online_only,LEO_ONLY,12,0.1,400,2,166,ok,,0,1,53.343041,2014,5,10.317,0.07,10.556,10.535166,888,708,418,2014,2,2,1,5,1.76309E+12,1.76309E+12,,,,,,,,,,,,,,,
g1_online_only,LEO_ONLY,12,0.1,400,2,167,ok,,0,1,53.588667,2015,5,10.072,0.065,10.387,10.367208,888,708,419,2015,2,2,1,5,1.76309E+12,1.76309E+12,,,,,,,,,,,,,,,
g1_online_only,LEO_ONLY,12,0.1,400,2,168,ok,,0,1,51.631209,2014,5,9.79,0.066,10.561,10.542625,887,708,419,2014,2,2,1,5,1.76309E+12,1.76309E+12,,,,,,,,,,,,,,,
g1_online_only,LEO_ONLY,12,0.1,400,2,169,ok,,0,1,50.991208,2012,5,10.283,0.07,10.372,10.351334,887,707,418,2012,2,2,1,5,1.76309E+12,1.76309E+12,,,,,,,,,,,,,,,
g1_online_only,LEO_ONLY,12,0.1,400,2,170,ok,,0,1,50.961167,2017,5,10.326,0.068,10.569,10.544709,889,709,419,2017,2,2,1,5,1.76309E+12,1.76309E+12,,,,,,,,,,,,,,,
g1_online_only,LEO_ONLY,12,0.1,400,2,171,ok,,0,1,51.3405,2015,5,10.104,0.084,10.492,10.467625,888,709,418,2015,2,2,1,5,1.76309E+12,1.76309E+12,,,,,,,,,,,,,,,
g1_online_only,LEO_ONLY,12,0.1,400,2,172,ok,,0,1,55.401375,2013,5,10.087,0.082,10.386,10.342375,887,708,418,2013,2,2,1,5,1.76309E+12,1.76309E+12,,,,,,,,,,,,,,,
g1_online_only,LEO_ONLY,12,0.1,400,2,173,ok,,0,1,51.398417,2012,5,10.146,0.058,10.142,10.12,886,707,419,2012,2,2,1,5,1.76309E+12,1.76309E+12,,,,,,,,,,,,,,,
g1_online_only,LEO_ONLY,12,0.1,400,2,174,ok,,0,1,58.21091701,2015,5,10.2,0.067,10.639,10.619375,888,708,419,2015,2,2,1,5,1.76309E+12,1.76309E+12,,,,,,,,,,,,,,,
g1_online_only,LEO_ONLY,12,0.1,400,2,175,ok,,0,1,57.21558401,2017,5,10.426,0.164,10.805,10.797125,889,709,419,2017,2,2,1,5,1.76309E+12,1.76309E+12,,,,,,,,,,,,,,,
g1_online_only,LEO_ONLY,12,0.1,400,2,176,ok,,0,1,51.500917,2011,5,10.043,0.066,10.268,10.247542,886,707,418,2011,2,2,1,5,1.76309E+12,1.76309E+12,,,,,,,,,,,,,,,
g1_online_only,LEO_ONLY,12,0.1,400,2,177,ok,,0,1,55.581292,2010,5,10.17,0.066,10.339,10.319209,886,707,417,2010,2,2,1,5,1.76309E+12,1.76309E+12,,,,,,,,,,,,,,,
g1_online_only,LEO_ONLY,12,0.1,400,2,178,ok,,0,1,54.38908401,2014,5,10.082,0.075,10.465,10.442708,888,708,418,2014,2,2,1,5,1.76309E+12,1.76309E+12,,,,,,,,,,,,,,,
g1_online_only,LEO_ONLY,12,0.1,400,2,179,ok,,0,1,57.598625,2015,5,10.283,0.061,10.218,10.19725,888,709,418,2015,2,2,1,5,1.76309E+12,1.76309E+12,,,,,,,,,,,,,,,
g1_online_only,LEO_ONLY,12,0.1,400,2,180,ok,,0,1,53.120958,2013,5,10.206,0.065,10.294,10.265291,887,708,418,2013,2,2,1,5,1.76309E+12,1.76309E+12,,,,,,,,,,,,,,,
g1_online_only,LEO_ONLY,12,0.1,400,2,181,ok,,0,1,53.887833,2014,5,9.927,0.058,10.281,10.263125,887,708,419,2014,2,2,1,5,1.76309E+12,1.76309E+12,,,,,,,,,,,,,,,
g1_online_only,LEO_ONLY,12,0.1,400,2,182,ok,,0,1,52.507709,2007,5,10.098,0.064,10.243,10.22504199,885,705,417,2007,2,2,1,5,1.76309E+12,1.76309E+12,,,,,,,,,,,,,,,
g1_online_only,LEO_ONLY,12,0.1,400,2,183,ok,,0,1,47.869751,2011,5,9.803,0.058,10.29,10.271583,887,707,417,2011,2,2,1,5,1.76309E+12,1.76309E+12,,,,,,,,,,,,,,,
g1_online_only,LEO_ONLY,12,0.1,400,2,184,ok,,0,1,55.384584,2017,5,10.396,0.091,10.451,10.44554199,889,709,419,2017,2,2,1,5,1.76309E+12,1.76309E+12,,,,,,,,,,,,,,,
g1_online_only,LEO_ONLY,12,0.1,400,2,185,ok,,0,1,47.394958,2013,5,10.293,0.063,10.508,10.485333,887,709,417,2013,2,2,1,5,1.76309E+12,1.76309E+12,,,,,,,,,,,,,,,
g1_online_only,LEO_ONLY,12,0.1,400,2,186,ok,,0,1,53.352333,2010,5,10.225,0.075,10.313,10.292791,886,707,417,2010,2,2,1,5,1.76309E+12,1.76309E+12,,,,,,,,,,,,,,,
g1_online_only,LEO_ONLY,12,0.1,400,2,187,ok,,0,1,54.57095899,2017,5,10.217,0.072,10.433,10.409375,889,709,419,2017,2,2,1,5,1.76309E+12,1.76309E+12,,,,,,,,,,,,,,,
g1_online_only,LEO_ONLY,12,0.1,400,2,188,ok,,0,1,48.774375,2011,5,10.645,0.098,10.491,10.463542,886,707,418,2011,2,2,1,5,1.76309E+12,1.76309E+12,,,,,,,,,,,,,,,
g1_online_only,LEO_ONLY,12,0.1,400,2,189,ok,,0,1,51.036834,2014,5,10.148,0.068,10.342,10.323416,888,708,418,2014,2,2,1,5,1.76309E+12,1.76309E+12,,,,,,,,,,,,,,,
g1_online_only,LEO_ONLY,12,0.1,400,2,190,ok,,0,1,56.164792,2014,5,10.157,0.059,10.398,10.377167,888,708,418,2014,2,2,1,5,1.76309E+12,1.76309E+12,,,,,,,,,,,,,,,
g1_online_only,LEO_ONLY,12,0.1,400,2,191,ok,,0,1,50.858709,2015,5,10.107,0.064,10.53,10.510125,888,708,419,2015,2,2,1,5,1.76309E+12,1.76309E+12,,,,,,,,,,,,,,,
g1_online_only,LEO_ONLY,12,0.1,400,2,192,ok,,0,1,51.37775,2013,5,9.796,0.062,10.313,10.293917,888,707,418,2013,2,2,1,5,1.76309E+12,1.76309E+12,,,,,,,,,,,,,,,
g1_online_only,LEO_ONLY,12,0.1,400,2,193,ok,,0,1,55.510334,2016,5,10.052,0.066,10.473,10.448833,888,709,419,2016,2,2,1,5,1.76309E+12,1.76309E+12,,,,,,,,,,,,,,,
g1_online_only,LEO_ONLY,12,0.1,400,2,194,ok,,0,1,58.595209,2011,5,10.132,0.067,10.26,10.23975,886,708,417,2011,2,2,1,5,1.76309E+12,1.76309E+12,,,,,,,,,,,,,,,
g1_online_only,LEO_ONLY,12,0.1,400,2,195,ok,,0,1,52.300042,2015,5,10.335,0.062,10.455,10.43287499,888,708,419,2015,2,2,1,5,1.76309E+12,1.76309E+12,,,,,,,,,,,,,,,
g1_online_only,LEO_ONLY,12,0.1,400,2,196,ok,,0,1,54.888042,2015,5,10.165,0.069,10.384,10.361042,888,708,419,2015,2,2,1,5,1.76309E+12,1.76309E+12,,,,,,,,,,,,,,,
g1_online_only,LEO_ONLY,12,0.1,400,2,197,ok,,0,1,49.482291,2017,5,10.032,0.066,10.398,10.38175,889,709,419,2017,2,2,1,5,1.76309E+12,1.76309E+12,,,,,,,,,,,,,,,
g1_online_only,LEO_ONLY,12,0.1,400,2,198,ok,,0,1,67.845375,2017,5,22.524,0.12,10.775,10.76295799,889,709,419,2017,2,2,1,5,1.76309E+12,1.76309E+12,,,,,,,,,,,,,,,
g1_online_only,LEO_ONLY,12,0.1,400,2,199,ok,,0,1,52.581416,2014,5,10.261,0.08,10.356,10.336583,888,708,418,2014,2,2,1,5,1.76309E+12,1.76309E+12,,,,,,,,,,,,,,,
g1_online_only,LEO_ONLY,12,0.1,400,2,200,ok,,0,1,60.924834,1990,5,11.101,0.182,11.125,11.03975,876,708,406,1990,2,2,1,5,1.76309E+12,1.76309E+12,,,,,,,,,,,,,,,
g1_online_only,LEO_ONLY,12,0.1,400,2,201,ok,,0,1,52.751125,2017,5,10.087,0.059,10.515,10.493208,889,709,419,2017,2,2,1,5,1.76309E+12,1.76309E+12,,,,,,,,,,,,,,,
g1_online_only,LEO_ONLY,12,0.1,400,2,202,ok,,0,1,51.969917,2014,5,10.127,0.066,10.374,10.352292,888,708,418,2014,2,2,1,5,1.76309E+12,1.76309E+12,,,,,,,,,,,,,,,
g1_online_only,LEO_ONLY,12,0.1,400,2,203,ok,,0,1,54.876875,2013,5,10.317,0.061,10.332,10.306417,887,708,418,2013,2,2,1,5,1.76309E+12,1.76309E+12,,,,,,,,,,,,,,,
g1_online_only,LEO_ONLY,12,0.1,400,2,204,ok,,0,1,55.563334,2012,5,10.08,0.106,10.369,10.354959,887,707,418,2012,2,2,1,5,1.76309E+12,1.76309E+12,,,,,,,,,,,,,,,
g1_online_only,LEO_ONLY,12,0.1,400,2,205,ok,,0,1,57.609125,2010,5,10.254,0.072,10.026,10.00375,886,707,417,2010,2,2,1,5,1.76309E+12,1.76309E+12,,,,,,,,,,,,,,,
g1_online_only,LEO_ONLY,12,0.1,400,2,206,ok,,0,1,51.32125,2015,5,10.168,0.061,10.528,10.509459,888,708,419,2015,2,2,1,5,1.76309E+12,1.76309E+12,,,,,,,,,,,,,,,
g1_online_only,LEO_ONLY,12,0.1,400,2,207,ok,,0,1,48.304709,2004,5,9.858,0.066,9.984,9.964375,883,706,415,2004,2,2,1,5,1.76309E+12,1.76309E+12,,,,,,,,,,,,,,,
g1_online_only,LEO_ONLY,12,0.1,400,2,208,ok,,0,1,49.175,2010,5,10.371,0.067,10.187,10.152333,886,706,418,2010,2,2,1,5,1.76309E+12,1.76309E+12,,,,,,,,,,,,,,,
g1_online_only,LEO_ONLY,12,0.1,400,2,209,ok,,0,1,51.016875,2009,5,10.21,0.063,10.313,10.29375,885,707,417,2009,2,2,1,5,1.76309E+12,1.76309E+12,,,,,,,,,,,,,,,
g1_online_only,LEO_ONLY,12,0.1,400,2,210,ok,,0,1,60.425042,2015,5,10.2,0.081,10.44,10.41924999,888,709,418,2015,2,2,1,5,1.76309E+12,1.76309E+12,,,,,,,,,,,,,,,
g1_online_only,LEO_ONLY,12,0.1,400,2,211,ok,,0,1,55.6455,2017,5,10.28,0.062,10.417,10.397333,889,709,419,2017,2,2,1,5,1.76309E+12,1.76309E+12,,,,,,,,,,,,,,,
g1_online_only,LEO_ONLY,12,0.1,400,2,212,ok,,0,1,50.919208,2017,5,10.156,0.071,10.32,10.29795899,889,709,419,2017,2,2,1,5,1.76309E+12,1.76309E+12,,,,,,,,,,,,,,,
g1_online_only,LEO_ONLY,12,0.1,400,2,213,ok,,0,1,53.250625,2013,5,10.12,0.092,10.3,10.26516601,887,708,418,2013,2,2,1,5,1.76309E+12,1.76309E+12,,,,,,,,,,,,,,,
g1_online_only,LEO_ONLY,12,0.1,400,2,214,ok,,0,1,49.174583,2017,5,10.142,0.066,10.364,10.340833,889,709,419,2017,2,2,1,5,1.76309E+12,1.76309E+12,,,,,,,,,,,,,,,
g1_online_only,LEO_ONLY,12,0.1,400,2,215,ok,,0,1,51.868,2017,5,10.293,0.069,10.592,10.54745801,889,709,419,2017,2,2,1,5,1.76309E+12,1.76309E+12,,,,,,,,,,,,,,,
g1_online_only,LEO_ONLY,12,0.1,400,2,216,ok,,0,1,53.792417,2012,5,10.237,0.065,10.306,10.287209,886,708,418,2012,2,2,1,5,1.76309E+12,1.76309E+12,,,,,,,,,,,,,,,
g1_online_only,LEO_ONLY,12,0.1,400,2,217,ok,,0,1,55.174459,2013,5,10.02,0.07,10.401,10.380083,887,708,418,2013,2,2,1,5,1.76309E+12,1.76309E+12,,,,,,,,,,,,,,,
g1_online_only,LEO_ONLY,12,0.1,400,2,218,ok,,0,1,54.552125,2008,5,10.288,0.065,10.565,10.541667,885,707,416,2008,2,2,1,5,1.76309E+12,1.76309E+12,,,,,,,,,,,,,,,
g1_online_only,LEO_ONLY,12,0.1,400,2,219,ok,,0,1,56.971417,2011,5,10.475,0.066,10.735,10.713458,886,708,417,2011,2,2,1,5,1.76309E+12,1.76309E+12,,,,,,,,,,,,,,,
g1_online_only,LEO_ONLY,12,0.1,400,2,220,ok,,0,1,51.95975,2014,5,10.479,0.077,10.912,10.882167,888,708,418,2014,2,2,1,5,1.76309E+12,1.76309E+12,,,,,,,,,,,,,,,
g1_online_only,LEO_ONLY,12,0.1,400,2,221,ok,,0,1,52.1695,2014,5,10.089,0.064,10.34,10.313917,888,708,418,2014,2,2,1,5,1.76309E+12,1.76309E+12,,,,,,,,,,,,,,,
g1_online_only,LEO_ONLY,12,0.1,400,2,222,ok,,0,1,51.039417,2014,5,10.315,0.065,10.379,10.360167,888,708,418,2014,2,2,1,5,1.76309E+12,1.76309E+12,,,,,,,,,,,,,,,
g1_online_only,LEO_ONLY,12,0.1,400,2,223,ok,,0,1,54.721083,2015,5,10.144,0.064,10.337,10.317041,888,708,419,2015,2,2,1,5,1.76309E+12,1.76309E+12,,,,,,,,,,,,,,,
g1_online_only,LEO_ONLY,12,0.1,400,2,224,ok,,0,1,59.776251,2017,5,10.17,0.068,10.483,10.463334,889,709,419,2017,2,2,1,5,1.76309E+12,1.76309E+12,,,,,,,,,,,,,,,
g1_online_only,LEO_ONLY,12,0.1,400,2,225,ok,,0,1,48.305292,2008,5,9.864,0.064,10.24,10.2195,885,707,416,2008,2,2,1,5,1.76309E+12,1.76309E+12,,,,,,,,,,,,,,,
g1_online_only,LEO_ONLY,12,0.1,400,2,226,ok,,0,1,59.0155,2017,5,10.085,0.079,10.499,10.476625,889,709,419,2017,2,2,1,5,1.76309E+12,1.76309E+12,,,,,,,,,,,,,,,
g1_online_only,LEO_ONLY,12,0.1,400,2,227,ok,,0,1,52.653583,2016,5,9.826,0.064,10.504,10.480667,888,709,419,2016,2,2,1,5,1.76309E+12,1.76309E+12,,,,,,,,,,,,,,,
g1_online_only,LEO_ONLY,12,0.1,400,2,228,ok,,0,1,51.383375,2012,5,9.883,0.063,10.236,10.215125,887,707,418,2012,2,2,1,5,1.76309E+12,1.76309E+12,,,,,,,,,,,,,,,
g1_online_only,LEO_ONLY,12,0.1,400,2,229,ok,,0,1,48.034834,2013,5,10.044,0.065,10.174,10.153209,887,708,418,2013,2,2,1,5,1.76309E+12,1.76309E+12,,,,,,,,,,,,,,,
g1_online_only,LEO_ONLY,12,0.1,400,2,230,ok,,0,1,54.9905,2010,5,14.22,0.078,10.381,10.36020899,886,707,417,2010,2,2,1,5,1.76309E+12,1.76309E+12,,,,,,,,,,,,,,,
g1_online_only,LEO_ONLY,12,0.1,400,2,231,ok,,0,1,54.239292,2014,5,10.274,0.066,10.331,10.311625,888,708,418,2014,2,2,1,5,1.76309E+12,1.76309E+12,,,,,,,,,,,,,,,
g1_online_only,LEO_ONLY,12,0.1,400,2,232,ok,,0,1,49.941958,2017,5,10.311,0.064,10.51,10.49025,889,709,419,2017,2,2,1,5,1.76309E+12,1.76309E+12,,,,,,,,,,,,,,,
g1_online_only,LEO_ONLY,12,0.1,400,2,233,ok,,0,1,48.82725,2009,5,9.865,0.069,10.12,10.097125,885,708,416,2009,2,2,1,5,1.76309E+12,1.76309E+12,,,,,,,,,,,,,,,
g1_online_only,LEO_ONLY,12,0.1,400,2,234,ok,,0,1,56.709709,2011,5,10.138,0.06,10.34,10.3195,887,708,416,2011,2,2,1,5,1.76309E+12,1.76309E+12,,,,,,,,,,,,,,,
g1_online_only,LEO_ONLY,12,0.1,400,2,235,ok,,0,1,48.764958,2016,5,10.2,0.063,10.295,10.27612499,888,709,419,2016,2,2,1,5,1.76309E+12,1.76309E+12,,,,,,,,,,,,,,,
g1_online_only,LEO_ONLY,12,0.1,400,2,236,ok,,0,1,56.18925,2014,5,10.162,0.115,10.471,10.402,888,708,418,2014,2,2,1,5,1.76309E+12,1.76309E+12,,,,,,,,,,,,,,,
g1_online_only,LEO_ONLY,12,0.1,400,2,237,ok,,0,1,53.294917,2013,5,10.167,0.083,10.425,10.411625,887,708,418,2013,2,2,1,5,1.76309E+12,1.76309E+12,,,,,,,,,,,,,,,
g1_online_only,LEO_ONLY,12,0.1,400,2,238,ok,,0,1,50.384042,2015,5,9.896,0.078,10.119,10.09625,888,708,419,2015,2,2,1,5,1.76309E+12,1.76309E+12,,,,,,,,,,,,,,,
g1_online_only,LEO_ONLY,12,0.1,400,2,239,ok,,0,1,59.280334,2015,5,10.435,0.086,10.522,10.525666,888,708,419,2015,2,2,1,5,1.76309E+12,1.76309E+12,,,,,,,,,,,,,,,
g1_online_only,LEO_ONLY,12,0.1,400,2,240,ok,,0,1,54.662541,2014,5,10.012,0.067,10.366,10.345125,888,708,418,2014,2,2,1,5,1.76309E+12,1.76309E+12,,,,,,,,,,,,,,,
g1_online_only,LEO_ONLY,12,0.1,400,2,241,ok,,0,1,52.982958,2018,5,10.226,0.06,10.314,10.2915,890,709,419,2018,2,2,1,5,1.76309E+12,1.76309E+12,,,,,,,,,,,,,,,
g1_online_only,LEO_ONLY,12,0.1,400,2,242,ok,,0,1,50.990875,2014,5,10.125,0.064,10.369,10.350416,888,708,418,2014,2,2,1,5,1.76309E+12,1.76309E+12,,,,,,,,,,,,,,,
g1_online_only,LEO_ONLY,12,0.1,400,2,243,ok,,0,1,54.737833,2013,5,10.211,0.064,10.488,10.465667,887,707,419,2013,2,2,1,5,1.76309E+12,1.76309E+12,,,,,,,,,,,,,,,
g1_online_only,LEO_ONLY,12,0.1,400,2,244,ok,,0,1,55.186958,2010,5,10.074,0.069,10.448,10.426375,886,707,417,2010,2,2,1,5,1.76309E+12,1.76309E+12,,,,,,,,,,,,,,,
g1_online_only,LEO_ONLY,12,0.1,400,2,245,ok,,0,1,56.050458,2011,5,10.228,0.056,10.233,10.212333,887,708,416,2011,2,2,1,5,1.76309E+12,1.76309E+12,,,,,,,,,,,,,,,
g1_online_only,LEO_ONLY,12,0.1,400,2,246,ok,,0,1,55.388666,2009,5,9.914,0.059,10.365,10.346583,885,707,417,2009,2,2,1,5,1.76309E+12,1.76309E+12,,,,,,,,,,,,,,,
g1_online_only,LEO_ONLY,12,0.1,400,2,247,ok,,0,1,56.4945,2009,5,9.943,0.064,10.474,10.453958,885,706,418,2009,2,2,1,5,1.76309E+12,1.76309E+12,,,,,,,,,,,,,,,
g1_online_only,LEO_ONLY,12,0.1,400,2,248,ok,,0,1,56.209042,2013,5,10.204,0.066,10.328,10.319208,887,709,417,2013,2,2,1,5,1.76309E+12,1.76309E+12,,,,,,,,,,,,,,,
g1_online_only,LEO_ONLY,12,0.1,400,2,249,ok,,0,1,52.583041,2017,5,10.551,0.1,10.663,10.667375,889,709,419,2017,2,2,1,5,1.76309E+12,1.76309E+12,,,,,,,,,,,,,,,
g1_online_only,LEO_ONLY,12,0.1,400,2,250,ok,,0,1,56.691625,2012,5,10.273,0.084,10.376,10.35300001,887,707,418,2012,2,2,1,5,1.76309E+12,1.76309E+12,,,,,,,,,,,,,,,
g1_online_only,LEO_ONLY,12,0.1,400,2,251,ok,,0,1,53.72120799,2016,5,10.114,0.06,10.417,10.39675,889,709,418,2016,2,2,1,5,1.76309E+12,1.76309E+12,,,,,,,,,,,,,,,
g1_online_only,LEO_ONLY,12,0.1,400,2,252,ok,,0,1,49.78920799,2012,5,10,0.061,10.419,10.39979199,887,707,418,2012,2,2,1,5,1.76309E+12,1.76309E+12,,,,,,,,,,,,,,,
g1_online_only,LEO_ONLY,12,0.1,400,2,253,ok,,0,1,57.012167,2012,5,10.205,0.063,10.248,10.228541,886,707,419,2012,2,2,1,5,1.76309E+12,1.76309E+12,,,,,,,,,,,,,,,
g1_online_only,LEO_ONLY,12,0.1,400,2,254,ok,,0,1,51.94829099,2005,5,9.971,0.071,10.281,10.258209,884,706,415,2005,2,2,1,5,1.76309E+12,1.76309E+12,,,,,,,,,,,,,,,
g1_online_only,LEO_ONLY,12,0.1,400,2,255,ok,,0,1,54.742417,2010,5,10.407,0.077,10.773,10.756084,886,707,417,2010,2,2,1,5,1.76309E+12,1.76309E+12,,,,,,,,,,,,,,,
g1_online_only,LEO_ONLY,12,0.1,400,2,256,ok,,0,1,52.144458,2012,5,10.318,0.086,10.618,10.608833,887,707,418,2012,2,2,1,5,1.76309E+12,1.76309E+12,,,,,,,,,,,,,,,
g1_online_only,LEO_ONLY,12,0.1,400,2,257,ok,,0,1,57.957041,2012,5,10.131,0.066,10.395,10.380834,887,707,418,2012,2,2,1,5,1.76309E+12,1.76309E+12,,,,,,,,,,,,,,,
g1_online_only,LEO_ONLY,12,0.1,400,2,258,ok,,0,1,49.238375,2017,5,10.166,0.065,10.389,10.3685,889,709,419,2017,2,2,1,5,1.76309E+12,1.76309E+12,,,,,,,,,,,,,,,
g1_online_only,LEO_ONLY,12,0.1,400,2,259,ok,,0,1,49.869833,2017,5,10.301,0.071,10.329,10.310375,889,709,419,2017,2,2,1,5,1.76309E+12,1.76309E+12,,,,,,,,,,,,,,,
g1_online_only,LEO_ONLY,12,0.1,400,2,260,ok,,0,1,57.094209,2010,5,10.017,0.072,10.385,10.36704201,886,708,416,2010,2,2,1,5,1.76309E+12,1.76309E+12,,,,,,,,,,,,,,,
g1_online_only,LEO_ONLY,12,0.1,400,2,261,ok,,0,1,52.648958,2010,5,10.593,0.12,10.914,10.927333,886,707,417,2010,2,2,1,5,1.76309E+12,1.76309E+12,,,,,,,,,,,,,,,
g1_online_only,LEO_ONLY,12,0.1,400,2,262,ok,,0,1,53.62875,2012,5,10.556,0.09,10.751,10.739041,886,707,419,2012,2,2,1,5,1.76309E+12,1.76309E+12,,,,,,,,,,,,,,,
g1_online_only,LEO_ONLY,12,0.1,400,2,263,ok,,0,1,60.941833,2013,5,10.482,0.08,10.807,10.791416,887,708,418,2013,2,2,1,5,1.76309E+12,1.76309E+12,,,,,,,,,,,,,,,
g1_online_only,LEO_ONLY,12,0.1,400,2,264,ok,,0,1,51.445625,2013,5,10.164,0.066,10.4,10.388542,887,709,417,2013,2,2,1,5,1.76309E+12,1.76309E+12,,,,,,,,,,,,,,,
g1_online_only,LEO_ONLY,12,0.1,400,2,265,ok,,0,1,60.3915,2010,5,10.453,0.071,10.745,10.725666,886,708,416,2010,2,2,1,5,1.76309E+12,1.76309E+12,,,,,,,,,,,,,,,
g1_online_only,LEO_ONLY,12,0.1,400,2,266,ok,,0,1,56.145666,2010,5,10.285,0.071,10.31,10.289083,886,707,417,2010,2,2,1,5,1.76309E+12,1.76309E+12,,,,,,,,,,,,,,,
g1_online_only,LEO_ONLY,12,0.1,400,2,267,ok,,0,1,47.479333,2011,5,9.938,0.058,10.341,10.329709,886,708,417,2011,2,2,1,5,1.76309E+12,1.76309E+12,,,,,,,,,,,,,,,
g1_online_only,LEO_ONLY,12,0.1,400,2,268,ok,,0,1,140.439542,2006,5,18.575,0.124,85.05,85.112916,884,707,415,2006,2,2,1,5,1.76309E+12,1.76309E+12,,,,,,,,,,,,,,,
g1_online_only,LEO_ONLY,12,0.1,400,2,269,ok,,0,1,54.268333,2015,5,10.344,0.07,10.337,10.308375,887,709,419,2015,2,2,1,5,1.76309E+12,1.76309E+12,,,,,,,,,,,,,,,
g1_online_only,LEO_ONLY,12,0.1,400,2,270,ok,,0,1,53.387917,2014,5,10.382,0.064,10.389,10.368375,888,708,418,2014,2,2,1,5,1.76309E+12,1.76309E+12,,,,,,,,,,,,,,,
g1_online_only,LEO_ONLY,12,0.1,400,2,271,ok,,0,1,52.66725001,2012,5,10.003,0.072,10.335,10.311125,887,707,418,2012,2,2,1,5,1.76309E+12,1.76309E+12,,,,,,,,,,,,,,,
g1_online_only,LEO_ONLY,12,0.1,400,2,272,ok,,0,1,52.810542,2016,5,10.314,0.069,10.359,10.336125,888,709,419,2016,2,2,1,5,1.76309E+12,1.76309E+12,,,,,,,,,,,,,,,
g1_online_only,LEO_ONLY,12,0.1,400,2,273,ok,,0,1,49.13825,2015,5,9.893,0.069,10.432,10.412791,888,709,418,2015,2,2,1,5,1.76309E+12,1.76309E+12,,,,,,,,,,,,,,,
g1_online_only,LEO_ONLY,12,0.1,400,2,274,ok,,0,1,51.232541,2016,5,10.099,0.06,10.48,10.4595,889,709,418,2016,2,2,1,5,1.76309E+12,1.76309E+12,,,,,,,,,,,,,,,
g1_online_only,LEO_ONLY,12,0.1,400,2,275,ok,,0,1,54.5355,2009,5,10.242,0.073,10.347,10.326166,885,707,417,2009,2,2,1,5,1.76309E+12,1.76309E+12,,,,,,,,,,,,,,,
g1_online_only,LEO_ONLY,12,0.1,400,2,276,ok,,0,1,51.003541,2007,5,9.953,0.065,10.264,10.245041,884,706,417,2007,2,2,1,5,1.76309E+12,1.76309E+12,,,,,,,,,,,,,,,
g1_online_only,LEO_ONLY,12,0.1,400,2,277,ok,,0,1,53.77725,2017,5,10.1,0.061,10.153,10.132541,889,709,419,2017,2,2,1,5,1.76309E+12,1.76309E+12,,,,,,,,,,,,,,,
g1_online_only,LEO_ONLY,12,0.1,400,2,278,ok,,0,1,54.426625,2017,5,9.958,0.063,10.263,10.244042,889,709,419,2017,2,2,1,5,1.76309E+12,1.76309E+12,,,,,,,,,,,,,,,
g1_online_only,LEO_ONLY,12,0.1,400,2,279,ok,,0,1,54.660417,2017,5,10.151,0.061,10.329,10.30674999,889,709,419,2017,2,2,1,5,1.76309E+12,1.76309E+12,,,,,,,,,,,,,,,
g1_online_only,LEO_ONLY,12,0.1,400,2,280,ok,,0,1,58.019416,2015,5,10.107,0.065,10.258,10.23258299,888,709,418,2015,2,2,1,5,1.76309E+12,1.76309E+12,,,,,,,,,,,,,,,
g1_online_only,LEO_ONLY,12,0.1,400,2,281,ok,,0,1,54.18945799,2015,5,10.206,0.065,10.368,10.352375,888,709,418,2015,2,2,1,5,1.76309E+12,1.76309E+12,,,,,,,,,,,,,,,
g1_online_only,LEO_ONLY,12,0.1,400,2,282,ok,,0,1,52.371292,2014,5,9.917,0.067,10.49,10.463208,887,708,419,2014,2,2,1,5,1.76309E+12,1.76309E+12,,,,,,,,,,,,,,,
g1_online_only,LEO_ONLY,12,0.1,400,2,283,ok,,0,1,52.251542,2012,5,10.147,0.063,10.309,10.289125,887,707,418,2012,2,2,1,5,1.76309E+12,1.76309E+12,,,,,,,,,,,,,,,
g1_online_only,LEO_ONLY,12,0.1,400,2,284,ok,,0,1,51.310625,2017,5,10.134,0.057,10.205,10.18575,889,709,419,2017,2,2,1,5,1.76309E+12,1.76309E+12,,,,,,,,,,,,,,,
g1_online_only,LEO_ONLY,12,0.1,400,2,285,ok,,0,1,57.125916,2013,5,10.143,0.07,10.353,10.332708,886,709,418,2013,2,2,1,5,1.76309E+12,1.76309E+12,,,,,,,,,,,,,,,
g1_online_only,LEO_ONLY,12,0.1,400,2,286,ok,,0,1,55.355833,2013,5,10.091,0.057,10.325,10.30775,888,707,418,2013,2,2,1,5,1.76309E+12,1.76309E+12,,,,,,,,,,,,,,,
g1_online_only,LEO_ONLY,12,0.1,400,2,287,ok,,0,1,49.397166,2012,5,9.642,0.066,10.258,10.238417,887,708,417,2012,2,2,1,5,1.76309E+12,1.76309E+12,,,,,,,,,,,,,,,
g1_online_only,LEO_ONLY,12,0.1,400,2,288,ok,,0,1,55.799333,2012,5,10.052,0.064,10.515,10.487208,887,707,418,2012,2,2,1,5,1.76309E+12,1.76309E+12,,,,,,,,,,,,,,,
g1_online_only,LEO_ONLY,12,0.1,400,2,289,ok,,0,1,49.907875,2016,5,10.018,0.069,10.402,10.386583,888,709,419,2016,2,2,1,5,1.76309E+12,1.76309E+12,,,,,,,,,,,,,,,
g1_online_only,LEO_ONLY,12,0.1,400,2,290,ok,,0,1,60.184125,2014,5,10.227,0.066,10.441,10.415834,888,708,418,2014,2,2,1,5,1.76309E+12,1.76309E+12,,,,,,,,,,,,,,,
g1_online_only,LEO_ONLY,12,0.1,400,2,291,ok,,0,1,56.0945,2013,5,10.099,0.058,10.4,10.381125,888,707,418,2013,2,2,1,5,1.76309E+12,1.76309E+12,,,,,,,,,,,,,,,
g1_online_only,LEO_ONLY,12,0.1,400,2,292,ok,,0,1,56.774958,2015,5,10.321,0.066,10.452,10.432083,888,708,419,2015,2,2,1,5,1.76309E+12,1.76309E+12,,,,,,,,,,,,,,,
g1_online_only,LEO_ONLY,12,0.1,400,2,293,ok,,0,1,55.219709,2012,5,10.067,0.067,10.401,10.387334,887,707,418,2012,2,2,1,5,1.76309E+12,1.76309E+12,,,,,,,,,,,,,,,
g1_online_only,LEO_ONLY,12,0.1,400,2,294,ok,,0,1,47.780375,2016,5,10.136,0.063,10.344,10.324542,888,709,419,2016,2,2,1,5,1.76309E+12,1.76309E+12,,,,,,,,,,,,,,,
g1_online_only,LEO_ONLY,12,0.1,400,2,295,ok,,0,1,56.592667,2017,5,10.004,0.064,10.335,10.314459,889,709,419,2017,2,2,1,5,1.76309E+12,1.76309E+12,,,,,,,,,,,,,,,
g1_online_only,LEO_ONLY,12,0.1,400,2,296,ok,,0,1,51.49875,2013,5,10.027,0.057,10.343,10.323333,887,707,419,2013,2,2,1,5,1.76309E+12,1.76309E+12,,,,,,,,,,,,,,,
g1_online_only,LEO_ONLY,12,0.1,400,2,297,ok,,0,1,54.056083,2017,5,10.804,0.082,11.381,11.347875,889,709,419,2017,2,2,1,5,1.76309E+12,1.76309E+12,,,,,,,,,,,,,,,
g1_online_only,LEO_ONLY,12,0.1,400,2,298,ok,,0,1,54.645625,2012,5,10.22,0.068,10.271,10.249459,887,708,417,2012,2,2,1,5,1.76309E+12,1.76309E+12,,,,,,,,,,,,,,,
g1_online_only,LEO_ONLY,12,0.1,400,2,299,ok,,0,1,52.132083,2010,5,9.984,0.07,10.198,10.17975,886,708,416,2010,2,2,1,5,1.76309E+12,1.76309E+12,,,,,,,,,,,,,,,
g1_online_only,LEO_ONLY,12,0.1,400,2,300,ok,,0,1,49.49533301,2015,5,10.109,0.069,10.491,10.472166,888,708,419,2015,2,2,1,5,1.76309E+12,1.76309E+12,,,,,,,,,,,,,,,
g1_online_only,LEO_ONLY,12,0.1,600,2,1,ok,,0,1,59.852041,2008,5,10.135,0.076,10.649,10.608083,885,707,416,2008,2,2,1,5,1.76309E+12,1.76309E+12,,,,,,,,,,,,,,,
g1_online_only,LEO_ONLY,12,0.1,600,2,2,ok,,0,1,54.6155,2013,5,10.255,0.064,10.49,10.470875,887,708,418,2013,2,2,1,5,1.76309E+12,1.76309E+12,,,,,,,,,,,,,,,
g1_online_only,LEO_ONLY,12,0.1,600,2,3,ok,,0,1,52.291792,2012,5,10.189,0.064,10.328,10.309459,887,707,418,2012,2,2,1,5,1.76309E+12,1.76309E+12,,,,,,,,,,,,,,,
g1_online_only,LEO_ONLY,12,0.1,600,2,4,ok,,0,1,56.014083,2013,5,9.899,0.066,10.212,10.190209,887,708,418,2013,2,2,1,5,1.76309E+12,1.76309E+12,,,,,,,,,,,,,,,
g1_online_only,LEO_ONLY,12,0.1,600,2,5,ok,,0,1,54.935542,2014,5,9.93,0.064,10.338,10.31812499,888,708,418,2014,2,2,1,5,1.76309E+12,1.76309E+12,,,,,,,,,,,,,,,
g1_online_only,LEO_ONLY,12,0.1,600,2,6,ok,,0,1,51.660292,2013,5,10.241,0.069,10.386,10.37229101,887,708,418,2013,2,2,1,5,1.76309E+12,1.76309E+12,,,,,,,,,,,,,,,
g1_online_only,LEO_ONLY,12,0.1,600,2,7,ok,,0,1,54.379667,2015,5,9.783,0.065,10.304,10.286417,888,709,418,2015,2,2,1,5,1.76309E+12,1.76309E+12,,,,,,,,,,,,,,,
g1_online_only,LEO_ONLY,12,0.1,600,2,8,ok,,0,1,54.5805,2015,5,10.297,0.068,10.251,10.227792,888,709,418,2015,2,2,1,5,1.76309E+12,1.76309E+12,,,,,,,,,,,,,,,
g1_online_only,LEO_ONLY,12,0.1,600,2,9,ok,,0,1,57.488125,2015,5,10.325,0.068,10.344,10.325583,888,709,418,2015,2,2,1,5,1.76309E+12,1.76309E+12,,,,,,,,,,,,,,,
g1_online_only,LEO_ONLY,12,0.1,600,2,10,ok,,0,1,57.936459,2014,5,10.15,0.072,10.137,10.11558301,888,708,418,2014,2,2,1,5,1.76309E+12,1.76309E+12,,,,,,,,,,,,,,,
g1_online_only,LEO_ONLY,12,0.1,600,2,11,ok,,0,1,52.752,2012,5,10.212,0.067,10.4,10.380625,887,708,417,2012,2,2,1,5,1.76309E+12,1.76309E+12,,,,,,,,,,,,,,,
g1_online_only,LEO_ONLY,12,0.1,600,2,12,ok,,0,1,53.620917,2011,5,10.033,0.067,10.311,10.28845899,886,707,418,2011,2,2,1,5,1.76309E+12,1.76309E+12,,,,,,,,,,,,,,,
g1_online_only,LEO_ONLY,12,0.1,600,2,13,ok,,0,1,49.08,2008,5,10.21,0.058,10.339,10.320042,885,705,418,2008,2,2,1,5,1.76309E+12,1.76309E+12,,,,,,,,,,,,,,,
g1_online_only,LEO_ONLY,12,0.1,600,2,14,ok,,0,1,49.490542,2010,5,10.168,0.058,10.473,10.45283399,886,707,417,2010,2,2,1,5,1.76309E+12,1.76309E+12,,,,,,,,,,,,,,,
g1_online_only,LEO_ONLY,12,0.1,600,2,15,ok,,0,1,54.734083,2012,5,10.146,0.067,10.535,10.51575,887,707,418,2012,2,2,1,5,1.76309E+12,1.76309E+12,,,,,,,,,,,,,,,
g1_online_only,LEO_ONLY,12,0.1,600,2,16,ok,,0,1,51.965292,2011,5,10.047,0.069,10.481,10.46724999,886,707,418,2011,2,2,1,5,1.76309E+12,1.76309E+12,,,,,,,,,,,,,,,
g1_online_only,LEO_ONLY,12,0.1,600,2,17,ok,,0,1,51.505333,2012,5,10.112,0.062,10.409,10.389417,887,708,417,2012,2,2,1,5,1.76309E+12,1.76309E+12,,,,,,,,,,,,,,,
g1_online_only,LEO_ONLY,12,0.1,600,2,18,ok,,0,1,56.286375,2016,5,10.129,0.064,10.361,10.341041,888,709,419,2016,2,2,1,5,1.76309E+12,1.76309E+12,,,,,,,,,,,,,,,
g1_online_only,LEO_ONLY,12,0.1,600,2,19,ok,,0,1,51.87675,2015,5,10.074,0.068,10.245,10.221834,888,708,419,2015,2,2,1,5,1.76309E+12,1.76309E+12,,,,,,,,,,,,,,,
g1_online_only,LEO_ONLY,12,0.1,600,2,20,ok,,0,1,55.783083,2016,5,10.034,0.066,10.706,10.69512501,888,709,419,2016,2,2,1,5,1.76309E+12,1.76309E+12,,,,,,,,,,,,,,,
g1_online_only,LEO_ONLY,12,0.1,600,2,21,ok,,0,1,53.289917,2014,5,10.147,0.068,10.494,10.472916,888,708,418,2014,2,2,1,5,1.76309E+12,1.76309E+12,,,,,,,,,,,,,,,
g1_online_only,LEO_ONLY,12,0.1,600,2,22,ok,,0,1,54.111917,2016,5,10.442,0.067,10.42,10.40037499,888,709,419,2016,2,2,1,5,1.76309E+12,1.76309E+12,,,,,,,,,,,,,,,
g1_online_only,LEO_ONLY,12,0.1,600,2,23,ok,,0,1,51.801,2015,5,9.907,0.066,10.397,10.377584,888,708,419,2015,2,2,1,5,1.76309E+12,1.76309E+12,,,,,,,,,,,,,,,
g1_online_only,LEO_ONLY,12,0.1,600,2,24,ok,,0,1,50.249042,2012,5,10.081,0.065,10.208,10.188833,886,708,418,2012,2,2,1,5,1.76309E+12,1.76309E+12,,,,,,,,,,,,,,,
g1_online_only,LEO_ONLY,12,0.1,600,2,25,ok,,0,1,56.962083,2013,5,10.138,0.06,10.292,10.270375,888,708,417,2013,2,2,1,5,1.76309E+12,1.76309E+12,,,,,,,,,,,,,,,
g1_online_only,LEO_ONLY,12,0.1,600,2,26,ok,,0,1,50.077709,2014,5,9.818,0.059,10.31,10.28975,888,708,418,2014,2,2,1,5,1.76309E+12,1.76309E+12,,,,,,,,,,,,,,,
g1_online_only,LEO_ONLY,12,0.1,600,2,27,ok,,0,1,51.55625,2017,5,10.157,0.072,10.355,10.320542,889,709,419,2017,2,2,1,5,1.76309E+12,1.76309E+12,,,,,,,,,,,,,,,
g1_online_only,LEO_ONLY,12,0.1,600,2,28,ok,,0,1,50.934791,2017,5,10.328,0.066,10.282,10.261667,889,709,419,2017,2,2,1,5,1.76309E+12,1.76309E+12,,,,,,,,,,,,,,,
g1_online_only,LEO_ONLY,12,0.1,600,2,29,ok,,0,1,53.151666,2015,5,10.072,0.066,10.243,10.223167,888,708,419,2015,2,2,1,5,1.76309E+12,1.76309E+12,,,,,,,,,,,,,,,
g1_online_only,LEO_ONLY,12,0.1,600,2,30,ok,,0,1,51.201875,2015,5,10.485,0.076,10.447,10.426875,888,708,419,2015,2,2,1,5,1.76309E+12,1.76309E+12,,,,,,,,,,,,,,,
g1_online_only,LEO_ONLY,12,0.1,600,2,31,ok,,0,1,54.144625,2015,5,10.042,0.059,10.307,10.288042,889,708,418,2015,2,2,1,5,1.76309E+12,1.76309E+12,,,,,,,,,,,,,,,
g1_online_only,LEO_ONLY,12,0.1,600,2,32,ok,,0,1,54.309917,2017,5,10.119,0.075,10.431,10.413208,889,709,419,2017,2,2,1,5,1.76309E+12,1.76309E+12,,,,,,,,,,,,,,,
g1_online_only,LEO_ONLY,12,0.1,600,2,33,ok,,0,1,47.818125,2011,5,10.013,0.065,10.437,10.419917,886,708,417,2011,2,2,1,5,1.76309E+12,1.76309E+12,,,,,,,,,,,,,,,
g1_online_only,LEO_ONLY,12,0.1,600,2,34,ok,,0,1,52.780292,2015,5,10.031,0.063,10.543,10.524,888,708,419,2015,2,2,1,5,1.76309E+12,1.76309E+12,,,,,,,,,,,,,,,
g1_online_only,LEO_ONLY,12,0.1,600,2,35,ok,,0,1,52.016333,2012,5,9.94,0.066,10.43,10.42575,887,707,418,2012,2,2,1,5,1.76309E+12,1.76309E+12,,,,,,,,,,,,,,,
g1_online_only,LEO_ONLY,12,0.1,600,2,36,ok,,0,1,51.493292,2015,5,10.092,0.074,10.308,10.287458,888,708,419,2015,2,2,1,5,1.76309E+12,1.76309E+12,,,,,,,,,,,,,,,
g1_online_only,LEO_ONLY,12,0.1,600,2,37,ok,,0,1,48.648667,2012,5,10.256,0.075,10.42,10.40033399,887,707,418,2012,2,2,1,5,1.76309E+12,1.76309E+12,,,,,,,,,,,,,,,
g1_online_only,LEO_ONLY,12,0.1,600,2,38,ok,,0,1,54.23391599,2011,5,10.283,0.063,10.343,10.3235,886,707,418,2011,2,2,1,5,1.76309E+12,1.76309E+12,,,,,,,,,,,,,,,
g1_online_only,LEO_ONLY,12,0.1,600,2,39,ok,,0,1,47.048083,2013,5,10.033,0.062,10.339,10.319666,888,707,418,2013,2,2,1,5,1.76309E+12,1.76309E+12,,,,,,,,,,,,,,,
g1_online_only,LEO_ONLY,12,0.1,600,2,40,ok,,0,1,57.828458,2011,5,10.15,0.067,10.432,10.4105,887,707,417,2011,2,2,1,5,1.76309E+12,1.76309E+12,,,,,,,,,,,,,,,
g1_online_only,LEO_ONLY,12,0.1,600,2,41,ok,,0,1,53.178917,2011,5,10.131,0.068,10.355,10.335334,887,707,417,2011,2,2,1,5,1.76309E+12,1.76309E+12,,,,,,,,,,,,,,,
g1_online_only,LEO_ONLY,12,0.1,600,2,42,ok,,0,1,50.580625,2010,5,9.92,0.064,10.273,10.253958,886,707,417,2010,2,2,1,5,1.76309E+12,1.76309E+12,,,,,,,,,,,,,,,
g1_online_only,LEO_ONLY,12,0.1,600,2,43,ok,,0,1,57.350417,2014,5,10.071,0.064,10.467,10.44575,888,708,418,2014,2,2,1,5,1.76309E+12,1.76309E+12,,,,,,,,,,,,,,,
g1_online_only,LEO_ONLY,12,0.1,600,2,44,ok,,0,1,53.771375,2014,5,9.899,0.067,10.43,10.41091701,888,708,418,2014,2,2,1,5,1.76309E+12,1.76309E+12,,,,,,,,,,,,,,,
g1_online_only,LEO_ONLY,12,0.1,600,2,45,ok,,0,1,48.117792,2016,5,10.062,0.058,10.158,10.139333,888,709,419,2016,2,2,1,5,1.76309E+12,1.76309E+12,,,,,,,,,,,,,,,
g1_online_only,LEO_ONLY,12,0.1,600,2,46,ok,,0,1,51.830667,2017,5,9.992,0.07,10.314,10.296292,889,709,419,2017,2,2,1,5,1.76309E+12,1.76309E+12,,,,,,,,,,,,,,,
g1_online_only,LEO_ONLY,12,0.1,600,2,47,ok,,0,1,50.203917,2015,5,10.145,0.073,10.327,10.306625,888,708,419,2015,2,2,1,5,1.76309E+12,1.76309E+12,,,,,,,,,,,,,,,
g1_online_only,LEO_ONLY,12,0.1,600,2,48,ok,,0,1,51.828875,2014,5,9.867,0.065,10.47,10.451667,888,708,418,2014,2,2,1,5,1.76309E+12,1.76309E+12,,,,,,,,,,,,,,,
g1_online_only,LEO_ONLY,12,0.1,600,2,49,ok,,0,1,55.206625,2015,5,10.197,0.068,10.352,10.333375,888,708,419,2015,2,2,1,5,1.76309E+12,1.76309E+12,,,,,,,,,,,,,,,
g1_online_only,LEO_ONLY,12,0.1,600,2,50,ok,,0,1,53.886292,2012,5,10.218,0.071,10.422,10.4005,887,707,418,2012,2,2,1,5,1.76309E+12,1.76309E+12,,,,,,,,,,,,,,,
g1_online_only,LEO_ONLY,12,0.1,600,2,51,ok,,0,1,50.15854201,2009,5,9.845,0.064,10.512,10.49675,886,707,416,2009,2,2,1,5,1.76309E+12,1.76309E+12,,,,,,,,,,,,,,,
g1_online_only,LEO_ONLY,12,0.1,600,2,52,ok,,0,1,50.93258301,2012,5,10.081,0.06,10.331,10.31075,887,709,416,2012,2,2,1,5,1.76309E+12,1.76309E+12,,,,,,,,,,,,,,,
g1_online_only,LEO_ONLY,12,0.1,600,2,53,ok,,0,1,52.041583,2015,5,10.122,0.064,10.455,10.437333,888,708,419,2015,2,2,1,5,1.76309E+12,1.76309E+12,,,,,,,,,,,,,,,
g1_online_only,LEO_ONLY,12,0.1,600,2,54,ok,,0,1,51.0585,2015,5,9.731,0.064,10.321,10.302667,888,709,418,2015,2,2,1,5,1.76309E+12,1.76309E+12,,,,,,,,,,,,,,,
g1_online_only,LEO_ONLY,12,0.1,600,2,55,ok,,0,1,53.51975,2015,5,9.808,0.06,10.41,10.390125,889,708,418,2015,2,2,1,5,1.76309E+12,1.76309E+12,,,,,,,,,,,,,,,
g1_online_only,LEO_ONLY,12,0.1,600,2,56,ok,,0,1,55.50075,2016,5,10.304,0.059,10.253,10.233667,888,709,419,2016,2,2,1,5,1.76309E+12,1.76309E+12,,,,,,,,,,,,,,,
g1_online_only,LEO_ONLY,12,0.1,600,2,57,ok,,0,1,49.385083,2013,5,10.042,0.061,10.41,10.391291,887,708,418,2013,2,2,1,5,1.76309E+12,1.76309E+12,,,,,,,,,,,,,,,
g1_online_only,LEO_ONLY,12,0.1,600,2,58,ok,,0,1,52.000792,2010,5,10.128,0.071,10.289,10.263958,886,708,416,2010,2,2,1,5,1.76309E+12,1.76309E+12,,,,,,,,,,,,,,,
g1_online_only,LEO_ONLY,12,0.1,600,2,59,ok,,0,1,53.14879199,2012,5,9.847,0.066,10.56,10.531334,887,708,417,2012,2,2,1,5,1.76309E+12,1.76309E+12,,,,,,,,,,,,,,,
g1_online_only,LEO_ONLY,12,0.1,600,2,60,ok,,0,1,50.604083,2017,5,10.259,0.076,10.522,10.505084,889,709,419,2017,2,2,1,5,1.76309E+12,1.76309E+12,,,,,,,,,,,,,,,
g1_online_only,LEO_ONLY,12,0.1,600,2,61,ok,,0,1,54.51187499,2017,5,11.234,0.18,10.933,10.910708,889,709,419,2017,2,2,1,5,1.76309E+12,1.76309E+12,,,,,,,,,,,,,,,
g1_online_only,LEO_ONLY,12,0.1,600,2,62,ok,,0,1,57.160875,2014,5,10.414,0.068,10.433,10.41625,888,708,418,2014,2,2,1,5,1.76309E+12,1.76309E+12,,,,,,,,,,,,,,,
g1_online_only,LEO_ONLY,12,0.1,600,2,63,ok,,0,1,54.78987499,2012,5,10.228,0.097,10.87,10.857791,887,707,418,2012,2,2,1,5,1.76309E+12,1.76309E+12,,,,,,,,,,,,,,,
g1_online_only,LEO_ONLY,12,0.1,600,2,64,ok,,0,1,56.96333299,2015,5,10.033,0.075,10.412,10.40375,888,708,419,2015,2,2,1,5,1.76309E+12,1.76309E+12,,,,,,,,,,,,,,,
g1_online_only,LEO_ONLY,12,0.1,600,2,65,ok,,0,1,51.446291,2015,5,10.059,0.061,10.48,10.457459,888,708,419,2015,2,2,1,5,1.76309E+12,1.76309E+12,,,,,,,,,,,,,,,
g1_online_only,LEO_ONLY,12,0.1,600,2,66,ok,,0,1,52.204084,2015,5,10.048,0.079,10.227,10.208916,888,709,418,2015,2,2,1,5,1.76309E+12,1.76309E+12,,,,,,,,,,,,,,,
g1_online_only,LEO_ONLY,12,0.1,600,2,67,ok,,0,1,49.859084,2015,5,9.972,0.079,10.447,10.4275,888,708,419,2015,2,2,1,5,1.76309E+12,1.76309E+12,,,,,,,,,,,,,,,
g1_online_only,LEO_ONLY,12,0.1,600,2,68,ok,,0,1,53.83208299,2010,5,9.902,0.066,10.38,10.353792,885,708,417,2010,2,2,1,5,1.76309E+12,1.76309E+12,,,,,,,,,,,,,,,
g1_online_only,LEO_ONLY,12,0.1,600,2,69,ok,,0,1,51.95595801,2012,5,9.901,0.067,10.284,10.2735,886,709,417,2012,2,2,1,5,1.76309E+12,1.76309E+12,,,,,,,,,,,,,,,
g1_online_only,LEO_ONLY,12,0.1,600,2,70,ok,,0,1,53.512625,2014,5,10.151,0.074,10.306,10.28675,888,708,418,2014,2,2,1,5,1.76309E+12,1.76309E+12,,,,,,,,,,,,,,,
g1_online_only,LEO_ONLY,12,0.1,600,2,71,ok,,0,1,55.211125,2012,5,10.096,0.066,10.395,10.37258399,887,707,418,2012,2,2,1,5,1.76309E+12,1.76309E+12,,,,,,,,,,,,,,,
g1_online_only,LEO_ONLY,12,0.1,600,2,72,ok,,0,1,55.63900001,2012,5,10.062,0.063,10.089,10.06875,887,707,418,2012,2,2,1,5,1.76309E+12,1.76309E+12,,,,,,,,,,,,,,,
g1_online_only,LEO_ONLY,12,0.1,600,2,73,ok,,0,1,52.251542,2017,5,9.944,0.057,10.397,10.377583,889,709,419,2017,2,2,1,5,1.76309E+12,1.76309E+12,,,,,,,,,,,,,,,
g1_online_only,LEO_ONLY,12,0.1,600,2,74,ok,,0,1,49.9625,2014,5,9.977,0.055,10.366,10.346416,888,708,418,2014,2,2,1,5,1.76309E+12,1.76309E+12,,,,,,,,,,,,,,,
g1_online_only,LEO_ONLY,12,0.1,600,2,75,ok,,0,1,50.063291,1986,5,10.137,0.064,10.5,10.481375,874,708,404,1986,2,2,1,5,1.76309E+12,1.76309E+12,,,,,,,,,,,,,,,
g1_online_only,LEO_ONLY,12,0.1,600,2,76,ok,,0,1,51.572042,2010,5,10.044,0.081,10.53,10.511083,886,707,417,2010,2,2,1,5,1.76309E+12,1.76309E+12,,,,,,,,,,,,,,,
g1_online_only,LEO_ONLY,12,0.1,600,2,77,ok,,0,1,52.352083,2011,5,10.088,0.069,10.45,10.427917,886,707,418,2011,2,2,1,5,1.76309E+12,1.76309E+12,,,,,,,,,,,,,,,
g1_online_only,LEO_ONLY,12,0.1,600,2,78,ok,,0,1,53.715667,2012,5,10.003,0.066,10.454,10.435708,887,707,418,2012,2,2,1,5,1.76309E+12,1.76309E+12,,,,,,,,,,,,,,,
g1_online_only,LEO_ONLY,12,0.1,600,2,79,ok,,0,1,53.386667,2014,5,9.927,0.063,10.508,10.48683299,888,708,418,2014,2,2,1,5,1.76309E+12,1.76309E+12,,,,,,,,,,,,,,,
g1_online_only,LEO_ONLY,12,0.1,600,2,80,ok,,0,1,55.90375001,2015,5,9.839,0.06,10.264,10.24554201,888,709,418,2015,2,2,1,5,1.76309E+12,1.76309E+12,,,,,,,,,,,,,,,
g1_online_only,LEO_ONLY,12,0.1,600,2,81,ok,,0,1,54.91375,2013,5,10.034,0.07,10.302,10.282167,887,708,418,2013,2,2,1,5,1.76309E+12,1.76309E+12,,,,,,,,,,,,,,,
g1_online_only,LEO_ONLY,12,0.1,600,2,82,ok,,0,1,50.909833,2017,5,9.744,0.068,10.335,10.312875,889,709,419,2017,2,2,1,5,1.76309E+12,1.76309E+12,,,,,,,,,,,,,,,
g1_online_only,LEO_ONLY,12,0.1,600,2,83,ok,,0,1,50.165042,2012,5,10.028,0.064,10.344,10.325417,887,708,417,2012,2,2,1,5,1.76309E+12,1.76309E+12,,,,,,,,,,,,,,,
g1_online_only,LEO_ONLY,12,0.1,600,2,84,ok,,0,1,51.901584,2012,5,10.061,0.072,10.417,10.395417,887,708,417,2012,2,2,1,5,1.76309E+12,1.76309E+12,,,,,,,,,,,,,,,
g1_online_only,LEO_ONLY,12,0.1,600,2,85,ok,,0,1,53.19754199,2011,5,9.89,0.063,10.19,10.173458,886,708,417,2011,2,2,1,5,1.76309E+12,1.76309E+12,,,,,,,,,,,,,,,
g1_online_only,LEO_ONLY,12,0.1,600,2,86,ok,,0,1,57.054708,2015,5,10.194,0.064,10.216,10.195834,888,709,418,2015,2,2,1,5,1.76309E+12,1.76309E+12,,,,,,,,,,,,,,,
g1_online_only,LEO_ONLY,12,0.1,600,2,87,ok,,0,1,53.33725,2015,5,10.079,0.065,10.388,10.366334,888,709,418,2015,2,2,1,5,1.76309E+12,1.76309E+12,,,,,,,,,,,,,,,
g1_online_only,LEO_ONLY,12,0.1,600,2,88,ok,,0,1,57.303833,2017,5,10.146,0.067,10.466,10.443708,889,709,419,2017,2,2,1,5,1.76309E+12,1.76309E+12,,,,,,,,,,,,,,,
g1_online_only,LEO_ONLY,12,0.1,600,2,89,ok,,0,1,52.267958,2013,5,9.895,0.059,10.389,10.367792,888,707,418,2013,2,2,1,5,1.76309E+12,1.76309E+12,,,,,,,,,,,,,,,
g1_online_only,LEO_ONLY,12,0.1,600,2,90,ok,,0,1,52.656584,2017,5,9.956,0.073,10.421,10.396,889,709,419,2017,2,2,1,5,1.76309E+12,1.76309E+12,,,,,,,,,,,,,,,
g1_online_only,LEO_ONLY,12,0.1,600,2,91,ok,,0,1,54.18825,2017,5,10.485,0.067,10.574,10.552583,889,709,419,2017,2,2,1,5,1.76309E+12,1.76309E+12,,,,,,,,,,,,,,,
g1_online_only,LEO_ONLY,12,0.1,600,2,92,ok,,0,1,56.412958,2015,5,10.108,0.059,10.322,10.302208,888,708,419,2015,2,2,1,5,1.76309E+12,1.76309E+12,,,,,,,,,,,,,,,
g1_online_only,LEO_ONLY,12,0.1,600,2,93,ok,,0,1,47.93525,2015,5,9.939,0.063,10.375,10.354292,888,708,419,2015,2,2,1,5,1.76309E+12,1.76309E+12,,,,,,,,,,,,,,,
g1_online_only,LEO_ONLY,12,0.1,600,2,94,ok,,0,1,54.868584,2005,5,10.416,0.128,11.393,11.32566699,885,705,415,2005,2,2,1,5,1.76309E+12,1.76309E+12,,,,,,,,,,,,,,,
g1_online_only,LEO_ONLY,12,0.1,600,2,95,ok,,0,1,52.83825,2015,5,10.124,0.078,10.246,10.222791,888,709,418,2015,2,2,1,5,1.76309E+12,1.76309E+12,,,,,,,,,,,,,,,
g1_online_only,LEO_ONLY,12,0.1,600,2,96,ok,,0,1,49.614958,2013,5,10.19,0.068,10.521,10.50225001,887,708,418,2013,2,2,1,5,1.76309E+12,1.76309E+12,,,,,,,,,,,,,,,
g1_online_only,LEO_ONLY,12,0.1,600,2,97,ok,,0,1,52.319208,2012,5,10.187,0.085,10.66,10.644917,887,708,417,2012,2,2,1,5,1.76309E+12,1.76309E+12,,,,,,,,,,,,,,,
g1_online_only,LEO_ONLY,12,0.1,600,2,98,ok,,0,1,51.36975,2013,5,10.313,0.065,10.325,10.30574999,887,708,418,2013,2,2,1,5,1.76309E+12,1.76309E+12,,,,,,,,,,,,,,,
g1_online_only,LEO_ONLY,12,0.1,600,2,99,ok,,0,1,52.356417,2018,5,10,0.056,10.306,10.28725001,890,709,419,2018,2,2,1,5,1.76309E+12,1.76309E+12,,,,,,,,,,,,,,,
g1_online_only,LEO_ONLY,12,0.1,600,2,100,ok,,0,1,52.258875,2014,5,10.06,0.072,10.268,10.246458,888,708,418,2014,2,2,1,5,1.76309E+12,1.76309E+12,,,,,,,,,,,,,,,
g1_online_only,LEO_ONLY,12,0.1,600,2,101,ok,,0,1,54.856709,2017,5,10.345,0.091,10.437,10.414166,889,709,419,2017,2,2,1,5,1.76309E+12,1.76309E+12,,,,,,,,,,,,,,,
g1_online_only,LEO_ONLY,12,0.1,600,2,102,ok,,0,1,51.302292,2017,5,10.109,0.074,10.329,10.307709,889,709,419,2017,2,2,1,5,1.76309E+12,1.76309E+12,,,,,,,,,,,,,,,
g1_online_only,LEO_ONLY,12,0.1,600,2,103,ok,,0,1,52.875917,2014,5,10.169,0.064,10.359,10.337167,887,709,418,2014,2,2,1,5,1.76309E+12,1.76309E+12,,,,,,,,,,,,,,,
g1_online_only,LEO_ONLY,12,0.1,600,2,104,ok,,0,1,51.120125,2014,5,10.015,0.066,10.48,10.463209,887,708,419,2014,2,2,1,5,1.76309E+12,1.76309E+12,,,,,,,,,,,,,,,
g1_online_only,LEO_ONLY,12,0.1,600,2,105,ok,,0,1,51.172209,2015,5,10.234,0.069,10.315,10.294792,888,709,418,2015,2,2,1,5,1.76309E+12,1.76309E+12,,,,,,,,,,,,,,,
g1_online_only,LEO_ONLY,12,0.1,600,2,106,ok,,0,1,54.39975001,2013,5,9.749,0.075,10.344,10.323209,887,708,418,2013,2,2,1,5,1.76309E+12,1.76309E+12,,,,,,,,,,,,,,,
g1_online_only,LEO_ONLY,12,0.1,600,2,107,ok,,0,1,56.530458,2014,5,9.89,0.069,10.608,10.58333299,888,708,418,2014,2,2,1,5,1.76309E+12,1.76309E+12,,,,,,,,,,,,,,,
g1_online_only,LEO_ONLY,12,0.1,600,2,108,ok,,0,1,48.931375,2014,5,9.952,0.079,10.374,10.355666,888,708,418,2014,2,2,1,5,1.76309E+12,1.76309E+12,,,,,,,,,,,,,,,
g1_online_only,LEO_ONLY,12,0.1,600,2,109,ok,,0,1,57.7215,2018,5,9.986,0.061,10.372,10.353167,890,709,419,2018,2,2,1,5,1.76309E+12,1.76309E+12,,,,,,,,,,,,,,,
g1_online_only,LEO_ONLY,12,0.1,600,2,110,ok,,0,1,83.091459,2013,5,21.401,0.165,18.416,18.38474999,887,709,417,2013,2,2,1,5,1.76309E+12,1.76309E+12,,,,,,,,,,,,,,,
g1_online_only,LEO_ONLY,12,0.1,600,2,111,ok,,0,1,52.368125,2012,5,9.799,0.067,10.124,10.103708,887,707,418,2012,2,2,1,5,1.76309E+12,1.76309E+12,,,,,,,,,,,,,,,
g1_online_only,LEO_ONLY,12,0.1,600,2,112,ok,,0,1,49.660292,2009,5,9.951,0.06,10.289,10.271584,886,707,416,2009,2,2,1,5,1.76309E+12,1.76309E+12,,,,,,,,,,,,,,,
g1_online_only,LEO_ONLY,12,0.1,600,2,113,ok,,0,1,56.00629099,2017,5,10.262,0.066,10.477,10.453625,889,709,419,2017,2,2,1,5,1.76309E+12,1.76309E+12,,,,,,,,,,,,,,,
g1_online_only,LEO_ONLY,12,0.1,600,2,114,ok,,0,1,51.090916,2014,5,9.865,0.072,10.324,10.305375,888,708,418,2014,2,2,1,5,1.76309E+12,1.76309E+12,,,,,,,,,,,,,,,
g1_online_only,LEO_ONLY,12,0.1,600,2,115,ok,,0,1,56.15975001,2016,5,10.11,0.064,10.298,10.27466699,888,709,419,2016,2,2,1,5,1.76309E+12,1.76309E+12,,,,,,,,,,,,,,,
g1_online_only,LEO_ONLY,12,0.1,600,2,116,ok,,0,1,48.576959,2014,5,9.925,0.074,10.28,10.26029199,888,708,418,2014,2,2,1,5,1.76309E+12,1.76309E+12,,,,,,,,,,,,,,,
g1_online_only,LEO_ONLY,12,0.1,600,2,117,ok,,0,1,55.775541,2015,5,10.086,0.062,10.407,10.384334,888,709,418,2015,2,2,1,5,1.76309E+12,1.76309E+12,,,,,,,,,,,,,,,
g1_online_only,LEO_ONLY,12,0.1,600,2,118,ok,,0,1,54.148667,2017,5,10.043,0.071,10.36,10.343084,889,709,419,2017,2,2,1,5,1.76309E+12,1.76309E+12,,,,,,,,,,,,,,,
g1_online_only,LEO_ONLY,12,0.1,600,2,119,ok,,0,1,57.754751,2014,5,10.088,0.072,10.346,10.325209,888,708,418,2014,2,2,1,5,1.76309E+12,1.76309E+12,,,,,,,,,,,,,,,
g1_online_only,LEO_ONLY,12,0.1,600,2,120,ok,,0,1,54.230334,2013,5,9.979,0.07,10.367,10.347625,886,709,418,2013,2,2,1,5,1.76309E+12,1.76309E+12,,,,,,,,,,,,,,,
g1_online_only,LEO_ONLY,12,0.1,600,2,121,ok,,0,1,49.908541,2012,5,10.227,0.065,10.316,10.298083,887,707,418,2012,2,2,1,5,1.76309E+12,1.76309E+12,,,,,,,,,,,,,,,
g1_online_only,LEO_ONLY,12,0.1,600,2,122,ok,,0,1,49.324417,2012,5,9.94,0.06,10.368,10.348583,887,707,418,2012,2,2,1,5,1.76309E+12,1.76309E+12,,,,,,,,,,,,,,,
g1_online_only,LEO_ONLY,12,0.1,600,2,123,ok,,0,1,52.412167,2017,5,10.159,0.055,10.311,10.29087501,889,709,419,2017,2,2,1,5,1.76309E+12,1.76309E+12,,,,,,,,,,,,,,,
g1_online_only,LEO_ONLY,12,0.1,600,2,124,ok,,0,1,55.810583,2017,5,9.886,0.058,10.288,10.266625,889,709,419,2017,2,2,1,5,1.76309E+12,1.76309E+12,,,,,,,,,,,,,,,
g1_online_only,LEO_ONLY,12,0.1,600,2,125,ok,,0,1,49.44075,2016,5,10.113,0.064,10.26,10.238,888,709,419,2016,2,2,1,5,1.76309E+12,1.76309E+12,,,,,,,,,,,,,,,
g1_online_only,LEO_ONLY,12,0.1,600,2,126,ok,,0,1,48.448791,2015,5,10.329,0.077,10.359,10.331584,888,709,418,2015,2,2,1,5,1.76309E+12,1.76309E+12,,,,,,,,,,,,,,,
g1_online_only,LEO_ONLY,12,0.1,600,2,127,ok,,0,1,51.300542,2014,5,10.03,0.074,10.467,10.445667,888,708,418,2014,2,2,1,5,1.76309E+12,1.76309E+12,,,,,,,,,,,,,,,
g1_online_only,LEO_ONLY,12,0.1,600,2,128,ok,,0,1,50.964083,2017,5,10.06,0.066,10.221,10.202291,889,709,419,2017,2,2,1,5,1.76309E+12,1.76309E+12,,,,,,,,,,,,,,,
g1_online_only,LEO_ONLY,12,0.1,600,2,129,ok,,0,1,55.216708,2012,5,10.121,0.077,10.12,10.099875,887,708,417,2012,2,2,1,5,1.76309E+12,1.76309E+12,,,,,,,,,,,,,,,
g1_online_only,LEO_ONLY,12,0.1,600,2,130,ok,,0,1,52.44895801,2012,5,10.208,0.064,10.429,10.409083,887,707,418,2012,2,2,1,5,1.76309E+12,1.76309E+12,,,,,,,,,,,,,,,
g1_online_only,LEO_ONLY,12,0.1,600,2,131,ok,,0,1,56.476083,2015,5,10.364,0.072,10.441,10.42141701,888,709,418,2015,2,2,1,5,1.76309E+12,1.76309E+12,,,,,,,,,,,,,,,
g1_online_only,LEO_ONLY,12,0.1,600,2,132,ok,,0,1,53.692709,2012,5,9.975,0.062,10.181,10.160834,887,707,418,2012,2,2,1,5,1.76309E+12,1.76309E+12,,,,,,,,,,,,,,,
g1_online_only,LEO_ONLY,12,0.1,600,2,133,ok,,0,1,54.844375,2015,5,10.357,0.07,10.32,10.301458,887,709,419,2015,2,2,1,5,1.76309E+12,1.76309E+12,,,,,,,,,,,,,,,
g1_online_only,LEO_ONLY,12,0.1,600,2,134,ok,,0,1,53.056,2014,5,10.082,0.091,10.698,10.673791,888,708,418,2014,2,2,1,5,1.76309E+12,1.76309E+12,,,,,,,,,,,,,,,
g1_online_only,LEO_ONLY,12,0.1,600,2,135,ok,,0,1,55.493042,2013,5,10.139,0.058,10.258,10.239458,887,708,418,2013,2,2,1,5,1.76309E+12,1.76309E+12,,,,,,,,,,,,,,,
g1_online_only,LEO_ONLY,12,0.1,600,2,136,ok,,0,1,55.419583,2010,5,10.337,0.061,10.28,10.260291,886,707,417,2010,2,2,1,5,1.76309E+12,1.76309E+12,,,,,,,,,,,,,,,
g1_online_only,LEO_ONLY,12,0.1,600,2,137,ok,,0,1,56.617042,2013,5,10.274,0.065,10.457,10.437292,887,708,418,2013,2,2,1,5,1.76309E+12,1.76309E+12,,,,,,,,,,,,,,,
g1_online_only,LEO_ONLY,12,0.1,600,2,138,ok,,0,1,55.617666,2013,5,10.086,0.066,10.438,10.42025,887,708,418,2013,2,2,1,5,1.76309E+12,1.76309E+12,,,,,,,,,,,,,,,
g1_online_only,LEO_ONLY,12,0.1,600,2,139,ok,,0,1,55.60775,2012,5,9.962,0.065,10.457,10.434792,887,707,418,2012,2,2,1,5,1.76309E+12,1.76309E+12,,,,,,,,,,,,,,,
g1_online_only,LEO_ONLY,12,0.1,600,2,140,ok,,0,1,57.034667,2014,5,10.021,0.068,10.027,10.006625,888,708,418,2014,2,2,1,5,1.76309E+12,1.76309E+12,,,,,,,,,,,,,,,
g1_online_only,LEO_ONLY,12,0.1,600,2,141,ok,,0,1,49.213625,2017,5,9.774,0.06,10.413,10.393917,889,709,419,2017,2,2,1,5,1.76309E+12,1.76309E+12,,,,,,,,,,,,,,,
g1_online_only,LEO_ONLY,12,0.1,600,2,142,ok,,0,1,54.578209,2016,5,10.248,0.063,10.406,10.38475,888,709,419,2016,2,2,1,5,1.76309E+12,1.76309E+12,,,,,,,,,,,,,,,
g1_online_only,LEO_ONLY,12,0.1,600,2,143,ok,,0,1,54.424541,2015,5,10.139,0.07,10.28,10.259583,887,709,419,2015,2,2,1,5,1.76309E+12,1.76309E+12,,,,,,,,,,,,,,,
g1_online_only,LEO_ONLY,12,0.1,600,2,144,ok,,0,1,52.481208,2016,5,10.027,0.058,10.423,10.403417,888,709,419,2016,2,2,1,5,1.76309E+12,1.76309E+12,,,,,,,,,,,,,,,
g1_online_only,LEO_ONLY,12,0.1,600,2,145,ok,,0,1,52.300459,2015,5,9.76,0.068,10.22,10.197708,888,708,419,2015,2,2,1,5,1.76309E+12,1.76309E+12,,,,,,,,,,,,,,,
g1_online_only,LEO_ONLY,12,0.1,600,2,146,ok,,0,1,51.57325,2015,5,10.351,0.117,10.962,10.960958,888,709,418,2015,2,2,1,5,1.76309E+12,1.76309E+12,,,,,,,,,,,,,,,
g1_online_only,LEO_ONLY,12,0.1,600,2,147,ok,,0,1,50.525333,2011,5,9.933,0.064,10.256,10.236709,886,707,418,2011,2,2,1,5,1.76309E+12,1.76309E+12,,,,,,,,,,,,,,,
g1_online_only,LEO_ONLY,12,0.1,600,2,148,ok,,0,1,53.432917,2013,5,9.853,0.065,10.446,10.425708,887,708,418,2013,2,2,1,5,1.76309E+12,1.76309E+12,,,,,,,,,,,,,,,
g1_online_only,LEO_ONLY,12,0.1,600,2,149,ok,,0,1,52.194,2012,5,10.228,0.069,10.388,10.377042,887,708,417,2012,2,2,1,5,1.76309E+12,1.76309E+12,,,,,,,,,,,,,,,
g1_online_only,LEO_ONLY,12,0.1,600,2,150,ok,,0,1,52.6765,2014,5,9.941,0.067,10.36,10.340916,887,709,418,2014,2,2,1,5,1.76309E+12,1.76309E+12,,,,,,,,,,,,,,,
g1_online_only,LEO_ONLY,12,0.1,600,2,151,ok,,0,1,54.049167,2013,5,10.16,0.063,10.195,10.17450001,887,708,418,2013,2,2,1,5,1.76309E+12,1.76309E+12,,,,,,,,,,,,,,,
g1_online_only,LEO_ONLY,12,0.1,600,2,152,ok,,0,1,53.050459,2016,5,10.081,0.063,10.205,10.187125,888,709,419,2016,2,2,1,5,1.76309E+12,1.76309E+12,,,,,,,,,,,,,,,
g1_online_only,LEO_ONLY,12,0.1,600,2,153,ok,,0,1,48.39875,2012,5,9.809,0.07,10.205,10.1855,887,707,418,2012,2,2,1,5,1.76309E+12,1.76309E+12,,,,,,,,,,,,,,,
g1_online_only,LEO_ONLY,12,0.1,600,2,154,ok,,0,1,57.195959,2015,5,10.183,0.059,10.107,10.082084,888,708,419,2015,2,2,1,5,1.76309E+12,1.76309E+12,,,,,,,,,,,,,,,
g1_online_only,LEO_ONLY,12,0.1,600,2,155,ok,,0,1,50.1395,2012,5,10.18,0.067,10.346,10.32620901,887,707,418,2012,2,2,1,5,1.76309E+12,1.76309E+12,,,,,,,,,,,,,,,
g1_online_only,LEO_ONLY,12,0.1,600,2,156,ok,,0,1,48.918959,2015,5,10.318,0.064,10.188,10.168041,888,709,418,2015,2,2,1,5,1.76309E+12,1.76309E+12,,,,,,,,,,,,,,,
g1_online_only,LEO_ONLY,12,0.1,600,2,157,ok,,0,1,56.673375,2014,5,10.403,0.074,10.48,10.452833,888,708,418,2014,2,2,1,5,1.76309E+12,1.76309E+12,,,,,,,,,,,,,,,
g1_online_only,LEO_ONLY,12,0.1,600,2,158,ok,,0,1,54.557125,2014,5,9.893,0.065,10.607,10.587292,888,708,418,2014,2,2,1,5,1.76309E+12,1.76309E+12,,,,,,,,,,,,,,,
g1_online_only,LEO_ONLY,12,0.1,600,2,159,ok,,0,1,57.858292,2014,5,13.591,0.247,12.727,12.811417,887,708,419,2014,2,2,1,5,1.76309E+12,1.76309E+12,,,,,,,,,,,,,,,
g1_online_only,LEO_ONLY,12,0.1,600,2,160,ok,,0,1,51.831042,2015,5,10.163,0.065,10.272,10.253125,888,708,419,2015,2,2,1,5,1.76309E+12,1.76309E+12,,,,,,,,,,,,,,,
g1_online_only,LEO_ONLY,12,0.1,600,2,161,ok,,0,1,51.518792,2010,5,9.983,0.066,10.408,10.386666,886,707,417,2010,2,2,1,5,1.76309E+12,1.76309E+12,,,,,,,,,,,,,,,
g1_online_only,LEO_ONLY,12,0.1,600,2,162,ok,,0,1,54.229375,2014,5,10.244,0.091,10.36,10.334458,887,708,419,2014,2,2,1,5,1.76309E+12,1.76309E+12,,,,,,,,,,,,,,,
g1_online_only,LEO_ONLY,12,0.1,600,2,163,ok,,0,1,56.269375,2010,5,10.283,0.069,10.237,10.217208,886,707,417,2010,2,2,1,5,1.76309E+12,1.76309E+12,,,,,,,,,,,,,,,
g1_online_only,LEO_ONLY,12,0.1,600,2,164,ok,,0,1,53.553458,2017,5,9.928,0.064,10.35,10.330167,889,709,419,2017,2,2,1,5,1.76309E+12,1.76309E+12,,,,,,,,,,,,,,,
g1_online_only,LEO_ONLY,12,0.1,600,2,165,ok,,0,1,56.056958,2012,5,9.969,0.058,10.596,10.57625,887,707,418,2012,2,2,1,5,1.76309E+12,1.76309E+12,,,,,,,,,,,,,,,
g1_online_only,LEO_ONLY,12,0.1,600,2,166,ok,,0,1,50.973167,2016,5,10.284,0.056,10.341,10.320416,889,709,418,2016,2,2,1,5,1.76309E+12,1.76309E+12,,,,,,,,,,,,,,,
g1_online_only,LEO_ONLY,12,0.1,600,2,167,ok,,0,1,53.406583,2011,5,9.887,0.06,10.234,10.2145,887,707,417,2011,2,2,1,5,1.76309E+12,1.76309E+12,,,,,,,,,,,,,,,
g1_online_only,LEO_ONLY,12,0.1,600,2,168,ok,,0,1,52.3035,2014,5,10.112,0.06,10.471,10.45229199,888,708,418,2014,2,2,1,5,1.76309E+12,1.76309E+12,,,,,,,,,,,,,,,
g1_online_only,LEO_ONLY,12,0.1,600,2,169,ok,,0,1,51.149667,2012,5,9.902,0.062,10.327,10.307459,887,707,418,2012,2,2,1,5,1.76309E+12,1.76309E+12,,,,,,,,,,,,,,,
g1_online_only,LEO_ONLY,12,0.1,600,2,170,ok,,0,1,51.927917,2013,5,9.896,0.095,10.08,10.06245799,887,708,418,2013,2,2,1,5,1.76309E+12,1.76309E+12,,,,,,,,,,,,,,,
g1_online_only,LEO_ONLY,12,0.1,600,2,171,ok,,0,1,57.273791,2017,5,10.053,0.066,10.478,10.45770801,889,709,419,2017,2,2,1,5,1.76309E+12,1.76309E+12,,,,,,,,,,,,,,,
g1_online_only,LEO_ONLY,12,0.1,600,2,172,ok,,0,1,55.939084,2012,5,10.101,0.061,10.37,10.355458,887,707,418,2012,2,2,1,5,1.76309E+12,1.76309E+12,,,,,,,,,,,,,,,
g1_online_only,LEO_ONLY,12,0.1,600,2,173,ok,,0,1,54.260916,2017,5,10.227,0.078,10.55,10.527,889,709,419,2017,2,2,1,5,1.76309E+12,1.76309E+12,,,,,,,,,,,,,,,
g1_online_only,LEO_ONLY,12,0.1,600,2,174,ok,,0,1,52.477,2017,5,10.053,0.055,10.482,10.460666,889,709,419,2017,2,2,1,5,1.76309E+12,1.76309E+12,,,,,,,,,,,,,,,
g1_online_only,LEO_ONLY,12,0.1,600,2,175,ok,,0,1,53.025209,2008,5,10.035,0.073,10.437,10.417208,885,708,415,2008,2,2,1,5,1.76309E+12,1.76309E+12,,,,,,,,,,,,,,,
g1_online_only,LEO_ONLY,12,0.1,600,2,176,ok,,0,1,57.618625,2015,5,9.785,0.059,10.477,10.456625,888,709,418,2015,2,2,1,5,1.76309E+12,1.76309E+12,,,,,,,,,,,,,,,
g1_online_only,LEO_ONLY,12,0.1,600,2,177,ok,,0,1,51.613542,2012,5,9.838,0.066,10.299,10.27570799,887,707,418,2012,2,2,1,5,1.76309E+12,1.76309E+12,,,,,,,,,,,,,,,
g1_online_only,LEO_ONLY,12,0.1,600,2,178,ok,,0,1,52.259708,2014,5,9.981,0.064,10.279,10.258792,887,709,418,2014,2,2,1,5,1.76309E+12,1.76309E+12,,,,,,,,,,,,,,,
g1_online_only,LEO_ONLY,12,0.1,600,2,179,ok,,0,1,52.01175,2010,5,10.041,0.065,10.348,10.328041,886,707,417,2010,2,2,1,5,1.76309E+12,1.76309E+12,,,,,,,,,,,,,,,
g1_online_only,LEO_ONLY,12,0.1,600,2,180,ok,,0,1,53.424,2012,5,9.982,0.059,10.183,10.157833,887,707,418,2012,2,2,1,5,1.76309E+12,1.76309E+12,,,,,,,,,,,,,,,
g1_online_only,LEO_ONLY,12,0.1,600,2,181,ok,,0,1,54.381542,2013,5,10.163,0.06,10.429,10.406917,887,708,418,2013,2,2,1,5,1.76309E+12,1.76309E+12,,,,,,,,,,,,,,,
g1_online_only,LEO_ONLY,12,0.1,600,2,182,ok,,0,1,52.273041,2010,5,9.925,0.067,10.309,10.286417,886,707,417,2010,2,2,1,5,1.76309E+12,1.76309E+12,,,,,,,,,,,,,,,
g1_online_only,LEO_ONLY,12,0.1,600,2,183,ok,,0,1,55.46554201,2017,5,10.015,0.069,10.335,10.313416,889,709,419,2017,2,2,1,5,1.76309E+12,1.76309E+12,,,,,,,,,,,,,,,
g1_online_only,LEO_ONLY,12,0.1,600,2,184,ok,,0,1,84.06116701,2017,5,22.236,0.103,19.269,19.23654199,889,709,419,2017,2,2,1,5,1.76309E+12,1.76309E+12,,,,,,,,,,,,,,,
g1_online_only,LEO_ONLY,12,0.1,600,2,185,ok,,0,1,50.673917,2012,5,9.976,0.065,10.297,10.270958,887,707,418,2012,2,2,1,5,1.76309E+12,1.76309E+12,,,,,,,,,,,,,,,
g1_online_only,LEO_ONLY,12,0.1,600,2,186,ok,,0,1,55.744667,2017,5,9.931,0.067,10.516,10.495792,889,709,419,2017,2,2,1,5,1.76309E+12,1.76309E+12,,,,,,,,,,,,,,,
g1_online_only,LEO_ONLY,12,0.1,600,2,187,ok,,0,1,54.22675,2014,5,9.892,0.065,10.139,10.119833,887,708,419,2014,2,2,1,5,1.76309E+12,1.76309E+12,,,,,,,,,,,,,,,
g1_online_only,LEO_ONLY,12,0.1,600,2,188,ok,,0,1,51.620791,2011,5,9.73,0.058,10.329,10.318666,887,707,417,2011,2,2,1,5,1.76309E+12,1.76309E+12,,,,,,,,,,,,,,,
g1_online_only,LEO_ONLY,12,0.1,600,2,189,ok,,0,1,52.778916,2015,5,9.97,0.068,10.445,10.42379199,888,708,419,2015,2,2,1,5,1.76309E+12,1.76309E+12,,,,,,,,,,,,,,,
g1_online_only,LEO_ONLY,12,0.1,600,2,190,ok,,0,1,58.05125,2016,5,10.897,0.093,10.57,10.5755,888,709,419,2016,2,2,1,5,1.76309E+12,1.76309E+12,,,,,,,,,,,,,,,
g1_online_only,LEO_ONLY,12,0.1,600,2,191,ok,,0,1,55.670084,2011,5,10.127,0.064,10.326,10.30891699,886,708,417,2011,2,2,1,5,1.76309E+12,1.76309E+12,,,,,,,,,,,,,,,
g1_online_only,LEO_ONLY,12,0.1,600,2,192,ok,,0,1,52.502958,2013,5,10.181,0.064,10.372,10.343416,887,708,418,2013,2,2,1,5,1.76309E+12,1.76309E+12,,,,,,,,,,,,,,,
g1_online_only,LEO_ONLY,12,0.1,600,2,193,ok,,0,1,53.668167,2015,5,9.979,0.073,10.093,10.072125,888,708,419,2015,2,2,1,5,1.76309E+12,1.76309E+12,,,,,,,,,,,,,,,
g1_online_only,LEO_ONLY,12,0.1,600,2,194,ok,,0,1,50.287375,2011,5,9.833,0.067,10.627,10.602917,886,708,417,2011,2,2,1,5,1.76309E+12,1.76309E+12,,,,,,,,,,,,,,,
g1_online_only,LEO_ONLY,12,0.1,600,2,195,ok,,0,1,53.146291,2015,5,9.984,0.058,10.209,10.190375,888,709,418,2015,2,2,1,5,1.76309E+12,1.76309E+12,,,,,,,,,,,,,,,
g1_online_only,LEO_ONLY,12,0.1,600,2,196,ok,,0,1,52.611,2012,5,9.908,0.066,10.412,10.390541,887,708,417,2012,2,2,1,5,1.76309E+12,1.76309E+12,,,,,,,,,,,,,,,
g1_online_only,LEO_ONLY,12,0.1,600,2,197,ok,,0,1,49.449208,2017,5,9.918,0.075,10.787,10.785958,889,709,419,2017,2,2,1,5,1.76309E+12,1.76309E+12,,,,,,,,,,,,,,,
g1_online_only,LEO_ONLY,12,0.1,600,2,198,ok,,0,1,48.763875,2015,5,10.296,0.055,10.216,10.194541,888,708,419,2015,2,2,1,5,1.76309E+12,1.76309E+12,,,,,,,,,,,,,,,
g1_online_only,LEO_ONLY,12,0.1,600,2,199,ok,,0,1,52.959166,2017,5,10.271,0.07,10.231,10.215666,889,709,419,2017,2,2,1,5,1.76309E+12,1.76309E+12,,,,,,,,,,,,,,,
g1_online_only,LEO_ONLY,12,0.1,600,2,200,ok,,0,1,56.652708,2006,5,10.332,0.07,10.122,10.098375,883,706,417,2006,2,2,1,5,1.76309E+12,1.76309E+12,,,,,,,,,,,,,,,
g1_online_only,LEO_ONLY,12,0.1,600,2,201,ok,,0,1,50.896959,2015,5,9.999,0.069,10.204,10.182583,888,708,419,2015,2,2,1,5,1.76309E+12,1.76309E+12,,,,,,,,,,,,,,,
g1_online_only,LEO_ONLY,12,0.1,600,2,202,ok,,0,1,53.954042,2016,5,10.235,0.066,10.451,10.430292,888,709,419,2016,2,2,1,5,1.76309E+12,1.76309E+12,,,,,,,,,,,,,,,
g1_online_only,LEO_ONLY,12,0.1,600,2,203,ok,,0,1,54.078458,2016,5,9.995,0.065,10.277,10.252916,888,709,419,2016,2,2,1,5,1.76309E+12,1.76309E+12,,,,,,,,,,,,,,,
g1_online_only,LEO_ONLY,12,0.1,600,2,204,ok,,0,1,51.840459,2014,5,10.13,0.058,10.388,10.367125,887,709,418,2014,2,2,1,5,1.76309E+12,1.76309E+12,,,,,,,,,,,,,,,
g1_online_only,LEO_ONLY,12,0.1,600,2,205,ok,,0,1,52.848208,2018,5,10.02,0.062,10.32,10.300667,890,709,419,2018,2,2,1,5,1.76309E+12,1.76309E+12,,,,,,,,,,,,,,,
g1_online_only,LEO_ONLY,12,0.1,600,2,206,ok,,0,1,48.65975,2014,5,9.873,0.068,10.208,10.18970799,888,708,418,2014,2,2,1,5,1.76309E+12,1.76309E+12,,,,,,,,,,,,,,,
g1_online_only,LEO_ONLY,12,0.1,600,2,207,ok,,0,1,59.090542,2014,5,10.274,0.067,10.325,10.303458,887,708,419,2014,2,2,1,5,1.76309E+12,1.76309E+12,,,,,,,,,,,,,,,
g1_online_only,LEO_ONLY,12,0.1,600,2,208,ok,,0,1,47.833042,2010,5,10.167,0.061,10.396,10.372583,885,707,418,2010,2,2,1,5,1.76309E+12,1.76309E+12,,,,,,,,,,,,,,,
g1_online_only,LEO_ONLY,12,0.1,600,2,209,ok,,0,1,55.064708,2017,5,10.124,0.067,10.443,10.422791,889,709,419,2017,2,2,1,5,1.76309E+12,1.76309E+12,,,,,,,,,,,,,,,
g1_online_only,LEO_ONLY,12,0.1,600,2,210,ok,,0,1,48.8715,2012,5,9.947,0.059,10.368,10.345626,887,707,418,2012,2,2,1,5,1.76309E+12,1.76309E+12,,,,,,,,,,,,,,,
g1_online_only,LEO_ONLY,12,0.1,600,2,211,ok,,0,1,51.913917,2014,5,9.827,0.065,10.193,10.171959,888,708,418,2014,2,2,1,5,1.76309E+12,1.76309E+12,,,,,,,,,,,,,,,
g1_online_only,LEO_ONLY,12,0.1,600,2,212,ok,,0,1,56.008084,2013,5,10.175,0.064,10.367,10.343916,887,709,417,2013,2,2,1,5,1.76309E+12,1.76309E+12,,,,,,,,,,,,,,,
g1_online_only,LEO_ONLY,12,0.1,600,2,213,ok,,0,1,55.623375,2013,5,10.113,0.066,10.396,10.376208,887,708,418,2013,2,2,1,5,1.76309E+12,1.76309E+12,,,,,,,,,,,,,,,
g1_online_only,LEO_ONLY,12,0.1,600,2,214,ok,,0,1,49.455666,2014,5,9.84,0.063,10.544,10.521625,888,708,418,2014,2,2,1,5,1.76309E+12,1.76309E+12,,,,,,,,,,,,,,,
g1_online_only,LEO_ONLY,12,0.1,600,2,215,ok,,0,1,54.804125,2015,5,10.166,0.079,10.35,10.33225,888,709,418,2015,2,2,1,5,1.76309E+12,1.76309E+12,,,,,,,,,,,,,,,
g1_online_only,LEO_ONLY,12,0.1,600,2,216,ok,,0,1,52.727416,2012,5,10.104,0.073,10.179,10.16337499,887,707,418,2012,2,2,1,5,1.76309E+12,1.76309E+12,,,,,,,,,,,,,,,
g1_online_only,LEO_ONLY,12,0.1,600,2,217,ok,,0,1,53.322542,2005,5,9.98,0.064,10.383,10.364542,883,707,415,2005,2,2,1,5,1.76309E+12,1.76309E+12,,,,,,,,,,,,,,,
g1_online_only,LEO_ONLY,12,0.1,600,2,218,ok,,0,1,58.539584,2017,5,10.182,0.066,10.428,10.406709,889,709,419,2017,2,2,1,5,1.76309E+12,1.76309E+12,,,,,,,,,,,,,,,
g1_online_only,LEO_ONLY,12,0.1,600,2,219,ok,,0,1,51.052292,2011,5,9.722,0.07,10.486,10.46624999,887,707,417,2011,2,2,1,5,1.76309E+12,1.76309E+12,,,,,,,,,,,,,,,
g1_online_only,LEO_ONLY,12,0.1,600,2,220,ok,,0,1,57.005,2017,5,10.18,0.066,10.299,10.27775,889,709,419,2017,2,2,1,5,1.76309E+12,1.76309E+12,,,,,,,,,,,,,,,
g1_online_only,LEO_ONLY,12,0.1,600,2,221,ok,,0,1,51.594167,2015,5,10.01,0.069,10.367,10.341417,888,709,418,2015,2,2,1,5,1.76309E+12,1.76309E+12,,,,,,,,,,,,,,,
g1_online_only,LEO_ONLY,12,0.1,600,2,222,ok,,0,2,54.49125,2010,5,10.105,0.068,10.352,10.33225,886,707,417,2010,2,2,1,5,1.76309E+12,1.76309E+12,,,,,,,,,,,,,,,
g1_online_only,LEO_ONLY,12,0.1,600,2,223,ok,,0,1,53.079292,2017,5,10.051,0.067,10.151,10.131084,889,709,419,2017,2,2,1,5,1.76309E+12,1.76309E+12,,,,,,,,,,,,,,,
g1_online_only,LEO_ONLY,12,0.1,600,2,224,ok,,0,1,50.934458,2013,5,9.89,0.058,10.168,10.15041699,888,707,418,2013,2,2,1,5,1.76309E+12,1.76309E+12,,,,,,,,,,,,,,,
g1_online_only,LEO_ONLY,12,0.1,600,2,225,ok,,0,1,55.48,2017,5,10.584,0.066,10.364,10.345167,889,709,419,2017,2,2,1,5,1.76309E+12,1.76309E+12,,,,,,,,,,,,,,,
g1_online_only,LEO_ONLY,12,0.1,600,2,226,ok,,0,1,54.320917,2012,5,9.876,0.066,10.481,10.45725,887,707,418,2012,2,2,1,5,1.76309E+12,1.76309E+12,,,,,,,,,,,,,,,
g1_online_only,LEO_ONLY,12,0.1,600,2,227,ok,,0,1,57.15125,2011,5,10.612,0.09,10.802,10.783792,886,708,417,2011,2,2,1,5,1.76309E+12,1.76309E+12,,,,,,,,,,,,,,,
g1_online_only,LEO_ONLY,12,0.1,600,2,228,ok,,0,1,56.539334,2010,5,10.281,0.069,10.994,10.978083,886,707,417,2010,2,2,1,5,1.76309E+12,1.76309E+12,,,,,,,,,,,,,,,
g1_online_only,LEO_ONLY,12,0.1,600,2,229,ok,,0,1,49.743917,2017,5,10.138,0.063,10.342,10.322708,889,709,419,2017,2,2,1,5,1.76309E+12,1.76309E+12,,,,,,,,,,,,,,,
g1_online_only,LEO_ONLY,12,0.1,600,2,230,ok,,0,1,55.31166701,2015,5,10.056,0.142,12.529,12.562167,888,709,418,2015,2,2,1,5,1.76309E+12,1.76309E+12,,,,,,,,,,,,,,,
g1_online_only,LEO_ONLY,12,0.1,600,2,231,ok,,0,1,50.395166,2013,5,9.955,0.067,10.564,10.542,887,708,418,2013,2,2,1,5,1.76309E+12,1.76309E+12,,,,,,,,,,,,,,,
g1_online_only,LEO_ONLY,12,0.1,600,2,232,ok,,0,1,54.07716701,2017,5,9.773,0.072,10.141,10.119125,889,709,419,2017,2,2,1,5,1.76309E+12,1.76309E+12,,,,,,,,,,,,,,,
g1_online_only,LEO_ONLY,12,0.1,600,2,233,ok,,0,1,51.621333,2012,5,10.086,0.066,10.057,10.038041,887,708,417,2012,2,2,1,5,1.76309E+12,1.76309E+12,,,,,,,,,,,,,,,
g1_online_only,LEO_ONLY,12,0.1,600,2,234,ok,,0,1,48.988958,2017,5,10.101,0.064,10.234,10.215125,889,709,419,2017,2,2,1,5,1.76309E+12,1.76309E+12,,,,,,,,,,,,,,,
g1_online_only,LEO_ONLY,12,0.1,600,2,235,ok,,0,1,52.646417,2013,5,10.337,0.06,10.274,10.251375,888,708,417,2013,2,2,1,5,1.76309E+12,1.76309E+12,,,,,,,,,,,,,,,
g1_online_only,LEO_ONLY,12,0.1,600,2,236,ok,,0,1,50.743167,2017,5,10.112,0.077,10.564,10.541834,889,709,419,2017,2,2,1,5,1.76309E+12,1.76309E+12,,,,,,,,,,,,,,,
g1_online_only,LEO_ONLY,12,0.1,600,2,237,ok,,0,1,53.344666,2016,5,10.114,0.062,10.313,10.293292,889,709,418,2016,2,2,1,5,1.76309E+12,1.76309E+12,,,,,,,,,,,,,,,
g1_online_only,LEO_ONLY,12,0.1,600,2,238,ok,,0,1,53.454958,2012,5,9.87,0.061,10.346,10.326292,887,707,418,2012,2,2,1,5,1.76309E+12,1.76309E+12,,,,,,,,,,,,,,,
g1_online_only,LEO_ONLY,12,0.1,600,2,239,ok,,0,1,51.457084,2018,5,9.788,0.055,10.516,10.495709,890,709,419,2018,2,2,1,5,1.76309E+12,1.76309E+12,,,,,,,,,,,,,,,
g1_online_only,LEO_ONLY,12,0.1,600,2,240,ok,,0,1,52.308583,2015,5,10.33,0.071,10.292,10.269792,888,708,419,2015,2,2,1,5,1.76309E+12,1.76309E+12,,,,,,,,,,,,,,,
g1_online_only,LEO_ONLY,12,0.1,600,2,241,ok,,0,1,51.30316701,2015,5,9.872,0.063,10.301,10.282042,888,708,419,2015,2,2,1,5,1.76309E+12,1.76309E+12,,,,,,,,,,,,,,,
g1_online_only,LEO_ONLY,12,0.1,600,2,242,ok,,0,1,53.937916,2015,5,10.047,0.067,10.357,10.33783299,888,708,419,2015,2,2,1,5,1.76309E+12,1.76309E+12,,,,,,,,,,,,,,,
g1_online_only,LEO_ONLY,12,0.1,600,2,243,ok,,0,1,54.65958299,2008,5,9.962,0.063,10.164,10.142209,885,706,417,2008,2,2,1,5,1.76309E+12,1.76309E+12,,,,,,,,,,,,,,,
g1_online_only,LEO_ONLY,12,0.1,600,2,244,ok,,0,1,53.500416,2015,5,9.934,0.067,10.29,10.269916,888,708,419,2015,2,2,1,5,1.76309E+12,1.76309E+12,,,,,,,,,,,,,,,
g1_online_only,LEO_ONLY,12,0.1,600,2,245,ok,,0,1,51.497958,2015,5,10.024,0.064,10.456,10.435333,888,709,418,2015,2,2,1,5,1.76309E+12,1.76309E+12,,,,,,,,,,,,,,,
g1_online_only,LEO_ONLY,12,0.1,600,2,246,ok,,0,1,50.224667,2015,5,9.988,0.054,10.327,10.305417,888,708,419,2015,2,2,1,5,1.76309E+12,1.76309E+12,,,,,,,,,,,,,,,
g1_online_only,LEO_ONLY,12,0.1,600,2,247,ok,,0,1,52.63175,2014,5,9.923,0.065,10.494,10.47225,888,708,418,2014,2,2,1,5,1.76309E+12,1.76309E+12,,,,,,,,,,,,,,,
g1_online_only,LEO_ONLY,12,0.1,600,2,248,ok,,0,1,54.15875,2017,5,10.112,0.068,10.262,10.241167,889,709,419,2017,2,2,1,5,1.76309E+12,1.76309E+12,,,,,,,,,,,,,,,
g1_online_only,LEO_ONLY,12,0.1,600,2,249,ok,,0,1,55.775458,2015,5,9.998,0.067,11.049,11.031292,888,709,418,2015,2,2,1,5,1.76309E+12,1.76309E+12,,,,,,,,,,,,,,,
g1_online_only,LEO_ONLY,12,0.1,600,2,250,ok,,0,1,52.309208,2008,5,9.953,0.07,10.417,10.398541,885,707,416,2008,2,2,1,5,1.76309E+12,1.76309E+12,,,,,,,,,,,,,,,
g1_online_only,LEO_ONLY,12,0.1,600,2,251,ok,,0,1,48.901583,2008,5,10.627,0.063,10.365,10.347875,884,707,417,2008,2,2,1,5,1.76309E+12,1.76309E+12,,,,,,,,,,,,,,,
g1_online_only,LEO_ONLY,12,0.1,600,2,252,ok,,0,1,54.593,2014,5,9.975,0.063,10.298,10.276958,888,708,418,2014,2,2,1,5,1.76309E+12,1.76309E+12,,,,,,,,,,,,,,,
g1_online_only,LEO_ONLY,12,0.1,600,2,253,ok,,0,1,55.767417,2015,5,10.285,0.061,10.324,10.304083,888,708,419,2015,2,2,1,5,1.76309E+12,1.76309E+12,,,,,,,,,,,,,,,
g1_online_only,LEO_ONLY,12,0.1,600,2,254,ok,,0,1,56.261209,2013,5,10.111,0.059,10.262,10.240959,887,708,418,2013,2,2,1,5,1.76309E+12,1.76309E+12,,,,,,,,,,,,,,,
g1_online_only,LEO_ONLY,12,0.1,600,2,255,ok,,0,1,66.992209,2014,5,19.15,0.149,11.269,11.232708,888,708,418,2014,2,2,1,5,1.76309E+12,1.76309E+12,,,,,,,,,,,,,,,
g1_online_only,LEO_ONLY,12,0.1,600,2,256,ok,,0,1,51.953875,2015,5,10.237,0.071,10.24,10.220916,888,708,419,2015,2,2,1,5,1.76309E+12,1.76309E+12,,,,,,,,,,,,,,,
g1_online_only,LEO_ONLY,12,0.1,600,2,257,ok,,0,1,54.95004101,2013,5,10.078,0.058,10.272,10.250125,888,707,418,2013,2,2,1,5,1.76309E+12,1.76309E+12,,,,,,,,,,,,,,,
g1_online_only,LEO_ONLY,12,0.1,600,2,258,ok,,0,1,49.220584,2012,5,10.103,0.062,10.203,10.184042,887,707,418,2012,2,2,1,5,1.76309E+12,1.76309E+12,,,,,,,,,,,,,,,
g1_online_only,LEO_ONLY,12,0.1,600,2,259,ok,,0,1,57.61458301,2012,5,10.022,0.068,10.131,10.110667,887,708,417,2012,2,2,1,5,1.76309E+12,1.76309E+12,,,,,,,,,,,,,,,
g1_online_only,LEO_ONLY,12,0.1,600,2,260,ok,,0,1,54.048041,1984,5,10.204,0.069,10.5,10.481,873,707,404,1984,2,2,1,5,1.76309E+12,1.76309E+12,,,,,,,,,,,,,,,
g1_online_only,LEO_ONLY,12,0.1,600,2,261,ok,,0,1,56.024458,2017,5,10.231,0.068,10.445,10.42375,889,709,419,2017,2,2,1,5,1.76309E+12,1.76309E+12,,,,,,,,,,,,,,,
g1_online_only,LEO_ONLY,12,0.1,600,2,262,ok,,0,1,53.709042,2012,5,10.363,0.069,10.284,10.264209,887,708,417,2012,2,2,1,5,1.76309E+12,1.76309E+12,,,,,,,,,,,,,,,
g1_online_only,LEO_ONLY,12,0.1,600,2,263,ok,,0,1,53.584833,2017,5,10.314,0.068,10.509,10.487958,889,709,419,2017,2,2,1,5,1.76309E+12,1.76309E+12,,,,,,,,,,,,,,,
g1_online_only,LEO_ONLY,12,0.1,600,2,264,ok,,0,1,48.874125,2015,5,10.183,0.068,10.588,10.568167,888,709,418,2015,2,2,1,5,1.76309E+12,1.76309E+12,,,,,,,,,,,,,,,
g1_online_only,LEO_ONLY,12,0.1,600,2,265,ok,,0,1,55.3225,2015,5,9.802,0.068,10.446,10.426292,888,709,418,2015,2,2,1,5,1.76309E+12,1.76309E+12,,,,,,,,,,,,,,,
g1_online_only,LEO_ONLY,12,0.1,600,2,266,ok,,0,1,51.151584,2015,5,10.147,0.062,10.366,10.347542,888,709,418,2015,2,2,1,5,1.76309E+12,1.76309E+12,,,,,,,,,,,,,,,
g1_online_only,LEO_ONLY,12,0.1,600,2,267,ok,,0,1,51.45416599,2013,5,10.185,0.061,10.409,10.388209,887,708,418,2013,2,2,1,5,1.76309E+12,1.76309E+12,,,,,,,,,,,,,,,
g1_online_only,LEO_ONLY,12,0.1,600,2,268,ok,,0,1,57.827916,2017,5,10.276,0.071,10.485,10.462166,889,709,419,2017,2,2,1,5,1.76309E+12,1.76309E+12,,,,,,,,,,,,,,,
g1_online_only,LEO_ONLY,12,0.1,600,2,269,ok,,0,1,55.696125,2013,5,10.049,0.066,10.473,10.455,887,708,418,2013,2,2,1,5,1.76309E+12,1.76309E+12,,,,,,,,,,,,,,,
g1_online_only,LEO_ONLY,12,0.1,600,2,270,ok,,0,1,47.744666,2012,5,9.874,0.06,10.227,10.205208,887,707,418,2012,2,2,1,5,1.76309E+12,1.76309E+12,,,,,,,,,,,,,,,
g1_online_only,LEO_ONLY,12,0.1,600,2,271,ok,,0,1,49.929708,2014,5,9.971,0.065,10.178,10.158875,888,708,418,2014,2,2,1,5,1.76309E+12,1.76309E+12,,,,,,,,,,,,,,,
g1_online_only,LEO_ONLY,12,0.1,600,2,272,ok,,0,1,51.771833,2012,5,10.174,0.058,10.419,10.39875,887,708,417,2012,2,2,1,5,1.76309E+12,1.76309E+12,,,,,,,,,,,,,,,
g1_online_only,LEO_ONLY,12,0.1,600,2,273,ok,,0,1,53.961625,2014,5,10.092,0.065,10.325,10.30574999,887,708,419,2014,2,2,1,5,1.76309E+12,1.76309E+12,,,,,,,,,,,,,,,
g1_online_only,LEO_ONLY,12,0.1,600,2,274,ok,,0,1,52.355209,2013,5,9.958,0.069,10.388,10.369583,887,708,418,2013,2,2,1,5,1.76309E+12,1.76309E+12,,,,,,,,,,,,,,,
g1_online_only,LEO_ONLY,12,0.1,600,2,275,ok,,0,1,53.413958,2012,5,10.019,0.059,10.347,10.327,887,707,418,2012,2,2,1,5,1.76309E+12,1.76309E+12,,,,,,,,,,,,,,,
g1_online_only,LEO_ONLY,12,0.1,600,2,276,ok,,0,1,55.529292,2009,5,9.829,0.072,10.411,10.392334,886,707,416,2009,2,2,1,5,1.76309E+12,1.76309E+12,,,,,,,,,,,,,,,
g1_online_only,LEO_ONLY,12,0.1,600,2,277,ok,,0,1,51.873792,2015,5,10.224,0.058,10.457,10.445542,888,708,419,2015,2,2,1,5,1.76309E+12,1.76309E+12,,,,,,,,,,,,,,,
g1_online_only,LEO_ONLY,12,0.1,600,2,278,ok,,0,1,48.54075,2011,5,9.825,0.066,10.323,10.303375,886,708,417,2011,2,2,1,5,1.76309E+12,1.76309E+12,,,,,,,,,,,,,,,
g1_online_only,LEO_ONLY,12,0.1,600,2,279,ok,,0,1,55.007125,2013,5,9.934,0.059,10.513,10.492917,888,707,418,2013,2,2,1,5,1.76309E+12,1.76309E+12,,,,,,,,,,,,,,,
g1_online_only,LEO_ONLY,12,0.1,600,2,280,ok,,0,1,51.248917,2014,5,9.942,0.058,10.205,10.186792,887,709,418,2014,2,2,1,5,1.76309E+12,1.76309E+12,,,,,,,,,,,,,,,
g1_online_only,LEO_ONLY,12,0.1,600,2,281,ok,,0,1,50.380291,1991,5,10.075,0.065,10.375,10.35325,876,708,407,1991,2,2,1,5,1.76309E+12,1.76309E+12,,,,,,,,,,,,,,,
g1_online_only,LEO_ONLY,12,0.1,600,2,282,ok,,0,1,51.205458,2016,5,9.947,0.061,10.415,10.395833,888,709,419,2016,2,2,1,5,1.76309E+12,1.76309E+12,,,,,,,,,,,,,,,
g1_online_only,LEO_ONLY,12,0.1,600,2,283,ok,,0,1,49.463958,2014,5,9.798,0.066,10.28,10.260917,888,708,418,2014,2,2,1,5,1.76309E+12,1.76309E+12,,,,,,,,,,,,,,,
g1_online_only,LEO_ONLY,12,0.1,600,2,284,ok,,0,1,55.138875,2008,5,10.195,0.066,10.51,10.489959,885,707,416,2008,2,2,1,5,1.76309E+12,1.76309E+12,,,,,,,,,,,,,,,
g1_online_only,LEO_ONLY,12,0.1,600,2,285,ok,,0,1,55.516166,2017,5,10.098,0.068,10.436,10.416208,889,709,419,2017,2,2,1,5,1.76309E+12,1.76309E+12,,,,,,,,,,,,,,,
g1_online_only,LEO_ONLY,12,0.1,600,2,286,ok,,0,1,53.596416,2014,5,10.144,0.057,10.152,10.124,888,708,418,2014,2,2,1,5,1.76309E+12,1.76309E+12,,,,,,,,,,,,,,,
g1_online_only,LEO_ONLY,12,0.1,600,2,287,ok,,0,1,54.094042,2010,5,10.226,0.068,10.446,10.425333,886,708,416,2010,2,2,1,5,1.76309E+12,1.76309E+12,,,,,,,,,,,,,,,
g1_online_only,LEO_ONLY,12,0.1,600,2,288,ok,,0,1,50.49774999,2018,5,9.895,0.061,10.252,10.2325,890,709,419,2018,2,2,1,5,1.76309E+12,1.76309E+12,,,,,,,,,,,,,,,
g1_online_only,LEO_ONLY,12,0.1,600,2,289,ok,,0,1,50.755958,2015,5,10.173,0.066,10.43,10.406959,888,709,418,2015,2,2,1,5,1.76309E+12,1.76309E+12,,,,,,,,,,,,,,,
g1_online_only,LEO_ONLY,12,0.1,600,2,290,ok,,0,1,53.394916,2014,5,10.108,0.061,10.532,10.51491599,887,708,419,2014,2,2,1,5,1.76309E+12,1.76309E+12,,,,,,,,,,,,,,,
g1_online_only,LEO_ONLY,12,0.1,600,2,291,ok,,0,1,51.355375,2016,5,10.044,0.065,10.436,10.417292,888,709,419,2016,2,2,1,5,1.76309E+12,1.76309E+12,,,,,,,,,,,,,,,
g1_online_only,LEO_ONLY,12,0.1,600,2,292,ok,,0,1,60.393751,2015,5,10.28,0.065,10.367,10.34775,888,708,419,2015,2,2,1,5,1.76309E+12,1.76309E+12,,,,,,,,,,,,,,,
g1_online_only,LEO_ONLY,12,0.1,600,2,293,ok,,0,1,51.778791,2012,5,9.884,0.083,10.451,10.41800001,887,708,417,2012,2,2,1,5,1.76309E+12,1.76309E+12,,,,,,,,,,,,,,,
g1_online_only,LEO_ONLY,12,0.1,600,2,294,ok,,0,1,57.638959,2014,5,10.079,0.069,10.423,10.40425,888,708,418,2014,2,2,1,5,1.76309E+12,1.76309E+12,,,,,,,,,,,,,,,
g1_online_only,LEO_ONLY,12,0.1,600,2,295,ok,,0,1,81.466625,2009,5,21.72,0.141,17.129,17.095084,885,708,416,2009,2,2,1,5,1.76309E+12,1.76309E+12,,,,,,,,,,,,,,,
g1_online_only,LEO_ONLY,12,0.1,600,2,296,ok,,0,1,54.697583,2014,5,9.722,0.077,10.285,10.260416,888,708,418,2014,2,2,1,5,1.76309E+12,1.76309E+12,,,,,,,,,,,,,,,
g1_online_only,LEO_ONLY,12,0.1,600,2,297,ok,,0,1,56.125875,2014,5,10.022,0.066,10.38,10.36525,888,708,418,2014,2,2,1,5,1.76309E+12,1.76309E+12,,,,,,,,,,,,,,,
g1_online_only,LEO_ONLY,12,0.1,600,2,298,ok,,0,1,53.052958,2015,5,10.07,0.059,10.151,10.12904099,889,708,418,2015,2,2,1,5,1.76309E+12,1.76309E+12,,,,,,,,,,,,,,,
g1_online_only,LEO_ONLY,12,0.1,600,2,299,ok,,0,1,50.515125,2017,5,10.058,0.06,10.321,10.300625,889,709,419,2017,2,2,1,5,1.76309E+12,1.76309E+12,,,,,,,,,,,,,,,
g1_online_only,LEO_ONLY,12,0.1,600,2,300,ok,,0,1,51.313667,2015,5,9.971,0.066,10.336,10.31487501,888,708,419,2015,2,2,1,5,1.76309E+12,1.76309E+12,,,,,,,,,,,,,,,
g1_online_only,LEO_ONLY,24,0,200,2,1,ok,,0,1,70.299416,2017,5,10.726,0.07,10.77,10.713542,889,709,419,2017,2,2,1,5,1.76309E+12,1.76309E+12,,,,,,,,,,,,,,,
g1_online_only,LEO_ONLY,24,0,200,2,2,ok,,0,1,74.6965,2012,5,10.532,0.077,10.535,10.503458,887,708,417,2012,2,2,1,5,1.76309E+12,1.76309E+12,,,,,,,,,,,,,,,
g1_online_only,LEO_ONLY,24,0,200,2,3,ok,,0,1,74.980709,2017,5,10.544,0.057,10.538,10.516667,889,709,419,2017,2,2,1,5,1.76309E+12,1.76309E+12,,,,,,,,,,,,,,,
g1_online_only,LEO_ONLY,24,0,200,2,4,ok,,0,1,74.18625,2011,5,10.611,0.063,10.458,10.445083,886,707,418,2011,2,2,1,5,1.76309E+12,1.76309E+12,,,,,,,,,,,,,,,
g1_online_only,LEO_ONLY,24,0,200,2,5,ok,,0,1,68.308375,2014,5,9.98,0.069,10.117,10.095875,888,708,418,2014,2,2,1,5,1.76309E+12,1.76309E+12,,,,,,,,,,,,,,,
g1_online_only,LEO_ONLY,24,0,200,2,6,ok,,0,1,70.607625,2016,5,10.315,0.06,10.712,10.686833,889,708,419,2016,2,2,1,5,1.76309E+12,1.76309E+12,,,,,,,,,,,,,,,
g1_online_only,LEO_ONLY,24,0,200,2,7,ok,,0,1,67.328041,2014,5,10.332,0.064,10.645,10.623875,888,708,418,2014,2,2,1,5,1.76309E+12,1.76309E+12,,,,,,,,,,,,,,,
g1_online_only,LEO_ONLY,24,0,200,2,8,ok,,0,1,79.153292,2010,5,10.352,0.06,10.705,10.681083,886,707,417,2010,2,2,1,5,1.76309E+12,1.76309E+12,,,,,,,,,,,,,,,
g1_online_only,LEO_ONLY,24,0,200,2,9,ok,,0,1,74.231541,2010,5,10.716,0.076,10.329,10.305709,886,707,417,2010,2,2,1,5,1.76309E+12,1.76309E+12,,,,,,,,,,,,,,,
g1_online_only,LEO_ONLY,24,0,200,2,10,ok,,0,1,77.824625,2013,5,10.778,0.064,10.709,10.68783399,887,709,417,2013,2,2,1,5,1.76309E+12,1.76309E+12,,,,,,,,,,,,,,,
g1_online_only,LEO_ONLY,24,0,200,2,11,ok,,0,1,73.823041,2014,5,10.802,0.061,10.456,10.433208,887,708,419,2014,2,2,1,5,1.76309E+12,1.76309E+12,,,,,,,,,,,,,,,
g1_online_only,LEO_ONLY,24,0,200,2,12,ok,,0,1,74.054458,2010,5,10.617,0.057,10.754,10.732042,886,707,417,2010,2,2,1,5,1.76309E+12,1.76309E+12,,,,,,,,,,,,,,,
g1_online_only,LEO_ONLY,24,0,200,2,13,ok,,0,1,76.05725,2012,5,10.486,0.07,10.563,10.540708,887,708,417,2012,2,2,1,5,1.76309E+12,1.76309E+12,,,,,,,,,,,,,,,
g1_online_only,LEO_ONLY,24,0,200,2,14,ok,,0,1,71.03275001,2012,5,10.474,0.066,10.526,10.505709,887,707,418,2012,2,2,1,5,1.76309E+12,1.76309E+12,,,,,,,,,,,,,,,
g1_online_only,LEO_ONLY,24,0,200,2,15,ok,,0,1,73.770042,2015,5,10.74,0.068,10.555,10.534875,888,708,419,2015,2,2,1,5,1.76309E+12,1.76309E+12,,,,,,,,,,,,,,,
g1_online_only,LEO_ONLY,24,0,200,2,16,ok,,0,1,77.332916,2011,5,10.55,0.064,10.565,10.54325,886,708,417,2011,2,2,1,5,1.76309E+12,1.76309E+12,,,,,,,,,,,,,,,
g1_online_only,LEO_ONLY,24,0,200,2,17,ok,,0,1,72.792459,2014,5,10.582,0.065,10.426,10.403625,887,708,419,2014,2,2,1,5,1.76309E+12,1.76309E+12,,,,,,,,,,,,,,,
g1_online_only,LEO_ONLY,24,0,200,2,18,ok,,0,1,71.735542,2012,5,10.409,0.068,10.489,10.467125,887,708,417,2012,2,2,1,5,1.76309E+12,1.76309E+12,,,,,,,,,,,,,,,
g1_online_only,LEO_ONLY,24,0,200,2,19,ok,,0,1,72.806,2017,5,10.484,0.062,10.692,10.66687499,889,709,419,2017,2,2,1,5,1.76309E+12,1.76309E+12,,,,,,,,,,,,,,,
g1_online_only,LEO_ONLY,24,0,200,2,20,ok,,0,1,78.562834,2017,5,10.679,0.071,10.681,10.653167,889,709,419,2017,2,2,1,5,1.76309E+12,1.76309E+12,,,,,,,,,,,,,,,
g1_online_only,LEO_ONLY,24,0,200,2,21,ok,,0,1,77.379166,2011,5,10.424,0.061,10.747,10.725042,886,707,418,2011,2,2,1,5,1.76309E+12,1.76309E+12,,,,,,,,,,,,,,,
g1_online_only,LEO_ONLY,24,0,200,2,22,ok,,0,1,73.235334,2011,5,10.298,0.066,10.822,10.800209,887,707,417,2011,2,2,1,5,1.76309E+12,1.76309E+12,,,,,,,,,,,,,,,
g1_online_only,LEO_ONLY,24,0,200,2,23,ok,,0,1,75.460625,2012,5,10.275,0.105,10.622,10.594125,887,708,417,2012,2,2,1,5,1.76309E+12,1.76309E+12,,,,,,,,,,,,,,,
g1_online_only,LEO_ONLY,24,0,200,2,24,ok,,0,1,73.82825,2015,5,10.462,0.06,10.628,10.607083,888,709,418,2015,2,2,1,5,1.76309E+12,1.76309E+12,,,,,,,,,,,,,,,
g1_online_only,LEO_ONLY,24,0,200,2,25,ok,,0,1,74.21233301,2012,5,10.264,0.073,10.59,10.56333401,887,708,417,2012,2,2,1,5,1.76309E+12,1.76309E+12,,,,,,,,,,,,,,,
g1_online_only,LEO_ONLY,24,0,200,2,26,ok,,0,1,74.046041,2012,5,10.429,0.068,10.377,10.356541,887,708,417,2012,2,2,1,5,1.76309E+12,1.76309E+12,,,,,,,,,,,,,,,
g1_online_only,LEO_ONLY,24,0,200,2,27,ok,,0,1,76.224125,2014,5,10.405,0.069,10.611,10.585125,888,708,418,2014,2,2,1,5,1.76309E+12,1.76309E+12,,,,,,,,,,,,,,,
g1_online_only,LEO_ONLY,24,0,200,2,28,ok,,0,1,74.52075,2015,5,10.541,0.068,10.463,10.44237499,888,709,418,2015,2,2,1,5,1.76309E+12,1.76309E+12,,,,,,,,,,,,,,,
g1_online_only,LEO_ONLY,24,0,200,2,29,ok,,0,1,71.017,2014,5,10.522,0.068,10.533,10.51025,888,708,418,2014,2,2,1,5,1.76309E+12,1.76309E+12,,,,,,,,,,,,,,,
g1_online_only,LEO_ONLY,24,0,200,2,30,ok,,0,1,69.171125,2014,5,10.276,0.071,10.392,10.370417,888,708,418,2014,2,2,1,5,1.76309E+12,1.76309E+12,,,,,,,,,,,,,,,
g1_online_only,LEO_ONLY,24,0,200,2,31,ok,,0,1,76.088375,2012,5,10.374,0.065,10.564,10.537792,887,707,418,2012,2,2,1,5,1.76309E+12,1.76309E+12,,,,,,,,,,,,,,,
g1_online_only,LEO_ONLY,24,0,200,2,32,ok,,0,1,71.686458,2010,5,10.5,0.057,10.773,10.750791,886,707,417,2010,2,2,1,5,1.76309E+12,1.76309E+12,,,,,,,,,,,,,,,
g1_online_only,LEO_ONLY,24,0,200,2,33,ok,,0,1,69.676833,2011,5,10.292,0.069,10.52,10.501166,887,707,417,2011,2,2,1,5,1.76309E+12,1.76309E+12,,,,,,,,,,,,,,,
g1_online_only,LEO_ONLY,24,0,200,2,34,ok,,0,1,71.46270799,2013,5,10.519,0.066,10.687,10.667208,887,708,418,2013,2,2,1,5,1.76309E+12,1.76309E+12,,,,,,,,,,,,,,,
g1_online_only,LEO_ONLY,24,0,200,2,35,ok,,0,1,72.814041,2015,5,10.666,0.107,10.481,10.423167,888,708,419,2015,2,2,1,5,1.76309E+12,1.76309E+12,,,,,,,,,,,,,,,
g1_online_only,LEO_ONLY,24,0,200,2,36,ok,,0,1,73.723708,2015,5,10.411,0.062,10.534,10.510333,888,709,418,2015,2,2,1,5,1.76309E+12,1.76309E+12,,,,,,,,,,,,,,,
g1_online_only,LEO_ONLY,24,0,200,2,37,ok,,0,1,73.639125,2010,5,10.547,0.062,10.706,10.687291,886,708,416,2010,2,2,1,5,1.76309E+12,1.76309E+12,,,,,,,,,,,,,,,
g1_online_only,LEO_ONLY,24,0,200,2,38,ok,,0,1,74.643959,2013,5,10.25,0.076,10.598,10.575791,887,708,418,2013,2,2,1,5,1.76309E+12,1.76309E+12,,,,,,,,,,,,,,,
g1_online_only,LEO_ONLY,24,0,200,2,39,ok,,0,1,69.047416,2015,5,10.659,0.078,10.328,10.3055,888,708,419,2015,2,2,1,5,1.76309E+12,1.76309E+12,,,,,,,,,,,,,,,
g1_online_only,LEO_ONLY,24,0,200,2,40,ok,,0,1,79.511333,2015,5,10.745,0.076,10.884,10.863,888,709,418,2015,2,2,1,5,1.76309E+12,1.76309E+12,,,,,,,,,,,,,,,
g1_online_only,LEO_ONLY,24,0,200,2,41,ok,,0,1,80.157,2017,5,10.624,0.07,10.723,10.701625,889,709,419,2017,2,2,1,5,1.76309E+12,1.76309E+12,,,,,,,,,,,,,,,
g1_online_only,LEO_ONLY,24,0,200,2,42,ok,,0,1,74.36575,2014,5,10.466,0.066,10.586,10.566166,887,709,418,2014,2,2,1,5,1.76309E+12,1.76309E+12,,,,,,,,,,,,,,,
g1_online_only,LEO_ONLY,24,0,200,2,43,ok,,0,1,78.56425,2017,5,10.685,0.073,10.932,10.904125,889,709,419,2017,2,2,1,5,1.76309E+12,1.76309E+12,,,,,,,,,,,,,,,
g1_online_only,LEO_ONLY,24,0,200,2,44,ok,,0,1,70.16425,2012,5,10.329,0.067,10.754,10.732208,886,709,417,2012,2,2,1,5,1.76309E+12,1.76309E+12,,,,,,,,,,,,,,,
g1_online_only,LEO_ONLY,24,0,200,2,45,ok,,0,1,72.5415,2017,5,11.006,0.137,11.064,11.059292,889,709,419,2017,2,2,1,5,1.76309E+12,1.76309E+12,,,,,,,,,,,,,,,
g1_online_only,LEO_ONLY,24,0,200,2,46,ok,,0,1,75.39225,2013,5,10.613,0.067,10.576,10.553583,887,708,418,2013,2,2,1,5,1.76309E+12,1.76309E+12,,,,,,,,,,,,,,,
g1_online_only,LEO_ONLY,24,0,200,2,47,ok,,0,1,75.90062499,2015,5,10.414,0.069,10.404,10.380209,888,709,418,2015,2,2,1,5,1.76309E+12,1.76309E+12,,,,,,,,,,,,,,,
g1_online_only,LEO_ONLY,24,0,200,2,48,ok,,0,1,75.174667,2010,5,10.39,0.102,10.581,10.573667,886,707,417,2010,2,2,1,5,1.76309E+12,1.76309E+12,,,,,,,,,,,,,,,
g1_online_only,LEO_ONLY,24,0,200,2,49,ok,,0,1,69.35175,2012,5,10.042,0.064,10.425,10.40454199,887,707,418,2012,2,2,1,5,1.76309E+12,1.76309E+12,,,,,,,,,,,,,,,
g1_online_only,LEO_ONLY,24,0,200,2,50,ok,,0,1,75.665875,2015,5,10.556,0.069,10.409,10.387375,888,709,418,2015,2,2,1,5,1.76309E+12,1.76309E+12,,,,,,,,,,,,,,,
g1_online_only,LEO_ONLY,24,0,200,2,51,ok,,0,1,74.789542,2013,5,10.553,0.078,10.648,10.87125,887,708,418,2013,2,2,1,5,1.76309E+12,1.76309E+12,,,,,,,,,,,,,,,
g1_online_only,LEO_ONLY,24,0,200,2,52,ok,,0,1,79.560958,2015,5,10.392,0.061,10.52,10.497583,888,708,419,2015,2,2,1,5,1.76309E+12,1.76309E+12,,,,,,,,,,,,,,,
g1_online_only,LEO_ONLY,24,0,200,2,53,ok,,0,1,74.725251,2015,5,10.503,0.068,10.581,10.559542,888,709,418,2015,2,2,1,5,1.76309E+12,1.76309E+12,,,,,,,,,,,,,,,
g1_online_only,LEO_ONLY,24,0,200,2,54,ok,,0,1,74.659,2015,5,10.653,0.058,10.446,10.425,888,708,419,2015,2,2,1,5,1.76309E+12,1.76309E+12,,,,,,,,,,,,,,,
g1_online_only,LEO_ONLY,24,0,200,2,55,ok,,0,1,69.83325,2013,5,10.604,0.06,10.218,10.19725,887,708,418,2013,2,2,1,5,1.76309E+12,1.76309E+12,,,,,,,,,,,,,,,
g1_online_only,LEO_ONLY,24,0,200,2,56,ok,,0,1,75.17375,2012,5,10.394,0.069,10.471,10.450208,887,708,417,2012,2,2,1,5,1.76309E+12,1.76309E+12,,,,,,,,,,,,,,,
g1_online_only,LEO_ONLY,24,0,200,2,57,ok,,0,1,75.976834,2017,5,10.576,0.067,10.818,10.797667,889,709,419,2017,2,2,1,5,1.76309E+12,1.76309E+12,,,,,,,,,,,,,,,
g1_online_only,LEO_ONLY,24,0,200,2,58,ok,,0,1,76.693708,2015,5,10.438,0.057,10.61,10.587459,888,708,419,2015,2,2,1,5,1.76309E+12,1.76309E+12,,,,,,,,,,,,,,,
g1_online_only,LEO_ONLY,24,0,200,2,59,ok,,0,1,77.760916,2017,5,10.57,0.066,10.624,10.599708,889,709,419,2017,2,2,1,5,1.76309E+12,1.76309E+12,,,,,,,,,,,,,,,
g1_online_only,LEO_ONLY,24,0,200,2,60,ok,,0,1,77.067,2017,5,10.607,0.069,10.843,10.82308401,889,709,419,2017,2,2,1,5,1.76309E+12,1.76309E+12,,,,,,,,,,,,,,,
g1_online_only,LEO_ONLY,24,0,200,2,61,ok,,0,1,72.41425,2011,5,10.292,0.064,10.333,10.312542,886,707,418,2011,2,2,1,5,1.76309E+12,1.76309E+12,,,,,,,,,,,,,,,
g1_online_only,LEO_ONLY,24,0,200,2,62,ok,,0,1,75.022375,2015,5,10.458,0.068,10.475,10.453917,888,708,419,2015,2,2,1,5,1.76309E+12,1.76309E+12,,,,,,,,,,,,,,,
g1_online_only,LEO_ONLY,24,0,200,2,63,ok,,0,1,78.69375,2017,5,10.62,0.057,10.875,10.854542,889,709,419,2017,2,2,1,5,1.76309E+12,1.76309E+12,,,,,,,,,,,,,,,
g1_online_only,LEO_ONLY,24,0,200,2,64,ok,,0,1,67.795958,2015,5,10.297,0.075,10.59,10.564125,888,709,418,2015,2,2,1,5,1.76309E+12,1.76309E+12,,,,,,,,,,,,,,,
g1_online_only,LEO_ONLY,24,0,200,2,65,ok,,0,1,73.535875,2015,5,10.539,0.072,10.501,10.47816699,888,708,419,2015,2,2,1,5,1.76309E+12,1.76309E+12,,,,,,,,,,,,,,,
g1_online_only,LEO_ONLY,24,0,200,2,66,ok,,0,1,75.24033399,1991,5,10.664,0.071,10.75,10.726416,876,709,406,1991,2,2,1,5,1.76309E+12,1.76309E+12,,,,,,,,,,,,,,,
g1_online_only,LEO_ONLY,24,0,200,2,67,ok,,0,1,69.602416,2015,5,10.477,0.058,10.464,10.44479199,888,708,419,2015,2,2,1,5,1.76309E+12,1.76309E+12,,,,,,,,,,,,,,,
g1_online_only,LEO_ONLY,24,0,200,2,68,ok,,0,1,74.604458,2017,5,10.366,0.057,10.718,10.695209,889,709,419,2017,2,2,1,5,1.76309E+12,1.76309E+12,,,,,,,,,,,,,,,
g1_online_only,LEO_ONLY,24,0,200,2,69,ok,,0,1,72.789834,2015,5,10.468,0.061,10.501,10.47875,888,708,419,2015,2,2,1,5,1.76309E+12,1.76309E+12,,,,,,,,,,,,,,,
g1_online_only,LEO_ONLY,24,0,200,2,70,ok,,0,1,74.818792,2017,5,10.732,0.062,10.528,10.504167,889,709,419,2017,2,2,1,5,1.76309E+12,1.76309E+12,,,,,,,,,,,,,,,
g1_online_only,LEO_ONLY,24,0,200,2,71,ok,,0,1,83.948042,2015,5,10.802,0.068,10.54,10.519041,888,708,419,2015,2,2,1,5,1.76309E+12,1.76309E+12,,,,,,,,,,,,,,,
g1_online_only,LEO_ONLY,24,0,200,2,72,ok,,0,1,79.420875,2015,5,10.682,0.069,10.445,10.41949999,888,708,419,2015,2,2,1,5,1.76309E+12,1.76309E+12,,,,,,,,,,,,,,,
g1_online_only,LEO_ONLY,24,0,200,2,73,ok,,0,1,69.4125,2014,5,10.223,0.074,10.64,10.616459,888,708,418,2014,2,2,1,5,1.76309E+12,1.76309E+12,,,,,,,,,,,,,,,
g1_online_only,LEO_ONLY,24,0,200,2,74,ok,,0,1,74.802291,2013,5,10.989,0.067,10.509,10.487417,887,708,418,2013,2,2,1,5,1.76309E+12,1.76309E+12,,,,,,,,,,,,,,,
g1_online_only,LEO_ONLY,24,0,200,2,75,ok,,0,1,76.216,2010,5,10.478,0.066,10.556,10.53554101,886,707,417,2010,2,2,1,5,1.76309E+12,1.76309E+12,,,,,,,,,,,,,,,
g1_online_only,LEO_ONLY,24,0,200,2,76,ok,,0,1,72.850458,2016,5,10.382,0.064,10.707,10.687042,888,709,419,2016,2,2,1,5,1.76309E+12,1.76309E+12,,,,,,,,,,,,,,,
g1_online_only,LEO_ONLY,24,0,200,2,77,ok,,0,1,73.398458,2015,5,10.386,0.068,10.771,10.749417,888,709,418,2015,2,2,1,5,1.76309E+12,1.76309E+12,,,,,,,,,,,,,,,
g1_online_only,LEO_ONLY,24,0,200,2,78,ok,,0,1,71.614375,2010,5,10.347,0.068,10.336,10.316792,886,707,417,2010,2,2,1,5,1.76309E+12,1.76309E+12,,,,,,,,,,,,,,,
g1_online_only,LEO_ONLY,24,0,200,2,79,ok,,0,1,73.4115,2015,5,10.492,0.065,10.401,10.37825,888,709,418,2015,2,2,1,5,1.76309E+12,1.76309E+12,,,,,,,,,,,,,,,
g1_online_only,LEO_ONLY,24,0,200,2,80,ok,,0,1,73.927875,2011,5,10.502,0.059,10.582,10.55704201,886,707,418,2011,2,2,1,5,1.76309E+12,1.76309E+12,,,,,,,,,,,,,,,
g1_online_only,LEO_ONLY,24,0,200,2,81,ok,,0,1,70.721041,2015,5,10.675,0.069,10.436,10.414709,888,708,419,2015,2,2,1,5,1.76309E+12,1.76309E+12,,,,,,,,,,,,,,,
g1_online_only,LEO_ONLY,24,0,200,2,82,ok,,0,1,80.314334,2012,5,10.524,0.077,10.715,10.692542,887,707,418,2012,2,2,1,5,1.76309E+12,1.76309E+12,,,,,,,,,,,,,,,
g1_online_only,LEO_ONLY,24,0,200,2,83,ok,,0,1,80.05925,2015,5,10.733,0.069,10.781,10.755584,888,708,419,2015,2,2,1,5,1.76309E+12,1.76309E+12,,,,,,,,,,,,,,,
g1_online_only,LEO_ONLY,24,0,200,2,84,ok,,0,1,68.110751,2008,5,10.318,0.073,10.509,10.479917,885,707,416,2008,2,2,1,5,1.76309E+12,1.76309E+12,,,,,,,,,,,,,,,
g1_online_only,LEO_ONLY,24,0,200,2,85,ok,,0,1,72.541167,2013,5,10.439,0.06,10.374,10.359416,888,707,418,2013,2,2,1,5,1.76309E+12,1.76309E+12,,,,,,,,,,,,,,,
g1_online_only,LEO_ONLY,24,0,200,2,86,ok,,0,1,77.42675,2014,5,10.451,0.067,10.767,10.745,887,709,418,2014,2,2,1,5,1.76309E+12,1.76309E+12,,,,,,,,,,,,,,,
g1_online_only,LEO_ONLY,24,0,200,2,87,ok,,0,1,75.837292,2017,5,10.404,0.067,10.666,10.644625,889,709,419,2017,2,2,1,5,1.76309E+12,1.76309E+12,,,,,,,,,,,,,,,
g1_online_only,LEO_ONLY,24,0,200,2,88,ok,,0,1,74.655625,2014,5,10.468,0.066,10.521,10.501,887,709,418,2014,2,2,1,5,1.76309E+12,1.76309E+12,,,,,,,,,,,,,,,
g1_online_only,LEO_ONLY,24,0,200,2,89,ok,,0,1,78.123583,2014,5,10.535,0.057,10.489,10.468166,888,708,418,2014,2,2,1,5,1.76309E+12,1.76309E+12,,,,,,,,,,,,,,,
g1_online_only,LEO_ONLY,24,0,200,2,90,ok,,0,1,72.847709,2015,5,10.619,0.067,10.71,10.69025,888,708,419,2015,2,2,1,5,1.76309E+12,1.76309E+12,,,,,,,,,,,,,,,
g1_online_only,LEO_ONLY,24,0,200,2,91,ok,,0,1,70.186083,2014,5,10.356,0.067,10.708,10.680375,887,708,419,2014,2,2,1,5,1.76309E+12,1.76309E+12,,,,,,,,,,,,,,,
g1_online_only,LEO_ONLY,24,0,200,2,92,ok,,0,1,82.513666,2013,5,10.742,0.071,10.895,10.868667,887,708,418,2013,2,2,1,5,1.76309E+12,1.76309E+12,,,,,,,,,,,,,,,
g1_online_only,LEO_ONLY,24,0,200,2,93,ok,,0,1,76.478542,2015,5,10.728,0.07,10.719,10.699375,887,709,419,2015,2,2,1,5,1.76309E+12,1.76309E+12,,,,,,,,,,,,,,,
g1_online_only,LEO_ONLY,24,0,200,2,94,ok,,0,1,73.377291,2009,5,10.323,0.065,10.459,10.438917,885,707,417,2009,2,2,1,5,1.76309E+12,1.76309E+12,,,,,,,,,,,,,,,
g1_online_only,LEO_ONLY,24,0,200,2,95,ok,,0,1,74.362708,2009,5,10.246,0.067,10.302,10.280166,885,708,416,2009,2,2,1,5,1.76309E+12,1.76309E+12,,,,,,,,,,,,,,,
g1_online_only,LEO_ONLY,24,0,200,2,96,ok,,0,1,76.949,2014,5,10.116,0.072,10.822,10.799292,888,708,418,2014,2,2,1,5,1.76309E+12,1.76309E+12,,,,,,,,,,,,,,,
g1_online_only,LEO_ONLY,24,0,200,2,97,ok,,0,1,72.013584,2017,5,10.326,0.066,10.607,10.583875,889,709,419,2017,2,2,1,5,1.76309E+12,1.76309E+12,,,,,,,,,,,,,,,
g1_online_only,LEO_ONLY,24,0,200,2,98,ok,,0,1,70.00516701,2017,5,10.214,0.071,10.38,10.358417,889,709,419,2017,2,2,1,5,1.76309E+12,1.76309E+12,,,,,,,,,,,,,,,
g1_online_only,LEO_ONLY,24,0,200,2,99,ok,,0,1,71.660583,2016,5,10.248,0.069,10.481,10.457,888,709,419,2016,2,2,1,5,1.76309E+12,1.76309E+12,,,,,,,,,,,,,,,
g1_online_only,LEO_ONLY,24,0,200,2,100,ok,,0,1,76.687625,2011,5,10.515,0.069,10.495,10.474958,886,707,418,2011,2,2,1,5,1.76309E+12,1.76309E+12,,,,,,,,,,,,,,,
g1_online_only,LEO_ONLY,24,0,200,2,101,ok,,0,1,69.021417,2016,5,10.546,0.066,10.194,10.174708,888,709,419,2016,2,2,1,5,1.76309E+12,1.76309E+12,,,,,,,,,,,,,,,
g1_online_only,LEO_ONLY,24,0,200,2,102,ok,,0,1,74.405917,2014,5,10.163,0.068,10.661,10.640042,888,708,418,2014,2,2,1,5,1.76309E+12,1.76309E+12,,,,,,,,,,,,,,,
g1_online_only,LEO_ONLY,24,0,200,2,103,ok,,0,1,69.87708301,2014,5,10.096,0.06,10.439,10.41675,888,708,418,2014,2,2,1,5,1.76309E+12,1.76309E+12,,,,,,,,,,,,,,,
g1_online_only,LEO_ONLY,24,0,200,2,104,ok,,0,1,78.29108299,2010,5,10.558,0.098,10.933,10.924125,886,707,417,2010,2,2,1,5,1.76309E+12,1.76309E+12,,,,,,,,,,,,,,,
g1_online_only,LEO_ONLY,24,0,200,2,105,ok,,0,1,78.739959,2012,5,10.531,0.068,10.513,10.492792,887,708,417,2012,2,2,1,5,1.76309E+12,1.76309E+12,,,,,,,,,,,,,,,
g1_online_only,LEO_ONLY,24,0,200,2,106,ok,,0,1,76.876041,2013,5,10.323,0.06,10.809,10.788875,888,707,418,2013,2,2,1,5,1.76309E+12,1.76309E+12,,,,,,,,,,,,,,,
g1_online_only,LEO_ONLY,24,0,200,2,107,ok,,0,1,71.3785,2013,5,10.536,0.095,10.868,10.867375,887,708,418,2013,2,2,1,5,1.76309E+12,1.76309E+12,,,,,,,,,,,,,,,
g1_online_only,LEO_ONLY,24,0,200,2,108,ok,,0,1,75.679459,2014,5,10.638,0.066,10.407,10.385833,888,708,418,2014,2,2,1,5,1.76309E+12,1.76309E+12,,,,,,,,,,,,,,,
g1_online_only,LEO_ONLY,24,0,200,2,109,ok,,0,1,76.247875,2014,5,10.732,0.07,10.681,10.65725,888,708,418,2014,2,2,1,5,1.76309E+12,1.76309E+12,,,,,,,,,,,,,,,
g1_online_only,LEO_ONLY,24,0,200,2,110,ok,,0,1,76.847833,2014,5,10.773,0.065,10.553,10.532708,888,708,418,2014,2,2,1,5,1.76309E+12,1.76309E+12,,,,,,,,,,,,,,,
g1_online_only,LEO_ONLY,24,0,200,2,111,ok,,0,1,66.776083,2012,5,10.183,0.06,10.484,10.463,887,708,417,2012,2,2,1,5,1.76309E+12,1.76309E+12,,,,,,,,,,,,,,,
g1_online_only,LEO_ONLY,24,0,200,2,112,ok,,0,1,69.43700001,2017,5,10.188,0.062,10.318,10.297458,889,709,419,2017,2,2,1,5,1.76309E+12,1.76309E+12,,,,,,,,,,,,,,,
g1_online_only,LEO_ONLY,24,0,200,2,113,ok,,0,1,74.868709,2012,5,10.555,0.066,10.429,10.409625,887,708,417,2012,2,2,1,5,1.76309E+12,1.76309E+12,,,,,,,,,,,,,,,
g1_online_only,LEO_ONLY,24,0,200,2,114,ok,,0,1,70.581792,2017,5,10.579,0.06,10.483,10.463791,889,709,419,2017,2,2,1,5,1.76309E+12,1.76309E+12,,,,,,,,,,,,,,,
g1_online_only,LEO_ONLY,24,0,200,2,115,ok,,0,1,73.426459,2016,5,10.468,0.065,10.543,10.520875,888,709,419,2016,2,2,1,5,1.76309E+12,1.76309E+12,,,,,,,,,,,,,,,
g1_online_only,LEO_ONLY,24,0,200,2,116,ok,,0,1,75.955542,2015,5,10.376,0.057,10.68,10.657584,889,708,418,2015,2,2,1,5,1.76309E+12,1.76309E+12,,,,,,,,,,,,,,,
g1_online_only,LEO_ONLY,24,0,200,2,117,ok,,0,1,74.370416,2012,5,10.604,0.071,10.762,10.736167,887,707,418,2012,2,2,1,5,1.76309E+12,1.76309E+12,,,,,,,,,,,,,,,
g1_online_only,LEO_ONLY,24,0,200,2,118,ok,,0,1,73.841375,2011,5,10.497,0.058,10.698,10.676375,887,708,416,2011,2,2,1,5,1.76309E+12,1.76309E+12,,,,,,,,,,,,,,,
g1_online_only,LEO_ONLY,24,0,200,2,119,ok,,0,1,76.901292,2015,5,10.747,0.059,10.327,10.307208,888,708,419,2015,2,2,1,5,1.76309E+12,1.76309E+12,,,,,,,,,,,,,,,
g1_online_only,LEO_ONLY,24,0,200,2,120,ok,,0,1,72.50749999,2007,5,10.538,0.07,10.383,10.3585,884,707,416,2007,2,2,1,5,1.76309E+12,1.76309E+12,,,,,,,,,,,,,,,
g1_online_only,LEO_ONLY,24,0,200,2,121,ok,,0,1,76.36404099,2013,5,10.536,0.07,10.777,10.757042,886,708,419,2013,2,2,1,5,1.76309E+12,1.76309E+12,,,,,,,,,,,,,,,
g1_online_only,LEO_ONLY,24,0,200,2,122,ok,,0,1,80.720375,2013,5,10.329,0.092,10.807,10.81075,887,708,418,2013,2,2,1,5,1.76309E+12,1.76309E+12,,,,,,,,,,,,,,,
g1_online_only,LEO_ONLY,24,0,200,2,123,ok,,0,1,71.739458,2014,5,10.42,0.069,10.545,10.523041,888,708,418,2014,2,2,1,5,1.76309E+12,1.76309E+12,,,,,,,,,,,,,,,
g1_online_only,LEO_ONLY,24,0,200,2,124,ok,,0,1,67.369125,2014,5,10.2,0.068,10.389,10.368792,888,708,418,2014,2,2,1,5,1.76309E+12,1.76309E+12,,,,,,,,,,,,,,,
g1_online_only,LEO_ONLY,24,0,200,2,125,ok,,0,1,76.435042,2015,5,10.444,0.076,10.764,10.758583,888,708,419,2015,2,2,1,5,1.76309E+12,1.76309E+12,,,,,,,,,,,,,,,
g1_online_only,LEO_ONLY,24,0,200,2,126,ok,,0,1,72.222666,2010,5,10.441,0.075,10.469,10.447959,886,707,417,2010,2,2,1,5,1.76309E+12,1.76309E+12,,,,,,,,,,,,,,,
g1_online_only,LEO_ONLY,24,0,200,2,127,ok,,0,1,74.0615,2013,5,10.322,0.07,10.655,10.63941701,886,709,418,2013,2,2,1,5,1.76309E+12,1.76309E+12,,,,,,,,,,,,,,,
g1_online_only,LEO_ONLY,24,0,200,2,128,ok,,0,1,72.21825,2013,5,10.262,0.072,10.599,10.575333,887,709,417,2013,2,2,1,5,1.76309E+12,1.76309E+12,,,,,,,,,,,,,,,
g1_online_only,LEO_ONLY,24,0,200,2,129,ok,,0,1,73.212208,2017,5,10.55,0.103,10.647,10.623708,889,709,419,2017,2,2,1,5,1.76309E+12,1.76309E+12,,,,,,,,,,,,,,,
g1_online_only,LEO_ONLY,24,0,200,2,130,ok,,0,1,71.811292,2009,5,10.972,0.138,10.741,10.696417,885,706,418,2009,2,2,1,5,1.76309E+12,1.76309E+12,,,,,,,,,,,,,,,
g1_online_only,LEO_ONLY,24,0,200,2,131,ok,,0,1,73.527291,2013,5,10.356,0.063,10.565,10.541375,887,708,418,2013,2,2,1,5,1.76309E+12,1.76309E+12,,,,,,,,,,,,,,,
g1_online_only,LEO_ONLY,24,0,200,2,132,ok,,0,1,74.109833,2015,5,10.503,0.067,10.525,10.503708,888,708,419,2015,2,2,1,5,1.76309E+12,1.76309E+12,,,,,,,,,,,,,,,
g1_online_only,LEO_ONLY,24,0,200,2,133,ok,,0,1,73.097875,2017,5,10.567,0.082,10.601,10.577291,889,709,419,2017,2,2,1,5,1.76309E+12,1.76309E+12,,,,,,,,,,,,,,,
g1_online_only,LEO_ONLY,24,0,200,2,134,ok,,0,1,72.922458,2017,5,10.858,0.149,11.171,11.135,889,709,419,2017,2,2,1,5,1.76309E+12,1.76309E+12,,,,,,,,,,,,,,,
g1_online_only,LEO_ONLY,24,0,200,2,135,ok,,0,1,76.72624999,2017,5,11.021,0.207,11.186,11.09925,889,709,419,2017,2,2,1,5,1.76309E+12,1.76309E+12,,,,,,,,,,,,,,,
g1_online_only,LEO_ONLY,24,0,200,2,136,ok,,0,1,73.692167,2014,5,11.45,0.117,10.853,10.774333,888,708,418,2014,2,2,1,5,1.76309E+12,1.76309E+12,,,,,,,,,,,,,,,
g1_online_only,LEO_ONLY,24,0,200,2,137,ok,,0,1,128.421292,2010,5,10.765,0.199,17.885,17.644833,886,707,417,2010,2,2,1,5,1.76309E+12,1.76309E+12,,,,,,,,,,,,,,,
g1_online_only,LEO_ONLY,24,0,200,2,138,ok,,0,1,73.39475,2009,5,11,0.122,10.62,10.577792,885,707,417,2009,2,2,1,5,1.76309E+12,1.76309E+12,,,,,,,,,,,,,,,
g1_online_only,LEO_ONLY,24,0,200,2,139,ok,,0,1,74.43879201,2014,5,10.849,0.162,10.678,10.626833,888,708,418,2014,2,2,1,5,1.76309E+12,1.76309E+12,,,,,,,,,,,,,,,
g1_online_only,LEO_ONLY,24,0,200,2,140,ok,,0,1,75.389875,2009,5,10.793,0.171,11.213,11.179375,885,707,417,2009,2,2,1,5,1.76309E+12,1.76309E+12,,,,,,,,,,,,,,,
g1_online_only,LEO_ONLY,24,0,200,2,141,ok,,0,1,74.5615,2009,5,10.64,0.148,10.449,10.421375,885,706,418,2009,2,2,1,5,1.76309E+12,1.76309E+12,,,,,,,,,,,,,,,
g1_online_only,LEO_ONLY,24,0,200,2,142,ok,,0,1,70.198125,2011,5,10.687,0.102,10.667,10.66112499,886,708,417,2011,2,2,1,5,1.76309E+12,1.76309E+12,,,,,,,,,,,,,,,
g1_online_only,LEO_ONLY,24,0,200,2,143,ok,,0,1,76.560958,2017,5,10.455,0.113,10.691,10.68425,889,709,419,2017,2,2,1,5,1.76309E+12,1.76309E+12,,,,,,,,,,,,,,,
g1_online_only,LEO_ONLY,24,0,200,2,144,ok,,0,1,77.372083,2017,5,10.651,0.103,10.796,10.78400001,889,709,419,2017,2,2,1,5,1.76309E+12,1.76309E+12,,,,,,,,,,,,,,,
g1_online_only,LEO_ONLY,24,0,200,2,145,ok,,0,1,73.737,2017,5,10.664,0.078,10.286,10.263917,889,709,419,2017,2,2,1,5,1.76309E+12,1.76309E+12,,,,,,,,,,,,,,,
g1_online_only,LEO_ONLY,24,0,200,2,146,ok,,0,1,74.914792,2013,5,10.809,0.152,10.909,10.869792,887,708,418,2013,2,2,1,5,1.76309E+12,1.76309E+12,,,,,,,,,,,,,,,
g1_online_only,LEO_ONLY,24,0,200,2,147,ok,,0,1,79.032375,2014,5,10.804,0.138,10.78,10.763709,888,708,418,2014,2,2,1,5,1.76309E+12,1.76309E+12,,,,,,,,,,,,,,,
g1_online_only,LEO_ONLY,24,0,200,2,148,ok,,0,1,74.817417,2017,5,10.582,0.143,10.769,10.748791,889,709,419,2017,2,2,1,5,1.76309E+12,1.76309E+12,,,,,,,,,,,,,,,
g1_online_only,LEO_ONLY,24,0,200,2,149,ok,,0,1,67.573209,2012,5,10.506,0.158,10.858,10.843292,886,708,418,2012,2,2,1,5,1.76309E+12,1.76309E+12,,,,,,,,,,,,,,,
g1_online_only,LEO_ONLY,24,0,200,2,150,ok,,0,1,74.943875,2011,5,10.436,0.143,10.73,10.701625,887,707,417,2011,2,2,1,5,1.76309E+12,1.76309E+12,,,,,,,,,,,,,,,
g1_online_only,LEO_ONLY,24,0,200,2,151,ok,,0,1,74.020083,2017,5,10.931,0.134,10.659,10.65783299,889,709,419,2017,2,2,1,5,1.76309E+12,1.76309E+12,,,,,,,,,,,,,,,
g1_online_only,LEO_ONLY,24,0,200,2,152,ok,,0,1,72.125208,2017,5,10.545,0.111,12.046,12.065458,889,709,419,2017,2,2,1,5,1.76309E+12,1.76309E+12,,,,,,,,,,,,,,,
g1_online_only,LEO_ONLY,24,0,200,2,153,ok,,0,1,76.633125,2009,5,10.484,0.146,10.724,10.714583,885,707,417,2009,2,2,1,5,1.76309E+12,1.76309E+12,,,,,,,,,,,,,,,
g1_online_only,LEO_ONLY,24,0,200,2,154,ok,,0,1,75.817917,2012,5,10.317,0.136,10.719,10.702667,887,708,417,2012,2,2,1,5,1.76309E+12,1.76309E+12,,,,,,,,,,,,,,,
g1_online_only,LEO_ONLY,24,0,200,2,155,ok,,0,1,80.690167,2012,5,10.49,0.147,10.886,10.875583,887,707,418,2012,2,2,1,5,1.76309E+12,1.76309E+12,,,,,,,,,,,,,,,
g1_online_only,LEO_ONLY,24,0,200,2,156,ok,,0,1,74.750541,2015,5,10.531,0.147,10.611,10.596125,888,708,419,2015,2,2,1,5,1.76309E+12,1.76309E+12,,,,,,,,,,,,,,,
g1_online_only,LEO_ONLY,24,0,200,2,157,ok,,0,1,76.671583,2010,5,10.641,0.144,10.638,10.622292,885,708,417,2010,2,2,1,5,1.76309E+12,1.76309E+12,,,,,,,,,,,,,,,
g1_online_only,LEO_ONLY,24,0,200,2,158,ok,,0,1,69.87499999,2012,5,10.569,0.119,10.634,10.587583,887,707,418,2012,2,2,1,5,1.76309E+12,1.76309E+12,,,,,,,,,,,,,,,
g1_online_only,LEO_ONLY,24,0,200,2,159,ok,,0,1,77.4065,2012,5,10.74,0.141,10.871,10.853833,887,707,418,2012,2,2,1,5,1.76309E+12,1.76309E+12,,,,,,,,,,,,,,,
g1_online_only,LEO_ONLY,24,0,200,2,160,ok,,0,1,70.726875,2011,5,10.484,0.111,10.546,10.528583,886,707,418,2011,2,2,1,5,1.76309E+12,1.76309E+12,,,,,,,,,,,,,,,
g1_online_only,LEO_ONLY,24,0,200,2,161,ok,,0,1,77.818833,2016,5,10.95,0.16,10.614,10.591084,888,709,419,2016,2,2,1,5,1.76309E+12,1.76309E+12,,,,,,,,,,,,,,,
g1_online_only,LEO_ONLY,24,0,200,2,162,ok,,0,1,74.547083,2015,5,10.898,0.206,12.206,12.190916,888,709,418,2015,2,2,1,5,1.76309E+12,1.76309E+12,,,,,,,,,,,,,,,
g1_online_only,LEO_ONLY,24,0,200,2,163,ok,,0,1,76.646458,2015,5,10.778,0.139,10.737,10.71125,888,709,418,2015,2,2,1,5,1.76309E+12,1.76309E+12,,,,,,,,,,,,,,,
g1_online_only,LEO_ONLY,24,0,200,2,164,ok,,0,1,71.303958,2010,5,10.486,0.154,10.834,10.813125,886,707,417,2010,2,2,1,5,1.76309E+12,1.76309E+12,,,,,,,,,,,,,,,
g1_online_only,LEO_ONLY,24,0,200,2,165,ok,,0,1,80.019376,2015,5,10.711,0.07,10.684,10.662167,887,709,419,2015,2,2,1,5,1.76309E+12,1.76309E+12,,,,,,,,,,,,,,,
g1_online_only,LEO_ONLY,24,0,200,2,166,ok,,0,1,76.934208,2013,5,10.522,0.067,10.833,10.811,887,708,418,2013,2,2,1,5,1.76309E+12,1.76309E+12,,,,,,,,,,,,,,,
g1_online_only,LEO_ONLY,24,0,200,2,167,ok,,0,1,73.944584,2014,5,10.743,0.067,10.759,10.737792,888,708,418,2014,2,2,1,5,1.76309E+12,1.76309E+12,,,,,,,,,,,,,,,
g1_online_only,LEO_ONLY,24,0,200,2,168,ok,,0,1,73.66041699,2017,5,12.341,0.072,10.621,10.598834,889,709,419,2017,2,2,1,5,1.76309E+12,1.76309E+12,,,,,,,,,,,,,,,
g1_online_only,LEO_ONLY,24,0,200,2,169,ok,,0,1,73.997167,2015,5,10.495,0.081,11.01,11.00424999,888,708,419,2015,2,2,1,5,1.76309E+12,1.76309E+12,,,,,,,,,,,,,,,
g1_online_only,LEO_ONLY,24,0,200,2,170,ok,,0,1,69.358583,2015,5,10.604,0.067,10.64,10.624875,888,708,419,2015,2,2,1,5,1.76309E+12,1.76309E+12,,,,,,,,,,,,,,,
g1_online_only,LEO_ONLY,24,0,200,2,171,ok,,0,1,75.83237501,2014,5,10.494,0.146,10.737,10.705209,888,708,418,2014,2,2,1,5,1.76309E+12,1.76309E+12,,,,,,,,,,,,,,,
g1_online_only,LEO_ONLY,24,0,200,2,172,ok,,0,1,77.877333,2014,5,10.847,0.094,10.788,10.771916,888,708,418,2014,2,2,1,5,1.76309E+12,1.76309E+12,,,,,,,,,,,,,,,
g1_online_only,LEO_ONLY,24,0,200,2,173,ok,,0,1,80.191584,2013,5,11.047,0.087,10.754,10.732208,887,709,417,2013,2,2,1,5,1.76309E+12,1.76309E+12,,,,,,,,,,,,,,,
g1_online_only,LEO_ONLY,24,0,200,2,174,ok,,0,1,73.76954101,2017,5,10.611,0.148,10.682,10.665375,889,709,419,2017,2,2,1,5,1.76309E+12,1.76309E+12,,,,,,,,,,,,,,,
g1_online_only,LEO_ONLY,24,0,200,2,175,ok,,0,1,70.900542,2015,5,10.934,0.104,10.608,10.587875,888,708,419,2015,2,2,1,5,1.76309E+12,1.76309E+12,,,,,,,,,,,,,,,
g1_online_only,LEO_ONLY,24,0,200,2,176,ok,,0,1,76.132667,2014,5,10.914,0.103,10.793,10.756125,888,708,418,2014,2,2,1,5,1.76309E+12,1.76309E+12,,,,,,,,,,,,,,,
g1_online_only,LEO_ONLY,24,0,200,2,177,ok,,0,1,77.7225,2011,5,10.465,0.135,10.642,10.607459,887,707,417,2011,2,2,1,5,1.76309E+12,1.76309E+12,,,,,,,,,,,,,,,
g1_online_only,LEO_ONLY,24,0,200,2,178,ok,,0,1,74.545709,2010,5,10.402,0.14,10.711,10.671875,886,707,417,2010,2,2,1,5,1.76309E+12,1.76309E+12,,,,,,,,,,,,,,,
g1_online_only,LEO_ONLY,24,0,200,2,179,ok,,0,1,74.040833,2014,5,10.621,0.106,10.601,10.595208,888,708,418,2014,2,2,1,5,1.76309E+12,1.76309E+12,,,,,,,,,,,,,,,
g1_online_only,LEO_ONLY,24,0,200,2,180,ok,,0,1,81.379708,2010,5,10.998,0.068,11.06,11.038125,886,707,417,2010,2,2,1,5,1.76309E+12,1.76309E+12,,,,,,,,,,,,,,,
g1_online_only,LEO_ONLY,24,0,200,2,181,ok,,0,1,72.741959,2012,5,10.76,0.122,10.898,10.86179201,887,707,418,2012,2,2,1,5,1.76309E+12,1.76309E+12,,,,,,,,,,,,,,,
g1_online_only,LEO_ONLY,24,0,200,2,182,ok,,0,1,79.428667,2015,5,10.764,0.077,10.518,10.492375,888,709,418,2015,2,2,1,5,1.76309E+12,1.76309E+12,,,,,,,,,,,,,,,
g1_online_only,LEO_ONLY,24,0,200,2,183,ok,,0,1,74.12291699,2015,5,10.775,0.069,10.394,10.37625,888,709,418,2015,2,2,1,5,1.76309E+12,1.76309E+12,,,,,,,,,,,,,,,
g1_online_only,LEO_ONLY,24,0,200,2,184,ok,,0,1,75.405,2012,5,10.556,0.066,10.735,10.712083,887,708,417,2012,2,2,1,5,1.76309E+12,1.76309E+12,,,,,,,,,,,,,,,
g1_online_only,LEO_ONLY,24,0,200,2,185,ok,,0,1,77.642209,2010,5,10.677,0.131,10.909,10.88420799,886,707,417,2010,2,2,1,5,1.76309E+12,1.76309E+12,,,,,,,,,,,,,,,
g1_online_only,LEO_ONLY,24,0,200,2,186,ok,,0,1,73.977042,2012,5,10.699,0.074,10.619,10.59899999,887,707,418,2012,2,2,1,5,1.76309E+12,1.76309E+12,,,,,,,,,,,,,,,
g1_online_only,LEO_ONLY,24,0,200,2,187,ok,,0,1,71.687417,2015,5,10.453,0.076,10.532,10.50925,888,708,419,2015,2,2,1,5,1.76309E+12,1.76309E+12,,,,,,,,,,,,,,,
g1_online_only,LEO_ONLY,24,0,200,2,188,ok,,0,1,68.534334,2012,5,10.312,0.066,10.436,10.403084,887,707,418,2012,2,2,1,5,1.76309E+12,1.76309E+12,,,,,,,,,,,,,,,
g1_online_only,LEO_ONLY,24,0,200,2,189,ok,,0,1,71.125041,2013,5,10.432,0.094,10.768,10.742917,887,708,418,2013,2,2,1,5,1.76309E+12,1.76309E+12,,,,,,,,,,,,,,,
g1_online_only,LEO_ONLY,24,0,200,2,190,ok,,0,1,76.669083,2013,5,10.81,0.092,11.151,11.1335,886,708,419,2013,2,2,1,5,1.76309E+12,1.76309E+12,,,,,,,,,,,,,,,
g1_online_only,LEO_ONLY,24,0,200,2,191,ok,,0,1,70.202458,2014,5,11.136,0.104,10.783,10.784042,888,708,418,2014,2,2,1,5,1.76309E+12,1.76309E+12,,,,,,,,,,,,,,,
g1_online_only,LEO_ONLY,24,0,200,2,192,ok,,0,1,69.240041,2013,5,10.793,0.069,10.44,10.41833399,887,708,418,2013,2,2,1,5,1.76309E+12,1.76309E+12,,,,,,,,,,,,,,,
g1_online_only,LEO_ONLY,24,0,200,2,193,ok,,0,1,73.097459,2015,5,10.739,0.071,10.377,10.356709,888,708,419,2015,2,2,1,5,1.76309E+12,1.76309E+12,,,,,,,,,,,,,,,
g1_online_only,LEO_ONLY,24,0,200,2,194,ok,,0,1,69.665375,2015,5,10.599,0.106,10.794,10.791625,888,709,418,2015,2,2,1,5,1.76309E+12,1.76309E+12,,,,,,,,,,,,,,,
g1_online_only,LEO_ONLY,24,0,200,2,195,ok,,0,1,74.209333,2017,5,10.672,0.066,10.619,10.598875,889,709,419,2017,2,2,1,5,1.76309E+12,1.76309E+12,,,,,,,,,,,,,,,
g1_online_only,LEO_ONLY,24,0,200,2,196,ok,,0,1,77.676167,2014,5,10.567,0.063,10.817,10.799542,888,708,418,2014,2,2,1,5,1.76309E+12,1.76309E+12,,,,,,,,,,,,,,,
g1_online_only,LEO_ONLY,24,0,200,2,197,ok,,0,1,78.60708301,2015,5,10.98,0.069,10.729,10.708333,888,709,418,2015,2,2,1,5,1.76309E+12,1.76309E+12,,,,,,,,,,,,,,,
g1_online_only,LEO_ONLY,24,0,200,2,198,ok,,0,1,78.117833,2015,5,10.792,0.068,10.56,10.539833,888,709,418,2015,2,2,1,5,1.76309E+12,1.76309E+12,,,,,,,,,,,,,,,
g1_online_only,LEO_ONLY,24,0,200,2,199,ok,,0,1,73.67245801,2015,5,10.369,0.097,10.747,10.722542,888,709,418,2015,2,2,1,5,1.76309E+12,1.76309E+12,,,,,,,,,,,,,,,
g1_online_only,LEO_ONLY,24,0,200,2,200,ok,,0,1,69.400875,2017,5,10.572,0.071,10.483,10.462875,889,709,419,2017,2,2,1,5,1.76309E+12,1.76309E+12,,,,,,,,,,,,,,,
g1_online_only,LEO_ONLY,24,0,200,2,201,ok,,0,1,68.342167,2013,5,10.29,0.068,10.521,10.50025,887,708,418,2013,2,2,1,5,1.76309E+12,1.76309E+12,,,,,,,,,,,,,,,
g1_online_only,LEO_ONLY,24,0,200,2,202,ok,,0,1,71.768584,2014,5,10.622,0.063,10.545,10.524251,887,709,418,2014,2,2,1,5,1.76309E+12,1.76309E+12,,,,,,,,,,,,,,,
g1_online_only,LEO_ONLY,24,0,200,2,203,ok,,0,1,71.217208,2007,5,10.341,0.069,10.528,10.50733301,884,708,415,2007,2,2,1,5,1.76309E+12,1.76309E+12,,,,,,,,,,,,,,,
g1_online_only,LEO_ONLY,24,0,200,2,204,ok,,0,1,76.73066699,2011,5,10.586,0.065,10.62,10.59816599,886,707,418,2011,2,2,1,5,1.76309E+12,1.76309E+12,,,,,,,,,,,,,,,
g1_online_only,LEO_ONLY,24,0,200,2,205,ok,,0,1,76.569917,2017,5,10.676,0.071,10.497,10.470833,889,709,419,2017,2,2,1,5,1.76309E+12,1.76309E+12,,,,,,,,,,,,,,,
g1_online_only,LEO_ONLY,24,0,200,2,206,ok,,0,1,78.084125,2015,5,10.386,0.068,10.66,10.638125,888,708,419,2015,2,2,1,5,1.76309E+12,1.76309E+12,,,,,,,,,,,,,,,
g1_online_only,LEO_ONLY,24,0,200,2,207,ok,,0,1,76.974917,2017,5,10.397,0.066,10.828,10.801125,889,709,419,2017,2,2,1,5,1.76309E+12,1.76309E+12,,,,,,,,,,,,,,,
g1_online_only,LEO_ONLY,24,0,200,2,208,ok,,0,1,76.677291,2011,5,10.586,0.065,10.604,10.582917,886,707,418,2011,2,2,1,5,1.76309E+12,1.76309E+12,,,,,,,,,,,,,,,
g1_online_only,LEO_ONLY,24,0,200,2,209,ok,,0,1,68.665917,2015,5,10.169,0.075,10.33,10.305041,888,708,419,2015,2,2,1,5,1.76309E+12,1.76309E+12,,,,,,,,,,,,,,,
g1_online_only,LEO_ONLY,24,0,200,2,210,ok,,0,1,74.501458,2014,5,10.493,0.064,10.664,10.643875,887,709,418,2014,2,2,1,5,1.76309E+12,1.76309E+12,,,,,,,,,,,,,,,
g1_online_only,LEO_ONLY,24,0,200,2,211,ok,,0,1,72.563333,2014,5,10.454,0.063,10.447,10.424625,888,708,418,2014,2,2,1,5,1.76309E+12,1.76309E+12,,,,,,,,,,,,,,,
g1_online_only,LEO_ONLY,24,0,200,2,212,ok,,0,1,80.304292,2010,5,11.172,0.084,10.964,10.941458,886,707,417,2010,2,2,1,5,1.76309E+12,1.76309E+12,,,,,,,,,,,,,,,
g1_online_only,LEO_ONLY,24,0,200,2,213,ok,,0,1,74.181792,2014,5,10.481,0.068,10.884,10.866,888,708,418,2014,2,2,1,5,1.76309E+12,1.76309E+12,,,,,,,,,,,,,,,
g1_online_only,LEO_ONLY,24,0,200,2,214,ok,,0,1,71.676583,2015,5,10.722,0.083,11.101,11.077,888,708,419,2015,2,2,1,5,1.76309E+12,1.76309E+12,,,,,,,,,,,,,,,
g1_online_only,LEO_ONLY,24,0,200,2,215,ok,,0,1,78.780667,2012,5,10.486,0.068,10.721,10.699791,887,708,417,2012,2,2,1,5,1.76309E+12,1.76309E+12,,,,,,,,,,,,,,,
g1_online_only,LEO_ONLY,24,0,200,2,216,ok,,0,1,74.185,2014,5,10.47,0.061,10.546,10.525167,887,708,419,2014,2,2,1,5,1.76309E+12,1.76309E+12,,,,,,,,,,,,,,,
g1_online_only,LEO_ONLY,24,0,200,2,217,ok,,0,1,71.624958,2012,5,10.652,0.072,10.649,10.628,887,707,418,2012,2,2,1,5,1.76309E+12,1.76309E+12,,,,,,,,,,,,,,,
g1_online_only,LEO_ONLY,24,0,200,2,218,ok,,0,1,72.966333,2016,5,10.509,0.059,10.564,10.544459,889,708,419,2016,2,2,1,5,1.76309E+12,1.76309E+12,,,,,,,,,,,,,,,
g1_online_only,LEO_ONLY,24,0,200,2,219,ok,,0,1,75.008833,2011,5,10.588,0.065,10.515,10.489875,886,707,418,2011,2,2,1,5,1.76309E+12,1.76309E+12,,,,,,,,,,,,,,,
g1_online_only,LEO_ONLY,24,0,200,2,220,ok,,0,1,75.780791,2015,5,10.901,0.072,10.59,10.563958,888,709,418,2015,2,2,1,5,1.76309E+12,1.76309E+12,,,,,,,,,,,,,,,
g1_online_only,LEO_ONLY,24,0,200,2,221,ok,,0,1,84.609917,2008,5,16.382,0.091,10.344,10.320708,885,707,416,2008,2,2,1,5,1.76309E+12,1.76309E+12,,,,,,,,,,,,,,,
g1_online_only,LEO_ONLY,24,0,200,2,222,ok,,0,1,73.164042,2017,5,10.662,0.067,10.774,10.749875,889,709,419,2017,2,2,1,5,1.76309E+12,1.76309E+12,,,,,,,,,,,,,,,
g1_online_only,LEO_ONLY,24,0,200,2,223,ok,,0,1,75.751792,2015,5,10.54,0.069,10.716,10.694958,888,708,419,2015,2,2,1,5,1.76309E+12,1.76309E+12,,,,,,,,,,,,,,,
g1_online_only,LEO_ONLY,24,0,200,2,224,ok,,0,1,78.856875,2017,5,11.092,0.083,10.822,10.801792,889,709,419,2017,2,2,1,5,1.76309E+12,1.76309E+12,,,,,,,,,,,,,,,
g1_online_only,LEO_ONLY,24,0,200,2,225,ok,,0,1,72.4625,2013,5,10.354,0.061,10.721,10.695417,887,708,418,2013,2,2,1,5,1.76309E+12,1.76309E+12,,,,,,,,,,,,,,,
g1_online_only,LEO_ONLY,24,0,200,2,226,ok,,0,1,76.804583,2015,5,10.701,0.066,10.718,10.69575,888,708,419,2015,2,2,1,5,1.76309E+12,1.76309E+12,,,,,,,,,,,,,,,
g1_online_only,LEO_ONLY,24,0,200,2,227,ok,,0,1,75.932459,2015,5,10.564,0.066,10.623,10.59925,888,708,419,2015,2,2,1,5,1.76309E+12,1.76309E+12,,,,,,,,,,,,,,,
g1_online_only,LEO_ONLY,24,0,200,2,228,ok,,0,1,73.642042,2015,5,10.659,0.078,10.6,10.576542,888,709,418,2015,2,2,1,5,1.76309E+12,1.76309E+12,,,,,,,,,,,,,,,
g1_online_only,LEO_ONLY,24,0,200,2,229,ok,,0,1,79.19920899,2014,5,10.698,0.066,10.446,10.426167,888,708,418,2014,2,2,1,5,1.76309E+12,1.76309E+12,,,,,,,,,,,,,,,
g1_online_only,LEO_ONLY,24,0,200,2,230,ok,,0,1,72.876208,2014,5,10.49,0.076,10.635,10.608875,888,708,418,2014,2,2,1,5,1.76309E+12,1.76309E+12,,,,,,,,,,,,,,,
g1_online_only,LEO_ONLY,24,0,200,2,231,ok,,0,1,69.32691699,2010,5,10.203,0.061,10.421,10.397875,886,708,416,2010,2,2,1,5,1.76309E+12,1.76309E+12,,,,,,,,,,,,,,,
g1_online_only,LEO_ONLY,24,0,200,2,232,ok,,0,1,78.095792,2014,5,10.57,0.066,10.533,10.508083,888,708,418,2014,2,2,1,5,1.76309E+12,1.76309E+12,,,,,,,,,,,,,,,
g1_online_only,LEO_ONLY,24,0,200,2,233,ok,,0,1,73.021751,2015,5,10.322,0.071,10.442,10.418542,888,708,419,2015,2,2,1,5,1.76309E+12,1.76309E+12,,,,,,,,,,,,,,,
g1_online_only,LEO_ONLY,24,0,200,2,234,ok,,0,1,79.58012501,2017,5,10.494,0.068,10.621,10.598458,889,709,419,2017,2,2,1,5,1.76309E+12,1.76309E+12,,,,,,,,,,,,,,,
g1_online_only,LEO_ONLY,24,0,200,2,235,ok,,0,1,73.854625,2014,5,10.522,0.067,10.709,10.68704099,888,708,418,2014,2,2,1,5,1.76309E+12,1.76309E+12,,,,,,,,,,,,,,,
g1_online_only,LEO_ONLY,24,0,200,2,236,ok,,0,1,77.09575,2015,5,10.491,0.062,10.632,10.611333,888,708,419,2015,2,2,1,5,1.76309E+12,1.76309E+12,,,,,,,,,,,,,,,
g1_online_only,LEO_ONLY,24,0,200,2,237,ok,,0,1,72.063,2012,5,10.226,0.071,10.636,10.618125,887,707,418,2012,2,2,1,5,1.76309E+12,1.76309E+12,,,,,,,,,,,,,,,
g1_online_only,LEO_ONLY,24,0,200,2,238,ok,,0,1,79.678875,2015,5,10.7,0.089,10.539,10.51175001,888,709,418,2015,2,2,1,5,1.76309E+12,1.76309E+12,,,,,,,,,,,,,,,
g1_online_only,LEO_ONLY,24,0,200,2,239,ok,,0,1,68.8515,1987,5,10.517,0.061,10.5,10.476292,874,708,405,1987,2,2,1,5,1.76309E+12,1.76309E+12,,,,,,,,,,,,,,,
g1_online_only,LEO_ONLY,24,0,200,2,240,ok,,0,1,83.660542,2012,5,10.786,0.069,10.763,10.742125,887,708,417,2012,2,2,1,5,1.76309E+12,1.76309E+12,,,,,,,,,,,,,,,
g1_online_only,LEO_ONLY,24,0,200,2,241,ok,,0,1,73.923333,2012,5,10.816,0.089,10.889,10.878208,887,707,418,2012,2,2,1,5,1.76309E+12,1.76309E+12,,,,,,,,,,,,,,,
g1_online_only,LEO_ONLY,24,0,200,2,242,ok,,0,1,71.2175,2010,5,10.898,0.093,10.64,10.616667,886,707,417,2010,2,2,1,5,1.76309E+12,1.76309E+12,,,,,,,,,,,,,,,
g1_online_only,LEO_ONLY,24,0,200,2,243,ok,,0,1,73.088166,2010,5,10.755,0.12,11.042,11.035584,886,707,417,2010,2,2,1,5,1.76309E+12,1.76309E+12,,,,,,,,,,,,,,,
g1_online_only,LEO_ONLY,24,0,200,2,244,ok,,0,1,76.285042,2015,5,11.142,0.094,10.51,10.470458,888,708,419,2015,2,2,1,5,1.76309E+12,1.76309E+12,,,,,,,,,,,,,,,
g1_online_only,LEO_ONLY,24,0,200,2,245,ok,,0,1,71.32404199,2015,5,10.449,0.072,10.67,10.645875,888,708,419,2015,2,2,1,5,1.76309E+12,1.76309E+12,,,,,,,,,,,,,,,
g1_online_only,LEO_ONLY,24,0,200,2,246,ok,,0,1,81.608,2015,5,11.436,0.165,12.517,12.456042,888,708,419,2015,2,2,1,5,1.76309E+12,1.76309E+12,,,,,,,,,,,,,,,
g1_online_only,LEO_ONLY,24,0,200,2,247,ok,,0,1,74.00204099,2012,5,10.395,0.153,10.566,10.526084,887,707,418,2012,2,2,1,5,1.76309E+12,1.76309E+12,,,,,,,,,,,,,,,
g1_online_only,LEO_ONLY,24,0,200,2,248,ok,,0,1,72.891208,2010,5,10.482,0.142,10.789,10.75583301,886,707,417,2010,2,2,1,5,1.76309E+12,1.76309E+12,,,,,,,,,,,,,,,
g1_online_only,LEO_ONLY,24,0,200,2,249,ok,,0,1,74.62275,2010,5,10.608,0.068,10.516,10.493,886,708,416,2010,2,2,1,5,1.76309E+12,1.76309E+12,,,,,,,,,,,,,,,
g1_online_only,LEO_ONLY,24,0,200,2,250,ok,,0,1,73.127666,2014,5,12.061,0.202,11.958,11.8975,887,709,418,2014,2,2,1,5,1.76309E+12,1.76309E+12,,,,,,,,,,,,,,,
g1_online_only,LEO_ONLY,24,0,200,2,251,ok,,0,1,77.947167,2017,5,10.737,0.182,10.962,10.909541,889,709,419,2017,2,2,1,5,1.76309E+12,1.76309E+12,,,,,,,,,,,,,,,
g1_online_only,LEO_ONLY,24,0,200,2,252,ok,,0,1,71.911666,2012,5,10.614,0.086,10.747,10.726042,887,707,418,2012,2,2,1,5,1.76309E+12,1.76309E+12,,,,,,,,,,,,,,,
g1_online_only,LEO_ONLY,24,0,200,2,253,ok,,0,1,72.506001,2012,5,10.752,0.066,10.752,10.735875,887,707,418,2012,2,2,1,5,1.76309E+12,1.76309E+12,,,,,,,,,,,,,,,
g1_online_only,LEO_ONLY,24,0,200,2,254,ok,,0,1,76.474416,2017,5,10.561,0.068,10.819,10.79733401,889,709,419,2017,2,2,1,5,1.76309E+12,1.76309E+12,,,,,,,,,,,,,,,
g1_online_only,LEO_ONLY,24,0,200,2,255,ok,,0,1,74.157042,2010,5,10.63,0.076,10.616,10.589666,886,707,417,2010,2,2,1,5,1.76309E+12,1.76309E+12,,,,,,,,,,,,,,,
g1_online_only,LEO_ONLY,24,0,200,2,256,ok,,0,1,77.196,2012,5,10.567,0.164,10.715,10.702292,886,708,418,2012,2,2,1,5,1.76309E+12,1.76309E+12,,,,,,,,,,,,,,,
g1_online_only,LEO_ONLY,24,0,200,2,257,ok,,0,1,78.29375,2015,5,11.141,0.081,10.817,10.796583,888,709,418,2015,2,2,1,5,1.76309E+12,1.76309E+12,,,,,,,,,,,,,,,
g1_online_only,LEO_ONLY,24,0,200,2,258,ok,,0,1,69.57325,2017,5,10.494,0.09,10.693,10.678458,889,709,419,2017,2,2,1,5,1.76309E+12,1.76309E+12,,,,,,,,,,,,,,,
g1_online_only,LEO_ONLY,24,0,200,2,259,ok,,0,1,77.076417,2014,5,10.542,0.126,10.689,10.671334,887,708,419,2014,2,2,1,5,1.76309E+12,1.76309E+12,,,,,,,,,,,,,,,
g1_online_only,LEO_ONLY,24,0,200,2,260,ok,,0,1,72.747542,2015,5,10.448,0.087,10.796,10.77725,888,708,419,2015,2,2,1,5,1.76309E+12,1.76309E+12,,,,,,,,,,,,,,,
g1_online_only,LEO_ONLY,24,0,200,2,261,ok,,0,1,73.986458,2015,5,10.46,0.062,10.515,10.530125,888,709,418,2015,2,2,1,5,1.76309E+12,1.76309E+12,,,,,,,,,,,,,,,
g1_online_only,LEO_ONLY,24,0,200,2,262,ok,,0,1,69.181833,2017,5,10.298,0.065,10.454,10.434416,889,709,419,2017,2,2,1,5,1.76309E+12,1.76309E+12,,,,,,,,,,,,,,,
g1_online_only,LEO_ONLY,24,0,200,2,263,ok,,0,1,70.875666,2012,5,10.321,0.079,10.463,10.41725,887,708,417,2012,2,2,1,5,1.76309E+12,1.76309E+12,,,,,,,,,,,,,,,
g1_online_only,LEO_ONLY,24,0,200,2,264,ok,,0,1,75.644834,2014,5,10.686,0.107,10.591,10.560084,888,708,418,2014,2,2,1,5,1.76309E+12,1.76309E+12,,,,,,,,,,,,,,,
g1_online_only,LEO_ONLY,24,0,200,2,265,ok,,0,1,80.417292,2015,5,10.858,0.081,10.617,10.594,888,709,418,2015,2,2,1,5,1.76309E+12,1.76309E+12,,,,,,,,,,,,,,,
g1_online_only,LEO_ONLY,24,0,200,2,266,ok,,0,1,74.956167,2013,5,10.85,0.103,10.937,10.949417,887,708,418,2013,2,2,1,5,1.76309E+12,1.76309E+12,,,,,,,,,,,,,,,
g1_online_only,LEO_ONLY,24,0,200,2,267,ok,,0,1,72.800959,2017,5,10.657,0.059,10.459,10.437416,889,709,419,2017,2,2,1,5,1.76309E+12,1.76309E+12,,,,,,,,,,,,,,,
g1_online_only,LEO_ONLY,24,0,200,2,268,ok,,0,1,76.470334,2015,5,10.346,0.065,10.642,10.619292,888,708,419,2015,2,2,1,5,1.76309E+12,1.76309E+12,,,,,,,,,,,,,,,
g1_online_only,LEO_ONLY,24,0,200,2,269,ok,,0,1,69.3065,2015,5,10.992,0.093,10.454,10.68175,888,708,419,2015,2,2,1,5,1.76309E+12,1.76309E+12,,,,,,,,,,,,,,,
g1_online_only,LEO_ONLY,24,0,200,2,270,ok,,0,1,72.2985,2017,5,10.913,0.081,10.665,10.64020801,889,709,419,2017,2,2,1,5,1.76309E+12,1.76309E+12,,,,,,,,,,,,,,,
g1_online_only,LEO_ONLY,24,0,200,2,271,ok,,0,1,75.900709,2010,5,10.703,0.073,10.912,10.89049999,885,709,416,2010,2,2,1,5,1.76309E+12,1.76309E+12,,,,,,,,,,,,,,,
g1_online_only,LEO_ONLY,24,0,200,2,272,ok,,0,1,75.135459,2010,5,10.674,0.062,10.458,10.429917,886,707,417,2010,2,2,1,5,1.76309E+12,1.76309E+12,,,,,,,,,,,,,,,
g1_online_only,LEO_ONLY,24,0,200,2,273,ok,,0,1,73.799166,2013,5,10.482,0.14,10.747,10.734208,887,709,417,2013,2,2,1,5,1.76309E+12,1.76309E+12,,,,,,,,,,,,,,,
g1_online_only,LEO_ONLY,24,0,200,2,274,ok,,0,1,70.040542,2017,5,10.608,0.08,10.599,10.581208,889,709,419,2017,2,2,1,5,1.76309E+12,1.76309E+12,,,,,,,,,,,,,,,
g1_online_only,LEO_ONLY,24,0,200,2,275,ok,,0,1,76.371916,2017,5,10.822,0.13,10.795,10.785708,889,709,419,2017,2,2,1,5,1.76309E+12,1.76309E+12,,,,,,,,,,,,,,,
g1_online_only,LEO_ONLY,24,0,200,2,276,ok,,0,1,76.513375,2014,5,10.618,0.159,10.859,10.818708,888,708,418,2014,2,2,1,5,1.76309E+12,1.76309E+12,,,,,,,,,,,,,,,
g1_online_only,LEO_ONLY,24,0,200,2,277,ok,,0,1,72.29158399,2016,5,10.811,0.144,10.864,10.831917,888,709,419,2016,2,2,1,5,1.76309E+12,1.76309E+12,,,,,,,,,,,,,,,
g1_online_only,LEO_ONLY,24,0,200,2,278,ok,,0,1,75.313542,2012,5,10.691,0.115,10.971,10.936958,887,708,417,2012,2,2,1,5,1.76309E+12,1.76309E+12,,,,,,,,,,,,,,,
g1_online_only,LEO_ONLY,24,0,200,2,279,ok,,0,1,79.5145,2010,5,15.138,0.158,11.721,11.814959,886,707,417,2010,2,2,1,5,1.76309E+12,1.76309E+12,,,,,,,,,,,,,,,
g1_online_only,LEO_ONLY,24,0,200,2,280,ok,,0,1,71.749333,2013,5,10.752,0.084,10.828,10.809333,887,709,417,2013,2,2,1,5,1.76309E+12,1.76309E+12,,,,,,,,,,,,,,,
g1_online_only,LEO_ONLY,24,0,200,2,281,ok,,0,1,72.33175,2015,5,10.657,0.069,10.707,10.684667,888,708,419,2015,2,2,1,5,1.76309E+12,1.76309E+12,,,,,,,,,,,,,,,
g1_online_only,LEO_ONLY,24,0,200,2,282,ok,,0,1,79.758458,2015,5,10.625,0.103,11.544,11.604667,888,708,419,2015,2,2,1,5,1.76309E+12,1.76309E+12,,,,,,,,,,,,,,,
g1_online_only,LEO_ONLY,24,0,200,2,283,ok,,0,1,72.232083,2014,5,10.442,0.068,10.532,10.512041,888,708,418,2014,2,2,1,5,1.76309E+12,1.76309E+12,,,,,,,,,,,,,,,
g1_online_only,LEO_ONLY,24,0,200,2,284,ok,,0,1,79.517917,2014,5,11.03,0.107,10.812,10.786833,888,708,418,2014,2,2,1,5,1.76309E+12,1.76309E+12,,,,,,,,,,,,,,,
g1_online_only,LEO_ONLY,24,0,200,2,285,ok,,0,1,73.68675,2012,5,10.805,0.126,11.185,11.176375,886,707,419,2012,2,2,1,5,1.76309E+12,1.76309E+12,,,,,,,,,,,,,,,
g1_online_only,LEO_ONLY,24,0,200,2,286,ok,,0,1,79.598333,2014,5,11.003,0.085,10.759,10.749291,888,708,418,2014,2,2,1,5,1.76309E+12,1.76309E+12,,,,,,,,,,,,,,,
g1_online_only,LEO_ONLY,24,0,200,2,287,ok,,0,1,75.184125,2014,5,10.761,0.077,10.767,10.745333,888,708,418,2014,2,2,1,5,1.76309E+12,1.76309E+12,,,,,,,,,,,,,,,
g1_online_only,LEO_ONLY,24,0,200,2,288,ok,,0,1,74.457209,2017,5,10.701,0.071,10.722,10.69625,889,709,419,2017,2,2,1,5,1.76309E+12,1.76309E+12,,,,,,,,,,,,,,,
g1_online_only,LEO_ONLY,24,0,200,2,289,ok,,0,1,78.37,2018,5,10.66,0.06,10.708,10.685083,890,709,419,2018,2,2,1,5,1.76309E+12,1.76309E+12,,,,,,,,,,,,,,,
g1_online_only,LEO_ONLY,24,0,200,2,290,ok,,0,1,73.945708,2010,5,10.38,0.074,10.473,10.448458,886,706,418,2010,2,2,1,5,1.76309E+12,1.76309E+12,,,,,,,,,,,,,,,
g1_online_only,LEO_ONLY,24,0,200,2,291,ok,,0,1,77.323542,2013,5,10.799,0.083,10.596,10.57095799,887,708,418,2013,2,2,1,5,1.76309E+12,1.76309E+12,,,,,,,,,,,,,,,
g1_online_only,LEO_ONLY,24,0,200,2,292,ok,,0,1,74.295375,2009,5,10.584,0.067,10.626,10.604958,885,707,417,2009,2,2,1,5,1.76309E+12,1.76309E+12,,,,,,,,,,,,,,,
g1_online_only,LEO_ONLY,24,0,200,2,293,ok,,0,1,74.80025,2014,5,10.621,0.061,10.691,10.671833,887,708,419,2014,2,2,1,5,1.76309E+12,1.76309E+12,,,,,,,,,,,,,,,
g1_online_only,LEO_ONLY,24,0,200,2,294,ok,,0,1,76.689542,2017,5,10.757,0.075,11.002,10.979083,889,709,419,2017,2,2,1,5,1.76309E+12,1.76309E+12,,,,,,,,,,,,,,,
g1_online_only,LEO_ONLY,24,0,200,2,295,ok,,0,1,76.519083,2015,5,10.638,0.081,10.575,10.547708,888,709,418,2015,2,2,1,5,1.76309E+12,1.76309E+12,,,,,,,,,,,,,,,
g1_online_only,LEO_ONLY,24,0,200,2,296,ok,,0,1,74.599708,2015,5,10.459,0.077,10.571,10.543,888,709,418,2015,2,2,1,5,1.76309E+12,1.76309E+12,,,,,,,,,,,,,,,
g1_online_only,LEO_ONLY,24,0,200,2,297,ok,,0,1,80.50891601,2016,5,10.603,0.06,10.647,10.624458,889,708,419,2016,2,2,1,5,1.76309E+12,1.76309E+12,,,,,,,,,,,,,,,
g1_online_only,LEO_ONLY,24,0,200,2,298,ok,,0,1,150.731167,2012,5,15.759,0.182,78.245,78.431459,886,709,417,2012,2,2,1,5,1.76309E+12,1.76309E+12,,,,,,,,,,,,,,,
g1_online_only,LEO_ONLY,24,0,200,2,299,ok,,0,1,78.020708,2015,5,11.184,0.153,11.113,10.993458,888,708,419,2015,2,2,1,5,1.76309E+12,1.76309E+12,,,,,,,,,,,,,,,
g1_online_only,LEO_ONLY,24,0,200,2,300,ok,,0,1,85.17525,2011,5,11.044,0.063,10.437,10.411667,886,707,418,2011,2,2,1,5,1.76309E+12,1.76309E+12,,,,,,,,,,,,,,,
g1_online_only,LEO_ONLY,24,0,400,2,1,ok,,0,1,87.435375,2010,5,11.232,0.077,10.7,10.662208,886,707,417,2010,2,2,1,5,1.76309E+12,1.76309E+12,,,,,,,,,,,,,,,
g1_online_only,LEO_ONLY,24,0,400,2,2,ok,,0,1,73.185,2014,5,10.437,0.075,10.761,10.740167,888,708,418,2014,2,2,1,5,1.76309E+12,1.76309E+12,,,,,,,,,,,,,,,
g1_online_only,LEO_ONLY,24,0,400,2,3,ok,,0,1,78.074792,2017,5,10.496,0.062,10.481,10.458917,889,709,419,2017,2,2,1,5,1.76309E+12,1.76309E+12,,,,,,,,,,,,,,,
g1_online_only,LEO_ONLY,24,0,400,2,4,ok,,0,1,83.441166,2016,5,11.226,0.126,10.701,10.644375,888,709,419,2016,2,2,1,5,1.76309E+12,1.76309E+12,,,,,,,,,,,,,,,
g1_online_only,LEO_ONLY,24,0,400,2,5,ok,,0,1,79.914625,2012,5,11.027,0.223,12.141,12.127291,887,707,418,2012,2,2,1,5,1.76309E+12,1.76309E+12,,,,,,,,,,,,,,,
g1_online_only,LEO_ONLY,24,0,400,2,6,ok,,0,1,66.910584,2014,5,10.546,0.066,10.457,10.390042,888,708,418,2014,2,2,1,5,1.76309E+12,1.76309E+12,,,,,,,,,,,,,,,
g1_online_only,LEO_ONLY,24,0,400,2,7,ok,,0,1,79.637459,2015,5,10.797,0.064,10.776,10.753417,888,709,418,2015,2,2,1,5,1.76309E+12,1.76309E+12,,,,,,,,,,,,,,,
g1_online_only,LEO_ONLY,24,0,400,2,8,ok,,0,1,78.858083,2015,5,10.607,0.071,10.511,10.482875,888,708,419,2015,2,2,1,5,1.76309E+12,1.76309E+12,,,,,,,,,,,,,,,
g1_online_only,LEO_ONLY,24,0,400,2,9,ok,,0,1,81.420291,2013,5,10.739,0.065,10.9,10.877417,887,708,418,2013,2,2,1,5,1.76309E+12,1.76309E+12,,,,,,,,,,,,,,,
g1_online_only,LEO_ONLY,24,0,400,2,10,ok,,0,1,74.9995,2011,5,11,0.071,10.432,10.40533301,886,708,417,2011,2,2,1,5,1.76309E+12,1.76309E+12,,,,,,,,,,,,,,,
g1_online_only,LEO_ONLY,24,0,400,2,11,ok,,0,1,85.62904201,2010,5,11.143,0.058,10.925,10.902458,886,708,416,2010,2,2,1,5,1.76309E+12,1.76309E+12,,,,,,,,,,,,,,,
g1_online_only,LEO_ONLY,24,0,400,2,12,ok,,0,1,67.048334,2016,5,10.167,0.064,10.509,10.488375,888,709,419,2016,2,2,1,5,1.76309E+12,1.76309E+12,,,,,,,,,,,,,,,
g1_online_only,LEO_ONLY,24,0,400,2,13,ok,,0,1,66.907417,2012,5,10.219,0.084,10.615,10.584542,887,708,417,2012,2,2,1,5,1.76309E+12,1.76309E+12,,,,,,,,,,,,,,,
g1_online_only,LEO_ONLY,24,0,400,2,14,ok,,0,1,75.170125,2012,5,10.493,0.067,10.729,10.706875,886,708,418,2012,2,2,1,5,1.76309E+12,1.76309E+12,,,,,,,,,,,,,,,
g1_online_only,LEO_ONLY,24,0,400,2,15,ok,,0,1,196.097334,2017,5,16.266,0.213,10.491,10.465875,889,709,419,2017,2,2,1,5,1.76309E+12,1.76309E+12,,,,,,,,,,,,,,,
g1_online_only,LEO_ONLY,24,0,400,2,16,ok,,0,1,72.798416,2014,5,10.474,0.067,10.588,10.565625,888,708,418,2014,2,2,1,5,1.76309E+12,1.76309E+12,,,,,,,,,,,,,,,
g1_online_only,LEO_ONLY,24,0,400,2,17,ok,,0,1,84.227792,2017,5,11.069,0.075,10.92,10.891833,889,709,419,2017,2,2,1,5,1.76309E+12,1.76309E+12,,,,,,,,,,,,,,,
g1_online_only,LEO_ONLY,24,0,400,2,18,ok,,0,1,70.28725,2015,5,10.365,0.078,10.366,10.338167,888,708,419,2015,2,2,1,5,1.76309E+12,1.76309E+12,,,,,,,,,,,,,,,
g1_online_only,LEO_ONLY,24,0,400,2,19,ok,,0,1,72.363583,2012,5,10.638,0.069,10.606,10.584959,887,707,418,2012,2,2,1,5,1.76309E+12,1.76309E+12,,,,,,,,,,,,,,,
g1_online_only,LEO_ONLY,24,0,400,2,20,ok,,0,1,83.007917,2014,5,10.768,0.061,11.025,10.997625,887,708,419,2014,2,2,1,5,1.76309E+12,1.76309E+12,,,,,,,,,,,,,,,
g1_online_only,LEO_ONLY,24,0,400,2,21,ok,,0,1,83.420042,2013,5,10.726,0.08,10.623,10.600458,887,708,418,2013,2,2,1,5,1.76309E+12,1.76309E+12,,,,,,,,,,,,,,,
g1_online_only,LEO_ONLY,24,0,400,2,22,ok,,0,1,73.86295799,2013,5,10.617,0.067,10.447,10.426458,887,708,418,2013,2,2,1,5,1.76309E+12,1.76309E+12,,,,,,,,,,,,,,,
g1_online_only,LEO_ONLY,24,0,400,2,23,ok,,0,1,72.264667,2015,5,9.776,0.112,10.728,10.722083,888,709,418,2015,2,2,1,5,1.76309E+12,1.76309E+12,,,,,,,,,,,,,,,
g1_online_only,LEO_ONLY,24,0,400,2,24,ok,,0,1,75.628,2011,5,10.211,0.066,10.515,10.49425,887,707,417,2011,2,2,1,5,1.76309E+12,1.76309E+12,,,,,,,,,,,,,,,
g1_online_only,LEO_ONLY,24,0,400,2,25,ok,,0,1,74.772625,2008,5,10.88,0.082,10.656,10.63225,885,707,416,2008,2,2,1,5,1.76309E+12,1.76309E+12,,,,,,,,,,,,,,,
g1_online_only,LEO_ONLY,24,0,400,2,26,ok,,0,1,74.22470801,2015,5,10.869,0.081,10.941,10.915,888,708,419,2015,2,2,1,5,1.76309E+12,1.76309E+12,,,,,,,,,,,,,,,
g1_online_only,LEO_ONLY,24,0,400,2,27,ok,,0,1,78.727375,2012,5,11.578,0.072,11.575,11.548208,887,708,417,2012,2,2,1,5,1.76309E+12,1.76309E+12,,,,,,,,,,,,,,,
g1_online_only,LEO_ONLY,24,0,400,2,28,ok,,0,1,80.215458,2010,5,11.847,0.094,12.178,12.134916,886,707,417,2010,2,2,1,5,1.76309E+12,1.76309E+12,,,,,,,,,,,,,,,
g1_online_only,LEO_ONLY,24,0,400,2,29,ok,,0,1,86.95249999,2017,5,13.643,0.097,14.22,14.191333,889,709,419,2017,2,2,1,5,1.76309E+12,1.76309E+12,,,,,,,,,,,,,,,
g1_online_only,LEO_ONLY,24,0,400,2,30,ok,,0,1,93.78045901,2009,5,15.138,0.097,14.969,14.939458,885,707,417,2009,2,2,1,5,1.76309E+12,1.76309E+12,,,,,,,,,,,,,,,
g1_online_only,LEO_ONLY,24,0,400,2,31,ok,,0,1,87.970167,2012,5,11.093,0.07,11.052,11.021291,887,708,417,2012,2,2,1,5,1.76309E+12,1.76309E+12,,,,,,,,,,,,,,,
g1_online_only,LEO_ONLY,24,0,400,2,32,ok,,0,1,79.157042,2011,5,10.82,0.084,10.687,10.669792,886,708,417,2011,2,2,1,5,1.76309E+12,1.76309E+12,,,,,,,,,,,,,,,
g1_online_only,LEO_ONLY,24,0,400,2,33,ok,,0,1,82.91,2015,5,11.096,0.076,10.768,10.746125,888,708,419,2015,2,2,1,5,1.76309E+12,1.76309E+12,,,,,,,,,,,,,,,
g1_online_only,LEO_ONLY,24,0,400,2,34,ok,,0,1,68.548292,2017,5,10.58,0.069,10.328,10.304959,889,709,419,2017,2,2,1,5,1.76309E+12,1.76309E+12,,,,,,,,,,,,,,,
g1_online_only,LEO_ONLY,24,0,400,2,35,ok,,0,1,77.759958,2017,5,10.84,0.113,10.514,10.490917,889,709,419,2017,2,2,1,5,1.76309E+12,1.76309E+12,,,,,,,,,,,,,,,
g1_online_only,LEO_ONLY,24,0,400,2,36,ok,,0,1,73.961625,2017,5,10.874,0.145,11.374,11.367375,889,709,419,2017,2,2,1,5,1.76309E+12,1.76309E+12,,,,,,,,,,,,,,,
g1_online_only,LEO_ONLY,24,0,400,2,37,ok,,0,1,84.502458,2012,5,9.877,0.084,10.06,10.034209,887,708,417,2012,2,2,1,5,1.76309E+12,1.76309E+12,,,,,,,,,,,,,,,
g1_online_only,LEO_ONLY,24,0,400,2,38,ok,,0,1,78.923458,2017,5,12.147,0.063,10.693,10.671334,889,709,419,2017,2,2,1,5,1.76309E+12,1.76309E+12,,,,,,,,,,,,,,,
g1_online_only,LEO_ONLY,24,0,400,2,39,ok,,0,1,78.88154199,2014,5,11.318,0.094,10.465,10.404333,888,708,418,2014,2,2,1,5,1.76309E+12,1.76309E+12,,,,,,,,,,,,,,,
g1_online_only,LEO_ONLY,24,0,400,2,40,ok,,0,1,75.755583,2008,5,10.256,0.063,10.694,10.673125,885,708,415,2008,2,2,1,5,1.76309E+12,1.76309E+12,,,,,,,,,,,,,,,
g1_online_only,LEO_ONLY,24,0,400,2,41,ok,,0,1,80.934583,2013,5,10.611,0.066,10.851,10.829166,887,708,418,2013,2,2,1,5,1.76309E+12,1.76309E+12,,,,,,,,,,,,,,,
g1_online_only,LEO_ONLY,24,0,400,2,42,ok,,0,1,75.749334,2015,5,10.214,0.059,10.696,10.67758301,888,709,418,2015,2,2,1,5,1.76309E+12,1.76309E+12,,,,,,,,,,,,,,,
g1_online_only,LEO_ONLY,24,0,400,2,43,ok,,0,1,83.803041,2013,5,10.509,0.073,10.488,10.464833,887,708,418,2013,2,2,1,5,1.76309E+12,1.76309E+12,,,,,,,,,,,,,,,
g1_online_only,LEO_ONLY,24,0,400,2,44,ok,,0,1,79.834667,2011,5,10.706,0.097,10.784,10.759709,886,707,418,2011,2,2,1,5,1.76309E+12,1.76309E+12,,,,,,,,,,,,,,,
g1_online_only,LEO_ONLY,24,0,400,2,45,ok,,0,1,78.317001,2017,5,10.811,0.065,10.579,10.557542,889,709,419,2017,2,2,1,5,1.76309E+12,1.76309E+12,,,,,,,,,,,,,,,
g1_online_only,LEO_ONLY,24,0,400,2,46,ok,,0,1,112.657541,2012,5,20.018,0.329,26.514,26.44533299,887,708,417,2012,2,2,1,5,1.76309E+12,1.76309E+12,,,,,,,,,,,,,,,
g1_online_only,LEO_ONLY,24,0,400,2,47,ok,,0,1,125.235042,2013,5,26.332,0.527,25.948,25.684292,887,708,418,2013,2,2,1,5,1.76309E+12,1.76309E+12,,,,,,,,,,,,,,,
g1_online_only,LEO_ONLY,24,0,400,2,48,ok,,0,1,121.507125,2017,5,25.597,0.177,24.93,24.893,889,709,419,2017,2,2,1,5,1.76309E+12,1.76309E+12,,,,,,,,,,,,,,,
g1_online_only,LEO_ONLY,24,0,400,2,49,ok,,0,1,135.300958,2009,5,28.973,0.277,30.43,30.548458,885,707,417,2009,2,2,1,5,1.76309E+12,1.76309E+12,,,,,,,,,,,,,,,
g1_online_only,LEO_ONLY,24,0,400,2,50,ok,,0,1,123.892375,2017,5,28.9,0.165,29.11,29.067583,889,709,419,2017,2,2,1,5,1.76309E+12,1.76309E+12,,,,,,,,,,,,,,,
g1_online_only,LEO_ONLY,24,0,400,2,51,ok,,0,1,107.945833,2012,5,18.698,0.135,18.271,18.221916,887,708,417,2012,2,2,1,5,1.76309E+12,1.76309E+12,,,,,,,,,,,,,,,
g1_online_only,LEO_ONLY,24,0,400,2,52,ok,,0,1,91.208417,2017,5,15.053,0.112,15.215,15.184292,889,709,419,2017,2,2,1,5,1.76309E+12,1.76309E+12,,,,,,,,,,,,,,,
g1_online_only,LEO_ONLY,24,0,400,2,53,ok,,0,1,90.670542,2010,5,12.899,0.086,12.648,12.619209,886,706,418,2010,2,2,1,5,1.76309E+12,1.76309E+12,,,,,,,,,,,,,,,
g1_online_only,LEO_ONLY,24,0,400,2,54,ok,,0,1,79.273459,2015,5,12.572,0.082,12.398,12.368833,888,709,418,2015,2,2,1,5,1.76309E+12,1.76309E+12,,,,,,,,,,,,,,,
g1_online_only,LEO_ONLY,24,0,400,2,55,ok,,0,1,81.360291,2015,5,11.469,0.071,11.87,11.841584,888,708,419,2015,2,2,1,5,1.76309E+12,1.76309E+12,,,,,,,,,,,,,,,
g1_online_only,LEO_ONLY,24,0,400,2,56,ok,,0,1,77.463417,2017,5,11.1,0.081,11.345,11.317,889,709,419,2017,2,2,1,5,1.76309E+12,1.76309E+12,,,,,,,,,,,,,,,
g1_online_only,LEO_ONLY,24,0,400,2,57,ok,,0,1,79.361875,2012,5,11.384,0.089,11.38,11.34149999,887,708,417,2012,2,2,1,5,1.76309E+12,1.76309E+12,,,,,,,,,,,,,,,
g1_online_only,LEO_ONLY,24,0,400,2,58,ok,,0,1,108.890125,2012,5,18.845,0.197,23.221,30.916,887,708,417,2012,2,2,1,5,1.76309E+12,1.76309E+12,,,,,,,,,,,,,,,
g1_online_only,LEO_ONLY,24,0,400,2,59,ok,,0,1,77.088791,2012,5,13.273,0.089,13.341,13.31275,887,707,418,2012,2,2,1,5,1.76309E+12,1.76309E+12,,,,,,,,,,,,,,,
g1_online_only,LEO_ONLY,24,0,400,2,60,ok,,0,1,85.04325,2012,5,13.636,0.111,13.418,13.394084,887,707,418,2012,2,2,1,5,1.76309E+12,1.76309E+12,,,,,,,,,,,,,,,
g1_online_only,LEO_ONLY,24,0,400,2,61,ok,,0,1,87.977625,2012,5,13.732,0.079,13.992,13.962417,887,707,418,2012,2,2,1,5,1.76309E+12,1.76309E+12,,,,,,,,,,,,,,,
g1_online_only,LEO_ONLY,24,0,400,2,62,ok,,0,1,92.759083,2014,5,14.042,0.114,14.344,14.311667,888,708,418,2014,2,2,1,5,1.76309E+12,1.76309E+12,,,,,,,,,,,,,,,
g1_online_only,LEO_ONLY,24,0,400,2,63,ok,,0,1,93.46275,2012,5,17.229,0.118,15.067,15.019583,887,707,418,2012,2,2,1,5,1.76309E+12,1.76309E+12,,,,,,,,,,,,,,,
g1_online_only,LEO_ONLY,24,0,400,2,64,ok,,0,1,84.79116599,2014,5,15.835,0.094,14.098,14.135958,888,708,418,2014,2,2,1,5,1.76309E+12,1.76309E+12,,,,,,,,,,,,,,,
g1_online_only,LEO_ONLY,24,0,400,2,65,ok,,0,1,94.411709,2015,5,13.678,0.094,14.853,14.821625,888,708,419,2015,2,2,1,5,1.76309E+12,1.76309E+12,,,,,,,,,,,,,,,
g1_online_only,LEO_ONLY,24,0,400,2,66,ok,,0,1,78.342208,2015,5,14.112,0.089,13.79,13.768583,888,708,419,2015,2,2,1,5,1.76309E+12,1.76309E+12,,,,,,,,,,,,,,,
g1_online_only,LEO_ONLY,24,0,400,2,67,ok,,0,1,77.92,2017,5,13.297,0.083,13.028,12.99383301,889,709,419,2017,2,2,1,5,1.76309E+12,1.76309E+12,,,,,,,,,,,,,,,
g1_online_only,LEO_ONLY,24,0,400,2,68,ok,,0,1,87.90095901,2013,5,13.619,0.108,13.165,13.169291,887,708,418,2013,2,2,1,5,1.76309E+12,1.76309E+12,,,,,,,,,,,,,,,
g1_online_only,LEO_ONLY,24,0,400,2,69,ok,,0,1,81.57420901,2012,5,12.853,0.085,12.935,12.90775,887,708,417,2012,2,2,1,5,1.76309E+12,1.76309E+12,,,,,,,,,,,,,,,
g1_online_only,LEO_ONLY,24,0,400,2,70,ok,,0,1,90.418833,2013,5,12.429,0.078,12.229,12.208708,887,708,418,2013,2,2,1,5,1.76309E+12,1.76309E+12,,,,,,,,,,,,,,,
g1_online_only,LEO_ONLY,24,0,400,2,71,ok,,0,1,91.590959,2015,5,11.898,0.078,11.96,11.93287499,888,709,418,2015,2,2,1,5,1.76309E+12,1.76309E+12,,,,,,,,,,,,,,,
g1_online_only,LEO_ONLY,24,0,400,2,72,ok,,0,1,84.32675,2011,5,11.769,0.076,11.752,11.726542,886,707,418,2011,2,2,1,5,1.76309E+12,1.76309E+12,,,,,,,,,,,,,,,
g1_online_only,LEO_ONLY,24,0,400,2,73,ok,,0,1,85.332834,2014,5,10.618,0.069,10.977,10.949375,888,708,418,2014,2,2,1,5,1.76309E+12,1.76309E+12,,,,,,,,,,,,,,,
g1_online_only,LEO_ONLY,24,0,400,2,74,ok,,0,1,78.362334,2017,5,10.566,0.066,10.814,10.794292,889,709,419,2017,2,2,1,5,1.76309E+12,1.76309E+12,,,,,,,,,,,,,,,
g1_online_only,LEO_ONLY,24,0,400,2,75,ok,,0,1,74.340583,2014,5,10.378,0.061,10.754,10.732166,887,708,419,2014,2,2,1,5,1.76309E+12,1.76309E+12,,,,,,,,,,,,,,,
g1_online_only,LEO_ONLY,24,0,400,2,76,ok,,0,1,80.897625,2014,5,10.708,0.067,10.965,10.944167,888,708,418,2014,2,2,1,5,1.76309E+12,1.76309E+12,,,,,,,,,,,,,,,
g1_online_only,LEO_ONLY,24,0,400,2,77,ok,,0,1,84.23033301,2014,5,10.288,0.152,10.935,10.927084,888,708,418,2014,2,2,1,5,1.76309E+12,1.76309E+12,,,,,,,,,,,,,,,
g1_online_only,LEO_ONLY,24,0,400,2,78,ok,,0,1,79.093125,2012,5,10.483,0.071,10.718,10.695625,887,707,418,2012,2,2,1,5,1.76309E+12,1.76309E+12,,,,,,,,,,,,,,,
g1_online_only,LEO_ONLY,24,0,400,2,79,ok,,0,1,78.876958,2015,5,10.686,0.065,10.666,10.645375,888,709,418,2015,2,2,1,5,1.76309E+12,1.76309E+12,,,,,,,,,,,,,,,
g1_online_only,LEO_ONLY,24,0,400,2,80,ok,,0,1,84.736417,2010,5,10.836,0.089,11.093,11.06541599,886,708,416,2010,2,2,1,5,1.76309E+12,1.76309E+12,,,,,,,,,,,,,,,
g1_online_only,LEO_ONLY,24,0,400,2,81,ok,,0,1,81.126958,2014,5,10.81,0.064,10.853,10.831666,888,708,418,2014,2,2,1,5,1.76309E+12,1.76309E+12,,,,,,,,,,,,,,,
g1_online_only,LEO_ONLY,24,0,400,2,82,ok,,0,1,80.207417,2013,5,10.482,0.09,10.792,10.72812499,887,708,418,2013,2,2,1,5,1.76309E+12,1.76309E+12,,,,,,,,,,,,,,,
g1_online_only,LEO_ONLY,24,0,400,2,83,ok,,0,1,73.301958,2015,5,10.362,0.066,10.62,10.599208,888,709,418,2015,2,2,1,5,1.76309E+12,1.76309E+12,,,,,,,,,,,,,,,
g1_online_only,LEO_ONLY,24,0,400,2,84,ok,,0,1,76.3175,2017,5,10.477,0.067,10.885,10.8645,889,709,419,2017,2,2,1,5,1.76309E+12,1.76309E+12,,,,,,,,,,,,,,,
g1_online_only,LEO_ONLY,24,0,400,2,85,ok,,0,1,78.34937501,2014,5,10.86,0.082,11.247,11.257875,888,708,418,2014,2,2,1,5,1.76309E+12,1.76309E+12,,,,,,,,,,,,,,,
g1_online_only,LEO_ONLY,24,0,400,2,86,ok,,0,1,77.260875,2017,5,10.332,0.069,10.488,10.468917,889,709,419,2017,2,2,1,5,1.76309E+12,1.76309E+12,,,,,,,,,,,,,,,
g1_online_only,LEO_ONLY,24,0,400,2,87,ok,,0,1,77.048125,2013,5,10.704,0.069,10.459,10.437959,887,708,418,2013,2,2,1,5,1.76309E+12,1.76309E+12,,,,,,,,,,,,,,,
g1_online_only,LEO_ONLY,24,0,400,2,88,ok,,0,1,73.717208,2017,5,10.554,0.055,10.788,10.768042,889,709,419,2017,2,2,1,5,1.76309E+12,1.76309E+12,,,,,,,,,,,,,,,
g1_online_only,LEO_ONLY,24,0,400,2,89,ok,,0,1,79.522,2017,5,10.72,0.067,11.202,11.179167,889,709,419,2017,2,2,1,5,1.76309E+12,1.76309E+12,,,,,,,,,,,,,,,
g1_online_only,LEO_ONLY,24,0,400,2,90,ok,,0,1,84.4255,2012,5,11.161,0.075,11.3,11.273042,887,708,417,2012,2,2,1,5,1.76309E+12,1.76309E+12,,,,,,,,,,,,,,,
g1_online_only,LEO_ONLY,24,0,400,2,91,ok,,0,1,81.91475,2012,5,11.623,0.077,11.9,11.863292,887,707,418,2012,2,2,1,5,1.76309E+12,1.76309E+12,,,,,,,,,,,,,,,
g1_online_only,LEO_ONLY,24,0,400,2,92,ok,,0,1,83.068167,2015,5,12.436,0.077,12.47,12.443167,888,709,418,2015,2,2,1,5,1.76309E+12,1.76309E+12,,,,,,,,,,,,,,,
g1_online_only,LEO_ONLY,24,0,400,2,93,ok,,0,1,86.162208,2013,5,13.154,0.096,13.333,13.302083,887,708,418,2013,2,2,1,5,1.76309E+12,1.76309E+12,,,,,,,,,,,,,,,
g1_online_only,LEO_ONLY,24,0,400,2,94,ok,,0,1,94.880959,2013,5,15.132,0.098,14.827,14.788959,887,709,417,2013,2,2,1,5,1.76309E+12,1.76309E+12,,,,,,,,,,,,,,,
g1_online_only,LEO_ONLY,24,0,400,2,95,ok,,0,1,94.111125,2014,5,16.23,0.093,16.238,16.205791,887,709,418,2014,2,2,1,5,1.76309E+12,1.76309E+12,,,,,,,,,,,,,,,
g1_online_only,LEO_ONLY,24,0,400,2,96,ok,,0,1,86.745626,2015,5,14.945,0.095,15.113,15.082875,888,708,419,2015,2,2,1,5,1.76309E+12,1.76309E+12,,,,,,,,,,,,,,,
g1_online_only,LEO_ONLY,24,0,400,2,97,ok,,0,1,90.127875,2014,5,14.388,0.095,15.112,15.070875,887,708,419,2014,2,2,1,5,1.76309E+12,1.76309E+12,,,,,,,,,,,,,,,
g1_online_only,LEO_ONLY,24,0,400,2,98,ok,,0,1,83.891125,2012,5,13.395,0.079,14.086,14.054,887,708,417,2012,2,2,1,5,1.76309E+12,1.76309E+12,,,,,,,,,,,,,,,
g1_online_only,LEO_ONLY,24,0,400,2,99,ok,,0,1,89.536667,2015,5,12.587,0.084,12.694,12.663958,888,708,419,2015,2,2,1,5,1.76309E+12,1.76309E+12,,,,,,,,,,,,,,,
g1_online_only,LEO_ONLY,24,0,400,2,100,ok,,0,1,82.255083,2015,5,12.373,0.081,12.413,12.385375,888,708,419,2015,2,2,1,5,1.76309E+12,1.76309E+12,,,,,,,,,,,,,,,
g1_online_only,LEO_ONLY,24,0,400,2,101,ok,,0,1,83.72795799,2012,5,11.791,0.079,11.935,11.908458,887,708,417,2012,2,2,1,5,1.76309E+12,1.76309E+12,,,,,,,,,,,,,,,
g1_online_only,LEO_ONLY,24,0,400,2,102,ok,,0,1,86.150791,2013,5,11.781,0.08,12.144,12.117,887,708,418,2013,2,2,1,5,1.76309E+12,1.76309E+12,,,,,,,,,,,,,,,
g1_online_only,LEO_ONLY,24,0,400,2,103,ok,,0,1,75.03575,2014,5,11.672,0.081,11.872,11.843501,888,708,418,2014,2,2,1,5,1.76309E+12,1.76309E+12,,,,,,,,,,,,,,,
g1_online_only,LEO_ONLY,24,0,400,2,104,ok,,0,1,81.37025,2013,5,11.371,0.08,11.456,11.418958,887,708,418,2013,2,2,1,5,1.76309E+12,1.76309E+12,,,,,,,,,,,,,,,
g1_online_only,LEO_ONLY,24,0,400,2,105,ok,,0,1,80.618667,2012,5,12.358,0.078,12.729,12.702375,887,708,417,2012,2,2,1,5,1.76309E+12,1.76309E+12,,,,,,,,,,,,,,,
g1_online_only,LEO_ONLY,24,0,400,2,106,ok,,0,1,77.604917,2017,5,12.09,0.086,11.838,11.811042,889,709,419,2017,2,2,1,5,1.76309E+12,1.76309E+12,,,,,,,,,,,,,,,
g1_online_only,LEO_ONLY,24,0,400,2,107,ok,,0,1,87.087417,2013,5,12.311,0.162,12.68,12.62862499,887,708,418,2013,2,2,1,5,1.76309E+12,1.76309E+12,,,,,,,,,,,,,,,
g1_online_only,LEO_ONLY,24,0,400,2,108,ok,,0,1,80.87125,2017,5,11.859,0.079,12.269,12.239916,889,709,419,2017,2,2,1,5,1.76309E+12,1.76309E+12,,,,,,,,,,,,,,,
g1_online_only,LEO_ONLY,24,0,400,2,109,ok,,0,1,86.83775,2017,5,11.9,0.082,11.924,11.895667,889,709,419,2017,2,2,1,5,1.76309E+12,1.76309E+12,,,,,,,,,,,,,,,
g1_online_only,LEO_ONLY,24,0,400,2,110,ok,,0,1,86.252667,2017,5,11.713,0.091,12.257,12.228667,889,709,419,2017,2,2,1,5,1.76309E+12,1.76309E+12,,,,,,,,,,,,,,,
g1_online_only,LEO_ONLY,24,0,400,2,111,ok,,0,1,81.411333,2017,5,11.861,0.071,11.957,11.928125,889,709,419,2017,2,2,1,5,1.76309E+12,1.76309E+12,,,,,,,,,,,,,,,
g1_online_only,LEO_ONLY,24,0,400,2,112,ok,,0,1,86.102416,2014,5,11.759,0.093,12.632,12.602,888,708,418,2014,2,2,1,5,1.76309E+12,1.76309E+12,,,,,,,,,,,,,,,
g1_online_only,LEO_ONLY,24,0,400,2,113,ok,,0,1,92.731709,2017,5,15.086,0.099,14.053,14.023542,889,709,419,2017,2,2,1,5,1.76309E+12,1.76309E+12,,,,,,,,,,,,,,,
g1_online_only,LEO_ONLY,24,0,400,2,114,ok,,0,1,77.925292,2014,5,10.832,0.089,10.668,10.637876,888,708,418,2014,2,2,1,5,1.76309E+12,1.76309E+12,,,,,,,,,,,,,,,
g1_online_only,LEO_ONLY,24,0,400,2,115,ok,,0,1,72.6665,2014,5,10.406,0.066,10.473,10.45775,888,708,418,2014,2,2,1,5,1.76309E+12,1.76309E+12,,,,,,,,,,,,,,,
g1_online_only,LEO_ONLY,24,0,400,2,116,ok,,0,1,79.292459,2014,5,10.515,0.064,10.689,10.667458,888,708,418,2014,2,2,1,5,1.76309E+12,1.76309E+12,,,,,,,,,,,,,,,
g1_online_only,LEO_ONLY,24,0,400,2,117,ok,,0,1,81.573666,2012,5,10.794,0.068,10.685,10.661375,887,707,418,2012,2,2,1,5,1.76309E+12,1.76309E+12,,,,,,,,,,,,,,,
g1_online_only,LEO_ONLY,24,0,400,2,118,ok,,0,1,77.556958,2010,5,11.969,0.167,11.76,11.82525,886,708,416,2010,2,2,1,5,1.76309E+12,1.76309E+12,,,,,,,,,,,,,,,
g1_online_only,LEO_ONLY,24,0,400,2,119,ok,,0,1,82.571416,2015,5,10.985,0.108,10.8,10.75479099,888,708,419,2015,2,2,1,5,1.76309E+12,1.76309E+12,,,,,,,,,,,,,,,
g1_online_only,LEO_ONLY,24,0,400,2,120,ok,,0,1,77.704041,2013,5,10.738,0.065,10.811,10.798917,887,708,418,2013,2,2,1,5,1.76309E+12,1.76309E+12,,,,,,,,,,,,,,,
g1_online_only,LEO_ONLY,24,0,400,2,121,ok,,0,1,77.308417,2016,5,10.21,0.065,10.628,10.604917,888,709,419,2016,2,2,1,5,1.76309E+12,1.76309E+12,,,,,,,,,,,,,,,
g1_online_only,LEO_ONLY,24,0,400,2,122,ok,,0,1,81.912334,2013,5,10.898,0.065,10.907,10.880083,887,708,418,2013,2,2,1,5,1.76309E+12,1.76309E+12,,,,,,,,,,,,,,,
g1_online_only,LEO_ONLY,24,0,400,2,123,ok,,0,1,75.956292,2012,5,10.442,0.073,10.695,10.67425,887,707,418,2012,2,2,1,5,1.76309E+12,1.76309E+12,,,,,,,,,,,,,,,
g1_online_only,LEO_ONLY,24,0,400,2,124,ok,,0,1,77.857917,2011,5,10.65,0.102,10.982,10.9555,886,707,418,2011,2,2,1,5,1.76309E+12,1.76309E+12,,,,,,,,,,,,,,,
g1_online_only,LEO_ONLY,24,0,400,2,125,ok,,0,1,85.373709,2012,5,11.098,0.085,10.977,10.946459,887,708,417,2012,2,2,1,5,1.76309E+12,1.76309E+12,,,,,,,,,,,,,,,
g1_online_only,LEO_ONLY,24,0,400,2,126,ok,,0,1,79.533875,2014,5,10.733,0.095,10.939,10.910916,887,708,419,2014,2,2,1,5,1.76309E+12,1.76309E+12,,,,,,,,,,,,,,,
g1_online_only,LEO_ONLY,24,0,400,2,127,ok,,0,1,74.754917,2015,5,10.505,0.068,10.686,10.664917,888,708,419,2015,2,2,1,5,1.76309E+12,1.76309E+12,,,,,,,,,,,,,,,
g1_online_only,LEO_ONLY,24,0,400,2,128,ok,,0,1,81.660917,2017,5,10.723,0.057,10.822,10.8,889,709,419,2017,2,2,1,5,1.76309E+12,1.76309E+12,,,,,,,,,,,,,,,
g1_online_only,LEO_ONLY,24,0,400,2,129,ok,,0,1,81.630542,2012,5,10.66,0.068,10.721,10.70083299,887,707,418,2012,2,2,1,5,1.76309E+12,1.76309E+12,,,,,,,,,,,,,,,
g1_online_only,LEO_ONLY,24,0,400,2,130,ok,,0,1,82.420667,2014,5,11.041,0.067,10.575,10.553334,887,709,418,2014,2,2,1,5,1.76309E+12,1.76309E+12,,,,,,,,,,,,,,,
g1_online_only,LEO_ONLY,24,0,400,2,131,ok,,0,1,91.658208,2010,5,11.463,0.074,11.299,11.27129199,886,708,416,2010,2,2,1,5,1.76309E+12,1.76309E+12,,,,,,,,,,,,,,,
g1_online_only,LEO_ONLY,24,0,400,2,132,ok,,0,1,79.25658301,2016,5,11.539,0.082,11.785,11.757083,888,709,419,2016,2,2,1,5,1.76309E+12,1.76309E+12,,,,,,,,,,,,,,,
g1_online_only,LEO_ONLY,24,0,400,2,133,ok,,0,1,76.59208401,1988,5,12.973,0.08,12.875,12.845792,875,708,405,1988,2,2,1,5,1.76309E+12,1.76309E+12,,,,,,,,,,,,,,,
g1_online_only,LEO_ONLY,24,0,400,2,134,ok,,0,1,87.285583,2010,5,13.992,0.094,14.167,14.13804101,885,708,417,2010,2,2,1,5,1.76309E+12,1.76309E+12,,,,,,,,,,,,,,,
g1_online_only,LEO_ONLY,24,0,400,2,135,ok,,0,1,93.205167,2012,5,16.476,0.106,16.698,16.66487499,887,708,417,2012,2,2,1,5,1.76309E+12,1.76309E+12,,,,,,,,,,,,,,,
g1_online_only,LEO_ONLY,24,0,400,2,136,ok,,0,1,97.724667,2010,5,16.564,0.106,16.252,16.222875,886,707,417,2010,2,2,1,5,1.76309E+12,1.76309E+12,,,,,,,,,,,,,,,
g1_online_only,LEO_ONLY,24,0,400,2,137,ok,,0,1,98.732041,2015,5,15.762,0.097,16.165,16.132875,888,709,418,2015,2,2,1,5,1.76309E+12,1.76309E+12,,,,,,,,,,,,,,,
g1_online_only,LEO_ONLY,24,0,400,2,138,ok,,0,1,87.887416,2014,5,14.083,0.099,15.014,14.985458,887,708,419,2014,2,2,1,5,1.76309E+12,1.76309E+12,,,,,,,,,,,,,,,
g1_online_only,LEO_ONLY,24,0,400,2,139,ok,,0,1,81.217833,2014,5,13.467,0.09,13.255,13.225208,887,709,418,2014,2,2,1,5,1.76309E+12,1.76309E+12,,,,,,,,,,,,,,,
g1_online_only,LEO_ONLY,24,0,400,2,140,ok,,0,1,84.84875,2015,5,12.321,0.073,12.543,12.51299999,888,708,419,2015,2,2,1,5,1.76309E+12,1.76309E+12,,,,,,,,,,,,,,,
g1_online_only,LEO_ONLY,24,0,400,2,141,ok,,0,1,69.55687499,2012,5,10.233,0.071,10.638,10.608417,887,708,417,2012,2,2,1,5,1.76309E+12,1.76309E+12,,,,,,,,,,,,,,,
g1_online_only,LEO_ONLY,24,0,400,2,142,ok,,0,1,74.132459,2014,5,10.497,0.071,10.818,10.786209,888,708,418,2014,2,2,1,5,1.76309E+12,1.76309E+12,,,,,,,,,,,,,,,
g1_online_only,LEO_ONLY,24,0,400,2,143,ok,,0,1,88.255,2014,5,13.721,0.139,11.478,11.433458,888,708,418,2014,2,2,1,5,1.76309E+12,1.76309E+12,,,,,,,,,,,,,,,
g1_online_only,LEO_ONLY,24,0,400,2,144,ok,,0,1,82.484125,2009,5,12.504,0.27,11.91,11.890125,885,707,417,2009,2,2,1,5,1.76309E+12,1.76309E+12,,,,,,,,,,,,,,,
g1_online_only,LEO_ONLY,24,0,400,2,145,ok,,0,1,195.430625,2011,5,116.269,0.318,20.263,19.376375,886,708,417,2011,2,2,1,5,1.76309E+12,1.76309E+12,,,,,,,,,,,,,,,
g1_online_only,LEO_ONLY,24,0,400,2,146,ok,,0,1,78.728375,2012,5,11.711,0.236,11.235,11.233,887,707,418,2012,2,2,1,5,1.76309E+12,1.76309E+12,,,,,,,,,,,,,,,
g1_online_only,LEO_ONLY,24,0,400,2,147,ok,,0,1,82.03275,2014,5,9.898,0.103,10.719,10.656208,888,708,418,2014,2,2,1,5,1.76309E+12,1.76309E+12,,,,,,,,,,,,,,,
g1_online_only,LEO_ONLY,24,0,400,2,148,ok,,0,1,80.316,2012,5,10.764,0.068,10.777,10.757833,887,707,418,2012,2,2,1,5,1.76309E+12,1.76309E+12,,,,,,,,,,,,,,,
g1_online_only,LEO_ONLY,24,0,400,2,149,ok,,0,1,81.256,2013,5,10.708,0.07,10.66,10.640625,886,708,419,2013,2,2,1,5,1.76309E+12,1.76309E+12,,,,,,,,,,,,,,,
g1_online_only,LEO_ONLY,24,0,400,2,150,ok,,0,1,81.796292,2015,5,10.442,0.065,11.11,11.085959,888,708,419,2015,2,2,1,5,1.76309E+12,1.76309E+12,,,,,,,,,,,,,,,
g1_online_only,LEO_ONLY,24,0,400,2,151,ok,,0,1,78.155084,2017,5,10.645,0.074,10.657,10.63208299,889,709,419,2017,2,2,1,5,1.76309E+12,1.76309E+12,,,,,,,,,,,,,,,
g1_online_only,LEO_ONLY,24,0,400,2,152,ok,,0,1,77.177209,2015,5,10.468,0.072,10.883,10.859542,888,708,419,2015,2,2,1,5,1.76309E+12,1.76309E+12,,,,,,,,,,,,,,,
g1_online_only,LEO_ONLY,24,0,400,2,153,ok,,0,1,74.714292,2012,5,10.545,0.067,10.405,10.38575,886,708,418,2012,2,2,1,5,1.76309E+12,1.76309E+12,,,,,,,,,,,,,,,
g1_online_only,LEO_ONLY,24,0,400,2,154,ok,,0,1,79.595625,2015,5,10.752,0.065,10.855,10.832875,888,708,419,2015,2,2,1,5,1.76309E+12,1.76309E+12,,,,,,,,,,,,,,,
g1_online_only,LEO_ONLY,24,0,400,2,155,ok,,0,1,78.464959,2017,5,10.536,0.069,10.466,10.443,889,709,419,2017,2,2,1,5,1.76309E+12,1.76309E+12,,,,,,,,,,,,,,,
g1_online_only,LEO_ONLY,24,0,400,2,156,ok,,0,1,79.79404199,2017,5,10.864,0.067,10.589,10.567667,889,709,419,2017,2,2,1,5,1.76309E+12,1.76309E+12,,,,,,,,,,,,,,,
g1_online_only,LEO_ONLY,24,0,400,2,157,ok,,0,1,79.148084,2012,5,12.001,0.079,11.618,11.58754199,887,707,418,2012,2,2,1,5,1.76309E+12,1.76309E+12,,,,,,,,,,,,,,,
g1_online_only,LEO_ONLY,24,0,400,2,158,ok,,0,1,85.475834,2011,5,13.682,0.092,13.313,13.284042,885,708,418,2011,2,2,1,5,1.76309E+12,1.76309E+12,,,,,,,,,,,,,,,
g1_online_only,LEO_ONLY,24,0,400,2,159,ok,,0,1,94.027917,2014,5,14.922,0.093,15.257,15.226083,888,708,418,2014,2,2,1,5,1.76309E+12,1.76309E+12,,,,,,,,,,,,,,,
g1_online_only,LEO_ONLY,24,0,400,2,160,ok,,0,1,100.779042,2015,5,17.605,0.142,18.228,18.194042,888,709,418,2015,2,2,1,5,1.76309E+12,1.76309E+12,,,,,,,,,,,,,,,
g1_online_only,LEO_ONLY,24,0,400,2,161,ok,,0,1,111.287834,2010,5,20.722,0.181,21.63,21.532792,886,707,417,2010,2,2,1,5,1.76309E+12,1.76309E+12,,,,,,,,,,,,,,,
g1_online_only,LEO_ONLY,24,0,400,2,162,ok,,0,1,95.832542,2012,5,18.852,0.123,18.174,18.130667,887,708,417,2012,2,2,1,5,1.76309E+12,1.76309E+12,,,,,,,,,,,,,,,
g1_online_only,LEO_ONLY,24,0,400,2,163,ok,,0,1,96.93125,2012,5,17.969,0.143,18.347,18.247666,887,708,417,2012,2,2,1,5,1.76309E+12,1.76309E+12,,,,,,,,,,,,,,,
g1_online_only,LEO_ONLY,24,0,400,2,164,ok,,0,1,89.68375,2012,5,15.331,0.096,15.523,15.493417,886,708,418,2012,2,2,1,5,1.76309E+12,1.76309E+12,,,,,,,,,,,,,,,
g1_online_only,LEO_ONLY,24,0,400,2,165,ok,,0,1,80.687333,2014,5,13.35,0.088,13.408,13.378959,888,708,418,2014,2,2,1,5,1.76309E+12,1.76309E+12,,,,,,,,,,,,,,,
g1_online_only,LEO_ONLY,24,0,400,2,166,ok,,0,1,80.841625,2012,5,11.88,0.083,12.917,12.878833,887,708,417,2012,2,2,1,5,1.76309E+12,1.76309E+12,,,,,,,,,,,,,,,
g1_online_only,LEO_ONLY,24,0,400,2,167,ok,,0,1,84.852541,2012,5,11.853,0.081,12.02,11.993458,887,707,418,2012,2,2,1,5,1.76309E+12,1.76309E+12,,,,,,,,,,,,,,,
g1_online_only,LEO_ONLY,24,0,400,2,168,ok,,0,1,76.621709,2015,5,11.695,0.078,11.818,11.793834,888,708,419,2015,2,2,1,5,1.76309E+12,1.76309E+12,,,,,,,,,,,,,,,
g1_online_only,LEO_ONLY,24,0,400,2,169,ok,,0,1,76.431375,2013,5,11.793,0.101,11.573,11.547083,887,708,418,2013,2,2,1,5,1.76309E+12,1.76309E+12,,,,,,,,,,,,,,,
g1_online_only,LEO_ONLY,24,0,400,2,170,ok,,0,1,81.207042,2014,5,10.93,0.068,11.042,11.015917,888,708,418,2014,2,2,1,5,1.76309E+12,1.76309E+12,,,,,,,,,,,,,,,
g1_online_only,LEO_ONLY,24,0,400,2,171,ok,,0,1,71.180417,2012,5,11.003,0.076,11.295,11.269209,887,708,417,2012,2,2,1,5,1.76309E+12,1.76309E+12,,,,,,,,,,,,,,,
g1_online_only,LEO_ONLY,24,0,400,2,172,ok,,0,1,82.81770899,2015,5,11.068,0.078,11.282,11.246542,888,708,419,2015,2,2,1,5,1.76309E+12,1.76309E+12,,,,,,,,,,,,,,,
g1_online_only,LEO_ONLY,24,0,400,2,173,ok,,0,1,75.976958,2012,5,10.549,0.074,10.498,10.471584,887,707,418,2012,2,2,1,5,1.76309E+12,1.76309E+12,,,,,,,,,,,,,,,
g1_online_only,LEO_ONLY,24,0,400,2,174,ok,,0,1,77.689958,2014,5,10.697,0.064,10.662,10.642292,888,708,418,2014,2,2,1,5,1.76309E+12,1.76309E+12,,,,,,,,,,,,,,,
g1_online_only,LEO_ONLY,24,0,400,2,175,ok,,0,1,77.455417,2015,5,10.466,0.056,10.664,10.642959,889,708,418,2015,2,2,1,5,1.76309E+12,1.76309E+12,,,,,,,,,,,,,,,
g1_online_only,LEO_ONLY,24,0,400,2,176,ok,,0,1,77.41812499,2012,5,10.479,0.058,10.512,10.488459,887,707,418,2012,2,2,1,5,1.76309E+12,1.76309E+12,,,,,,,,,,,,,,,
g1_online_only,LEO_ONLY,24,0,400,2,177,ok,,0,1,81.201292,2013,5,10.768,0.065,10.521,10.498625,887,709,417,2013,2,2,1,5,1.76309E+12,1.76309E+12,,,,,,,,,,,,,,,
g1_online_only,LEO_ONLY,24,0,400,2,178,ok,,0,1,73.720459,2012,5,11.627,0.172,11.147,11.168375,887,707,418,2012,2,2,1,5,1.76309E+12,1.76309E+12,,,,,,,,,,,,,,,
g1_online_only,LEO_ONLY,24,0,400,2,179,ok,,0,1,84.185375,1999,5,10.142,0.125,22.657,22.599083,873,709,417,1999,2,2,1,5,1.76309E+12,1.76309E+12,,,,,,,,,,,,,,,
g1_online_only,LEO_ONLY,24,0,400,2,180,ok,,0,1,79.560167,2014,5,10.578,0.108,10.192,10.165333,888,708,418,2014,2,2,1,5,1.76309E+12,1.76309E+12,,,,,,,,,,,,,,,
g1_online_only,LEO_ONLY,24,0,400,2,181,ok,,0,1,73.5025,2012,5,10.34,0.063,10.669,10.64875,887,708,417,2012,2,2,1,5,1.76309E+12,1.76309E+12,,,,,,,,,,,,,,,
g1_online_only,LEO_ONLY,24,0,400,2,182,ok,,0,1,71.523209,2013,5,10.523,0.072,10.461,10.43875,887,708,418,2013,2,2,1,5,1.76309E+12,1.76309E+12,,,,,,,,,,,,,,,
g1_online_only,LEO_ONLY,24,0,400,2,183,ok,,0,1,75.322333,2014,5,10.214,0.066,10.473,10.454875,888,708,418,2014,2,2,1,5,1.76309E+12,1.76309E+12,,,,,,,,,,,,,,,
g1_online_only,LEO_ONLY,24,0,400,2,184,ok,,0,2,74.323667,2017,5,10.333,0.065,10.967,10.946334,889,709,419,2017,2,2,1,5,1.76309E+12,1.76309E+12,,,,,,,,,,,,,,,
g1_online_only,LEO_ONLY,24,0,400,2,185,ok,,0,1,86.219625,2017,5,10.635,0.067,10.919,10.896458,889,709,419,2017,2,2,1,5,1.76309E+12,1.76309E+12,,,,,,,,,,,,,,,
g1_online_only,LEO_ONLY,24,0,400,2,186,ok,,0,1,83.293083,2013,5,10.443,0.067,10.858,10.836958,887,707,419,2013,2,2,1,5,1.76309E+12,1.76309E+12,,,,,,,,,,,,,,,
g1_online_only,LEO_ONLY,24,0,400,2,187,ok,,0,1,76.471333,2014,5,10.42,0.065,10.861,10.840959,888,708,418,2014,2,2,1,5,1.76309E+12,1.76309E+12,,,,,,,,,,,,,,,
g1_online_only,LEO_ONLY,24,0,400,2,188,ok,,0,1,75.692791,2011,5,10.54,0.065,10.538,10.517625,886,707,418,2011,2,2,1,5,1.76309E+12,1.76309E+12,,,,,,,,,,,,,,,
g1_online_only,LEO_ONLY,24,0,400,2,189,ok,,0,1,83.88145801,2017,5,10.601,0.069,10.551,10.531916,889,709,419,2017,2,2,1,5,1.76309E+12,1.76309E+12,,,,,,,,,,,,,,,
g1_online_only,LEO_ONLY,24,0,400,2,190,ok,,0,1,71.267,2016,5,10.244,0.06,10.434,10.415542,889,708,419,2016,2,2,1,5,1.76309E+12,1.76309E+12,,,,,,,,,,,,,,,
g1_online_only,LEO_ONLY,24,0,400,2,191,ok,,0,1,75.50725,2016,5,10.493,0.056,10.515,10.49641601,889,708,419,2016,2,2,1,5,1.76309E+12,1.76309E+12,,,,,,,,,,,,,,,
g1_online_only,LEO_ONLY,24,0,400,2,192,ok,,0,1,199.897875,2012,5,11.116,0.377,25.495,26.436833,887,708,417,2012,2,2,1,5,1.76309E+12,1.76309E+12,,,,,,,,,,,,,,,
g1_online_only,LEO_ONLY,24,0,400,2,193,ok,,0,1,72.8785,2012,5,10.114,0.089,10.471,10.439958,887,708,417,2012,2,2,1,5,1.76309E+12,1.76309E+12,,,,,,,,,,,,,,,
g1_online_only,LEO_ONLY,24,0,400,2,194,ok,,0,1,73.08825,2015,5,10.332,0.087,10.921,10.929375,888,708,419,2015,2,2,1,5,1.76309E+12,1.76309E+12,,,,,,,,,,,,,,,
g1_online_only,LEO_ONLY,24,0,400,2,195,ok,,0,1,77.350709,2012,5,10.472,0.068,10.692,10.670542,887,707,418,2012,2,2,1,5,1.76309E+12,1.76309E+12,,,,,,,,,,,,,,,
g1_online_only,LEO_ONLY,24,0,400,2,196,ok,,0,1,74.866292,2015,5,10.584,0.068,10.728,10.70562501,888,708,419,2015,2,2,1,5,1.76309E+12,1.76309E+12,,,,,,,,,,,,,,,
g1_online_only,LEO_ONLY,24,0,400,2,197,ok,,0,1,71.755958,2014,5,10.249,0.056,10.65,10.655834,888,708,418,2014,2,2,1,5,1.76309E+12,1.76309E+12,,,,,,,,,,,,,,,
g1_online_only,LEO_ONLY,24,0,400,2,198,ok,,0,1,80.874,2017,5,10.951,0.071,10.991,10.984959,889,709,419,2017,2,2,1,5,1.76309E+12,1.76309E+12,,,,,,,,,,,,,,,
g1_online_only,LEO_ONLY,24,0,400,2,199,ok,,0,1,74.83375,2013,5,10.305,0.058,10.611,10.60108301,887,708,418,2013,2,2,1,5,1.76309E+12,1.76309E+12,,,,,,,,,,,,,,,
g1_online_only,LEO_ONLY,24,0,400,2,200,ok,,0,1,74.744625,2011,5,10.598,0.084,10.535,10.509625,887,707,417,2011,2,2,1,5,1.76309E+12,1.76309E+12,,,,,,,,,,,,,,,
g1_online_only,LEO_ONLY,24,0,400,2,201,ok,,0,1,73.853375,2015,5,10.304,0.067,10.735,10.711791,888,708,419,2015,2,2,1,5,1.76309E+12,1.76309E+12,,,,,,,,,,,,,,,
g1_online_only,LEO_ONLY,24,0,400,2,202,ok,,0,1,70.870875,2014,5,10.393,0.065,10.645,10.624834,888,708,418,2014,2,2,1,5,1.76309E+12,1.76309E+12,,,,,,,,,,,,,,,
g1_online_only,LEO_ONLY,24,0,400,2,203,ok,,0,1,70.917083,2013,5,10.477,0.066,10.588,10.566916,887,708,418,2013,2,2,1,5,1.76309E+12,1.76309E+12,,,,,,,,,,,,,,,
g1_online_only,LEO_ONLY,24,0,400,2,204,ok,,0,1,76.749584,2014,5,10.256,0.063,10.637,10.625208,888,708,418,2014,2,2,1,5,1.76309E+12,1.76309E+12,,,,,,,,,,,,,,,
g1_online_only,LEO_ONLY,24,0,400,2,205,ok,,0,1,82.85787499,2013,5,10.821,0.068,10.669,10.64929199,887,708,418,2013,2,2,1,5,1.76309E+12,1.76309E+12,,,,,,,,,,,,,,,
g1_online_only,LEO_ONLY,24,0,400,2,206,ok,,0,1,73.239833,2017,5,10.423,0.062,10.686,10.66879201,889,709,419,2017,2,2,1,5,1.76309E+12,1.76309E+12,,,,,,,,,,,,,,,
g1_online_only,LEO_ONLY,24,0,400,2,207,ok,,0,1,185.513,2013,5,73.575,0.344,19.687,19.67775,887,708,418,2013,2,2,1,5,1.76309E+12,1.76309E+12,,,,,,,,,,,,,,,
g1_online_only,LEO_ONLY,24,0,400,2,208,ok,,0,1,84.453917,2015,5,10.809,0.061,10.873,10.849292,888,708,419,2015,2,2,1,5,1.76309E+12,1.76309E+12,,,,,,,,,,,,,,,
g1_online_only,LEO_ONLY,24,0,400,2,209,ok,,0,1,80.2145,2011,5,10.695,0.072,10.806,10.785542,886,709,416,2011,2,2,1,5,1.76309E+12,1.76309E+12,,,,,,,,,,,,,,,
g1_online_only,LEO_ONLY,24,0,400,2,210,ok,,0,1,72.969875,2015,5,10.54,0.066,10.553,10.531208,888,709,418,2015,2,2,1,5,1.76309E+12,1.76309E+12,,,,,,,,,,,,,,,
g1_online_only,LEO_ONLY,24,0,400,2,211,ok,,0,1,88.519375,2011,5,11.071,0.08,11.078,11.055041,886,708,417,2011,2,2,1,5,1.76309E+12,1.76309E+12,,,,,,,,,,,,,,,
g1_online_only,LEO_ONLY,24,0,400,2,212,ok,,0,1,76.00225,2012,5,10.714,0.075,10.706,10.681917,887,708,417,2012,2,2,1,5,1.76309E+12,1.76309E+12,,,,,,,,,,,,,,,
g1_online_only,LEO_ONLY,24,0,400,2,213,ok,,0,1,82.970917,2012,5,11.637,0.087,11.19,11.163208,887,708,417,2012,2,2,1,5,1.76309E+12,1.76309E+12,,,,,,,,,,,,,,,
g1_online_only,LEO_ONLY,24,0,400,2,214,ok,,0,1,96.54379199,2012,5,17.254,0.202,20.02,19.723209,887,708,417,2012,2,2,1,5,1.76309E+12,1.76309E+12,,,,,,,,,,,,,,,
g1_online_only,LEO_ONLY,24,0,400,2,215,ok,,0,1,83.2995,2017,5,13.381,0.144,10.887,10.884542,889,709,419,2017,2,2,1,5,1.76309E+12,1.76309E+12,,,,,,,,,,,,,,,
g1_online_only,LEO_ONLY,24,0,400,2,216,ok,,0,1,69.20825,2014,5,10.302,0.07,10.662,10.56091599,888,708,418,2014,2,2,1,5,1.76309E+12,1.76309E+12,,,,,,,,,,,,,,,
g1_online_only,LEO_ONLY,24,0,400,2,217,ok,,0,1,68.61125,2014,5,10.433,0.059,10.443,10.420708,888,708,418,2014,2,2,1,5,1.76309E+12,1.76309E+12,,,,,,,,,,,,,,,
g1_online_only,LEO_ONLY,24,0,400,2,218,ok,,0,1,73.57575,2013,5,10.348,0.059,10.614,10.594292,888,707,418,2013,2,2,1,5,1.76309E+12,1.76309E+12,,,,,,,,,,,,,,,
g1_online_only,LEO_ONLY,24,0,400,2,219,ok,,0,1,79.285584,2017,5,10.564,0.072,10.651,10.62875,889,709,419,2017,2,2,1,5,1.76309E+12,1.76309E+12,,,,,,,,,,,,,,,
g1_online_only,LEO_ONLY,24,0,400,2,220,ok,,0,1,72.156916,2017,5,10.376,0.064,10.429,10.4075,889,709,419,2017,2,2,1,5,1.76309E+12,1.76309E+12,,,,,,,,,,,,,,,
g1_online_only,LEO_ONLY,24,0,400,2,221,ok,,0,1,81.204667,2014,5,10.48,0.111,11.097,11.07604201,888,708,418,2014,2,2,1,5,1.76309E+12,1.76309E+12,,,,,,,,,,,,,,,
g1_online_only,LEO_ONLY,24,0,400,2,222,ok,,0,1,143.515042,2011,5,20.251,0.185,51.244,51.291625,886,708,417,2011,2,2,1,5,1.76309E+12,1.76309E+12,,,,,,,,,,,,,,,
g1_online_only,LEO_ONLY,24,0,400,2,223,ok,,0,1,104.716042,2014,5,12.368,1.994,21.597,21.324167,887,708,419,2014,2,2,1,5,1.76309E+12,1.76309E+12,,,,,,,,,,,,,,,
g1_online_only,LEO_ONLY,24,0,400,2,224,ok,,0,1,75.017833,2011,5,10.697,0.136,10.344,10.298209,887,707,417,2011,2,2,1,5,1.76309E+12,1.76309E+12,,,,,,,,,,,,,,,
g1_online_only,LEO_ONLY,24,0,400,2,225,ok,,0,1,71.37241701,2017,5,10.247,0.087,10.256,10.199375,889,709,419,2017,2,2,1,5,1.76309E+12,1.76309E+12,,,,,,,,,,,,,,,
g1_online_only,LEO_ONLY,24,0,400,2,226,ok,,0,1,77.072167,2011,5,10.364,0.064,10.633,10.62391701,886,707,418,2011,2,2,1,5,1.76309E+12,1.76309E+12,,,,,,,,,,,,,,,
g1_online_only,LEO_ONLY,24,0,400,2,227,ok,,0,1,73.552792,2017,5,10.269,0.064,10.642,10.622916,889,709,419,2017,2,2,1,5,1.76309E+12,1.76309E+12,,,,,,,,,,,,,,,
g1_online_only,LEO_ONLY,24,0,400,2,228,ok,,0,1,75.40483301,2016,5,10.425,0.06,10.682,10.6615,889,708,419,2016,2,2,1,5,1.76309E+12,1.76309E+12,,,,,,,,,,,,,,,
g1_online_only,LEO_ONLY,24,0,400,2,229,ok,,0,1,80.929916,2012,5,10.645,0.064,10.638,10.618209,887,708,417,2012,2,2,1,5,1.76309E+12,1.76309E+12,,,,,,,,,,,,,,,
g1_online_only,LEO_ONLY,24,0,400,2,230,ok,,0,1,71.889042,2017,5,10.248,0.068,10.722,10.70075,889,709,419,2017,2,2,1,5,1.76309E+12,1.76309E+12,,,,,,,,,,,,,,,
g1_online_only,LEO_ONLY,24,0,400,2,231,ok,,0,1,72.867,2012,5,11.115,0.13,10.542,10.51591701,886,709,417,2012,2,2,1,5,1.76309E+12,1.76309E+12,,,,,,,,,,,,,,,
g1_online_only,LEO_ONLY,24,0,400,2,232,ok,,0,1,83.900125,2012,5,12.818,0.212,12.392,12.371792,887,708,417,2012,2,2,1,5,1.76309E+12,1.76309E+12,,,,,,,,,,,,,,,
g1_online_only,LEO_ONLY,24,0,400,2,233,ok,,0,1,88.97029101,2015,5,14.664,0.153,14.348,14.279083,888,708,419,2015,2,2,1,5,1.76309E+12,1.76309E+12,,,,,,,,,,,,,,,
g1_online_only,LEO_ONLY,24,0,400,2,234,ok,,0,1,94.0535,2013,5,15.957,0.157,17.894,17.859792,887,708,418,2013,2,2,1,5,1.76309E+12,1.76309E+12,,,,,,,,,,,,,,,
g1_online_only,LEO_ONLY,24,0,400,2,235,ok,,0,1,92.517,2015,5,16.308,0.109,16.298,16.265167,888,708,419,2015,2,2,1,5,1.76309E+12,1.76309E+12,,,,,,,,,,,,,,,
g1_online_only,LEO_ONLY,24,0,400,2,236,ok,,0,1,133.032209,2013,5,28.74,0.251,28.719,28.685084,887,708,418,2013,2,2,1,5,1.76309E+12,1.76309E+12,,,,,,,,,,,,,,,
g1_online_only,LEO_ONLY,24,0,400,2,237,ok,,0,1,199.362292,2009,5,55.723,0.628,47.264,47.274333,885,707,417,2009,2,2,1,5,1.76309E+12,1.76309E+12,,,,,,,,,,,,,,,
g1_online_only,LEO_ONLY,24,0,400,2,238,ok,,0,1,128.457666,2011,5,30.452,0.389,28.837,28.753959,886,708,417,2011,2,2,1,5,1.76309E+12,1.76309E+12,,,,,,,,,,,,,,,
g1_online_only,LEO_ONLY,24,0,400,2,239,ok,,0,1,124.252875,2012,5,28.27,0.188,29.36,29.32187499,886,708,418,2012,2,2,1,5,1.76309E+12,1.76309E+12,,,,,,,,,,,,,,,
g1_online_only,LEO_ONLY,24,0,400,2,240,ok,,0,1,106.275042,2015,5,18.684,0.103,18.366,18.3085,888,709,418,2015,2,2,1,5,1.76309E+12,1.76309E+12,,,,,,,,,,,,,,,
g1_online_only,LEO_ONLY,24,0,400,2,241,ok,,0,1,94.503416,2013,5,15.472,0.102,15.204,15.164291,887,708,418,2013,2,2,1,5,1.76309E+12,1.76309E+12,,,,,,,,,,,,,,,
g1_online_only,LEO_ONLY,24,0,400,2,242,ok,,0,1,85.189875,2014,5,12.753,0.09,13.254,13.223375,887,708,419,2014,2,2,1,5,1.76309E+12,1.76309E+12,,,,,,,,,,,,,,,
g1_online_only,LEO_ONLY,24,0,400,2,243,ok,,0,1,87.502792,2013,5,15.285,0.106,15.092,15.066042,887,708,418,2013,2,2,1,5,1.76309E+12,1.76309E+12,,,,,,,,,,,,,,,
g1_online_only,LEO_ONLY,24,0,400,2,244,ok,,0,1,80.479916,2009,5,12.119,0.086,12.524,12.500291,886,706,417,2009,2,2,1,5,1.76309E+12,1.76309E+12,,,,,,,,,,,,,,,
g1_online_only,LEO_ONLY,24,0,400,2,245,ok,,0,1,82.469375,2014,5,12.085,0.12,12.112,12.083542,888,708,418,2014,2,2,1,5,1.76309E+12,1.76309E+12,,,,,,,,,,,,,,,
g1_online_only,LEO_ONLY,24,0,400,2,246,ok,,0,1,81.645,2017,5,11.546,0.084,12.009,11.980708,889,709,419,2017,2,2,1,5,1.76309E+12,1.76309E+12,,,,,,,,,,,,,,,
g1_online_only,LEO_ONLY,24,0,400,2,247,ok,,0,1,83.642416,2014,5,11.237,0.074,11.735,11.7175,888,708,418,2014,2,2,1,5,1.76309E+12,1.76309E+12,,,,,,,,,,,,,,,
g1_online_only,LEO_ONLY,24,0,400,2,248,ok,,0,1,80.50308299,2011,5,11.586,0.097,11.439,11.409666,886,707,418,2011,2,2,1,5,1.76309E+12,1.76309E+12,,,,,,,,,,,,,,,
g1_online_only,LEO_ONLY,24,0,400,2,249,ok,,0,1,77.06775,2014,5,11.446,0.126,11.254,11.2175,888,708,418,2014,2,2,1,5,1.76309E+12,1.76309E+12,,,,,,,,,,,,,,,
g1_online_only,LEO_ONLY,24,0,400,2,250,ok,,0,1,77.689376,2012,5,11.554,0.076,11.62,11.57925,887,708,417,2012,2,2,1,5,1.76309E+12,1.76309E+12,,,,,,,,,,,,,,,
g1_online_only,LEO_ONLY,24,0,400,2,251,ok,,0,1,84.739,2017,5,11.255,0.07,11.224,11.195875,889,709,419,2017,2,2,1,5,1.76309E+12,1.76309E+12,,,,,,,,,,,,,,,
g1_online_only,LEO_ONLY,24,0,400,2,252,ok,,0,1,79.331709,2017,5,11.6,0.09,11.508,11.47954199,889,709,419,2017,2,2,1,5,1.76309E+12,1.76309E+12,,,,,,,,,,,,,,,
g1_online_only,LEO_ONLY,24,0,400,2,253,ok,,0,1,85.984542,2015,5,11.339,0.08,11.742,11.714542,888,709,418,2015,2,2,1,5,1.76309E+12,1.76309E+12,,,,,,,,,,,,,,,
g1_online_only,LEO_ONLY,24,0,400,2,254,ok,,0,1,79.834625,2015,5,11.427,0.082,11.831,11.798833,888,708,419,2015,2,2,1,5,1.76309E+12,1.76309E+12,,,,,,,,,,,,,,,
g1_online_only,LEO_ONLY,24,0,400,2,255,ok,,0,1,87.028042,2015,5,11.38,0.078,11.56,11.534291,888,708,419,2015,2,2,1,5,1.76309E+12,1.76309E+12,,,,,,,,,,,,,,,
g1_online_only,LEO_ONLY,24,0,400,2,256,ok,,0,1,81.315083,2012,5,11.775,0.078,11.999,11.970833,887,707,418,2012,2,2,1,5,1.76309E+12,1.76309E+12,,,,,,,,,,,,,,,
g1_online_only,LEO_ONLY,24,0,400,2,257,ok,,0,1,84.986625,2014,5,12.263,0.085,12.107,12.080584,888,708,418,2014,2,2,1,5,1.76309E+12,1.76309E+12,,,,,,,,,,,,,,,
g1_online_only,LEO_ONLY,24,0,400,2,258,ok,,0,1,90.406125,2014,5,12.688,0.121,12.707,12.67649999,888,708,418,2014,2,2,1,5,1.76309E+12,1.76309E+12,,,,,,,,,,,,,,,
g1_online_only,LEO_ONLY,24,0,400,2,259,ok,,0,1,90.668542,2014,5,15.916,0.139,15.071,15.038417,888,708,418,2014,2,2,1,5,1.76309E+12,1.76309E+12,,,,,,,,,,,,,,,
g1_online_only,LEO_ONLY,24,0,400,2,260,ok,,0,1,91.02691701,2013,5,17.405,0.098,16.378,16.339,887,709,417,2013,2,2,1,5,1.7631E+12,1.7631E+12,,,,,,,,,,,,,,,
g1_online_only,LEO_ONLY,24,0,400,2,261,ok,,0,1,99.95875,2015,5,18.002,0.122,18.295,18.25575,888,709,418,2015,2,2,1,5,1.7631E+12,1.7631E+12,,,,,,,,,,,,,,,
g1_online_only,LEO_ONLY,24,0,400,2,262,ok,,0,1,92.697125,2011,5,17.94,0.113,17.94,17.908083,886,708,417,2011,2,2,1,5,1.7631E+12,1.7631E+12,,,,,,,,,,,,,,,
g1_online_only,LEO_ONLY,24,0,400,2,263,ok,,0,1,105.620666,2012,5,18.212,0.121,18.478,18.533917,887,707,418,2012,2,2,1,5,1.7631E+12,1.7631E+12,,,,,,,,,,,,,,,
g1_online_only,LEO_ONLY,24,0,400,2,264,ok,,0,1,97.975875,2015,5,16.627,0.108,17.265,17.23029101,888,709,418,2015,2,2,1,5,1.7631E+12,1.7631E+12,,,,,,,,,,,,,,,
g1_online_only,LEO_ONLY,24,0,400,2,265,ok,,0,1,88.74775,2009,5,13.271,0.131,12.383,12.361959,885,708,416,2009,2,2,1,5,1.7631E+12,1.7631E+12,,,,,,,,,,,,,,,
g1_online_only,LEO_ONLY,24,0,400,2,266,ok,,0,1,75.738708,2013,5,10.367,0.071,10.484,10.460458,887,708,418,2013,2,2,1,5,1.7631E+12,1.7631E+12,,,,,,,,,,,,,,,
g1_online_only,LEO_ONLY,24,0,400,2,267,ok,,0,1,77.148458,2011,5,10.496,0.069,10.723,10.698958,887,707,417,2011,2,2,1,5,1.7631E+12,1.7631E+12,,,,,,,,,,,,,,,
g1_online_only,LEO_ONLY,24,0,400,2,268,ok,,0,1,70.13925001,2013,5,10.217,0.093,10.392,10.344333,887,708,418,2013,2,2,1,5,1.7631E+12,1.7631E+12,,,,,,,,,,,,,,,
g1_online_only,LEO_ONLY,24,0,400,2,269,ok,,0,1,82.74766601,2011,5,11.171,0.08,10.638,10.636875,886,707,418,2011,2,2,1,5,1.7631E+12,1.7631E+12,,,,,,,,,,,,,,,
g1_online_only,LEO_ONLY,24,0,400,2,270,ok,,0,1,90.34225,2014,5,12.414,0.182,12.785,12.746875,888,708,418,2014,2,2,1,5,1.7631E+12,1.7631E+12,,,,,,,,,,,,,,,
g1_online_only,LEO_ONLY,24,0,400,2,271,ok,,0,1,73.741417,2015,5,10.429,0.066,10.07,10.048375,888,708,419,2015,2,2,1,5,1.7631E+12,1.7631E+12,,,,,,,,,,,,,,,
g1_online_only,LEO_ONLY,24,0,400,2,272,ok,,0,1,84.233125,2013,5,10.457,0.095,10.504,10.485542,887,708,418,2013,2,2,1,5,1.7631E+12,1.7631E+12,,,,,,,,,,,,,,,
g1_online_only,LEO_ONLY,24,0,400,2,273,ok,,0,1,80.373334,2012,5,10.652,0.074,10.865,10.832459,887,707,418,2012,2,2,1,5,1.7631E+12,1.7631E+12,,,,,,,,,,,,,,,
g1_online_only,LEO_ONLY,24,0,400,2,274,ok,,0,1,76.906542,2014,5,10.455,0.076,10.773,10.7485,888,708,418,2014,2,2,1,5,1.7631E+12,1.7631E+12,,,,,,,,,,,,,,,
g1_online_only,LEO_ONLY,24,0,400,2,275,ok,,0,1,78.754208,2015,5,10.508,0.066,10.626,10.604542,888,708,419,2015,2,2,1,5,1.7631E+12,1.7631E+12,,,,,,,,,,,,,,,
g1_online_only,LEO_ONLY,24,0,400,2,276,ok,,0,1,75.233542,2015,5,10.536,0.056,11.091,11.069708,888,709,418,2015,2,2,1,5,1.7631E+12,1.7631E+12,,,,,,,,,,,,,,,
g1_online_only,LEO_ONLY,24,0,400,2,277,ok,,0,1,82.386583,2013,5,10.861,0.068,11.052,11.032833,887,709,417,2013,2,2,1,5,1.7631E+12,1.7631E+12,,,,,,,,,,,,,,,
g1_online_only,LEO_ONLY,24,0,400,2,278,ok,,0,1,78.0465,2015,5,10.712,0.069,10.58,10.55891599,888,708,419,2015,2,2,1,5,1.7631E+12,1.7631E+12,,,,,,,,,,,,,,,
g1_online_only,LEO_ONLY,24,0,400,2,279,ok,,0,1,162.926125,2016,5,12.364,0.362,19.485,19.382,888,709,419,2016,2,2,1,5,1.7631E+12,1.7631E+12,,,,,,,,,,,,,,,
g1_online_only,LEO_ONLY,24,0,400,2,280,ok,,0,1,97.528251,2013,5,18.111,0.246,19.8,19.788667,887,708,418,2013,2,2,1,5,1.7631E+12,1.7631E+12,,,,,,,,,,,,,,,
g1_online_only,LEO_ONLY,24,0,400,2,281,ok,,0,1,95.661875,2010,5,19.364,0.366,16.859,16.851208,885,708,417,2010,2,2,1,5,1.7631E+12,1.7631E+12,,,,,,,,,,,,,,,
g1_online_only,LEO_ONLY,24,0,400,2,282,ok,,0,1,106.321333,2015,5,20.015,0.228,20.874,20.782458,887,709,419,2015,2,2,1,5,1.7631E+12,1.7631E+12,,,,,,,,,,,,,,,
g1_online_only,LEO_ONLY,24,0,400,2,283,ok,,0,1,118.031,2011,5,24.896,0.244,24.971,24.93375,886,708,417,2011,2,2,1,5,1.7631E+12,1.7631E+12,,,,,,,,,,,,,,,
g1_online_only,LEO_ONLY,24,0,400,2,284,ok,,0,1,134.84875,2014,5,28.84,0.313,30.044,29.98475,887,708,419,2014,2,2,1,5,1.7631E+12,1.7631E+12,,,,,,,,,,,,,,,
g1_online_only,LEO_ONLY,24,0,400,2,285,ok,,0,1,119.332542,2006,5,28.946,0.267,29.297,29.28275,884,706,416,2006,2,2,1,5,1.7631E+12,1.7631E+12,,,,,,,,,,,,,,,
g1_online_only,LEO_ONLY,24,0,400,2,286,ok,,0,1,112.854126,2006,5,24.071,0.137,24.482,24.439167,884,706,416,2006,2,2,1,5,1.7631E+12,1.7631E+12,,,,,,,,,,,,,,,
g1_online_only,LEO_ONLY,24,0,400,2,287,ok,,0,1,103.925625,2012,5,16.61,0.124,18.495,18.463459,887,708,417,2012,2,2,1,5,1.7631E+12,1.7631E+12,,,,,,,,,,,,,,,
g1_online_only,LEO_ONLY,24,0,400,2,288,ok,,0,1,90.583583,2012,5,14,0.083,13.825,13.79349999,887,707,418,2012,2,2,1,5,1.7631E+12,1.7631E+12,,,,,,,,,,,,,,,
g1_online_only,LEO_ONLY,24,0,400,2,289,ok,,0,1,87.278542,2014,5,12.288,0.088,12.423,12.393333,888,708,418,2014,2,2,1,5,1.7631E+12,1.7631E+12,,,,,,,,,,,,,,,
g1_online_only,LEO_ONLY,24,0,400,2,290,ok,,0,1,86.757875,2017,5,12.251,0.162,12.659,12.593875,889,709,419,2017,2,2,1,5,1.7631E+12,1.7631E+12,,,,,,,,,,,,,,,
g1_online_only,LEO_ONLY,24,0,400,2,291,ok,,0,1,80.787709,2008,5,11.593,0.075,12.023,11.989625,885,707,416,2008,2,2,1,5,1.7631E+12,1.7631E+12,,,,,,,,,,,,,,,
g1_online_only,LEO_ONLY,24,0,400,2,292,ok,,0,1,80.08875,2017,5,11.872,0.081,11.678,11.64008299,889,709,419,2017,2,2,1,5,1.7631E+12,1.7631E+12,,,,,,,,,,,,,,,
g1_online_only,LEO_ONLY,24,0,400,2,293,ok,,0,1,81.852833,2017,5,11.603,0.155,12.05,12.03512499,889,709,419,2017,2,2,1,5,1.7631E+12,1.7631E+12,,,,,,,,,,,,,,,
g1_online_only,LEO_ONLY,24,0,400,2,294,ok,,0,1,101.246167,2017,5,24.389,0.12,14.526,14.426208,889,709,419,2017,2,2,1,5,1.7631E+12,1.7631E+12,,,,,,,,,,,,,,,
g1_online_only,LEO_ONLY,24,0,400,2,295,ok,,0,1,85.370917,2011,5,12.834,0.093,12.472,12.444,886,707,418,2011,2,2,1,5,1.7631E+12,1.7631E+12,,,,,,,,,,,,,,,
g1_online_only,LEO_ONLY,24,0,400,2,296,ok,,0,1,87.834333,2015,5,12.483,0.082,12.637,12.609875,888,709,418,2015,2,2,1,5,1.7631E+12,1.7631E+12,,,,,,,,,,,,,,,
g1_online_only,LEO_ONLY,24,0,400,2,297,ok,,0,1,73.393125,2008,5,10.278,0.074,10.354,10.3265,885,707,416,2008,2,2,1,5,1.7631E+12,1.7631E+12,,,,,,,,,,,,,,,
g1_online_only,LEO_ONLY,24,0,400,2,298,ok,,0,1,68.069,2011,5,10.237,0.065,10.225,10.204667,886,707,418,2011,2,2,1,5,1.7631E+12,1.7631E+12,,,,,,,,,,,,,,,
g1_online_only,LEO_ONLY,24,0,400,2,299,ok,,0,1,83.267167,2017,5,10.693,0.074,11.139,11.115125,889,709,419,2017,2,2,1,5,1.7631E+12,1.7631E+12,,,,,,,,,,,,,,,
g1_online_only,LEO_ONLY,24,0,400,2,300,ok,,0,1,77.363209,2014,5,10.557,0.064,10.6,10.579625,888,708,418,2014,2,2,1,5,1.7631E+12,1.7631E+12,,,,,,,,,,,,,,,
g1_online_only,LEO_ONLY,24,0,600,2,1,ok,,0,1,76.080958,2014,5,10.805,0.497,11.94,11.754125,888,708,418,2014,2,2,1,5,1.7631E+12,1.7631E+12,,,,,,,,,,,,,,,
g1_online_only,LEO_ONLY,24,0,600,2,2,ok,,0,1,73.817208,2015,5,10.505,0.162,10.969,10.871375,888,708,419,2015,2,2,1,5,1.7631E+12,1.7631E+12,,,,,,,,,,,,,,,
g1_online_only,LEO_ONLY,24,0,600,2,3,ok,,0,1,78.592542,2017,5,10.763,0.093,10.843,10.79225,889,709,419,2017,2,2,1,5,1.7631E+12,1.7631E+12,,,,,,,,,,,,,,,
g1_online_only,LEO_ONLY,24,0,600,2,4,ok,,0,1,75.340959,2014,5,10.178,0.098,10.514,10.493833,888,708,418,2014,2,2,1,5,1.7631E+12,1.7631E+12,,,,,,,,,,,,,,,
g1_online_only,LEO_ONLY,24,0,600,2,5,ok,,0,1,76.804125,2014,5,10.494,0.066,10.628,10.611791,888,708,418,2014,2,2,1,5,1.7631E+12,1.7631E+12,,,,,,,,,,,,,,,
g1_online_only,LEO_ONLY,24,0,600,2,6,ok,,0,1,75.98875,2017,5,11.562,0.126,10.766,10.742292,889,709,419,2017,2,2,1,5,1.7631E+12,1.7631E+12,,,,,,,,,,,,,,,
g1_online_only,LEO_ONLY,24,0,600,2,7,ok,,0,1,77.195709,2008,5,10.516,0.105,10.343,10.302834,885,706,417,2008,2,2,1,5,1.7631E+12,1.7631E+12,,,,,,,,,,,,,,,
g1_online_only,LEO_ONLY,24,0,600,2,8,ok,,0,1,76.74175,2012,5,10.52,0.069,10.435,10.415542,887,708,417,2012,2,2,1,5,1.7631E+12,1.7631E+12,,,,,,,,,,,,,,,
g1_online_only,LEO_ONLY,24,0,600,2,9,ok,,0,1,73.858125,2015,5,10.574,0.093,10.961,10.9595,888,709,418,2015,2,2,1,5,1.7631E+12,1.7631E+12,,,,,,,,,,,,,,,
g1_online_only,LEO_ONLY,24,0,600,2,10,ok,,0,1,79.558625,2007,5,10.413,0.075,10.895,10.872875,885,706,416,2007,2,2,1,5,1.7631E+12,1.7631E+12,,,,,,,,,,,,,,,
g1_online_only,LEO_ONLY,24,0,600,2,11,ok,,0,1,70.622625,2015,5,10.244,0.068,10.543,10.513709,888,708,419,2015,2,2,1,5,1.7631E+12,1.7631E+12,,,,,,,,,,,,,,,
g1_online_only,LEO_ONLY,24,0,600,2,12,ok,,0,1,70.617458,2015,5,10.211,0.071,10.764,10.741917,888,708,419,2015,2,2,1,5,1.7631E+12,1.7631E+12,,,,,,,,,,,,,,,
g1_online_only,LEO_ONLY,24,0,600,2,13,ok,,0,1,72.952958,2015,5,10.555,0.113,11.251,11.218709,888,708,419,2015,2,2,1,5,1.7631E+12,1.7631E+12,,,,,,,,,,,,,,,
g1_online_only,LEO_ONLY,24,0,600,2,14,ok,,0,1,74.424625,2015,5,10.792,0.173,10.636,10.588125,888,708,419,2015,2,2,1,5,1.7631E+12,1.7631E+12,,,,,,,,,,,,,,,
g1_online_only,LEO_ONLY,24,0,600,2,15,ok,,0,1,78.031167,2015,5,10.847,0.14,10.764,10.735167,888,709,418,2015,2,2,1,5,1.7631E+12,1.7631E+12,,,,,,,,,,,,,,,
g1_online_only,LEO_ONLY,24,0,600,2,16,ok,,0,1,79.4435,2015,5,10.661,0.093,10.762,10.73075,888,708,419,2015,2,2,1,5,1.7631E+12,1.7631E+12,,,,,,,,,,,,,,,
g1_online_only,LEO_ONLY,24,0,600,2,17,ok,,0,1,75.353125,2012,5,10.902,0.146,10.917,10.895667,887,708,417,2012,2,2,1,5,1.7631E+12,1.7631E+12,,,,,,,,,,,,,,,
g1_online_only,LEO_ONLY,24,0,600,2,18,ok,,0,1,69.59895801,2015,5,10.351,0.146,10.495,10.463917,888,708,419,2015,2,2,1,5,1.7631E+12,1.7631E+12,,,,,,,,,,,,,,,
g1_online_only,LEO_ONLY,24,0,600,2,19,ok,,0,1,74.578917,2012,5,10.75,0.13,10.259,10.224208,886,707,419,2012,2,2,1,5,1.7631E+12,1.7631E+12,,,,,,,,,,,,,,,
g1_online_only,LEO_ONLY,24,0,600,2,20,ok,,0,1,74.085541,2013,5,9.821,0.158,10.532,10.522875,886,708,419,2013,2,2,1,5,1.7631E+12,1.7631E+12,,,,,,,,,,,,,,,
g1_online_only,LEO_ONLY,24,0,600,2,21,ok,,0,1,71.794542,2014,5,10.667,0.144,10.723,10.708667,887,708,419,2014,2,2,1,5,1.7631E+12,1.7631E+12,,,,,,,,,,,,,,,
g1_online_only,LEO_ONLY,24,0,600,2,22,ok,,0,1,76.636875,2015,5,10.037,0.146,10.652,10.616459,888,708,419,2015,2,2,1,5,1.7631E+12,1.7631E+12,,,,,,,,,,,,,,,
g1_online_only,LEO_ONLY,24,0,600,2,23,ok,,0,1,78.40999999,2017,5,10.659,0.142,10.735,10.710583,889,709,419,2017,2,2,1,5,1.7631E+12,1.7631E+12,,,,,,,,,,,,,,,
g1_online_only,LEO_ONLY,24,0,600,2,24,ok,,0,1,74.503041,2011,5,10.087,0.16,10.671,10.64975,886,707,418,2011,2,2,1,5,1.7631E+12,1.7631E+12,,,,,,,,,,,,,,,
g1_online_only,LEO_ONLY,24,0,600,2,25,ok,,0,1,75.040166,2017,5,10.282,0.164,10.764,10.721375,889,709,419,2017,2,2,1,5,1.7631E+12,1.7631E+12,,,,,,,,,,,,,,,
g1_online_only,LEO_ONLY,24,0,600,2,26,ok,,0,1,71.296583,2012,5,10.624,0.145,10.516,10.50625,887,707,418,2012,2,2,1,5,1.7631E+12,1.7631E+12,,,,,,,,,,,,,,,
g1_online_only,LEO_ONLY,24,0,600,2,27,ok,,0,1,80.32983301,2017,5,10.4,0.168,10.732,10.713709,889,709,419,2017,2,2,1,5,1.7631E+12,1.7631E+12,,,,,,,,,,,,,,,
g1_online_only,LEO_ONLY,24,0,600,2,28,ok,,0,1,72.722541,2015,5,10.502,0.139,10.498,10.458666,888,709,418,2015,2,2,1,5,1.7631E+12,1.7631E+12,,,,,,,,,,,,,,,
g1_online_only,LEO_ONLY,24,0,600,2,29,ok,,0,1,74.819667,2013,5,10.554,0.144,10.509,10.478417,887,708,418,2013,2,2,1,5,1.7631E+12,1.7631E+12,,,,,,,,,,,,,,,
g1_online_only,LEO_ONLY,24,0,600,2,30,ok,,0,1,77.035375,2011,5,10.644,0.15,10.822,10.788042,886,707,418,2011,2,2,1,5,1.7631E+12,1.7631E+12,,,,,,,,,,,,,,,
g1_online_only,LEO_ONLY,24,0,600,2,31,ok,,0,1,80.876709,2014,5,10.723,0.095,10.802,10.776666,888,708,418,2014,2,2,1,5,1.7631E+12,1.7631E+12,,,,,,,,,,,,,,,
g1_online_only,LEO_ONLY,24,0,600,2,32,ok,,0,1,71.526167,2017,5,10.289,0.178,10.822,10.783333,889,709,419,2017,2,2,1,5,1.7631E+12,1.7631E+12,,,,,,,,,,,,,,,
g1_online_only,LEO_ONLY,24,0,600,2,33,ok,,0,1,71.765917,2017,5,10.589,0.133,10.704,10.707041,889,709,419,2017,2,2,1,5,1.7631E+12,1.7631E+12,,,,,,,,,,,,,,,
g1_online_only,LEO_ONLY,24,0,600,2,34,ok,,0,1,73.3255,2012,5,10.739,0.137,10.687,10.636667,887,708,417,2012,2,2,1,5,1.7631E+12,1.7631E+12,,,,,,,,,,,,,,,
g1_online_only,LEO_ONLY,24,0,600,2,35,ok,,0,1,79.454709,2014,5,10.595,0.108,10.853,10.81525,888,708,418,2014,2,2,1,5,1.7631E+12,1.7631E+12,,,,,,,,,,,,,,,
g1_online_only,LEO_ONLY,24,0,600,2,36,ok,,0,1,68.38929201,2014,5,10.437,0.095,10.426,10.402042,887,708,419,2014,2,2,1,5,1.7631E+12,1.7631E+12,,,,,,,,,,,,,,,
g1_online_only,LEO_ONLY,24,0,600,2,37,ok,,0,1,73.257041,2015,5,10.662,0.171,10.716,10.68266699,888,709,418,2015,2,2,1,5,1.7631E+12,1.7631E+12,,,,,,,,,,,,,,,
g1_online_only,LEO_ONLY,24,0,600,2,38,ok,,0,1,74.105251,2012,5,10.692,0.13,10.63,10.604625,886,708,418,2012,2,2,1,5,1.7631E+12,1.7631E+12,,,,,,,,,,,,,,,
g1_online_only,LEO_ONLY,24,0,600,2,39,ok,,0,1,78.722875,2010,5,10.757,0.129,10.856,10.85466699,886,707,417,2010,2,2,1,5,1.7631E+12,1.7631E+12,,,,,,,,,,,,,,,
g1_online_only,LEO_ONLY,24,0,600,2,40,ok,,0,1,75.7965,2015,5,10.627,0.074,10.516,10.487667,888,708,419,2015,2,2,1,5,1.7631E+12,1.7631E+12,,,,,,,,,,,,,,,
g1_online_only,LEO_ONLY,24,0,600,2,41,ok,,0,1,77.01025,2015,5,10.496,0.073,10.798,10.777458,888,708,419,2015,2,2,1,5,1.7631E+12,1.7631E+12,,,,,,,,,,,,,,,
g1_online_only,LEO_ONLY,24,0,600,2,42,ok,,0,1,74.924083,2013,5,10.574,0.083,10.531,10.506334,887,708,418,2013,2,2,1,5,1.7631E+12,1.7631E+12,,,,,,,,,,,,,,,
g1_online_only,LEO_ONLY,24,0,600,2,43,ok,,0,1,75.8165,2014,5,10.472,0.08,10.692,10.664917,888,708,418,2014,2,2,1,5,1.7631E+12,1.7631E+12,,,,,,,,,,,,,,,
g1_online_only,LEO_ONLY,24,0,600,2,44,ok,,0,1,74.205709,2014,5,10.413,0.085,10.669,10.646584,888,708,418,2014,2,2,1,5,1.7631E+12,1.7631E+12,,,,,,,,,,,,,,,
g1_online_only,LEO_ONLY,24,0,600,2,45,ok,,0,1,78.653958,2015,5,10.567,0.061,10.661,10.641375,888,708,419,2015,2,2,1,5,1.7631E+12,1.7631E+12,,,,,,,,,,,,,,,
g1_online_only,LEO_ONLY,24,0,600,2,46,ok,,0,1,77.41716701,2015,5,10.563,0.068,10.87,10.848625,888,708,419,2015,2,2,1,5,1.7631E+12,1.7631E+12,,,,,,,,,,,,,,,
g1_online_only,LEO_ONLY,24,0,600,2,47,ok,,0,1,76.275334,2015,5,10.412,0.068,10.58,10.566375,888,708,419,2015,2,2,1,5,1.7631E+12,1.7631E+12,,,,,,,,,,,,,,,
g1_online_only,LEO_ONLY,24,0,600,2,48,ok,,0,1,73.557001,2015,5,10.372,0.074,10.703,10.682208,888,708,419,2015,2,2,1,5,1.7631E+12,1.7631E+12,,,,,,,,,,,,,,,
g1_online_only,LEO_ONLY,24,0,600,2,49,ok,,0,1,73.794334,2016,5,10.286,0.064,10.385,10.362916,888,709,419,2016,2,2,1,5,1.7631E+12,1.7631E+12,,,,,,,,,,,,,,,
g1_online_only,LEO_ONLY,24,0,600,2,50,ok,,0,1,73.08620799,2017,5,10.367,0.075,10.518,10.503958,889,709,419,2017,2,2,1,5,1.7631E+12,1.7631E+12,,,,,,,,,,,,,,,
g1_online_only,LEO_ONLY,24,0,600,2,51,ok,,0,1,77.041917,2010,5,10.394,0.065,10.563,10.541,886,707,417,2010,2,2,1,5,1.7631E+12,1.7631E+12,,,,,,,,,,,,,,,
g1_online_only,LEO_ONLY,24,0,600,2,52,ok,,0,1,73.007459,2014,5,10.676,0.106,10.48,10.451125,888,708,418,2014,2,2,1,5,1.7631E+12,1.7631E+12,,,,,,,,,,,,,,,
g1_online_only,LEO_ONLY,24,0,600,2,53,ok,,0,1,75.297459,2015,5,11.051,0.141,10.582,10.62025,888,709,418,2015,2,2,1,5,1.7631E+12,1.7631E+12,,,,,,,,,,,,,,,
g1_online_only,LEO_ONLY,24,0,600,2,54,ok,,0,1,75.455542,2011,5,11.068,0.101,10.856,10.83,886,707,418,2011,2,2,1,5,1.7631E+12,1.7631E+12,,,,,,,,,,,,,,,
g1_online_only,LEO_ONLY,24,0,600,2,55,ok,,0,1,75.570209,2017,5,10.826,0.177,10.981,10.9485,889,709,419,2017,2,2,1,5,1.7631E+12,1.7631E+12,,,,,,,,,,,,,,,
g1_online_only,LEO_ONLY,24,0,600,2,56,ok,,0,1,80.708667,2012,5,10.938,0.158,11.115,11.074458,887,708,417,2012,2,2,1,5,1.7631E+12,1.7631E+12,,,,,,,,,,,,,,,
g1_online_only,LEO_ONLY,24,0,600,2,57,ok,,0,1,77.382167,2014,5,10.816,0.073,10.398,10.377,887,708,419,2014,2,2,1,5,1.7631E+12,1.7631E+12,,,,,,,,,,,,,,,
g1_online_only,LEO_ONLY,24,0,600,2,58,ok,,0,1,75.312375,2012,5,11.026,0.096,10.856,10.835291,886,708,418,2012,2,2,1,5,1.7631E+12,1.7631E+12,,,,,,,,,,,,,,,
g1_online_only,LEO_ONLY,24,0,600,2,59,ok,,0,1,76.3975,2015,5,10.627,0.064,10.696,10.676167,888,708,419,2015,2,2,1,5,1.7631E+12,1.7631E+12,,,,,,,,,,,,,,,
g1_online_only,LEO_ONLY,24,0,600,2,60,ok,,0,1,74.38075,2017,5,10.48,0.073,10.546,10.523458,889,709,419,2017,2,2,1,5,1.7631E+12,1.7631E+12,,,,,,,,,,,,,,,
g1_online_only,LEO_ONLY,24,0,600,2,61,ok,,0,1,78.849541,2017,5,10.618,0.073,10.921,10.901167,889,709,419,2017,2,2,1,5,1.7631E+12,1.7631E+12,,,,,,,,,,,,,,,
g1_online_only,LEO_ONLY,24,0,600,2,62,ok,,0,1,80.10462501,2014,5,14.086,0.151,10.704,10.6705,887,708,419,2014,2,2,1,5,1.7631E+12,1.7631E+12,,,,,,,,,,,,,,,
g1_online_only,LEO_ONLY,24,0,600,2,63,ok,,0,1,74.236958,2017,5,10.509,0.071,10.434,10.412458,889,709,419,2017,2,2,1,5,1.7631E+12,1.7631E+12,,,,,,,,,,,,,,,
g1_online_only,LEO_ONLY,24,0,600,2,64,ok,,0,1,78.300792,2017,5,10.489,0.068,10.546,10.52270801,889,709,419,2017,2,2,1,5,1.7631E+12,1.7631E+12,,,,,,,,,,,,,,,
g1_online_only,LEO_ONLY,24,0,600,2,65,ok,,0,1,77.868958,2015,5,11.934,0.18,11.975,11.96237501,888,708,419,2015,2,2,1,5,1.7631E+12,1.7631E+12,,,,,,,,,,,,,,,
g1_online_only,LEO_ONLY,24,0,600,2,66,ok,,0,1,75.428917,2014,5,10.412,0.076,10.514,10.496833,888,708,418,2014,2,2,1,5,1.7631E+12,1.7631E+12,,,,,,,,,,,,,,,
g1_online_only,LEO_ONLY,24,0,600,2,67,ok,,0,1,76.94425,2014,5,10.276,0.072,10.846,10.821,888,708,418,2014,2,2,1,5,1.7631E+12,1.7631E+12,,,,,,,,,,,,,,,
g1_online_only,LEO_ONLY,24,0,600,2,68,ok,,0,1,72.693667,2015,5,10.722,0.168,10.806,10.667375,888,708,419,2015,2,2,1,5,1.7631E+12,1.7631E+12,,,,,,,,,,,,,,,
g1_online_only,LEO_ONLY,24,0,600,2,69,ok,,0,1,74.700042,2010,5,10.615,0.136,10.696,10.68575,886,707,417,2010,2,2,1,5,1.7631E+12,1.7631E+12,,,,,,,,,,,,,,,
g1_online_only,LEO_ONLY,24,0,600,2,70,ok,,0,1,76.126666,2011,5,10.438,0.16,10.654,10.61824999,886,708,417,2011,2,2,1,5,1.7631E+12,1.7631E+12,,,,,,,,,,,,,,,
g1_online_only,LEO_ONLY,24,0,600,2,71,ok,,0,1,78.637584,2014,5,10.571,0.138,10.501,10.47729199,888,708,418,2014,2,2,1,5,1.7631E+12,1.7631E+12,,,,,,,,,,,,,,,
g1_online_only,LEO_ONLY,24,0,600,2,72,ok,,0,1,70.760625,2013,5,10.501,0.142,10.761,10.72670799,887,707,419,2013,2,2,1,5,1.7631E+12,1.7631E+12,,,,,,,,,,,,,,,
g1_online_only,LEO_ONLY,24,0,600,2,73,ok,,0,1,73.569375,2008,5,10.76,0.14,10.573,10.564459,885,707,416,2008,2,2,1,5,1.7631E+12,1.7631E+12,,,,,,,,,,,,,,,
g1_online_only,LEO_ONLY,24,0,600,2,74,ok,,0,1,78.403583,2012,5,10.784,0.149,10.808,10.7625,887,707,418,2012,2,2,1,5,1.7631E+12,1.7631E+12,,,,,,,,,,,,,,,
g1_online_only,LEO_ONLY,24,0,600,2,75,ok,,0,1,73.744792,2017,5,10.915,0.07,10.533,10.512875,889,709,419,2017,2,2,1,5,1.7631E+12,1.7631E+12,,,,,,,,,,,,,,,
g1_online_only,LEO_ONLY,24,0,600,2,76,ok,,0,1,71.614833,2013,5,10.386,0.069,10.515,10.492542,887,708,418,2013,2,2,1,5,1.7631E+12,1.7631E+12,,,,,,,,,,,,,,,
g1_online_only,LEO_ONLY,24,0,600,2,77,ok,,0,1,72.138667,2014,5,10.424,0.07,10.614,10.59325,888,708,418,2014,2,2,1,5,1.7631E+12,1.7631E+12,,,,,,,,,,,,,,,
g1_online_only,LEO_ONLY,24,0,600,2,78,ok,,0,1,76.495041,2014,5,10.767,0.131,10.826,10.804208,888,708,418,2014,2,2,1,5,1.7631E+12,1.7631E+12,,,,,,,,,,,,,,,
g1_online_only,LEO_ONLY,24,0,600,2,79,ok,,0,1,77.598875,2015,5,10.61,0.137,10.769,10.755125,888,708,419,2015,2,2,1,5,1.7631E+12,1.7631E+12,,,,,,,,,,,,,,,
g1_online_only,LEO_ONLY,24,0,600,2,80,ok,,0,1,72.98108299,2016,5,10.778,0.123,10.641,10.63637499,888,709,419,2016,2,2,1,5,1.7631E+12,1.7631E+12,,,,,,,,,,,,,,,
g1_online_only,LEO_ONLY,24,0,600,2,81,ok,,0,1,75.037916,2007,5,10.738,0.126,10.515,10.497709,884,706,417,2007,2,2,1,5,1.7631E+12,1.7631E+12,,,,,,,,,,,,,,,
g1_online_only,LEO_ONLY,24,0,600,2,82,ok,,0,1,85.52675,2012,5,13.044,0.139,19.095,19.238125,887,708,417,2012,2,2,1,5,1.7631E+12,1.7631E+12,,,,,,,,,,,,,,,
g1_online_only,LEO_ONLY,24,0,600,2,83,ok,,0,1,71.812209,2014,5,10.607,0.124,10.606,10.594708,887,708,419,2014,2,2,1,5,1.7631E+12,1.7631E+12,,,,,,,,,,,,,,,
g1_online_only,LEO_ONLY,24,0,600,2,84,ok,,0,1,72.403875,2014,5,10.393,0.114,10.696,10.676834,888,708,418,2014,2,2,1,5,1.7631E+12,1.7631E+12,,,,,,,,,,,,,,,
g1_online_only,LEO_ONLY,24,0,600,2,85,ok,,0,1,72.877292,2017,5,10.401,0.097,11.189,11.180833,889,709,419,2017,2,2,1,5,1.7631E+12,1.7631E+12,,,,,,,,,,,,,,,
g1_online_only,LEO_ONLY,24,0,600,2,86,ok,,0,1,76.683292,2017,5,10.898,0.146,10.517,10.504791,889,709,419,2017,2,2,1,5,1.7631E+12,1.7631E+12,,,,,,,,,,,,,,,
g1_online_only,LEO_ONLY,24,0,600,2,87,ok,,0,1,76.00362501,2008,5,10.569,0.143,10.52,10.501209,885,705,418,2008,2,2,1,5,1.7631E+12,1.7631E+12,,,,,,,,,,,,,,,
g1_online_only,LEO_ONLY,24,0,600,2,88,ok,,0,1,73.832875,2016,5,10.57,0.13,10.493,10.50449999,888,709,419,2016,2,2,1,5,1.7631E+12,1.7631E+12,,,,,,,,,,,,,,,
g1_online_only,LEO_ONLY,24,0,600,2,89,ok,,0,1,75.599792,2010,5,10.723,0.139,10.533,10.492084,886,707,417,2010,2,2,1,5,1.7631E+12,1.7631E+12,,,,,,,,,,,,,,,
g1_online_only,LEO_ONLY,24,0,600,2,90,ok,,0,1,77.394083,2010,5,10.607,0.157,10.7,10.649541,886,707,417,2010,2,2,1,5,1.7631E+12,1.7631E+12,,,,,,,,,,,,,,,
g1_online_only,LEO_ONLY,24,0,600,2,91,ok,,0,1,74.193041,2012,5,10.714,0.114,10.734,10.679,887,707,418,2012,2,2,1,5,1.7631E+12,1.7631E+12,,,,,,,,,,,,,,,
g1_online_only,LEO_ONLY,24,0,600,2,92,ok,,0,1,74.921875,2014,5,10.668,0.133,10.699,10.67933399,887,708,419,2014,2,2,1,5,1.7631E+12,1.7631E+12,,,,,,,,,,,,,,,
g1_online_only,LEO_ONLY,24,0,600,2,93,ok,,0,1,75.362916,2012,5,10.256,0.141,10.908,10.903125,887,708,417,2012,2,2,1,5,1.7631E+12,1.7631E+12,,,,,,,,,,,,,,,
g1_online_only,LEO_ONLY,24,0,600,2,94,ok,,0,1,76.78225,2016,5,10.573,0.156,10.676,10.670042,888,709,419,2016,2,2,1,5,1.7631E+12,1.7631E+12,,,,,,,,,,,,,,,
g1_online_only,LEO_ONLY,24,0,600,2,95,ok,,0,1,77.095083,2014,5,10.642,0.136,10.757,10.728875,888,708,418,2014,2,2,1,5,1.7631E+12,1.7631E+12,,,,,,,,,,,,,,,
g1_online_only,LEO_ONLY,24,0,600,2,96,ok,,0,1,68.398583,2012,5,10.603,0.163,10.625,10.627708,887,708,417,2012,2,2,1,5,1.7631E+12,1.7631E+12,,,,,,,,,,,,,,,
g1_online_only,LEO_ONLY,24,0,600,2,97,ok,,0,1,71.10920799,2016,5,10.645,0.132,10.598,10.575584,888,709,419,2016,2,2,1,5,1.7631E+12,1.7631E+12,,,,,,,,,,,,,,,
g1_online_only,LEO_ONLY,24,0,600,2,98,ok,,0,1,76.053334,2012,5,10.779,0.169,10.546,10.524792,887,707,418,2012,2,2,1,5,1.7631E+12,1.7631E+12,,,,,,,,,,,,,,,
g1_online_only,LEO_ONLY,24,0,600,2,99,ok,,0,1,71.237958,2008,5,11.143,0.161,10.68,10.637708,885,706,417,2008,2,2,1,5,1.7631E+12,1.7631E+12,,,,,,,,,,,,,,,
g1_online_only,LEO_ONLY,24,0,600,2,100,ok,,0,1,82.461084,2013,5,10.573,0.162,10.564,10.544833,887,708,418,2013,2,2,1,5,1.7631E+12,1.7631E+12,,,,,,,,,,,,,,,
g1_online_only,LEO_ONLY,24,0,600,2,101,ok,,0,1,78.880458,2016,5,10.604,0.152,10.869,10.858583,888,709,419,2016,2,2,1,5,1.7631E+12,1.7631E+12,,,,,,,,,,,,,,,
g1_online_only,LEO_ONLY,24,0,600,2,102,ok,,0,1,80.345166,2017,5,10.658,0.136,10.679,10.66791701,889,709,419,2017,2,2,1,5,1.7631E+12,1.7631E+12,,,,,,,,,,,,,,,
g1_online_only,LEO_ONLY,24,0,600,2,103,ok,,0,1,77.200875,2013,5,10.77,0.137,10.619,10.61725,887,708,418,2013,2,2,1,5,1.7631E+12,1.7631E+12,,,,,,,,,,,,,,,
g1_online_only,LEO_ONLY,24,0,600,2,104,ok,,0,1,73.93875,2015,5,10.673,0.104,10.753,10.72808301,888,708,419,2015,2,2,1,5,1.7631E+12,1.7631E+12,,,,,,,,,,,,,,,
g1_online_only,LEO_ONLY,24,0,600,2,105,ok,,0,1,71.91125,2016,5,10.659,0.128,10.593,10.5605,888,709,419,2016,2,2,1,5,1.7631E+12,1.7631E+12,,,,,,,,,,,,,,,
g1_online_only,LEO_ONLY,24,0,600,2,106,ok,,0,1,79.011167,2015,5,11.058,0.118,10.841,10.823667,888,709,418,2015,2,2,1,5,1.7631E+12,1.7631E+12,,,,,,,,,,,,,,,
g1_online_only,LEO_ONLY,24,0,600,2,107,ok,,0,1,75.945292,2015,5,10.866,0.102,10.715,10.699125,888,708,419,2015,2,2,1,5,1.7631E+12,1.7631E+12,,,,,,,,,,,,,,,
g1_online_only,LEO_ONLY,24,0,600,2,108,ok,,0,1,70.028708,2015,5,10.416,0.072,10.585,10.55183401,888,708,419,2015,2,2,1,5,1.7631E+12,1.7631E+12,,,,,,,,,,,,,,,
g1_online_only,LEO_ONLY,24,0,600,2,109,ok,,0,1,78.668334,2017,5,10.895,0.085,10.858,10.83612499,889,709,419,2017,2,2,1,5,1.7631E+12,1.7631E+12,,,,,,,,,,,,,,,
g1_online_only,LEO_ONLY,24,0,600,2,110,ok,,0,1,75.566708,2016,5,10.711,0.102,10.855,10.83175001,888,709,419,2016,2,2,1,5,1.7631E+12,1.7631E+12,,,,,,,,,,,,,,,
g1_online_only,LEO_ONLY,24,0,600,2,111,ok,,0,1,76.233708,2015,5,11.781,0.114,10.716,10.708333,888,709,418,2015,2,2,1,5,1.7631E+12,1.7631E+12,,,,,,,,,,,,,,,
g1_online_only,LEO_ONLY,24,0,600,2,112,ok,,0,1,68.443417,2014,5,11.055,0.094,10.797,10.784459,887,709,418,2014,2,2,1,5,1.7631E+12,1.7631E+12,,,,,,,,,,,,,,,
g1_online_only,LEO_ONLY,24,0,600,2,113,ok,,0,1,72.882459,2015,5,10.758,0.08,10.83,10.820458,888,708,419,2015,2,2,1,5,1.7631E+12,1.7631E+12,,,,,,,,,,,,,,,
g1_online_only,LEO_ONLY,24,0,600,2,114,ok,,0,1,76.396459,2009,5,11.147,0.134,10.531,10.470792,885,707,417,2009,2,2,1,5,1.7631E+12,1.7631E+12,,,,,,,,,,,,,,,
g1_online_only,LEO_ONLY,24,0,600,2,115,ok,,0,1,72.864791,2015,5,10.535,0.071,10.51,10.485459,888,708,419,2015,2,2,1,5,1.7631E+12,1.7631E+12,,,,,,,,,,,,,,,
g1_online_only,LEO_ONLY,24,0,600,2,116,ok,,0,1,71.53175,2010,5,10.305,0.074,10.805,10.782708,886,707,417,2010,2,2,1,5,1.7631E+12,1.7631E+12,,,,,,,,,,,,,,,
g1_online_only,LEO_ONLY,24,0,600,2,117,ok,,0,1,75.288958,2015,5,10.552,0.07,10.469,10.448333,887,709,419,2015,2,2,1,5,1.7631E+12,1.7631E+12,,,,,,,,,,,,,,,
g1_online_only,LEO_ONLY,24,0,600,2,118,ok,,0,1,68.782625,2017,5,10.278,0.093,10.615,10.570416,889,709,419,2017,2,2,1,5,1.7631E+12,1.7631E+12,,,,,,,,,,,,,,,
g1_online_only,LEO_ONLY,24,0,600,2,119,ok,,0,1,75.571917,2015,5,10.658,0.087,10.997,10.9865,888,708,419,2015,2,2,1,5,1.7631E+12,1.7631E+12,,,,,,,,,,,,,,,
g1_online_only,LEO_ONLY,24,0,600,2,120,ok,,0,1,77.631459,2017,5,10.7,0.074,10.591,10.570417,889,709,419,2017,2,2,1,5,1.7631E+12,1.7631E+12,,,,,,,,,,,,,,,
g1_online_only,LEO_ONLY,24,0,600,2,121,ok,,0,1,68.84525,2017,5,10.305,0.068,10.429,10.408041,889,709,419,2017,2,2,1,5,1.7631E+12,1.7631E+12,,,,,,,,,,,,,,,
g1_online_only,LEO_ONLY,24,0,600,2,122,ok,,0,1,73.988542,2011,5,10.729,0.071,10.635,10.60437501,886,708,417,2011,2,2,1,5,1.7631E+12,1.7631E+12,,,,,,,,,,,,,,,
g1_online_only,LEO_ONLY,24,0,600,2,123,ok,,0,1,69.056542,2015,5,10.169,0.066,10.475,10.452375,888,708,419,2015,2,2,1,5,1.7631E+12,1.7631E+12,,,,,,,,,,,,,,,
g1_online_only,LEO_ONLY,24,0,600,2,124,ok,,0,1,72.829917,2015,5,10.263,0.064,10.604,10.582458,888,709,418,2015,2,2,1,5,1.7631E+12,1.7631E+12,,,,,,,,,,,,,,,
g1_online_only,LEO_ONLY,24,0,600,2,125,ok,,0,1,75.356333,2016,5,10.725,0.065,10.884,10.859584,888,709,419,2016,2,2,1,5,1.7631E+12,1.7631E+12,,,,,,,,,,,,,,,
g1_online_only,LEO_ONLY,24,0,600,2,126,ok,,0,1,70.04699999,2014,5,10.526,0.067,10.396,10.374416,888,708,418,2014,2,2,1,5,1.7631E+12,1.7631E+12,,,,,,,,,,,,,,,
g1_online_only,LEO_ONLY,24,0,600,2,127,ok,,0,1,73.875583,2014,5,10.451,0.071,10.681,10.90175,888,708,418,2014,2,2,1,5,1.7631E+12,1.7631E+12,,,,,,,,,,,,,,,
g1_online_only,LEO_ONLY,24,0,600,2,128,ok,,0,1,78.348041,2014,5,10.976,0.063,10.439,10.417542,887,708,419,2014,2,2,1,5,1.7631E+12,1.7631E+12,,,,,,,,,,,,,,,
g1_online_only,LEO_ONLY,24,0,600,2,129,ok,,0,1,74.8845,2008,5,10.442,0.062,10.609,10.587834,885,707,416,2008,2,2,1,5,1.7631E+12,1.7631E+12,,,,,,,,,,,,,,,
g1_online_only,LEO_ONLY,24,0,600,2,130,ok,,0,1,71.132916,2015,5,10.312,0.07,10.686,10.664334,888,708,419,2015,2,2,1,5,1.7631E+12,1.7631E+12,,,,,,,,,,,,,,,
g1_online_only,LEO_ONLY,24,0,600,2,131,ok,,0,1,72.374042,2012,5,10.281,0.075,10.55,10.522709,887,707,418,2012,2,2,1,5,1.7631E+12,1.7631E+12,,,,,,,,,,,,,,,
g1_online_only,LEO_ONLY,24,0,600,2,132,ok,,0,1,74.802292,2010,5,10.253,0.076,10.693,10.67316699,886,707,417,2010,2,2,1,5,1.7631E+12,1.7631E+12,,,,,,,,,,,,,,,
g1_online_only,LEO_ONLY,24,0,600,2,133,ok,,0,1,75.389875,2014,5,10.45,0.063,10.77,10.746709,888,708,418,2014,2,2,1,5,1.7631E+12,1.7631E+12,,,,,,,,,,,,,,,
g1_online_only,LEO_ONLY,24,0,600,2,134,ok,,0,1,69.28425,2012,5,10.33,0.07,10.508,10.485583,886,708,418,2012,2,2,1,5,1.7631E+12,1.7631E+12,,,,,,,,,,,,,,,
g1_online_only,LEO_ONLY,24,0,600,2,135,ok,,0,1,69.341417,2017,5,10.327,0.068,10.502,10.47674999,889,709,419,2017,2,2,1,5,1.7631E+12,1.7631E+12,,,,,,,,,,,,,,,
g1_online_only,LEO_ONLY,24,0,600,2,136,ok,,0,1,76.122417,2017,5,10.462,0.063,10.827,10.8035,889,709,419,2017,2,2,1,5,1.7631E+12,1.7631E+12,,,,,,,,,,,,,,,
g1_online_only,LEO_ONLY,24,0,600,2,137,ok,,0,1,74.58783301,2010,5,10.727,0.137,10.856,10.824958,886,707,417,2010,2,2,1,5,1.7631E+12,1.7631E+12,,,,,,,,,,,,,,,
g1_online_only,LEO_ONLY,24,0,600,2,138,ok,,0,1,76.706667,2017,5,11.751,0.124,10.766,10.759917,889,709,419,2017,2,2,1,5,1.7631E+12,1.7631E+12,,,,,,,,,,,,,,,
g1_online_only,LEO_ONLY,24,0,600,2,139,ok,,0,1,79.208459,2010,5,10.594,0.077,10.635,10.599417,886,708,416,2010,2,2,1,5,1.7631E+12,1.7631E+12,,,,,,,,,,,,,,,
g1_online_only,LEO_ONLY,24,0,600,2,140,ok,,0,1,82.281,2009,5,23.102,0.182,11.085,11.048416,885,707,417,2009,2,2,1,5,1.7631E+12,1.7631E+12,,,,,,,,,,,,,,,
g1_online_only,LEO_ONLY,24,0,600,2,141,ok,,0,1,71.058792,2012,5,10.523,0.071,10.665,10.64125,887,707,418,2012,2,2,1,5,1.7631E+12,1.7631E+12,,,,,,,,,,,,,,,
g1_online_only,LEO_ONLY,24,0,600,2,142,ok,,0,1,70.027208,2011,5,10.197,0.071,10.569,10.548958,887,707,417,2011,2,2,1,5,1.7631E+12,1.7631E+12,,,,,,,,,,,,,,,
g1_online_only,LEO_ONLY,24,0,600,2,143,ok,,0,1,79.78362501,2016,5,10.73,0.094,11.309,11.3025,888,709,419,2016,2,2,1,5,1.7631E+12,1.7631E+12,,,,,,,,,,,,,,,
g1_online_only,LEO_ONLY,24,0,600,2,144,ok,,0,1,72.389291,2012,5,10.523,0.069,10.574,10.553166,887,708,417,2012,2,2,1,5,1.7631E+12,1.7631E+12,,,,,,,,,,,,,,,
g1_online_only,LEO_ONLY,24,0,600,2,145,ok,,0,1,74.464375,2011,5,10.803,0.065,10.59,10.570167,886,707,418,2011,2,2,1,5,1.7631E+12,1.7631E+12,,,,,,,,,,,,,,,
g1_online_only,LEO_ONLY,24,0,600,2,146,ok,,0,1,67.037208,2014,5,10.139,0.087,10.425,10.404416,888,708,418,2014,2,2,1,5,1.7631E+12,1.7631E+12,,,,,,,,,,,,,,,
g1_online_only,LEO_ONLY,24,0,600,2,147,ok,,0,1,72.583375,2011,5,10.505,0.1,10.672,10.596083,886,709,416,2011,2,2,1,5,1.7631E+12,1.7631E+12,,,,,,,,,,,,,,,
g1_online_only,LEO_ONLY,24,0,600,2,148,ok,,0,1,76.708875,2012,5,10.726,0.098,11.168,11.181541,887,707,418,2012,2,2,1,5,1.7631E+12,1.7631E+12,,,,,,,,,,,,,,,
g1_online_only,LEO_ONLY,24,0,600,2,149,ok,,0,1,71.356083,2017,5,10.254,0.069,10.553,10.533041,889,709,419,2017,2,2,1,5,1.7631E+12,1.7631E+12,,,,,,,,,,,,,,,
g1_online_only,LEO_ONLY,24,0,600,2,150,ok,,0,1,70.73375,2013,5,10.457,0.06,10.556,10.54120799,887,708,418,2013,2,2,1,5,1.7631E+12,1.7631E+12,,,,,,,,,,,,,,,
g1_online_only,LEO_ONLY,24,0,600,2,151,ok,,0,1,71.967667,2008,5,10.529,0.077,10.422,10.40025,885,708,415,2008,2,2,1,5,1.7631E+12,1.7631E+12,,,,,,,,,,,,,,,
g1_online_only,LEO_ONLY,24,0,600,2,152,ok,,0,1,69.874625,2011,5,10.229,0.059,10.377,10.356625,887,707,417,2011,2,2,1,5,1.7631E+12,1.7631E+12,,,,,,,,,,,,,,,
g1_online_only,LEO_ONLY,24,0,600,2,153,ok,,0,1,75.941417,2010,5,10.512,0.067,10.668,10.64341699,886,706,418,2010,2,2,1,5,1.7631E+12,1.7631E+12,,,,,,,,,,,,,,,
g1_online_only,LEO_ONLY,24,0,600,2,154,ok,,0,1,71.84125,2015,5,10.071,0.066,10.415,10.387792,888,709,418,2015,2,2,1,5,1.7631E+12,1.7631E+12,,,,,,,,,,,,,,,
g1_online_only,LEO_ONLY,24,0,600,2,155,ok,,0,1,79.291208,2014,5,10.464,0.073,10.919,10.892709,888,708,418,2014,2,2,1,5,1.7631E+12,1.7631E+12,,,,,,,,,,,,,,,
g1_online_only,LEO_ONLY,24,0,600,2,156,ok,,0,1,79.1905,2014,5,10.645,0.072,10.511,10.48812499,888,708,418,2014,2,2,1,5,1.7631E+12,1.7631E+12,,,,,,,,,,,,,,,
g1_online_only,LEO_ONLY,24,0,600,2,157,ok,,0,1,77.53925,2010,5,10.607,0.084,10.658,10.634167,886,707,417,2010,2,2,1,5,1.7631E+12,1.7631E+12,,,,,,,,,,,,,,,
g1_online_only,LEO_ONLY,24,0,600,2,158,ok,,0,1,73.297958,2017,5,10.628,0.069,10.545,10.523416,889,709,419,2017,2,2,1,5,1.7631E+12,1.7631E+12,,,,,,,,,,,,,,,
g1_online_only,LEO_ONLY,24,0,600,2,159,ok,,0,1,79.958917,2010,5,10.546,0.061,10.74,10.72175,886,707,417,2010,2,2,1,5,1.7631E+12,1.7631E+12,,,,,,,,,,,,,,,
g1_online_only,LEO_ONLY,24,0,600,2,160,ok,,0,1,71.093167,2014,5,10.298,0.082,10.614,10.59149999,888,708,418,2014,2,2,1,5,1.7631E+12,1.7631E+12,,,,,,,,,,,,,,,
g1_online_only,LEO_ONLY,24,0,600,2,161,ok,,0,1,77.382375,2015,5,10.44,0.076,10.627,10.603459,888,708,419,2015,2,2,1,5,1.7631E+12,1.7631E+12,,,,,,,,,,,,,,,
g1_online_only,LEO_ONLY,24,0,600,2,162,ok,,0,1,67.665042,2014,5,10.573,0.075,10.639,10.61541701,888,708,418,2014,2,2,1,5,1.7631E+12,1.7631E+12,,,,,,,,,,,,,,,
g1_online_only,LEO_ONLY,24,0,600,2,163,ok,,0,1,73.844292,2013,5,10.455,0.069,10.325,10.305459,887,709,417,2013,2,2,1,5,1.7631E+12,1.7631E+12,,,,,,,,,,,,,,,
g1_online_only,LEO_ONLY,24,0,600,2,164,ok,,0,1,66.744209,2017,5,10.539,0.07,10.485,10.466583,889,709,419,2017,2,2,1,5,1.7631E+12,1.7631E+12,,,,,,,,,,,,,,,
g1_online_only,LEO_ONLY,24,0,600,2,165,ok,,0,1,75.733833,2017,5,10.689,0.069,10.529,10.50879101,889,709,419,2017,2,2,1,5,1.7631E+12,1.7631E+12,,,,,,,,,,,,,,,
g1_online_only,LEO_ONLY,24,0,600,2,166,ok,,0,1,69.77141699,2017,5,10.475,0.066,10.455,10.435,889,709,419,2017,2,2,1,5,1.7631E+12,1.7631E+12,,,,,,,,,,,,,,,
g1_online_only,LEO_ONLY,24,0,600,2,167,ok,,0,1,76.802167,2014,5,10.751,0.075,10.573,10.551041,888,708,418,2014,2,2,1,5,1.7631E+12,1.7631E+12,,,,,,,,,,,,,,,
g1_online_only,LEO_ONLY,24,0,600,2,168,ok,,0,1,74.149084,2012,5,10.654,0.124,10.999,10.943709,887,707,418,2012,2,2,1,5,1.7631E+12,1.7631E+12,,,,,,,,,,,,,,,
g1_online_only,LEO_ONLY,24,0,600,2,169,ok,,0,1,81.77725,2012,5,10.779,0.064,10.662,10.639958,887,707,418,2012,2,2,1,5,1.7631E+12,1.7631E+12,,,,,,,,,,,,,,,
g1_online_only,LEO_ONLY,24,0,600,2,170,ok,,0,1,93.174084,2013,5,29.811,0.126,11.62,11.612751,887,707,419,2013,2,2,1,5,1.7631E+12,1.7631E+12,,,,,,,,,,,,,,,
g1_online_only,LEO_ONLY,24,0,600,2,171,ok,,0,1,74.445458,2015,5,10.598,0.068,10.252,10.229542,888,709,418,2015,2,2,1,5,1.7631E+12,1.7631E+12,,,,,,,,,,,,,,,
g1_online_only,LEO_ONLY,24,0,600,2,172,ok,,0,1,74.861417,2017,5,10.299,0.078,10.528,10.510583,889,709,419,2017,2,2,1,5,1.7631E+12,1.7631E+12,,,,,,,,,,,,,,,
g1_online_only,LEO_ONLY,24,0,600,2,173,ok,,0,1,75.816417,2012,5,10.405,0.068,10.882,10.860209,887,707,418,2012,2,2,1,5,1.7631E+12,1.7631E+12,,,,,,,,,,,,,,,
g1_online_only,LEO_ONLY,24,0,600,2,174,ok,,0,1,67.243834,2015,5,10.396,0.097,10.428,10.40329099,888,708,419,2015,2,2,1,5,1.7631E+12,1.7631E+12,,,,,,,,,,,,,,,
g1_online_only,LEO_ONLY,24,0,600,2,175,ok,,0,1,79.171083,2015,5,11.009,0.064,11.009,11.006833,888,708,419,2015,2,2,1,5,1.7631E+12,1.7631E+12,,,,,,,,,,,,,,,
g1_online_only,LEO_ONLY,24,0,600,2,176,ok,,0,1,79.055542,2014,5,12.973,0.074,10.497,10.472709,888,708,418,2014,2,2,1,5,1.7631E+12,1.7631E+12,,,,,,,,,,,,,,,
g1_online_only,LEO_ONLY,24,0,600,2,177,ok,,0,1,74.296416,2012,5,10.694,0.062,10.488,10.459875,887,707,418,2012,2,2,1,5,1.7631E+12,1.7631E+12,,,,,,,,,,,,,,,
g1_online_only,LEO_ONLY,24,0,600,2,178,ok,,0,1,83.0145,2014,5,10.878,0.069,10.62,10.599,888,708,418,2014,2,2,1,5,1.7631E+12,1.7631E+12,,,,,,,,,,,,,,,
g1_online_only,LEO_ONLY,24,0,600,2,179,ok,,0,1,74.4935,2013,5,10.504,0.066,10.666,10.638167,887,708,418,2013,2,2,1,5,1.7631E+12,1.7631E+12,,,,,,,,,,,,,,,
g1_online_only,LEO_ONLY,24,0,600,2,180,ok,,0,1,69.325542,2017,5,10.405,0.074,10.584,10.56374999,889,709,419,2017,2,2,1,5,1.7631E+12,1.7631E+12,,,,,,,,,,,,,,,
g1_online_only,LEO_ONLY,24,0,600,2,181,ok,,0,1,72.617917,2017,5,10.501,0.068,10.666,10.645125,889,709,419,2017,2,2,1,5,1.7631E+12,1.7631E+12,,,,,,,,,,,,,,,
g1_online_only,LEO_ONLY,24,0,600,2,182,ok,,0,1,73.282375,2017,5,10.421,0.062,10.514,10.493791,889,709,419,2017,2,2,1,5,1.7631E+12,1.7631E+12,,,,,,,,,,,,,,,
g1_online_only,LEO_ONLY,24,0,600,2,183,ok,,0,1,75.566167,2013,5,10.428,0.071,10.938,10.913083,887,708,418,2013,2,2,1,5,1.7631E+12,1.7631E+12,,,,,,,,,,,,,,,
g1_online_only,LEO_ONLY,24,0,600,2,184,ok,,0,1,79.25566701,2013,5,10.718,0.075,10.818,10.793959,887,709,417,2013,2,2,1,5,1.7631E+12,1.7631E+12,,,,,,,,,,,,,,,
g1_online_only,LEO_ONLY,24,0,600,2,185,ok,,0,1,67.143833,2012,5,10.596,0.075,10.467,10.4415,887,707,418,2012,2,2,1,5,1.7631E+12,1.7631E+12,,,,,,,,,,,,,,,
g1_online_only,LEO_ONLY,24,0,600,2,186,ok,,0,1,73.690542,2013,5,10.565,0.069,10.44,10.41525,887,707,419,2013,2,2,1,5,1.7631E+12,1.7631E+12,,,,,,,,,,,,,,,
g1_online_only,LEO_ONLY,24,0,600,2,187,ok,,0,1,75.761541,2017,5,10.702,0.071,10.558,10.533,889,709,419,2017,2,2,1,5,1.7631E+12,1.7631E+12,,,,,,,,,,,,,,,
g1_online_only,LEO_ONLY,24,0,600,2,188,ok,,0,1,74.660458,2014,5,10.279,0.073,10.59,10.565041,887,709,418,2014,2,2,1,5,1.7631E+12,1.7631E+12,,,,,,,,,,,,,,,
g1_online_only,LEO_ONLY,24,0,600,2,189,ok,,0,1,73.895417,2015,5,10.311,0.071,10.57,10.541709,888,708,419,2015,2,2,1,5,1.7631E+12,1.7631E+12,,,,,,,,,,,,,,,
g1_online_only,LEO_ONLY,24,0,600,2,190,ok,,0,1,75.830625,2014,5,10.441,0.072,10.587,10.560667,888,708,418,2014,2,2,1,5,1.7631E+12,1.7631E+12,,,,,,,,,,,,,,,
g1_online_only,LEO_ONLY,24,0,600,2,191,ok,,0,1,72.773,2012,5,10.633,0.07,10.429,10.406458,887,708,417,2012,2,2,1,5,1.7631E+12,1.7631E+12,,,,,,,,,,,,,,,
g1_online_only,LEO_ONLY,24,0,600,2,192,ok,,0,1,72.229542,2015,5,10.319,0.067,10.704,10.67304199,888,708,419,2015,2,2,1,5,1.7631E+12,1.7631E+12,,,,,,,,,,,,,,,
g1_online_only,LEO_ONLY,24,0,600,2,193,ok,,0,1,77.774,2014,5,10.569,0.07,10.904,10.89183299,888,708,418,2014,2,2,1,5,1.7631E+12,1.7631E+12,,,,,,,,,,,,,,,
g1_online_only,LEO_ONLY,24,0,600,2,194,ok,,0,1,73.76825,2011,5,10.362,0.063,10.621,10.597042,886,707,418,2011,2,2,1,5,1.7631E+12,1.7631E+12,,,,,,,,,,,,,,,
g1_online_only,LEO_ONLY,24,0,600,2,195,ok,,0,1,65.255542,2012,5,10.123,0.075,10.048,10.023083,887,707,418,2012,2,2,1,5,1.7631E+12,1.7631E+12,,,,,,,,,,,,,,,
g1_online_only,LEO_ONLY,24,0,600,2,196,ok,,0,1,72.646458,2015,5,10.33,0.074,10.628,10.57954199,888,708,419,2015,2,2,1,5,1.7631E+12,1.7631E+12,,,,,,,,,,,,,,,
g1_online_only,LEO_ONLY,24,0,600,2,197,ok,,0,1,77.729791,2012,5,10.635,0.075,10.496,10.471625,887,707,418,2012,2,2,1,5,1.7631E+12,1.7631E+12,,,,,,,,,,,,,,,
g1_online_only,LEO_ONLY,24,0,600,2,198,ok,,0,1,76.6115,2008,5,10.419,0.07,10.564,10.539,884,708,416,2008,2,2,1,5,1.7631E+12,1.7631E+12,,,,,,,,,,,,,,,
g1_online_only,LEO_ONLY,24,0,600,2,199,ok,,0,1,71.735375,2016,5,10.561,1.734,14.601,14.527542,888,709,419,2016,2,2,1,5,1.7631E+12,1.7631E+12,,,,,,,,,,,,,,,
g1_online_only,LEO_ONLY,24,0,600,2,200,ok,,0,1,72.182375,2010,5,10.636,0.07,10.519,10.497167,885,707,418,2010,2,2,1,5,1.7631E+12,1.7631E+12,,,,,,,,,,,,,,,
g1_online_only,LEO_ONLY,24,0,600,2,201,ok,,0,1,69.215333,2017,5,10.365,0.077,10.478,10.440292,889,709,419,2017,2,2,1,5,1.7631E+12,1.7631E+12,,,,,,,,,,,,,,,
g1_online_only,LEO_ONLY,24,0,600,2,202,ok,,0,1,72.518416,2017,5,10.511,0.104,10.627,10.63679199,889,709,419,2017,2,2,1,5,1.7631E+12,1.7631E+12,,,,,,,,,,,,,,,
g1_online_only,LEO_ONLY,24,0,600,2,203,ok,,0,1,79.781542,2014,5,10.683,0.073,11.293,11.2155,888,708,418,2014,2,2,1,5,1.7631E+12,1.7631E+12,,,,,,,,,,,,,,,
g1_online_only,LEO_ONLY,24,0,600,2,204,ok,,0,1,76.514542,2017,5,10.727,0.073,10.518,10.499333,889,709,419,2017,2,2,1,5,1.7631E+12,1.7631E+12,,,,,,,,,,,,,,,
g1_online_only,LEO_ONLY,24,0,600,2,205,ok,,0,1,76.758875,2015,5,10.563,0.077,10.487,10.462459,888,709,418,2015,2,2,1,5,1.7631E+12,1.7631E+12,,,,,,,,,,,,,,,
g1_online_only,LEO_ONLY,24,0,600,2,206,ok,,0,1,73.547083,2014,5,10.705,0.067,10.732,10.7105,887,708,419,2014,2,2,1,5,1.7631E+12,1.7631E+12,,,,,,,,,,,,,,,
g1_online_only,LEO_ONLY,24,0,600,2,207,ok,,0,1,66.580792,2017,5,10.415,0.063,10.416,10.392792,889,709,419,2017,2,2,1,5,1.7631E+12,1.7631E+12,,,,,,,,,,,,,,,
g1_online_only,LEO_ONLY,24,0,600,2,208,ok,,0,1,73.342375,2007,5,10.44,0.059,10.927,10.903417,885,707,415,2007,2,2,1,5,1.7631E+12,1.7631E+12,,,,,,,,,,,,,,,
g1_online_only,LEO_ONLY,24,0,600,2,209,ok,,0,1,76.281792,2017,5,10.549,0.092,10.847,10.824,889,709,419,2017,2,2,1,5,1.7631E+12,1.7631E+12,,,,,,,,,,,,,,,
g1_online_only,LEO_ONLY,24,0,600,2,210,ok,,0,1,73.348417,2015,5,10.71,0.064,10.507,10.48375,888,708,419,2015,2,2,1,5,1.7631E+12,1.7631E+12,,,,,,,,,,,,,,,
g1_online_only,LEO_ONLY,24,0,600,2,211,ok,,0,1,71.974709,2015,5,10.32,0.062,10.656,10.633708,888,709,418,2015,2,2,1,5,1.7631E+12,1.7631E+12,,,,,,,,,,,,,,,
g1_online_only,LEO_ONLY,24,0,600,2,212,ok,,0,1,74.24825,2011,5,10.568,0.066,10.665,10.6415,887,707,417,2011,2,2,1,5,1.7631E+12,1.7631E+12,,,,,,,,,,,,,,,
g1_online_only,LEO_ONLY,24,0,600,2,213,ok,,0,1,74.413167,2013,5,10.641,0.067,10.757,10.73525,887,708,418,2013,2,2,1,5,1.7631E+12,1.7631E+12,,,,,,,,,,,,,,,
g1_online_only,LEO_ONLY,24,0,600,2,214,ok,,0,1,76.836083,2015,5,10.467,0.068,10.468,10.44687501,888,708,419,2015,2,2,1,5,1.7631E+12,1.7631E+12,,,,,,,,,,,,,,,
g1_online_only,LEO_ONLY,24,0,600,2,215,ok,,0,1,72.891834,2012,5,10.379,0.078,10.599,10.579916,887,707,418,2012,2,2,1,5,1.7631E+12,1.7631E+12,,,,,,,,,,,,,,,
g1_online_only,LEO_ONLY,24,0,600,2,216,ok,,0,1,74.007792,2007,5,10.496,0.063,10.664,10.643209,884,707,416,2007,2,2,1,5,1.7631E+12,1.7631E+12,,,,,,,,,,,,,,,
g1_online_only,LEO_ONLY,24,0,600,2,217,ok,,0,1,75.756583,2017,5,10.638,0.07,10.754,10.732,889,709,419,2017,2,2,1,5,1.7631E+12,1.7631E+12,,,,,,,,,,,,,,,
g1_online_only,LEO_ONLY,24,0,600,2,218,ok,,0,1,73.737834,2014,5,10.472,0.066,10.515,10.489792,887,708,419,2014,2,2,1,5,1.7631E+12,1.7631E+12,,,,,,,,,,,,,,,
g1_online_only,LEO_ONLY,24,0,600,2,219,ok,,0,1,70.080375,2014,5,10.297,0.071,10.416,10.39120901,888,708,418,2014,2,2,1,5,1.7631E+12,1.7631E+12,,,,,,,,,,,,,,,
g1_online_only,LEO_ONLY,24,0,600,2,220,ok,,0,1,68.495417,2013,5,10.256,0.07,10.401,10.38979201,886,709,418,2013,2,2,1,5,1.7631E+12,1.7631E+12,,,,,,,,,,,,,,,
g1_online_only,LEO_ONLY,24,0,600,2,221,ok,,0,1,73.837,2017,5,10.515,0.067,10.578,10.5585,889,709,419,2017,2,2,1,5,1.7631E+12,1.7631E+12,,,,,,,,,,,,,,,
g1_online_only,LEO_ONLY,24,0,600,2,222,ok,,0,1,69.73525,2011,5,10.341,0.059,10.425,10.409708,886,707,418,2011,2,2,1,5,1.7631E+12,1.7631E+12,,,,,,,,,,,,,,,
g1_online_only,LEO_ONLY,24,0,600,2,223,ok,,0,1,74.919208,2009,5,10.394,0.062,10.626,10.605291,886,706,417,2009,2,2,1,5,1.7631E+12,1.7631E+12,,,,,,,,,,,,,,,
g1_online_only,LEO_ONLY,24,0,600,2,224,ok,,0,1,77.60075,2010,5,10.814,0.076,10.907,10.88125,886,707,417,2010,2,2,1,5,1.7631E+12,1.7631E+12,,,,,,,,,,,,,,,
g1_online_only,LEO_ONLY,24,0,600,2,225,ok,,0,1,74.584583,2013,5,10.402,0.071,10.709,10.684458,887,708,418,2013,2,2,1,5,1.7631E+12,1.7631E+12,,,,,,,,,,,,,,,
g1_online_only,LEO_ONLY,24,0,600,2,226,ok,,0,1,72.123,2014,5,10.458,0.062,10.677,10.675458,888,709,417,2014,2,2,1,5,1.7631E+12,1.7631E+12,,,,,,,,,,,,,,,
g1_online_only,LEO_ONLY,24,0,600,2,227,ok,,0,1,71.865125,2012,5,10.493,0.085,10.403,10.37987501,887,707,418,2012,2,2,1,5,1.7631E+12,1.7631E+12,,,,,,,,,,,,,,,
g1_online_only,LEO_ONLY,24,0,600,2,228,ok,,0,1,74.60216701,2013,5,10.392,0.07,10.823,10.7965,886,709,418,2013,2,2,1,5,1.7631E+12,1.7631E+12,,,,,,,,,,,,,,,
g1_online_only,LEO_ONLY,24,0,600,2,229,ok,,0,1,70.352542,2015,5,10.187,0.068,10.544,10.515583,888,709,418,2015,2,2,1,5,1.7631E+12,1.7631E+12,,,,,,,,,,,,,,,
g1_online_only,LEO_ONLY,24,0,600,2,230,ok,,0,1,78.371458,2013,5,10.406,0.066,10.747,10.725709,887,708,418,2013,2,2,1,5,1.7631E+12,1.7631E+12,,,,,,,,,,,,,,,
g1_online_only,LEO_ONLY,24,0,600,2,231,ok,,0,1,75.58975,2017,5,10.422,0.069,10.541,10.51837501,889,709,419,2017,2,2,1,5,1.7631E+12,1.7631E+12,,,,,,,,,,,,,,,
g1_online_only,LEO_ONLY,24,0,600,2,232,ok,,0,1,69.7855,2017,5,10.39,0.058,10.601,10.578583,889,709,419,2017,2,2,1,5,1.7631E+12,1.7631E+12,,,,,,,,,,,,,,,
g1_online_only,LEO_ONLY,24,0,600,2,233,ok,,0,1,67.378208,2014,5,10.269,0.065,10.407,10.385333,888,708,418,2014,2,2,1,5,1.7631E+12,1.7631E+12,,,,,,,,,,,,,,,
g1_online_only,LEO_ONLY,24,0,600,2,234,ok,,0,1,74.330292,2010,5,10.555,0.064,10.674,10.650542,886,707,417,2010,2,2,1,5,1.7631E+12,1.7631E+12,,,,,,,,,,,,,,,
g1_online_only,LEO_ONLY,24,0,600,2,235,ok,,0,1,82.533334,2017,5,10.923,0.074,10.951,10.930209,889,709,419,2017,2,2,1,5,1.7631E+12,1.7631E+12,,,,,,,,,,,,,,,
g1_online_only,LEO_ONLY,24,0,600,2,236,ok,,0,1,71.305,2014,5,10.447,0.068,10.656,10.63020799,888,708,418,2014,2,2,1,5,1.7631E+12,1.7631E+12,,,,,,,,,,,,,,,
g1_online_only,LEO_ONLY,24,0,600,2,237,ok,,0,1,79.47775001,2015,5,10.71,0.07,10.816,10.793125,888,708,419,2015,2,2,1,5,1.7631E+12,1.7631E+12,,,,,,,,,,,,,,,
g1_online_only,LEO_ONLY,24,0,600,2,238,ok,,0,1,77.915416,2015,5,10.52,0.066,10.751,10.726167,888,708,419,2015,2,2,1,5,1.7631E+12,1.7631E+12,,,,,,,,,,,,,,,
g1_online_only,LEO_ONLY,24,0,600,2,239,ok,,0,1,83.387,2015,5,10.791,0.069,10.64,10.614584,888,708,419,2015,2,2,1,5,1.7631E+12,1.7631E+12,,,,,,,,,,,,,,,
g1_online_only,LEO_ONLY,24,0,600,2,240,ok,,0,1,69.729625,2012,5,10.388,0.075,10.563,10.54275,887,708,417,2012,2,2,1,5,1.7631E+12,1.7631E+12,,,,,,,,,,,,,,,
g1_online_only,LEO_ONLY,24,0,600,2,241,ok,,0,1,71.404583,2018,5,10.313,0.062,10.463,10.438667,890,709,419,2018,2,2,1,5,1.7631E+12,1.7631E+12,,,,,,,,,,,,,,,
g1_online_only,LEO_ONLY,24,0,600,2,242,ok,,0,1,73.196292,2014,5,10.625,0.069,10.822,10.796917,888,708,418,2014,2,2,1,5,1.7631E+12,1.7631E+12,,,,,,,,,,,,,,,
g1_online_only,LEO_ONLY,24,0,600,2,243,ok,,0,1,74.396459,2009,5,10.497,0.067,10.473,10.447333,885,707,417,2009,2,2,1,5,1.7631E+12,1.7631E+12,,,,,,,,,,,,,,,
g1_online_only,LEO_ONLY,24,0,600,2,244,ok,,0,1,71.067834,2014,5,10.351,0.061,10.398,10.377625,887,708,419,2014,2,2,1,5,1.7631E+12,1.7631E+12,,,,,,,,,,,,,,,
g1_online_only,LEO_ONLY,24,0,600,2,245,ok,,0,1,73.851959,2012,5,10.517,0.067,10.661,10.639333,887,708,417,2012,2,2,1,5,1.7631E+12,1.7631E+12,,,,,,,,,,,,,,,
g1_online_only,LEO_ONLY,24,0,600,2,246,ok,,0,1,76.79125,2015,5,10.856,0.065,10.403,10.382209,888,708,419,2015,2,2,1,5,1.7631E+12,1.7631E+12,,,,,,,,,,,,,,,
g1_online_only,LEO_ONLY,24,0,600,2,247,ok,,0,1,73.802459,2013,5,10.348,0.062,10.652,10.628041,887,708,418,2013,2,2,1,5,1.7631E+12,1.7631E+12,,,,,,,,,,,,,,,
g1_online_only,LEO_ONLY,24,0,600,2,248,ok,,0,1,77.326917,2017,5,10.305,0.064,10.58,10.557625,889,709,419,2017,2,2,1,5,1.7631E+12,1.7631E+12,,,,,,,,,,,,,,,
g1_online_only,LEO_ONLY,24,0,600,2,249,ok,,0,1,76.83625,2014,5,10.405,0.067,10.666,10.645458,888,708,418,2014,2,2,1,5,1.7631E+12,1.7631E+12,,,,,,,,,,,,,,,
g1_online_only,LEO_ONLY,24,0,600,2,250,ok,,0,1,78.557792,2012,5,10.601,0.066,10.557,10.534792,886,709,417,2012,2,2,1,5,1.7631E+12,1.7631E+12,,,,,,,,,,,,,,,
g1_online_only,LEO_ONLY,24,0,600,2,251,ok,,0,1,74.41250001,2014,5,10.341,0.088,10.915,10.908917,888,708,418,2014,2,2,1,5,1.7631E+12,1.7631E+12,,,,,,,,,,,,,,,
g1_online_only,LEO_ONLY,24,0,600,2,252,ok,,0,1,74.244167,2012,5,10.631,0.067,10.432,10.410626,886,708,418,2012,2,2,1,5,1.7631E+12,1.7631E+12,,,,,,,,,,,,,,,
g1_online_only,LEO_ONLY,24,0,600,2,253,ok,,0,1,77.08775,1986,5,10.437,0.071,10.5,10.453041,874,708,404,1986,2,2,1,5,1.7631E+12,1.7631E+12,,,,,,,,,,,,,,,
g1_online_only,LEO_ONLY,24,0,600,2,254,ok,,0,1,68.316792,2017,5,10.201,0.088,10.434,10.398459,889,709,419,2017,2,2,1,5,1.7631E+12,1.7631E+12,,,,,,,,,,,,,,,
g1_online_only,LEO_ONLY,24,0,600,2,255,ok,,0,1,65.878,2015,5,10.302,0.073,10.697,10.674334,888,708,419,2015,2,2,1,5,1.7631E+12,1.7631E+12,,,,,,,,,,,,,,,
g1_online_only,LEO_ONLY,24,0,600,2,256,ok,,0,1,76.346333,2012,5,10.497,0.066,10.541,10.520125,886,708,418,2012,2,2,1,5,1.7631E+12,1.7631E+12,,,,,,,,,,,,,,,
g1_online_only,LEO_ONLY,24,0,600,2,257,ok,,0,1,74.332875,2008,5,11.117,0.07,10.568,10.5445,884,707,417,2008,2,2,1,5,1.7631E+12,1.7631E+12,,,,,,,,,,,,,,,
g1_online_only,LEO_ONLY,24,0,600,2,258,ok,,0,1,74.09704199,2009,5,10.478,0.085,10.861,10.833125,886,706,417,2009,2,2,1,5,1.7631E+12,1.7631E+12,,,,,,,,,,,,,,,
g1_online_only,LEO_ONLY,24,0,600,2,259,ok,,0,1,77.33850001,2014,5,10.573,0.069,10.616,10.59275,888,708,418,2014,2,2,1,5,1.7631E+12,1.7631E+12,,,,,,,,,,,,,,,
g1_online_only,LEO_ONLY,24,0,600,2,260,ok,,0,1,77.53758301,1988,5,10.425,0.069,10.625,10.603542,875,707,406,1988,2,2,1,5,1.7631E+12,1.7631E+12,,,,,,,,,,,,,,,
g1_online_only,LEO_ONLY,24,0,600,2,261,ok,,0,1,76.772708,2015,5,10.239,0.07,10.814,10.792375,887,709,419,2015,2,2,1,5,1.7631E+12,1.7631E+12,,,,,,,,,,,,,,,
g1_online_only,LEO_ONLY,24,0,600,2,262,ok,,0,1,70.812417,2013,5,10.365,0.064,10.495,10.473583,887,708,418,2013,2,2,1,5,1.7631E+12,1.7631E+12,,,,,,,,,,,,,,,
g1_online_only,LEO_ONLY,24,0,600,2,263,ok,,0,1,78.47525,2017,5,10.87,0.072,10.647,10.619375,889,709,419,2017,2,2,1,5,1.7631E+12,1.7631E+12,,,,,,,,,,,,,,,
g1_online_only,LEO_ONLY,24,0,600,2,264,ok,,0,1,78.58975,2011,5,10.618,0.063,10.734,10.711458,886,707,418,2011,2,2,1,5,1.7631E+12,1.7631E+12,,,,,,,,,,,,,,,
g1_online_only,LEO_ONLY,24,0,600,2,265,ok,,0,1,75.96925,2014,5,10.558,0.06,10.537,10.51450001,888,708,418,2014,2,2,1,5,1.7631E+12,1.7631E+12,,,,,,,,,,,,,,,
g1_online_only,LEO_ONLY,24,0,600,2,266,ok,,0,1,78.431375,2014,5,10.576,0.068,10.709,10.686542,888,708,418,2014,2,2,1,5,1.7631E+12,1.7631E+12,,,,,,,,,,,,,,,
g1_online_only,LEO_ONLY,24,0,600,2,267,ok,,0,1,70.712083,2015,5,10.297,0.06,10.705,10.678333,889,708,418,2015,2,2,1,5,1.7631E+12,1.7631E+12,,,,,,,,,,,,,,,
g1_online_only,LEO_ONLY,24,0,600,2,268,ok,,0,1,70.287458,2017,5,10.558,0.068,10.589,10.568416,889,709,419,2017,2,2,1,5,1.7631E+12,1.7631E+12,,,,,,,,,,,,,,,
g1_online_only,LEO_ONLY,24,0,600,2,269,ok,,0,1,67.594875,2010,5,10.27,0.074,10.594,10.575791,886,707,417,2010,2,2,1,5,1.7631E+12,1.7631E+12,,,,,,,,,,,,,,,
g1_online_only,LEO_ONLY,24,0,600,2,270,ok,,0,1,68.731125,2015,5,10.118,0.067,10.307,10.286042,888,708,419,2015,2,2,1,5,1.7631E+12,1.7631E+12,,,,,,,,,,,,,,,
g1_online_only,LEO_ONLY,24,0,600,2,271,ok,,0,1,71.994667,2015,5,10.072,0.062,10.569,10.546875,888,708,419,2015,2,2,1,5,1.7631E+12,1.7631E+12,,,,,,,,,,,,,,,
g1_online_only,LEO_ONLY,24,0,600,2,272,ok,,0,1,73.420583,2009,5,10.46,0.078,10.33,10.307959,886,706,417,2009,2,2,1,5,1.7631E+12,1.7631E+12,,,,,,,,,,,,,,,
g1_online_only,LEO_ONLY,24,0,600,2,273,ok,,0,1,72.536917,2016,5,10.127,0.061,10.738,10.705917,889,708,419,2016,2,2,1,5,1.7631E+12,1.7631E+12,,,,,,,,,,,,,,,
g1_online_only,LEO_ONLY,24,0,600,2,274,ok,,0,1,80.04275,2012,5,10.396,0.069,10.669,10.649375,887,707,418,2012,2,2,1,5,1.7631E+12,1.7631E+12,,,,,,,,,,,,,,,
g1_online_only,LEO_ONLY,24,0,600,2,275,ok,,0,1,78.998459,2014,5,10.435,0.075,10.76,10.734916,888,708,418,2014,2,2,1,5,1.7631E+12,1.7631E+12,,,,,,,,,,,,,,,
g1_online_only,LEO_ONLY,24,0,600,2,276,ok,,0,1,75.533459,2016,5,10.589,0.066,10.478,10.455291,888,709,419,2016,2,2,1,5,1.7631E+12,1.7631E+12,,,,,,,,,,,,,,,
g1_online_only,LEO_ONLY,24,0,600,2,277,ok,,0,1,71.263,2017,5,10.627,0.077,10.656,10.63395799,889,709,419,2017,2,2,1,5,1.7631E+12,1.7631E+12,,,,,,,,,,,,,,,
g1_online_only,LEO_ONLY,24,0,600,2,278,ok,,0,1,70.521333,2014,5,10.541,0.066,10.573,10.552209,888,708,418,2014,2,2,1,5,1.7631E+12,1.7631E+12,,,,,,,,,,,,,,,
g1_online_only,LEO_ONLY,24,0,600,2,279,ok,,0,1,72.17825,2012,5,10.518,0.067,10.539,10.500458,887,708,417,2012,2,2,1,5,1.7631E+12,1.7631E+12,,,,,,,,,,,,,,,
g1_online_only,LEO_ONLY,24,0,600,2,280,ok,,0,1,72.995333,2017,5,10.399,0.09,10.851,10.792167,889,709,419,2017,2,2,1,5,1.7631E+12,1.7631E+12,,,,,,,,,,,,,,,
g1_online_only,LEO_ONLY,24,0,600,2,281,ok,,0,1,79.484292,2012,5,10.513,0.086,10.831,10.769709,887,707,418,2012,2,2,1,5,1.7631E+12,1.7631E+12,,,,,,,,,,,,,,,
g1_online_only,LEO_ONLY,24,0,600,2,282,ok,,0,1,74.077625,2014,5,10.606,0.12,10.787,10.764084,888,708,418,2014,2,2,1,5,1.7631E+12,1.7631E+12,,,,,,,,,,,,,,,
g1_online_only,LEO_ONLY,24,0,600,2,283,ok,,0,1,74.491,2014,5,10.804,0.12,10.741,10.691209,888,708,418,2014,2,2,1,5,1.7631E+12,1.7631E+12,,,,,,,,,,,,,,,
g1_online_only,LEO_ONLY,24,0,600,2,284,ok,,0,1,79.208708,2017,5,10.575,0.076,10.76,10.732541,889,709,419,2017,2,2,1,5,1.7631E+12,1.7631E+12,,,,,,,,,,,,,,,
g1_online_only,LEO_ONLY,24,0,600,2,285,ok,,0,1,90.001333,2008,5,10.905,0.223,18.828,18.790208,885,707,416,2008,2,2,1,5,1.7631E+12,1.7631E+12,,,,,,,,,,,,,,,
g1_online_only,LEO_ONLY,24,0,600,2,286,ok,,0,1,73.823834,2015,5,10.524,0.101,11.281,11.282125,888,709,418,2015,2,2,1,5,1.7631E+12,1.7631E+12,,,,,,,,,,,,,,,
g1_online_only,LEO_ONLY,24,0,600,2,287,ok,,0,1,75.291833,2017,5,10.597,0.079,10.571,10.547166,889,709,419,2017,2,2,1,5,1.7631E+12,1.7631E+12,,,,,,,,,,,,,,,
g1_online_only,LEO_ONLY,24,0,600,2,288,ok,,0,1,71.907667,2015,5,10.463,0.072,10.371,10.345042,888,708,419,2015,2,2,1,5,1.7631E+12,1.7631E+12,,,,,,,,,,,,,,,
g1_online_only,LEO_ONLY,24,0,600,2,289,ok,,0,1,74.793166,2012,5,10.559,0.074,10.723,10.699,887,708,417,2012,2,2,1,5,1.7631E+12,1.7631E+12,,,,,,,,,,,,,,,
g1_online_only,LEO_ONLY,24,0,600,2,290,ok,,0,1,74.027959,2015,5,10.643,0.07,10.645,10.623,888,708,419,2015,2,2,1,5,1.7631E+12,1.7631E+12,,,,,,,,,,,,,,,
g1_online_only,LEO_ONLY,24,0,600,2,291,ok,,0,1,72.472166,2016,5,10.226,0.072,10.718,10.68125,888,709,419,2016,2,2,1,5,1.7631E+12,1.7631E+12,,,,,,,,,,,,,,,
g1_online_only,LEO_ONLY,24,0,600,2,292,ok,,0,1,73.39249999,2011,5,10.559,0.072,10.588,10.565959,886,708,417,2011,2,2,1,5,1.7631E+12,1.7631E+12,,,,,,,,,,,,,,,
g1_online_only,LEO_ONLY,24,0,600,2,293,ok,,0,1,75.488416,2011,5,10.926,0.077,11.235,11.202667,886,708,417,2011,2,2,1,5,1.7631E+12,1.7631E+12,,,,,,,,,,,,,,,
g1_online_only,LEO_ONLY,24,0,600,2,294,ok,,0,1,72.713833,2011,5,10.71,0.062,10.608,10.587041,887,708,416,2011,2,2,1,5,1.7631E+12,1.7631E+12,,,,,,,,,,,,,,,
g1_online_only,LEO_ONLY,24,0,600,2,295,ok,,0,1,71.980875,2017,5,10.576,0.084,10.484,10.464417,889,709,419,2017,2,2,1,5,1.7631E+12,1.7631E+12,,,,,,,,,,,,,,,
g1_online_only,LEO_ONLY,24,0,600,2,296,ok,,0,1,68.204666,2014,5,10.337,0.059,10.47,10.447625,888,708,418,2014,2,2,1,5,1.7631E+12,1.7631E+12,,,,,,,,,,,,,,,
g1_online_only,LEO_ONLY,24,0,600,2,297,ok,,0,1,69.931458,2017,5,10.348,0.076,10.533,10.501834,889,709,419,2017,2,2,1,5,1.7631E+12,1.7631E+12,,,,,,,,,,,,,,,
g1_online_only,LEO_ONLY,24,0,600,2,298,ok,,0,1,77.442417,2017,5,10.474,0.069,10.84,10.718084,889,709,419,2017,2,2,1,5,1.7631E+12,1.7631E+12,,,,,,,,,,,,,,,
g1_online_only,LEO_ONLY,24,0,600,2,299,ok,,0,1,71.034917,2017,5,10.259,0.076,10.673,10.645208,889,709,419,2017,2,2,1,5,1.7631E+12,1.7631E+12,,,,,,,,,,,,,,,
g1_online_only,LEO_ONLY,24,0,600,2,300,ok,,0,1,69.721792,2014,5,10.545,0.073,10.439,10.41325001,888,708,418,2014,2,2,1,5,1.7631E+12,1.7631E+12,,,,,,,,,,,,,,,
g1_online_only,LEO_ONLY,24,0.1,200,2,1,ok,,0,1,70.836125,2015,5,10.606,0.076,10.395,10.36758399,888,708,419,2015,2,2,1,5,1.7631E+12,1.7631E+12,,,,,,,,,,,,,,,
g1_online_only,LEO_ONLY,24,0.1,200,2,2,ok,,0,1,75.644417,2013,5,10.336,0.069,10.538,10.514792,887,708,418,2013,2,2,1,5,1.7631E+12,1.7631E+12,,,,,,,,,,,,,,,
g1_online_only,LEO_ONLY,24,0.1,200,2,3,ok,,0,1,73.377583,2016,5,10.271,0.069,10.444,10.42375,888,709,419,2016,2,2,1,5,1.7631E+12,1.7631E+12,,,,,,,,,,,,,,,
g1_online_only,LEO_ONLY,24,0.1,200,2,4,ok,,0,1,72.711917,2010,5,10.404,0.071,10.551,10.526584,886,707,417,2010,2,2,1,5,1.7631E+12,1.7631E+12,,,,,,,,,,,,,,,
g1_online_only,LEO_ONLY,24,0.1,200,2,5,ok,,0,1,75.37570799,2013,5,10.547,0.057,10.604,10.579875,887,709,417,2013,2,2,1,5,1.7631E+12,1.7631E+12,,,,,,,,,,,,,,,
g1_online_only,LEO_ONLY,24,0.1,200,2,6,ok,,0,1,72.25541701,2012,5,10.476,0.07,10.405,10.383376,887,707,418,2012,2,2,1,5,1.7631E+12,1.7631E+12,,,,,,,,,,,,,,,
g1_online_only,LEO_ONLY,24,0.1,200,2,7,ok,,0,1,73.94808299,2012,5,10.833,0.06,10.332,10.310625,887,707,418,2012,2,2,1,5,1.7631E+12,1.7631E+12,,,,,,,,,,,,,,,
g1_online_only,LEO_ONLY,24,0.1,200,2,8,ok,,0,1,72.875833,2015,5,10.321,0.069,10.434,10.414292,888,708,419,2015,2,2,1,5,1.7631E+12,1.7631E+12,,,,,,,,,,,,,,,
g1_online_only,LEO_ONLY,24,0.1,200,2,9,ok,,0,1,71.543042,2014,5,10.136,0.071,10.548,10.520084,888,708,418,2014,2,2,1,5,1.7631E+12,1.7631E+12,,,,,,,,,,,,,,,
g1_online_only,LEO_ONLY,24,0.1,200,2,10,ok,,0,1,78.5415,2010,5,10.826,0.108,10.436,10.407125,886,707,417,2010,2,2,1,5,1.7631E+12,1.7631E+12,,,,,,,,,,,,,,,
g1_online_only,LEO_ONLY,24,0.1,200,2,11,ok,,0,1,68.98125,2012,5,10.178,0.064,10.435,10.412417,887,708,417,2012,2,2,1,5,1.7631E+12,1.7631E+12,,,,,,,,,,,,,,,
g1_online_only,LEO_ONLY,24,0.1,200,2,12,ok,,0,1,75.154292,2013,5,10.451,0.07,10.745,10.72137499,886,708,419,2013,2,2,1,5,1.7631E+12,1.7631E+12,,,,,,,,,,,,,,,
g1_online_only,LEO_ONLY,24,0.1,200,2,13,ok,,0,1,71.050917,2015,5,10.479,0.114,11.313,11.352291,888,709,418,2015,2,2,1,5,1.7631E+12,1.7631E+12,,,,,,,,,,,,,,,
g1_online_only,LEO_ONLY,24,0.1,200,2,14,ok,,0,1,73.271833,2012,5,10.629,0.07,10.57,10.544959,886,708,418,2012,2,2,1,5,1.7631E+12,1.7631E+12,,,,,,,,,,,,,,,
g1_online_only,LEO_ONLY,24,0.1,200,2,15,ok,,0,1,76.7185,2015,5,10.571,0.076,10.574,10.541125,888,708,419,2015,2,2,1,5,1.7631E+12,1.7631E+12,,,,,,,,,,,,,,,
g1_online_only,LEO_ONLY,24,0.1,200,2,16,ok,,0,1,75.751417,2014,5,10.397,0.078,10.637,10.621208,888,708,418,2014,2,2,1,5,1.7631E+12,1.7631E+12,,,,,,,,,,,,,,,
g1_online_only,LEO_ONLY,24,0.1,200,2,17,ok,,0,1,74.317625,2014,5,10.612,0.068,10.615,10.594167,888,708,418,2014,2,2,1,5,1.7631E+12,1.7631E+12,,,,,,,,,,,,,,,
g1_online_only,LEO_ONLY,24,0.1,200,2,18,ok,,0,1,69.961958,2012,5,10.311,0.071,10.348,10.326,887,708,417,2012,2,2,1,5,1.7631E+12,1.7631E+12,,,,,,,,,,,,,,,
g1_online_only,LEO_ONLY,24,0.1,200,2,19,ok,,0,1,76.05325,2014,5,10.855,0.074,10.482,10.456458,888,708,418,2014,2,2,1,5,1.7631E+12,1.7631E+12,,,,,,,,,,,,,,,
g1_online_only,LEO_ONLY,24,0.1,200,2,20,ok,,0,1,77.287667,2013,5,10.764,0.058,10.786,10.766792,887,707,419,2013,2,2,1,5,1.7631E+12,1.7631E+12,,,,,,,,,,,,,,,
g1_online_only,LEO_ONLY,24,0.1,200,2,21,ok,,0,1,77.482833,2014,5,10.432,0.07,10.878,10.854458,888,708,418,2014,2,2,1,5,1.7631E+12,1.7631E+12,,,,,,,,,,,,,,,
g1_online_only,LEO_ONLY,24,0.1,200,2,22,ok,,0,1,69.105167,2015,5,10.459,0.066,10.604,10.576667,888,709,418,2015,2,2,1,5,1.7631E+12,1.7631E+12,,,,,,,,,,,,,,,
g1_online_only,LEO_ONLY,24,0.1,200,2,23,ok,,0,1,73.469125,2017,5,10.403,0.065,10.856,10.826292,889,709,419,2017,2,2,1,5,1.7631E+12,1.7631E+12,,,,,,,,,,,,,,,
g1_online_only,LEO_ONLY,24,0.1,200,2,24,ok,,0,1,70.115792,2012,5,10.62,0.064,10.443,10.427667,887,708,417,2012,2,2,1,5,1.7631E+12,1.7631E+12,,,,,,,,,,,,,,,
g1_online_only,LEO_ONLY,24,0.1,200,2,25,ok,,0,1,73.152416,2015,5,10.245,0.061,10.451,10.430334,889,708,418,2015,2,2,1,5,1.7631E+12,1.7631E+12,,,,,,,,,,,,,,,
g1_online_only,LEO_ONLY,24,0.1,200,2,26,ok,,0,1,79.973917,2015,5,10.633,0.059,10.786,10.763792,888,708,419,2015,2,2,1,5,1.7631E+12,1.7631E+12,,,,,,,,,,,,,,,
g1_online_only,LEO_ONLY,24,0.1,200,2,27,ok,,0,1,71.419834,2014,5,10.288,0.079,10.551,10.524083,888,708,418,2014,2,2,1,5,1.7631E+12,1.7631E+12,,,,,,,,,,,,,,,
g1_online_only,LEO_ONLY,24,0.1,200,2,28,ok,,0,1,80.054792,2014,5,10.754,0.059,10.916,10.894417,888,708,418,2014,2,2,1,5,1.7631E+12,1.7631E+12,,,,,,,,,,,,,,,
g1_online_only,LEO_ONLY,24,0.1,200,2,29,ok,,0,1,77.916875,2017,5,10.646,0.074,10.848,10.821,889,709,419,2017,2,2,1,5,1.7631E+12,1.7631E+12,,,,,,,,,,,,,,,
g1_online_only,LEO_ONLY,24,0.1,200,2,30,ok,,0,1,77.726,2012,5,10.861,0.073,10.735,10.713583,887,707,418,2012,2,2,1,5,1.7631E+12,1.7631E+12,,,,,,,,,,,,,,,
g1_online_only,LEO_ONLY,24,0.1,200,2,31,ok,,0,1,73.052542,2010,5,10.041,0.103,10.951,10.952542,886,707,417,2010,2,2,1,5,1.7631E+12,1.7631E+12,,,,,,,,,,,,,,,
g1_online_only,LEO_ONLY,24,0.1,200,2,32,ok,,0,1,80.15620799,2014,5,10.824,0.068,10.702,10.679833,888,708,418,2014,2,2,1,5,1.7631E+12,1.7631E+12,,,,,,,,,,,,,,,
g1_online_only,LEO_ONLY,24,0.1,200,2,33,ok,,0,1,69.1375,2011,5,10.3,0.065,10.351,10.321125,886,707,418,2011,2,2,1,5,1.7631E+12,1.7631E+12,,,,,,,,,,,,,,,
g1_online_only,LEO_ONLY,24,0.1,200,2,34,ok,,0,1,84.386916,2015,5,10.665,0.072,10.979,10.956292,888,709,418,2015,2,2,1,5,1.7631E+12,1.7631E+12,,,,,,,,,,,,,,,
g1_online_only,LEO_ONLY,24,0.1,200,2,35,ok,,0,1,78.426084,2015,5,10.44,0.065,10.756,10.73375,888,709,418,2015,2,2,1,5,1.7631E+12,1.7631E+12,,,,,,,,,,,,,,,
g1_online_only,LEO_ONLY,24,0.1,200,2,36,ok,,0,1,80.990833,2015,5,10.801,0.072,10.708,10.684375,888,709,418,2015,2,2,1,5,1.7631E+12,1.7631E+12,,,,,,,,,,,,,,,
g1_online_only,LEO_ONLY,24,0.1,200,2,37,ok,,0,1,72.895625,2015,5,10.53,0.082,10.684,10.659375,888,708,419,2015,2,2,1,5,1.7631E+12,1.7631E+12,,,,,,,,,,,,,,,
g1_online_only,LEO_ONLY,24,0.1,200,2,38,ok,,0,1,69.417417,2011,5,10.091,0.068,10.464,10.443584,886,708,417,2011,2,2,1,5,1.7631E+12,1.7631E+12,,,,,,,,,,,,,,,
g1_online_only,LEO_ONLY,24,0.1,200,2,39,ok,,0,1,73.940875,2017,5,10.186,0.067,10.477,10.45475,889,709,419,2017,2,2,1,5,1.7631E+12,1.7631E+12,,,,,,,,,,,,,,,
g1_online_only,LEO_ONLY,24,0.1,200,2,40,ok,,0,1,77.796459,2015,5,10.501,0.062,10.714,10.686,888,708,419,2015,2,2,1,5,1.7631E+12,1.7631E+12,,,,,,,,,,,,,,,
g1_online_only,LEO_ONLY,24,0.1,200,2,41,ok,,0,1,82.327709,2011,5,10.792,0.068,11.032,11.009792,886,708,417,2011,2,2,1,5,1.7631E+12,1.7631E+12,,,,,,,,,,,,,,,
g1_online_only,LEO_ONLY,24,0.1,200,2,42,ok,,0,1,75.26054201,2010,5,10.701,0.069,10.385,10.36,886,707,417,2010,2,2,1,5,1.7631E+12,1.7631E+12,,,,,,,,,,,,,,,
g1_online_only,LEO_ONLY,24,0.1,200,2,43,ok,,0,1,90.044375,2008,5,22.637,0.113,10.479,10.443583,885,707,416,2008,2,2,1,5,1.7631E+12,1.7631E+12,,,,,,,,,,,,,,,
g1_online_only,LEO_ONLY,24,0.1,200,2,44,ok,,0,1,80.509834,1988,5,10.817,0.063,10.75,10.72425,874,709,405,1988,2,2,1,5,1.7631E+12,1.7631E+12,,,,,,,,,,,,,,,
g1_online_only,LEO_ONLY,24,0.1,200,2,45,ok,,0,1,75.336042,2015,5,10.587,0.071,10.41,10.381417,888,708,419,2015,2,2,1,5,1.7631E+12,1.7631E+12,,,,,,,,,,,,,,,
g1_online_only,LEO_ONLY,24,0.1,200,2,46,ok,,0,1,78.170208,2015,5,10.559,0.068,10.453,10.427292,888,708,419,2015,2,2,1,5,1.7631E+12,1.7631E+12,,,,,,,,,,,,,,,
g1_online_only,LEO_ONLY,24,0.1,200,2,47,ok,,0,1,71.703375,2017,5,10.624,0.062,10.282,10.259042,889,709,419,2017,2,2,1,5,1.7631E+12,1.7631E+12,,,,,,,,,,,,,,,
g1_online_only,LEO_ONLY,24,0.1,200,2,48,ok,,0,1,68.023791,2018,5,10.301,0.06,10.401,10.37966699,890,709,419,2018,2,2,1,5,1.7631E+12,1.7631E+12,,,,,,,,,,,,,,,
g1_online_only,LEO_ONLY,24,0.1,200,2,49,ok,,0,1,70.44379201,2014,5,10.801,0.07,10.441,10.418917,888,708,418,2014,2,2,1,5,1.7631E+12,1.7631E+12,,,,,,,,,,,,,,,
g1_online_only,LEO_ONLY,24,0.1,200,2,50,ok,,0,1,76.046292,2015,5,10.576,0.07,10.73,10.711167,888,709,418,2015,2,2,1,5,1.7631E+12,1.7631E+12,,,,,,,,,,,,,,,
g1_online_only,LEO_ONLY,24,0.1,200,2,51,ok,,0,1,68.530626,2015,5,10.573,0.067,10.467,10.445542,888,708,419,2015,2,2,1,5,1.7631E+12,1.7631E+12,,,,,,,,,,,,,,,
g1_online_only,LEO_ONLY,24,0.1,200,2,52,ok,,0,1,74.536208,2017,5,10.388,0.069,10.529,10.50883401,889,709,419,2017,2,2,1,5,1.7631E+12,1.7631E+12,,,,,,,,,,,,,,,
g1_online_only,LEO_ONLY,24,0.1,200,2,53,ok,,0,1,73.480583,2017,5,10.386,0.067,10.135,10.11854201,889,709,419,2017,2,2,1,5,1.7631E+12,1.7631E+12,,,,,,,,,,,,,,,
g1_online_only,LEO_ONLY,24,0.1,200,2,54,ok,,0,1,81.042375,2017,5,10.488,0.06,10.891,10.864209,889,709,419,2017,2,2,1,5,1.7631E+12,1.7631E+12,,,,,,,,,,,,,,,
g1_online_only,LEO_ONLY,24,0.1,200,2,55,ok,,0,1,68.236792,2012,5,10.152,0.066,10.411,10.38974999,887,707,418,2012,2,2,1,5,1.7631E+12,1.7631E+12,,,,,,,,,,,,,,,
g1_online_only,LEO_ONLY,24,0.1,200,2,56,ok,,0,1,70.528209,2015,5,10.523,0.067,10.542,10.522,888,709,418,2015,2,2,1,5,1.7631E+12,1.7631E+12,,,,,,,,,,,,,,,
g1_online_only,LEO_ONLY,24,0.1,200,2,57,ok,,0,1,77.276958,2015,5,10.381,0.07,10.611,10.588166,887,709,419,2015,2,2,1,5,1.7631E+12,1.7631E+12,,,,,,,,,,,,,,,
g1_online_only,LEO_ONLY,24,0.1,200,2,58,ok,,0,1,76.61820899,2014,5,10.522,0.072,10.336,10.315166,887,708,419,2014,2,2,1,5,1.7631E+12,1.7631E+12,,,,,,,,,,,,,,,
g1_online_only,LEO_ONLY,24,0.1,200,2,59,ok,,0,1,77.694333,2015,5,10.732,0.072,10.721,10.696291,888,708,419,2015,2,2,1,5,1.7631E+12,1.7631E+12,,,,,,,,,,,,,,,
g1_online_only,LEO_ONLY,24,0.1,200,2,60,ok,,0,1,71.076083,2017,5,10.656,0.074,10.387,10.36245799,889,709,419,2017,2,2,1,5,1.7631E+12,1.7631E+12,,,,,,,,,,,,,,,
g1_online_only,LEO_ONLY,24,0.1,200,2,61,ok,,0,1,74.973084,2014,5,10.629,0.07,10.553,10.532833,888,708,418,2014,2,2,1,5,1.7631E+12,1.7631E+12,,,,,,,,,,,,,,,
g1_online_only,LEO_ONLY,24,0.1,200,2,62,ok,,0,1,76.324,1986,5,10.317,0.067,10.5,10.4775,874,708,404,1986,2,2,1,5,1.7631E+12,1.7631E+12,,,,,,,,,,,,,,,
g1_online_only,LEO_ONLY,24,0.1,200,2,63,ok,,0,1,75.348041,2015,5,10.491,0.07,10.687,10.66925,887,709,419,2015,2,2,1,5,1.7631E+12,1.7631E+12,,,,,,,,,,,,,,,
g1_online_only,LEO_ONLY,24,0.1,200,2,64,ok,,0,1,74.045708,2015,5,10.595,0.064,10.537,10.515375,888,708,419,2015,2,2,1,5,1.7631E+12,1.7631E+12,,,,,,,,,,,,,,,
g1_online_only,LEO_ONLY,24,0.1,200,2,65,ok,,0,1,74.06904099,2010,5,10.262,0.057,10.812,10.79016701,886,707,417,2010,2,2,1,5,1.7631E+12,1.7631E+12,,,,,,,,,,,,,,,
g1_online_only,LEO_ONLY,24,0.1,200,2,66,ok,,0,1,70.592667,2015,5,10.576,0.063,10.34,10.318833,888,709,418,2015,2,2,1,5,1.7631E+12,1.7631E+12,,,,,,,,,,,,,,,
g1_online_only,LEO_ONLY,24,0.1,200,2,67,ok,,0,1,73.314084,2017,5,10.332,0.077,10.442,10.424,889,709,419,2017,2,2,1,5,1.7631E+12,1.7631E+12,,,,,,,,,,,,,,,
g1_online_only,LEO_ONLY,24,0.1,200,2,68,ok,,0,1,69.774917,2017,5,10.338,0.07,10.79,10.764542,889,709,419,2017,2,2,1,5,1.7631E+12,1.7631E+12,,,,,,,,,,,,,,,
g1_online_only,LEO_ONLY,24,0.1,200,2,69,ok,,0,1,72.405625,2014,5,10.594,0.06,10.491,10.46624999,888,708,418,2014,2,2,1,5,1.7631E+12,1.7631E+12,,,,,,,,,,,,,,,
g1_online_only,LEO_ONLY,24,0.1,200,2,70,ok,,0,1,75.723625,2011,5,10.481,0.067,10.594,10.572875,887,707,417,2011,2,2,1,5,1.7631E+12,1.7631E+12,,,,,,,,,,,,,,,
g1_online_only,LEO_ONLY,24,0.1,200,2,71,ok,,0,1,76.675,2009,5,10.575,0.075,10.841,10.814833,885,707,417,2009,2,2,1,5,1.7631E+12,1.7631E+12,,,,,,,,,,,,,,,
g1_online_only,LEO_ONLY,24,0.1,200,2,72,ok,,0,1,80.113916,2013,5,14.517,0.398,11.524,11.507958,887,708,418,2013,2,2,1,5,1.7631E+12,1.7631E+12,,,,,,,,,,,,,,,
g1_online_only,LEO_ONLY,24,0.1,200,2,73,ok,,0,1,68.71799999,2015,5,10.414,0.067,10.494,10.473,888,708,419,2015,2,2,1,5,1.7631E+12,1.7631E+12,,,,,,,,,,,,,,,
g1_online_only,LEO_ONLY,24,0.1,200,2,74,ok,,0,1,73.552959,2017,5,10.574,0.08,10.655,10.623958,889,709,419,2017,2,2,1,5,1.7631E+12,1.7631E+12,,,,,,,,,,,,,,,
g1_online_only,LEO_ONLY,24,0.1,200,2,75,ok,,0,1,68.696459,2017,5,10.302,0.101,10.872,10.87,889,709,419,2017,2,2,1,5,1.7631E+12,1.7631E+12,,,,,,,,,,,,,,,
g1_online_only,LEO_ONLY,24,0.1,200,2,76,ok,,0,1,71.354083,2015,5,10.169,0.068,10.629,10.603125,888,708,419,2015,2,2,1,5,1.7631E+12,1.7631E+12,,,,,,,,,,,,,,,
g1_online_only,LEO_ONLY,24,0.1,200,2,77,ok,,0,1,74.042625,2011,5,10.271,0.071,10.444,10.4235,886,708,417,2011,2,2,1,5,1.7631E+12,1.7631E+12,,,,,,,,,,,,,,,
g1_online_only,LEO_ONLY,24,0.1,200,2,78,ok,,0,1,78.746166,2011,5,12.863,0.059,10.823,10.800416,886,707,418,2011,2,2,1,5,1.7631E+12,1.7631E+12,,,,,,,,,,,,,,,
g1_online_only,LEO_ONLY,24,0.1,200,2,79,ok,,0,1,72.622375,2015,5,10.307,0.07,10.333,10.312625,888,708,419,2015,2,2,1,5,1.7631E+12,1.7631E+12,,,,,,,,,,,,,,,
g1_online_only,LEO_ONLY,24,0.1,200,2,80,ok,,0,1,72.363209,2015,5,10.41,0.069,10.584,10.564375,888,708,419,2015,2,2,1,5,1.7631E+12,1.7631E+12,,,,,,,,,,,,,,,
g1_online_only,LEO_ONLY,24,0.1,200,2,81,ok,,0,1,69.388042,2012,5,10.266,0.059,10.417,10.394292,887,708,417,2012,2,2,1,5,1.7631E+12,1.7631E+12,,,,,,,,,,,,,,,
g1_online_only,LEO_ONLY,24,0.1,200,2,82,ok,,0,1,79.3285,2017,5,10.493,0.057,11.038,11.011333,889,709,419,2017,2,2,1,5,1.7631E+12,1.7631E+12,,,,,,,,,,,,,,,
g1_online_only,LEO_ONLY,24,0.1,200,2,83,ok,,0,1,77.314125,2013,5,10.521,0.067,10.931,10.911167,887,708,418,2013,2,2,1,5,1.7631E+12,1.7631E+12,,,,,,,,,,,,,,,
g1_online_only,LEO_ONLY,24,0.1,200,2,84,ok,,0,1,77.243542,2013,5,10.62,0.069,10.979,10.960125,887,708,418,2013,2,2,1,5,1.7631E+12,1.7631E+12,,,,,,,,,,,,,,,
g1_online_only,LEO_ONLY,24,0.1,200,2,85,ok,,0,1,72.265791,2011,5,10.366,0.061,10.494,10.473375,886,708,417,2011,2,2,1,5,1.7631E+12,1.7631E+12,,,,,,,,,,,,,,,
g1_online_only,LEO_ONLY,24,0.1,200,2,86,ok,,0,1,73.303626,2015,5,10.35,0.059,10.443,10.42658299,888,709,418,2015,2,2,1,5,1.7631E+12,1.7631E+12,,,,,,,,,,,,,,,
g1_online_only,LEO_ONLY,24,0.1,200,2,87,ok,,0,1,71.568709,2016,5,10.519,0.063,10.671,10.6465,888,709,419,2016,2,2,1,5,1.7631E+12,1.7631E+12,,,,,,,,,,,,,,,
g1_online_only,LEO_ONLY,24,0.1,200,2,88,ok,,0,1,73.079459,2015,5,10.017,0.1,10.557,10.543792,888,708,419,2015,2,2,1,5,1.7631E+12,1.7631E+12,,,,,,,,,,,,,,,
g1_online_only,LEO_ONLY,24,0.1,200,2,89,ok,,0,1,73.528083,2013,5,10.514,0.062,10.354,10.33491601,888,708,417,2013,2,2,1,5,1.7631E+12,1.7631E+12,,,,,,,,,,,,,,,
g1_online_only,LEO_ONLY,24,0.1,200,2,90,ok,,0,1,77.265167,2015,5,10.534,0.079,10.73,10.71237501,888,709,418,2015,2,2,1,5,1.7631E+12,1.7631E+12,,,,,,,,,,,,,,,
g1_online_only,LEO_ONLY,24,0.1,200,2,91,ok,,0,1,70.03975,2015,5,10.152,0.057,10.431,10.40862501,888,709,418,2015,2,2,1,5,1.7631E+12,1.7631E+12,,,,,,,,,,,,,,,
g1_online_only,LEO_ONLY,24,0.1,200,2,92,ok,,0,1,72.34558299,2015,5,10.663,0.074,10.452,10.432209,888,709,418,2015,2,2,1,5,1.7631E+12,1.7631E+12,,,,,,,,,,,,,,,
g1_online_only,LEO_ONLY,24,0.1,200,2,93,ok,,0,1,75.973208,2012,5,10.428,0.068,10.597,10.569625,887,707,418,2012,2,2,1,5,1.7631E+12,1.7631E+12,,,,,,,,,,,,,,,
g1_online_only,LEO_ONLY,24,0.1,200,2,94,ok,,0,1,74.440958,2016,5,10.67,0.058,10.715,10.695375,888,709,419,2016,2,2,1,5,1.7631E+12,1.7631E+12,,,,,,,,,,,,,,,
g1_online_only,LEO_ONLY,24,0.1,200,2,95,ok,,0,1,73.118541,2015,5,10.626,0.07,10.426,10.4015,888,708,419,2015,2,2,1,5,1.7631E+12,1.7631E+12,,,,,,,,,,,,,,,
g1_online_only,LEO_ONLY,24,0.1,200,2,96,ok,,0,1,76.632416,2014,5,10.455,0.073,10.9,10.875958,888,708,418,2014,2,2,1,5,1.7631E+12,1.7631E+12,,,,,,,,,,,,,,,
g1_online_only,LEO_ONLY,24,0.1,200,2,97,ok,,0,1,79.59483301,2014,5,10.858,0.069,10.631,10.606834,887,708,419,2014,2,2,1,5,1.7631E+12,1.7631E+12,,,,,,,,,,,,,,,
g1_online_only,LEO_ONLY,24,0.1,200,2,98,ok,,0,1,75.980833,2013,5,10.831,0.064,10.688,10.665583,887,708,418,2013,2,2,1,5,1.7631E+12,1.7631E+12,,,,,,,,,,,,,,,
g1_online_only,LEO_ONLY,24,0.1,200,2,99,ok,,0,1,70.694458,2015,5,10.344,0.066,10.564,10.540125,888,708,419,2015,2,2,1,5,1.7631E+12,1.7631E+12,,,,,,,,,,,,,,,
g1_online_only,LEO_ONLY,24,0.1,200,2,100,ok,,0,1,74.963833,2013,5,10.699,0.069,10.323,10.30570899,887,708,418,2013,2,2,1,5,1.7631E+12,1.7631E+12,,,,,,,,,,,,,,,
g1_online_only,LEO_ONLY,24,0.1,200,2,101,ok,,0,1,72.639541,2011,5,10.102,0.06,10.581,10.559792,887,707,417,2011,2,2,1,5,1.7631E+12,1.7631E+12,,,,,,,,,,,,,,,
g1_online_only,LEO_ONLY,24,0.1,200,2,102,ok,,0,1,76.7355,2012,5,10.625,0.069,10.413,10.394417,887,707,418,2012,2,2,1,5,1.7631E+12,1.7631E+12,,,,,,,,,,,,,,,
g1_online_only,LEO_ONLY,24,0.1,200,2,103,ok,,0,1,71.686083,2015,5,10.644,0.065,10.45,10.428291,888,708,419,2015,2,2,1,5,1.7631E+12,1.7631E+12,,,,,,,,,,,,,,,
g1_online_only,LEO_ONLY,24,0.1,200,2,104,ok,,0,1,77.449875,2014,5,10.397,0.069,10.754,10.712625,887,708,419,2014,2,2,1,5,1.7631E+12,1.7631E+12,,,,,,,,,,,,,,,
g1_online_only,LEO_ONLY,24,0.1,200,2,105,ok,,0,1,71.288083,2014,5,10.598,0.066,10.489,10.465,888,708,418,2014,2,2,1,5,1.7631E+12,1.7631E+12,,,,,,,,,,,,,,,
g1_online_only,LEO_ONLY,24,0.1,200,2,106,ok,,0,1,72.88075,2016,5,10.275,0.061,10.489,10.4685,888,709,419,2016,2,2,1,5,1.7631E+12,1.7631E+12,,,,,,,,,,,,,,,
g1_online_only,LEO_ONLY,24,0.1,200,2,107,ok,,0,1,73.655917,2014,5,10.321,0.071,10.362,10.340083,888,708,418,2014,2,2,1,5,1.7631E+12,1.7631E+12,,,,,,,,,,,,,,,
g1_online_only,LEO_ONLY,24,0.1,200,2,108,ok,,0,1,73.93999999,2015,5,10.182,0.077,10.592,10.568375,888,708,419,2015,2,2,1,5,1.7631E+12,1.7631E+12,,,,,,,,,,,,,,,
g1_online_only,LEO_ONLY,24,0.1,200,2,109,ok,,0,1,76.963541,2017,5,10.557,0.088,10.278,10.225667,889,709,419,2017,2,2,1,5,1.7631E+12,1.7631E+12,,,,,,,,,,,,,,,
g1_online_only,LEO_ONLY,24,0.1,200,2,110,ok,,0,1,76.661208,2010,5,10.633,0.069,10.652,10.63075,886,706,418,2010,2,2,1,5,1.7631E+12,1.7631E+12,,,,,,,,,,,,,,,
g1_online_only,LEO_ONLY,24,0.1,200,2,111,ok,,0,1,77.446916,2009,5,10.653,0.069,10.599,10.578125,886,706,417,2009,2,2,1,5,1.7631E+12,1.7631E+12,,,,,,,,,,,,,,,
g1_online_only,LEO_ONLY,24,0.1,200,2,112,ok,,0,1,77.47216699,2009,5,10.68,0.07,10.645,10.6205,886,706,417,2009,2,2,1,5,1.7631E+12,1.7631E+12,,,,,,,,,,,,,,,
g1_online_only,LEO_ONLY,24,0.1,200,2,113,ok,,0,1,73.417125,2013,5,10.677,0.072,10.396,10.376417,887,708,418,2013,2,2,1,5,1.7631E+12,1.7631E+12,,,,,,,,,,,,,,,
g1_online_only,LEO_ONLY,24,0.1,200,2,114,ok,,0,1,71.740708,2014,5,10.58,0.058,10.58,10.556166,888,708,418,2014,2,2,1,5,1.7631E+12,1.7631E+12,,,,,,,,,,,,,,,
g1_online_only,LEO_ONLY,24,0.1,200,2,115,ok,,0,1,72.596208,2017,5,10.46,0.066,10.533,10.506416,889,709,419,2017,2,2,1,5,1.7631E+12,1.7631E+12,,,,,,,,,,,,,,,
g1_online_only,LEO_ONLY,24,0.1,200,2,116,ok,,0,1,74.196125,2010,5,10.38,0.067,10.83,10.8025,886,707,417,2010,2,2,1,5,1.7631E+12,1.7631E+12,,,,,,,,,,,,,,,
g1_online_only,LEO_ONLY,24,0.1,200,2,117,ok,,0,1,72.881208,2012,5,10.453,0.076,10.356,10.330709,887,708,417,2012,2,2,1,5,1.7631E+12,1.7631E+12,,,,,,,,,,,,,,,
g1_online_only,LEO_ONLY,24,0.1,200,2,118,ok,,0,1,73.199542,2015,5,10.3,0.07,10.402,10.382459,888,709,418,2015,2,2,1,5,1.7631E+12,1.7631E+12,,,,,,,,,,,,,,,
g1_online_only,LEO_ONLY,24,0.1,200,2,119,ok,,0,1,73.859875,2014,5,10.682,0.078,10.593,10.570416,887,708,419,2014,2,2,1,5,1.7631E+12,1.7631E+12,,,,,,,,,,,,,,,
g1_online_only,LEO_ONLY,24,0.1,200,2,120,ok,,0,1,70.913292,2014,5,10.636,0.067,10.542,10.520917,887,709,418,2014,2,2,1,5,1.7631E+12,1.7631E+12,,,,,,,,,,,,,,,
g1_online_only,LEO_ONLY,24,0.1,200,2,121,ok,,0,1,76.017209,2016,5,10.36,0.071,10.864,10.849251,888,709,419,2016,2,2,1,5,1.7631E+12,1.7631E+12,,,,,,,,,,,,,,,
g1_online_only,LEO_ONLY,24,0.1,200,2,122,ok,,0,1,69.524833,2015,5,10.464,0.072,10.568,10.542458,888,709,418,2015,2,2,1,5,1.7631E+12,1.7631E+12,,,,,,,,,,,,,,,
g1_online_only,LEO_ONLY,24,0.1,200,2,123,ok,,0,1,78.230584,2015,5,10.5,0.075,10.874,10.855041,888,709,418,2015,2,2,1,5,1.7631E+12,1.7631E+12,,,,,,,,,,,,,,,
g1_online_only,LEO_ONLY,24,0.1,200,2,124,ok,,0,1,76.612666,2015,5,10.498,0.069,10.589,10.566708,888,708,419,2015,2,2,1,5,1.7631E+12,1.7631E+12,,,,,,,,,,,,,,,
g1_online_only,LEO_ONLY,24,0.1,200,2,125,ok,,0,1,74.421125,2016,5,10.688,0.065,10.902,10.88025,888,709,419,2016,2,2,1,5,1.7631E+12,1.7631E+12,,,,,,,,,,,,,,,
g1_online_only,LEO_ONLY,24,0.1,200,2,126,ok,,0,1,69.232541,2012,5,10.186,0.071,10.513,10.487042,887,708,417,2012,2,2,1,5,1.7631E+12,1.7631E+12,,,,,,,,,,,,,,,
g1_online_only,LEO_ONLY,24,0.1,200,2,127,ok,,0,1,106.537584,2013,5,22.886,0.112,19.251,19.217792,887,708,418,2013,2,2,1,5,1.7631E+12,1.7631E+12,,,,,,,,,,,,,,,
g1_online_only,LEO_ONLY,24,0.1,200,2,128,ok,,0,1,77.760625,2014,5,10.949,0.077,10.897,10.86775,888,708,418,2014,2,2,1,5,1.7631E+12,1.7631E+12,,,,,,,,,,,,,,,
g1_online_only,LEO_ONLY,24,0.1,200,2,129,ok,,0,1,77.551792,2015,5,12.127,0.094,10.718,10.699292,888,708,419,2015,2,2,1,5,1.7631E+12,1.7631E+12,,,,,,,,,,,,,,,
g1_online_only,LEO_ONLY,24,0.1,200,2,130,ok,,0,1,70.752958,2013,5,10.339,0.067,10.527,10.507083,887,707,419,2013,2,2,1,5,1.7631E+12,1.7631E+12,,,,,,,,,,,,,,,
g1_online_only,LEO_ONLY,24,0.1,200,2,131,ok,,0,1,72.087,2003,5,10.204,0.067,10.588,10.56941701,882,708,413,2003,2,2,1,5,1.7631E+12,1.7631E+12,,,,,,,,,,,,,,,
g1_online_only,LEO_ONLY,24,0.1,200,2,132,ok,,0,1,71.16650001,2018,5,10.366,0.062,10.384,10.362292,890,709,419,2018,2,2,1,5,1.7631E+12,1.7631E+12,,,,,,,,,,,,,,,
g1_online_only,LEO_ONLY,24,0.1,200,2,133,ok,,0,1,77.335667,2015,5,10.699,0.058,10.912,10.89154099,888,708,419,2015,2,2,1,5,1.7631E+12,1.7631E+12,,,,,,,,,,,,,,,
g1_online_only,LEO_ONLY,24,0.1,200,2,134,ok,,0,1,70.879458,2015,5,10.57,0.063,10.312,10.283958,888,709,418,2015,2,2,1,5,1.7631E+12,1.7631E+12,,,,,,,,,,,,,,,
g1_online_only,LEO_ONLY,24,0.1,200,2,135,ok,,0,1,68.268833,2012,5,10.397,0.059,10.125,10.103375,887,708,417,2012,2,2,1,5,1.7631E+12,1.7631E+12,,,,,,,,,,,,,,,
g1_online_only,LEO_ONLY,24,0.1,200,2,136,ok,,0,1,76.301667,2013,5,10.811,0.069,10.634,10.614083,887,708,418,2013,2,2,1,5,1.7631E+12,1.7631E+12,,,,,,,,,,,,,,,
g1_online_only,LEO_ONLY,24,0.1,200,2,137,ok,,0,1,76.739333,2017,5,10.114,0.088,10.518,10.496,889,709,419,2017,2,2,1,5,1.7631E+12,1.7631E+12,,,,,,,,,,,,,,,
g1_online_only,LEO_ONLY,24,0.1,200,2,138,ok,,0,1,78.94499999,2017,5,10.808,0.062,10.57,10.5455,889,709,419,2017,2,2,1,5,1.7631E+12,1.7631E+12,,,,,,,,,,,,,,,
g1_online_only,LEO_ONLY,24,0.1,200,2,139,ok,,0,1,67.559167,2011,5,10.139,0.065,10.4,10.374542,886,709,416,2011,2,2,1,5,1.7631E+12,1.7631E+12,,,,,,,,,,,,,,,
g1_online_only,LEO_ONLY,24,0.1,200,2,140,ok,,0,1,77.47491699,2017,5,10.941,0.074,10.641,10.615792,889,709,419,2017,2,2,1,5,1.7631E+12,1.7631E+12,,,,,,,,,,,,,,,
g1_online_only,LEO_ONLY,24,0.1,200,2,141,ok,,0,1,73.889208,2010,5,10.457,0.071,10.565,10.545,886,707,417,2010,2,2,1,5,1.7631E+12,1.7631E+12,,,,,,,,,,,,,,,
g1_online_only,LEO_ONLY,24,0.1,200,2,142,ok,,0,1,73.470042,2012,5,10.49,0.068,10.67,10.648042,887,708,417,2012,2,2,1,5,1.7631E+12,1.7631E+12,,,,,,,,,,,,,,,
g1_online_only,LEO_ONLY,24,0.1,200,2,143,ok,,0,1,69.13625,2013,5,10.363,0.069,10.274,10.253125,887,708,418,2013,2,2,1,5,1.7631E+12,1.7631E+12,,,,,,,,,,,,,,,
g1_online_only,LEO_ONLY,24,0.1,200,2,144,ok,,0,1,76.755292,2014,5,10.454,0.074,10.548,10.523708,888,708,418,2014,2,2,1,5,1.7631E+12,1.7631E+12,,,,,,,,,,,,,,,
g1_online_only,LEO_ONLY,24,0.1,200,2,145,ok,,0,1,74.957208,2012,5,10.77,0.065,10.486,10.457958,886,707,419,2012,2,2,1,5,1.7631E+12,1.7631E+12,,,,,,,,,,,,,,,
g1_online_only,LEO_ONLY,24,0.1,200,2,146,ok,,0,1,72.297792,2014,5,10.334,0.064,10.541,10.519792,887,708,419,2014,2,2,1,5,1.7631E+12,1.7631E+12,,,,,,,,,,,,,,,
g1_online_only,LEO_ONLY,24,0.1,200,2,147,ok,,0,1,72.630042,2017,5,10.345,0.076,10.725,10.698583,889,709,419,2017,2,2,1,5,1.7631E+12,1.7631E+12,,,,,,,,,,,,,,,
g1_online_only,LEO_ONLY,24,0.1,200,2,148,ok,,0,1,72.64325,2014,5,10.942,0.068,10.915,10.890375,888,708,418,2014,2,2,1,5,1.7631E+12,1.7631E+12,,,,,,,,,,,,,,,
g1_online_only,LEO_ONLY,24,0.1,200,2,149,ok,,0,1,71.94225,2015,5,10.462,0.072,10.358,10.336167,888,708,419,2015,2,2,1,5,1.7631E+12,1.7631E+12,,,,,,,,,,,,,,,
g1_online_only,LEO_ONLY,24,0.1,200,2,150,ok,,0,1,77.921916,2016,5,10.673,0.069,10.725,10.703625,888,709,419,2016,2,2,1,5,1.7631E+12,1.7631E+12,,,,,,,,,,,,,,,
g1_online_only,LEO_ONLY,24,0.1,200,2,151,ok,,0,1,76.47175,2013,5,10.55,0.071,10.751,10.727875,887,708,418,2013,2,2,1,5,1.7631E+12,1.7631E+12,,,,,,,,,,,,,,,
g1_online_only,LEO_ONLY,24,0.1,200,2,152,ok,,0,1,76.6855,2014,5,10.702,0.061,10.553,10.533667,887,708,419,2014,2,2,1,5,1.7631E+12,1.7631E+12,,,,,,,,,,,,,,,
g1_online_only,LEO_ONLY,24,0.1,200,2,153,ok,,0,1,74.097375,2010,5,10.36,0.068,10.556,10.535583,886,706,418,2010,2,2,1,5,1.7631E+12,1.7631E+12,,,,,,,,,,,,,,,
g1_online_only,LEO_ONLY,24,0.1,200,2,154,ok,,0,1,75.336542,2017,5,10.694,0.068,10.602,10.579167,889,709,419,2017,2,2,1,5,1.7631E+12,1.7631E+12,,,,,,,,,,,,,,,
g1_online_only,LEO_ONLY,24,0.1,200,2,155,ok,,0,1,71.99870901,2016,5,10.476,0.069,10.622,10.60925,888,709,419,2016,2,2,1,5,1.7631E+12,1.7631E+12,,,,,,,,,,,,,,,
g1_online_only,LEO_ONLY,24,0.1,200,2,156,ok,,0,1,74.163542,2013,5,10.329,0.063,10.556,10.532916,887,708,418,2013,2,2,1,5,1.7631E+12,1.7631E+12,,,,,,,,,,,,,,,
g1_online_only,LEO_ONLY,24,0.1,200,2,157,ok,,0,1,77.563875,2015,5,10.719,0.074,10.578,10.551375,888,708,419,2015,2,2,1,5,1.7631E+12,1.7631E+12,,,,,,,,,,,,,,,
g1_online_only,LEO_ONLY,24,0.1,200,2,158,ok,,0,1,73.665,2014,5,10.29,0.068,10.509,10.48625,888,708,418,2014,2,2,1,5,1.7631E+12,1.7631E+12,,,,,,,,,,,,,,,
g1_online_only,LEO_ONLY,24,0.1,200,2,159,ok,,0,1,76.175459,2014,5,13.966,0.135,12.815,13.315542,887,708,419,2014,2,2,1,5,1.7631E+12,1.7631E+12,,,,,,,,,,,,,,,
g1_online_only,LEO_ONLY,24,0.1,200,2,160,ok,,0,1,75.46625,2013,5,10.825,0.067,10.507,10.485166,887,708,418,2013,2,2,1,5,1.7631E+12,1.7631E+12,,,,,,,,,,,,,,,
g1_online_only,LEO_ONLY,24,0.1,200,2,161,ok,,0,1,71.895,2011,5,10.372,0.072,10.392,10.367166,886,707,418,2011,2,2,1,5,1.7631E+12,1.7631E+12,,,,,,,,,,,,,,,
g1_online_only,LEO_ONLY,24,0.1,200,2,162,ok,,0,1,75.288042,2015,5,10.485,0.082,10.252,10.230042,888,708,419,2015,2,2,1,5,1.7631E+12,1.7631E+12,,,,,,,,,,,,,,,
g1_online_only,LEO_ONLY,24,0.1,200,2,163,ok,,0,1,74.445958,2015,5,10.545,0.068,10.496,10.479667,888,708,419,2015,2,2,1,5,1.7631E+12,1.7631E+12,,,,,,,,,,,,,,,
g1_online_only,LEO_ONLY,24,0.1,200,2,164,ok,,0,1,71.824,2014,5,10.709,0.065,10.501,10.479584,887,708,419,2014,2,2,1,5,1.7631E+12,1.7631E+12,,,,,,,,,,,,,,,
g1_online_only,LEO_ONLY,24,0.1,200,2,165,ok,,0,1,67.932667,2014,5,10.101,0.074,10.478,10.451292,888,708,418,2014,2,2,1,5,1.7631E+12,1.7631E+12,,,,,,,,,,,,,,,
g1_online_only,LEO_ONLY,24,0.1,200,2,166,ok,,0,1,73.030708,2010,5,10.204,0.068,10.575,10.552583,886,706,418,2010,2,2,1,5,1.7631E+12,1.7631E+12,,,,,,,,,,,,,,,
g1_online_only,LEO_ONLY,24,0.1,200,2,167,ok,,0,1,71.049333,2013,5,10.228,0.075,10.618,10.589875,887,708,418,2013,2,2,1,5,1.7631E+12,1.7631E+12,,,,,,,,,,,,,,,
g1_online_only,LEO_ONLY,24,0.1,200,2,168,ok,,0,1,78.235083,2014,5,10.491,0.068,10.699,10.67837499,888,708,418,2014,2,2,1,5,1.7631E+12,1.7631E+12,,,,,,,,,,,,,,,
g1_online_only,LEO_ONLY,24,0.1,200,2,169,ok,,0,1,70.2705,2017,5,10.171,0.075,10.549,10.524458,889,709,419,2017,2,2,1,5,1.7631E+12,1.7631E+12,,,,,,,,,,,,,,,
g1_online_only,LEO_ONLY,24,0.1,200,2,170,ok,,0,1,76.798833,2012,5,10.49,0.07,10.591,10.571042,886,708,418,2012,2,2,1,5,1.7631E+12,1.7631E+12,,,,,,,,,,,,,,,
g1_online_only,LEO_ONLY,24,0.1,200,2,171,ok,,0,1,74.339416,2014,5,10.707,0.067,10.814,10.792375,887,709,418,2014,2,2,1,5,1.7631E+12,1.7631E+12,,,,,,,,,,,,,,,
g1_online_only,LEO_ONLY,24,0.1,200,2,172,ok,,0,1,73.064334,2015,5,10.239,0.061,10.476,10.453041,889,708,418,2015,2,2,1,5,1.7631E+12,1.7631E+12,,,,,,,,,,,,,,,
g1_online_only,LEO_ONLY,24,0.1,200,2,173,ok,,0,1,75.753167,2010,5,10.544,0.071,10.77,10.74858401,886,708,416,2010,2,2,1,5,1.7631E+12,1.7631E+12,,,,,,,,,,,,,,,
g1_online_only,LEO_ONLY,24,0.1,200,2,174,ok,,0,1,65.988792,2013,5,10.278,0.065,10.456,10.433375,887,708,418,2013,2,2,1,5,1.7631E+12,1.7631E+12,,,,,,,,,,,,,,,
g1_online_only,LEO_ONLY,24,0.1,200,2,175,ok,,0,1,74.467084,2016,5,10.844,0.063,10.57,10.549541,888,709,419,2016,2,2,1,5,1.7631E+12,1.7631E+12,,,,,,,,,,,,,,,
g1_online_only,LEO_ONLY,24,0.1,200,2,176,ok,,0,1,76.496583,2010,5,10.912,0.066,10.956,10.933709,886,707,417,2010,2,2,1,5,1.7631E+12,1.7631E+12,,,,,,,,,,,,,,,
g1_online_only,LEO_ONLY,24,0.1,200,2,177,ok,,0,1,75.379667,2015,5,10.749,0.076,10.81,10.78225,888,709,418,2015,2,2,1,5,1.7631E+12,1.7631E+12,,,,,,,,,,,,,,,
g1_online_only,LEO_ONLY,24,0.1,200,2,178,ok,,0,1,76.987542,2014,5,10.534,0.06,10.752,10.730625,888,708,418,2014,2,2,1,5,1.7631E+12,1.7631E+12,,,,,,,,,,,,,,,
g1_online_only,LEO_ONLY,24,0.1,200,2,179,ok,,0,1,70.078916,2013,5,10.549,0.065,10.58,10.553334,887,708,418,2013,2,2,1,5,1.7631E+12,1.7631E+12,,,,,,,,,,,,,,,
g1_online_only,LEO_ONLY,24,0.1,200,2,180,ok,,0,1,79.172583,1993,5,10.833,0.072,10.875,10.855333,877,709,407,1993,2,2,1,5,1.7631E+12,1.7631E+12,,,,,,,,,,,,,,,
g1_online_only,LEO_ONLY,24,0.1,200,2,181,ok,,0,1,73.75675,2012,5,10.398,0.059,10.459,10.440083,887,707,418,2012,2,2,1,5,1.7631E+12,1.7631E+12,,,,,,,,,,,,,,,
g1_online_only,LEO_ONLY,24,0.1,200,2,182,ok,,0,1,76.055334,2012,5,10.616,0.067,10.577,10.553917,886,707,419,2012,2,2,1,5,1.7631E+12,1.7631E+12,,,,,,,,,,,,,,,
g1_online_only,LEO_ONLY,24,0.1,200,2,183,ok,,0,1,78.08275,2012,5,10.626,0.078,10.643,10.615083,887,708,417,2012,2,2,1,5,1.7631E+12,1.7631E+12,,,,,,,,,,,,,,,
g1_online_only,LEO_ONLY,24,0.1,200,2,184,ok,,0,1,67.426042,2014,5,10.346,0.074,10.618,10.59425,888,708,418,2014,2,2,1,5,1.7631E+12,1.7631E+12,,,,,,,,,,,,,,,
g1_online_only,LEO_ONLY,24,0.1,200,2,185,ok,,0,1,75.472458,2013,5,10.415,0.066,10.427,10.405959,887,708,418,2013,2,2,1,5,1.7631E+12,1.7631E+12,,,,,,,,,,,,,,,
g1_online_only,LEO_ONLY,24,0.1,200,2,186,ok,,0,1,70.004792,2010,5,10.572,0.078,10.281,10.260709,886,707,417,2010,2,2,1,5,1.7631E+12,1.7631E+12,,,,,,,,,,,,,,,
g1_online_only,LEO_ONLY,24,0.1,200,2,187,ok,,0,1,71.902459,2017,5,10.5,0.064,10.351,10.329542,889,709,419,2017,2,2,1,5,1.7631E+12,1.7631E+12,,,,,,,,,,,,,,,
g1_online_only,LEO_ONLY,24,0.1,200,2,188,ok,,0,1,77.20875,2015,5,10.659,0.068,10.73,10.70925,888,708,419,2015,2,2,1,5,1.7631E+12,1.7631E+12,,,,,,,,,,,,,,,
g1_online_only,LEO_ONLY,24,0.1,200,2,189,ok,,0,1,77.365875,2015,5,10.685,0.07,11.05,11.028666,887,709,419,2015,2,2,1,5,1.7631E+12,1.7631E+12,,,,,,,,,,,,,,,
g1_online_only,LEO_ONLY,24,0.1,200,2,190,ok,,0,1,72.972167,2007,5,10.31,0.07,10.741,10.719125,884,707,416,2007,2,2,1,5,1.7631E+12,1.7631E+12,,,,,,,,,,,,,,,
g1_online_only,LEO_ONLY,24,0.1,200,2,191,ok,,0,1,75.473042,2013,5,10.56,0.07,10.693,10.666458,887,708,418,2013,2,2,1,5,1.7631E+12,1.7631E+12,,,,,,,,,,,,,,,
g1_online_only,LEO_ONLY,24,0.1,200,2,192,ok,,0,1,74.68075,2014,5,10.504,0.063,10.289,10.268084,887,709,418,2014,2,2,1,5,1.7631E+12,1.7631E+12,,,,,,,,,,,,,,,
g1_online_only,LEO_ONLY,24,0.1,200,2,193,ok,,0,1,72.891125,2012,5,10.413,0.066,10.571,10.55075,887,707,418,2012,2,2,1,5,1.7631E+12,1.7631E+12,,,,,,,,,,,,,,,
g1_online_only,LEO_ONLY,24,0.1,200,2,194,ok,,0,1,82.402083,2014,5,10.926,0.078,10.779,10.750375,888,708,418,2014,2,2,1,5,1.7631E+12,1.7631E+12,,,,,,,,,,,,,,,
g1_online_only,LEO_ONLY,24,0.1,200,2,195,ok,,0,1,71.800125,2013,5,10.406,0.067,10.385,10.36595801,887,708,418,2013,2,2,1,5,1.7631E+12,1.7631E+12,,,,,,,,,,,,,,,
g1_online_only,LEO_ONLY,24,0.1,200,2,196,ok,,0,1,71.74266699,2014,5,10.282,0.081,10.513,10.4695,887,709,418,2014,2,2,1,5,1.7631E+12,1.7631E+12,,,,,,,,,,,,,,,
g1_online_only,LEO_ONLY,24,0.1,200,2,197,ok,,0,1,76.346875,2017,5,10.324,0.057,10.593,10.570625,889,709,419,2017,2,2,1,5,1.7631E+12,1.7631E+12,,,,,,,,,,,,,,,
g1_online_only,LEO_ONLY,24,0.1,200,2,198,ok,,0,1,82.42475,2016,5,10.707,0.058,10.66,10.638291,888,709,419,2016,2,2,1,5,1.7631E+12,1.7631E+12,,,,,,,,,,,,,,,
g1_online_only,LEO_ONLY,24,0.1,200,2,199,ok,,0,1,77.962458,2015,5,10.483,0.074,10.829,10.808041,888,708,419,2015,2,2,1,5,1.7631E+12,1.7631E+12,,,,,,,,,,,,,,,
g1_online_only,LEO_ONLY,24,0.1,200,2,200,ok,,0,1,71.364916,2015,5,10.22,0.06,10.735,10.714875,888,709,418,2015,2,2,1,5,1.7631E+12,1.7631E+12,,,,,,,,,,,,,,,
g1_online_only,LEO_ONLY,24,0.1,200,2,201,ok,,0,1,74.705583,2015,5,10.72,0.07,10.679,10.657541,888,709,418,2015,2,2,1,5,1.7631E+12,1.7631E+12,,,,,,,,,,,,,,,
g1_online_only,LEO_ONLY,24,0.1,200,2,202,ok,,0,1,73.864959,2014,5,10.197,0.1,10.726,10.653709,888,708,418,2014,2,2,1,5,1.7631E+12,1.7631E+12,,,,,,,,,,,,,,,
g1_online_only,LEO_ONLY,24,0.1,200,2,203,ok,,0,1,73.267375,2011,5,10.748,0.072,10.455,10.430333,886,708,417,2011,2,2,1,5,1.7631E+12,1.7631E+12,,,,,,,,,,,,,,,
g1_online_only,LEO_ONLY,24,0.1,200,2,204,ok,,0,1,72.331125,2015,5,10.652,0.07,10.548,10.522,887,709,419,2015,2,2,1,5,1.7631E+12,1.7631E+12,,,,,,,,,,,,,,,
g1_online_only,LEO_ONLY,24,0.1,200,2,205,ok,,0,1,77.583958,2008,5,10.678,0.075,10.725,10.698083,885,707,416,2008,2,2,1,5,1.7631E+12,1.7631E+12,,,,,,,,,,,,,,,
g1_online_only,LEO_ONLY,24,0.1,200,2,206,ok,,0,1,71.447958,2012,5,10.343,0.074,10.639,10.614709,886,708,418,2012,2,2,1,5,1.7631E+12,1.7631E+12,,,,,,,,,,,,,,,
g1_online_only,LEO_ONLY,24,0.1,200,2,207,ok,,0,2,75.009,2017,5,11.094,0.079,10.936,10.903209,889,709,419,2017,2,2,1,5,1.7631E+12,1.7631E+12,,,,,,,,,,,,,,,
g1_online_only,LEO_ONLY,24,0.1,200,2,208,ok,,0,1,70.184584,2012,5,10.495,0.085,10.328,10.297833,887,707,418,2012,2,2,1,5,1.7631E+12,1.7631E+12,,,,,,,,,,,,,,,
g1_online_only,LEO_ONLY,24,0.1,200,2,209,ok,,0,1,71.956917,2014,5,10.345,0.079,10.456,10.430666,888,708,418,2014,2,2,1,5,1.7631E+12,1.7631E+12,,,,,,,,,,,,,,,
g1_online_only,LEO_ONLY,24,0.1,200,2,210,ok,,0,1,73.52175,2010,5,10.3,0.073,10.473,10.457334,886,707,417,2010,2,2,1,5,1.7631E+12,1.7631E+12,,,,,,,,,,,,,,,
g1_online_only,LEO_ONLY,24,0.1,200,2,211,ok,,0,1,73.597625,2012,5,10.808,0.074,10.57,10.547333,887,707,418,2012,2,2,1,5,1.7631E+12,1.7631E+12,,,,,,,,,,,,,,,
g1_online_only,LEO_ONLY,24,0.1,200,2,212,ok,,0,1,74.41866701,2015,5,10.35,0.07,10.763,10.741125,888,708,419,2015,2,2,1,5,1.7631E+12,1.7631E+12,,,,,,,,,,,,,,,
g1_online_only,LEO_ONLY,24,0.1,200,2,213,ok,,0,1,74.778875,2017,5,10.31,0.073,10.956,10.929,889,709,419,2017,2,2,1,5,1.7631E+12,1.7631E+12,,,,,,,,,,,,,,,
g1_online_only,LEO_ONLY,24,0.1,200,2,214,ok,,0,1,72.222709,2017,5,10.663,0.069,10.602,10.581,889,709,419,2017,2,2,1,5,1.7631E+12,1.7631E+12,,,,,,,,,,,,,,,
g1_online_only,LEO_ONLY,24,0.1,200,2,215,ok,,0,1,73.547,2014,5,10.73,0.068,10.743,10.716209,888,708,418,2014,2,2,1,5,1.7631E+12,1.7631E+12,,,,,,,,,,,,,,,
g1_online_only,LEO_ONLY,24,0.1,200,2,216,ok,,0,1,73.107333,2011,5,10.286,0.078,10.469,10.441791,887,707,417,2011,2,2,1,5,1.7631E+12,1.7631E+12,,,,,,,,,,,,,,,
g1_online_only,LEO_ONLY,24,0.1,200,2,217,ok,,0,1,74.958333,2015,5,12.388,0.147,11.098,11.07341699,888,709,418,2015,2,2,1,5,1.7631E+12,1.7631E+12,,,,,,,,,,,,,,,
g1_online_only,LEO_ONLY,24,0.1,200,2,218,ok,,0,1,70.922458,2014,5,10.199,0.081,10.544,10.52204199,888,708,418,2014,2,2,1,5,1.7631E+12,1.7631E+12,,,,,,,,,,,,,,,
g1_online_only,LEO_ONLY,24,0.1,200,2,219,ok,,0,1,70.987417,2013,5,10.737,0.086,10.325,10.301416,887,708,418,2013,2,2,1,5,1.7631E+12,1.7631E+12,,,,,,,,,,,,,,,
g1_online_only,LEO_ONLY,24,0.1,200,2,220,ok,,0,1,72.753958,2014,5,10.615,0.077,10.556,10.53875,888,708,418,2014,2,2,1,5,1.7631E+12,1.7631E+12,,,,,,,,,,,,,,,
g1_online_only,LEO_ONLY,24,0.1,200,2,221,ok,,0,1,82.100208,2012,5,11.009,0.068,10.724,10.702167,887,707,418,2012,2,2,1,5,1.7631E+12,1.7631E+12,,,,,,,,,,,,,,,
g1_online_only,LEO_ONLY,24,0.1,200,2,222,ok,,0,1,74.326125,2016,5,10.43,0.065,10.525,10.499333,888,709,419,2016,2,2,1,5,1.7631E+12,1.7631E+12,,,,,,,,,,,,,,,
g1_online_only,LEO_ONLY,24,0.1,200,2,223,ok,,0,1,70.736001,2017,5,10.565,0.1,10.47,10.42145801,889,709,419,2017,2,2,1,5,1.7631E+12,1.7631E+12,,,,,,,,,,,,,,,
g1_online_only,LEO_ONLY,24,0.1,200,2,224,ok,,0,1,70.23291699,2015,5,10.444,0.063,10.474,10.453833,888,708,419,2015,2,2,1,5,1.7631E+12,1.7631E+12,,,,,,,,,,,,,,,
g1_online_only,LEO_ONLY,24,0.1,200,2,225,ok,,0,1,76.44437499,2012,5,10.442,0.084,10.748,10.727458,887,707,418,2012,2,2,1,5,1.7631E+12,1.7631E+12,,,,,,,,,,,,,,,
g1_online_only,LEO_ONLY,24,0.1,200,2,226,ok,,0,1,72.355958,2012,5,10.148,0.068,10.795,10.773459,887,707,418,2012,2,2,1,5,1.7631E+12,1.7631E+12,,,,,,,,,,,,,,,
g1_online_only,LEO_ONLY,24,0.1,200,2,227,ok,,0,1,75.999083,2018,5,10.772,0.062,10.886,10.866125,890,709,419,2018,2,2,1,5,1.7631E+12,1.7631E+12,,,,,,,,,,,,,,,
g1_online_only,LEO_ONLY,24,0.1,200,2,228,ok,,0,1,71.986334,2017,5,10.492,0.068,10.398,10.374959,889,709,419,2017,2,2,1,5,1.7631E+12,1.7631E+12,,,,,,,,,,,,,,,
g1_online_only,LEO_ONLY,24,0.1,200,2,229,ok,,0,1,75.309834,2014,5,10.552,0.067,10.807,10.782083,887,709,418,2014,2,2,1,5,1.7631E+12,1.7631E+12,,,,,,,,,,,,,,,
g1_online_only,LEO_ONLY,24,0.1,200,2,230,ok,,0,1,82.768583,2015,5,10.839,0.074,10.735,10.708,888,708,419,2015,2,2,1,5,1.7631E+12,1.7631E+12,,,,,,,,,,,,,,,
g1_online_only,LEO_ONLY,24,0.1,200,2,231,ok,,0,1,73.931583,2014,5,10.665,0.089,10.764,10.752041,888,708,418,2014,2,2,1,5,1.7631E+12,1.7631E+12,,,,,,,,,,,,,,,
g1_online_only,LEO_ONLY,24,0.1,200,2,232,ok,,0,1,70.365167,2017,5,10.267,0.071,10.374,10.352792,889,709,419,2017,2,2,1,5,1.7631E+12,1.7631E+12,,,,,,,,,,,,,,,
g1_online_only,LEO_ONLY,24,0.1,200,2,233,ok,,0,1,78.711917,2017,5,10.56,0.07,10.607,10.585041,889,709,419,2017,2,2,1,5,1.7631E+12,1.7631E+12,,,,,,,,,,,,,,,
g1_online_only,LEO_ONLY,24,0.1,200,2,234,ok,,0,1,72.022208,2012,5,10.739,0.065,10.768,10.748292,887,708,417,2012,2,2,1,5,1.7631E+12,1.7631E+12,,,,,,,,,,,,,,,
g1_online_only,LEO_ONLY,24,0.1,200,2,235,ok,,0,1,74.197708,2013,5,10.361,0.061,10.677,10.657,887,708,418,2013,2,2,1,5,1.7631E+12,1.7631E+12,,,,,,,,,,,,,,,
g1_online_only,LEO_ONLY,24,0.1,200,2,236,ok,,0,1,72.905125,2012,5,10.487,0.082,10.509,10.486125,887,707,418,2012,2,2,1,5,1.7631E+12,1.7631E+12,,,,,,,,,,,,,,,
g1_online_only,LEO_ONLY,24,0.1,200,2,237,ok,,0,1,72.605541,2017,5,10.436,0.081,10.637,10.617541,889,709,419,2017,2,2,1,5,1.7631E+12,1.7631E+12,,,,,,,,,,,,,,,
g1_online_only,LEO_ONLY,24,0.1,200,2,238,ok,,0,1,71.364167,2011,5,10.387,0.074,10.795,10.768833,886,708,417,2011,2,2,1,5,1.7631E+12,1.7631E+12,,,,,,,,,,,,,,,
g1_online_only,LEO_ONLY,24,0.1,200,2,239,ok,,0,1,67.778084,2016,5,10.619,0.066,10.592,10.570333,888,709,419,2016,2,2,1,5,1.7631E+12,1.7631E+12,,,,,,,,,,,,,,,
g1_online_only,LEO_ONLY,24,0.1,200,2,240,ok,,0,1,73.065666,2014,5,10.656,0.066,10.726,10.702375,887,708,419,2014,2,2,1,5,1.7631E+12,1.7631E+12,,,,,,,,,,,,,,,
g1_online_only,LEO_ONLY,24,0.1,200,2,241,ok,,0,1,75.334834,2015,5,10.622,0.072,10.722,10.700709,888,709,418,2015,2,2,1,5,1.7631E+12,1.7631E+12,,,,,,,,,,,,,,,
g1_online_only,LEO_ONLY,24,0.1,200,2,242,ok,,0,1,73.239791,2013,5,10.247,0.07,10.865,10.844959,886,708,419,2013,2,2,1,5,1.7631E+12,1.7631E+12,,,,,,,,,,,,,,,
g1_online_only,LEO_ONLY,24,0.1,200,2,243,ok,,0,1,70.556542,2012,5,10.311,0.088,10.517,10.483333,887,707,418,2012,2,2,1,5,1.7631E+12,1.7631E+12,,,,,,,,,,,,,,,
g1_online_only,LEO_ONLY,24,0.1,200,2,244,ok,,0,1,73.58525,2017,5,10.665,0.066,10.739,10.71775,889,709,419,2017,2,2,1,5,1.7631E+12,1.7631E+12,,,,,,,,,,,,,,,
g1_online_only,LEO_ONLY,24,0.1,200,2,245,ok,,0,1,71.49275,2014,5,10.24,0.069,10.573,10.5525,888,708,418,2014,2,2,1,5,1.7631E+12,1.7631E+12,,,,,,,,,,,,,,,
g1_online_only,LEO_ONLY,24,0.1,200,2,246,ok,,0,1,69.474875,2013,5,11.234,0.135,11.191,11.176542,887,708,418,2013,2,2,1,5,1.7631E+12,1.7631E+12,,,,,,,,,,,,,,,
g1_online_only,LEO_ONLY,24,0.1,200,2,247,ok,,0,1,72.94975,2014,5,10.542,0.058,10.356,10.335625,888,708,418,2014,2,2,1,5,1.7631E+12,1.7631E+12,,,,,,,,,,,,,,,
g1_online_only,LEO_ONLY,24,0.1,200,2,248,ok,,0,1,72.967833,2013,5,10.388,0.063,10.492,10.47158401,887,708,418,2013,2,2,1,5,1.7631E+12,1.7631E+12,,,,,,,,,,,,,,,
g1_online_only,LEO_ONLY,24,0.1,200,2,249,ok,,0,1,76.70200001,2017,5,10.344,0.079,10.742,10.731333,889,709,419,2017,2,2,1,5,1.7631E+12,1.7631E+12,,,,,,,,,,,,,,,
g1_online_only,LEO_ONLY,24,0.1,200,2,250,ok,,0,1,75.65425,2014,5,10.677,0.061,10.742,10.719292,888,709,417,2014,2,2,1,5,1.7631E+12,1.7631E+12,,,,,,,,,,,,,,,
g1_online_only,LEO_ONLY,24,0.1,200,2,251,ok,,0,1,77.489875,2010,5,10.403,0.073,10.533,10.515,886,708,416,2010,2,2,1,5,1.7631E+12,1.7631E+12,,,,,,,,,,,,,,,
g1_online_only,LEO_ONLY,24,0.1,200,2,252,ok,,0,1,77.60325,2014,5,11.109,0.082,10.88,10.852958,888,708,418,2014,2,2,1,5,1.7631E+12,1.7631E+12,,,,,,,,,,,,,,,
g1_online_only,LEO_ONLY,24,0.1,200,2,253,ok,,0,1,77.672708,2014,5,10.687,0.069,10.836,10.813708,888,708,418,2014,2,2,1,5,1.7631E+12,1.7631E+12,,,,,,,,,,,,,,,
g1_online_only,LEO_ONLY,24,0.1,200,2,254,ok,,0,1,70.848375,2012,5,10.299,0.062,10.285,10.26374999,887,707,418,2012,2,2,1,5,1.7631E+12,1.7631E+12,,,,,,,,,,,,,,,
g1_online_only,LEO_ONLY,24,0.1,200,2,255,ok,,0,1,78.951959,2015,5,10.776,0.085,10.756,10.725709,888,708,419,2015,2,2,1,5,1.7631E+12,1.7631E+12,,,,,,,,,,,,,,,
g1_online_only,LEO_ONLY,24,0.1,200,2,256,ok,,0,1,80.51525,2015,5,10.644,0.077,10.736,10.711083,888,708,419,2015,2,2,1,5,1.7631E+12,1.7631E+12,,,,,,,,,,,,,,,
g1_online_only,LEO_ONLY,24,0.1,200,2,257,ok,,0,1,65.50075,2017,5,10.394,0.074,10.491,10.465959,889,709,419,2017,2,2,1,5,1.7631E+12,1.7631E+12,,,,,,,,,,,,,,,
g1_online_only,LEO_ONLY,24,0.1,200,2,258,ok,,0,1,74.21904201,2016,5,10.271,0.073,10.322,10.295542,888,709,419,2016,2,2,1,5,1.7631E+12,1.7631E+12,,,,,,,,,,,,,,,
g1_online_only,LEO_ONLY,24,0.1,200,2,259,ok,,0,1,76.419917,2014,5,10.644,0.071,10.785,10.765208,888,708,418,2014,2,2,1,5,1.7631E+12,1.7631E+12,,,,,,,,,,,,,,,
g1_online_only,LEO_ONLY,24,0.1,200,2,260,ok,,0,1,74.298292,2010,5,10.428,0.075,10.621,10.59825,886,707,417,2010,2,2,1,5,1.7631E+12,1.7631E+12,,,,,,,,,,,,,,,
g1_online_only,LEO_ONLY,24,0.1,200,2,261,ok,,0,1,76.758917,2015,5,10.597,0.079,10.424,10.400167,888,708,419,2015,2,2,1,5,1.7631E+12,1.7631E+12,,,,,,,,,,,,,,,
g1_online_only,LEO_ONLY,24,0.1,200,2,262,ok,,0,1,75.612292,2015,5,10.018,0.093,10.762,10.746875,888,709,418,2015,2,2,1,5,1.7631E+12,1.7631E+12,,,,,,,,,,,,,,,
g1_online_only,LEO_ONLY,24,0.1,200,2,263,ok,,0,1,81.639834,2017,5,10.481,0.059,10.707,10.686083,889,709,419,2017,2,2,1,5,1.7631E+12,1.7631E+12,,,,,,,,,,,,,,,
g1_online_only,LEO_ONLY,24,0.1,200,2,264,ok,,0,1,77.2635,2017,5,10.616,0.073,10.409,10.38275,889,709,419,2017,2,2,1,5,1.7631E+12,1.7631E+12,,,,,,,,,,,,,,,
g1_online_only,LEO_ONLY,24,0.1,200,2,265,ok,,0,1,71.189416,2008,5,10.49,0.066,10.501,10.477917,885,707,416,2008,2,2,1,5,1.7631E+12,1.7631E+12,,,,,,,,,,,,,,,
g1_online_only,LEO_ONLY,24,0.1,200,2,266,ok,,0,1,78.939167,2013,5,10.573,0.068,10.562,10.543208,887,708,418,2013,2,2,1,5,1.7631E+12,1.7631E+12,,,,,,,,,,,,,,,
g1_online_only,LEO_ONLY,24,0.1,200,2,267,ok,,0,1,69.86025001,2014,5,10.595,0.07,10.332,10.313083,888,708,418,2014,2,2,1,5,1.7631E+12,1.7631E+12,,,,,,,,,,,,,,,
g1_online_only,LEO_ONLY,24,0.1,200,2,268,ok,,0,1,81.195708,2011,5,10.775,0.066,10.645,10.623,887,707,417,2011,2,2,1,5,1.7631E+12,1.7631E+12,,,,,,,,,,,,,,,
g1_online_only,LEO_ONLY,24,0.1,200,2,269,ok,,0,1,74.483333,2017,5,10.595,0.072,10.83,10.803333,889,709,419,2017,2,2,1,5,1.7631E+12,1.7631E+12,,,,,,,,,,,,,,,
g1_online_only,LEO_ONLY,24,0.1,200,2,270,ok,,0,1,79.820167,2017,5,10.744,0.072,10.793,10.770916,889,709,419,2017,2,2,1,5,1.7631E+12,1.7631E+12,,,,,,,,,,,,,,,
g1_online_only,LEO_ONLY,24,0.1,200,2,271,ok,,0,1,71.480167,2010,5,10.486,0.066,10.566,10.542541,886,707,417,2010,2,2,1,5,1.7631E+12,1.7631E+12,,,,,,,,,,,,,,,
g1_online_only,LEO_ONLY,24,0.1,200,2,272,ok,,0,1,73.117833,2013,5,10.443,0.072,10.396,10.372084,887,708,418,2013,2,2,1,5,1.7631E+12,1.7631E+12,,,,,,,,,,,,,,,
g1_online_only,LEO_ONLY,24,0.1,200,2,273,ok,,0,1,76.568,2010,5,10.748,0.087,10.496,10.46525,886,707,417,2010,2,2,1,5,1.7631E+12,1.7631E+12,,,,,,,,,,,,,,,
g1_online_only,LEO_ONLY,24,0.1,200,2,274,ok,,0,1,74.186583,2016,5,11.046,0.073,10.428,10.401709,888,709,419,2016,2,2,1,5,1.7631E+12,1.7631E+12,,,,,,,,,,,,,,,
g1_online_only,LEO_ONLY,24,0.1,200,2,275,ok,,0,1,71.510083,2009,5,10.509,0.066,10.578,10.551958,885,708,416,2009,2,2,1,5,1.7631E+12,1.7631E+12,,,,,,,,,,,,,,,
g1_online_only,LEO_ONLY,24,0.1,200,2,276,ok,,0,1,74.749583,2012,5,10.569,0.062,10.404,10.383375,887,708,417,2012,2,2,1,5,1.7631E+12,1.7631E+12,,,,,,,,,,,,,,,
g1_online_only,LEO_ONLY,24,0.1,200,2,277,ok,,0,1,75.514833,2012,5,10.286,0.073,10.591,10.566209,887,707,418,2012,2,2,1,5,1.7631E+12,1.7631E+12,,,,,,,,,,,,,,,
g1_online_only,LEO_ONLY,24,0.1,200,2,278,ok,,0,1,80.785625,2017,5,10.812,0.068,10.822,10.800334,889,709,419,2017,2,2,1,5,1.7631E+12,1.7631E+12,,,,,,,,,,,,,,,
g1_online_only,LEO_ONLY,24,0.1,200,2,279,ok,,0,1,73.402084,2011,5,10.537,0.069,10.389,10.370292,886,707,418,2011,2,2,1,5,1.7631E+12,1.7631E+12,,,,,,,,,,,,,,,
g1_online_only,LEO_ONLY,24,0.1,200,2,280,ok,,0,1,74.138375,2014,5,10.458,0.075,10.651,10.624208,888,708,418,2014,2,2,1,5,1.7631E+12,1.7631E+12,,,,,,,,,,,,,,,
g1_online_only,LEO_ONLY,24,0.1,200,2,281,ok,,0,1,73.751666,2013,5,10.46,0.067,10.623,10.594375,887,708,418,2013,2,2,1,5,1.7631E+12,1.7631E+12,,,,,,,,,,,,,,,
g1_online_only,LEO_ONLY,24,0.1,200,2,282,ok,,0,1,75.980167,2017,5,10.81,0.071,10.588,10.56275,889,709,419,2017,2,2,1,5,1.7631E+12,1.7631E+12,,,,,,,,,,,,,,,
g1_online_only,LEO_ONLY,24,0.1,200,2,283,ok,,0,1,80.906375,2014,5,10.516,0.094,11.042,11.035542,888,708,418,2014,2,2,1,5,1.7631E+12,1.7631E+12,,,,,,,,,,,,,,,
g1_online_only,LEO_ONLY,24,0.1,200,2,284,ok,,0,1,75.450833,2014,5,10.557,0.069,10.663,10.640167,888,708,418,2014,2,2,1,5,1.7631E+12,1.7631E+12,,,,,,,,,,,,,,,
g1_online_only,LEO_ONLY,24,0.1,200,2,285,ok,,0,1,80.547416,2017,5,10.764,0.06,10.762,10.740709,889,709,419,2017,2,2,1,5,1.7631E+12,1.7631E+12,,,,,,,,,,,,,,,
g1_online_only,LEO_ONLY,24,0.1,200,2,286,ok,,0,1,68.7645,2015,5,10.103,0.076,10.473,10.448875,888,708,419,2015,2,2,1,5,1.7631E+12,1.7631E+12,,,,,,,,,,,,,,,
g1_online_only,LEO_ONLY,24,0.1,200,2,287,ok,,0,1,67.540875,2015,5,10.259,0.06,10.435,10.412875,889,708,418,2015,2,2,1,5,1.7631E+12,1.7631E+12,,,,,,,,,,,,,,,
g1_online_only,LEO_ONLY,24,0.1,200,2,288,ok,,0,1,68.292083,2014,5,10.384,0.058,10.432,10.410958,887,708,419,2014,2,2,1,5,1.7631E+12,1.7631E+12,,,,,,,,,,,,,,,
g1_online_only,LEO_ONLY,24,0.1,200,2,289,ok,,0,1,74.689542,2014,5,10.478,0.073,10.546,10.52316601,888,708,418,2014,2,2,1,5,1.7631E+12,1.7631E+12,,,,,,,,,,,,,,,
g1_online_only,LEO_ONLY,24,0.1,200,2,290,ok,,0,1,78.825167,2017,5,10.619,0.072,10.993,10.96575,889,709,419,2017,2,2,1,5,1.7631E+12,1.7631E+12,,,,,,,,,,,,,,,
g1_online_only,LEO_ONLY,24,0.1,200,2,291,ok,,0,1,76.99125,2012,5,10.387,0.068,10.909,10.88725,887,708,417,2012,2,2,1,5,1.7631E+12,1.7631E+12,,,,,,,,,,,,,,,
g1_online_only,LEO_ONLY,24,0.1,200,2,292,ok,,0,1,75.346333,2011,5,10.469,0.069,10.632,10.606667,886,707,418,2011,2,2,1,5,1.7631E+12,1.7631E+12,,,,,,,,,,,,,,,
g1_online_only,LEO_ONLY,24,0.1,200,2,293,ok,,0,1,72.30070901,2013,5,10.382,0.072,10.56,10.536666,887,708,418,2013,2,2,1,5,1.7631E+12,1.7631E+12,,,,,,,,,,,,,,,
g1_online_only,LEO_ONLY,24,0.1,200,2,294,ok,,0,1,77.8225,2010,5,10.393,0.057,10.609,10.586125,886,708,416,2010,2,2,1,5,1.7631E+12,1.7631E+12,,,,,,,,,,,,,,,
g1_online_only,LEO_ONLY,24,0.1,200,2,295,ok,,0,1,75.427584,2015,5,10.49,0.077,10.688,10.664375,888,709,418,2015,2,2,1,5,1.7631E+12,1.7631E+12,,,,,,,,,,,,,,,
g1_online_only,LEO_ONLY,24,0.1,200,2,296,ok,,0,1,69.180083,2017,5,10.317,0.069,10.475,10.45275,889,709,419,2017,2,2,1,5,1.7631E+12,1.7631E+12,,,,,,,,,,,,,,,
g1_online_only,LEO_ONLY,24,0.1,200,2,297,ok,,0,1,77.47037501,2014,5,10.229,0.064,10.566,10.542042,888,708,418,2014,2,2,1,5,1.7631E+12,1.7631E+12,,,,,,,,,,,,,,,
g1_online_only,LEO_ONLY,24,0.1,200,2,298,ok,,0,1,70.908958,2016,5,10.415,0.075,10.511,10.484542,888,709,419,2016,2,2,1,5,1.7631E+12,1.7631E+12,,,,,,,,,,,,,,,
g1_online_only,LEO_ONLY,24,0.1,200,2,299,ok,,0,1,73.036208,2009,5,10.211,0.073,10.636,10.605209,886,706,417,2009,2,2,1,5,1.7631E+12,1.7631E+12,,,,,,,,,,,,,,,
g1_online_only,LEO_ONLY,24,0.1,200,2,300,ok,,0,1,74.004125,2012,5,10.362,0.083,10.746,10.72054099,887,707,418,2012,2,2,1,5,1.7631E+12,1.7631E+12,,,,,,,,,,,,,,,
g1_online_only,LEO_ONLY,24,0.1,400,2,1,ok,,0,1,75.242083,2005,5,10.616,0.071,10.537,10.508459,883,707,415,2005,2,2,1,5,1.7631E+12,1.7631E+12,,,,,,,,,,,,,,,
g1_online_only,LEO_ONLY,24,0.1,400,2,2,ok,,0,1,74.0135,2013,5,10.704,0.069,10.729,10.706958,887,709,417,2013,2,2,1,5,1.7631E+12,1.7631E+12,,,,,,,,,,,,,,,
g1_online_only,LEO_ONLY,24,0.1,400,2,3,ok,,0,1,72.372875,2015,5,10.913,0.132,11.277,11.25375,888,708,419,2015,2,2,1,5,1.7631E+12,1.7631E+12,,,,,,,,,,,,,,,
g1_online_only,LEO_ONLY,24,0.1,400,2,4,ok,,0,1,69.324,2014,5,10.537,0.084,10.691,10.661959,888,708,418,2014,2,2,1,5,1.7631E+12,1.7631E+12,,,,,,,,,,,,,,,
g1_online_only,LEO_ONLY,24,0.1,400,2,5,ok,,0,1,76.292042,2008,5,10.784,0.096,10.583,10.616959,885,706,417,2008,2,2,1,5,1.7631E+12,1.7631E+12,,,,,,,,,,,,,,,
g1_online_only,LEO_ONLY,24,0.1,400,2,6,ok,,0,1,79.880667,2015,5,10.626,0.1,10.513,10.485042,888,709,418,2015,2,2,1,5,1.7631E+12,1.7631E+12,,,,,,,,,,,,,,,
g1_online_only,LEO_ONLY,24,0.1,400,2,7,ok,,0,1,80.094875,2008,5,10.563,0.078,10.621,10.59575001,885,707,416,2008,2,2,1,5,1.7631E+12,1.7631E+12,,,,,,,,,,,,,,,
g1_online_only,LEO_ONLY,24,0.1,400,2,8,ok,,0,1,67.215583,2012,5,10.464,0.069,10.643,10.618459,887,707,418,2012,2,2,1,5,1.7631E+12,1.7631E+12,,,,,,,,,,,,,,,
g1_online_only,LEO_ONLY,24,0.1,400,2,9,ok,,0,1,73.074209,2015,5,10.146,0.074,10.249,10.230792,888,709,418,2015,2,2,1,5,1.7631E+12,1.7631E+12,,,,,,,,,,,,,,,
g1_online_only,LEO_ONLY,24,0.1,400,2,10,ok,,0,1,76.039416,2017,5,10.66,0.067,10.76,10.738166,889,709,419,2017,2,2,1,5,1.7631E+12,1.7631E+12,,,,,,,,,,,,,,,
g1_online_only,LEO_ONLY,24,0.1,400,2,11,ok,,0,1,71.517833,2014,5,10.483,0.065,10.579,10.556333,888,708,418,2014,2,2,1,5,1.7631E+12,1.7631E+12,,,,,,,,,,,,,,,
g1_online_only,LEO_ONLY,24,0.1,400,2,12,ok,,0,1,75.835792,2009,5,10.594,0.067,10.469,10.450125,885,707,417,2009,2,2,1,5,1.7631E+12,1.7631E+12,,,,,,,,,,,,,,,
g1_online_only,LEO_ONLY,24,0.1,400,2,13,ok,,0,1,71.572916,2013,5,10.63,0.068,10.648,10.627459,887,708,418,2013,2,2,1,5,1.7631E+12,1.7631E+12,,,,,,,,,,,,,,,
g1_online_only,LEO_ONLY,24,0.1,400,2,14,ok,,0,1,68.566709,2011,5,10.478,0.063,10.47,10.44387501,886,708,417,2011,2,2,1,5,1.7631E+12,1.7631E+12,,,,,,,,,,,,,,,
g1_online_only,LEO_ONLY,24,0.1,400,2,15,ok,,0,1,77.124042,2015,5,10.433,0.057,10.58,10.557125,888,709,418,2015,2,2,1,5,1.7631E+12,1.7631E+12,,,,,,,,,,,,,,,
g1_online_only,LEO_ONLY,24,0.1,400,2,16,ok,,0,1,76.323459,2010,5,10.733,0.062,10.522,10.495958,886,707,417,2010,2,2,1,5,1.7631E+12,1.7631E+12,,,,,,,,,,,,,,,
g1_online_only,LEO_ONLY,24,0.1,400,2,17,ok,,0,1,79.57875,2017,5,10.845,0.156,10.911,10.879625,889,709,419,2017,2,2,1,5,1.7631E+12,1.7631E+12,,,,,,,,,,,,,,,
g1_online_only,LEO_ONLY,24,0.1,400,2,18,ok,,0,1,76.089708,2014,5,10.632,0.065,10.788,10.775625,888,708,418,2014,2,2,1,5,1.7631E+12,1.7631E+12,,,,,,,,,,,,,,,
g1_online_only,LEO_ONLY,24,0.1,400,2,19,ok,,0,1,73.969209,2011,5,10.338,0.101,10.597,10.566042,887,707,417,2011,2,2,1,5,1.7631E+12,1.7631E+12,,,,,,,,,,,,,,,
g1_online_only,LEO_ONLY,24,0.1,400,2,20,ok,,0,1,77.455708,2015,5,10.632,0.075,10.621,10.600125,888,709,418,2015,2,2,1,5,1.7631E+12,1.7631E+12,,,,,,,,,,,,,,,
g1_online_only,LEO_ONLY,24,0.1,400,2,21,ok,,0,1,74.90825,2011,5,10.787,0.067,10.565,10.542333,886,707,418,2011,2,2,1,5,1.7631E+12,1.7631E+12,,,,,,,,,,,,,,,
g1_online_only,LEO_ONLY,24,0.1,400,2,22,ok,,0,1,73.637583,2018,5,10.604,0.062,10.576,10.555292,890,709,419,2018,2,2,1,5,1.7631E+12,1.7631E+12,,,,,,,,,,,,,,,
g1_online_only,LEO_ONLY,24,0.1,400,2,23,ok,,0,1,70.326542,2007,5,10.45,0.064,10.38,10.359666,884,707,416,2007,2,2,1,5,1.7631E+12,1.7631E+12,,,,,,,,,,,,,,,
g1_online_only,LEO_ONLY,24,0.1,400,2,24,ok,,0,1,74.208209,2017,5,10.305,0.068,10.86,10.833334,889,709,419,2017,2,2,1,5,1.7631E+12,1.7631E+12,,,,,,,,,,,,,,,
g1_online_only,LEO_ONLY,24,0.1,400,2,25,ok,,0,1,70.290042,2014,5,10.668,0.069,10.674,10.653042,888,708,418,2014,2,2,1,5,1.7631E+12,1.7631E+12,,,,,,,,,,,,,,,
g1_online_only,LEO_ONLY,24,0.1,400,2,26,ok,,0,1,81.387751,2012,5,10.764,0.062,10.515,10.492333,888,707,417,2012,2,2,1,5,1.7631E+12,1.7631E+12,,,,,,,,,,,,,,,
g1_online_only,LEO_ONLY,24,0.1,400,2,27,ok,,0,1,71.754916,2016,5,10.29,0.061,10.345,10.321375,889,708,419,2016,2,2,1,5,1.7631E+12,1.7631E+12,,,,,,,,,,,,,,,
g1_online_only,LEO_ONLY,24,0.1,400,2,28,ok,,0,1,76.923376,2012,5,10.443,0.077,10.698,10.662292,887,707,418,2012,2,2,1,5,1.7631E+12,1.7631E+12,,,,,,,,,,,,,,,
g1_online_only,LEO_ONLY,24,0.1,400,2,29,ok,,0,1,69.664583,2015,5,10.329,0.08,10.619,10.586625,888,708,419,2015,2,2,1,5,1.7631E+12,1.7631E+12,,,,,,,,,,,,,,,
g1_online_only,LEO_ONLY,24,0.1,400,2,30,ok,,0,1,74.78125099,2014,5,10.193,0.064,10.623,10.597041,887,708,419,2014,2,2,1,5,1.7631E+12,1.7631E+12,,,,,,,,,,,,,,,
g1_online_only,LEO_ONLY,24,0.1,400,2,31,ok,,0,1,73.551625,2016,5,10.543,0.063,10.618,10.59325,888,709,419,2016,2,2,1,5,1.7631E+12,1.7631E+12,,,,,,,,,,,,,,,
g1_online_only,LEO_ONLY,24,0.1,400,2,32,ok,,0,1,73.485792,2016,5,10.455,0.061,10.669,10.640458,888,709,419,2016,2,2,1,5,1.7631E+12,1.7631E+12,,,,,,,,,,,,,,,
g1_online_only,LEO_ONLY,24,0.1,400,2,33,ok,,0,1,79.923208,2011,5,10.732,0.062,10.652,10.631791,887,707,417,2011,2,2,1,5,1.7631E+12,1.7631E+12,,,,,,,,,,,,,,,
g1_online_only,LEO_ONLY,24,0.1,400,2,34,ok,,0,1,72.159542,2015,5,10.392,0.071,10.786,10.761375,888,709,418,2015,2,2,1,5,1.7631E+12,1.7631E+12,,,,,,,,,,,,,,,
g1_online_only,LEO_ONLY,24,0.1,400,2,35,ok,,0,1,77.009375,2015,5,10.505,0.061,10.674,10.650291,889,708,418,2015,2,2,1,5,1.7631E+12,1.7631E+12,,,,,,,,,,,,,,,
g1_online_only,LEO_ONLY,24,0.1,400,2,36,ok,,0,1,76.57670799,2014,5,10.501,0.069,10.623,10.601417,887,708,419,2014,2,2,1,5,1.7631E+12,1.7631E+12,,,,,,,,,,,,,,,
g1_online_only,LEO_ONLY,24,0.1,400,2,37,ok,,0,1,70.5275,2015,5,10.274,0.072,10.613,10.847084,888,708,419,2015,2,2,1,5,1.7631E+12,1.7631E+12,,,,,,,,,,,,,,,
g1_online_only,LEO_ONLY,24,0.1,400,2,38,ok,,0,1,74.564208,2017,5,10.372,0.059,10.523,10.500083,889,709,419,2017,2,2,1,5,1.7631E+12,1.7631E+12,,,,,,,,,,,,,,,
g1_online_only,LEO_ONLY,24,0.1,400,2,39,ok,,0,1,74.814167,2017,5,10.449,0.075,10.407,10.3795,889,709,419,2017,2,2,1,5,1.7631E+12,1.7631E+12,,,,,,,,,,,,,,,
g1_online_only,LEO_ONLY,24,0.1,400,2,40,ok,,0,1,71.732125,2013,5,10.364,0.118,10.572,10.54625,887,708,418,2013,2,2,1,5,1.7631E+12,1.7631E+12,,,,,,,,,,,,,,,
g1_online_only,LEO_ONLY,24,0.1,400,2,41,ok,,0,1,70.293,2012,5,10.43,0.067,10.708,10.685958,887,708,417,2012,2,2,1,5,1.7631E+12,1.7631E+12,,,,,,,,,,,,,,,
g1_online_only,LEO_ONLY,24,0.1,400,2,42,ok,,0,1,76.947209,2015,5,10.873,0.07,10.723,10.714042,887,709,419,2015,2,2,1,5,1.7631E+12,1.7631E+12,,,,,,,,,,,,,,,
g1_online_only,LEO_ONLY,24,0.1,400,2,43,ok,,0,1,75.124708,2014,5,10.362,0.059,10.425,10.4035,887,708,419,2014,2,2,1,5,1.7631E+12,1.7631E+12,,,,,,,,,,,,,,,
g1_online_only,LEO_ONLY,24,0.1,400,2,44,ok,,0,1,70.042875,2014,5,10.208,0.057,10.668,10.64754101,888,708,418,2014,2,2,1,5,1.7631E+12,1.7631E+12,,,,,,,,,,,,,,,
g1_online_only,LEO_ONLY,24,0.1,400,2,45,ok,,0,1,72.66287501,2016,5,10.37,0.069,10.347,10.326125,888,709,419,2016,2,2,1,5,1.7631E+12,1.7631E+12,,,,,,,,,,,,,,,
g1_online_only,LEO_ONLY,24,0.1,400,2,46,ok,,0,1,70.153958,2014,5,10.355,0.064,10.604,10.582167,888,708,418,2014,2,2,1,5,1.7631E+12,1.7631E+12,,,,,,,,,,,,,,,
g1_online_only,LEO_ONLY,24,0.1,400,2,47,ok,,0,1,76.94462501,2012,5,10.215,0.073,10.78,10.756209,887,707,418,2012,2,2,1,5,1.7631E+12,1.7631E+12,,,,,,,,,,,,,,,
g1_online_only,LEO_ONLY,24,0.1,400,2,48,ok,,0,1,77.826792,2015,5,10.455,0.076,10.72,10.6945,888,708,419,2015,2,2,1,5,1.7631E+12,1.7631E+12,,,,,,,,,,,,,,,
g1_online_only,LEO_ONLY,24,0.1,400,2,49,ok,,0,1,75.272208,2015,5,10.528,0.072,10.583,10.557167,888,708,419,2015,2,2,1,5,1.7631E+12,1.7631E+12,,,,,,,,,,,,,,,
g1_online_only,LEO_ONLY,24,0.1,400,2,50,ok,,0,1,73.794584,2013,5,10.447,0.074,10.41,10.38287501,886,708,419,2013,2,2,1,5,1.7631E+12,1.7631E+12,,,,,,,,,,,,,,,
g1_online_only,LEO_ONLY,24,0.1,400,2,51,ok,,0,1,71.24425,2015,5,10.492,0.071,10.679,10.655333,888,709,418,2015,2,2,1,5,1.7631E+12,1.7631E+12,,,,,,,,,,,,,,,
g1_online_only,LEO_ONLY,24,0.1,400,2,52,ok,,0,1,71.802875,2017,5,10.652,0.068,10.375,10.354667,889,709,419,2017,2,2,1,5,1.7631E+12,1.7631E+12,,,,,,,,,,,,,,,
g1_online_only,LEO_ONLY,24,0.1,400,2,53,ok,,0,1,74.916958,2014,5,10.558,0.069,10.546,10.525209,887,709,418,2014,2,2,1,5,1.7631E+12,1.7631E+12,,,,,,,,,,,,,,,
g1_online_only,LEO_ONLY,24,0.1,400,2,54,ok,,0,1,74.805416,2010,5,10.619,0.073,10.929,10.902541,886,707,417,2010,2,2,1,5,1.7631E+12,1.7631E+12,,,,,,,,,,,,,,,
g1_online_only,LEO_ONLY,24,0.1,400,2,55,ok,,0,1,76.177958,2017,5,10.524,0.075,10.499,10.479167,889,709,419,2017,2,2,1,5,1.7631E+12,1.7631E+12,,,,,,,,,,,,,,,
g1_online_only,LEO_ONLY,24,0.1,400,2,56,ok,,0,1,75.358541,2010,5,10.764,0.061,10.588,10.561625,885,709,416,2010,2,2,1,5,1.7631E+12,1.7631E+12,,,,,,,,,,,,,,,
g1_online_only,LEO_ONLY,24,0.1,400,2,57,ok,,0,1,74.89325,2012,5,10.493,0.072,10.552,10.530083,887,707,418,2012,2,2,1,5,1.7631E+12,1.7631E+12,,,,,,,,,,,,,,,
g1_online_only,LEO_ONLY,24,0.1,400,2,58,ok,,0,1,67.877791,2014,5,10.386,0.064,10.599,10.575583,887,708,419,2014,2,2,1,5,1.7631E+12,1.7631E+12,,,,,,,,,,,,,,,
g1_online_only,LEO_ONLY,24,0.1,400,2,59,ok,,0,1,72.327834,2015,5,10.308,0.067,10.336,10.32008301,888,708,419,2015,2,2,1,5,1.7631E+12,1.7631E+12,,,,,,,,,,,,,,,
g1_online_only,LEO_ONLY,24,0.1,400,2,60,ok,,0,1,73.468208,2011,5,10.286,0.061,10.759,10.73904199,886,707,418,2011,2,2,1,5,1.7631E+12,1.7631E+12,,,,,,,,,,,,,,,
g1_online_only,LEO_ONLY,24,0.1,400,2,61,ok,,0,1,77.264375,2015,5,10.824,0.115,10.643,10.611417,888,708,419,2015,2,2,1,5,1.7631E+12,1.7631E+12,,,,,,,,,,,,,,,
g1_online_only,LEO_ONLY,24,0.1,400,2,62,ok,,0,1,76.036625,2015,5,11.238,0.149,11.41,11.37887499,888,708,419,2015,2,2,1,5,1.7631E+12,1.7631E+12,,,,,,,,,,,,,,,
g1_online_only,LEO_ONLY,24,0.1,400,2,63,ok,,0,1,77.649751,2013,5,10.763,0.074,10.465,10.43350001,887,707,419,2013,2,2,1,5,1.7631E+12,1.7631E+12,,,,,,,,,,,,,,,
g1_online_only,LEO_ONLY,24,0.1,400,2,64,ok,,0,1,70.496958,2011,5,10.384,0.067,10.66,10.637041,886,708,417,2011,2,2,1,5,1.7631E+12,1.7631E+12,,,,,,,,,,,,,,,
g1_online_only,LEO_ONLY,24,0.1,400,2,65,ok,,0,1,111.353667,2014,5,22.463,0.174,21.359,21.287833,887,708,419,2014,2,2,1,5,1.7631E+12,1.7631E+12,,,,,,,,,,,,,,,
g1_online_only,LEO_ONLY,24,0.1,400,2,66,ok,,0,1,70.095333,2017,5,10.65,0.071,10.528,10.500083,889,709,419,2017,2,2,1,5,1.7631E+12,1.7631E+12,,,,,,,,,,,,,,,
g1_online_only,LEO_ONLY,24,0.1,400,2,67,ok,,0,1,68.448666,2014,5,10.057,0.069,10.393,10.366583,888,708,418,2014,2,2,1,5,1.7631E+12,1.7631E+12,,,,,,,,,,,,,,,
g1_online_only,LEO_ONLY,24,0.1,400,2,68,ok,,0,1,76.405875,2014,5,10.678,0.086,11.481,11.491125,888,708,418,2014,2,2,1,5,1.7631E+12,1.7631E+12,,,,,,,,,,,,,,,
g1_online_only,LEO_ONLY,24,0.1,400,2,69,ok,,0,1,73.737125,2017,5,10.452,0.059,10.332,10.310667,889,709,419,2017,2,2,1,5,1.7631E+12,1.7631E+12,,,,,,,,,,,,,,,
g1_online_only,LEO_ONLY,24,0.1,400,2,70,ok,,0,1,74.33425,2012,5,10.458,0.069,10.555,10.53425,887,707,418,2012,2,2,1,5,1.7631E+12,1.7631E+12,,,,,,,,,,,,,,,
g1_online_only,LEO_ONLY,24,0.1,400,2,71,ok,,0,1,74.980083,2012,5,10.255,0.106,10.532,10.509875,887,708,417,2012,2,2,1,5,1.7631E+12,1.7631E+12,,,,,,,,,,,,,,,
g1_online_only,LEO_ONLY,24,0.1,400,2,72,ok,,0,1,73.921416,2015,5,10.757,0.069,10.61,10.587208,888,708,419,2015,2,2,1,5,1.7631E+12,1.7631E+12,,,,,,,,,,,,,,,
g1_online_only,LEO_ONLY,24,0.1,400,2,73,ok,,0,1,79.671916,2012,5,10.56,0.065,10.718,10.69445899,887,707,418,2012,2,2,1,5,1.7631E+12,1.7631E+12,,,,,,,,,,,,,,,
g1_online_only,LEO_ONLY,24,0.1,400,2,74,ok,,0,1,81.398916,2014,5,10.668,0.074,10.782,10.759,888,708,418,2014,2,2,1,5,1.7631E+12,1.7631E+12,,,,,,,,,,,,,,,
g1_online_only,LEO_ONLY,24,0.1,400,2,75,ok,,0,1,74.60825,2014,5,10.388,0.071,10.65,10.630125,888,708,418,2014,2,2,1,5,1.7631E+12,1.7631E+12,,,,,,,,,,,,,,,
g1_online_only,LEO_ONLY,24,0.1,400,2,76,ok,,0,1,68.744167,2011,5,10.109,0.07,10.443,10.421667,887,707,417,2011,2,2,1,5,1.7631E+12,1.7631E+12,,,,,,,,,,,,,,,
g1_online_only,LEO_ONLY,24,0.1,400,2,77,ok,,0,1,78.602791,2017,5,10.693,0.083,10.761,10.735125,889,709,419,2017,2,2,1,5,1.7631E+12,1.7631E+12,,,,,,,,,,,,,,,
g1_online_only,LEO_ONLY,24,0.1,400,2,78,ok,,0,1,74.301,2012,5,10.685,0.064,10.421,10.396958,886,708,418,2012,2,2,1,5,1.7631E+12,1.7631E+12,,,,,,,,,,,,,,,
g1_online_only,LEO_ONLY,24,0.1,400,2,79,ok,,0,1,75.530125,2014,5,10.427,0.073,10.839,10.813042,888,708,418,2014,2,2,1,5,1.7631E+12,1.7631E+12,,,,,,,,,,,,,,,
g1_online_only,LEO_ONLY,24,0.1,400,2,80,ok,,0,1,72.940292,2015,5,10.391,0.072,10.648,10.621916,888,708,419,2015,2,2,1,5,1.7631E+12,1.7631E+12,,,,,,,,,,,,,,,
g1_online_only,LEO_ONLY,24,0.1,400,2,81,ok,,0,1,76.865833,2017,5,10.247,0.073,10.838,10.81266699,889,709,419,2017,2,2,1,5,1.7631E+12,1.7631E+12,,,,,,,,,,,,,,,
g1_online_only,LEO_ONLY,24,0.1,400,2,82,ok,,0,1,69.463708,2012,5,10.564,0.068,10.331,10.30925,887,707,418,2012,2,2,1,5,1.7631E+12,1.7631E+12,,,,,,,,,,,,,,,
g1_online_only,LEO_ONLY,24,0.1,400,2,83,ok,,0,1,73.035959,2017,5,10.378,0.081,10.71,10.694875,889,709,419,2017,2,2,1,5,1.7631E+12,1.7631E+12,,,,,,,,,,,,,,,
g1_online_only,LEO_ONLY,24,0.1,400,2,84,ok,,0,1,72.0205,2015,5,10.684,0.073,10.585,10.5525,888,708,419,2015,2,2,1,5,1.7631E+12,1.7631E+12,,,,,,,,,,,,,,,
g1_online_only,LEO_ONLY,24,0.1,400,2,85,ok,,0,1,74.330625,2013,5,10.335,0.071,10.564,10.541417,887,708,418,2013,2,2,1,5,1.7631E+12,1.7631E+12,,,,,,,,,,,,,,,
g1_online_only,LEO_ONLY,24,0.1,400,2,86,ok,,0,1,72.490208,2014,5,10.665,0.064,10.776,10.753541,887,709,418,2014,2,2,1,5,1.7631E+12,1.7631E+12,,,,,,,,,,,,,,,
g1_online_only,LEO_ONLY,24,0.1,400,2,87,ok,,0,1,69.489083,2013,5,10.383,0.064,10.545,10.525834,887,708,418,2013,2,2,1,5,1.7631E+12,1.7631E+12,,,,,,,,,,,,,,,
g1_online_only,LEO_ONLY,24,0.1,400,2,88,ok,,0,1,74.820042,2013,5,10.267,0.094,10.856,10.838375,887,708,418,2013,2,2,1,5,1.7631E+12,1.7631E+12,,,,,,,,,,,,,,,
g1_online_only,LEO_ONLY,24,0.1,400,2,89,ok,,0,1,70.52874999,2017,5,10.555,0.077,10.806,10.790083,889,709,419,2017,2,2,1,5,1.7631E+12,1.7631E+12,,,,,,,,,,,,,,,
g1_online_only,LEO_ONLY,24,0.1,400,2,90,ok,,0,1,75.768083,2015,5,10.914,0.33,11.308,11.29675,888,708,419,2015,2,2,1,5,1.7631E+12,1.7631E+12,,,,,,,,,,,,,,,
g1_online_only,LEO_ONLY,24,0.1,400,2,91,ok,,0,1,70.298708,2017,5,10.34,0.077,10.674,10.641459,889,709,419,2017,2,2,1,5,1.7631E+12,1.7631E+12,,,,,,,,,,,,,,,
g1_online_only,LEO_ONLY,24,0.1,400,2,92,ok,,0,1,76.47325,2016,5,10.433,0.073,10.69,10.671834,888,709,419,2016,2,2,1,5,1.7631E+12,1.7631E+12,,,,,,,,,,,,,,,
g1_online_only,LEO_ONLY,24,0.1,400,2,93,ok,,0,1,70.50104099,2015,5,10.393,0.088,10.433,10.407291,888,708,419,2015,2,2,1,5,1.7631E+12,1.7631E+12,,,,,,,,,,,,,,,
g1_online_only,LEO_ONLY,24,0.1,400,2,94,ok,,0,1,70.262375,2011,5,10.359,0.066,10.608,10.586125,886,708,417,2011,2,2,1,5,1.7631E+12,1.7631E+12,,,,,,,,,,,,,,,
g1_online_only,LEO_ONLY,24,0.1,400,2,95,ok,,0,1,73.893334,2015,5,10.633,0.081,10.59,10.573458,888,709,418,2015,2,2,1,5,1.7631E+12,1.7631E+12,,,,,,,,,,,,,,,
g1_online_only,LEO_ONLY,24,0.1,400,2,96,ok,,0,1,71.80975,2017,5,10.443,0.068,10.637,10.615209,889,709,419,2017,2,2,1,5,1.7631E+12,1.7631E+12,,,,,,,,,,,,,,,
g1_online_only,LEO_ONLY,24,0.1,400,2,97,ok,,0,1,71.019917,2013,5,10.12,0.06,10.507,10.48575,888,707,418,2013,2,2,1,5,1.7631E+12,1.7631E+12,,,,,,,,,,,,,,,
g1_online_only,LEO_ONLY,24,0.1,400,2,98,ok,,0,1,73.118166,2017,5,11.385,0.083,10.422,10.395833,889,709,419,2017,2,2,1,5,1.7631E+12,1.7631E+12,,,,,,,,,,,,,,,
g1_online_only,LEO_ONLY,24,0.1,400,2,99,ok,,0,1,73.744459,2015,5,10.418,0.069,10.555,10.531083,888,709,418,2015,2,2,1,5,1.7631E+12,1.7631E+12,,,,,,,,,,,,,,,
g1_online_only,LEO_ONLY,24,0.1,400,2,100,ok,,0,1,68.837375,2008,5,10.243,0.069,10.446,10.427,885,707,416,2008,2,2,1,5,1.7631E+12,1.7631E+12,,,,,,,,,,,,,,,
g1_online_only,LEO_ONLY,24,0.1,400,2,101,ok,,0,1,74.385167,2017,5,10.857,0.084,10.837,10.843958,889,709,419,2017,2,2,1,5,1.7631E+12,1.7631E+12,,,,,,,,,,,,,,,
g1_online_only,LEO_ONLY,24,0.1,400,2,102,ok,,0,1,76.510292,2013,5,10.705,0.072,10.582,10.557541,887,708,418,2013,2,2,1,5,1.7631E+12,1.7631E+12,,,,,,,,,,,,,,,
g1_online_only,LEO_ONLY,24,0.1,400,2,103,ok,,0,1,75.48825,2014,5,10.748,0.067,10.63,10.60775,887,709,418,2014,2,2,1,5,1.7631E+12,1.7631E+12,,,,,,,,,,,,,,,
g1_online_only,LEO_ONLY,24,0.1,400,2,104,ok,,0,1,76.907667,2007,5,10.665,0.076,10.595,10.50733301,884,708,415,2007,2,2,1,5,1.7631E+12,1.7631E+12,,,,,,,,,,,,,,,
g1_online_only,LEO_ONLY,24,0.1,400,2,105,ok,,0,1,77.828375,2016,5,10.515,0.073,10.711,10.689583,888,709,419,2016,2,2,1,5,1.7631E+12,1.7631E+12,,,,,,,,,,,,,,,
g1_online_only,LEO_ONLY,24,0.1,400,2,106,ok,,0,1,72.593583,2008,5,10.751,0.066,10.347,10.327125,885,706,417,2008,2,2,1,5,1.7631E+12,1.7631E+12,,,,,,,,,,,,,,,
g1_online_only,LEO_ONLY,24,0.1,400,2,107,ok,,0,1,78.181375,2017,5,10.498,0.084,10.724,10.694791,889,709,419,2017,2,2,1,5,1.7631E+12,1.7631E+12,,,,,,,,,,,,,,,
g1_online_only,LEO_ONLY,24,0.1,400,2,108,ok,,0,1,70.783125,2012,5,10.503,0.095,10.49,10.46149999,887,707,418,2012,2,2,1,5,1.7631E+12,1.7631E+12,,,,,,,,,,,,,,,
g1_online_only,LEO_ONLY,24,0.1,400,2,109,ok,,0,1,78.3525,2012,5,10.496,0.058,10.645,10.62304201,887,708,417,2012,2,2,1,5,1.7631E+12,1.7631E+12,,,,,,,,,,,,,,,
g1_online_only,LEO_ONLY,24,0.1,400,2,110,ok,,0,1,75.395625,2012,5,10.73,0.08,10.699,10.67937499,887,708,417,2012,2,2,1,5,1.7631E+12,1.7631E+12,,,,,,,,,,,,,,,
g1_online_only,LEO_ONLY,24,0.1,400,2,111,ok,,0,1,77.55574999,2009,5,10.543,0.073,10.7,10.672833,885,707,417,2009,2,2,1,5,1.7631E+12,1.7631E+12,,,,,,,,,,,,,,,
g1_online_only,LEO_ONLY,24,0.1,400,2,112,ok,,0,1,74.983875,2017,5,10.496,0.073,10.707,10.6835,889,709,419,2017,2,2,1,5,1.7631E+12,1.7631E+12,,,,,,,,,,,,,,,
g1_online_only,LEO_ONLY,24,0.1,400,2,113,ok,,0,1,69.577917,2012,5,10.226,0.068,10.561,10.547125,887,708,417,2012,2,2,1,5,1.7631E+12,1.7631E+12,,,,,,,,,,,,,,,
g1_online_only,LEO_ONLY,24,0.1,400,2,114,ok,,0,1,66.635875,2011,5,10.304,0.069,10.584,10.56025,886,708,417,2011,2,2,1,5,1.7631E+12,1.7631E+12,,,,,,,,,,,,,,,
g1_online_only,LEO_ONLY,24,0.1,400,2,115,ok,,0,1,78.42570901,2010,5,10.848,0.074,10.813,10.786625,886,706,418,2010,2,2,1,5,1.7631E+12,1.7631E+12,,,,,,,,,,,,,,,
g1_online_only,LEO_ONLY,24,0.1,400,2,116,ok,,0,1,75.378167,2014,5,10.236,0.074,10.74,10.711375,888,708,418,2014,2,2,1,5,1.7631E+12,1.7631E+12,,,,,,,,,,,,,,,
g1_online_only,LEO_ONLY,24,0.1,400,2,117,ok,,0,1,74.968459,2013,5,10.592,0.071,10.347,10.324625,887,708,418,2013,2,2,1,5,1.7631E+12,1.7631E+12,,,,,,,,,,,,,,,
g1_online_only,LEO_ONLY,24,0.1,400,2,118,ok,,0,1,73.110083,2016,5,10.652,0.065,10.614,10.591292,888,709,419,2016,2,2,1,5,1.7631E+12,1.7631E+12,,,,,,,,,,,,,,,
g1_online_only,LEO_ONLY,24,0.1,400,2,119,ok,,0,1,74.194083,2012,5,10.499,0.068,10.668,10.647792,887,708,417,2012,2,2,1,5,1.7631E+12,1.7631E+12,,,,,,,,,,,,,,,
g1_online_only,LEO_ONLY,24,0.1,400,2,120,ok,,0,1,75.293583,2012,5,10.503,0.081,10.83,10.80795799,887,707,418,2012,2,2,1,5,1.7631E+12,1.7631E+12,,,,,,,,,,,,,,,
g1_online_only,LEO_ONLY,24,0.1,400,2,121,ok,,0,1,69.652083,2015,5,10.575,0.067,10.518,10.494666,888,708,419,2015,2,2,1,5,1.7631E+12,1.7631E+12,,,,,,,,,,,,,,,
g1_online_only,LEO_ONLY,24,0.1,400,2,122,ok,,0,1,76.381417,2014,5,10.96,0.066,10.579,10.55775,888,708,418,2014,2,2,1,5,1.7631E+12,1.7631E+12,,,,,,,,,,,,,,,
g1_online_only,LEO_ONLY,24,0.1,400,2,123,ok,,0,1,73.481375,2012,5,10.441,0.07,10.674,10.6495,886,708,418,2012,2,2,1,5,1.7631E+12,1.7631E+12,,,,,,,,,,,,,,,
g1_online_only,LEO_ONLY,24,0.1,400,2,124,ok,,0,1,76.907833,2012,5,10.435,0.063,10.662,10.642916,886,709,417,2012,2,2,1,5,1.7631E+12,1.7631E+12,,,,,,,,,,,,,,,
g1_online_only,LEO_ONLY,24,0.1,400,2,125,ok,,0,1,70.090458,2013,5,10.352,0.07,10.737,10.714375,886,708,419,2013,2,2,1,5,1.7631E+12,1.7631E+12,,,,,,,,,,,,,,,
g1_online_only,LEO_ONLY,24,0.1,400,2,126,ok,,0,1,69.62754201,2015,5,11.088,0.084,10.405,10.378375,888,708,419,2015,2,2,1,5,1.7631E+12,1.7631E+12,,,,,,,,,,,,,,,
g1_online_only,LEO_ONLY,24,0.1,400,2,127,ok,,0,1,73.852417,2014,5,10.23,0.099,10.386,10.365542,888,708,418,2014,2,2,1,5,1.7631E+12,1.7631E+12,,,,,,,,,,,,,,,
g1_online_only,LEO_ONLY,24,0.1,400,2,128,ok,,0,1,70.156084,2011,5,10.23,0.06,10.692,10.670959,886,708,417,2011,2,2,1,5,1.7631E+12,1.7631E+12,,,,,,,,,,,,,,,
g1_online_only,LEO_ONLY,24,0.1,400,2,129,ok,,0,1,73.023792,2017,5,10.55,0.071,10.568,10.543,889,709,419,2017,2,2,1,5,1.7631E+12,1.7631E+12,,,,,,,,,,,,,,,
g1_online_only,LEO_ONLY,24,0.1,400,2,130,ok,,0,1,74.894458,2014,5,10.457,0.07,10.664,10.64,888,708,418,2014,2,2,1,5,1.7631E+12,1.7631E+12,,,,,,,,,,,,,,,
g1_online_only,LEO_ONLY,24,0.1,400,2,131,ok,,0,1,79.619666,2011,5,10.313,0.072,10.786,10.764542,887,707,417,2011,2,2,1,5,1.7631E+12,1.7631E+12,,,,,,,,,,,,,,,
g1_online_only,LEO_ONLY,24,0.1,400,2,132,ok,,0,1,71.295583,2017,5,10.663,0.073,10.413,10.387292,889,709,419,2017,2,2,1,5,1.7631E+12,1.7631E+12,,,,,,,,,,,,,,,
g1_online_only,LEO_ONLY,24,0.1,400,2,133,ok,,0,1,71.088583,2015,5,10.369,0.066,10.42,10.398916,888,708,419,2015,2,2,1,5,1.7631E+12,1.7631E+12,,,,,,,,,,,,,,,
g1_online_only,LEO_ONLY,24,0.1,400,2,134,ok,,0,1,74.165167,2013,5,10.13,0.068,10.497,10.476709,887,708,418,2013,2,2,1,5,1.7631E+12,1.7631E+12,,,,,,,,,,,,,,,
g1_online_only,LEO_ONLY,24,0.1,400,2,135,ok,,0,1,75.714125,2013,5,10.43,0.067,10.97,10.947667,887,708,418,2013,2,2,1,5,1.7631E+12,1.7631E+12,,,,,,,,,,,,,,,
g1_online_only,LEO_ONLY,24,0.1,400,2,136,ok,,0,1,73.045958,2017,5,10.607,0.077,10.596,10.571208,889,709,419,2017,2,2,1,5,1.7631E+12,1.7631E+12,,,,,,,,,,,,,,,
g1_online_only,LEO_ONLY,24,0.1,400,2,137,ok,,0,1,79.259292,2017,5,10.706,0.069,10.779,10.75425,889,709,419,2017,2,2,1,5,1.7631E+12,1.7631E+12,,,,,,,,,,,,,,,
g1_online_only,LEO_ONLY,24,0.1,400,2,138,ok,,0,1,77.643709,2010,5,10.584,0.076,10.737,10.713625,886,707,417,2010,2,2,1,5,1.7631E+12,1.7631E+12,,,,,,,,,,,,,,,
g1_online_only,LEO_ONLY,24,0.1,400,2,139,ok,,0,1,71.269958,2014,5,10.287,0.059,10.405,10.384583,888,708,418,2014,2,2,1,5,1.7631E+12,1.7631E+12,,,,,,,,,,,,,,,
g1_online_only,LEO_ONLY,24,0.1,400,2,140,ok,,0,1,75.11158301,2014,5,10.531,0.073,10.707,10.680958,887,709,418,2014,2,2,1,5,1.7631E+12,1.7631E+12,,,,,,,,,,,,,,,
g1_online_only,LEO_ONLY,24,0.1,400,2,141,ok,,0,1,72.620417,2013,5,10.76,0.075,10.4,10.376542,887,708,418,2013,2,2,1,5,1.7631E+12,1.7631E+12,,,,,,,,,,,,,,,
g1_online_only,LEO_ONLY,24,0.1,400,2,142,ok,,0,1,76.613709,2009,5,10.754,0.063,11.081,11.059166,885,707,417,2009,2,2,1,5,1.7631E+12,1.7631E+12,,,,,,,,,,,,,,,
g1_online_only,LEO_ONLY,24,0.1,400,2,143,ok,,0,1,78.418083,2016,5,10.411,0.064,10.686,10.664916,888,709,419,2016,2,2,1,5,1.7631E+12,1.7631E+12,,,,,,,,,,,,,,,
g1_online_only,LEO_ONLY,24,0.1,400,2,144,ok,,0,1,71.532542,2013,5,10.455,0.06,10.74,10.716875,888,707,418,2013,2,2,1,5,1.7631E+12,1.7631E+12,,,,,,,,,,,,,,,
g1_online_only,LEO_ONLY,24,0.1,400,2,145,ok,,0,1,75.994166,2015,5,10.328,0.06,10.727,10.706459,888,708,419,2015,2,2,1,5,1.7631E+12,1.7631E+12,,,,,,,,,,,,,,,
g1_online_only,LEO_ONLY,24,0.1,400,2,146,ok,,0,1,69.898709,2014,5,10.135,0.062,10.637,10.617584,888,708,418,2014,2,2,1,5,1.7631E+12,1.7631E+12,,,,,,,,,,,,,,,
g1_online_only,LEO_ONLY,24,0.1,400,2,147,ok,,0,1,73.941959,2015,5,10.654,0.061,10.492,10.470458,889,708,418,2015,2,2,1,5,1.7631E+12,1.7631E+12,,,,,,,,,,,,,,,
g1_online_only,LEO_ONLY,24,0.1,400,2,148,ok,,0,1,71.32266701,2012,5,10.32,0.072,10.528,10.50116699,887,708,417,2012,2,2,1,5,1.7631E+12,1.7631E+12,,,,,,,,,,,,,,,
g1_online_only,LEO_ONLY,24,0.1,400,2,149,ok,,0,1,71.315792,2015,5,11.282,0.097,11.611,11.585584,888,708,419,2015,2,2,1,5,1.7631E+12,1.7631E+12,,,,,,,,,,,,,,,
g1_online_only,LEO_ONLY,24,0.1,400,2,150,ok,,0,1,76.701083,2017,5,10.767,0.067,10.521,10.501375,889,709,419,2017,2,2,1,5,1.7631E+12,1.7631E+12,,,,,,,,,,,,,,,
g1_online_only,LEO_ONLY,24,0.1,400,2,151,ok,,0,1,72.750541,2017,5,10.787,0.069,10.558,10.536583,889,709,419,2017,2,2,1,5,1.7631E+12,1.7631E+12,,,,,,,,,,,,,,,
g1_online_only,LEO_ONLY,24,0.1,400,2,152,ok,,0,1,81.14716601,2013,5,10.911,0.072,10.676,10.647417,887,709,417,2013,2,2,1,5,1.7631E+12,1.7631E+12,,,,,,,,,,,,,,,
g1_online_only,LEO_ONLY,24,0.1,400,2,153,ok,,0,1,72.807833,2014,5,10.344,0.064,10.538,10.51745799,887,708,419,2014,2,2,1,5,1.7631E+12,1.7631E+12,,,,,,,,,,,,,,,
g1_online_only,LEO_ONLY,24,0.1,400,2,154,ok,,0,1,75.823833,2014,5,10.715,0.067,10.776,10.75295899,888,708,418,2014,2,2,1,5,1.7631E+12,1.7631E+12,,,,,,,,,,,,,,,
g1_online_only,LEO_ONLY,24,0.1,400,2,155,ok,,0,1,77.129917,2013,5,10.776,0.068,10.702,10.679209,887,708,418,2013,2,2,1,5,1.7631E+12,1.7631E+12,,,,,,,,,,,,,,,
g1_online_only,LEO_ONLY,24,0.1,400,2,156,ok,,0,1,72.874625,2015,5,10.333,0.069,10.65,10.626625,888,709,418,2015,2,2,1,5,1.7631E+12,1.7631E+12,,,,,,,,,,,,,,,
g1_online_only,LEO_ONLY,24,0.1,400,2,157,ok,,0,1,71.754,2017,5,9.746,0.106,10.677,10.649,889,709,419,2017,2,2,1,5,1.7631E+12,1.7631E+12,,,,,,,,,,,,,,,
g1_online_only,LEO_ONLY,24,0.1,400,2,158,ok,,0,1,81.398208,2011,5,10.681,0.066,10.764,10.743416,886,708,417,2011,2,2,1,5,1.7631E+12,1.7631E+12,,,,,,,,,,,,,,,
g1_online_only,LEO_ONLY,24,0.1,400,2,159,ok,,0,1,74.8735,2013,5,10.412,0.067,10.63,10.610208,887,708,418,2013,2,2,1,5,1.7631E+12,1.7631E+12,,,,,,,,,,,,,,,
g1_online_only,LEO_ONLY,24,0.1,400,2,160,ok,,0,1,80.319041,2008,5,10.771,0.07,10.656,10.635333,884,707,417,2008,2,2,1,5,1.7631E+12,1.7631E+12,,,,,,,,,,,,,,,
g1_online_only,LEO_ONLY,24,0.1,400,2,161,ok,,0,1,69.781542,2012,5,10.459,0.065,10.591,10.570292,887,708,417,2012,2,2,1,5,1.7631E+12,1.7631E+12,,,,,,,,,,,,,,,
g1_online_only,LEO_ONLY,24,0.1,400,2,162,ok,,0,1,68.22125,2013,5,10.372,0.061,10.246,10.22425,887,708,418,2013,2,2,1,5,1.7631E+12,1.7631E+12,,,,,,,,,,,,,,,
g1_online_only,LEO_ONLY,24,0.1,400,2,163,ok,,0,1,80.656625,2015,5,10.712,0.071,10.636,10.614875,888,708,419,2015,2,2,1,5,1.7631E+12,1.7631E+12,,,,,,,,,,,,,,,
g1_online_only,LEO_ONLY,24,0.1,400,2,164,ok,,0,1,77.459084,2014,5,10.53,0.065,10.849,10.82270899,887,708,419,2014,2,2,1,5,1.7631E+12,1.7631E+12,,,,,,,,,,,,,,,
g1_online_only,LEO_ONLY,24,0.1,400,2,165,ok,,0,1,80.384083,2014,5,10.691,0.072,10.598,10.56625,888,708,418,2014,2,2,1,5,1.7631E+12,1.7631E+12,,,,,,,,,,,,,,,
g1_online_only,LEO_ONLY,24,0.1,400,2,166,ok,,0,1,66.165125,2015,5,10.333,0.076,10.417,10.388417,888,708,419,2015,2,2,1,5,1.7631E+12,1.7631E+12,,,,,,,,,,,,,,,
g1_online_only,LEO_ONLY,24,0.1,400,2,167,ok,,0,1,75.964916,2009,5,10.654,0.061,10.534,10.513167,885,707,417,2009,2,2,1,5,1.7631E+12,1.7631E+12,,,,,,,,,,,,,,,
g1_online_only,LEO_ONLY,24,0.1,400,2,168,ok,,0,1,74.962459,2017,5,10.691,0.065,10.602,10.58145799,889,709,419,2017,2,2,1,5,1.7631E+12,1.7631E+12,,,,,,,,,,,,,,,
g1_online_only,LEO_ONLY,24,0.1,400,2,169,ok,,0,1,81.803667,2011,5,10.972,0.065,10.55,10.52795799,886,708,417,2011,2,2,1,5,1.7631E+12,1.7631E+12,,,,,,,,,,,,,,,
g1_online_only,LEO_ONLY,24,0.1,400,2,170,ok,,0,1,78.859375,2013,5,10.54,0.069,10.672,10.64974999,887,709,417,2013,2,2,1,5,1.7631E+12,1.7631E+12,,,,,,,,,,,,,,,
g1_online_only,LEO_ONLY,24,0.1,400,2,171,ok,,0,1,71.036625,2014,5,10.31,0.071,10.399,10.375584,888,708,418,2014,2,2,1,5,1.7631E+12,1.7631E+12,,,,,,,,,,,,,,,
g1_online_only,LEO_ONLY,24,0.1,400,2,172,ok,,0,1,81.479959,2013,5,10.557,0.072,10.735,10.709125,887,708,418,2013,2,2,1,5,1.7631E+12,1.7631E+12,,,,,,,,,,,,,,,
g1_online_only,LEO_ONLY,24,0.1,400,2,173,ok,,0,1,80.636417,2009,5,11.084,0.067,10.716,10.695,885,707,417,2009,2,2,1,5,1.7631E+12,1.7631E+12,,,,,,,,,,,,,,,
g1_online_only,LEO_ONLY,24,0.1,400,2,174,ok,,0,1,72.93125,2017,5,10.303,0.07,10.386,10.363875,889,709,419,2017,2,2,1,5,1.7631E+12,1.7631E+12,,,,,,,,,,,,,,,
g1_online_only,LEO_ONLY,24,0.1,400,2,175,ok,,0,1,71.99925101,2015,5,10.516,0.069,10.681,10.660542,888,708,419,2015,2,2,1,5,1.7631E+12,1.7631E+12,,,,,,,,,,,,,,,
g1_online_only,LEO_ONLY,24,0.1,400,2,176,ok,,0,1,69.41437499,2014,5,10.413,0.076,10.481,10.460917,888,708,418,2014,2,2,1,5,1.7631E+12,1.7631E+12,,,,,,,,,,,,,,,
g1_online_only,LEO_ONLY,24,0.1,400,2,177,ok,,0,1,72.346876,2012,5,10.665,0.068,10.628,10.606417,887,708,417,2012,2,2,1,5,1.7631E+12,1.7631E+12,,,,,,,,,,,,,,,
g1_online_only,LEO_ONLY,24,0.1,400,2,178,ok,,0,1,69.72525,2016,5,10.265,0.069,10.414,10.392791,888,709,419,2016,2,2,1,5,1.7631E+12,1.7631E+12,,,,,,,,,,,,,,,
g1_online_only,LEO_ONLY,24,0.1,400,2,179,ok,,0,1,72.721292,2017,5,11.621,0.133,11.134,11.13458299,889,709,419,2017,2,2,1,5,1.7631E+12,1.7631E+12,,,,,,,,,,,,,,,
g1_online_only,LEO_ONLY,24,0.1,400,2,180,ok,,0,1,77.208041,2014,5,10.502,0.075,10.703,10.677584,888,708,418,2014,2,2,1,5,1.7631E+12,1.7631E+12,,,,,,,,,,,,,,,
g1_online_only,LEO_ONLY,24,0.1,400,2,181,ok,,0,1,75.397208,2013,5,10.546,0.067,10.597,10.57945799,887,708,418,2013,2,2,1,5,1.7631E+12,1.7631E+12,,,,,,,,,,,,,,,
g1_online_only,LEO_ONLY,24,0.1,400,2,182,ok,,0,1,75.622458,2017,5,10.646,0.111,11.01,11.023375,889,709,419,2017,2,2,1,5,1.7631E+12,1.7631E+12,,,,,,,,,,,,,,,
g1_online_only,LEO_ONLY,24,0.1,400,2,183,ok,,0,1,71.219833,2017,5,10.435,0.075,10.497,10.469416,889,709,419,2017,2,2,1,5,1.7631E+12,1.7631E+12,,,,,,,,,,,,,,,
g1_online_only,LEO_ONLY,24,0.1,400,2,184,ok,,0,1,70.441375,2010,5,10.225,0.068,10.511,10.490958,886,707,417,2010,2,2,1,5,1.7631E+12,1.7631E+12,,,,,,,,,,,,,,,
g1_online_only,LEO_ONLY,24,0.1,400,2,185,ok,,0,1,72.934041,2017,5,10.316,0.079,11.042,11.046375,889,709,419,2017,2,2,1,5,1.7631E+12,1.7631E+12,,,,,,,,,,,,,,,
g1_online_only,LEO_ONLY,24,0.1,400,2,186,ok,,0,1,77.575458,2017,5,10.724,0.057,10.707,10.686292,889,709,419,2017,2,2,1,5,1.7631E+12,1.7631E+12,,,,,,,,,,,,,,,
g1_online_only,LEO_ONLY,24,0.1,400,2,187,ok,,0,1,73.726666,2011,5,10.361,0.063,10.764,10.768042,886,707,418,2011,2,2,1,5,1.7631E+12,1.7631E+12,,,,,,,,,,,,,,,
g1_online_only,LEO_ONLY,24,0.1,400,2,188,ok,,0,1,76.272958,2014,5,10.554,0.067,10.547,10.524042,887,709,418,2014,2,2,1,5,1.7631E+12,1.7631E+12,,,,,,,,,,,,,,,
g1_online_only,LEO_ONLY,24,0.1,400,2,189,ok,,0,1,79.83925,2017,5,10.862,0.069,10.465,10.442792,889,709,419,2017,2,2,1,5,1.7631E+12,1.7631E+12,,,,,,,,,,,,,,,
g1_online_only,LEO_ONLY,24,0.1,400,2,190,ok,,0,1,75.58066701,2017,5,10.643,0.058,10.684,10.662,889,709,419,2017,2,2,1,5,1.7631E+12,1.7631E+12,,,,,,,,,,,,,,,
g1_online_only,LEO_ONLY,24,0.1,400,2,191,ok,,0,1,73.104833,2012,5,10.42,0.068,10.607,10.585792,887,707,418,2012,2,2,1,5,1.7631E+12,1.7631E+12,,,,,,,,,,,,,,,
g1_online_only,LEO_ONLY,24,0.1,400,2,192,ok,,0,1,73.575417,2010,5,10.604,0.07,11.071,11.049875,885,708,417,2010,2,2,1,5,1.7631E+12,1.7631E+12,,,,,,,,,,,,,,,
g1_online_only,LEO_ONLY,24,0.1,400,2,193,ok,,0,1,74.77875,2017,5,10.715,0.066,10.834,10.81275001,889,709,419,2017,2,2,1,5,1.7631E+12,1.7631E+12,,,,,,,,,,,,,,,
g1_online_only,LEO_ONLY,24,0.1,400,2,194,ok,,0,1,73.19566701,2014,5,10.592,0.065,10.572,10.55125,887,709,418,2014,2,2,1,5,1.7631E+12,1.7631E+12,,,,,,,,,,,,,,,
g1_online_only,LEO_ONLY,24,0.1,400,2,195,ok,,0,1,68.114833,2013,5,10.633,0.07,10.422,10.397583,886,709,418,2013,2,2,1,5,1.7631E+12,1.7631E+12,,,,,,,,,,,,,,,
g1_online_only,LEO_ONLY,24,0.1,400,2,196,ok,,0,1,75.921875,2011,5,10.393,0.07,10.686,10.659791,887,707,417,2011,2,2,1,5,1.7631E+12,1.7631E+12,,,,,,,,,,,,,,,
g1_online_only,LEO_ONLY,24,0.1,400,2,197,ok,,0,1,74.003292,2015,5,10.391,0.068,10.59,10.568209,888,709,418,2015,2,2,1,5,1.7631E+12,1.7631E+12,,,,,,,,,,,,,,,
g1_online_only,LEO_ONLY,24,0.1,400,2,198,ok,,0,1,75.501375,2015,5,10.549,0.068,10.526,10.511,888,708,419,2015,2,2,1,5,1.7631E+12,1.7631E+12,,,,,,,,,,,,,,,
g1_online_only,LEO_ONLY,24,0.1,400,2,199,ok,,0,1,70.810041,2012,5,10.275,0.068,10.552,10.531417,887,707,418,2012,2,2,1,5,1.7631E+12,1.7631E+12,,,,,,,,,,,,,,,
g1_online_only,LEO_ONLY,24,0.1,400,2,200,ok,,0,1,71.645459,2014,5,10.465,0.068,10.439,10.415417,888,708,418,2014,2,2,1,5,1.7631E+12,1.7631E+12,,,,,,,,,,,,,,,
g1_online_only,LEO_ONLY,24,0.1,400,2,201,ok,,0,1,74.544041,2014,5,10.509,0.058,10.808,10.785667,888,708,418,2014,2,2,1,5,1.7631E+12,1.7631E+12,,,,,,,,,,,,,,,
g1_online_only,LEO_ONLY,24,0.1,400,2,202,ok,,0,1,78.36125,2012,5,10.518,0.07,10.882,10.855541,887,708,417,2012,2,2,1,5,1.7631E+12,1.7631E+12,,,,,,,,,,,,,,,
g1_online_only,LEO_ONLY,24,0.1,400,2,203,ok,,0,1,77.514417,2015,5,10.635,0.061,10.553,10.531292,889,708,418,2015,2,2,1,5,1.7631E+12,1.7631E+12,,,,,,,,,,,,,,,
g1_online_only,LEO_ONLY,24,0.1,400,2,204,ok,,0,1,70.547792,2015,5,10.416,0.072,10.424,10.398833,888,709,418,2015,2,2,1,5,1.7631E+12,1.7631E+12,,,,,,,,,,,,,,,
g1_online_only,LEO_ONLY,24,0.1,400,2,205,ok,,0,1,70.613917,2018,5,10.409,0.062,10.676,10.65375,890,709,419,2018,2,2,1,5,1.7631E+12,1.7631E+12,,,,,,,,,,,,,,,
g1_online_only,LEO_ONLY,24,0.1,400,2,206,ok,,0,1,72.803834,2011,5,10.439,0.06,10.378,10.356583,887,708,416,2011,2,2,1,5,1.7631E+12,1.7631E+12,,,,,,,,,,,,,,,
g1_online_only,LEO_ONLY,24,0.1,400,2,207,ok,,0,1,73.913875,2015,5,10.612,0.068,10.313,10.287708,888,709,418,2015,2,2,1,5,1.7631E+12,1.7631E+12,,,,,,,,,,,,,,,
g1_online_only,LEO_ONLY,24,0.1,400,2,208,ok,,0,1,74.238875,2012,5,10.596,0.077,10.576,10.554375,887,707,418,2012,2,2,1,5,1.7631E+12,1.7631E+12,,,,,,,,,,,,,,,
g1_online_only,LEO_ONLY,24,0.1,400,2,209,ok,,0,1,79.38925,2017,5,10.602,0.06,10.697,10.679584,889,709,419,2017,2,2,1,5,1.7631E+12,1.7631E+12,,,,,,,,,,,,,,,
g1_online_only,LEO_ONLY,24,0.1,400,2,210,ok,,0,1,79.05350001,2013,5,10.732,0.073,10.663,10.646083,887,708,418,2013,2,2,1,5,1.7631E+12,1.7631E+12,,,,,,,,,,,,,,,
g1_online_only,LEO_ONLY,24,0.1,400,2,211,ok,,0,1,79.357,2017,5,10.307,0.064,10.91,10.888875,889,709,419,2017,2,2,1,5,1.7631E+12,1.7631E+12,,,,,,,,,,,,,,,
g1_online_only,LEO_ONLY,24,0.1,400,2,212,ok,,0,1,74.901042,2013,5,10.664,0.069,10.464,10.441417,887,708,418,2013,2,2,1,5,1.7631E+12,1.7631E+12,,,,,,,,,,,,,,,
g1_online_only,LEO_ONLY,24,0.1,400,2,213,ok,,0,1,70.425166,2013,5,10.285,0.058,10.456,10.43354101,887,709,417,2013,2,2,1,5,1.7631E+12,1.7631E+12,,,,,,,,,,,,,,,
g1_online_only,LEO_ONLY,24,0.1,400,2,214,ok,,0,1,72.494708,2017,5,10.534,0.074,10.337,10.311833,889,709,419,2017,2,2,1,5,1.7631E+12,1.7631E+12,,,,,,,,,,,,,,,
g1_online_only,LEO_ONLY,24,0.1,400,2,215,ok,,0,1,70.36975001,2017,5,10.324,0.072,10.364,10.340292,889,709,419,2017,2,2,1,5,1.7631E+12,1.7631E+12,,,,,,,,,,,,,,,
g1_online_only,LEO_ONLY,24,0.1,400,2,216,ok,,0,1,72.786875,2014,5,10.553,0.086,10.795,10.80412501,888,708,418,2014,2,2,1,5,1.7631E+12,1.7631E+12,,,,,,,,,,,,,,,
g1_online_only,LEO_ONLY,24,0.1,400,2,217,ok,,0,1,72.2555,2017,5,10.975,0.068,10.665,10.645292,889,709,419,2017,2,2,1,5,1.7631E+12,1.7631E+12,,,,,,,,,,,,,,,
g1_online_only,LEO_ONLY,24,0.1,400,2,218,ok,,0,1,76.012625,2017,5,10.573,0.069,10.622,10.601792,889,709,419,2017,2,2,1,5,1.7631E+12,1.7631E+12,,,,,,,,,,,,,,,
g1_online_only,LEO_ONLY,24,0.1,400,2,219,ok,,0,1,74.649292,2008,5,10.601,0.066,10.62,10.597834,885,707,416,2008,2,2,1,5,1.7631E+12,1.7631E+12,,,,,,,,,,,,,,,
g1_online_only,LEO_ONLY,24,0.1,400,2,220,ok,,0,1,73.941542,2016,5,10.512,0.065,10.629,10.598625,888,709,419,2016,2,2,1,5,1.7631E+12,1.7631E+12,,,,,,,,,,,,,,,
g1_online_only,LEO_ONLY,24,0.1,400,2,221,ok,,0,1,73.42775,2009,5,10.454,0.067,10.542,10.52,885,707,417,2009,2,2,1,5,1.7631E+12,1.7631E+12,,,,,,,,,,,,,,,
g1_online_only,LEO_ONLY,24,0.1,400,2,222,ok,,0,1,79.32225,2010,5,10.672,0.064,10.594,10.568667,886,707,417,2010,2,2,1,5,1.7631E+12,1.7631E+12,,,,,,,,,,,,,,,
g1_online_only,LEO_ONLY,24,0.1,400,2,223,ok,,0,1,77.165958,2014,5,10.655,0.069,10.806,10.784916,888,708,418,2014,2,2,1,5,1.7631E+12,1.7631E+12,,,,,,,,,,,,,,,
g1_online_only,LEO_ONLY,24,0.1,400,2,224,ok,,0,1,71.11679199,2012,5,10.317,0.068,10.313,10.29733301,887,707,418,2012,2,2,1,5,1.7631E+12,1.7631E+12,,,,,,,,,,,,,,,
g1_online_only,LEO_ONLY,24,0.1,400,2,225,ok,,0,1,70.3075,2015,5,10.152,0.059,10.529,10.507709,888,709,418,2015,2,2,1,5,1.7631E+12,1.7631E+12,,,,,,,,,,,,,,,
g1_online_only,LEO_ONLY,24,0.1,400,2,226,ok,,0,1,71.043584,2016,5,10.362,0.065,10.605,10.584125,888,709,419,2016,2,2,1,5,1.7631E+12,1.7631E+12,,,,,,,,,,,,,,,
g1_online_only,LEO_ONLY,24,0.1,400,2,227,ok,,0,1,76.631792,2014,5,10.575,0.069,10.327,10.305458,887,709,418,2014,2,2,1,5,1.7631E+12,1.7631E+12,,,,,,,,,,,,,,,
g1_online_only,LEO_ONLY,24,0.1,400,2,228,ok,,0,1,75.1955,2017,5,10.577,0.086,10.773,10.73383301,889,709,419,2017,2,2,1,5,1.7631E+12,1.7631E+12,,,,,,,,,,,,,,,
g1_online_only,LEO_ONLY,24,0.1,400,2,229,ok,,0,1,72.887458,2013,5,10.289,0.097,10.389,10.361917,887,708,418,2013,2,2,1,5,1.7631E+12,1.7631E+12,,,,,,,,,,,,,,,
g1_online_only,LEO_ONLY,24,0.1,400,2,230,ok,,0,1,79.29475,2015,5,10.725,0.1,10.859,10.796667,888,708,419,2015,2,2,1,5,1.7631E+12,1.7631E+12,,,,,,,,,,,,,,,
g1_online_only,LEO_ONLY,24,0.1,400,2,231,ok,,0,1,75.279833,2012,5,10.661,0.07,10.456,10.439458,886,708,418,2012,2,2,1,5,1.7631E+12,1.7631E+12,,,,,,,,,,,,,,,
g1_online_only,LEO_ONLY,24,0.1,400,2,232,ok,,0,1,78.6455,2017,5,10.749,0.074,10.608,10.58125,889,709,419,2017,2,2,1,5,1.7631E+12,1.7631E+12,,,,,,,,,,,,,,,
g1_online_only,LEO_ONLY,24,0.1,400,2,233,ok,,0,1,71.14395899,2012,5,10.281,0.068,10.694,10.669417,887,708,417,2012,2,2,1,5,1.7631E+12,1.7631E+12,,,,,,,,,,,,,,,
g1_online_only,LEO_ONLY,24,0.1,400,2,234,ok,,0,1,74.023416,2012,5,10.321,0.078,10.763,10.735917,887,708,417,2012,2,2,1,5,1.7631E+12,1.7631E+12,,,,,,,,,,,,,,,
g1_online_only,LEO_ONLY,24,0.1,400,2,235,ok,,0,1,79.852375,2013,5,11.025,0.077,10.573,10.54575,887,708,418,2013,2,2,1,5,1.7631E+12,1.7631E+12,,,,,,,,,,,,,,,
g1_online_only,LEO_ONLY,24,0.1,400,2,236,ok,,0,1,74.597292,2013,5,10.434,0.07,10.796,10.774458,886,708,419,2013,2,2,1,5,1.7631E+12,1.7631E+12,,,,,,,,,,,,,,,
g1_online_only,LEO_ONLY,24,0.1,400,2,237,ok,,0,1,69.638708,2017,5,10.478,0.07,10.566,10.544708,889,709,419,2017,2,2,1,5,1.7631E+12,1.7631E+12,,,,,,,,,,,,,,,
g1_online_only,LEO_ONLY,24,0.1,400,2,238,ok,,0,1,76.34358299,2014,5,14.401,0.209,11.167,11.149833,887,708,419,2014,2,2,1,5,1.7631E+12,1.7631E+12,,,,,,,,,,,,,,,
g1_online_only,LEO_ONLY,24,0.1,400,2,239,ok,,0,1,109.2595,2006,5,22.731,0.091,21.424,21.400667,884,707,415,2006,2,2,1,5,1.7631E+12,1.7631E+12,,,,,,,,,,,,,,,
g1_online_only,LEO_ONLY,24,0.1,400,2,240,ok,,0,1,72.631542,2015,5,10.166,0.073,10.503,10.479542,888,709,418,2015,2,2,1,5,1.7631E+12,1.7631E+12,,,,,,,,,,,,,,,
g1_online_only,LEO_ONLY,24,0.1,400,2,241,ok,,0,1,74.814084,2015,5,10.913,0.066,10.835,10.8115,888,708,419,2015,2,2,1,5,1.7631E+12,1.7631E+12,,,,,,,,,,,,,,,
g1_online_only,LEO_ONLY,24,0.1,400,2,242,ok,,0,1,76.06745799,2012,5,10.724,0.073,10.487,10.459291,887,708,417,2012,2,2,1,5,1.7631E+12,1.7631E+12,,,,,,,,,,,,,,,
g1_online_only,LEO_ONLY,24,0.1,400,2,243,ok,,0,1,76.197459,2011,5,10.294,0.065,10.609,10.586583,886,707,418,2011,2,2,1,5,1.7631E+12,1.7631E+12,,,,,,,,,,,,,,,
g1_online_only,LEO_ONLY,24,0.1,400,2,244,ok,,0,1,73.288833,2015,5,10.461,0.068,10.678,10.656459,888,708,419,2015,2,2,1,5,1.7631E+12,1.7631E+12,,,,,,,,,,,,,,,
g1_online_only,LEO_ONLY,24,0.1,400,2,245,ok,,0,1,69.687417,2012,5,10.321,0.07,10.29,10.267208,886,708,418,2012,2,2,1,5,1.7631E+12,1.7631E+12,,,,,,,,,,,,,,,
g1_online_only,LEO_ONLY,24,0.1,400,2,246,ok,,0,1,74.020084,2014,5,11.171,0.058,10.527,10.505459,888,708,418,2014,2,2,1,5,1.7631E+12,1.7631E+12,,,,,,,,,,,,,,,
g1_online_only,LEO_ONLY,24,0.1,400,2,247,ok,,0,1,81.83554201,2010,5,10.826,0.076,10.863,10.834958,886,707,417,2010,2,2,1,5,1.7631E+12,1.7631E+12,,,,,,,,,,,,,,,
g1_online_only,LEO_ONLY,24,0.1,400,2,248,ok,,0,1,73.065458,2016,5,10.63,0.066,10.709,10.688125,888,709,419,2016,2,2,1,5,1.7631E+12,1.7631E+12,,,,,,,,,,,,,,,
g1_online_only,LEO_ONLY,24,0.1,400,2,249,ok,,0,1,70.498666,2017,5,10.537,0.067,10.398,10.377417,889,709,419,2017,2,2,1,5,1.7631E+12,1.7631E+12,,,,,,,,,,,,,,,
g1_online_only,LEO_ONLY,24,0.1,400,2,250,ok,,0,1,73.14675,2017,5,10.589,0.071,10.523,10.496917,889,709,419,2017,2,2,1,5,1.7631E+12,1.7631E+12,,,,,,,,,,,,,,,
g1_online_only,LEO_ONLY,24,0.1,400,2,251,ok,,0,1,76.428125,2014,5,10.499,0.063,10.358,10.331875,888,708,418,2014,2,2,1,5,1.7631E+12,1.7631E+12,,,,,,,,,,,,,,,
g1_online_only,LEO_ONLY,24,0.1,400,2,252,ok,,0,1,70.428292,2016,5,10.338,0.071,10.438,10.414958,888,709,419,2016,2,2,1,5,1.7631E+12,1.7631E+12,,,,,,,,,,,,,,,
g1_online_only,LEO_ONLY,24,0.1,400,2,253,ok,,0,1,71.299458,2016,5,10.663,0.064,10.548,10.526625,888,709,419,2016,2,2,1,5,1.7631E+12,1.7631E+12,,,,,,,,,,,,,,,
g1_online_only,LEO_ONLY,24,0.1,400,2,254,ok,,0,1,74.125375,2014,5,10.414,0.082,10.855,10.848459,888,708,418,2014,2,2,1,5,1.7631E+12,1.7631E+12,,,,,,,,,,,,,,,
g1_online_only,LEO_ONLY,24,0.1,400,2,255,ok,,0,1,72.249958,2013,5,10.321,0.062,10.454,10.433667,888,707,418,2013,2,2,1,5,1.7631E+12,1.7631E+12,,,,,,,,,,,,,,,
g1_online_only,LEO_ONLY,24,0.1,400,2,256,ok,,0,1,74.899625,2010,5,10.388,0.064,10.621,10.599834,886,707,417,2010,2,2,1,5,1.7631E+12,1.7631E+12,,,,,,,,,,,,,,,
g1_online_only,LEO_ONLY,24,0.1,400,2,257,ok,,0,1,78.165459,2014,5,10.728,0.07,10.65,10.626333,888,708,418,2014,2,2,1,5,1.7631E+12,1.7631E+12,,,,,,,,,,,,,,,
g1_online_only,LEO_ONLY,24,0.1,400,2,258,ok,,0,1,70.751084,2014,5,10.087,0.07,10.506,10.48275,888,708,418,2014,2,2,1,5,1.7631E+12,1.7631E+12,,,,,,,,,,,,,,,
g1_online_only,LEO_ONLY,24,0.1,400,2,259,ok,,0,1,76.19170799,2012,5,10.515,0.071,10.703,10.6795,887,708,417,2012,2,2,1,5,1.7631E+12,1.7631E+12,,,,,,,,,,,,,,,
g1_online_only,LEO_ONLY,24,0.1,400,2,260,ok,,0,1,74.240542,2012,5,10.265,0.069,10.585,10.560666,887,708,417,2012,2,2,1,5,1.7631E+12,1.7631E+12,,,,,,,,,,,,,,,
g1_online_only,LEO_ONLY,24,0.1,400,2,261,ok,,0,1,68.25729201,2015,5,10.277,0.07,10.356,10.33249999,888,708,419,2015,2,2,1,5,1.7631E+12,1.7631E+12,,,,,,,,,,,,,,,
g1_online_only,LEO_ONLY,24,0.1,400,2,262,ok,,0,1,78.274834,2012,5,10.598,0.062,10.828,10.805208,888,707,417,2012,2,2,1,5,1.7631E+12,1.7631E+12,,,,,,,,,,,,,,,
g1_online_only,LEO_ONLY,24,0.1,400,2,263,ok,,0,1,71.046583,2014,5,10.334,0.067,10.531,10.509041,887,708,419,2014,2,2,1,5,1.7631E+12,1.7631E+12,,,,,,,,,,,,,,,
g1_online_only,LEO_ONLY,24,0.1,400,2,264,ok,,0,1,73.431834,2012,5,10.459,0.066,10.739,10.717792,887,707,418,2012,2,2,1,5,1.7631E+12,1.7631E+12,,,,,,,,,,,,,,,
g1_online_only,LEO_ONLY,24,0.1,400,2,265,ok,,0,1,75.234708,2016,5,10.626,0.071,10.715,10.690542,888,709,419,2016,2,2,1,5,1.7631E+12,1.7631E+12,,,,,,,,,,,,,,,
g1_online_only,LEO_ONLY,24,0.1,400,2,266,ok,,0,1,71.49116699,2011,5,11.81,0.186,11.079,11.03383301,886,708,417,2011,2,2,1,5,1.7631E+12,1.7631E+12,,,,,,,,,,,,,,,
g1_online_only,LEO_ONLY,24,0.1,400,2,267,ok,,0,1,75.26370799,2015,5,10.627,0.06,10.593,10.563917,888,708,419,2015,2,2,1,5,1.7631E+12,1.7631E+12,,,,,,,,,,,,,,,
g1_online_only,LEO_ONLY,24,0.1,400,2,268,ok,,0,1,73.1475,2010,5,10.433,0.073,10.396,10.37175,886,707,417,2010,2,2,1,5,1.7631E+12,1.7631E+12,,,,,,,,,,,,,,,
g1_online_only,LEO_ONLY,24,0.1,400,2,269,ok,,0,1,69.192375,2015,5,10.387,0.096,10.573,10.54937499,888,708,419,2015,2,2,1,5,1.7631E+12,1.7631E+12,,,,,,,,,,,,,,,
g1_online_only,LEO_ONLY,24,0.1,400,2,270,ok,,0,1,71.964334,2012,5,10.286,0.059,10.494,10.472083,887,707,418,2012,2,2,1,5,1.7631E+12,1.7631E+12,,,,,,,,,,,,,,,
g1_online_only,LEO_ONLY,24,0.1,400,2,271,ok,,0,1,64.605166,2017,5,10.119,0.068,10.386,10.365083,889,709,419,2017,2,2,1,5,1.7631E+12,1.7631E+12,,,,,,,,,,,,,,,
g1_online_only,LEO_ONLY,24,0.1,400,2,272,ok,,0,1,75.619959,2015,5,10.701,0.07,10.651,10.624083,887,709,419,2015,2,2,1,5,1.7631E+12,1.7631E+12,,,,,,,,,,,,,,,
g1_online_only,LEO_ONLY,24,0.1,400,2,273,ok,,0,1,72.200709,2015,5,10.343,0.071,10.589,10.565166,888,708,419,2015,2,2,1,5,1.7631E+12,1.7631E+12,,,,,,,,,,,,,,,
g1_online_only,LEO_ONLY,24,0.1,400,2,274,ok,,0,1,74.981875,2016,5,10.739,0.069,10.704,10.678542,888,709,419,2016,2,2,1,5,1.7631E+12,1.7631E+12,,,,,,,,,,,,,,,
g1_online_only,LEO_ONLY,24,0.1,400,2,275,ok,,0,1,80.928917,2013,5,10.338,0.061,10.817,10.795292,887,708,418,2013,2,2,1,5,1.7631E+12,1.7631E+12,,,,,,,,,,,,,,,
g1_online_only,LEO_ONLY,24,0.1,400,2,276,ok,,0,1,74.921666,2012,5,10.296,0.062,10.511,10.486375,887,707,418,2012,2,2,1,5,1.7631E+12,1.7631E+12,,,,,,,,,,,,,,,
g1_online_only,LEO_ONLY,24,0.1,400,2,277,ok,,0,1,80.398667,2015,5,10.657,0.07,10.717,10.694333,888,708,419,2015,2,2,1,5,1.7631E+12,1.7631E+12,,,,,,,,,,,,,,,
g1_online_only,LEO_ONLY,24,0.1,400,2,278,ok,,0,1,75.178917,2015,5,10.626,0.056,10.575,10.550333,888,709,418,2015,2,2,1,5,1.7631E+12,1.7631E+12,,,,,,,,,,,,,,,
g1_online_only,LEO_ONLY,24,0.1,400,2,279,ok,,0,1,70.490834,2010,5,10.251,0.056,10.716,10.693125,887,707,416,2010,2,2,1,5,1.7631E+12,1.7631E+12,,,,,,,,,,,,,,,
g1_online_only,LEO_ONLY,24,0.1,400,2,280,ok,,0,1,74.594042,2012,5,10.816,0.07,10.755,10.731583,886,708,418,2012,2,2,1,5,1.7631E+12,1.7631E+12,,,,,,,,,,,,,,,
g1_online_only,LEO_ONLY,24,0.1,400,2,281,ok,,0,1,68.378667,2013,5,10.231,0.07,10.675,10.655667,887,709,417,2013,2,2,1,5,1.7631E+12,1.7631E+12,,,,,,,,,,,,,,,
g1_online_only,LEO_ONLY,24,0.1,400,2,282,ok,,0,1,75.96225,2011,5,10.432,0.072,10.768,10.735833,886,707,418,2011,2,2,1,5,1.7631E+12,1.7631E+12,,,,,,,,,,,,,,,
g1_online_only,LEO_ONLY,24,0.1,400,2,283,ok,,0,1,76.327166,2017,5,10.232,0.064,10.481,10.460458,889,709,419,2017,2,2,1,5,1.7631E+12,1.7631E+12,,,,,,,,,,,,,,,
g1_online_only,LEO_ONLY,24,0.1,400,2,284,ok,,0,1,72.609959,2011,5,10.605,0.08,10.799,10.787166,887,707,417,2011,2,2,1,5,1.7631E+12,1.7631E+12,,,,,,,,,,,,,,,
g1_online_only,LEO_ONLY,24,0.1,400,2,285,ok,,0,1,73.30425,2012,5,10.163,0.069,10.39,10.368375,887,707,418,2012,2,2,1,5,1.7631E+12,1.7631E+12,,,,,,,,,,,,,,,
g1_online_only,LEO_ONLY,24,0.1,400,2,286,ok,,0,1,71.909291,2008,5,10.744,0.072,10.389,10.3675,884,707,417,2008,2,2,1,5,1.7631E+12,1.7631E+12,,,,,,,,,,,,,,,
g1_online_only,LEO_ONLY,24,0.1,400,2,287,ok,,0,1,75.498833,2015,5,10.457,0.069,10.541,10.517167,888,708,419,2015,2,2,1,5,1.7631E+12,1.7631E+12,,,,,,,,,,,,,,,
g1_online_only,LEO_ONLY,24,0.1,400,2,288,ok,,0,1,72.792916,2017,5,10.353,0.07,10.428,10.405417,889,709,419,2017,2,2,1,5,1.7631E+12,1.7631E+12,,,,,,,,,,,,,,,
g1_online_only,LEO_ONLY,24,0.1,400,2,289,ok,,0,1,76.174667,2012,5,10.669,0.068,10.801,10.775208,887,707,418,2012,2,2,1,5,1.7631E+12,1.7631E+12,,,,,,,,,,,,,,,
g1_online_only,LEO_ONLY,24,0.1,400,2,290,ok,,0,1,80.489167,2010,5,10.882,0.063,10.589,10.569083,886,707,417,2010,2,2,1,5,1.7631E+12,1.7631E+12,,,,,,,,,,,,,,,
g1_online_only,LEO_ONLY,24,0.1,400,2,291,ok,,0,1,72.988209,2015,5,10.372,0.074,10.51,10.484792,888,708,419,2015,2,2,1,5,1.7631E+12,1.7631E+12,,,,,,,,,,,,,,,
g1_online_only,LEO_ONLY,24,0.1,400,2,292,ok,,0,1,69.627625,2015,5,10.361,0.075,10.485,10.46137499,888,708,419,2015,2,2,1,5,1.7631E+12,1.7631E+12,,,,,,,,,,,,,,,
g1_online_only,LEO_ONLY,24,0.1,400,2,293,ok,,0,1,70.759,2014,5,10.351,0.06,10.468,10.44762501,888,709,417,2014,2,2,1,5,1.7631E+12,1.7631E+12,,,,,,,,,,,,,,,
g1_online_only,LEO_ONLY,24,0.1,400,2,294,ok,,0,1,74.936583,2017,5,10.743,0.076,10.671,10.65525,889,709,419,2017,2,2,1,5,1.7631E+12,1.7631E+12,,,,,,,,,,,,,,,
g1_online_only,LEO_ONLY,24,0.1,400,2,295,ok,,0,1,76.910584,2011,5,10.434,0.06,10.886,10.859708,887,707,417,2011,2,2,1,5,1.7631E+12,1.7631E+12,,,,,,,,,,,,,,,
g1_online_only,LEO_ONLY,24,0.1,400,2,296,ok,,0,1,72.25337499,2014,5,10.43,0.068,10.577,10.55087501,888,708,418,2014,2,2,1,5,1.7631E+12,1.7631E+12,,,,,,,,,,,,,,,
g1_online_only,LEO_ONLY,24,0.1,400,2,297,ok,,0,1,75.78495899,2012,5,10.651,0.07,10.341,10.319709,886,708,418,2012,2,2,1,5,1.7631E+12,1.7631E+12,,,,,,,,,,,,,,,
g1_online_only,LEO_ONLY,24,0.1,400,2,298,ok,,0,1,77.800833,2015,5,10.321,0.074,10.715,10.69375,888,708,419,2015,2,2,1,5,1.7631E+12,1.7631E+12,,,,,,,,,,,,,,,
g1_online_only,LEO_ONLY,24,0.1,400,2,299,ok,,0,1,75.568334,2012,5,10.726,0.07,10.521,10.49875,886,708,418,2012,2,2,1,5,1.7631E+12,1.7631E+12,,,,,,,,,,,,,,,
g1_online_only,LEO_ONLY,24,0.1,400,2,300,ok,,0,1,82.40025,2013,5,10.968,0.071,10.818,10.794583,887,708,418,2013,2,2,1,5,1.7631E+12,1.7631E+12,,,,,,,,,,,,,,,
g1_online_only,LEO_ONLY,24,0.1,600,2,1,ok,,0,1,68.157416,2014,5,10.083,0.098,10.339,10.291,888,708,418,2014,2,2,1,5,1.7631E+12,1.7631E+12,,,,,,,,,,,,,,,
g1_online_only,LEO_ONLY,24,0.1,600,2,2,ok,,0,1,71.691,2015,5,10.641,0.068,10.755,10.73395801,888,709,418,2015,2,2,1,5,1.7631E+12,1.7631E+12,,,,,,,,,,,,,,,
g1_online_only,LEO_ONLY,24,0.1,600,2,3,ok,,0,1,73.14762499,2017,5,10.371,0.067,10.636,10.619584,889,709,419,2017,2,2,1,5,1.7631E+12,1.7631E+12,,,,,,,,,,,,,,,
g1_online_only,LEO_ONLY,24,0.1,600,2,4,ok,,0,1,71.97025,2010,5,10.365,0.074,10.462,10.436583,886,708,416,2010,2,2,1,5,1.7631E+12,1.7631E+12,,,,,,,,,,,,,,,
g1_online_only,LEO_ONLY,24,0.1,600,2,5,ok,,0,1,76.77974999,2010,5,10.68,0.057,10.656,10.63275,886,707,417,2010,2,2,1,5,1.7631E+12,1.7631E+12,,,,,,,,,,,,,,,
g1_online_only,LEO_ONLY,24,0.1,600,2,6,ok,,0,1,67.938166,2012,5,10.47,0.069,10.46,10.438,886,708,418,2012,2,2,1,5,1.7631E+12,1.7631E+12,,,,,,,,,,,,,,,
g1_online_only,LEO_ONLY,24,0.1,600,2,7,ok,,0,1,68.026625,2015,5,10.509,0.075,10.449,10.42887499,888,708,419,2015,2,2,1,5,1.7631E+12,1.7631E+12,,,,,,,,,,,,,,,
g1_online_only,LEO_ONLY,24,0.1,600,2,8,ok,,0,1,71.114292,2015,5,10.236,0.068,10.514,10.491375,888,708,419,2015,2,2,1,5,1.7631E+12,1.7631E+12,,,,,,,,,,,,,,,
g1_online_only,LEO_ONLY,24,0.1,600,2,9,ok,,0,1,80.660791,2011,5,10.719,0.061,10.823,10.804417,886,708,417,2011,2,2,1,5,1.7631E+12,1.7631E+12,,,,,,,,,,,,,,,
g1_online_only,LEO_ONLY,24,0.1,600,2,10,ok,,0,1,82.072,2011,5,10.414,0.131,10.326,10.291375,886,707,418,2011,2,2,1,5,1.7631E+12,1.7631E+12,,,,,,,,,,,,,,,
g1_online_only,LEO_ONLY,24,0.1,600,2,11,ok,,0,1,77.347542,2013,5,10.468,0.071,10.516,10.492791,887,708,418,2013,2,2,1,5,1.7631E+12,1.7631E+12,,,,,,,,,,,,,,,
g1_online_only,LEO_ONLY,24,0.1,600,2,12,ok,,0,1,77.422708,2010,5,10.372,0.069,10.804,10.784125,886,708,416,2010,2,2,1,5,1.7631E+12,1.7631E+12,,,,,,,,,,,,,,,
g1_online_only,LEO_ONLY,24,0.1,600,2,13,ok,,0,1,72.111375,2017,5,10.672,0.071,10.514,10.49075,889,709,419,2017,2,2,1,5,1.7631E+12,1.7631E+12,,,,,,,,,,,,,,,
g1_online_only,LEO_ONLY,24,0.1,600,2,14,ok,,0,1,69.705083,2012,5,10.324,0.07,10.646,10.62391701,887,708,417,2012,2,2,1,5,1.7631E+12,1.7631E+12,,,,,,,,,,,,,,,
g1_online_only,LEO_ONLY,24,0.1,600,2,15,ok,,0,1,71.906417,2015,5,10.464,0.073,10.647,10.62437501,888,708,419,2015,2,2,1,5,1.7631E+12,1.7631E+12,,,,,,,,,,,,,,,
g1_online_only,LEO_ONLY,24,0.1,600,2,16,ok,,0,1,71.95999999,2015,5,10.368,0.067,10.587,10.563292,888,709,418,2015,2,2,1,5,1.7631E+12,1.7631E+12,,,,,,,,,,,,,,,
g1_online_only,LEO_ONLY,24,0.1,600,2,17,ok,,0,1,77.299042,2015,5,10.562,0.076,10.493,10.467958,888,708,419,2015,2,2,1,5,1.7631E+12,1.7631E+12,,,,,,,,,,,,,,,
g1_online_only,LEO_ONLY,24,0.1,600,2,18,ok,,0,1,72.72675,2017,5,10.524,0.075,10.689,10.660583,889,709,419,2017,2,2,1,5,1.7631E+12,1.7631E+12,,,,,,,,,,,,,,,
g1_online_only,LEO_ONLY,24,0.1,600,2,19,ok,,0,1,74.506417,2015,5,10.52,0.071,10.531,10.50883401,888,708,419,2015,2,2,1,5,1.7631E+12,1.7631E+12,,,,,,,,,,,,,,,
g1_online_only,LEO_ONLY,24,0.1,600,2,20,ok,,0,1,80.287333,2017,5,10.842,0.073,11.01,10.984167,889,709,419,2017,2,2,1,5,1.7631E+12,1.7631E+12,,,,,,,,,,,,,,,
g1_online_only,LEO_ONLY,24,0.1,600,2,21,ok,,0,1,78.531625,2014,5,10.767,0.066,10.763,10.743333,888,708,418,2014,2,2,1,5,1.7631E+12,1.7631E+12,,,,,,,,,,,,,,,
g1_online_only,LEO_ONLY,24,0.1,600,2,22,ok,,0,1,75.20941699,2015,5,10.767,0.069,10.53,10.506833,888,708,419,2015,2,2,1,5,1.7631E+12,1.7631E+12,,,,,,,,,,,,,,,
g1_online_only,LEO_ONLY,24,0.1,600,2,23,ok,,0,1,77.446,2012,5,12.203,0.149,12.749,12.74041701,887,707,418,2012,2,2,1,5,1.7631E+12,1.7631E+12,,,,,,,,,,,,,,,
g1_online_only,LEO_ONLY,24,0.1,600,2,24,ok,,0,1,77.790542,2016,5,10.764,0.067,10.544,10.524375,888,709,419,2016,2,2,1,5,1.7631E+12,1.7631E+12,,,,,,,,,,,,,,,
g1_online_only,LEO_ONLY,24,0.1,600,2,25,ok,,0,1,70.930417,2014,5,10.172,0.077,10.527,10.485209,888,708,418,2014,2,2,1,5,1.7631E+12,1.7631E+12,,,,,,,,,,,,,,,
g1_online_only,LEO_ONLY,24,0.1,600,2,26,ok,,0,1,74.005292,2011,5,10.518,0.07,10.468,10.443125,886,708,417,2011,2,2,1,5,1.7631E+12,1.7631E+12,,,,,,,,,,,,,,,
g1_online_only,LEO_ONLY,24,0.1,600,2,27,ok,,0,1,69.498709,2017,5,10.241,0.068,10.455,10.432125,889,709,419,2017,2,2,1,5,1.7631E+12,1.7631E+12,,,,,,,,,,,,,,,
g1_online_only,LEO_ONLY,24,0.1,600,2,28,ok,,0,1,77.864042,2015,5,10.322,0.076,10.361,10.334583,888,709,418,2015,2,2,1,5,1.7631E+12,1.7631E+12,,,,,,,,,,,,,,,
g1_online_only,LEO_ONLY,24,0.1,600,2,29,ok,,0,1,74.017167,2015,5,11.195,0.069,10.723,10.700459,888,708,419,2015,2,2,1,5,1.7631E+12,1.7631E+12,,,,,,,,,,,,,,,
g1_online_only,LEO_ONLY,24,0.1,600,2,30,ok,,0,1,67.715708,2011,5,10.254,0.068,10.563,10.542958,887,707,417,2011,2,2,1,5,1.7631E+12,1.7631E+12,,,,,,,,,,,,,,,
g1_online_only,LEO_ONLY,24,0.1,600,2,31,ok,,0,1,72.441916,2012,5,10.417,0.064,10.545,10.523958,887,708,417,2012,2,2,1,5,1.7631E+12,1.7631E+12,,,,,,,,,,,,,,,
g1_online_only,LEO_ONLY,24,0.1,600,2,32,ok,,0,1,75.66875,2011,5,10.876,0.067,10.925,10.9025,886,708,417,2011,2,2,1,5,1.7631E+12,1.7631E+12,,,,,,,,,,,,,,,
g1_online_only,LEO_ONLY,24,0.1,600,2,33,ok,,0,1,70.510666,2013,5,10.481,0.071,10.596,10.572583,887,708,418,2013,2,2,1,5,1.7631E+12,1.7631E+12,,,,,,,,,,,,,,,
g1_online_only,LEO_ONLY,24,0.1,600,2,34,ok,,0,1,70.574625,2012,5,10.436,0.063,10.553,10.52725,887,708,417,2012,2,2,1,5,1.7631E+12,1.7631E+12,,,,,,,,,,,,,,,
g1_online_only,LEO_ONLY,24,0.1,600,2,35,ok,,0,1,71.047917,2014,5,10.373,0.073,10.463,10.438792,888,708,418,2014,2,2,1,5,1.7631E+12,1.7631E+12,,,,,,,,,,,,,,,
g1_online_only,LEO_ONLY,24,0.1,600,2,36,ok,,0,1,72.029833,2013,5,10.435,0.104,10.538,10.50925,887,708,418,2013,2,2,1,5,1.7631E+12,1.7631E+12,,,,,,,,,,,,,,,
g1_online_only,LEO_ONLY,24,0.1,600,2,37,ok,,0,1,71.29550001,2012,5,10.447,0.077,10.34,10.317833,887,707,418,2012,2,2,1,5,1.7631E+12,1.7631E+12,,,,,,,,,,,,,,,
g1_online_only,LEO_ONLY,24,0.1,600,2,38,ok,,0,1,74.227167,2015,5,10.628,0.068,10.705,10.682917,888,709,418,2015,2,2,1,5,1.7631E+12,1.7631E+12,,,,,,,,,,,,,,,
g1_online_only,LEO_ONLY,24,0.1,600,2,39,ok,,0,1,69.589625,2012,5,10.265,0.059,10.359,10.338,887,708,417,2012,2,2,1,5,1.7631E+12,1.7631E+12,,,,,,,,,,,,,,,
g1_online_only,LEO_ONLY,24,0.1,600,2,40,ok,,0,1,75.258417,2012,5,10.301,0.065,10.7,10.67937499,886,709,417,2012,2,2,1,5,1.7631E+12,1.7631E+12,,,,,,,,,,,,,,,
g1_online_only,LEO_ONLY,24,0.1,600,2,41,ok,,0,1,73.20850001,2015,5,10.758,0.096,10.715,10.721292,888,709,418,2015,2,2,1,5,1.7631E+12,1.7631E+12,,,,,,,,,,,,,,,
g1_online_only,LEO_ONLY,24,0.1,600,2,42,ok,,0,1,74.36920801,2016,5,10.517,0.058,10.754,10.732292,888,709,419,2016,2,2,1,5,1.7631E+12,1.7631E+12,,,,,,,,,,,,,,,
g1_online_only,LEO_ONLY,24,0.1,600,2,43,ok,,0,1,73.205,2012,5,10.492,0.06,10.856,10.831458,887,707,418,2012,2,2,1,5,1.7631E+12,1.7631E+12,,,,,,,,,,,,,,,
g1_online_only,LEO_ONLY,24,0.1,600,2,44,ok,,0,1,71.272958,2012,5,10.43,0.064,10.451,10.429375,887,708,417,2012,2,2,1,5,1.7631E+12,1.7631E+12,,,,,,,,,,,,,,,
g1_online_only,LEO_ONLY,24,0.1,600,2,45,ok,,0,1,73.949959,2013,5,10.383,0.062,10.513,10.49204201,888,708,417,2013,2,2,1,5,1.7631E+12,1.7631E+12,,,,,,,,,,,,,,,
g1_online_only,LEO_ONLY,24,0.1,600,2,46,ok,,0,1,73.096916,2011,5,10.363,0.064,10.567,10.541542,886,708,417,2011,2,2,1,5,1.7631E+12,1.7631E+12,,,,,,,,,,,,,,,
g1_online_only,LEO_ONLY,24,0.1,600,2,47,ok,,0,1,72.220166,2017,5,10.34,0.076,10.645,10.620625,889,709,419,2017,2,2,1,5,1.7631E+12,1.7631E+12,,,,,,,,,,,,,,,
g1_online_only,LEO_ONLY,24,0.1,600,2,48,ok,,0,1,69.965042,2014,5,10.113,0.071,10.712,10.688208,888,708,418,2014,2,2,1,5,1.7631E+12,1.7631E+12,,,,,,,,,,,,,,,
g1_online_only,LEO_ONLY,24,0.1,600,2,49,ok,,0,1,75.97675,2015,5,10.64,0.068,10.554,10.531834,888,709,418,2015,2,2,1,5,1.7631E+12,1.7631E+12,,,,,,,,,,,,,,,
g1_online_only,LEO_ONLY,24,0.1,600,2,50,ok,,0,1,75.985458,2013,5,10.41,0.069,10.723,10.69845899,887,708,418,2013,2,2,1,5,1.7631E+12,1.7631E+12,,,,,,,,,,,,,,,
g1_online_only,LEO_ONLY,24,0.1,600,2,51,ok,,0,1,76.847458,2012,5,10.61,0.071,10.707,10.681708,887,707,418,2012,2,2,1,5,1.7631E+12,1.7631E+12,,,,,,,,,,,,,,,
g1_online_only,LEO_ONLY,24,0.1,600,2,52,ok,,0,1,69.568792,2013,5,10.245,0.082,10.133,10.106375,887,708,418,2013,2,2,1,5,1.7631E+12,1.7631E+12,,,,,,,,,,,,,,,
g1_online_only,LEO_ONLY,24,0.1,600,2,53,ok,,0,1,73.416209,2015,5,10.65,0.074,10.423,10.401625,888,708,419,2015,2,2,1,5,1.7631E+12,1.7631E+12,,,,,,,,,,,,,,,
g1_online_only,LEO_ONLY,24,0.1,600,2,54,ok,,0,1,74.500041,2010,5,10.348,0.073,10.307,10.287458,886,707,417,2010,2,2,1,5,1.7631E+12,1.7631E+12,,,,,,,,,,,,,,,
g1_online_only,LEO_ONLY,24,0.1,600,2,55,ok,,0,1,79.20420801,2014,5,10.598,0.069,10.964,10.942,888,708,418,2014,2,2,1,5,1.7631E+12,1.7631E+12,,,,,,,,,,,,,,,
g1_online_only,LEO_ONLY,24,0.1,600,2,56,ok,,0,1,67.972625,2012,5,10.084,0.068,10.462,10.438792,887,707,418,2012,2,2,1,5,1.7631E+12,1.7631E+12,,,,,,,,,,,,,,,
g1_online_only,LEO_ONLY,24,0.1,600,2,57,ok,,0,1,77.644959,2015,5,10.579,0.066,10.749,10.725667,888,709,418,2015,2,2,1,5,1.7631E+12,1.7631E+12,,,,,,,,,,,,,,,
g1_online_only,LEO_ONLY,24,0.1,600,2,58,ok,,0,1,75.83225,2014,5,10.566,0.074,10.732,10.707209,888,708,418,2014,2,2,1,5,1.7631E+12,1.7631E+12,,,,,,,,,,,,,,,
g1_online_only,LEO_ONLY,24,0.1,600,2,59,ok,,0,1,70.929084,2014,5,10.282,0.07,10.506,10.48525,888,708,418,2014,2,2,1,5,1.7631E+12,1.7631E+12,,,,,,,,,,,,,,,
g1_online_only,LEO_ONLY,24,0.1,600,2,60,ok,,0,1,76.183292,2014,5,11.399,0.066,10.632,10.59975,887,708,419,2014,2,2,1,5,1.7631E+12,1.7631E+12,,,,,,,,,,,,,,,
g1_online_only,LEO_ONLY,24,0.1,600,2,61,ok,,0,1,68.833041,2014,5,10.59,0.063,10.468,10.447458,888,708,418,2014,2,2,1,5,1.7631E+12,1.7631E+12,,,,,,,,,,,,,,,
g1_online_only,LEO_ONLY,24,0.1,600,2,62,ok,,0,1,75.013167,2018,5,10.724,0.062,10.884,10.862667,890,709,419,2018,2,2,1,5,1.7631E+12,1.7631E+12,,,,,,,,,,,,,,,
g1_online_only,LEO_ONLY,24,0.1,600,2,63,ok,,0,1,73.550708,2017,5,10.189,0.069,10.704,10.679125,889,709,419,2017,2,2,1,5,1.7631E+12,1.7631E+12,,,,,,,,,,,,,,,
g1_online_only,LEO_ONLY,24,0.1,600,2,64,ok,,0,1,75.634916,2012,5,10.364,0.07,10.674,10.649958,886,708,418,2012,2,2,1,5,1.7631E+12,1.7631E+12,,,,,,,,,,,,,,,
g1_online_only,LEO_ONLY,24,0.1,600,2,65,ok,,0,1,76.126333,2018,5,10.64,0.061,10.554,10.540625,890,709,419,2018,2,2,1,5,1.7631E+12,1.7631E+12,,,,,,,,,,,,,,,
g1_online_only,LEO_ONLY,24,0.1,600,2,66,ok,,0,1,74.342542,2017,5,10.358,0.068,10.731,10.70825,889,709,419,2017,2,2,1,5,1.7631E+12,1.7631E+12,,,,,,,,,,,,,,,
g1_online_only,LEO_ONLY,24,0.1,600,2,67,ok,,0,1,73.298458,2014,5,10.548,0.062,10.709,10.684708,888,708,418,2014,2,2,1,5,1.7631E+12,1.7631E+12,,,,,,,,,,,,,,,
g1_online_only,LEO_ONLY,24,0.1,600,2,68,ok,,0,1,70.703458,2010,5,10.366,0.064,10.667,10.64683301,886,707,417,2010,2,2,1,5,1.7631E+12,1.7631E+12,,,,,,,,,,,,,,,
g1_online_only,LEO_ONLY,24,0.1,600,2,69,ok,,0,1,73.727916,2015,5,10.259,0.068,10.6,10.5795,888,708,419,2015,2,2,1,5,1.7631E+12,1.7631E+12,,,,,,,,,,,,,,,
g1_online_only,LEO_ONLY,24,0.1,600,2,70,ok,,0,1,74.508708,2017,5,10.443,0.06,10.65,10.626333,889,709,419,2017,2,2,1,5,1.7631E+12,1.7631E+12,,,,,,,,,,,,,,,
g1_online_only,LEO_ONLY,24,0.1,600,2,71,ok,,0,1,71.766542,2013,5,10.462,0.076,10.426,10.404292,887,707,419,2013,2,2,1,5,1.7631E+12,1.7631E+12,,,,,,,,,,,,,,,
g1_online_only,LEO_ONLY,24,0.1,600,2,72,ok,,0,1,79.088959,2013,5,10.591,0.061,10.727,10.70562501,888,707,418,2013,2,2,1,5,1.7631E+12,1.7631E+12,,,,,,,,,,,,,,,
g1_online_only,LEO_ONLY,24,0.1,600,2,73,ok,,0,1,77.774459,2013,5,10.681,0.078,10.71,10.6895,887,708,418,2013,2,2,1,5,1.7631E+12,1.7631E+12,,,,,,,,,,,,,,,
g1_online_only,LEO_ONLY,24,0.1,600,2,74,ok,,0,1,77.653208,2016,5,10.847,0.062,10.688,10.666792,889,709,418,2016,2,2,1,5,1.7631E+12,1.7631E+12,,,,,,,,,,,,,,,
g1_online_only,LEO_ONLY,24,0.1,600,2,75,ok,,0,1,73.552917,2017,5,10.333,0.076,10.523,10.50175,889,709,419,2017,2,2,1,5,1.7631E+12,1.7631E+12,,,,,,,,,,,,,,,
g1_online_only,LEO_ONLY,24,0.1,600,2,76,ok,,0,1,77.996666,2013,5,11.01,0.07,10.645,10.619959,886,709,418,2013,2,2,1,5,1.7631E+12,1.7631E+12,,,,,,,,,,,,,,,
g1_online_only,LEO_ONLY,24,0.1,600,2,77,ok,,0,1,73.868625,2014,5,10.433,0.059,10.344,10.322208,888,708,418,2014,2,2,1,5,1.7631E+12,1.7631E+12,,,,,,,,,,,,,,,
g1_online_only,LEO_ONLY,24,0.1,600,2,78,ok,,0,1,72.431875,2012,5,10.289,0.063,10.622,10.601541,886,709,417,2012,2,2,1,5,1.7631E+12,1.7631E+12,,,,,,,,,,,,,,,
g1_online_only,LEO_ONLY,24,0.1,600,2,79,ok,,0,1,74.99375,2010,5,10.765,0.073,10.557,10.527,886,706,418,2010,2,2,1,5,1.7631E+12,1.7631E+12,,,,,,,,,,,,,,,
g1_online_only,LEO_ONLY,24,0.1,600,2,80,ok,,0,1,79.02975,2012,5,10.694,0.074,10.783,10.75783301,886,708,418,2012,2,2,1,5,1.7631E+12,1.7631E+12,,,,,,,,,,,,,,,
g1_online_only,LEO_ONLY,24,0.1,600,2,81,ok,,0,1,77.750333,2012,5,10.463,0.08,10.655,10.624208,887,707,418,2012,2,2,1,5,1.7631E+12,1.7631E+12,,,,,,,,,,,,,,,
g1_online_only,LEO_ONLY,24,0.1,600,2,82,ok,,0,1,80.469833,2015,5,18.333,0.136,11.471,11.396416,888,709,418,2015,2,2,1,5,1.7631E+12,1.7631E+12,,,,,,,,,,,,,,,
g1_online_only,LEO_ONLY,24,0.1,600,2,83,ok,,0,1,76.264583,2012,5,10.358,0.071,10.533,10.668333,887,707,418,2012,2,2,1,5,1.7631E+12,1.7631E+12,,,,,,,,,,,,,,,
g1_online_only,LEO_ONLY,24,0.1,600,2,84,ok,,0,1,74.0395,2008,5,10.344,0.068,10.629,10.601666,885,707,416,2008,2,2,1,5,1.7631E+12,1.7631E+12,,,,,,,,,,,,,,,
g1_online_only,LEO_ONLY,24,0.1,600,2,85,ok,,0,1,75.258875,2016,5,10.498,0.073,10.613,10.58904101,888,709,419,2016,2,2,1,5,1.7631E+12,1.7631E+12,,,,,,,,,,,,,,,
g1_online_only,LEO_ONLY,24,0.1,600,2,86,ok,,0,1,120.216166,2014,5,41.896,0.238,20.059,20.241333,888,708,418,2014,2,2,1,5,1.7631E+12,1.7631E+12,,,,,,,,,,,,,,,
g1_online_only,LEO_ONLY,24,0.1,600,2,87,ok,,0,1,76.62599999,2013,5,11.325,0.153,11.772,11.751459,887,707,419,2013,2,2,1,5,1.7631E+12,1.7631E+12,,,,,,,,,,,,,,,
g1_online_only,LEO_ONLY,24,0.1,600,2,88,ok,,0,1,69.653709,2015,5,10.361,0.124,10.549,10.49841601,888,709,418,2015,2,2,1,5,1.7631E+12,1.7631E+12,,,,,,,,,,,,,,,
g1_online_only,LEO_ONLY,24,0.1,600,2,89,ok,,0,1,117.605709,2017,5,13.026,0.328,13.81,13.5455,889,709,419,2017,2,2,1,5,1.7631E+12,1.7631E+12,,,,,,,,,,,,,,,
g1_online_only,LEO_ONLY,24,0.1,600,2,90,ok,,0,1,72.955375,2013,5,10.513,0.083,10.794,10.775459,887,707,419,2013,2,2,1,5,1.7631E+12,1.7631E+12,,,,,,,,,,,,,,,
g1_online_only,LEO_ONLY,24,0.1,600,2,91,ok,,0,1,77.47175,2015,5,10.791,0.075,10.65,10.624958,888,708,419,2015,2,2,1,5,1.7631E+12,1.7631E+12,,,,,,,,,,,,,,,
g1_online_only,LEO_ONLY,24,0.1,600,2,92,ok,,0,1,76.231375,2015,5,10.589,0.074,10.562,10.53225,888,709,418,2015,2,2,1,5,1.7631E+12,1.7631E+12,,,,,,,,,,,,,,,
g1_online_only,LEO_ONLY,24,0.1,600,2,93,ok,,0,1,73.089333,2015,5,10.612,0.078,10.474,10.447583,888,708,419,2015,2,2,1,5,1.7631E+12,1.7631E+12,,,,,,,,,,,,,,,
g1_online_only,LEO_ONLY,24,0.1,600,2,94,ok,,0,1,78.891083,2015,5,11.34,0.152,11.918,11.929458,888,709,418,2015,2,2,1,5,1.7631E+12,1.7631E+12,,,,,,,,,,,,,,,
g1_online_only,LEO_ONLY,24,0.1,600,2,95,ok,,0,1,70.909291,2014,5,10.672,0.115,10.925,10.885917,887,708,419,2014,2,2,1,5,1.7631E+12,1.7631E+12,,,,,,,,,,,,,,,
g1_online_only,LEO_ONLY,24,0.1,600,2,96,ok,,0,1,77.41279199,2015,5,10.809,0.115,11.074,11.059084,888,708,419,2015,2,2,1,5,1.7631E+12,1.7631E+12,,,,,,,,,,,,,,,
g1_online_only,LEO_ONLY,24,0.1,600,2,97,ok,,0,1,76.009208,2015,5,10.737,0.16,10.842,10.823667,888,708,419,2015,2,2,1,5,1.7631E+12,1.7631E+12,,,,,,,,,,,,,,,
g1_online_only,LEO_ONLY,24,0.1,600,2,98,ok,,0,1,78.022917,2013,5,11.011,0.116,11.296,11.277917,887,708,418,2013,2,2,1,5,1.7631E+12,1.7631E+12,,,,,,,,,,,,,,,
g1_online_only,LEO_ONLY,24,0.1,600,2,99,ok,,0,1,76.14387501,2017,5,10.733,0.104,10.939,10.908417,889,709,419,2017,2,2,1,5,1.7631E+12,1.7631E+12,,,,,,,,,,,,,,,
g1_online_only,LEO_ONLY,24,0.1,600,2,100,ok,,0,1,79.0145,2015,5,10.813,0.167,11.43,11.397833,888,708,419,2015,2,2,1,5,1.7631E+12,1.7631E+12,,,,,,,,,,,,,,,
g1_online_only,LEO_ONLY,24,0.1,600,2,101,ok,,0,1,78.715958,2014,5,10.785,0.175,11.281,11.233291,887,708,419,2014,2,2,1,5,1.7631E+12,1.7631E+12,,,,,,,,,,,,,,,
g1_online_only,LEO_ONLY,24,0.1,600,2,102,ok,,0,1,73.557125,2010,5,11.175,0.172,11.705,11.624209,886,707,417,2010,2,2,1,5,1.7631E+12,1.7631E+12,,,,,,,,,,,,,,,
g1_online_only,LEO_ONLY,24,0.1,600,2,103,ok,,0,1,71.43687501,2014,5,11.007,0.165,11.03,10.999834,888,708,418,2014,2,2,1,5,1.7631E+12,1.7631E+12,,,,,,,,,,,,,,,
g1_online_only,LEO_ONLY,24,0.1,600,2,104,ok,,0,1,75.033083,2013,5,11.066,0.217,11.034,10.97900001,887,709,417,2013,2,2,1,5,1.7631E+12,1.7631E+12,,,,,,,,,,,,,,,
g1_online_only,LEO_ONLY,24,0.1,600,2,105,ok,,0,1,79.927875,2013,5,12.427,0.173,11.501,11.45075,887,708,418,2013,2,2,1,5,1.7631E+12,1.7631E+12,,,,,,,,,,,,,,,
g1_online_only,LEO_ONLY,24,0.1,600,2,106,ok,,0,1,75.331792,2014,5,10.65,0.202,11.072,10.99175,887,708,419,2014,2,2,1,5,1.7631E+12,1.7631E+12,,,,,,,,,,,,,,,
g1_online_only,LEO_ONLY,24,0.1,600,2,107,ok,,0,1,72.253209,2009,5,10.922,0.175,11.029,10.969375,885,708,416,2009,2,2,1,5,1.7631E+12,1.7631E+12,,,,,,,,,,,,,,,
g1_online_only,LEO_ONLY,24,0.1,600,2,108,ok,,0,1,71.06725001,2015,5,10.542,0.695,10.644,10.62395899,887,709,419,2015,2,2,1,5,1.7631E+12,1.7631E+12,,,,,,,,,,,,,,,
g1_online_only,LEO_ONLY,24,0.1,600,2,109,ok,,0,1,79.616792,2012,5,10.529,0.151,11.018,10.996459,887,707,418,2012,2,2,1,5,1.7631E+12,1.7631E+12,,,,,,,,,,,,,,,
g1_online_only,LEO_ONLY,24,0.1,600,2,110,ok,,0,1,82.242542,2013,5,14.742,0.184,11.668,11.645708,887,707,419,2013,2,2,1,5,1.7631E+12,1.7631E+12,,,,,,,,,,,,,,,
g1_online_only,LEO_ONLY,24,0.1,600,2,111,ok,,0,1,72.319084,2017,5,10.968,0.152,11.138,11.0655,889,709,419,2017,2,2,1,5,1.7631E+12,1.7631E+12,,,,,,,,,,,,,,,
g1_online_only,LEO_ONLY,24,0.1,600,2,112,ok,,0,1,77.140333,2014,5,10.851,0.171,10.493,10.467542,888,708,418,2014,2,2,1,5,1.7631E+12,1.7631E+12,,,,,,,,,,,,,,,
g1_online_only,LEO_ONLY,24,0.1,600,2,113,ok,,0,1,69.285042,2010,5,10.845,0.171,11.082,11.046083,886,707,417,2010,2,2,1,5,1.7631E+12,1.7631E+12,,,,,,,,,,,,,,,
g1_online_only,LEO_ONLY,24,0.1,600,2,114,ok,,0,1,79.2245,2014,5,10.68,0.155,11.079,11.0535,888,708,418,2014,2,2,1,5,1.7631E+12,1.7631E+12,,,,,,,,,,,,,,,
g1_online_only,LEO_ONLY,24,0.1,600,2,115,ok,,0,1,73.514334,2017,5,10.781,0.157,10.83,10.802167,889,709,419,2017,2,2,1,5,1.7631E+12,1.7631E+12,,,,,,,,,,,,,,,
g1_online_only,LEO_ONLY,24,0.1,600,2,116,ok,,0,1,72.5035,2012,5,11.432,0.115,10.563,10.53825,887,708,417,2012,2,2,1,5,1.7631E+12,1.7631E+12,,,,,,,,,,,,,,,
g1_online_only,LEO_ONLY,24,0.1,600,2,117,ok,,0,1,73.552333,2016,5,10.62,0.174,10.764,10.751667,888,709,419,2016,2,2,1,5,1.7631E+12,1.7631E+12,,,,,,,,,,,,,,,
g1_online_only,LEO_ONLY,24,0.1,600,2,118,ok,,0,1,80.127792,2016,5,10.633,0.185,11.072,11.055417,888,709,419,2016,2,2,1,5,1.7631E+12,1.7631E+12,,,,,,,,,,,,,,,
g1_online_only,LEO_ONLY,24,0.1,600,2,119,ok,,0,1,79.292084,2016,5,11.607,0.186,11.026,11.013,888,709,419,2016,2,2,1,5,1.7631E+12,1.7631E+12,,,,,,,,,,,,,,,
g1_online_only,LEO_ONLY,24,0.1,600,2,120,ok,,0,1,77.526209,2009,5,10.413,0.133,10.638,10.619416,886,707,416,2009,2,2,1,5,1.7631E+12,1.7631E+12,,,,,,,,,,,,,,,
g1_online_only,LEO_ONLY,24,0.1,600,2,121,ok,,0,1,76.97425,2015,5,10.577,0.1,10.745,10.714958,888,708,419,2015,2,2,1,5,1.7631E+12,1.7631E+12,,,,,,,,,,,,,,,
g1_online_only,LEO_ONLY,24,0.1,600,2,122,ok,,0,1,74.722292,2012,5,11.17,0.178,11.408,11.380042,887,707,418,2012,2,2,1,5,1.7631E+12,1.7631E+12,,,,,,,,,,,,,,,
g1_online_only,LEO_ONLY,24,0.1,600,2,123,ok,,0,1,71.102791,2015,5,10.89,0.159,11.027,11.023709,888,708,419,2015,2,2,1,5,1.7631E+12,1.7631E+12,,,,,,,,,,,,,,,
g1_online_only,LEO_ONLY,24,0.1,600,2,124,ok,,0,1,75.04458301,2010,5,11.138,0.173,10.901,10.88862499,886,708,416,2010,2,2,1,5,1.7631E+12,1.7631E+12,,,,,,,,,,,,,,,
g1_online_only,LEO_ONLY,24,0.1,600,2,125,ok,,0,1,70.041833,2017,5,10.918,0.139,11.392,11.384792,889,709,419,2017,2,2,1,5,1.7631E+12,1.7631E+12,,,,,,,,,,,,,,,
g1_online_only,LEO_ONLY,24,0.1,600,2,126,ok,,0,1,68.79233399,2012,5,11.069,0.143,11.026,11.038958,887,707,418,2012,2,2,1,5,1.7631E+12,1.7631E+12,,,,,,,,,,,,,,,
g1_online_only,LEO_ONLY,24,0.1,600,2,127,ok,,0,1,73.070041,2012,5,11.377,0.187,11.215,11.199125,887,707,418,2012,2,2,1,5,1.7631E+12,1.7631E+12,,,,,,,,,,,,,,,
g1_online_only,LEO_ONLY,24,0.1,600,2,128,ok,,0,1,80.293667,2015,5,11.038,0.265,11.018,10.890375,888,708,419,2015,2,2,1,5,1.7631E+12,1.7631E+12,,,,,,,,,,,,,,,
g1_online_only,LEO_ONLY,24,0.1,600,2,129,ok,,0,1,73.505583,2014,5,10.39,0.067,10.438,10.422083,887,709,418,2014,2,2,1,5,1.7631E+12,1.7631E+12,,,,,,,,,,,,,,,
g1_online_only,LEO_ONLY,24,0.1,600,2,130,ok,,0,1,70.970292,2014,5,11.128,0.09,10.905,10.887334,888,708,418,2014,2,2,1,5,1.7631E+12,1.7631E+12,,,,,,,,,,,,,,,
g1_online_only,LEO_ONLY,24,0.1,600,2,131,ok,,0,1,74.254375,2008,5,11.342,0.145,11.341,11.32787501,885,706,417,2008,2,2,1,5,1.7631E+12,1.7631E+12,,,,,,,,,,,,,,,
g1_online_only,LEO_ONLY,24,0.1,600,2,132,ok,,0,1,76.082458,2015,5,10.975,0.179,10.993,11.008917,888,708,419,2015,2,2,1,5,1.7631E+12,1.7631E+12,,,,,,,,,,,,,,,
g1_online_only,LEO_ONLY,24,0.1,600,2,133,ok,,0,1,82.927458,2014,5,13.12,0.218,11.155,11.13329201,888,708,418,2014,2,2,1,5,1.7631E+12,1.7631E+12,,,,,,,,,,,,,,,
g1_online_only,LEO_ONLY,24,0.1,600,2,134,ok,,0,1,74.08375,2014,5,10.988,0.161,11.139,11.131333,888,708,418,2014,2,2,1,5,1.7631E+12,1.7631E+12,,,,,,,,,,,,,,,
g1_online_only,LEO_ONLY,24,0.1,600,2,135,ok,,0,1,76.014625,2015,5,10.992,0.209,10.532,10.465667,888,708,419,2015,2,2,1,5,1.7631E+12,1.7631E+12,,,,,,,,,,,,,,,
g1_online_only,LEO_ONLY,24,0.1,600,2,136,ok,,0,1,75.134584,2015,5,10.932,0.161,10.72,10.698667,888,708,419,2015,2,2,1,5,1.7631E+12,1.7631E+12,,,,,,,,,,,,,,,
g1_online_only,LEO_ONLY,24,0.1,600,2,137,ok,,0,1,76.55724999,2003,5,10.51,0.125,10.608,10.587959,875,709,419,2003,2,2,1,5,1.7631E+12,1.7631E+12,,,,,,,,,,,,,,,
g1_online_only,LEO_ONLY,24,0.1,600,2,138,ok,,0,1,75.581875,2017,5,13.57,0.162,12.448,12.464041,889,709,419,2017,2,2,1,5,1.7631E+12,1.7631E+12,,,,,,,,,,,,,,,
g1_online_only,LEO_ONLY,24,0.1,600,2,139,ok,,0,1,78.953875,2016,5,11.121,0.132,10.843,10.8345,888,709,419,2016,2,2,1,5,1.7631E+12,1.7631E+12,,,,,,,,,,,,,,,
g1_online_only,LEO_ONLY,24,0.1,600,2,140,ok,,0,1,72.17366699,2017,5,10.508,0.087,10.852,10.828583,889,709,419,2017,2,2,1,5,1.7631E+12,1.7631E+12,,,,,,,,,,,,,,,
g1_online_only,LEO_ONLY,24,0.1,600,2,141,ok,,0,1,73.277416,2015,5,10.661,0.113,10.791,10.772792,888,708,419,2015,2,2,1,5,1.7631E+12,1.7631E+12,,,,,,,,,,,,,,,
g1_online_only,LEO_ONLY,24,0.1,600,2,142,ok,,0,1,76.02141699,2011,5,10.474,0.059,10.676,10.657709,886,708,417,2011,2,2,1,5,1.7631E+12,1.7631E+12,,,,,,,,,,,,,,,
g1_online_only,LEO_ONLY,24,0.1,600,2,143,ok,,0,1,74.378584,2017,5,10.581,0.068,10.545,10.52358301,889,709,419,2017,2,2,1,5,1.7631E+12,1.7631E+12,,,,,,,,,,,,,,,
g1_online_only,LEO_ONLY,24,0.1,600,2,144,ok,,0,1,71.12733299,2014,5,10.505,0.088,10.605,10.58095801,888,708,418,2014,2,2,1,5,1.7631E+12,1.7631E+12,,,,,,,,,,,,,,,
g1_online_only,LEO_ONLY,24,0.1,600,2,145,ok,,0,1,72.774208,2014,5,10.45,0.085,10.737,10.72125,888,708,418,2014,2,2,1,5,1.7631E+12,1.7631E+12,,,,,,,,,,,,,,,
g1_online_only,LEO_ONLY,24,0.1,600,2,146,ok,,0,1,75.06075,2017,5,10.313,0.075,10.684,10.662875,889,709,419,2017,2,2,1,5,1.7631E+12,1.7631E+12,,,,,,,,,,,,,,,
g1_online_only,LEO_ONLY,24,0.1,600,2,147,ok,,0,1,74.367666,2014,5,10.499,0.064,10.64,10.616208,888,708,418,2014,2,2,1,5,1.7631E+12,1.7631E+12,,,,,,,,,,,,,,,
g1_online_only,LEO_ONLY,24,0.1,600,2,148,ok,,0,1,76.670375,2014,5,10.994,0.129,10.711,10.670875,887,708,419,2014,2,2,1,5,1.7631E+12,1.7631E+12,,,,,,,,,,,,,,,
g1_online_only,LEO_ONLY,24,0.1,600,2,149,ok,,0,1,80.20025,2016,5,10.91,0.06,10.634,10.611542,889,709,418,2016,2,2,1,5,1.7631E+12,1.7631E+12,,,,,,,,,,,,,,,
g1_online_only,LEO_ONLY,24,0.1,600,2,150,ok,,0,1,76.47154199,2012,5,10.989,0.084,10.744,10.72812499,887,707,418,2012,2,2,1,5,1.7631E+12,1.7631E+12,,,,,,,,,,,,,,,
g1_online_only,LEO_ONLY,24,0.1,600,2,151,ok,,0,1,72.837209,2012,5,10.624,0.067,10.432,10.404292,887,707,418,2012,2,2,1,5,1.7631E+12,1.7631E+12,,,,,,,,,,,,,,,
g1_online_only,LEO_ONLY,24,0.1,600,2,152,ok,,0,1,72.31649999,2017,5,10.458,0.076,10.625,10.60225,889,709,419,2017,2,2,1,5,1.7631E+12,1.7631E+12,,,,,,,,,,,,,,,
g1_online_only,LEO_ONLY,24,0.1,600,2,153,ok,,0,1,76.546125,2012,5,10.83,0.168,10.819,10.806584,887,708,417,2012,2,2,1,5,1.7631E+12,1.7631E+12,,,,,,,,,,,,,,,
g1_online_only,LEO_ONLY,24,0.1,600,2,154,ok,,0,1,73.060541,2015,5,10.527,0.077,10.573,10.553584,888,708,419,2015,2,2,1,5,1.7631E+12,1.7631E+12,,,,,,,,,,,,,,,
g1_online_only,LEO_ONLY,24,0.1,600,2,155,ok,,0,1,72.692458,2013,5,10.641,0.137,10.53,10.554458,887,708,418,2013,2,2,1,5,1.7631E+12,1.7631E+12,,,,,,,,,,,,,,,
g1_online_only,LEO_ONLY,24,0.1,600,2,156,ok,,0,1,81.609125,2012,5,11.603,0.075,10.826,10.804,887,707,418,2012,2,2,1,5,1.7631E+12,1.7631E+12,,,,,,,,,,,,,,,
g1_online_only,LEO_ONLY,24,0.1,600,2,157,ok,,0,1,72.488833,2013,5,10.73,0.107,10.391,10.36554101,887,708,418,2013,2,2,1,5,1.7631E+12,1.7631E+12,,,,,,,,,,,,,,,
g1_online_only,LEO_ONLY,24,0.1,600,2,158,ok,,0,1,77.217042,2016,5,10.753,0.127,10.635,10.619292,888,709,419,2016,2,2,1,5,1.7631E+12,1.7631E+12,,,,,,,,,,,,,,,
g1_online_only,LEO_ONLY,24,0.1,600,2,159,ok,,0,1,76.003,2016,5,10.75,0.143,10.918,10.891375,888,709,419,2016,2,2,1,5,1.7631E+12,1.7631E+12,,,,,,,,,,,,,,,
g1_online_only,LEO_ONLY,24,0.1,600,2,160,ok,,0,1,78.848584,2012,5,10.713,0.158,10.72,10.703166,887,708,417,2012,2,2,1,5,1.7631E+12,1.7631E+12,,,,,,,,,,,,,,,
g1_online_only,LEO_ONLY,24,0.1,600,2,161,ok,,0,1,75.99675001,2015,5,10.627,0.14,10.893,10.82675,888,708,419,2015,2,2,1,5,1.7631E+12,1.7631E+12,,,,,,,,,,,,,,,
g1_online_only,LEO_ONLY,24,0.1,600,2,162,ok,,0,1,73.605416,2014,5,10.75,0.126,10.545,10.52525,887,708,419,2014,2,2,1,5,1.7631E+12,1.7631E+12,,,,,,,,,,,,,,,
g1_online_only,LEO_ONLY,24,0.1,600,2,163,ok,,0,1,76.891709,2014,5,10.595,0.147,10.651,10.618416,888,708,418,2014,2,2,1,5,1.7631E+12,1.7631E+12,,,,,,,,,,,,,,,
g1_online_only,LEO_ONLY,24,0.1,600,2,164,ok,,0,1,83.56020899,2015,5,10.966,0.352,11.146,11.096375,888,709,418,2015,2,2,1,5,1.7631E+12,1.7631E+12,,,,,,,,,,,,,,,
g1_online_only,LEO_ONLY,24,0.1,600,2,165,ok,,0,1,70.903166,2013,5,10.581,0.138,10.643,10.63045899,887,708,418,2013,2,2,1,5,1.7631E+12,1.7631E+12,,,,,,,,,,,,,,,
g1_online_only,LEO_ONLY,24,0.1,600,2,166,ok,,0,1,78.511583,2012,5,10.674,0.148,10.634,10.617875,887,707,418,2012,2,2,1,5,1.7631E+12,1.7631E+12,,,,,,,,,,,,,,,
g1_online_only,LEO_ONLY,24,0.1,600,2,167,ok,,0,1,161.94875,2013,5,85.413,0.345,11.221,11.22025,887,709,417,2013,2,2,1,5,1.7631E+12,1.7631E+12,,,,,,,,,,,,,,,
g1_online_only,LEO_ONLY,24,0.1,600,2,168,ok,,0,1,71.47041699,2012,5,10.615,0.091,10.51,10.493,887,708,417,2012,2,2,1,5,1.7631E+12,1.7631E+12,,,,,,,,,,,,,,,
g1_online_only,LEO_ONLY,24,0.1,600,2,169,ok,,0,1,73.892375,2014,5,10.627,0.068,10.734,10.71125,888,708,418,2014,2,2,1,5,1.7631E+12,1.7631E+12,,,,,,,,,,,,,,,
g1_online_only,LEO_ONLY,24,0.1,600,2,170,ok,,0,1,78.681834,2017,5,11.158,0.066,10.805,10.7805,889,709,419,2017,2,2,1,5,1.7631E+12,1.7631E+12,,,,,,,,,,,,,,,
g1_online_only,LEO_ONLY,24,0.1,600,2,171,ok,,0,1,77.885375,2007,5,10.897,0.075,10.571,10.545416,884,706,417,2007,2,2,1,5,1.7631E+12,1.7631E+12,,,,,,,,,,,,,,,
g1_online_only,LEO_ONLY,24,0.1,600,2,172,ok,,0,1,71.479708,2010,5,11.218,0.103,10.787,10.76633301,886,708,416,2010,2,2,1,5,1.7631E+12,1.7631E+12,,,,,,,,,,,,,,,
g1_online_only,LEO_ONLY,24,0.1,600,2,173,ok,,0,1,75.846333,2017,5,10.718,0.064,10.715,10.67525,889,709,419,2017,2,2,1,5,1.7631E+12,1.7631E+12,,,,,,,,,,,,,,,
g1_online_only,LEO_ONLY,24,0.1,600,2,174,ok,,0,1,76.784834,2015,5,10.593,0.111,10.605,10.58625,888,708,419,2015,2,2,1,5,1.7631E+12,1.7631E+12,,,,,,,,,,,,,,,
g1_online_only,LEO_ONLY,24,0.1,600,2,175,ok,,0,1,71.129792,2015,5,10.61,0.098,11.027,11.006792,888,708,419,2015,2,2,1,5,1.7631E+12,1.7631E+12,,,,,,,,,,,,,,,
g1_online_only,LEO_ONLY,24,0.1,600,2,176,ok,,0,1,80.640167,2014,5,10.766,0.066,10.756,10.733833,888,708,418,2014,2,2,1,5,1.7631E+12,1.7631E+12,,,,,,,,,,,,,,,
g1_online_only,LEO_ONLY,24,0.1,600,2,177,ok,,0,1,71.20233399,2010,5,10.5,0.068,10.766,10.747709,886,707,417,2010,2,2,1,5,1.7631E+12,1.7631E+12,,,,,,,,,,,,,,,
g1_online_only,LEO_ONLY,24,0.1,600,2,178,ok,,0,1,74.975208,2014,5,10.521,0.066,10.714,10.691709,888,708,418,2014,2,2,1,5,1.7631E+12,1.7631E+12,,,,,,,,,,,,,,,
g1_online_only,LEO_ONLY,24,0.1,600,2,179,ok,,0,1,68.923542,2015,5,10.336,0.084,10.546,10.521667,888,708,419,2015,2,2,1,5,1.7631E+12,1.7631E+12,,,,,,,,,,,,,,,
g1_online_only,LEO_ONLY,24,0.1,600,2,180,ok,,0,1,77.026834,2014,5,10.357,0.069,10.7,10.679459,887,709,418,2014,2,2,1,5,1.7631E+12,1.7631E+12,,,,,,,,,,,,,,,
g1_online_only,LEO_ONLY,24,0.1,600,2,181,ok,,0,1,77.99929201,2013,5,10.538,0.069,10.581,10.559625,887,708,418,2013,2,2,1,5,1.7631E+12,1.7631E+12,,,,,,,,,,,,,,,
g1_online_only,LEO_ONLY,24,0.1,600,2,182,ok,,0,1,77.616125,2010,5,10.37,0.072,10.604,10.578875,886,707,417,2010,2,2,1,5,1.7631E+12,1.7631E+12,,,,,,,,,,,,,,,
g1_online_only,LEO_ONLY,24,0.1,600,2,183,ok,,0,1,71.851625,2017,5,10.572,0.07,10.413,10.392625,889,709,419,2017,2,2,1,5,1.7631E+12,1.7631E+12,,,,,,,,,,,,,,,
g1_online_only,LEO_ONLY,24,0.1,600,2,184,ok,,0,1,72.539958,2012,5,10.719,0.069,10.555,10.528667,887,707,418,2012,2,2,1,5,1.7631E+12,1.7631E+12,,,,,,,,,,,,,,,
g1_online_only,LEO_ONLY,24,0.1,600,2,185,ok,,0,1,71.100917,2017,5,10.717,0.071,10.411,10.391209,889,709,419,2017,2,2,1,5,1.7631E+12,1.7631E+12,,,,,,,,,,,,,,,
g1_online_only,LEO_ONLY,24,0.1,600,2,186,ok,,0,1,69.44375001,2017,5,10.393,0.068,10.298,10.272083,889,709,419,2017,2,2,1,5,1.7631E+12,1.7631E+12,,,,,,,,,,,,,,,
g1_online_only,LEO_ONLY,24,0.1,600,2,187,ok,,0,1,73.941792,2013,5,10.697,0.069,10.497,10.470292,887,708,418,2013,2,2,1,5,1.7631E+12,1.7631E+12,,,,,,,,,,,,,,,
g1_online_only,LEO_ONLY,24,0.1,600,2,188,ok,,0,1,74.15166601,2015,5,10.479,0.068,10.379,10.358208,888,708,419,2015,2,2,1,5,1.7631E+12,1.7631E+12,,,,,,,,,,,,,,,
g1_online_only,LEO_ONLY,24,0.1,600,2,189,ok,,0,1,71.420667,2014,5,10.396,0.074,10.625,10.600708,888,708,418,2014,2,2,1,5,1.7631E+12,1.7631E+12,,,,,,,,,,,,,,,
g1_online_only,LEO_ONLY,24,0.1,600,2,190,ok,,0,1,77.752084,2011,5,10.642,0.075,10.585,10.558416,886,707,418,2011,2,2,1,5,1.7631E+12,1.7631E+12,,,,,,,,,,,,,,,
g1_online_only,LEO_ONLY,24,0.1,600,2,191,ok,,0,1,69.325792,2013,5,10.402,0.067,10.261,10.240208,887,708,418,2013,2,2,1,5,1.7631E+12,1.7631E+12,,,,,,,,,,,,,,,
g1_online_only,LEO_ONLY,24,0.1,600,2,192,ok,,0,1,77.758167,2012,5,10.883,0.073,10.558,10.533542,887,707,418,2012,2,2,1,5,1.7631E+12,1.7631E+12,,,,,,,,,,,,,,,
g1_online_only,LEO_ONLY,24,0.1,600,2,193,ok,,0,1,78.2305,2012,5,10.591,0.072,10.824,10.79875,887,707,418,2012,2,2,1,5,1.7631E+12,1.7631E+12,,,,,,,,,,,,,,,
g1_online_only,LEO_ONLY,24,0.1,600,2,194,ok,,0,1,79.021708,2015,5,10.728,0.07,10.843,10.814625,888,708,419,2015,2,2,1,5,1.7631E+12,1.7631E+12,,,,,,,,,,,,,,,
g1_online_only,LEO_ONLY,24,0.1,600,2,195,ok,,0,1,78.879208,2017,5,10.559,0.068,10.658,10.634958,889,709,419,2017,2,2,1,5,1.7631E+12,1.7631E+12,,,,,,,,,,,,,,,
g1_online_only,LEO_ONLY,24,0.1,600,2,196,ok,,0,1,73.760959,2014,5,10.655,0.067,10.496,10.474666,887,709,418,2014,2,2,1,5,1.7631E+12,1.7631E+12,,,,,,,,,,,,,,,
g1_online_only,LEO_ONLY,24,0.1,600,2,197,ok,,0,1,80.114083,2015,5,10.776,0.063,10.661,10.638875,888,708,419,2015,2,2,1,5,1.7631E+12,1.7631E+12,,,,,,,,,,,,,,,
g1_online_only,LEO_ONLY,24,0.1,600,2,198,ok,,0,1,77.36675,2014,5,10.643,0.067,10.726,10.701917,888,708,418,2014,2,2,1,5,1.7631E+12,1.7631E+12,,,,,,,,,,,,,,,
g1_online_only,LEO_ONLY,24,0.1,600,2,199,ok,,0,1,74.533292,2010,5,10.55,0.07,10.399,10.377416,886,706,418,2010,2,2,1,5,1.7631E+12,1.7631E+12,,,,,,,,,,,,,,,
g1_online_only,LEO_ONLY,24,0.1,600,2,200,ok,,0,1,72.449833,2015,5,10.791,0.067,10.489,10.465708,888,709,418,2015,2,2,1,5,1.7631E+12,1.7631E+12,,,,,,,,,,,,,,,
g1_online_only,LEO_ONLY,24,0.1,600,2,201,ok,,0,1,76.968833,2015,5,10.655,0.073,10.572,10.553125,888,709,418,2015,2,2,1,5,1.7631E+12,1.7631E+12,,,,,,,,,,,,,,,
g1_online_only,LEO_ONLY,24,0.1,600,2,202,ok,,0,1,73.855917,2014,5,10.513,0.07,10.641,10.6205,888,708,418,2014,2,2,1,5,1.7631E+12,1.7631E+12,,,,,,,,,,,,,,,
g1_online_only,LEO_ONLY,24,0.1,600,2,203,ok,,0,1,71.08529101,2013,5,10.438,0.087,10.487,10.435958,887,708,418,2013,2,2,1,5,1.7631E+12,1.7631E+12,,,,,,,,,,,,,,,
g1_online_only,LEO_ONLY,24,0.1,600,2,204,ok,,0,1,81.831666,2014,5,11.078,0.07,10.801,10.780084,888,708,418,2014,2,2,1,5,1.7631E+12,1.7631E+12,,,,,,,,,,,,,,,
g1_online_only,LEO_ONLY,24,0.1,600,2,205,ok,,0,1,68.203458,2011,5,10.295,0.066,10.72,10.701084,887,707,417,2011,2,2,1,5,1.7631E+12,1.7631E+12,,,,,,,,,,,,,,,
g1_online_only,LEO_ONLY,24,0.1,600,2,206,ok,,0,1,77.118917,2015,5,10.818,0.063,10.823,10.802542,888,709,418,2015,2,2,1,5,1.7631E+12,1.7631E+12,,,,,,,,,,,,,,,
g1_online_only,LEO_ONLY,24,0.1,600,2,207,ok,,0,1,75.639958,2015,5,10.693,0.072,10.595,10.573834,888,708,419,2015,2,2,1,5,1.7631E+12,1.7631E+12,,,,,,,,,,,,,,,
g1_online_only,LEO_ONLY,24,0.1,600,2,208,ok,,0,1,68.32325,2017,5,10.43,0.066,10.674,10.651833,889,709,419,2017,2,2,1,5,1.7631E+12,1.7631E+12,,,,,,,,,,,,,,,
g1_online_only,LEO_ONLY,24,0.1,600,2,209,ok,,0,1,76.74025001,2017,5,10.855,0.057,10.627,10.605291,889,709,419,2017,2,2,1,5,1.7631E+12,1.7631E+12,,,,,,,,,,,,,,,
g1_online_only,LEO_ONLY,24,0.1,600,2,210,ok,,0,1,75.890959,2015,5,10.657,0.072,10.545,10.523708,888,708,419,2015,2,2,1,5,1.7631E+12,1.7631E+12,,,,,,,,,,,,,,,
g1_online_only,LEO_ONLY,24,0.1,600,2,211,ok,,0,1,75.17475,2014,5,10.555,0.068,10.654,10.633417,888,708,418,2014,2,2,1,5,1.7631E+12,1.7631E+12,,,,,,,,,,,,,,,
g1_online_only,LEO_ONLY,24,0.1,600,2,212,ok,,0,1,74.422625,2012,5,10.862,0.075,10.616,10.597792,887,708,417,2012,2,2,1,5,1.7631E+12,1.7631E+12,,,,,,,,,,,,,,,
g1_online_only,LEO_ONLY,24,0.1,600,2,213,ok,,0,1,73.560375,2009,5,10.527,0.066,10.801,10.775125,885,708,416,2009,2,2,1,5,1.7631E+12,1.7631E+12,,,,,,,,,,,,,,,
g1_online_only,LEO_ONLY,24,0.1,600,2,214,ok,,0,1,75.876292,2012,5,10.673,0.074,10.627,10.60970801,887,707,418,2012,2,2,1,5,1.7631E+12,1.7631E+12,,,,,,,,,,,,,,,
g1_online_only,LEO_ONLY,24,0.1,600,2,215,ok,,0,1,71.72770899,2015,5,10.405,0.073,10.498,10.480167,888,708,419,2015,2,2,1,5,1.7631E+12,1.7631E+12,,,,,,,,,,,,,,,
g1_online_only,LEO_ONLY,24,0.1,600,2,216,ok,,0,1,75.32437499,2016,5,10.544,0.066,10.793,10.767291,888,709,419,2016,2,2,1,5,1.7631E+12,1.7631E+12,,,,,,,,,,,,,,,
g1_online_only,LEO_ONLY,24,0.1,600,2,217,ok,,0,1,70.870417,2013,5,10.479,0.081,10.411,10.387125,887,708,418,2013,2,2,1,5,1.7631E+12,1.7631E+12,,,,,,,,,,,,,,,
g1_online_only,LEO_ONLY,24,0.1,600,2,218,ok,,0,1,77.67233301,2015,5,10.635,0.075,10.621,10.59175,888,708,419,2015,2,2,1,5,1.7631E+12,1.7631E+12,,,,,,,,,,,,,,,
g1_online_only,LEO_ONLY,24,0.1,600,2,219,ok,,0,1,75.697458,2012,5,11.215,0.075,10.535,10.507042,887,707,418,2012,2,2,1,5,1.7631E+12,1.7631E+12,,,,,,,,,,,,,,,
g1_online_only,LEO_ONLY,24,0.1,600,2,220,ok,,0,1,72.96166701,2011,5,10.476,0.066,10.384,10.359208,886,708,417,2011,2,2,1,5,1.7631E+12,1.7631E+12,,,,,,,,,,,,,,,
g1_online_only,LEO_ONLY,24,0.1,600,2,221,ok,,0,1,77.237125,2014,5,10.864,0.083,10.745,10.722583,888,708,418,2014,2,2,1,5,1.7631E+12,1.7631E+12,,,,,,,,,,,,,,,
g1_online_only,LEO_ONLY,24,0.1,600,2,222,ok,,0,1,77.498667,2012,5,10.675,0.066,10.736,10.714542,887,707,418,2012,2,2,1,5,1.7631E+12,1.7631E+12,,,,,,,,,,,,,,,
g1_online_only,LEO_ONLY,24,0.1,600,2,223,ok,,0,1,70.86125,2015,5,10.659,0.079,10.569,10.546666,888,708,419,2015,2,2,1,5,1.7631E+12,1.7631E+12,,,,,,,,,,,,,,,
g1_online_only,LEO_ONLY,24,0.1,600,2,224,ok,,0,1,75.177125,2015,5,10.543,0.069,10.799,10.776708,888,708,419,2015,2,2,1,5,1.7631E+12,1.7631E+12,,,,,,,,,,,,,,,
g1_online_only,LEO_ONLY,24,0.1,600,2,225,ok,,0,1,75.464042,2014,5,15.652,0.141,11.32,11.318334,887,708,419,2014,2,2,1,5,1.7631E+12,1.7631E+12,,,,,,,,,,,,,,,
g1_online_only,LEO_ONLY,24,0.1,600,2,226,ok,,0,1,75.766292,2015,5,10.775,0.066,10.709,10.681625,888,708,419,2015,2,2,1,5,1.7631E+12,1.7631E+12,,,,,,,,,,,,,,,
g1_online_only,LEO_ONLY,24,0.1,600,2,227,ok,,0,1,68.27837499,2017,5,10.309,0.066,10.587,10.567416,889,709,419,2017,2,2,1,5,1.7631E+12,1.7631E+12,,,,,,,,,,,,,,,
g1_online_only,LEO_ONLY,24,0.1,600,2,228,ok,,0,1,71.621417,2017,5,10.387,0.072,10.452,10.429625,889,709,419,2017,2,2,1,5,1.7631E+12,1.7631E+12,,,,,,,,,,,,,,,
g1_online_only,LEO_ONLY,24,0.1,600,2,229,ok,,0,1,70.896125,2017,5,10.574,0.075,10.555,10.53416599,889,709,419,2017,2,2,1,5,1.7631E+12,1.7631E+12,,,,,,,,,,,,,,,
g1_online_only,LEO_ONLY,24,0.1,600,2,230,ok,,0,1,77.571584,2015,5,10.228,0.068,10.421,10.401208,888,709,418,2015,2,2,1,5,1.7631E+12,1.7631E+12,,,,,,,,,,,,,,,
g1_online_only,LEO_ONLY,24,0.1,600,2,231,ok,,0,1,74.569083,2015,5,11.195,0.069,10.564,10.542375,888,709,418,2015,2,2,1,5,1.7631E+12,1.7631E+12,,,,,,,,,,,,,,,
g1_online_only,LEO_ONLY,24,0.1,600,2,232,ok,,0,1,72.544709,2015,5,10.446,0.072,10.871,10.848875,888,709,418,2015,2,2,1,5,1.7631E+12,1.7631E+12,,,,,,,,,,,,,,,
g1_online_only,LEO_ONLY,24,0.1,600,2,233,ok,,0,1,71.878125,2013,5,10.514,0.073,10.567,10.54216699,887,708,418,2013,2,2,1,5,1.7631E+12,1.7631E+12,,,,,,,,,,,,,,,
g1_online_only,LEO_ONLY,24,0.1,600,2,234,ok,,0,1,75.332042,2012,5,10.613,0.071,10.778,10.756667,887,708,417,2012,2,2,1,5,1.7631E+12,1.7631E+12,,,,,,,,,,,,,,,
g1_online_only,LEO_ONLY,24,0.1,600,2,235,ok,,0,1,79.161,2015,5,10.76,0.077,10.606,10.594417,888,708,419,2015,2,2,1,5,1.7631E+12,1.7631E+12,,,,,,,,,,,,,,,
g1_online_only,LEO_ONLY,24,0.1,600,2,236,ok,,0,1,72.861917,2017,5,10.618,0.07,10.486,10.461459,889,709,419,2017,2,2,1,5,1.7631E+12,1.7631E+12,,,,,,,,,,,,,,,
g1_online_only,LEO_ONLY,24,0.1,600,2,237,ok,,0,1,74.278916,2014,5,10.672,0.076,10.489,10.464916,888,708,418,2014,2,2,1,5,1.7631E+12,1.7631E+12,,,,,,,,,,,,,,,
g1_online_only,LEO_ONLY,24,0.1,600,2,238,ok,,0,1,76.44687501,2014,5,10.85,0.074,10.813,10.788375,888,708,418,2014,2,2,1,5,1.7631E+12,1.7631E+12,,,,,,,,,,,,,,,
g1_online_only,LEO_ONLY,24,0.1,600,2,239,ok,,0,1,83.568458,2013,5,10.769,0.092,13.449,13.384209,887,708,418,2013,2,2,1,5,1.7631E+12,1.7631E+12,,,,,,,,,,,,,,,
g1_online_only,LEO_ONLY,24,0.1,600,2,240,ok,,0,1,74.887375,2010,5,10.558,0.07,10.641,10.62,886,707,417,2010,2,2,1,5,1.7631E+12,1.7631E+12,,,,,,,,,,,,,,,
g1_online_only,LEO_ONLY,24,0.1,600,2,241,ok,,0,1,74.16825,2014,5,10.755,0.073,10.436,10.412583,888,708,418,2014,2,2,1,5,1.7631E+12,1.7631E+12,,,,,,,,,,,,,,,
g1_online_only,LEO_ONLY,24,0.1,600,2,242,ok,,0,1,78.986542,2015,5,10.98,0.069,10.645,10.62525,888,709,418,2015,2,2,1,5,1.7631E+12,1.7631E+12,,,,,,,,,,,,,,,
g1_online_only,LEO_ONLY,24,0.1,600,2,243,ok,,0,1,72.199583,2013,5,10.574,0.075,10.553,10.528917,887,708,418,2013,2,2,1,5,1.7631E+12,1.7631E+12,,,,,,,,,,,,,,,
g1_online_only,LEO_ONLY,24,0.1,600,2,244,ok,,0,1,72.534583,2017,5,10.592,0.084,10.415,10.395666,889,709,419,2017,2,2,1,5,1.7631E+12,1.7631E+12,,,,,,,,,,,,,,,
g1_online_only,LEO_ONLY,24,0.1,600,2,245,ok,,0,1,72.530583,2013,5,10.722,0.06,10.394,10.37425,888,707,418,2013,2,2,1,5,1.7631E+12,1.7631E+12,,,,,,,,,,,,,,,
g1_online_only,LEO_ONLY,24,0.1,600,2,246,ok,,0,1,75.455,2014,5,10.665,0.069,10.572,10.545875,887,709,418,2014,2,2,1,5,1.7631E+12,1.7631E+12,,,,,,,,,,,,,,,
g1_online_only,LEO_ONLY,24,0.1,600,2,247,ok,,0,1,77.391209,2013,5,10.863,0.073,10.642,10.622708,887,709,417,2013,2,2,1,5,1.7631E+12,1.7631E+12,,,,,,,,,,,,,,,
g1_online_only,LEO_ONLY,24,0.1,600,2,248,ok,,0,1,79.266291,2008,5,10.685,0.072,10.837,10.806541,885,707,416,2008,2,2,1,5,1.7631E+12,1.7631E+12,,,,,,,,,,,,,,,
g1_online_only,LEO_ONLY,24,0.1,600,2,249,ok,,0,1,76.653916,2011,5,10.792,0.061,10.735,10.71474999,886,707,418,2011,2,2,1,5,1.7631E+12,1.7631E+12,,,,,,,,,,,,,,,
g1_online_only,LEO_ONLY,24,0.1,600,2,250,ok,,0,1,70.2165,2015,5,10.512,0.061,10.628,10.60675,889,708,418,2015,2,2,1,5,1.7631E+12,1.7631E+12,,,,,,,,,,,,,,,
g1_online_only,LEO_ONLY,24,0.1,600,2,251,ok,,0,1,73.226916,2014,5,10.496,0.08,10.299,10.278834,888,708,418,2014,2,2,1,5,1.7631E+12,1.7631E+12,,,,,,,,,,,,,,,
g1_online_only,LEO_ONLY,24,0.1,600,2,252,ok,,0,1,76.008541,2015,5,10.8,0.082,10.547,10.52,888,709,418,2015,2,2,1,5,1.7631E+12,1.7631E+12,,,,,,,,,,,,,,,
g1_online_only,LEO_ONLY,24,0.1,600,2,253,ok,,0,1,77.853,2015,5,10.943,0.07,10.589,10.568708,888,708,419,2015,2,2,1,5,1.7631E+12,1.7631E+12,,,,,,,,,,,,,,,
g1_online_only,LEO_ONLY,24,0.1,600,2,254,ok,,0,1,71.546833,2010,5,10.816,0.102,10.802,10.79075,886,706,418,2010,2,2,1,5,1.7631E+12,1.7631E+12,,,,,,,,,,,,,,,
g1_online_only,LEO_ONLY,24,0.1,600,2,255,ok,,0,1,73.899875,2010,5,10.722,0.07,10.352,10.325084,885,708,417,2010,2,2,1,5,1.7631E+12,1.7631E+12,,,,,,,,,,,,,,,
g1_online_only,LEO_ONLY,24,0.1,600,2,256,ok,,0,1,74.141292,2013,5,10.526,0.062,10.644,10.624542,888,707,418,2013,2,2,1,5,1.7631E+12,1.7631E+12,,,,,,,,,,,,,,,
g1_online_only,LEO_ONLY,24,0.1,600,2,257,ok,,0,1,80.138333,2015,5,10.72,0.06,10.721,10.7005,888,709,418,2015,2,2,1,5,1.7631E+12,1.7631E+12,,,,,,,,,,,,,,,
g1_online_only,LEO_ONLY,24,0.1,600,2,258,ok,,0,1,80.45766701,2018,5,10.877,0.061,10.768,10.747167,890,709,419,2018,2,2,1,5,1.7631E+12,1.7631E+12,,,,,,,,,,,,,,,
g1_online_only,LEO_ONLY,24,0.1,600,2,259,ok,,0,1,72.882917,2012,5,10.457,0.068,10.683,10.666208,887,708,417,2012,2,2,1,5,1.7631E+12,1.7631E+12,,,,,,,,,,,,,,,
g1_online_only,LEO_ONLY,24,0.1,600,2,260,ok,,0,1,78.955042,2010,5,10.587,0.073,10.629,10.606875,886,707,417,2010,2,2,1,5,1.7631E+12,1.7631E+12,,,,,,,,,,,,,,,
g1_online_only,LEO_ONLY,24,0.1,600,2,261,ok,,0,1,73.55616699,2015,5,10.539,0.071,10.471,10.44333301,888,709,418,2015,2,2,1,5,1.7631E+12,1.7631E+12,,,,,,,,,,,,,,,
g1_online_only,LEO_ONLY,24,0.1,600,2,262,ok,,0,1,70.738666,2012,5,10.433,0.067,10.44,10.417792,887,707,418,2012,2,2,1,5,1.7631E+12,1.7631E+12,,,,,,,,,,,,,,,
g1_online_only,LEO_ONLY,24,0.1,600,2,263,ok,,0,1,75.498584,2014,5,10.651,0.071,11.012,10.990625,888,708,418,2014,2,2,1,5,1.7631E+12,1.7631E+12,,,,,,,,,,,,,,,
g1_online_only,LEO_ONLY,24,0.1,600,2,264,ok,,0,1,74.675833,2012,5,10.835,0.068,10.728,10.707292,887,707,418,2012,2,2,1,5,1.7631E+12,1.7631E+12,,,,,,,,,,,,,,,
g1_online_only,LEO_ONLY,24,0.1,600,2,265,ok,,0,1,70.88125,2008,5,10.258,0.065,10.582,10.560375,885,707,416,2008,2,2,1,5,1.7631E+12,1.7631E+12,,,,,,,,,,,,,,,
g1_online_only,LEO_ONLY,24,0.1,600,2,266,ok,,0,1,70.05425001,2010,5,10.475,0.073,10.67,10.644084,886,707,417,2010,2,2,1,5,1.7631E+12,1.7631E+12,,,,,,,,,,,,,,,
g1_online_only,LEO_ONLY,24,0.1,600,2,267,ok,,0,1,74.688,2015,5,10.624,0.076,10.917,10.894833,888,709,418,2015,2,2,1,5,1.7631E+12,1.7631E+12,,,,,,,,,,,,,,,
g1_online_only,LEO_ONLY,24,0.1,600,2,268,ok,,0,1,71.627001,2011,5,10.588,0.075,10.69,10.667166,887,707,417,2011,2,2,1,5,1.7631E+12,1.7631E+12,,,,,,,,,,,,,,,
g1_online_only,LEO_ONLY,24,0.1,600,2,269,ok,,0,1,75.885959,2015,5,10.757,0.07,10.394,10.373375,888,708,419,2015,2,2,1,5,1.7631E+12,1.7631E+12,,,,,,,,,,,,,,,
g1_online_only,LEO_ONLY,24,0.1,600,2,270,ok,,0,1,73.493,2016,5,10.895,0.061,10.49,10.469291,888,709,419,2016,2,2,1,5,1.7631E+12,1.7631E+12,,,,,,,,,,,,,,,
g1_online_only,LEO_ONLY,24,0.1,600,2,271,ok,,0,1,73.1665,2009,5,10.65,0.069,10.707,10.686042,885,707,417,2009,2,2,1,5,1.7631E+12,1.7631E+12,,,,,,,,,,,,,,,
g1_online_only,LEO_ONLY,24,0.1,600,2,272,ok,,0,1,109.569875,2014,5,22.841,0.189,19.378,19.3325,888,708,418,2014,2,2,1,5,1.7631E+12,1.7631E+12,,,,,,,,,,,,,,,
g1_online_only,LEO_ONLY,24,0.1,600,2,273,ok,,0,1,77.776417,2015,5,10.519,0.072,10.581,10.553917,888,708,419,2015,2,2,1,5,1.7631E+12,1.7631E+12,,,,,,,,,,,,,,,
g1_online_only,LEO_ONLY,24,0.1,600,2,274,ok,,0,1,70.802,2012,5,10.371,0.068,10.367,10.347042,887,707,418,2012,2,2,1,5,1.7631E+12,1.7631E+12,,,,,,,,,,,,,,,
g1_online_only,LEO_ONLY,24,0.1,600,2,275,ok,,0,1,74.184417,2013,5,10.642,0.071,10.593,10.57433301,887,708,418,2013,2,2,1,5,1.7631E+12,1.7631E+12,,,,,,,,,,,,,,,
g1_online_only,LEO_ONLY,24,0.1,600,2,276,ok,,0,1,71.387834,2012,5,10.285,0.068,10.572,10.547625,887,707,418,2012,2,2,1,5,1.7631E+12,1.7631E+12,,,,,,,,,,,,,,,
g1_online_only,LEO_ONLY,24,0.1,600,2,277,ok,,0,1,75.845917,2014,5,10.859,0.068,10.701,10.68,888,708,418,2014,2,2,1,5,1.7631E+12,1.7631E+12,,,,,,,,,,,,,,,
g1_online_only,LEO_ONLY,24,0.1,600,2,278,ok,,0,1,75.806833,2014,5,10.358,0.068,10.791,10.76975,888,708,418,2014,2,2,1,5,1.7631E+12,1.7631E+12,,,,,,,,,,,,,,,
g1_online_only,LEO_ONLY,24,0.1,600,2,279,ok,,0,1,82.1305,2012,5,10.705,0.069,10.765,10.738417,887,707,418,2012,2,2,1,5,1.7631E+12,1.7631E+12,,,,,,,,,,,,,,,
g1_online_only,LEO_ONLY,24,0.1,600,2,280,ok,,0,1,69.865792,2016,5,10.386,0.06,10.49,10.466583,889,708,419,2016,2,2,1,5,1.7631E+12,1.7631E+12,,,,,,,,,,,,,,,
g1_online_only,LEO_ONLY,24,0.1,600,2,281,ok,,0,1,76.932041,2013,5,10.572,0.064,10.753,10.729375,887,709,417,2013,2,2,1,5,1.7631E+12,1.7631E+12,,,,,,,,,,,,,,,
g1_online_only,LEO_ONLY,24,0.1,600,2,282,ok,,0,1,72.37616699,2011,5,10.543,0.073,10.47,10.450416,886,708,417,2011,2,2,1,5,1.7631E+12,1.7631E+12,,,,,,,,,,,,,,,
g1_online_only,LEO_ONLY,24,0.1,600,2,283,ok,,0,1,76.325667,2014,5,10.593,0.074,10.692,10.670667,888,708,418,2014,2,2,1,5,1.7631E+12,1.7631E+12,,,,,,,,,,,,,,,
g1_online_only,LEO_ONLY,24,0.1,600,2,284,ok,,0,1,73.505208,2014,5,10.594,0.06,10.382,10.362,888,708,418,2014,2,2,1,5,1.7631E+12,1.7631E+12,,,,,,,,,,,,,,,
g1_online_only,LEO_ONLY,24,0.1,600,2,285,ok,,0,1,75.909875,2012,5,10.616,0.077,10.573,10.550542,887,707,418,2012,2,2,1,5,1.7631E+12,1.7631E+12,,,,,,,,,,,,,,,
g1_online_only,LEO_ONLY,24,0.1,600,2,286,ok,,0,1,73.561375,2015,5,10.49,0.073,10.555,10.533709,888,708,419,2015,2,2,1,5,1.7631E+12,1.7631E+12,,,,,,,,,,,,,,,
g1_online_only,LEO_ONLY,24,0.1,600,2,287,ok,,0,1,78.18875,2014,5,11.086,0.07,10.413,10.393333,888,708,418,2014,2,2,1,5,1.7631E+12,1.7631E+12,,,,,,,,,,,,,,,
g1_online_only,LEO_ONLY,24,0.1,600,2,288,ok,,0,1,72.302875,2015,5,10.559,0.074,10.19,10.164292,888,708,419,2015,2,2,1,5,1.7631E+12,1.7631E+12,,,,,,,,,,,,,,,
g1_online_only,LEO_ONLY,24,0.1,600,2,289,ok,,0,1,68.635459,2015,5,10.979,0.084,10.906,10.883208,888,708,419,2015,2,2,1,5,1.7631E+12,1.7631E+12,,,,,,,,,,,,,,,
g1_online_only,LEO_ONLY,24,0.1,600,2,290,ok,,0,1,71.36570801,2016,5,10.637,0.071,10.381,10.36358299,888,709,419,2016,2,2,1,5,1.7631E+12,1.7631E+12,,,,,,,,,,,,,,,
g1_online_only,LEO_ONLY,24,0.1,600,2,291,ok,,0,1,68.433833,2015,5,10.274,0.068,10.427,10.40708301,888,708,419,2015,2,2,1,5,1.7631E+12,1.7631E+12,,,,,,,,,,,,,,,
g1_online_only,LEO_ONLY,24,0.1,600,2,292,ok,,0,1,75.957334,2012,5,10.913,0.065,10.591,10.570959,887,707,418,2012,2,2,1,5,1.7631E+12,1.7631E+12,,,,,,,,,,,,,,,
g1_online_only,LEO_ONLY,24,0.1,600,2,293,ok,,0,1,68.710834,2013,5,10.422,0.078,10.391,10.364083,887,708,418,2013,2,2,1,5,1.7631E+12,1.7631E+12,,,,,,,,,,,,,,,
g1_online_only,LEO_ONLY,24,0.1,600,2,294,ok,,0,1,72.836208,2012,5,10.484,0.066,10.589,10.5675,887,707,418,2012,2,2,1,5,1.7631E+12,1.7631E+12,,,,,,,,,,,,,,,
g1_online_only,LEO_ONLY,24,0.1,600,2,295,ok,,0,1,77.003292,2016,5,10.721,0.069,10.579,10.55841699,888,709,419,2016,2,2,1,5,1.7631E+12,1.7631E+12,,,,,,,,,,,,,,,
g1_online_only,LEO_ONLY,24,0.1,600,2,296,ok,,0,1,75.704,2012,5,10.469,0.066,10.572,10.55224999,887,708,417,2012,2,2,1,5,1.7631E+12,1.7631E+12,,,,,,,,,,,,,,,
g1_online_only,LEO_ONLY,24,0.1,600,2,297,ok,,0,1,77.711417,2017,5,10.918,0.068,10.56,10.540042,889,709,419,2017,2,2,1,5,1.7631E+12,1.7631E+12,,,,,,,,,,,,,,,
g1_online_only,LEO_ONLY,24,0.1,600,2,298,ok,,0,1,74.437583,2013,5,10.708,0.067,10.478,10.45825,887,709,417,2013,2,2,1,5,1.7631E+12,1.7631E+12,,,,,,,,,,,,,,,
g1_online_only,LEO_ONLY,24,0.1,600,2,299,ok,,0,1,73.20725,2014,5,10.573,0.065,10.506,10.483833,888,708,418,2014,2,2,1,5,1.7631E+12,1.7631E+12,,,,,,,,,,,,,,,
g1_online_only,LEO_ONLY,24,0.1,600,2,300,ok,,0,1,67.064834,2014,5,10.283,0.069,10.468,10.447667,887,709,418,2014,2,2,1,5,1.7631E+12,1.7631E+12,,,,,,,,,,,,,,,
