scenario,mode,rtt_ms,loss_pct,timeout_ms,pto,run,status,failed_stage,errno,attempts,latency_ms,bytes_online,msgs_online,cpu_ms_ue,cpu_ms_leo2,ts5,ts6,rain_profile,bw_factor,down_rate_mbps,up_rate_mbps,bad_ticks,total_ticks,bad_ratio,blackout_events,blackout_ticks,window_profile,window_duration_ms,uplink_delay_ms,down_ready_ms,guard_close_ms,scheduled_blackouts
y1_online_only,LEO_ONLY,12,0,200,2,1,ok,,0,1,44.44791601,374,1,3.899,14.08,1.76265E+12,1.76265E+12,,,,,,,,,,,,,,,
y1_online_only,LEO_ONLY,12,0,200,2,2,ok,,0,1,31.68841702,374,1,3.581,13.464,1.76265E+12,1.76265E+12,,,,,,,,,,,,,,,
y1_online_only,LEO_ONLY,12,0,200,2,3,ok,,0,1,31.3645,374,1,3.727,13.565,1.76265E+12,1.76265E+12,,,,,,,,,,,,,,,
y1_online_only,LEO_ONLY,12,0,200,2,4,ok,,0,1,34.44262501,374,1,3.673,13.899,1.76265E+12,1.76265E+12,,,,,,,,,,,,,,,
y1_online_only,LEO_ONLY,12,0,200,2,5,ok,,0,1,29.05737498,374,1,3.756,13.558,1.76265E+12,1.76265E+12,,,,,,,,,,,,,,,
y1_online_only,LEO_ONLY,12,0,200,2,6,ok,,0,1,29.80033401,374,1,3.758,13.261,1.76265E+12,1.76265E+12,,373.97,3.726932222,13.75247222,,,,,,,,,,,
y1_online_only,LEO_ONLY,12,0,200,2,7,ok,,0,1,29.39837499,374,1,3.71,13.116,1.76265E+12,1.76265E+12,,0.0291,0.075408452,0.810202375,,,,,,,,,,,
y1_online_only,LEO_ONLY,12,0,200,2,8,ok,,0,1,31.11779099,373,1,4.139,13.969,1.76265E+12,1.76265E+12,,1800,1800,1800,,,,,,,,,,,
y1_online_only,LEO_ONLY,12,0,200,2,9,ok,,0,1,32.84508301,374,1,3.507,12.979,1.76265E+12,1.76265E+12,,,,,,,,,,,,,,,
y1_online_only,LEO_ONLY,12,0,200,2,10,ok,,0,1,31.40641699,374,1,3.775,13.205,1.76265E+12,1.76265E+12,,374.3883333,3.755503333,14.25090833,,,,,,,,,,,
y1_online_only,LEO_ONLY,12,0,200,2,11,ok,,0,1,31.29233301,374,1,3.583,13.074,1.76265E+12,1.76265E+12,,155.2941972,0.085579247,1.047506941,,,,,,,,,,,
y1_online_only,LEO_ONLY,12,0,200,2,12,ok,,0,1,29.75341602,374,1,3.817,13.608,1.76265E+12,1.76265E+12,,1800,1800,1800,,,,,,,,,,,
y1_online_only,LEO_ONLY,12,0,200,2,13,ok,,0,1,32.342291,374,1,4.078,13.397,1.76265E+12,1.76265E+12,,,,,,,,,,,,,,,
y1_online_only,LEO_ONLY,12,0,200,2,14,ok,,0,1,29.879084,374,1,3.785,13.394,1.76265E+12,1.76265E+12,,,3.741217778,13.75247222,,,,,,,,,,,
y1_online_only,LEO_ONLY,12,0,200,2,15,ok,,0,1,32.16579201,374,1,3.775,13.373,1.76265E+12,1.76265E+12,,,0.080697926,0.990964297,,,,,,,,,,,
y1_online_only,LEO_ONLY,12,0,200,2,16,ok,,0,1,33.024417,374,1,3.818,13.097,1.76265E+12,1.76265E+12,,,3600,3600,,,,,,,,,,,
y1_online_only,LEO_ONLY,12,0,200,2,17,ok,,0,1,31.326583,374,1,3.74,13.552,1.76265E+12,1.76265E+12,,,,,,,,,,,,,,,
y1_online_only,LEO_ONLY,12,0,200,2,18,ok,,0,1,28.27845799,374,1,3.465,12.543,1.76265E+12,1.76265E+12,,"(12,0.0,200)","(12,0.0,400)","(12,0.0,600)","(12,0.1,200)","(12,0.1,400)","(12,0.1,600)","(24,0.0,200)","(24,0.0,400)","(24,0.0,600)","(24,0.1,200)","(24,0.1,400)","(24,0.1,600)",,
y1_online_only,LEO_ONLY,12,0,200,2,19,ok,,0,1,33.06250001,374,1,3.736,13.271,1.76265E+12,1.76265E+12,,1,1,1,1,1,1,1,1,1,0.996677741,1,0.996677741,,
y1_online_only,LEO_ONLY,12,0,200,2,20,ok,,0,1,28.98512501,374,1,3.699,13.327,1.76265E+12,1.76265E+12,,,,,,,,,,,,,,,
y1_online_only,LEO_ONLY,12,0,200,2,21,ok,,0,1,31.23391699,374,1,3.558,13.434,1.76265E+12,1.76265E+12,,,,,,,,,,,,,,,
y1_online_only,LEO_ONLY,12,0,200,2,22,ok,,0,1,32.40575001,374,1,3.755,13.515,1.76265E+12,1.76265E+12,,,,,,,,,,,,,,,
y1_online_only,LEO_ONLY,12,0,200,2,23,ok,,0,1,32.6375,374,1,3.661,13.104,1.76265E+12,1.76265E+12,,,,,,,,,,,,,,,
y1_online_only,LEO_ONLY,12,0,200,2,24,ok,,0,1,31.30575002,374,1,3.719,13.319,1.76265E+12,1.76265E+12,,,,,,,,,,,,,,,
y1_online_only,LEO_ONLY,12,0,200,2,25,ok,,0,1,33.865,374,1,3.728,13.582,1.76265E+12,1.76265E+12,,,,,,,,,,,,,,,
y1_online_only,LEO_ONLY,12,0,200,2,26,ok,,0,1,32.19199998,374,1,3.645,13.762,1.76265E+12,1.76265E+12,,,,,,,,,,,,,,,
y1_online_only,LEO_ONLY,12,0,200,2,27,ok,,0,1,32.20462499,374,1,3.743,13.622,1.76265E+12,1.76265E+12,,,,,,,,,,,,,,,
y1_online_only,LEO_ONLY,12,0,200,2,28,ok,,0,1,29.62487499,374,1,3.55,13.008,1.76265E+12,1.76265E+12,,,,,,,,,,,,,,,
y1_online_only,LEO_ONLY,12,0,200,2,29,ok,,0,1,32.23758301,374,1,3.83,13.396,1.76265E+12,1.76265E+12,,,,,,,,,,,,,,,
y1_online_only,LEO_ONLY,12,0,200,2,30,ok,,0,1,31.09533398,374,1,3.642,13.549,1.76265E+12,1.76265E+12,,,,,,,,,,,,,,,
y1_online_only,LEO_ONLY,12,0,200,2,31,ok,,0,1,34.78108399,374,1,3.623,14.31,1.76265E+12,1.76265E+12,,,,,,,,,,,,,,,
y1_online_only,LEO_ONLY,12,0,200,2,32,ok,,0,1,32.44087499,374,1,3.741,13.474,1.76265E+12,1.76265E+12,,,,,,,,,,,,,,,
y1_online_only,LEO_ONLY,12,0,200,2,33,ok,,0,1,30.17899999,374,1,3.853,13.272,1.76265E+12,1.76265E+12,,,,,,,,,,,,,,,
y1_online_only,LEO_ONLY,12,0,200,2,34,ok,,0,1,33.340208,374,1,3.938,13.557,1.76265E+12,1.76265E+12,,,,,,,,,,,,,,,
y1_online_only,LEO_ONLY,12,0,200,2,35,ok,,0,1,29.498833,374,1,3.791,13.29,1.76265E+12,1.76265E+12,,,,,,,,,,,,,,,
y1_online_only,LEO_ONLY,12,0,200,2,36,ok,,0,1,31.81833299,374,1,3.849,13.69,1.76265E+12,1.76265E+12,,,,,,,,,,,,,,,
y1_online_only,LEO_ONLY,12,0,200,2,37,ok,,0,1,35.16004098,374,1,3.75,13.916,1.76265E+12,1.76265E+12,,,,,,,,,,,,,,,
y1_online_only,LEO_ONLY,12,0,200,2,38,ok,,0,1,31.19133401,374,1,3.712,13.663,1.76265E+12,1.76265E+12,,,,,,,,,,,,,,,
y1_online_only,LEO_ONLY,12,0,200,2,39,ok,,0,1,35.553625,374,1,3.813,13.594,1.76265E+12,1.76265E+12,,,,,,,,,,,,,,,
y1_online_only,LEO_ONLY,12,0,200,2,40,ok,,0,1,29.81070898,374,1,3.704,13.304,1.76265E+12,1.76265E+12,,,,,,,,,,,,,,,
y1_online_only,LEO_ONLY,12,0,200,2,41,ok,,0,1,33.43116699,374,1,3.745,13.634,1.76265E+12,1.76265E+12,,,,,,,,,,,,,,,
y1_online_only,LEO_ONLY,12,0,200,2,42,ok,,0,1,33.123459,374,1,3.501,13.074,1.76265E+12,1.76265E+12,,,,,,,,,,,,,,,
y1_online_only,LEO_ONLY,12,0,200,2,43,ok,,0,1,31.84933399,374,1,3.601,13.315,1.76265E+12,1.76265E+12,,,,,,,,,,,,,,,
y1_online_only,LEO_ONLY,12,0,200,2,44,ok,,0,1,31.70029199,374,1,3.68,13.549,1.76265E+12,1.76265E+12,,,,,,,,,,,,,,,
y1_online_only,LEO_ONLY,12,0,200,2,45,ok,,0,1,29.94833299,374,1,3.842,13.579,1.76265E+12,1.76265E+12,,,,,,,,,,,,,,,
y1_online_only,LEO_ONLY,12,0,200,2,46,ok,,0,1,30.359292,374,1,4.899,15.417,1.76265E+12,1.76265E+12,,,,,,,,,,,,,,,
y1_online_only,LEO_ONLY,12,0,200,2,47,ok,,0,1,31.76116702,374,1,3.611,13.558,1.76265E+12,1.76265E+12,,,,,,,,,,,,,,,
y1_online_only,LEO_ONLY,12,0,200,2,48,ok,,0,1,31.29087499,374,1,3.564,13.307,1.76265E+12,1.76265E+12,,,,,,,,,,,,,,,
y1_online_only,LEO_ONLY,12,0,200,2,49,ok,,0,1,36.15437498,374,1,3.82,13.448,1.76265E+12,1.76265E+12,,,,,,,,,,,,,,,
y1_online_only,LEO_ONLY,12,0,200,2,50,ok,,0,1,33.61750001,374,1,3.71,13.31,1.76265E+12,1.76265E+12,,,,,,,,,,,,,,,
y1_online_only,LEO_ONLY,12,0,200,2,51,ok,,0,1,33.71387499,374,1,3.689,13.756,1.76265E+12,1.76265E+12,,,,,,,,,,,,,,,
y1_online_only,LEO_ONLY,12,0,200,2,52,ok,,0,1,35.75075002,374,1,3.718,13.634,1.76265E+12,1.76265E+12,,,,,,,,,,,,,,,
y1_online_only,LEO_ONLY,12,0,200,2,53,ok,,0,1,28.448417,374,1,3.682,13.652,1.76265E+12,1.76265E+12,,,,,,,,,,,,,,,
y1_online_only,LEO_ONLY,12,0,200,2,54,ok,,0,1,31.88970799,374,1,5.339,13.375,1.76265E+12,1.76265E+12,,,,,,,,,,,,,,,
y1_online_only,LEO_ONLY,12,0,200,2,55,ok,,0,1,34.247042,374,1,3.955,13.325,1.76265E+12,1.76265E+12,,,,,,,,,,,,,,,
y1_online_only,LEO_ONLY,12,0,200,2,56,ok,,0,1,28.80983299,374,1,3.659,12.899,1.76265E+12,1.76265E+12,,,,,,,,,,,,,,,
y1_online_only,LEO_ONLY,12,0,200,2,57,ok,,0,1,32.16929198,374,1,3.671,13.399,1.76265E+12,1.76265E+12,,,,,,,,,,,,,,,
y1_online_only,LEO_ONLY,12,0,200,2,58,ok,,0,1,32.66145798,374,1,3.654,13.779,1.76265E+12,1.76265E+12,,,,,,,,,,,,,,,
y1_online_only,LEO_ONLY,12,0,200,2,59,ok,,0,1,27.65683399,374,1,3.634,13.062,1.76265E+12,1.76265E+12,,,,,,,,,,,,,,,
y1_online_only,LEO_ONLY,12,0,200,2,60,ok,,0,1,33.47591701,374,1,3.783,13.484,1.76265E+12,1.76265E+12,,,,,,,,,,,,,,,
y1_online_only,LEO_ONLY,12,0,200,2,61,ok,,0,1,36.39162501,374,1,3.643,13.713,1.76265E+12,1.76265E+12,,,,,,,,,,,,,,,
y1_online_only,LEO_ONLY,12,0,200,2,62,ok,,0,1,28.64566701,374,1,3.572,13.487,1.76265E+12,1.76265E+12,,,,,,,,,,,,,,,
y1_online_only,LEO_ONLY,12,0,200,2,63,ok,,0,1,30.61175,374,1,3.779,13.583,1.76265E+12,1.76265E+12,,,,,,,,,,,,,,,
y1_online_only,LEO_ONLY,12,0,200,2,64,ok,,0,1,32.121959,374,1,3.807,13.179,1.76265E+12,1.76265E+12,,,,,,,,,,,,,,,
y1_online_only,LEO_ONLY,12,0,200,2,65,ok,,0,1,29.47916699,374,1,3.583,13.298,1.76265E+12,1.76265E+12,,,,,,,,,,,,,,,
y1_online_only,LEO_ONLY,12,0,200,2,66,ok,,0,1,31.61741601,374,1,3.547,12.986,1.76265E+12,1.76265E+12,,,,,,,,,,,,,,,
y1_online_only,LEO_ONLY,12,0,200,2,67,ok,,0,1,31.919584,374,1,3.745,13.533,1.76265E+12,1.76265E+12,,,,,,,,,,,,,,,
y1_online_only,LEO_ONLY,12,0,200,2,68,ok,,0,1,31.862125,374,1,3.804,13.289,1.76265E+12,1.76265E+12,,,,,,,,,,,,,,,
y1_online_only,LEO_ONLY,12,0,200,2,69,ok,,0,1,33.88237502,374,1,3.702,13.663,1.76265E+12,1.76265E+12,,,,,,,,,,,,,,,
y1_online_only,LEO_ONLY,12,0,200,2,70,ok,,0,1,33.45449999,374,1,3.676,13.209,1.76265E+12,1.76265E+12,,,,,,,,,,,,,,,
y1_online_only,LEO_ONLY,12,0,200,2,71,ok,,0,1,28.42041699,374,1,3.551,13.268,1.76265E+12,1.76265E+12,,,,,,,,,,,,,,,
y1_online_only,LEO_ONLY,12,0,200,2,72,ok,,0,1,32.20816702,374,1,3.485,13.238,1.76265E+12,1.76265E+12,,,,,,,,,,,,,,,
y1_online_only,LEO_ONLY,12,0,200,2,73,ok,,0,1,35.52545901,374,1,3.83,13.47,1.76265E+12,1.76265E+12,,,,,,,,,,,,,,,
y1_online_only,LEO_ONLY,12,0,200,2,74,ok,,0,1,29.51800002,374,1,3.71,13.3,1.76265E+12,1.76265E+12,,,,,,,,,,,,,,,
y1_online_only,LEO_ONLY,12,0,200,2,75,ok,,0,1,33.347583,374,1,3.748,13.597,1.76265E+12,1.76265E+12,,,,,,,,,,,,,,,
y1_online_only,LEO_ONLY,12,0,200,2,76,ok,,0,1,32.16079201,374,1,3.642,13.402,1.76265E+12,1.76265E+12,,,,,,,,,,,,,,,
y1_online_only,LEO_ONLY,12,0,200,2,77,ok,,0,1,31.61725,374,1,3.794,13.77,1.76265E+12,1.76265E+12,,,,,,,,,,,,,,,
y1_online_only,LEO_ONLY,12,0,200,2,78,ok,,0,1,31.34625001,374,1,3.757,13.633,1.76265E+12,1.76265E+12,,,,,,,,,,,,,,,
y1_online_only,LEO_ONLY,12,0,200,2,79,ok,,0,1,33.08712502,374,1,3.768,13.456,1.76265E+12,1.76265E+12,,,,,,,,,,,,,,,
y1_online_only,LEO_ONLY,12,0,200,2,80,ok,,0,1,35.109916,374,1,3.766,13.837,1.76265E+12,1.76265E+12,,,,,,,,,,,,,,,
y1_online_only,LEO_ONLY,12,0,200,2,81,ok,,0,1,37.61554198,374,1,3.687,13.77,1.76265E+12,1.76265E+12,,,,,,,,,,,,,,,
y1_online_only,LEO_ONLY,12,0,200,2,82,ok,,0,1,33.6115,374,1,3.671,13.812,1.76265E+12,1.76265E+12,,,,,,,,,,,,,,,
y1_online_only,LEO_ONLY,12,0,200,2,83,ok,,0,1,30.83608401,374,1,3.412,13.101,1.76265E+12,1.76265E+12,,,,,,,,,,,,,,,
y1_online_only,LEO_ONLY,12,0,200,2,84,ok,,0,1,29.68499999,374,1,3.508,13.283,1.76265E+12,1.76265E+12,,,,,,,,,,,,,,,
y1_online_only,LEO_ONLY,12,0,200,2,85,ok,,0,1,30.07724998,374,1,3.404,13.362,1.76265E+12,1.76265E+12,,,,,,,,,,,,,,,
y1_online_only,LEO_ONLY,12,0,200,2,86,ok,,0,1,34.0245,374,1,3.641,13.844,1.76265E+12,1.76265E+12,,,,,,,,,,,,,,,
y1_online_only,LEO_ONLY,12,0,200,2,87,ok,,0,1,35.633458,374,1,3.741,13.826,1.76265E+12,1.76265E+12,,,,,,,,,,,,,,,
y1_online_only,LEO_ONLY,12,0,200,2,88,ok,,0,1,35.699083,374,1,3.729,13.779,1.76265E+12,1.76265E+12,,,,,,,,,,,,,,,
y1_online_only,LEO_ONLY,12,0,200,2,89,ok,,0,1,36.12170898,373,1,3.823,13.72,1.76265E+12,1.76265E+12,,,,,,,,,,,,,,,
y1_online_only,LEO_ONLY,12,0,200,2,90,ok,,0,1,33.998167,373,1,3.812,13.524,1.76265E+12,1.76265E+12,,,,,,,,,,,,,,,
y1_online_only,LEO_ONLY,12,0,200,2,91,ok,,0,1,31.87920799,374,1,4.02,13.181,1.76265E+12,1.76265E+12,,,,,,,,,,,,,,,
y1_online_only,LEO_ONLY,12,0,200,2,92,ok,,0,1,36.68049999,374,1,4.173,13.548,1.76265E+12,1.76265E+12,,,,,,,,,,,,,,,
y1_online_only,LEO_ONLY,12,0,200,2,93,ok,,0,1,35.321209,374,1,3.693,13.773,1.76265E+12,1.76265E+12,,,,,,,,,,,,,,,
y1_online_only,LEO_ONLY,12,0,200,2,94,ok,,0,1,30.703166,374,1,3.644,13.304,1.76265E+12,1.76265E+12,,,,,,,,,,,,,,,
y1_online_only,LEO_ONLY,12,0,200,2,95,ok,,0,1,28.75587498,374,1,3.651,13.333,1.76265E+12,1.76265E+12,,,,,,,,,,,,,,,
y1_online_only,LEO_ONLY,12,0,200,2,96,ok,,0,1,29.973917,374,1,3.548,13.373,1.76265E+12,1.76265E+12,,,,,,,,,,,,,,,
y1_online_only,LEO_ONLY,12,0,200,2,97,ok,,0,1,28.47383299,374,1,3.84,13.516,1.76265E+12,1.76265E+12,,,,,,,,,,,,,,,
y1_online_only,LEO_ONLY,12,0,200,2,98,ok,,0,1,32.48737499,374,1,3.984,13.65,1.76265E+12,1.76265E+12,,,,,,,,,,,,,,,
y1_online_only,LEO_ONLY,12,0,200,2,99,ok,,0,1,33.50116601,373,1,3.743,13.85,1.76265E+12,1.76265E+12,,,,,,,,,,,,,,,
y1_online_only,LEO_ONLY,12,0,200,2,100,ok,,0,1,34.88354199,374,1,3.682,13.431,1.76265E+12,1.76265E+12,,,,,,,,,,,,,,,
y1_online_only,LEO_ONLY,12,0,200,2,101,ok,,0,1,34.69291699,374,1,3.61,13.575,1.76265E+12,1.76265E+12,,,,,,,,,,,,,,,
y1_online_only,LEO_ONLY,12,0,200,2,102,ok,,0,1,34.01862498,374,1,3.586,13.477,1.76265E+12,1.76265E+12,,,,,,,,,,,,,,,
y1_online_only,LEO_ONLY,12,0,200,2,103,ok,,0,1,30.737625,373,1,3.706,13.597,1.76265E+12,1.76265E+12,,,,,,,,,,,,,,,
y1_online_only,LEO_ONLY,12,0,200,2,104,ok,,0,1,31.17554198,374,1,3.647,13.438,1.76265E+12,1.76265E+12,,,,,,,,,,,,,,,
y1_online_only,LEO_ONLY,12,0,200,2,105,ok,,0,1,32.99541702,374,1,3.682,13.807,1.76265E+12,1.76265E+12,,,,,,,,,,,,,,,
y1_online_only,LEO_ONLY,12,0,200,2,106,ok,,0,1,32.17949998,374,1,3.821,13.835,1.76265E+12,1.76265E+12,,,,,,,,,,,,,,,
y1_online_only,LEO_ONLY,12,0,200,2,107,ok,,0,1,30.67491599,374,1,3.709,13.771,1.76265E+12,1.76265E+12,,,,,,,,,,,,,,,
y1_online_only,LEO_ONLY,12,0,200,2,108,ok,,0,1,32.00683399,374,1,3.562,13.411,1.76265E+12,1.76265E+12,,,,,,,,,,,,,,,
y1_online_only,LEO_ONLY,12,0,200,2,109,ok,,0,1,30.757042,374,1,3.764,13.663,1.76265E+12,1.76265E+12,,,,,,,,,,,,,,,
y1_online_only,LEO_ONLY,12,0,200,2,110,ok,,0,1,35.05708298,374,1,3.623,13.775,1.76265E+12,1.76265E+12,,,,,,,,,,,,,,,
y1_online_only,LEO_ONLY,12,0,200,2,111,ok,,0,1,30.10016697,374,1,3.806,13.707,1.76265E+12,1.76265E+12,,,,,,,,,,,,,,,
y1_online_only,LEO_ONLY,12,0,200,2,112,ok,,0,1,33.65941599,374,1,3.812,13.615,1.76265E+12,1.76265E+12,,,,,,,,,,,,,,,
y1_online_only,LEO_ONLY,12,0,200,2,113,ok,,0,1,32.43329198,374,1,3.646,13.618,1.76265E+12,1.76265E+12,,,,,,,,,,,,,,,
y1_online_only,LEO_ONLY,12,0,200,2,114,ok,,0,1,32.927958,374,1,3.548,13.47,1.76265E+12,1.76265E+12,,,,,,,,,,,,,,,
y1_online_only,LEO_ONLY,12,0,200,2,115,ok,,0,1,31.698292,374,1,3.639,13.349,1.76265E+12,1.76265E+12,,,,,,,,,,,,,,,
y1_online_only,LEO_ONLY,12,0,200,2,116,ok,,0,1,32.61354202,374,1,3.598,13.57,1.76265E+12,1.76265E+12,,,,,,,,,,,,,,,
y1_online_only,LEO_ONLY,12,0,200,2,117,ok,,0,1,33.731042,374,1,3.736,13.731,1.76265E+12,1.76265E+12,,,,,,,,,,,,,,,
y1_online_only,LEO_ONLY,12,0,200,2,118,ok,,0,1,31.45025001,374,1,3.732,13.653,1.76265E+12,1.76265E+12,,,,,,,,,,,,,,,
y1_online_only,LEO_ONLY,12,0,200,2,119,ok,,0,1,33.43154202,374,1,3.699,13.372,1.76265E+12,1.76265E+12,,,,,,,,,,,,,,,
y1_online_only,LEO_ONLY,12,0,200,2,120,ok,,0,1,34.61695899,374,1,3.604,14.005,1.76265E+12,1.76265E+12,,,,,,,,,,,,,,,
y1_online_only,LEO_ONLY,12,0,200,2,121,ok,,0,1,32.77579098,374,1,3.773,13.575,1.76265E+12,1.76265E+12,,,,,,,,,,,,,,,
y1_online_only,LEO_ONLY,12,0,200,2,122,ok,,0,1,32.296166,374,1,4.464,13.236,1.76265E+12,1.76265E+12,,,,,,,,,,,,,,,
y1_online_only,LEO_ONLY,12,0,200,2,123,ok,,0,1,33.97404199,374,1,3.693,13.697,1.76265E+12,1.76265E+12,,,,,,,,,,,,,,,
y1_online_only,LEO_ONLY,12,0,200,2,124,ok,,0,1,31.48766601,373,1,3.723,13.294,1.76265E+12,1.76265E+12,,,,,,,,,,,,,,,
y1_online_only,LEO_ONLY,12,0,200,2,125,ok,,0,1,30.61608301,374,1,3.692,13.567,1.76265E+12,1.76265E+12,,,,,,,,,,,,,,,
y1_online_only,LEO_ONLY,12,0,200,2,126,ok,,0,1,31.04345899,374,1,3.563,13.271,1.76265E+12,1.76265E+12,,,,,,,,,,,,,,,
y1_online_only,LEO_ONLY,12,0,200,2,127,ok,,0,1,33.83329202,374,1,3.795,13.519,1.76265E+12,1.76265E+12,,,,,,,,,,,,,,,
y1_online_only,LEO_ONLY,12,0,200,2,128,ok,,0,1,27.74095899,374,1,3.624,13.394,1.76265E+12,1.76265E+12,,,,,,,,,,,,,,,
y1_online_only,LEO_ONLY,12,0,200,2,129,ok,,0,1,35.95170801,374,1,3.664,13.653,1.76265E+12,1.76265E+12,,,,,,,,,,,,,,,
y1_online_only,LEO_ONLY,12,0,200,2,130,ok,,0,1,36.62516698,374,1,3.865,14.11,1.76265E+12,1.76265E+12,,,,,,,,,,,,,,,
y1_online_only,LEO_ONLY,12,0,200,2,131,ok,,0,1,30.91695902,374,1,3.707,13.744,1.76265E+12,1.76265E+12,,,,,,,,,,,,,,,
y1_online_only,LEO_ONLY,12,0,200,2,132,ok,,0,1,29.005916,374,1,3.577,13.423,1.76265E+12,1.76265E+12,,,,,,,,,,,,,,,
y1_online_only,LEO_ONLY,12,0,200,2,133,ok,,0,1,38.03354199,374,1,3.653,13.941,1.76265E+12,1.76265E+12,,,,,,,,,,,,,,,
y1_online_only,LEO_ONLY,12,0,200,2,134,ok,,0,1,31.097792,374,1,3.902,13.697,1.76265E+12,1.76265E+12,,,,,,,,,,,,,,,
y1_online_only,LEO_ONLY,12,0,200,2,135,ok,,0,1,30.88966702,374,1,3.783,13.66,1.76265E+12,1.76265E+12,,,,,,,,,,,,,,,
y1_online_only,LEO_ONLY,12,0,200,2,136,ok,,0,1,32.171625,374,1,3.687,13.89,1.76265E+12,1.76265E+12,,,,,,,,,,,,,,,
y1_online_only,LEO_ONLY,12,0,200,2,137,ok,,0,1,33.01720798,374,1,3.634,13.183,1.76265E+12,1.76265E+12,,,,,,,,,,,,,,,
y1_online_only,LEO_ONLY,12,0,200,2,138,ok,,0,1,29.376625,374,1,3.605,13.373,1.76265E+12,1.76265E+12,,,,,,,,,,,,,,,
y1_online_only,LEO_ONLY,12,0,200,2,139,ok,,0,1,35.11216698,374,1,3.756,13.686,1.76265E+12,1.76265E+12,,,,,,,,,,,,,,,
y1_online_only,LEO_ONLY,12,0,200,2,140,ok,,0,1,30.290792,374,1,3.792,13.688,1.76265E+12,1.76265E+12,,,,,,,,,,,,,,,
y1_online_only,LEO_ONLY,12,0,200,2,141,ok,,0,1,32.462,374,1,3.723,13.341,1.76265E+12,1.76265E+12,,,,,,,,,,,,,,,
y1_online_only,LEO_ONLY,12,0,200,2,142,ok,,0,1,31.21175,374,1,3.568,13.706,1.76265E+12,1.76265E+12,,,,,,,,,,,,,,,
y1_online_only,LEO_ONLY,12,0,200,2,143,ok,,0,1,31.591334,374,1,3.663,13.737,1.76265E+12,1.76265E+12,,,,,,,,,,,,,,,
y1_online_only,LEO_ONLY,12,0,200,2,144,ok,,0,1,31.87912601,374,1,3.789,13.692,1.76265E+12,1.76265E+12,,,,,,,,,,,,,,,
y1_online_only,LEO_ONLY,12,0,200,2,145,ok,,0,1,31.449,374,1,3.759,13.743,1.76265E+12,1.76265E+12,,,,,,,,,,,,,,,
y1_online_only,LEO_ONLY,12,0,200,2,146,ok,,0,1,32.048375,374,1,3.655,13.697,1.76265E+12,1.76265E+12,,,,,,,,,,,,,,,
y1_online_only,LEO_ONLY,12,0,200,2,147,ok,,0,1,34.94087499,374,1,3.911,14.097,1.76265E+12,1.76265E+12,,,,,,,,,,,,,,,
y1_online_only,LEO_ONLY,12,0,200,2,148,ok,,0,1,34.90591701,374,1,3.815,13.792,1.76265E+12,1.76265E+12,,,,,,,,,,,,,,,
y1_online_only,LEO_ONLY,12,0,200,2,149,ok,,0,1,32.042709,374,1,3.71,13.693,1.76265E+12,1.76265E+12,,,,,,,,,,,,,,,
y1_online_only,LEO_ONLY,12,0,200,2,150,ok,,0,1,31.02895798,374,1,3.725,13.214,1.76265E+12,1.76265E+12,,,,,,,,,,,,,,,
y1_online_only,LEO_ONLY,12,0,200,2,151,ok,,0,1,30.963625,374,1,3.723,13.395,1.76265E+12,1.76265E+12,,,,,,,,,,,,,,,
y1_online_only,LEO_ONLY,12,0,200,2,152,ok,,0,1,30.289708,374,1,3.65,13.285,1.76265E+12,1.76265E+12,,,,,,,,,,,,,,,
y1_online_only,LEO_ONLY,12,0,200,2,153,ok,,0,1,36.46091599,374,1,3.792,13.658,1.76265E+12,1.76265E+12,,,,,,,,,,,,,,,
y1_online_only,LEO_ONLY,12,0,200,2,154,ok,,0,1,33.43808398,374,1,3.915,13.873,1.76265E+12,1.76265E+12,,,,,,,,,,,,,,,
y1_online_only,LEO_ONLY,12,0,200,2,155,ok,,0,1,31.55804201,374,1,3.69,13.631,1.76265E+12,1.76265E+12,,,,,,,,,,,,,,,
y1_online_only,LEO_ONLY,12,0,200,2,156,ok,,0,1,35.56487503,374,1,3.67,13.595,1.76265E+12,1.76265E+12,,,,,,,,,,,,,,,
y1_online_only,LEO_ONLY,12,0,200,2,157,ok,,0,1,34.72324999,374,1,3.811,14.459,1.76265E+12,1.76265E+12,,,,,,,,,,,,,,,
y1_online_only,LEO_ONLY,12,0,200,2,158,ok,,0,1,34.36220798,374,1,3.636,13.351,1.76265E+12,1.76265E+12,,,,,,,,,,,,,,,
y1_online_only,LEO_ONLY,12,0,200,2,159,ok,,0,1,43.41662501,374,1,3.995,24.803,1.76265E+12,1.76265E+12,,,,,,,,,,,,,,,
y1_online_only,LEO_ONLY,12,0,200,2,160,ok,,0,1,29.86866698,374,1,3.659,13.439,1.76265E+12,1.76265E+12,,,,,,,,,,,,,,,
y1_online_only,LEO_ONLY,12,0,200,2,161,ok,,0,1,31.39533399,374,1,3.884,14.751,1.76265E+12,1.76265E+12,,,,,,,,,,,,,,,
y1_online_only,LEO_ONLY,12,0,200,2,162,ok,,0,1,33.74525002,374,1,3.718,13.433,1.76265E+12,1.76265E+12,,,,,,,,,,,,,,,
y1_online_only,LEO_ONLY,12,0,200,2,163,ok,,0,1,33.03420902,374,1,3.643,13.398,1.76265E+12,1.76265E+12,,,,,,,,,,,,,,,
y1_online_only,LEO_ONLY,12,0,200,2,164,ok,,0,1,31.75995802,374,1,3.664,13.344,1.76265E+12,1.76265E+12,,,,,,,,,,,,,,,
y1_online_only,LEO_ONLY,12,0,200,2,165,ok,,0,1,34.31829199,374,1,3.653,13.653,1.76265E+12,1.76265E+12,,,,,,,,,,,,,,,
y1_online_only,LEO_ONLY,12,0,200,2,166,ok,,0,1,36.66287498,374,1,3.716,13.745,1.76265E+12,1.76265E+12,,,,,,,,,,,,,,,
y1_online_only,LEO_ONLY,12,0,200,2,167,ok,,0,1,32.07758299,374,1,3.644,13.694,1.76265E+12,1.76265E+12,,,,,,,,,,,,,,,
y1_online_only,LEO_ONLY,12,0,200,2,168,ok,,0,1,31.902291,374,1,3.72,13.519,1.76265E+12,1.76265E+12,,,,,,,,,,,,,,,
y1_online_only,LEO_ONLY,12,0,200,2,169,ok,,0,1,36.11154202,374,1,3.717,13.206,1.76265E+12,1.76265E+12,,,,,,,,,,,,,,,
y1_online_only,LEO_ONLY,12,0,200,2,170,ok,,0,1,34.12979201,374,1,3.801,13.606,1.76265E+12,1.76265E+12,,,,,,,,,,,,,,,
y1_online_only,LEO_ONLY,12,0,200,2,171,ok,,0,1,27.83229199,374,1,3.757,13.398,1.76265E+12,1.76265E+12,,,,,,,,,,,,,,,
y1_online_only,LEO_ONLY,12,0,200,2,172,ok,,0,1,29.50583299,374,1,3.588,13.603,1.76265E+12,1.76265E+12,,,,,,,,,,,,,,,
y1_online_only,LEO_ONLY,12,0,200,2,173,ok,,0,1,32.94025001,374,1,3.736,13.74,1.76265E+12,1.76265E+12,,,,,,,,,,,,,,,
y1_online_only,LEO_ONLY,12,0,200,2,174,ok,,0,1,30.62187499,374,1,3.765,13.609,1.76265E+12,1.76265E+12,,,,,,,,,,,,,,,
y1_online_only,LEO_ONLY,12,0,200,2,175,ok,,0,1,34.14375,374,1,3.643,13.795,1.76265E+12,1.76265E+12,,,,,,,,,,,,,,,
y1_online_only,LEO_ONLY,12,0,200,2,176,ok,,0,1,34.98520798,374,1,3.776,14.123,1.76265E+12,1.76265E+12,,,,,,,,,,,,,,,
y1_online_only,LEO_ONLY,12,0,200,2,177,ok,,0,1,34.12000003,374,1,3.861,14.046,1.76265E+12,1.76265E+12,,,,,,,,,,,,,,,
y1_online_only,LEO_ONLY,12,0,200,2,178,ok,,0,1,32.048625,374,1,3.73,13.722,1.76265E+12,1.76265E+12,,,,,,,,,,,,,,,
y1_online_only,LEO_ONLY,12,0,200,2,179,ok,,0,1,34.84874999,374,1,3.752,13.423,1.76265E+12,1.76265E+12,,,,,,,,,,,,,,,
y1_online_only,LEO_ONLY,12,0,200,2,180,ok,,0,1,29.532541,374,1,3.703,13.512,1.76265E+12,1.76265E+12,,,,,,,,,,,,,,,
y1_online_only,LEO_ONLY,12,0,200,2,181,ok,,0,1,35.38891699,374,1,3.912,15.308,1.76265E+12,1.76265E+12,,,,,,,,,,,,,,,
y1_online_only,LEO_ONLY,12,0,200,2,182,ok,,0,1,36.134875,374,1,4.736,14.928,1.76265E+12,1.76265E+12,,,,,,,,,,,,,,,
y1_online_only,LEO_ONLY,12,0,200,2,183,ok,,0,1,32.44074999,374,1,4.426,14.344,1.76265E+12,1.76265E+12,,,,,,,,,,,,,,,
y1_online_only,LEO_ONLY,12,0,200,2,184,ok,,0,1,40.81670899,374,1,3.976,22.5,1.76265E+12,1.76265E+12,,,,,,,,,,,,,,,
y1_online_only,LEO_ONLY,12,0,200,2,185,ok,,0,1,28.849875,374,1,3.801,13.908,1.76265E+12,1.76265E+12,,,,,,,,,,,,,,,
y1_online_only,LEO_ONLY,12,0,200,2,186,ok,,0,1,33.19408398,374,1,3.833,14.03,1.76265E+12,1.76265E+12,,,,,,,,,,,,,,,
y1_online_only,LEO_ONLY,12,0,200,2,187,ok,,0,1,33.26579198,374,1,3.73,13.939,1.76265E+12,1.76265E+12,,,,,,,,,,,,,,,
y1_online_only,LEO_ONLY,12,0,200,2,188,ok,,0,1,32.66358399,374,1,3.672,13.656,1.76265E+12,1.76265E+12,,,,,,,,,,,,,,,
y1_online_only,LEO_ONLY,12,0,200,2,189,ok,,0,1,30.00141701,374,1,3.73,13.687,1.76265E+12,1.76265E+12,,,,,,,,,,,,,,,
y1_online_only,LEO_ONLY,12,0,200,2,190,ok,,0,1,41.97720799,373,1,6.598,21.781,1.76265E+12,1.76265E+12,,,,,,,,,,,,,,,
y1_online_only,LEO_ONLY,12,0,200,2,191,ok,,0,1,34.99737501,374,1,3.918,13.552,1.76265E+12,1.76265E+12,,,,,,,,,,,,,,,
y1_online_only,LEO_ONLY,12,0,200,2,192,ok,,0,1,33.375,374,1,3.868,13.764,1.76265E+12,1.76265E+12,,,,,,,,,,,,,,,
y1_online_only,LEO_ONLY,12,0,200,2,193,ok,,0,1,35.7595,374,1,3.705,13.651,1.76265E+12,1.76265E+12,,,,,,,,,,,,,,,
y1_online_only,LEO_ONLY,12,0,200,2,194,ok,,0,1,31.96262498,374,1,3.77,13.492,1.76265E+12,1.76265E+12,,,,,,,,,,,,,,,
y1_online_only,LEO_ONLY,12,0,200,2,195,ok,,0,1,32.79187498,374,1,3.516,13.326,1.76265E+12,1.76265E+12,,,,,,,,,,,,,,,
y1_online_only,LEO_ONLY,12,0,200,2,196,ok,,0,1,31.13437499,374,1,3.472,13.533,1.76265E+12,1.76265E+12,,,,,,,,,,,,,,,
y1_online_only,LEO_ONLY,12,0,200,2,197,ok,,0,1,32.29175098,374,1,3.776,13.423,1.76265E+12,1.76265E+12,,,,,,,,,,,,,,,
y1_online_only,LEO_ONLY,12,0,200,2,198,ok,,0,1,30.35708301,374,1,3.674,13.608,1.76265E+12,1.76265E+12,,,,,,,,,,,,,,,
y1_online_only,LEO_ONLY,12,0,200,2,199,ok,,0,1,30.61720901,374,1,3.683,13.463,1.76265E+12,1.76265E+12,,,,,,,,,,,,,,,
y1_online_only,LEO_ONLY,12,0,200,2,200,ok,,0,1,33.0615,374,1,3.576,13.588,1.76265E+12,1.76265E+12,,,,,,,,,,,,,,,
y1_online_only,LEO_ONLY,12,0,200,2,201,ok,,0,1,34.26333301,374,1,3.676,13.856,1.76265E+12,1.76265E+12,,,,,,,,,,,,,,,
y1_online_only,LEO_ONLY,12,0,200,2,202,ok,,0,1,29.57874999,374,1,3.839,13.741,1.76265E+12,1.76265E+12,,,,,,,,,,,,,,,
y1_online_only,LEO_ONLY,12,0,200,2,203,ok,,0,1,35.08537501,374,1,3.645,13.967,1.76265E+12,1.76265E+12,,,,,,,,,,,,,,,
y1_online_only,LEO_ONLY,12,0,200,2,204,ok,,0,1,30.21829101,374,1,4.053,13.533,1.76265E+12,1.76265E+12,,,,,,,,,,,,,,,
y1_online_only,LEO_ONLY,12,0,200,2,205,ok,,0,1,34.70866699,374,1,3.772,13.699,1.76265E+12,1.76265E+12,,,,,,,,,,,,,,,
y1_online_only,LEO_ONLY,12,0,200,2,206,ok,,0,1,34.982916,374,1,3.793,13.436,1.76265E+12,1.76265E+12,,,,,,,,,,,,,,,
y1_online_only,LEO_ONLY,12,0,200,2,207,ok,,0,1,29.03375,374,1,3.524,13.243,1.76265E+12,1.76265E+12,,,,,,,,,,,,,,,
y1_online_only,LEO_ONLY,12,0,200,2,208,ok,,0,1,34.782042,374,1,3.89,13.621,1.76265E+12,1.76265E+12,,,,,,,,,,,,,,,
y1_online_only,LEO_ONLY,12,0,200,2,209,ok,,0,1,33.280125,373,1,3.822,13.644,1.76265E+12,1.76265E+12,,,,,,,,,,,,,,,
y1_online_only,LEO_ONLY,12,0,200,2,210,ok,,0,1,31.952875,374,1,3.84,14,1.76265E+12,1.76265E+12,,,,,,,,,,,,,,,
y1_online_only,LEO_ONLY,12,0,200,2,211,ok,,0,1,34.06845799,374,1,3.7,13.723,1.76265E+12,1.76265E+12,,,,,,,,,,,,,,,
y1_online_only,LEO_ONLY,12,0,200,2,212,ok,,0,1,31.77604201,374,1,3.671,13.869,1.76265E+12,1.76265E+12,,,,,,,,,,,,,,,
y1_online_only,LEO_ONLY,12,0,200,2,213,ok,,0,1,32.897375,374,1,3.622,13.643,1.76265E+12,1.76265E+12,,,,,,,,,,,,,,,
y1_online_only,LEO_ONLY,12,0,200,2,214,ok,,0,1,33.00624999,374,1,3.697,13.668,1.76265E+12,1.76265E+12,,,,,,,,,,,,,,,
y1_online_only,LEO_ONLY,12,0,200,2,215,ok,,0,1,31.918833,374,1,3.702,13.552,1.76265E+12,1.76265E+12,,,,,,,,,,,,,,,
y1_online_only,LEO_ONLY,12,0,200,2,216,ok,,0,1,31.27041698,374,1,3.416,13.387,1.76265E+12,1.76265E+12,,,,,,,,,,,,,,,
y1_online_only,LEO_ONLY,12,0,200,2,217,ok,,0,1,32.56416597,373,1,3.702,13.441,1.76265E+12,1.76265E+12,,,,,,,,,,,,,,,
y1_online_only,LEO_ONLY,12,0,200,2,218,ok,,0,1,32.71970901,374,1,4.048,14.176,1.76265E+12,1.76265E+12,,,,,,,,,,,,,,,
y1_online_only,LEO_ONLY,12,0,200,2,219,ok,,0,1,31.45654101,374,1,3.606,13.636,1.76265E+12,1.76265E+12,,,,,,,,,,,,,,,
y1_online_only,LEO_ONLY,12,0,200,2,220,ok,,0,1,33.059209,374,1,3.681,13.577,1.76265E+12,1.76265E+12,,,,,,,,,,,,,,,
y1_online_only,LEO_ONLY,12,0,200,2,221,ok,,0,1,32.389459,374,1,3.57,13.265,1.76265E+12,1.76265E+12,,,,,,,,,,,,,,,
y1_online_only,LEO_ONLY,12,0,200,2,222,ok,,0,1,33.76404202,374,1,3.737,13.69,1.76265E+12,1.76265E+12,,,,,,,,,,,,,,,
y1_online_only,LEO_ONLY,12,0,200,2,223,ok,,0,1,30.67754197,374,1,3.845,13.55,1.76265E+12,1.76265E+12,,,,,,,,,,,,,,,
y1_online_only,LEO_ONLY,12,0,200,2,224,ok,,0,1,32.197208,374,1,3.602,13.645,1.76265E+12,1.76265E+12,,,,,,,,,,,,,,,
y1_online_only,LEO_ONLY,12,0,200,2,225,ok,,0,1,35.867709,374,1,3.738,13.601,1.76265E+12,1.76265E+12,,,,,,,,,,,,,,,
y1_online_only,LEO_ONLY,12,0,200,2,226,ok,,0,1,32.56683401,374,1,3.654,13.477,1.76265E+12,1.76265E+12,,,,,,,,,,,,,,,
y1_online_only,LEO_ONLY,12,0,200,2,227,ok,,0,1,35.072208,374,1,3.738,13.673,1.76265E+12,1.76265E+12,,,,,,,,,,,,,,,
y1_online_only,LEO_ONLY,12,0,200,2,228,ok,,0,1,36.025084,374,1,3.742,13.382,1.76265E+12,1.76265E+12,,,,,,,,,,,,,,,
y1_online_only,LEO_ONLY,12,0,200,2,229,ok,,0,1,29.83450002,374,1,3.725,13.852,1.76265E+12,1.76265E+12,,,,,,,,,,,,,,,
y1_online_only,LEO_ONLY,12,0,200,2,230,ok,,0,1,36.164291,374,1,3.919,13.954,1.76265E+12,1.76265E+12,,,,,,,,,,,,,,,
y1_online_only,LEO_ONLY,12,0,200,2,231,ok,,0,1,33.29291602,374,1,3.715,13.445,1.76265E+12,1.76265E+12,,,,,,,,,,,,,,,
y1_online_only,LEO_ONLY,12,0,200,2,232,ok,,0,1,33.622166,374,1,3.788,13.35,1.76265E+12,1.76265E+12,,,,,,,,,,,,,,,
y1_online_only,LEO_ONLY,12,0,200,2,233,ok,,0,1,30.13070801,374,1,3.608,13.204,1.76265E+12,1.76265E+12,,,,,,,,,,,,,,,
y1_online_only,LEO_ONLY,12,0,200,2,234,ok,,0,1,29.89199999,374,1,3.735,13.569,1.76265E+12,1.76265E+12,,,,,,,,,,,,,,,
y1_online_only,LEO_ONLY,12,0,200,2,235,ok,,0,1,34.692958,374,1,3.685,13.564,1.76265E+12,1.76265E+12,,,,,,,,,,,,,,,
y1_online_only,LEO_ONLY,12,0,200,2,236,ok,,0,1,34.06120901,374,1,3.724,13.472,1.76265E+12,1.76265E+12,,,,,,,,,,,,,,,
y1_online_only,LEO_ONLY,12,0,200,2,237,ok,,0,1,32.0525,374,1,3.629,13.572,1.76265E+12,1.76265E+12,,,,,,,,,,,,,,,
y1_online_only,LEO_ONLY,12,0,200,2,238,ok,,0,1,35.396833,374,1,3.7,13.506,1.76265E+12,1.76265E+12,,,,,,,,,,,,,,,
y1_online_only,LEO_ONLY,12,0,200,2,239,ok,,0,1,30.91458298,374,1,3.769,13.224,1.76265E+12,1.76265E+12,,,,,,,,,,,,,,,
y1_online_only,LEO_ONLY,12,0,200,2,240,ok,,0,1,32.03533401,374,1,3.632,13.486,1.76265E+12,1.76265E+12,,,,,,,,,,,,,,,
y1_online_only,LEO_ONLY,12,0,200,2,241,ok,,0,1,32.205917,374,1,3.641,13.58,1.76265E+12,1.76265E+12,,,,,,,,,,,,,,,
y1_online_only,LEO_ONLY,12,0,200,2,242,ok,,0,1,32.503333,374,1,3.516,13.508,1.76265E+12,1.76265E+12,,,,,,,,,,,,,,,
y1_online_only,LEO_ONLY,12,0,200,2,243,ok,,0,1,34.487792,374,1,3.632,13.362,1.76265E+12,1.76265E+12,,,,,,,,,,,,,,,
y1_online_only,LEO_ONLY,12,0,200,2,244,ok,,0,1,34.376667,374,1,3.765,13.775,1.76265E+12,1.76265E+12,,,,,,,,,,,,,,,
y1_online_only,LEO_ONLY,12,0,200,2,245,ok,,0,1,32.691709,374,1,3.742,13.558,1.76265E+12,1.76265E+12,,,,,,,,,,,,,,,
y1_online_only,LEO_ONLY,12,0,200,2,246,ok,,0,1,30.196042,374,1,3.618,13.638,1.76265E+12,1.76265E+12,,,,,,,,,,,,,,,
y1_online_only,LEO_ONLY,12,0,200,2,247,ok,,0,1,32.747875,374,1,3.909,13.49,1.76265E+12,1.76265E+12,,,,,,,,,,,,,,,
y1_online_only,LEO_ONLY,12,0,200,2,248,ok,,0,1,30.0955,374,1,3.658,13.432,1.76265E+12,1.76265E+12,,,,,,,,,,,,,,,
y1_online_only,LEO_ONLY,12,0,200,2,249,ok,,0,1,30.65574999,374,1,3.624,13.613,1.76265E+12,1.76265E+12,,,,,,,,,,,,,,,
y1_online_only,LEO_ONLY,12,0,200,2,250,ok,,0,1,32.880791,374,1,3.809,13.559,1.76265E+12,1.76265E+12,,,,,,,,,,,,,,,
y1_online_only,LEO_ONLY,12,0,200,2,251,ok,,0,1,29.71195799,374,1,3.612,13.5,1.76265E+12,1.76265E+12,,,,,,,,,,,,,,,
y1_online_only,LEO_ONLY,12,0,200,2,252,ok,,0,1,30.38120901,374,1,3.789,13.564,1.76265E+12,1.76265E+12,,,,,,,,,,,,,,,
y1_online_only,LEO_ONLY,12,0,200,2,253,ok,,0,1,31.95537499,374,1,3.786,13.52,1.76265E+12,1.76265E+12,,,,,,,,,,,,,,,
y1_online_only,LEO_ONLY,12,0,200,2,254,ok,,0,1,31.81270798,374,1,3.748,13.616,1.76265E+12,1.76265E+12,,,,,,,,,,,,,,,
y1_online_only,LEO_ONLY,12,0,200,2,255,ok,,0,1,29.78149999,374,1,3.689,13.355,1.76265E+12,1.76265E+12,,,,,,,,,,,,,,,
y1_online_only,LEO_ONLY,12,0,200,2,256,ok,,0,1,30.31166698,374,1,3.623,13.326,1.76265E+12,1.76265E+12,,,,,,,,,,,,,,,
y1_online_only,LEO_ONLY,12,0,200,2,257,ok,,0,1,32.65891701,374,1,3.612,13.738,1.76265E+12,1.76265E+12,,,,,,,,,,,,,,,
y1_online_only,LEO_ONLY,12,0,200,2,258,ok,,0,1,31.35325,374,1,3.745,13.396,1.76265E+12,1.76265E+12,,,,,,,,,,,,,,,
y1_online_only,LEO_ONLY,12,0,200,2,259,ok,,0,1,32.46012499,374,1,3.706,13.632,1.76265E+12,1.76265E+12,,,,,,,,,,,,,,,
y1_online_only,LEO_ONLY,12,0,200,2,260,ok,,0,1,32.540416,374,1,3.744,13.608,1.76265E+12,1.76265E+12,,,,,,,,,,,,,,,
y1_online_only,LEO_ONLY,12,0,200,2,261,ok,,0,1,29.44441602,374,1,3.664,13.652,1.76265E+12,1.76265E+12,,,,,,,,,,,,,,,
y1_online_only,LEO_ONLY,12,0,200,2,262,ok,,0,1,30.252709,374,1,3.619,13.403,1.76265E+12,1.76265E+12,,,,,,,,,,,,,,,
y1_online_only,LEO_ONLY,12,0,200,2,263,ok,,0,1,35.861084,374,1,3.635,13.784,1.76265E+12,1.76265E+12,,,,,,,,,,,,,,,
y1_online_only,LEO_ONLY,12,0,200,2,264,ok,,0,1,32.591417,374,1,3.771,13.713,1.76265E+12,1.76265E+12,,,,,,,,,,,,,,,
y1_online_only,LEO_ONLY,12,0,200,2,265,ok,,0,1,33.99475,374,1,3.639,13.367,1.76265E+12,1.76265E+12,,,,,,,,,,,,,,,
y1_online_only,LEO_ONLY,12,0,200,2,266,ok,,0,1,31.45966699,374,1,3.527,13.436,1.76265E+12,1.76265E+12,,,,,,,,,,,,,,,
y1_online_only,LEO_ONLY,12,0,200,2,267,ok,,0,1,35.61758398,374,1,3.581,13.848,1.76265E+12,1.76265E+12,,,,,,,,,,,,,,,
y1_online_only,LEO_ONLY,12,0,200,2,268,ok,,0,1,32.13120898,374,1,3.617,13.432,1.76265E+12,1.76265E+12,,,,,,,,,,,,,,,
y1_online_only,LEO_ONLY,12,0,200,2,269,ok,,0,1,34.61520799,374,1,3.845,15.305,1.76265E+12,1.76265E+12,,,,,,,,,,,,,,,
y1_online_only,LEO_ONLY,12,0,200,2,270,ok,,0,1,31.77191701,374,1,3.752,13.407,1.76265E+12,1.76265E+12,,,,,,,,,,,,,,,
y1_online_only,LEO_ONLY,12,0,200,2,271,ok,,0,1,30.17387501,374,1,3.694,13.611,1.76265E+12,1.76265E+12,,,,,,,,,,,,,,,
y1_online_only,LEO_ONLY,12,0,200,2,272,ok,,0,1,31.07058301,374,1,3.653,13.453,1.76265E+12,1.76265E+12,,,,,,,,,,,,,,,
y1_online_only,LEO_ONLY,12,0,200,2,273,ok,,0,1,33.290583,373,1,3.728,13.547,1.76265E+12,1.76265E+12,,,,,,,,,,,,,,,
y1_online_only,LEO_ONLY,12,0,200,2,274,ok,,0,1,31.32929199,374,1,3.623,13.844,1.76265E+12,1.76265E+12,,,,,,,,,,,,,,,
y1_online_only,LEO_ONLY,12,0,200,2,275,ok,,0,1,32.94191603,374,1,3.658,13.456,1.76265E+12,1.76265E+12,,,,,,,,,,,,,,,
y1_online_only,LEO_ONLY,12,0,200,2,276,ok,,0,1,34.87170898,374,1,3.615,13.562,1.76265E+12,1.76265E+12,,,,,,,,,,,,,,,
y1_online_only,LEO_ONLY,12,0,200,2,277,ok,,0,1,33.929292,374,1,3.569,13.677,1.76265E+12,1.76265E+12,,,,,,,,,,,,,,,
y1_online_only,LEO_ONLY,12,0,200,2,278,ok,,0,1,31.51645898,374,1,3.672,13.612,1.76265E+12,1.76265E+12,,,,,,,,,,,,,,,
y1_online_only,LEO_ONLY,12,0,200,2,279,ok,,0,1,34.84825001,374,1,4.026,13.766,1.76265E+12,1.76265E+12,,,,,,,,,,,,,,,
y1_online_only,LEO_ONLY,12,0,200,2,280,ok,,0,1,35.79674999,374,1,3.618,13.648,1.76265E+12,1.76265E+12,,,,,,,,,,,,,,,
y1_online_only,LEO_ONLY,12,0,200,2,281,ok,,0,1,32.97541599,374,1,3.711,13.86,1.76265E+12,1.76265E+12,,,,,,,,,,,,,,,
y1_online_only,LEO_ONLY,12,0,200,2,282,ok,,0,1,30.993458,374,1,3.512,13.361,1.76265E+12,1.76265E+12,,,,,,,,,,,,,,,
y1_online_only,LEO_ONLY,12,0,200,2,283,ok,,0,1,31.49570801,374,1,3.804,13.397,1.76265E+12,1.76265E+12,,,,,,,,,,,,,,,
y1_online_only,LEO_ONLY,12,0,200,2,284,ok,,0,1,31.96362499,374,1,3.78,13.391,1.76265E+12,1.76265E+12,,,,,,,,,,,,,,,
y1_online_only,LEO_ONLY,12,0,200,2,285,ok,,0,1,34.908125,374,1,3.642,13.473,1.76265E+12,1.76265E+12,,,,,,,,,,,,,,,
y1_online_only,LEO_ONLY,12,0,200,2,286,ok,,0,1,33.98937499,374,1,3.614,13.668,1.76265E+12,1.76265E+12,,,,,,,,,,,,,,,
y1_online_only,LEO_ONLY,12,0,200,2,287,ok,,0,1,34.534292,374,1,3.651,13.388,1.76265E+12,1.76265E+12,,,,,,,,,,,,,,,
y1_online_only,LEO_ONLY,12,0,200,2,288,ok,,0,1,35.12925,374,1,3.713,13.606,1.76265E+12,1.76265E+12,,,,,,,,,,,,,,,
y1_online_only,LEO_ONLY,12,0,200,2,289,ok,,0,1,29.16466698,374,1,3.686,13.34,1.76265E+12,1.76265E+12,,,,,,,,,,,,,,,
y1_online_only,LEO_ONLY,12,0,200,2,290,ok,,0,1,30.37920801,374,1,3.795,13.616,1.76265E+12,1.76265E+12,,,,,,,,,,,,,,,
y1_online_only,LEO_ONLY,12,0,200,2,291,ok,,0,1,29.97500001,374,1,3.694,13.583,1.76265E+12,1.76265E+12,,,,,,,,,,,,,,,
y1_online_only,LEO_ONLY,12,0,200,2,292,ok,,0,1,30.75616699,374,1,3.583,13.711,1.76265E+12,1.76265E+12,,,,,,,,,,,,,,,
y1_online_only,LEO_ONLY,12,0,200,2,293,ok,,0,1,29.83875002,374,1,3.699,13.407,1.76265E+12,1.76265E+12,,,,,,,,,,,,,,,
y1_online_only,LEO_ONLY,12,0,200,2,294,ok,,0,1,34.724083,374,1,3.734,13.742,1.76265E+12,1.76265E+12,,,,,,,,,,,,,,,
y1_online_only,LEO_ONLY,12,0,200,2,295,ok,,0,1,34.62279201,374,1,3.585,13.507,1.76265E+12,1.76265E+12,,,,,,,,,,,,,,,
y1_online_only,LEO_ONLY,12,0,200,2,296,ok,,0,1,32.96395799,374,1,3.557,13.255,1.76265E+12,1.76265E+12,,,,,,,,,,,,,,,
y1_online_only,LEO_ONLY,12,0,200,2,297,ok,,0,1,33.30254098,374,1,3.865,13.658,1.76265E+12,1.76265E+12,,,,,,,,,,,,,,,
y1_online_only,LEO_ONLY,12,0,200,2,298,ok,,0,1,32.40229198,374,1,3.788,13.587,1.76265E+12,1.76265E+12,,,,,,,,,,,,,,,
y1_online_only,LEO_ONLY,12,0,200,2,299,ok,,0,1,36.313875,374,1,3.761,13.693,1.76265E+12,1.76265E+12,,,,,,,,,,,,,,,
y1_online_only,LEO_ONLY,12,0,200,2,300,ok,,0,1,32.08216699,374,1,3.579,13.278,1.76265E+12,1.76265E+12,,,,,,,,,,,,,,,
y1_online_only,LEO_ONLY,12,0,400,2,1,ok,,0,1,29.97225002,374,1,3.607,13.165,1.76265E+12,1.76265E+12,,,,,,,,,,,,,,,
y1_online_only,LEO_ONLY,12,0,400,2,2,ok,,0,1,33.333417,374,1,3.665,13.324,1.76265E+12,1.76265E+12,,,,,,,,,,,,,,,
y1_online_only,LEO_ONLY,12,0,400,2,3,ok,,0,1,33.85520799,374,1,3.817,13.691,1.76265E+12,1.76265E+12,,,,,,,,,,,,,,,
y1_online_only,LEO_ONLY,12,0,400,2,4,ok,,0,1,31.27974999,374,1,3.681,13.344,1.76265E+12,1.76265E+12,,,,,,,,,,,,,,,
y1_online_only,LEO_ONLY,12,0,400,2,5,ok,,0,1,28.730625,374,1,3.804,13.58,1.76265E+12,1.76265E+12,,,,,,,,,,,,,,,
y1_online_only,LEO_ONLY,12,0,400,2,6,ok,,0,1,32.756917,373,1,3.41,13.576,1.76265E+12,1.76265E+12,,,,,,,,,,,,,,,
y1_online_only,LEO_ONLY,12,0,400,2,7,ok,,0,1,37.269792,374,1,4.814,15.568,1.76265E+12,1.76265E+12,,,,,,,,,,,,,,,
y1_online_only,LEO_ONLY,12,0,400,2,8,ok,,0,1,34.216125,374,1,3.675,13.564,1.76265E+12,1.76265E+12,,,,,,,,,,,,,,,
y1_online_only,LEO_ONLY,12,0,400,2,9,ok,,0,1,32.69741699,374,1,3.618,13.333,1.76265E+12,1.76265E+12,,,,,,,,,,,,,,,
y1_online_only,LEO_ONLY,12,0,400,2,10,ok,,0,1,35.05837498,374,1,3.71,13.808,1.76265E+12,1.76265E+12,,,,,,,,,,,,,,,
y1_online_only,LEO_ONLY,12,0,400,2,11,ok,,0,1,32.61958298,374,1,3.704,13.81,1.76265E+12,1.76265E+12,,,,,,,,,,,,,,,
y1_online_only,LEO_ONLY,12,0,400,2,12,ok,,0,1,33.616125,374,1,3.647,13.522,1.76265E+12,1.76265E+12,,,,,,,,,,,,,,,
y1_online_only,LEO_ONLY,12,0,400,2,13,ok,,0,1,35.20108302,374,1,3.868,13.672,1.76265E+12,1.76265E+12,,,,,,,,,,,,,,,
y1_online_only,LEO_ONLY,12,0,400,2,14,ok,,0,1,33.13516601,374,1,3.72,13.453,1.76265E+12,1.76265E+12,,,,,,,,,,,,,,,
y1_online_only,LEO_ONLY,12,0,400,2,15,ok,,0,1,32.12579101,374,1,3.716,13.36,1.76265E+12,1.76265E+12,,,,,,,,,,,,,,,
y1_online_only,LEO_ONLY,12,0,400,2,16,ok,,0,1,32.00479099,374,1,3.679,13.285,1.76265E+12,1.76265E+12,,,,,,,,,,,,,,,
y1_online_only,LEO_ONLY,12,0,400,2,17,ok,,0,1,31.37537499,374,1,3.747,13.474,1.76265E+12,1.76265E+12,,,,,,,,,,,,,,,
y1_online_only,LEO_ONLY,12,0,400,2,18,ok,,0,1,33.054042,374,1,3.748,13.353,1.76265E+12,1.76265E+12,,,,,,,,,,,,,,,
y1_online_only,LEO_ONLY,12,0,400,2,19,ok,,0,1,29.209375,374,1,3.763,13.291,1.76265E+12,1.76265E+12,,,,,,,,,,,,,,,
y1_online_only,LEO_ONLY,12,0,400,2,20,ok,,0,1,30.11320799,374,1,3.713,13.318,1.76265E+12,1.76265E+12,,,,,,,,,,,,,,,
y1_online_only,LEO_ONLY,12,0,400,2,21,ok,,0,1,35.09575,373,1,3.568,13.256,1.76265E+12,1.76265E+12,,,,,,,,,,,,,,,
y1_online_only,LEO_ONLY,12,0,400,2,22,ok,,0,1,36.409708,374,1,3.622,13.731,1.76265E+12,1.76265E+12,,,,,,,,,,,,,,,
y1_online_only,LEO_ONLY,12,0,400,2,23,ok,,0,1,31.86733302,374,1,3.755,13.346,1.76265E+12,1.76265E+12,,,,,,,,,,,,,,,
y1_online_only,LEO_ONLY,12,0,400,2,24,ok,,0,1,34.59241599,374,1,3.803,13.606,1.76265E+12,1.76265E+12,,,,,,,,,,,,,,,
y1_online_only,LEO_ONLY,12,0,400,2,25,ok,,0,1,30.28141698,374,1,3.684,13.445,1.76265E+12,1.76265E+12,,,,,,,,,,,,,,,
y1_online_only,LEO_ONLY,12,0,400,2,26,ok,,0,1,30.78895801,373,1,3.604,13.404,1.76265E+12,1.76265E+12,,,,,,,,,,,,,,,
y1_online_only,LEO_ONLY,12,0,400,2,27,ok,,0,1,34.3685,374,1,3.738,13.735,1.76265E+12,1.76265E+12,,,,,,,,,,,,,,,
y1_online_only,LEO_ONLY,12,0,400,2,28,ok,,0,1,33.555792,374,1,3.657,13.815,1.76265E+12,1.76265E+12,,,,,,,,,,,,,,,
y1_online_only,LEO_ONLY,12,0,400,2,29,ok,,0,1,36.48379198,374,1,3.814,13.636,1.76265E+12,1.76265E+12,,,,,,,,,,,,,,,
y1_online_only,LEO_ONLY,12,0,400,2,30,ok,,0,1,30.466667,374,1,3.658,13.234,1.76265E+12,1.76265E+12,,,,,,,,,,,,,,,
y1_online_only,LEO_ONLY,12,0,400,2,31,ok,,0,1,35.006208,374,1,3.593,13.722,1.76265E+12,1.76265E+12,,,,,,,,,,,,,,,
y1_online_only,LEO_ONLY,12,0,400,2,32,ok,,0,1,30.631042,374,1,3.651,13.557,1.76265E+12,1.76265E+12,,,,,,,,,,,,,,,
y1_online_only,LEO_ONLY,12,0,400,2,33,ok,,0,1,31.97554199,374,1,3.765,13.803,1.76265E+12,1.76265E+12,,,,,,,,,,,,,,,
y1_online_only,LEO_ONLY,12,0,400,2,34,ok,,0,1,32.056333,374,1,3.651,13.683,1.76265E+12,1.76265E+12,,,,,,,,,,,,,,,
y1_online_only,LEO_ONLY,12,0,400,2,35,ok,,0,1,32.668542,374,1,3.592,13.556,1.76265E+12,1.76265E+12,,,,,,,,,,,,,,,
y1_online_only,LEO_ONLY,12,0,400,2,36,ok,,0,1,35.47950002,374,1,3.73,13.999,1.76265E+12,1.76265E+12,,,,,,,,,,,,,,,
y1_online_only,LEO_ONLY,12,0,400,2,37,ok,,0,1,35.42620799,374,1,3.867,13.8,1.76265E+12,1.76265E+12,,,,,,,,,,,,,,,
y1_online_only,LEO_ONLY,12,0,400,2,38,ok,,0,1,31.66541699,374,1,3.587,13.478,1.76265E+12,1.76265E+12,,,,,,,,,,,,,,,
y1_online_only,LEO_ONLY,12,0,400,2,39,ok,,0,1,32.84699999,374,1,3.657,13.478,1.76265E+12,1.76265E+12,,,,,,,,,,,,,,,
y1_online_only,LEO_ONLY,12,0,400,2,40,ok,,0,1,31.709709,374,1,3.482,13.377,1.76265E+12,1.76265E+12,,,,,,,,,,,,,,,
y1_online_only,LEO_ONLY,12,0,400,2,41,ok,,0,1,34.05733302,374,1,3.579,13.788,1.76265E+12,1.76265E+12,,,,,,,,,,,,,,,
y1_online_only,LEO_ONLY,12,0,400,2,42,ok,,0,1,33.21333398,374,1,3.707,13.784,1.76265E+12,1.76265E+12,,,,,,,,,,,,,,,
y1_online_only,LEO_ONLY,12,0,400,2,43,ok,,0,1,32.62462499,374,1,3.676,13.806,1.76265E+12,1.76265E+12,,,,,,,,,,,,,,,
y1_online_only,LEO_ONLY,12,0,400,2,44,ok,,0,1,32.54466699,374,1,3.771,14.047,1.76265E+12,1.76265E+12,,,,,,,,,,,,,,,
y1_online_only,LEO_ONLY,12,0,400,2,45,ok,,0,1,33.77775001,374,1,3.85,13.412,1.76265E+12,1.76265E+12,,,,,,,,,,,,,,,
y1_online_only,LEO_ONLY,12,0,400,2,46,ok,,0,1,33.61645798,374,1,3.66,13.739,1.76265E+12,1.76265E+12,,,,,,,,,,,,,,,
y1_online_only,LEO_ONLY,12,0,400,2,47,ok,,0,1,31.566583,374,1,3.842,13.564,1.76265E+12,1.76265E+12,,,,,,,,,,,,,,,
y1_online_only,LEO_ONLY,12,0,400,2,48,ok,,0,1,36.131917,374,1,3.705,13.386,1.76265E+12,1.76265E+12,,,,,,,,,,,,,,,
y1_online_only,LEO_ONLY,12,0,400,2,49,ok,,0,1,31.13195798,374,1,3.803,13.555,1.76265E+12,1.76265E+12,,,,,,,,,,,,,,,
y1_online_only,LEO_ONLY,12,0,400,2,50,ok,,0,1,29.5685,374,1,3.804,13.804,1.76265E+12,1.76265E+12,,,,,,,,,,,,,,,
y1_online_only,LEO_ONLY,12,0,400,2,51,ok,,0,1,34.307458,374,1,3.726,13.7,1.76265E+12,1.76265E+12,,,,,,,,,,,,,,,
y1_online_only,LEO_ONLY,12,0,400,2,52,ok,,0,1,33.56795802,374,1,3.789,13.822,1.76265E+12,1.76265E+12,,,,,,,,,,,,,,,
y1_online_only,LEO_ONLY,12,0,400,2,53,ok,,0,1,35.645417,374,1,3.708,14.017,1.76265E+12,1.76265E+12,,,,,,,,,,,,,,,
y1_online_only,LEO_ONLY,12,0,400,2,54,ok,,0,1,29.76295902,374,1,3.704,13.255,1.76265E+12,1.76265E+12,,,,,,,,,,,,,,,
y1_online_only,LEO_ONLY,12,0,400,2,55,ok,,0,1,31.99408401,374,1,3.829,13.628,1.76265E+12,1.76265E+12,,,,,,,,,,,,,,,
y1_online_only,LEO_ONLY,12,0,400,2,56,ok,,0,1,33.724459,374,1,3.72,13.32,1.76265E+12,1.76265E+12,,,,,,,,,,,,,,,
y1_online_only,LEO_ONLY,12,0,400,2,57,ok,,0,1,29.862667,374,1,3.946,13.499,1.76265E+12,1.76265E+12,,,,,,,,,,,,,,,
y1_online_only,LEO_ONLY,12,0,400,2,58,ok,,0,1,31.22062501,374,1,3.65,13.33,1.76265E+12,1.76265E+12,,,,,,,,,,,,,,,
y1_online_only,LEO_ONLY,12,0,400,2,59,ok,,0,1,35.41525101,374,1,3.712,13.777,1.76265E+12,1.76265E+12,,,,,,,,,,,,,,,
y1_online_only,LEO_ONLY,12,0,400,2,60,ok,,0,1,31.61770801,374,1,3.744,13.71,1.76265E+12,1.76265E+12,,,,,,,,,,,,,,,
y1_online_only,LEO_ONLY,12,0,400,2,61,ok,,0,1,30.35583399,374,1,3.671,13.464,1.76265E+12,1.76265E+12,,,,,,,,,,,,,,,
y1_online_only,LEO_ONLY,12,0,400,2,62,ok,,0,1,32.518083,374,1,3.611,13.614,1.76265E+12,1.76265E+12,,,,,,,,,,,,,,,
y1_online_only,LEO_ONLY,12,0,400,2,63,ok,,0,1,33.203083,374,1,3.875,13.885,1.76265E+12,1.76265E+12,,,,,,,,,,,,,,,
y1_online_only,LEO_ONLY,12,0,400,2,64,ok,,0,1,30.125333,374,1,3.726,13.862,1.76265E+12,1.76265E+12,,,,,,,,,,,,,,,
y1_online_only,LEO_ONLY,12,0,400,2,65,ok,,0,1,32.099542,374,1,3.719,13.604,1.76265E+12,1.76265E+12,,,,,,,,,,,,,,,
y1_online_only,LEO_ONLY,12,0,400,2,66,ok,,0,1,28.75299999,374,1,3.585,13.481,1.76265E+12,1.76265E+12,,,,,,,,,,,,,,,
y1_online_only,LEO_ONLY,12,0,400,2,67,ok,,0,1,35.802459,374,1,3.604,13.568,1.76265E+12,1.76265E+12,,,,,,,,,,,,,,,
y1_online_only,LEO_ONLY,12,0,400,2,68,ok,,0,1,32.04616701,374,1,3.597,13.49,1.76265E+12,1.76265E+12,,,,,,,,,,,,,,,
y1_online_only,LEO_ONLY,12,0,400,2,69,ok,,0,1,33.001417,374,1,3.68,13.531,1.76265E+12,1.76265E+12,,,,,,,,,,,,,,,
y1_online_only,LEO_ONLY,12,0,400,2,70,ok,,0,1,33.160958,374,1,3.672,13.483,1.76265E+12,1.76265E+12,,,,,,,,,,,,,,,
y1_online_only,LEO_ONLY,12,0,400,2,71,ok,,0,1,32.39083299,374,1,3.618,13.506,1.76265E+12,1.76265E+12,,,,,,,,,,,,,,,
y1_online_only,LEO_ONLY,12,0,400,2,72,ok,,0,1,32.515625,374,1,3.668,13.381,1.76265E+12,1.76265E+12,,,,,,,,,,,,,,,
y1_online_only,LEO_ONLY,12,0,400,2,73,ok,,0,1,29.92241699,374,1,3.655,13.4,1.76265E+12,1.76265E+12,,,,,,,,,,,,,,,
y1_online_only,LEO_ONLY,12,0,400,2,74,ok,,0,1,34.37445901,374,1,3.729,13.735,1.76265E+12,1.76265E+12,,,,,,,,,,,,,,,
y1_online_only,LEO_ONLY,12,0,400,2,75,ok,,0,1,34.69191602,374,1,3.699,13.698,1.76265E+12,1.76265E+12,,,,,,,,,,,,,,,
y1_online_only,LEO_ONLY,12,0,400,2,76,ok,,0,1,36.19750001,374,1,3.976,13.056,1.76265E+12,1.76265E+12,,,,,,,,,,,,,,,
y1_online_only,LEO_ONLY,12,0,400,2,77,ok,,0,1,34.484459,374,1,3.646,13.69,1.76265E+12,1.76265E+12,,,,,,,,,,,,,,,
y1_online_only,LEO_ONLY,12,0,400,2,78,ok,,0,1,37.63500002,374,1,3.742,13.804,1.76265E+12,1.76265E+12,,,,,,,,,,,,,,,
y1_online_only,LEO_ONLY,12,0,400,2,79,ok,,0,1,30.913833,374,1,3.83,13.565,1.76265E+12,1.76265E+12,,,,,,,,,,,,,,,
y1_online_only,LEO_ONLY,12,0,400,2,80,ok,,0,1,32.037709,374,1,3.903,13.919,1.76265E+12,1.76265E+12,,,,,,,,,,,,,,,
y1_online_only,LEO_ONLY,12,0,400,2,81,ok,,0,1,33.34270802,373,1,5.384,14.829,1.76265E+12,1.76265E+12,,,,,,,,,,,,,,,
y1_online_only,LEO_ONLY,12,0,400,2,82,ok,,0,1,45.09591602,374,1,3.943,23.441,1.76265E+12,1.76265E+12,,,,,,,,,,,,,,,
y1_online_only,LEO_ONLY,12,0,400,2,83,ok,,0,1,34.915208,374,1,3.659,13.475,1.76265E+12,1.76265E+12,,,,,,,,,,,,,,,
y1_online_only,LEO_ONLY,12,0,400,2,84,ok,,0,1,30.222,374,1,3.498,13.244,1.76265E+12,1.76265E+12,,,,,,,,,,,,,,,
y1_online_only,LEO_ONLY,12,0,400,2,85,ok,,0,1,32.190709,373,1,3.442,13.506,1.76265E+12,1.76265E+12,,,,,,,,,,,,,,,
y1_online_only,LEO_ONLY,12,0,400,2,86,ok,,0,1,35.775,374,1,3.586,13.65,1.76265E+12,1.76265E+12,,,,,,,,,,,,,,,
y1_online_only,LEO_ONLY,12,0,400,2,87,ok,,0,1,37.20337499,374,1,3.723,13.573,1.76265E+12,1.76265E+12,,,,,,,,,,,,,,,
y1_online_only,LEO_ONLY,12,0,400,2,88,ok,,0,1,34.24179199,374,1,3.694,13.978,1.76265E+12,1.76265E+12,,,,,,,,,,,,,,,
y1_online_only,LEO_ONLY,12,0,400,2,89,ok,,0,1,32.65020798,374,1,3.627,13.384,1.76265E+12,1.76265E+12,,,,,,,,,,,,,,,
y1_online_only,LEO_ONLY,12,0,400,2,90,ok,,0,1,35.19183301,374,1,3.619,13.673,1.76265E+12,1.76265E+12,,,,,,,,,,,,,,,
y1_online_only,LEO_ONLY,12,0,400,2,91,ok,,0,1,35.98295801,374,1,3.695,13.898,1.76265E+12,1.76265E+12,,,,,,,,,,,,,,,
y1_online_only,LEO_ONLY,12,0,400,2,92,ok,,0,1,33.6615,374,1,3.59,13.252,1.76265E+12,1.76265E+12,,,,,,,,,,,,,,,
y1_online_only,LEO_ONLY,12,0,400,2,93,ok,,0,1,32.09641701,374,1,3.595,13.157,1.76265E+12,1.76265E+12,,,,,,,,,,,,,,,
y1_online_only,LEO_ONLY,12,0,400,2,94,ok,,0,1,31.11037501,374,1,3.714,13.36,1.76265E+12,1.76265E+12,,,,,,,,,,,,,,,
y1_online_only,LEO_ONLY,12,0,400,2,95,ok,,0,1,31.96620801,374,1,3.588,13.453,1.76265E+12,1.76265E+12,,,,,,,,,,,,,,,
y1_online_only,LEO_ONLY,12,0,400,2,96,ok,,0,1,31.62437503,374,1,3.775,13.337,1.76265E+12,1.76265E+12,,,,,,,,,,,,,,,
y1_online_only,LEO_ONLY,12,0,400,2,97,ok,,0,1,33.217708,374,1,3.604,13.454,1.76265E+12,1.76265E+12,,,,,,,,,,,,,,,
y1_online_only,LEO_ONLY,12,0,400,2,98,ok,,0,1,29.68120802,374,1,3.63,13.41,1.76265E+12,1.76265E+12,,,,,,,,,,,,,,,
y1_online_only,LEO_ONLY,12,0,400,2,99,ok,,0,1,32.71579201,374,1,3.871,13.345,1.76265E+12,1.76265E+12,,,,,,,,,,,,,,,
y1_online_only,LEO_ONLY,12,0,400,2,100,ok,,0,1,29.50675,374,1,3.614,13.501,1.76265E+12,1.76265E+12,,,,,,,,,,,,,,,
y1_online_only,LEO_ONLY,12,0,400,2,101,ok,,0,1,34.41345799,374,1,3.58,13.873,1.76265E+12,1.76265E+12,,,,,,,,,,,,,,,
y1_online_only,LEO_ONLY,12,0,400,2,102,ok,,0,1,32.5415,374,1,3.687,13.499,1.76265E+12,1.76265E+12,,,,,,,,,,,,,,,
y1_online_only,LEO_ONLY,12,0,400,2,103,ok,,0,1,33.12058302,374,1,3.65,13.495,1.76265E+12,1.76265E+12,,,,,,,,,,,,,,,
y1_online_only,LEO_ONLY,12,0,400,2,104,ok,,0,1,30.741625,374,1,3.713,13.575,1.76265E+12,1.76265E+12,,,,,,,,,,,,,,,
y1_online_only,LEO_ONLY,12,0,400,2,105,ok,,0,1,28.823375,374,1,3.697,13.659,1.76265E+12,1.76265E+12,,,,,,,,,,,,,,,
y1_online_only,LEO_ONLY,12,0,400,2,106,ok,,0,1,31.48612502,374,1,3.52,13.543,1.76265E+12,1.76265E+12,,,,,,,,,,,,,,,
y1_online_only,LEO_ONLY,12,0,400,2,107,ok,,0,1,31.035625,374,1,3.625,13.38,1.76265E+12,1.76265E+12,,,,,,,,,,,,,,,
y1_online_only,LEO_ONLY,12,0,400,2,108,ok,,0,1,31.551708,374,1,3.767,13.576,1.76265E+12,1.76265E+12,,,,,,,,,,,,,,,
y1_online_only,LEO_ONLY,12,0,400,2,109,ok,,0,1,33.905708,374,1,3.76,14.058,1.76265E+12,1.76265E+12,,,,,,,,,,,,,,,
y1_online_only,LEO_ONLY,12,0,400,2,110,ok,,0,1,31.19737501,374,1,3.71,13.397,1.76265E+12,1.76265E+12,,,,,,,,,,,,,,,
y1_online_only,LEO_ONLY,12,0,400,2,111,ok,,0,1,34.09562499,374,1,3.64,13.641,1.76265E+12,1.76265E+12,,,,,,,,,,,,,,,
y1_online_only,LEO_ONLY,12,0,400,2,112,ok,,0,1,33.82333298,374,1,3.791,14.201,1.76265E+12,1.76265E+12,,,,,,,,,,,,,,,
y1_online_only,LEO_ONLY,12,0,400,2,113,ok,,0,1,34.35945802,374,1,3.784,13.304,1.76265E+12,1.76265E+12,,,,,,,,,,,,,,,
y1_online_only,LEO_ONLY,12,0,400,2,114,ok,,0,1,32.427834,374,1,3.655,13.535,1.76265E+12,1.76265E+12,,,,,,,,,,,,,,,
y1_online_only,LEO_ONLY,12,0,400,2,115,ok,,0,1,33.40862499,374,1,3.649,13.408,1.76265E+12,1.76265E+12,,,,,,,,,,,,,,,
y1_online_only,LEO_ONLY,12,0,400,2,116,ok,,0,1,30.85287497,374,1,3.684,13.501,1.76265E+12,1.76265E+12,,,,,,,,,,,,,,,
y1_online_only,LEO_ONLY,12,0,400,2,117,ok,,0,1,34.06025001,374,1,3.582,13.48,1.76265E+12,1.76265E+12,,,,,,,,,,,,,,,
y1_online_only,LEO_ONLY,12,0,400,2,118,ok,,0,1,33.98470898,374,1,3.639,13.429,1.76265E+12,1.76265E+12,,,,,,,,,,,,,,,
y1_online_only,LEO_ONLY,12,0,400,2,119,ok,,0,1,31.79079099,374,1,3.742,13.621,1.76265E+12,1.76265E+12,,,,,,,,,,,,,,,
y1_online_only,LEO_ONLY,12,0,400,2,120,ok,,0,1,35.435208,374,1,4.345,14.397,1.76265E+12,1.76265E+12,,,,,,,,,,,,,,,
y1_online_only,LEO_ONLY,12,0,400,2,121,ok,,0,1,31.45066599,374,1,3.766,13.489,1.76265E+12,1.76265E+12,,,,,,,,,,,,,,,
y1_online_only,LEO_ONLY,12,0,400,2,122,ok,,0,1,31.39133402,374,1,3.626,13.498,1.76265E+12,1.76265E+12,,,,,,,,,,,,,,,
y1_online_only,LEO_ONLY,12,0,400,2,123,ok,,0,1,31.58454099,374,1,3.694,13.468,1.76265E+12,1.76265E+12,,,,,,,,,,,,,,,
y1_online_only,LEO_ONLY,12,0,400,2,124,ok,,0,1,29.1865,374,1,3.648,13.311,1.76265E+12,1.76265E+12,,,,,,,,,,,,,,,
y1_online_only,LEO_ONLY,12,0,400,2,125,ok,,0,1,30.451459,374,1,3.698,13.61,1.76265E+12,1.76265E+12,,,,,,,,,,,,,,,
y1_online_only,LEO_ONLY,12,0,400,2,126,ok,,0,1,31.10241701,374,1,3.706,13.517,1.76265E+12,1.76265E+12,,,,,,,,,,,,,,,
y1_online_only,LEO_ONLY,12,0,400,2,127,ok,,0,1,32.77400002,373,1,3.841,13.355,1.76265E+12,1.76265E+12,,,,,,,,,,,,,,,
y1_online_only,LEO_ONLY,12,0,400,2,128,ok,,0,1,30.29295799,374,1,3.49,13.437,1.76265E+12,1.76265E+12,,,,,,,,,,,,,,,
y1_online_only,LEO_ONLY,12,0,400,2,129,ok,,0,1,32.10812501,374,1,3.618,13.431,1.76265E+12,1.76265E+12,,,,,,,,,,,,,,,
y1_online_only,LEO_ONLY,12,0,400,2,130,ok,,0,1,33.99979201,374,1,3.332,13.273,1.76265E+12,1.76265E+12,,,,,,,,,,,,,,,
y1_online_only,LEO_ONLY,12,0,400,2,131,ok,,0,1,35.38791701,374,1,3.662,13.316,1.76265E+12,1.76265E+12,,,,,,,,,,,,,,,
y1_online_only,LEO_ONLY,12,0,400,2,132,ok,,0,1,33.38495799,374,1,3.7,13.656,1.76265E+12,1.76265E+12,,,,,,,,,,,,,,,
y1_online_only,LEO_ONLY,12,0,400,2,133,ok,,0,1,30.94433399,374,1,3.811,13.737,1.76265E+12,1.76265E+12,,,,,,,,,,,,,,,
y1_online_only,LEO_ONLY,12,0,400,2,134,ok,,0,1,30.715125,374,1,3.72,13.87,1.76265E+12,1.76265E+12,,,,,,,,,,,,,,,
y1_online_only,LEO_ONLY,12,0,400,2,135,ok,,0,1,34.54537501,374,1,3.736,13.65,1.76265E+12,1.76265E+12,,,,,,,,,,,,,,,
y1_online_only,LEO_ONLY,12,0,400,2,136,ok,,0,1,30.627083,374,1,3.751,13.394,1.76265E+12,1.76265E+12,,,,,,,,,,,,,,,
y1_online_only,LEO_ONLY,12,0,400,2,137,ok,,0,1,31.12991701,374,1,3.675,13.365,1.76265E+12,1.76265E+12,,,,,,,,,,,,,,,
y1_online_only,LEO_ONLY,12,0,400,2,138,ok,,0,1,34.112583,374,1,3.822,13.475,1.76265E+12,1.76265E+12,,,,,,,,,,,,,,,
y1_online_only,LEO_ONLY,12,0,400,2,139,ok,,0,1,32.46666599,374,1,3.673,13.763,1.76265E+12,1.76265E+12,,,,,,,,,,,,,,,
y1_online_only,LEO_ONLY,12,0,400,2,140,ok,,0,1,26.38108301,374,1,3.774,13.254,1.76265E+12,1.76265E+12,,,,,,,,,,,,,,,
y1_online_only,LEO_ONLY,12,0,400,2,141,ok,,0,1,31.52416699,374,1,3.666,13.441,1.76265E+12,1.76265E+12,,,,,,,,,,,,,,,
y1_online_only,LEO_ONLY,12,0,400,2,142,ok,,0,1,32.54633301,374,1,3.665,13.416,1.76265E+12,1.76265E+12,,,,,,,,,,,,,,,
y1_online_only,LEO_ONLY,12,0,400,2,143,ok,,0,1,33.95445901,374,1,3.831,13.555,1.76265E+12,1.76265E+12,,,,,,,,,,,,,,,
y1_online_only,LEO_ONLY,12,0,400,2,144,ok,,0,1,34.38866601,374,1,3.686,13.625,1.76265E+12,1.76265E+12,,,,,,,,,,,,,,,
y1_online_only,LEO_ONLY,12,0,400,2,145,ok,,0,1,33.15279202,374,1,3.681,13.506,1.76265E+12,1.76265E+12,,,,,,,,,,,,,,,
y1_online_only,LEO_ONLY,12,0,400,2,146,ok,,0,1,30.217833,374,1,3.501,13.392,1.76265E+12,1.76265E+12,,,,,,,,,,,,,,,
y1_online_only,LEO_ONLY,12,0,400,2,147,ok,,0,1,30.080875,374,1,3.716,13.83,1.76265E+12,1.76265E+12,,,,,,,,,,,,,,,
y1_online_only,LEO_ONLY,12,0,400,2,148,ok,,0,1,32.05100002,374,1,3.616,13.724,1.76265E+12,1.76265E+12,,,,,,,,,,,,,,,
y1_online_only,LEO_ONLY,12,0,400,2,149,ok,,0,1,33.59529198,374,1,3.739,13.271,1.76265E+12,1.76265E+12,,,,,,,,,,,,,,,
y1_online_only,LEO_ONLY,12,0,400,2,150,ok,,0,1,31.14950002,374,1,3.54,13.439,1.76265E+12,1.76265E+12,,,,,,,,,,,,,,,
y1_online_only,LEO_ONLY,12,0,400,2,151,ok,,0,1,35.30666701,373,1,3.651,13.394,1.76265E+12,1.76265E+12,,,,,,,,,,,,,,,
y1_online_only,LEO_ONLY,12,0,400,2,152,ok,,0,1,33.67499998,374,1,3.745,13.403,1.76265E+12,1.76265E+12,,,,,,,,,,,,,,,
y1_online_only,LEO_ONLY,12,0,400,2,153,ok,,0,1,33.265292,374,1,3.944,13.593,1.76265E+12,1.76265E+12,,,,,,,,,,,,,,,
y1_online_only,LEO_ONLY,12,0,400,2,154,ok,,0,1,32.24179201,374,1,3.589,13.667,1.76265E+12,1.76265E+12,,,,,,,,,,,,,,,
y1_online_only,LEO_ONLY,12,0,400,2,155,ok,,0,1,28.54004101,374,1,3.721,13.593,1.76265E+12,1.76265E+12,,,,,,,,,,,,,,,
y1_online_only,LEO_ONLY,12,0,400,2,156,ok,,0,1,28.14095799,374,1,3.795,13.758,1.76265E+12,1.76265E+12,,,,,,,,,,,,,,,
y1_online_only,LEO_ONLY,12,0,400,2,157,ok,,0,1,33.19783299,374,1,3.713,14.157,1.76265E+12,1.76265E+12,,,,,,,,,,,,,,,
y1_online_only,LEO_ONLY,12,0,400,2,158,ok,,0,1,46.03616698,374,1,3.979,23.851,1.76265E+12,1.76265E+12,,,,,,,,,,,,,,,
y1_online_only,LEO_ONLY,12,0,400,2,159,ok,,0,1,30.19566601,373,1,3.859,13.882,1.76265E+12,1.76265E+12,,,,,,,,,,,,,,,
y1_online_only,LEO_ONLY,12,0,400,2,160,ok,,0,1,33.96633398,374,1,3.613,13.377,1.76265E+12,1.76265E+12,,,,,,,,,,,,,,,
y1_online_only,LEO_ONLY,12,0,400,2,161,ok,,0,1,30.79945801,374,1,3.651,13.366,1.76265E+12,1.76265E+12,,,,,,,,,,,,,,,
y1_online_only,LEO_ONLY,12,0,400,2,162,ok,,0,1,31.95154198,374,1,3.747,13.426,1.76265E+12,1.76265E+12,,,,,,,,,,,,,,,
y1_online_only,LEO_ONLY,12,0,400,2,163,ok,,0,1,34.72791699,374,1,3.807,13.62,1.76265E+12,1.76265E+12,,,,,,,,,,,,,,,
y1_online_only,LEO_ONLY,12,0,400,2,164,ok,,0,1,31.92724998,374,1,3.838,13.963,1.76265E+12,1.76265E+12,,,,,,,,,,,,,,,
y1_online_only,LEO_ONLY,12,0,400,2,165,ok,,0,1,30.12166699,374,1,3.729,13.505,1.76265E+12,1.76265E+12,,,,,,,,,,,,,,,
y1_online_only,LEO_ONLY,12,0,400,2,166,ok,,0,1,33.87008401,374,1,3.794,13.614,1.76265E+12,1.76265E+12,,,,,,,,,,,,,,,
y1_online_only,LEO_ONLY,12,0,400,2,167,ok,,0,1,32.44537502,374,1,3.813,13.555,1.76265E+12,1.76265E+12,,,,,,,,,,,,,,,
y1_online_only,LEO_ONLY,12,0,400,2,168,ok,,0,1,31.165541,374,1,3.901,13.664,1.76265E+12,1.76265E+12,,,,,,,,,,,,,,,
y1_online_only,LEO_ONLY,12,0,400,2,169,ok,,0,1,30.76924998,374,1,3.674,13.742,1.76265E+12,1.76265E+12,,,,,,,,,,,,,,,
y1_online_only,LEO_ONLY,12,0,400,2,170,ok,,0,1,30.783333,374,1,3.656,13.61,1.76265E+12,1.76265E+12,,,,,,,,,,,,,,,
y1_online_only,LEO_ONLY,12,0,400,2,171,ok,,0,1,35.99154099,374,1,3.804,13.53,1.76265E+12,1.76265E+12,,,,,,,,,,,,,,,
y1_online_only,LEO_ONLY,12,0,400,2,172,ok,,0,1,32.836625,374,1,3.714,13.549,1.76265E+12,1.76265E+12,,,,,,,,,,,,,,,
y1_online_only,LEO_ONLY,12,0,400,2,173,ok,,0,1,31.713542,374,1,3.478,13.588,1.76265E+12,1.76265E+12,,,,,,,,,,,,,,,
y1_online_only,LEO_ONLY,12,0,400,2,174,ok,,0,1,33.471167,374,1,3.456,13.417,1.76265E+12,1.76265E+12,,,,,,,,,,,,,,,
y1_online_only,LEO_ONLY,12,0,400,2,175,ok,,0,1,28.68962497,374,1,3.603,13.507,1.76265E+12,1.76265E+12,,,,,,,,,,,,,,,
y1_online_only,LEO_ONLY,12,0,400,2,176,ok,,0,1,32.11520801,374,1,3.707,13.913,1.76265E+12,1.76265E+12,,,,,,,,,,,,,,,
y1_online_only,LEO_ONLY,12,0,400,2,177,ok,,0,1,32.72329198,374,1,3.836,13.941,1.76265E+12,1.76265E+12,,,,,,,,,,,,,,,
y1_online_only,LEO_ONLY,12,0,400,2,178,ok,,0,1,34.052125,374,1,3.696,13.74,1.76265E+12,1.76265E+12,,,,,,,,,,,,,,,
y1_online_only,LEO_ONLY,12,0,400,2,179,ok,,0,1,33.570375,374,1,3.734,13.612,1.76265E+12,1.76265E+12,,,,,,,,,,,,,,,
y1_online_only,LEO_ONLY,12,0,400,2,180,ok,,0,1,32.44137499,374,1,3.706,13.33,1.76265E+12,1.76265E+12,,,,,,,,,,,,,,,
y1_online_only,LEO_ONLY,12,0,400,2,181,ok,,0,1,31.162834,374,1,3.549,13.697,1.76265E+12,1.76265E+12,,,,,,,,,,,,,,,
y1_online_only,LEO_ONLY,12,0,400,2,182,ok,,0,1,34.450042,374,1,3.659,13.719,1.76265E+12,1.76265E+12,,,,,,,,,,,,,,,
y1_online_only,LEO_ONLY,12,0,400,2,183,ok,,0,1,32.06595901,374,1,3.785,13.492,1.76265E+12,1.76265E+12,,,,,,,,,,,,,,,
y1_online_only,LEO_ONLY,12,0,400,2,184,ok,,0,1,36.628042,374,1,3.63,13.667,1.76265E+12,1.76265E+12,,,,,,,,,,,,,,,
y1_online_only,LEO_ONLY,12,0,400,2,185,ok,,0,1,32.00900002,374,1,3.71,13.5,1.76265E+12,1.76265E+12,,,,,,,,,,,,,,,
y1_online_only,LEO_ONLY,12,0,400,2,186,ok,,0,1,33.06329198,374,1,3.819,13.492,1.76265E+12,1.76265E+12,,,,,,,,,,,,,,,
y1_online_only,LEO_ONLY,12,0,400,2,187,ok,,0,1,33.51529202,374,1,3.639,13.677,1.76265E+12,1.76265E+12,,,,,,,,,,,,,,,
y1_online_only,LEO_ONLY,12,0,400,2,188,ok,,0,1,34.53229199,374,1,3.685,13.464,1.76265E+12,1.76265E+12,,,,,,,,,,,,,,,
y1_online_only,LEO_ONLY,12,0,400,2,189,ok,,0,1,33.78312499,374,1,3.684,13.44,1.76265E+12,1.76265E+12,,,,,,,,,,,,,,,
y1_online_only,LEO_ONLY,12,0,400,2,190,ok,,0,1,32.202209,374,1,3.638,13.96,1.76265E+12,1.76265E+12,,,,,,,,,,,,,,,
y1_online_only,LEO_ONLY,12,0,400,2,191,ok,,0,1,31.91550099,374,1,3.762,13.81,1.76265E+12,1.76265E+12,,,,,,,,,,,,,,,
y1_online_only,LEO_ONLY,12,0,400,2,192,ok,,0,1,32.026917,374,1,3.516,13.339,1.76265E+12,1.76265E+12,,,,,,,,,,,,,,,
y1_online_only,LEO_ONLY,12,0,400,2,193,ok,,0,1,30.66208298,374,1,3.52,13.435,1.76265E+12,1.76265E+12,,,,,,,,,,,,,,,
y1_online_only,LEO_ONLY,12,0,400,2,194,ok,,0,1,32.67866699,374,1,4.104,13.687,1.76265E+12,1.76265E+12,,,,,,,,,,,,,,,
y1_online_only,LEO_ONLY,12,0,400,2,195,ok,,0,1,29.65470802,374,1,3.701,13.645,1.76265E+12,1.76265E+12,,,,,,,,,,,,,,,
y1_online_only,LEO_ONLY,12,0,400,2,196,ok,,0,1,33.38254199,374,1,3.621,13.413,1.76265E+12,1.76265E+12,,,,,,,,,,,,,,,
y1_online_only,LEO_ONLY,12,0,400,2,197,ok,,0,1,30.72045901,374,1,3.794,13.439,1.76265E+12,1.76265E+12,,,,,,,,,,,,,,,
y1_online_only,LEO_ONLY,12,0,400,2,198,ok,,0,1,32.56170798,374,1,3.464,13.562,1.76265E+12,1.76265E+12,,,,,,,,,,,,,,,
y1_online_only,LEO_ONLY,12,0,400,2,199,ok,,0,1,32.50550001,374,1,3.721,13.579,1.76265E+12,1.76265E+12,,,,,,,,,,,,,,,
y1_online_only,LEO_ONLY,12,0,400,2,200,ok,,0,1,33.75304202,374,1,3.79,13.595,1.76265E+12,1.76265E+12,,,,,,,,,,,,,,,
y1_online_only,LEO_ONLY,12,0,400,2,201,ok,,0,1,31.38191701,374,1,3.7,13.487,1.76265E+12,1.76265E+12,,,,,,,,,,,,,,,
y1_online_only,LEO_ONLY,12,0,400,2,202,ok,,0,1,30.94962498,374,1,3.549,13.621,1.76265E+12,1.76265E+12,,,,,,,,,,,,,,,
y1_online_only,LEO_ONLY,12,0,400,2,203,ok,,0,1,35.37604201,374,1,3.726,13.516,1.76265E+12,1.76265E+12,,,,,,,,,,,,,,,
y1_online_only,LEO_ONLY,12,0,400,2,204,ok,,0,1,32.17062503,374,1,3.64,13.617,1.76265E+12,1.76265E+12,,,,,,,,,,,,,,,
y1_online_only,LEO_ONLY,12,0,400,2,205,ok,,0,1,34.235208,374,1,3.67,13.571,1.76265E+12,1.76265E+12,,,,,,,,,,,,,,,
y1_online_only,LEO_ONLY,12,0,400,2,206,ok,,0,1,33.12849998,374,1,3.529,13.295,1.76265E+12,1.76265E+12,,,,,,,,,,,,,,,
y1_online_only,LEO_ONLY,12,0,400,2,207,ok,,0,1,31.986916,374,1,3.619,13.388,1.76265E+12,1.76265E+12,,,,,,,,,,,,,,,
y1_online_only,LEO_ONLY,12,0,400,2,208,ok,,0,1,32.37904201,374,1,3.755,13.564,1.76265E+12,1.76265E+12,,,,,,,,,,,,,,,
y1_online_only,LEO_ONLY,12,0,400,2,209,ok,,0,1,34.728667,374,1,3.8,13.659,1.76265E+12,1.76265E+12,,,,,,,,,,,,,,,
y1_online_only,LEO_ONLY,12,0,400,2,210,ok,,0,1,32.09991701,374,1,3.897,13.849,1.76265E+12,1.76265E+12,,,,,,,,,,,,,,,
y1_online_only,LEO_ONLY,12,0,400,2,211,ok,,0,1,31.01000001,374,1,3.552,13.527,1.76265E+12,1.76265E+12,,,,,,,,,,,,,,,
y1_online_only,LEO_ONLY,12,0,400,2,212,ok,,0,1,32.32974999,374,1,3.698,13.535,1.76265E+12,1.76265E+12,,,,,,,,,,,,,,,
y1_online_only,LEO_ONLY,12,0,400,2,213,ok,,0,1,35.09270801,374,1,3.731,13.852,1.76265E+12,1.76265E+12,,,,,,,,,,,,,,,
y1_online_only,LEO_ONLY,12,0,400,2,214,ok,,0,1,30.77408299,374,1,3.713,13.512,1.76265E+12,1.76265E+12,,,,,,,,,,,,,,,
y1_online_only,LEO_ONLY,12,0,400,2,215,ok,,0,1,29.88870899,374,1,3.619,13.542,1.76265E+12,1.76265E+12,,,,,,,,,,,,,,,
y1_online_only,LEO_ONLY,12,0,400,2,216,ok,,0,1,32.34854198,374,1,3.818,13.316,1.76265E+12,1.76265E+12,,,,,,,,,,,,,,,
y1_online_only,LEO_ONLY,12,0,400,2,217,ok,,0,1,31.184375,374,1,3.712,13.539,1.76265E+12,1.76265E+12,,,,,,,,,,,,,,,
y1_online_only,LEO_ONLY,12,0,400,2,218,ok,,0,1,32.32241701,374,1,3.793,13.509,1.76265E+12,1.76265E+12,,,,,,,,,,,,,,,
y1_online_only,LEO_ONLY,12,0,400,2,219,ok,,0,1,31.90150001,374,1,3.773,13.723,1.76265E+12,1.76265E+12,,,,,,,,,,,,,,,
y1_online_only,LEO_ONLY,12,0,400,2,220,ok,,0,1,30.99758399,374,1,3.616,13.399,1.76265E+12,1.76265E+12,,,,,,,,,,,,,,,
y1_online_only,LEO_ONLY,12,0,400,2,221,ok,,0,1,36.02316699,374,1,3.77,16.973,1.76265E+12,1.76265E+12,,,,,,,,,,,,,,,
y1_online_only,LEO_ONLY,12,0,400,2,222,ok,,0,1,32.57812501,374,1,3.727,13.496,1.76265E+12,1.76265E+12,,,,,,,,,,,,,,,
y1_online_only,LEO_ONLY,12,0,400,2,223,ok,,0,1,33.28108302,374,1,3.802,13.69,1.76265E+12,1.76265E+12,,,,,,,,,,,,,,,
y1_online_only,LEO_ONLY,12,0,400,2,224,ok,,0,1,28.54550001,374,1,3.748,13.749,1.76265E+12,1.76265E+12,,,,,,,,,,,,,,,
y1_online_only,LEO_ONLY,12,0,400,2,225,ok,,0,1,35.60516701,374,1,3.987,14.121,1.76265E+12,1.76265E+12,,,,,,,,,,,,,,,
y1_online_only,LEO_ONLY,12,0,400,2,226,ok,,0,1,28.19966601,374,1,3.591,13.594,1.76265E+12,1.76265E+12,,,,,,,,,,,,,,,
y1_online_only,LEO_ONLY,12,0,400,2,227,ok,,0,1,31.75716699,374,1,3.516,13.448,1.76265E+12,1.76265E+12,,,,,,,,,,,,,,,
y1_online_only,LEO_ONLY,12,0,400,2,228,ok,,0,1,32.00612499,374,1,3.635,13.235,1.76265E+12,1.76265E+12,,,,,,,,,,,,,,,
y1_online_only,LEO_ONLY,12,0,400,2,229,ok,,0,1,32.59875,374,1,3.939,13.748,1.76265E+12,1.76265E+12,,,,,,,,,,,,,,,
y1_online_only,LEO_ONLY,12,0,400,2,230,ok,,0,1,32.549166,374,1,3.653,13.621,1.76265E+12,1.76265E+12,,,,,,,,,,,,,,,
y1_online_only,LEO_ONLY,12,0,400,2,231,ok,,0,1,32.69145801,374,1,3.713,13.579,1.76265E+12,1.76265E+12,,,,,,,,,,,,,,,
y1_online_only,LEO_ONLY,12,0,400,2,232,ok,,0,1,32.898459,374,1,3.671,13.71,1.76265E+12,1.76265E+12,,,,,,,,,,,,,,,
y1_online_only,LEO_ONLY,12,0,400,2,233,ok,,0,1,31.048459,374,1,3.822,13.436,1.76265E+12,1.76265E+12,,,,,,,,,,,,,,,
y1_online_only,LEO_ONLY,12,0,400,2,234,ok,,0,1,47.378541,374,1,4.091,26.409,1.76265E+12,1.76265E+12,,,,,,,,,,,,,,,
y1_online_only,LEO_ONLY,12,0,400,2,235,ok,,0,1,31.49645802,374,1,3.659,13.554,1.76265E+12,1.76265E+12,,,,,,,,,,,,,,,
y1_online_only,LEO_ONLY,12,0,400,2,236,ok,,0,1,34.284792,374,1,3.639,13.69,1.76265E+12,1.76265E+12,,,,,,,,,,,,,,,
y1_online_only,LEO_ONLY,12,0,400,2,237,ok,,0,1,29.71704199,374,1,3.718,13.449,1.76265E+12,1.76265E+12,,,,,,,,,,,,,,,
y1_online_only,LEO_ONLY,12,0,400,2,238,ok,,0,1,33.79333302,374,1,3.745,13.547,1.76265E+12,1.76265E+12,,,,,,,,,,,,,,,
y1_online_only,LEO_ONLY,12,0,400,2,239,ok,,0,1,31.66554199,374,1,3.552,13.848,1.76265E+12,1.76265E+12,,,,,,,,,,,,,,,
y1_online_only,LEO_ONLY,12,0,400,2,240,ok,,0,1,29.56537498,374,1,3.785,13.605,1.76265E+12,1.76265E+12,,,,,,,,,,,,,,,
y1_online_only,LEO_ONLY,12,0,400,2,241,ok,,0,1,34.20354199,374,1,3.807,13.479,1.76265E+12,1.76265E+12,,,,,,,,,,,,,,,
y1_online_only,LEO_ONLY,12,0,400,2,242,ok,,0,1,32.67724998,374,1,3.782,13.718,1.76265E+12,1.76265E+12,,,,,,,,,,,,,,,
y1_online_only,LEO_ONLY,12,0,400,2,243,ok,,0,1,29.197542,374,1,3.693,13.433,1.76265E+12,1.76265E+12,,,,,,,,,,,,,,,
y1_online_only,LEO_ONLY,12,0,400,2,244,ok,,0,1,31.713292,374,1,3.613,13.95,1.76265E+12,1.76265E+12,,,,,,,,,,,,,,,
y1_online_only,LEO_ONLY,12,0,400,2,245,ok,,0,1,30.868584,374,1,3.531,13.353,1.76265E+12,1.76265E+12,,,,,,,,,,,,,,,
y1_online_only,LEO_ONLY,12,0,400,2,246,ok,,0,1,31.05291701,374,1,3.613,13.328,1.76265E+12,1.76265E+12,,,,,,,,,,,,,,,
y1_online_only,LEO_ONLY,12,0,400,2,247,ok,,0,1,33.454708,374,1,3.715,13.848,1.76265E+12,1.76265E+12,,,,,,,,,,,,,,,
y1_online_only,LEO_ONLY,12,0,400,2,248,ok,,0,1,30.51412498,374,1,3.848,13.763,1.76265E+12,1.76265E+12,,,,,,,,,,,,,,,
y1_online_only,LEO_ONLY,12,0,400,2,249,ok,,0,1,36.389791,374,1,3.721,13.875,1.76265E+12,1.76265E+12,,,,,,,,,,,,,,,
y1_online_only,LEO_ONLY,12,0,400,2,250,ok,,0,1,33.014958,374,1,3.639,13.569,1.76265E+12,1.76265E+12,,,,,,,,,,,,,,,
y1_online_only,LEO_ONLY,12,0,400,2,251,ok,,0,1,32.097916,374,1,3.732,13.772,1.76265E+12,1.76265E+12,,,,,,,,,,,,,,,
y1_online_only,LEO_ONLY,12,0,400,2,252,ok,,0,1,34.71204199,374,1,3.703,13.773,1.76265E+12,1.76265E+12,,,,,,,,,,,,,,,
y1_online_only,LEO_ONLY,12,0,400,2,253,ok,,0,1,33.57691699,374,1,3.684,13.448,1.76265E+12,1.76265E+12,,,,,,,,,,,,,,,
y1_online_only,LEO_ONLY,12,0,400,2,254,ok,,0,1,33.07616699,374,1,3.701,13.618,1.76265E+12,1.76265E+12,,,,,,,,,,,,,,,
y1_online_only,LEO_ONLY,12,0,400,2,255,ok,,0,1,33.13133298,374,1,3.697,13.396,1.76265E+12,1.76265E+12,,,,,,,,,,,,,,,
y1_online_only,LEO_ONLY,12,0,400,2,256,ok,,0,1,33.39733399,374,1,3.597,13.452,1.76265E+12,1.76265E+12,,,,,,,,,,,,,,,
y1_online_only,LEO_ONLY,12,0,400,2,257,ok,,0,1,30.906,374,1,3.581,13.557,1.76265E+12,1.76265E+12,,,,,,,,,,,,,,,
y1_online_only,LEO_ONLY,12,0,400,2,258,ok,,0,1,32.16583299,374,1,3.644,13.535,1.76265E+12,1.76265E+12,,,,,,,,,,,,,,,
y1_online_only,LEO_ONLY,12,0,400,2,259,ok,,0,1,33.32037499,374,1,3.737,13.501,1.76265E+12,1.76265E+12,,,,,,,,,,,,,,,
y1_online_only,LEO_ONLY,12,0,400,2,260,ok,,0,1,30.941209,374,1,3.67,13.642,1.76265E+12,1.76265E+12,,,,,,,,,,,,,,,
y1_online_only,LEO_ONLY,12,0,400,2,261,ok,,0,1,33.22824999,374,1,3.502,13.463,1.76265E+12,1.76265E+12,,,,,,,,,,,,,,,
y1_online_only,LEO_ONLY,12,0,400,2,262,ok,,0,1,33.5355,374,1,3.615,13.741,1.76265E+12,1.76265E+12,,,,,,,,,,,,,,,
y1_online_only,LEO_ONLY,12,0,400,2,263,ok,,0,1,30.73895801,374,1,3.846,13.81,1.76265E+12,1.76265E+12,,,,,,,,,,,,,,,
y1_online_only,LEO_ONLY,12,0,400,2,264,ok,,0,1,34.10799999,374,1,3.696,13.608,1.76265E+12,1.76265E+12,,,,,,,,,,,,,,,
y1_online_only,LEO_ONLY,12,0,400,2,265,ok,,0,1,30.255458,374,1,3.767,13.491,1.76265E+12,1.76265E+12,,,,,,,,,,,,,,,
y1_online_only,LEO_ONLY,12,0,400,2,266,ok,,0,1,31.093875,374,1,3.671,13.399,1.76265E+12,1.76265E+12,,,,,,,,,,,,,,,
y1_online_only,LEO_ONLY,12,0,400,2,267,ok,,0,1,30.347458,374,1,3.602,13.499,1.76265E+12,1.76265E+12,,,,,,,,,,,,,,,
y1_online_only,LEO_ONLY,12,0,400,2,268,ok,,0,1,32.67620801,374,1,3.607,13.813,1.76265E+12,1.76265E+12,,,,,,,,,,,,,,,
y1_online_only,LEO_ONLY,12,0,400,2,269,ok,,0,1,31.20654201,374,1,3.7,13.444,1.76265E+12,1.76265E+12,,,,,,,,,,,,,,,
y1_online_only,LEO_ONLY,12,0,400,2,270,ok,,0,1,35.759875,374,1,3.806,13.691,1.76265E+12,1.76265E+12,,,,,,,,,,,,,,,
y1_online_only,LEO_ONLY,12,0,400,2,271,ok,,0,1,29.75879199,374,1,3.74,13.598,1.76265E+12,1.76265E+12,,,,,,,,,,,,,,,
y1_online_only,LEO_ONLY,12,0,400,2,272,ok,,0,1,27.339375,374,1,3.567,13.438,1.76265E+12,1.76265E+12,,,,,,,,,,,,,,,
y1_online_only,LEO_ONLY,12,0,400,2,273,ok,,0,1,29.05020802,374,1,3.62,13.526,1.76265E+12,1.76265E+12,,,,,,,,,,,,,,,
y1_online_only,LEO_ONLY,12,0,400,2,274,ok,,0,1,35.15058299,374,1,3.639,13.34,1.76265E+12,1.76265E+12,,,,,,,,,,,,,,,
y1_online_only,LEO_ONLY,12,0,400,2,275,ok,,0,1,32.91500002,374,1,3.765,13.724,1.76265E+12,1.76265E+12,,,,,,,,,,,,,,,
y1_online_only,LEO_ONLY,12,0,400,2,276,ok,,0,1,30.31550001,374,1,3.605,13.596,1.76265E+12,1.76265E+12,,,,,,,,,,,,,,,
y1_online_only,LEO_ONLY,12,0,400,2,277,ok,,0,1,36.313875,374,1,3.786,13.75,1.76265E+12,1.76265E+12,,,,,,,,,,,,,,,
y1_online_only,LEO_ONLY,12,0,400,2,278,ok,,0,1,31.83570801,374,1,3.726,13.471,1.76265E+12,1.76265E+12,,,,,,,,,,,,,,,
y1_online_only,LEO_ONLY,12,0,400,2,279,ok,,0,1,34.15024999,374,1,3.823,13.543,1.76265E+12,1.76265E+12,,,,,,,,,,,,,,,
y1_online_only,LEO_ONLY,12,0,400,2,280,ok,,0,1,29.73329101,374,1,3.637,13.551,1.76265E+12,1.76265E+12,,,,,,,,,,,,,,,
y1_online_only,LEO_ONLY,12,0,400,2,281,ok,,0,1,33.64420802,374,1,3.657,13.717,1.76265E+12,1.76265E+12,,,,,,,,,,,,,,,
y1_online_only,LEO_ONLY,12,0,400,2,282,ok,,0,1,34.91345799,374,1,3.638,13.32,1.76265E+12,1.76265E+12,,,,,,,,,,,,,,,
y1_online_only,LEO_ONLY,12,0,400,2,283,ok,,0,1,32.89520799,374,1,3.647,13.504,1.76265E+12,1.76265E+12,,,,,,,,,,,,,,,
y1_online_only,LEO_ONLY,12,0,400,2,284,ok,,0,1,31.11387498,374,1,3.799,13.707,1.76265E+12,1.76265E+12,,,,,,,,,,,,,,,
y1_online_only,LEO_ONLY,12,0,400,2,285,ok,,0,1,33.83741601,374,1,3.68,13.635,1.76265E+12,1.76265E+12,,,,,,,,,,,,,,,
y1_online_only,LEO_ONLY,12,0,400,2,286,ok,,0,1,31.76687501,374,1,3.721,13.544,1.76265E+12,1.76265E+12,,,,,,,,,,,,,,,
y1_online_only,LEO_ONLY,12,0,400,2,287,ok,,0,1,31.85608398,374,1,3.686,13.517,1.76265E+12,1.76265E+12,,,,,,,,,,,,,,,
y1_online_only,LEO_ONLY,12,0,400,2,288,ok,,0,1,32.679542,374,1,3.734,13.509,1.76265E+12,1.76265E+12,,,,,,,,,,,,,,,
y1_online_only,LEO_ONLY,12,0,400,2,289,ok,,0,1,33.61112499,373,1,3.754,13.547,1.76265E+12,1.76265E+12,,,,,,,,,,,,,,,
y1_online_only,LEO_ONLY,12,0,400,2,290,ok,,0,1,29.06079098,374,1,3.633,13.512,1.76265E+12,1.76265E+12,,,,,,,,,,,,,,,
y1_online_only,LEO_ONLY,12,0,400,2,291,ok,,0,1,30.475459,374,1,3.758,13.539,1.76265E+12,1.76265E+12,,,,,,,,,,,,,,,
y1_online_only,LEO_ONLY,12,0,400,2,292,ok,,0,1,30.646125,374,1,3.726,13.615,1.76265E+12,1.76265E+12,,,,,,,,,,,,,,,
y1_online_only,LEO_ONLY,12,0,400,2,293,ok,,0,1,30.60554099,374,1,3.533,13.354,1.76265E+12,1.76265E+12,,,,,,,,,,,,,,,
y1_online_only,LEO_ONLY,12,0,400,2,294,ok,,0,1,33.40016701,374,1,3.608,13.663,1.76265E+12,1.76265E+12,,,,,,,,,,,,,,,
y1_online_only,LEO_ONLY,12,0,400,2,295,ok,,0,1,34.402208,374,1,3.823,13.702,1.76265E+12,1.76265E+12,,,,,,,,,,,,,,,
y1_online_only,LEO_ONLY,12,0,400,2,296,ok,,0,1,31.07212498,374,1,3.721,13.653,1.76265E+12,1.76265E+12,,,,,,,,,,,,,,,
y1_online_only,LEO_ONLY,12,0,400,2,297,ok,,0,1,35.88216702,374,1,3.692,13.671,1.76265E+12,1.76265E+12,,,,,,,,,,,,,,,
y1_online_only,LEO_ONLY,12,0,400,2,298,ok,,0,1,31.302958,374,1,3.675,13.555,1.76265E+12,1.76265E+12,,,,,,,,,,,,,,,
y1_online_only,LEO_ONLY,12,0,400,2,299,ok,,0,1,32.5915,374,1,3.666,13.606,1.76265E+12,1.76265E+12,,,,,,,,,,,,,,,
y1_online_only,LEO_ONLY,12,0,400,2,300,ok,,0,1,32.50633299,374,1,3.631,13.536,1.76265E+12,1.76265E+12,,,,,,,,,,,,,,,
y1_online_only,LEO_ONLY,12,0,600,2,1,ok,,0,1,33.20762501,374,1,3.771,13.572,1.76265E+12,1.76265E+12,,,,,,,,,,,,,,,
y1_online_only,LEO_ONLY,12,0,600,2,2,ok,,0,1,36.101417,374,1,3.622,13.566,1.76265E+12,1.76265E+12,,,,,,,,,,,,,,,
y1_online_only,LEO_ONLY,12,0,600,2,3,ok,,0,1,29.94291601,374,1,3.676,13.602,1.76265E+12,1.76265E+12,,,,,,,,,,,,,,,
y1_online_only,LEO_ONLY,12,0,600,2,4,ok,,0,1,31.97450002,374,1,3.93,13.709,1.76265E+12,1.76265E+12,,,,,,,,,,,,,,,
y1_online_only,LEO_ONLY,12,0,600,2,5,ok,,0,1,36.30066698,374,1,3.704,13.739,1.76265E+12,1.76265E+12,,,,,,,,,,,,,,,
y1_online_only,LEO_ONLY,12,0,600,2,6,ok,,0,1,35.07283301,374,1,3.768,13.589,1.76265E+12,1.76265E+12,,,,,,,,,,,,,,,
y1_online_only,LEO_ONLY,12,0,600,2,7,ok,,0,1,31.19058299,374,1,3.646,13.664,1.76265E+12,1.76265E+12,,,,,,,,,,,,,,,
y1_online_only,LEO_ONLY,12,0,600,2,8,ok,,0,1,32.22025,374,1,3.908,14.423,1.76265E+12,1.76265E+12,,,,,,,,,,,,,,,
y1_online_only,LEO_ONLY,12,0,600,2,9,ok,,0,1,29.54720901,374,1,3.551,13.418,1.76265E+12,1.76265E+12,,,,,,,,,,,,,,,
y1_online_only,LEO_ONLY,12,0,600,2,10,ok,,0,1,31.45420802,374,1,3.69,13.358,1.76265E+12,1.76265E+12,,,,,,,,,,,,,,,
y1_online_only,LEO_ONLY,12,0,600,2,11,ok,,0,1,34.82554099,374,1,3.771,13.706,1.76265E+12,1.76265E+12,,,,,,,,,,,,,,,
y1_online_only,LEO_ONLY,12,0,600,2,12,ok,,0,1,29.19891701,374,1,3.733,13.467,1.76265E+12,1.76265E+12,,,,,,,,,,,,,,,
y1_online_only,LEO_ONLY,12,0,600,2,13,ok,,0,1,29.564375,374,1,3.675,13.853,1.76265E+12,1.76265E+12,,,,,,,,,,,,,,,
y1_online_only,LEO_ONLY,12,0,600,2,14,ok,,0,1,31.78420902,374,1,3.73,13.703,1.76265E+12,1.76265E+12,,,,,,,,,,,,,,,
y1_online_only,LEO_ONLY,12,0,600,2,15,ok,,0,1,31.11362501,373,1,3.609,13.467,1.76265E+12,1.76265E+12,,,,,,,,,,,,,,,
y1_online_only,LEO_ONLY,12,0,600,2,16,ok,,0,1,31.31700002,374,1,3.682,13.465,1.76265E+12,1.76265E+12,,,,,,,,,,,,,,,
y1_online_only,LEO_ONLY,12,0,600,2,17,ok,,0,1,35.099125,374,1,3.688,13.794,1.76265E+12,1.76265E+12,,,,,,,,,,,,,,,
y1_online_only,LEO_ONLY,12,0,600,2,18,ok,,0,1,29.904,374,1,3.726,13.469,1.76265E+12,1.76265E+12,,,,,,,,,,,,,,,
y1_online_only,LEO_ONLY,12,0,600,2,19,ok,,0,1,31.34954101,374,1,4.951,13.665,1.76265E+12,1.76265E+12,,,,,,,,,,,,,,,
y1_online_only,LEO_ONLY,12,0,600,2,20,ok,,0,1,34.07674999,374,1,3.741,13.558,1.76265E+12,1.76265E+12,,,,,,,,,,,,,,,
y1_online_only,LEO_ONLY,12,0,600,2,21,ok,,0,1,33.10316702,374,1,3.839,13.709,1.76265E+12,1.76265E+12,,,,,,,,,,,,,,,
y1_online_only,LEO_ONLY,12,0,600,2,22,ok,,0,1,30.99087501,374,1,3.558,13.417,1.76265E+12,1.76265E+12,,,,,,,,,,,,,,,
y1_online_only,LEO_ONLY,12,0,600,2,23,ok,,0,1,33.89204098,374,1,3.76,13.551,1.76265E+12,1.76265E+12,,,,,,,,,,,,,,,
y1_online_only,LEO_ONLY,12,0,600,2,24,ok,,0,1,29.41737499,374,1,3.681,13.727,1.76265E+12,1.76265E+12,,,,,,,,,,,,,,,
y1_online_only,LEO_ONLY,12,0,600,2,25,ok,,0,1,34.52254098,374,1,3.849,13.818,1.76265E+12,1.76265E+12,,,,,,,,,,,,,,,
y1_online_only,LEO_ONLY,12,0,600,2,26,ok,,0,1,28.59033301,374,1,3.773,13.508,1.76265E+12,1.76265E+12,,,,,,,,,,,,,,,
y1_online_only,LEO_ONLY,12,0,600,2,27,ok,,0,1,32.996583,374,1,3.742,13.595,1.76265E+12,1.76265E+12,,,,,,,,,,,,,,,
y1_online_only,LEO_ONLY,12,0,600,2,28,ok,,0,1,33.38795801,374,1,3.69,13.609,1.76265E+12,1.76265E+12,,,,,,,,,,,,,,,
y1_online_only,LEO_ONLY,12,0,600,2,29,ok,,0,1,29.61183299,374,1,3.727,13.749,1.76265E+12,1.76265E+12,,,,,,,,,,,,,,,
y1_online_only,LEO_ONLY,12,0,600,2,30,ok,,0,1,31.707708,374,1,3.766,13.345,1.76265E+12,1.76265E+12,,,,,,,,,,,,,,,
y1_online_only,LEO_ONLY,12,0,600,2,31,ok,,0,1,34.245291,374,1,3.704,13.675,1.76265E+12,1.76265E+12,,,,,,,,,,,,,,,
y1_online_only,LEO_ONLY,12,0,600,2,32,ok,,0,1,35.60129201,374,1,3.604,13.431,1.76265E+12,1.76265E+12,,,,,,,,,,,,,,,
y1_online_only,LEO_ONLY,12,0,600,2,33,ok,,0,1,31.212125,374,1,3.752,14.697,1.76265E+12,1.76265E+12,,,,,,,,,,,,,,,
y1_online_only,LEO_ONLY,12,0,600,2,34,ok,,0,1,29.60658399,374,1,3.733,13.547,1.76265E+12,1.76265E+12,,,,,,,,,,,,,,,
y1_online_only,LEO_ONLY,12,0,600,2,35,ok,,0,1,35.71962501,374,1,3.769,13.674,1.76265E+12,1.76265E+12,,,,,,,,,,,,,,,
y1_online_only,LEO_ONLY,12,0,600,2,36,ok,,0,1,33.06183402,374,1,3.755,13.945,1.76265E+12,1.76265E+12,,,,,,,,,,,,,,,
y1_online_only,LEO_ONLY,12,0,600,2,37,ok,,0,1,33.43908399,374,1,3.709,13.699,1.76265E+12,1.76265E+12,,,,,,,,,,,,,,,
y1_online_only,LEO_ONLY,12,0,600,2,38,ok,,0,1,33.66145899,374,1,3.779,13.526,1.76265E+12,1.76265E+12,,,,,,,,,,,,,,,
y1_online_only,LEO_ONLY,12,0,600,2,39,ok,,0,1,37.05070799,374,1,3.624,13.739,1.76265E+12,1.76265E+12,,,,,,,,,,,,,,,
y1_online_only,LEO_ONLY,12,0,600,2,40,ok,,0,1,33.10258299,374,1,3.744,13.586,1.76265E+12,1.76265E+12,,,,,,,,,,,,,,,
y1_online_only,LEO_ONLY,12,0,600,2,41,ok,,0,1,35.62041698,374,1,3.646,13.617,1.76265E+12,1.76265E+12,,,,,,,,,,,,,,,
y1_online_only,LEO_ONLY,12,0,600,2,42,ok,,0,1,32.46066702,374,1,3.757,13.603,1.76265E+12,1.76265E+12,,,,,,,,,,,,,,,
y1_online_only,LEO_ONLY,12,0,600,2,43,ok,,0,1,34.046958,374,1,3.662,13.629,1.76265E+12,1.76265E+12,,,,,,,,,,,,,,,
y1_online_only,LEO_ONLY,12,0,600,2,44,ok,,0,1,35.44566702,374,1,3.756,13.533,1.76265E+12,1.76265E+12,,,,,,,,,,,,,,,
y1_online_only,LEO_ONLY,12,0,600,2,45,ok,,0,1,30.24687499,374,1,3.731,13.699,1.76265E+12,1.76265E+12,,,,,,,,,,,,,,,
y1_online_only,LEO_ONLY,12,0,600,2,46,ok,,0,1,31.201459,374,1,3.715,13.595,1.76265E+12,1.76265E+12,,,,,,,,,,,,,,,
y1_online_only,LEO_ONLY,12,0,600,2,47,ok,,0,1,42.24095799,374,1,3.936,23.645,1.76265E+12,1.76265E+12,,,,,,,,,,,,,,,
y1_online_only,LEO_ONLY,12,0,600,2,48,ok,,0,1,33.795542,374,1,3.617,13.489,1.76265E+12,1.76265E+12,,,,,,,,,,,,,,,
y1_online_only,LEO_ONLY,12,0,600,2,49,ok,,0,1,34.31270801,374,1,3.77,13.673,1.76265E+12,1.76265E+12,,,,,,,,,,,,,,,
y1_online_only,LEO_ONLY,12,0,600,2,50,ok,,0,1,28.49512501,374,1,3.761,13.61,1.76265E+12,1.76265E+12,,,,,,,,,,,,,,,
y1_online_only,LEO_ONLY,12,0,600,2,51,ok,,0,1,34.53283399,374,1,3.609,13.365,1.76265E+12,1.76265E+12,,,,,,,,,,,,,,,
y1_online_only,LEO_ONLY,12,0,600,2,52,ok,,0,1,34.786292,374,1,3.624,13.638,1.76265E+12,1.76265E+12,,,,,,,,,,,,,,,
y1_online_only,LEO_ONLY,12,0,600,2,53,ok,,0,1,29.18370799,374,1,3.655,13.372,1.76265E+12,1.76265E+12,,,,,,,,,,,,,,,
y1_online_only,LEO_ONLY,12,0,600,2,54,ok,,0,1,33.91516701,374,1,3.616,13.285,1.76265E+12,1.76265E+12,,,,,,,,,,,,,,,
y1_online_only,LEO_ONLY,12,0,600,2,55,ok,,0,1,28.043,374,1,3.554,13.379,1.76265E+12,1.76265E+12,,,,,,,,,,,,,,,
y1_online_only,LEO_ONLY,12,0,600,2,56,ok,,0,1,33.95633301,374,1,3.659,13.435,1.76265E+12,1.76265E+12,,,,,,,,,,,,,,,
y1_online_only,LEO_ONLY,12,0,600,2,57,ok,,0,1,31.260708,373,1,3.546,13.383,1.76265E+12,1.76265E+12,,,,,,,,,,,,,,,
y1_online_only,LEO_ONLY,12,0,600,2,58,ok,,0,1,28.52854101,374,1,3.769,13.54,1.76265E+12,1.76265E+12,,,,,,,,,,,,,,,
y1_online_only,LEO_ONLY,12,0,600,2,59,ok,,0,1,33.386125,374,1,3.71,13.62,1.76265E+12,1.76265E+12,,,,,,,,,,,,,,,
y1_online_only,LEO_ONLY,12,0,600,2,60,ok,,0,1,30.883208,374,1,3.687,13.63,1.76265E+12,1.76265E+12,,,,,,,,,,,,,,,
y1_online_only,LEO_ONLY,12,0,600,2,61,ok,,0,1,35.55916602,374,1,3.781,13.815,1.76265E+12,1.76265E+12,,,,,,,,,,,,,,,
y1_online_only,LEO_ONLY,12,0,600,2,62,ok,,0,1,28.16333302,374,1,3.794,13.479,1.76265E+12,1.76265E+12,,,,,,,,,,,,,,,
y1_online_only,LEO_ONLY,12,0,600,2,63,ok,,0,1,32.37191701,374,1,3.688,13.33,1.76265E+12,1.76265E+12,,,,,,,,,,,,,,,
y1_online_only,LEO_ONLY,12,0,600,2,64,ok,,0,1,32.32912498,374,1,3.813,13.6,1.76265E+12,1.76265E+12,,,,,,,,,,,,,,,
y1_online_only,LEO_ONLY,12,0,600,2,65,ok,,0,1,31.269375,374,1,3.699,13.834,1.76265E+12,1.76265E+12,,,,,,,,,,,,,,,
y1_online_only,LEO_ONLY,12,0,600,2,66,ok,,0,1,27.91112498,374,1,3.649,13.249,1.76265E+12,1.76265E+12,,,,,,,,,,,,,,,
y1_online_only,LEO_ONLY,12,0,600,2,67,ok,,0,1,34.89466701,374,1,3.657,13.623,1.76265E+12,1.76265E+12,,,,,,,,,,,,,,,
y1_online_only,LEO_ONLY,12,0,600,2,68,ok,,0,1,28.26641701,374,1,3.703,13.627,1.76265E+12,1.76265E+12,,,,,,,,,,,,,,,
y1_online_only,LEO_ONLY,12,0,600,2,69,ok,,0,1,32.68987499,374,1,3.743,13.618,1.76265E+12,1.76265E+12,,,,,,,,,,,,,,,
y1_online_only,LEO_ONLY,12,0,600,2,70,ok,,0,1,30.75179202,374,1,3.794,13.839,1.76265E+12,1.76265E+12,,,,,,,,,,,,,,,
y1_online_only,LEO_ONLY,12,0,600,2,71,ok,,0,1,33.172,374,1,3.619,13.8,1.76265E+12,1.76265E+12,,,,,,,,,,,,,,,
y1_online_only,LEO_ONLY,12,0,600,2,72,ok,,0,1,32.17854199,374,1,3.754,13.437,1.76265E+12,1.76265E+12,,,,,,,,,,,,,,,
y1_online_only,LEO_ONLY,12,0,600,2,73,ok,,0,1,30.51204202,374,1,3.591,13.294,1.76265E+12,1.76265E+12,,,,,,,,,,,,,,,
y1_online_only,LEO_ONLY,12,0,600,2,74,ok,,0,1,33.748416,374,1,4.039,13.538,1.76265E+12,1.76265E+12,,,,,,,,,,,,,,,
y1_online_only,LEO_ONLY,12,0,600,2,75,ok,,0,1,33.45166601,374,1,3.769,13.773,1.76265E+12,1.76265E+12,,,,,,,,,,,,,,,
y1_online_only,LEO_ONLY,12,0,600,2,76,ok,,0,1,32.97920799,374,1,3.844,13.84,1.76265E+12,1.76265E+12,,,,,,,,,,,,,,,
y1_online_only,LEO_ONLY,12,0,600,2,77,ok,,0,1,32.701291,374,1,3.787,13.673,1.76265E+12,1.76265E+12,,,,,,,,,,,,,,,
y1_online_only,LEO_ONLY,12,0,600,2,78,ok,,0,1,30.20179199,374,1,3.759,13.644,1.76265E+12,1.76265E+12,,,,,,,,,,,,,,,
y1_online_only,LEO_ONLY,12,0,600,2,79,ok,,0,1,33.65262499,374,1,3.636,13.445,1.76265E+12,1.76265E+12,,,,,,,,,,,,,,,
y1_online_only,LEO_ONLY,12,0,600,2,80,ok,,0,1,29.73174999,374,1,3.785,13.762,1.76265E+12,1.76265E+12,,,,,,,,,,,,,,,
y1_online_only,LEO_ONLY,12,0,600,2,81,ok,,0,1,31.60108399,374,1,3.815,13.557,1.76265E+12,1.76265E+12,,,,,,,,,,,,,,,
y1_online_only,LEO_ONLY,12,0,600,2,82,ok,,0,1,31.14508302,374,1,3.716,13.747,1.76265E+12,1.76265E+12,,,,,,,,,,,,,,,
y1_online_only,LEO_ONLY,12,0,600,2,83,ok,,0,1,36.12104201,374,1,3.668,13.288,1.76265E+12,1.76265E+12,,,,,,,,,,,,,,,
y1_online_only,LEO_ONLY,12,0,600,2,84,ok,,0,1,34.58887499,374,1,3.781,13.775,1.76265E+12,1.76265E+12,,,,,,,,,,,,,,,
y1_online_only,LEO_ONLY,12,0,600,2,85,ok,,0,1,33.41183299,374,1,3.674,13.512,1.76265E+12,1.76265E+12,,,,,,,,,,,,,,,
y1_online_only,LEO_ONLY,12,0,600,2,86,ok,,0,1,32.951917,374,1,3.677,13.259,1.76265E+12,1.76265E+12,,,,,,,,,,,,,,,
y1_online_only,LEO_ONLY,12,0,600,2,87,ok,,0,1,31.74458299,374,1,3.79,13.465,1.76265E+12,1.76265E+12,,,,,,,,,,,,,,,
y1_online_only,LEO_ONLY,12,0,600,2,88,ok,,0,1,33.08920801,374,1,3.662,13.977,1.76265E+12,1.76265E+12,,,,,,,,,,,,,,,
y1_online_only,LEO_ONLY,12,0,600,2,89,ok,,0,1,31.006417,374,1,3.713,13.427,1.76265E+12,1.76265E+12,,,,,,,,,,,,,,,
y1_online_only,LEO_ONLY,12,0,600,2,90,ok,,0,1,30.1075,374,1,3.581,13.442,1.76265E+12,1.76265E+12,,,,,,,,,,,,,,,
y1_online_only,LEO_ONLY,12,0,600,2,91,ok,,0,1,28.59325,374,1,3.617,13.628,1.76265E+12,1.76265E+12,,,,,,,,,,,,,,,
y1_online_only,LEO_ONLY,12,0,600,2,92,ok,,0,1,30.33820799,374,1,3.535,13.428,1.76265E+12,1.76265E+12,,,,,,,,,,,,,,,
y1_online_only,LEO_ONLY,12,0,600,2,93,ok,,0,1,30.99991698,374,1,3.713,13.369,1.76265E+12,1.76265E+12,,,,,,,,,,,,,,,
y1_online_only,LEO_ONLY,12,0,600,2,94,ok,,0,1,33.94387499,374,1,3.785,13.539,1.76265E+12,1.76265E+12,,,,,,,,,,,,,,,
y1_online_only,LEO_ONLY,12,0,600,2,95,ok,,0,1,30.23587499,374,1,3.591,13.194,1.76265E+12,1.76265E+12,,,,,,,,,,,,,,,
y1_online_only,LEO_ONLY,12,0,600,2,96,ok,,0,1,33.20770801,374,1,3.811,13.545,1.76265E+12,1.76265E+12,,,,,,,,,,,,,,,
y1_online_only,LEO_ONLY,12,0,600,2,97,ok,,0,1,37.48566698,374,1,3.773,13.78,1.76265E+12,1.76265E+12,,,,,,,,,,,,,,,
y1_online_only,LEO_ONLY,12,0,600,2,98,ok,,0,1,36.38987499,374,1,3.662,13.664,1.76265E+12,1.76265E+12,,,,,,,,,,,,,,,
y1_online_only,LEO_ONLY,12,0,600,2,99,ok,,0,1,30.360334,374,1,3.605,13.452,1.76265E+12,1.76265E+12,,,,,,,,,,,,,,,
y1_online_only,LEO_ONLY,12,0,600,2,100,ok,,0,1,28.872417,374,1,3.645,13.369,1.76265E+12,1.76265E+12,,,,,,,,,,,,,,,
y1_online_only,LEO_ONLY,12,0,600,2,101,ok,,0,1,30.31587502,373,1,3.831,13.587,1.76265E+12,1.76265E+12,,,,,,,,,,,,,,,
y1_online_only,LEO_ONLY,12,0,600,2,102,ok,,0,1,33.26825,374,1,3.921,13.86,1.76265E+12,1.76265E+12,,,,,,,,,,,,,,,
y1_online_only,LEO_ONLY,12,0,600,2,103,ok,,0,1,33.520125,374,1,3.836,13.662,1.76265E+12,1.76265E+12,,,,,,,,,,,,,,,
y1_online_only,LEO_ONLY,12,0,600,2,104,ok,,0,1,30.952,374,1,3.76,13.882,1.76265E+12,1.76265E+12,,,,,,,,,,,,,,,
y1_online_only,LEO_ONLY,12,0,600,2,105,ok,,0,1,30.48216601,374,1,3.942,14.275,1.76265E+12,1.76265E+12,,,,,,,,,,,,,,,
y1_online_only,LEO_ONLY,12,0,600,2,106,ok,,0,1,31.14575002,374,1,3.693,13.622,1.76265E+12,1.76265E+12,,,,,,,,,,,,,,,
y1_online_only,LEO_ONLY,12,0,600,2,107,ok,,0,1,35.37962501,374,1,3.878,13.836,1.76265E+12,1.76265E+12,,,,,,,,,,,,,,,
y1_online_only,LEO_ONLY,12,0,600,2,108,ok,,0,1,32.98420898,374,1,3.648,13.111,1.76265E+12,1.76265E+12,,,,,,,,,,,,,,,
y1_online_only,LEO_ONLY,12,0,600,2,109,ok,,0,1,35.55879201,374,1,3.604,13.576,1.76265E+12,1.76265E+12,,,,,,,,,,,,,,,
y1_online_only,LEO_ONLY,12,0,600,2,110,ok,,0,1,34.720208,374,1,3.778,13.697,1.76265E+12,1.76265E+12,,,,,,,,,,,,,,,
y1_online_only,LEO_ONLY,12,0,600,2,111,ok,,0,1,29.56529101,374,1,3.752,13.57,1.76265E+12,1.76265E+12,,,,,,,,,,,,,,,
y1_online_only,LEO_ONLY,12,0,600,2,112,ok,,0,1,28.64999999,374,1,3.706,13.721,1.76265E+12,1.76265E+12,,,,,,,,,,,,,,,
y1_online_only,LEO_ONLY,12,0,600,2,113,ok,,0,1,29.662916,374,1,3.764,13.642,1.76265E+12,1.76265E+12,,,,,,,,,,,,,,,
y1_online_only,LEO_ONLY,12,0,600,2,114,ok,,0,1,33.596833,374,1,3.793,13.519,1.76265E+12,1.76265E+12,,,,,,,,,,,,,,,
y1_online_only,LEO_ONLY,12,0,600,2,115,ok,,0,1,29.67766699,374,1,3.784,13.339,1.76265E+12,1.76265E+12,,,,,,,,,,,,,,,
y1_online_only,LEO_ONLY,12,0,600,2,116,ok,,0,1,34.754541,374,1,3.817,13.708,1.76265E+12,1.76265E+12,,,,,,,,,,,,,,,
y1_online_only,LEO_ONLY,12,0,600,2,117,ok,,0,1,31.902833,374,1,3.855,13.616,1.76265E+12,1.76265E+12,,,,,,,,,,,,,,,
y1_online_only,LEO_ONLY,12,0,600,2,118,ok,,0,1,31.30408298,374,1,3.534,13.441,1.76265E+12,1.76265E+12,,,,,,,,,,,,,,,
y1_online_only,LEO_ONLY,12,0,600,2,119,ok,,0,1,30.15066701,374,1,3.738,13.296,1.76265E+12,1.76265E+12,,,,,,,,,,,,,,,
y1_online_only,LEO_ONLY,12,0,600,2,120,ok,,0,1,32.74454101,373,1,3.668,13.51,1.76265E+12,1.76265E+12,,,,,,,,,,,,,,,
y1_online_only,LEO_ONLY,12,0,600,2,121,ok,,0,1,33.810333,374,1,3.662,13.437,1.76265E+12,1.76265E+12,,,,,,,,,,,,,,,
y1_online_only,LEO_ONLY,12,0,600,2,122,ok,,0,1,32.42587502,374,1,3.734,13.681,1.76265E+12,1.76265E+12,,,,,,,,,,,,,,,
y1_online_only,LEO_ONLY,12,0,600,2,123,ok,,0,1,32.37583401,374,1,3.621,13.669,1.76265E+12,1.76265E+12,,,,,,,,,,,,,,,
y1_online_only,LEO_ONLY,12,0,600,2,124,ok,,0,1,32.35229198,374,1,3.839,13.78,1.76265E+12,1.76265E+12,,,,,,,,,,,,,,,
y1_online_only,LEO_ONLY,12,0,600,2,125,ok,,0,1,34.09141701,374,1,3.608,13.736,1.76265E+12,1.76265E+12,,,,,,,,,,,,,,,
y1_online_only,LEO_ONLY,12,0,600,2,126,ok,,0,1,28.13312499,374,1,3.738,13.432,1.76265E+12,1.76265E+12,,,,,,,,,,,,,,,
y1_online_only,LEO_ONLY,12,0,600,2,127,ok,,0,1,33.37574998,374,1,3.852,13.74,1.76265E+12,1.76265E+12,,,,,,,,,,,,,,,
y1_online_only,LEO_ONLY,12,0,600,2,128,ok,,0,1,31.979583,374,1,3.798,13.856,1.76265E+12,1.76265E+12,,,,,,,,,,,,,,,
y1_online_only,LEO_ONLY,12,0,600,2,129,ok,,0,1,33.47174998,373,1,3.856,13.535,1.76265E+12,1.76265E+12,,,,,,,,,,,,,,,
y1_online_only,LEO_ONLY,12,0,600,2,130,ok,,0,1,31.06320798,374,1,3.582,13.537,1.76265E+12,1.76265E+12,,,,,,,,,,,,,,,
y1_online_only,LEO_ONLY,12,0,600,2,131,ok,,0,1,33.72845799,374,1,3.775,14.22,1.76265E+12,1.76265E+12,,,,,,,,,,,,,,,
y1_online_only,LEO_ONLY,12,0,600,2,132,ok,,0,1,28.68429202,374,1,3.698,13.304,1.76265E+12,1.76265E+12,,,,,,,,,,,,,,,
y1_online_only,LEO_ONLY,12,0,600,2,133,ok,,0,1,34.723916,374,1,3.591,13.584,1.76265E+12,1.76265E+12,,,,,,,,,,,,,,,
y1_online_only,LEO_ONLY,12,0,600,2,134,ok,,0,1,30.93941702,374,1,3.757,13.362,1.76265E+12,1.76265E+12,,,,,,,,,,,,,,,
y1_online_only,LEO_ONLY,12,0,600,2,135,ok,,0,1,29.63825001,374,1,3.791,13.227,1.76265E+12,1.76265E+12,,,,,,,,,,,,,,,
y1_online_only,LEO_ONLY,12,0,600,2,136,ok,,0,1,35.19525001,374,1,3.695,13.853,1.76265E+12,1.76265E+12,,,,,,,,,,,,,,,
y1_online_only,LEO_ONLY,12,0,600,2,137,ok,,0,1,30.653416,374,1,3.7,13.382,1.76265E+12,1.76265E+12,,,,,,,,,,,,,,,
y1_online_only,LEO_ONLY,12,0,600,2,138,ok,,0,1,34.723791,374,1,3.822,13.746,1.76265E+12,1.76265E+12,,,,,,,,,,,,,,,
y1_online_only,LEO_ONLY,12,0,600,2,139,ok,,0,1,36.049291,374,1,3.773,13.433,1.76265E+12,1.76265E+12,,,,,,,,,,,,,,,
y1_online_only,LEO_ONLY,12,0,600,2,140,ok,,0,1,32.53933298,374,1,3.771,13.578,1.76265E+12,1.76265E+12,,,,,,,,,,,,,,,
y1_online_only,LEO_ONLY,12,0,600,2,141,ok,,0,1,27.75379102,374,1,3.56,13.245,1.76265E+12,1.76265E+12,,,,,,,,,,,,,,,
y1_online_only,LEO_ONLY,12,0,600,2,142,ok,,0,1,31.51720902,374,1,3.574,13.595,1.76265E+12,1.76265E+12,,,,,,,,,,,,,,,
y1_online_only,LEO_ONLY,12,0,600,2,143,ok,,0,1,34.43800099,374,1,3.695,13.383,1.76265E+12,1.76265E+12,,,,,,,,,,,,,,,
y1_online_only,LEO_ONLY,12,0,600,2,144,ok,,0,1,34.50887499,374,1,3.798,13.735,1.76265E+12,1.76265E+12,,,,,,,,,,,,,,,
y1_online_only,LEO_ONLY,12,0,600,2,145,ok,,0,1,32.17666698,374,1,3.59,13.328,1.76265E+12,1.76265E+12,,,,,,,,,,,,,,,
y1_online_only,LEO_ONLY,12,0,600,2,146,ok,,0,1,32.26204199,374,1,3.76,13.708,1.76265E+12,1.76265E+12,,,,,,,,,,,,,,,
y1_online_only,LEO_ONLY,12,0,600,2,147,ok,,0,1,35.600542,374,1,3.735,13.677,1.76265E+12,1.76265E+12,,,,,,,,,,,,,,,
y1_online_only,LEO_ONLY,12,0,600,2,148,ok,,0,1,30.359834,374,1,3.799,13.925,1.76265E+12,1.76265E+12,,,,,,,,,,,,,,,
y1_online_only,LEO_ONLY,12,0,600,2,149,ok,,0,1,32.22604198,374,1,3.724,13.632,1.76265E+12,1.76265E+12,,,,,,,,,,,,,,,
y1_online_only,LEO_ONLY,12,0,600,2,150,ok,,0,1,27.477375,374,1,3.716,13.281,1.76265E+12,1.76265E+12,,,,,,,,,,,,,,,
y1_online_only,LEO_ONLY,12,0,600,2,151,ok,,0,1,32.94083299,374,1,3.651,13.501,1.76265E+12,1.76265E+12,,,,,,,,,,,,,,,
y1_online_only,LEO_ONLY,12,0,600,2,152,ok,,0,1,34.55712501,373,1,3.549,13.483,1.76265E+12,1.76265E+12,,,,,,,,,,,,,,,
y1_online_only,LEO_ONLY,12,0,600,2,153,ok,,0,1,31.57516598,374,1,3.706,13.573,1.76265E+12,1.76265E+12,,,,,,,,,,,,,,,
y1_online_only,LEO_ONLY,12,0,600,2,154,ok,,0,1,33.05679199,374,1,3.734,13.655,1.76265E+12,1.76265E+12,,,,,,,,,,,,,,,
y1_online_only,LEO_ONLY,12,0,600,2,155,ok,,0,1,31.823333,374,1,3.633,13.241,1.76265E+12,1.76265E+12,,,,,,,,,,,,,,,
y1_online_only,LEO_ONLY,12,0,600,2,156,ok,,0,1,30.57849998,374,1,3.634,13.658,1.76265E+12,1.76265E+12,,,,,,,,,,,,,,,
y1_online_only,LEO_ONLY,12,0,600,2,157,ok,,0,1,33.49979199,374,1,3.761,13.677,1.76265E+12,1.76265E+12,,,,,,,,,,,,,,,
y1_online_only,LEO_ONLY,12,0,600,2,158,ok,,0,1,32.45129102,374,1,3.88,13.572,1.76265E+12,1.76265E+12,,,,,,,,,,,,,,,
y1_online_only,LEO_ONLY,12,0,600,2,159,ok,,0,1,42.72162498,374,1,4.78,20.972,1.76265E+12,1.76265E+12,,,,,,,,,,,,,,,
y1_online_only,LEO_ONLY,12,0,600,2,160,ok,,0,1,33.55345901,374,1,3.634,13.587,1.76265E+12,1.76265E+12,,,,,,,,,,,,,,,
y1_online_only,LEO_ONLY,12,0,600,2,161,ok,,0,1,30.98924999,374,1,3.692,13.349,1.76265E+12,1.76265E+12,,,,,,,,,,,,,,,
y1_online_only,LEO_ONLY,12,0,600,2,162,ok,,0,1,31.45350001,374,1,3.617,13.554,1.76265E+12,1.76265E+12,,,,,,,,,,,,,,,
y1_online_only,LEO_ONLY,12,0,600,2,163,ok,,0,1,35.129083,374,1,3.838,13.439,1.76265E+12,1.76265E+12,,,,,,,,,,,,,,,
y1_online_only,LEO_ONLY,12,0,600,2,164,ok,,0,1,34.907625,374,1,3.687,13.521,1.76265E+12,1.76265E+12,,,,,,,,,,,,,,,
y1_online_only,LEO_ONLY,12,0,600,2,165,ok,,0,1,33.631834,374,1,3.608,13.573,1.76265E+12,1.76265E+12,,,,,,,,,,,,,,,
y1_online_only,LEO_ONLY,12,0,600,2,166,ok,,0,1,35.10870901,374,1,3.724,13.686,1.76265E+12,1.76265E+12,,,,,,,,,,,,,,,
y1_online_only,LEO_ONLY,12,0,600,2,167,ok,,0,1,32.93075002,374,1,3.756,13.449,1.76265E+12,1.76265E+12,,,,,,,,,,,,,,,
y1_online_only,LEO_ONLY,12,0,600,2,168,ok,,0,1,30.38058401,374,1,3.704,13.412,1.76265E+12,1.76265E+12,,,,,,,,,,,,,,,
y1_online_only,LEO_ONLY,12,0,600,2,169,ok,,0,1,35.07270798,374,1,3.6,13.102,1.76265E+12,1.76265E+12,,,,,,,,,,,,,,,
y1_online_only,LEO_ONLY,12,0,600,2,170,ok,,0,1,30.32812499,374,1,3.715,13.487,1.76265E+12,1.76265E+12,,,,,,,,,,,,,,,
y1_online_only,LEO_ONLY,12,0,600,2,171,ok,,0,1,30.214375,374,1,3.661,13.311,1.76265E+12,1.76265E+12,,,,,,,,,,,,,,,
y1_online_only,LEO_ONLY,12,0,600,2,172,ok,,0,1,30.51625,374,1,3.717,13.43,1.76265E+12,1.76265E+12,,,,,,,,,,,,,,,
y1_online_only,LEO_ONLY,12,0,600,2,173,ok,,0,1,34.150541,374,1,3.736,13.68,1.76265E+12,1.76265E+12,,,,,,,,,,,,,,,
y1_online_only,LEO_ONLY,12,0,600,2,174,ok,,0,1,29.67349999,374,1,3.65,13.566,1.76265E+12,1.76265E+12,,,,,,,,,,,,,,,
y1_online_only,LEO_ONLY,12,0,600,2,175,ok,,0,1,32.84245799,374,1,3.733,13.525,1.76265E+12,1.76265E+12,,,,,,,,,,,,,,,
y1_online_only,LEO_ONLY,12,0,600,2,176,ok,,0,1,33.118458,374,1,3.732,13.572,1.76265E+12,1.76265E+12,,,,,,,,,,,,,,,
y1_online_only,LEO_ONLY,12,0,600,2,177,ok,,0,1,32.89583299,374,1,3.783,13.403,1.76265E+12,1.76265E+12,,,,,,,,,,,,,,,
y1_online_only,LEO_ONLY,12,0,600,2,178,ok,,0,1,34.30504201,374,1,3.797,13.813,1.76265E+12,1.76265E+12,,,,,,,,,,,,,,,
y1_online_only,LEO_ONLY,12,0,600,2,179,ok,,0,1,32.19487501,374,1,3.702,13.53,1.76265E+12,1.76265E+12,,,,,,,,,,,,,,,
y1_online_only,LEO_ONLY,12,0,600,2,180,ok,,0,1,31.93179099,374,1,3.727,13.738,1.76265E+12,1.76265E+12,,,,,,,,,,,,,,,
y1_online_only,LEO_ONLY,12,0,600,2,181,ok,,0,1,29.99149999,374,1,3.61,13.428,1.76265E+12,1.76265E+12,,,,,,,,,,,,,,,
y1_online_only,LEO_ONLY,12,0,600,2,182,ok,,0,1,31.762917,374,1,3.617,13.675,1.76265E+12,1.76265E+12,,,,,,,,,,,,,,,
y1_online_only,LEO_ONLY,12,0,600,2,183,ok,,0,1,29.54299998,374,1,3.624,13.61,1.76265E+12,1.76265E+12,,,,,,,,,,,,,,,
y1_online_only,LEO_ONLY,12,0,600,2,184,ok,,0,1,34.46937498,374,1,3.722,13.878,1.76265E+12,1.76265E+12,,,,,,,,,,,,,,,
y1_online_only,LEO_ONLY,12,0,600,2,185,ok,,0,1,30.19949998,374,1,3.61,13.645,1.76265E+12,1.76265E+12,,,,,,,,,,,,,,,
y1_online_only,LEO_ONLY,12,0,600,2,186,ok,,0,1,30.36120799,374,1,3.619,13.383,1.76265E+12,1.76265E+12,,,,,,,,,,,,,,,
y1_online_only,LEO_ONLY,12,0,600,2,187,ok,,0,1,32.30816699,374,1,3.707,13.496,1.76265E+12,1.76265E+12,,,,,,,,,,,,,,,
y1_online_only,LEO_ONLY,12,0,600,2,188,ok,,0,1,31.55029198,374,1,3.627,13.601,1.76265E+12,1.76265E+12,,,,,,,,,,,,,,,
y1_online_only,LEO_ONLY,12,0,600,2,189,ok,,0,1,32.125167,374,1,3.708,13.571,1.76265E+12,1.76265E+12,,,,,,,,,,,,,,,
y1_online_only,LEO_ONLY,12,0,600,2,190,ok,,0,1,30.305875,374,1,3.704,13.648,1.76265E+12,1.76265E+12,,,,,,,,,,,,,,,
y1_online_only,LEO_ONLY,12,0,600,2,191,ok,,0,1,28.557916,374,1,3.824,13.44,1.76265E+12,1.76265E+12,,,,,,,,,,,,,,,
y1_online_only,LEO_ONLY,12,0,600,2,192,ok,,0,1,31.21158402,374,1,3.627,13.273,1.76265E+12,1.76265E+12,,,,,,,,,,,,,,,
y1_online_only,LEO_ONLY,12,0,600,2,193,ok,,0,1,33.222333,374,1,3.715,13.694,1.76265E+12,1.76265E+12,,,,,,,,,,,,,,,
y1_online_only,LEO_ONLY,12,0,600,2,194,ok,,0,1,28.405666,374,1,3.723,13.354,1.76265E+12,1.76265E+12,,,,,,,,,,,,,,,
y1_online_only,LEO_ONLY,12,0,600,2,195,ok,,0,1,29.92937498,374,1,3.599,13.747,1.76265E+12,1.76265E+12,,,,,,,,,,,,,,,
y1_online_only,LEO_ONLY,12,0,600,2,196,ok,,0,1,34.353,374,1,3.546,13.608,1.76265E+12,1.76265E+12,,,,,,,,,,,,,,,
y1_online_only,LEO_ONLY,12,0,600,2,197,ok,,0,1,36.29933402,374,1,4.102,19.807,1.76265E+12,1.76265E+12,,,,,,,,,,,,,,,
y1_online_only,LEO_ONLY,12,0,600,2,198,ok,,0,1,31.21325001,374,1,3.786,13.277,1.76265E+12,1.76265E+12,,,,,,,,,,,,,,,
y1_online_only,LEO_ONLY,12,0,600,2,199,ok,,0,1,32.694458,373,1,3.627,13.755,1.76265E+12,1.76265E+12,,,,,,,,,,,,,,,
y1_online_only,LEO_ONLY,12,0,600,2,200,ok,,0,1,29.77249998,374,1,3.624,13.742,1.76265E+12,1.76265E+12,,,,,,,,,,,,,,,
y1_online_only,LEO_ONLY,12,0,600,2,201,ok,,0,1,31.80704199,374,1,3.729,13.603,1.76265E+12,1.76265E+12,,,,,,,,,,,,,,,
y1_online_only,LEO_ONLY,12,0,600,2,202,ok,,0,1,34.261792,374,1,3.728,13.512,1.76265E+12,1.76265E+12,,,,,,,,,,,,,,,
y1_online_only,LEO_ONLY,12,0,600,2,203,ok,,0,1,32.54608301,374,1,3.758,13.489,1.76265E+12,1.76265E+12,,,,,,,,,,,,,,,
y1_online_only,LEO_ONLY,12,0,600,2,204,ok,,0,1,31.00812499,374,1,3.726,13.546,1.76265E+12,1.76265E+12,,,,,,,,,,,,,,,
y1_online_only,LEO_ONLY,12,0,600,2,205,ok,,0,1,29.35208302,374,1,3.471,13.424,1.76265E+12,1.76265E+12,,,,,,,,,,,,,,,
y1_online_only,LEO_ONLY,12,0,600,2,206,ok,,0,1,33.891959,374,1,3.482,13.503,1.76265E+12,1.76265E+12,,,,,,,,,,,,,,,
y1_online_only,LEO_ONLY,12,0,600,2,207,ok,,0,1,32.13387501,374,1,3.592,13.546,1.76265E+12,1.76265E+12,,,,,,,,,,,,,,,
y1_online_only,LEO_ONLY,12,0,600,2,208,ok,,0,1,31.51304202,374,1,3.621,13.704,1.76265E+12,1.76265E+12,,,,,,,,,,,,,,,
y1_online_only,LEO_ONLY,12,0,600,2,209,ok,,0,1,31.89270801,374,1,3.66,13.467,1.76265E+12,1.76265E+12,,,,,,,,,,,,,,,
y1_online_only,LEO_ONLY,12,0,600,2,210,ok,,0,1,34.65337498,374,1,3.706,13.56,1.76265E+12,1.76265E+12,,,,,,,,,,,,,,,
y1_online_only,LEO_ONLY,12,0,600,2,211,ok,,0,1,31.64891599,374,1,3.77,13.488,1.76265E+12,1.76265E+12,,,,,,,,,,,,,,,
y1_online_only,LEO_ONLY,12,0,600,2,212,ok,,0,1,29.756542,374,1,3.516,13.416,1.76265E+12,1.76265E+12,,,,,,,,,,,,,,,
y1_online_only,LEO_ONLY,12,0,600,2,213,ok,,0,1,31.27179199,374,1,3.615,13.347,1.76265E+12,1.76265E+12,,,,,,,,,,,,,,,
y1_online_only,LEO_ONLY,12,0,600,2,214,ok,,0,1,33.63612501,374,1,3.554,13.675,1.76265E+12,1.76265E+12,,,,,,,,,,,,,,,
y1_online_only,LEO_ONLY,12,0,600,2,215,ok,,0,1,34.52279101,374,1,3.786,13.781,1.76265E+12,1.76265E+12,,,,,,,,,,,,,,,
y1_online_only,LEO_ONLY,12,0,600,2,216,ok,,0,1,34.559583,374,1,3.75,13.814,1.76265E+12,1.76265E+12,,,,,,,,,,,,,,,
y1_online_only,LEO_ONLY,12,0,600,2,217,ok,,0,1,33.429876,374,1,3.819,13.479,1.76265E+12,1.76265E+12,,,,,,,,,,,,,,,
y1_online_only,LEO_ONLY,12,0,600,2,218,ok,,0,1,36.10066601,374,1,3.734,13.703,1.76265E+12,1.76265E+12,,,,,,,,,,,,,,,
y1_online_only,LEO_ONLY,12,0,600,2,219,ok,,0,1,31.91270801,374,1,3.773,13.442,1.76265E+12,1.76265E+12,,,,,,,,,,,,,,,
y1_online_only,LEO_ONLY,12,0,600,2,220,ok,,0,1,34.30979099,374,1,3.74,13.677,1.76265E+12,1.76265E+12,,,,,,,,,,,,,,,
y1_online_only,LEO_ONLY,12,0,600,2,221,ok,,0,1,36.14625,374,1,3.8,13.685,1.76265E+12,1.76265E+12,,,,,,,,,,,,,,,
y1_online_only,LEO_ONLY,12,0,600,2,222,ok,,0,1,30.240708,374,1,3.538,13.503,1.76265E+12,1.76265E+12,,,,,,,,,,,,,,,
y1_online_only,LEO_ONLY,12,0,600,2,223,ok,,0,1,36.355041,374,1,3.693,13.606,1.76265E+12,1.76265E+12,,,,,,,,,,,,,,,
y1_online_only,LEO_ONLY,12,0,600,2,224,ok,,0,1,31.283166,374,1,3.669,13.706,1.76265E+12,1.76265E+12,,,,,,,,,,,,,,,
y1_online_only,LEO_ONLY,12,0,600,2,225,ok,,0,1,34.66487501,374,1,3.725,13.478,1.76265E+12,1.76265E+12,,,,,,,,,,,,,,,
y1_online_only,LEO_ONLY,12,0,600,2,226,ok,,0,1,34.384167,374,1,3.725,13.481,1.76265E+12,1.76265E+12,,,,,,,,,,,,,,,
y1_online_only,LEO_ONLY,12,0,600,2,227,ok,,0,1,36.314834,374,1,3.625,13.266,1.76265E+12,1.76265E+12,,,,,,,,,,,,,,,
y1_online_only,LEO_ONLY,12,0,600,2,228,ok,,0,1,32.464333,374,1,3.571,13.701,1.76265E+12,1.76265E+12,,,,,,,,,,,,,,,
y1_online_only,LEO_ONLY,12,0,600,2,229,ok,,0,1,33.703208,374,1,3.707,13.448,1.76265E+12,1.76265E+12,,,,,,,,,,,,,,,
y1_online_only,LEO_ONLY,12,0,600,2,230,ok,,0,1,31.23725101,374,1,3.98,14.139,1.76265E+12,1.76265E+12,,,,,,,,,,,,,,,
y1_online_only,LEO_ONLY,12,0,600,2,231,ok,,0,1,36.533292,374,1,3.728,13.501,1.76265E+12,1.76265E+12,,,,,,,,,,,,,,,
y1_online_only,LEO_ONLY,12,0,600,2,232,ok,,0,1,34.18412499,374,1,3.698,13.641,1.76265E+12,1.76265E+12,,,,,,,,,,,,,,,
y1_online_only,LEO_ONLY,12,0,600,2,233,ok,,0,1,33.43820802,374,1,4.008,14.48,1.76265E+12,1.76265E+12,,,,,,,,,,,,,,,
y1_online_only,LEO_ONLY,12,0,600,2,234,ok,,0,1,36.11154101,374,1,3.665,13.687,1.76265E+12,1.76265E+12,,,,,,,,,,,,,,,
y1_online_only,LEO_ONLY,12,0,600,2,235,ok,,0,1,38.21479098,374,1,8.76,15.708,1.76265E+12,1.76265E+12,,,,,,,,,,,,,,,
y1_online_only,LEO_ONLY,12,0,600,2,236,ok,,0,1,33.53820898,374,1,3.558,13.649,1.76265E+12,1.76265E+12,,,,,,,,,,,,,,,
y1_online_only,LEO_ONLY,12,0,600,2,237,ok,,0,1,33.93437498,374,1,3.703,13.502,1.76265E+12,1.76265E+12,,,,,,,,,,,,,,,
y1_online_only,LEO_ONLY,12,0,600,2,238,ok,,0,1,34.11862502,374,1,3.672,13.592,1.76265E+12,1.76265E+12,,,,,,,,,,,,,,,
y1_online_only,LEO_ONLY,12,0,600,2,239,ok,,0,1,31.94412499,374,1,3.78,13.629,1.76265E+12,1.76265E+12,,,,,,,,,,,,,,,
y1_online_only,LEO_ONLY,12,0,600,2,240,ok,,0,1,29.84945802,374,1,3.582,13.446,1.76265E+12,1.76265E+12,,,,,,,,,,,,,,,
y1_online_only,LEO_ONLY,12,0,600,2,241,ok,,0,1,32.97229201,374,1,3.602,13.49,1.76265E+12,1.76265E+12,,,,,,,,,,,,,,,
y1_online_only,LEO_ONLY,12,0,600,2,242,ok,,0,1,35.96516702,374,1,3.698,13.552,1.76265E+12,1.76265E+12,,,,,,,,,,,,,,,
y1_online_only,LEO_ONLY,12,0,600,2,243,ok,,0,1,32.514083,374,1,3.701,13.599,1.76265E+12,1.76265E+12,,,,,,,,,,,,,,,
y1_online_only,LEO_ONLY,12,0,600,2,244,ok,,0,1,32.88487499,374,1,3.653,13.358,1.76265E+12,1.76265E+12,,,,,,,,,,,,,,,
y1_online_only,LEO_ONLY,12,0,600,2,245,ok,,0,1,29.11,374,1,3.501,13.342,1.76265E+12,1.76265E+12,,,,,,,,,,,,,,,
y1_online_only,LEO_ONLY,12,0,600,2,246,ok,,0,1,30.473208,374,1,3.815,13.647,1.76265E+12,1.76265E+12,,,,,,,,,,,,,,,
y1_online_only,LEO_ONLY,12,0,600,2,247,ok,,0,1,32.42770801,374,1,3.77,13.699,1.76265E+12,1.76265E+12,,,,,,,,,,,,,,,
y1_online_only,LEO_ONLY,12,0,600,2,248,ok,,0,1,31.605542,374,1,3.741,13.599,1.76265E+12,1.76265E+12,,,,,,,,,,,,,,,
y1_online_only,LEO_ONLY,12,0,600,2,249,ok,,0,1,29.05579199,374,1,3.623,13.523,1.76265E+12,1.76265E+12,,,,,,,,,,,,,,,
y1_online_only,LEO_ONLY,12,0,600,2,250,ok,,0,1,33.0615,374,1,3.611,13.534,1.76265E+12,1.76265E+12,,,,,,,,,,,,,,,
y1_online_only,LEO_ONLY,12,0,600,2,251,ok,,0,1,33.51325,374,1,3.673,13.458,1.76265E+12,1.76265E+12,,,,,,,,,,,,,,,
y1_online_only,LEO_ONLY,12,0,600,2,252,ok,,0,1,29.59249998,374,1,3.797,13.652,1.76265E+12,1.76265E+12,,,,,,,,,,,,,,,
y1_online_only,LEO_ONLY,12,0,600,2,253,ok,,0,1,31.99525,374,1,3.648,13.267,1.76265E+12,1.76265E+12,,,,,,,,,,,,,,,
y1_online_only,LEO_ONLY,12,0,600,2,254,ok,,0,1,31.522084,374,1,3.75,13.388,1.76265E+12,1.76265E+12,,,,,,,,,,,,,,,
y1_online_only,LEO_ONLY,12,0,600,2,255,ok,,0,1,33.22975,374,1,3.757,13.668,1.76265E+12,1.76265E+12,,,,,,,,,,,,,,,
y1_online_only,LEO_ONLY,12,0,600,2,256,ok,,0,1,36.234167,374,1,3.754,13.874,1.76265E+12,1.76265E+12,,,,,,,,,,,,,,,
y1_online_only,LEO_ONLY,12,0,600,2,257,ok,,0,1,29.75395802,374,1,3.658,13.704,1.76265E+12,1.76265E+12,,,,,,,,,,,,,,,
y1_online_only,LEO_ONLY,12,0,600,2,258,ok,,0,1,31.51462501,374,1,3.724,13.603,1.76265E+12,1.76265E+12,,,,,,,,,,,,,,,
y1_online_only,LEO_ONLY,12,0,600,2,259,ok,,0,1,31.03437499,374,1,3.671,13.702,1.76265E+12,1.76265E+12,,,,,,,,,,,,,,,
y1_online_only,LEO_ONLY,12,0,600,2,260,ok,,0,1,30.756458,374,1,3.675,13.411,1.76265E+12,1.76265E+12,,,,,,,,,,,,,,,
y1_online_only,LEO_ONLY,12,0,600,2,261,ok,,0,1,33.803125,374,1,3.776,13.503,1.76265E+12,1.76265E+12,,,,,,,,,,,,,,,
y1_online_only,LEO_ONLY,12,0,600,2,262,ok,,0,1,32.53266698,374,1,3.578,13.293,1.76265E+12,1.76265E+12,,,,,,,,,,,,,,,
y1_online_only,LEO_ONLY,12,0,600,2,263,ok,,0,1,34.27008301,373,1,3.751,13.568,1.76265E+12,1.76265E+12,,,,,,,,,,,,,,,
y1_online_only,LEO_ONLY,12,0,600,2,264,ok,,0,1,33.711625,374,1,3.649,13.756,1.76265E+12,1.76265E+12,,,,,,,,,,,,,,,
y1_online_only,LEO_ONLY,12,0,600,2,265,ok,,0,1,34.040333,374,1,3.726,13.566,1.76265E+12,1.76265E+12,,,,,,,,,,,,,,,
y1_online_only,LEO_ONLY,12,0,600,2,266,ok,,0,1,32.92816598,374,1,3.746,13.627,1.76265E+12,1.76265E+12,,,,,,,,,,,,,,,
y1_online_only,LEO_ONLY,12,0,600,2,267,ok,,0,1,32.92525001,374,1,3.623,13.473,1.76265E+12,1.76265E+12,,,,,,,,,,,,,,,
y1_online_only,LEO_ONLY,12,0,600,2,268,ok,,0,1,34.019916,374,1,3.851,13.944,1.76265E+12,1.76265E+12,,,,,,,,,,,,,,,
y1_online_only,LEO_ONLY,12,0,600,2,269,ok,,0,1,30.28379098,374,1,3.682,13.462,1.76265E+12,1.76265E+12,,,,,,,,,,,,,,,
y1_online_only,LEO_ONLY,12,0,600,2,270,ok,,0,1,31.23125,374,1,3.614,13.477,1.76265E+12,1.76265E+12,,,,,,,,,,,,,,,
y1_online_only,LEO_ONLY,12,0,600,2,271,ok,,0,1,29.81404201,374,1,3.657,13.362,1.76265E+12,1.76265E+12,,,,,,,,,,,,,,,
y1_online_only,LEO_ONLY,12,0,600,2,272,ok,,0,1,31.849708,374,1,3.613,13.85,1.76265E+12,1.76265E+12,,,,,,,,,,,,,,,
y1_online_only,LEO_ONLY,12,0,600,2,273,ok,,0,1,34.70508297,374,1,7.799,13.487,1.76265E+12,1.76265E+12,,,,,,,,,,,,,,,
y1_online_only,LEO_ONLY,12,0,600,2,274,ok,,0,1,33.74037502,374,1,3.533,13.46,1.76265E+12,1.76265E+12,,,,,,,,,,,,,,,
y1_online_only,LEO_ONLY,12,0,600,2,275,ok,,0,1,30.91050001,374,1,3.745,13.303,1.76265E+12,1.76265E+12,,,,,,,,,,,,,,,
y1_online_only,LEO_ONLY,12,0,600,2,276,ok,,0,1,37.12437503,374,1,3.694,13.758,1.76265E+12,1.76265E+12,,,,,,,,,,,,,,,
y1_online_only,LEO_ONLY,12,0,600,2,277,ok,,0,1,33.200584,374,1,3.761,13.483,1.76265E+12,1.76265E+12,,,,,,,,,,,,,,,
y1_online_only,LEO_ONLY,12,0,600,2,278,ok,,0,1,33.32000002,374,1,3.559,13.695,1.76265E+12,1.76265E+12,,,,,,,,,,,,,,,
y1_online_only,LEO_ONLY,12,0,600,2,279,ok,,0,1,34.80725002,374,1,3.625,13.64,1.76265E+12,1.76265E+12,,,,,,,,,,,,,,,
y1_online_only,LEO_ONLY,12,0,600,2,280,ok,,0,1,32.80254197,374,1,3.678,13.631,1.76265E+12,1.76265E+12,,,,,,,,,,,,,,,
y1_online_only,LEO_ONLY,12,0,600,2,281,ok,,0,1,31.19433299,374,1,3.681,13.708,1.76265E+12,1.76265E+12,,,,,,,,,,,,,,,
y1_online_only,LEO_ONLY,12,0,600,2,282,ok,,0,1,32.560958,374,1,3.775,13.882,1.76265E+12,1.76265E+12,,,,,,,,,,,,,,,
y1_online_only,LEO_ONLY,12,0,600,2,283,ok,,0,1,28.715333,374,1,3.512,13.411,1.76265E+12,1.76265E+12,,,,,,,,,,,,,,,
y1_online_only,LEO_ONLY,12,0,600,2,284,ok,,0,1,32.580042,374,1,3.844,13.937,1.76265E+12,1.76265E+12,,,,,,,,,,,,,,,
y1_online_only,LEO_ONLY,12,0,600,2,285,ok,,0,1,34.15679201,374,1,3.679,13.718,1.76265E+12,1.76265E+12,,,,,,,,,,,,,,,
y1_online_only,LEO_ONLY,12,0,600,2,286,ok,,0,1,34.555791,374,1,3.569,13.348,1.76265E+12,1.76265E+12,,,,,,,,,,,,,,,
y1_online_only,LEO_ONLY,12,0,600,2,287,ok,,0,1,28.08191601,374,1,3.75,13.485,1.76265E+12,1.76265E+12,,,,,,,,,,,,,,,
y1_online_only,LEO_ONLY,12,0,600,2,288,ok,,0,1,33.15141701,374,1,3.673,13.552,1.76265E+12,1.76265E+12,,,,,,,,,,,,,,,
y1_online_only,LEO_ONLY,12,0,600,2,289,ok,,0,1,29.28045799,374,1,3.551,13.464,1.76265E+12,1.76265E+12,,,,,,,,,,,,,,,
y1_online_only,LEO_ONLY,12,0,600,2,290,ok,,0,1,34.720125,374,1,3.815,13.55,1.76265E+12,1.76265E+12,,,,,,,,,,,,,,,
y1_online_only,LEO_ONLY,12,0,600,2,291,ok,,0,1,34.511042,374,1,3.646,13.356,1.76265E+12,1.76265E+12,,,,,,,,,,,,,,,
y1_online_only,LEO_ONLY,12,0,600,2,292,ok,,0,1,32.25291599,374,1,3.644,13.62,1.76265E+12,1.76265E+12,,,,,,,,,,,,,,,
y1_online_only,LEO_ONLY,12,0,600,2,293,ok,,0,1,34.320292,374,1,3.553,13.64,1.76265E+12,1.76265E+12,,,,,,,,,,,,,,,
y1_online_only,LEO_ONLY,12,0,600,2,294,ok,,0,1,33.192334,374,1,3.666,13.393,1.76265E+12,1.76265E+12,,,,,,,,,,,,,,,
y1_online_only,LEO_ONLY,12,0,600,2,295,ok,,0,1,30.75954202,374,1,3.672,13.559,1.76265E+12,1.76265E+12,,,,,,,,,,,,,,,
y1_online_only,LEO_ONLY,12,0,600,2,296,ok,,0,1,36.314875,374,1,3.908,13.802,1.76265E+12,1.76265E+12,,,,,,,,,,,,,,,
y1_online_only,LEO_ONLY,12,0,600,2,297,ok,,0,1,30.59258297,374,1,3.634,13.547,1.76265E+12,1.76265E+12,,,,,,,,,,,,,,,
y1_online_only,LEO_ONLY,12,0,600,2,298,ok,,0,1,37.40975002,374,1,3.667,13.777,1.76265E+12,1.76265E+12,,,,,,,,,,,,,,,
y1_online_only,LEO_ONLY,12,0,600,2,299,ok,,0,1,33.934709,373,1,3.843,13.643,1.76265E+12,1.76265E+12,,,,,,,,,,,,,,,
y1_online_only,LEO_ONLY,12,0,600,2,300,ok,,0,1,37.34874999,374,1,3.595,13.781,1.76265E+12,1.76265E+12,,,,,,,,,,,,,,,
y1_online_only,LEO_ONLY,12,0.1,200,2,1,ok,,0,1,32.71916602,374,1,3.71,13.59,1.76265E+12,1.76265E+12,,,,,,,,,,,,,,,
y1_online_only,LEO_ONLY,12,0.1,200,2,2,ok,,0,1,31.489708,374,1,3.699,13.675,1.76265E+12,1.76265E+12,,,,,,,,,,,,,,,
y1_online_only,LEO_ONLY,12,0.1,200,2,3,ok,,0,1,34.334875,374,1,3.677,13.617,1.76265E+12,1.76265E+12,,,,,,,,,,,,,,,
y1_online_only,LEO_ONLY,12,0.1,200,2,4,ok,,0,1,34.63558402,374,1,3.828,13.914,1.76265E+12,1.76265E+12,,,,,,,,,,,,,,,
y1_online_only,LEO_ONLY,12,0.1,200,2,5,ok,,0,1,38.22779201,374,1,3.752,13.727,1.76265E+12,1.76265E+12,,,,,,,,,,,,,,,
y1_online_only,LEO_ONLY,12,0.1,200,2,6,ok,,0,1,35.20500002,374,1,3.669,13.788,1.76265E+12,1.76265E+12,,,,,,,,,,,,,,,
y1_online_only,LEO_ONLY,12,0.1,200,2,7,ok,,0,1,31.784708,374,1,3.737,13.577,1.76265E+12,1.76265E+12,,,,,,,,,,,,,,,
y1_online_only,LEO_ONLY,12,0.1,200,2,8,ok,,0,1,29.48583302,374,1,3.637,13.665,1.76265E+12,1.76265E+12,,,,,,,,,,,,,,,
y1_online_only,LEO_ONLY,12,0.1,200,2,9,ok,,0,1,32.7295,374,1,3.649,14.074,1.76265E+12,1.76265E+12,,,,,,,,,,,,,,,
y1_online_only,LEO_ONLY,12,0.1,200,2,10,ok,,0,1,34.44283298,374,1,3.665,14.025,1.76265E+12,1.76265E+12,,,,,,,,,,,,,,,
y1_online_only,LEO_ONLY,12,0.1,200,2,11,ok,,0,1,34.788458,374,1,3.872,13.638,1.76265E+12,1.76265E+12,,,,,,,,,,,,,,,
y1_online_only,LEO_ONLY,12,0.1,200,2,12,ok,,0,1,31.22970799,374,1,3.617,13.583,1.76265E+12,1.76265E+12,,,,,,,,,,,,,,,
y1_online_only,LEO_ONLY,12,0.1,200,2,13,ok,,0,1,29.90345799,374,1,3.452,13.344,1.76265E+12,1.76265E+12,,,,,,,,,,,,,,,
y1_online_only,LEO_ONLY,12,0.1,200,2,14,ok,,0,1,31.79445901,373,1,3.719,13.638,1.76265E+12,1.76265E+12,,,,,,,,,,,,,,,
y1_online_only,LEO_ONLY,12,0.1,200,2,15,ok,,0,1,35.901917,374,1,3.634,13.576,1.76265E+12,1.76265E+12,,,,,,,,,,,,,,,
y1_online_only,LEO_ONLY,12,0.1,200,2,16,ok,,0,1,29.843333,374,1,3.621,13.809,1.76265E+12,1.76265E+12,,,,,,,,,,,,,,,
y1_online_only,LEO_ONLY,12,0.1,200,2,17,ok,,0,1,31.45675,374,1,3.688,13.734,1.76265E+12,1.76265E+12,,,,,,,,,,,,,,,
y1_online_only,LEO_ONLY,12,0.1,200,2,18,ok,,0,1,35.381708,374,1,3.747,13.985,1.76265E+12,1.76265E+12,,,,,,,,,,,,,,,
y1_online_only,LEO_ONLY,12,0.1,200,2,19,ok,,0,1,32.301292,374,1,3.597,13.427,1.76265E+12,1.76265E+12,,,,,,,,,,,,,,,
y1_online_only,LEO_ONLY,12,0.1,200,2,20,ok,,0,1,33.93545799,374,1,3.741,13.939,1.76265E+12,1.76265E+12,,,,,,,,,,,,,,,
y1_online_only,LEO_ONLY,12,0.1,200,2,21,ok,,0,1,31.90112498,374,1,3.587,13.356,1.76265E+12,1.76265E+12,,,,,,,,,,,,,,,
y1_online_only,LEO_ONLY,12,0.1,200,2,22,ok,,0,1,32.32687502,374,1,3.706,13.704,1.76265E+12,1.76265E+12,,,,,,,,,,,,,,,
y1_online_only,LEO_ONLY,12,0.1,200,2,23,ok,,0,1,37.13824999,374,1,3.693,13.835,1.76265E+12,1.76265E+12,,,,,,,,,,,,,,,
y1_online_only,LEO_ONLY,12,0.1,200,2,24,ok,,0,1,32.92099998,374,1,3.781,13.96,1.76265E+12,1.76265E+12,,,,,,,,,,,,,,,
y1_online_only,LEO_ONLY,12,0.1,200,2,25,ok,,0,1,34.49316698,374,1,3.714,13.757,1.76265E+12,1.76265E+12,,,,,,,,,,,,,,,
y1_online_only,LEO_ONLY,12,0.1,200,2,26,ok,,0,1,33.71974998,374,1,3.654,13.529,1.76265E+12,1.76265E+12,,,,,,,,,,,,,,,
y1_online_only,LEO_ONLY,12,0.1,200,2,27,ok,,0,1,31.82208302,374,1,3.698,13.528,1.76265E+12,1.76265E+12,,,,,,,,,,,,,,,
y1_online_only,LEO_ONLY,12,0.1,200,2,28,ok,,0,1,29.60083299,374,1,3.69,13.597,1.76265E+12,1.76265E+12,,,,,,,,,,,,,,,
y1_online_only,LEO_ONLY,12,0.1,200,2,29,ok,,0,1,34.39795799,374,1,3.632,13.818,1.76265E+12,1.76265E+12,,,,,,,,,,,,,,,
y1_online_only,LEO_ONLY,12,0.1,200,2,30,ok,,0,1,30.87425002,374,1,3.807,13.498,1.76265E+12,1.76265E+12,,,,,,,,,,,,,,,
y1_online_only,LEO_ONLY,12,0.1,200,2,31,ok,,0,1,31.43100001,374,1,3.669,13.527,1.76265E+12,1.76265E+12,,,,,,,,,,,,,,,
y1_online_only,LEO_ONLY,12,0.1,200,2,32,ok,,0,1,37.00874999,374,1,3.632,13.902,1.76265E+12,1.76265E+12,,,,,,,,,,,,,,,
y1_online_only,LEO_ONLY,12,0.1,200,2,33,ok,,0,1,33.268542,374,1,3.772,13.68,1.76265E+12,1.76265E+12,,,,,,,,,,,,,,,
y1_online_only,LEO_ONLY,12,0.1,200,2,34,ok,,0,1,30.87004102,374,1,3.634,13.685,1.76265E+12,1.76265E+12,,,,,,,,,,,,,,,
y1_online_only,LEO_ONLY,12,0.1,200,2,35,ok,,0,1,34.483125,374,1,3.755,13.666,1.76265E+12,1.76265E+12,,,,,,,,,,,,,,,
y1_online_only,LEO_ONLY,12,0.1,200,2,36,ok,,0,1,30.031209,374,1,3.68,13.623,1.76265E+12,1.76265E+12,,,,,,,,,,,,,,,
y1_online_only,LEO_ONLY,12,0.1,200,2,37,ok,,0,1,34.5485,374,1,3.803,13.639,1.76265E+12,1.76265E+12,,,,,,,,,,,,,,,
y1_online_only,LEO_ONLY,12,0.1,200,2,38,ok,,0,1,36.35112502,374,1,3.702,13.722,1.76265E+12,1.76265E+12,,,,,,,,,,,,,,,
y1_online_only,LEO_ONLY,12,0.1,200,2,39,ok,,0,1,32.5685,374,1,3.68,14.021,1.76265E+12,1.76265E+12,,,,,,,,,,,,,,,
y1_online_only,LEO_ONLY,12,0.1,200,2,40,ok,,0,1,32.221917,374,1,3.59,13.771,1.76265E+12,1.76265E+12,,,,,,,,,,,,,,,
y1_online_only,LEO_ONLY,12,0.1,200,2,41,ok,,0,1,35.97775,374,1,3.753,13.608,1.76265E+12,1.76265E+12,,,,,,,,,,,,,,,
y1_online_only,LEO_ONLY,12,0.1,200,2,42,ok,,0,1,32.73929202,374,1,3.627,13.541,1.76265E+12,1.76265E+12,,,,,,,,,,,,,,,
y1_online_only,LEO_ONLY,12,0.1,200,2,43,ok,,0,1,28.52458399,374,1,3.815,13.707,1.76265E+12,1.76265E+12,,,,,,,,,,,,,,,
y1_online_only,LEO_ONLY,12,0.1,200,2,44,ok,,0,1,34.50529202,374,1,3.721,13.196,1.76265E+12,1.76265E+12,,,,,,,,,,,,,,,
y1_online_only,LEO_ONLY,12,0.1,200,2,45,ok,,0,1,31.90637502,374,1,3.717,13.729,1.76265E+12,1.76265E+12,,,,,,,,,,,,,,,
y1_online_only,LEO_ONLY,12,0.1,200,2,46,ok,,0,1,30.62574999,374,1,3.599,13.399,1.76265E+12,1.76265E+12,,,,,,,,,,,,,,,
y1_online_only,LEO_ONLY,12,0.1,200,2,47,ok,,0,1,33.35366701,374,1,3.911,13.731,1.76265E+12,1.76265E+12,,,,,,,,,,,,,,,
y1_online_only,LEO_ONLY,12,0.1,200,2,48,ok,,0,1,35.89624999,374,1,5.197,14.298,1.76265E+12,1.76265E+12,,,,,,,,,,,,,,,
y1_online_only,LEO_ONLY,12,0.1,200,2,49,ok,,0,1,34.44745901,373,1,3.656,13.809,1.76265E+12,1.76265E+12,,,,,,,,,,,,,,,
y1_online_only,LEO_ONLY,12,0.1,200,2,50,ok,,0,1,33.76312501,374,1,3.65,13.608,1.76265E+12,1.76265E+12,,,,,,,,,,,,,,,
y1_online_only,LEO_ONLY,12,0.1,200,2,51,ok,,0,1,30.92737502,374,1,3.666,13.843,1.76265E+12,1.76265E+12,,,,,,,,,,,,,,,
y1_online_only,LEO_ONLY,12,0.1,200,2,52,ok,,0,1,29.205167,374,1,3.694,13.779,1.76265E+12,1.76265E+12,,,,,,,,,,,,,,,
y1_online_only,LEO_ONLY,12,0.1,200,2,53,ok,,0,1,33.191583,374,1,3.605,13.807,1.76265E+12,1.76265E+12,,,,,,,,,,,,,,,
y1_online_only,LEO_ONLY,12,0.1,200,2,54,ok,,0,1,34.208917,374,1,3.908,14.119,1.76265E+12,1.76265E+12,,,,,,,,,,,,,,,
y1_online_only,LEO_ONLY,12,0.1,200,2,55,ok,,0,1,32.41358398,374,1,3.58,13.561,1.76265E+12,1.76265E+12,,,,,,,,,,,,,,,
y1_online_only,LEO_ONLY,12,0.1,200,2,56,ok,,0,1,32.033375,374,1,3.642,13.605,1.76265E+12,1.76265E+12,,,,,,,,,,,,,,,
y1_online_only,LEO_ONLY,12,0.1,200,2,57,ok,,0,1,33.69333301,374,1,3.581,13.767,1.76265E+12,1.76265E+12,,,,,,,,,,,,,,,
y1_online_only,LEO_ONLY,12,0.1,200,2,58,ok,,0,1,35.76141602,374,1,3.636,13.541,1.76265E+12,1.76265E+12,,,,,,,,,,,,,,,
y1_online_only,LEO_ONLY,12,0.1,200,2,59,ok,,0,1,31.62812599,374,1,3.686,13.642,1.76265E+12,1.76265E+12,,,,,,,,,,,,,,,
y1_online_only,LEO_ONLY,12,0.1,200,2,60,ok,,0,1,31.24862499,374,1,3.624,13.86,1.76265E+12,1.76265E+12,,,,,,,,,,,,,,,
y1_online_only,LEO_ONLY,12,0.1,200,2,61,ok,,0,1,31.21383299,374,1,3.727,13.769,1.76265E+12,1.76265E+12,,,,,,,,,,,,,,,
y1_online_only,LEO_ONLY,12,0.1,200,2,62,ok,,0,1,33.57775,374,1,3.709,13.611,1.76265E+12,1.76265E+12,,,,,,,,,,,,,,,
y1_online_only,LEO_ONLY,12,0.1,200,2,63,ok,,0,1,31.65525,374,1,3.453,13.76,1.76265E+12,1.76265E+12,,,,,,,,,,,,,,,
y1_online_only,LEO_ONLY,12,0.1,200,2,64,ok,,0,1,35.35675001,374,1,3.601,13.537,1.76265E+12,1.76265E+12,,,,,,,,,,,,,,,
y1_online_only,LEO_ONLY,12,0.1,200,2,65,ok,,0,1,34.587,374,1,3.642,13.582,1.76265E+12,1.76265E+12,,,,,,,,,,,,,,,
y1_online_only,LEO_ONLY,12,0.1,200,2,66,ok,,0,1,33.99962501,374,1,3.711,13.854,1.76265E+12,1.76265E+12,,,,,,,,,,,,,,,
y1_online_only,LEO_ONLY,12,0.1,200,2,67,ok,,0,1,33.64474999,374,1,3.719,13.797,1.76265E+12,1.76265E+12,,,,,,,,,,,,,,,
y1_online_only,LEO_ONLY,12,0.1,200,2,68,ok,,0,1,35.35658302,374,1,3.605,13.84,1.76265E+12,1.76265E+12,,,,,,,,,,,,,,,
y1_online_only,LEO_ONLY,12,0.1,200,2,69,ok,,0,1,31.14833302,374,1,3.73,13.759,1.76265E+12,1.76265E+12,,,,,,,,,,,,,,,
y1_online_only,LEO_ONLY,12,0.1,200,2,70,ok,,0,1,32.76191599,374,1,3.674,13.804,1.76265E+12,1.76265E+12,,,,,,,,,,,,,,,
y1_online_only,LEO_ONLY,12,0.1,200,2,71,ok,,0,1,34.98366699,374,1,3.756,13.661,1.76265E+12,1.76265E+12,,,,,,,,,,,,,,,
y1_online_only,LEO_ONLY,12,0.1,200,2,72,ok,,0,1,34.471583,374,1,3.534,13.786,1.76265E+12,1.76265E+12,,,,,,,,,,,,,,,
y1_online_only,LEO_ONLY,12,0.1,200,2,73,ok,,0,1,32.57741701,374,1,3.676,13.955,1.76265E+12,1.76265E+12,,,,,,,,,,,,,,,
y1_online_only,LEO_ONLY,12,0.1,200,2,74,ok,,0,1,28.57150001,374,1,3.644,13.704,1.76265E+12,1.76265E+12,,,,,,,,,,,,,,,
y1_online_only,LEO_ONLY,12,0.1,200,2,75,ok,,0,1,29.81404102,374,1,3.745,13.538,1.76265E+12,1.76265E+12,,,,,,,,,,,,,,,
y1_online_only,LEO_ONLY,12,0.1,200,2,76,ok,,0,1,32.91641703,374,1,3.757,13.749,1.76265E+12,1.76265E+12,,,,,,,,,,,,,,,
y1_online_only,LEO_ONLY,12,0.1,200,2,77,ok,,0,1,33.945209,374,1,3.725,13.418,1.76265E+12,1.76265E+12,,,,,,,,,,,,,,,
y1_online_only,LEO_ONLY,12,0.1,200,2,78,ok,,0,1,34.296625,374,1,3.822,13.713,1.76265E+12,1.76265E+12,,,,,,,,,,,,,,,
y1_online_only,LEO_ONLY,12,0.1,200,2,79,ok,,0,1,31.49966701,374,1,3.823,14.376,1.76265E+12,1.76265E+12,,,,,,,,,,,,,,,
y1_online_only,LEO_ONLY,12,0.1,200,2,80,ok,,0,1,37.61729199,374,1,3.762,13.87,1.76265E+12,1.76265E+12,,,,,,,,,,,,,,,
y1_online_only,LEO_ONLY,12,0.1,200,2,81,ok,,0,1,32.60654098,374,1,3.749,13.673,1.76265E+12,1.76265E+12,,,,,,,,,,,,,,,
y1_online_only,LEO_ONLY,12,0.1,200,2,82,ok,,0,1,30.570959,374,1,3.716,13.692,1.76265E+12,1.76265E+12,,,,,,,,,,,,,,,
y1_online_only,LEO_ONLY,12,0.1,200,2,83,ok,,0,1,35.290125,374,1,3.657,13.852,1.76265E+12,1.76265E+12,,,,,,,,,,,,,,,
y1_online_only,LEO_ONLY,12,0.1,200,2,84,ok,,0,1,33.138792,374,1,3.766,13.699,1.76265E+12,1.76265E+12,,,,,,,,,,,,,,,
y1_online_only,LEO_ONLY,12,0.1,200,2,85,ok,,0,1,29.737,374,1,3.657,13.625,1.76265E+12,1.76265E+12,,,,,,,,,,,,,,,
y1_online_only,LEO_ONLY,12,0.1,200,2,86,ok,,0,1,30.35191601,374,1,3.517,13.645,1.76265E+12,1.76265E+12,,,,,,,,,,,,,,,
y1_online_only,LEO_ONLY,12,0.1,200,2,87,ok,,0,1,35.70483299,374,1,3.793,13.757,1.76265E+12,1.76265E+12,,,,,,,,,,,,,,,
y1_online_only,LEO_ONLY,12,0.1,200,2,88,ok,,0,1,32.54983298,374,1,3.774,13.72,1.76265E+12,1.76265E+12,,,,,,,,,,,,,,,
y1_online_only,LEO_ONLY,12,0.1,200,2,89,ok,,0,1,33.28241699,374,1,3.681,13.676,1.76265E+12,1.76265E+12,,,,,,,,,,,,,,,
y1_online_only,LEO_ONLY,12,0.1,200,2,90,ok,,0,1,31.50016701,374,1,3.794,13.654,1.76265E+12,1.76265E+12,,,,,,,,,,,,,,,
y1_online_only,LEO_ONLY,12,0.1,200,2,91,ok,,0,1,30.10150002,374,1,3.652,13.497,1.76265E+12,1.76265E+12,,,,,,,,,,,,,,,
y1_online_only,LEO_ONLY,12,0.1,200,2,92,ok,,0,1,32.33095803,374,1,3.872,13.951,1.76265E+12,1.76265E+12,,,,,,,,,,,,,,,
y1_online_only,LEO_ONLY,12,0.1,200,2,93,ok,,0,1,35.642209,374,1,3.822,13.697,1.76265E+12,1.76265E+12,,,,,,,,,,,,,,,
y1_online_only,LEO_ONLY,12,0.1,200,2,94,ok,,0,1,34.587542,374,1,3.864,13.76,1.76265E+12,1.76265E+12,,,,,,,,,,,,,,,
y1_online_only,LEO_ONLY,12,0.1,200,2,95,ok,,0,1,34.315667,374,1,3.783,14.957,1.76265E+12,1.76265E+12,,,,,,,,,,,,,,,
y1_online_only,LEO_ONLY,12,0.1,200,2,96,ok,,0,1,30.6915,374,1,3.533,13.445,1.76265E+12,1.76265E+12,,,,,,,,,,,,,,,
y1_online_only,LEO_ONLY,12,0.1,200,2,97,ok,,0,1,29.00762498,374,1,3.723,13.536,1.76265E+12,1.76265E+12,,,,,,,,,,,,,,,
y1_online_only,LEO_ONLY,12,0.1,200,2,98,ok,,0,1,29.7745,374,1,3.624,13.739,1.76265E+12,1.76265E+12,,,,,,,,,,,,,,,
y1_online_only,LEO_ONLY,12,0.1,200,2,99,ok,,0,1,32.090708,374,1,3.679,14.052,1.76265E+12,1.76265E+12,,,,,,,,,,,,,,,
y1_online_only,LEO_ONLY,12,0.1,200,2,100,ok,,0,1,36.8915,374,1,3.809,13.705,1.76265E+12,1.76265E+12,,,,,,,,,,,,,,,
y1_online_only,LEO_ONLY,12,0.1,200,2,101,ok,,0,1,32.81866698,374,1,3.705,13.781,1.76265E+12,1.76265E+12,,,,,,,,,,,,,,,
y1_online_only,LEO_ONLY,12,0.1,200,2,102,ok,,0,1,32.82145801,374,1,3.784,13.945,1.76265E+12,1.76265E+12,,,,,,,,,,,,,,,
y1_online_only,LEO_ONLY,12,0.1,200,2,103,ok,,0,1,33.02662502,374,1,3.688,13.715,1.76265E+12,1.76265E+12,,,,,,,,,,,,,,,
y1_online_only,LEO_ONLY,12,0.1,200,2,104,ok,,0,1,31.89783401,374,1,3.485,13.569,1.76265E+12,1.76265E+12,,,,,,,,,,,,,,,
y1_online_only,LEO_ONLY,12,0.1,200,2,105,ok,,0,1,32.76895799,374,1,3.696,14.021,1.76265E+12,1.76265E+12,,,,,,,,,,,,,,,
y1_online_only,LEO_ONLY,12,0.1,200,2,106,ok,,0,1,35.08641699,374,1,3.739,13.765,1.76265E+12,1.76265E+12,,,,,,,,,,,,,,,
y1_online_only,LEO_ONLY,12,0.1,200,2,107,ok,,0,1,33.96687499,374,1,3.642,13.659,1.76265E+12,1.76265E+12,,,,,,,,,,,,,,,
y1_online_only,LEO_ONLY,12,0.1,200,2,108,ok,,0,1,34.098459,374,1,3.648,13.705,1.76265E+12,1.76265E+12,,,,,,,,,,,,,,,
y1_online_only,LEO_ONLY,12,0.1,200,2,109,ok,,0,1,34.09533398,374,1,3.716,13.97,1.76265E+12,1.76265E+12,,,,,,,,,,,,,,,
y1_online_only,LEO_ONLY,12,0.1,200,2,110,ok,,0,1,31.899458,374,1,3.669,13.795,1.76265E+12,1.76265E+12,,,,,,,,,,,,,,,
y1_online_only,LEO_ONLY,12,0.1,200,2,111,ok,,0,1,33.22750001,374,1,3.753,13.902,1.76265E+12,1.76265E+12,,,,,,,,,,,,,,,
y1_online_only,LEO_ONLY,12,0.1,200,2,112,ok,,0,1,29.174417,374,1,3.804,13.851,1.76265E+12,1.76265E+12,,,,,,,,,,,,,,,
y1_online_only,LEO_ONLY,12,0.1,200,2,113,ok,,0,1,36.03320898,374,1,3.655,13.558,1.76265E+12,1.76265E+12,,,,,,,,,,,,,,,
y1_online_only,LEO_ONLY,12,0.1,200,2,114,ok,,0,1,35.02475002,374,1,3.654,13.599,1.76265E+12,1.76265E+12,,,,,,,,,,,,,,,
y1_online_only,LEO_ONLY,12,0.1,200,2,115,ok,,0,1,35.73437501,373,1,3.844,13.78,1.76265E+12,1.76265E+12,,,,,,,,,,,,,,,
y1_online_only,LEO_ONLY,12,0.1,200,2,116,ok,,0,1,32.177958,374,1,3.717,14.002,1.76265E+12,1.76265E+12,,,,,,,,,,,,,,,
y1_online_only,LEO_ONLY,12,0.1,200,2,117,ok,,0,1,32.917209,374,1,3.654,13.787,1.76265E+12,1.76265E+12,,,,,,,,,,,,,,,
y1_online_only,LEO_ONLY,12,0.1,200,2,118,ok,,0,1,30.240375,374,1,3.745,14.184,1.76265E+12,1.76265E+12,,,,,,,,,,,,,,,
y1_online_only,LEO_ONLY,12,0.1,200,2,119,ok,,0,1,35.42908299,374,1,3.754,13.819,1.76265E+12,1.76265E+12,,,,,,,,,,,,,,,
y1_online_only,LEO_ONLY,12,0.1,200,2,120,ok,,0,1,33.672875,374,1,3.535,13.444,1.76265E+12,1.76265E+12,,,,,,,,,,,,,,,
y1_online_only,LEO_ONLY,12,0.1,200,2,121,ok,,0,1,31.28683401,374,1,3.55,13.601,1.76265E+12,1.76265E+12,,,,,,,,,,,,,,,
y1_online_only,LEO_ONLY,12,0.1,200,2,122,ok,,0,1,32.06254201,374,1,3.678,13.997,1.76265E+12,1.76265E+12,,,,,,,,,,,,,,,
y1_online_only,LEO_ONLY,12,0.1,200,2,123,ok,,0,1,38.13516602,374,1,4.143,16.493,1.76265E+12,1.76265E+12,,,,,,,,,,,,,,,
y1_online_only,LEO_ONLY,12,0.1,200,2,124,ok,,0,1,32.92591701,374,1,3.602,13.534,1.76265E+12,1.76265E+12,,,,,,,,,,,,,,,
y1_online_only,LEO_ONLY,12,0.1,200,2,125,ok,,0,1,29.560291,374,1,3.681,13.902,1.76265E+12,1.76265E+12,,,,,,,,,,,,,,,
y1_online_only,LEO_ONLY,12,0.1,200,2,126,ok,,0,1,31.95866599,374,1,3.64,13.643,1.76265E+12,1.76265E+12,,,,,,,,,,,,,,,
y1_online_only,LEO_ONLY,12,0.1,200,2,127,ok,,0,1,32.755083,374,1,3.641,13.684,1.76265E+12,1.76265E+12,,,,,,,,,,,,,,,
y1_online_only,LEO_ONLY,12,0.1,200,2,128,ok,,0,1,35.16345899,374,1,3.682,13.875,1.76265E+12,1.76265E+12,,,,,,,,,,,,,,,
y1_online_only,LEO_ONLY,12,0.1,200,2,129,ok,,0,1,33.71420898,374,1,3.792,13.816,1.76265E+12,1.76265E+12,,,,,,,,,,,,,,,
y1_online_only,LEO_ONLY,12,0.1,200,2,130,ok,,0,1,30.262833,374,1,3.57,13.691,1.76265E+12,1.76265E+12,,,,,,,,,,,,,,,
y1_online_only,LEO_ONLY,12,0.1,200,2,131,ok,,0,1,35.657584,374,1,3.708,13.675,1.76265E+12,1.76265E+12,,,,,,,,,,,,,,,
y1_online_only,LEO_ONLY,12,0.1,200,2,132,ok,,0,1,32.29649999,374,1,3.745,13.74,1.76265E+12,1.76265E+12,,,,,,,,,,,,,,,
y1_online_only,LEO_ONLY,12,0.1,200,2,133,ok,,0,1,35.45312499,374,1,3.61,13.565,1.76265E+12,1.76265E+12,,,,,,,,,,,,,,,
y1_online_only,LEO_ONLY,12,0.1,200,2,134,ok,,0,1,31.89037502,374,1,3.861,13.547,1.76265E+12,1.76265E+12,,,,,,,,,,,,,,,
y1_online_only,LEO_ONLY,12,0.1,200,2,135,ok,,0,1,35.029083,374,1,3.671,13.767,1.76265E+12,1.76265E+12,,,,,,,,,,,,,,,
y1_online_only,LEO_ONLY,12,0.1,200,2,136,ok,,0,1,28.68358299,374,1,3.724,13.847,1.76265E+12,1.76265E+12,,,,,,,,,,,,,,,
y1_online_only,LEO_ONLY,12,0.1,200,2,137,ok,,0,1,33.38362501,374,1,3.727,13.73,1.76265E+12,1.76265E+12,,,,,,,,,,,,,,,
y1_online_only,LEO_ONLY,12,0.1,200,2,138,ok,,0,1,29.71645899,374,1,3.63,13.807,1.76265E+12,1.76265E+12,,,,,,,,,,,,,,,
y1_online_only,LEO_ONLY,12,0.1,200,2,139,ok,,0,1,31.14541699,374,1,3.643,13.432,1.76265E+12,1.76265E+12,,,,,,,,,,,,,,,
y1_online_only,LEO_ONLY,12,0.1,200,2,140,ok,,0,1,31.012458,374,1,3.646,13.607,1.76265E+12,1.76265E+12,,,,,,,,,,,,,,,
y1_online_only,LEO_ONLY,12,0.1,200,2,141,ok,,0,1,31.55658301,374,1,3.74,13.642,1.76265E+12,1.76265E+12,,,,,,,,,,,,,,,
y1_online_only,LEO_ONLY,12,0.1,200,2,142,ok,,0,1,36.737541,374,1,3.742,14.089,1.76265E+12,1.76265E+12,,,,,,,,,,,,,,,
y1_online_only,LEO_ONLY,12,0.1,200,2,143,ok,,0,1,33.26516601,374,1,3.737,13.868,1.76265E+12,1.76265E+12,,,,,,,,,,,,,,,
y1_online_only,LEO_ONLY,12,0.1,200,2,144,ok,,0,1,32.46779102,374,1,3.67,13.698,1.76265E+12,1.76265E+12,,,,,,,,,,,,,,,
y1_online_only,LEO_ONLY,12,0.1,200,2,145,ok,,0,1,31.55491702,374,1,3.66,13.585,1.76265E+12,1.76265E+12,,,,,,,,,,,,,,,
y1_online_only,LEO_ONLY,12,0.1,200,2,146,ok,,0,1,29.83304102,374,1,3.647,13.647,1.76265E+12,1.76265E+12,,,,,,,,,,,,,,,
y1_online_only,LEO_ONLY,12,0.1,200,2,147,ok,,0,1,30.73366699,374,1,3.676,13.676,1.76265E+12,1.76265E+12,,,,,,,,,,,,,,,
y1_online_only,LEO_ONLY,12,0.1,200,2,148,ok,,0,1,31.97900002,374,1,3.769,14.018,1.76265E+12,1.76265E+12,,,,,,,,,,,,,,,
y1_online_only,LEO_ONLY,12,0.1,200,2,149,ok,,0,1,27.16420899,374,1,3.489,13.338,1.76265E+12,1.76265E+12,,,,,,,,,,,,,,,
y1_online_only,LEO_ONLY,12,0.1,200,2,150,ok,,0,1,35.19254201,374,1,3.643,13.746,1.76265E+12,1.76265E+12,,,,,,,,,,,,,,,
y1_online_only,LEO_ONLY,12,0.1,200,2,151,ok,,0,1,31.15900001,374,1,3.901,13.493,1.76265E+12,1.76265E+12,,,,,,,,,,,,,,,
y1_online_only,LEO_ONLY,12,0.1,200,2,152,ok,,0,1,31.93137501,374,1,3.715,13.641,1.76265E+12,1.76265E+12,,,,,,,,,,,,,,,
y1_online_only,LEO_ONLY,12,0.1,200,2,153,ok,,0,1,32.567958,374,1,3.527,13.535,1.76265E+12,1.76265E+12,,,,,,,,,,,,,,,
y1_online_only,LEO_ONLY,12,0.1,200,2,154,ok,,0,1,27.45762499,374,1,3.645,13.683,1.76265E+12,1.76265E+12,,,,,,,,,,,,,,,
y1_online_only,LEO_ONLY,12,0.1,200,2,155,ok,,0,1,30.60520801,374,1,3.701,13.502,1.76265E+12,1.76265E+12,,,,,,,,,,,,,,,
y1_online_only,LEO_ONLY,12,0.1,200,2,156,ok,,0,1,30.768667,374,1,3.683,14.055,1.76265E+12,1.76265E+12,,,,,,,,,,,,,,,
y1_online_only,LEO_ONLY,12,0.1,200,2,157,ok,,0,1,33.88429098,374,1,3.685,13.834,1.76265E+12,1.76265E+12,,,,,,,,,,,,,,,
y1_online_only,LEO_ONLY,12,0.1,200,2,158,ok,,0,1,36.74691601,374,1,3.448,13.762,1.76265E+12,1.76265E+12,,,,,,,,,,,,,,,
y1_online_only,LEO_ONLY,12,0.1,200,2,159,ok,,0,1,34.639541,374,1,3.917,14.589,1.76265E+12,1.76265E+12,,,,,,,,,,,,,,,
y1_online_only,LEO_ONLY,12,0.1,200,2,160,ok,,0,1,31.48066701,374,1,3.697,15.757,1.76265E+12,1.76265E+12,,,,,,,,,,,,,,,
y1_online_only,LEO_ONLY,12,0.1,200,2,161,ok,,0,1,40.97608299,373,1,7.917,14.641,1.76265E+12,1.76265E+12,,,,,,,,,,,,,,,
y1_online_only,LEO_ONLY,12,0.1,200,2,162,ok,,0,1,35.15316601,374,1,3.744,13.902,1.76265E+12,1.76265E+12,,,,,,,,,,,,,,,
y1_online_only,LEO_ONLY,12,0.1,200,2,163,ok,,0,1,32.076,374,1,3.728,13.799,1.76265E+12,1.76265E+12,,,,,,,,,,,,,,,
y1_online_only,LEO_ONLY,12,0.1,200,2,164,ok,,0,1,33.38941702,374,1,3.693,13.77,1.76265E+12,1.76265E+12,,,,,,,,,,,,,,,
y1_online_only,LEO_ONLY,12,0.1,200,2,165,ok,,0,1,34.45816602,374,1,3.643,13.673,1.76265E+12,1.76265E+12,,,,,,,,,,,,,,,
y1_online_only,LEO_ONLY,12,0.1,200,2,166,ok,,0,1,33.44095801,374,1,3.662,13.632,1.76265E+12,1.76265E+12,,,,,,,,,,,,,,,
y1_online_only,LEO_ONLY,12,0.1,200,2,167,ok,,0,1,33.035,374,1,3.638,13.799,1.76265E+12,1.76265E+12,,,,,,,,,,,,,,,
y1_online_only,LEO_ONLY,12,0.1,200,2,168,ok,,0,1,30.76229201,374,1,3.688,13.713,1.76265E+12,1.76265E+12,,,,,,,,,,,,,,,
y1_online_only,LEO_ONLY,12,0.1,200,2,169,ok,,0,1,34.14554198,374,1,3.771,13.659,1.76265E+12,1.76265E+12,,,,,,,,,,,,,,,
y1_online_only,LEO_ONLY,12,0.1,200,2,170,ok,,0,1,34.758917,374,1,3.739,13.852,1.76265E+12,1.76265E+12,,,,,,,,,,,,,,,
y1_online_only,LEO_ONLY,12,0.1,200,2,171,ok,,0,1,31.14774998,374,1,3.504,13.527,1.76265E+12,1.76265E+12,,,,,,,,,,,,,,,
y1_online_only,LEO_ONLY,12,0.1,200,2,172,ok,,0,1,32.43458399,374,1,3.948,13.684,1.76265E+12,1.76265E+12,,,,,,,,,,,,,,,
y1_online_only,LEO_ONLY,12,0.1,200,2,173,ok,,0,1,34.32462501,374,1,3.678,13.682,1.76265E+12,1.76265E+12,,,,,,,,,,,,,,,
y1_online_only,LEO_ONLY,12,0.1,200,2,174,ok,,0,1,32.60933401,374,1,3.716,13.864,1.76265E+12,1.76265E+12,,,,,,,,,,,,,,,
y1_online_only,LEO_ONLY,12,0.1,200,2,175,ok,,0,1,30.13570802,374,1,3.937,14.338,1.76265E+12,1.76265E+12,,,,,,,,,,,,,,,
y1_online_only,LEO_ONLY,12,0.1,200,2,176,ok,,0,1,29.89066599,373,1,3.629,13.725,1.76265E+12,1.76265E+12,,,,,,,,,,,,,,,
y1_online_only,LEO_ONLY,12,0.1,200,2,177,ok,,0,1,33.98862501,374,1,3.642,13.747,1.76265E+12,1.76265E+12,,,,,,,,,,,,,,,
y1_online_only,LEO_ONLY,12,0.1,200,2,178,ok,,0,1,32.212291,374,1,3.762,13.874,1.76265E+12,1.76265E+12,,,,,,,,,,,,,,,
y1_online_only,LEO_ONLY,12,0.1,200,2,179,ok,,0,1,34.13066699,374,1,3.736,13.865,1.76265E+12,1.76265E+12,,,,,,,,,,,,,,,
y1_online_only,LEO_ONLY,12,0.1,200,2,180,ok,,0,1,30.62604202,374,1,3.813,13.584,1.76265E+12,1.76265E+12,,,,,,,,,,,,,,,
y1_online_only,LEO_ONLY,12,0.1,200,2,181,ok,,0,1,29.69137498,374,1,3.732,13.465,1.76265E+12,1.76265E+12,,,,,,,,,,,,,,,
y1_online_only,LEO_ONLY,12,0.1,200,2,182,ok,,0,1,32.973625,374,1,3.56,13.555,1.76265E+12,1.76265E+12,,,,,,,,,,,,,,,
y1_online_only,LEO_ONLY,12,0.1,200,2,183,ok,,0,1,30.59108401,374,1,3.777,13.806,1.76265E+12,1.76265E+12,,,,,,,,,,,,,,,
y1_online_only,LEO_ONLY,12,0.1,200,2,184,ok,,0,1,33.87674998,373,1,3.759,13.685,1.76265E+12,1.76265E+12,,,,,,,,,,,,,,,
y1_online_only,LEO_ONLY,12,0.1,200,2,185,ok,,0,1,31.01058301,374,1,3.696,13.563,1.76265E+12,1.76265E+12,,,,,,,,,,,,,,,
y1_online_only,LEO_ONLY,12,0.1,200,2,186,ok,,0,1,34.59300002,374,1,3.756,13.862,1.76265E+12,1.76265E+12,,,,,,,,,,,,,,,
y1_online_only,LEO_ONLY,12,0.1,200,2,187,ok,,0,1,35.83854102,374,1,3.717,13.659,1.76265E+12,1.76265E+12,,,,,,,,,,,,,,,
y1_online_only,LEO_ONLY,12,0.1,200,2,188,ok,,0,1,29.34420801,374,1,3.74,13.84,1.76265E+12,1.76265E+12,,,,,,,,,,,,,,,
y1_online_only,LEO_ONLY,12,0.1,200,2,189,ok,,0,1,30.04008299,374,1,3.799,13.87,1.76265E+12,1.76265E+12,,,,,,,,,,,,,,,
y1_online_only,LEO_ONLY,12,0.1,200,2,190,ok,,0,1,34.96200001,374,1,3.674,13.953,1.76265E+12,1.76265E+12,,,,,,,,,,,,,,,
y1_online_only,LEO_ONLY,12,0.1,200,2,191,ok,,0,1,33.36187502,374,1,3.634,13.554,1.76265E+12,1.76265E+12,,,,,,,,,,,,,,,
y1_online_only,LEO_ONLY,12,0.1,200,2,192,ok,,0,1,35.81262499,374,1,3.708,13.645,1.76265E+12,1.76265E+12,,,,,,,,,,,,,,,
y1_online_only,LEO_ONLY,12,0.1,200,2,193,ok,,0,1,33.74354201,374,1,3.765,13.636,1.76265E+12,1.76265E+12,,,,,,,,,,,,,,,
y1_online_only,LEO_ONLY,12,0.1,200,2,194,ok,,0,1,30.72295801,374,1,3.735,13.639,1.76265E+12,1.76265E+12,,,,,,,,,,,,,,,
y1_online_only,LEO_ONLY,12,0.1,200,2,195,ok,,0,1,29.75004201,374,1,3.591,13.491,1.76265E+12,1.76265E+12,,,,,,,,,,,,,,,
y1_online_only,LEO_ONLY,12,0.1,200,2,196,ok,,0,1,35.771333,374,1,3.742,13.704,1.76265E+12,1.76265E+12,,,,,,,,,,,,,,,
y1_online_only,LEO_ONLY,12,0.1,200,2,197,ok,,0,1,33.10783301,374,1,3.778,13.876,1.76265E+12,1.76265E+12,,,,,,,,,,,,,,,
y1_online_only,LEO_ONLY,12,0.1,200,2,198,ok,,0,1,33.76416699,373,1,3.746,13.786,1.76265E+12,1.76265E+12,,,,,,,,,,,,,,,
y1_online_only,LEO_ONLY,12,0.1,200,2,199,ok,,0,1,32.14620901,374,1,3.61,13.471,1.76265E+12,1.76265E+12,,,,,,,,,,,,,,,
y1_online_only,LEO_ONLY,12,0.1,200,2,200,ok,,0,1,33.62841698,374,1,3.622,13.854,1.76265E+12,1.76265E+12,,,,,,,,,,,,,,,
y1_online_only,LEO_ONLY,12,0.1,200,2,201,ok,,0,1,33.154834,374,1,3.553,13.712,1.76265E+12,1.76265E+12,,,,,,,,,,,,,,,
y1_online_only,LEO_ONLY,12,0.1,200,2,202,ok,,0,1,32.11979099,374,1,3.67,13.618,1.76265E+12,1.76265E+12,,,,,,,,,,,,,,,
y1_online_only,LEO_ONLY,12,0.1,200,2,203,ok,,0,1,32.90970798,374,1,3.693,13.791,1.76265E+12,1.76265E+12,,,,,,,,,,,,,,,
y1_online_only,LEO_ONLY,12,0.1,200,2,204,ok,,0,1,34.16712501,374,1,3.69,13.791,1.76265E+12,1.76265E+12,,,,,,,,,,,,,,,
y1_online_only,LEO_ONLY,12,0.1,200,2,205,ok,,0,1,31.60195801,374,1,3.729,13.808,1.76265E+12,1.76265E+12,,,,,,,,,,,,,,,
y1_online_only,LEO_ONLY,12,0.1,200,2,206,ok,,0,1,33.00312502,374,1,3.646,13.951,1.76265E+12,1.76265E+12,,,,,,,,,,,,,,,
y1_online_only,LEO_ONLY,12,0.1,200,2,207,ok,,0,1,29.56279198,374,1,3.77,13.591,1.76265E+12,1.76265E+12,,,,,,,,,,,,,,,
y1_online_only,LEO_ONLY,12,0.1,200,2,208,ok,,0,1,32.91512499,374,1,4.583,13.389,1.76265E+12,1.76265E+12,,,,,,,,,,,,,,,
y1_online_only,LEO_ONLY,12,0.1,200,2,209,ok,,0,1,31.94608301,374,1,3.632,13.618,1.76265E+12,1.76265E+12,,,,,,,,,,,,,,,
y1_online_only,LEO_ONLY,12,0.1,200,2,210,ok,,0,1,32.76987499,374,1,3.737,13.727,1.76265E+12,1.76265E+12,,,,,,,,,,,,,,,
y1_online_only,LEO_ONLY,12,0.1,200,2,211,ok,,0,1,33.15775,374,1,3.747,13.577,1.76265E+12,1.76265E+12,,,,,,,,,,,,,,,
y1_online_only,LEO_ONLY,12,0.1,200,2,212,ok,,0,1,34.55825002,374,1,3.537,13.598,1.76265E+12,1.76265E+12,,,,,,,,,,,,,,,
y1_online_only,LEO_ONLY,12,0.1,200,2,213,ok,,0,1,33.23608302,374,1,3.778,14.247,1.76265E+12,1.76265E+12,,,,,,,,,,,,,,,
y1_online_only,LEO_ONLY,12,0.1,200,2,214,ok,,0,1,32.69795902,374,1,3.751,13.846,1.76265E+12,1.76265E+12,,,,,,,,,,,,,,,
y1_online_only,LEO_ONLY,12,0.1,200,2,215,ok,,0,1,30.31837501,374,1,3.61,13.562,1.76265E+12,1.76265E+12,,,,,,,,,,,,,,,
y1_online_only,LEO_ONLY,12,0.1,200,2,216,ok,,0,1,32.80241601,374,1,3.634,13.7,1.76265E+12,1.76265E+12,,,,,,,,,,,,,,,
y1_online_only,LEO_ONLY,12,0.1,200,2,217,ok,,0,1,33.55679201,374,1,3.55,13.877,1.76265E+12,1.76265E+12,,,,,,,,,,,,,,,
y1_online_only,LEO_ONLY,12,0.1,200,2,218,ok,,0,1,35.860584,374,1,3.818,13.773,1.76265E+12,1.76265E+12,,,,,,,,,,,,,,,
y1_online_only,LEO_ONLY,12,0.1,200,2,219,ok,,0,1,34.131333,374,1,3.621,13.756,1.76265E+12,1.76265E+12,,,,,,,,,,,,,,,
y1_online_only,LEO_ONLY,12,0.1,200,2,220,ok,,0,1,33.225708,374,1,3.578,13.84,1.76265E+12,1.76265E+12,,,,,,,,,,,,,,,
y1_online_only,LEO_ONLY,12,0.1,200,2,221,ok,,0,1,30.67325,374,1,3.627,13.792,1.76265E+12,1.76265E+12,,,,,,,,,,,,,,,
y1_online_only,LEO_ONLY,12,0.1,200,2,222,ok,,0,1,31.64025,374,1,3.664,13.637,1.76265E+12,1.76265E+12,,,,,,,,,,,,,,,
y1_online_only,LEO_ONLY,12,0.1,200,2,223,ok,,0,1,32.873708,374,1,3.558,13.791,1.76265E+12,1.76265E+12,,,,,,,,,,,,,,,
y1_online_only,LEO_ONLY,12,0.1,200,2,224,ok,,0,1,33.13987498,374,1,3.724,13.755,1.76265E+12,1.76265E+12,,,,,,,,,,,,,,,
y1_online_only,LEO_ONLY,12,0.1,200,2,225,ok,,0,1,35.10600099,374,1,3.777,13.621,1.76265E+12,1.76265E+12,,,,,,,,,,,,,,,
y1_online_only,LEO_ONLY,12,0.1,200,2,226,ok,,0,1,28.28495798,374,1,3.89,13.761,1.76265E+12,1.76265E+12,,,,,,,,,,,,,,,
y1_online_only,LEO_ONLY,12,0.1,200,2,227,ok,,0,1,33.213958,374,1,3.744,13.625,1.76265E+12,1.76265E+12,,,,,,,,,,,,,,,
y1_online_only,LEO_ONLY,12,0.1,200,2,228,ok,,0,1,35.9135,374,1,3.709,13.934,1.76265E+12,1.76265E+12,,,,,,,,,,,,,,,
y1_online_only,LEO_ONLY,12,0.1,200,2,229,ok,,0,1,34.12716702,374,1,3.544,13.933,1.76265E+12,1.76265E+12,,,,,,,,,,,,,,,
y1_online_only,LEO_ONLY,12,0.1,200,2,230,ok,,0,1,28.97887499,374,1,3.571,13.575,1.76265E+12,1.76265E+12,,,,,,,,,,,,,,,
y1_online_only,LEO_ONLY,12,0.1,200,2,231,ok,,0,1,35.90824999,373,1,3.687,13.636,1.76265E+12,1.76265E+12,,,,,,,,,,,,,,,
y1_online_only,LEO_ONLY,12,0.1,200,2,232,ok,,0,1,30.32395901,374,1,3.594,13.661,1.76265E+12,1.76265E+12,,,,,,,,,,,,,,,
y1_online_only,LEO_ONLY,12,0.1,200,2,233,ok,,0,1,34.044167,374,1,3.788,13.763,1.76265E+12,1.76265E+12,,,,,,,,,,,,,,,
y1_online_only,LEO_ONLY,12,0.1,200,2,234,ok,,0,1,33.04675,374,1,3.666,13.879,1.76265E+12,1.76265E+12,,,,,,,,,,,,,,,
y1_online_only,LEO_ONLY,12,0.1,200,2,235,ok,,0,1,35.39820801,374,1,3.841,13.804,1.76265E+12,1.76265E+12,,,,,,,,,,,,,,,
y1_online_only,LEO_ONLY,12,0.1,200,2,236,ok,,0,1,32.26187499,374,1,3.595,13.521,1.76265E+12,1.76265E+12,,,,,,,,,,,,,,,
y1_online_only,LEO_ONLY,12,0.1,200,2,237,ok,,0,1,30.638208,374,1,3.596,13.503,1.76265E+12,1.76265E+12,,,,,,,,,,,,,,,
y1_online_only,LEO_ONLY,12,0.1,200,2,238,ok,,0,1,31.15616701,374,1,3.812,13.614,1.76265E+12,1.76265E+12,,,,,,,,,,,,,,,
y1_online_only,LEO_ONLY,12,0.1,200,2,239,ok,,0,1,30.904958,374,1,3.523,13.419,1.76265E+12,1.76265E+12,,,,,,,,,,,,,,,
y1_online_only,LEO_ONLY,12,0.1,200,2,240,ok,,0,1,30.524167,374,1,3.711,13.721,1.76265E+12,1.76265E+12,,,,,,,,,,,,,,,
y1_online_only,LEO_ONLY,12,0.1,200,2,241,ok,,0,1,29.37254199,374,1,3.703,13.67,1.76265E+12,1.76265E+12,,,,,,,,,,,,,,,
y1_online_only,LEO_ONLY,12,0.1,200,2,242,ok,,0,1,32.39495802,374,1,3.636,13.626,1.76265E+12,1.76265E+12,,,,,,,,,,,,,,,
y1_online_only,LEO_ONLY,12,0.1,200,2,243,ok,,0,1,30.855166,374,1,3.731,13.857,1.76265E+12,1.76265E+12,,,,,,,,,,,,,,,
y1_online_only,LEO_ONLY,12,0.1,200,2,244,ok,,0,1,37.18458299,374,1,3.555,13.755,1.76265E+12,1.76265E+12,,,,,,,,,,,,,,,
y1_online_only,LEO_ONLY,12,0.1,200,2,245,ok,,0,1,32.01924998,374,1,3.635,13.772,1.76265E+12,1.76265E+12,,,,,,,,,,,,,,,
y1_online_only,LEO_ONLY,12,0.1,200,2,246,ok,,0,1,36.00820899,374,1,3.81,13.566,1.76265E+12,1.76265E+12,,,,,,,,,,,,,,,
y1_online_only,LEO_ONLY,12,0.1,200,2,247,ok,,0,1,31.94691698,374,1,3.434,13.636,1.76265E+12,1.76265E+12,,,,,,,,,,,,,,,
y1_online_only,LEO_ONLY,12,0.1,200,2,248,ok,,0,1,30.12754201,374,1,3.753,13.681,1.76265E+12,1.76265E+12,,,,,,,,,,,,,,,
y1_online_only,LEO_ONLY,12,0.1,200,2,249,ok,,0,1,32.10245899,374,1,3.62,13.589,1.76265E+12,1.76265E+12,,,,,,,,,,,,,,,
y1_online_only,LEO_ONLY,12,0.1,200,2,250,ok,,0,1,34.205459,373,1,3.724,13.817,1.76265E+12,1.76265E+12,,,,,,,,,,,,,,,
y1_online_only,LEO_ONLY,12,0.1,200,2,251,ok,,0,1,34.594917,374,1,3.677,14.167,1.76265E+12,1.76265E+12,,,,,,,,,,,,,,,
y1_online_only,LEO_ONLY,12,0.1,200,2,252,ok,,0,1,29.293292,374,1,3.743,13.844,1.76265E+12,1.76265E+12,,,,,,,,,,,,,,,
y1_online_only,LEO_ONLY,12,0.1,200,2,253,ok,,0,1,32.90841699,374,1,3.708,13.747,1.76265E+12,1.76265E+12,,,,,,,,,,,,,,,
y1_online_only,LEO_ONLY,12,0.1,200,2,254,ok,,0,1,31.28708299,374,1,3.72,13.608,1.76265E+12,1.76265E+12,,,,,,,,,,,,,,,
y1_online_only,LEO_ONLY,12,0.1,200,2,255,ok,,0,1,35.32200001,374,1,3.698,13.829,1.76265E+12,1.76265E+12,,,,,,,,,,,,,,,
y1_online_only,LEO_ONLY,12,0.1,200,2,256,ok,,0,1,32.53574998,374,1,3.611,13.589,1.76265E+12,1.76265E+12,,,,,,,,,,,,,,,
y1_online_only,LEO_ONLY,12,0.1,200,2,257,ok,,0,1,34.002292,374,1,3.482,13.389,1.76265E+12,1.76265E+12,,,,,,,,,,,,,,,
y1_online_only,LEO_ONLY,12,0.1,200,2,258,ok,,0,1,32.00925002,374,1,3.702,14.184,1.76265E+12,1.76265E+12,,,,,,,,,,,,,,,
y1_online_only,LEO_ONLY,12,0.1,200,2,259,ok,,0,1,34.479208,374,1,3.664,13.827,1.76265E+12,1.76265E+12,,,,,,,,,,,,,,,
y1_online_only,LEO_ONLY,12,0.1,200,2,260,ok,,0,1,33.389416,374,1,3.811,13.417,1.76265E+12,1.76265E+12,,,,,,,,,,,,,,,
y1_online_only,LEO_ONLY,12,0.1,200,2,261,ok,,0,1,30.01020802,374,1,3.726,13.959,1.76265E+12,1.76265E+12,,,,,,,,,,,,,,,
y1_online_only,LEO_ONLY,12,0.1,200,2,262,ok,,0,1,32.81962499,374,1,3.577,13.572,1.76265E+12,1.76265E+12,,,,,,,,,,,,,,,
y1_online_only,LEO_ONLY,12,0.1,200,2,263,ok,,0,1,34.95262499,374,1,3.696,14.024,1.76265E+12,1.76265E+12,,,,,,,,,,,,,,,
y1_online_only,LEO_ONLY,12,0.1,200,2,264,ok,,0,1,30.064625,374,1,3.625,13.423,1.76265E+12,1.76265E+12,,,,,,,,,,,,,,,
y1_online_only,LEO_ONLY,12,0.1,200,2,265,ok,,0,1,31.67229201,374,1,3.668,13.73,1.76265E+12,1.76265E+12,,,,,,,,,,,,,,,
y1_online_only,LEO_ONLY,12,0.1,200,2,266,ok,,0,1,34.03712501,374,1,3.771,13.686,1.76265E+12,1.76265E+12,,,,,,,,,,,,,,,
y1_online_only,LEO_ONLY,12,0.1,200,2,267,ok,,0,1,29.03116698,374,1,3.708,13.613,1.76265E+12,1.76265E+12,,,,,,,,,,,,,,,
y1_online_only,LEO_ONLY,12,0.1,200,2,268,ok,,0,1,32.71958299,374,1,3.728,13.473,1.76265E+12,1.76265E+12,,,,,,,,,,,,,,,
y1_online_only,LEO_ONLY,12,0.1,200,2,269,ok,,0,1,32.33516702,374,1,3.653,13.758,1.76265E+12,1.76265E+12,,,,,,,,,,,,,,,
y1_online_only,LEO_ONLY,12,0.1,200,2,270,ok,,0,1,35.21150001,374,1,3.928,13.925,1.76265E+12,1.76265E+12,,,,,,,,,,,,,,,
y1_online_only,LEO_ONLY,12,0.1,200,2,271,ok,,0,1,34.88600001,374,1,3.593,13.441,1.76265E+12,1.76265E+12,,,,,,,,,,,,,,,
y1_online_only,LEO_ONLY,12,0.1,200,2,272,ok,,0,1,30.12225,374,1,3.637,13.46,1.76265E+12,1.76265E+12,,,,,,,,,,,,,,,
y1_online_only,LEO_ONLY,12,0.1,200,2,273,ok,,0,1,31.80150001,374,1,3.789,13.793,1.76265E+12,1.76265E+12,,,,,,,,,,,,,,,
y1_online_only,LEO_ONLY,12,0.1,200,2,274,ok,,0,1,29.12733302,374,1,3.612,13.658,1.76265E+12,1.76265E+12,,,,,,,,,,,,,,,
y1_online_only,LEO_ONLY,12,0.1,200,2,275,ok,,0,1,30.21508301,374,1,3.596,13.681,1.76265E+12,1.76265E+12,,,,,,,,,,,,,,,
y1_online_only,LEO_ONLY,12,0.1,200,2,276,ok,,0,1,31.89045901,374,1,3.731,13.886,1.76265E+12,1.76265E+12,,,,,,,,,,,,,,,
y1_online_only,LEO_ONLY,12,0.1,200,2,277,ok,,0,1,36.02924998,374,1,3.7,13.808,1.76265E+12,1.76265E+12,,,,,,,,,,,,,,,
y1_online_only,LEO_ONLY,12,0.1,200,2,278,ok,,0,1,31.61466602,374,1,3.768,13.575,1.76265E+12,1.76265E+12,,,,,,,,,,,,,,,
y1_online_only,LEO_ONLY,12,0.1,200,2,279,ok,,0,1,33.09266601,374,1,3.608,13.575,1.76265E+12,1.76265E+12,,,,,,,,,,,,,,,
y1_online_only,LEO_ONLY,12,0.1,200,2,280,ok,,0,1,33.608875,374,1,3.779,13.628,1.76265E+12,1.76265E+12,,,,,,,,,,,,,,,
y1_online_only,LEO_ONLY,12,0.1,200,2,281,ok,,0,1,29.22245799,374,1,3.665,13.636,1.76265E+12,1.76265E+12,,,,,,,,,,,,,,,
y1_online_only,LEO_ONLY,12,0.1,200,2,282,ok,,0,1,34.35241702,374,1,3.855,15.128,1.76265E+12,1.76265E+12,,,,,,,,,,,,,,,
y1_online_only,LEO_ONLY,12,0.1,200,2,283,ok,,0,1,29.62387598,374,1,3.499,13.906,1.76265E+12,1.76265E+12,,,,,,,,,,,,,,,
y1_online_only,LEO_ONLY,12,0.1,200,2,284,ok,,0,1,34.457125,374,1,3.692,13.526,1.76265E+12,1.76265E+12,,,,,,,,,,,,,,,
y1_online_only,LEO_ONLY,12,0.1,200,2,285,ok,,0,1,36.161667,374,1,3.743,13.923,1.76265E+12,1.76265E+12,,,,,,,,,,,,,,,
y1_online_only,LEO_ONLY,12,0.1,200,2,286,ok,,0,1,36.83300002,374,1,3.704,13.751,1.76265E+12,1.76265E+12,,,,,,,,,,,,,,,
y1_online_only,LEO_ONLY,12,0.1,200,2,287,ok,,0,1,34.671375,374,1,3.859,13.909,1.76265E+12,1.76265E+12,,,,,,,,,,,,,,,
y1_online_only,LEO_ONLY,12,0.1,200,2,288,ok,,0,1,32.385167,374,1,3.628,13.542,1.76265E+12,1.76265E+12,,,,,,,,,,,,,,,
y1_online_only,LEO_ONLY,12,0.1,200,2,289,ok,,0,1,30.079791,374,1,3.534,13.771,1.76265E+12,1.76265E+12,,,,,,,,,,,,,,,
y1_online_only,LEO_ONLY,12,0.1,200,2,290,ok,,0,1,36.30933302,374,1,3.62,13.622,1.76265E+12,1.76265E+12,,,,,,,,,,,,,,,
y1_online_only,LEO_ONLY,12,0.1,200,2,291,ok,,0,1,31.02291701,374,1,3.582,13.726,1.76265E+12,1.76265E+12,,,,,,,,,,,,,,,
y1_online_only,LEO_ONLY,12,0.1,200,2,292,ok,,0,1,34.033042,374,1,3.676,13.658,1.76265E+12,1.76265E+12,,,,,,,,,,,,,,,
y1_online_only,LEO_ONLY,12,0.1,200,2,293,ok,,0,1,32.01299999,374,1,3.722,13.76,1.76265E+12,1.76265E+12,,,,,,,,,,,,,,,
y1_online_only,LEO_ONLY,12,0.1,200,2,294,ok,,0,1,33.75195799,374,1,3.699,13.688,1.76265E+12,1.76265E+12,,,,,,,,,,,,,,,
y1_online_only,LEO_ONLY,12,0.1,200,2,295,ok,,0,1,31.70695799,374,1,3.715,13.796,1.76265E+12,1.76265E+12,,,,,,,,,,,,,,,
y1_online_only,LEO_ONLY,12,0.1,200,2,296,ok,,0,1,29.816125,374,1,3.695,13.503,1.76265E+12,1.76265E+12,,,,,,,,,,,,,,,
y1_online_only,LEO_ONLY,12,0.1,200,2,297,ok,,0,1,31.59650002,374,1,3.568,13.677,1.76265E+12,1.76265E+12,,,,,,,,,,,,,,,
y1_online_only,LEO_ONLY,12,0.1,200,2,298,ok,,0,1,31.277,374,1,3.764,13.707,1.76265E+12,1.76265E+12,,,,,,,,,,,,,,,
y1_online_only,LEO_ONLY,12,0.1,200,2,299,ok,,0,1,34.793459,374,1,3.702,13.863,1.76265E+12,1.76265E+12,,,,,,,,,,,,,,,
y1_online_only,LEO_ONLY,12,0.1,200,2,300,ok,,0,1,28.276,374,1,3.715,13.677,1.76265E+12,1.76265E+12,,,,,,,,,,,,,,,
y1_online_only,LEO_ONLY,12,0.1,400,2,1,ok,,0,1,33.33425001,374,1,3.611,13.868,1.76265E+12,1.76265E+12,,,,,,,,,,,,,,,
y1_online_only,LEO_ONLY,12,0.1,400,2,2,ok,,0,1,32.260042,374,1,3.7,13.643,1.76265E+12,1.76265E+12,,,,,,,,,,,,,,,
y1_online_only,LEO_ONLY,12,0.1,400,2,3,ok,,0,1,32.58033402,374,1,3.699,13.957,1.76265E+12,1.76265E+12,,,,,,,,,,,,,,,
y1_online_only,LEO_ONLY,12,0.1,400,2,4,ok,,0,1,28.52466601,373,1,3.661,13.544,1.76265E+12,1.76265E+12,,,,,,,,,,,,,,,
y1_online_only,LEO_ONLY,12,0.1,400,2,5,ok,,0,1,30.47991701,374,1,3.87,13.816,1.76265E+12,1.76265E+12,,,,,,,,,,,,,,,
y1_online_only,LEO_ONLY,12,0.1,400,2,6,ok,,0,1,29.65966699,374,1,3.682,13.548,1.76265E+12,1.76265E+12,,,,,,,,,,,,,,,
y1_online_only,LEO_ONLY,12,0.1,400,2,7,ok,,0,1,33.122208,374,1,3.681,13.92,1.76265E+12,1.76265E+12,,,,,,,,,,,,,,,
y1_online_only,LEO_ONLY,12,0.1,400,2,8,ok,,0,1,35.52537502,374,1,3.753,13.805,1.76265E+12,1.76265E+12,,,,,,,,,,,,,,,
y1_online_only,LEO_ONLY,12,0.1,400,2,9,ok,,0,1,32.267709,374,1,3.673,13.657,1.76265E+12,1.76265E+12,,,,,,,,,,,,,,,
y1_online_only,LEO_ONLY,12,0.1,400,2,10,ok,,0,1,29.30458402,374,1,3.647,13.719,1.76265E+12,1.76265E+12,,,,,,,,,,,,,,,
y1_online_only,LEO_ONLY,12,0.1,400,2,11,ok,,0,1,31.961125,374,1,3.694,13.712,1.76265E+12,1.76265E+12,,,,,,,,,,,,,,,
y1_online_only,LEO_ONLY,12,0.1,400,2,12,ok,,0,1,34.59,374,1,3.958,14.432,1.76265E+12,1.76265E+12,,,,,,,,,,,,,,,
y1_online_only,LEO_ONLY,12,0.1,400,2,13,ok,,0,1,33.64333301,374,1,3.731,13.681,1.76265E+12,1.76265E+12,,,,,,,,,,,,,,,
y1_online_only,LEO_ONLY,12,0.1,400,2,14,ok,,0,1,31.33337499,374,1,3.659,13.67,1.76265E+12,1.76265E+12,,,,,,,,,,,,,,,
y1_online_only,LEO_ONLY,12,0.1,400,2,15,ok,,0,1,32.516709,374,1,3.677,13.738,1.76265E+12,1.76265E+12,,,,,,,,,,,,,,,
y1_online_only,LEO_ONLY,12,0.1,400,2,16,ok,,0,1,31.391542,374,1,5.52,13.633,1.76265E+12,1.76265E+12,,,,,,,,,,,,,,,
y1_online_only,LEO_ONLY,12,0.1,400,2,17,ok,,0,1,31.975958,374,1,3.766,13.651,1.76265E+12,1.76265E+12,,,,,,,,,,,,,,,
y1_online_only,LEO_ONLY,12,0.1,400,2,18,ok,,0,1,28.914083,374,1,3.682,13.675,1.76265E+12,1.76265E+12,,,,,,,,,,,,,,,
y1_online_only,LEO_ONLY,12,0.1,400,2,19,ok,,0,1,32.83412498,374,1,3.627,14.029,1.76265E+12,1.76265E+12,,,,,,,,,,,,,,,
y1_online_only,LEO_ONLY,12,0.1,400,2,20,ok,,0,1,31.65429202,374,1,3.571,13.437,1.76265E+12,1.76265E+12,,,,,,,,,,,,,,,
y1_online_only,LEO_ONLY,12,0.1,400,2,21,ok,,0,1,33.83529102,374,1,3.745,13.948,1.76265E+12,1.76265E+12,,,,,,,,,,,,,,,
y1_online_only,LEO_ONLY,12,0.1,400,2,22,ok,,0,1,30.61083402,374,1,3.649,13.662,1.76265E+12,1.76265E+12,,,,,,,,,,,,,,,
y1_online_only,LEO_ONLY,12,0.1,400,2,23,ok,,0,1,35.818417,374,1,3.769,13.883,1.76265E+12,1.76265E+12,,,,,,,,,,,,,,,
y1_online_only,LEO_ONLY,12,0.1,400,2,24,ok,,0,1,33.77183399,374,1,3.76,13.744,1.76265E+12,1.76265E+12,,,,,,,,,,,,,,,
y1_online_only,LEO_ONLY,12,0.1,400,2,25,ok,,0,1,28.63262501,374,1,3.739,13.799,1.76265E+12,1.76265E+12,,,,,,,,,,,,,,,
y1_online_only,LEO_ONLY,12,0.1,400,2,26,ok,,0,1,32.030375,374,1,3.672,13.629,1.76265E+12,1.76265E+12,,,,,,,,,,,,,,,
y1_online_only,LEO_ONLY,12,0.1,400,2,27,ok,,0,1,29.483625,374,1,3.582,14.103,1.76265E+12,1.76265E+12,,,,,,,,,,,,,,,
y1_online_only,LEO_ONLY,12,0.1,400,2,28,ok,,0,1,35.23841602,374,1,3.724,13.765,1.76265E+12,1.76265E+12,,,,,,,,,,,,,,,
y1_online_only,LEO_ONLY,12,0.1,400,2,29,ok,,0,1,31.29308301,374,1,3.68,14.089,1.76265E+12,1.76265E+12,,,,,,,,,,,,,,,
y1_online_only,LEO_ONLY,12,0.1,400,2,30,ok,,0,1,30.488833,374,1,3.592,13.561,1.76265E+12,1.76265E+12,,,,,,,,,,,,,,,
y1_online_only,LEO_ONLY,12,0.1,400,2,31,ok,,0,1,31.64779101,373,1,3.734,13.581,1.76265E+12,1.76265E+12,,,,,,,,,,,,,,,
y1_online_only,LEO_ONLY,12,0.1,400,2,32,ok,,0,1,32.01949998,374,1,3.685,13.601,1.76265E+12,1.76265E+12,,,,,,,,,,,,,,,
y1_online_only,LEO_ONLY,12,0.1,400,2,33,ok,,0,1,30.78245799,374,1,3.877,13.655,1.76265E+12,1.76265E+12,,,,,,,,,,,,,,,
y1_online_only,LEO_ONLY,12,0.1,400,2,34,ok,,0,1,30.467292,374,1,3.617,13.464,1.76265E+12,1.76265E+12,,,,,,,,,,,,,,,
y1_online_only,LEO_ONLY,12,0.1,400,2,35,ok,,0,1,32.724458,374,1,3.596,13.635,1.76265E+12,1.76265E+12,,,,,,,,,,,,,,,
y1_online_only,LEO_ONLY,12,0.1,400,2,36,ok,,0,1,30.00316702,374,1,3.558,13.428,1.76265E+12,1.76265E+12,,,,,,,,,,,,,,,
y1_online_only,LEO_ONLY,12,0.1,400,2,37,ok,,0,1,34.090667,374,1,3.594,13.589,1.76265E+12,1.76265E+12,,,,,,,,,,,,,,,
y1_online_only,LEO_ONLY,12,0.1,400,2,38,ok,,0,1,33.817291,374,1,3.791,13.775,1.76265E+12,1.76265E+12,,,,,,,,,,,,,,,
y1_online_only,LEO_ONLY,12,0.1,400,2,39,ok,,0,1,35.790333,374,1,3.887,13.817,1.76265E+12,1.76265E+12,,,,,,,,,,,,,,,
y1_online_only,LEO_ONLY,12,0.1,400,2,40,ok,,0,1,36.87862502,374,1,3.873,13.92,1.76265E+12,1.76265E+12,,,,,,,,,,,,,,,
y1_online_only,LEO_ONLY,12,0.1,400,2,41,ok,,0,1,31.54183301,374,1,3.741,13.881,1.76265E+12,1.76265E+12,,,,,,,,,,,,,,,
y1_online_only,LEO_ONLY,12,0.1,400,2,42,ok,,0,1,32.21720899,374,1,3.758,13.789,1.76265E+12,1.76265E+12,,,,,,,,,,,,,,,
y1_online_only,LEO_ONLY,12,0.1,400,2,43,ok,,0,1,31.89425002,374,1,3.643,13.892,1.76265E+12,1.76265E+12,,,,,,,,,,,,,,,
y1_online_only,LEO_ONLY,12,0.1,400,2,44,ok,,0,1,32.83554199,374,1,3.686,13.593,1.76265E+12,1.76265E+12,,,,,,,,,,,,,,,
y1_online_only,LEO_ONLY,12,0.1,400,2,45,ok,,0,1,31.04183401,374,1,3.638,13.584,1.76265E+12,1.76265E+12,,,,,,,,,,,,,,,
y1_online_only,LEO_ONLY,12,0.1,400,2,46,ok,,0,1,29.75733299,373,1,3.593,13.601,1.76265E+12,1.76265E+12,,,,,,,,,,,,,,,
y1_online_only,LEO_ONLY,12,0.1,400,2,47,ok,,0,1,30.71437503,374,1,3.583,13.761,1.76265E+12,1.76265E+12,,,,,,,,,,,,,,,
y1_online_only,LEO_ONLY,12,0.1,400,2,48,ok,,0,1,33.56783299,374,1,3.655,13.815,1.76265E+12,1.76265E+12,,,,,,,,,,,,,,,
y1_online_only,LEO_ONLY,12,0.1,400,2,49,ok,,0,1,34.69674999,374,1,3.7,13.709,1.76265E+12,1.76265E+12,,,,,,,,,,,,,,,
y1_online_only,LEO_ONLY,12,0.1,400,2,50,ok,,0,1,47.13620798,374,1,3.939,25.162,1.76265E+12,1.76265E+12,,,,,,,,,,,,,,,
y1_online_only,LEO_ONLY,12,0.1,400,2,51,ok,,0,1,34.24383301,374,1,3.728,13.835,1.76265E+12,1.76265E+12,,,,,,,,,,,,,,,
y1_online_only,LEO_ONLY,12,0.1,400,2,52,ok,,0,1,29.090583,374,1,3.56,13.608,1.76265E+12,1.76265E+12,,,,,,,,,,,,,,,
y1_online_only,LEO_ONLY,12,0.1,400,2,53,ok,,0,1,33.20916599,374,1,3.556,13.624,1.76265E+12,1.76265E+12,,,,,,,,,,,,,,,
y1_online_only,LEO_ONLY,12,0.1,400,2,54,ok,,0,1,35.39441599,374,1,3.693,13.869,1.76265E+12,1.76265E+12,,,,,,,,,,,,,,,
y1_online_only,LEO_ONLY,12,0.1,400,2,55,ok,,0,1,31.7665,374,1,3.62,13.564,1.76265E+12,1.76265E+12,,,,,,,,,,,,,,,
y1_online_only,LEO_ONLY,12,0.1,400,2,56,ok,,0,1,33.2295,374,1,3.647,13.46,1.76265E+12,1.76265E+12,,,,,,,,,,,,,,,
y1_online_only,LEO_ONLY,12,0.1,400,2,57,ok,,0,1,33.48716602,374,1,3.72,13.715,1.76265E+12,1.76265E+12,,,,,,,,,,,,,,,
y1_online_only,LEO_ONLY,12,0.1,400,2,58,ok,,0,1,31.06708301,374,1,3.651,13.517,1.76265E+12,1.76265E+12,,,,,,,,,,,,,,,
y1_online_only,LEO_ONLY,12,0.1,400,2,59,ok,,0,1,33.14620801,374,1,3.787,13.749,1.76265E+12,1.76265E+12,,,,,,,,,,,,,,,
y1_online_only,LEO_ONLY,12,0.1,400,2,60,ok,,0,1,29.89279199,374,1,3.563,13.555,1.76265E+12,1.76265E+12,,,,,,,,,,,,,,,
y1_online_only,LEO_ONLY,12,0.1,400,2,61,ok,,0,1,33.09008401,374,1,3.715,13.732,1.76265E+12,1.76265E+12,,,,,,,,,,,,,,,
y1_online_only,LEO_ONLY,12,0.1,400,2,62,ok,,0,1,33.38837498,374,1,3.482,13.741,1.76265E+12,1.76265E+12,,,,,,,,,,,,,,,
y1_online_only,LEO_ONLY,12,0.1,400,2,63,ok,,0,1,33.186958,374,1,3.677,13.611,1.76265E+12,1.76265E+12,,,,,,,,,,,,,,,
y1_online_only,LEO_ONLY,12,0.1,400,2,64,ok,,0,1,33.601417,374,1,3.73,13.772,1.76265E+12,1.76265E+12,,,,,,,,,,,,,,,
y1_online_only,LEO_ONLY,12,0.1,400,2,65,ok,,0,1,30.775917,374,1,3.69,13.683,1.76265E+12,1.76265E+12,,,,,,,,,,,,,,,
y1_online_only,LEO_ONLY,12,0.1,400,2,66,ok,,0,1,29.94125002,374,1,3.619,13.805,1.76265E+12,1.76265E+12,,,,,,,,,,,,,,,
y1_online_only,LEO_ONLY,12,0.1,400,2,67,ok,,0,1,33.61162503,374,1,3.7,13.706,1.76265E+12,1.76265E+12,,,,,,,,,,,,,,,
y1_online_only,LEO_ONLY,12,0.1,400,2,68,ok,,0,1,32.11070801,374,1,3.576,13.591,1.76265E+12,1.76265E+12,,,,,,,,,,,,,,,
y1_online_only,LEO_ONLY,12,0.1,400,2,69,ok,,0,1,29.675375,374,1,3.508,13.521,1.76265E+12,1.76265E+12,,,,,,,,,,,,,,,
y1_online_only,LEO_ONLY,12,0.1,400,2,70,ok,,0,1,33.183875,374,1,3.62,13.811,1.76265E+12,1.76265E+12,,,,,,,,,,,,,,,
y1_online_only,LEO_ONLY,12,0.1,400,2,71,ok,,0,1,33.69041698,374,1,3.682,13.77,1.76265E+12,1.76265E+12,,,,,,,,,,,,,,,
y1_online_only,LEO_ONLY,12,0.1,400,2,72,ok,,0,1,30.634625,374,1,3.642,13.495,1.76265E+12,1.76265E+12,,,,,,,,,,,,,,,
y1_online_only,LEO_ONLY,12,0.1,400,2,73,ok,,0,1,34.57829199,374,1,3.753,13.613,1.76265E+12,1.76265E+12,,,,,,,,,,,,,,,
y1_online_only,LEO_ONLY,12,0.1,400,2,74,ok,,0,1,34.09283399,374,1,3.796,13.868,1.76265E+12,1.76265E+12,,,,,,,,,,,,,,,
y1_online_only,LEO_ONLY,12,0.1,400,2,75,ok,,0,1,32.73479201,374,1,3.62,13.878,1.76265E+12,1.76265E+12,,,,,,,,,,,,,,,
y1_online_only,LEO_ONLY,12,0.1,400,2,76,ok,,0,1,30.86479197,374,1,3.755,13.768,1.76265E+12,1.76265E+12,,,,,,,,,,,,,,,
y1_online_only,LEO_ONLY,12,0.1,400,2,77,ok,,0,1,35.46274998,374,1,3.785,13.88,1.76265E+12,1.76265E+12,,,,,,,,,,,,,,,
y1_online_only,LEO_ONLY,12,0.1,400,2,78,ok,,0,1,35.10975,374,1,3.729,13.824,1.76265E+12,1.76265E+12,,,,,,,,,,,,,,,
y1_online_only,LEO_ONLY,12,0.1,400,2,79,ok,,0,1,35.57158299,374,1,3.724,13.907,1.76265E+12,1.76265E+12,,,,,,,,,,,,,,,
y1_online_only,LEO_ONLY,12,0.1,400,2,80,ok,,0,1,31.88349999,374,1,3.843,13.7,1.76265E+12,1.76265E+12,,,,,,,,,,,,,,,
y1_online_only,LEO_ONLY,12,0.1,400,2,81,ok,,0,1,34.781875,374,1,3.716,13.986,1.76265E+12,1.76265E+12,,,,,,,,,,,,,,,
y1_online_only,LEO_ONLY,12,0.1,400,2,82,ok,,0,1,30.25275,374,1,3.667,13.536,1.76265E+12,1.76265E+12,,,,,,,,,,,,,,,
y1_online_only,LEO_ONLY,12,0.1,400,2,83,ok,,0,1,33.33254202,374,1,3.895,13.791,1.76265E+12,1.76265E+12,,,,,,,,,,,,,,,
y1_online_only,LEO_ONLY,12,0.1,400,2,84,ok,,0,1,34.299291,374,1,3.612,13.558,1.76265E+12,1.76265E+12,,,,,,,,,,,,,,,
y1_online_only,LEO_ONLY,12,0.1,400,2,85,ok,,0,1,35.73466698,374,1,3.731,13.889,1.76265E+12,1.76265E+12,,,,,,,,,,,,,,,
y1_online_only,LEO_ONLY,12,0.1,400,2,86,ok,,0,1,32.40370899,374,1,3.949,14.457,1.76265E+12,1.76265E+12,,,,,,,,,,,,,,,
y1_online_only,LEO_ONLY,12,0.1,400,2,87,ok,,0,1,31.61783301,374,1,3.752,13.502,1.76265E+12,1.76265E+12,,,,,,,,,,,,,,,
y1_online_only,LEO_ONLY,12,0.1,400,2,88,ok,,0,1,29.98412499,374,1,3.431,13.475,1.76265E+12,1.76265E+12,,,,,,,,,,,,,,,
y1_online_only,LEO_ONLY,12,0.1,400,2,89,ok,,0,1,33.895042,374,1,3.628,13.87,1.76265E+12,1.76265E+12,,,,,,,,,,,,,,,
y1_online_only,LEO_ONLY,12,0.1,400,2,90,ok,,0,1,33.184834,374,1,3.804,13.768,1.76265E+12,1.76265E+12,,,,,,,,,,,,,,,
y1_online_only,LEO_ONLY,12,0.1,400,2,91,ok,,0,1,34.280666,374,1,3.695,13.781,1.76265E+12,1.76265E+12,,,,,,,,,,,,,,,
y1_online_only,LEO_ONLY,12,0.1,400,2,92,ok,,0,1,28.390375,374,1,3.689,13.685,1.76265E+12,1.76265E+12,,,,,,,,,,,,,,,
y1_online_only,LEO_ONLY,12,0.1,400,2,93,ok,,0,1,34.22262499,374,1,3.66,14.077,1.76265E+12,1.76265E+12,,,,,,,,,,,,,,,
y1_online_only,LEO_ONLY,12,0.1,400,2,94,ok,,0,1,29.647291,374,1,3.739,13.596,1.76265E+12,1.76265E+12,,,,,,,,,,,,,,,
y1_online_only,LEO_ONLY,12,0.1,400,2,95,ok,,0,1,33.058042,374,1,3.615,14.023,1.76265E+12,1.76265E+12,,,,,,,,,,,,,,,
y1_online_only,LEO_ONLY,12,0.1,400,2,96,ok,,0,1,32.302376,374,1,3.687,13.719,1.76265E+12,1.76265E+12,,,,,,,,,,,,,,,
y1_online_only,LEO_ONLY,12,0.1,400,2,97,ok,,0,1,31.94066699,374,1,3.653,14.766,1.76265E+12,1.76265E+12,,,,,,,,,,,,,,,
y1_online_only,LEO_ONLY,12,0.1,400,2,98,ok,,0,1,34.47370901,374,1,3.583,13.503,1.76265E+12,1.76265E+12,,,,,,,,,,,,,,,
y1_online_only,LEO_ONLY,12,0.1,400,2,99,ok,,0,1,31.92345801,374,1,3.553,13.609,1.76265E+12,1.76265E+12,,,,,,,,,,,,,,,
y1_online_only,LEO_ONLY,12,0.1,400,2,100,ok,,0,1,34.61912498,374,1,3.698,13.802,1.76265E+12,1.76265E+12,,,,,,,,,,,,,,,
y1_online_only,LEO_ONLY,12,0.1,400,2,101,ok,,0,1,36.02220802,374,1,3.758,13.574,1.76265E+12,1.76265E+12,,,,,,,,,,,,,,,
y1_online_only,LEO_ONLY,12,0.1,400,2,102,ok,,0,1,36.305791,374,1,3.778,13.683,1.76265E+12,1.76265E+12,,,,,,,,,,,,,,,
y1_online_only,LEO_ONLY,12,0.1,400,2,103,ok,,0,1,31.971875,374,1,3.736,13.994,1.76265E+12,1.76265E+12,,,,,,,,,,,,,,,
y1_online_only,LEO_ONLY,12,0.1,400,2,104,ok,,0,1,35.58966701,374,1,3.545,13.878,1.76265E+12,1.76265E+12,,,,,,,,,,,,,,,
y1_online_only,LEO_ONLY,12,0.1,400,2,105,ok,,0,1,31.29175,374,1,3.771,13.823,1.76265E+12,1.76265E+12,,,,,,,,,,,,,,,
y1_online_only,LEO_ONLY,12,0.1,400,2,106,ok,,0,1,29.57420901,374,1,3.746,13.779,1.76265E+12,1.76265E+12,,,,,,,,,,,,,,,
y1_online_only,LEO_ONLY,12,0.1,400,2,107,ok,,0,1,30.46058302,374,1,3.741,13.672,1.76265E+12,1.76265E+12,,,,,,,,,,,,,,,
y1_online_only,LEO_ONLY,12,0.1,400,2,108,ok,,0,1,32.30066699,374,1,3.827,13.857,1.76265E+12,1.76265E+12,,,,,,,,,,,,,,,
y1_online_only,LEO_ONLY,12,0.1,400,2,109,ok,,0,1,34.025334,374,1,3.672,13.684,1.76265E+12,1.76265E+12,,,,,,,,,,,,,,,
y1_online_only,LEO_ONLY,12,0.1,400,2,110,ok,,0,1,32.69841601,374,1,3.872,13.835,1.76265E+12,1.76265E+12,,,,,,,,,,,,,,,
y1_online_only,LEO_ONLY,12,0.1,400,2,111,ok,,0,1,33.424375,374,1,3.671,13.465,1.76265E+12,1.76265E+12,,,,,,,,,,,,,,,
y1_online_only,LEO_ONLY,12,0.1,400,2,112,ok,,0,1,31.334167,374,1,3.723,13.908,1.76265E+12,1.76265E+12,,,,,,,,,,,,,,,
y1_online_only,LEO_ONLY,12,0.1,400,2,113,ok,,0,1,31.303667,374,1,3.733,13.635,1.76265E+12,1.76265E+12,,,,,,,,,,,,,,,
y1_online_only,LEO_ONLY,12,0.1,400,2,114,ok,,0,1,32.48299999,374,1,3.75,13.683,1.76265E+12,1.76265E+12,,,,,,,,,,,,,,,
y1_online_only,LEO_ONLY,12,0.1,400,2,115,ok,,0,1,30.157417,374,1,3.714,13.794,1.76265E+12,1.76265E+12,,,,,,,,,,,,,,,
y1_online_only,LEO_ONLY,12,0.1,400,2,116,ok,,0,1,32.927333,374,1,3.625,13.515,1.76265E+12,1.76265E+12,,,,,,,,,,,,,,,
y1_online_only,LEO_ONLY,12,0.1,400,2,117,ok,,0,1,36.474458,374,1,3.781,13.919,1.76265E+12,1.76265E+12,,,,,,,,,,,,,,,
y1_online_only,LEO_ONLY,12,0.1,400,2,118,ok,,0,1,35.49816701,374,1,3.597,13.83,1.76265E+12,1.76265E+12,,,,,,,,,,,,,,,
y1_online_only,LEO_ONLY,12,0.1,400,2,119,ok,,0,1,32.820291,374,1,3.713,14.061,1.76265E+12,1.76265E+12,,,,,,,,,,,,,,,
y1_online_only,LEO_ONLY,12,0.1,400,2,120,ok,,0,1,31.85666699,374,1,3.896,13.899,1.76265E+12,1.76265E+12,,,,,,,,,,,,,,,
y1_online_only,LEO_ONLY,12,0.1,400,2,121,ok,,0,1,32.06229099,374,1,3.813,13.776,1.76265E+12,1.76265E+12,,,,,,,,,,,,,,,
y1_online_only,LEO_ONLY,12,0.1,400,2,122,ok,,0,1,33.425542,374,1,3.747,13.63,1.76265E+12,1.76265E+12,,,,,,,,,,,,,,,
y1_online_only,LEO_ONLY,12,0.1,400,2,123,ok,,0,1,31.48104201,374,1,3.865,13.661,1.76265E+12,1.76265E+12,,,,,,,,,,,,,,,
y1_online_only,LEO_ONLY,12,0.1,400,2,124,ok,,0,1,34.346,374,1,3.686,13.642,1.76265E+12,1.76265E+12,,,,,,,,,,,,,,,
y1_online_only,LEO_ONLY,12,0.1,400,2,125,ok,,0,1,37.79541599,374,1,3.917,21.716,1.76265E+12,1.76265E+12,,,,,,,,,,,,,,,
y1_online_only,LEO_ONLY,12,0.1,400,2,126,ok,,0,1,30.82112499,373,1,3.622,13.345,1.76265E+12,1.76265E+12,,,,,,,,,,,,,,,
y1_online_only,LEO_ONLY,12,0.1,400,2,127,ok,,0,1,32.38325001,374,1,3.814,13.588,1.76265E+12,1.76265E+12,,,,,,,,,,,,,,,
y1_online_only,LEO_ONLY,12,0.1,400,2,128,ok,,0,1,34.91016701,374,1,3.769,14.083,1.76265E+12,1.76265E+12,,,,,,,,,,,,,,,
y1_online_only,LEO_ONLY,12,0.1,400,2,129,ok,,0,1,37.18395901,374,1,3.804,13.928,1.76265E+12,1.76265E+12,,,,,,,,,,,,,,,
y1_online_only,LEO_ONLY,12,0.1,400,2,130,ok,,0,1,34.60883402,374,1,3.815,13.804,1.76265E+12,1.76265E+12,,,,,,,,,,,,,,,
y1_online_only,LEO_ONLY,12,0.1,400,2,131,ok,,0,1,30.27974998,374,1,3.753,13.593,1.76265E+12,1.76265E+12,,,,,,,,,,,,,,,
y1_online_only,LEO_ONLY,12,0.1,400,2,132,ok,,0,1,32.39787501,374,1,3.862,13.807,1.76265E+12,1.76265E+12,,,,,,,,,,,,,,,
y1_online_only,LEO_ONLY,12,0.1,400,2,133,ok,,0,1,30.15866701,374,1,3.757,13.778,1.76265E+12,1.76265E+12,,,,,,,,,,,,,,,
y1_online_only,LEO_ONLY,12,0.1,400,2,134,ok,,0,1,34.624833,374,1,3.616,13.856,1.76265E+12,1.76265E+12,,,,,,,,,,,,,,,
y1_online_only,LEO_ONLY,12,0.1,400,2,135,ok,,0,1,34.34845898,374,1,3.67,13.517,1.76265E+12,1.76265E+12,,,,,,,,,,,,,,,
y1_online_only,LEO_ONLY,12,0.1,400,2,136,ok,,0,1,30.01866699,374,1,3.672,13.7,1.76265E+12,1.76265E+12,,,,,,,,,,,,,,,
y1_online_only,LEO_ONLY,12,0.1,400,2,137,ok,,0,1,31.33283302,374,1,3.613,13.728,1.76265E+12,1.76265E+12,,,,,,,,,,,,,,,
y1_online_only,LEO_ONLY,12,0.1,400,2,138,ok,,0,1,29.72908301,374,1,3.579,13.333,1.76265E+12,1.76265E+12,,,,,,,,,,,,,,,
y1_online_only,LEO_ONLY,12,0.1,400,2,139,ok,,0,1,31.554833,374,1,3.699,13.735,1.76265E+12,1.76265E+12,,,,,,,,,,,,,,,
y1_online_only,LEO_ONLY,12,0.1,400,2,140,ok,,0,1,32.32429101,374,1,3.683,13.31,1.76265E+12,1.76265E+12,,,,,,,,,,,,,,,
y1_online_only,LEO_ONLY,12,0.1,400,2,141,ok,,0,1,30.36549999,374,1,3.493,13.748,1.76265E+12,1.76265E+12,,,,,,,,,,,,,,,
y1_online_only,LEO_ONLY,12,0.1,400,2,142,ok,,0,1,31.72141599,374,1,3.44,14.057,1.76265E+12,1.76265E+12,,,,,,,,,,,,,,,
y1_online_only,LEO_ONLY,12,0.1,400,2,143,ok,,0,1,34.965042,374,1,3.751,13.567,1.76265E+12,1.76265E+12,,,,,,,,,,,,,,,
y1_online_only,LEO_ONLY,12,0.1,400,2,144,ok,,0,1,30.36283399,374,1,3.646,13.642,1.76265E+12,1.76265E+12,,,,,,,,,,,,,,,
y1_online_only,LEO_ONLY,12,0.1,400,2,145,ok,,0,1,32.871417,374,1,3.663,13.664,1.76265E+12,1.76265E+12,,,,,,,,,,,,,,,
y1_online_only,LEO_ONLY,12,0.1,400,2,146,ok,,0,1,33.423291,374,1,3.623,13.781,1.76265E+12,1.76265E+12,,,,,,,,,,,,,,,
y1_online_only,LEO_ONLY,12,0.1,400,2,147,ok,,0,1,33.23479198,374,1,3.717,13.81,1.76265E+12,1.76265E+12,,,,,,,,,,,,,,,
y1_online_only,LEO_ONLY,12,0.1,400,2,148,ok,,0,1,34.396334,374,1,3.667,13.893,1.76265E+12,1.76265E+12,,,,,,,,,,,,,,,
y1_online_only,LEO_ONLY,12,0.1,400,2,149,ok,,0,1,29.73083299,374,1,3.869,13.718,1.76265E+12,1.76265E+12,,,,,,,,,,,,,,,
y1_online_only,LEO_ONLY,12,0.1,400,2,150,ok,,0,1,31.91975001,374,1,3.789,13.807,1.76265E+12,1.76265E+12,,,,,,,,,,,,,,,
y1_online_only,LEO_ONLY,12,0.1,400,2,151,ok,,0,1,33.21649999,374,1,3.608,13.753,1.76265E+12,1.76265E+12,,,,,,,,,,,,,,,
y1_online_only,LEO_ONLY,12,0.1,400,2,152,ok,,0,1,33.36849998,374,1,3.926,13.621,1.76265E+12,1.76265E+12,,,,,,,,,,,,,,,
y1_online_only,LEO_ONLY,12,0.1,400,2,153,ok,,0,1,35.85704198,374,1,3.672,13.977,1.76265E+12,1.76265E+12,,,,,,,,,,,,,,,
y1_online_only,LEO_ONLY,12,0.1,400,2,154,ok,,0,1,33.707917,374,1,3.782,13.798,1.76265E+12,1.76265E+12,,,,,,,,,,,,,,,
y1_online_only,LEO_ONLY,12,0.1,400,2,155,ok,,0,1,28.85054101,374,1,3.674,13.485,1.76265E+12,1.76265E+12,,,,,,,,,,,,,,,
y1_online_only,LEO_ONLY,12,0.1,400,2,156,ok,,0,1,33.866666,374,1,4.027,14.463,1.76265E+12,1.76265E+12,,,,,,,,,,,,,,,
y1_online_only,LEO_ONLY,12,0.1,400,2,157,ok,,0,1,31.238792,374,1,3.695,13.831,1.76265E+12,1.76265E+12,,,,,,,,,,,,,,,
y1_online_only,LEO_ONLY,12,0.1,400,2,158,ok,,0,1,34.747458,374,1,3.648,13.757,1.76265E+12,1.76265E+12,,,,,,,,,,,,,,,
y1_online_only,LEO_ONLY,12,0.1,400,2,159,ok,,0,1,31.73649998,374,1,3.808,13.595,1.76265E+12,1.76265E+12,,,,,,,,,,,,,,,
y1_online_only,LEO_ONLY,12,0.1,400,2,160,ok,,0,1,31.60650001,374,1,3.645,13.587,1.76265E+12,1.76265E+12,,,,,,,,,,,,,,,
y1_online_only,LEO_ONLY,12,0.1,400,2,161,ok,,0,1,35.33195797,374,1,3.738,13.935,1.76265E+12,1.76265E+12,,,,,,,,,,,,,,,
y1_online_only,LEO_ONLY,12,0.1,400,2,162,ok,,0,1,32.38316599,374,1,3.759,14.533,1.76265E+12,1.76265E+12,,,,,,,,,,,,,,,
y1_online_only,LEO_ONLY,12,0.1,400,2,163,ok,,0,1,32.82699999,374,1,3.601,13.847,1.76265E+12,1.76265E+12,,,,,,,,,,,,,,,
y1_online_only,LEO_ONLY,12,0.1,400,2,164,ok,,0,1,30.07204199,374,1,3.715,13.575,1.76265E+12,1.76265E+12,,,,,,,,,,,,,,,
y1_online_only,LEO_ONLY,12,0.1,400,2,165,ok,,0,1,35.474,374,1,3.476,13.584,1.76265E+12,1.76265E+12,,,,,,,,,,,,,,,
y1_online_only,LEO_ONLY,12,0.1,400,2,166,ok,,0,1,31.173917,374,1,3.597,13.629,1.76265E+12,1.76265E+12,,,,,,,,,,,,,,,
y1_online_only,LEO_ONLY,12,0.1,400,2,167,ok,,0,1,32.667583,374,1,3.911,13.751,1.76265E+12,1.76265E+12,,,,,,,,,,,,,,,
y1_online_only,LEO_ONLY,12,0.1,400,2,168,ok,,0,1,33.02512501,374,1,3.838,13.718,1.76265E+12,1.76265E+12,,,,,,,,,,,,,,,
y1_online_only,LEO_ONLY,12,0.1,400,2,169,ok,,0,1,35.23579199,374,1,3.815,13.854,1.76265E+12,1.76265E+12,,,,,,,,,,,,,,,
y1_online_only,LEO_ONLY,12,0.1,400,2,170,ok,,0,1,33.54358301,374,1,3.523,13.826,1.76265E+12,1.76265E+12,,,,,,,,,,,,,,,
y1_online_only,LEO_ONLY,12,0.1,400,2,171,ok,,0,1,32.95645799,374,1,3.636,13.512,1.76265E+12,1.76265E+12,,,,,,,,,,,,,,,
y1_online_only,LEO_ONLY,12,0.1,400,2,172,ok,,0,1,30.24133301,374,1,3.394,13.268,1.76265E+12,1.76265E+12,,,,,,,,,,,,,,,
y1_online_only,LEO_ONLY,12,0.1,400,2,173,ok,,0,1,34.10366699,373,1,3.532,13.674,1.76265E+12,1.76265E+12,,,,,,,,,,,,,,,
y1_online_only,LEO_ONLY,12,0.1,400,2,174,ok,,0,1,32.86520898,374,1,3.634,13.753,1.76265E+12,1.76265E+12,,,,,,,,,,,,,,,
y1_online_only,LEO_ONLY,12,0.1,400,2,175,ok,,0,1,35.198083,374,1,3.689,13.919,1.76265E+12,1.76265E+12,,,,,,,,,,,,,,,
y1_online_only,LEO_ONLY,12,0.1,400,2,176,ok,,0,1,31.71824999,374,1,3.697,13.974,1.76265E+12,1.76265E+12,,,,,,,,,,,,,,,
y1_online_only,LEO_ONLY,12,0.1,400,2,177,ok,,0,1,30.85975,374,1,3.808,13.874,1.76265E+12,1.76265E+12,,,,,,,,,,,,,,,
y1_online_only,LEO_ONLY,12,0.1,400,2,178,ok,,0,1,34.31141598,374,1,3.83,13.886,1.76265E+12,1.76265E+12,,,,,,,,,,,,,,,
y1_online_only,LEO_ONLY,12,0.1,400,2,179,ok,,0,1,31.744209,374,1,3.728,13.709,1.76265E+12,1.76265E+12,,,,,,,,,,,,,,,
y1_online_only,LEO_ONLY,12,0.1,400,2,180,ok,,0,1,32.781791,374,1,3.815,13.545,1.76265E+12,1.76265E+12,,,,,,,,,,,,,,,
y1_online_only,LEO_ONLY,12,0.1,400,2,181,ok,,0,1,35.66816601,374,1,3.52,13.72,1.76265E+12,1.76265E+12,,,,,,,,,,,,,,,
y1_online_only,LEO_ONLY,12,0.1,400,2,182,ok,,0,1,32.51995801,374,1,3.721,13.623,1.76265E+12,1.76265E+12,,,,,,,,,,,,,,,
y1_online_only,LEO_ONLY,12,0.1,400,2,183,ok,,0,1,28.10120801,374,1,3.793,13.615,1.76265E+12,1.76265E+12,,,,,,,,,,,,,,,
y1_online_only,LEO_ONLY,12,0.1,400,2,184,ok,,0,1,33.955541,374,1,3.744,13.904,1.76265E+12,1.76265E+12,,,,,,,,,,,,,,,
y1_online_only,LEO_ONLY,12,0.1,400,2,185,ok,,0,1,37.69899998,374,1,3.697,13.756,1.76265E+12,1.76265E+12,,,,,,,,,,,,,,,
y1_online_only,LEO_ONLY,12,0.1,400,2,186,ok,,0,1,29.12904101,374,1,3.716,13.726,1.76265E+12,1.76265E+12,,,,,,,,,,,,,,,
y1_online_only,LEO_ONLY,12,0.1,400,2,187,ok,,0,1,33.97850003,374,1,3.595,13.838,1.76265E+12,1.76265E+12,,,,,,,,,,,,,,,
y1_online_only,LEO_ONLY,12,0.1,400,2,188,ok,,0,1,29.51016702,374,1,3.499,13.692,1.76265E+12,1.76265E+12,,,,,,,,,,,,,,,
y1_online_only,LEO_ONLY,12,0.1,400,2,189,ok,,0,1,31.72429098,374,1,3.701,13.631,1.76265E+12,1.76265E+12,,,,,,,,,,,,,,,
y1_online_only,LEO_ONLY,12,0.1,400,2,190,ok,,0,1,33.317083,374,1,3.627,13.791,1.76265E+12,1.76265E+12,,,,,,,,,,,,,,,
y1_online_only,LEO_ONLY,12,0.1,400,2,191,ok,,0,1,30.36745801,374,1,3.578,13.688,1.76265E+12,1.76265E+12,,,,,,,,,,,,,,,
y1_online_only,LEO_ONLY,12,0.1,400,2,192,ok,,0,1,34.35195802,374,1,3.674,13.508,1.76265E+12,1.76265E+12,,,,,,,,,,,,,,,
y1_online_only,LEO_ONLY,12,0.1,400,2,193,ok,,0,1,33.267083,374,1,3.712,14.045,1.76265E+12,1.76265E+12,,,,,,,,,,,,,,,
y1_online_only,LEO_ONLY,12,0.1,400,2,194,ok,,0,1,34.75616701,374,1,3.647,13.765,1.76265E+12,1.76265E+12,,,,,,,,,,,,,,,
y1_online_only,LEO_ONLY,12,0.1,400,2,195,ok,,0,1,29.43299999,374,1,3.666,13.703,1.76265E+12,1.76265E+12,,,,,,,,,,,,,,,
y1_online_only,LEO_ONLY,12,0.1,400,2,196,ok,,0,1,35.24150001,374,1,3.743,13.687,1.76265E+12,1.76265E+12,,,,,,,,,,,,,,,
y1_online_only,LEO_ONLY,12,0.1,400,2,197,ok,,0,1,31.131375,374,1,3.773,13.641,1.76265E+12,1.76265E+12,,,,,,,,,,,,,,,
y1_online_only,LEO_ONLY,12,0.1,400,2,198,ok,,0,1,32.50574999,374,1,3.767,13.613,1.76265E+12,1.76265E+12,,,,,,,,,,,,,,,
y1_online_only,LEO_ONLY,12,0.1,400,2,199,ok,,0,1,35.47529201,374,1,3.736,13.544,1.76265E+12,1.76265E+12,,,,,,,,,,,,,,,
y1_online_only,LEO_ONLY,12,0.1,400,2,200,ok,,0,1,31.64562501,373,1,3.584,13.492,1.76265E+12,1.76265E+12,,,,,,,,,,,,,,,
y1_online_only,LEO_ONLY,12,0.1,400,2,201,ok,,0,1,31.03375001,374,1,3.47,13.609,1.76265E+12,1.76265E+12,,,,,,,,,,,,,,,
y1_online_only,LEO_ONLY,12,0.1,400,2,202,ok,,0,1,36.838167,374,1,3.614,13.83,1.76265E+12,1.76265E+12,,,,,,,,,,,,,,,
y1_online_only,LEO_ONLY,12,0.1,400,2,203,ok,,0,1,33.394333,374,1,3.817,13.996,1.76265E+12,1.76265E+12,,,,,,,,,,,,,,,
y1_online_only,LEO_ONLY,12,0.1,400,2,204,ok,,0,1,37.052792,373,1,3.989,13.918,1.76265E+12,1.76265E+12,,,,,,,,,,,,,,,
y1_online_only,LEO_ONLY,12,0.1,400,2,205,ok,,0,1,36.18962501,374,1,3.713,13.868,1.76265E+12,1.76265E+12,,,,,,,,,,,,,,,
y1_online_only,LEO_ONLY,12,0.1,400,2,206,ok,,0,1,31.58195899,374,1,3.593,13.718,1.76265E+12,1.76265E+12,,,,,,,,,,,,,,,
y1_online_only,LEO_ONLY,12,0.1,400,2,207,ok,,0,1,31.37420898,374,1,3.743,13.897,1.76265E+12,1.76265E+12,,,,,,,,,,,,,,,
y1_online_only,LEO_ONLY,12,0.1,400,2,208,ok,,0,1,29.39900002,374,1,3.463,13.531,1.76265E+12,1.76265E+12,,,,,,,,,,,,,,,
y1_online_only,LEO_ONLY,12,0.1,400,2,209,ok,,0,1,34.94408302,374,1,3.915,14.281,1.76265E+12,1.76265E+12,,,,,,,,,,,,,,,
y1_online_only,LEO_ONLY,12,0.1,400,2,210,ok,,0,1,30.626333,374,1,3.716,13.423,1.76265E+12,1.76265E+12,,,,,,,,,,,,,,,
y1_online_only,LEO_ONLY,12,0.1,400,2,211,ok,,0,1,29.81100001,374,1,3.773,13.59,1.76265E+12,1.76265E+12,,,,,,,,,,,,,,,
y1_online_only,LEO_ONLY,12,0.1,400,2,212,ok,,0,1,33.44658401,374,1,3.646,13.551,1.76265E+12,1.76265E+12,,,,,,,,,,,,,,,
y1_online_only,LEO_ONLY,12,0.1,400,2,213,ok,,0,1,32.611042,374,1,3.66,13.788,1.76265E+12,1.76265E+12,,,,,,,,,,,,,,,
y1_online_only,LEO_ONLY,12,0.1,400,2,214,ok,,0,1,29.79325,374,1,3.861,14.122,1.76265E+12,1.76265E+12,,,,,,,,,,,,,,,
y1_online_only,LEO_ONLY,12,0.1,400,2,215,ok,,0,1,30.03945801,374,1,3.789,13.728,1.76265E+12,1.76265E+12,,,,,,,,,,,,,,,
y1_online_only,LEO_ONLY,12,0.1,400,2,216,ok,,0,1,29.41475098,374,1,3.678,13.83,1.76265E+12,1.76265E+12,,,,,,,,,,,,,,,
y1_online_only,LEO_ONLY,12,0.1,400,2,217,ok,,0,1,31.79800001,374,1,3.612,13.565,1.76265E+12,1.76265E+12,,,,,,,,,,,,,,,
y1_online_only,LEO_ONLY,12,0.1,400,2,218,ok,,0,1,32.68858299,374,1,3.721,13.465,1.76265E+12,1.76265E+12,,,,,,,,,,,,,,,
y1_online_only,LEO_ONLY,12,0.1,400,2,219,ok,,0,1,33.11733398,374,1,3.651,13.682,1.76265E+12,1.76265E+12,,,,,,,,,,,,,,,
y1_online_only,LEO_ONLY,12,0.1,400,2,220,ok,,0,1,32.270208,374,1,3.813,13.591,1.76265E+12,1.76265E+12,,,,,,,,,,,,,,,
y1_online_only,LEO_ONLY,12,0.1,400,2,221,ok,,0,1,33.04254101,374,1,3.658,13.741,1.76265E+12,1.76265E+12,,,,,,,,,,,,,,,
y1_online_only,LEO_ONLY,12,0.1,400,2,222,ok,,0,1,34.30475001,374,1,3.77,13.892,1.76265E+12,1.76265E+12,,,,,,,,,,,,,,,
y1_online_only,LEO_ONLY,12,0.1,400,2,223,ok,,0,1,31.39525,374,1,3.627,13.66,1.76265E+12,1.76265E+12,,,,,,,,,,,,,,,
y1_online_only,LEO_ONLY,12,0.1,400,2,224,ok,,0,1,33.89666701,374,1,3.79,13.805,1.76265E+12,1.76265E+12,,,,,,,,,,,,,,,
y1_online_only,LEO_ONLY,12,0.1,400,2,225,ok,,0,1,31.87395798,374,1,3.754,13.734,1.76265E+12,1.76265E+12,,,,,,,,,,,,,,,
y1_online_only,LEO_ONLY,12,0.1,400,2,226,ok,,0,1,30.95645801,374,1,3.59,13.732,1.76265E+12,1.76265E+12,,,,,,,,,,,,,,,
y1_online_only,LEO_ONLY,12,0.1,400,2,227,ok,,0,1,34.97479099,374,1,3.688,13.772,1.76265E+12,1.76265E+12,,,,,,,,,,,,,,,
y1_online_only,LEO_ONLY,12,0.1,400,2,228,ok,,0,1,33.620209,374,1,3.718,13.92,1.76265E+12,1.76265E+12,,,,,,,,,,,,,,,
y1_online_only,LEO_ONLY,12,0.1,400,2,229,ok,,0,1,28.765,374,1,3.624,13.647,1.76265E+12,1.76265E+12,,,,,,,,,,,,,,,
y1_online_only,LEO_ONLY,12,0.1,400,2,230,ok,,0,1,29.77270898,374,1,3.846,13.91,1.76265E+12,1.76265E+12,,,,,,,,,,,,,,,
y1_online_only,LEO_ONLY,12,0.1,400,2,231,ok,,0,1,29.897125,374,1,3.786,13.83,1.76265E+12,1.76265E+12,,,,,,,,,,,,,,,
y1_online_only,LEO_ONLY,12,0.1,400,2,232,ok,,0,1,34.52637501,374,1,3.705,13.861,1.76265E+12,1.76265E+12,,,,,,,,,,,,,,,
y1_online_only,LEO_ONLY,12,0.1,400,2,233,ok,,0,1,30.393541,374,1,3.71,13.551,1.76265E+12,1.76265E+12,,,,,,,,,,,,,,,
y1_online_only,LEO_ONLY,12,0.1,400,2,234,ok,,0,1,30.45787502,374,1,3.701,13.656,1.76265E+12,1.76265E+12,,,,,,,,,,,,,,,
y1_online_only,LEO_ONLY,12,0.1,400,2,235,ok,,0,1,33.24170801,374,1,3.663,13.649,1.76265E+12,1.76265E+12,,,,,,,,,,,,,,,
y1_online_only,LEO_ONLY,12,0.1,400,2,236,ok,,0,1,31.177625,374,1,3.573,13.695,1.76265E+12,1.76265E+12,,,,,,,,,,,,,,,
y1_online_only,LEO_ONLY,12,0.1,400,2,237,ok,,0,1,30.70079201,374,1,4.186,14.589,1.76265E+12,1.76265E+12,,,,,,,,,,,,,,,
y1_online_only,LEO_ONLY,12,0.1,400,2,238,ok,,0,1,34.203458,374,1,3.522,13.823,1.76265E+12,1.76265E+12,,,,,,,,,,,,,,,
y1_online_only,LEO_ONLY,12,0.1,400,2,239,ok,,0,1,30.625666,374,1,3.663,13.743,1.76265E+12,1.76265E+12,,,,,,,,,,,,,,,
y1_online_only,LEO_ONLY,12,0.1,400,2,240,ok,,0,1,34.49733299,374,1,3.792,13.633,1.76265E+12,1.76265E+12,,,,,,,,,,,,,,,
y1_online_only,LEO_ONLY,12,0.1,400,2,241,ok,,0,1,36.04520901,374,1,3.777,14.049,1.76265E+12,1.76265E+12,,,,,,,,,,,,,,,
y1_online_only,LEO_ONLY,12,0.1,400,2,242,ok,,0,1,30.47629201,374,1,3.767,13.525,1.76265E+12,1.76265E+12,,,,,,,,,,,,,,,
y1_online_only,LEO_ONLY,12,0.1,400,2,243,ok,,0,1,33.53762499,374,1,3.717,13.753,1.76265E+12,1.76265E+12,,,,,,,,,,,,,,,
y1_online_only,LEO_ONLY,12,0.1,400,2,244,ok,,0,1,35.67158399,374,1,3.863,13.761,1.76265E+12,1.76265E+12,,,,,,,,,,,,,,,
y1_online_only,LEO_ONLY,12,0.1,400,2,245,ok,,0,1,32.94612499,374,1,3.663,13.74,1.76265E+12,1.76265E+12,,,,,,,,,,,,,,,
y1_online_only,LEO_ONLY,12,0.1,400,2,246,ok,,0,1,34.329791,374,1,3.721,13.877,1.76265E+12,1.76265E+12,,,,,,,,,,,,,,,
y1_online_only,LEO_ONLY,12,0.1,400,2,247,ok,,0,1,32.49050002,374,1,3.981,13.583,1.76265E+12,1.76265E+12,,,,,,,,,,,,,,,
y1_online_only,LEO_ONLY,12,0.1,400,2,248,ok,,0,1,32.15916702,374,1,3.641,13.85,1.76265E+12,1.76265E+12,,,,,,,,,,,,,,,
y1_online_only,LEO_ONLY,12,0.1,400,2,249,ok,,0,1,35.159958,374,1,3.677,13.544,1.76265E+12,1.76265E+12,,,,,,,,,,,,,,,
y1_online_only,LEO_ONLY,12,0.1,400,2,250,ok,,0,1,35.021458,374,1,3.888,14.049,1.76265E+12,1.76265E+12,,,,,,,,,,,,,,,
y1_online_only,LEO_ONLY,12,0.1,400,2,251,ok,,0,1,34.10570801,374,1,3.587,13.652,1.76265E+12,1.76265E+12,,,,,,,,,,,,,,,
y1_online_only,LEO_ONLY,12,0.1,400,2,252,ok,,0,1,32.06679202,374,1,3.698,13.433,1.76265E+12,1.76265E+12,,,,,,,,,,,,,,,
y1_online_only,LEO_ONLY,12,0.1,400,2,253,ok,,0,1,34.55445799,374,1,3.808,14.008,1.76265E+12,1.76265E+12,,,,,,,,,,,,,,,
y1_online_only,LEO_ONLY,12,0.1,400,2,254,ok,,0,1,34.87770801,373,1,3.736,13.708,1.76265E+12,1.76265E+12,,,,,,,,,,,,,,,
y1_online_only,LEO_ONLY,12,0.1,400,2,255,ok,,0,1,31.10316602,374,1,3.632,13.882,1.76265E+12,1.76265E+12,,,,,,,,,,,,,,,
y1_online_only,LEO_ONLY,12,0.1,400,2,256,ok,,0,1,34.361834,374,1,3.601,13.874,1.76265E+12,1.76265E+12,,,,,,,,,,,,,,,
y1_online_only,LEO_ONLY,12,0.1,400,2,257,ok,,0,1,31.356708,374,1,3.766,13.7,1.76265E+12,1.76265E+12,,,,,,,,,,,,,,,
y1_online_only,LEO_ONLY,12,0.1,400,2,258,ok,,0,1,30.27616601,374,1,3.66,13.804,1.76265E+12,1.76265E+12,,,,,,,,,,,,,,,
y1_online_only,LEO_ONLY,12,0.1,400,2,259,ok,,0,1,36.72783301,374,1,3.736,14.047,1.76265E+12,1.76265E+12,,,,,,,,,,,,,,,
y1_online_only,LEO_ONLY,12,0.1,400,2,260,ok,,0,1,29.92983299,374,1,3.63,13.687,1.76265E+12,1.76265E+12,,,,,,,,,,,,,,,
y1_online_only,LEO_ONLY,12,0.1,400,2,261,ok,,0,1,32.541541,374,1,3.769,13.431,1.76265E+12,1.76265E+12,,,,,,,,,,,,,,,
y1_online_only,LEO_ONLY,12,0.1,400,2,262,ok,,0,1,34.39850002,374,1,3.637,13.8,1.76265E+12,1.76265E+12,,,,,,,,,,,,,,,
y1_online_only,LEO_ONLY,12,0.1,400,2,263,ok,,0,1,33.82858401,374,1,3.631,13.538,1.76265E+12,1.76265E+12,,,,,,,,,,,,,,,
y1_online_only,LEO_ONLY,12,0.1,400,2,264,ok,,0,1,35.03187501,374,1,3.746,13.867,1.76265E+12,1.76265E+12,,,,,,,,,,,,,,,
y1_online_only,LEO_ONLY,12,0.1,400,2,265,ok,,0,1,37.66245901,374,1,3.748,13.909,1.76265E+12,1.76265E+12,,,,,,,,,,,,,,,
y1_online_only,LEO_ONLY,12,0.1,400,2,266,ok,,0,1,30.36133302,374,1,3.831,13.707,1.76265E+12,1.76265E+12,,,,,,,,,,,,,,,
y1_online_only,LEO_ONLY,12,0.1,400,2,267,ok,,0,1,29.640875,374,1,3.61,13.414,1.76265E+12,1.76265E+12,,,,,,,,,,,,,,,
y1_online_only,LEO_ONLY,12,0.1,400,2,268,ok,,0,1,30.091875,374,1,3.7,13.833,1.76265E+12,1.76265E+12,,,,,,,,,,,,,,,
y1_online_only,LEO_ONLY,12,0.1,400,2,269,ok,,0,1,35.871083,374,1,3.755,13.518,1.76265E+12,1.76265E+12,,,,,,,,,,,,,,,
y1_online_only,LEO_ONLY,12,0.1,400,2,270,ok,,0,1,33.680958,374,1,3.773,13.953,1.76265E+12,1.76265E+12,,,,,,,,,,,,,,,
y1_online_only,LEO_ONLY,12,0.1,400,2,271,ok,,0,1,33.9675,374,1,3.709,13.393,1.76265E+12,1.76265E+12,,,,,,,,,,,,,,,
y1_online_only,LEO_ONLY,12,0.1,400,2,272,ok,,0,1,30.35695801,374,1,3.7,13.551,1.76265E+12,1.76265E+12,,,,,,,,,,,,,,,
y1_online_only,LEO_ONLY,12,0.1,400,2,273,ok,,0,1,33.199375,374,1,3.623,13.703,1.76265E+12,1.76265E+12,,,,,,,,,,,,,,,
y1_online_only,LEO_ONLY,12,0.1,400,2,274,ok,,0,1,31.86679201,374,1,3.679,13.851,1.76265E+12,1.76265E+12,,,,,,,,,,,,,,,
y1_online_only,LEO_ONLY,12,0.1,400,2,275,ok,,0,1,37.595584,374,1,5.267,18.772,1.76265E+12,1.76265E+12,,,,,,,,,,,,,,,
y1_online_only,LEO_ONLY,12,0.1,400,2,276,ok,,0,1,32.487583,374,1,3.69,13.66,1.76265E+12,1.76265E+12,,,,,,,,,,,,,,,
y1_online_only,LEO_ONLY,12,0.1,400,2,277,ok,,0,1,31.13183298,374,1,3.574,13.75,1.76265E+12,1.76265E+12,,,,,,,,,,,,,,,
y1_online_only,LEO_ONLY,12,0.1,400,2,278,ok,,0,1,32.45129201,374,1,3.889,13.76,1.76265E+12,1.76265E+12,,,,,,,,,,,,,,,
y1_online_only,LEO_ONLY,12,0.1,400,2,279,ok,,0,1,28.32712501,374,1,3.539,13.255,1.76265E+12,1.76265E+12,,,,,,,,,,,,,,,
y1_online_only,LEO_ONLY,12,0.1,400,2,280,ok,,0,1,28.22449998,374,1,3.561,13.75,1.76265E+12,1.76265E+12,,,,,,,,,,,,,,,
y1_online_only,LEO_ONLY,12,0.1,400,2,281,ok,,0,1,30.41883401,374,1,3.737,13.717,1.76265E+12,1.76265E+12,,,,,,,,,,,,,,,
y1_online_only,LEO_ONLY,12,0.1,400,2,282,ok,,0,1,34.002917,374,1,3.543,13.874,1.76265E+12,1.76265E+12,,,,,,,,,,,,,,,
y1_online_only,LEO_ONLY,12,0.1,400,2,283,ok,,0,1,28.77541599,374,1,3.647,13.388,1.76265E+12,1.76265E+12,,,,,,,,,,,,,,,
y1_online_only,LEO_ONLY,12,0.1,400,2,284,ok,,0,1,31.112875,374,1,3.582,13.67,1.76265E+12,1.76265E+12,,,,,,,,,,,,,,,
y1_online_only,LEO_ONLY,12,0.1,400,2,285,ok,,0,1,31.70366702,374,1,3.524,13.537,1.76265E+12,1.76265E+12,,,,,,,,,,,,,,,
y1_online_only,LEO_ONLY,12,0.1,400,2,286,ok,,0,1,31.85129099,374,1,3.595,13.635,1.76265E+12,1.76265E+12,,,,,,,,,,,,,,,
y1_online_only,LEO_ONLY,12,0.1,400,2,287,ok,,0,1,35.573417,374,1,3.7,13.906,1.76265E+12,1.76265E+12,,,,,,,,,,,,,,,
y1_online_only,LEO_ONLY,12,0.1,400,2,288,ok,,0,1,29.40291699,374,1,3.677,13.705,1.76265E+12,1.76265E+12,,,,,,,,,,,,,,,
y1_online_only,LEO_ONLY,12,0.1,400,2,289,ok,,0,1,33.24762499,374,1,3.753,13.803,1.76265E+12,1.76265E+12,,,,,,,,,,,,,,,
y1_online_only,LEO_ONLY,12,0.1,400,2,290,ok,,0,1,30.30000001,374,1,3.798,13.781,1.76265E+12,1.76265E+12,,,,,,,,,,,,,,,
y1_online_only,LEO_ONLY,12,0.1,400,2,291,ok,,0,1,29.410583,374,1,3.704,13.552,1.76265E+12,1.76265E+12,,,,,,,,,,,,,,,
y1_online_only,LEO_ONLY,12,0.1,400,2,292,ok,,0,1,34.75933298,374,1,3.673,13.59,1.76265E+12,1.76265E+12,,,,,,,,,,,,,,,
y1_online_only,LEO_ONLY,12,0.1,400,2,293,ok,,0,1,31.16416701,374,1,3.979,13.99,1.76265E+12,1.76265E+12,,,,,,,,,,,,,,,
y1_online_only,LEO_ONLY,12,0.1,400,2,294,ok,,0,1,33.45087499,374,1,3.81,13.996,1.76265E+12,1.76265E+12,,,,,,,,,,,,,,,
y1_online_only,LEO_ONLY,12,0.1,400,2,295,ok,,0,1,32.24933401,374,1,3.64,13.613,1.76265E+12,1.76265E+12,,,,,,,,,,,,,,,
y1_online_only,LEO_ONLY,12,0.1,400,2,296,ok,,0,1,33.93237499,374,1,3.73,13.795,1.76265E+12,1.76265E+12,,,,,,,,,,,,,,,
y1_online_only,LEO_ONLY,12,0.1,400,2,297,ok,,0,1,30.19183301,374,1,3.451,13.802,1.76265E+12,1.76265E+12,,,,,,,,,,,,,,,
y1_online_only,LEO_ONLY,12,0.1,400,2,298,ok,,0,1,31.96445899,373,1,3.681,13.592,1.76265E+12,1.76265E+12,,,,,,,,,,,,,,,
y1_online_only,LEO_ONLY,12,0.1,400,2,299,ok,,0,1,35.01920801,374,1,3.731,13.989,1.76265E+12,1.76265E+12,,,,,,,,,,,,,,,
y1_online_only,LEO_ONLY,12,0.1,400,2,300,ok,,0,1,30.62725,374,1,3.734,13.579,1.76265E+12,1.76265E+12,,,,,,,,,,,,,,,
y1_online_only,LEO_ONLY,12,0.1,600,2,1,ok,,0,1,35.93766701,374,1,3.747,13.583,1.76265E+12,1.76265E+12,,,,,,,,,,,,,,,
y1_online_only,LEO_ONLY,12,0.1,600,2,2,ok,,0,1,33.461958,374,1,3.802,13.821,1.76265E+12,1.76265E+12,,,,,,,,,,,,,,,
y1_online_only,LEO_ONLY,12,0.1,600,2,3,ok,,0,1,30.574584,373,1,3.751,13.864,1.76265E+12,1.76265E+12,,,,,,,,,,,,,,,
y1_online_only,LEO_ONLY,12,0.1,600,2,4,ok,,0,1,37.14491701,374,1,3.633,13.812,1.76265E+12,1.76265E+12,,,,,,,,,,,,,,,
y1_online_only,LEO_ONLY,12,0.1,600,2,5,ok,,0,1,34.94783299,374,1,3.829,13.727,1.76265E+12,1.76265E+12,,,,,,,,,,,,,,,
y1_online_only,LEO_ONLY,12,0.1,600,2,6,ok,,0,1,31.85649999,374,1,3.791,13.819,1.76265E+12,1.76265E+12,,,,,,,,,,,,,,,
y1_online_only,LEO_ONLY,12,0.1,600,2,7,ok,,0,1,34.28550001,374,1,3.598,13.655,1.76265E+12,1.76265E+12,,,,,,,,,,,,,,,
y1_online_only,LEO_ONLY,12,0.1,600,2,8,ok,,0,1,32.55258402,374,1,3.548,13.517,1.76265E+12,1.76265E+12,,,,,,,,,,,,,,,
y1_online_only,LEO_ONLY,12,0.1,600,2,9,ok,,0,1,33.45724999,374,1,3.512,13.722,1.76265E+12,1.76265E+12,,,,,,,,,,,,,,,
y1_online_only,LEO_ONLY,12,0.1,600,2,10,ok,,0,1,35.92658299,374,1,3.681,13.782,1.76265E+12,1.76265E+12,,,,,,,,,,,,,,,
y1_online_only,LEO_ONLY,12,0.1,600,2,11,ok,,0,1,33.474375,374,1,3.888,14.377,1.76265E+12,1.76265E+12,,,,,,,,,,,,,,,
y1_online_only,LEO_ONLY,12,0.1,600,2,12,ok,,0,1,35.21220898,374,1,3.798,13.752,1.76265E+12,1.76265E+12,,,,,,,,,,,,,,,
y1_online_only,LEO_ONLY,12,0.1,600,2,13,ok,,0,1,36.30975002,373,1,7.003,13.585,1.76265E+12,1.76265E+12,,,,,,,,,,,,,,,
y1_online_only,LEO_ONLY,12,0.1,600,2,14,ok,,0,1,33.26308401,374,1,3.692,13.708,1.76265E+12,1.76265E+12,,,,,,,,,,,,,,,
y1_online_only,LEO_ONLY,12,0.1,600,2,15,ok,,0,1,32.60450001,374,1,3.656,13.481,1.76265E+12,1.76265E+12,,,,,,,,,,,,,,,
y1_online_only,LEO_ONLY,12,0.1,600,2,16,ok,,0,1,30.81191701,374,1,3.665,13.803,1.76265E+12,1.76265E+12,,,,,,,,,,,,,,,
y1_online_only,LEO_ONLY,12,0.1,600,2,17,ok,,0,1,34.15075,374,1,3.735,13.863,1.76265E+12,1.76265E+12,,,,,,,,,,,,,,,
y1_online_only,LEO_ONLY,12,0.1,600,2,18,ok,,0,1,29.693666,374,1,3.832,14.116,1.76265E+12,1.76265E+12,,,,,,,,,,,,,,,
y1_online_only,LEO_ONLY,12,0.1,600,2,19,ok,,0,1,29.51520801,374,1,3.652,13.704,1.76265E+12,1.76265E+12,,,,,,,,,,,,,,,
y1_online_only,LEO_ONLY,12,0.1,600,2,20,ok,,0,1,31.460125,374,1,3.795,13.651,1.76265E+12,1.76265E+12,,,,,,,,,,,,,,,
y1_online_only,LEO_ONLY,12,0.1,600,2,21,ok,,0,1,31.69141701,374,1,3.702,13.513,1.76265E+12,1.76265E+12,,,,,,,,,,,,,,,
y1_online_only,LEO_ONLY,12,0.1,600,2,22,ok,,0,1,33.203584,374,1,3.717,13.484,1.76265E+12,1.76265E+12,,,,,,,,,,,,,,,
y1_online_only,LEO_ONLY,12,0.1,600,2,23,ok,,0,1,31.38887501,374,1,3.727,13.716,1.76265E+12,1.76265E+12,,,,,,,,,,,,,,,
y1_online_only,LEO_ONLY,12,0.1,600,2,24,ok,,0,1,30.36566603,374,1,3.559,13.474,1.76265E+12,1.76265E+12,,,,,,,,,,,,,,,
y1_online_only,LEO_ONLY,12,0.1,600,2,25,ok,,0,1,30.340625,374,1,3.675,13.598,1.76265E+12,1.76265E+12,,,,,,,,,,,,,,,
y1_online_only,LEO_ONLY,12,0.1,600,2,26,ok,,0,1,31.49016699,374,1,3.997,13.817,1.76265E+12,1.76265E+12,,,,,,,,,,,,,,,
y1_online_only,LEO_ONLY,12,0.1,600,2,27,ok,,0,1,32.458542,374,1,3.764,13.706,1.76265E+12,1.76265E+12,,,,,,,,,,,,,,,
y1_online_only,LEO_ONLY,12,0.1,600,2,28,ok,,0,1,33.63054199,374,1,3.824,13.682,1.76265E+12,1.76265E+12,,,,,,,,,,,,,,,
y1_online_only,LEO_ONLY,12,0.1,600,2,29,ok,,0,1,29.750958,374,1,3.812,13.881,1.76265E+12,1.76265E+12,,,,,,,,,,,,,,,
y1_online_only,LEO_ONLY,12,0.1,600,2,30,ok,,0,1,32.63450001,374,1,3.713,13.752,1.76265E+12,1.76265E+12,,,,,,,,,,,,,,,
y1_online_only,LEO_ONLY,12,0.1,600,2,31,ok,,0,1,34.36808402,374,1,3.866,14.195,1.76265E+12,1.76265E+12,,,,,,,,,,,,,,,
y1_online_only,LEO_ONLY,12,0.1,600,2,32,ok,,0,1,29.88662501,374,1,3.775,13.833,1.76265E+12,1.76265E+12,,,,,,,,,,,,,,,
y1_online_only,LEO_ONLY,12,0.1,600,2,33,ok,,0,1,34.01216699,374,1,3.802,14.05,1.76265E+12,1.76265E+12,,,,,,,,,,,,,,,
y1_online_only,LEO_ONLY,12,0.1,600,2,34,ok,,0,1,32.20379198,374,1,3.671,13.598,1.76265E+12,1.76265E+12,,,,,,,,,,,,,,,
y1_online_only,LEO_ONLY,12,0.1,600,2,35,ok,,0,1,31.24362501,374,1,3.679,13.993,1.76265E+12,1.76265E+12,,,,,,,,,,,,,,,
y1_online_only,LEO_ONLY,12,0.1,600,2,36,ok,,0,1,33.90087502,374,1,3.781,14.063,1.76265E+12,1.76265E+12,,,,,,,,,,,,,,,
y1_online_only,LEO_ONLY,12,0.1,600,2,37,ok,,0,1,34.37441599,374,1,3.524,13.785,1.76265E+12,1.76265E+12,,,,,,,,,,,,,,,
y1_online_only,LEO_ONLY,12,0.1,600,2,38,ok,,0,1,33.28458301,374,1,3.818,13.854,1.76265E+12,1.76265E+12,,,,,,,,,,,,,,,
y1_online_only,LEO_ONLY,12,0.1,600,2,39,ok,,0,1,30.89920801,374,1,3.667,13.877,1.76265E+12,1.76265E+12,,,,,,,,,,,,,,,
y1_online_only,LEO_ONLY,12,0.1,600,2,40,ok,,0,1,31.39220801,374,1,3.725,13.981,1.76265E+12,1.76265E+12,,,,,,,,,,,,,,,
y1_online_only,LEO_ONLY,12,0.1,600,2,41,ok,,0,1,29.750791,374,1,3.791,13.709,1.76265E+12,1.76265E+12,,,,,,,,,,,,,,,
y1_online_only,LEO_ONLY,12,0.1,600,2,42,ok,,0,1,34.794584,374,1,3.773,13.863,1.76265E+12,1.76265E+12,,,,,,,,,,,,,,,
y1_online_only,LEO_ONLY,12,0.1,600,2,43,ok,,0,1,33.59012501,374,1,3.91,13.914,1.76265E+12,1.76265E+12,,,,,,,,,,,,,,,
y1_online_only,LEO_ONLY,12,0.1,600,2,44,ok,,0,1,34.38300002,374,1,3.711,13.799,1.76265E+12,1.76265E+12,,,,,,,,,,,,,,,
y1_online_only,LEO_ONLY,12,0.1,600,2,45,ok,,0,1,32.66879098,374,1,3.838,13.685,1.76265E+12,1.76265E+12,,,,,,,,,,,,,,,
y1_online_only,LEO_ONLY,12,0.1,600,2,46,ok,,0,1,30.42591698,374,1,3.756,13.671,1.76265E+12,1.76265E+12,,,,,,,,,,,,,,,
y1_online_only,LEO_ONLY,12,0.1,600,2,47,ok,,0,1,35.02033302,374,1,3.56,13.807,1.76265E+12,1.76265E+12,,,,,,,,,,,,,,,
y1_online_only,LEO_ONLY,12,0.1,600,2,48,ok,,0,1,35.63391702,374,1,3.778,13.812,1.76265E+12,1.76265E+12,,,,,,,,,,,,,,,
y1_online_only,LEO_ONLY,12,0.1,600,2,49,ok,,0,1,35.82470899,374,1,3.669,13.802,1.76265E+12,1.76265E+12,,,,,,,,,,,,,,,
y1_online_only,LEO_ONLY,12,0.1,600,2,50,ok,,0,1,38.84962498,374,1,4.235,22.475,1.76265E+12,1.76265E+12,,,,,,,,,,,,,,,
y1_online_only,LEO_ONLY,12,0.1,600,2,51,ok,,0,1,31.209042,374,1,3.64,13.625,1.76265E+12,1.76265E+12,,,,,,,,,,,,,,,
y1_online_only,LEO_ONLY,12,0.1,600,2,52,ok,,0,1,36.481958,374,1,3.673,13.913,1.76265E+12,1.76265E+12,,,,,,,,,,,,,,,
y1_online_only,LEO_ONLY,12,0.1,600,2,53,ok,,0,1,29.71775,374,1,3.771,13.769,1.76265E+12,1.76265E+12,,,,,,,,,,,,,,,
y1_online_only,LEO_ONLY,12,0.1,600,2,54,ok,,0,1,31.850375,374,1,3.33,13.521,1.76265E+12,1.76265E+12,,,,,,,,,,,,,,,
y1_online_only,LEO_ONLY,12,0.1,600,2,55,ok,,0,1,32.466542,374,1,3.849,13.656,1.76265E+12,1.76265E+12,,,,,,,,,,,,,,,
y1_online_only,LEO_ONLY,12,0.1,600,2,56,ok,,0,1,31.656042,374,1,3.701,13.679,1.76265E+12,1.76265E+12,,,,,,,,,,,,,,,
y1_online_only,LEO_ONLY,12,0.1,600,2,57,ok,,0,1,32.53125001,374,1,3.576,13.968,1.76265E+12,1.76265E+12,,,,,,,,,,,,,,,
y1_online_only,LEO_ONLY,12,0.1,600,2,58,ok,,0,1,32.49499999,374,1,3.84,13.602,1.76265E+12,1.76265E+12,,,,,,,,,,,,,,,
y1_online_only,LEO_ONLY,12,0.1,600,2,59,ok,,0,1,34.00295801,374,1,3.667,13.927,1.76265E+12,1.76265E+12,,,,,,,,,,,,,,,
y1_online_only,LEO_ONLY,12,0.1,600,2,60,ok,,0,1,34.14845801,374,1,3.614,13.521,1.76265E+12,1.76265E+12,,,,,,,,,,,,,,,
y1_online_only,LEO_ONLY,12,0.1,600,2,61,ok,,0,1,34.84149999,374,1,3.665,13.764,1.76265E+12,1.76265E+12,,,,,,,,,,,,,,,
y1_online_only,LEO_ONLY,12,0.1,600,2,62,ok,,0,1,29.731708,374,1,3.832,13.807,1.76265E+12,1.76265E+12,,,,,,,,,,,,,,,
y1_online_only,LEO_ONLY,12,0.1,600,2,63,ok,,0,1,35.476875,374,1,3.471,13.797,1.76265E+12,1.76265E+12,,,,,,,,,,,,,,,
y1_online_only,LEO_ONLY,12,0.1,600,2,64,ok,,0,1,32.24149998,374,1,3.778,13.592,1.76265E+12,1.76265E+12,,,,,,,,,,,,,,,
y1_online_only,LEO_ONLY,12,0.1,600,2,65,ok,,0,1,35.707459,374,1,3.701,13.899,1.76265E+12,1.76265E+12,,,,,,,,,,,,,,,
y1_online_only,LEO_ONLY,12,0.1,600,2,66,ok,,0,1,32.018542,374,1,3.688,13.645,1.76265E+12,1.76265E+12,,,,,,,,,,,,,,,
y1_online_only,LEO_ONLY,12,0.1,600,2,67,ok,,0,1,30.83437498,374,1,3.706,13.627,1.76265E+12,1.76265E+12,,,,,,,,,,,,,,,
y1_online_only,LEO_ONLY,12,0.1,600,2,68,ok,,0,1,32.767208,374,1,3.615,13.604,1.76265E+12,1.76265E+12,,,,,,,,,,,,,,,
y1_online_only,LEO_ONLY,12,0.1,600,2,69,ok,,0,1,32.03712503,374,1,3.718,13.679,1.76265E+12,1.76265E+12,,,,,,,,,,,,,,,
y1_online_only,LEO_ONLY,12,0.1,600,2,70,ok,,0,1,33.413041,374,1,3.798,13.833,1.76265E+12,1.76265E+12,,,,,,,,,,,,,,,
y1_online_only,LEO_ONLY,12,0.1,600,2,71,ok,,0,1,31.33916698,374,1,3.66,13.772,1.76265E+12,1.76265E+12,,,,,,,,,,,,,,,
y1_online_only,LEO_ONLY,12,0.1,600,2,72,ok,,0,1,30.00162498,374,1,3.715,13.688,1.76265E+12,1.76265E+12,,,,,,,,,,,,,,,
y1_online_only,LEO_ONLY,12,0.1,600,2,73,ok,,0,1,33.94108301,374,1,3.738,13.793,1.76265E+12,1.76265E+12,,,,,,,,,,,,,,,
y1_online_only,LEO_ONLY,12,0.1,600,2,74,ok,,0,1,33.69104199,374,1,3.73,13.849,1.76265E+12,1.76265E+12,,,,,,,,,,,,,,,
y1_online_only,LEO_ONLY,12,0.1,600,2,75,ok,,0,1,33.91550001,374,1,3.789,13.758,1.76265E+12,1.76265E+12,,,,,,,,,,,,,,,
y1_online_only,LEO_ONLY,12,0.1,600,2,76,ok,,0,1,33.23916599,374,1,3.765,13.655,1.76265E+12,1.76265E+12,,,,,,,,,,,,,,,
y1_online_only,LEO_ONLY,12,0.1,600,2,77,ok,,0,1,32.280916,374,1,3.755,13.759,1.76265E+12,1.76265E+12,,,,,,,,,,,,,,,
y1_online_only,LEO_ONLY,12,0.1,600,2,78,ok,,0,1,32.17129101,374,1,3.659,13.679,1.76265E+12,1.76265E+12,,,,,,,,,,,,,,,
y1_online_only,LEO_ONLY,12,0.1,600,2,79,ok,,0,1,33.54095801,374,1,3.746,13.656,1.76265E+12,1.76265E+12,,,,,,,,,,,,,,,
y1_online_only,LEO_ONLY,12,0.1,600,2,80,ok,,0,1,28.861,374,1,3.655,13.795,1.76265E+12,1.76265E+12,,,,,,,,,,,,,,,
y1_online_only,LEO_ONLY,12,0.1,600,2,81,ok,,0,1,37.02016702,374,1,3.579,13.796,1.76265E+12,1.76265E+12,,,,,,,,,,,,,,,
y1_online_only,LEO_ONLY,12,0.1,600,2,82,ok,,0,1,31.78579101,374,1,3.652,13.621,1.76265E+12,1.76265E+12,,,,,,,,,,,,,,,
y1_online_only,LEO_ONLY,12,0.1,600,2,83,ok,,0,1,29.46433303,374,1,3.642,13.66,1.76265E+12,1.76265E+12,,,,,,,,,,,,,,,
y1_online_only,LEO_ONLY,12,0.1,600,2,84,ok,,0,1,33.04141699,374,1,3.591,13.435,1.76265E+12,1.76265E+12,,,,,,,,,,,,,,,
y1_online_only,LEO_ONLY,12,0.1,600,2,85,ok,,0,1,33.07191699,374,1,3.739,13.481,1.76265E+12,1.76265E+12,,,,,,,,,,,,,,,
y1_online_only,LEO_ONLY,12,0.1,600,2,86,ok,,0,1,32.59454202,374,1,3.869,13.647,1.76265E+12,1.76265E+12,,,,,,,,,,,,,,,
y1_online_only,LEO_ONLY,12,0.1,600,2,87,ok,,0,1,34.505833,374,1,3.912,13.948,1.76265E+12,1.76265E+12,,,,,,,,,,,,,,,
y1_online_only,LEO_ONLY,12,0.1,600,2,88,ok,,0,1,42.66200002,374,1,7.597,13.478,1.76265E+12,1.76265E+12,,,,,,,,,,,,,,,
y1_online_only,LEO_ONLY,12,0.1,600,2,89,ok,,0,1,29.24412501,374,1,3.678,13.656,1.76265E+12,1.76265E+12,,,,,,,,,,,,,,,
y1_online_only,LEO_ONLY,12,0.1,600,2,90,ok,,0,1,29.36012499,374,1,3.743,13.799,1.76265E+12,1.76265E+12,,,,,,,,,,,,,,,
y1_online_only,LEO_ONLY,12,0.1,600,2,91,ok,,0,1,31.81391701,374,1,3.536,13.485,1.76265E+12,1.76265E+12,,,,,,,,,,,,,,,
y1_online_only,LEO_ONLY,12,0.1,600,2,92,ok,,0,1,35.732291,374,1,3.531,13.939,1.76265E+12,1.76265E+12,,,,,,,,,,,,,,,
y1_online_only,LEO_ONLY,12,0.1,600,2,93,ok,,0,1,33.76149997,374,1,3.677,14.012,1.76265E+12,1.76265E+12,,,,,,,,,,,,,,,
y1_online_only,LEO_ONLY,12,0.1,600,2,94,ok,,0,1,30.22791698,374,1,3.738,13.705,1.76265E+12,1.76265E+12,,,,,,,,,,,,,,,
y1_online_only,LEO_ONLY,12,0.1,600,2,95,ok,,0,1,34.03729101,374,1,3.773,14.048,1.76265E+12,1.76265E+12,,,,,,,,,,,,,,,
y1_online_only,LEO_ONLY,12,0.1,600,2,96,ok,,0,1,31.34037499,374,1,3.504,13.502,1.76265E+12,1.76265E+12,,,,,,,,,,,,,,,
y1_online_only,LEO_ONLY,12,0.1,600,2,97,ok,,0,1,31.88145798,374,1,3.74,13.746,1.76265E+12,1.76265E+12,,,,,,,,,,,,,,,
y1_online_only,LEO_ONLY,12,0.1,600,2,98,ok,,0,1,34.42641703,374,1,3.561,13.619,1.76265E+12,1.76265E+12,,,,,,,,,,,,,,,
y1_online_only,LEO_ONLY,12,0.1,600,2,99,ok,,0,1,35.13824998,374,1,3.686,13.822,1.76265E+12,1.76265E+12,,,,,,,,,,,,,,,
y1_online_only,LEO_ONLY,12,0.1,600,2,100,ok,,0,1,33.26741702,374,1,3.744,14.048,1.76265E+12,1.76265E+12,,,,,,,,,,,,,,,
y1_online_only,LEO_ONLY,12,0.1,600,2,101,ok,,0,1,31.922917,374,1,3.609,13.784,1.76265E+12,1.76265E+12,,,,,,,,,,,,,,,
y1_online_only,LEO_ONLY,12,0.1,600,2,102,ok,,0,1,34.404709,374,1,3.838,13.608,1.76265E+12,1.76265E+12,,,,,,,,,,,,,,,
y1_online_only,LEO_ONLY,12,0.1,600,2,103,ok,,0,1,32.17241599,374,1,3.792,13.765,1.76265E+12,1.76265E+12,,,,,,,,,,,,,,,
y1_online_only,LEO_ONLY,12,0.1,600,2,104,ok,,0,1,31.32979097,374,1,3.746,13.529,1.76265E+12,1.76265E+12,,,,,,,,,,,,,,,
y1_online_only,LEO_ONLY,12,0.1,600,2,105,ok,,0,1,31.22566603,374,1,3.611,13.469,1.76265E+12,1.76265E+12,,,,,,,,,,,,,,,
y1_online_only,LEO_ONLY,12,0.1,600,2,106,ok,,0,1,32.342541,374,1,3.691,13.553,1.76265E+12,1.76265E+12,,,,,,,,,,,,,,,
y1_online_only,LEO_ONLY,12,0.1,600,2,107,ok,,0,1,33.184042,374,1,3.956,13.882,1.76265E+12,1.76265E+12,,,,,,,,,,,,,,,
y1_online_only,LEO_ONLY,12,0.1,600,2,108,ok,,0,1,31.54962501,374,1,3.683,13.713,1.76265E+12,1.76265E+12,,,,,,,,,,,,,,,
y1_online_only,LEO_ONLY,12,0.1,600,2,109,ok,,0,1,32.18304098,374,1,3.653,13.768,1.76265E+12,1.76265E+12,,,,,,,,,,,,,,,
y1_online_only,LEO_ONLY,12,0.1,600,2,110,ok,,0,1,33.574167,374,1,3.767,13.754,1.76265E+12,1.76265E+12,,,,,,,,,,,,,,,
y1_online_only,LEO_ONLY,12,0.1,600,2,111,ok,,0,1,32.595583,374,1,3.717,13.885,1.76265E+12,1.76265E+12,,,,,,,,,,,,,,,
y1_online_only,LEO_ONLY,12,0.1,600,2,112,ok,,0,1,34.078458,374,1,3.806,13.814,1.76265E+12,1.76265E+12,,,,,,,,,,,,,,,
y1_online_only,LEO_ONLY,12,0.1,600,2,113,ok,,0,1,33.94274999,374,1,3.628,13.811,1.76265E+12,1.76265E+12,,,,,,,,,,,,,,,
y1_online_only,LEO_ONLY,12,0.1,600,2,114,ok,,0,1,28.33104201,374,1,3.47,13.373,1.76265E+12,1.76265E+12,,,,,,,,,,,,,,,
y1_online_only,LEO_ONLY,12,0.1,600,2,115,ok,,0,1,31.75141598,374,1,3.71,13.684,1.76265E+12,1.76265E+12,,,,,,,,,,,,,,,
y1_online_only,LEO_ONLY,12,0.1,600,2,116,ok,,0,1,33.21525001,374,1,3.664,13.727,1.76265E+12,1.76265E+12,,,,,,,,,,,,,,,
y1_online_only,LEO_ONLY,12,0.1,600,2,117,ok,,0,1,33.94324999,374,1,3.722,13.848,1.76265E+12,1.76265E+12,,,,,,,,,,,,,,,
y1_online_only,LEO_ONLY,12,0.1,600,2,118,ok,,0,1,35.38708301,374,1,3.473,13.47,1.76265E+12,1.76265E+12,,,,,,,,,,,,,,,
y1_online_only,LEO_ONLY,12,0.1,600,2,119,ok,,0,1,36.38066698,374,1,3.671,14.009,1.76265E+12,1.76265E+12,,,,,,,,,,,,,,,
y1_online_only,LEO_ONLY,12,0.1,600,2,120,ok,,0,1,33.70516701,374,1,3.777,14.099,1.76265E+12,1.76265E+12,,,,,,,,,,,,,,,
y1_online_only,LEO_ONLY,12,0.1,600,2,121,ok,,0,1,33.712167,374,1,3.846,13.903,1.76265E+12,1.76265E+12,,,,,,,,,,,,,,,
y1_online_only,LEO_ONLY,12,0.1,600,2,122,ok,,0,1,29.72412499,374,1,3.598,13.523,1.76265E+12,1.76265E+12,,,,,,,,,,,,,,,
y1_online_only,LEO_ONLY,12,0.1,600,2,123,ok,,0,1,33.53041699,374,1,3.643,13.855,1.76265E+12,1.76265E+12,,,,,,,,,,,,,,,
y1_online_only,LEO_ONLY,12,0.1,600,2,124,ok,,0,1,29.810042,374,1,3.816,13.459,1.76265E+12,1.76265E+12,,,,,,,,,,,,,,,
y1_online_only,LEO_ONLY,12,0.1,600,2,125,ok,,0,1,30.175208,374,1,3.922,14.787,1.76265E+12,1.76265E+12,,,,,,,,,,,,,,,
y1_online_only,LEO_ONLY,12,0.1,600,2,126,ok,,0,1,28.933291,374,1,3.474,13.773,1.76265E+12,1.76265E+12,,,,,,,,,,,,,,,
y1_online_only,LEO_ONLY,12,0.1,600,2,127,ok,,0,1,33.12020801,374,1,3.665,13.52,1.76265E+12,1.76265E+12,,,,,,,,,,,,,,,
y1_online_only,LEO_ONLY,12,0.1,600,2,128,ok,,0,1,32.28308301,374,1,3.704,13.645,1.76265E+12,1.76265E+12,,,,,,,,,,,,,,,
y1_online_only,LEO_ONLY,12,0.1,600,2,129,ok,,0,1,29.46295901,374,1,3.708,13.818,1.76265E+12,1.76265E+12,,,,,,,,,,,,,,,
y1_online_only,LEO_ONLY,12,0.1,600,2,130,ok,,0,1,33.03062503,374,1,3.728,13.772,1.76265E+12,1.76265E+12,,,,,,,,,,,,,,,
y1_online_only,LEO_ONLY,12,0.1,600,2,131,ok,,0,1,33.44270799,374,1,3.629,13.611,1.76265E+12,1.76265E+12,,,,,,,,,,,,,,,
y1_online_only,LEO_ONLY,12,0.1,600,2,132,ok,,0,1,31.93554201,374,1,3.764,13.854,1.76265E+12,1.76265E+12,,,,,,,,,,,,,,,
y1_online_only,LEO_ONLY,12,0.1,600,2,133,ok,,0,1,33.93620902,374,1,3.749,13.675,1.76265E+12,1.76265E+12,,,,,,,,,,,,,,,
y1_online_only,LEO_ONLY,12,0.1,600,2,134,ok,,0,1,31.74870799,374,1,3.812,14.008,1.76265E+12,1.76265E+12,,,,,,,,,,,,,,,
y1_online_only,LEO_ONLY,12,0.1,600,2,135,ok,,0,1,31.659417,374,1,3.509,13.544,1.76265E+12,1.76265E+12,,,,,,,,,,,,,,,
y1_online_only,LEO_ONLY,12,0.1,600,2,136,ok,,0,1,30.874833,374,1,3.889,13.629,1.76265E+12,1.76265E+12,,,,,,,,,,,,,,,
y1_online_only,LEO_ONLY,12,0.1,600,2,137,ok,,0,1,30.36537499,374,1,3.534,13.674,1.76265E+12,1.76265E+12,,,,,,,,,,,,,,,
y1_online_only,LEO_ONLY,12,0.1,600,2,138,ok,,0,1,31.37154199,374,1,3.559,13.666,1.76265E+12,1.76265E+12,,,,,,,,,,,,,,,
y1_online_only,LEO_ONLY,12,0.1,600,2,139,ok,,0,1,33.20225002,374,1,3.648,13.768,1.76265E+12,1.76265E+12,,,,,,,,,,,,,,,
y1_online_only,LEO_ONLY,12,0.1,600,2,140,ok,,0,1,32.836042,374,1,3.665,13.898,1.76265E+12,1.76265E+12,,,,,,,,,,,,,,,
y1_online_only,LEO_ONLY,12,0.1,600,2,141,ok,,0,1,32.96349998,374,1,3.59,13.636,1.76265E+12,1.76265E+12,,,,,,,,,,,,,,,
y1_online_only,LEO_ONLY,12,0.1,600,2,142,ok,,0,1,32.87962501,374,1,3.6,13.958,1.76265E+12,1.76265E+12,,,,,,,,,,,,,,,
y1_online_only,LEO_ONLY,12,0.1,600,2,143,ok,,0,1,29.422875,373,1,3.599,13.605,1.76265E+12,1.76265E+12,,,,,,,,,,,,,,,
y1_online_only,LEO_ONLY,12,0.1,600,2,144,ok,,0,1,31.375333,374,1,3.761,13.998,1.76265E+12,1.76265E+12,,,,,,,,,,,,,,,
y1_online_only,LEO_ONLY,12,0.1,600,2,145,ok,,0,1,31.44304201,374,1,3.763,13.681,1.76265E+12,1.76265E+12,,,,,,,,,,,,,,,
y1_online_only,LEO_ONLY,12,0.1,600,2,146,ok,,0,1,32.4965,374,1,3.777,13.705,1.76265E+12,1.76265E+12,,,,,,,,,,,,,,,
y1_online_only,LEO_ONLY,12,0.1,600,2,147,ok,,0,1,34.54687499,374,1,3.725,13.79,1.76265E+12,1.76265E+12,,,,,,,,,,,,,,,
y1_online_only,LEO_ONLY,12,0.1,600,2,148,ok,,0,1,31.37329197,374,1,3.79,13.815,1.76265E+12,1.76265E+12,,,,,,,,,,,,,,,
y1_online_only,LEO_ONLY,12,0.1,600,2,149,ok,,0,1,30.841208,374,1,3.671,13.692,1.76265E+12,1.76265E+12,,,,,,,,,,,,,,,
y1_online_only,LEO_ONLY,12,0.1,600,2,150,ok,,0,1,30.225833,374,1,3.641,13.43,1.76265E+12,1.76265E+12,,,,,,,,,,,,,,,
y1_online_only,LEO_ONLY,12,0.1,600,2,151,ok,,0,1,34.70662498,374,1,3.769,13.858,1.76265E+12,1.76265E+12,,,,,,,,,,,,,,,
y1_online_only,LEO_ONLY,12,0.1,600,2,152,ok,,0,1,31.00520797,374,1,3.607,13.517,1.76265E+12,1.76265E+12,,,,,,,,,,,,,,,
y1_online_only,LEO_ONLY,12,0.1,600,2,153,ok,,0,1,34.69329202,374,1,3.735,14.123,1.76265E+12,1.76265E+12,,,,,,,,,,,,,,,
y1_online_only,LEO_ONLY,12,0.1,600,2,154,ok,,0,1,35.86512501,374,1,3.674,13.547,1.76265E+12,1.76265E+12,,,,,,,,,,,,,,,
y1_online_only,LEO_ONLY,12,0.1,600,2,155,ok,,0,1,30.64341701,373,1,3.685,13.724,1.76265E+12,1.76265E+12,,,,,,,,,,,,,,,
y1_online_only,LEO_ONLY,12,0.1,600,2,156,ok,,0,1,33.297958,374,1,3.749,13.766,1.76265E+12,1.76265E+12,,,,,,,,,,,,,,,
y1_online_only,LEO_ONLY,12,0.1,600,2,157,ok,,0,1,30.27745799,374,1,3.657,13.889,1.76265E+12,1.76265E+12,,,,,,,,,,,,,,,
y1_online_only,LEO_ONLY,12,0.1,600,2,158,ok,,0,1,37.78391602,374,1,3.745,13.97,1.76265E+12,1.76265E+12,,,,,,,,,,,,,,,
y1_online_only,LEO_ONLY,12,0.1,600,2,159,ok,,0,1,31.21716701,374,1,3.701,13.562,1.76265E+12,1.76265E+12,,,,,,,,,,,,,,,
y1_online_only,LEO_ONLY,12,0.1,600,2,160,ok,,0,1,32.504876,374,1,3.64,13.673,1.76265E+12,1.76265E+12,,,,,,,,,,,,,,,
y1_online_only,LEO_ONLY,12,0.1,600,2,161,ok,,0,1,34.53137501,374,1,3.717,13.855,1.76265E+12,1.76265E+12,,,,,,,,,,,,,,,
y1_online_only,LEO_ONLY,12,0.1,600,2,162,ok,,0,1,33.932166,374,1,3.741,14.142,1.76265E+12,1.76265E+12,,,,,,,,,,,,,,,
y1_online_only,LEO_ONLY,12,0.1,600,2,163,ok,,0,1,36.69845802,374,1,3.565,13.529,1.76265E+12,1.76265E+12,,,,,,,,,,,,,,,
y1_online_only,LEO_ONLY,12,0.1,600,2,164,ok,,0,1,31.03366701,374,1,3.645,13.66,1.76265E+12,1.76265E+12,,,,,,,,,,,,,,,
y1_online_only,LEO_ONLY,12,0.1,600,2,165,ok,,0,1,28.93187499,374,1,3.675,13.692,1.76265E+12,1.76265E+12,,,,,,,,,,,,,,,
y1_online_only,LEO_ONLY,12,0.1,600,2,166,ok,,0,1,33.65954201,374,1,3.541,13.402,1.76265E+12,1.76265E+12,,,,,,,,,,,,,,,
y1_online_only,LEO_ONLY,12,0.1,600,2,167,ok,,0,1,32.09158301,374,1,3.746,13.776,1.76265E+12,1.76265E+12,,,,,,,,,,,,,,,
y1_online_only,LEO_ONLY,12,0.1,600,2,168,ok,,0,1,33.49966701,374,1,3.738,13.605,1.76265E+12,1.76265E+12,,,,,,,,,,,,,,,
y1_online_only,LEO_ONLY,12,0.1,600,2,169,ok,,0,1,32.58754101,374,1,3.699,13.672,1.76265E+12,1.76265E+12,,,,,,,,,,,,,,,
y1_online_only,LEO_ONLY,12,0.1,600,2,170,ok,,0,1,31.58875002,373,1,3.69,13.583,1.76265E+12,1.76265E+12,,,,,,,,,,,,,,,
y1_online_only,LEO_ONLY,12,0.1,600,2,171,ok,,0,1,35.882083,374,1,3.746,13.7,1.76265E+12,1.76265E+12,,,,,,,,,,,,,,,
y1_online_only,LEO_ONLY,12,0.1,600,2,172,ok,,0,1,33.91795899,374,1,3.893,13.859,1.76265E+12,1.76265E+12,,,,,,,,,,,,,,,
y1_online_only,LEO_ONLY,12,0.1,600,2,173,ok,,0,1,34.32266702,374,1,3.691,13.532,1.76265E+12,1.76265E+12,,,,,,,,,,,,,,,
y1_online_only,LEO_ONLY,12,0.1,600,2,174,ok,,0,1,32.13525002,374,1,3.781,13.955,1.76265E+12,1.76265E+12,,,,,,,,,,,,,,,
y1_online_only,LEO_ONLY,12,0.1,600,2,175,ok,,0,1,34.25604201,374,1,3.811,13.667,1.76265E+12,1.76265E+12,,,,,,,,,,,,,,,
y1_online_only,LEO_ONLY,12,0.1,600,2,176,ok,,0,1,31.357417,374,1,3.717,13.624,1.76265E+12,1.76265E+12,,,,,,,,,,,,,,,
y1_online_only,LEO_ONLY,12,0.1,600,2,177,ok,,0,1,36.90316601,374,1,3.748,14.087,1.76265E+12,1.76265E+12,,,,,,,,,,,,,,,
y1_online_only,LEO_ONLY,12,0.1,600,2,178,ok,,0,1,33.26525001,374,1,3.75,13.319,1.76265E+12,1.76265E+12,,,,,,,,,,,,,,,
y1_online_only,LEO_ONLY,12,0.1,600,2,179,ok,,0,1,32.33795901,374,1,3.652,13.596,1.76265E+12,1.76265E+12,,,,,,,,,,,,,,,
y1_online_only,LEO_ONLY,12,0.1,600,2,180,ok,,0,1,39.27520799,374,1,3.634,13.976,1.76265E+12,1.76265E+12,,,,,,,,,,,,,,,
y1_online_only,LEO_ONLY,12,0.1,600,2,181,ok,,0,1,33.52179198,374,1,3.774,13.821,1.76265E+12,1.76265E+12,,,,,,,,,,,,,,,
y1_online_only,LEO_ONLY,12,0.1,600,2,182,ok,,0,1,34.15324999,374,1,3.677,13.69,1.76265E+12,1.76265E+12,,,,,,,,,,,,,,,
y1_online_only,LEO_ONLY,12,0.1,600,2,183,ok,,0,1,32.625917,374,1,3.757,13.764,1.76265E+12,1.76265E+12,,,,,,,,,,,,,,,
y1_online_only,LEO_ONLY,12,0.1,600,2,184,ok,,0,1,32.39408298,374,1,3.423,13.544,1.76265E+12,1.76265E+12,,,,,,,,,,,,,,,
y1_online_only,LEO_ONLY,12,0.1,600,2,185,ok,,0,1,33.633916,374,1,3.737,13.844,1.76265E+12,1.76265E+12,,,,,,,,,,,,,,,
y1_online_only,LEO_ONLY,12,0.1,600,2,186,ok,,0,1,33.66858399,374,1,3.757,13.601,1.76265E+12,1.76265E+12,,,,,,,,,,,,,,,
y1_online_only,LEO_ONLY,12,0.1,600,2,187,ok,,0,1,31.861542,374,1,3.636,13.91,1.76265E+12,1.76265E+12,,,,,,,,,,,,,,,
y1_online_only,LEO_ONLY,12,0.1,600,2,188,ok,,0,1,33.069167,374,1,3.667,13.625,1.76265E+12,1.76265E+12,,,,,,,,,,,,,,,
y1_online_only,LEO_ONLY,12,0.1,600,2,189,ok,,0,1,36.99445899,374,1,3.858,14.062,1.76265E+12,1.76265E+12,,,,,,,,,,,,,,,
y1_online_only,LEO_ONLY,12,0.1,600,2,190,ok,,0,1,35.248542,374,1,3.709,13.783,1.76265E+12,1.76265E+12,,,,,,,,,,,,,,,
y1_online_only,LEO_ONLY,12,0.1,600,2,191,ok,,0,1,39.26787502,374,1,3.797,13.705,1.76265E+12,1.76265E+12,,,,,,,,,,,,,,,
y1_online_only,LEO_ONLY,12,0.1,600,2,192,ok,,0,1,35.522958,374,1,3.923,13.861,1.76265E+12,1.76265E+12,,,,,,,,,,,,,,,
y1_online_only,LEO_ONLY,12,0.1,600,2,193,ok,,0,1,33.011541,374,1,3.778,13.703,1.76265E+12,1.76265E+12,,,,,,,,,,,,,,,
y1_online_only,LEO_ONLY,12,0.1,600,2,194,ok,,0,1,34.27808301,374,1,3.774,13.968,1.76265E+12,1.76265E+12,,,,,,,,,,,,,,,
y1_online_only,LEO_ONLY,12,0.1,600,2,195,ok,,0,1,29.76991702,374,1,3.815,13.733,1.76265E+12,1.76265E+12,,,,,,,,,,,,,,,
y1_online_only,LEO_ONLY,12,0.1,600,2,196,ok,,0,1,33.66762499,374,1,3.714,13.713,1.76265E+12,1.76265E+12,,,,,,,,,,,,,,,
y1_online_only,LEO_ONLY,12,0.1,600,2,197,ok,,0,1,33.32387499,374,1,3.735,13.687,1.76265E+12,1.76265E+12,,,,,,,,,,,,,,,
y1_online_only,LEO_ONLY,12,0.1,600,2,198,ok,,0,1,32.35712499,374,1,3.813,13.661,1.76265E+12,1.76265E+12,,,,,,,,,,,,,,,
y1_online_only,LEO_ONLY,12,0.1,600,2,199,ok,,0,1,36.29829199,374,1,3.772,14.14,1.76265E+12,1.76265E+12,,,,,,,,,,,,,,,
y1_online_only,LEO_ONLY,12,0.1,600,2,200,ok,,0,1,50.048084,374,1,4.377,25.905,1.76265E+12,1.76265E+12,,,,,,,,,,,,,,,
y1_online_only,LEO_ONLY,12,0.1,600,2,201,ok,,0,1,36.79554199,374,1,3.626,13.85,1.76265E+12,1.76265E+12,,,,,,,,,,,,,,,
y1_online_only,LEO_ONLY,12,0.1,600,2,202,ok,,0,1,37.307875,374,1,3.759,13.855,1.76265E+12,1.76265E+12,,,,,,,,,,,,,,,
y1_online_only,LEO_ONLY,12,0.1,600,2,203,ok,,0,1,36.677875,374,1,3.854,13.892,1.76265E+12,1.76265E+12,,,,,,,,,,,,,,,
y1_online_only,LEO_ONLY,12,0.1,600,2,204,ok,,0,1,32.28683301,374,1,3.718,13.936,1.76265E+12,1.76265E+12,,,,,,,,,,,,,,,
y1_online_only,LEO_ONLY,12,0.1,600,2,205,ok,,0,1,36.06729099,374,1,3.751,13.554,1.76265E+12,1.76265E+12,,,,,,,,,,,,,,,
y1_online_only,LEO_ONLY,12,0.1,600,2,206,ok,,0,1,35.7255,373,1,3.847,13.932,1.76265E+12,1.76265E+12,,,,,,,,,,,,,,,
y1_online_only,LEO_ONLY,12,0.1,600,2,207,ok,,0,1,33.367875,374,1,3.772,13.679,1.76265E+12,1.76265E+12,,,,,,,,,,,,,,,
y1_online_only,LEO_ONLY,12,0.1,600,2,208,ok,,0,1,30.655209,374,1,3.676,13.92,1.76265E+12,1.76265E+12,,,,,,,,,,,,,,,
y1_online_only,LEO_ONLY,12,0.1,600,2,209,ok,,0,1,31.51983299,374,1,3.701,13.964,1.76265E+12,1.76265E+12,,,,,,,,,,,,,,,
y1_online_only,LEO_ONLY,12,0.1,600,2,210,ok,,0,1,30.26204099,374,1,3.618,13.764,1.76265E+12,1.76265E+12,,,,,,,,,,,,,,,
y1_online_only,LEO_ONLY,12,0.1,600,2,211,ok,,0,1,37.25512497,374,1,3.781,13.88,1.76265E+12,1.76265E+12,,,,,,,,,,,,,,,
y1_online_only,LEO_ONLY,12,0.1,600,2,212,ok,,0,1,37.12733398,374,1,3.683,14.092,1.76265E+12,1.76265E+12,,,,,,,,,,,,,,,
y1_online_only,LEO_ONLY,12,0.1,600,2,213,ok,,0,1,33.88608299,374,1,3.707,13.796,1.76265E+12,1.76265E+12,,,,,,,,,,,,,,,
y1_online_only,LEO_ONLY,12,0.1,600,2,214,ok,,0,1,39.52100102,374,1,3.849,14.232,1.76265E+12,1.76265E+12,,,,,,,,,,,,,,,
y1_online_only,LEO_ONLY,12,0.1,600,2,215,ok,,0,1,33.95670801,374,1,3.663,13.827,1.76265E+12,1.76265E+12,,,,,,,,,,,,,,,
y1_online_only,LEO_ONLY,12,0.1,600,2,216,ok,,0,1,33.979625,374,1,3.792,13.933,1.76265E+12,1.76265E+12,,,,,,,,,,,,,,,
y1_online_only,LEO_ONLY,12,0.1,600,2,217,ok,,0,1,37.08350001,373,1,3.761,14.026,1.76265E+12,1.76265E+12,,,,,,,,,,,,,,,
y1_online_only,LEO_ONLY,12,0.1,600,2,218,ok,,0,1,37.66183299,374,1,3.882,13.978,1.76265E+12,1.76265E+12,,,,,,,,,,,,,,,
y1_online_only,LEO_ONLY,12,0.1,600,2,219,ok,,0,1,33.32837499,374,1,3.976,13.47,1.76265E+12,1.76265E+12,,,,,,,,,,,,,,,
y1_online_only,LEO_ONLY,12,0.1,600,2,220,ok,,0,1,31.375958,374,1,3.57,13.571,1.76265E+12,1.76265E+12,,,,,,,,,,,,,,,
y1_online_only,LEO_ONLY,12,0.1,600,2,221,ok,,0,1,32.45970802,374,1,3.736,13.899,1.76265E+12,1.76265E+12,,,,,,,,,,,,,,,
y1_online_only,LEO_ONLY,12,0.1,600,2,222,ok,,0,1,32.564083,374,1,3.703,13.819,1.76265E+12,1.76265E+12,,,,,,,,,,,,,,,
y1_online_only,LEO_ONLY,12,0.1,600,2,223,ok,,0,1,33.563292,374,1,3.809,13.705,1.76265E+12,1.76265E+12,,,,,,,,,,,,,,,
y1_online_only,LEO_ONLY,12,0.1,600,2,224,ok,,0,1,34.93662499,374,1,3.838,14.043,1.76265E+12,1.76265E+12,,,,,,,,,,,,,,,
y1_online_only,LEO_ONLY,12,0.1,600,2,225,ok,,0,1,30.42641701,374,1,3.825,13.689,1.76265E+12,1.76265E+12,,,,,,,,,,,,,,,
y1_online_only,LEO_ONLY,12,0.1,600,2,226,ok,,0,1,34.34075002,374,1,3.893,13.645,1.76265E+12,1.76265E+12,,,,,,,,,,,,,,,
y1_online_only,LEO_ONLY,12,0.1,600,2,227,ok,,0,1,35.841959,374,1,3.703,14.087,1.76265E+12,1.76265E+12,,,,,,,,,,,,,,,
y1_online_only,LEO_ONLY,12,0.1,600,2,228,ok,,0,1,31.18037502,374,1,3.65,13.679,1.76265E+12,1.76265E+12,,,,,,,,,,,,,,,
y1_online_only,LEO_ONLY,12,0.1,600,2,229,ok,,0,1,29.99425001,374,1,3.683,13.722,1.76265E+12,1.76265E+12,,,,,,,,,,,,,,,
y1_online_only,LEO_ONLY,12,0.1,600,2,230,ok,,0,1,31.45091701,374,1,3.682,13.758,1.76265E+12,1.76265E+12,,,,,,,,,,,,,,,
y1_online_only,LEO_ONLY,12,0.1,600,2,231,ok,,0,1,31.73045901,374,1,3.829,13.948,1.76265E+12,1.76265E+12,,,,,,,,,,,,,,,
y1_online_only,LEO_ONLY,12,0.1,600,2,232,ok,,0,1,33.56433401,374,1,3.739,14.041,1.76265E+12,1.76265E+12,,,,,,,,,,,,,,,
y1_online_only,LEO_ONLY,12,0.1,600,2,233,ok,,0,1,33.53225,374,1,3.701,13.643,1.76265E+12,1.76265E+12,,,,,,,,,,,,,,,
y1_online_only,LEO_ONLY,12,0.1,600,2,234,ok,,0,1,36.877584,374,1,3.837,14.222,1.76265E+12,1.76265E+12,,,,,,,,,,,,,,,
y1_online_only,LEO_ONLY,12,0.1,600,2,235,ok,,0,1,35.12045802,374,1,4.025,15.248,1.76265E+12,1.76265E+12,,,,,,,,,,,,,,,
y1_online_only,LEO_ONLY,12,0.1,600,2,236,ok,,0,1,32.148125,374,1,3.566,13.627,1.76265E+12,1.76265E+12,,,,,,,,,,,,,,,
y1_online_only,LEO_ONLY,12,0.1,600,2,237,ok,,0,1,32.806667,374,1,3.668,13.522,1.76265E+12,1.76265E+12,,,,,,,,,,,,,,,
y1_online_only,LEO_ONLY,12,0.1,600,2,238,ok,,0,1,38.20062499,374,1,3.824,13.833,1.76265E+12,1.76265E+12,,,,,,,,,,,,,,,
y1_online_only,LEO_ONLY,12,0.1,600,2,239,ok,,0,1,35.34858298,374,1,3.735,14.084,1.76265E+12,1.76265E+12,,,,,,,,,,,,,,,
y1_online_only,LEO_ONLY,12,0.1,600,2,240,ok,,0,1,36.18983398,374,1,3.486,13.589,1.76265E+12,1.76265E+12,,,,,,,,,,,,,,,
y1_online_only,LEO_ONLY,12,0.1,600,2,241,ok,,0,1,37.06329101,374,1,3.62,13.878,1.76265E+12,1.76265E+12,,,,,,,,,,,,,,,
y1_online_only,LEO_ONLY,12,0.1,600,2,242,ok,,0,1,31.22170799,374,1,3.694,13.969,1.76265E+12,1.76265E+12,,,,,,,,,,,,,,,
y1_online_only,LEO_ONLY,12,0.1,600,2,243,ok,,0,1,40.251625,374,1,3.795,14.327,1.76265E+12,1.76265E+12,,,,,,,,,,,,,,,
y1_online_only,LEO_ONLY,12,0.1,600,2,244,ok,,0,1,35.26508398,374,1,3.847,14.248,1.76265E+12,1.76265E+12,,,,,,,,,,,,,,,
y1_online_only,LEO_ONLY,12,0.1,600,2,245,ok,,0,1,34.1925,374,1,3.745,13.559,1.76265E+12,1.76265E+12,,,,,,,,,,,,,,,
y1_online_only,LEO_ONLY,12,0.1,600,2,246,ok,,0,1,36.661625,374,1,3.507,13.549,1.76265E+12,1.76265E+12,,,,,,,,,,,,,,,
y1_online_only,LEO_ONLY,12,0.1,600,2,247,ok,,0,1,33.03841702,374,1,3.639,13.842,1.76265E+12,1.76265E+12,,,,,,,,,,,,,,,
y1_online_only,LEO_ONLY,12,0.1,600,2,248,ok,,0,1,32.481,374,1,3.615,13.551,1.76265E+12,1.76265E+12,,,,,,,,,,,,,,,
y1_online_only,LEO_ONLY,12,0.1,600,2,249,ok,,0,1,33.634958,374,1,3.675,13.773,1.76265E+12,1.76265E+12,,,,,,,,,,,,,,,
y1_online_only,LEO_ONLY,12,0.1,600,2,250,ok,,0,1,35.54820799,374,1,3.627,14.243,1.76265E+12,1.76265E+12,,,,,,,,,,,,,,,
y1_online_only,LEO_ONLY,12,0.1,600,2,251,ok,,0,1,34.29675,374,1,3.66,13.811,1.76265E+12,1.76265E+12,,,,,,,,,,,,,,,
y1_online_only,LEO_ONLY,12,0.1,600,2,252,ok,,0,1,29.19641699,374,1,3.594,13.595,1.76265E+12,1.76265E+12,,,,,,,,,,,,,,,
y1_online_only,LEO_ONLY,12,0.1,600,2,253,ok,,0,1,33.956625,374,1,3.714,13.409,1.76265E+12,1.76265E+12,,,,,,,,,,,,,,,
y1_online_only,LEO_ONLY,12,0.1,600,2,254,ok,,0,1,33.054,374,1,3.696,13.916,1.76265E+12,1.76265E+12,,,,,,,,,,,,,,,
y1_online_only,LEO_ONLY,12,0.1,600,2,255,ok,,0,1,32.10483401,374,1,3.727,13.877,1.76265E+12,1.76265E+12,,,,,,,,,,,,,,,
y1_online_only,LEO_ONLY,12,0.1,600,2,256,ok,,0,1,36.14204199,374,1,3.715,13.628,1.76265E+12,1.76265E+12,,,,,,,,,,,,,,,
y1_online_only,LEO_ONLY,12,0.1,600,2,257,ok,,0,1,33.38962499,374,1,3.639,13.679,1.76265E+12,1.76265E+12,,,,,,,,,,,,,,,
y1_online_only,LEO_ONLY,12,0.1,600,2,258,ok,,0,1,34.93766699,374,1,3.661,13.995,1.76265E+12,1.76265E+12,,,,,,,,,,,,,,,
y1_online_only,LEO_ONLY,12,0.1,600,2,259,ok,,0,1,34.50537499,374,1,3.57,13.636,1.76265E+12,1.76265E+12,,,,,,,,,,,,,,,
y1_online_only,LEO_ONLY,12,0.1,600,2,260,ok,,0,1,31.29745898,374,1,3.855,13.927,1.76265E+12,1.76265E+12,,,,,,,,,,,,,,,
y1_online_only,LEO_ONLY,12,0.1,600,2,261,ok,,0,1,35.97391699,374,1,3.694,14.039,1.76265E+12,1.76265E+12,,,,,,,,,,,,,,,
y1_online_only,LEO_ONLY,12,0.1,600,2,262,ok,,0,1,31.777375,374,1,3.892,14.239,1.76265E+12,1.76265E+12,,,,,,,,,,,,,,,
y1_online_only,LEO_ONLY,12,0.1,600,2,263,ok,,0,1,34.98554198,374,1,3.754,13.89,1.76265E+12,1.76265E+12,,,,,,,,,,,,,,,
y1_online_only,LEO_ONLY,12,0.1,600,2,264,ok,,0,1,32.58220799,374,1,3.652,13.793,1.76265E+12,1.76265E+12,,,,,,,,,,,,,,,
y1_online_only,LEO_ONLY,12,0.1,600,2,265,ok,,0,1,33.17537601,374,1,3.762,15.929,1.76265E+12,1.76265E+12,,,,,,,,,,,,,,,
y1_online_only,LEO_ONLY,12,0.1,600,2,266,ok,,0,1,32.67033299,374,1,3.779,13.91,1.76265E+12,1.76265E+12,,,,,,,,,,,,,,,
y1_online_only,LEO_ONLY,12,0.1,600,2,267,ok,,0,1,31.19112502,374,1,3.656,13.892,1.76265E+12,1.76265E+12,,,,,,,,,,,,,,,
y1_online_only,LEO_ONLY,12,0.1,600,2,268,ok,,0,1,36.405583,374,1,3.651,14.044,1.76265E+12,1.76265E+12,,,,,,,,,,,,,,,
y1_online_only,LEO_ONLY,12,0.1,600,2,269,ok,,0,1,35.50270802,373,1,3.668,13.432,1.76265E+12,1.76265E+12,,,,,,,,,,,,,,,
y1_online_only,LEO_ONLY,12,0.1,600,2,270,ok,,0,1,34.98741699,374,1,3.572,13.629,1.76265E+12,1.76265E+12,,,,,,,,,,,,,,,
y1_online_only,LEO_ONLY,12,0.1,600,2,271,ok,,0,1,32.02316599,374,1,3.684,13.762,1.76265E+12,1.76265E+12,,,,,,,,,,,,,,,
y1_online_only,LEO_ONLY,12,0.1,600,2,272,ok,,0,1,37.869833,374,1,3.713,13.81,1.76265E+12,1.76265E+12,,,,,,,,,,,,,,,
y1_online_only,LEO_ONLY,12,0.1,600,2,273,ok,,0,1,30.28137499,374,1,3.722,13.592,1.76265E+12,1.76265E+12,,,,,,,,,,,,,,,
y1_online_only,LEO_ONLY,12,0.1,600,2,274,ok,,0,1,34.19245902,374,1,3.672,14.025,1.76265E+12,1.76265E+12,,,,,,,,,,,,,,,
y1_online_only,LEO_ONLY,12,0.1,600,2,275,ok,,0,1,33.18974999,374,1,3.73,13.796,1.76265E+12,1.76265E+12,,,,,,,,,,,,,,,
y1_online_only,LEO_ONLY,12,0.1,600,2,276,ok,,0,1,32.08479201,374,1,3.702,14.038,1.76265E+12,1.76265E+12,,,,,,,,,,,,,,,
y1_online_only,LEO_ONLY,12,0.1,600,2,277,ok,,0,1,39.302916,374,1,3.754,21.143,1.76265E+12,1.76265E+12,,,,,,,,,,,,,,,
y1_online_only,LEO_ONLY,12,0.1,600,2,278,ok,,0,1,32.16458298,374,1,3.802,13.978,1.76265E+12,1.76265E+12,,,,,,,,,,,,,,,
y1_online_only,LEO_ONLY,12,0.1,600,2,279,ok,,0,1,35.664041,374,1,3.615,13.826,1.76265E+12,1.76265E+12,,,,,,,,,,,,,,,
y1_online_only,LEO_ONLY,12,0.1,600,2,280,ok,,0,1,33.04408301,374,1,3.703,13.989,1.76265E+12,1.76265E+12,,,,,,,,,,,,,,,
y1_online_only,LEO_ONLY,12,0.1,600,2,281,ok,,0,1,37.16545799,374,1,3.643,13.702,1.76265E+12,1.76265E+12,,,,,,,,,,,,,,,
y1_online_only,LEO_ONLY,12,0.1,600,2,282,ok,,0,1,31.52600001,374,1,3.687,13.663,1.76265E+12,1.76265E+12,,,,,,,,,,,,,,,
y1_online_only,LEO_ONLY,12,0.1,600,2,283,ok,,0,1,31.15975001,374,1,3.678,13.712,1.76265E+12,1.76265E+12,,,,,,,,,,,,,,,
y1_online_only,LEO_ONLY,12,0.1,600,2,284,ok,,0,1,31.00362499,374,1,3.701,13.731,1.76265E+12,1.76265E+12,,,,,,,,,,,,,,,
y1_online_only,LEO_ONLY,12,0.1,600,2,285,ok,,0,1,34.476542,374,1,3.957,14.2,1.76265E+12,1.76265E+12,,,,,,,,,,,,,,,
y1_online_only,LEO_ONLY,12,0.1,600,2,286,ok,,0,1,30.932625,374,1,3.545,13.393,1.76265E+12,1.76265E+12,,,,,,,,,,,,,,,
y1_online_only,LEO_ONLY,12,0.1,600,2,287,ok,,0,1,34.50087502,374,1,3.826,13.708,1.76265E+12,1.76265E+12,,,,,,,,,,,,,,,
y1_online_only,LEO_ONLY,12,0.1,600,2,288,ok,,0,1,36.55820803,374,1,3.721,13.973,1.76265E+12,1.76265E+12,,,,,,,,,,,,,,,
y1_online_only,LEO_ONLY,12,0.1,600,2,289,ok,,0,1,33.01995801,374,1,3.844,14.374,1.76265E+12,1.76265E+12,,,,,,,,,,,,,,,
y1_online_only,LEO_ONLY,12,0.1,600,2,290,ok,,0,1,32.34520799,374,1,3.787,13.857,1.76265E+12,1.76265E+12,,,,,,,,,,,,,,,
y1_online_only,LEO_ONLY,12,0.1,600,2,291,ok,,0,1,34.14062501,374,1,3.617,13.793,1.76265E+12,1.76265E+12,,,,,,,,,,,,,,,
y1_online_only,LEO_ONLY,12,0.1,600,2,292,ok,,0,1,34.43375,374,1,3.727,14.001,1.76265E+12,1.76265E+12,,,,,,,,,,,,,,,
y1_online_only,LEO_ONLY,12,0.1,600,2,293,ok,,0,1,36.73200001,374,1,3.758,13.985,1.76265E+12,1.76265E+12,,,,,,,,,,,,,,,
y1_online_only,LEO_ONLY,12,0.1,600,2,294,ok,,0,1,31.87137502,374,1,3.783,14.131,1.76265E+12,1.76265E+12,,,,,,,,,,,,,,,
y1_online_only,LEO_ONLY,12,0.1,600,2,295,ok,,0,1,34.25258302,374,1,3.675,13.965,1.76265E+12,1.76265E+12,,,,,,,,,,,,,,,
y1_online_only,LEO_ONLY,12,0.1,600,2,296,ok,,0,1,30.43500002,374,1,3.449,13.609,1.76265E+12,1.76265E+12,,,,,,,,,,,,,,,
y1_online_only,LEO_ONLY,12,0.1,600,2,297,ok,,0,1,39.371041,374,1,3.725,13.568,1.76265E+12,1.76265E+12,,,,,,,,,,,,,,,
y1_online_only,LEO_ONLY,12,0.1,600,2,298,ok,,0,1,35.56291698,374,1,3.824,14.257,1.76265E+12,1.76265E+12,,,,,,,,,,,,,,,
y1_online_only,LEO_ONLY,12,0.1,600,2,299,ok,,0,1,37.511667,374,1,3.69,14.133,1.76265E+12,1.76265E+12,,,,,,,,,,,,,,,
y1_online_only,LEO_ONLY,12,0.1,600,2,300,ok,,0,1,33.868542,374,1,3.663,14.1,1.76265E+12,1.76265E+12,,,,,,,,,,,,,,,
y1_online_only,LEO_ONLY,24,0,200,2,1,ok,,0,1,47.38279202,374,1,3.745,13.986,1.76265E+12,1.76265E+12,,,,,,,,,,,,,,,
y1_online_only,LEO_ONLY,24,0,200,2,2,ok,,0,1,51.03583299,374,1,3.842,14.078,1.76265E+12,1.76265E+12,,,,,,,,,,,,,,,
y1_online_only,LEO_ONLY,24,0,200,2,3,ok,,0,1,43.02824999,374,1,3.733,14.293,1.76265E+12,1.76265E+12,,,,,,,,,,,,,,,
y1_online_only,LEO_ONLY,24,0,200,2,4,ok,,0,1,47.491459,374,1,3.644,14.022,1.76265E+12,1.76265E+12,,,,,,,,,,,,,,,
y1_online_only,LEO_ONLY,24,0,200,2,5,ok,,0,1,47.55612501,374,1,3.801,13.98,1.76265E+12,1.76265E+12,,,,,,,,,,,,,,,
y1_online_only,LEO_ONLY,24,0,200,2,6,ok,,0,1,45.024208,374,1,3.566,13.906,1.76265E+12,1.76265E+12,,,,,,,,,,,,,,,
y1_online_only,LEO_ONLY,24,0,200,2,7,ok,,0,1,47.970541,374,1,3.737,14.127,1.76265E+12,1.76265E+12,,,,,,,,,,,,,,,
y1_online_only,LEO_ONLY,24,0,200,2,8,ok,,0,1,46.87274998,374,1,3.66,14.015,1.76265E+12,1.76265E+12,,,,,,,,,,,,,,,
y1_online_only,LEO_ONLY,24,0,200,2,9,ok,,0,1,44.58329201,374,1,3.891,14.466,1.76265E+12,1.76265E+12,,,,,,,,,,,,,,,
y1_online_only,LEO_ONLY,24,0,200,2,10,ok,,0,1,48.992125,374,1,3.701,13.93,1.76265E+12,1.76265E+12,,,,,,,,,,,,,,,
y1_online_only,LEO_ONLY,24,0,200,2,11,ok,,0,1,47.735584,374,1,3.591,14.05,1.76265E+12,1.76265E+12,,,,,,,,,,,,,,,
y1_online_only,LEO_ONLY,24,0,200,2,12,ok,,0,1,48.57683301,374,1,3.399,13.607,1.76265E+12,1.76265E+12,,,,,,,,,,,,,,,
y1_online_only,LEO_ONLY,24,0,200,2,13,ok,,0,1,49.519708,374,1,3.625,14.028,1.76265E+12,1.76265E+12,,,,,,,,,,,,,,,
y1_online_only,LEO_ONLY,24,0,200,2,14,ok,,0,1,47.233041,374,1,3.71,13.93,1.76265E+12,1.76265E+12,,,,,,,,,,,,,,,
y1_online_only,LEO_ONLY,24,0,200,2,15,ok,,0,1,49.82487499,374,1,3.831,14.763,1.76265E+12,1.76265E+12,,,,,,,,,,,,,,,
y1_online_only,LEO_ONLY,24,0,200,2,16,ok,,0,1,47.551375,374,1,3.766,15.36,1.76265E+12,1.76265E+12,,,,,,,,,,,,,,,
y1_online_only,LEO_ONLY,24,0,200,2,17,ok,,0,1,47.81720799,374,1,3.813,14.184,1.76265E+12,1.76265E+12,,,,,,,,,,,,,,,
y1_online_only,LEO_ONLY,24,0,200,2,18,ok,,0,1,48.61308401,374,1,3.541,13.597,1.76265E+12,1.76265E+12,,,,,,,,,,,,,,,
y1_online_only,LEO_ONLY,24,0,200,2,19,ok,,0,1,49.0875,374,1,3.697,14.044,1.76265E+12,1.76265E+12,,,,,,,,,,,,,,,
y1_online_only,LEO_ONLY,24,0,200,2,20,ok,,0,1,50.80237499,374,1,3.667,14.467,1.76265E+12,1.76265E+12,,,,,,,,,,,,,,,
y1_online_only,LEO_ONLY,24,0,200,2,21,ok,,0,1,47.02925001,374,1,3.649,14.298,1.76265E+12,1.76265E+12,,,,,,,,,,,,,,,
y1_online_only,LEO_ONLY,24,0,200,2,22,ok,,0,1,43.699542,374,1,3.758,14.211,1.76265E+12,1.76265E+12,,,,,,,,,,,,,,,
y1_online_only,LEO_ONLY,24,0,200,2,23,ok,,0,1,49.77320798,374,1,3.547,14.148,1.76265E+12,1.76265E+12,,,,,,,,,,,,,,,
y1_online_only,LEO_ONLY,24,0,200,2,24,ok,,0,1,52.588083,374,1,3.702,14.112,1.76265E+12,1.76265E+12,,,,,,,,,,,,,,,
y1_online_only,LEO_ONLY,24,0,200,2,25,ok,,0,1,47.80195802,374,1,3.694,14.312,1.76265E+12,1.76265E+12,,,,,,,,,,,,,,,
y1_online_only,LEO_ONLY,24,0,200,2,26,ok,,0,1,43.65829099,374,1,3.636,14.232,1.76265E+12,1.76265E+12,,,,,,,,,,,,,,,
y1_online_only,LEO_ONLY,24,0,200,2,27,ok,,0,1,51.02945899,374,1,3.666,14.375,1.76265E+12,1.76265E+12,,,,,,,,,,,,,,,
y1_online_only,LEO_ONLY,24,0,200,2,28,ok,,0,1,48.178875,374,1,3.963,14.09,1.76265E+12,1.76265E+12,,,,,,,,,,,,,,,
y1_online_only,LEO_ONLY,24,0,200,2,29,ok,,0,1,46.527125,374,1,3.812,14.428,1.76265E+12,1.76265E+12,,,,,,,,,,,,,,,
y1_online_only,LEO_ONLY,24,0,200,2,30,ok,,0,1,48.99412498,374,1,3.644,13.813,1.76265E+12,1.76265E+12,,,,,,,,,,,,,,,
y1_online_only,LEO_ONLY,24,0,200,2,31,ok,,0,1,51.39045799,374,1,3.702,14.16,1.76265E+12,1.76265E+12,,,,,,,,,,,,,,,
y1_online_only,LEO_ONLY,24,0,200,2,32,ok,,0,1,49.451792,374,1,3.76,14.188,1.76265E+12,1.76265E+12,,,,,,,,,,,,,,,
y1_online_only,LEO_ONLY,24,0,200,2,33,ok,,0,1,50.169542,374,1,3.777,14.299,1.76265E+12,1.76265E+12,,,,,,,,,,,,,,,
y1_online_only,LEO_ONLY,24,0,200,2,34,ok,,0,1,47.24545899,374,1,3.731,14.207,1.76265E+12,1.76265E+12,,,,,,,,,,,,,,,
y1_online_only,LEO_ONLY,24,0,200,2,35,ok,,0,1,49.738792,374,1,3.66,14.028,1.76265E+12,1.76265E+12,,,,,,,,,,,,,,,
y1_online_only,LEO_ONLY,24,0,200,2,36,ok,,0,1,46.41904199,374,1,3.654,14.07,1.76265E+12,1.76265E+12,,,,,,,,,,,,,,,
y1_online_only,LEO_ONLY,24,0,200,2,37,ok,,0,1,49.80045801,374,1,3.777,14.508,1.76265E+12,1.76265E+12,,,,,,,,,,,,,,,
y1_online_only,LEO_ONLY,24,0,200,2,38,ok,,0,1,44.271208,374,1,3.783,14.19,1.76265E+12,1.76265E+12,,,,,,,,,,,,,,,
y1_online_only,LEO_ONLY,24,0,200,2,39,ok,,0,1,46.37341699,374,1,3.789,14.397,1.76265E+12,1.76265E+12,,,,,,,,,,,,,,,
y1_online_only,LEO_ONLY,24,0,200,2,40,ok,,0,1,51.49366599,374,1,3.614,13.795,1.76265E+12,1.76265E+12,,,,,,,,,,,,,,,
y1_online_only,LEO_ONLY,24,0,200,2,41,ok,,0,1,51.61937501,374,1,3.734,14.248,1.76265E+12,1.76265E+12,,,,,,,,,,,,,,,
y1_online_only,LEO_ONLY,24,0,200,2,42,ok,,0,1,55.98320899,374,1,3.898,15.103,1.76265E+12,1.76265E+12,,,,,,,,,,,,,,,
y1_online_only,LEO_ONLY,24,0,200,2,43,ok,,0,1,49.70129198,374,1,4.037,14.523,1.76265E+12,1.76265E+12,,,,,,,,,,,,,,,
y1_online_only,LEO_ONLY,24,0,200,2,44,ok,,0,1,51.92824997,374,1,3.445,13.548,1.76265E+12,1.76265E+12,,,,,,,,,,,,,,,
y1_online_only,LEO_ONLY,24,0,200,2,45,ok,,0,1,50.37983297,374,1,3.644,14.132,1.76265E+12,1.76265E+12,,,,,,,,,,,,,,,
y1_online_only,LEO_ONLY,24,0,200,2,46,ok,,0,1,49.17541699,374,1,3.641,13.961,1.76265E+12,1.76265E+12,,,,,,,,,,,,,,,
y1_online_only,LEO_ONLY,24,0,200,2,47,ok,,0,1,42.77295899,374,1,3.654,14.246,1.76265E+12,1.76265E+12,,,,,,,,,,,,,,,
y1_online_only,LEO_ONLY,24,0,200,2,48,ok,,0,1,47.88179099,374,1,3.8,14.398,1.76265E+12,1.76265E+12,,,,,,,,,,,,,,,
y1_online_only,LEO_ONLY,24,0,200,2,49,ok,,0,1,43.61183301,374,1,3.634,14.082,1.76265E+12,1.76265E+12,,,,,,,,,,,,,,,
y1_online_only,LEO_ONLY,24,0,200,2,50,ok,,0,1,44.28604202,374,1,3.635,14.018,1.76265E+12,1.76265E+12,,,,,,,,,,,,,,,
y1_online_only,LEO_ONLY,24,0,200,2,51,ok,,0,1,50.385251,374,1,3.73,14.011,1.76265E+12,1.76265E+12,,,,,,,,,,,,,,,
y1_online_only,LEO_ONLY,24,0,200,2,52,ok,,0,1,47.19383299,374,1,3.863,14.774,1.76265E+12,1.76265E+12,,,,,,,,,,,,,,,
y1_online_only,LEO_ONLY,24,0,200,2,53,ok,,0,1,45.73670801,374,1,3.603,14.007,1.76265E+12,1.76265E+12,,,,,,,,,,,,,,,
y1_online_only,LEO_ONLY,24,0,200,2,54,ok,,0,1,45.27325,374,1,3.731,14.013,1.76265E+12,1.76265E+12,,,,,,,,,,,,,,,
y1_online_only,LEO_ONLY,24,0,200,2,55,ok,,0,1,49.061208,374,1,3.792,14.089,1.76265E+12,1.76265E+12,,,,,,,,,,,,,,,
y1_online_only,LEO_ONLY,24,0,200,2,56,ok,,0,1,53.983875,374,1,3.64,14.059,1.76265E+12,1.76265E+12,,,,,,,,,,,,,,,
y1_online_only,LEO_ONLY,24,0,200,2,57,ok,,0,1,51.105333,374,1,3.621,14.135,1.76265E+12,1.76265E+12,,,,,,,,,,,,,,,
y1_online_only,LEO_ONLY,24,0,200,2,58,ok,,0,1,48.499,374,1,3.751,14.203,1.76265E+12,1.76265E+12,,,,,,,,,,,,,,,
y1_online_only,LEO_ONLY,24,0,200,2,59,ok,,0,1,49.998167,374,1,3.72,14.002,1.76265E+12,1.76265E+12,,,,,,,,,,,,,,,
y1_online_only,LEO_ONLY,24,0,200,2,60,ok,,0,1,41.572833,374,1,3.968,14.064,1.76265E+12,1.76265E+12,,,,,,,,,,,,,,,
y1_online_only,LEO_ONLY,24,0,200,2,61,ok,,0,1,43.40204099,374,1,3.802,14.079,1.76265E+12,1.76265E+12,,,,,,,,,,,,,,,
y1_online_only,LEO_ONLY,24,0,200,2,62,ok,,0,1,50.50037499,374,1,3.813,13.982,1.76265E+12,1.76265E+12,,,,,,,,,,,,,,,
y1_online_only,LEO_ONLY,24,0,200,2,63,ok,,0,1,45.05791698,374,1,3.806,14.35,1.76265E+12,1.76265E+12,,,,,,,,,,,,,,,
y1_online_only,LEO_ONLY,24,0,200,2,64,ok,,0,1,49.54708301,374,1,3.66,14.356,1.76265E+12,1.76265E+12,,,,,,,,,,,,,,,
y1_online_only,LEO_ONLY,24,0,200,2,65,ok,,0,1,47.42599998,374,1,3.564,13.854,1.76265E+12,1.76265E+12,,,,,,,,,,,,,,,
y1_online_only,LEO_ONLY,24,0,200,2,66,ok,,0,1,47.67370899,374,1,3.826,14.037,1.76265E+12,1.76265E+12,,,,,,,,,,,,,,,
y1_online_only,LEO_ONLY,24,0,200,2,67,ok,,0,1,50.05575001,374,1,3.738,14.127,1.76265E+12,1.76265E+12,,,,,,,,,,,,,,,
y1_online_only,LEO_ONLY,24,0,200,2,68,ok,,0,1,48.65370799,374,1,3.724,14.132,1.76265E+12,1.76265E+12,,,,,,,,,,,,,,,
y1_online_only,LEO_ONLY,24,0,200,2,69,ok,,0,1,50.092833,374,1,3.751,14.196,1.76265E+12,1.76265E+12,,,,,,,,,,,,,,,
y1_online_only,LEO_ONLY,24,0,200,2,70,ok,,0,1,46.894917,374,1,3.683,13.845,1.76265E+12,1.76265E+12,,,,,,,,,,,,,,,
y1_online_only,LEO_ONLY,24,0,200,2,71,ok,,0,1,51.24025,374,1,3.781,14.257,1.76265E+12,1.76265E+12,,,,,,,,,,,,,,,
y1_online_only,LEO_ONLY,24,0,200,2,72,ok,,0,1,49.77020901,374,1,3.718,14.042,1.76265E+12,1.76265E+12,,,,,,,,,,,,,,,
y1_online_only,LEO_ONLY,24,0,200,2,73,ok,,0,1,52.56366701,374,1,3.828,14.512,1.76265E+12,1.76265E+12,,,,,,,,,,,,,,,
y1_online_only,LEO_ONLY,24,0,200,2,74,ok,,0,1,46.88816701,374,1,3.951,14.673,1.76265E+12,1.76265E+12,,,,,,,,,,,,,,,
y1_online_only,LEO_ONLY,24,0,200,2,75,ok,,0,1,46.214125,374,1,3.667,13.929,1.76265E+12,1.76265E+12,,,,,,,,,,,,,,,
y1_online_only,LEO_ONLY,24,0,200,2,76,ok,,0,1,45.43558299,374,1,3.763,14.031,1.76265E+12,1.76265E+12,,,,,,,,,,,,,,,
y1_online_only,LEO_ONLY,24,0,200,2,77,ok,,0,1,48.8585,374,1,4.054,14.11,1.76265E+12,1.76265E+12,,,,,,,,,,,,,,,
y1_online_only,LEO_ONLY,24,0,200,2,78,ok,,0,1,56.144209,374,1,5.019,20.764,1.76265E+12,1.76265E+12,,,,,,,,,,,,,,,
y1_online_only,LEO_ONLY,24,0,200,2,79,ok,,0,1,48.428084,374,1,3.846,14.398,1.76265E+12,1.76265E+12,,,,,,,,,,,,,,,
y1_online_only,LEO_ONLY,24,0,200,2,80,ok,,0,1,50.02316699,374,1,3.654,14.159,1.76265E+12,1.76265E+12,,,,,,,,,,,,,,,
y1_online_only,LEO_ONLY,24,0,200,2,81,ok,,0,1,54.81141599,374,1,3.71,14.658,1.76265E+12,1.76265E+12,,,,,,,,,,,,,,,
y1_online_only,LEO_ONLY,24,0,200,2,82,ok,,0,1,55.33966699,374,1,3.802,14.776,1.76265E+12,1.76265E+12,,,,,,,,,,,,,,,
y1_online_only,LEO_ONLY,24,0,200,2,83,ok,,0,1,51.624833,374,1,3.69,14.235,1.76265E+12,1.76265E+12,,,,,,,,,,,,,,,
y1_online_only,LEO_ONLY,24,0,200,2,84,ok,,0,1,44.94083399,374,1,3.774,13.764,1.76265E+12,1.76265E+12,,,,,,,,,,,,,,,
y1_online_only,LEO_ONLY,24,0,200,2,85,ok,,0,1,44.73475,374,1,3.625,13.717,1.76265E+12,1.76265E+12,,,,,,,,,,,,,,,
y1_online_only,LEO_ONLY,24,0,200,2,86,ok,,0,1,46.03212501,374,1,3.677,13.788,1.76265E+12,1.76265E+12,,,,,,,,,,,,,,,
y1_online_only,LEO_ONLY,24,0,200,2,87,ok,,0,1,48.316,374,1,3.391,13.643,1.76265E+12,1.76265E+12,,,,,,,,,,,,,,,
y1_online_only,LEO_ONLY,24,0,200,2,88,ok,,0,1,51.77479199,374,1,3.75,14.047,1.76265E+12,1.76265E+12,,,,,,,,,,,,,,,
y1_online_only,LEO_ONLY,24,0,200,2,89,ok,,0,1,47.59574999,374,1,3.706,14.061,1.76265E+12,1.76265E+12,,,,,,,,,,,,,,,
y1_online_only,LEO_ONLY,24,0,200,2,90,ok,,0,1,45.13137502,374,1,3.598,14.01,1.76265E+12,1.76265E+12,,,,,,,,,,,,,,,
y1_online_only,LEO_ONLY,24,0,200,2,91,ok,,0,1,45.79308399,374,1,3.836,14.214,1.76265E+12,1.76265E+12,,,,,,,,,,,,,,,
y1_online_only,LEO_ONLY,24,0,200,2,92,ok,,0,1,53.19266699,374,1,3.706,14.395,1.76265E+12,1.76265E+12,,,,,,,,,,,,,,,
y1_online_only,LEO_ONLY,24,0,200,2,93,ok,,0,1,43.20304099,374,1,3.926,14.075,1.76265E+12,1.76265E+12,,,,,,,,,,,,,,,
y1_online_only,LEO_ONLY,24,0,200,2,94,ok,,0,1,49.55162498,374,1,3.799,14.433,1.76265E+12,1.76265E+12,,,,,,,,,,,,,,,
y1_online_only,LEO_ONLY,24,0,200,2,95,ok,,0,1,49.719834,374,1,3.881,14.319,1.76265E+12,1.76265E+12,,,,,,,,,,,,,,,
y1_online_only,LEO_ONLY,24,0,200,2,96,ok,,0,1,46.337167,374,1,3.773,14.206,1.76265E+12,1.76265E+12,,,,,,,,,,,,,,,
y1_online_only,LEO_ONLY,24,0,200,2,97,ok,,0,1,44.318625,374,1,3.652,13.887,1.76265E+12,1.76265E+12,,,,,,,,,,,,,,,
y1_online_only,LEO_ONLY,24,0,200,2,98,ok,,0,1,52.177209,374,1,3.648,14.265,1.76265E+12,1.76265E+12,,,,,,,,,,,,,,,
y1_online_only,LEO_ONLY,24,0,200,2,99,ok,,0,1,50.78820899,374,1,3.866,14.646,1.76265E+12,1.76265E+12,,,,,,,,,,,,,,,
y1_online_only,LEO_ONLY,24,0,200,2,100,ok,,0,1,47.77995902,374,1,3.763,14.284,1.76265E+12,1.76265E+12,,,,,,,,,,,,,,,
y1_online_only,LEO_ONLY,24,0,200,2,101,ok,,0,1,46.499958,374,1,3.54,13.531,1.76265E+12,1.76265E+12,,,,,,,,,,,,,,,
y1_online_only,LEO_ONLY,24,0,200,2,102,ok,,0,1,47.13491703,374,1,3.67,14.1,1.76265E+12,1.76265E+12,,,,,,,,,,,,,,,
y1_online_only,LEO_ONLY,24,0,200,2,103,ok,,0,1,45.76441599,374,1,3.635,14.067,1.76265E+12,1.76265E+12,,,,,,,,,,,,,,,
y1_online_only,LEO_ONLY,24,0,200,2,104,ok,,0,1,48.052792,374,1,3.703,14.081,1.76265E+12,1.76265E+12,,,,,,,,,,,,,,,
y1_online_only,LEO_ONLY,24,0,200,2,105,ok,,0,1,47.66354198,374,1,3.77,14.219,1.76265E+12,1.76265E+12,,,,,,,,,,,,,,,
y1_online_only,LEO_ONLY,24,0,200,2,106,ok,,0,1,47.150792,374,1,3.745,14.197,1.76265E+12,1.76265E+12,,,,,,,,,,,,,,,
y1_online_only,LEO_ONLY,24,0,200,2,107,ok,,0,1,48.87141701,374,1,3.918,14.437,1.76265E+12,1.76265E+12,,,,,,,,,,,,,,,
y1_online_only,LEO_ONLY,24,0,200,2,108,ok,,0,1,49.93345801,374,1,3.799,14.684,1.76265E+12,1.76265E+12,,,,,,,,,,,,,,,
y1_online_only,LEO_ONLY,24,0,200,2,109,ok,,0,1,48.60362501,374,1,3.665,13.886,1.76265E+12,1.76265E+12,,,,,,,,,,,,,,,
y1_online_only,LEO_ONLY,24,0,200,2,110,ok,,0,1,44.85279199,374,1,3.665,13.878,1.76265E+12,1.76265E+12,,,,,,,,,,,,,,,
y1_online_only,LEO_ONLY,24,0,200,2,111,ok,,0,1,49.22312501,374,1,3.618,13.995,1.76265E+12,1.76265E+12,,,,,,,,,,,,,,,
y1_online_only,LEO_ONLY,24,0,200,2,112,ok,,0,1,43.54849999,374,1,4.125,14.457,1.76265E+12,1.76265E+12,,,,,,,,,,,,,,,
y1_online_only,LEO_ONLY,24,0,200,2,113,ok,,0,1,43.76658401,374,1,3.522,13.561,1.76265E+12,1.76265E+12,,,,,,,,,,,,,,,
y1_online_only,LEO_ONLY,24,0,200,2,114,ok,,0,1,50.97241601,374,1,3.775,14.078,1.76265E+12,1.76265E+12,,,,,,,,,,,,,,,
y1_online_only,LEO_ONLY,24,0,200,2,115,ok,,0,1,48.29908299,374,1,3.785,14.585,1.76265E+12,1.76265E+12,,,,,,,,,,,,,,,
y1_online_only,LEO_ONLY,24,0,200,2,116,ok,,0,1,55.70545798,374,1,3.828,14.54,1.76265E+12,1.76265E+12,,,,,,,,,,,,,,,
y1_online_only,LEO_ONLY,24,0,200,2,117,ok,,0,1,47.65204201,374,1,3.697,14.809,1.76265E+12,1.76265E+12,,,,,,,,,,,,,,,
y1_online_only,LEO_ONLY,24,0,200,2,118,ok,,0,1,49.585292,374,1,3.67,14.255,1.76265E+12,1.76265E+12,,,,,,,,,,,,,,,
y1_online_only,LEO_ONLY,24,0,200,2,119,ok,,0,1,44.930417,374,1,3.611,14.101,1.76265E+12,1.76265E+12,,,,,,,,,,,,,,,
y1_online_only,LEO_ONLY,24,0,200,2,120,ok,,0,1,50.52945801,374,1,3.806,14.404,1.76265E+12,1.76265E+12,,,,,,,,,,,,,,,
y1_online_only,LEO_ONLY,24,0,200,2,121,ok,,0,1,48.232,374,1,3.375,13.631,1.76265E+12,1.76265E+12,,,,,,,,,,,,,,,
y1_online_only,LEO_ONLY,24,0,200,2,122,ok,,0,1,52.030708,374,1,3.717,13.907,1.76265E+12,1.76265E+12,,,,,,,,,,,,,,,
y1_online_only,LEO_ONLY,24,0,200,2,123,ok,,0,1,43.587708,374,1,3.695,13.995,1.76265E+12,1.76265E+12,,,,,,,,,,,,,,,
y1_online_only,LEO_ONLY,24,0,200,2,124,ok,,0,1,46.99262499,374,1,3.752,14.573,1.76265E+12,1.76265E+12,,,,,,,,,,,,,,,
y1_online_only,LEO_ONLY,24,0,200,2,125,ok,,0,1,44.605667,374,1,3.69,14.015,1.76265E+12,1.76265E+12,,,,,,,,,,,,,,,
y1_online_only,LEO_ONLY,24,0,200,2,126,ok,,0,1,42.601667,374,1,3.606,14.036,1.76265E+12,1.76265E+12,,,,,,,,,,,,,,,
y1_online_only,LEO_ONLY,24,0,200,2,127,ok,,0,1,44.32812499,374,1,3.814,13.858,1.76265E+12,1.76265E+12,,,,,,,,,,,,,,,
y1_online_only,LEO_ONLY,24,0,200,2,128,ok,,0,1,44.28975002,374,1,3.746,14.19,1.76265E+12,1.76265E+12,,,,,,,,,,,,,,,
y1_online_only,LEO_ONLY,24,0,200,2,129,ok,,0,1,47.29345802,374,1,3.624,14.065,1.76265E+12,1.76265E+12,,,,,,,,,,,,,,,
y1_online_only,LEO_ONLY,24,0,200,2,130,ok,,0,1,42.83291599,374,1,3.918,14.485,1.76265E+12,1.76265E+12,,,,,,,,,,,,,,,
y1_online_only,LEO_ONLY,24,0,200,2,131,ok,,0,1,52.40645801,374,1,3.72,14.128,1.76265E+12,1.76265E+12,,,,,,,,,,,,,,,
y1_online_only,LEO_ONLY,24,0,200,2,132,ok,,0,1,45.69162501,374,1,3.736,14.209,1.76265E+12,1.76265E+12,,,,,,,,,,,,,,,
y1_online_only,LEO_ONLY,24,0,200,2,133,ok,,0,1,52.02658402,374,1,3.766,14.306,1.76265E+12,1.76265E+12,,,,,,,,,,,,,,,
y1_online_only,LEO_ONLY,24,0,200,2,134,ok,,0,1,49.12833302,374,1,3.908,14.756,1.76265E+12,1.76265E+12,,,,,,,,,,,,,,,
y1_online_only,LEO_ONLY,24,0,200,2,135,ok,,0,1,49.902959,374,1,3.713,14.401,1.76265E+12,1.76265E+12,,,,,,,,,,,,,,,
y1_online_only,LEO_ONLY,24,0,200,2,136,ok,,0,1,46.60870801,374,1,3.758,14.469,1.76265E+12,1.76265E+12,,,,,,,,,,,,,,,
y1_online_only,LEO_ONLY,24,0,200,2,137,ok,,0,1,50.11933303,374,1,3.781,14.562,1.76265E+12,1.76265E+12,,,,,,,,,,,,,,,
y1_online_only,LEO_ONLY,24,0,200,2,138,ok,,0,1,48.946917,374,1,3.692,14.432,1.76265E+12,1.76265E+12,,,,,,,,,,,,,,,
y1_online_only,LEO_ONLY,24,0,200,2,139,ok,,0,1,49.03249998,374,1,3.759,14.222,1.76265E+12,1.76265E+12,,,,,,,,,,,,,,,
y1_online_only,LEO_ONLY,24,0,200,2,140,ok,,0,1,58.81620798,374,1,3.832,14.808,1.76265E+12,1.76265E+12,,,,,,,,,,,,,,,
y1_online_only,LEO_ONLY,24,0,200,2,141,ok,,0,1,43.49041698,374,1,3.699,14.085,1.76265E+12,1.76265E+12,,,,,,,,,,,,,,,
y1_online_only,LEO_ONLY,24,0,200,2,142,ok,,0,1,53.820792,374,1,3.696,13.863,1.76265E+12,1.76265E+12,,,,,,,,,,,,,,,
y1_online_only,LEO_ONLY,24,0,200,2,143,ok,,0,1,48.22604198,374,1,3.668,13.972,1.76265E+12,1.76265E+12,,,,,,,,,,,,,,,
y1_online_only,LEO_ONLY,24,0,200,2,144,ok,,0,1,44.30979097,374,1,3.822,14.51,1.76265E+12,1.76265E+12,,,,,,,,,,,,,,,
y1_online_only,LEO_ONLY,24,0,200,2,145,ok,,0,1,50.697042,374,1,3.649,15.323,1.76265E+12,1.76265E+12,,,,,,,,,,,,,,,
y1_online_only,LEO_ONLY,24,0,200,2,146,ok,,0,1,48.60191699,374,1,4.197,14.625,1.76265E+12,1.76265E+12,,,,,,,,,,,,,,,
y1_online_only,LEO_ONLY,24,0,200,2,147,ok,,0,1,44.60008399,374,1,3.771,14.122,1.76265E+12,1.76265E+12,,,,,,,,,,,,,,,
y1_online_only,LEO_ONLY,24,0,200,2,148,ok,,0,1,49.87841699,374,1,3.597,14.204,1.76265E+12,1.76265E+12,,,,,,,,,,,,,,,
y1_online_only,LEO_ONLY,24,0,200,2,149,ok,,0,1,41.766626,374,1,3.604,14.124,1.76265E+12,1.76265E+12,,,,,,,,,,,,,,,
y1_online_only,LEO_ONLY,24,0,200,2,150,ok,,0,1,49.63108301,373,1,3.71,14.086,1.76265E+12,1.76265E+12,,,,,,,,,,,,,,,
y1_online_only,LEO_ONLY,24,0,200,2,151,ok,,0,1,46.508625,374,1,3.631,14.254,1.76265E+12,1.76265E+12,,,,,,,,,,,,,,,
y1_online_only,LEO_ONLY,24,0,200,2,152,ok,,0,1,48.63595901,374,1,3.696,14.371,1.76265E+12,1.76265E+12,,,,,,,,,,,,,,,
y1_online_only,LEO_ONLY,24,0,200,2,153,ok,,0,1,41.815959,374,1,3.661,14.124,1.76265E+12,1.76265E+12,,,,,,,,,,,,,,,
y1_online_only,LEO_ONLY,24,0,200,2,154,ok,,0,1,47.51912499,374,1,3.823,14.11,1.76265E+12,1.76265E+12,,,,,,,,,,,,,,,
y1_online_only,LEO_ONLY,24,0,200,2,155,ok,,0,1,49.52912501,374,1,3.534,13.431,1.76265E+12,1.76265E+12,,,,,,,,,,,,,,,
y1_online_only,LEO_ONLY,24,0,200,2,156,ok,,0,1,42.17149998,374,1,3.73,14.04,1.76265E+12,1.76265E+12,,,,,,,,,,,,,,,
y1_online_only,LEO_ONLY,24,0,200,2,157,ok,,0,1,55.59137501,374,1,3.708,14.44,1.76265E+12,1.76265E+12,,,,,,,,,,,,,,,
y1_online_only,LEO_ONLY,24,0,200,2,158,ok,,0,1,53.59779097,374,1,3.7,14.255,1.76265E+12,1.76265E+12,,,,,,,,,,,,,,,
y1_online_only,LEO_ONLY,24,0,200,2,159,ok,,0,1,46.30850002,374,1,3.891,14.175,1.76265E+12,1.76265E+12,,,,,,,,,,,,,,,
y1_online_only,LEO_ONLY,24,0,200,2,160,ok,,0,1,48.20475,374,1,3.7,13.991,1.76265E+12,1.76265E+12,,,,,,,,,,,,,,,
y1_online_only,LEO_ONLY,24,0,200,2,161,ok,,0,1,40.873708,374,1,3.638,13.486,1.76265E+12,1.76265E+12,,,,,,,,,,,,,,,
y1_online_only,LEO_ONLY,24,0,200,2,162,ok,,0,1,44.93937499,374,1,3.531,13.576,1.76265E+12,1.76265E+12,,,,,,,,,,,,,,,
y1_online_only,LEO_ONLY,24,0,200,2,163,ok,,0,1,48.90716699,374,1,3.702,14.068,1.76265E+12,1.76265E+12,,,,,,,,,,,,,,,
y1_online_only,LEO_ONLY,24,0,200,2,164,ok,,0,1,51.13133299,374,1,3.632,14.194,1.76265E+12,1.76265E+12,,,,,,,,,,,,,,,
y1_online_only,LEO_ONLY,24,0,200,2,165,ok,,0,1,47.418667,374,1,3.678,14.41,1.76265E+12,1.76265E+12,,,,,,,,,,,,,,,
y1_online_only,LEO_ONLY,24,0,200,2,166,ok,,0,1,49.90487499,374,1,3.84,14.631,1.76265E+12,1.76265E+12,,,,,,,,,,,,,,,
y1_online_only,LEO_ONLY,24,0,200,2,167,ok,,0,1,40.35912501,374,1,3.654,13.951,1.76265E+12,1.76265E+12,,,,,,,,,,,,,,,
y1_online_only,LEO_ONLY,24,0,200,2,168,ok,,0,1,45.78158399,374,1,3.678,14.053,1.76265E+12,1.76265E+12,,,,,,,,,,,,,,,
y1_online_only,LEO_ONLY,24,0,200,2,169,ok,,0,1,56.220292,374,1,3.782,14.94,1.76265E+12,1.76265E+12,,,,,,,,,,,,,,,
y1_online_only,LEO_ONLY,24,0,200,2,170,ok,,0,1,57.90754201,374,1,3.799,14.751,1.76265E+12,1.76265E+12,,,,,,,,,,,,,,,
y1_online_only,LEO_ONLY,24,0,200,2,171,ok,,0,1,49.31112501,374,1,3.783,13.808,1.76265E+12,1.76265E+12,,,,,,,,,,,,,,,
y1_online_only,LEO_ONLY,24,0,200,2,172,ok,,0,1,49.932458,374,1,3.774,14.326,1.76265E+12,1.76265E+12,,,,,,,,,,,,,,,
y1_online_only,LEO_ONLY,24,0,200,2,173,ok,,0,1,46.26975002,374,1,3.711,14.541,1.76265E+12,1.76265E+12,,,,,,,,,,,,,,,
y1_online_only,LEO_ONLY,24,0,200,2,174,ok,,0,1,46.68458301,374,1,3.837,13.719,1.76265E+12,1.76265E+12,,,,,,,,,,,,,,,
y1_online_only,LEO_ONLY,24,0,200,2,175,ok,,0,1,46.56191601,374,1,3.786,14.132,1.76265E+12,1.76265E+12,,,,,,,,,,,,,,,
y1_online_only,LEO_ONLY,24,0,200,2,176,ok,,0,1,41.423791,374,1,3.663,13.863,1.76265E+12,1.76265E+12,,,,,,,,,,,,,,,
y1_online_only,LEO_ONLY,24,0,200,2,177,ok,,0,1,50.26104199,374,1,3.649,14.026,1.76265E+12,1.76265E+12,,,,,,,,,,,,,,,
y1_online_only,LEO_ONLY,24,0,200,2,178,ok,,0,1,47.986416,374,1,3.797,14.064,1.76265E+12,1.76265E+12,,,,,,,,,,,,,,,
y1_online_only,LEO_ONLY,24,0,200,2,179,ok,,0,1,44.574167,374,1,3.708,14,1.76265E+12,1.76265E+12,,,,,,,,,,,,,,,
y1_online_only,LEO_ONLY,24,0,200,2,180,ok,,0,1,46.30754102,374,1,3.879,14.276,1.76265E+12,1.76265E+12,,,,,,,,,,,,,,,
y1_online_only,LEO_ONLY,24,0,200,2,181,ok,,0,1,42.64808301,374,1,3.447,13.61,1.76265E+12,1.76265E+12,,,,,,,,,,,,,,,
y1_online_only,LEO_ONLY,24,0,200,2,182,ok,,0,1,46.67049999,374,1,3.699,13.98,1.76265E+12,1.76265E+12,,,,,,,,,,,,,,,
y1_online_only,LEO_ONLY,24,0,200,2,183,ok,,0,1,46.65304202,374,1,3.703,14.175,1.76265E+12,1.76265E+12,,,,,,,,,,,,,,,
y1_online_only,LEO_ONLY,24,0,200,2,184,ok,,0,1,46.48370799,374,1,3.842,14.263,1.76265E+12,1.76265E+12,,,,,,,,,,,,,,,
y1_online_only,LEO_ONLY,24,0,200,2,185,ok,,0,1,45.60341599,374,1,3.803,14.288,1.76265E+12,1.76265E+12,,,,,,,,,,,,,,,
y1_online_only,LEO_ONLY,24,0,200,2,186,ok,,0,1,49.38408299,374,1,3.858,14.443,1.76265E+12,1.76265E+12,,,,,,,,,,,,,,,
y1_online_only,LEO_ONLY,24,0,200,2,187,ok,,0,1,55.95149999,374,1,4.042,14.642,1.76265E+12,1.76265E+12,,,,,,,,,,,,,,,
y1_online_only,LEO_ONLY,24,0,200,2,188,ok,,0,1,45.392709,374,1,3.552,13.463,1.76265E+12,1.76265E+12,,,,,,,,,,,,,,,
y1_online_only,LEO_ONLY,24,0,200,2,189,ok,,0,1,49.87000002,374,1,3.87,13.925,1.76265E+12,1.76265E+12,,,,,,,,,,,,,,,
y1_online_only,LEO_ONLY,24,0,200,2,190,ok,,0,1,44.49816601,374,1,3.642,13.822,1.76265E+12,1.76265E+12,,,,,,,,,,,,,,,
y1_online_only,LEO_ONLY,24,0,200,2,191,ok,,0,1,51.86899999,374,1,3.732,13.778,1.76265E+12,1.76265E+12,,,,,,,,,,,,,,,
y1_online_only,LEO_ONLY,24,0,200,2,192,ok,,0,1,52.02708399,374,1,3.708,14.041,1.76265E+12,1.76265E+12,,,,,,,,,,,,,,,
y1_online_only,LEO_ONLY,24,0,200,2,193,ok,,0,1,50.39758401,374,1,3.729,14.862,1.76265E+12,1.76265E+12,,,,,,,,,,,,,,,
y1_online_only,LEO_ONLY,24,0,200,2,194,ok,,0,1,49.363709,374,1,3.759,14.625,1.76265E+12,1.76265E+12,,,,,,,,,,,,,,,
y1_online_only,LEO_ONLY,24,0,200,2,195,ok,,0,1,44.82937502,374,1,3.671,13.926,1.76265E+12,1.76265E+12,,,,,,,,,,,,,,,
y1_online_only,LEO_ONLY,24,0,200,2,196,ok,,0,1,51.61204201,374,1,3.776,14.108,1.76265E+12,1.76265E+12,,,,,,,,,,,,,,,
y1_online_only,LEO_ONLY,24,0,200,2,197,ok,,0,1,52.38100002,374,1,3.69,14.197,1.76265E+12,1.76265E+12,,,,,,,,,,,,,,,
y1_online_only,LEO_ONLY,24,0,200,2,198,ok,,0,1,47.632667,374,1,3.745,14.035,1.76265E+12,1.76265E+12,,,,,,,,,,,,,,,
y1_online_only,LEO_ONLY,24,0,200,2,199,ok,,0,1,48.563791,374,1,3.741,14.331,1.76265E+12,1.76265E+12,,,,,,,,,,,,,,,
y1_online_only,LEO_ONLY,24,0,200,2,200,ok,,0,1,49.98729101,374,1,3.748,14.429,1.76265E+12,1.76265E+12,,,,,,,,,,,,,,,
y1_online_only,LEO_ONLY,24,0,200,2,201,ok,,0,1,49.20800001,374,1,3.619,13.752,1.76265E+12,1.76265E+12,,,,,,,,,,,,,,,
y1_online_only,LEO_ONLY,24,0,200,2,202,ok,,0,1,48.47087502,374,1,3.788,14.015,1.76265E+12,1.76265E+12,,,,,,,,,,,,,,,
y1_online_only,LEO_ONLY,24,0,200,2,203,ok,,0,1,48.64687499,374,1,3.836,14.478,1.76265E+12,1.76265E+12,,,,,,,,,,,,,,,
y1_online_only,LEO_ONLY,24,0,200,2,204,ok,,0,1,44.53925003,374,1,3.813,14.258,1.76265E+12,1.76265E+12,,,,,,,,,,,,,,,
y1_online_only,LEO_ONLY,24,0,200,2,205,ok,,0,1,47.76966598,374,1,3.882,14.379,1.76265E+12,1.76265E+12,,,,,,,,,,,,,,,
y1_online_only,LEO_ONLY,24,0,200,2,206,ok,,0,1,50.32929199,374,1,3.829,13.921,1.76265E+12,1.76265E+12,,,,,,,,,,,,,,,
y1_online_only,LEO_ONLY,24,0,200,2,207,ok,,0,1,49.971375,374,1,3.82,14.39,1.76265E+12,1.76265E+12,,,,,,,,,,,,,,,
y1_online_only,LEO_ONLY,24,0,200,2,208,ok,,0,1,41.81512501,374,1,3.633,13.797,1.76265E+12,1.76265E+12,,,,,,,,,,,,,,,
y1_online_only,LEO_ONLY,24,0,200,2,209,ok,,0,1,46.58220799,374,1,3.706,14.233,1.76265E+12,1.76265E+12,,,,,,,,,,,,,,,
y1_online_only,LEO_ONLY,24,0,200,2,210,ok,,0,1,45.31495899,374,1,3.774,13.816,1.76265E+12,1.76265E+12,,,,,,,,,,,,,,,
y1_online_only,LEO_ONLY,24,0,200,2,211,ok,,0,1,46.23449998,374,1,3.771,14.19,1.76265E+12,1.76265E+12,,,,,,,,,,,,,,,
y1_online_only,LEO_ONLY,24,0,200,2,212,ok,,0,1,51.31725001,374,1,3.694,14.254,1.76265E+12,1.76265E+12,,,,,,,,,,,,,,,
y1_online_only,LEO_ONLY,24,0,200,2,213,ok,,0,1,41.163583,374,1,3.687,14.208,1.76265E+12,1.76265E+12,,,,,,,,,,,,,,,
y1_online_only,LEO_ONLY,24,0,200,2,214,ok,,0,1,47.78287502,374,1,3.83,14.09,1.76265E+12,1.76265E+12,,,,,,,,,,,,,,,
y1_online_only,LEO_ONLY,24,0,200,2,215,ok,,0,1,47.2725,374,1,3.556,13.492,1.76265E+12,1.76265E+12,,,,,,,,,,,,,,,
y1_online_only,LEO_ONLY,24,0,200,2,216,ok,,0,1,46.409334,374,1,3.692,13.879,1.76265E+12,1.76265E+12,,,,,,,,,,,,,,,
y1_online_only,LEO_ONLY,24,0,200,2,217,ok,,0,1,49.70841701,374,1,3.906,14.349,1.76265E+12,1.76265E+12,,,,,,,,,,,,,,,
y1_online_only,LEO_ONLY,24,0,200,2,218,ok,,0,1,49.340125,374,1,3.698,13.833,1.76265E+12,1.76265E+12,,,,,,,,,,,,,,,
y1_online_only,LEO_ONLY,24,0,200,2,219,ok,,0,1,45.19450001,374,1,3.671,13.959,1.76265E+12,1.76265E+12,,,,,,,,,,,,,,,
y1_online_only,LEO_ONLY,24,0,200,2,220,ok,,0,1,48.74612499,374,1,3.86,14.092,1.76265E+12,1.76265E+12,,,,,,,,,,,,,,,
y1_online_only,LEO_ONLY,24,0,200,2,221,ok,,0,1,47.17795801,374,1,3.91,14.107,1.76265E+12,1.76265E+12,,,,,,,,,,,,,,,
y1_online_only,LEO_ONLY,24,0,200,2,222,ok,,0,1,46.15149999,374,1,3.699,14.238,1.76265E+12,1.76265E+12,,,,,,,,,,,,,,,
y1_online_only,LEO_ONLY,24,0,200,2,223,ok,,0,1,44.17179202,374,1,3.78,14.19,1.76265E+12,1.76265E+12,,,,,,,,,,,,,,,
y1_online_only,LEO_ONLY,24,0,200,2,224,ok,,0,1,47.35466698,374,1,3.461,13.504,1.76265E+12,1.76265E+12,,,,,,,,,,,,,,,
y1_online_only,LEO_ONLY,24,0,200,2,225,ok,,0,1,50.49220801,374,1,3.661,13.849,1.76265E+12,1.76265E+12,,,,,,,,,,,,,,,
y1_online_only,LEO_ONLY,24,0,200,2,226,ok,,0,1,51.32195901,374,1,3.673,13.918,1.76265E+12,1.76265E+12,,,,,,,,,,,,,,,
y1_online_only,LEO_ONLY,24,0,200,2,227,ok,,0,1,44.95866701,374,1,3.658,14.443,1.76265E+12,1.76265E+12,,,,,,,,,,,,,,,
y1_online_only,LEO_ONLY,24,0,200,2,228,ok,,0,1,43.34620899,373,1,3.801,14.236,1.76265E+12,1.76265E+12,,,,,,,,,,,,,,,
y1_online_only,LEO_ONLY,24,0,200,2,229,ok,,0,1,52.803167,374,1,3.705,13.795,1.76265E+12,1.76265E+12,,,,,,,,,,,,,,,
y1_online_only,LEO_ONLY,24,0,200,2,230,ok,,0,1,49.42349999,373,1,3.71,14.378,1.76265E+12,1.76265E+12,,,,,,,,,,,,,,,
y1_online_only,LEO_ONLY,24,0,200,2,231,ok,,0,1,51.73320801,374,1,3.707,14.06,1.76265E+12,1.76265E+12,,,,,,,,,,,,,,,
y1_online_only,LEO_ONLY,24,0,200,2,232,ok,,0,1,41.22891699,374,1,3.853,14.264,1.76265E+12,1.76265E+12,,,,,,,,,,,,,,,
y1_online_only,LEO_ONLY,24,0,200,2,233,ok,,0,1,50.46495798,374,1,3.726,14.686,1.76265E+12,1.76265E+12,,,,,,,,,,,,,,,
y1_online_only,LEO_ONLY,24,0,200,2,234,ok,,0,1,48.101083,374,1,3.737,14.172,1.76265E+12,1.76265E+12,,,,,,,,,,,,,,,
y1_online_only,LEO_ONLY,24,0,200,2,235,ok,,0,1,49.054542,373,1,3.713,13.778,1.76265E+12,1.76265E+12,,,,,,,,,,,,,,,
y1_online_only,LEO_ONLY,24,0,200,2,236,ok,,0,1,49.875792,374,1,3.84,14.373,1.76265E+12,1.76265E+12,,,,,,,,,,,,,,,
y1_online_only,LEO_ONLY,24,0,200,2,237,ok,,0,1,48.13275,374,1,3.808,14.4,1.76265E+12,1.76265E+12,,,,,,,,,,,,,,,
y1_online_only,LEO_ONLY,24,0,200,2,238,ok,,0,1,48.684084,374,1,3.632,14.043,1.76265E+12,1.76265E+12,,,,,,,,,,,,,,,
y1_online_only,LEO_ONLY,24,0,200,2,239,ok,,0,1,47.30099998,374,1,3.719,14.442,1.76265E+12,1.76265E+12,,,,,,,,,,,,,,,
y1_online_only,LEO_ONLY,24,0,200,2,240,ok,,0,1,44.44266699,374,1,3.763,13.833,1.76265E+12,1.76265E+12,,,,,,,,,,,,,,,
y1_online_only,LEO_ONLY,24,0,200,2,241,ok,,0,1,46.68383402,374,1,3.795,14.372,1.76265E+12,1.76265E+12,,,,,,,,,,,,,,,
y1_online_only,LEO_ONLY,24,0,200,2,242,ok,,0,1,50.67733402,374,1,3.713,14.402,1.76265E+12,1.76265E+12,,,,,,,,,,,,,,,
y1_online_only,LEO_ONLY,24,0,200,2,243,ok,,0,1,50.69345899,374,1,3.628,14.172,1.76265E+12,1.76265E+12,,,,,,,,,,,,,,,
y1_online_only,LEO_ONLY,24,0,200,2,244,ok,,0,1,44.40379201,374,1,3.749,14.47,1.76265E+12,1.76265E+12,,,,,,,,,,,,,,,
y1_online_only,LEO_ONLY,24,0,200,2,245,ok,,0,1,47.558416,374,1,3.978,14.441,1.76265E+12,1.76265E+12,,,,,,,,,,,,,,,
y1_online_only,LEO_ONLY,24,0,200,2,246,ok,,0,1,54.29533299,374,1,3.749,14.473,1.76265E+12,1.76265E+12,,,,,,,,,,,,,,,
y1_online_only,LEO_ONLY,24,0,200,2,247,ok,,0,1,52.37054199,374,1,3.732,14.228,1.76265E+12,1.76265E+12,,,,,,,,,,,,,,,
y1_online_only,LEO_ONLY,24,0,200,2,248,ok,,0,1,47.390458,374,1,3.655,14.049,1.76265E+12,1.76265E+12,,,,,,,,,,,,,,,
y1_online_only,LEO_ONLY,24,0,200,2,249,ok,,0,1,45.26350001,374,1,5.688,13.576,1.76265E+12,1.76265E+12,,,,,,,,,,,,,,,
y1_online_only,LEO_ONLY,24,0,200,2,250,ok,,0,1,41.07125002,374,1,3.722,13.806,1.76265E+12,1.76265E+12,,,,,,,,,,,,,,,
y1_online_only,LEO_ONLY,24,0,200,2,251,ok,,0,1,51.31679101,374,1,3.675,14.541,1.76265E+12,1.76265E+12,,,,,,,,,,,,,,,
y1_online_only,LEO_ONLY,24,0,200,2,252,ok,,0,1,43.128708,374,1,3.779,14.153,1.76265E+12,1.76265E+12,,,,,,,,,,,,,,,
y1_online_only,LEO_ONLY,24,0,200,2,253,ok,,0,1,47.10825,374,1,3.685,13.77,1.76265E+12,1.76265E+12,,,,,,,,,,,,,,,
y1_online_only,LEO_ONLY,24,0,200,2,254,ok,,0,1,46.018166,374,1,3.63,14.055,1.76265E+12,1.76265E+12,,,,,,,,,,,,,,,
y1_online_only,LEO_ONLY,24,0,200,2,255,ok,,0,1,50.28349999,374,1,3.789,14.386,1.76265E+12,1.76265E+12,,,,,,,,,,,,,,,
y1_online_only,LEO_ONLY,24,0,200,2,256,ok,,0,1,47.559042,374,1,3.855,14.401,1.76265E+12,1.76265E+12,,,,,,,,,,,,,,,
y1_online_only,LEO_ONLY,24,0,200,2,257,ok,,0,1,43.813292,374,1,3.724,13.77,1.76265E+12,1.76265E+12,,,,,,,,,,,,,,,
y1_online_only,LEO_ONLY,24,0,200,2,258,ok,,0,1,52.280209,374,1,3.452,13.644,1.76265E+12,1.76265E+12,,,,,,,,,,,,,,,
y1_online_only,LEO_ONLY,24,0,200,2,259,ok,,0,1,44.655167,374,1,3.672,13.933,1.76265E+12,1.76265E+12,,,,,,,,,,,,,,,
y1_online_only,LEO_ONLY,24,0,200,2,260,ok,,0,1,51.323083,374,1,3.975,14.737,1.76265E+12,1.76265E+12,,,,,,,,,,,,,,,
y1_online_only,LEO_ONLY,24,0,200,2,261,ok,,0,1,47.14029201,374,1,3.644,14.139,1.76265E+12,1.76265E+12,,,,,,,,,,,,,,,
y1_online_only,LEO_ONLY,24,0,200,2,262,ok,,0,1,55.627125,374,1,3.636,13.739,1.76265E+12,1.76265E+12,,,,,,,,,,,,,,,
y1_online_only,LEO_ONLY,24,0,200,2,263,ok,,0,1,47.834625,374,1,3.827,14.502,1.76265E+12,1.76265E+12,,,,,,,,,,,,,,,
y1_online_only,LEO_ONLY,24,0,200,2,264,ok,,0,1,40.548333,374,1,3.787,13.834,1.76265E+12,1.76265E+12,,,,,,,,,,,,,,,
y1_online_only,LEO_ONLY,24,0,200,2,265,ok,,0,1,42.555416,374,1,3.728,14.203,1.76265E+12,1.76265E+12,,,,,,,,,,,,,,,
y1_online_only,LEO_ONLY,24,0,200,2,266,ok,,0,1,52.61312498,374,1,3.675,14.149,1.76265E+12,1.76265E+12,,,,,,,,,,,,,,,
y1_online_only,LEO_ONLY,24,0,200,2,267,ok,,0,1,45.23675001,374,1,3.696,13.899,1.76265E+12,1.76265E+12,,,,,,,,,,,,,,,
y1_online_only,LEO_ONLY,24,0,200,2,268,ok,,0,1,55.14387501,374,1,3.762,14.492,1.76265E+12,1.76265E+12,,,,,,,,,,,,,,,
y1_online_only,LEO_ONLY,24,0,200,2,269,ok,,0,1,48.59262498,374,1,3.775,14.211,1.76265E+12,1.76265E+12,,,,,,,,,,,,,,,
y1_online_only,LEO_ONLY,24,0,200,2,270,ok,,0,1,44.64383301,374,1,3.608,13.841,1.76265E+12,1.76265E+12,,,,,,,,,,,,,,,
y1_online_only,LEO_ONLY,24,0,200,2,271,ok,,0,1,45.763542,373,1,3.774,13.905,1.76265E+12,1.76265E+12,,,,,,,,,,,,,,,
y1_online_only,LEO_ONLY,24,0,200,2,272,ok,,0,1,43.14162501,374,1,3.776,14.058,1.76265E+12,1.76265E+12,,,,,,,,,,,,,,,
y1_online_only,LEO_ONLY,24,0,200,2,273,ok,,0,1,53.415375,374,1,3.702,14.174,1.76265E+12,1.76265E+12,,,,,,,,,,,,,,,
y1_online_only,LEO_ONLY,24,0,200,2,274,ok,,0,1,48.37237502,374,1,3.843,14.455,1.76265E+12,1.76265E+12,,,,,,,,,,,,,,,
y1_online_only,LEO_ONLY,24,0,200,2,275,ok,,0,1,45.85616698,374,1,3.89,14.518,1.76265E+12,1.76265E+12,,,,,,,,,,,,,,,
y1_online_only,LEO_ONLY,24,0,200,2,276,ok,,0,1,46.73195802,373,1,3.66,14.341,1.76265E+12,1.76265E+12,,,,,,,,,,,,,,,
y1_online_only,LEO_ONLY,24,0,200,2,277,ok,,0,1,47.09054102,374,1,3.885,13.977,1.76265E+12,1.76265E+12,,,,,,,,,,,,,,,
y1_online_only,LEO_ONLY,24,0,200,2,278,ok,,0,1,46.09758401,374,1,3.771,14.236,1.76265E+12,1.76265E+12,,,,,,,,,,,,,,,
y1_online_only,LEO_ONLY,24,0,200,2,279,ok,,0,1,46.15849999,374,1,3.677,14.002,1.76265E+12,1.76265E+12,,,,,,,,,,,,,,,
y1_online_only,LEO_ONLY,24,0,200,2,280,ok,,0,1,52.371875,374,1,3.654,14.058,1.76265E+12,1.76265E+12,,,,,,,,,,,,,,,
y1_online_only,LEO_ONLY,24,0,200,2,281,ok,,0,1,46.91462501,374,1,3.657,13.673,1.76265E+12,1.76265E+12,,,,,,,,,,,,,,,
y1_online_only,LEO_ONLY,24,0,200,2,282,ok,,0,1,50.685708,374,1,3.686,14.025,1.76265E+12,1.76265E+12,,,,,,,,,,,,,,,
y1_online_only,LEO_ONLY,24,0,200,2,283,ok,,0,1,44.68012598,374,1,4.056,14.408,1.76265E+12,1.76265E+12,,,,,,,,,,,,,,,
y1_online_only,LEO_ONLY,24,0,200,2,284,ok,,0,1,43.25237501,374,1,3.544,13.648,1.76265E+12,1.76265E+12,,,,,,,,,,,,,,,
y1_online_only,LEO_ONLY,24,0,200,2,285,ok,,0,1,51.51391699,374,1,3.857,14.364,1.76265E+12,1.76265E+12,,,,,,,,,,,,,,,
y1_online_only,LEO_ONLY,24,0,200,2,286,ok,,0,1,44.59733402,374,1,3.682,14.258,1.76265E+12,1.76265E+12,,,,,,,,,,,,,,,
y1_online_only,LEO_ONLY,24,0,200,2,287,ok,,0,1,46.38504202,374,1,3.794,14.279,1.76265E+12,1.76265E+12,,,,,,,,,,,,,,,
y1_online_only,LEO_ONLY,24,0,200,2,288,ok,,0,1,52.05845798,374,1,3.715,14.028,1.76265E+12,1.76265E+12,,,,,,,,,,,,,,,
y1_online_only,LEO_ONLY,24,0,200,2,289,ok,,0,1,45.42429201,374,1,3.744,14.125,1.76265E+12,1.76265E+12,,,,,,,,,,,,,,,
y1_online_only,LEO_ONLY,24,0,200,2,290,ok,,0,1,44.10658401,374,1,3.725,13.957,1.76265E+12,1.76265E+12,,,,,,,,,,,,,,,
y1_online_only,LEO_ONLY,24,0,200,2,291,ok,,0,1,42.310583,374,1,3.659,13.918,1.76265E+12,1.76265E+12,,,,,,,,,,,,,,,
y1_online_only,LEO_ONLY,24,0,200,2,292,ok,,0,1,49.34554102,374,1,3.796,14.189,1.76265E+12,1.76265E+12,,,,,,,,,,,,,,,
y1_online_only,LEO_ONLY,24,0,200,2,293,ok,,0,1,52.36458298,374,1,3.624,13.72,1.76265E+12,1.76265E+12,,,,,,,,,,,,,,,
y1_online_only,LEO_ONLY,24,0,200,2,294,ok,,0,1,45.90254099,374,1,3.74,14.722,1.76265E+12,1.76265E+12,,,,,,,,,,,,,,,
y1_online_only,LEO_ONLY,24,0,200,2,295,ok,,0,1,46.581792,374,1,3.832,13.88,1.76265E+12,1.76265E+12,,,,,,,,,,,,,,,
y1_online_only,LEO_ONLY,24,0,200,2,296,ok,,0,1,46.920375,374,1,3.711,13.807,1.76265E+12,1.76265E+12,,,,,,,,,,,,,,,
y1_online_only,LEO_ONLY,24,0,200,2,297,ok,,0,1,42.71433299,374,1,3.687,13.438,1.76265E+12,1.76265E+12,,,,,,,,,,,,,,,
y1_online_only,LEO_ONLY,24,0,200,2,298,ok,,0,1,49.58108399,374,1,3.839,14.422,1.76265E+12,1.76265E+12,,,,,,,,,,,,,,,
y1_online_only,LEO_ONLY,24,0,200,2,299,ok,,0,1,46.05845801,374,1,3.638,14.418,1.76265E+12,1.76265E+12,,,,,,,,,,,,,,,
y1_online_only,LEO_ONLY,24,0,200,2,300,ok,,0,1,47.24945899,374,1,3.65,13.893,1.76265E+12,1.76265E+12,,,,,,,,,,,,,,,
y1_online_only,LEO_ONLY,24,0,400,2,1,ok,,0,1,45.526417,374,1,3.817,14.427,1.76265E+12,1.76265E+12,,,,,,,,,,,,,,,
y1_online_only,LEO_ONLY,24,0,400,2,2,ok,,0,1,52.79504202,374,1,3.824,14.584,1.76265E+12,1.76265E+12,,,,,,,,,,,,,,,
y1_online_only,LEO_ONLY,24,0,400,2,3,ok,,0,1,45.44824999,374,1,3.745,14.034,1.76265E+12,1.76265E+12,,,,,,,,,,,,,,,
y1_online_only,LEO_ONLY,24,0,400,2,4,ok,,0,1,44.07537502,374,1,3.711,13.8,1.76265E+12,1.76265E+12,,,,,,,,,,,,,,,
y1_online_only,LEO_ONLY,24,0,400,2,5,ok,,0,1,49.81237501,374,1,3.723,14.023,1.76265E+12,1.76265E+12,,,,,,,,,,,,,,,
y1_online_only,LEO_ONLY,24,0,400,2,6,ok,,0,1,45.03399998,374,1,3.854,14.566,1.76265E+12,1.76265E+12,,,,,,,,,,,,,,,
y1_online_only,LEO_ONLY,24,0,400,2,7,ok,,0,1,42.545,374,1,3.672,13.776,1.76265E+12,1.76265E+12,,,,,,,,,,,,,,,
y1_online_only,LEO_ONLY,24,0,400,2,8,ok,,0,1,51.04962498,374,1,3.859,14.508,1.76265E+12,1.76265E+12,,,,,,,,,,,,,,,
y1_online_only,LEO_ONLY,24,0,400,2,9,ok,,0,1,46.59620801,374,1,3.787,14.395,1.76265E+12,1.76265E+12,,,,,,,,,,,,,,,
y1_online_only,LEO_ONLY,24,0,400,2,10,ok,,0,1,49.28587499,374,1,3.777,14.57,1.76265E+12,1.76265E+12,,,,,,,,,,,,,,,
y1_online_only,LEO_ONLY,24,0,400,2,11,ok,,0,1,53.16120898,374,1,3.766,14.681,1.76265E+12,1.76265E+12,,,,,,,,,,,,,,,
y1_online_only,LEO_ONLY,24,0,400,2,12,ok,,0,1,48.53095801,374,1,3.839,14.328,1.76265E+12,1.76265E+12,,,,,,,,,,,,,,,
y1_online_only,LEO_ONLY,24,0,400,2,13,ok,,0,1,46.12300001,374,1,3.823,14.175,1.76265E+12,1.76265E+12,,,,,,,,,,,,,,,
y1_online_only,LEO_ONLY,24,0,400,2,14,ok,,0,1,52.21908301,374,1,3.682,14.139,1.76265E+12,1.76265E+12,,,,,,,,,,,,,,,
y1_online_only,LEO_ONLY,24,0,400,2,15,ok,,0,1,48.866667,374,1,3.794,14.352,1.76265E+12,1.76265E+12,,,,,,,,,,,,,,,
y1_online_only,LEO_ONLY,24,0,400,2,16,ok,,0,1,51.594666,374,1,3.772,14.096,1.76265E+12,1.76265E+12,,,,,,,,,,,,,,,
y1_online_only,LEO_ONLY,24,0,400,2,17,ok,,0,1,44.40499999,374,1,3.954,13.906,1.76265E+12,1.76265E+12,,,,,,,,,,,,,,,
y1_online_only,LEO_ONLY,24,0,400,2,18,ok,,0,1,48.69554201,374,1,3.768,13.608,1.76265E+12,1.76265E+12,,,,,,,,,,,,,,,
y1_online_only,LEO_ONLY,24,0,400,2,19,ok,,0,1,40.57699998,374,1,3.635,13.965,1.76265E+12,1.76265E+12,,,,,,,,,,,,,,,
y1_online_only,LEO_ONLY,24,0,400,2,20,ok,,0,1,53.229791,374,1,3.682,14.741,1.76265E+12,1.76265E+12,,,,,,,,,,,,,,,
y1_online_only,LEO_ONLY,24,0,400,2,21,ok,,0,1,46.97891601,374,1,3.621,14.38,1.76265E+12,1.76265E+12,,,,,,,,,,,,,,,
y1_online_only,LEO_ONLY,24,0,400,2,22,ok,,0,1,42.942792,374,1,3.735,14.761,1.76265E+12,1.76265E+12,,,,,,,,,,,,,,,
y1_online_only,LEO_ONLY,24,0,400,2,23,ok,,0,1,47.861208,374,1,3.802,14.477,1.76265E+12,1.76265E+12,,,,,,,,,,,,,,,
y1_online_only,LEO_ONLY,24,0,400,2,24,ok,,0,1,47.040834,374,1,3.664,13.947,1.76265E+12,1.76265E+12,,,,,,,,,,,,,,,
y1_online_only,LEO_ONLY,24,0,400,2,25,ok,,0,1,50.92924999,374,1,3.87,14.903,1.76265E+12,1.76265E+12,,,,,,,,,,,,,,,
y1_online_only,LEO_ONLY,24,0,400,2,26,ok,,0,1,47.837875,374,1,3.711,13.805,1.76265E+12,1.76265E+12,,,,,,,,,,,,,,,
y1_online_only,LEO_ONLY,24,0,400,2,27,ok,,0,1,52.733333,374,1,3.634,14.088,1.76265E+12,1.76265E+12,,,,,,,,,,,,,,,
y1_online_only,LEO_ONLY,24,0,400,2,28,ok,,0,1,48.70745802,374,1,3.854,14.062,1.76265E+12,1.76265E+12,,,,,,,,,,,,,,,
y1_online_only,LEO_ONLY,24,0,400,2,29,ok,,0,1,46.648291,373,1,3.684,13.551,1.76265E+12,1.76265E+12,,,,,,,,,,,,,,,
y1_online_only,LEO_ONLY,24,0,400,2,30,ok,,0,1,56.93183298,374,1,3.757,14.826,1.76265E+12,1.76265E+12,,,,,,,,,,,,,,,
y1_online_only,LEO_ONLY,24,0,400,2,31,ok,,0,1,46.07795799,374,1,3.639,13.983,1.76265E+12,1.76265E+12,,,,,,,,,,,,,,,
y1_online_only,LEO_ONLY,24,0,400,2,32,ok,,0,1,49.577,374,1,3.691,13.873,1.76265E+12,1.76265E+12,,,,,,,,,,,,,,,
y1_online_only,LEO_ONLY,24,0,400,2,33,ok,,0,1,52.42366702,374,1,3.486,14.024,1.76265E+12,1.76265E+12,,,,,,,,,,,,,,,
y1_online_only,LEO_ONLY,24,0,400,2,34,ok,,0,1,50.18020899,374,1,3.704,14.372,1.76265E+12,1.76265E+12,,,,,,,,,,,,,,,
y1_online_only,LEO_ONLY,24,0,400,2,35,ok,,0,1,46.70574999,374,1,3.757,13.886,1.76265E+12,1.76265E+12,,,,,,,,,,,,,,,
y1_online_only,LEO_ONLY,24,0,400,2,36,ok,,0,1,45.576542,374,1,3.742,14.11,1.76265E+12,1.76265E+12,,,,,,,,,,,,,,,
y1_online_only,LEO_ONLY,24,0,400,2,37,ok,,0,1,47.17516701,374,1,3.828,14.313,1.76265E+12,1.76265E+12,,,,,,,,,,,,,,,
y1_online_only,LEO_ONLY,24,0,400,2,38,ok,,0,1,55.845208,374,1,3.801,14.688,1.76265E+12,1.76265E+12,,,,,,,,,,,,,,,
y1_online_only,LEO_ONLY,24,0,400,2,39,ok,,0,1,42.31200001,374,1,3.722,13.962,1.76265E+12,1.76265E+12,,,,,,,,,,,,,,,
y1_online_only,LEO_ONLY,24,0,400,2,40,ok,,0,1,48.79266702,374,1,3.783,13.967,1.76265E+12,1.76265E+12,,,,,,,,,,,,,,,
y1_online_only,LEO_ONLY,24,0,400,2,41,ok,,0,1,48.45241699,374,1,3.839,14.076,1.76265E+12,1.76265E+12,,,,,,,,,,,,,,,
y1_online_only,LEO_ONLY,24,0,400,2,42,ok,,0,1,41.087708,374,1,3.694,13.93,1.76265E+12,1.76265E+12,,,,,,,,,,,,,,,
y1_online_only,LEO_ONLY,24,0,400,2,43,ok,,0,1,48.159542,374,1,3.758,13.879,1.76265E+12,1.76265E+12,,,,,,,,,,,,,,,
y1_online_only,LEO_ONLY,24,0,400,2,44,ok,,0,1,46.27300001,374,1,3.881,14.029,1.76265E+12,1.76265E+12,,,,,,,,,,,,,,,
y1_online_only,LEO_ONLY,24,0,400,2,45,ok,,0,1,48.18904202,374,1,3.732,14.213,1.76265E+12,1.76265E+12,,,,,,,,,,,,,,,
y1_online_only,LEO_ONLY,24,0,400,2,46,ok,,0,1,52.03441699,374,1,3.848,14.309,1.76265E+12,1.76265E+12,,,,,,,,,,,,,,,
y1_online_only,LEO_ONLY,24,0,400,2,47,ok,,0,1,48.17962501,374,1,3.732,14.634,1.76265E+12,1.76265E+12,,,,,,,,,,,,,,,
y1_online_only,LEO_ONLY,24,0,400,2,48,ok,,0,1,51.064292,374,1,3.994,14.735,1.76265E+12,1.76265E+12,,,,,,,,,,,,,,,
y1_online_only,LEO_ONLY,24,0,400,2,49,ok,,0,1,49.48799999,374,1,3.773,14.041,1.76265E+12,1.76265E+12,,,,,,,,,,,,,,,
y1_online_only,LEO_ONLY,24,0,400,2,50,ok,,0,1,49.71308401,374,1,3.948,15.85,1.76265E+12,1.76265E+12,,,,,,,,,,,,,,,
y1_online_only,LEO_ONLY,24,0,400,2,51,ok,,0,1,48.68299997,374,1,3.588,13.345,1.76265E+12,1.76265E+12,,,,,,,,,,,,,,,
y1_online_only,LEO_ONLY,24,0,400,2,52,ok,,0,1,56.207541,374,1,4.345,22.231,1.76265E+12,1.76265E+12,,,,,,,,,,,,,,,
y1_online_only,LEO_ONLY,24,0,400,2,53,ok,,0,1,48.75466699,374,1,3.711,13.852,1.76265E+12,1.76265E+12,,,,,,,,,,,,,,,
y1_online_only,LEO_ONLY,24,0,400,2,54,ok,,0,1,48.69870801,374,1,3.742,13.948,1.76265E+12,1.76265E+12,,,,,,,,,,,,,,,
y1_online_only,LEO_ONLY,24,0,400,2,55,ok,,0,1,49.77358301,374,1,3.758,14.106,1.76265E+12,1.76265E+12,,,,,,,,,,,,,,,
y1_online_only,LEO_ONLY,24,0,400,2,56,ok,,0,1,48.86608399,374,1,3.731,14.134,1.76265E+12,1.76265E+12,,,,,,,,,,,,,,,
y1_online_only,LEO_ONLY,24,0,400,2,57,ok,,0,1,52.32570801,374,1,3.703,14.549,1.76265E+12,1.76265E+12,,,,,,,,,,,,,,,
y1_online_only,LEO_ONLY,24,0,400,2,58,ok,,0,1,50.414625,374,1,3.739,14.332,1.76265E+12,1.76265E+12,,,,,,,,,,,,,,,
y1_online_only,LEO_ONLY,24,0,400,2,59,ok,,0,1,44.99825,374,1,3.821,14.131,1.76265E+12,1.76265E+12,,,,,,,,,,,,,,,
y1_online_only,LEO_ONLY,24,0,400,2,60,ok,,0,1,45.345416,374,1,3.79,14.266,1.76265E+12,1.76265E+12,,,,,,,,,,,,,,,
y1_online_only,LEO_ONLY,24,0,400,2,61,ok,,0,1,46.03179102,374,1,3.641,13.593,1.76265E+12,1.76265E+12,,,,,,,,,,,,,,,
y1_online_only,LEO_ONLY,24,0,400,2,62,ok,,0,1,51.76987499,374,1,3.801,14.415,1.76265E+12,1.76265E+12,,,,,,,,,,,,,,,
y1_online_only,LEO_ONLY,24,0,400,2,63,ok,,0,1,45.98341699,374,1,3.618,14.03,1.76265E+12,1.76265E+12,,,,,,,,,,,,,,,
y1_online_only,LEO_ONLY,24,0,400,2,64,ok,,0,1,43.297625,374,1,3.746,14.161,1.76265E+12,1.76265E+12,,,,,,,,,,,,,,,
y1_online_only,LEO_ONLY,24,0,400,2,65,ok,,0,1,52.157292,374,1,3.75,14.22,1.76265E+12,1.76265E+12,,,,,,,,,,,,,,,
y1_online_only,LEO_ONLY,24,0,400,2,66,ok,,0,1,49.29937501,374,1,3.743,14.436,1.76265E+12,1.76265E+12,,,,,,,,,,,,,,,
y1_online_only,LEO_ONLY,24,0,400,2,67,ok,,0,1,47.31004199,374,1,3.733,14.064,1.76265E+12,1.76265E+12,,,,,,,,,,,,,,,
y1_online_only,LEO_ONLY,24,0,400,2,68,ok,,0,1,46.59074999,374,1,3.792,14.115,1.76265E+12,1.76265E+12,,,,,,,,,,,,,,,
y1_online_only,LEO_ONLY,24,0,400,2,69,ok,,0,1,51.74791699,374,1,3.627,14.191,1.76265E+12,1.76265E+12,,,,,,,,,,,,,,,
y1_online_only,LEO_ONLY,24,0,400,2,70,ok,,0,1,48.55425001,374,1,3.887,14.278,1.76265E+12,1.76265E+12,,,,,,,,,,,,,,,
y1_online_only,LEO_ONLY,24,0,400,2,71,ok,,0,1,41.39212501,374,1,3.601,13.748,1.76265E+12,1.76265E+12,,,,,,,,,,,,,,,
y1_online_only,LEO_ONLY,24,0,400,2,72,ok,,0,1,52.42362499,374,1,3.66,14.541,1.76265E+12,1.76265E+12,,,,,,,,,,,,,,,
y1_online_only,LEO_ONLY,24,0,400,2,73,ok,,0,1,49.75516698,374,1,3.698,13.995,1.76265E+12,1.76265E+12,,,,,,,,,,,,,,,
y1_online_only,LEO_ONLY,24,0,400,2,74,ok,,0,1,48.01983401,374,1,3.846,14.255,1.76265E+12,1.76265E+12,,,,,,,,,,,,,,,
y1_online_only,LEO_ONLY,24,0,400,2,75,ok,,0,1,46.72591601,374,1,3.843,14.046,1.76265E+12,1.76265E+12,,,,,,,,,,,,,,,
y1_online_only,LEO_ONLY,24,0,400,2,76,ok,,0,1,50.344916,374,1,3.564,13.696,1.76265E+12,1.76265E+12,,,,,,,,,,,,,,,
y1_online_only,LEO_ONLY,24,0,400,2,77,ok,,0,1,45.593583,374,1,3.478,13.403,1.76265E+12,1.76265E+12,,,,,,,,,,,,,,,
y1_online_only,LEO_ONLY,24,0,400,2,78,ok,,0,1,49.763041,374,1,3.885,14.164,1.76265E+12,1.76265E+12,,,,,,,,,,,,,,,
y1_online_only,LEO_ONLY,24,0,400,2,79,ok,,0,1,47.36191599,374,1,3.739,14.143,1.76265E+12,1.76265E+12,,,,,,,,,,,,,,,
y1_online_only,LEO_ONLY,24,0,400,2,80,ok,,0,1,50.861917,374,1,3.825,14.633,1.76265E+12,1.76265E+12,,,,,,,,,,,,,,,
y1_online_only,LEO_ONLY,24,0,400,2,81,ok,,0,1,44.631292,374,1,3.757,14.967,1.76265E+12,1.76265E+12,,,,,,,,,,,,,,,
y1_online_only,LEO_ONLY,24,0,400,2,82,ok,,0,1,48.606083,374,1,3.623,14.043,1.76265E+12,1.76265E+12,,,,,,,,,,,,,,,
y1_online_only,LEO_ONLY,24,0,400,2,83,ok,,0,1,45.793917,374,1,3.882,14.325,1.76265E+12,1.76265E+12,,,,,,,,,,,,,,,
y1_online_only,LEO_ONLY,24,0,400,2,84,ok,,0,1,48.80291701,374,1,3.688,14.245,1.76265E+12,1.76265E+12,,,,,,,,,,,,,,,
y1_online_only,LEO_ONLY,24,0,400,2,85,ok,,0,1,48.842666,374,1,3.722,14.099,1.76265E+12,1.76265E+12,,,,,,,,,,,,,,,
y1_online_only,LEO_ONLY,24,0,400,2,86,ok,,0,1,43.06320898,374,1,3.933,14.433,1.76265E+12,1.76265E+12,,,,,,,,,,,,,,,
y1_online_only,LEO_ONLY,24,0,400,2,87,ok,,0,1,49.43445901,374,1,3.506,13.714,1.76265E+12,1.76265E+12,,,,,,,,,,,,,,,
y1_online_only,LEO_ONLY,24,0,400,2,88,ok,,0,1,45.44012502,374,1,3.823,14.016,1.76265E+12,1.76265E+12,,,,,,,,,,,,,,,
y1_online_only,LEO_ONLY,24,0,400,2,89,ok,,0,1,45.870459,374,1,3.711,13.782,1.76265E+12,1.76265E+12,,,,,,,,,,,,,,,
y1_online_only,LEO_ONLY,24,0,400,2,90,ok,,0,1,46.02079102,374,1,3.629,14.233,1.76265E+12,1.76265E+12,,,,,,,,,,,,,,,
y1_online_only,LEO_ONLY,24,0,400,2,91,ok,,0,1,44.50783299,374,1,3.866,14.21,1.76265E+12,1.76265E+12,,,,,,,,,,,,,,,
y1_online_only,LEO_ONLY,24,0,400,2,92,ok,,0,1,53.341875,374,1,3.756,14.526,1.76265E+12,1.76265E+12,,,,,,,,,,,,,,,
y1_online_only,LEO_ONLY,24,0,400,2,93,ok,,0,1,52.08433399,374,1,3.8,14.393,1.76265E+12,1.76265E+12,,,,,,,,,,,,,,,
y1_online_only,LEO_ONLY,24,0,400,2,94,ok,,0,1,42.98937501,374,1,3.669,14.109,1.76265E+12,1.76265E+12,,,,,,,,,,,,,,,
y1_online_only,LEO_ONLY,24,0,400,2,95,ok,,0,1,44.158167,373,1,3.704,14.497,1.76265E+12,1.76265E+12,,,,,,,,,,,,,,,
y1_online_only,LEO_ONLY,24,0,400,2,96,ok,,0,1,48.00541702,374,1,3.435,13.516,1.76265E+12,1.76265E+12,,,,,,,,,,,,,,,
y1_online_only,LEO_ONLY,24,0,400,2,97,ok,,0,1,51.569,374,1,3.709,13.941,1.76265E+12,1.76265E+12,,,,,,,,,,,,,,,
y1_online_only,LEO_ONLY,24,0,400,2,98,ok,,0,1,56.24670902,374,1,3.961,15.129,1.76265E+12,1.76265E+12,,,,,,,,,,,,,,,
y1_online_only,LEO_ONLY,24,0,400,2,99,ok,,0,1,50.13479202,374,1,3.795,14.781,1.76265E+12,1.76265E+12,,,,,,,,,,,,,,,
y1_online_only,LEO_ONLY,24,0,400,2,100,ok,,0,1,44.703541,374,1,3.71,14.003,1.76265E+12,1.76265E+12,,,,,,,,,,,,,,,
y1_online_only,LEO_ONLY,24,0,400,2,101,ok,,0,1,55.24266601,374,1,3.707,14.358,1.76265E+12,1.76265E+12,,,,,,,,,,,,,,,
y1_online_only,LEO_ONLY,24,0,400,2,102,ok,,0,1,47.612708,374,1,3.793,14.077,1.76265E+12,1.76265E+12,,,,,,,,,,,,,,,
y1_online_only,LEO_ONLY,24,0,400,2,103,ok,,0,1,43.70949999,374,1,3.581,13.992,1.76265E+12,1.76265E+12,,,,,,,,,,,,,,,
y1_online_only,LEO_ONLY,24,0,400,2,104,ok,,0,1,47.12091701,374,1,3.858,13.875,1.76265E+12,1.76265E+12,,,,,,,,,,,,,,,
y1_online_only,LEO_ONLY,24,0,400,2,105,ok,,0,1,47.21258298,373,1,3.628,14.096,1.76265E+12,1.76265E+12,,,,,,,,,,,,,,,
y1_online_only,LEO_ONLY,24,0,400,2,106,ok,,0,1,48.14887501,374,1,3.934,13.886,1.76265E+12,1.76265E+12,,,,,,,,,,,,,,,
y1_online_only,LEO_ONLY,24,0,400,2,107,ok,,0,1,43.95904098,374,1,3.887,14.025,1.76265E+12,1.76265E+12,,,,,,,,,,,,,,,
y1_online_only,LEO_ONLY,24,0,400,2,108,ok,,0,1,42.76545899,374,1,3.593,13.673,1.76265E+12,1.76265E+12,,,,,,,,,,,,,,,
y1_online_only,LEO_ONLY,24,0,400,2,109,ok,,0,1,48.829042,374,1,3.715,13.978,1.76265E+12,1.76265E+12,,,,,,,,,,,,,,,
y1_online_only,LEO_ONLY,24,0,400,2,110,ok,,0,1,50.92916699,374,1,4.377,15.869,1.76265E+12,1.76265E+12,,,,,,,,,,,,,,,
y1_online_only,LEO_ONLY,24,0,400,2,111,ok,,0,1,53.70654201,374,1,3.719,14.771,1.76265E+12,1.76265E+12,,,,,,,,,,,,,,,
y1_online_only,LEO_ONLY,24,0,400,2,112,ok,,0,1,51.34570898,374,1,3.76,14.399,1.76265E+12,1.76265E+12,,,,,,,,,,,,,,,
y1_online_only,LEO_ONLY,24,0,400,2,113,ok,,0,1,44.74120901,374,1,3.747,14.011,1.76265E+12,1.76265E+12,,,,,,,,,,,,,,,
y1_online_only,LEO_ONLY,24,0,400,2,114,ok,,0,1,41.72045802,374,1,3.681,14.115,1.76265E+12,1.76265E+12,,,,,,,,,,,,,,,
y1_online_only,LEO_ONLY,24,0,400,2,115,ok,,0,1,50.50766701,374,1,3.885,14.502,1.76265E+12,1.76265E+12,,,,,,,,,,,,,,,
y1_online_only,LEO_ONLY,24,0,400,2,116,ok,,0,1,47.39920801,374,1,3.742,14.148,1.76265E+12,1.76265E+12,,,,,,,,,,,,,,,
y1_online_only,LEO_ONLY,24,0,400,2,117,ok,,0,1,43.34595802,374,1,3.706,13.844,1.76265E+12,1.76265E+12,,,,,,,,,,,,,,,
y1_online_only,LEO_ONLY,24,0,400,2,118,ok,,0,1,53.46262499,374,1,3.715,14.452,1.76265E+12,1.76265E+12,,,,,,,,,,,,,,,
y1_online_only,LEO_ONLY,24,0,400,2,119,ok,,0,1,46.49874999,374,1,3.66,14.048,1.76265E+12,1.76265E+12,,,,,,,,,,,,,,,
y1_online_only,LEO_ONLY,24,0,400,2,120,ok,,0,1,47.776917,374,1,3.689,14.331,1.76265E+12,1.76265E+12,,,,,,,,,,,,,,,
y1_online_only,LEO_ONLY,24,0,400,2,121,ok,,0,1,69.48899999,374,1,4.434,38.016,1.76265E+12,1.76265E+12,,,,,,,,,,,,,,,
y1_online_only,LEO_ONLY,24,0,400,2,122,ok,,0,1,51.13449998,374,1,3.574,13.766,1.76265E+12,1.76265E+12,,,,,,,,,,,,,,,
y1_online_only,LEO_ONLY,24,0,400,2,123,ok,,0,1,49.16900001,374,1,3.658,14.161,1.76265E+12,1.76265E+12,,,,,,,,,,,,,,,
y1_online_only,LEO_ONLY,24,0,400,2,124,ok,,0,1,49.73324999,374,1,3.609,13.532,1.76265E+12,1.76265E+12,,,,,,,,,,,,,,,
y1_online_only,LEO_ONLY,24,0,400,2,125,ok,,0,1,48.52179202,374,1,3.671,14.218,1.76265E+12,1.76265E+12,,,,,,,,,,,,,,,
y1_online_only,LEO_ONLY,24,0,400,2,126,ok,,0,1,47.64966699,374,1,3.663,14.105,1.76265E+12,1.76265E+12,,,,,,,,,,,,,,,
y1_online_only,LEO_ONLY,24,0,400,2,127,ok,,0,1,44.699291,374,1,3.655,14.215,1.76265E+12,1.76265E+12,,,,,,,,,,,,,,,
y1_online_only,LEO_ONLY,24,0,400,2,128,ok,,0,1,46.86491602,374,1,3.686,15.31,1.76265E+12,1.76265E+12,,,,,,,,,,,,,,,
y1_online_only,LEO_ONLY,24,0,400,2,129,ok,,0,1,47.651292,373,1,3.673,13.669,1.76265E+12,1.76265E+12,,,,,,,,,,,,,,,
y1_online_only,LEO_ONLY,24,0,400,2,130,ok,,0,1,47.51079201,374,1,3.526,13.887,1.76265E+12,1.76265E+12,,,,,,,,,,,,,,,
y1_online_only,LEO_ONLY,24,0,400,2,131,ok,,0,1,49.352209,374,1,3.521,13.841,1.76265E+12,1.76265E+12,,,,,,,,,,,,,,,
y1_online_only,LEO_ONLY,24,0,400,2,132,ok,,0,1,49.00825,374,1,3.718,13.597,1.76265E+12,1.76265E+12,,,,,,,,,,,,,,,
y1_online_only,LEO_ONLY,24,0,400,2,133,ok,,0,1,49.54450001,374,1,3.717,14.214,1.76265E+12,1.76265E+12,,,,,,,,,,,,,,,
y1_online_only,LEO_ONLY,24,0,400,2,134,ok,,0,1,50.272041,374,1,3.756,14.439,1.76265E+12,1.76265E+12,,,,,,,,,,,,,,,
y1_online_only,LEO_ONLY,24,0,400,2,135,ok,,0,1,51.950083,374,1,3.799,14.425,1.76265E+12,1.76265E+12,,,,,,,,,,,,,,,
y1_online_only,LEO_ONLY,24,0,400,2,136,ok,,0,1,48.62591601,374,1,3.666,13.861,1.76265E+12,1.76265E+12,,,,,,,,,,,,,,,
y1_online_only,LEO_ONLY,24,0,400,2,137,ok,,0,1,44.88704199,374,1,3.673,13.605,1.76265E+12,1.76265E+12,,,,,,,,,,,,,,,
y1_online_only,LEO_ONLY,24,0,400,2,138,ok,,0,1,53.08091699,374,1,3.669,14.324,1.76265E+12,1.76265E+12,,,,,,,,,,,,,,,
y1_online_only,LEO_ONLY,24,0,400,2,139,ok,,0,1,54.07808401,374,1,3.805,14.296,1.76265E+12,1.76265E+12,,,,,,,,,,,,,,,
y1_online_only,LEO_ONLY,24,0,400,2,140,ok,,0,1,45.15370799,374,1,3.68,14.112,1.76265E+12,1.76265E+12,,,,,,,,,,,,,,,
y1_online_only,LEO_ONLY,24,0,400,2,141,ok,,0,1,46.914209,374,1,3.697,13.844,1.76265E+12,1.76265E+12,,,,,,,,,,,,,,,
y1_online_only,LEO_ONLY,24,0,400,2,142,ok,,0,1,46.94520799,374,1,3.787,14.114,1.76265E+12,1.76265E+12,,,,,,,,,,,,,,,
y1_online_only,LEO_ONLY,24,0,400,2,143,ok,,0,1,51.77866598,374,1,3.757,14.692,1.76265E+12,1.76265E+12,,,,,,,,,,,,,,,
y1_online_only,LEO_ONLY,24,0,400,2,144,ok,,0,1,45.53866602,374,1,3.726,13.928,1.76265E+12,1.76265E+12,,,,,,,,,,,,,,,
y1_online_only,LEO_ONLY,24,0,400,2,145,ok,,0,1,44.161375,374,1,3.675,13.766,1.76265E+12,1.76265E+12,,,,,,,,,,,,,,,
y1_online_only,LEO_ONLY,24,0,400,2,146,ok,,0,1,45.432791,374,1,3.669,14.525,1.76265E+12,1.76265E+12,,,,,,,,,,,,,,,
y1_online_only,LEO_ONLY,24,0,400,2,147,ok,,0,1,48.91037502,374,1,3.891,14.441,1.76265E+12,1.76265E+12,,,,,,,,,,,,,,,
y1_online_only,LEO_ONLY,24,0,400,2,148,ok,,0,1,55.86400002,374,1,3.761,14.64,1.76265E+12,1.76265E+12,,,,,,,,,,,,,,,
y1_online_only,LEO_ONLY,24,0,400,2,149,ok,,0,1,56.9655,374,1,3.722,14.553,1.76265E+12,1.76265E+12,,,,,,,,,,,,,,,
y1_online_only,LEO_ONLY,24,0,400,2,150,ok,,0,1,47.395,374,1,3.642,14.295,1.76265E+12,1.76265E+12,,,,,,,,,,,,,,,
y1_online_only,LEO_ONLY,24,0,400,2,151,ok,,0,1,51.52929202,374,1,3.798,14.552,1.76265E+12,1.76265E+12,,,,,,,,,,,,,,,
y1_online_only,LEO_ONLY,24,0,400,2,152,ok,,0,1,53.05387499,374,1,3.797,14.273,1.76265E+12,1.76265E+12,,,,,,,,,,,,,,,
y1_online_only,LEO_ONLY,24,0,400,2,153,ok,,0,1,45.584334,374,1,3.653,14.181,1.76265E+12,1.76265E+12,,,,,,,,,,,,,,,
y1_online_only,LEO_ONLY,24,0,400,2,154,ok,,0,1,47.72537499,374,1,3.63,14.042,1.76265E+12,1.76265E+12,,,,,,,,,,,,,,,
y1_online_only,LEO_ONLY,24,0,400,2,155,ok,,0,1,45.3425,374,1,4.172,14.418,1.76265E+12,1.76265E+12,,,,,,,,,,,,,,,
y1_online_only,LEO_ONLY,24,0,400,2,156,ok,,0,1,42.49787499,374,1,3.634,13.67,1.76265E+12,1.76265E+12,,,,,,,,,,,,,,,
y1_online_only,LEO_ONLY,24,0,400,2,157,ok,,0,1,51.36441698,374,1,3.628,13.716,1.76265E+12,1.76265E+12,,,,,,,,,,,,,,,
y1_online_only,LEO_ONLY,24,0,400,2,158,ok,,0,1,50.329333,374,1,3.761,14.188,1.76265E+12,1.76265E+12,,,,,,,,,,,,,,,
y1_online_only,LEO_ONLY,24,0,400,2,159,ok,,0,1,46.67437501,374,1,3.68,14.169,1.76265E+12,1.76265E+12,,,,,,,,,,,,,,,
y1_online_only,LEO_ONLY,24,0,400,2,160,ok,,0,1,46.737292,374,1,3.768,14.053,1.76265E+12,1.76265E+12,,,,,,,,,,,,,,,
y1_online_only,LEO_ONLY,24,0,400,2,161,ok,,0,1,48.38066699,374,1,3.673,13.985,1.76265E+12,1.76265E+12,,,,,,,,,,,,,,,
y1_online_only,LEO_ONLY,24,0,400,2,162,ok,,0,1,47.59708402,374,1,3.772,14.4,1.76265E+12,1.76265E+12,,,,,,,,,,,,,,,
y1_online_only,LEO_ONLY,24,0,400,2,163,ok,,0,1,47.44304199,374,1,3.771,14.52,1.76265E+12,1.76265E+12,,,,,,,,,,,,,,,
y1_online_only,LEO_ONLY,24,0,400,2,164,ok,,0,1,49.251958,374,1,3.717,14.274,1.76265E+12,1.76265E+12,,,,,,,,,,,,,,,
y1_online_only,LEO_ONLY,24,0,400,2,165,ok,,0,1,51.030042,374,1,3.658,13.942,1.76265E+12,1.76265E+12,,,,,,,,,,,,,,,
y1_online_only,LEO_ONLY,24,0,400,2,166,ok,,0,1,46.63658299,374,1,3.833,14.137,1.76265E+12,1.76265E+12,,,,,,,,,,,,,,,
y1_online_only,LEO_ONLY,24,0,400,2,167,ok,,0,1,49.95366701,374,1,3.831,14.456,1.76265E+12,1.76265E+12,,,,,,,,,,,,,,,
y1_online_only,LEO_ONLY,24,0,400,2,168,ok,,0,1,48.40495801,374,1,3.819,14.243,1.76265E+12,1.76265E+12,,,,,,,,,,,,,,,
y1_online_only,LEO_ONLY,24,0,400,2,169,ok,,0,1,48.161958,374,1,3.624,14.141,1.76265E+12,1.76265E+12,,,,,,,,,,,,,,,
y1_online_only,LEO_ONLY,24,0,400,2,170,ok,,0,1,47.281084,374,1,3.649,13.944,1.76265E+12,1.76265E+12,,,,,,,,,,,,,,,
y1_online_only,LEO_ONLY,24,0,400,2,171,ok,,0,1,51.47254202,374,1,3.832,14.539,1.76265E+12,1.76265E+12,,,,,,,,,,,,,,,
y1_online_only,LEO_ONLY,24,0,400,2,172,ok,,0,1,57.06325002,374,1,3.634,14.692,1.76265E+12,1.76265E+12,,,,,,,,,,,,,,,
y1_online_only,LEO_ONLY,24,0,400,2,173,ok,,0,1,44.15624999,374,1,3.824,14.438,1.76265E+12,1.76265E+12,,,,,,,,,,,,,,,
y1_online_only,LEO_ONLY,24,0,400,2,174,ok,,0,1,52.42649998,374,1,3.694,14.291,1.76265E+12,1.76265E+12,,,,,,,,,,,,,,,
y1_online_only,LEO_ONLY,24,0,400,2,175,ok,,0,1,47.87524999,374,1,3.741,13.954,1.76265E+12,1.76265E+12,,,,,,,,,,,,,,,
y1_online_only,LEO_ONLY,24,0,400,2,176,ok,,0,1,45.52850002,374,1,3.686,14.161,1.76265E+12,1.76265E+12,,,,,,,,,,,,,,,
y1_online_only,LEO_ONLY,24,0,400,2,177,ok,,0,1,49.47941701,374,1,3.789,14.316,1.76265E+12,1.76265E+12,,,,,,,,,,,,,,,
y1_online_only,LEO_ONLY,24,0,400,2,178,ok,,0,1,49.988958,374,1,3.78,15.012,1.76265E+12,1.76265E+12,,,,,,,,,,,,,,,
y1_online_only,LEO_ONLY,24,0,400,2,179,ok,,0,1,49.04170899,374,1,3.592,13.807,1.76265E+12,1.76265E+12,,,,,,,,,,,,,,,
y1_online_only,LEO_ONLY,24,0,400,2,180,ok,,0,1,53.74020798,374,1,3.757,14.286,1.76265E+12,1.76265E+12,,,,,,,,,,,,,,,
y1_online_only,LEO_ONLY,24,0,400,2,181,ok,,0,1,46.172375,374,1,3.661,13.8,1.76265E+12,1.76265E+12,,,,,,,,,,,,,,,
y1_online_only,LEO_ONLY,24,0,400,2,182,ok,,0,1,48.098208,374,1,3.619,13.934,1.76265E+12,1.76265E+12,,,,,,,,,,,,,,,
y1_online_only,LEO_ONLY,24,0,400,2,183,ok,,0,1,44.86945798,374,1,3.655,14.253,1.76265E+12,1.76265E+12,,,,,,,,,,,,,,,
y1_online_only,LEO_ONLY,24,0,400,2,184,ok,,0,1,46.19045899,374,1,3.853,14.342,1.76265E+12,1.76265E+12,,,,,,,,,,,,,,,
y1_online_only,LEO_ONLY,24,0,400,2,185,ok,,0,1,54.43170798,374,1,3.809,14.777,1.76265E+12,1.76265E+12,,,,,,,,,,,,,,,
y1_online_only,LEO_ONLY,24,0,400,2,186,ok,,0,1,42.83283302,374,1,3.862,14.207,1.76265E+12,1.76265E+12,,,,,,,,,,,,,,,
y1_online_only,LEO_ONLY,24,0,400,2,187,ok,,0,1,49.47845801,374,1,3.708,13.897,1.76265E+12,1.76265E+12,,,,,,,,,,,,,,,
y1_online_only,LEO_ONLY,24,0,400,2,188,ok,,0,1,47.76783302,374,1,3.598,14.135,1.76265E+12,1.76265E+12,,,,,,,,,,,,,,,
y1_online_only,LEO_ONLY,24,0,400,2,189,ok,,0,1,43.41608399,374,1,3.803,13.93,1.76265E+12,1.76265E+12,,,,,,,,,,,,,,,
y1_online_only,LEO_ONLY,24,0,400,2,190,ok,,0,1,41.698833,374,1,3.592,13.436,1.76265E+12,1.76265E+12,,,,,,,,,,,,,,,
y1_online_only,LEO_ONLY,24,0,400,2,191,ok,,0,1,48.178167,374,1,3.716,13.929,1.76265E+12,1.76265E+12,,,,,,,,,,,,,,,
y1_online_only,LEO_ONLY,24,0,400,2,192,ok,,0,1,47.483417,374,1,3.607,13.937,1.76265E+12,1.76265E+12,,,,,,,,,,,,,,,
y1_online_only,LEO_ONLY,24,0,400,2,193,ok,,0,1,50.65674998,374,1,3.682,14.315,1.76265E+12,1.76265E+12,,,,,,,,,,,,,,,
y1_online_only,LEO_ONLY,24,0,400,2,194,ok,,0,1,47.873,374,1,3.815,14.265,1.76265E+12,1.76265E+12,,,,,,,,,,,,,,,
y1_online_only,LEO_ONLY,24,0,400,2,195,ok,,0,1,57.068125,374,1,3.728,14.199,1.76265E+12,1.76265E+12,,,,,,,,,,,,,,,
y1_online_only,LEO_ONLY,24,0,400,2,196,ok,,0,1,45.50725,374,1,3.823,14.508,1.76265E+12,1.76265E+12,,,,,,,,,,,,,,,
y1_online_only,LEO_ONLY,24,0,400,2,197,ok,,0,1,45.38883301,374,1,3.643,13.875,1.76265E+12,1.76265E+12,,,,,,,,,,,,,,,
y1_online_only,LEO_ONLY,24,0,400,2,198,ok,,0,1,45.61445801,374,1,3.757,14.536,1.76265E+12,1.76265E+12,,,,,,,,,,,,,,,
y1_online_only,LEO_ONLY,24,0,400,2,199,ok,,0,1,45.454459,374,1,3.663,14.016,1.76265E+12,1.76265E+12,,,,,,,,,,,,,,,
y1_online_only,LEO_ONLY,24,0,400,2,200,ok,,0,1,50.97283301,374,1,3.819,14.666,1.76265E+12,1.76265E+12,,,,,,,,,,,,,,,
y1_online_only,LEO_ONLY,24,0,400,2,201,ok,,0,1,51.217917,373,1,3.716,14.193,1.76265E+12,1.76265E+12,,,,,,,,,,,,,,,
y1_online_only,LEO_ONLY,24,0,400,2,202,ok,,0,1,52.22337501,374,1,3.846,14.104,1.76265E+12,1.76265E+12,,,,,,,,,,,,,,,
y1_online_only,LEO_ONLY,24,0,400,2,203,ok,,0,1,42.35395801,374,1,3.832,14.017,1.76265E+12,1.76265E+12,,,,,,,,,,,,,,,
y1_online_only,LEO_ONLY,24,0,400,2,204,ok,,0,1,43.254041,374,1,3.66,13.997,1.76265E+12,1.76265E+12,,,,,,,,,,,,,,,
y1_online_only,LEO_ONLY,24,0,400,2,205,ok,,0,1,48.37558299,374,1,3.833,14.293,1.76265E+12,1.76265E+12,,,,,,,,,,,,,,,
y1_online_only,LEO_ONLY,24,0,400,2,206,ok,,0,1,49.67833401,374,1,3.864,14.829,1.76265E+12,1.76265E+12,,,,,,,,,,,,,,,
y1_online_only,LEO_ONLY,24,0,400,2,207,ok,,0,1,55.22866701,374,1,3.746,14.592,1.76265E+12,1.76265E+12,,,,,,,,,,,,,,,
y1_online_only,LEO_ONLY,24,0,400,2,208,ok,,0,1,52.45829199,374,1,3.768,15.188,1.76265E+12,1.76265E+12,,,,,,,,,,,,,,,
y1_online_only,LEO_ONLY,24,0,400,2,209,ok,,0,1,50.91183403,374,1,3.966,14.821,1.76265E+12,1.76265E+12,,,,,,,,,,,,,,,
y1_online_only,LEO_ONLY,24,0,400,2,210,ok,,0,1,50.00204101,374,1,3.874,14.231,1.76265E+12,1.76265E+12,,,,,,,,,,,,,,,
y1_online_only,LEO_ONLY,24,0,400,2,211,ok,,0,1,46.17820799,374,1,3.808,14.187,1.76265E+12,1.76265E+12,,,,,,,,,,,,,,,
y1_online_only,LEO_ONLY,24,0,400,2,212,ok,,0,1,48.786208,374,1,3.826,14.694,1.76265E+12,1.76265E+12,,,,,,,,,,,,,,,
y1_online_only,LEO_ONLY,24,0,400,2,213,ok,,0,1,55.66012498,374,1,3.752,13.801,1.76265E+12,1.76265E+12,,,,,,,,,,,,,,,
y1_online_only,LEO_ONLY,24,0,400,2,214,ok,,0,1,46.76483301,374,1,3.739,14.478,1.76265E+12,1.76265E+12,,,,,,,,,,,,,,,
y1_online_only,LEO_ONLY,24,0,400,2,215,ok,,0,1,47.82483299,374,1,3.752,13.866,1.76265E+12,1.76265E+12,,,,,,,,,,,,,,,
y1_online_only,LEO_ONLY,24,0,400,2,216,ok,,0,1,47.08033401,374,1,3.772,14.469,1.76265E+12,1.76265E+12,,,,,,,,,,,,,,,
y1_online_only,LEO_ONLY,24,0,400,2,217,ok,,0,1,47.41033301,374,1,3.832,14.365,1.76265E+12,1.76265E+12,,,,,,,,,,,,,,,
y1_online_only,LEO_ONLY,24,0,400,2,218,ok,,0,1,48.42804102,374,1,3.732,13.993,1.76265E+12,1.76265E+12,,,,,,,,,,,,,,,
y1_online_only,LEO_ONLY,24,0,400,2,219,ok,,0,1,48.36745802,374,1,3.653,14.427,1.76265E+12,1.76265E+12,,,,,,,,,,,,,,,
y1_online_only,LEO_ONLY,24,0,400,2,220,ok,,0,1,45.79404098,374,1,3.789,14.014,1.76265E+12,1.76265E+12,,,,,,,,,,,,,,,
y1_online_only,LEO_ONLY,24,0,400,2,221,ok,,0,1,49.825208,374,1,3.699,14.082,1.76265E+12,1.76265E+12,,,,,,,,,,,,,,,
y1_online_only,LEO_ONLY,24,0,400,2,222,ok,,0,1,52.050625,373,1,3.697,14.029,1.76265E+12,1.76265E+12,,,,,,,,,,,,,,,
y1_online_only,LEO_ONLY,24,0,400,2,223,ok,,0,1,42.71254101,374,1,4.065,14.557,1.76265E+12,1.76265E+12,,,,,,,,,,,,,,,
y1_online_only,LEO_ONLY,24,0,400,2,224,ok,,0,1,45.858625,374,1,3.654,14.222,1.76265E+12,1.76265E+12,,,,,,,,,,,,,,,
y1_online_only,LEO_ONLY,24,0,400,2,225,ok,,0,1,50.89154199,374,1,3.707,14.168,1.76265E+12,1.76265E+12,,,,,,,,,,,,,,,
y1_online_only,LEO_ONLY,24,0,400,2,226,ok,,0,1,45.34737498,374,1,3.713,14.115,1.76265E+12,1.76265E+12,,,,,,,,,,,,,,,
y1_online_only,LEO_ONLY,24,0,400,2,227,ok,,0,1,47.49695898,374,1,3.779,14.384,1.76265E+12,1.76265E+12,,,,,,,,,,,,,,,
y1_online_only,LEO_ONLY,24,0,400,2,228,ok,,0,1,50.03145899,374,1,3.588,13.958,1.76265E+12,1.76265E+12,,,,,,,,,,,,,,,
y1_online_only,LEO_ONLY,24,0,400,2,229,ok,,0,1,48.72758299,374,1,3.792,14.176,1.76265E+12,1.76265E+12,,,,,,,,,,,,,,,
y1_online_only,LEO_ONLY,24,0,400,2,230,ok,,0,1,48.82512501,374,1,3.618,13.441,1.76265E+12,1.76265E+12,,,,,,,,,,,,,,,
y1_online_only,LEO_ONLY,24,0,400,2,231,ok,,0,1,48.05674998,374,1,3.666,13.785,1.76265E+12,1.76265E+12,,,,,,,,,,,,,,,
y1_online_only,LEO_ONLY,24,0,400,2,232,ok,,0,1,47.108667,374,1,4.032,13.392,1.76265E+12,1.76265E+12,,,,,,,,,,,,,,,
y1_online_only,LEO_ONLY,24,0,400,2,233,ok,,0,1,44.93325003,374,1,3.553,13.513,1.76265E+12,1.76265E+12,,,,,,,,,,,,,,,
y1_online_only,LEO_ONLY,24,0,400,2,234,ok,,0,1,48.84666699,374,1,3.723,13.746,1.76265E+12,1.76265E+12,,,,,,,,,,,,,,,
y1_online_only,LEO_ONLY,24,0,400,2,235,ok,,0,1,47.58775001,374,1,3.851,14.549,1.76265E+12,1.76265E+12,,,,,,,,,,,,,,,
y1_online_only,LEO_ONLY,24,0,400,2,236,ok,,0,1,49.947166,374,1,3.72,14.55,1.76265E+12,1.76265E+12,,,,,,,,,,,,,,,
y1_online_only,LEO_ONLY,24,0,400,2,237,ok,,0,1,49.179083,374,1,3.746,13.942,1.76265E+12,1.76265E+12,,,,,,,,,,,,,,,
y1_online_only,LEO_ONLY,24,0,400,2,238,ok,,0,1,48.017708,374,1,3.78,14.269,1.76265E+12,1.76265E+12,,,,,,,,,,,,,,,
y1_online_only,LEO_ONLY,24,0,400,2,239,ok,,0,1,47.509625,374,1,3.542,13.568,1.76265E+12,1.76265E+12,,,,,,,,,,,,,,,
y1_online_only,LEO_ONLY,24,0,400,2,240,ok,,0,1,46.653542,374,1,3.806,14.265,1.76265E+12,1.76265E+12,,,,,,,,,,,,,,,
y1_online_only,LEO_ONLY,24,0,400,2,241,ok,,0,1,46.271834,374,1,3.692,14.417,1.76265E+12,1.76265E+12,,,,,,,,,,,,,,,
y1_online_only,LEO_ONLY,24,0,400,2,242,ok,,0,1,43.27070899,374,1,3.7,13.884,1.76265E+12,1.76265E+12,,,,,,,,,,,,,,,
y1_online_only,LEO_ONLY,24,0,400,2,243,ok,,0,1,52.25720801,374,1,3.635,13.865,1.76265E+12,1.76265E+12,,,,,,,,,,,,,,,
y1_online_only,LEO_ONLY,24,0,400,2,244,ok,,0,1,44.35308301,374,1,3.66,13.967,1.76265E+12,1.76265E+12,,,,,,,,,,,,,,,
y1_online_only,LEO_ONLY,24,0,400,2,245,ok,,0,1,53.69129201,374,1,3.569,14.161,1.76265E+12,1.76265E+12,,,,,,,,,,,,,,,
y1_online_only,LEO_ONLY,24,0,400,2,246,ok,,0,1,55.399292,374,1,3.878,14.401,1.76265E+12,1.76265E+12,,,,,,,,,,,,,,,
y1_online_only,LEO_ONLY,24,0,400,2,247,ok,,0,1,47.00429199,373,1,3.806,14.301,1.76265E+12,1.76265E+12,,,,,,,,,,,,,,,
y1_online_only,LEO_ONLY,24,0,400,2,248,ok,,0,1,49.20979199,374,1,3.668,13.97,1.76265E+12,1.76265E+12,,,,,,,,,,,,,,,
y1_online_only,LEO_ONLY,24,0,400,2,249,ok,,0,1,50.09854099,373,1,3.757,14.052,1.76265E+12,1.76265E+12,,,,,,,,,,,,,,,
y1_online_only,LEO_ONLY,24,0,400,2,250,ok,,0,1,47.26258302,374,1,3.684,14.364,1.76265E+12,1.76265E+12,,,,,,,,,,,,,,,
y1_online_only,LEO_ONLY,24,0,400,2,251,ok,,0,1,45.999333,374,1,3.815,14.527,1.76265E+12,1.76265E+12,,,,,,,,,,,,,,,
y1_online_only,LEO_ONLY,24,0,400,2,252,ok,,0,1,46.62091701,374,1,3.803,14.075,1.76265E+12,1.76265E+12,,,,,,,,,,,,,,,
y1_online_only,LEO_ONLY,24,0,400,2,253,ok,,0,1,46.07937502,374,1,3.73,14.093,1.76265E+12,1.76265E+12,,,,,,,,,,,,,,,
y1_online_only,LEO_ONLY,24,0,400,2,254,ok,,0,1,44.57995799,374,1,3.922,14.09,1.76265E+12,1.76265E+12,,,,,,,,,,,,,,,
y1_online_only,LEO_ONLY,24,0,400,2,255,ok,,0,1,51.41683301,374,1,3.685,14.412,1.76265E+12,1.76265E+12,,,,,,,,,,,,,,,
y1_online_only,LEO_ONLY,24,0,400,2,256,ok,,0,1,45.54775002,374,1,4.21,15.663,1.76265E+12,1.76265E+12,,,,,,,,,,,,,,,
y1_online_only,LEO_ONLY,24,0,400,2,257,ok,,0,1,48.09183397,374,1,3.471,13.809,1.76265E+12,1.76265E+12,,,,,,,,,,,,,,,
y1_online_only,LEO_ONLY,24,0,400,2,258,ok,,0,1,44.65395899,374,1,3.718,13.559,1.76265E+12,1.76265E+12,,,,,,,,,,,,,,,
y1_online_only,LEO_ONLY,24,0,400,2,259,ok,,0,1,45.98304201,374,1,3.707,14.229,1.76265E+12,1.76265E+12,,,,,,,,,,,,,,,
y1_online_only,LEO_ONLY,24,0,400,2,260,ok,,0,1,49.18654097,374,1,3.58,14.435,1.76265E+12,1.76265E+12,,,,,,,,,,,,,,,
y1_online_only,LEO_ONLY,24,0,400,2,261,ok,,0,1,45.72095899,374,1,3.623,14.23,1.76265E+12,1.76265E+12,,,,,,,,,,,,,,,
y1_online_only,LEO_ONLY,24,0,400,2,262,ok,,0,1,49.722667,374,1,3.762,14.191,1.76265E+12,1.76265E+12,,,,,,,,,,,,,,,
y1_online_only,LEO_ONLY,24,0,400,2,263,ok,,0,1,43.914084,374,1,3.641,14.168,1.76265E+12,1.76265E+12,,,,,,,,,,,,,,,
y1_online_only,LEO_ONLY,24,0,400,2,264,ok,,0,1,47.345709,374,1,3.783,13.97,1.76265E+12,1.76265E+12,,,,,,,,,,,,,,,
y1_online_only,LEO_ONLY,24,0,400,2,265,ok,,0,1,47.97012499,374,1,3.584,13.924,1.76265E+12,1.76265E+12,,,,,,,,,,,,,,,
y1_online_only,LEO_ONLY,24,0,400,2,266,ok,,0,1,44.49200002,374,1,3.781,14.165,1.76265E+12,1.76265E+12,,,,,,,,,,,,,,,
y1_online_only,LEO_ONLY,24,0,400,2,267,ok,,0,1,46.60462501,374,1,3.513,13.427,1.76265E+12,1.76265E+12,,,,,,,,,,,,,,,
y1_online_only,LEO_ONLY,24,0,400,2,268,ok,,0,1,47.387709,374,1,3.654,13.756,1.76265E+12,1.76265E+12,,,,,,,,,,,,,,,
y1_online_only,LEO_ONLY,24,0,400,2,269,ok,,0,1,48.32195898,374,1,3.803,14.024,1.76265E+12,1.76265E+12,,,,,,,,,,,,,,,
y1_online_only,LEO_ONLY,24,0,400,2,270,ok,,0,1,41.71774999,374,1,3.761,13.985,1.76265E+12,1.76265E+12,,,,,,,,,,,,,,,
y1_online_only,LEO_ONLY,24,0,400,2,271,ok,,0,1,54.302292,374,1,3.711,14.265,1.76265E+12,1.76265E+12,,,,,,,,,,,,,,,
y1_online_only,LEO_ONLY,24,0,400,2,272,ok,,0,1,54.50845798,374,1,3.657,14.606,1.76265E+12,1.76265E+12,,,,,,,,,,,,,,,
y1_online_only,LEO_ONLY,24,0,400,2,273,ok,,0,1,46.95520899,374,1,3.735,14.004,1.76265E+12,1.76265E+12,,,,,,,,,,,,,,,
y1_online_only,LEO_ONLY,24,0,400,2,274,ok,,0,1,43.35870798,374,1,3.691,14.314,1.76265E+12,1.76265E+12,,,,,,,,,,,,,,,
y1_online_only,LEO_ONLY,24,0,400,2,275,ok,,0,1,52.46925101,374,1,3.778,14.309,1.76265E+12,1.76265E+12,,,,,,,,,,,,,,,
y1_online_only,LEO_ONLY,24,0,400,2,276,ok,,0,1,52.39658299,374,1,3.603,14.57,1.76265E+12,1.76265E+12,,,,,,,,,,,,,,,
y1_online_only,LEO_ONLY,24,0,400,2,277,ok,,0,1,51.602958,374,1,3.636,14.383,1.76265E+12,1.76265E+12,,,,,,,,,,,,,,,
y1_online_only,LEO_ONLY,24,0,400,2,278,ok,,0,1,47.055292,374,1,3.854,14.421,1.76265E+12,1.76265E+12,,,,,,,,,,,,,,,
y1_online_only,LEO_ONLY,24,0,400,2,279,ok,,0,1,50.80058301,374,1,3.707,14.25,1.76265E+12,1.76265E+12,,,,,,,,,,,,,,,
y1_online_only,LEO_ONLY,24,0,400,2,280,ok,,0,1,47.58349998,374,1,3.668,14.225,1.76265E+12,1.76265E+12,,,,,,,,,,,,,,,
y1_online_only,LEO_ONLY,24,0,400,2,281,ok,,0,1,53.40433301,374,1,3.761,14.316,1.76265E+12,1.76265E+12,,,,,,,,,,,,,,,
y1_online_only,LEO_ONLY,24,0,400,2,282,ok,,0,1,47.747334,374,1,3.745,14.708,1.76265E+12,1.76265E+12,,,,,,,,,,,,,,,
y1_online_only,LEO_ONLY,24,0,400,2,283,ok,,0,1,47.189167,374,1,3.743,13.937,1.76265E+12,1.76265E+12,,,,,,,,,,,,,,,
y1_online_only,LEO_ONLY,24,0,400,2,284,ok,,0,1,53.90912501,374,1,3.778,14.405,1.76265E+12,1.76265E+12,,,,,,,,,,,,,,,
y1_online_only,LEO_ONLY,24,0,400,2,285,ok,,0,1,52.14908402,374,1,3.814,14.699,1.76265E+12,1.76265E+12,,,,,,,,,,,,,,,
y1_online_only,LEO_ONLY,24,0,400,2,286,ok,,0,1,45.86749998,374,1,3.791,14.395,1.76265E+12,1.76265E+12,,,,,,,,,,,,,,,
y1_online_only,LEO_ONLY,24,0,400,2,287,ok,,0,1,43.03166698,374,1,3.706,14.013,1.76265E+12,1.76265E+12,,,,,,,,,,,,,,,
y1_online_only,LEO_ONLY,24,0,400,2,288,ok,,0,1,50.536375,374,1,3.774,14.064,1.76265E+12,1.76265E+12,,,,,,,,,,,,,,,
y1_online_only,LEO_ONLY,24,0,400,2,289,ok,,0,1,49.33425001,374,1,3.892,14.565,1.76265E+12,1.76265E+12,,,,,,,,,,,,,,,
y1_online_only,LEO_ONLY,24,0,400,2,290,ok,,0,1,47.56591699,374,1,3.758,14.322,1.76265E+12,1.76265E+12,,,,,,,,,,,,,,,
y1_online_only,LEO_ONLY,24,0,400,2,291,ok,,0,1,49.63762502,374,1,3.753,14.154,1.76265E+12,1.76265E+12,,,,,,,,,,,,,,,
y1_online_only,LEO_ONLY,24,0,400,2,292,ok,,0,1,48.01970901,374,1,3.989,16.775,1.76265E+12,1.76265E+12,,,,,,,,,,,,,,,
y1_online_only,LEO_ONLY,24,0,400,2,293,ok,,0,1,44.852416,374,1,3.629,13.61,1.76265E+12,1.76265E+12,,,,,,,,,,,,,,,
y1_online_only,LEO_ONLY,24,0,400,2,294,ok,,0,1,46.515291,374,1,3.637,14.278,1.76265E+12,1.76265E+12,,,,,,,,,,,,,,,
y1_online_only,LEO_ONLY,24,0,400,2,295,ok,,0,1,52.091708,374,1,3.905,15.182,1.76265E+12,1.76265E+12,,,,,,,,,,,,,,,
y1_online_only,LEO_ONLY,24,0,400,2,296,ok,,0,1,43.89916698,374,1,3.724,14.044,1.76265E+12,1.76265E+12,,,,,,,,,,,,,,,
y1_online_only,LEO_ONLY,24,0,400,2,297,ok,,0,1,40.83779201,374,1,3.727,13.602,1.76265E+12,1.76265E+12,,,,,,,,,,,,,,,
y1_online_only,LEO_ONLY,24,0,400,2,298,ok,,0,1,51.98270801,374,1,3.731,14.292,1.76265E+12,1.76265E+12,,,,,,,,,,,,,,,
y1_online_only,LEO_ONLY,24,0,400,2,299,ok,,0,1,47.72050001,374,1,3.925,14.16,1.76265E+12,1.76265E+12,,,,,,,,,,,,,,,
y1_online_only,LEO_ONLY,24,0,400,2,300,ok,,0,1,47.332416,374,1,3.75,14.063,1.76265E+12,1.76265E+12,,,,,,,,,,,,,,,
y1_online_only,LEO_ONLY,24,0,600,2,1,ok,,0,1,50.93375,374,1,3.993,13.929,1.76265E+12,1.76265E+12,,,,,,,,,,,,,,,
y1_online_only,LEO_ONLY,24,0,600,2,2,ok,,0,1,46.17637501,374,1,3.517,13.861,1.76265E+12,1.76265E+12,,,,,,,,,,,,,,,
y1_online_only,LEO_ONLY,24,0,600,2,3,ok,,0,1,51.068042,374,1,3.916,14.426,1.76265E+12,1.76265E+12,,,,,,,,,,,,,,,
y1_online_only,LEO_ONLY,24,0,600,2,4,ok,,0,1,53.22916701,374,1,3.745,15.028,1.76265E+12,1.76265E+12,,,,,,,,,,,,,,,
y1_online_only,LEO_ONLY,24,0,600,2,5,ok,,0,1,47.25445801,374,1,3.8,14.036,1.76265E+12,1.76265E+12,,,,,,,,,,,,,,,
y1_online_only,LEO_ONLY,24,0,600,2,6,ok,,0,1,47.01012501,374,1,3.635,14.295,1.76265E+12,1.76265E+12,,,,,,,,,,,,,,,
y1_online_only,LEO_ONLY,24,0,600,2,7,ok,,0,1,48.584292,374,1,3.716,14.278,1.76265E+12,1.76265E+12,,,,,,,,,,,,,,,
y1_online_only,LEO_ONLY,24,0,600,2,8,ok,,0,1,47.94454199,374,1,3.671,13.97,1.76265E+12,1.76265E+12,,,,,,,,,,,,,,,
y1_online_only,LEO_ONLY,24,0,600,2,9,ok,,0,1,51.76912498,374,1,3.704,14.209,1.76265E+12,1.76265E+12,,,,,,,,,,,,,,,
y1_online_only,LEO_ONLY,24,0,600,2,10,ok,,0,1,44.764958,374,1,3.797,14.077,1.76265E+12,1.76265E+12,,,,,,,,,,,,,,,
y1_online_only,LEO_ONLY,24,0,600,2,11,ok,,0,1,46.65558398,374,1,3.617,14.125,1.76265E+12,1.76265E+12,,,,,,,,,,,,,,,
y1_online_only,LEO_ONLY,24,0,600,2,12,ok,,0,1,44.15100001,374,1,3.798,14.276,1.76265E+12,1.76265E+12,,,,,,,,,,,,,,,
y1_online_only,LEO_ONLY,24,0,600,2,13,ok,,0,1,52.255583,374,1,3.774,14.671,1.76265E+12,1.76265E+12,,,,,,,,,,,,,,,
y1_online_only,LEO_ONLY,24,0,600,2,14,ok,,0,1,49.02212499,374,1,3.634,13.97,1.76265E+12,1.76265E+12,,,,,,,,,,,,,,,
y1_online_only,LEO_ONLY,24,0,600,2,15,ok,,0,1,47.40670801,374,1,3.664,13.953,1.76265E+12,1.76265E+12,,,,,,,,,,,,,,,
y1_online_only,LEO_ONLY,24,0,600,2,16,ok,,0,1,44.37400002,374,1,3.607,13.383,1.76265E+12,1.76265E+12,,,,,,,,,,,,,,,
y1_online_only,LEO_ONLY,24,0,600,2,17,ok,,0,1,46.04795799,374,1,3.723,13.688,1.76265E+12,1.76265E+12,,,,,,,,,,,,,,,
y1_online_only,LEO_ONLY,24,0,600,2,18,ok,,0,1,41.08445899,374,1,3.73,13.924,1.76265E+12,1.76265E+12,,,,,,,,,,,,,,,
y1_online_only,LEO_ONLY,24,0,600,2,19,ok,,0,1,48.614375,374,1,3.816,14.178,1.76265E+12,1.76265E+12,,,,,,,,,,,,,,,
y1_online_only,LEO_ONLY,24,0,600,2,20,ok,,0,1,41.00954201,374,1,3.628,14.051,1.76265E+12,1.76265E+12,,,,,,,,,,,,,,,
y1_online_only,LEO_ONLY,24,0,600,2,21,ok,,0,1,47.825166,374,1,3.892,14.35,1.76265E+12,1.76265E+12,,,,,,,,,,,,,,,
y1_online_only,LEO_ONLY,24,0,600,2,22,ok,,0,1,48.18804198,374,1,3.806,14.306,1.76265E+12,1.76265E+12,,,,,,,,,,,,,,,
y1_online_only,LEO_ONLY,24,0,600,2,23,ok,,0,1,47.927167,374,1,3.851,14.344,1.76265E+12,1.76265E+12,,,,,,,,,,,,,,,
y1_online_only,LEO_ONLY,24,0,600,2,24,ok,,0,1,50.40199999,374,1,3.704,13.775,1.76265E+12,1.76265E+12,,,,,,,,,,,,,,,
y1_online_only,LEO_ONLY,24,0,600,2,25,ok,,0,1,48.472125,374,1,3.684,13.844,1.76265E+12,1.76265E+12,,,,,,,,,,,,,,,
y1_online_only,LEO_ONLY,24,0,600,2,26,ok,,0,1,50.82933401,374,1,3.722,14.282,1.76265E+12,1.76265E+12,,,,,,,,,,,,,,,
y1_online_only,LEO_ONLY,24,0,600,2,27,ok,,0,1,49.66049999,374,1,3.656,13.644,1.76265E+12,1.76265E+12,,,,,,,,,,,,,,,
y1_online_only,LEO_ONLY,24,0,600,2,28,ok,,0,1,43.943125,374,1,3.673,13.743,1.76265E+12,1.76265E+12,,,,,,,,,,,,,,,
y1_online_only,LEO_ONLY,24,0,600,2,29,ok,,0,1,53.257291,374,1,3.548,14.429,1.76265E+12,1.76265E+12,,,,,,,,,,,,,,,
y1_online_only,LEO_ONLY,24,0,600,2,30,ok,,0,1,46.57654199,374,1,3.493,13.415,1.76265E+12,1.76265E+12,,,,,,,,,,,,,,,
y1_online_only,LEO_ONLY,24,0,600,2,31,ok,,0,1,46.78170799,374,1,3.629,14.269,1.76265E+12,1.76265E+12,,,,,,,,,,,,,,,
y1_online_only,LEO_ONLY,24,0,600,2,32,ok,,0,1,44.49900001,374,1,3.653,13.767,1.76265E+12,1.76265E+12,,,,,,,,,,,,,,,
y1_online_only,LEO_ONLY,24,0,600,2,33,ok,,0,1,48.477042,374,1,3.585,13.756,1.76265E+12,1.76265E+12,,,,,,,,,,,,,,,
y1_online_only,LEO_ONLY,24,0,600,2,34,ok,,0,1,43.942166,374,1,3.869,14.116,1.76265E+12,1.76265E+12,,,,,,,,,,,,,,,
y1_online_only,LEO_ONLY,24,0,600,2,35,ok,,0,1,53.211958,374,1,3.832,14.567,1.76265E+12,1.76265E+12,,,,,,,,,,,,,,,
y1_online_only,LEO_ONLY,24,0,600,2,36,ok,,0,1,43.45145801,374,1,3.571,13.452,1.76265E+12,1.76265E+12,,,,,,,,,,,,,,,
y1_online_only,LEO_ONLY,24,0,600,2,37,ok,,0,1,41.36520802,374,1,3.628,13.761,1.76265E+12,1.76265E+12,,,,,,,,,,,,,,,
y1_online_only,LEO_ONLY,24,0,600,2,38,ok,,0,1,48.8205,374,1,3.751,13.932,1.76265E+12,1.76265E+12,,,,,,,,,,,,,,,
y1_online_only,LEO_ONLY,24,0,600,2,39,ok,,0,1,54.414791,374,1,3.809,14.211,1.76265E+12,1.76265E+12,,,,,,,,,,,,,,,
y1_online_only,LEO_ONLY,24,0,600,2,40,ok,,0,1,48.53616699,374,1,3.728,14.086,1.76265E+12,1.76265E+12,,,,,,,,,,,,,,,
y1_online_only,LEO_ONLY,24,0,600,2,41,ok,,0,1,52.116209,374,1,3.681,14.023,1.76265E+12,1.76265E+12,,,,,,,,,,,,,,,
y1_online_only,LEO_ONLY,24,0,600,2,42,ok,,0,1,47.489666,374,1,3.935,14.169,1.76265E+12,1.76265E+12,,,,,,,,,,,,,,,
y1_online_only,LEO_ONLY,24,0,600,2,43,ok,,0,1,44.00374999,374,1,3.693,14.581,1.76265E+12,1.76265E+12,,,,,,,,,,,,,,,
y1_online_only,LEO_ONLY,24,0,600,2,44,ok,,0,1,48.765916,374,1,3.802,14.856,1.76265E+12,1.76265E+12,,,,,,,,,,,,,,,
y1_online_only,LEO_ONLY,24,0,600,2,45,ok,,0,1,49.7225,373,1,3.998,14.513,1.76265E+12,1.76265E+12,,,,,,,,,,,,,,,
y1_online_only,LEO_ONLY,24,0,600,2,46,ok,,0,1,46.82466699,374,1,3.817,14.065,1.76265E+12,1.76265E+12,,,,,,,,,,,,,,,
y1_online_only,LEO_ONLY,24,0,600,2,47,ok,,0,1,52.93720902,373,1,3.773,14.444,1.76265E+12,1.76265E+12,,,,,,,,,,,,,,,
y1_online_only,LEO_ONLY,24,0,600,2,48,ok,,0,1,47.613542,374,1,3.645,13.81,1.76265E+12,1.76265E+12,,,,,,,,,,,,,,,
y1_online_only,LEO_ONLY,24,0,600,2,49,ok,,0,1,49.611333,374,1,3.886,14.226,1.76265E+12,1.76265E+12,,,,,,,,,,,,,,,
y1_online_only,LEO_ONLY,24,0,600,2,50,ok,,0,1,44.51029201,374,1,3.735,14.004,1.76265E+12,1.76265E+12,,,,,,,,,,,,,,,
y1_online_only,LEO_ONLY,24,0,600,2,51,ok,,0,1,52.817708,374,1,3.886,13.921,1.76265E+12,1.76265E+12,,,,,,,,,,,,,,,
y1_online_only,LEO_ONLY,24,0,600,2,52,ok,,0,1,51.87025,374,1,3.833,14.702,1.76265E+12,1.76265E+12,,,,,,,,,,,,,,,
y1_online_only,LEO_ONLY,24,0,600,2,53,ok,,0,1,45.96595801,374,1,3.802,14.199,1.76265E+12,1.76265E+12,,,,,,,,,,,,,,,
y1_online_only,LEO_ONLY,24,0,600,2,54,ok,,0,1,46.63275002,374,1,3.779,14.326,1.76265E+12,1.76265E+12,,,,,,,,,,,,,,,
y1_online_only,LEO_ONLY,24,0,600,2,55,ok,,0,1,47.161083,374,1,3.761,14.144,1.76265E+12,1.76265E+12,,,,,,,,,,,,,,,
y1_online_only,LEO_ONLY,24,0,600,2,56,ok,,0,1,47.09833302,374,1,3.657,14.148,1.76265E+12,1.76265E+12,,,,,,,,,,,,,,,
y1_online_only,LEO_ONLY,24,0,600,2,57,ok,,0,1,48.21983399,374,1,3.672,14.213,1.76265E+12,1.76265E+12,,,,,,,,,,,,,,,
y1_online_only,LEO_ONLY,24,0,600,2,58,ok,,0,1,44.32058299,374,1,3.621,14.051,1.76265E+12,1.76265E+12,,,,,,,,,,,,,,,
y1_online_only,LEO_ONLY,24,0,600,2,59,ok,,0,1,48.78550002,374,1,3.734,13.991,1.76265E+12,1.76265E+12,,,,,,,,,,,,,,,
y1_online_only,LEO_ONLY,24,0,600,2,60,ok,,0,1,44.124042,374,1,3.657,14.19,1.76265E+12,1.76265E+12,,,,,,,,,,,,,,,
y1_online_only,LEO_ONLY,24,0,600,2,61,ok,,0,1,44.27320897,374,1,3.785,16.29,1.76265E+12,1.76265E+12,,,,,,,,,,,,,,,
y1_online_only,LEO_ONLY,24,0,600,2,62,ok,,0,1,47.57216599,374,1,3.609,13.762,1.76265E+12,1.76265E+12,,,,,,,,,,,,,,,
y1_online_only,LEO_ONLY,24,0,600,2,63,ok,,0,1,49.14216598,374,1,3.707,14.101,1.76265E+12,1.76265E+12,,,,,,,,,,,,,,,
y1_online_only,LEO_ONLY,24,0,600,2,64,ok,,0,1,48.99062499,374,1,3.579,13.624,1.76265E+12,1.76265E+12,,,,,,,,,,,,,,,
y1_online_only,LEO_ONLY,24,0,600,2,65,ok,,0,1,49.47262502,374,1,3.755,13.9,1.76265E+12,1.76265E+12,,,,,,,,,,,,,,,
y1_online_only,LEO_ONLY,24,0,600,2,66,ok,,0,1,45.69383399,374,1,3.772,14.528,1.76265E+12,1.76265E+12,,,,,,,,,,,,,,,
y1_online_only,LEO_ONLY,24,0,600,2,67,ok,,0,1,47.272417,374,1,3.789,14.498,1.76265E+12,1.76265E+12,,,,,,,,,,,,,,,
y1_online_only,LEO_ONLY,24,0,600,2,68,ok,,0,1,47.3675,374,1,3.859,14.182,1.76265E+12,1.76265E+12,,,,,,,,,,,,,,,
y1_online_only,LEO_ONLY,24,0,600,2,69,ok,,0,1,51.47916701,374,1,3.722,14.24,1.76265E+12,1.76265E+12,,,,,,,,,,,,,,,
y1_online_only,LEO_ONLY,24,0,600,2,70,ok,,0,1,47.22499999,374,1,3.885,14.29,1.76265E+12,1.76265E+12,,,,,,,,,,,,,,,
y1_online_only,LEO_ONLY,24,0,600,2,71,ok,,0,1,49.802917,374,1,3.595,13.62,1.76265E+12,1.76265E+12,,,,,,,,,,,,,,,
y1_online_only,LEO_ONLY,24,0,600,2,72,ok,,0,1,43.828875,374,1,3.84,14.235,1.76265E+12,1.76265E+12,,,,,,,,,,,,,,,
y1_online_only,LEO_ONLY,24,0,600,2,73,ok,,0,1,48.56679201,374,1,3.617,13.869,1.76265E+12,1.76265E+12,,,,,,,,,,,,,,,
y1_online_only,LEO_ONLY,24,0,600,2,74,ok,,0,1,47.593125,374,1,3.727,14.304,1.76265E+12,1.76265E+12,,,,,,,,,,,,,,,
y1_online_only,LEO_ONLY,24,0,600,2,75,ok,,0,1,54.23791701,374,1,3.876,14.712,1.76265E+12,1.76265E+12,,,,,,,,,,,,,,,
y1_online_only,LEO_ONLY,24,0,600,2,76,ok,,0,1,46.83416701,374,1,3.8,14.313,1.76265E+12,1.76265E+12,,,,,,,,,,,,,,,
y1_online_only,LEO_ONLY,24,0,600,2,77,ok,,0,1,46.863917,374,1,3.886,14.814,1.76265E+12,1.76265E+12,,,,,,,,,,,,,,,
y1_online_only,LEO_ONLY,24,0,600,2,78,ok,,0,1,47.413291,374,1,3.691,14.249,1.76265E+12,1.76265E+12,,,,,,,,,,,,,,,
y1_online_only,LEO_ONLY,24,0,600,2,79,ok,,0,1,48.618167,374,1,3.721,14.262,1.76265E+12,1.76265E+12,,,,,,,,,,,,,,,
y1_online_only,LEO_ONLY,24,0,600,2,80,ok,,0,1,45.93266698,374,1,3.665,14.273,1.76265E+12,1.76265E+12,,,,,,,,,,,,,,,
y1_online_only,LEO_ONLY,24,0,600,2,81,ok,,0,1,46.53875,374,1,3.731,14.654,1.76265E+12,1.76265E+12,,,,,,,,,,,,,,,
y1_online_only,LEO_ONLY,24,0,600,2,82,ok,,0,1,45.820959,374,1,3.673,14.113,1.76265E+12,1.76265E+12,,,,,,,,,,,,,,,
y1_online_only,LEO_ONLY,24,0,600,2,83,ok,,0,1,51.182708,374,1,3.654,14.157,1.76265E+12,1.76265E+12,,,,,,,,,,,,,,,
y1_online_only,LEO_ONLY,24,0,600,2,84,ok,,0,1,45.95591599,374,1,3.692,14.188,1.76265E+12,1.76265E+12,,,,,,,,,,,,,,,
y1_online_only,LEO_ONLY,24,0,600,2,85,ok,,0,1,47.502,374,1,3.77,14.461,1.76265E+12,1.76265E+12,,,,,,,,,,,,,,,
y1_online_only,LEO_ONLY,24,0,600,2,86,ok,,0,1,46.44120799,374,1,3.583,14.281,1.76265E+12,1.76265E+12,,,,,,,,,,,,,,,
y1_online_only,LEO_ONLY,24,0,600,2,87,ok,,0,1,49.86891701,374,1,3.806,14.17,1.76265E+12,1.76265E+12,,,,,,,,,,,,,,,
y1_online_only,LEO_ONLY,24,0,600,2,88,ok,,0,1,50.85029101,373,1,3.652,14.404,1.76265E+12,1.76265E+12,,,,,,,,,,,,,,,
y1_online_only,LEO_ONLY,24,0,600,2,89,ok,,0,1,48.56375,374,1,3.853,14.553,1.76265E+12,1.76265E+12,,,,,,,,,,,,,,,
y1_online_only,LEO_ONLY,24,0,600,2,90,ok,,0,1,53.141376,374,1,3.768,14.556,1.76265E+12,1.76265E+12,,,,,,,,,,,,,,,
y1_online_only,LEO_ONLY,24,0,600,2,91,ok,,0,1,47.63700001,374,1,3.646,13.907,1.76265E+12,1.76265E+12,,,,,,,,,,,,,,,
y1_online_only,LEO_ONLY,24,0,600,2,92,ok,,0,1,49.85537502,374,1,3.787,14.75,1.76265E+12,1.76265E+12,,,,,,,,,,,,,,,
y1_online_only,LEO_ONLY,24,0,600,2,93,ok,,0,1,44.845333,374,1,3.713,13.67,1.76265E+12,1.76265E+12,,,,,,,,,,,,,,,
y1_online_only,LEO_ONLY,24,0,600,2,94,ok,,0,1,44.62487501,374,1,3.708,14.072,1.76265E+12,1.76265E+12,,,,,,,,,,,,,,,
y1_online_only,LEO_ONLY,24,0,600,2,95,ok,,0,1,43.16691699,374,1,3.768,14.056,1.76265E+12,1.76265E+12,,,,,,,,,,,,,,,
y1_online_only,LEO_ONLY,24,0,600,2,96,ok,,0,1,46.09749999,374,1,3.631,13.563,1.76265E+12,1.76265E+12,,,,,,,,,,,,,,,
y1_online_only,LEO_ONLY,24,0,600,2,97,ok,,0,1,46.524,374,1,3.679,13.794,1.76265E+12,1.76265E+12,,,,,,,,,,,,,,,
y1_online_only,LEO_ONLY,24,0,600,2,98,ok,,0,1,51.18854099,374,1,3.731,14.097,1.76265E+12,1.76265E+12,,,,,,,,,,,,,,,
y1_online_only,LEO_ONLY,24,0,600,2,99,ok,,0,1,44.693,374,1,3.849,14.652,1.76265E+12,1.76265E+12,,,,,,,,,,,,,,,
y1_online_only,LEO_ONLY,24,0,600,2,100,ok,,0,1,50.51529201,374,1,3.61,13.77,1.76265E+12,1.76265E+12,,,,,,,,,,,,,,,
y1_online_only,LEO_ONLY,24,0,600,2,101,ok,,0,1,49.36483401,374,1,3.755,13.984,1.76265E+12,1.76265E+12,,,,,,,,,,,,,,,
y1_online_only,LEO_ONLY,24,0,600,2,102,ok,,0,1,45.190334,374,1,3.9,13.869,1.76265E+12,1.76265E+12,,,,,,,,,,,,,,,
y1_online_only,LEO_ONLY,24,0,600,2,103,ok,,0,1,50.058291,374,1,3.67,14.106,1.76265E+12,1.76265E+12,,,,,,,,,,,,,,,
y1_online_only,LEO_ONLY,24,0,600,2,104,ok,,0,1,49.43741701,374,1,3.817,14.604,1.76265E+12,1.76265E+12,,,,,,,,,,,,,,,
y1_online_only,LEO_ONLY,24,0,600,2,105,ok,,0,1,43.71291699,374,1,3.574,13.479,1.76265E+12,1.76265E+12,,,,,,,,,,,,,,,
y1_online_only,LEO_ONLY,24,0,600,2,106,ok,,0,1,51.44579199,374,1,3.698,14.216,1.76265E+12,1.76265E+12,,,,,,,,,,,,,,,
y1_online_only,LEO_ONLY,24,0,600,2,107,ok,,0,1,48.26312501,374,1,3.795,14.012,1.76265E+12,1.76265E+12,,,,,,,,,,,,,,,
y1_online_only,LEO_ONLY,24,0,600,2,108,ok,,0,1,44.92812502,374,1,3.74,14.393,1.76265E+12,1.76265E+12,,,,,,,,,,,,,,,
y1_online_only,LEO_ONLY,24,0,600,2,109,ok,,0,1,42.61008301,374,1,3.799,13.782,1.76265E+12,1.76265E+12,,,,,,,,,,,,,,,
y1_online_only,LEO_ONLY,24,0,600,2,110,ok,,0,1,51.75566601,374,1,3.819,14.268,1.76265E+12,1.76265E+12,,,,,,,,,,,,,,,
y1_online_only,LEO_ONLY,24,0,600,2,111,ok,,0,1,49.59929199,373,1,3.757,14.031,1.76265E+12,1.76265E+12,,,,,,,,,,,,,,,
y1_online_only,LEO_ONLY,24,0,600,2,112,ok,,0,1,54.068167,374,1,3.86,14.324,1.76265E+12,1.76265E+12,,,,,,,,,,,,,,,
y1_online_only,LEO_ONLY,24,0,600,2,113,ok,,0,1,45.90558299,374,1,3.776,14.348,1.76265E+12,1.76265E+12,,,,,,,,,,,,,,,
y1_online_only,LEO_ONLY,24,0,600,2,114,ok,,0,1,53.03579199,374,1,3.703,14.259,1.76265E+12,1.76265E+12,,,,,,,,,,,,,,,
y1_online_only,LEO_ONLY,24,0,600,2,115,ok,,0,1,48.59441702,374,1,3.793,14.001,1.76265E+12,1.76265E+12,,,,,,,,,,,,,,,
y1_online_only,LEO_ONLY,24,0,600,2,116,ok,,0,1,46.97274999,374,1,3.638,14.129,1.76265E+12,1.76265E+12,,,,,,,,,,,,,,,
y1_online_only,LEO_ONLY,24,0,600,2,117,ok,,0,1,44.33783301,374,1,3.791,14.712,1.76265E+12,1.76265E+12,,,,,,,,,,,,,,,
y1_online_only,LEO_ONLY,24,0,600,2,118,ok,,0,1,44.623208,374,1,4.022,14.19,1.76265E+12,1.76265E+12,,,,,,,,,,,,,,,
y1_online_only,LEO_ONLY,24,0,600,2,119,ok,,0,1,45.84558302,374,1,3.927,14.681,1.76265E+12,1.76265E+12,,,,,,,,,,,,,,,
y1_online_only,LEO_ONLY,24,0,600,2,120,ok,,0,1,44.642625,374,1,3.618,14.032,1.76265E+12,1.76265E+12,,,,,,,,,,,,,,,
y1_online_only,LEO_ONLY,24,0,600,2,121,ok,,0,1,50.53200002,374,1,3.814,14.382,1.76265E+12,1.76265E+12,,,,,,,,,,,,,,,
y1_online_only,LEO_ONLY,24,0,600,2,122,ok,,0,1,43.629541,374,1,3.882,14.128,1.76265E+12,1.76265E+12,,,,,,,,,,,,,,,
y1_online_only,LEO_ONLY,24,0,600,2,123,ok,,0,1,45.51629099,374,1,3.865,13.899,1.76265E+12,1.76265E+12,,,,,,,,,,,,,,,
y1_online_only,LEO_ONLY,24,0,600,2,124,ok,,0,1,45.607001,374,1,3.807,13.889,1.76265E+12,1.76265E+12,,,,,,,,,,,,,,,
y1_online_only,LEO_ONLY,24,0,600,2,125,ok,,0,1,50.56091701,374,1,3.846,14.151,1.76265E+12,1.76265E+12,,,,,,,,,,,,,,,
y1_online_only,LEO_ONLY,24,0,600,2,126,ok,,0,1,48.30250001,374,1,3.746,14.107,1.76265E+12,1.76265E+12,,,,,,,,,,,,,,,
y1_online_only,LEO_ONLY,24,0,600,2,127,ok,,0,1,55.25733301,374,1,3.672,14.765,1.76265E+12,1.76265E+12,,,,,,,,,,,,,,,
y1_online_only,LEO_ONLY,24,0,600,2,128,ok,,0,1,45.078625,374,1,3.772,13.767,1.76265E+12,1.76265E+12,,,,,,,,,,,,,,,
y1_online_only,LEO_ONLY,24,0,600,2,129,ok,,0,1,48.17354199,374,1,3.639,14.5,1.76265E+12,1.76265E+12,,,,,,,,,,,,,,,
y1_online_only,LEO_ONLY,24,0,600,2,130,ok,,0,1,49.33379099,374,1,5.459,14.724,1.76265E+12,1.76265E+12,,,,,,,,,,,,,,,
y1_online_only,LEO_ONLY,24,0,600,2,131,ok,,0,1,43.95904101,374,1,3.74,13.92,1.76265E+12,1.76265E+12,,,,,,,,,,,,,,,
y1_online_only,LEO_ONLY,24,0,600,2,132,ok,,0,1,54.85058299,374,1,3.686,14.318,1.76265E+12,1.76265E+12,,,,,,,,,,,,,,,
y1_online_only,LEO_ONLY,24,0,600,2,133,ok,,0,1,46.312958,374,1,3.784,13.853,1.76265E+12,1.76265E+12,,,,,,,,,,,,,,,
y1_online_only,LEO_ONLY,24,0,600,2,134,ok,,0,1,50.92791698,374,1,3.682,13.956,1.76265E+12,1.76265E+12,,,,,,,,,,,,,,,
y1_online_only,LEO_ONLY,24,0,600,2,135,ok,,0,1,45.625375,374,1,3.54,13.453,1.76265E+12,1.76265E+12,,,,,,,,,,,,,,,
y1_online_only,LEO_ONLY,24,0,600,2,136,ok,,0,1,48.20958298,374,1,3.759,14.052,1.76265E+12,1.76265E+12,,,,,,,,,,,,,,,
y1_online_only,LEO_ONLY,24,0,600,2,137,ok,,0,1,44.85979199,374,1,3.849,15.039,1.76265E+12,1.76265E+12,,,,,,,,,,,,,,,
y1_online_only,LEO_ONLY,24,0,600,2,138,ok,,0,1,46.699042,374,1,3.558,14.213,1.76265E+12,1.76265E+12,,,,,,,,,,,,,,,
y1_online_only,LEO_ONLY,24,0,600,2,139,ok,,0,1,46.31166699,374,1,3.685,13.669,1.76265E+12,1.76265E+12,,,,,,,,,,,,,,,
y1_online_only,LEO_ONLY,24,0,600,2,140,ok,,0,1,45.307458,374,1,3.73,13.728,1.76265E+12,1.76265E+12,,,,,,,,,,,,,,,
y1_online_only,LEO_ONLY,24,0,600,2,141,ok,,0,1,49.24508301,374,1,3.869,14.182,1.76265E+12,1.76265E+12,,,,,,,,,,,,,,,
y1_online_only,LEO_ONLY,24,0,600,2,142,ok,,0,1,47.80924998,374,1,3.787,14.042,1.76265E+12,1.76265E+12,,,,,,,,,,,,,,,
y1_online_only,LEO_ONLY,24,0,600,2,143,ok,,0,1,53.62266698,374,1,3.693,14.653,1.76265E+12,1.76265E+12,,,,,,,,,,,,,,,
y1_online_only,LEO_ONLY,24,0,600,2,144,ok,,0,1,43.62833299,374,1,3.747,13.995,1.76265E+12,1.76265E+12,,,,,,,,,,,,,,,
y1_online_only,LEO_ONLY,24,0,600,2,145,ok,,0,1,47.48012501,374,1,3.778,14.101,1.76265E+12,1.76265E+12,,,,,,,,,,,,,,,
y1_online_only,LEO_ONLY,24,0,600,2,146,ok,,0,1,46.633833,374,1,3.732,14.554,1.76265E+12,1.76265E+12,,,,,,,,,,,,,,,
y1_online_only,LEO_ONLY,24,0,600,2,147,ok,,0,1,48.10366701,374,1,3.757,14.281,1.76265E+12,1.76265E+12,,,,,,,,,,,,,,,
y1_online_only,LEO_ONLY,24,0,600,2,148,ok,,0,1,42.67637499,374,1,3.695,14.188,1.76265E+12,1.76265E+12,,,,,,,,,,,,,,,
y1_online_only,LEO_ONLY,24,0,600,2,149,ok,,0,1,45.53529201,374,1,3.831,14.611,1.76265E+12,1.76265E+12,,,,,,,,,,,,,,,
y1_online_only,LEO_ONLY,24,0,600,2,150,ok,,0,1,48.526584,374,1,3.732,14.056,1.76265E+12,1.76265E+12,,,,,,,,,,,,,,,
y1_online_only,LEO_ONLY,24,0,600,2,151,ok,,0,1,47.37812499,374,1,3.659,14.398,1.76265E+12,1.76265E+12,,,,,,,,,,,,,,,
y1_online_only,LEO_ONLY,24,0,600,2,152,ok,,0,1,46.25112499,374,1,3.802,14.123,1.76265E+12,1.76265E+12,,,,,,,,,,,,,,,
y1_online_only,LEO_ONLY,24,0,600,2,153,ok,,0,1,50.44766702,374,1,3.623,14.199,1.76265E+12,1.76265E+12,,,,,,,,,,,,,,,
y1_online_only,LEO_ONLY,24,0,600,2,154,ok,,0,1,49.34108298,374,1,3.712,14.096,1.76265E+12,1.76265E+12,,,,,,,,,,,,,,,
y1_online_only,LEO_ONLY,24,0,600,2,155,ok,,0,1,49.650209,374,1,3.872,14.086,1.76265E+12,1.76265E+12,,,,,,,,,,,,,,,
y1_online_only,LEO_ONLY,24,0,600,2,156,ok,,0,1,51.97758399,374,1,3.923,14.693,1.76265E+12,1.76265E+12,,,,,,,,,,,,,,,
y1_online_only,LEO_ONLY,24,0,600,2,157,ok,,0,1,47.590167,374,1,3.682,14.068,1.76265E+12,1.76265E+12,,,,,,,,,,,,,,,
y1_online_only,LEO_ONLY,24,0,600,2,158,ok,,0,1,50.29762498,374,1,3.789,14.095,1.76265E+12,1.76265E+12,,,,,,,,,,,,,,,
y1_online_only,LEO_ONLY,24,0,600,2,159,ok,,0,1,43.08862501,374,1,3.838,14.269,1.76265E+12,1.76265E+12,,,,,,,,,,,,,,,
y1_online_only,LEO_ONLY,24,0,600,2,160,ok,,0,1,45.49558301,374,1,3.755,14.122,1.76265E+12,1.76265E+12,,,,,,,,,,,,,,,
y1_online_only,LEO_ONLY,24,0,600,2,161,ok,,0,1,45.96175,374,1,3.715,14.319,1.76265E+12,1.76265E+12,,,,,,,,,,,,,,,
y1_online_only,LEO_ONLY,24,0,600,2,162,ok,,0,1,42.742625,374,1,3.854,14.252,1.76265E+12,1.76265E+12,,,,,,,,,,,,,,,
y1_online_only,LEO_ONLY,24,0,600,2,163,ok,,0,1,43.05645899,374,1,3.927,13.486,1.76265E+12,1.76265E+12,,,,,,,,,,,,,,,
y1_online_only,LEO_ONLY,24,0,600,2,164,ok,,0,1,43.91375001,374,1,3.687,13.882,1.76265E+12,1.76265E+12,,,,,,,,,,,,,,,
y1_online_only,LEO_ONLY,24,0,600,2,165,ok,,0,1,45.82687502,374,1,3.649,13.654,1.76265E+12,1.76265E+12,,,,,,,,,,,,,,,
y1_online_only,LEO_ONLY,24,0,600,2,166,ok,,0,1,42.560167,374,1,3.56,13.85,1.76265E+12,1.76265E+12,,,,,,,,,,,,,,,
y1_online_only,LEO_ONLY,24,0,600,2,167,ok,,0,1,48.36925,374,1,3.688,13.911,1.76265E+12,1.76265E+12,,,,,,,,,,,,,,,
y1_online_only,LEO_ONLY,24,0,600,2,168,ok,,0,1,47.28741699,374,1,3.8,14.016,1.76265E+12,1.76265E+12,,,,,,,,,,,,,,,
y1_online_only,LEO_ONLY,24,0,600,2,169,ok,,0,1,48.896625,374,1,3.633,14.276,1.76265E+12,1.76265E+12,,,,,,,,,,,,,,,
y1_online_only,LEO_ONLY,24,0,600,2,170,ok,,0,1,45.94541699,374,1,3.923,13.629,1.76265E+12,1.76265E+12,,,,,,,,,,,,,,,
y1_online_only,LEO_ONLY,24,0,600,2,171,ok,,0,1,47.94762499,374,1,3.688,14.151,1.76265E+12,1.76265E+12,,,,,,,,,,,,,,,
y1_online_only,LEO_ONLY,24,0,600,2,172,ok,,0,1,48.29708301,374,1,3.748,13.975,1.76265E+12,1.76265E+12,,,,,,,,,,,,,,,
y1_online_only,LEO_ONLY,24,0,600,2,173,ok,,0,1,49.362291,374,1,3.731,14.337,1.76265E+12,1.76265E+12,,,,,,,,,,,,,,,
y1_online_only,LEO_ONLY,24,0,600,2,174,ok,,0,1,49.802667,374,1,3.609,13.941,1.76265E+12,1.76265E+12,,,,,,,,,,,,,,,
y1_online_only,LEO_ONLY,24,0,600,2,175,ok,,0,1,47.63729102,374,1,3.839,14.106,1.76265E+12,1.76265E+12,,,,,,,,,,,,,,,
y1_online_only,LEO_ONLY,24,0,600,2,176,ok,,0,1,49.78120801,374,1,3.835,14.235,1.76265E+12,1.76265E+12,,,,,,,,,,,,,,,
y1_online_only,LEO_ONLY,24,0,600,2,177,ok,,0,1,42.04474998,374,1,3.674,13.967,1.76265E+12,1.76265E+12,,,,,,,,,,,,,,,
y1_online_only,LEO_ONLY,24,0,600,2,178,ok,,0,1,46.84766597,374,1,3.687,14.141,1.76265E+12,1.76265E+12,,,,,,,,,,,,,,,
y1_online_only,LEO_ONLY,24,0,600,2,179,ok,,0,1,43.65962502,374,1,3.609,13.919,1.76265E+12,1.76265E+12,,,,,,,,,,,,,,,
y1_online_only,LEO_ONLY,24,0,600,2,180,ok,,0,1,50.82454201,374,1,3.772,13.887,1.76265E+12,1.76265E+12,,,,,,,,,,,,,,,
y1_online_only,LEO_ONLY,24,0,600,2,181,ok,,0,1,47.32245801,374,1,3.825,14.129,1.76265E+12,1.76265E+12,,,,,,,,,,,,,,,
y1_online_only,LEO_ONLY,24,0,600,2,182,ok,,0,1,49.018625,374,1,3.709,14.311,1.76265E+12,1.76265E+12,,,,,,,,,,,,,,,
y1_online_only,LEO_ONLY,24,0,600,2,183,ok,,0,1,46.19841598,374,1,3.655,14.333,1.76265E+12,1.76265E+12,,,,,,,,,,,,,,,
y1_online_only,LEO_ONLY,24,0,600,2,184,ok,,0,1,54.478084,374,1,3.849,14.732,1.76265E+12,1.76265E+12,,,,,,,,,,,,,,,
y1_online_only,LEO_ONLY,24,0,600,2,185,ok,,0,1,43.37608299,374,1,3.69,14.146,1.76265E+12,1.76265E+12,,,,,,,,,,,,,,,
y1_online_only,LEO_ONLY,24,0,600,2,186,ok,,0,1,53.66170898,374,1,3.822,14.307,1.76265E+12,1.76265E+12,,,,,,,,,,,,,,,
y1_online_only,LEO_ONLY,24,0,600,2,187,ok,,0,1,48.094667,374,1,3.809,14.171,1.76265E+12,1.76265E+12,,,,,,,,,,,,,,,
y1_online_only,LEO_ONLY,24,0,600,2,188,ok,,0,1,48.96762499,374,1,3.746,13.718,1.76265E+12,1.76265E+12,,,,,,,,,,,,,,,
y1_online_only,LEO_ONLY,24,0,600,2,189,ok,,0,1,53.88216698,374,1,3.78,14.625,1.76265E+12,1.76265E+12,,,,,,,,,,,,,,,
y1_online_only,LEO_ONLY,24,0,600,2,190,ok,,0,1,47.761583,374,1,3.789,14.525,1.76265E+12,1.76265E+12,,,,,,,,,,,,,,,
y1_online_only,LEO_ONLY,24,0,600,2,191,ok,,0,1,45.70758299,374,1,3.919,14.106,1.76265E+12,1.76265E+12,,,,,,,,,,,,,,,
y1_online_only,LEO_ONLY,24,0,600,2,192,ok,,0,1,55.154125,374,1,3.851,14.251,1.76265E+12,1.76265E+12,,,,,,,,,,,,,,,
y1_online_only,LEO_ONLY,24,0,600,2,193,ok,,0,1,53.373334,374,1,3.863,15.138,1.76265E+12,1.76265E+12,,,,,,,,,,,,,,,
y1_online_only,LEO_ONLY,24,0,600,2,194,ok,,0,1,50.04112498,374,1,3.902,13.962,1.76265E+12,1.76265E+12,,,,,,,,,,,,,,,
y1_online_only,LEO_ONLY,24,0,600,2,195,ok,,0,1,46.14895798,374,1,3.719,14.295,1.76265E+12,1.76265E+12,,,,,,,,,,,,,,,
y1_online_only,LEO_ONLY,24,0,600,2,196,ok,,0,1,50.76754201,374,1,3.688,14.497,1.76265E+12,1.76265E+12,,,,,,,,,,,,,,,
y1_online_only,LEO_ONLY,24,0,600,2,197,ok,,0,1,51.11183299,374,1,3.744,14.256,1.76265E+12,1.76265E+12,,,,,,,,,,,,,,,
y1_online_only,LEO_ONLY,24,0,600,2,198,ok,,0,1,42.938625,374,1,3.718,14.138,1.76265E+12,1.76265E+12,,,,,,,,,,,,,,,
y1_online_only,LEO_ONLY,24,0,600,2,199,ok,,0,1,46.67012498,374,1,3.533,13.599,1.76265E+12,1.76265E+12,,,,,,,,,,,,,,,
y1_online_only,LEO_ONLY,24,0,600,2,200,ok,,0,1,54.29208398,374,1,3.776,14.693,1.76265E+12,1.76265E+12,,,,,,,,,,,,,,,
y1_online_only,LEO_ONLY,24,0,600,2,201,ok,,0,1,44.47054199,373,1,3.663,13.909,1.76265E+12,1.76265E+12,,,,,,,,,,,,,,,
y1_online_only,LEO_ONLY,24,0,600,2,202,ok,,0,1,47.154167,374,1,3.728,14.287,1.76265E+12,1.76265E+12,,,,,,,,,,,,,,,
y1_online_only,LEO_ONLY,24,0,600,2,203,ok,,0,1,45.58083302,374,1,3.653,14.268,1.76265E+12,1.76265E+12,,,,,,,,,,,,,,,
y1_online_only,LEO_ONLY,24,0,600,2,204,ok,,0,1,45.87674999,374,1,3.714,14.139,1.76265E+12,1.76265E+12,,,,,,,,,,,,,,,
y1_online_only,LEO_ONLY,24,0,600,2,205,ok,,0,1,45.500459,374,1,3.777,13.886,1.76265E+12,1.76265E+12,,,,,,,,,,,,,,,
y1_online_only,LEO_ONLY,24,0,600,2,206,ok,,0,1,48.05108299,374,1,3.767,14.095,1.76265E+12,1.76265E+12,,,,,,,,,,,,,,,
y1_online_only,LEO_ONLY,24,0,600,2,207,ok,,0,1,50.14425001,374,1,3.704,14.53,1.76265E+12,1.76265E+12,,,,,,,,,,,,,,,
y1_online_only,LEO_ONLY,24,0,600,2,208,ok,,0,1,46.37283299,374,1,3.612,13.72,1.76265E+12,1.76265E+12,,,,,,,,,,,,,,,
y1_online_only,LEO_ONLY,24,0,600,2,209,ok,,0,1,51.312333,374,1,3.862,14.268,1.76265E+12,1.76265E+12,,,,,,,,,,,,,,,
y1_online_only,LEO_ONLY,24,0,600,2,210,ok,,0,1,52.91204198,374,1,3.765,14.112,1.76265E+12,1.76265E+12,,,,,,,,,,,,,,,
y1_online_only,LEO_ONLY,24,0,600,2,211,ok,,0,1,47.35912499,374,1,3.801,14.059,1.76265E+12,1.76265E+12,,,,,,,,,,,,,,,
y1_online_only,LEO_ONLY,24,0,600,2,212,ok,,0,1,43.05108299,374,1,3.839,14.089,1.76265E+12,1.76265E+12,,,,,,,,,,,,,,,
y1_online_only,LEO_ONLY,24,0,600,2,213,ok,,0,1,47.95429198,374,1,3.885,14.212,1.76265E+12,1.76265E+12,,,,,,,,,,,,,,,
y1_online_only,LEO_ONLY,24,0,600,2,214,ok,,0,1,47.715291,374,1,3.755,13.856,1.76265E+12,1.76265E+12,,,,,,,,,,,,,,,
y1_online_only,LEO_ONLY,24,0,600,2,215,ok,,0,1,52.69537499,374,1,3.66,14.179,1.76265E+12,1.76265E+12,,,,,,,,,,,,,,,
y1_online_only,LEO_ONLY,24,0,600,2,216,ok,,0,1,47.242125,374,1,3.846,14.496,1.76265E+12,1.76265E+12,,,,,,,,,,,,,,,
y1_online_only,LEO_ONLY,24,0,600,2,217,ok,,0,1,45.468834,374,1,3.774,14.087,1.76265E+12,1.76265E+12,,,,,,,,,,,,,,,
y1_online_only,LEO_ONLY,24,0,600,2,218,ok,,0,1,47.246792,374,1,3.652,14.176,1.76265E+12,1.76265E+12,,,,,,,,,,,,,,,
y1_online_only,LEO_ONLY,24,0,600,2,219,ok,,0,1,43.431375,374,1,3.762,13.961,1.76265E+12,1.76265E+12,,,,,,,,,,,,,,,
y1_online_only,LEO_ONLY,24,0,600,2,220,ok,,0,1,48.05454102,374,1,3.782,14.311,1.76265E+12,1.76265E+12,,,,,,,,,,,,,,,
y1_online_only,LEO_ONLY,24,0,600,2,221,ok,,0,1,46.66679198,374,1,3.765,14.214,1.76265E+12,1.76265E+12,,,,,,,,,,,,,,,
y1_online_only,LEO_ONLY,24,0,600,2,222,ok,,0,1,47.35241699,374,1,3.682,14.181,1.76265E+12,1.76265E+12,,,,,,,,,,,,,,,
y1_online_only,LEO_ONLY,24,0,600,2,223,ok,,0,1,49.75499999,374,1,3.717,13.729,1.76265E+12,1.76265E+12,,,,,,,,,,,,,,,
y1_online_only,LEO_ONLY,24,0,600,2,224,ok,,0,1,47.62258401,374,1,3.668,13.876,1.76265E+12,1.76265E+12,,,,,,,,,,,,,,,
y1_online_only,LEO_ONLY,24,0,600,2,225,ok,,0,1,48.10358401,374,1,3.812,14.611,1.76265E+12,1.76265E+12,,,,,,,,,,,,,,,
y1_online_only,LEO_ONLY,24,0,600,2,226,ok,,0,1,45.21175,374,1,3.772,13.667,1.76265E+12,1.76265E+12,,,,,,,,,,,,,,,
y1_online_only,LEO_ONLY,24,0,600,2,227,ok,,0,1,50.64283402,374,1,3.69,14.089,1.76265E+12,1.76265E+12,,,,,,,,,,,,,,,
y1_online_only,LEO_ONLY,24,0,600,2,228,ok,,0,1,49.10858301,374,1,3.806,14.174,1.76265E+12,1.76265E+12,,,,,,,,,,,,,,,
y1_online_only,LEO_ONLY,24,0,600,2,229,ok,,0,1,51.44799998,374,1,3.734,14.468,1.76265E+12,1.76265E+12,,,,,,,,,,,,,,,
y1_online_only,LEO_ONLY,24,0,600,2,230,ok,,0,1,44.18704199,374,1,3.609,14.139,1.76265E+12,1.76265E+12,,,,,,,,,,,,,,,
y1_online_only,LEO_ONLY,24,0,600,2,231,ok,,0,1,46.79741699,374,1,3.736,14.036,1.76265E+12,1.76265E+12,,,,,,,,,,,,,,,
y1_online_only,LEO_ONLY,24,0,600,2,232,ok,,0,1,46.28541702,374,1,3.725,13.482,1.76265E+12,1.76265E+12,,,,,,,,,,,,,,,
y1_online_only,LEO_ONLY,24,0,600,2,233,ok,,0,1,42.853708,374,1,4.889,14.291,1.76265E+12,1.76265E+12,,,,,,,,,,,,,,,
y1_online_only,LEO_ONLY,24,0,600,2,234,ok,,0,1,47.743542,374,1,3.709,13.622,1.76265E+12,1.76265E+12,,,,,,,,,,,,,,,
y1_online_only,LEO_ONLY,24,0,600,2,235,ok,,0,1,48.13116699,374,1,3.6,14.139,1.76265E+12,1.76265E+12,,,,,,,,,,,,,,,
y1_online_only,LEO_ONLY,24,0,600,2,236,ok,,0,1,56.18287501,374,1,3.94,14.448,1.76265E+12,1.76265E+12,,,,,,,,,,,,,,,
y1_online_only,LEO_ONLY,24,0,600,2,237,ok,,0,1,49.04137499,374,1,3.533,13.703,1.76265E+12,1.76265E+12,,,,,,,,,,,,,,,
y1_online_only,LEO_ONLY,24,0,600,2,238,ok,,0,1,40.629166,374,1,3.653,13.905,1.76265E+12,1.76265E+12,,,,,,,,,,,,,,,
y1_online_only,LEO_ONLY,24,0,600,2,239,ok,,0,1,49.55045902,374,1,3.769,14.358,1.76265E+12,1.76265E+12,,,,,,,,,,,,,,,
y1_online_only,LEO_ONLY,24,0,600,2,240,ok,,0,1,49.58762502,374,1,3.789,14.48,1.76265E+12,1.76265E+12,,,,,,,,,,,,,,,
y1_online_only,LEO_ONLY,24,0,600,2,241,ok,,0,1,47.58975,373,1,3.657,14.09,1.76265E+12,1.76265E+12,,,,,,,,,,,,,,,
y1_online_only,LEO_ONLY,24,0,600,2,242,ok,,0,1,47.05941697,374,1,3.699,13.79,1.76265E+12,1.76265E+12,,,,,,,,,,,,,,,
y1_online_only,LEO_ONLY,24,0,600,2,243,ok,,0,1,48.57208399,374,1,3.621,13.924,1.76265E+12,1.76265E+12,,,,,,,,,,,,,,,
y1_online_only,LEO_ONLY,24,0,600,2,244,ok,,0,1,52.59320801,374,1,3.814,14.969,1.76265E+12,1.76265E+12,,,,,,,,,,,,,,,
y1_online_only,LEO_ONLY,24,0,600,2,245,ok,,0,1,49.241459,374,1,3.875,14.026,1.76265E+12,1.76265E+12,,,,,,,,,,,,,,,
y1_online_only,LEO_ONLY,24,0,600,2,246,ok,,0,1,54.34241702,374,1,3.836,14.356,1.76265E+12,1.76265E+12,,,,,,,,,,,,,,,
y1_online_only,LEO_ONLY,24,0,600,2,247,ok,,0,1,43.18375001,374,1,3.663,13.6,1.76265E+12,1.76265E+12,,,,,,,,,,,,,,,
y1_online_only,LEO_ONLY,24,0,600,2,248,ok,,0,1,46.977333,374,1,3.611,13.95,1.76265E+12,1.76265E+12,,,,,,,,,,,,,,,
y1_online_only,LEO_ONLY,24,0,600,2,249,ok,,0,1,46.62133401,374,1,3.815,14.339,1.76265E+12,1.76265E+12,,,,,,,,,,,,,,,
y1_online_only,LEO_ONLY,24,0,600,2,250,ok,,0,1,49.95812502,374,1,3.779,14.482,1.76265E+12,1.76265E+12,,,,,,,,,,,,,,,
y1_online_only,LEO_ONLY,24,0,600,2,251,ok,,0,1,47.216042,374,1,3.814,14.467,1.76265E+12,1.76265E+12,,,,,,,,,,,,,,,
y1_online_only,LEO_ONLY,24,0,600,2,252,ok,,0,1,50.311083,374,1,3.833,14.369,1.76265E+12,1.76265E+12,,,,,,,,,,,,,,,
y1_online_only,LEO_ONLY,24,0,600,2,253,ok,,0,1,51.78358301,374,1,3.75,14.171,1.76265E+12,1.76265E+12,,,,,,,,,,,,,,,
y1_online_only,LEO_ONLY,24,0,600,2,254,ok,,0,1,46.46575,374,1,3.837,13.989,1.76265E+12,1.76265E+12,,,,,,,,,,,,,,,
y1_online_only,LEO_ONLY,24,0,600,2,255,ok,,0,1,49.68387503,374,1,3.98,14.465,1.76265E+12,1.76265E+12,,,,,,,,,,,,,,,
y1_online_only,LEO_ONLY,24,0,600,2,256,ok,,0,1,43.98487502,374,1,3.615,13.649,1.76265E+12,1.76265E+12,,,,,,,,,,,,,,,
y1_online_only,LEO_ONLY,24,0,600,2,257,ok,,0,1,50.386041,374,1,3.702,14.418,1.76265E+12,1.76265E+12,,,,,,,,,,,,,,,
y1_online_only,LEO_ONLY,24,0,600,2,258,ok,,0,1,45.03400001,374,1,3.603,14.176,1.76265E+12,1.76265E+12,,,,,,,,,,,,,,,
y1_online_only,LEO_ONLY,24,0,600,2,259,ok,,0,1,48.529875,374,1,3.728,14.208,1.76265E+12,1.76265E+12,,,,,,,,,,,,,,,
y1_online_only,LEO_ONLY,24,0,600,2,260,ok,,0,1,45.644792,374,1,3.725,14.508,1.76265E+12,1.76265E+12,,,,,,,,,,,,,,,
y1_online_only,LEO_ONLY,24,0,600,2,261,ok,,0,1,50.57795899,374,1,3.735,13.77,1.76265E+12,1.76265E+12,,,,,,,,,,,,,,,
y1_online_only,LEO_ONLY,24,0,600,2,262,ok,,0,1,46.645708,374,1,3.685,14.35,1.76265E+12,1.76265E+12,,,,,,,,,,,,,,,
y1_online_only,LEO_ONLY,24,0,600,2,263,ok,,0,1,44.693167,374,1,3.768,14.268,1.76265E+12,1.76265E+12,,,,,,,,,,,,,,,
y1_online_only,LEO_ONLY,24,0,600,2,264,ok,,0,1,53.07299999,374,1,3.673,14.193,1.76265E+12,1.76265E+12,,,,,,,,,,,,,,,
y1_online_only,LEO_ONLY,24,0,600,2,265,ok,,0,1,46.93354099,374,1,3.815,14.473,1.76265E+12,1.76265E+12,,,,,,,,,,,,,,,
y1_online_only,LEO_ONLY,24,0,600,2,266,ok,,0,1,49.59683301,374,1,3.701,13.941,1.76265E+12,1.76265E+12,,,,,,,,,,,,,,,
y1_online_only,LEO_ONLY,24,0,600,2,267,ok,,0,1,52.73566698,374,1,3.699,13.889,1.76265E+12,1.76265E+12,,,,,,,,,,,,,,,
y1_online_only,LEO_ONLY,24,0,600,2,268,ok,,0,1,52.274958,374,1,3.687,13.258,1.76265E+12,1.76265E+12,,,,,,,,,,,,,,,
y1_online_only,LEO_ONLY,24,0,600,2,269,ok,,0,1,55.61358301,374,1,3.785,14.32,1.76265E+12,1.76265E+12,,,,,,,,,,,,,,,
y1_online_only,LEO_ONLY,24,0,600,2,270,ok,,0,1,52.82779201,374,1,3.82,14.451,1.76265E+12,1.76265E+12,,,,,,,,,,,,,,,
y1_online_only,LEO_ONLY,24,0,600,2,271,ok,,0,1,41.43012501,374,1,3.725,14.013,1.76265E+12,1.76265E+12,,,,,,,,,,,,,,,
y1_online_only,LEO_ONLY,24,0,600,2,272,ok,,0,1,47.17783298,374,1,3.727,13.909,1.76265E+12,1.76265E+12,,,,,,,,,,,,,,,
y1_online_only,LEO_ONLY,24,0,600,2,273,ok,,0,1,42.77624999,374,1,3.592,14.732,1.76265E+12,1.76265E+12,,,,,,,,,,,,,,,
y1_online_only,LEO_ONLY,24,0,600,2,274,ok,,0,1,49.12204199,374,1,3.771,14.203,1.76265E+12,1.76265E+12,,,,,,,,,,,,,,,
y1_online_only,LEO_ONLY,24,0,600,2,275,ok,,0,1,50.70987498,374,1,3.775,14.756,1.76265E+12,1.76265E+12,,,,,,,,,,,,,,,
y1_online_only,LEO_ONLY,24,0,600,2,276,ok,,0,1,57.01320799,374,1,3.841,14.989,1.76265E+12,1.76265E+12,,,,,,,,,,,,,,,
y1_online_only,LEO_ONLY,24,0,600,2,277,ok,,0,1,50.850083,374,1,3.564,13.592,1.76265E+12,1.76265E+12,,,,,,,,,,,,,,,
y1_online_only,LEO_ONLY,24,0,600,2,278,ok,,0,1,46.88308298,374,1,3.674,14.381,1.76265E+12,1.76265E+12,,,,,,,,,,,,,,,
y1_online_only,LEO_ONLY,24,0,600,2,279,ok,,0,1,48.53958401,374,1,3.971,14.55,1.76265E+12,1.76265E+12,,,,,,,,,,,,,,,
y1_online_only,LEO_ONLY,24,0,600,2,280,ok,,0,1,46.13462498,374,1,3.75,14.514,1.76265E+12,1.76265E+12,,,,,,,,,,,,,,,
y1_online_only,LEO_ONLY,24,0,600,2,281,ok,,0,1,46.80824999,374,1,3.805,14.336,1.76265E+12,1.76265E+12,,,,,,,,,,,,,,,
y1_online_only,LEO_ONLY,24,0,600,2,282,ok,,0,1,50.34454199,374,1,3.668,13.99,1.76265E+12,1.76265E+12,,,,,,,,,,,,,,,
y1_online_only,LEO_ONLY,24,0,600,2,283,ok,,0,1,45.60429198,374,1,3.693,13.935,1.76265E+12,1.76265E+12,,,,,,,,,,,,,,,
y1_online_only,LEO_ONLY,24,0,600,2,284,ok,,0,1,48.24887498,374,1,3.783,14.044,1.76265E+12,1.76265E+12,,,,,,,,,,,,,,,
y1_online_only,LEO_ONLY,24,0,600,2,285,ok,,0,1,49.82416698,374,1,3.752,14.576,1.76265E+12,1.76265E+12,,,,,,,,,,,,,,,
y1_online_only,LEO_ONLY,24,0,600,2,286,ok,,0,1,50.64637502,373,1,3.681,14.187,1.76265E+12,1.76265E+12,,,,,,,,,,,,,,,
y1_online_only,LEO_ONLY,24,0,600,2,287,ok,,0,1,47.75770797,374,1,3.813,14.38,1.76265E+12,1.76265E+12,,,,,,,,,,,,,,,
y1_online_only,LEO_ONLY,24,0,600,2,288,ok,,0,1,46.36429198,374,1,3.775,14.067,1.76265E+12,1.76265E+12,,,,,,,,,,,,,,,
y1_online_only,LEO_ONLY,24,0,600,2,289,ok,,0,1,50.765875,374,1,3.607,14.057,1.76265E+12,1.76265E+12,,,,,,,,,,,,,,,
y1_online_only,LEO_ONLY,24,0,600,2,290,ok,,0,1,48.61675002,374,1,3.701,14.759,1.76265E+12,1.76265E+12,,,,,,,,,,,,,,,
y1_online_only,LEO_ONLY,24,0,600,2,291,ok,,0,1,49.424083,373,1,3.659,14.098,1.76265E+12,1.76265E+12,,,,,,,,,,,,,,,
y1_online_only,LEO_ONLY,24,0,600,2,292,ok,,0,1,45.08458299,374,1,3.754,14.025,1.76265E+12,1.76265E+12,,,,,,,,,,,,,,,
y1_online_only,LEO_ONLY,24,0,600,2,293,ok,,0,1,51.36208402,374,1,4.05,15.137,1.76265E+12,1.76265E+12,,,,,,,,,,,,,,,
y1_online_only,LEO_ONLY,24,0,600,2,294,ok,,0,1,48.99991699,374,1,3.839,14.069,1.76265E+12,1.76265E+12,,,,,,,,,,,,,,,
y1_online_only,LEO_ONLY,24,0,600,2,295,ok,,0,1,49.18608302,374,1,3.672,14.207,1.76265E+12,1.76265E+12,,,,,,,,,,,,,,,
y1_online_only,LEO_ONLY,24,0,600,2,296,ok,,0,1,48.80508399,374,1,3.799,13.785,1.76265E+12,1.76265E+12,,,,,,,,,,,,,,,
y1_online_only,LEO_ONLY,24,0,600,2,297,ok,,0,1,42.67183397,374,1,3.89,14.343,1.76265E+12,1.76265E+12,,,,,,,,,,,,,,,
y1_online_only,LEO_ONLY,24,0,600,2,298,ok,,0,1,47.90858302,374,1,3.688,13.817,1.76265E+12,1.76265E+12,,,,,,,,,,,,,,,
y1_online_only,LEO_ONLY,24,0,600,2,299,ok,,0,1,45.95425,374,1,3.797,14.543,1.76265E+12,1.76265E+12,,,,,,,,,,,,,,,
y1_online_only,LEO_ONLY,24,0,600,2,300,ok,,0,1,53.51512498,374,1,3.842,14.821,1.76265E+12,1.76265E+12,,,,,,,,,,,,,,,
y1_online_only,LEO_ONLY,24,0.1,200,2,1,ok,,0,1,51.25695799,374,1,3.692,14.264,1.76265E+12,1.76265E+12,,,,,,,,,,,,,,,
y1_online_only,LEO_ONLY,24,0.1,200,2,2,ok,,0,1,45.90416703,374,1,3.717,13.233,1.76265E+12,1.76265E+12,,,,,,,,,,,,,,,
y1_online_only,LEO_ONLY,24,0.1,200,2,3,ok,,0,1,48.930708,374,1,3.765,14.171,1.76265E+12,1.76265E+12,,,,,,,,,,,,,,,
y1_online_only,LEO_ONLY,24,0.1,200,2,4,ok,,0,1,48.525458,374,1,3.689,14.782,1.76265E+12,1.76265E+12,,,,,,,,,,,,,,,
y1_online_only,LEO_ONLY,24,0.1,200,2,5,ok,,0,1,50.19574999,374,1,3.872,14.727,1.76265E+12,1.76265E+12,,,,,,,,,,,,,,,
y1_online_only,LEO_ONLY,24,0.1,200,2,6,ok,,0,1,50.58079201,374,1,3.689,14.161,1.76265E+12,1.76265E+12,,,,,,,,,,,,,,,
y1_online_only,LEO_ONLY,24,0.1,200,2,7,ok,,0,1,49.73687499,374,1,3.581,14.322,1.76265E+12,1.76265E+12,,,,,,,,,,,,,,,
y1_online_only,LEO_ONLY,24,0.1,200,2,8,ok,,0,1,46.79516598,374,1,3.587,13.971,1.76265E+12,1.76265E+12,,,,,,,,,,,,,,,
y1_online_only,LEO_ONLY,24,0.1,200,2,9,ok,,0,1,53.65470803,374,1,3.828,14.402,1.76265E+12,1.76265E+12,,,,,,,,,,,,,,,
y1_online_only,LEO_ONLY,24,0.1,200,2,10,ok,,0,1,46.31537502,374,1,3.697,14.159,1.76265E+12,1.76265E+12,,,,,,,,,,,,,,,
y1_online_only,LEO_ONLY,24,0.1,200,2,11,ok,,0,1,49.53437499,374,1,3.639,13.79,1.76265E+12,1.76265E+12,,,,,,,,,,,,,,,
y1_online_only,LEO_ONLY,24,0.1,200,2,12,ok,,0,1,43.86420801,374,1,3.712,14.195,1.76265E+12,1.76265E+12,,,,,,,,,,,,,,,
y1_online_only,LEO_ONLY,24,0.1,200,2,13,ok,,0,1,46.40270799,374,1,3.785,14.516,1.76265E+12,1.76265E+12,,,,,,,,,,,,,,,
y1_online_only,LEO_ONLY,24,0.1,200,2,14,ok,,0,1,42.457167,374,1,3.726,14.369,1.76265E+12,1.76265E+12,,,,,,,,,,,,,,,
y1_online_only,LEO_ONLY,24,0.1,200,2,15,ok,,0,1,44.455625,374,1,3.903,14.035,1.76265E+12,1.76265E+12,,,,,,,,,,,,,,,
y1_online_only,LEO_ONLY,24,0.1,200,2,16,ok,,0,1,45.55420799,374,1,3.649,13.852,1.76265E+12,1.76265E+12,,,,,,,,,,,,,,,
y1_online_only,LEO_ONLY,24,0.1,200,2,17,ok,,0,1,47.62212498,374,1,3.59,13.526,1.76265E+12,1.76265E+12,,,,,,,,,,,,,,,
y1_online_only,LEO_ONLY,24,0.1,200,2,18,ok,,0,1,42.94454199,374,1,3.717,14.242,1.76265E+12,1.76265E+12,,,,,,,,,,,,,,,
y1_online_only,LEO_ONLY,24,0.1,200,2,19,ok,,0,1,45.337958,374,1,3.773,14.57,1.76265E+12,1.76265E+12,,,,,,,,,,,,,,,
y1_online_only,LEO_ONLY,24,0.1,200,2,20,ok,,0,1,49.62291699,374,1,3.714,14.066,1.76265E+12,1.76265E+12,,,,,,,,,,,,,,,
y1_online_only,LEO_ONLY,24,0.1,200,2,21,ok,,0,1,44.439958,374,1,3.666,14.01,1.76265E+12,1.76265E+12,,,,,,,,,,,,,,,
y1_online_only,LEO_ONLY,24,0.1,200,2,22,ok,,0,1,46.44487498,374,1,3.858,14.441,1.76265E+12,1.76265E+12,,,,,,,,,,,,,,,
y1_online_only,LEO_ONLY,24,0.1,200,2,23,ok,,0,1,44.83262499,374,1,3.636,13.924,1.76265E+12,1.76265E+12,,,,,,,,,,,,,,,
y1_online_only,LEO_ONLY,24,0.1,200,2,24,ok,,0,1,42.739,373,1,3.771,14.074,1.76265E+12,1.76265E+12,,,,,,,,,,,,,,,
y1_online_only,LEO_ONLY,24,0.1,200,2,25,ok,,0,1,50.06779198,374,1,3.685,13.928,1.76265E+12,1.76265E+12,,,,,,,,,,,,,,,
y1_online_only,LEO_ONLY,24,0.1,200,2,26,ok,,0,1,53.17166599,374,1,3.558,13.936,1.76265E+12,1.76265E+12,,,,,,,,,,,,,,,
y1_online_only,LEO_ONLY,24,0.1,200,2,27,ok,,0,1,48.73779099,373,1,3.803,14.219,1.76265E+12,1.76265E+12,,,,,,,,,,,,,,,
y1_online_only,LEO_ONLY,24,0.1,200,2,28,ok,,0,1,51.430583,374,1,3.576,14.043,1.76265E+12,1.76265E+12,,,,,,,,,,,,,,,
y1_online_only,LEO_ONLY,24,0.1,200,2,29,ok,,0,1,45.61708402,374,1,3.796,14.361,1.76265E+12,1.76265E+12,,,,,,,,,,,,,,,
y1_online_only,LEO_ONLY,24,0.1,200,2,30,ok,,0,1,49.34854098,374,1,3.671,14.287,1.76265E+12,1.76265E+12,,,,,,,,,,,,,,,
y1_online_only,LEO_ONLY,24,0.1,200,2,31,ok,,0,1,51.832083,374,1,3.788,14.405,1.76265E+12,1.76265E+12,,,,,,,,,,,,,,,
y1_online_only,LEO_ONLY,24,0.1,200,2,32,ok,,0,1,52.87566601,374,1,3.653,14.955,1.76265E+12,1.76265E+12,,,,,,,,,,,,,,,
y1_online_only,LEO_ONLY,24,0.1,200,2,33,ok,,0,1,45.77620802,374,1,3.583,14.365,1.76265E+12,1.76265E+12,,,,,,,,,,,,,,,
y1_online_only,LEO_ONLY,24,0.1,200,2,34,ok,,0,1,46.45708302,374,1,3.783,13.878,1.76265E+12,1.76265E+12,,,,,,,,,,,,,,,
y1_online_only,LEO_ONLY,24,0.1,200,2,35,ok,,0,1,47.10191599,374,1,3.866,14.906,1.76265E+12,1.76265E+12,,,,,,,,,,,,,,,
y1_online_only,LEO_ONLY,24,0.1,200,2,36,ok,,0,1,44.26691702,374,1,4.111,14.233,1.76265E+12,1.76265E+12,,,,,,,,,,,,,,,
y1_online_only,LEO_ONLY,24,0.1,200,2,37,ok,,0,1,51.51774999,374,1,3.777,14.017,1.76265E+12,1.76265E+12,,,,,,,,,,,,,,,
y1_online_only,LEO_ONLY,24,0.1,200,2,38,ok,,0,1,47.38500001,374,1,3.813,14.382,1.76265E+12,1.76265E+12,,,,,,,,,,,,,,,
y1_online_only,LEO_ONLY,24,0.1,200,2,39,ok,,0,1,52.01554098,374,1,3.772,14.408,1.76265E+12,1.76265E+12,,,,,,,,,,,,,,,
y1_online_only,LEO_ONLY,24,0.1,200,2,40,ok,,0,1,45.61924998,374,1,3.724,14.21,1.76265E+12,1.76265E+12,,,,,,,,,,,,,,,
y1_online_only,LEO_ONLY,24,0.1,200,2,41,ok,,0,1,45.01504099,374,1,3.726,14.142,1.76265E+12,1.76265E+12,,,,,,,,,,,,,,,
y1_online_only,LEO_ONLY,24,0.1,200,2,42,ok,,0,1,50.789917,374,1,3.716,14.23,1.76265E+12,1.76265E+12,,,,,,,,,,,,,,,
y1_online_only,LEO_ONLY,24,0.1,200,2,43,ok,,0,1,52.51095802,374,1,3.92,14.078,1.76265E+12,1.76265E+12,,,,,,,,,,,,,,,
y1_online_only,LEO_ONLY,24,0.1,200,2,44,ok,,0,1,44.596375,374,1,3.672,14.102,1.76265E+12,1.76265E+12,,,,,,,,,,,,,,,
y1_online_only,LEO_ONLY,24,0.1,200,2,45,ok,,0,1,45.20187498,374,1,3.549,13.457,1.76265E+12,1.76265E+12,,,,,,,,,,,,,,,
y1_online_only,LEO_ONLY,24,0.1,200,2,46,ok,,0,1,45.93624998,374,1,3.64,13.786,1.76265E+12,1.76265E+12,,,,,,,,,,,,,,,
y1_online_only,LEO_ONLY,24,0.1,200,2,47,ok,,0,1,43.86824998,374,1,3.675,14.173,1.76265E+12,1.76265E+12,,,,,,,,,,,,,,,
y1_online_only,LEO_ONLY,24,0.1,200,2,48,ok,,0,1,44.33437498,374,1,3.724,13.816,1.76265E+12,1.76265E+12,,,,,,,,,,,,,,,
y1_online_only,LEO_ONLY,24,0.1,200,2,49,ok,,0,1,47.30199999,374,1,3.677,14.287,1.76265E+12,1.76265E+12,,,,,,,,,,,,,,,
y1_online_only,LEO_ONLY,24,0.1,200,2,50,ok,,0,1,47.357667,374,1,3.698,14.268,1.76265E+12,1.76265E+12,,,,,,,,,,,,,,,
y1_online_only,LEO_ONLY,24,0.1,200,2,51,ok,,0,1,54.257084,374,1,3.593,14.687,1.76265E+12,1.76265E+12,,,,,,,,,,,,,,,
y1_online_only,LEO_ONLY,24,0.1,200,2,52,ok,,0,1,46.66641698,374,1,3.79,14.041,1.76265E+12,1.76265E+12,,,,,,,,,,,,,,,
y1_online_only,LEO_ONLY,24,0.1,200,2,53,ok,,0,1,49.91475001,374,1,3.725,13.679,1.76265E+12,1.76265E+12,,,,,,,,,,,,,,,
y1_online_only,LEO_ONLY,24,0.1,200,2,54,ok,,0,1,54.32350002,374,1,3.725,14.161,1.76265E+12,1.76265E+12,,,,,,,,,,,,,,,
y1_online_only,LEO_ONLY,24,0.1,200,2,55,ok,,0,1,48.86449999,374,1,3.729,14.126,1.76265E+12,1.76265E+12,,,,,,,,,,,,,,,
y1_online_only,LEO_ONLY,24,0.1,200,2,56,ok,,0,1,52.600667,374,1,3.782,14.001,1.76265E+12,1.76265E+12,,,,,,,,,,,,,,,
y1_online_only,LEO_ONLY,24,0.1,200,2,57,ok,,0,1,43.4575,374,1,3.717,14.101,1.76265E+12,1.76265E+12,,,,,,,,,,,,,,,
y1_online_only,LEO_ONLY,24,0.1,200,2,58,ok,,0,1,46.82604101,374,1,3.679,13.786,1.76265E+12,1.76265E+12,,,,,,,,,,,,,,,
y1_online_only,LEO_ONLY,24,0.1,200,2,59,ok,,0,1,49.676333,374,1,3.672,13.803,1.76265E+12,1.76265E+12,,,,,,,,,,,,,,,
y1_online_only,LEO_ONLY,24,0.1,200,2,60,ok,,0,1,54.07741701,374,1,3.819,14.829,1.76265E+12,1.76265E+12,,,,,,,,,,,,,,,
y1_online_only,LEO_ONLY,24,0.1,200,2,61,ok,,0,1,53.46700098,374,1,3.86,14.677,1.76265E+12,1.76265E+12,,,,,,,,,,,,,,,
y1_online_only,LEO_ONLY,24,0.1,200,2,62,ok,,0,1,47.64091701,374,1,3.735,14.089,1.76265E+12,1.76265E+12,,,,,,,,,,,,,,,
y1_online_only,LEO_ONLY,24,0.1,200,2,63,ok,,0,1,42.52424999,374,1,3.71,14.131,1.76265E+12,1.76265E+12,,,,,,,,,,,,,,,
y1_online_only,LEO_ONLY,24,0.1,200,2,64,ok,,0,1,46.63075,374,1,3.736,14.387,1.76265E+12,1.76265E+12,,,,,,,,,,,,,,,
y1_online_only,LEO_ONLY,24,0.1,200,2,65,ok,,0,1,49.71358302,374,1,3.938,13.972,1.76265E+12,1.76265E+12,,,,,,,,,,,,,,,
y1_online_only,LEO_ONLY,24,0.1,200,2,66,ok,,0,1,49.631792,374,1,4.022,14.263,1.76265E+12,1.76265E+12,,,,,,,,,,,,,,,
y1_online_only,LEO_ONLY,24,0.1,200,2,67,ok,,0,1,42.99558399,374,1,3.766,14.278,1.76265E+12,1.76265E+12,,,,,,,,,,,,,,,
y1_online_only,LEO_ONLY,24,0.1,200,2,68,ok,,0,1,47.562333,374,1,3.637,14.049,1.76265E+12,1.76265E+12,,,,,,,,,,,,,,,
y1_online_only,LEO_ONLY,24,0.1,200,2,69,ok,,0,1,47.14162499,374,1,3.789,13.744,1.76265E+12,1.76265E+12,,,,,,,,,,,,,,,
y1_online_only,LEO_ONLY,24,0.1,200,2,70,ok,,0,1,51.133417,374,1,3.734,14.068,1.76265E+12,1.76265E+12,,,,,,,,,,,,,,,
y1_online_only,LEO_ONLY,24,0.1,200,2,71,ok,,0,1,45.66291699,374,1,3.458,13.66,1.76265E+12,1.76265E+12,,,,,,,,,,,,,,,
y1_online_only,LEO_ONLY,24,0.1,200,2,72,ok,,0,1,46.50383399,374,1,3.686,14.099,1.76265E+12,1.76265E+12,,,,,,,,,,,,,,,
y1_online_only,LEO_ONLY,24,0.1,200,2,73,ok,,0,1,45.732792,374,1,3.817,14.082,1.76265E+12,1.76265E+12,,,,,,,,,,,,,,,
y1_online_only,LEO_ONLY,24,0.1,200,2,74,ok,,0,1,45.66579201,374,1,3.789,14.515,1.76265E+12,1.76265E+12,,,,,,,,,,,,,,,
y1_online_only,LEO_ONLY,24,0.1,200,2,75,ok,,0,1,49.477833,374,1,3.742,14.76,1.76265E+12,1.76265E+12,,,,,,,,,,,,,,,
y1_online_only,LEO_ONLY,24,0.1,200,2,76,ok,,0,1,43.60812498,374,1,3.776,14.332,1.76265E+12,1.76265E+12,,,,,,,,,,,,,,,
y1_online_only,LEO_ONLY,24,0.1,200,2,77,ok,,0,1,46.25029102,374,1,3.797,14.711,1.76265E+12,1.76265E+12,,,,,,,,,,,,,,,
y1_online_only,LEO_ONLY,24,0.1,200,2,78,ok,,0,2,76.535167,748,2,11.494,30.221,1.76265E+12,1.76265E+12,,,,,,,,,,,,,,,
y1_online_only,LEO_ONLY,24,0.1,200,2,79,ok,,0,1,50.83658401,374,1,3.822,14.624,1.76265E+12,1.76265E+12,,,,,,,,,,,,,,,
y1_online_only,LEO_ONLY,24,0.1,200,2,80,ok,,0,1,48.928292,374,1,3.856,14.586,1.76265E+12,1.76265E+12,,,,,,,,,,,,,,,
y1_online_only,LEO_ONLY,24,0.1,200,2,81,ok,,0,1,46.02158401,374,1,3.904,14.105,1.76265E+12,1.76265E+12,,,,,,,,,,,,,,,
y1_online_only,LEO_ONLY,24,0.1,200,2,82,ok,,0,1,53.94945899,374,1,3.589,14.586,1.76265E+12,1.76265E+12,,,,,,,,,,,,,,,
y1_online_only,LEO_ONLY,24,0.1,200,2,83,ok,,0,1,41.9325,374,1,3.723,14.089,1.76265E+12,1.76265E+12,,,,,,,,,,,,,,,
y1_online_only,LEO_ONLY,24,0.1,200,2,84,ok,,0,1,49.42587501,374,1,3.741,13.708,1.76265E+12,1.76265E+12,,,,,,,,,,,,,,,
y1_online_only,LEO_ONLY,24,0.1,200,2,85,ok,,0,1,50.08050002,374,1,3.731,14.15,1.76265E+12,1.76265E+12,,,,,,,,,,,,,,,
y1_online_only,LEO_ONLY,24,0.1,200,2,86,ok,,0,1,45.71291702,374,1,3.454,13.674,1.76265E+12,1.76265E+12,,,,,,,,,,,,,,,
y1_online_only,LEO_ONLY,24,0.1,200,2,87,ok,,0,1,49.05104201,374,1,3.601,14.188,1.76265E+12,1.76265E+12,,,,,,,,,,,,,,,
y1_online_only,LEO_ONLY,24,0.1,200,2,88,ok,,0,1,44.60379199,374,1,3.91,14.409,1.76265E+12,1.76265E+12,,,,,,,,,,,,,,,
y1_online_only,LEO_ONLY,24,0.1,200,2,89,ok,,0,1,47.39245801,374,1,3.873,14.803,1.76265E+12,1.76265E+12,,,,,,,,,,,,,,,
y1_online_only,LEO_ONLY,24,0.1,200,2,90,ok,,0,1,46.722459,374,1,3.642,14.228,1.76265E+12,1.76265E+12,,,,,,,,,,,,,,,
y1_online_only,LEO_ONLY,24,0.1,200,2,91,ok,,0,1,44.29050002,374,1,3.704,13.617,1.76265E+12,1.76265E+12,,,,,,,,,,,,,,,
y1_online_only,LEO_ONLY,24,0.1,200,2,92,ok,,0,1,49.68766699,374,1,3.681,14.221,1.76265E+12,1.76265E+12,,,,,,,,,,,,,,,
y1_online_only,LEO_ONLY,24,0.1,200,2,93,ok,,0,1,48.112166,374,1,3.725,14.263,1.76265E+12,1.76265E+12,,,,,,,,,,,,,,,
y1_online_only,LEO_ONLY,24,0.1,200,2,94,ok,,0,1,46.447417,374,1,3.884,14.343,1.76265E+12,1.76265E+12,,,,,,,,,,,,,,,
y1_online_only,LEO_ONLY,24,0.1,200,2,95,ok,,0,1,48.80725002,373,1,3.681,13.688,1.76265E+12,1.76265E+12,,,,,,,,,,,,,,,
y1_online_only,LEO_ONLY,24,0.1,200,2,96,ok,,0,1,44.67475001,374,1,3.664,14.031,1.76265E+12,1.76265E+12,,,,,,,,,,,,,,,
y1_online_only,LEO_ONLY,24,0.1,200,2,97,ok,,0,1,49.16245799,374,1,3.816,13.924,1.76265E+12,1.76265E+12,,,,,,,,,,,,,,,
y1_online_only,LEO_ONLY,24,0.1,200,2,98,ok,,0,1,50.16141699,374,1,3.857,14.25,1.76265E+12,1.76265E+12,,,,,,,,,,,,,,,
y1_online_only,LEO_ONLY,24,0.1,200,2,99,ok,,0,1,51.71441601,374,1,3.908,14.652,1.76265E+12,1.76265E+12,,,,,,,,,,,,,,,
y1_online_only,LEO_ONLY,24,0.1,200,2,100,ok,,0,1,51.07887599,374,1,3.671,14.021,1.76265E+12,1.76265E+12,,,,,,,,,,,,,,,
y1_online_only,LEO_ONLY,24,0.1,200,2,101,ok,,0,1,49.46862499,374,1,3.743,13.925,1.76265E+12,1.76265E+12,,,,,,,,,,,,,,,
y1_online_only,LEO_ONLY,24,0.1,200,2,102,ok,,0,1,50.151667,374,1,3.67,14.132,1.76265E+12,1.76265E+12,,,,,,,,,,,,,,,
y1_online_only,LEO_ONLY,24,0.1,200,2,103,ok,,0,1,54.35737499,374,1,3.935,19.914,1.76265E+12,1.76265E+12,,,,,,,,,,,,,,,
y1_online_only,LEO_ONLY,24,0.1,200,2,104,ok,,0,1,47.58791599,374,1,3.644,14.264,1.76265E+12,1.76265E+12,,,,,,,,,,,,,,,
y1_online_only,LEO_ONLY,24,0.1,200,2,105,ok,,0,1,43.27404199,374,1,3.75,14.317,1.76265E+12,1.76265E+12,,,,,,,,,,,,,,,
y1_online_only,LEO_ONLY,24,0.1,200,2,106,ok,,0,1,45.87537501,374,1,3.906,14.608,1.76265E+12,1.76265E+12,,,,,,,,,,,,,,,
y1_online_only,LEO_ONLY,24,0.1,200,2,107,ok,,0,1,50.86350002,374,1,3.804,14.319,1.76265E+12,1.76265E+12,,,,,,,,,,,,,,,
y1_online_only,LEO_ONLY,24,0.1,200,2,108,ok,,0,1,46.74637501,374,1,3.778,14.575,1.76265E+12,1.76265E+12,,,,,,,,,,,,,,,
y1_online_only,LEO_ONLY,24,0.1,200,2,109,ok,,0,1,45.316,374,1,3.63,14.094,1.76265E+12,1.76265E+12,,,,,,,,,,,,,,,
y1_online_only,LEO_ONLY,24,0.1,200,2,110,ok,,0,1,51.87591701,374,1,3.7,13.951,1.76265E+12,1.76265E+12,,,,,,,,,,,,,,,
y1_online_only,LEO_ONLY,24,0.1,200,2,111,ok,,0,1,52.38462499,374,1,3.774,14.551,1.76265E+12,1.76265E+12,,,,,,,,,,,,,,,
y1_online_only,LEO_ONLY,24,0.1,200,2,112,ok,,0,1,41.51037501,374,1,3.554,13.517,1.76265E+12,1.76265E+12,,,,,,,,,,,,,,,
y1_online_only,LEO_ONLY,24,0.1,200,2,113,ok,,0,1,48.553542,374,1,3.83,14.393,1.76265E+12,1.76265E+12,,,,,,,,,,,,,,,
y1_online_only,LEO_ONLY,24,0.1,200,2,114,ok,,0,1,48.90245799,374,1,3.655,14.117,1.76265E+12,1.76265E+12,,,,,,,,,,,,,,,
y1_online_only,LEO_ONLY,24,0.1,200,2,115,ok,,0,1,44.562208,374,1,3.768,13.987,1.76265E+12,1.76265E+12,,,,,,,,,,,,,,,
y1_online_only,LEO_ONLY,24,0.1,200,2,116,ok,,0,1,48.178625,374,1,3.791,14.01,1.76265E+12,1.76265E+12,,,,,,,,,,,,,,,
y1_online_only,LEO_ONLY,24,0.1,200,2,117,ok,,0,1,46.2905,374,1,3.816,14.1,1.76265E+12,1.76265E+12,,,,,,,,,,,,,,,
y1_online_only,LEO_ONLY,24,0.1,200,2,118,ok,,0,1,50.469209,374,1,3.674,13.887,1.76265E+12,1.76265E+12,,,,,,,,,,,,,,,
y1_online_only,LEO_ONLY,24,0.1,200,2,119,ok,,0,1,52.497959,374,1,3.727,14.403,1.76265E+12,1.76265E+12,,,,,,,,,,,,,,,
y1_online_only,LEO_ONLY,24,0.1,200,2,120,ok,,0,1,46.951,374,1,3.657,13.577,1.76265E+12,1.76265E+12,,,,,,,,,,,,,,,
y1_online_only,LEO_ONLY,24,0.1,200,2,121,ok,,0,1,46.038083,374,1,3.702,14.262,1.76265E+12,1.76265E+12,,,,,,,,,,,,,,,
y1_online_only,LEO_ONLY,24,0.1,200,2,122,ok,,0,1,45.47975,374,1,3.515,14.407,1.76265E+12,1.76265E+12,,,,,,,,,,,,,,,
y1_online_only,LEO_ONLY,24,0.1,200,2,123,ok,,0,1,48.10020901,374,1,3.731,14.071,1.76265E+12,1.76265E+12,,,,,,,,,,,,,,,
y1_online_only,LEO_ONLY,24,0.1,200,2,124,ok,,0,1,54.144917,374,1,3.662,14.383,1.76265E+12,1.76265E+12,,,,,,,,,,,,,,,
y1_online_only,LEO_ONLY,24,0.1,200,2,125,ok,,0,1,47.90425001,374,1,3.789,14.433,1.76265E+12,1.76265E+12,,,,,,,,,,,,,,,
y1_online_only,LEO_ONLY,24,0.1,200,2,126,ok,,0,1,47.680458,374,1,3.797,14.204,1.76265E+12,1.76265E+12,,,,,,,,,,,,,,,
y1_online_only,LEO_ONLY,24,0.1,200,2,127,ok,,0,1,43.97287499,374,1,3.659,14.043,1.76265E+12,1.76265E+12,,,,,,,,,,,,,,,
y1_online_only,LEO_ONLY,24,0.1,200,2,128,ok,,0,1,48.21625,374,1,3.759,14.036,1.76265E+12,1.76265E+12,,,,,,,,,,,,,,,
y1_online_only,LEO_ONLY,24,0.1,200,2,129,ok,,0,1,46.65033301,374,1,3.847,14.593,1.76265E+12,1.76265E+12,,,,,,,,,,,,,,,
y1_online_only,LEO_ONLY,24,0.1,200,2,130,ok,,0,1,43.91341598,374,1,3.872,14.067,1.76265E+12,1.76265E+12,,,,,,,,,,,,,,,
y1_online_only,LEO_ONLY,24,0.1,200,2,131,ok,,0,1,45.92158401,374,1,3.818,14.01,1.76265E+12,1.76265E+12,,,,,,,,,,,,,,,
y1_online_only,LEO_ONLY,24,0.1,200,2,132,ok,,0,1,55.25920799,374,1,3.88,14.797,1.76265E+12,1.76265E+12,,,,,,,,,,,,,,,
y1_online_only,LEO_ONLY,24,0.1,200,2,133,ok,,0,1,47.283708,374,1,3.762,14.468,1.76265E+12,1.76265E+12,,,,,,,,,,,,,,,
y1_online_only,LEO_ONLY,24,0.1,200,2,134,ok,,0,1,44.95770799,374,1,3.823,14.427,1.76265E+12,1.76265E+12,,,,,,,,,,,,,,,
y1_online_only,LEO_ONLY,24,0.1,200,2,135,ok,,0,1,48.170041,374,1,3.727,14.118,1.76265E+12,1.76265E+12,,,,,,,,,,,,,,,
y1_online_only,LEO_ONLY,24,0.1,200,2,136,ok,,0,1,51.04645801,374,1,3.733,14.203,1.76265E+12,1.76265E+12,,,,,,,,,,,,,,,
y1_online_only,LEO_ONLY,24,0.1,200,2,137,ok,,0,1,59.75787499,374,1,4.122,24.627,1.76265E+12,1.76265E+12,,,,,,,,,,,,,,,
y1_online_only,LEO_ONLY,24,0.1,200,2,138,ok,,0,1,47.02591701,374,1,3.771,14.318,1.76265E+12,1.76265E+12,,,,,,,,,,,,,,,
y1_online_only,LEO_ONLY,24,0.1,200,2,139,ok,,0,1,45.90391702,374,1,3.835,14.58,1.76265E+12,1.76265E+12,,,,,,,,,,,,,,,
y1_online_only,LEO_ONLY,24,0.1,200,2,140,ok,,0,1,45.89062501,374,1,3.827,13.909,1.76265E+12,1.76265E+12,,,,,,,,,,,,,,,
y1_online_only,LEO_ONLY,24,0.1,200,2,141,ok,,0,1,46.13616699,374,1,3.468,13.917,1.76265E+12,1.76265E+12,,,,,,,,,,,,,,,
y1_online_only,LEO_ONLY,24,0.1,200,2,142,ok,,0,1,44.75758399,374,1,3.793,14.039,1.76265E+12,1.76265E+12,,,,,,,,,,,,,,,
y1_online_only,LEO_ONLY,24,0.1,200,2,143,ok,,0,1,45.79983299,374,1,3.432,13.611,1.76265E+12,1.76265E+12,,,,,,,,,,,,,,,
y1_online_only,LEO_ONLY,24,0.1,200,2,144,ok,,0,1,53.49237498,374,1,3.806,14.608,1.76265E+12,1.76265E+12,,,,,,,,,,,,,,,
y1_online_only,LEO_ONLY,24,0.1,200,2,145,ok,,0,1,49.38108401,374,1,3.832,14.752,1.76265E+12,1.76265E+12,,,,,,,,,,,,,,,
y1_online_only,LEO_ONLY,24,0.1,200,2,146,ok,,0,1,50.83075,374,1,3.75,13.47,1.76265E+12,1.76265E+12,,,,,,,,,,,,,,,
y1_online_only,LEO_ONLY,24,0.1,200,2,147,ok,,0,1,44.41579198,374,1,3.975,14.118,1.76265E+12,1.76265E+12,,,,,,,,,,,,,,,
y1_online_only,LEO_ONLY,24,0.1,200,2,148,ok,,0,1,46.36133302,374,1,3.883,14.647,1.76265E+12,1.76265E+12,,,,,,,,,,,,,,,
y1_online_only,LEO_ONLY,24,0.1,200,2,149,ok,,0,1,53.64391702,374,1,3.991,14.602,1.76265E+12,1.76265E+12,,,,,,,,,,,,,,,
y1_online_only,LEO_ONLY,24,0.1,200,2,150,ok,,0,1,48.89158398,374,1,3.877,14.432,1.76265E+12,1.76265E+12,,,,,,,,,,,,,,,
y1_online_only,LEO_ONLY,24,0.1,200,2,151,ok,,0,1,50.87866701,374,1,3.804,14.052,1.76265E+12,1.76265E+12,,,,,,,,,,,,,,,
y1_online_only,LEO_ONLY,24,0.1,200,2,152,ok,,0,1,44.838417,374,1,3.66,13.682,1.76265E+12,1.76265E+12,,,,,,,,,,,,,,,
y1_online_only,LEO_ONLY,24,0.1,200,2,153,ok,,0,1,47.59579198,374,1,3.744,13.807,1.76265E+12,1.76265E+12,,,,,,,,,,,,,,,
y1_online_only,LEO_ONLY,24,0.1,200,2,154,ok,,0,1,47.509375,374,1,3.741,14.328,1.76265E+12,1.76265E+12,,,,,,,,,,,,,,,
y1_online_only,LEO_ONLY,24,0.1,200,2,155,ok,,0,1,47.608583,374,1,3.727,13.83,1.76265E+12,1.76265E+12,,,,,,,,,,,,,,,
y1_online_only,LEO_ONLY,24,0.1,200,2,156,ok,,0,1,44.47591698,374,1,3.819,14.079,1.76265E+12,1.76265E+12,,,,,,,,,,,,,,,
y1_online_only,LEO_ONLY,24,0.1,200,2,157,ok,,0,1,45.44099999,374,1,3.76,14.104,1.76265E+12,1.76265E+12,,,,,,,,,,,,,,,
y1_online_only,LEO_ONLY,24,0.1,200,2,158,ok,,0,1,45.12675002,374,1,3.828,14.21,1.76265E+12,1.76265E+12,,,,,,,,,,,,,,,
y1_online_only,LEO_ONLY,24,0.1,200,2,159,ok,,0,1,45.41291701,374,1,3.74,14.046,1.76265E+12,1.76265E+12,,,,,,,,,,,,,,,
y1_online_only,LEO_ONLY,24,0.1,200,2,160,ok,,0,1,49.36874998,374,1,3.747,14.7,1.76265E+12,1.76265E+12,,,,,,,,,,,,,,,
y1_online_only,LEO_ONLY,24,0.1,200,2,161,ok,,0,1,48.23637501,374,1,3.777,14.548,1.76265E+12,1.76265E+12,,,,,,,,,,,,,,,
y1_online_only,LEO_ONLY,24,0.1,200,2,162,ok,,0,1,50.04966701,374,1,3.732,14.376,1.76265E+12,1.76265E+12,,,,,,,,,,,,,,,
y1_online_only,LEO_ONLY,24,0.1,200,2,163,ok,,0,1,43.002458,374,1,3.782,13.741,1.76265E+12,1.76265E+12,,,,,,,,,,,,,,,
y1_online_only,LEO_ONLY,24,0.1,200,2,164,ok,,0,1,49.61795802,374,1,3.654,13.833,1.76265E+12,1.76265E+12,,,,,,,,,,,,,,,
y1_online_only,LEO_ONLY,24,0.1,200,2,165,ok,,0,1,48.02675001,374,1,3.657,14.212,1.76265E+12,1.76265E+12,,,,,,,,,,,,,,,
y1_online_only,LEO_ONLY,24,0.1,200,2,166,ok,,0,1,49.91662499,374,1,3.764,14.366,1.76265E+12,1.76265E+12,,,,,,,,,,,,,,,
y1_online_only,LEO_ONLY,24,0.1,200,2,167,ok,,0,1,49.202125,374,1,3.721,14.106,1.76265E+12,1.76265E+12,,,,,,,,,,,,,,,
y1_online_only,LEO_ONLY,24,0.1,200,2,168,ok,,0,1,48.40962501,374,1,3.813,14.268,1.76265E+12,1.76265E+12,,,,,,,,,,,,,,,
y1_online_only,LEO_ONLY,24,0.1,200,2,169,ok,,0,1,42.797167,374,1,3.625,14.036,1.76265E+12,1.76265E+12,,,,,,,,,,,,,,,
y1_online_only,LEO_ONLY,24,0.1,200,2,170,ok,,0,1,46.83679101,374,1,3.771,14.124,1.76265E+12,1.76265E+12,,,,,,,,,,,,,,,
y1_online_only,LEO_ONLY,24,0.1,200,2,171,ok,,0,1,51.022417,374,1,3.667,13.557,1.76265E+12,1.76265E+12,,,,,,,,,,,,,,,
y1_online_only,LEO_ONLY,24,0.1,200,2,172,ok,,0,1,47.34762502,374,1,3.76,14.193,1.76265E+12,1.76265E+12,,,,,,,,,,,,,,,
y1_online_only,LEO_ONLY,24,0.1,200,2,173,ok,,0,1,43.59145902,374,1,3.825,14.612,1.76265E+12,1.76265E+12,,,,,,,,,,,,,,,
y1_online_only,LEO_ONLY,24,0.1,200,2,174,ok,,0,1,44.67125001,374,1,3.934,14.734,1.76265E+12,1.76265E+12,,,,,,,,,,,,,,,
y1_online_only,LEO_ONLY,24,0.1,200,2,175,ok,,0,1,49.85966699,374,1,3.647,14.176,1.76265E+12,1.76265E+12,,,,,,,,,,,,,,,
y1_online_only,LEO_ONLY,24,0.1,200,2,176,ok,,0,1,48.759417,374,1,3.976,14.498,1.76265E+12,1.76265E+12,,,,,,,,,,,,,,,
y1_online_only,LEO_ONLY,24,0.1,200,2,177,ok,,0,1,53.03841698,374,1,3.755,14.291,1.76265E+12,1.76265E+12,,,,,,,,,,,,,,,
y1_online_only,LEO_ONLY,24,0.1,200,2,178,ok,,0,1,46.79454101,374,1,3.736,14.179,1.76265E+12,1.76265E+12,,,,,,,,,,,,,,,
y1_online_only,LEO_ONLY,24,0.1,200,2,179,ok,,0,1,46.26649999,374,1,3.781,13.941,1.76265E+12,1.76265E+12,,,,,,,,,,,,,,,
y1_online_only,LEO_ONLY,24,0.1,200,2,180,ok,,0,1,41.887083,374,1,3.614,13.612,1.76265E+12,1.76265E+12,,,,,,,,,,,,,,,
y1_online_only,LEO_ONLY,24,0.1,200,2,181,ok,,0,1,45.76445799,374,1,3.712,14.176,1.76265E+12,1.76265E+12,,,,,,,,,,,,,,,
y1_online_only,LEO_ONLY,24,0.1,200,2,182,ok,,0,1,47.699791,374,1,3.72,14.008,1.76265E+12,1.76265E+12,,,,,,,,,,,,,,,
y1_online_only,LEO_ONLY,24,0.1,200,2,183,ok,,0,1,51.01658398,374,1,3.909,14.726,1.76265E+12,1.76265E+12,,,,,,,,,,,,,,,
y1_online_only,LEO_ONLY,24,0.1,200,2,184,ok,,0,1,44.30854099,374,1,3.777,13.906,1.76265E+12,1.76265E+12,,,,,,,,,,,,,,,
y1_online_only,LEO_ONLY,24,0.1,200,2,185,ok,,0,1,48.09175001,374,1,3.762,14.052,1.76265E+12,1.76265E+12,,,,,,,,,,,,,,,
y1_online_only,LEO_ONLY,24,0.1,200,2,186,ok,,0,1,46.77554098,374,1,3.761,14.106,1.76265E+12,1.76265E+12,,,,,,,,,,,,,,,
y1_online_only,LEO_ONLY,24,0.1,200,2,187,ok,,0,1,55.34033303,374,1,3.567,13.83,1.76265E+12,1.76265E+12,,,,,,,,,,,,,,,
y1_online_only,LEO_ONLY,24,0.1,200,2,188,ok,,0,1,49.71674999,374,1,3.741,14.124,1.76265E+12,1.76265E+12,,,,,,,,,,,,,,,
y1_online_only,LEO_ONLY,24,0.1,200,2,189,ok,,0,1,44.933417,374,1,3.882,14.135,1.76265E+12,1.76265E+12,,,,,,,,,,,,,,,
y1_online_only,LEO_ONLY,24,0.1,200,2,190,ok,,0,1,44.513417,374,1,3.765,14.198,1.76265E+12,1.76265E+12,,,,,,,,,,,,,,,
y1_online_only,LEO_ONLY,24,0.1,200,2,191,ok,,0,1,48.96804199,374,1,3.866,14.32,1.76265E+12,1.76265E+12,,,,,,,,,,,,,,,
y1_online_only,LEO_ONLY,24,0.1,200,2,192,ok,,0,1,47.563459,374,1,3.888,14.232,1.76265E+12,1.76265E+12,,,,,,,,,,,,,,,
y1_online_only,LEO_ONLY,24,0.1,200,2,193,ok,,0,1,49.47395902,374,1,3.617,13.926,1.76265E+12,1.76265E+12,,,,,,,,,,,,,,,
y1_online_only,LEO_ONLY,24,0.1,200,2,194,ok,,0,1,51.05008298,374,1,3.598,14.491,1.76265E+12,1.76265E+12,,,,,,,,,,,,,,,
y1_online_only,LEO_ONLY,24,0.1,200,2,195,ok,,0,1,55.504333,374,1,3.793,14.388,1.76265E+12,1.76265E+12,,,,,,,,,,,,,,,
y1_online_only,LEO_ONLY,24,0.1,200,2,196,ok,,0,1,47.1925,374,1,3.842,14.419,1.76265E+12,1.76265E+12,,,,,,,,,,,,,,,
y1_online_only,LEO_ONLY,24,0.1,200,2,197,ok,,0,1,48.92612502,374,1,3.598,13.897,1.76265E+12,1.76265E+12,,,,,,,,,,,,,,,
y1_online_only,LEO_ONLY,24,0.1,200,2,198,ok,,0,1,46.01154203,374,1,3.699,14.584,1.76265E+12,1.76265E+12,,,,,,,,,,,,,,,
y1_online_only,LEO_ONLY,24,0.1,200,2,199,ok,,0,1,45.69358399,374,1,3.78,14.415,1.76265E+12,1.76265E+12,,,,,,,,,,,,,,,
y1_online_only,LEO_ONLY,24,0.1,200,2,200,ok,,0,1,52.45845902,374,1,3.84,14.23,1.76265E+12,1.76265E+12,,,,,,,,,,,,,,,
y1_online_only,LEO_ONLY,24,0.1,200,2,201,ok,,0,1,48.458042,374,1,3.89,14.311,1.76265E+12,1.76265E+12,,,,,,,,,,,,,,,
y1_online_only,LEO_ONLY,24,0.1,200,2,202,ok,,0,1,50.54229201,374,1,3.823,14.144,1.76265E+12,1.76265E+12,,,,,,,,,,,,,,,
y1_online_only,LEO_ONLY,24,0.1,200,2,203,ok,,0,1,53.96045899,374,1,3.886,14.397,1.76265E+12,1.76265E+12,,,,,,,,,,,,,,,
y1_online_only,LEO_ONLY,24,0.1,200,2,204,ok,,0,1,53.78854199,374,1,3.747,14.309,1.76265E+12,1.76265E+12,,,,,,,,,,,,,,,
y1_online_only,LEO_ONLY,24,0.1,200,2,205,ok,,0,1,51.499208,374,1,3.652,13.386,1.76265E+12,1.76265E+12,,,,,,,,,,,,,,,
y1_online_only,LEO_ONLY,24,0.1,200,2,206,ok,,0,1,50.13704201,374,1,3.689,13.96,1.76265E+12,1.76265E+12,,,,,,,,,,,,,,,
y1_online_only,LEO_ONLY,24,0.1,200,2,207,ok,,0,1,43.92125001,374,1,3.749,14.134,1.76265E+12,1.76265E+12,,,,,,,,,,,,,,,
y1_online_only,LEO_ONLY,24,0.1,200,2,208,ok,,0,1,51.36337501,374,1,3.684,14.475,1.76265E+12,1.76265E+12,,,,,,,,,,,,,,,
y1_online_only,LEO_ONLY,24,0.1,200,2,209,ok,,0,1,49.74020901,374,1,3.609,14.312,1.76265E+12,1.76265E+12,,,,,,,,,,,,,,,
y1_online_only,LEO_ONLY,24,0.1,200,2,210,ok,,0,1,42.54241701,374,1,3.689,14.226,1.76265E+12,1.76265E+12,,,,,,,,,,,,,,,
y1_online_only,LEO_ONLY,24,0.1,200,2,211,ok,,0,1,47.173625,374,1,3.728,14.244,1.76265E+12,1.76265E+12,,,,,,,,,,,,,,,
y1_online_only,LEO_ONLY,24,0.1,200,2,212,ok,,0,1,43.69083399,374,1,3.701,14.276,1.76265E+12,1.76265E+12,,,,,,,,,,,,,,,
y1_online_only,LEO_ONLY,24,0.1,200,2,213,ok,,0,1,46.68220799,374,1,3.715,13.866,1.76265E+12,1.76265E+12,,,,,,,,,,,,,,,
y1_online_only,LEO_ONLY,24,0.1,200,2,214,ok,,0,1,49.24341702,374,1,3.68,13.7,1.76265E+12,1.76265E+12,,,,,,,,,,,,,,,
y1_online_only,LEO_ONLY,24,0.1,200,2,215,ok,,0,1,45.66987502,374,1,3.797,14.316,1.76265E+12,1.76265E+12,,,,,,,,,,,,,,,
y1_online_only,LEO_ONLY,24,0.1,200,2,216,ok,,0,1,50.53562499,374,1,4.031,14.243,1.76265E+12,1.76265E+12,,,,,,,,,,,,,,,
y1_online_only,LEO_ONLY,24,0.1,200,2,217,ok,,0,1,57.17725001,374,1,3.834,14.732,1.76265E+12,1.76265E+12,,,,,,,,,,,,,,,
y1_online_only,LEO_ONLY,24,0.1,200,2,218,ok,,0,1,52.427416,374,1,3.716,14.652,1.76265E+12,1.76265E+12,,,,,,,,,,,,,,,
y1_online_only,LEO_ONLY,24,0.1,200,2,219,ok,,0,1,50.38725,374,1,3.677,14.313,1.76265E+12,1.76265E+12,,,,,,,,,,,,,,,
y1_online_only,LEO_ONLY,24,0.1,200,2,220,ok,,0,1,47.45975,374,1,3.76,14.268,1.76265E+12,1.76265E+12,,,,,,,,,,,,,,,
y1_online_only,LEO_ONLY,24,0.1,200,2,221,ok,,0,1,45.34741698,374,1,3.69,13.982,1.76265E+12,1.76265E+12,,,,,,,,,,,,,,,
y1_online_only,LEO_ONLY,24,0.1,200,2,222,ok,,0,1,50.17879201,374,1,3.799,14.021,1.76265E+12,1.76265E+12,,,,,,,,,,,,,,,
y1_online_only,LEO_ONLY,24,0.1,200,2,223,ok,,0,1,47.46666699,374,1,3.657,14.107,1.76265E+12,1.76265E+12,,,,,,,,,,,,,,,
y1_online_only,LEO_ONLY,24,0.1,200,2,224,ok,,0,1,46.26841599,373,1,3.713,14.162,1.76265E+12,1.76265E+12,,,,,,,,,,,,,,,
y1_online_only,LEO_ONLY,24,0.1,200,2,225,ok,,0,1,48.21775001,374,1,3.726,13.98,1.76265E+12,1.76265E+12,,,,,,,,,,,,,,,
y1_online_only,LEO_ONLY,24,0.1,200,2,226,ok,,0,1,46.111084,374,1,3.727,14.182,1.76265E+12,1.76265E+12,,,,,,,,,,,,,,,
y1_online_only,LEO_ONLY,24,0.1,200,2,227,ok,,0,1,50.03695801,373,1,3.837,14.518,1.76265E+12,1.76265E+12,,,,,,,,,,,,,,,
y1_online_only,LEO_ONLY,24,0.1,200,2,228,ok,,0,1,49.344542,374,1,3.88,14.739,1.76265E+12,1.76265E+12,,,,,,,,,,,,,,,
y1_online_only,LEO_ONLY,24,0.1,200,2,229,ok,,0,1,48.754583,374,1,3.756,14.071,1.76265E+12,1.76265E+12,,,,,,,,,,,,,,,
y1_online_only,LEO_ONLY,24,0.1,200,2,230,ok,,0,1,48.97929099,374,1,3.881,14.002,1.76265E+12,1.76265E+12,,,,,,,,,,,,,,,
y1_online_only,LEO_ONLY,24,0.1,200,2,231,ok,,0,1,47.77150002,374,1,3.776,13.921,1.76265E+12,1.76265E+12,,,,,,,,,,,,,,,
y1_online_only,LEO_ONLY,24,0.1,200,2,232,ok,,0,1,43.63862501,374,1,3.769,14.125,1.76265E+12,1.76265E+12,,,,,,,,,,,,,,,
y1_online_only,LEO_ONLY,24,0.1,200,2,233,ok,,0,1,48.46320802,374,1,3.61,14.219,1.76265E+12,1.76265E+12,,,,,,,,,,,,,,,
y1_online_only,LEO_ONLY,24,0.1,200,2,234,ok,,0,1,48.24483301,374,1,3.738,14.148,1.76265E+12,1.76265E+12,,,,,,,,,,,,,,,
y1_online_only,LEO_ONLY,24,0.1,200,2,235,ok,,0,1,45.77279201,374,1,3.587,14.144,1.76265E+12,1.76265E+12,,,,,,,,,,,,,,,
y1_online_only,LEO_ONLY,24,0.1,200,2,236,ok,,0,1,48.534,374,1,3.751,14.259,1.76265E+12,1.76265E+12,,,,,,,,,,,,,,,
y1_online_only,LEO_ONLY,24,0.1,200,2,237,ok,,0,1,48.659333,374,1,3.679,14.651,1.76265E+12,1.76265E+12,,,,,,,,,,,,,,,
y1_online_only,LEO_ONLY,24,0.1,200,2,238,ok,,0,1,49.88316601,374,1,3.702,14.201,1.76265E+12,1.76265E+12,,,,,,,,,,,,,,,
y1_online_only,LEO_ONLY,24,0.1,200,2,239,ok,,0,1,57.28754101,374,1,3.997,26.486,1.76265E+12,1.76265E+12,,,,,,,,,,,,,,,
y1_online_only,LEO_ONLY,24,0.1,200,2,240,ok,,0,1,45.131708,374,1,3.716,14.207,1.76265E+12,1.76265E+12,,,,,,,,,,,,,,,
y1_online_only,LEO_ONLY,24,0.1,200,2,241,ok,,0,1,54.156292,374,1,3.976,14.395,1.76265E+12,1.76265E+12,,,,,,,,,,,,,,,
y1_online_only,LEO_ONLY,24,0.1,200,2,242,ok,,0,1,53.80591701,374,1,3.745,14.298,1.76265E+12,1.76265E+12,,,,,,,,,,,,,,,
y1_online_only,LEO_ONLY,24,0.1,200,2,243,ok,,0,1,43.24058298,374,1,3.81,14.202,1.76265E+12,1.76265E+12,,,,,,,,,,,,,,,
y1_online_only,LEO_ONLY,24,0.1,200,2,244,ok,,0,1,48.74345899,374,1,3.757,14.07,1.76265E+12,1.76265E+12,,,,,,,,,,,,,,,
y1_online_only,LEO_ONLY,24,0.1,200,2,245,ok,,0,1,45.736375,373,1,3.678,13.849,1.76265E+12,1.76265E+12,,,,,,,,,,,,,,,
y1_online_only,LEO_ONLY,24,0.1,200,2,246,ok,,0,1,51.65441701,374,1,3.709,14.426,1.76265E+12,1.76265E+12,,,,,,,,,,,,,,,
y1_online_only,LEO_ONLY,24,0.1,200,2,247,ok,,0,1,42.369667,374,1,3.693,13.933,1.76265E+12,1.76265E+12,,,,,,,,,,,,,,,
y1_online_only,LEO_ONLY,24,0.1,200,2,248,ok,,0,1,46.84716699,374,1,3.553,13.591,1.76265E+12,1.76265E+12,,,,,,,,,,,,,,,
y1_online_only,LEO_ONLY,24,0.1,200,2,249,ok,,0,1,46.29870801,374,1,3.727,14.293,1.76265E+12,1.76265E+12,,,,,,,,,,,,,,,
y1_online_only,LEO_ONLY,24,0.1,200,2,250,ok,,0,1,50.348833,374,1,3.799,14.246,1.76265E+12,1.76265E+12,,,,,,,,,,,,,,,
y1_online_only,LEO_ONLY,24,0.1,200,2,251,ok,,0,1,47.64562499,374,1,3.761,14.093,1.76265E+12,1.76265E+12,,,,,,,,,,,,,,,
y1_online_only,LEO_ONLY,24,0.1,200,2,252,ok,,0,1,45.803708,374,1,3.826,14.192,1.76265E+12,1.76265E+12,,,,,,,,,,,,,,,
y1_online_only,LEO_ONLY,24,0.1,200,2,253,ok,,0,1,48.438,374,1,3.65,13.896,1.76265E+12,1.76265E+12,,,,,,,,,,,,,,,
y1_online_only,LEO_ONLY,24,0.1,200,2,254,ok,,0,1,43.597084,374,1,3.688,13.732,1.76265E+12,1.76265E+12,,,,,,,,,,,,,,,
y1_online_only,LEO_ONLY,24,0.1,200,2,255,ok,,0,1,50.090042,374,1,3.771,14.502,1.76265E+12,1.76265E+12,,,,,,,,,,,,,,,
y1_online_only,LEO_ONLY,24,0.1,200,2,256,ok,,0,1,52.57908301,374,1,3.822,14.69,1.76265E+12,1.76265E+12,,,,,,,,,,,,,,,
y1_online_only,LEO_ONLY,24,0.1,200,2,257,ok,,0,1,53.49908298,374,1,3.783,14.827,1.76265E+12,1.76265E+12,,,,,,,,,,,,,,,
y1_online_only,LEO_ONLY,24,0.1,200,2,258,ok,,0,1,51.68,374,1,3.711,14.506,1.76265E+12,1.76265E+12,,,,,,,,,,,,,,,
y1_online_only,LEO_ONLY,24,0.1,200,2,259,ok,,0,1,53.575709,374,1,3.727,14.304,1.76265E+12,1.76265E+12,,,,,,,,,,,,,,,
y1_online_only,LEO_ONLY,24,0.1,200,2,260,ok,,0,1,46.193916,374,1,3.727,14.048,1.76265E+12,1.76265E+12,,,,,,,,,,,,,,,
y1_online_only,LEO_ONLY,24,0.1,200,2,261,ok,,0,1,49.67095799,374,1,3.888,14.448,1.76265E+12,1.76265E+12,,,,,,,,,,,,,,,
y1_online_only,LEO_ONLY,24,0.1,200,2,262,ok,,0,1,46.15283301,374,1,3.914,14.124,1.76265E+12,1.76265E+12,,,,,,,,,,,,,,,
y1_online_only,LEO_ONLY,24,0.1,200,2,263,ok,,0,1,47.24341701,374,1,3.612,14.151,1.76265E+12,1.76265E+12,,,,,,,,,,,,,,,
y1_online_only,LEO_ONLY,24,0.1,200,2,264,ok,,0,1,52.59175002,374,1,3.822,14.194,1.76265E+12,1.76265E+12,,,,,,,,,,,,,,,
y1_online_only,LEO_ONLY,24,0.1,200,2,265,ok,,0,1,47.28808301,374,1,3.601,14.022,1.76265E+12,1.76265E+12,,,,,,,,,,,,,,,
y1_online_only,LEO_ONLY,24,0.1,200,2,266,ok,,0,1,48.08495901,374,1,3.734,14.407,1.76265E+12,1.76265E+12,,,,,,,,,,,,,,,
y1_online_only,LEO_ONLY,24,0.1,200,2,267,ok,,0,1,50.73649998,374,1,3.732,14.148,1.76265E+12,1.76265E+12,,,,,,,,,,,,,,,
y1_online_only,LEO_ONLY,24,0.1,200,2,268,ok,,0,1,46.08883301,374,1,3.792,14.226,1.76265E+12,1.76265E+12,,,,,,,,,,,,,,,
y1_online_only,LEO_ONLY,24,0.1,200,2,269,ok,,0,1,50.434542,374,1,3.628,13.967,1.76265E+12,1.76265E+12,,,,,,,,,,,,,,,
y1_online_only,LEO_ONLY,24,0.1,200,2,270,ok,,0,1,48.750791,374,1,3.687,13.94,1.76265E+12,1.76265E+12,,,,,,,,,,,,,,,
y1_online_only,LEO_ONLY,24,0.1,200,2,271,ok,,0,1,43.36816701,374,1,3.839,13.971,1.76265E+12,1.76265E+12,,,,,,,,,,,,,,,
y1_online_only,LEO_ONLY,24,0.1,200,2,272,ok,,0,1,44.94974998,374,1,3.984,13.713,1.76265E+12,1.76265E+12,,,,,,,,,,,,,,,
y1_online_only,LEO_ONLY,24,0.1,200,2,273,ok,,0,1,48.128375,374,1,3.734,13.812,1.76265E+12,1.76265E+12,,,,,,,,,,,,,,,
y1_online_only,LEO_ONLY,24,0.1,200,2,274,ok,,0,1,52.87779198,374,1,3.488,13.724,1.76265E+12,1.76265E+12,,,,,,,,,,,,,,,
y1_online_only,LEO_ONLY,24,0.1,200,2,275,ok,,0,1,42.72337499,374,1,3.684,13.879,1.76265E+12,1.76265E+12,,,,,,,,,,,,,,,
y1_online_only,LEO_ONLY,24,0.1,200,2,276,ok,,0,1,48.38737499,374,1,3.813,13.957,1.76265E+12,1.76265E+12,,,,,,,,,,,,,,,
y1_online_only,LEO_ONLY,24,0.1,200,2,277,ok,,0,1,41.80495898,374,1,3.743,13.882,1.76265E+12,1.76265E+12,,,,,,,,,,,,,,,
y1_online_only,LEO_ONLY,24,0.1,200,2,278,ok,,0,1,46.55591599,374,1,3.851,14.694,1.76265E+12,1.76265E+12,,,,,,,,,,,,,,,
y1_online_only,LEO_ONLY,24,0.1,200,2,279,ok,,0,1,47.837458,374,1,3.772,14.135,1.76265E+12,1.76265E+12,,,,,,,,,,,,,,,
y1_online_only,LEO_ONLY,24,0.1,200,2,280,ok,,0,1,44.989541,373,1,3.752,14.121,1.76265E+12,1.76265E+12,,,,,,,,,,,,,,,
y1_online_only,LEO_ONLY,24,0.1,200,2,281,ok,,0,1,48.32420801,374,1,3.707,14.213,1.76265E+12,1.76265E+12,,,,,,,,,,,,,,,
y1_online_only,LEO_ONLY,24,0.1,200,2,282,ok,,0,1,51.729375,374,1,3.8,14.68,1.76265E+12,1.76265E+12,,,,,,,,,,,,,,,
y1_online_only,LEO_ONLY,24,0.1,200,2,283,ok,,0,1,48.82670901,374,1,3.664,13.991,1.76265E+12,1.76265E+12,,,,,,,,,,,,,,,
y1_online_only,LEO_ONLY,24,0.1,200,2,284,ok,,0,1,45.036,374,1,3.71,14.347,1.76265E+12,1.76265E+12,,,,,,,,,,,,,,,
y1_online_only,LEO_ONLY,24,0.1,200,2,285,ok,,0,1,46.37254201,374,1,3.786,14.334,1.76265E+12,1.76265E+12,,,,,,,,,,,,,,,
y1_online_only,LEO_ONLY,24,0.1,200,2,286,ok,,0,1,46.53625001,374,1,3.682,13.871,1.76265E+12,1.76265E+12,,,,,,,,,,,,,,,
y1_online_only,LEO_ONLY,24,0.1,200,2,287,ok,,0,1,53.4105,374,1,3.772,14.309,1.76265E+12,1.76265E+12,,,,,,,,,,,,,,,
y1_online_only,LEO_ONLY,24,0.1,200,2,288,ok,,0,1,44.48883398,374,1,3.601,13.668,1.76265E+12,1.76265E+12,,,,,,,,,,,,,,,
y1_online_only,LEO_ONLY,24,0.1,200,2,289,ok,,0,1,43.298959,374,1,3.831,14.146,1.76265E+12,1.76265E+12,,,,,,,,,,,,,,,
y1_online_only,LEO_ONLY,24,0.1,200,2,290,ok,,0,1,47.30037498,374,1,3.752,14.25,1.76265E+12,1.76265E+12,,,,,,,,,,,,,,,
y1_online_only,LEO_ONLY,24,0.1,200,2,291,ok,,0,1,56.69687499,374,1,3.692,14.016,1.76265E+12,1.76265E+12,,,,,,,,,,,,,,,
y1_online_only,LEO_ONLY,24,0.1,200,2,292,ok,,0,1,43.48158301,374,1,3.752,14.285,1.76265E+12,1.76265E+12,,,,,,,,,,,,,,,
y1_online_only,LEO_ONLY,24,0.1,200,2,293,ok,,0,1,52.89475,374,1,3.716,14.181,1.76265E+12,1.76265E+12,,,,,,,,,,,,,,,
y1_online_only,LEO_ONLY,24,0.1,200,2,294,ok,,0,1,48.904708,374,1,3.777,14.429,1.76265E+12,1.76265E+12,,,,,,,,,,,,,,,
y1_online_only,LEO_ONLY,24,0.1,200,2,295,ok,,0,1,45.50433301,374,1,3.717,14.454,1.76265E+12,1.76265E+12,,,,,,,,,,,,,,,
y1_online_only,LEO_ONLY,24,0.1,200,2,296,ok,,0,1,47.98037501,374,1,3.584,14.128,1.76265E+12,1.76265E+12,,,,,,,,,,,,,,,
y1_online_only,LEO_ONLY,24,0.1,200,2,297,ok,,0,1,49.82233301,374,1,3.852,14.73,1.76265E+12,1.76265E+12,,,,,,,,,,,,,,,
y1_online_only,LEO_ONLY,24,0.1,200,2,298,ok,,0,1,47.0695,374,1,3.699,14.093,1.76265E+12,1.76265E+12,,,,,,,,,,,,,,,
y1_online_only,LEO_ONLY,24,0.1,200,2,299,ok,,0,1,50.18729198,374,1,3.686,14.012,1.76265E+12,1.76265E+12,,,,,,,,,,,,,,,
y1_online_only,LEO_ONLY,24,0.1,200,2,300,ok,,0,1,48.13295798,374,1,3.733,14.246,1.76265E+12,1.76265E+12,,,,,,,,,,,,,,,
y1_online_only,LEO_ONLY,24,0.1,400,2,1,ok,,0,1,50.95725,374,1,3.833,14.46,1.76265E+12,1.76265E+12,,,,,,,,,,,,,,,
y1_online_only,LEO_ONLY,24,0.1,400,2,2,ok,,0,1,44.66770898,374,1,3.723,13.924,1.76265E+12,1.76265E+12,,,,,,,,,,,,,,,
y1_online_only,LEO_ONLY,24,0.1,400,2,3,ok,,0,1,45.995375,374,1,3.769,13.674,1.76265E+12,1.76265E+12,,,,,,,,,,,,,,,
y1_online_only,LEO_ONLY,24,0.1,400,2,4,ok,,0,1,47.81658301,374,1,3.883,14.313,1.76265E+12,1.76265E+12,,,,,,,,,,,,,,,
y1_online_only,LEO_ONLY,24,0.1,400,2,5,ok,,0,1,49.35462499,374,1,3.806,14.096,1.76265E+12,1.76265E+12,,,,,,,,,,,,,,,
y1_online_only,LEO_ONLY,24,0.1,400,2,6,ok,,0,1,51.47387498,374,1,3.816,14.108,1.76265E+12,1.76265E+12,,,,,,,,,,,,,,,
y1_online_only,LEO_ONLY,24,0.1,400,2,7,ok,,0,1,51.83337498,374,1,3.634,13.606,1.76265E+12,1.76265E+12,,,,,,,,,,,,,,,
y1_online_only,LEO_ONLY,24,0.1,400,2,8,ok,,0,1,45.66916701,374,1,3.951,14.347,1.76265E+12,1.76265E+12,,,,,,,,,,,,,,,
y1_online_only,LEO_ONLY,24,0.1,400,2,9,ok,,0,1,48.76487501,374,1,3.788,13.948,1.76265E+12,1.76265E+12,,,,,,,,,,,,,,,
y1_online_only,LEO_ONLY,24,0.1,400,2,10,ok,,0,1,49.06612501,374,1,3.862,14.564,1.76265E+12,1.76265E+12,,,,,,,,,,,,,,,
y1_online_only,LEO_ONLY,24,0.1,400,2,11,ok,,0,1,45.87375,374,1,3.784,14.528,1.76265E+12,1.76265E+12,,,,,,,,,,,,,,,
y1_online_only,LEO_ONLY,24,0.1,400,2,12,ok,,0,1,52.53370799,374,1,3.855,14.654,1.76265E+12,1.76265E+12,,,,,,,,,,,,,,,
y1_online_only,LEO_ONLY,24,0.1,400,2,13,ok,,0,1,49.769042,374,1,3.646,14.108,1.76265E+12,1.76265E+12,,,,,,,,,,,,,,,
y1_online_only,LEO_ONLY,24,0.1,400,2,14,ok,,0,1,49.50629201,373,1,3.753,14.635,1.76265E+12,1.76265E+12,,,,,,,,,,,,,,,
y1_online_only,LEO_ONLY,24,0.1,400,2,15,ok,,0,1,44.37325001,374,1,3.759,13.632,1.76265E+12,1.76265E+12,,,,,,,,,,,,,,,
y1_online_only,LEO_ONLY,24,0.1,400,2,16,ok,,0,1,48.69079098,374,1,3.675,14.337,1.76265E+12,1.76265E+12,,,,,,,,,,,,,,,
y1_online_only,LEO_ONLY,24,0.1,400,2,17,ok,,0,1,44.00712601,374,1,3.447,13.42,1.76265E+12,1.76265E+12,,,,,,,,,,,,,,,
y1_online_only,LEO_ONLY,24,0.1,400,2,18,ok,,0,1,52.645041,374,1,3.71,14.508,1.76265E+12,1.76265E+12,,,,,,,,,,,,,,,
y1_online_only,LEO_ONLY,24,0.1,400,2,19,ok,,0,1,47.09625,374,1,3.689,14.352,1.76265E+12,1.76265E+12,,,,,,,,,,,,,,,
y1_online_only,LEO_ONLY,24,0.1,400,2,20,ok,,0,1,47.211125,374,1,3.786,14.641,1.76265E+12,1.76265E+12,,,,,,,,,,,,,,,
y1_online_only,LEO_ONLY,24,0.1,400,2,21,ok,,0,1,49.23820798,374,1,3.837,14.427,1.76265E+12,1.76265E+12,,,,,,,,,,,,,,,
y1_online_only,LEO_ONLY,24,0.1,400,2,22,ok,,0,1,50.77291702,374,1,3.888,14.723,1.76265E+12,1.76265E+12,,,,,,,,,,,,,,,
y1_online_only,LEO_ONLY,24,0.1,400,2,23,ok,,0,1,46.13070798,374,1,3.652,13.823,1.76265E+12,1.76265E+12,,,,,,,,,,,,,,,
y1_online_only,LEO_ONLY,24,0.1,400,2,24,ok,,0,1,46.83545901,374,1,3.663,14.08,1.76265E+12,1.76265E+12,,,,,,,,,,,,,,,
y1_online_only,LEO_ONLY,24,0.1,400,2,25,ok,,0,1,47.32458299,374,1,3.725,14.245,1.76265E+12,1.76265E+12,,,,,,,,,,,,,,,
y1_online_only,LEO_ONLY,24,0.1,400,2,26,ok,,0,1,45.51712499,374,1,3.778,13.968,1.76265E+12,1.76265E+12,,,,,,,,,,,,,,,
y1_online_only,LEO_ONLY,24,0.1,400,2,27,ok,,0,1,46.758791,374,1,3.853,14.544,1.76265E+12,1.76265E+12,,,,,,,,,,,,,,,
y1_online_only,LEO_ONLY,24,0.1,400,2,28,ok,,0,1,43.84074998,374,1,3.753,14.017,1.76265E+12,1.76265E+12,,,,,,,,,,,,,,,
y1_online_only,LEO_ONLY,24,0.1,400,2,29,ok,,0,1,48.69983401,374,1,3.749,14.425,1.76265E+12,1.76265E+12,,,,,,,,,,,,,,,
y1_online_only,LEO_ONLY,24,0.1,400,2,30,ok,,0,1,44.30470799,374,1,3.904,14.044,1.76265E+12,1.76265E+12,,,,,,,,,,,,,,,
y1_online_only,LEO_ONLY,24,0.1,400,2,31,ok,,0,1,46.56279201,373,1,3.803,14.226,1.76265E+12,1.76265E+12,,,,,,,,,,,,,,,
y1_online_only,LEO_ONLY,24,0.1,400,2,32,ok,,0,1,47.915125,374,1,3.683,14.364,1.76265E+12,1.76265E+12,,,,,,,,,,,,,,,
y1_online_only,LEO_ONLY,24,0.1,400,2,33,ok,,0,1,45.35299999,374,1,3.756,14.448,1.76265E+12,1.76265E+12,,,,,,,,,,,,,,,
y1_online_only,LEO_ONLY,24,0.1,400,2,34,ok,,0,1,47.60404202,374,1,3.588,13.954,1.76265E+12,1.76265E+12,,,,,,,,,,,,,,,
y1_online_only,LEO_ONLY,24,0.1,400,2,35,ok,,0,1,44.345459,374,1,3.726,14.012,1.76265E+12,1.76265E+12,,,,,,,,,,,,,,,
y1_online_only,LEO_ONLY,24,0.1,400,2,36,ok,,0,1,51.39920799,374,1,3.865,14.655,1.76265E+12,1.76265E+12,,,,,,,,,,,,,,,
y1_online_only,LEO_ONLY,24,0.1,400,2,37,ok,,0,1,45.25233401,374,1,3.525,14.37,1.76265E+12,1.76265E+12,,,,,,,,,,,,,,,
y1_online_only,LEO_ONLY,24,0.1,400,2,38,ok,,0,1,43.53575001,374,1,3.798,14.128,1.76265E+12,1.76265E+12,,,,,,,,,,,,,,,
y1_online_only,LEO_ONLY,24,0.1,400,2,39,ok,,0,1,47.94250001,374,1,3.804,14.292,1.76265E+12,1.76265E+12,,,,,,,,,,,,,,,
y1_online_only,LEO_ONLY,24,0.1,400,2,40,ok,,0,1,46.69633301,374,1,3.622,14.347,1.76265E+12,1.76265E+12,,,,,,,,,,,,,,,
y1_online_only,LEO_ONLY,24,0.1,400,2,41,ok,,0,1,50.586959,374,1,3.669,13.921,1.76265E+12,1.76265E+12,,,,,,,,,,,,,,,
y1_online_only,LEO_ONLY,24,0.1,400,2,42,ok,,0,1,41.00645799,374,1,3.989,14.564,1.76265E+12,1.76265E+12,,,,,,,,,,,,,,,
y1_online_only,LEO_ONLY,24,0.1,400,2,43,ok,,0,1,48.984291,374,1,3.634,13.576,1.76265E+12,1.76265E+12,,,,,,,,,,,,,,,
y1_online_only,LEO_ONLY,24,0.1,400,2,44,ok,,0,1,51.483875,374,1,3.745,14.473,1.76265E+12,1.76265E+12,,,,,,,,,,,,,,,
y1_online_only,LEO_ONLY,24,0.1,400,2,45,ok,,0,1,50.11958399,374,1,3.784,14.168,1.76265E+12,1.76265E+12,,,,,,,,,,,,,,,
y1_online_only,LEO_ONLY,24,0.1,400,2,46,ok,,0,1,44.89233301,374,1,3.573,13.363,1.76265E+12,1.76265E+12,,,,,,,,,,,,,,,
y1_online_only,LEO_ONLY,24,0.1,400,2,47,ok,,0,1,50.82549999,374,1,3.512,13.82,1.76265E+12,1.76265E+12,,,,,,,,,,,,,,,
y1_online_only,LEO_ONLY,24,0.1,400,2,48,ok,,0,1,50.0815,374,1,3.685,14.16,1.76265E+12,1.76265E+12,,,,,,,,,,,,,,,
y1_online_only,LEO_ONLY,24,0.1,400,2,49,ok,,0,1,50.97045898,374,1,3.68,15.625,1.76265E+12,1.76265E+12,,,,,,,,,,,,,,,
y1_online_only,LEO_ONLY,24,0.1,400,2,50,ok,,0,1,47.36362502,374,1,3.653,14.264,1.76265E+12,1.76265E+12,,,,,,,,,,,,,,,
y1_online_only,LEO_ONLY,24,0.1,400,2,51,ok,,0,1,47.36154099,374,1,3.503,13.51,1.76265E+12,1.76265E+12,,,,,,,,,,,,,,,
y1_online_only,LEO_ONLY,24,0.1,400,2,52,ok,,0,1,43.51066699,374,1,3.66,14.029,1.76265E+12,1.76265E+12,,,,,,,,,,,,,,,
y1_online_only,LEO_ONLY,24,0.1,400,2,53,ok,,0,1,46.40212501,374,1,3.73,14.308,1.76265E+12,1.76265E+12,,,,,,,,,,,,,,,
y1_online_only,LEO_ONLY,24,0.1,400,2,54,ok,,0,1,46.57466701,374,1,3.717,14.727,1.76265E+12,1.76265E+12,,,,,,,,,,,,,,,
y1_online_only,LEO_ONLY,24,0.1,400,2,55,ok,,0,1,45.11608399,374,1,3.796,14.679,1.76265E+12,1.76265E+12,,,,,,,,,,,,,,,
y1_online_only,LEO_ONLY,24,0.1,400,2,56,ok,,0,1,46.530958,374,1,3.684,13.75,1.76265E+12,1.76265E+12,,,,,,,,,,,,,,,
y1_online_only,LEO_ONLY,24,0.1,400,2,57,ok,,0,1,50.09800001,374,1,3.826,14.123,1.76265E+12,1.76265E+12,,,,,,,,,,,,,,,
y1_online_only,LEO_ONLY,24,0.1,400,2,58,ok,,0,1,48.48500001,374,1,3.796,14.203,1.76265E+12,1.76265E+12,,,,,,,,,,,,,,,
y1_online_only,LEO_ONLY,24,0.1,400,2,59,ok,,0,1,53.10300001,374,1,3.759,14.504,1.76265E+12,1.76265E+12,,,,,,,,,,,,,,,
y1_online_only,LEO_ONLY,24,0.1,400,2,60,ok,,0,1,44.92904199,374,1,3.728,14.424,1.76265E+12,1.76265E+12,,,,,,,,,,,,,,,
y1_online_only,LEO_ONLY,24,0.1,400,2,61,ok,,0,1,46.09424999,374,1,3.735,14.3,1.76265E+12,1.76265E+12,,,,,,,,,,,,,,,
y1_online_only,LEO_ONLY,24,0.1,400,2,62,ok,,0,1,45.09854098,373,1,3.775,14.1,1.76265E+12,1.76265E+12,,,,,,,,,,,,,,,
y1_online_only,LEO_ONLY,24,0.1,400,2,63,ok,,0,1,42.15825,374,1,3.693,14.096,1.76265E+12,1.76265E+12,,,,,,,,,,,,,,,
y1_online_only,LEO_ONLY,24,0.1,400,2,64,ok,,0,1,47.66512499,374,1,3.732,14.593,1.76265E+12,1.76265E+12,,,,,,,,,,,,,,,
y1_online_only,LEO_ONLY,24,0.1,400,2,65,ok,,0,1,49.56433398,374,1,3.778,14.51,1.76265E+12,1.76265E+12,,,,,,,,,,,,,,,
y1_online_only,LEO_ONLY,24,0.1,400,2,66,ok,,0,1,49.11400002,374,1,3.695,13.774,1.76265E+12,1.76265E+12,,,,,,,,,,,,,,,
y1_online_only,LEO_ONLY,24,0.1,400,2,67,ok,,0,1,50.91712502,374,1,3.793,14.392,1.76265E+12,1.76265E+12,,,,,,,,,,,,,,,
y1_online_only,LEO_ONLY,24,0.1,400,2,68,ok,,0,1,46.17779198,374,1,3.786,14.425,1.76265E+12,1.76265E+12,,,,,,,,,,,,,,,
y1_online_only,LEO_ONLY,24,0.1,400,2,69,ok,,0,1,48.105625,374,1,3.617,14.133,1.76265E+12,1.76265E+12,,,,,,,,,,,,,,,
y1_online_only,LEO_ONLY,24,0.1,400,2,70,ok,,0,1,52.133416,374,1,3.813,14.346,1.76265E+12,1.76265E+12,,,,,,,,,,,,,,,
y1_online_only,LEO_ONLY,24,0.1,400,2,71,ok,,0,1,47.51412501,374,1,3.771,14.384,1.76265E+12,1.76265E+12,,,,,,,,,,,,,,,
y1_online_only,LEO_ONLY,24,0.1,400,2,72,ok,,0,1,43.132917,374,1,3.675,13.775,1.76265E+12,1.76265E+12,,,,,,,,,,,,,,,
y1_online_only,LEO_ONLY,24,0.1,400,2,73,ok,,0,1,44.33862501,374,1,4.046,13.915,1.76265E+12,1.76265E+12,,,,,,,,,,,,,,,
y1_online_only,LEO_ONLY,24,0.1,400,2,74,ok,,0,1,46.54387498,374,1,3.783,14.391,1.76265E+12,1.76265E+12,,,,,,,,,,,,,,,
y1_online_only,LEO_ONLY,24,0.1,400,2,75,ok,,0,1,46.14016699,374,1,3.758,14.169,1.76265E+12,1.76265E+12,,,,,,,,,,,,,,,
y1_online_only,LEO_ONLY,24,0.1,400,2,76,ok,,0,1,44.90375001,374,1,4.111,15.61,1.76265E+12,1.76265E+12,,,,,,,,,,,,,,,
y1_online_only,LEO_ONLY,24,0.1,400,2,77,ok,,0,1,48.83074999,374,1,3.636,13.715,1.76265E+12,1.76265E+12,,,,,,,,,,,,,,,
y1_online_only,LEO_ONLY,24,0.1,400,2,78,ok,,0,1,51.213417,374,1,3.937,14.535,1.76265E+12,1.76265E+12,,,,,,,,,,,,,,,
y1_online_only,LEO_ONLY,24,0.1,400,2,79,ok,,0,1,47.85708402,374,1,3.595,14.309,1.76265E+12,1.76265E+12,,,,,,,,,,,,,,,
y1_online_only,LEO_ONLY,24,0.1,400,2,80,ok,,0,1,44.06862499,374,1,3.626,14.146,1.76265E+12,1.76265E+12,,,,,,,,,,,,,,,
y1_online_only,LEO_ONLY,24,0.1,400,2,81,ok,,0,1,52.64487499,374,1,3.828,14.842,1.76265E+12,1.76265E+12,,,,,,,,,,,,,,,
y1_online_only,LEO_ONLY,24,0.1,400,2,82,ok,,0,1,49.177209,374,1,3.763,13.989,1.76265E+12,1.76265E+12,,,,,,,,,,,,,,,
y1_online_only,LEO_ONLY,24,0.1,400,2,83,ok,,0,1,45.16362498,374,1,3.706,14.119,1.76265E+12,1.76265E+12,,,,,,,,,,,,,,,
y1_online_only,LEO_ONLY,24,0.1,400,2,84,ok,,0,1,46.147541,374,1,3.593,13.696,1.76265E+12,1.76265E+12,,,,,,,,,,,,,,,
y1_online_only,LEO_ONLY,24,0.1,400,2,85,ok,,0,1,45.49725002,374,1,3.475,13.265,1.76265E+12,1.76265E+12,,,,,,,,,,,,,,,
y1_online_only,LEO_ONLY,24,0.1,400,2,86,ok,,0,1,46.62275,374,1,3.636,13.821,1.76265E+12,1.76265E+12,,,,,,,,,,,,,,,
y1_online_only,LEO_ONLY,24,0.1,400,2,87,ok,,0,1,50.52041699,374,1,3.697,14.43,1.76265E+12,1.76265E+12,,,,,,,,,,,,,,,
y1_online_only,LEO_ONLY,24,0.1,400,2,88,ok,,0,1,55.57604102,374,1,3.781,14.183,1.76265E+12,1.76265E+12,,,,,,,,,,,,,,,
y1_online_only,LEO_ONLY,24,0.1,400,2,89,ok,,0,1,47.061958,374,1,3.898,14.605,1.76265E+12,1.76265E+12,,,,,,,,,,,,,,,
y1_online_only,LEO_ONLY,24,0.1,400,2,90,ok,,0,1,47.55700001,374,1,3.905,14.515,1.76265E+12,1.76265E+12,,,,,,,,,,,,,,,
y1_online_only,LEO_ONLY,24,0.1,400,2,91,ok,,0,1,46.65449998,374,1,3.592,13.679,1.76265E+12,1.76265E+12,,,,,,,,,,,,,,,
y1_online_only,LEO_ONLY,24,0.1,400,2,92,ok,,0,1,46.45875,374,1,3.881,14.741,1.76265E+12,1.76265E+12,,,,,,,,,,,,,,,
y1_online_only,LEO_ONLY,24,0.1,400,2,93,ok,,0,1,46.50716699,374,1,3.668,14.267,1.76265E+12,1.76265E+12,,,,,,,,,,,,,,,
y1_online_only,LEO_ONLY,24,0.1,400,2,94,ok,,0,1,47.33633299,374,1,3.741,14.246,1.76265E+12,1.76265E+12,,,,,,,,,,,,,,,
y1_online_only,LEO_ONLY,24,0.1,400,2,95,ok,,0,1,44.964417,374,1,3.695,13.646,1.76265E+12,1.76265E+12,,,,,,,,,,,,,,,
y1_online_only,LEO_ONLY,24,0.1,400,2,96,ok,,0,1,54.50899998,374,1,3.845,14.185,1.76265E+12,1.76265E+12,,,,,,,,,,,,,,,
y1_online_only,LEO_ONLY,24,0.1,400,2,97,ok,,0,1,53.418166,374,1,3.864,14.305,1.76265E+12,1.76265E+12,,,,,,,,,,,,,,,
y1_online_only,LEO_ONLY,24,0.1,400,2,98,ok,,0,1,47.84804099,374,1,3.707,14.097,1.76265E+12,1.76265E+12,,,,,,,,,,,,,,,
y1_online_only,LEO_ONLY,24,0.1,400,2,99,ok,,0,1,43.65833302,374,1,3.885,14.379,1.76265E+12,1.76265E+12,,,,,,,,,,,,,,,
y1_online_only,LEO_ONLY,24,0.1,400,2,100,ok,,0,1,48.86958399,374,1,3.677,13.671,1.76265E+12,1.76265E+12,,,,,,,,,,,,,,,
y1_online_only,LEO_ONLY,24,0.1,400,2,101,ok,,0,1,43.07779099,374,1,3.849,14.101,1.76265E+12,1.76265E+12,,,,,,,,,,,,,,,
y1_online_only,LEO_ONLY,24,0.1,400,2,102,ok,,0,1,48.965125,374,1,3.709,13.926,1.76265E+12,1.76265E+12,,,,,,,,,,,,,,,
y1_online_only,LEO_ONLY,24,0.1,400,2,103,ok,,0,1,44.36570799,374,1,3.759,14.118,1.76265E+12,1.76265E+12,,,,,,,,,,,,,,,
y1_online_only,LEO_ONLY,24,0.1,400,2,104,ok,,0,1,51.53329202,373,1,3.725,14.374,1.76265E+12,1.76265E+12,,,,,,,,,,,,,,,
y1_online_only,LEO_ONLY,24,0.1,400,2,105,ok,,0,1,48.01845801,374,1,3.725,14.193,1.76265E+12,1.76265E+12,,,,,,,,,,,,,,,
y1_online_only,LEO_ONLY,24,0.1,400,2,106,ok,,0,1,47.37383401,374,1,3.673,14.376,1.76265E+12,1.76265E+12,,,,,,,,,,,,,,,
y1_online_only,LEO_ONLY,24,0.1,400,2,107,ok,,0,1,48.622292,374,1,3.715,14.093,1.76265E+12,1.76265E+12,,,,,,,,,,,,,,,
y1_online_only,LEO_ONLY,24,0.1,400,2,108,ok,,0,1,45.31683301,374,1,3.854,13.772,1.76265E+12,1.76265E+12,,,,,,,,,,,,,,,
y1_online_only,LEO_ONLY,24,0.1,400,2,109,ok,,0,1,46.84075,374,1,3.613,14.001,1.76265E+12,1.76265E+12,,,,,,,,,,,,,,,
y1_online_only,LEO_ONLY,24,0.1,400,2,110,ok,,0,1,46.69995903,374,1,3.993,17.544,1.76265E+12,1.76265E+12,,,,,,,,,,,,,,,
y1_online_only,LEO_ONLY,24,0.1,400,2,111,ok,,0,1,45.643916,374,1,3.615,13.698,1.76265E+12,1.76265E+12,,,,,,,,,,,,,,,
y1_online_only,LEO_ONLY,24,0.1,400,2,112,ok,,0,1,51.07916699,374,1,3.638,14.136,1.76265E+12,1.76265E+12,,,,,,,,,,,,,,,
y1_online_only,LEO_ONLY,24,0.1,400,2,113,ok,,0,1,43.993625,374,1,3.69,13.886,1.76265E+12,1.76265E+12,,,,,,,,,,,,,,,
y1_online_only,LEO_ONLY,24,0.1,400,2,114,ok,,0,1,48.81991702,374,1,3.703,13.7,1.76265E+12,1.76265E+12,,,,,,,,,,,,,,,
y1_online_only,LEO_ONLY,24,0.1,400,2,115,ok,,0,1,48.55154199,374,1,3.842,14.067,1.76265E+12,1.76265E+12,,,,,,,,,,,,,,,
y1_online_only,LEO_ONLY,24,0.1,400,2,116,ok,,0,1,48.39345801,374,1,3.596,14.162,1.76265E+12,1.76265E+12,,,,,,,,,,,,,,,
y1_online_only,LEO_ONLY,24,0.1,400,2,117,ok,,0,1,50.040417,374,1,3.877,14.605,1.76265E+12,1.76265E+12,,,,,,,,,,,,,,,
y1_online_only,LEO_ONLY,24,0.1,400,2,118,ok,,0,1,47.36954099,374,1,3.734,13.963,1.76265E+12,1.76265E+12,,,,,,,,,,,,,,,
y1_online_only,LEO_ONLY,24,0.1,400,2,119,ok,,0,1,45.66895802,374,1,3.898,13.662,1.76265E+12,1.76265E+12,,,,,,,,,,,,,,,
y1_online_only,LEO_ONLY,24,0.1,400,2,120,ok,,0,1,50.24700001,374,1,3.895,14.764,1.76265E+12,1.76265E+12,,,,,,,,,,,,,,,
y1_online_only,LEO_ONLY,24,0.1,400,2,121,ok,,0,1,46.04366701,374,1,3.666,14.218,1.76265E+12,1.76265E+12,,,,,,,,,,,,,,,
y1_online_only,LEO_ONLY,24,0.1,400,2,122,ok,,0,1,48.71945802,374,1,3.699,14.241,1.76265E+12,1.76265E+12,,,,,,,,,,,,,,,
y1_online_only,LEO_ONLY,24,0.1,400,2,123,ok,,0,1,43.99579199,374,1,3.803,14.223,1.76265E+12,1.76265E+12,,,,,,,,,,,,,,,
y1_online_only,LEO_ONLY,24,0.1,400,2,124,ok,,0,1,44.94520801,374,1,3.726,14.325,1.76265E+12,1.76265E+12,,,,,,,,,,,,,,,
y1_online_only,LEO_ONLY,24,0.1,400,2,125,ok,,0,1,47.46645803,374,1,3.658,14.313,1.76265E+12,1.76265E+12,,,,,,,,,,,,,,,
y1_online_only,LEO_ONLY,24,0.1,400,2,126,ok,,0,1,43.48816699,374,1,3.491,13.621,1.76265E+12,1.76265E+12,,,,,,,,,,,,,,,
y1_online_only,LEO_ONLY,24,0.1,400,2,127,ok,,0,1,47.566875,374,1,3.762,13.914,1.76265E+12,1.76265E+12,,,,,,,,,,,,,,,
y1_online_only,LEO_ONLY,24,0.1,400,2,128,ok,,0,1,47.51458298,374,1,3.863,14.133,1.76265E+12,1.76265E+12,,,,,,,,,,,,,,,
y1_online_only,LEO_ONLY,24,0.1,400,2,129,ok,,0,1,50.65341698,374,1,3.726,14.344,1.76265E+12,1.76265E+12,,,,,,,,,,,,,,,
y1_online_only,LEO_ONLY,24,0.1,400,2,130,ok,,0,1,51.59679201,374,1,3.722,13.963,1.76265E+12,1.76265E+12,,,,,,,,,,,,,,,
y1_online_only,LEO_ONLY,24,0.1,400,2,131,ok,,0,1,46.951083,374,1,3.683,14.375,1.76265E+12,1.76265E+12,,,,,,,,,,,,,,,
y1_online_only,LEO_ONLY,24,0.1,400,2,132,ok,,0,1,47.279708,374,1,3.798,14.215,1.76265E+12,1.76265E+12,,,,,,,,,,,,,,,
y1_online_only,LEO_ONLY,24,0.1,400,2,133,ok,,0,1,46.39,374,1,3.832,14.266,1.76265E+12,1.76265E+12,,,,,,,,,,,,,,,
y1_online_only,LEO_ONLY,24,0.1,400,2,134,ok,,0,1,49.52004101,374,1,3.655,14.127,1.76265E+12,1.76265E+12,,,,,,,,,,,,,,,
y1_online_only,LEO_ONLY,24,0.1,400,2,135,ok,,0,1,50.25166701,374,1,4.02,14.63,1.76265E+12,1.76265E+12,,,,,,,,,,,,,,,
y1_online_only,LEO_ONLY,24,0.1,400,2,136,ok,,0,1,43.690041,374,1,3.724,13.777,1.76265E+12,1.76265E+12,,,,,,,,,,,,,,,
y1_online_only,LEO_ONLY,24,0.1,400,2,137,ok,,0,1,44.42958301,374,1,3.713,14.113,1.76265E+12,1.76265E+12,,,,,,,,,,,,,,,
y1_online_only,LEO_ONLY,24,0.1,400,2,138,ok,,0,1,41.45520899,374,1,3.687,14.137,1.76265E+12,1.76265E+12,,,,,,,,,,,,,,,
y1_online_only,LEO_ONLY,24,0.1,400,2,139,ok,,0,1,44.516083,374,1,3.768,13.98,1.76265E+12,1.76265E+12,,,,,,,,,,,,,,,
y1_online_only,LEO_ONLY,24,0.1,400,2,140,ok,,0,1,48.80024999,374,1,3.859,13.999,1.76265E+12,1.76265E+12,,,,,,,,,,,,,,,
y1_online_only,LEO_ONLY,24,0.1,400,2,141,ok,,0,1,54.28091701,374,1,3.973,14.604,1.76265E+12,1.76265E+12,,,,,,,,,,,,,,,
y1_online_only,LEO_ONLY,24,0.1,400,2,142,ok,,0,1,42.08579101,373,1,3.646,13.677,1.76265E+12,1.76265E+12,,,,,,,,,,,,,,,
y1_online_only,LEO_ONLY,24,0.1,400,2,143,ok,,0,1,50.00945801,374,1,3.58,14.203,1.76265E+12,1.76265E+12,,,,,,,,,,,,,,,
y1_online_only,LEO_ONLY,24,0.1,400,2,144,ok,,0,1,48.51979099,374,1,3.631,14.315,1.76265E+12,1.76265E+12,,,,,,,,,,,,,,,
y1_online_only,LEO_ONLY,24,0.1,400,2,145,ok,,0,1,49.626333,374,1,3.747,13.721,1.76265E+12,1.76265E+12,,,,,,,,,,,,,,,
y1_online_only,LEO_ONLY,24,0.1,400,2,146,ok,,0,1,47.76516699,374,1,3.722,13.703,1.76265E+12,1.76265E+12,,,,,,,,,,,,,,,
y1_online_only,LEO_ONLY,24,0.1,400,2,147,ok,,0,1,45.137209,374,1,3.739,14.113,1.76265E+12,1.76265E+12,,,,,,,,,,,,,,,
y1_online_only,LEO_ONLY,24,0.1,400,2,148,ok,,0,1,45.23870902,374,1,3.695,13.933,1.76265E+12,1.76265E+12,,,,,,,,,,,,,,,
y1_online_only,LEO_ONLY,24,0.1,400,2,149,ok,,0,1,46.500083,374,1,3.752,14.36,1.76265E+12,1.76265E+12,,,,,,,,,,,,,,,
y1_online_only,LEO_ONLY,24,0.1,400,2,150,ok,,0,1,50.92758301,374,1,3.678,14.164,1.76265E+12,1.76265E+12,,,,,,,,,,,,,,,
y1_online_only,LEO_ONLY,24,0.1,400,2,151,ok,,0,1,52.14916699,374,1,3.822,14.399,1.76265E+12,1.76265E+12,,,,,,,,,,,,,,,
y1_online_only,LEO_ONLY,24,0.1,400,2,152,ok,,0,1,49.90295801,374,1,3.676,14.46,1.76265E+12,1.76265E+12,,,,,,,,,,,,,,,
y1_online_only,LEO_ONLY,24,0.1,400,2,153,ok,,0,1,45.533625,374,1,3.78,14.201,1.76265E+12,1.76265E+12,,,,,,,,,,,,,,,
y1_online_only,LEO_ONLY,24,0.1,400,2,154,ok,,0,1,45.858542,374,1,3.466,13.655,1.76265E+12,1.76265E+12,,,,,,,,,,,,,,,
y1_online_only,LEO_ONLY,24,0.1,400,2,155,ok,,0,1,44.86374999,374,1,3.68,14.013,1.76265E+12,1.76265E+12,,,,,,,,,,,,,,,
y1_online_only,LEO_ONLY,24,0.1,400,2,156,ok,,0,1,42.42862502,374,1,3.805,14.082,1.76265E+12,1.76265E+12,,,,,,,,,,,,,,,
y1_online_only,LEO_ONLY,24,0.1,400,2,157,ok,,0,1,44.08675001,374,1,3.796,14.115,1.76265E+12,1.76265E+12,,,,,,,,,,,,,,,
y1_online_only,LEO_ONLY,24,0.1,400,2,158,ok,,0,1,44.183541,373,1,3.809,14.173,1.76265E+12,1.76265E+12,,,,,,,,,,,,,,,
y1_online_only,LEO_ONLY,24,0.1,400,2,159,ok,,0,1,53.84083299,374,1,3.836,14.653,1.76265E+12,1.76265E+12,,,,,,,,,,,,,,,
y1_online_only,LEO_ONLY,24,0.1,400,2,160,ok,,0,1,42.689208,374,1,3.698,13.985,1.76265E+12,1.76265E+12,,,,,,,,,,,,,,,
y1_online_only,LEO_ONLY,24,0.1,400,2,161,ok,,0,1,49.34175001,374,1,3.492,13.959,1.76265E+12,1.76265E+12,,,,,,,,,,,,,,,
y1_online_only,LEO_ONLY,24,0.1,400,2,162,ok,,0,1,45.209167,374,1,3.748,13.925,1.76265E+12,1.76265E+12,,,,,,,,,,,,,,,
y1_online_only,LEO_ONLY,24,0.1,400,2,163,ok,,0,1,45.57408299,374,1,3.709,14.404,1.76265E+12,1.76265E+12,,,,,,,,,,,,,,,
y1_online_only,LEO_ONLY,24,0.1,400,2,164,ok,,0,1,48.48270898,374,1,3.904,14.5,1.76265E+12,1.76265E+12,,,,,,,,,,,,,,,
y1_online_only,LEO_ONLY,24,0.1,400,2,165,ok,,0,1,48.87837498,374,1,3.642,14.526,1.76265E+12,1.76265E+12,,,,,,,,,,,,,,,
y1_online_only,LEO_ONLY,24,0.1,400,2,166,ok,,0,1,43.57820901,374,1,3.659,14.102,1.76265E+12,1.76265E+12,,,,,,,,,,,,,,,
y1_online_only,LEO_ONLY,24,0.1,400,2,167,ok,,0,1,51.63804101,374,1,3.772,14.505,1.76265E+12,1.76265E+12,,,,,,,,,,,,,,,
y1_online_only,LEO_ONLY,24,0.1,400,2,168,ok,,0,1,47.976417,374,1,3.878,14.225,1.76265E+12,1.76265E+12,,,,,,,,,,,,,,,
y1_online_only,LEO_ONLY,24,0.1,400,2,169,ok,,0,1,50.19970902,374,1,3.864,14.276,1.76265E+12,1.76265E+12,,,,,,,,,,,,,,,
y1_online_only,LEO_ONLY,24,0.1,400,2,170,ok,,0,1,49.69070799,374,1,3.663,13.51,1.76265E+12,1.76265E+12,,,,,,,,,,,,,,,
y1_online_only,LEO_ONLY,24,0.1,400,2,171,ok,,0,1,47.150917,374,1,3.613,13.899,1.76265E+12,1.76265E+12,,,,,,,,,,,,,,,
y1_online_only,LEO_ONLY,24,0.1,400,2,172,ok,,0,1,45.590792,374,1,3.554,13.606,1.76265E+12,1.76265E+12,,,,,,,,,,,,,,,
y1_online_only,LEO_ONLY,24,0.1,400,2,173,ok,,0,1,45.496167,374,1,3.874,14.385,1.76265E+12,1.76265E+12,,,,,,,,,,,,,,,
y1_online_only,LEO_ONLY,24,0.1,400,2,174,ok,,0,1,43.61616698,374,1,3.884,13.9,1.76265E+12,1.76265E+12,,,,,,,,,,,,,,,
y1_online_only,LEO_ONLY,24,0.1,400,2,175,ok,,0,1,51.121375,374,1,3.827,14.385,1.76265E+12,1.76265E+12,,,,,,,,,,,,,,,
y1_online_only,LEO_ONLY,24,0.1,400,2,176,ok,,0,1,47.822875,374,1,3.709,14.441,1.76265E+12,1.76265E+12,,,,,,,,,,,,,,,
y1_online_only,LEO_ONLY,24,0.1,400,2,177,ok,,0,1,46.36162502,374,1,3.86,14.891,1.76265E+12,1.76265E+12,,,,,,,,,,,,,,,
y1_online_only,LEO_ONLY,24,0.1,400,2,178,ok,,0,1,52.91612502,374,1,3.502,13.53,1.76265E+12,1.76265E+12,,,,,,,,,,,,,,,
y1_online_only,LEO_ONLY,24,0.1,400,2,179,ok,,0,1,45.99916699,374,1,5.842,14.164,1.76265E+12,1.76265E+12,,,,,,,,,,,,,,,
y1_online_only,LEO_ONLY,24,0.1,400,2,180,ok,,0,1,52.32591601,374,1,3.607,13.864,1.76265E+12,1.76265E+12,,,,,,,,,,,,,,,
y1_online_only,LEO_ONLY,24,0.1,400,2,181,ok,,0,1,44.806583,374,1,3.695,14.426,1.76265E+12,1.76265E+12,,,,,,,,,,,,,,,
y1_online_only,LEO_ONLY,24,0.1,400,2,182,ok,,0,1,52.119417,374,1,3.807,14.318,1.76265E+12,1.76265E+12,,,,,,,,,,,,,,,
y1_online_only,LEO_ONLY,24,0.1,400,2,183,ok,,0,1,46.519333,374,1,3.569,13.973,1.76265E+12,1.76265E+12,,,,,,,,,,,,,,,
y1_online_only,LEO_ONLY,24,0.1,400,2,184,ok,,0,1,52.92491702,374,1,3.667,14.455,1.76265E+12,1.76265E+12,,,,,,,,,,,,,,,
y1_online_only,LEO_ONLY,24,0.1,400,2,185,ok,,0,1,44.71749999,374,1,3.771,14.13,1.76265E+12,1.76265E+12,,,,,,,,,,,,,,,
y1_online_only,LEO_ONLY,24,0.1,400,2,186,ok,,0,1,46.81687502,374,1,3.726,13.89,1.76265E+12,1.76265E+12,,,,,,,,,,,,,,,
y1_online_only,LEO_ONLY,24,0.1,400,2,187,ok,,0,1,49.336625,374,1,3.632,14.269,1.76265E+12,1.76265E+12,,,,,,,,,,,,,,,
y1_online_only,LEO_ONLY,24,0.1,400,2,188,ok,,0,1,52.06816702,374,1,3.776,14.3,1.76265E+12,1.76265E+12,,,,,,,,,,,,,,,
y1_online_only,LEO_ONLY,24,0.1,400,2,189,ok,,0,1,46.20183399,374,1,3.491,13.871,1.76265E+12,1.76265E+12,,,,,,,,,,,,,,,
y1_online_only,LEO_ONLY,24,0.1,400,2,190,ok,,0,1,44.58691701,374,1,3.843,14.229,1.76265E+12,1.76265E+12,,,,,,,,,,,,,,,
y1_online_only,LEO_ONLY,24,0.1,400,2,191,ok,,0,1,50.876792,374,1,3.706,14.322,1.76265E+12,1.76265E+12,,,,,,,,,,,,,,,
y1_online_only,LEO_ONLY,24,0.1,400,2,192,ok,,0,1,51.55333399,374,1,3.761,14.208,1.76265E+12,1.76265E+12,,,,,,,,,,,,,,,
y1_online_only,LEO_ONLY,24,0.1,400,2,193,ok,,0,1,49.562167,374,1,3.772,14.191,1.76265E+12,1.76265E+12,,,,,,,,,,,,,,,
y1_online_only,LEO_ONLY,24,0.1,400,2,194,ok,,0,1,48.813125,374,1,3.675,14.075,1.76265E+12,1.76265E+12,,,,,,,,,,,,,,,
y1_online_only,LEO_ONLY,24,0.1,400,2,195,ok,,0,1,49.855458,374,1,3.721,13.944,1.76265E+12,1.76265E+12,,,,,,,,,,,,,,,
y1_online_only,LEO_ONLY,24,0.1,400,2,196,ok,,0,1,48.27287598,374,1,3.749,13.866,1.76265E+12,1.76265E+12,,,,,,,,,,,,,,,
y1_online_only,LEO_ONLY,24,0.1,400,2,197,ok,,0,1,47.455458,374,1,3.625,13.971,1.76265E+12,1.76265E+12,,,,,,,,,,,,,,,
y1_online_only,LEO_ONLY,24,0.1,400,2,198,ok,,0,1,47.769,374,1,3.599,13.745,1.76265E+12,1.76265E+12,,,,,,,,,,,,,,,
y1_online_only,LEO_ONLY,24,0.1,400,2,199,ok,,0,1,56.38304199,374,1,3.864,14.453,1.76265E+12,1.76265E+12,,,,,,,,,,,,,,,
y1_online_only,LEO_ONLY,24,0.1,400,2,200,ok,,0,1,47.13266701,374,1,3.729,14.21,1.76265E+12,1.76265E+12,,,,,,,,,,,,,,,
y1_online_only,LEO_ONLY,24,0.1,400,2,201,ok,,0,1,49.70479099,374,1,3.788,14.308,1.76265E+12,1.76265E+12,,,,,,,,,,,,,,,
y1_online_only,LEO_ONLY,24,0.1,400,2,202,ok,,0,1,51.73133302,374,1,3.791,13.945,1.76265E+12,1.76265E+12,,,,,,,,,,,,,,,
y1_online_only,LEO_ONLY,24,0.1,400,2,203,ok,,0,1,51.951417,374,1,3.779,14.708,1.76265E+12,1.76265E+12,,,,,,,,,,,,,,,
y1_online_only,LEO_ONLY,24,0.1,400,2,204,ok,,0,1,41.402,374,1,3.643,13.864,1.76265E+12,1.76265E+12,,,,,,,,,,,,,,,
y1_online_only,LEO_ONLY,24,0.1,400,2,205,ok,,0,1,42.9155,374,1,3.597,13.698,1.76265E+12,1.76265E+12,,,,,,,,,,,,,,,
y1_online_only,LEO_ONLY,24,0.1,400,2,206,ok,,0,1,47.856458,374,1,3.592,13.89,1.76265E+12,1.76265E+12,,,,,,,,,,,,,,,
y1_online_only,LEO_ONLY,24,0.1,400,2,207,ok,,0,1,52.24175,374,1,3.787,14.209,1.76265E+12,1.76265E+12,,,,,,,,,,,,,,,
y1_online_only,LEO_ONLY,24,0.1,400,2,208,ok,,0,1,50.580001,374,1,3.758,14.273,1.76265E+12,1.76265E+12,,,,,,,,,,,,,,,
y1_online_only,LEO_ONLY,24,0.1,400,2,209,ok,,0,1,44.33500001,374,1,3.494,13.967,1.76265E+12,1.76265E+12,,,,,,,,,,,,,,,
y1_online_only,LEO_ONLY,24,0.1,400,2,210,ok,,0,1,50.71374998,374,1,3.579,14.171,1.76265E+12,1.76265E+12,,,,,,,,,,,,,,,
y1_online_only,LEO_ONLY,24,0.1,400,2,211,ok,,0,1,43.89983299,374,1,3.747,14.451,1.76265E+12,1.76265E+12,,,,,,,,,,,,,,,
y1_online_only,LEO_ONLY,24,0.1,400,2,212,ok,,0,1,49.151541,374,1,3.714,14.034,1.76265E+12,1.76265E+12,,,,,,,,,,,,,,,
y1_online_only,LEO_ONLY,24,0.1,400,2,213,ok,,0,1,50.12554201,374,1,3.752,14.143,1.76265E+12,1.76265E+12,,,,,,,,,,,,,,,
y1_online_only,LEO_ONLY,24,0.1,400,2,214,ok,,0,1,46.90245801,374,1,3.608,13.541,1.76265E+12,1.76265E+12,,,,,,,,,,,,,,,
y1_online_only,LEO_ONLY,24,0.1,400,2,215,ok,,0,1,49.96058301,374,1,3.815,14.322,1.76265E+12,1.76265E+12,,,,,,,,,,,,,,,
y1_online_only,LEO_ONLY,24,0.1,400,2,216,ok,,0,1,52.974208,374,1,3.616,14.103,1.76265E+12,1.76265E+12,,,,,,,,,,,,,,,
y1_online_only,LEO_ONLY,24,0.1,400,2,217,ok,,0,1,43.546417,374,1,3.615,14.223,1.76265E+12,1.76265E+12,,,,,,,,,,,,,,,
y1_online_only,LEO_ONLY,24,0.1,400,2,218,ok,,0,1,45.79616699,374,1,3.853,14.058,1.76265E+12,1.76265E+12,,,,,,,,,,,,,,,
y1_online_only,LEO_ONLY,24,0.1,400,2,219,ok,,0,1,46.23166702,374,1,3.595,13.958,1.76265E+12,1.76265E+12,,,,,,,,,,,,,,,
y1_online_only,LEO_ONLY,24,0.1,400,2,220,ok,,0,1,47.57429202,374,1,3.71,13.925,1.76265E+12,1.76265E+12,,,,,,,,,,,,,,,
y1_online_only,LEO_ONLY,24,0.1,400,2,221,ok,,0,1,46.5925,374,1,3.803,14.317,1.76265E+12,1.76265E+12,,,,,,,,,,,,,,,
y1_online_only,LEO_ONLY,24,0.1,400,2,222,ok,,0,1,44.77808299,374,1,3.626,13.613,1.76265E+12,1.76265E+12,,,,,,,,,,,,,,,
y1_online_only,LEO_ONLY,24,0.1,400,2,223,ok,,0,1,52.20904099,374,1,3.619,13.91,1.76265E+12,1.76265E+12,,,,,,,,,,,,,,,
y1_online_only,LEO_ONLY,24,0.1,400,2,224,ok,,0,1,49.32799999,374,1,3.736,14.213,1.76265E+12,1.76265E+12,,,,,,,,,,,,,,,
y1_online_only,LEO_ONLY,24,0.1,400,2,225,ok,,0,1,47.05954102,374,1,3.688,14.176,1.76265E+12,1.76265E+12,,,,,,,,,,,,,,,
y1_online_only,LEO_ONLY,24,0.1,400,2,226,ok,,0,1,43.62516699,374,1,3.801,14.202,1.76265E+12,1.76265E+12,,,,,,,,,,,,,,,
y1_online_only,LEO_ONLY,24,0.1,400,2,227,ok,,0,1,43.90995801,374,1,3.764,13.851,1.76265E+12,1.76265E+12,,,,,,,,,,,,,,,
y1_online_only,LEO_ONLY,24,0.1,400,2,228,ok,,0,1,50.62866598,374,1,3.632,14.076,1.76265E+12,1.76265E+12,,,,,,,,,,,,,,,
y1_online_only,LEO_ONLY,24,0.1,400,2,229,ok,,0,1,43.871,374,1,3.625,13.785,1.76265E+12,1.76265E+12,,,,,,,,,,,,,,,
y1_online_only,LEO_ONLY,24,0.1,400,2,230,ok,,0,1,43.82879101,374,1,3.87,14.323,1.76265E+12,1.76265E+12,,,,,,,,,,,,,,,
y1_online_only,LEO_ONLY,24,0.1,400,2,231,ok,,0,1,51.541166,374,1,3.68,14.062,1.76265E+12,1.76265E+12,,,,,,,,,,,,,,,
y1_online_only,LEO_ONLY,24,0.1,400,2,232,ok,,0,1,50.12616699,374,1,3.833,14.193,1.76265E+12,1.76265E+12,,,,,,,,,,,,,,,
y1_online_only,LEO_ONLY,24,0.1,400,2,233,ok,,0,1,45.13470802,374,1,3.852,14.546,1.76265E+12,1.76265E+12,,,,,,,,,,,,,,,
y1_online_only,LEO_ONLY,24,0.1,400,2,234,ok,,0,1,49.340375,374,1,3.894,14.371,1.76265E+12,1.76265E+12,,,,,,,,,,,,,,,
y1_online_only,LEO_ONLY,24,0.1,400,2,235,ok,,0,1,45.96054202,374,1,3.84,14.515,1.76265E+12,1.76265E+12,,,,,,,,,,,,,,,
y1_online_only,LEO_ONLY,24,0.1,400,2,236,ok,,0,1,50.16874999,374,1,3.773,14.431,1.76265E+12,1.76265E+12,,,,,,,,,,,,,,,
y1_online_only,LEO_ONLY,24,0.1,400,2,237,ok,,0,1,52.34879101,374,1,3.719,14.144,1.76265E+12,1.76265E+12,,,,,,,,,,,,,,,
y1_online_only,LEO_ONLY,24,0.1,400,2,238,ok,,0,1,50.738833,374,1,3.941,14.629,1.76265E+12,1.76265E+12,,,,,,,,,,,,,,,
y1_online_only,LEO_ONLY,24,0.1,400,2,239,ok,,0,1,48.030709,374,1,3.746,14.029,1.76265E+12,1.76265E+12,,,,,,,,,,,,,,,
y1_online_only,LEO_ONLY,24,0.1,400,2,240,ok,,0,1,44.87362498,374,1,3.626,14.055,1.76265E+12,1.76265E+12,,,,,,,,,,,,,,,
y1_online_only,LEO_ONLY,24,0.1,400,2,241,ok,,0,1,42.73445799,374,1,3.81,14.355,1.76265E+12,1.76265E+12,,,,,,,,,,,,,,,
y1_online_only,LEO_ONLY,24,0.1,400,2,242,ok,,0,1,50.77391601,374,1,3.678,14.47,1.76265E+12,1.76265E+12,,,,,,,,,,,,,,,
y1_online_only,LEO_ONLY,24,0.1,400,2,243,ok,,0,1,49.53383401,374,1,3.736,14.131,1.76265E+12,1.76265E+12,,,,,,,,,,,,,,,
y1_online_only,LEO_ONLY,24,0.1,400,2,244,ok,,0,1,50.17162499,374,1,3.723,14.239,1.76265E+12,1.76265E+12,,,,,,,,,,,,,,,
y1_online_only,LEO_ONLY,24,0.1,400,2,245,ok,,0,1,47.51779101,374,1,3.855,14.31,1.76265E+12,1.76265E+12,,,,,,,,,,,,,,,
y1_online_only,LEO_ONLY,24,0.1,400,2,246,ok,,0,1,43.42312602,374,1,3.752,14.243,1.76265E+12,1.76265E+12,,,,,,,,,,,,,,,
y1_online_only,LEO_ONLY,24,0.1,400,2,247,ok,,0,1,47.74049998,374,1,3.831,16.088,1.76265E+12,1.76265E+12,,,,,,,,,,,,,,,
y1_online_only,LEO_ONLY,24,0.1,400,2,248,ok,,0,1,47.73812499,374,1,3.487,13.561,1.76265E+12,1.76265E+12,,,,,,,,,,,,,,,
y1_online_only,LEO_ONLY,24,0.1,400,2,249,ok,,0,1,51.83091701,374,1,3.718,14.029,1.76265E+12,1.76265E+12,,,,,,,,,,,,,,,
y1_online_only,LEO_ONLY,24,0.1,400,2,250,ok,,0,1,47.93929198,374,1,3.695,14.074,1.76265E+12,1.76265E+12,,,,,,,,,,,,,,,
y1_online_only,LEO_ONLY,24,0.1,400,2,251,ok,,0,1,49.555292,374,1,3.807,13.708,1.76265E+12,1.76265E+12,,,,,,,,,,,,,,,
y1_online_only,LEO_ONLY,24,0.1,400,2,252,ok,,0,1,46.42954198,374,1,3.717,13.821,1.76265E+12,1.76265E+12,,,,,,,,,,,,,,,
y1_online_only,LEO_ONLY,24,0.1,400,2,253,ok,,0,1,50.75575001,374,1,3.763,13.69,1.76265E+12,1.76265E+12,,,,,,,,,,,,,,,
y1_online_only,LEO_ONLY,24,0.1,400,2,254,ok,,0,1,49.749375,374,1,3.787,14.429,1.76265E+12,1.76265E+12,,,,,,,,,,,,,,,
y1_online_only,LEO_ONLY,24,0.1,400,2,255,ok,,0,1,51.85729099,374,1,3.787,14.482,1.76265E+12,1.76265E+12,,,,,,,,,,,,,,,
y1_online_only,LEO_ONLY,24,0.1,400,2,256,ok,,0,1,50.63104202,374,1,3.868,13.857,1.76265E+12,1.76265E+12,,,,,,,,,,,,,,,
y1_online_only,LEO_ONLY,24,0.1,400,2,257,ok,,0,1,46.13145799,374,1,3.672,13.926,1.76265E+12,1.76265E+12,,,,,,,,,,,,,,,
y1_online_only,LEO_ONLY,24,0.1,400,2,258,ok,,0,1,48.16258399,374,1,3.802,13.983,1.76265E+12,1.76265E+12,,,,,,,,,,,,,,,
y1_online_only,LEO_ONLY,24,0.1,400,2,259,ok,,0,1,44.32462502,374,1,3.749,14.704,1.76265E+12,1.76265E+12,,,,,,,,,,,,,,,
y1_online_only,LEO_ONLY,24,0.1,400,2,260,ok,,0,1,50.059042,374,1,3.758,13.811,1.76265E+12,1.76265E+12,,,,,,,,,,,,,,,
y1_online_only,LEO_ONLY,24,0.1,400,2,261,ok,,0,1,52.82008299,374,1,3.831,14.014,1.76265E+12,1.76265E+12,,,,,,,,,,,,,,,
y1_online_only,LEO_ONLY,24,0.1,400,2,262,ok,,0,1,47.29850002,374,1,3.579,13.772,1.76265E+12,1.76265E+12,,,,,,,,,,,,,,,
y1_online_only,LEO_ONLY,24,0.1,400,2,263,ok,,0,1,54.36875002,374,1,3.911,14.604,1.76265E+12,1.76265E+12,,,,,,,,,,,,,,,
y1_online_only,LEO_ONLY,24,0.1,400,2,264,ok,,0,1,50.58499999,374,1,3.867,14.718,1.76265E+12,1.76265E+12,,,,,,,,,,,,,,,
y1_online_only,LEO_ONLY,24,0.1,400,2,265,ok,,0,1,49.25191699,374,1,3.735,14.705,1.76265E+12,1.76265E+12,,,,,,,,,,,,,,,
y1_online_only,LEO_ONLY,24,0.1,400,2,266,ok,,0,1,46.771458,374,1,3.647,14.059,1.76265E+12,1.76265E+12,,,,,,,,,,,,,,,
y1_online_only,LEO_ONLY,24,0.1,400,2,267,ok,,0,1,53.686417,374,1,3.837,14.844,1.76265E+12,1.76265E+12,,,,,,,,,,,,,,,
y1_online_only,LEO_ONLY,24,0.1,400,2,268,ok,,0,1,49.23183398,374,1,3.841,14.506,1.76265E+12,1.76265E+12,,,,,,,,,,,,,,,
y1_online_only,LEO_ONLY,24,0.1,400,2,269,ok,,0,1,51.58875001,374,1,3.766,14.403,1.76265E+12,1.76265E+12,,,,,,,,,,,,,,,
y1_online_only,LEO_ONLY,24,0.1,400,2,270,ok,,0,1,46.455125,374,1,3.857,14.498,1.76265E+12,1.76265E+12,,,,,,,,,,,,,,,
y1_online_only,LEO_ONLY,24,0.1,400,2,271,ok,,0,1,43.50229198,374,1,3.76,14.186,1.76265E+12,1.76265E+12,,,,,,,,,,,,,,,
y1_online_only,LEO_ONLY,24,0.1,400,2,272,ok,,0,1,48.60645902,374,1,3.76,14.409,1.76265E+12,1.76265E+12,,,,,,,,,,,,,,,
y1_online_only,LEO_ONLY,24,0.1,400,2,273,ok,,0,1,44.98625,374,1,3.807,14.236,1.76265E+12,1.76265E+12,,,,,,,,,,,,,,,
y1_online_only,LEO_ONLY,24,0.1,400,2,274,ok,,0,1,50.51820801,374,1,3.712,14.142,1.76265E+12,1.76265E+12,,,,,,,,,,,,,,,
y1_online_only,LEO_ONLY,24,0.1,400,2,275,ok,,0,1,51.74495801,374,1,3.754,15.029,1.76265E+12,1.76265E+12,,,,,,,,,,,,,,,
y1_online_only,LEO_ONLY,24,0.1,400,2,276,ok,,0,1,46.76883298,374,1,3.779,14.035,1.76265E+12,1.76265E+12,,,,,,,,,,,,,,,
y1_online_only,LEO_ONLY,24,0.1,400,2,277,ok,,0,1,50.54041598,374,1,3.79,14.191,1.76265E+12,1.76265E+12,,,,,,,,,,,,,,,
y1_online_only,LEO_ONLY,24,0.1,400,2,278,ok,,0,1,46.974625,374,1,3.68,14.18,1.76265E+12,1.76265E+12,,,,,,,,,,,,,,,
y1_online_only,LEO_ONLY,24,0.1,400,2,279,ok,,0,1,49.512083,374,1,3.87,13.82,1.76265E+12,1.76265E+12,,,,,,,,,,,,,,,
y1_online_only,LEO_ONLY,24,0.1,400,2,280,ok,,0,1,49.39179099,374,1,3.816,14.025,1.76265E+12,1.76265E+12,,,,,,,,,,,,,,,
y1_online_only,LEO_ONLY,24,0.1,400,2,281,ok,,0,1,45.62237498,374,1,3.659,13.971,1.76265E+12,1.76265E+12,,,,,,,,,,,,,,,
y1_online_only,LEO_ONLY,24,0.1,400,2,282,ok,,0,1,54.30208298,374,1,3.446,13.725,1.76265E+12,1.76265E+12,,,,,,,,,,,,,,,
y1_online_only,LEO_ONLY,24,0.1,400,2,283,ok,,0,1,46.17324998,374,1,3.645,14.311,1.76265E+12,1.76265E+12,,,,,,,,,,,,,,,
y1_online_only,LEO_ONLY,24,0.1,400,2,284,ok,,0,1,51.80795901,374,1,3.756,14.503,1.76265E+12,1.76265E+12,,,,,,,,,,,,,,,
y1_online_only,LEO_ONLY,24,0.1,400,2,285,ok,,0,1,42.654541,374,1,3.705,14.025,1.76265E+12,1.76265E+12,,,,,,,,,,,,,,,
y1_online_only,LEO_ONLY,24,0.1,400,2,286,ok,,0,1,43.653959,374,1,3.704,14.041,1.76265E+12,1.76265E+12,,,,,,,,,,,,,,,
y1_online_only,LEO_ONLY,24,0.1,400,2,287,ok,,0,1,49.859458,374,1,3.688,14.28,1.76265E+12,1.76265E+12,,,,,,,,,,,,,,,
y1_online_only,LEO_ONLY,24,0.1,400,2,288,ok,,0,1,51.110459,374,1,3.779,14.186,1.76265E+12,1.76265E+12,,,,,,,,,,,,,,,
y1_online_only,LEO_ONLY,24,0.1,400,2,289,ok,,0,1,53.242291,374,1,3.724,14.212,1.76265E+12,1.76265E+12,,,,,,,,,,,,,,,
y1_online_only,LEO_ONLY,24,0.1,400,2,290,ok,,0,1,50.153041,374,1,3.777,14.709,1.76265E+12,1.76265E+12,,,,,,,,,,,,,,,
y1_online_only,LEO_ONLY,24,0.1,400,2,291,ok,,0,1,48.43766699,373,1,3.552,14.202,1.76265E+12,1.76265E+12,,,,,,,,,,,,,,,
y1_online_only,LEO_ONLY,24,0.1,400,2,292,ok,,0,1,50.940958,374,1,3.626,13.927,1.76265E+12,1.76265E+12,,,,,,,,,,,,,,,
y1_online_only,LEO_ONLY,24,0.1,400,2,293,ok,,0,1,48.9695,374,1,3.889,14.769,1.76265E+12,1.76265E+12,,,,,,,,,,,,,,,
y1_online_only,LEO_ONLY,24,0.1,400,2,294,ok,,0,1,50.85250002,374,1,3.705,14.293,1.76265E+12,1.76265E+12,,,,,,,,,,,,,,,
y1_online_only,LEO_ONLY,24,0.1,400,2,295,ok,,0,1,48.892833,374,1,3.743,13.95,1.76265E+12,1.76265E+12,,,,,,,,,,,,,,,
y1_online_only,LEO_ONLY,24,0.1,400,2,296,ok,,0,1,50.612708,374,1,3.746,13.8,1.76265E+12,1.76265E+12,,,,,,,,,,,,,,,
y1_online_only,LEO_ONLY,24,0.1,400,2,297,ok,,0,1,48.45520901,374,1,3.757,13.916,1.76265E+12,1.76265E+12,,,,,,,,,,,,,,,
y1_online_only,LEO_ONLY,24,0.1,400,2,298,ok,,0,1,52.08279201,374,1,3.671,14.183,1.76265E+12,1.76265E+12,,,,,,,,,,,,,,,
y1_online_only,LEO_ONLY,24,0.1,400,2,299,ok,,0,1,49.748208,374,1,3.753,14.48,1.76265E+12,1.76265E+12,,,,,,,,,,,,,,,
y1_online_only,LEO_ONLY,24,0.1,400,2,300,ok,,0,1,48.73804198,374,1,3.649,13.836,1.76265E+12,1.76265E+12,,,,,,,,,,,,,,,
y1_online_only,LEO_ONLY,24,0.1,600,2,1,ok,,0,1,45.22995802,374,1,3.705,14.548,1.76265E+12,1.76265E+12,,,,,,,,,,,,,,,
y1_online_only,LEO_ONLY,24,0.1,600,2,2,ok,,0,1,46.300958,374,1,3.78,14.01,1.76265E+12,1.76265E+12,,,,,,,,,,,,,,,
y1_online_only,LEO_ONLY,24,0.1,600,2,3,ok,,0,1,47.88058301,374,1,3.815,14.191,1.76265E+12,1.76265E+12,,,,,,,,,,,,,,,
y1_online_only,LEO_ONLY,24,0.1,600,2,4,ok,,0,1,48.713792,374,1,3.837,14.188,1.76265E+12,1.76265E+12,,,,,,,,,,,,,,,
y1_online_only,LEO_ONLY,24,0.1,600,2,5,ok,,0,1,44.55129101,374,1,3.688,14.041,1.76265E+12,1.76265E+12,,,,,,,,,,,,,,,
y1_online_only,LEO_ONLY,24,0.1,600,2,6,ok,,0,1,52.70895798,374,1,3.683,14.252,1.76265E+12,1.76265E+12,,,,,,,,,,,,,,,
y1_online_only,LEO_ONLY,24,0.1,600,2,7,ok,,0,1,48.60445901,374,1,3.596,13.954,1.76265E+12,1.76265E+12,,,,,,,,,,,,,,,
y1_online_only,LEO_ONLY,24,0.1,600,2,8,ok,,0,1,52.58774999,374,1,3.715,13.923,1.76265E+12,1.76265E+12,,,,,,,,,,,,,,,
y1_online_only,LEO_ONLY,24,0.1,600,2,9,ok,,0,1,45.16804099,374,1,3.836,13.872,1.76265E+12,1.76265E+12,,,,,,,,,,,,,,,
y1_online_only,LEO_ONLY,24,0.1,600,2,10,ok,,0,1,47.43212502,374,1,3.652,14.327,1.76265E+12,1.76265E+12,,,,,,,,,,,,,,,
y1_online_only,LEO_ONLY,24,0.1,600,2,11,ok,,0,1,45.345541,374,1,3.63,14.333,1.76265E+12,1.76265E+12,,,,,,,,,,,,,,,
y1_online_only,LEO_ONLY,24,0.1,600,2,12,ok,,0,1,41.473708,374,1,3.634,14.142,1.76265E+12,1.76265E+12,,,,,,,,,,,,,,,
y1_online_only,LEO_ONLY,24,0.1,600,2,13,ok,,0,1,47.18687499,374,1,3.783,14.317,1.76265E+12,1.76265E+12,,,,,,,,,,,,,,,
y1_online_only,LEO_ONLY,24,0.1,600,2,14,ok,,0,1,48.34666598,374,1,3.845,14.26,1.76265E+12,1.76265E+12,,,,,,,,,,,,,,,
y1_online_only,LEO_ONLY,24,0.1,600,2,15,ok,,0,1,49.39979198,374,1,3.665,14.473,1.76265E+12,1.76265E+12,,,,,,,,,,,,,,,
y1_online_only,LEO_ONLY,24,0.1,600,2,16,ok,,0,1,45.72566701,374,1,3.701,13.559,1.76265E+12,1.76265E+12,,,,,,,,,,,,,,,
y1_online_only,LEO_ONLY,24,0.1,600,2,17,ok,,0,1,49.007125,374,1,3.574,13.534,1.76265E+12,1.76265E+12,,,,,,,,,,,,,,,
y1_online_only,LEO_ONLY,24,0.1,600,2,18,ok,,0,1,44.71095902,374,1,3.632,13.924,1.76265E+12,1.76265E+12,,,,,,,,,,,,,,,
y1_online_only,LEO_ONLY,24,0.1,600,2,19,ok,,0,1,51.63287502,374,1,3.664,13.934,1.76265E+12,1.76265E+12,,,,,,,,,,,,,,,
y1_online_only,LEO_ONLY,24,0.1,600,2,20,ok,,0,1,43.14645901,374,1,3.727,13.881,1.76265E+12,1.76265E+12,,,,,,,,,,,,,,,
y1_online_only,LEO_ONLY,24,0.1,600,2,21,ok,,0,1,42.43437501,374,1,3.696,14.655,1.76265E+12,1.76265E+12,,,,,,,,,,,,,,,
y1_online_only,LEO_ONLY,24,0.1,600,2,22,ok,,0,1,47.684833,374,1,3.751,14.245,1.76265E+12,1.76265E+12,,,,,,,,,,,,,,,
y1_online_only,LEO_ONLY,24,0.1,600,2,23,ok,,0,1,53.87620899,374,1,3.916,14.718,1.76265E+12,1.76265E+12,,,,,,,,,,,,,,,
y1_online_only,LEO_ONLY,24,0.1,600,2,24,ok,,0,1,45.51795902,374,1,3.599,13.816,1.76265E+12,1.76265E+12,,,,,,,,,,,,,,,
y1_online_only,LEO_ONLY,24,0.1,600,2,25,ok,,0,1,51.42241699,374,1,3.717,13.893,1.76265E+12,1.76265E+12,,,,,,,,,,,,,,,
y1_online_only,LEO_ONLY,24,0.1,600,2,26,ok,,0,1,43.76729202,374,1,3.7,13.833,1.76265E+12,1.76265E+12,,,,,,,,,,,,,,,
y1_online_only,LEO_ONLY,24,0.1,600,2,27,ok,,0,1,44.05624999,374,1,3.756,14.246,1.76265E+12,1.76265E+12,,,,,,,,,,,,,,,
y1_online_only,LEO_ONLY,24,0.1,600,2,28,ok,,0,1,51.06087498,374,1,3.782,14.455,1.76265E+12,1.76265E+12,,,,,,,,,,,,,,,
y1_online_only,LEO_ONLY,24,0.1,600,2,29,ok,,0,1,44.85316601,374,1,3.829,14.055,1.76265E+12,1.76265E+12,,,,,,,,,,,,,,,
y1_online_only,LEO_ONLY,24,0.1,600,2,30,ok,,0,1,45.847167,374,1,3.828,13.901,1.76265E+12,1.76265E+12,,,,,,,,,,,,,,,
y1_online_only,LEO_ONLY,24,0.1,600,2,31,ok,,0,1,52.63583301,374,1,3.676,14.205,1.76265E+12,1.76265E+12,,,,,,,,,,,,,,,
y1_online_only,LEO_ONLY,24,0.1,600,2,32,ok,,0,1,50.207792,374,1,3.744,14.364,1.76265E+12,1.76265E+12,,,,,,,,,,,,,,,
y1_online_only,LEO_ONLY,24,0.1,600,2,33,ok,,0,1,45.678125,374,1,3.868,14.482,1.76265E+12,1.76265E+12,,,,,,,,,,,,,,,
y1_online_only,LEO_ONLY,24,0.1,600,2,34,ok,,0,1,46.22433402,374,1,3.737,13.947,1.76265E+12,1.76265E+12,,,,,,,,,,,,,,,
y1_online_only,LEO_ONLY,24,0.1,600,2,35,ok,,0,1,43.675875,374,1,3.65,14.19,1.76265E+12,1.76265E+12,,,,,,,,,,,,,,,
y1_online_only,LEO_ONLY,24,0.1,600,2,36,ok,,0,1,45.121417,374,1,3.807,13.718,1.76265E+12,1.76265E+12,,,,,,,,,,,,,,,
y1_online_only,LEO_ONLY,24,0.1,600,2,37,ok,,0,1,49.24499997,374,1,3.814,14.63,1.76265E+12,1.76265E+12,,,,,,,,,,,,,,,
y1_online_only,LEO_ONLY,24,0.1,600,2,38,ok,,0,1,47.19929199,374,1,3.739,14.424,1.76265E+12,1.76265E+12,,,,,,,,,,,,,,,
y1_online_only,LEO_ONLY,24,0.1,600,2,39,ok,,0,1,49.62912502,374,1,3.789,14.13,1.76265E+12,1.76265E+12,,,,,,,,,,,,,,,
y1_online_only,LEO_ONLY,24,0.1,600,2,40,ok,,0,1,50.04949999,374,1,3.856,14.15,1.76265E+12,1.76265E+12,,,,,,,,,,,,,,,
y1_online_only,LEO_ONLY,24,0.1,600,2,41,ok,,0,1,49.814417,373,1,3.788,14.664,1.76265E+12,1.76265E+12,,,,,,,,,,,,,,,
y1_online_only,LEO_ONLY,24,0.1,600,2,42,ok,,0,1,48.452583,374,1,3.747,14.142,1.76265E+12,1.76265E+12,,,,,,,,,,,,,,,
y1_online_only,LEO_ONLY,24,0.1,600,2,43,ok,,0,1,45.40600002,374,1,3.826,14.546,1.76265E+12,1.76265E+12,,,,,,,,,,,,,,,
y1_online_only,LEO_ONLY,24,0.1,600,2,44,ok,,0,1,51.41079199,374,1,3.818,13.872,1.76265E+12,1.76265E+12,,,,,,,,,,,,,,,
y1_online_only,LEO_ONLY,24,0.1,600,2,45,ok,,0,1,45.228125,374,1,3.718,14.381,1.76265E+12,1.76265E+12,,,,,,,,,,,,,,,
y1_online_only,LEO_ONLY,24,0.1,600,2,46,ok,,0,1,47.299667,374,1,3.819,14.443,1.76265E+12,1.76265E+12,,,,,,,,,,,,,,,
y1_online_only,LEO_ONLY,24,0.1,600,2,47,ok,,0,1,46.81891698,374,1,3.872,14.398,1.76265E+12,1.76265E+12,,,,,,,,,,,,,,,
y1_online_only,LEO_ONLY,24,0.1,600,2,48,ok,,0,1,48.26395802,373,1,3.797,14.069,1.76265E+12,1.76265E+12,,,,,,,,,,,,,,,
y1_online_only,LEO_ONLY,24,0.1,600,2,49,ok,,0,1,52.156333,374,1,3.739,14.133,1.76265E+12,1.76265E+12,,,,,,,,,,,,,,,
y1_online_only,LEO_ONLY,24,0.1,600,2,50,ok,,0,1,48.05829198,374,1,4.072,15.131,1.76265E+12,1.76265E+12,,,,,,,,,,,,,,,
y1_online_only,LEO_ONLY,24,0.1,600,2,51,ok,,0,1,45.15483399,374,1,3.639,13.852,1.76265E+12,1.76265E+12,,,,,,,,,,,,,,,
y1_online_only,LEO_ONLY,24,0.1,600,2,52,ok,,0,1,45.27454198,374,1,3.691,14.362,1.76265E+12,1.76265E+12,,,,,,,,,,,,,,,
y1_online_only,LEO_ONLY,24,0.1,600,2,53,ok,,0,1,49.963417,374,1,3.714,14.272,1.76265E+12,1.76265E+12,,,,,,,,,,,,,,,
y1_online_only,LEO_ONLY,24,0.1,600,2,54,ok,,0,1,48.32216701,373,1,3.696,14.442,1.76265E+12,1.76265E+12,,,,,,,,,,,,,,,
y1_online_only,LEO_ONLY,24,0.1,600,2,55,ok,,0,1,45.25474997,374,1,3.758,14.249,1.76265E+12,1.76265E+12,,,,,,,,,,,,,,,
y1_online_only,LEO_ONLY,24,0.1,600,2,56,ok,,0,1,42.91683299,374,1,3.728,14.39,1.76265E+12,1.76265E+12,,,,,,,,,,,,,,,
y1_online_only,LEO_ONLY,24,0.1,600,2,57,ok,,0,1,51.90366702,374,1,3.741,14.012,1.76265E+12,1.76265E+12,,,,,,,,,,,,,,,
y1_online_only,LEO_ONLY,24,0.1,600,2,58,ok,,0,1,43.603417,374,1,3.583,13.819,1.76265E+12,1.76265E+12,,,,,,,,,,,,,,,
y1_online_only,LEO_ONLY,24,0.1,600,2,59,ok,,0,1,50.41425,374,1,3.563,13.626,1.76265E+12,1.76265E+12,,,,,,,,,,,,,,,
y1_online_only,LEO_ONLY,24,0.1,600,2,60,ok,,0,1,50.8005,374,1,3.717,14.053,1.76265E+12,1.76265E+12,,,,,,,,,,,,,,,
y1_online_only,LEO_ONLY,24,0.1,600,2,61,ok,,0,1,49.88391697,374,1,3.739,14.19,1.76265E+12,1.76265E+12,,,,,,,,,,,,,,,
y1_online_only,LEO_ONLY,24,0.1,600,2,62,ok,,0,1,49.54925002,374,1,3.599,14.248,1.76265E+12,1.76265E+12,,,,,,,,,,,,,,,
y1_online_only,LEO_ONLY,24,0.1,600,2,63,ok,,0,1,42.08737501,374,1,3.653,13.661,1.76265E+12,1.76265E+12,,,,,,,,,,,,,,,
y1_online_only,LEO_ONLY,24,0.1,600,2,64,ok,,0,1,51.480125,374,1,3.816,14.307,1.76265E+12,1.76265E+12,,,,,,,,,,,,,,,
y1_online_only,LEO_ONLY,24,0.1,600,2,65,ok,,0,1,51.24545799,374,1,3.703,13.839,1.76265E+12,1.76265E+12,,,,,,,,,,,,,,,
y1_online_only,LEO_ONLY,24,0.1,600,2,66,ok,,0,1,44.26658398,373,1,3.66,13.956,1.76265E+12,1.76265E+12,,,,,,,,,,,,,,,
y1_online_only,LEO_ONLY,24,0.1,600,2,67,ok,,0,1,51.01349999,374,1,3.643,13.479,1.76265E+12,1.76265E+12,,,,,,,,,,,,,,,
y1_online_only,LEO_ONLY,24,0.1,600,2,68,ok,,0,1,46.3555,374,1,3.757,14.004,1.76265E+12,1.76265E+12,,,,,,,,,,,,,,,
y1_online_only,LEO_ONLY,24,0.1,600,2,69,ok,,0,1,44.21958298,374,1,3.772,14.29,1.76265E+12,1.76265E+12,,,,,,,,,,,,,,,
y1_online_only,LEO_ONLY,24,0.1,600,2,70,ok,,0,1,50.559667,374,1,3.75,14.378,1.76265E+12,1.76265E+12,,,,,,,,,,,,,,,
y1_online_only,LEO_ONLY,24,0.1,600,2,71,ok,,0,1,43.23512499,374,1,3.67,13.892,1.76265E+12,1.76265E+12,,,,,,,,,,,,,,,
y1_online_only,LEO_ONLY,24,0.1,600,2,72,ok,,0,1,50.26337501,374,1,3.704,13.856,1.76265E+12,1.76265E+12,,,,,,,,,,,,,,,
y1_online_only,LEO_ONLY,24,0.1,600,2,73,ok,,0,1,46.37966599,374,1,3.836,14.662,1.76265E+12,1.76265E+12,,,,,,,,,,,,,,,
y1_online_only,LEO_ONLY,24,0.1,600,2,74,ok,,0,1,48.47499999,374,1,3.67,14.127,1.76265E+12,1.76265E+12,,,,,,,,,,,,,,,
y1_online_only,LEO_ONLY,24,0.1,600,2,75,ok,,0,1,45.91670801,374,1,3.731,14.247,1.76265E+12,1.76265E+12,,,,,,,,,,,,,,,
y1_online_only,LEO_ONLY,24,0.1,600,2,76,ok,,0,1,49.04050002,374,1,4.103,14.485,1.76265E+12,1.76265E+12,,,,,,,,,,,,,,,
y1_online_only,LEO_ONLY,24,0.1,600,2,77,ok,,0,1,54.34783301,374,1,3.879,14.732,1.76265E+12,1.76265E+12,,,,,,,,,,,,,,,
y1_online_only,LEO_ONLY,24,0.1,600,2,78,ok,,0,1,46.48158301,374,1,3.628,14.352,1.76265E+12,1.76265E+12,,,,,,,,,,,,,,,
y1_online_only,LEO_ONLY,24,0.1,600,2,79,ok,,0,1,48.389667,374,1,3.671,14.17,1.76265E+12,1.76265E+12,,,,,,,,,,,,,,,
y1_online_only,LEO_ONLY,24,0.1,600,2,80,ok,,0,1,47.6695,374,1,3.803,14.288,1.76265E+12,1.76265E+12,,,,,,,,,,,,,,,
y1_online_only,LEO_ONLY,24,0.1,600,2,81,ok,,0,1,43.50562501,374,1,3.853,14.272,1.76265E+12,1.76265E+12,,,,,,,,,,,,,,,
y1_online_only,LEO_ONLY,24,0.1,600,2,82,ok,,0,1,45.789542,374,1,3.995,14.42,1.76265E+12,1.76265E+12,,,,,,,,,,,,,,,
y1_online_only,LEO_ONLY,24,0.1,600,2,83,ok,,0,1,48.87562501,374,1,5.558,13.542,1.76265E+12,1.76265E+12,,,,,,,,,,,,,,,
y1_online_only,LEO_ONLY,24,0.1,600,2,84,ok,,0,1,49.49141701,373,1,3.745,17.42,1.76265E+12,1.76265E+12,,,,,,,,,,,,,,,
y1_online_only,LEO_ONLY,24,0.1,600,2,85,ok,,0,1,50.15658398,374,1,3.603,13.751,1.76265E+12,1.76265E+12,,,,,,,,,,,,,,,
y1_online_only,LEO_ONLY,24,0.1,600,2,86,ok,,0,1,50.96608298,374,1,3.767,14.227,1.76265E+12,1.76265E+12,,,,,,,,,,,,,,,
y1_online_only,LEO_ONLY,24,0.1,600,2,87,ok,,0,1,50.70420902,374,1,3.938,14.591,1.76265E+12,1.76265E+12,,,,,,,,,,,,,,,
y1_online_only,LEO_ONLY,24,0.1,600,2,88,ok,,0,1,46.45687502,374,1,3.744,13.858,1.76265E+12,1.76265E+12,,,,,,,,,,,,,,,
y1_online_only,LEO_ONLY,24,0.1,600,2,89,ok,,0,1,45.68112499,374,1,3.77,14.36,1.76265E+12,1.76265E+12,,,,,,,,,,,,,,,
y1_online_only,LEO_ONLY,24,0.1,600,2,90,ok,,0,1,43.91870799,373,1,3.644,14.054,1.76265E+12,1.76265E+12,,,,,,,,,,,,,,,
y1_online_only,LEO_ONLY,24,0.1,600,2,91,ok,,0,1,45.97466701,374,1,3.575,13.564,1.76265E+12,1.76265E+12,,,,,,,,,,,,,,,
y1_online_only,LEO_ONLY,24,0.1,600,2,92,ok,,0,1,45.01050001,374,1,3.76,14.012,1.76265E+12,1.76265E+12,,,,,,,,,,,,,,,
y1_online_only,LEO_ONLY,24,0.1,600,2,93,ok,,0,1,44.75983401,374,1,3.65,13.997,1.76265E+12,1.76265E+12,,,,,,,,,,,,,,,
y1_online_only,LEO_ONLY,24,0.1,600,2,94,ok,,0,1,47.87208402,374,1,3.58,13.672,1.76265E+12,1.76265E+12,,,,,,,,,,,,,,,
y1_online_only,LEO_ONLY,24,0.1,600,2,95,ok,,0,1,45.14916698,374,1,3.799,14.539,1.76265E+12,1.76265E+12,,,,,,,,,,,,,,,
y1_online_only,LEO_ONLY,24,0.1,600,2,96,ok,,0,1,46.56558399,374,1,3.699,14.107,1.76265E+12,1.76265E+12,,,,,,,,,,,,,,,
y1_online_only,LEO_ONLY,24,0.1,600,2,97,ok,,0,1,47.27787498,374,1,3.829,14.224,1.76265E+12,1.76265E+12,,,,,,,,,,,,,,,
y1_online_only,LEO_ONLY,24,0.1,600,2,98,ok,,0,1,48.22183301,374,1,3.659,14.036,1.76265E+12,1.76265E+12,,,,,,,,,,,,,,,
y1_online_only,LEO_ONLY,24,0.1,600,2,99,ok,,0,1,48.55549999,374,1,3.785,14.39,1.76265E+12,1.76265E+12,,,,,,,,,,,,,,,
y1_online_only,LEO_ONLY,24,0.1,600,2,100,ok,,0,1,47.24979098,374,1,3.842,14.089,1.76265E+12,1.76265E+12,,,,,,,,,,,,,,,
y1_online_only,LEO_ONLY,24,0.1,600,2,101,ok,,0,1,47.14833299,374,1,3.711,14.133,1.76265E+12,1.76265E+12,,,,,,,,,,,,,,,
y1_online_only,LEO_ONLY,24,0.1,600,2,102,ok,,0,1,46.633583,374,1,3.706,14.213,1.76265E+12,1.76265E+12,,,,,,,,,,,,,,,
y1_online_only,LEO_ONLY,24,0.1,600,2,103,ok,,0,1,48.53729199,374,1,3.667,13.994,1.76265E+12,1.76265E+12,,,,,,,,,,,,,,,
y1_online_only,LEO_ONLY,24,0.1,600,2,104,ok,,0,1,46.814584,374,1,3.729,14.074,1.76265E+12,1.76265E+12,,,,,,,,,,,,,,,
y1_online_only,LEO_ONLY,24,0.1,600,2,105,ok,,0,1,46.98474999,374,1,3.67,14.026,1.76265E+12,1.76265E+12,,,,,,,,,,,,,,,
y1_online_only,LEO_ONLY,24,0.1,600,2,106,ok,,0,1,51.18408398,374,1,3.712,14.582,1.76265E+12,1.76265E+12,,,,,,,,,,,,,,,
y1_online_only,LEO_ONLY,24,0.1,600,2,107,ok,,0,1,49.061167,374,1,3.728,14.131,1.76265E+12,1.76265E+12,,,,,,,,,,,,,,,
y1_online_only,LEO_ONLY,24,0.1,600,2,108,ok,,0,1,51.60141698,374,1,3.901,14.471,1.76265E+12,1.76265E+12,,,,,,,,,,,,,,,
y1_online_only,LEO_ONLY,24,0.1,600,2,109,ok,,0,1,48.33049999,374,1,3.778,14.298,1.76265E+12,1.76265E+12,,,,,,,,,,,,,,,
y1_online_only,LEO_ONLY,24,0.1,600,2,110,ok,,0,1,50.17849998,374,1,3.607,14.563,1.76265E+12,1.76265E+12,,,,,,,,,,,,,,,
y1_online_only,LEO_ONLY,24,0.1,600,2,111,ok,,0,1,54.20629098,374,1,3.745,14.326,1.76265E+12,1.76265E+12,,,,,,,,,,,,,,,
y1_online_only,LEO_ONLY,24,0.1,600,2,112,ok,,0,1,44.65233398,374,1,3.683,14.074,1.76265E+12,1.76265E+12,,,,,,,,,,,,,,,
y1_online_only,LEO_ONLY,24,0.1,600,2,113,ok,,0,1,45.26283301,374,1,3.771,14.262,1.76265E+12,1.76265E+12,,,,,,,,,,,,,,,
y1_online_only,LEO_ONLY,24,0.1,600,2,114,ok,,0,1,51.17600001,374,1,3.725,14.5,1.76265E+12,1.76265E+12,,,,,,,,,,,,,,,
y1_online_only,LEO_ONLY,24,0.1,600,2,115,ok,,0,1,45.95170901,374,1,3.744,14.199,1.76265E+12,1.76265E+12,,,,,,,,,,,,,,,
y1_online_only,LEO_ONLY,24,0.1,600,2,116,ok,,0,1,42.79479201,374,1,3.618,14.109,1.76265E+12,1.76265E+12,,,,,,,,,,,,,,,
y1_online_only,LEO_ONLY,24,0.1,600,2,117,ok,,0,1,45.06675,373,1,3.824,14.067,1.76265E+12,1.76265E+12,,,,,,,,,,,,,,,
y1_online_only,LEO_ONLY,24,0.1,600,2,118,ok,,0,1,46.87208301,374,1,3.907,14.428,1.76265E+12,1.76265E+12,,,,,,,,,,,,,,,
y1_online_only,LEO_ONLY,24,0.1,600,2,119,ok,,0,1,47.294583,374,1,3.915,16.03,1.76265E+12,1.76265E+12,,,,,,,,,,,,,,,
y1_online_only,LEO_ONLY,24,0.1,600,2,120,ok,,0,1,48.17291701,374,1,3.708,13.736,1.76265E+12,1.76265E+12,,,,,,,,,,,,,,,
y1_online_only,LEO_ONLY,24,0.1,600,2,121,ok,,0,1,48.75408299,374,1,3.747,14.336,1.76265E+12,1.76265E+12,,,,,,,,,,,,,,,
y1_online_only,LEO_ONLY,24,0.1,600,2,122,ok,,0,1,45.40691699,374,1,3.778,14.188,1.76265E+12,1.76265E+12,,,,,,,,,,,,,,,
y1_online_only,LEO_ONLY,24,0.1,600,2,123,ok,,0,1,45.57970801,374,1,3.725,13.906,1.76265E+12,1.76265E+12,,,,,,,,,,,,,,,
y1_online_only,LEO_ONLY,24,0.1,600,2,124,ok,,0,1,44.08237501,374,1,3.705,13.961,1.76265E+12,1.76265E+12,,,,,,,,,,,,,,,
y1_online_only,LEO_ONLY,24,0.1,600,2,125,ok,,0,1,45.52845799,373,1,3.718,14.251,1.76265E+12,1.76265E+12,,,,,,,,,,,,,,,
y1_online_only,LEO_ONLY,24,0.1,600,2,126,ok,,0,1,43.258625,374,1,3.681,14.974,1.76265E+12,1.76265E+12,,,,,,,,,,,,,,,
y1_online_only,LEO_ONLY,24,0.1,600,2,127,ok,,0,1,44.826709,374,1,3.753,13.772,1.76265E+12,1.76265E+12,,,,,,,,,,,,,,,
y1_online_only,LEO_ONLY,24,0.1,600,2,128,ok,,0,1,47.464,374,1,3.85,13.656,1.76265E+12,1.76265E+12,,,,,,,,,,,,,,,
y1_online_only,LEO_ONLY,24,0.1,600,2,129,ok,,0,2,79.31679199,748,2,11.199,32.217,1.76265E+12,1.76265E+12,,,,,,,,,,,,,,,
y1_online_only,LEO_ONLY,24,0.1,600,2,130,ok,,0,1,51.185875,374,1,3.972,14.977,1.76265E+12,1.76265E+12,,,,,,,,,,,,,,,
y1_online_only,LEO_ONLY,24,0.1,600,2,131,ok,,0,1,47.26549998,374,1,3.764,14.004,1.76265E+12,1.76265E+12,,,,,,,,,,,,,,,
y1_online_only,LEO_ONLY,24,0.1,600,2,132,ok,,0,1,45.617583,374,1,3.626,13.352,1.76265E+12,1.76265E+12,,,,,,,,,,,,,,,
y1_online_only,LEO_ONLY,24,0.1,600,2,133,ok,,0,1,49.550375,374,1,3.723,14.013,1.76265E+12,1.76265E+12,,,,,,,,,,,,,,,
y1_online_only,LEO_ONLY,24,0.1,600,2,134,ok,,0,1,46.118709,374,1,3.55,14.313,1.76265E+12,1.76265E+12,,,,,,,,,,,,,,,
y1_online_only,LEO_ONLY,24,0.1,600,2,135,ok,,0,1,43.97541602,374,1,3.87,14.332,1.76265E+12,1.76265E+12,,,,,,,,,,,,,,,
y1_online_only,LEO_ONLY,24,0.1,600,2,136,ok,,0,1,50.42629101,374,1,3.59,13.569,1.76265E+12,1.76265E+12,,,,,,,,,,,,,,,
y1_online_only,LEO_ONLY,24,0.1,600,2,137,ok,,0,1,52.727542,374,1,3.84,14.637,1.76265E+12,1.76265E+12,,,,,,,,,,,,,,,
y1_online_only,LEO_ONLY,24,0.1,600,2,138,ok,,0,1,47.021292,374,1,3.655,14.134,1.76265E+12,1.76265E+12,,,,,,,,,,,,,,,
y1_online_only,LEO_ONLY,24,0.1,600,2,139,ok,,0,1,47.36200001,374,1,3.644,14.158,1.76265E+12,1.76265E+12,,,,,,,,,,,,,,,
y1_online_only,LEO_ONLY,24,0.1,600,2,140,ok,,0,1,43.28737501,374,1,3.797,13.826,1.76265E+12,1.76265E+12,,,,,,,,,,,,,,,
y1_online_only,LEO_ONLY,24,0.1,600,2,141,ok,,0,1,43.28350001,374,1,3.76,13.744,1.76265E+12,1.76265E+12,,,,,,,,,,,,,,,
y1_online_only,LEO_ONLY,24,0.1,600,2,142,ok,,0,1,48.16325,374,1,3.907,14.15,1.76265E+12,1.76265E+12,,,,,,,,,,,,,,,
y1_online_only,LEO_ONLY,24,0.1,600,2,143,ok,,0,1,48.78075002,374,1,3.807,14.457,1.76265E+12,1.76265E+12,,,,,,,,,,,,,,,
y1_online_only,LEO_ONLY,24,0.1,600,2,144,ok,,0,1,52.63774999,374,1,3.586,14.395,1.76265E+12,1.76265E+12,,,,,,,,,,,,,,,
y1_online_only,LEO_ONLY,24,0.1,600,2,145,ok,,0,1,49.00979198,374,1,3.674,13.925,1.76265E+12,1.76265E+12,,,,,,,,,,,,,,,
y1_online_only,LEO_ONLY,24,0.1,600,2,146,ok,,0,1,46.87604101,374,1,3.806,13.79,1.76265E+12,1.76265E+12,,,,,,,,,,,,,,,
y1_online_only,LEO_ONLY,24,0.1,600,2,147,ok,,0,1,56.21320801,374,1,3.776,14.595,1.76265E+12,1.76265E+12,,,,,,,,,,,,,,,
y1_online_only,LEO_ONLY,24,0.1,600,2,148,ok,,0,1,53.656417,374,1,3.684,14.463,1.76265E+12,1.76265E+12,,,,,,,,,,,,,,,
y1_online_only,LEO_ONLY,24,0.1,600,2,149,ok,,0,1,44.99354202,374,1,3.912,14.529,1.76265E+12,1.76265E+12,,,,,,,,,,,,,,,
y1_online_only,LEO_ONLY,24,0.1,600,2,150,ok,,0,1,50.77533401,374,1,3.863,14.296,1.76265E+12,1.76265E+12,,,,,,,,,,,,,,,
y1_online_only,LEO_ONLY,24,0.1,600,2,151,ok,,0,1,46.30041699,374,1,3.985,14.56,1.76265E+12,1.76265E+12,,,,,,,,,,,,,,,
y1_online_only,LEO_ONLY,24,0.1,600,2,152,ok,,0,1,46.10404102,374,1,3.631,13.567,1.76265E+12,1.76265E+12,,,,,,,,,,,,,,,
y1_online_only,LEO_ONLY,24,0.1,600,2,153,ok,,0,1,51.48162501,374,1,3.819,13.933,1.76265E+12,1.76265E+12,,,,,,,,,,,,,,,
y1_online_only,LEO_ONLY,24,0.1,600,2,154,ok,,0,1,52.71337501,374,1,3.825,14.597,1.76265E+12,1.76265E+12,,,,,,,,,,,,,,,
y1_online_only,LEO_ONLY,24,0.1,600,2,155,ok,,0,1,42.02612501,374,1,3.809,13.6,1.76265E+12,1.76265E+12,,,,,,,,,,,,,,,
y1_online_only,LEO_ONLY,24,0.1,600,2,156,ok,,0,1,52.125416,374,1,3.78,14.328,1.76265E+12,1.76265E+12,,,,,,,,,,,,,,,
y1_online_only,LEO_ONLY,24,0.1,600,2,157,ok,,0,1,51.90966601,374,1,3.701,14.309,1.76265E+12,1.76265E+12,,,,,,,,,,,,,,,
y1_online_only,LEO_ONLY,24,0.1,600,2,158,ok,,0,1,45.84179199,374,1,3.615,14.899,1.76265E+12,1.76265E+12,,,,,,,,,,,,,,,
y1_online_only,LEO_ONLY,24,0.1,600,2,159,ok,,0,1,47.69025001,374,1,3.694,14.18,1.76265E+12,1.76265E+12,,,,,,,,,,,,,,,
y1_online_only,LEO_ONLY,24,0.1,600,2,160,ok,,0,1,50.096083,374,1,3.751,13.411,1.76265E+12,1.76265E+12,,,,,,,,,,,,,,,
y1_online_only,LEO_ONLY,24,0.1,600,2,161,ok,,0,1,47.812292,374,1,3.74,14.118,1.76265E+12,1.76265E+12,,,,,,,,,,,,,,,
y1_online_only,LEO_ONLY,24,0.1,600,2,162,ok,,0,1,53.31412502,374,1,3.734,14.091,1.76265E+12,1.76265E+12,,,,,,,,,,,,,,,
y1_online_only,LEO_ONLY,24,0.1,600,2,163,ok,,0,1,47.94412502,374,1,3.749,14.177,1.76265E+12,1.76265E+12,,,,,,,,,,,,,,,
y1_online_only,LEO_ONLY,24,0.1,600,2,164,ok,,0,1,49.328208,374,1,3.784,14.219,1.76265E+12,1.76265E+12,,,,,,,,,,,,,,,
y1_online_only,LEO_ONLY,24,0.1,600,2,165,ok,,0,1,46.31458299,374,1,3.803,14.558,1.76265E+12,1.76265E+12,,,,,,,,,,,,,,,
y1_online_only,LEO_ONLY,24,0.1,600,2,166,ok,,0,1,47.48833302,374,1,3.597,14.6,1.76265E+12,1.76265E+12,,,,,,,,,,,,,,,
y1_online_only,LEO_ONLY,24,0.1,600,2,167,ok,,0,1,42.90320902,374,1,3.626,13.809,1.76265E+12,1.76265E+12,,,,,,,,,,,,,,,
y1_online_only,LEO_ONLY,24,0.1,600,2,168,ok,,0,1,45.773625,374,1,3.783,14.132,1.76265E+12,1.76265E+12,,,,,,,,,,,,,,,
y1_online_only,LEO_ONLY,24,0.1,600,2,169,ok,,0,1,46.01400002,374,1,3.714,14.039,1.76265E+12,1.76265E+12,,,,,,,,,,,,,,,
y1_online_only,LEO_ONLY,24,0.1,600,2,170,ok,,0,1,45.52491699,374,1,3.684,13.943,1.76265E+12,1.76265E+12,,,,,,,,,,,,,,,
y1_online_only,LEO_ONLY,24,0.1,600,2,171,ok,,0,1,50.16437502,374,1,3.766,14.464,1.76265E+12,1.76265E+12,,,,,,,,,,,,,,,
y1_online_only,LEO_ONLY,24,0.1,600,2,172,ok,,0,1,47.74424998,374,1,3.839,14.96,1.76265E+12,1.76265E+12,,,,,,,,,,,,,,,
y1_online_only,LEO_ONLY,24,0.1,600,2,173,ok,,0,1,51.95383399,374,1,3.741,14.647,1.76265E+12,1.76265E+12,,,,,,,,,,,,,,,
y1_online_only,LEO_ONLY,24,0.1,600,2,174,ok,,0,1,46.53750002,374,1,3.89,14.781,1.76265E+12,1.76265E+12,,,,,,,,,,,,,,,
y1_online_only,LEO_ONLY,24,0.1,600,2,175,ok,,0,1,49.35383302,374,1,3.771,14.395,1.76265E+12,1.76265E+12,,,,,,,,,,,,,,,
y1_online_only,LEO_ONLY,24,0.1,600,2,176,ok,,0,1,50.53499999,374,1,3.829,14.118,1.76265E+12,1.76265E+12,,,,,,,,,,,,,,,
y1_online_only,LEO_ONLY,24,0.1,600,2,177,ok,,0,1,50.01279199,374,1,3.789,14.122,1.76265E+12,1.76265E+12,,,,,,,,,,,,,,,
y1_online_only,LEO_ONLY,24,0.1,600,2,178,ok,,0,1,46.36816698,374,1,3.809,14.078,1.76265E+12,1.76265E+12,,,,,,,,,,,,,,,
y1_online_only,LEO_ONLY,24,0.1,600,2,179,ok,,0,1,48.76987499,374,1,3.929,13.895,1.76265E+12,1.76265E+12,,,,,,,,,,,,,,,
y1_online_only,LEO_ONLY,24,0.1,600,2,180,ok,,0,1,47.67204201,374,1,3.818,14.314,1.76265E+12,1.76265E+12,,,,,,,,,,,,,,,
y1_online_only,LEO_ONLY,24,0.1,600,2,181,ok,,0,1,52.99941698,374,1,3.652,14.152,1.76265E+12,1.76265E+12,,,,,,,,,,,,,,,
y1_online_only,LEO_ONLY,24,0.1,600,2,182,ok,,0,1,48.026292,374,1,3.529,13.9,1.76265E+12,1.76265E+12,,,,,,,,,,,,,,,
y1_online_only,LEO_ONLY,24,0.1,600,2,183,ok,,0,1,47.07570901,374,1,3.781,14.217,1.76265E+12,1.76265E+12,,,,,,,,,,,,,,,
y1_online_only,LEO_ONLY,24,0.1,600,2,184,ok,,0,1,47.65699999,374,1,3.66,14.33,1.76265E+12,1.76265E+12,,,,,,,,,,,,,,,
y1_online_only,LEO_ONLY,24,0.1,600,2,185,ok,,0,1,44.08149997,374,1,3.844,15.764,1.76265E+12,1.76265E+12,,,,,,,,,,,,,,,
y1_online_only,LEO_ONLY,24,0.1,600,2,186,ok,,0,1,40.82191701,374,1,3.525,13.633,1.76265E+12,1.76265E+12,,,,,,,,,,,,,,,
y1_online_only,LEO_ONLY,24,0.1,600,2,187,ok,,0,1,51.95412503,374,1,3.743,14.085,1.76265E+12,1.76265E+12,,,,,,,,,,,,,,,
y1_online_only,LEO_ONLY,24,0.1,600,2,188,ok,,0,1,51.785958,374,1,3.697,14.372,1.76265E+12,1.76265E+12,,,,,,,,,,,,,,,
y1_online_only,LEO_ONLY,24,0.1,600,2,189,ok,,0,1,53.97083401,374,1,3.67,13.925,1.76265E+12,1.76265E+12,,,,,,,,,,,,,,,
y1_online_only,LEO_ONLY,24,0.1,600,2,190,ok,,0,1,47.50070799,374,1,3.813,14.107,1.76265E+12,1.76265E+12,,,,,,,,,,,,,,,
y1_online_only,LEO_ONLY,24,0.1,600,2,191,ok,,0,1,47.59995799,374,1,3.665,14.252,1.76265E+12,1.76265E+12,,,,,,,,,,,,,,,
y1_online_only,LEO_ONLY,24,0.1,600,2,192,ok,,0,1,48.69633401,374,1,3.797,14.1,1.76265E+12,1.76265E+12,,,,,,,,,,,,,,,
y1_online_only,LEO_ONLY,24,0.1,600,2,193,ok,,0,1,49.557708,373,1,3.799,14.133,1.76265E+12,1.76265E+12,,,,,,,,,,,,,,,
y1_online_only,LEO_ONLY,24,0.1,600,2,194,ok,,0,1,46.28808401,374,1,3.749,14.155,1.76265E+12,1.76265E+12,,,,,,,,,,,,,,,
y1_online_only,LEO_ONLY,24,0.1,600,2,195,ok,,0,1,40.306209,374,1,3.552,13.317,1.76265E+12,1.76265E+12,,,,,,,,,,,,,,,
y1_online_only,LEO_ONLY,24,0.1,600,2,196,ok,,0,1,43.12325001,374,1,3.853,14.28,1.76265E+12,1.76265E+12,,,,,,,,,,,,,,,
y1_online_only,LEO_ONLY,24,0.1,600,2,197,ok,,0,1,50.89129202,373,1,3.765,14.066,1.76265E+12,1.76265E+12,,,,,,,,,,,,,,,
y1_online_only,LEO_ONLY,24,0.1,600,2,198,ok,,0,1,46.748625,374,1,3.791,14.197,1.76265E+12,1.76265E+12,,,,,,,,,,,,,,,
y1_online_only,LEO_ONLY,24,0.1,600,2,199,ok,,0,1,45.911541,374,1,3.723,14.287,1.76265E+12,1.76265E+12,,,,,,,,,,,,,,,
y1_online_only,LEO_ONLY,24,0.1,600,2,200,ok,,0,1,46.08358399,374,1,3.861,14.364,1.76265E+12,1.76265E+12,,,,,,,,,,,,,,,
y1_online_only,LEO_ONLY,24,0.1,600,2,201,ok,,0,1,52.803292,374,1,3.697,14.196,1.76265E+12,1.76265E+12,,,,,,,,,,,,,,,
y1_online_only,LEO_ONLY,24,0.1,600,2,202,ok,,0,1,50.284917,374,1,3.805,14.151,1.76265E+12,1.76265E+12,,,,,,,,,,,,,,,
y1_online_only,LEO_ONLY,24,0.1,600,2,203,ok,,0,1,48.301,374,1,3.776,14.761,1.76265E+12,1.76265E+12,,,,,,,,,,,,,,,
y1_online_only,LEO_ONLY,24,0.1,600,2,204,ok,,0,1,49.51300001,374,1,3.675,14.519,1.76265E+12,1.76265E+12,,,,,,,,,,,,,,,
y1_online_only,LEO_ONLY,24,0.1,600,2,205,ok,,0,1,44.03424999,374,1,3.745,13.963,1.76265E+12,1.76265E+12,,,,,,,,,,,,,,,
y1_online_only,LEO_ONLY,24,0.1,600,2,206,ok,,0,1,50.743584,374,1,3.804,14.791,1.76265E+12,1.76265E+12,,,,,,,,,,,,,,,
y1_online_only,LEO_ONLY,24,0.1,600,2,207,ok,,0,1,52.39395902,374,1,3.775,14.483,1.76265E+12,1.76265E+12,,,,,,,,,,,,,,,
y1_online_only,LEO_ONLY,24,0.1,600,2,208,ok,,0,1,48.90658398,374,1,3.748,14.302,1.76265E+12,1.76265E+12,,,,,,,,,,,,,,,
y1_online_only,LEO_ONLY,24,0.1,600,2,209,ok,,0,1,52.30470799,374,1,3.89,14.472,1.76265E+12,1.76265E+12,,,,,,,,,,,,,,,
y1_online_only,LEO_ONLY,24,0.1,600,2,210,ok,,0,1,61.75674999,374,1,3.674,14.892,1.76265E+12,1.76265E+12,,,,,,,,,,,,,,,
y1_online_only,LEO_ONLY,24,0.1,600,2,211,ok,,0,1,49.023167,373,1,3.723,14.353,1.76265E+12,1.76265E+12,,,,,,,,,,,,,,,
y1_online_only,LEO_ONLY,24,0.1,600,2,212,ok,,0,1,48.04404199,374,1,3.744,14.485,1.76265E+12,1.76265E+12,,,,,,,,,,,,,,,
y1_online_only,LEO_ONLY,24,0.1,600,2,213,ok,,0,1,44.98804102,374,1,3.643,14.187,1.76265E+12,1.76265E+12,,,,,,,,,,,,,,,
y1_online_only,LEO_ONLY,24,0.1,600,2,214,ok,,0,1,53.108708,374,1,3.56,14.071,1.76265E+12,1.76265E+12,,,,,,,,,,,,,,,
y1_online_only,LEO_ONLY,24,0.1,600,2,215,ok,,0,1,46.92295898,374,1,3.692,14.111,1.76265E+12,1.76265E+12,,,,,,,,,,,,,,,
y1_online_only,LEO_ONLY,24,0.1,600,2,216,ok,,0,1,45.19837501,374,1,3.762,13.734,1.76265E+12,1.76265E+12,,,,,,,,,,,,,,,
y1_online_only,LEO_ONLY,24,0.1,600,2,217,ok,,0,1,46.254541,374,1,3.868,14.078,1.76265E+12,1.76265E+12,,,,,,,,,,,,,,,
y1_online_only,LEO_ONLY,24,0.1,600,2,218,ok,,0,1,46.73516698,374,1,3.655,14.186,1.76265E+12,1.76265E+12,,,,,,,,,,,,,,,
y1_online_only,LEO_ONLY,24,0.1,600,2,219,ok,,0,1,53.33408399,374,1,3.806,14.862,1.76265E+12,1.76265E+12,,,,,,,,,,,,,,,
y1_online_only,LEO_ONLY,24,0.1,600,2,220,ok,,0,1,49.79012499,374,1,3.713,13.656,1.76265E+12,1.76265E+12,,,,,,,,,,,,,,,
y1_online_only,LEO_ONLY,24,0.1,600,2,221,ok,,0,1,46.71387502,374,1,3.541,13.617,1.76265E+12,1.76265E+12,,,,,,,,,,,,,,,
y1_online_only,LEO_ONLY,24,0.1,600,2,222,ok,,0,1,44.38758301,374,1,3.837,14.05,1.76265E+12,1.76265E+12,,,,,,,,,,,,,,,
y1_online_only,LEO_ONLY,24,0.1,600,2,223,ok,,0,1,43.37850001,374,1,3.719,14.279,1.76265E+12,1.76265E+12,,,,,,,,,,,,,,,
y1_online_only,LEO_ONLY,24,0.1,600,2,224,ok,,0,1,46.37370902,374,1,3.705,14.426,1.76265E+12,1.76265E+12,,,,,,,,,,,,,,,
y1_online_only,LEO_ONLY,24,0.1,600,2,225,ok,,0,1,51.27829203,374,1,3.826,14.621,1.76265E+12,1.76265E+12,,,,,,,,,,,,,,,
y1_online_only,LEO_ONLY,24,0.1,600,2,226,ok,,0,1,46.94075001,374,1,3.744,14.413,1.76265E+12,1.76265E+12,,,,,,,,,,,,,,,
y1_online_only,LEO_ONLY,24,0.1,600,2,227,ok,,0,1,46.668667,374,1,3.639,13.622,1.76265E+12,1.76265E+12,,,,,,,,,,,,,,,
y1_online_only,LEO_ONLY,24,0.1,600,2,228,ok,,0,1,53.44774999,374,1,3.72,14.022,1.76265E+12,1.76265E+12,,,,,,,,,,,,,,,
y1_online_only,LEO_ONLY,24,0.1,600,2,229,ok,,0,1,45.513041,374,1,3.584,13.745,1.76265E+12,1.76265E+12,,,,,,,,,,,,,,,
y1_online_only,LEO_ONLY,24,0.1,600,2,230,ok,,0,1,43.45900001,374,1,3.45,13.394,1.76265E+12,1.76265E+12,,,,,,,,,,,,,,,
y1_online_only,LEO_ONLY,24,0.1,600,2,231,ok,,0,1,48.278209,374,1,3.773,13.899,1.76265E+12,1.76265E+12,,,,,,,,,,,,,,,
y1_online_only,LEO_ONLY,24,0.1,600,2,232,ok,,0,1,45.65124999,374,1,3.488,13.697,1.76265E+12,1.76265E+12,,,,,,,,,,,,,,,
y1_online_only,LEO_ONLY,24,0.1,600,2,233,ok,,0,1,45.9955,374,1,3.742,14.069,1.76265E+12,1.76265E+12,,,,,,,,,,,,,,,
y1_online_only,LEO_ONLY,24,0.1,600,2,234,ok,,0,1,51.002583,374,1,3.749,14.605,1.76265E+12,1.76265E+12,,,,,,,,,,,,,,,
y1_online_only,LEO_ONLY,24,0.1,600,2,235,ok,,0,1,50.625292,374,1,3.78,14.121,1.76265E+12,1.76265E+12,,,,,,,,,,,,,,,
y1_online_only,LEO_ONLY,24,0.1,600,2,236,ok,,0,1,48.3195,374,1,3.724,14.391,1.76265E+12,1.76265E+12,,,,,,,,,,,,,,,
y1_online_only,LEO_ONLY,24,0.1,600,2,237,ok,,0,1,43.89025,374,1,3.834,14.29,1.76265E+12,1.76265E+12,,,,,,,,,,,,,,,
y1_online_only,LEO_ONLY,24,0.1,600,2,238,ok,,0,1,53.88654102,374,1,3.756,14.052,1.76265E+12,1.76265E+12,,,,,,,,,,,,,,,
y1_online_only,LEO_ONLY,24,0.1,600,2,239,ok,,0,1,46.83083401,374,1,3.746,14.144,1.76265E+12,1.76265E+12,,,,,,,,,,,,,,,
y1_online_only,LEO_ONLY,24,0.1,600,2,240,ok,,0,1,49.08724999,373,1,3.776,14.157,1.76265E+12,1.76265E+12,,,,,,,,,,,,,,,
y1_online_only,LEO_ONLY,24,0.1,600,2,241,ok,,0,1,47.15899998,374,1,3.65,14.252,1.76265E+12,1.76265E+12,,,,,,,,,,,,,,,
y1_online_only,LEO_ONLY,24,0.1,600,2,242,ok,,0,1,42.895291,374,1,3.669,13.845,1.76265E+12,1.76265E+12,,,,,,,,,,,,,,,
y1_online_only,LEO_ONLY,24,0.1,600,2,243,ok,,0,1,46.60208401,374,1,3.829,14.419,1.76265E+12,1.76265E+12,,,,,,,,,,,,,,,
y1_online_only,LEO_ONLY,24,0.1,600,2,244,ok,,0,1,56.193875,374,1,3.618,14.566,1.76265E+12,1.76265E+12,,,,,,,,,,,,,,,
y1_online_only,LEO_ONLY,24,0.1,600,2,245,ok,,0,1,52.695583,374,1,3.901,14.625,1.76265E+12,1.76265E+12,,,,,,,,,,,,,,,
y1_online_only,LEO_ONLY,24,0.1,600,2,246,ok,,0,1,47.88670799,374,1,3.701,13.988,1.76265E+12,1.76265E+12,,,,,,,,,,,,,,,
y1_online_only,LEO_ONLY,24,0.1,600,2,247,ok,,0,1,46.543,374,1,3.69,13.881,1.76265E+12,1.76265E+12,,,,,,,,,,,,,,,
y1_online_only,LEO_ONLY,24,0.1,600,2,248,ok,,0,1,45.341833,374,1,3.77,14.591,1.76265E+12,1.76265E+12,,,,,,,,,,,,,,,
y1_online_only,LEO_ONLY,24,0.1,600,2,249,ok,,0,1,55.501542,374,1,3.687,20.393,1.76265E+12,1.76265E+12,,,,,,,,,,,,,,,
y1_online_only,LEO_ONLY,24,0.1,600,2,250,ok,,0,1,49.20858398,374,1,3.743,13.824,1.76265E+12,1.76265E+12,,,,,,,,,,,,,,,
y1_online_only,LEO_ONLY,24,0.1,600,2,251,ok,,0,1,50.37916702,374,1,3.863,14.518,1.76265E+12,1.76265E+12,,,,,,,,,,,,,,,
y1_online_only,LEO_ONLY,24,0.1,600,2,252,ok,,0,1,47.24724998,374,1,3.715,14.422,1.76265E+12,1.76265E+12,,,,,,,,,,,,,,,
y1_online_only,LEO_ONLY,24,0.1,600,2,253,ok,,0,1,42.29245801,374,1,3.687,14.429,1.76265E+12,1.76265E+12,,,,,,,,,,,,,,,
y1_online_only,LEO_ONLY,24,0.1,600,2,254,ok,,0,1,53.77016601,374,1,4.243,22.341,1.76265E+12,1.76265E+12,,,,,,,,,,,,,,,
y1_online_only,LEO_ONLY,24,0.1,600,2,255,ok,,0,1,44.86295901,374,1,3.593,13.557,1.76265E+12,1.76265E+12,,,,,,,,,,,,,,,
y1_online_only,LEO_ONLY,24,0.1,600,2,256,ok,,0,1,50.157166,374,1,3.593,13.757,1.76265E+12,1.76265E+12,,,,,,,,,,,,,,,
y1_online_only,LEO_ONLY,24,0.1,600,2,257,ok,,0,1,45.95391601,374,1,3.702,14.428,1.76265E+12,1.76265E+12,,,,,,,,,,,,,,,
y1_online_only,LEO_ONLY,24,0.1,600,2,258,ok,,0,1,52.35058401,374,1,3.745,14.28,1.76265E+12,1.76265E+12,,,,,,,,,,,,,,,
y1_online_only,LEO_ONLY,24,0.1,600,2,259,ok,,0,1,49.29987498,374,1,3.77,14.201,1.76265E+12,1.76265E+12,,,,,,,,,,,,,,,
y1_online_only,LEO_ONLY,24,0.1,600,2,260,ok,,0,1,42.631875,374,1,3.764,14.213,1.76265E+12,1.76265E+12,,,,,,,,,,,,,,,
y1_online_only,LEO_ONLY,24,0.1,600,2,261,ok,,0,1,46.53820899,374,1,3.712,14.805,1.76265E+12,1.76265E+12,,,,,,,,,,,,,,,
y1_online_only,LEO_ONLY,24,0.1,600,2,262,ok,,0,1,47.846125,374,1,3.771,14.156,1.76265E+12,1.76265E+12,,,,,,,,,,,,,,,
y1_online_only,LEO_ONLY,24,0.1,600,2,263,ok,,0,1,48.84495802,374,1,3.572,13.672,1.76265E+12,1.76265E+12,,,,,,,,,,,,,,,
y1_online_only,LEO_ONLY,24,0.1,600,2,264,ok,,0,1,45.16762501,374,1,3.773,13.892,1.76265E+12,1.76265E+12,,,,,,,,,,,,,,,
y1_online_only,LEO_ONLY,24,0.1,600,2,265,ok,,0,1,44.41166701,374,1,3.577,13.522,1.76265E+12,1.76265E+12,,,,,,,,,,,,,,,
y1_online_only,LEO_ONLY,24,0.1,600,2,266,ok,,0,1,48.23804201,374,1,3.778,14.306,1.76265E+12,1.76265E+12,,,,,,,,,,,,,,,
y1_online_only,LEO_ONLY,24,0.1,600,2,267,ok,,0,1,53.91833399,374,1,3.697,14.527,1.76265E+12,1.76265E+12,,,,,,,,,,,,,,,
y1_online_only,LEO_ONLY,24,0.1,600,2,268,ok,,0,1,52.40087502,374,1,3.781,14.468,1.76265E+12,1.76265E+12,,,,,,,,,,,,,,,
y1_online_only,LEO_ONLY,24,0.1,600,2,269,ok,,0,1,49.993625,374,1,3.678,14.539,1.76265E+12,1.76265E+12,,,,,,,,,,,,,,,
y1_online_only,LEO_ONLY,24,0.1,600,2,270,ok,,0,1,44.05566599,374,1,3.576,14.26,1.76265E+12,1.76265E+12,,,,,,,,,,,,,,,
y1_online_only,LEO_ONLY,24,0.1,600,2,271,ok,,0,1,45.37499999,374,1,3.798,14.102,1.76265E+12,1.76265E+12,,,,,,,,,,,,,,,
y1_online_only,LEO_ONLY,24,0.1,600,2,272,ok,,0,1,52.275041,374,1,3.744,14.591,1.76265E+12,1.76265E+12,,,,,,,,,,,,,,,
y1_online_only,LEO_ONLY,24,0.1,600,2,273,ok,,0,1,51.66820899,374,1,4.043,14.755,1.76265E+12,1.76265E+12,,,,,,,,,,,,,,,
y1_online_only,LEO_ONLY,24,0.1,600,2,274,ok,,0,1,50.93541698,374,1,3.779,14.287,1.76265E+12,1.76265E+12,,,,,,,,,,,,,,,
y1_online_only,LEO_ONLY,24,0.1,600,2,275,ok,,0,1,48.80362502,374,1,3.752,14.032,1.76265E+12,1.76265E+12,,,,,,,,,,,,,,,
y1_online_only,LEO_ONLY,24,0.1,600,2,276,ok,,0,1,46.20050002,374,1,3.839,14.514,1.76265E+12,1.76265E+12,,,,,,,,,,,,,,,
y1_online_only,LEO_ONLY,24,0.1,600,2,277,ok,,0,1,54.91470799,374,1,3.66,14.759,1.76265E+12,1.76265E+12,,,,,,,,,,,,,,,
y1_online_only,LEO_ONLY,24,0.1,600,2,278,ok,,0,1,45.57374999,374,1,3.91,14.281,1.76265E+12,1.76265E+12,,,,,,,,,,,,,,,
y1_online_only,LEO_ONLY,24,0.1,600,2,279,ok,,0,1,45.4995,374,1,3.827,14.187,1.76265E+12,1.76265E+12,,,,,,,,,,,,,,,
y1_online_only,LEO_ONLY,24,0.1,600,2,280,ok,,0,1,49.841167,374,1,3.81,14.552,1.76265E+12,1.76265E+12,,,,,,,,,,,,,,,
y1_online_only,LEO_ONLY,24,0.1,600,2,281,ok,,0,1,49.01525,374,1,3.729,14.414,1.76265E+12,1.76265E+12,,,,,,,,,,,,,,,
y1_online_only,LEO_ONLY,24,0.1,600,2,282,ok,,0,1,48.247542,374,1,3.842,14.318,1.76265E+12,1.76265E+12,,,,,,,,,,,,,,,
y1_online_only,LEO_ONLY,24,0.1,600,2,283,ok,,0,1,47.424666,374,1,3.809,14.248,1.76265E+12,1.76265E+12,,,,,,,,,,,,,,,
y1_online_only,LEO_ONLY,24,0.1,600,2,284,ok,,0,1,43.89825001,374,1,3.707,14.554,1.76265E+12,1.76265E+12,,,,,,,,,,,,,,,
y1_online_only,LEO_ONLY,24,0.1,600,2,285,ok,,0,1,50.11566699,374,1,3.815,14.417,1.76265E+12,1.76265E+12,,,,,,,,,,,,,,,
y1_online_only,LEO_ONLY,24,0.1,600,2,286,ok,,0,1,45.224167,374,1,4.349,15.21,1.76265E+12,1.76265E+12,,,,,,,,,,,,,,,
y1_online_only,LEO_ONLY,24,0.1,600,2,287,ok,,0,1,48.19983302,374,1,3.447,13.726,1.76265E+12,1.76265E+12,,,,,,,,,,,,,,,
y1_online_only,LEO_ONLY,24,0.1,600,2,288,ok,,0,1,41.64683403,374,1,3.946,14.46,1.76265E+12,1.76265E+12,,,,,,,,,,,,,,,
y1_online_only,LEO_ONLY,24,0.1,600,2,289,ok,,0,1,47.89033398,374,1,3.678,13.679,1.76265E+12,1.76265E+12,,,,,,,,,,,,,,,
y1_online_only,LEO_ONLY,24,0.1,600,2,290,ok,,0,1,48.606,374,1,3.91,14.537,1.76265E+12,1.76265E+12,,,,,,,,,,,,,,,
y1_online_only,LEO_ONLY,24,0.1,600,2,291,ok,,0,1,48.11854099,374,1,3.556,14.047,1.76265E+12,1.76265E+12,,,,,,,,,,,,,,,
y1_online_only,LEO_ONLY,24,0.1,600,2,292,ok,,0,1,49.985458,374,1,3.789,14.256,1.76265E+12,1.76265E+12,,,,,,,,,,,,,,,
y1_online_only,LEO_ONLY,24,0.1,600,2,293,ok,,0,1,53.25224999,374,1,3.697,14.542,1.76265E+12,1.76265E+12,,,,,,,,,,,,,,,
y1_online_only,LEO_ONLY,24,0.1,600,2,294,ok,,0,1,50.91908301,374,1,3.822,14.44,1.76265E+12,1.76265E+12,,,,,,,,,,,,,,,
y1_online_only,LEO_ONLY,24,0.1,600,2,295,ok,,0,1,54.48808402,374,1,3.762,14.539,1.76265E+12,1.76265E+12,,,,,,,,,,,,,,,
y1_online_only,LEO_ONLY,24,0.1,600,2,296,ok,,0,1,49.305958,374,1,3.93,14.651,1.76265E+12,1.76265E+12,,,,,,,,,,,,,,,
y1_online_only,LEO_ONLY,24,0.1,600,2,297,ok,,0,1,48.411917,374,1,3.57,13.33,1.76265E+12,1.76265E+12,,,,,,,,,,,,,,,
y1_online_only,LEO_ONLY,24,0.1,600,2,298,ok,,0,1,50.07729199,374,1,3.759,13.905,1.76265E+12,1.76265E+12,,,,,,,,,,,,,,,
y1_online_only,LEO_ONLY,24,0.1,600,2,299,ok,,0,1,47.87900002,374,1,3.825,14.753,1.76265E+12,1.76265E+12,,,,,,,,,,,,,,,
y1_online_only,LEO_ONLY,24,0.1,600,2,300,ok,,0,1,44.09195902,373,1,3.767,13.772,1.76265E+12,1.76265E+12,,,,,,,,,,,,,,,
