scenario,mode,rtt_ms,loss_pct,timeout_ms,pto,run,status,failed_stage,errno,attempts,latency_ms,bytes_online,msgs_online,cpu_ms_ue,cpu_ms_leo2,ts5,ts6,rain_profile,bw_factor,down_rate_mbps,up_rate_mbps,bad_ticks,total_ticks,bad_ratio,blackout_events,blackout_ticks,window_profile,window_duration_ms,uplink_delay_ms,down_ready_ms,guard_close_ms,scheduled_blackouts
s3_short_window,SHORT_WINDOW,14,0.5,300,2,1,ok,,,1,57.5464169960469,120,1,26.990000000000002,10.742999999999995,1763529575303,1763529575328,,,,,,,,,,short,7760,338,277,208,1
s3_short_window,SHORT_WINDOW,14,0.5,300,2,2,ok,,,1,43.77495899097994,120,1,23.02799999999999,10.053999999999988,1763529584918,1763529584932,,,,,,,,,,short,6518,482,309,224,1
s3_short_window,SHORT_WINDOW,14,0.5,300,2,3,ok,,,1,47.57612501271069,120,1,25.506000000000007,11.406999999999954,1763529593622,1763529593638,,,,,,,,,,short,7150,796,205,186,1
s3_short_window,SHORT_WINDOW,14,0.5,300,2,4,ok,,,1,50.71612499887124,120,1,25.769999999999996,11.794000000000011,1763529602404,1763529602423,,,,,,,,,,short,6884,620,266,230,0
s3_short_window,SHORT_WINDOW,14,0.5,300,2,5,ok,,,1,48.875999986194074,120,1,26.57699999999999,11.322000000000003,1763529610937,1763529610952,,,,,,,,,,short,6649,532,267,175,3
s3_short_window,SHORT_WINDOW,14,0.5,300,2,6,ok,,,1,42.11612499784678,120,1,23.214,10.149000000000001,1763529619362,1763529619376,,,,,,,,,,short,7712,524,343,280,2
s3_short_window,SHORT_WINDOW,14,0.5,300,2,7,ok,,,1,53.06737497448921,120,1,27.327000000000005,10.972000000000008,1763529628567,1763529628586,,,,,,,,,,short,6572,253,239,190,2
s3_short_window,SHORT_WINDOW,14,0.5,300,2,8,ok,,,1,45.19445897312835,120,1,23.599999999999994,10.335000000000008,1763529637504,1763529637520,,,,,,,,,,short,6901,898,349,223,1
s3_short_window,SHORT_WINDOW,14,0.5,300,2,9,ok,,,1,49.67712500365451,120,1,25.789999999999985,12.085000000000036,1763529646007,1763529646025,,,,,,,,,,short,5761,763,240,268,1
s3_short_window,SHORT_WINDOW,14,0.5,300,2,10,ok,,,1,49.624625011347234,120,1,25.60499999999999,11.599999999999994,1763529653540,1763529653557,,,,,,,,,,short,6173,831,347,208,0
s3_short_window,SHORT_WINDOW,14,0.5,300,2,11,ok,,,1,48.20545797701925,120,1,25.377000000000002,10.0,1763529660994,1763529661013,,,,,,,,,,short,7167,365,266,241,1
s3_short_window,SHORT_WINDOW,14,0.5,300,2,12,ok,,,1,49.41408400190994,120,1,25.969000000000015,11.54000000000002,1763529670086,1763529670102,,,,,,,,,,short,6554,549,232,189,3
s3_short_window,SHORT_WINDOW,14,0.5,300,2,13,ok,,,2,373.34483402082697,240,2,47.297,12.150999999999954,1763529678905,1763529678923,,,,,,,,,,short,7597,797,211,271,1
s3_short_window,SHORT_WINDOW,14,0.5,300,2,14,ok,,,1,50.170583999715745,120,1,25.541000000000004,12.06899999999996,1763529687897,1763529687914,,,,,,,,,,short,6525,775,316,278,0
s3_short_window,SHORT_WINDOW,14,0.5,300,2,15,ok,,,1,47.10466699907556,120,1,23.593999999999994,11.19500000000005,1763529695744,1763529695760,,,,,,,,,,short,7295,440,278,174,0
s3_short_window,SHORT_WINDOW,14,0.5,300,2,16,ok,,,1,45.15279101906344,120,1,23.043000000000003,10.09499999999997,1763529705002,1763529705019,,,,,,,,,,short,6142,656,334,219,2
s3_short_window,SHORT_WINDOW,14,0.5,300,2,17,ok,,,1,47.96987498411909,120,1,23.552000000000007,10.573999999999955,1763529712582,1763529712600,,,,,,,,,,short,6393,415,236,159,1
s3_short_window,SHORT_WINDOW,14,0.5,300,2,18,ok,,,2,388.0587510066107,240,2,52.48499999999999,20.25400000000002,1763529721523,1763529721551,,,,,,,,,,short,7010,852,307,180,0
s3_short_window,SHORT_WINDOW,14,0.5,300,2,19,ok,,,1,50.67549995146692,120,1,26.641999999999996,12.213999999999999,1763529729396,1763529729413,,,,,,,,,,short,7287,350,267,186,2
s3_short_window,SHORT_WINDOW,14,0.5,300,2,20,ok,,,1,47.063999983947724,120,1,25.088,11.559999999999945,1763529738776,1763529738791,,,,,,,,,,short,6824,637,252,265,0
s3_short_window,SHORT_WINDOW,14,0.5,300,2,21,ok,,,1,51.63929099217057,120,1,25.616999999999997,12.95700000000005,1763529746948,1763529746966,,,,,,,,,,short,6494,351,272,259,3
s3_short_window,SHORT_WINDOW,14,0.5,300,2,22,ok,,,2,389.36570897931233,240,2,53.44699999999999,21.20300000000003,1763529755380,1763529755410,,,,,,,,,,short,6353,268,218,155,0
s3_short_window,SHORT_WINDOW,14,0.5,300,2,23,ok,,,1,49.863666004966944,120,1,26.915999999999997,11.964000000000055,1763529763199,1763529763215,,,,,,,,,,short,5942,303,273,198,3
s3_short_window,SHORT_WINDOW,14,0.5,300,2,24,ok,,,1,50.06212502485141,120,1,25.354999999999997,11.569999999999936,1763529771024,1763529771041,,,,,,,,,,short,6987,625,201,218,2
s3_short_window,SHORT_WINDOW,14,0.5,300,2,25,ok,,,1,49.296417040750384,120,1,25.19599999999999,10.419999999999959,1763529779847,1763529779863,,,,,,,,,,short,7228,712,212,252,0
s3_short_window,SHORT_WINDOW,14,0.5,300,2,26,ok,,,1,48.578749992884696,120,1,25.008999999999986,11.442000000000007,1763529788702,1763529788718,,,,,,,,,,short,5874,605,202,245,2
s3_short_window,SHORT_WINDOW,14,0.5,300,2,27,ok,,,1,47.2209170111455,120,1,23.793999999999997,11.899000000000001,1763529796111,1763529796127,,,,,,,,,,short,7475,555,319,174,1
s3_short_window,SHORT_WINDOW,14,0.5,300,2,28,ok,,,1,47.39954200340435,120,1,25.734999999999992,11.798000000000002,1763529805594,1763529805610,,,,,,,,,,short,6423,774,272,160,2
s3_short_window,SHORT_WINDOW,14,0.5,300,2,29,ok,,,1,53.432125016115606,120,1,26.041999999999994,12.083999999999946,1763529813475,1763529813495,,,,,,,,,,short,6825,599,210,279,1
s3_short_window,SHORT_WINDOW,14,0.5,300,2,30,ok,,,1,50.43704097624868,120,1,25.506000000000007,11.783000000000015,1763529822363,1763529822381,,,,,,,,,,short,7232,830,293,178,0
s3_short_window,SHORT_WINDOW,14,0.5,300,2,31,ok,,,3,677.9264169745147,360,3,47.644999999999996,12.159999999999968,1763529831740,1763529831759,,,,,,,,,,short,6004,637,288,216,3
s3_short_window,SHORT_WINDOW,14,0.5,300,2,32,ok,,,1,49.98379200696945,120,1,25.908999999999992,12.086000000000013,1763529839073,1763529839090,,,,,,,,,,short,6134,699,250,246,1
s3_short_window,SHORT_WINDOW,14,0.5,300,2,33,ok,,,1,47.67549998359755,120,1,25.016000000000012,11.275999999999954,1763529846745,1763529846762,,,,,,,,,,short,6252,578,259,221,0
s3_short_window,SHORT_WINDOW,14,0.5,300,2,34,ok,,,1,49.14637497859076,120,1,24.18699999999999,10.936999999999898,1763529854730,1763529854747,,,,,,,,,,short,6156,550,341,170,0
s3_short_window,SHORT_WINDOW,14,0.5,300,2,35,ok,,,1,43.907333980314434,120,1,24.150000000000006,10.807999999999993,1763529862852,1763529862866,,,,,,,,,,short,6242,699,252,264,1
s3_short_window,SHORT_WINDOW,14,0.5,300,2,36,ok,,,2,387.0039579924196,240,2,53.12099999999999,20.899,1763529870669,1763529870698,,,,,,,,,,short,7050,256,307,161,0
s3_short_window,SHORT_WINDOW,14,0.5,300,2,37,ok,,,1,50.50204100552946,120,1,28.762,11.323999999999955,1763529879230,1763529879247,,,,,,,,,,short,6407,402,320,253,2
s3_short_window,SHORT_WINDOW,14,0.5,300,2,38,ok,,,1,46.71099997358397,120,1,25.675999999999988,11.051000000000045,1763529887330,1763529887345,,,,,,,,,,short,6576,284,274,272,1
s3_short_window,SHORT_WINDOW,14,0.5,300,2,39,ok,,,1,48.93758398247883,120,1,25.39099999999999,11.824999999999932,1763529896337,1763529896354,,,,,,,,,,short,7261,840,323,235,0
s3_short_window,SHORT_WINDOW,14,0.5,300,2,40,ok,,,1,46.81533301481977,120,1,24.235,11.347999999999956,1763529905446,1763529905461,,,,,,,,,,short,6361,885,209,219,0
s3_short_window,SHORT_WINDOW,14,0.5,300,2,41,ok,,,1,49.590917013119906,120,1,25.384999999999998,11.909999999999968,1763529913353,1763529913368,,,,,,,,,,short,7494,786,258,237,1
s3_short_window,SHORT_WINDOW,14,0.5,300,2,42,ok,,,1,50.20370800048113,120,1,25.242999999999995,11.848999999999933,1763529922595,1763529922612,,,,,,,,,,short,7704,768,202,265,1
s3_short_window,SHORT_WINDOW,14,0.5,300,2,43,ok,,,1,51.113415975123644,120,1,25.87300000000001,12.124000000000024,1763529932001,1763529932020,,,,,,,,,,short,7890,727,285,193,2
s3_short_window,SHORT_WINDOW,14,0.5,300,2,44,ok,,,1,52.84441699041054,120,1,25.828999999999994,12.055999999999926,1763529941476,1763529941495,,,,,,,,,,short,7566,710,322,278,0
s3_short_window,SHORT_WINDOW,14,0.5,300,2,45,ok,,,1,50.14158401172608,120,1,25.57,12.159999999999968,1763529950919,1763529950938,,,,,,,,,,short,7725,845,290,178,1
s3_short_window,SHORT_WINDOW,14,0.5,300,2,46,ok,,,1,48.63933299202472,120,1,23.690999999999995,11.048000000000002,1763529960078,1763529960095,,,,,,,,,,short,7305,550,324,162,1
s3_short_window,SHORT_WINDOW,14,0.5,300,2,47,ok,,,1,50.260999996680766,120,1,27.745000000000005,11.370000000000005,1763529968810,1763529968827,,,,,,,,,,short,6946,290,242,236,1
s3_short_window,SHORT_WINDOW,14,0.5,300,2,48,ok,,,1,49.24466600641608,120,1,27.275999999999996,11.07000000000005,1763529977516,1763529977532,,,,,,,,,,short,6161,353,315,187,1
s3_short_window,SHORT_WINDOW,14,0.5,300,2,49,ok,,,2,367.3631660058163,240,2,40.082999999999984,12.901000000000067,1763529985652,1763529985675,,,,,,,,,,short,6016,252,318,231,0
s3_short_window,SHORT_WINDOW,14,0.5,300,2,50,ok,,,1,48.44937496818602,120,1,25.995999999999988,12.076000000000022,1763529993677,1763529993691,,,,,,,,,,short,7664,784,250,166,2
s3_short_window,SHORT_WINDOW,14,0.5,300,2,51,ok,,,1,47.97345900442451,120,1,23.691000000000003,10.964999999999918,1763530002864,1763530002880,,,,,,,,,,short,6858,583,325,172,0
s3_short_window,SHORT_WINDOW,14,0.5,300,2,52,ok,,,3,678.3740840037353,360,3,51.17999999999999,12.388000000000147,1763530012319,1763530012337,,,,,,,,,,short,6468,781,324,190,1
s3_short_window,SHORT_WINDOW,14,0.5,300,2,53,ok,,,1,48.778624972328544,120,1,25.739999999999995,11.837999999999965,1763530019786,1763530019803,,,,,,,,,,short,6328,647,225,239,2
s3_short_window,SHORT_WINDOW,14,0.5,300,2,54,ok,,,1,44.185373990330845,120,1,23.257,10.605999999999767,1763530027705,1763530027721,,,,,,,,,,short,6538,590,333,152,0
s3_short_window,SHORT_WINDOW,14,0.5,300,2,55,ok,,,1,45.4199580126442,120,1,23.204,10.571999999999889,1763530035906,1763530035921,,,,,,,,,,short,7610,491,320,157,0
s3_short_window,SHORT_WINDOW,14,0.5,300,2,56,ok,,,1,52.38800001097843,120,1,26.934000000000005,12.774000000000115,1763530045377,1763530045394,,,,,,,,,,short,5910,571,225,249,4
s3_short_window,SHORT_WINDOW,14,0.5,300,2,57,ok,,,1,44.88875000970438,120,1,22.886000000000003,11.713999999999942,1763530052722,1763530052736,,,,,,,,,,short,7551,406,256,246,1
s3_short_window,SHORT_WINDOW,14,0.5,300,2,58,ok,,,1,48.53329202160239,120,1,24.918,11.093000000000075,1763530061936,1763530061953,,,,,,,,,,short,6020,359,296,243,1
s3_short_window,SHORT_WINDOW,14,0.5,300,2,59,ok,,,1,47.363791964016855,120,1,22.993000000000002,10.170000000000073,1763530070004,1763530070021,,,,,,,,,,short,6828,666,274,182,2
s3_short_window,SHORT_WINDOW,14,0.5,300,2,60,ok,,,1,48.76008298015222,120,1,26.102999999999994,10.842999999999847,1763530078222,1763530078241,,,,,,,,,,short,6931,335,207,189,2
s3_short_window,SHORT_WINDOW,14,0.5,300,2,61,ok,,,1,48.81020897300914,120,1,22.856,10.580000000000155,1763530087050,1763530087068,,,,,,,,,,short,5956,456,273,172,2
s3_short_window,SHORT_WINDOW,14,0.5,300,2,62,ok,,,1,46.93658300675452,120,1,23.802,11.078000000000202,1763530094770,1763530094786,,,,,,,,,,short,6294,459,233,200,2
s3_short_window,SHORT_WINDOW,14,0.5,300,2,63,ok,,,1,48.40462503489107,120,1,24.243000000000002,11.068000000000211,1763530102972,1763530102989,,,,,,,,,,short,7776,611,340,201,2
s3_short_window,SHORT_WINDOW,14,0.5,300,2,64,ok,,,1,45.98383296979591,120,1,25.177999999999997,11.465000000000146,1763530112660,1763530112675,,,,,,,,,,short,7117,740,271,210,1
s3_short_window,SHORT_WINDOW,14,0.5,300,2,65,ok,,,1,49.694916990119964,120,1,24.183,10.975000000000136,1763530121244,1763530121263,,,,,,,,,,short,7737,519,237,191,4
s3_short_window,SHORT_WINDOW,14,0.5,300,2,66,ok,,,1,46.43416602630168,120,1,26.84499999999999,10.538000000000011,1763530130529,1763530130543,,,,,,,,,,short,7546,284,250,230,1
s3_short_window,SHORT_WINDOW,14,0.5,300,2,67,ok,,,1,47.49091697158292,120,1,25.676000000000002,11.72400000000016,1763530140125,1763530140141,,,,,,,,,,short,5769,647,278,251,1
s3_short_window,SHORT_WINDOW,14,0.5,300,2,68,ok,,,1,47.633875044994056,120,1,24.098999999999997,12.84199999999987,1763530147212,1763530147228,,,,,,,,,,short,6258,348,224,237,0
s3_short_window,SHORT_WINDOW,14,0.5,300,2,69,ok,,,1,50.18274998292327,120,1,25.062000000000005,11.581000000000131,1763530155530,1763530155547,,,,,,,,,,short,7513,590,237,191,0
s3_short_window,SHORT_WINDOW,14,0.5,300,2,70,ok,,,1,47.35362500650808,120,1,24.310000000000002,11.559000000000196,1763530164531,1763530164546,,,,,,,,,,short,6153,368,278,264,0
s3_short_window,SHORT_WINDOW,14,0.5,300,2,71,ok,,,1,44.91554101696238,120,1,24.02199999999999,11.188000000000102,1763530172406,1763530172421,,,,,,,,,,short,7743,335,333,208,3
s3_short_window,SHORT_WINDOW,14,0.5,300,2,72,ok,,,1,45.05679098656401,120,1,23.802999999999997,10.751999999999953,1763530181882,1763530181897,,,,,,,,,,short,6286,526,311,224,1
s3_short_window,SHORT_WINDOW,14,0.5,300,2,73,ok,,,1,47.07820899784565,120,1,24.205,10.949999999999818,1763530189614,1763530189630,,,,,,,,,,short,5882,291,220,239,1
s3_short_window,SHORT_WINDOW,14,0.5,300,2,74,ok,,,1,50.313208950683475,120,1,24.753999999999998,13.09199999999987,1763530197141,1763530197159,,,,,,,,,,short,6694,473,311,209,3
s3_short_window,SHORT_WINDOW,14,0.5,300,2,75,ok,,,1,49.70899998443201,120,1,24.57099999999999,10.738999999999805,1763530205559,1763530205577,,,,,,,,,,short,6318,508,242,192,1
s3_short_window,SHORT_WINDOW,14,0.5,300,2,76,ok,,,1,50.33658299362287,120,1,25.442999999999998,11.857999999999947,1763530213915,1763530213933,,,,,,,,,,short,6062,733,250,172,0
s3_short_window,SHORT_WINDOW,14,0.5,300,2,77,ok,,,1,47.55279200617224,120,1,24.323000000000008,11.674999999999727,1763530221281,1763530221296,,,,,,,,,,short,6277,312,230,266,2
s3_short_window,SHORT_WINDOW,14,0.5,300,2,78,ok,,,1,48.005541029851884,120,1,27.332,10.476999999999862,1763530229423,1763530229440,,,,,,,,,,short,6587,430,324,262,0
s3_short_window,SHORT_WINDOW,14,0.5,300,2,79,ok,,,1,49.649499997030944,120,1,28.79,11.597999999999956,1763530237663,1763530237678,,,,,,,,,,short,7158,339,308,244,1
s3_short_window,SHORT_WINDOW,14,0.5,300,2,80,ok,,,2,358.23083302238956,240,2,32.293,13.917000000000144,1763530247073,1763530247088,,,,,,,,,,short,6028,457,320,254,2
s3_short_window,SHORT_WINDOW,14,0.5,300,2,81,ok,,,1,44.93820801144466,120,1,23.63,10.703000000000202,1763530254543,1763530254556,,,,,,,,,,short,7508,513,333,151,1
s3_short_window,SHORT_WINDOW,14,0.5,300,2,82,ok,,,2,387.55804096581414,240,2,51.705999999999996,20.825999999999567,1763530263959,1763530263987,,,,,,,,,,short,6353,298,296,233,2
s3_short_window,SHORT_WINDOW,14,0.5,300,2,83,ok,,,1,48.756750009488314,120,1,25.409000000000006,11.945999999999913,1763530272055,1763530272072,,,,,,,,,,short,7330,557,201,197,0
s3_short_window,SHORT_WINDOW,14,0.5,300,2,84,ok,,,1,49.07100001582876,120,1,25.537,11.902000000000271,1763530281270,1763530281287,,,,,,,,,,short,7357,690,301,188,0
s3_short_window,SHORT_WINDOW,14,0.5,300,2,85,ok,,,1,51.420000032521784,120,1,29.842999999999996,10.980000000000018,1763530289967,1763530289982,,,,,,,,,,short,6763,261,267,185,1
s3_short_window,SHORT_WINDOW,14,0.5,300,2,86,ok,,,1,46.49358300957829,120,1,23.595,10.369000000000142,1763530298671,1763530298687,,,,,,,,,,short,5916,478,310,242,1
s3_short_window,SHORT_WINDOW,14,0.5,300,2,87,ok,,,1,48.0596250272356,120,1,24.532999999999994,11.307000000000016,1763530306510,1763530306528,,,,,,,,,,short,6191,646,338,255,0
s3_short_window,SHORT_WINDOW,14,0.5,300,2,88,ok,,,1,49.135667039081454,120,1,26.84900000000001,11.352999999999838,1763530314127,1763530314142,,,,,,,,,,short,7085,349,327,157,4
s3_short_window,SHORT_WINDOW,14,0.5,300,2,89,ok,,,3,690.0950000272132,360,3,59.52099999999999,15.065000000000282,1763530323833,1763530323849,,,,,,,,,,short,6898,640,342,235,2
s3_short_window,SHORT_WINDOW,14,0.5,300,2,90,ok,,,1,48.29812503885478,120,1,26.54399999999999,10.09699999999998,1763530331551,1763530331569,,,,,,,,,,short,7776,420,293,154,0
s3_short_window,SHORT_WINDOW,14,0.5,300,2,91,ok,,,1,48.776457959320396,120,1,23.771,11.240999999999758,1763530341050,1763530341067,,,,,,,,,,short,6128,376,218,217,0
s3_short_window,SHORT_WINDOW,14,0.5,300,2,92,ok,,,1,50.10595900239423,120,1,25.195999999999984,11.57899999999995,1763530349101,1763530349119,,,,,,,,,,short,7249,577,270,152,1
s3_short_window,SHORT_WINDOW,14,0.5,300,2,93,ok,,,1,50.6697500240989,120,1,25.786999999999992,12.10200000000009,1763530358199,1763530358216,,,,,,,,,,short,5939,706,233,254,0
s3_short_window,SHORT_WINDOW,14,0.5,300,2,94,ok,,,1,45.75895797461271,120,1,23.138999999999996,10.759000000000015,1763530365550,1763530365566,,,,,,,,,,short,6454,427,271,156,0
s3_short_window,SHORT_WINDOW,14,0.5,300,2,95,ok,,,1,45.12066702591255,120,1,22.596,10.06699999999978,1763530373722,1763530373739,,,,,,,,,,short,7129,471,287,203,1
s3_short_window,SHORT_WINDOW,14,0.5,300,2,96,ok,,,2,362.8117079497315,240,2,36.859,13.558999999999969,1763530383436,1763530383454,,,,,,,,,,short,6328,893,330,196,2
s3_short_window,SHORT_WINDOW,14,0.5,300,2,97,ok,,,1,50.42154202237725,120,1,24.929000000000002,10.674999999999955,1763530390756,1763530390774,,,,,,,,,,short,6213,418,254,220,1
s3_short_window,SHORT_WINDOW,14,0.5,300,2,98,ok,,,1,46.908708987757564,120,1,25.316999999999993,11.520999999999958,1763530399114,1763530399129,,,,,,,,,,short,6633,805,285,222,1
s3_short_window,SHORT_WINDOW,14,0.5,300,2,99,ok,,,2,374.09908400150016,240,2,44.86399999999999,16.74499999999989,1763530407597,1763530407619,,,,,,,,,,short,6322,834,216,269,1
s3_short_window,SHORT_WINDOW,14,0.5,300,2,100,ok,,,3,687.7720010234043,360,3,58.607,13.705000000000382,1763530415995,1763530416010,,,,,,,,,,short,7291,879,296,258,1
s3_short_window,SHORT_WINDOW,14,0.5,300,2,101,ok,,,1,45.50608299905434,120,1,24.03099999999999,11.108999999999924,1763530423786,1763530423802,,,,,,,,,,short,7448,328,215,184,2
s3_short_window,SHORT_WINDOW,14,0.5,300,2,102,ok,,,1,46.785500016994774,120,1,23.951000000000004,12.599999999999909,1763530433137,1763530433151,,,,,,,,,,short,6349,453,349,234,2
s3_short_window,SHORT_WINDOW,14,0.5,300,2,103,ok,,,1,48.7242920207791,120,1,25.138999999999996,11.789999999999964,1763530441446,1763530441463,,,,,,,,,,short,6963,633,227,275,1
s3_short_window,SHORT_WINDOW,14,0.5,300,2,104,ok,,,1,49.249582982156426,120,1,25.002999999999993,11.49200000000019,1763530450238,1763530450255,,,,,,,,,,short,7234,738,256,160,0
s3_short_window,SHORT_WINDOW,14,0.5,300,2,105,ok,,,1,47.67637501936406,120,1,25.11,11.796000000000276,1763530459236,1763530459252,,,,,,,,,,short,7245,735,349,198,0
s3_short_window,SHORT_WINDOW,14,0.5,300,2,106,ok,,,1,48.93512499984354,120,1,24.426000000000002,11.177000000000135,1763530467950,1763530467968,,,,,,,,,,short,6704,520,220,236,0
s3_short_window,SHORT_WINDOW,14,0.5,300,2,107,ok,,,1,48.55849995510653,120,1,25.08,12.897999999999683,1763530476275,1763530476290,,,,,,,,,,short,6174,414,315,242,0
s3_short_window,SHORT_WINDOW,14,0.5,300,2,108,ok,,,1,50.19770801300183,120,1,25.797999999999995,11.530999999999494,1763530484125,1763530484144,,,,,,,,,,short,6308,306,338,210,2
s3_short_window,SHORT_WINDOW,14,0.5,300,2,109,ok,,,3,681.045001023449,360,3,55.57800000000001,12.916999999999916,1763530492797,1763530492813,,,,,,,,,,short,7258,556,252,184,4
s3_short_window,SHORT_WINDOW,14,0.5,300,2,110,ok,,,1,51.31100001744926,120,1,25.336999999999996,11.97400000000016,1763530501306,1763530501324,,,,,,,,,,short,6457,669,297,251,0
s3_short_window,SHORT_WINDOW,14,0.5,300,2,111,ok,,,1,45.50445795757696,120,1,24.200999999999993,10.990000000000691,1763530509371,1763530509386,,,,,,,,,,short,7092,482,292,196,2
s3_short_window,SHORT_WINDOW,14,0.5,300,2,112,ok,,,1,50.52970803808421,120,1,25.185000000000002,11.803000000000338,1763530518518,1763530518536,,,,,,,,,,short,5899,616,231,265,0
s3_short_window,SHORT_WINDOW,14,0.5,300,2,113,ok,,,2,392.81304099131376,240,2,39.74799999999999,16.289999999999964,1763530526357,1763530526380,,,,,,,,,,short,6881,287,348,161,1
s3_short_window,SHORT_WINDOW,14,0.5,300,2,114,ok,,,1,49.651707988232374,120,1,25.611000000000004,11.941000000000258,1763530535055,1763530535072,,,,,,,,,,short,7220,682,239,228,1
s3_short_window,SHORT_WINDOW,14,0.5,300,2,115,ok,,,1,52.47633304679766,120,1,26.01400000000001,13.097999999999956,1763531151301,1763531151319,,,,,,,,,,short,6046,783,283,209,1
s3_short_window,SHORT_WINDOW,14,0.5,300,2,116,ok,,,1,49.85179204959422,120,1,25.878000000000007,11.802999999999429,1763531159194,1763531159212,,,,,,,,,,short,5996,826,230,171,0
s3_short_window,SHORT_WINDOW,14,0.5,300,2,117,ok,,,2,384.2703750124201,240,2,48.05,18.649000000000342,1763531166716,1763531166741,,,,,,,,,,short,7134,251,334,213,2
s3_short_window,SHORT_WINDOW,14,0.5,300,2,118,ok,,,1,49.14879094576463,120,1,26.432999999999993,12.083000000000084,1763531175692,1763531175707,,,,,,,,,,short,6297,546,335,216,1
s3_short_window,SHORT_WINDOW,14,0.5,300,2,119,ok,,,1,46.06608295580372,120,1,23.398999999999994,10.389999999999873,1763531183531,1763531183548,,,,,,,,,,short,7098,450,314,193,1
s3_short_window,SHORT_WINDOW,14,0.5,300,2,120,ok,,,1,50.66904204431921,120,1,26.104000000000006,11.963999999999487,1763531192808,1763531192824,,,,,,,,,,short,6596,818,338,263,0
s3_short_window,SHORT_WINDOW,14,0.5,300,2,121,ok,,,1,45.73087499011308,120,1,23.843000000000004,11.019000000000233,1763531200770,1763531200787,,,,,,,,,,short,6691,445,252,154,1
s3_short_window,SHORT_WINDOW,14,0.5,300,2,122,ok,,,1,41.19404096854851,120,1,23.118999999999993,10.469000000000051,1763531209193,1763531209206,,,,,,,,,,short,6029,485,282,190,0
s3_short_window,SHORT_WINDOW,14,0.5,300,2,123,ok,,,1,56.405791954603046,120,1,33.864,11.39200000000028,1763531217319,1763531217333,,,,,,,,,,short,7330,747,286,217,0
s3_short_window,SHORT_WINDOW,14,0.5,300,2,124,ok,,,1,48.718541976995766,120,1,25.601999999999997,11.819999999999709,1763531226405,1763531226422,,,,,,,,,,short,7582,751,333,266,1
s3_short_window,SHORT_WINDOW,14,0.5,300,2,125,ok,,,1,50.91487499885261,120,1,27.28000000000001,11.225000000000364,1763531235340,1763531235357,,,,,,,,,,short,6944,311,297,156,0
s3_short_window,SHORT_WINDOW,14,0.5,300,2,126,ok,,,1,49.86049997387454,120,1,25.60599999999998,11.653999999999542,1763531244352,1763531244370,,,,,,,,,,short,6450,608,257,169,0
s3_short_window,SHORT_WINDOW,14,0.5,300,2,127,ok,,,1,48.26666601002216,120,1,25.933000000000007,11.144999999999982,1763531252240,1763531252257,,,,,,,,,,short,6053,280,311,178,0
s3_short_window,SHORT_WINDOW,14,0.5,300,2,128,ok,,,1,51.78658303339034,120,1,25.968999999999994,11.987999999999829,1763531260488,1763531260506,,,,,,,,,,short,7017,687,241,239,1
s3_short_window,SHORT_WINDOW,14,0.5,300,2,129,ok,,,1,50.13333400711417,120,1,25.69599999999999,11.691000000000258,1763531269309,1763531269327,,,,,,,,,,short,6324,688,276,217,1
s3_short_window,SHORT_WINDOW,14,0.5,300,2,130,ok,,,1,50.718958023935556,120,1,25.190999999999995,11.722000000000207,1763531277203,1763531277221,,,,,,,,,,short,6369,659,308,165,1
s3_short_window,SHORT_WINDOW,14,0.5,300,2,131,ok,,,1,49.9074169783853,120,1,25.320000000000007,11.661999999999807,1763531285344,1763531285361,,,,,,,,,,short,7119,641,259,233,2
s3_short_window,SHORT_WINDOW,14,0.5,300,2,132,ok,,,1,45.00591702526435,120,1,24.189999999999998,11.147999999999683,1763531294123,1763531294137,,,,,,,,,,short,6039,531,256,167,0
s3_short_window,SHORT_WINDOW,14,0.5,300,2,133,ok,,,1,47.323959006462246,120,1,24.848,10.53899999999976,1763531301899,1763531301913,,,,,,,,,,short,6386,484,288,239,0
s3_short_window,SHORT_WINDOW,14,0.5,300,2,134,ok,,,1,46.67058301856741,120,1,25.019,10.65899999999965,1763531309990,1763531310005,,,,,,,,,,short,6966,383,335,170,0
s3_short_window,SHORT_WINDOW,14,0.5,300,2,135,ok,,,2,389.56683297874406,240,2,54.867999999999995,20.739000000000487,1763531318980,1763531319011,,,,,,,,,,short,7643,315,333,211,2
s3_short_window,SHORT_WINDOW,14,0.5,300,2,136,ok,,,1,44.09612499875948,120,1,24.19299999999999,10.644999999999072,1763531328068,1763531328082,,,,,,,,,,short,7028,462,340,175,0
s3_short_window,SHORT_WINDOW,14,0.5,300,2,137,ok,,,1,49.20579196186736,120,1,25.037999999999997,10.952000000000226,1763531337177,1763531337194,,,,,,,,,,short,5986,775,207,222,0
s3_short_window,SHORT_WINDOW,14,0.5,300,2,138,ok,,,1,45.51695799455047,120,1,26.406000000000006,10.843000000000302,1763531344602,1763531344617,,,,,,,,,,short,6563,346,255,262,1
s3_short_window,SHORT_WINDOW,14,0.5,300,2,139,ok,,,1,48.42262499732897,120,1,24.821000000000005,11.567000000000007,1763531353162,1763531353178,,,,,,,,,,short,6839,585,251,256,1
s3_short_window,SHORT_WINDOW,14,0.5,300,2,140,ok,,,1,48.51849999977276,120,1,25.061999999999998,10.961999999999989,1763531361533,1763531361549,,,,,,,,,,short,6192,358,336,254,2
s3_short_window,SHORT_WINDOW,14,0.5,300,2,141,ok,,,1,45.49133300315589,120,1,24.678999999999995,11.311999999999443,1763531369694,1763531369708,,,,,,,,,,short,7000,640,305,169,0
s3_short_window,SHORT_WINDOW,14,0.5,300,2,142,ok,,,1,45.962999982293695,120,1,26.571999999999996,10.266000000000076,1763531378109,1763531378125,,,,,,,,,,short,7795,337,236,247,3
s3_short_window,SHORT_WINDOW,14,0.5,300,2,143,ok,,,1,46.94520804332569,120,1,25.434000000000005,11.776000000000295,1763531387845,1763531387861,,,,,,,,,,short,6924,625,265,225,3
s3_short_window,SHORT_WINDOW,14,0.5,300,2,144,ok,,,1,47.62908298289403,120,1,25.702000000000005,11.628000000000156,1763531396783,1763531396799,,,,,,,,,,short,5866,760,318,177,1
s3_short_window,SHORT_WINDOW,14,0.5,300,2,145,ok,,,1,49.595040967687964,120,1,25.467999999999996,11.989000000000487,1763531404436,1763531404453,,,,,,,,,,short,7468,815,210,241,1
s3_short_window,SHORT_WINDOW,14,0.5,300,2,146,ok,,,1,45.95370899187401,120,1,24.028999999999996,11.024999999999636,1763531413253,1763531413268,,,,,,,,,,short,7276,426,247,205,3
s3_short_window,SHORT_WINDOW,14,0.5,300,2,147,ok,,,1,48.21220797020942,120,1,26.115999999999993,10.743000000000393,1763531422070,1763531422086,,,,,,,,,,short,7744,384,250,195,0
s3_short_window,SHORT_WINDOW,14,0.5,300,2,148,ok,,,1,45.73033400811255,120,1,26.046999999999997,10.751000000000204,1763531431605,1763531431619,,,,,,,,,,short,6427,403,278,207,3
s3_short_window,SHORT_WINDOW,14,0.5,300,2,149,ok,,,1,48.50270802853629,120,1,26.163999999999994,12.018000000000029,1763531440271,1763531440287,,,,,,,,,,short,6363,856,301,220,2
s3_short_window,SHORT_WINDOW,14,0.5,300,2,150,ok,,,1,50.7722920156084,120,1,26.35,11.492999999999938,1763531448222,1763531448240,,,,,,,,,,short,6906,716,263,261,3
s3_short_window,SHORT_WINDOW,14,0.5,300,2,151,ok,,,1,53.42729203402996,120,1,27.930999999999997,12.45300000000043,1763531456924,1763531456941,,,,,,,,,,short,6311,707,286,247,0
s3_short_window,SHORT_WINDOW,14,0.5,300,2,152,ok,,,1,45.86008400656283,120,1,23.825000000000003,10.739000000000033,1763531464811,1763531464826,,,,,,,,,,short,7380,539,264,216,4
s3_short_window,SHORT_WINDOW,14,0.5,300,2,153,ok,,,1,46.63050000090152,120,1,23.983999999999995,10.98700000000008,1763531473812,1763531473828,,,,,,,,,,short,6470,445,219,168,1
s3_short_window,SHORT_WINDOW,14,0.5,300,2,154,ok,,,1,45.34691700246185,120,1,25.235000000000007,11.015000000000327,1763531482001,1763531482014,,,,,,,,,,short,7156,307,324,198,2
s3_short_window,SHORT_WINDOW,14,0.5,300,2,155,ok,,,1,50.756749988067895,120,1,25.337999999999994,11.734000000000378,1763531491287,1763531491305,,,,,,,,,,short,7020,744,233,163,1
s3_short_window,SHORT_WINDOW,14,0.5,300,2,156,ok,,,1,50.87741604074836,120,1,24.490999999999993,11.056999999999789,1763531500084,1763531500104,,,,,,,,,,short,6677,778,213,211,2
s3_short_window,SHORT_WINDOW,14,0.5,300,2,157,ok,,,1,44.62545894784853,120,1,23.519,10.780999999999949,1763531508078,1763531508094,,,,,,,,,,short,7238,515,277,267,1
s3_short_window,SHORT_WINDOW,14,0.5,300,2,158,ok,,,1,44.611249992158264,120,1,23.432000000000002,10.458000000000084,1763531517065,1763531517081,,,,,,,,,,short,6443,432,239,268,0
s3_short_window,SHORT_WINDOW,14,0.5,300,2,159,ok,,,1,46.07516701798886,120,1,24.91100000000001,11.623000000000047,1763531525801,1763531525816,,,,,,,,,,short,6398,884,214,204,1
s3_short_window,SHORT_WINDOW,14,0.5,300,2,160,ok,,,1,46.81962501490489,120,1,25.247999999999998,11.652000000000498,1763531533718,1763531533733,,,,,,,,,,short,6956,695,350,206,0
s3_short_window,SHORT_WINDOW,14,0.5,300,2,161,ok,,,1,47.47320798924193,120,1,25.621999999999986,11.94900000000007,1763531542545,1763531542560,,,,,,,,,,short,6643,818,254,210,2
s3_short_window,SHORT_WINDOW,14,0.5,300,2,162,ok,,,2,392.33875001082197,240,2,52.96199999999999,21.913000000000466,1763531550617,1763531550648,,,,,,,,,,short,5839,261,254,177,3
s3_short_window,SHORT_WINDOW,14,0.5,300,2,163,ok,,,1,46.35412502102554,120,1,23.86099999999999,10.692999999999756,1763531558125,1763531558140,,,,,,,,,,short,7051,516,285,152,0
s3_short_window,SHORT_WINDOW,14,0.5,300,2,164,ok,,,1,55.259249988012016,120,1,32.762,11.177999999999884,1763531567226,1763531567241,,,,,,,,,,short,7256,806,230,209,0
s3_short_window,SHORT_WINDOW,14,0.5,300,2,165,ok,,,1,47.86354099633172,120,1,24.739000000000004,11.490000000000236,1763531576024,1763531576041,,,,,,,,,,short,7644,604,268,242,0
s3_short_window,SHORT_WINDOW,14,0.5,300,2,166,ok,,,1,51.89141602022573,120,1,25.283,11.465999999999894,1763531585298,1763531585317,,,,,,,,,,short,7506,512,214,248,1
s3_short_window,SHORT_WINDOW,14,0.5,300,2,167,ok,,,1,49.5145830209367,120,1,24.96,11.592000000000098,1763531594746,1763531594764,,,,,,,,,,short,6967,695,349,169,1
s3_short_window,SHORT_WINDOW,14,0.5,300,2,168,ok,,,1,47.24220797652379,120,1,25.084999999999994,11.77099999999973,1763531603342,1763531603358,,,,,,,,,,short,5986,526,219,161,2
s3_short_window,SHORT_WINDOW,14,0.5,300,2,169,ok,,,1,51.220708002801985,120,1,25.315999999999995,11.748000000000047,1763531611313,1763531611330,,,,,,,,,,short,6689,749,224,272,3
s3_short_window,SHORT_WINDOW,14,0.5,300,2,170,ok,,,1,49.48079201858491,120,1,25.214,11.938000000000102,1763531619690,1763531619708,,,,,,,,,,short,6125,699,247,256,0
s3_short_window,SHORT_WINDOW,14,0.5,300,2,171,ok,,,1,48.26737503753975,120,1,24.785999999999994,11.326000000000022,1763532308866,1763532308883,,,,,,,,,,short,6928,546,255,201,0
s3_short_window,SHORT_WINDOW,14,0.5,300,2,172,ok,,,1,46.42049997346476,120,1,24.089,10.842999999999847,1763532317890,1763532317905,,,,,,,,,,short,5968,669,277,249,0
s3_short_window,SHORT_WINDOW,14,0.5,300,2,173,ok,,,1,54.32483303593472,120,1,25.107,12.121999999999844,1763532326480,1763532326500,,,,,,,,,,short,7247,874,301,208,3
s3_short_window,SHORT_WINDOW,14,0.5,300,2,174,ok,,,1,46.6590829892084,120,1,24.668999999999997,11.445000000000164,1763532335320,1763532335337,,,,,,,,,,short,6953,692,212,163,1
s3_short_window,SHORT_WINDOW,14,0.5,300,2,175,ok,,,1,48.745499982032925,120,1,24.004999999999995,10.95300000000043,1763532500944,1763532500962,,,,,,,,,,short,6888,506,314,243,1
s3_short_window,SHORT_WINDOW,14,0.5,300,2,176,ok,,,1,49.06045796815306,120,1,25.781999999999996,12.105000000000018,1763532509747,1763532509763,,,,,,,,,,short,7132,713,279,270,0
s3_short_window,SHORT_WINDOW,14,0.5,300,2,177,ok,,,1,51.645166997332126,120,1,25.441999999999993,11.540999999999713,1763532518593,1763532518611,,,,,,,,,,short,6185,675,225,227,1
s3_short_window,SHORT_WINDOW,14,0.5,300,2,178,ok,,,1,48.42712503159419,120,1,24.158,11.295999999999822,1763532526299,1763532526317,,,,,,,,,,short,7182,535,281,258,1
s3_short_window,SHORT_WINDOW,14,0.5,300,2,179,ok,,,1,48.56862500309944,120,1,24.26399999999999,11.180000000000291,1763532535175,1763532535192,,,,,,,,,,short,6084,504,247,226,1
s3_short_window,SHORT_WINDOW,14,0.5,300,2,180,ok,,,1,45.95416702795774,120,1,26.399999999999984,10.869000000000142,1763532542927,1763532542941,,,,,,,,,,short,6722,402,347,193,0
s3_short_window,SHORT_WINDOW,14,0.5,300,2,181,ok,,,1,40.9433749737218,120,1,21.966999999999995,9.806999999999789,1763532551604,1763532551616,,,,,,,,,,short,6316,637,248,271,0
s3_short_window,SHORT_WINDOW,14,0.5,300,2,182,ok,,,1,49.56654104171321,120,1,24.273000000000003,10.751000000000204,1763532559441,1763532559461,,,,,,,,,,short,6790,404,233,210,0
s3_short_window,SHORT_WINDOW,14,0.5,300,2,183,ok,,,1,48.71724999975413,120,1,25.812999999999988,11.006000000000313,1763532567930,1763532567948,,,,,,,,,,short,6906,291,255,227,0
s3_short_window,SHORT_WINDOW,14,0.5,300,2,184,ok,,,1,46.802708005998284,120,1,23.62599999999999,10.527000000000044,1763532576610,1763532576626,,,,,,,,,,short,7139,419,222,228,0
s3_short_window,SHORT_WINDOW,14,0.5,300,2,185,ok,,,1,43.99691696744412,120,1,22.829,10.380999999999858,1763532585536,1763532585549,,,,,,,,,,short,7416,496,323,175,1
s3_short_window,SHORT_WINDOW,14,0.5,300,2,186,ok,,,1,46.62387503776699,120,1,25.34900000000001,11.682999999999538,1763532594974,1763532594989,,,,,,,,,,short,7564,714,201,276,0
s3_short_window,SHORT_WINDOW,14,0.5,300,2,187,ok,,,1,47.922874975483865,120,1,23.356,10.61200000000008,1763532603966,1763532603984,,,,,,,,,,short,7494,466,224,230,1
s3_short_window,SHORT_WINDOW,14,0.5,300,2,188,ok,,,1,51.268499984871596,120,1,24.983999999999995,13.430000000000291,1763532613493,1763532613509,,,,,,,,,,short,6559,717,222,177,1
s3_short_window,SHORT_WINDOW,14,0.5,300,2,189,ok,,,1,51.09816597541794,120,1,25.46699999999999,11.909999999999854,1763532621848,1763532621865,,,,,,,,,,short,7252,840,341,172,4
s3_short_window,SHORT_WINDOW,14,0.5,300,2,190,ok,,,1,50.444416992831975,120,1,25.461,11.886999999999716,1763532630603,1763532630620,,,,,,,,,,short,6385,769,205,171,2
s3_short_window,SHORT_WINDOW,14,0.5,300,2,191,ok,,,1,46.55345797073096,120,1,24.689999999999998,11.25399999999945,1763532638698,1763532638712,,,,,,,,,,short,7059,686,350,224,2
s3_short_window,SHORT_WINDOW,14,0.5,300,2,192,ok,,,1,49.88687497097999,120,1,25.933000000000007,12.002999999999702,1763532647565,1763532647581,,,,,,,,,,short,7631,702,204,245,1
s3_short_window,SHORT_WINDOW,14,0.5,300,2,193,ok,,,1,49.32041699066758,120,1,25.695999999999998,11.690000000000055,1763532656473,1763532656491,,,,,,,,,,short,5926,306,270,275,0
s3_short_window,SHORT_WINDOW,14,0.5,300,2,194,ok,,,1,46.60025000339374,120,1,23.903999999999996,10.983000000000175,1763532664376,1763532664393,,,,,,,,,,short,5992,606,243,238,0
s3_short_window,SHORT_WINDOW,14,0.5,300,2,195,ok,,,1,50.627959019038826,120,1,25.255000000000003,11.789000000000215,1763532672435,1763532672452,,,,,,,,,,short,7668,865,203,247,0
s3_short_window,SHORT_WINDOW,14,0.5,300,2,196,ok,,,1,95.66704195458442,120,1,64.80600000000001,12.974999999999909,1763532681420,1763532681440,,,,,,,,,,short,5925,343,328,270,0
s3_short_window,SHORT_WINDOW,14,0.5,300,2,197,ok,,,1,49.128916987683624,120,1,25.360999999999997,11.276000000000295,1763532689072,1763532689088,,,,,,,,,,short,6206,373,323,202,2
s3_short_window,SHORT_WINDOW,14,0.5,300,2,198,ok,,,1,47.912541951518506,120,1,25.880999999999993,11.981999999999971,1763532697438,1763532697453,,,,,,,,,,short,6175,667,206,239,0
s3_short_window,SHORT_WINDOW,14,0.5,300,2,199,ok,,,1,49.16920798132196,120,1,26.556999999999995,12.214000000000397,1763532705125,1763532705139,,,,,,,,,,short,6098,382,288,234,1
s3_short_window,SHORT_WINDOW,14,0.5,300,2,200,ok,,,1,50.639750028494745,120,1,26.111999999999995,11.440000000000055,1763532712922,1763532712939,,,,,,,,,,short,5984,259,230,205,1
s3_short_window,SHORT_WINDOW,14,0.5,300,2,201,ok,,,1,47.61045798659325,120,1,23.627000000000002,10.475999999999658,1763532720817,1763532720834,,,,,,,,,,short,6982,462,280,153,1
s3_short_window,SHORT_WINDOW,14,0.5,300,2,202,ok,,,1,49.49154099449515,120,1,24.869,11.483000000000175,1763532729641,1763532729659,,,,,,,,,,short,6053,566,256,217,3
s3_short_window,SHORT_WINDOW,14,0.5,300,2,203,ok,,,1,46.48562497459352,120,1,22.794000000000004,10.497999999999593,1763532737414,1763532737431,,,,,,,,,,short,7714,530,280,258,1
s3_short_window,SHORT_WINDOW,14,0.5,300,2,204,ok,,,1,54.72216597991064,120,1,27.713,13.678000000000338,1763532747149,1763532747167,,,,,,,,,,short,6971,846,252,229,1
s3_short_window,SHORT_WINDOW,14,0.5,300,2,205,ok,,,1,48.17087500123307,120,1,24.662000000000006,11.266000000000076,1763532755768,1763532755784,,,,,,,,,,short,5905,728,226,197,0
s3_short_window,SHORT_WINDOW,14,0.5,300,2,206,ok,,,1,45.58387503493577,120,1,24.952000000000005,10.806999999999789,1763532763114,1763532763129,,,,,,,,,,short,6913,379,340,222,5
s3_short_window,SHORT_WINDOW,14,0.5,300,2,207,ok,,,1,48.146583954803646,120,1,23.742999999999995,10.89700000000039,1763532771977,1763532771995,,,,,,,,,,short,6692,533,283,222,0
s3_short_window,SHORT_WINDOW,14,0.5,300,2,208,ok,,,1,49.49420900084078,120,1,23.679999999999996,10.85799999999972,1763532780436,1763532780455,,,,,,,,,,short,6472,560,334,194,1
,,,,,,,preauth_failed,step4_wait,0,0,0.0,0,0,0.0,0.0,,,,,,,,,,,,,,,,,
s3_short_window,SHORT_WINDOW,14,0.5,300,2,210,ok,,,1,45.46387499431148,120,1,25.171,10.426000000000386,1763532793738,1763532793752,,,,,,,,,,short,6678,365,292,162,1
s3_short_window,SHORT_WINDOW,14,0.5,300,2,211,ok,,,1,43.8774999929592,120,1,22.949000000000005,10.635999999999513,1763532802245,1763532802259,,,,,,,,,,short,7249,482,268,254,0
s3_short_window,SHORT_WINDOW,14,0.5,300,2,212,ok,,,1,46.43887502606958,120,1,24.823,10.929999999999836,1763532811430,1763532811445,,,,,,,,,,short,7665,566,307,175,2
s3_short_window,SHORT_WINDOW,14,0.5,300,2,213,ok,,,1,50.46008399222046,120,1,25.992999999999988,11.854999999999563,1763532820843,1763532820860,,,,,,,,,,short,7468,631,214,264,0
s3_short_window,SHORT_WINDOW,14,0.5,300,2,214,ok,,,3,688.2966249831952,360,3,55.83200000000001,14.812999999999647,1763532830601,1763532830619,,,,,,,,,,short,6213,638,263,210,4
s3_short_window,SHORT_WINDOW,14,0.5,300,2,215,ok,,,1,49.006041954271495,120,1,24.840999999999994,12.704000000000178,1763532837675,1763532837692,,,,,,,,,,short,6206,376,281,199,0
s3_short_window,SHORT_WINDOW,14,0.5,300,2,216,ok,,,1,46.619666973128915,120,1,25.215999999999987,11.759999999999764,1763532846127,1763532846141,,,,,,,,,,short,7723,819,323,158,3
s3_short_window,SHORT_WINDOW,14,0.5,300,2,217,ok,,,1,47.072208020836115,120,1,24.480000000000004,11.038000000000011,1763532855257,1763532855273,,,,,,,,,,short,7346,500,239,193,1
s3_short_window,SHORT_WINDOW,14,0.5,300,2,218,ok,,,1,48.03454200737178,120,1,24.278999999999996,10.652000000000044,1763532864501,1763532864518,,,,,,,,,,short,6978,568,334,259,0
s3_short_window,SHORT_WINDOW,14,0.5,300,2,219,ok,,,1,60.405957978218794,120,1,35.59300000000001,13.880999999999403,1763532873230,1763532873249,,,,,,,,,,short,7120,381,280,186,1
s3_short_window,SHORT_WINDOW,14,0.5,300,2,220,ok,,,1,60.79354201210663,120,1,34.187999999999995,11.132000000000517,1763532882392,1763532882421,,,,,,,,,,short,6667,723,289,251,0
s3_short_window,SHORT_WINDOW,14,0.5,300,2,221,ok,,,1,46.509166015312076,120,1,23.130000000000003,10.618999999999687,1763532890421,1763532890436,,,,,,,,,,short,5889,374,210,193,0
s3_short_window,SHORT_WINDOW,14,0.5,300,2,222,ok,,,1,44.430708047002554,120,1,23.076,10.311999999998989,1763532898133,1763532898147,,,,,,,,,,short,6575,447,249,233,1
s3_short_window,SHORT_WINDOW,14,0.5,300,2,223,ok,,,1,47.757084015756845,120,1,25.566000000000003,12.11200000000008,1763532906923,1763532906940,,,,,,,,,,short,5965,872,324,170,1
s3_short_window,SHORT_WINDOW,14,0.5,300,2,224,ok,,,1,45.99737498210743,120,1,23.665999999999997,10.224999999999454,1763532914177,1763532914194,,,,,,,,,,short,6334,468,317,190,2
s3_short_window,SHORT_WINDOW,14,0.5,300,2,225,ok,,,1,47.55575000308454,120,1,23.727999999999994,10.865999999999985,1763532922329,1763532922346,,,,,,,,,,short,5851,485,293,167,0
s3_short_window,SHORT_WINDOW,14,0.5,300,2,226,ok,,,1,44.85920898150653,120,1,25.253999999999998,10.694999999999709,1763532929862,1763532929877,,,,,,,,,,short,7735,478,318,244,0
s3_short_window,SHORT_WINDOW,14,0.5,300,2,227,ok,,,1,49.13591599324718,120,1,25.618000000000002,11.725000000000364,1763532939633,1763532939650,,,,,,,,,,short,6416,659,234,216,1
s3_short_window,SHORT_WINDOW,14,0.5,300,2,228,ok,,,1,50.55433401139453,120,1,25.224999999999987,11.377999999999702,1763532947864,1763532947882,,,,,,,,,,short,7284,612,314,167,0
s3_short_window,SHORT_WINDOW,14,0.5,300,2,229,ok,,,1,45.98000005353242,120,1,23.852999999999994,10.912000000000262,1763532956735,1763532956750,,,,,,,,,,short,6423,524,246,173,2
s3_short_window,SHORT_WINDOW,14,0.5,300,2,230,ok,,,1,49.02387497713789,120,1,26.056999999999995,12.22899999999936,1763532965279,1763532965295,,,,,,,,,,short,6887,875,279,196,2
s3_short_window,SHORT_WINDOW,14,0.5,300,2,231,ok,,,1,51.664458005689085,120,1,24.61699999999999,11.347999999999956,1763532973784,1763532973802,,,,,,,,,,short,7323,768,266,203,1
s3_short_window,SHORT_WINDOW,14,0.5,300,2,232,ok,,,1,54.62162499316037,120,1,26.888999999999996,12.175000000000182,1763532982591,1763532982613,,,,,,,,,,short,7350,557,207,237,2
s3_short_window,SHORT_WINDOW,14,0.5,300,2,233,ok,,,1,47.12337499950081,120,1,23.370000000000005,11.038000000000466,1763532991405,1763532991422,,,,,,,,,,short,6988,428,227,229,2
s3_short_window,SHORT_WINDOW,14,0.5,300,2,234,ok,,,1,53.30116598634049,120,1,26.881999999999998,12.837000000000444,1763533000487,1763533000507,,,,,,,,,,short,7014,728,335,166,0
s3_short_window,SHORT_WINDOW,14,0.5,300,2,235,ok,,,1,48.00016700755805,120,1,24.081999999999994,10.893000000000939,1763533008906,1763533008923,,,,,,,,,,short,7170,383,215,233,1
s3_short_window,SHORT_WINDOW,14,0.5,300,2,236,ok,,,1,51.63925001397729,120,1,26.258000000000003,12.497999999999593,1763533018250,1763533018267,,,,,,,,,,short,6153,739,213,265,0
s3_short_window,SHORT_WINDOW,14,0.5,300,2,237,ok,,,1,70.17633400391787,120,1,25.25099999999999,34.814000000000306,1763533025970,1763533025984,,,,,,,,,,short,7080,644,346,217,1
s3_short_window,SHORT_WINDOW,14,0.5,300,2,238,ok,,,1,50.30470801284537,120,1,25.595999999999997,12.186000000000604,1763533034961,1763533034978,,,,,,,,,,short,5769,727,203,262,1
s3_short_window,SHORT_WINDOW,14,0.5,300,2,239,ok,,,1,47.470875026192516,120,1,24.673000000000002,11.730000000000473,1763533042239,1763533042256,,,,,,,,,,short,6740,503,204,271,0
s3_short_window,SHORT_WINDOW,14,0.5,300,2,240,ok,,,1,46.645708032883704,120,1,23.388000000000005,11.145000000001346,1763533050679,1763533050695,,,,,,,,,,short,6743,455,317,228,1
s3_short_window,SHORT_WINDOW,14,0.5,300,2,241,ok,,,2,381.51650002691895,240,2,51.777,15.57799999999952,1763533059284,1763533059314,,,,,,,,,,short,6564,264,283,213,0
s3_short_window,SHORT_WINDOW,14,0.5,300,2,242,ok,,,1,45.16099998727441,120,1,23.83399999999999,10.717999999999847,1763533067404,1763533067419,,,,,,,,,,short,7219,437,203,173,0
s3_short_window,SHORT_WINDOW,14,0.5,300,2,243,ok,,,1,47.62162500992417,120,1,25.138999999999996,11.4449999999988,1763533076554,1763533076570,,,,,,,,,,short,6194,582,318,176,1
s3_short_window,SHORT_WINDOW,14,0.5,300,2,244,ok,,,1,47.115166031289846,120,1,23.113000000000007,10.069000000001324,1763533084445,1763533084462,,,,,,,,,,short,6992,559,338,160,1
s3_short_window,SHORT_WINDOW,14,0.5,300,2,245,ok,,,1,49.319166981149465,120,1,25.40699999999999,11.92700000000059,1763533093490,1763533093506,,,,,,,,,,short,6664,856,258,240,0
s3_short_window,SHORT_WINDOW,14,0.5,300,2,246,ok,,,1,44.356250029522926,120,1,22.761999999999993,10.054999999999382,1763533101776,1763533101791,,,,,,,,,,short,6185,758,212,165,1
s3_short_window,SHORT_WINDOW,14,0.5,300,2,247,ok,,,1,51.00766598479822,120,1,26.896,11.51299999999992,1763533109353,1763533109371,,,,,,,,,,short,7041,393,344,222,1
s3_short_window,SHORT_WINDOW,14,0.5,300,2,248,ok,,,1,51.17891699774191,120,1,26.106,11.682999999999993,1763533118054,1763533118072,,,,,,,,,,short,6520,299,275,175,1
s3_short_window,SHORT_WINDOW,14,0.5,300,2,249,ok,,,1,52.069083030801266,120,1,26.458999999999996,11.69799999999941,1763533126269,1763533126286,,,,,,,,,,short,7283,342,272,159,0
s3_short_window,SHORT_WINDOW,14,0.5,300,2,250,ok,,,1,46.39487498207018,120,1,23.201999999999998,10.57300000000032,1763533135608,1763533135625,,,,,,,,,,short,6140,537,350,224,2
s3_short_window,SHORT_WINDOW,14,0.5,300,2,251,ok,,,1,47.38358402391896,120,1,23.943000000000005,10.994000000000597,1763533143412,1763533143428,,,,,,,,,,short,6390,465,269,251,0
s3_short_window,SHORT_WINDOW,14,0.5,300,2,252,ok,,,1,47.90524998679757,120,1,24.14499999999999,10.542999999999665,1763533151989,1763533152006,,,,,,,,,,short,5750,762,203,273,1
s3_short_window,SHORT_WINDOW,14,0.5,300,2,253,ok,,,1,50.42225000215694,120,1,25.29,12.65900000000056,1763533158981,1763533158998,,,,,,,,,,short,6977,363,281,185,1
s3_short_window,SHORT_WINDOW,14,0.5,300,2,254,ok,,,1,46.62941599963233,120,1,25.07199999999999,11.43199999999888,1763533168108,1763533168123,,,,,,,,,,short,5904,698,301,216,0
s3_short_window,SHORT_WINDOW,14,0.5,300,2,255,ok,,,1,50.492791982833296,120,1,25.181000000000004,11.605000000000473,1763533175844,1763533175861,,,,,,,,,,short,6406,778,288,263,0
s3_short_window,SHORT_WINDOW,14,0.5,300,2,256,ok,,,1,45.84483301732689,120,1,24.147000000000006,11.25500000000011,1763533183591,1763533183606,,,,,,,,,,short,7384,255,257,232,1
s3_short_window,SHORT_WINDOW,14,0.5,300,2,257,ok,,,1,50.74712500208989,120,1,27.078000000000003,11.463000000000648,1763533192721,1763533192737,,,,,,,,,,short,6540,349,288,240,0
s3_short_window,SHORT_WINDOW,14,0.5,300,2,258,ok,,,1,45.304291998036206,120,1,22.338999999999995,9.923999999999069,1763533201243,1763533201259,,,,,,,,,,short,6612,566,304,240,1
s3_short_window,SHORT_WINDOW,14,0.5,300,2,259,ok,,,1,54.56404201686382,120,1,27.383999999999993,12.747000000000298,1763533209877,1763533209895,,,,,,,,,,short,7149,858,337,277,0
s3_short_window,SHORT_WINDOW,14,0.5,300,2,260,ok,,,1,43.68141700979322,120,1,22.877000000000002,10.534999999999854,1763533218505,1763533218520,,,,,,,,,,short,7640,488,244,232,1
s3_short_window,SHORT_WINDOW,14,0.5,300,2,261,ok,,,1,51.819040963891894,120,1,25.98599999999999,12.508999999999105,1763533228310,1763533228329,,,,,,,,,,short,6075,853,243,186,1
s3_short_window,SHORT_WINDOW,14,0.5,300,2,262,ok,,,1,48.50425000768155,120,1,24.497000000000007,11.126000000000204,1763533235761,1763533235779,,,,,,,,,,short,6876,500,244,252,2
s3_short_window,SHORT_WINDOW,14,0.5,300,2,263,ok,,,1,50.83949997788295,120,1,26.771999999999984,12.078999999999724,1763533244203,1763533244220,,,,,,,,,,short,6419,293,250,200,1
s3_short_window,SHORT_WINDOW,14,0.5,300,2,264,ok,,,1,50.69666699273512,120,1,27.423999999999992,10.324999999999818,1763533252422,1763533252439,,,,,,,,,,short,6942,355,261,273,0
s3_short_window,SHORT_WINDOW,14,0.5,300,2,265,ok,,,1,47.96820803312585,120,1,27.147000000000006,11.327000000001135,1763533261117,1763533261133,,,,,,,,,,short,6685,290,200,157,1
s3_short_window,SHORT_WINDOW,14,0.5,300,2,266,ok,,,1,49.54137501772493,120,1,26.06199999999999,12.17699999999877,1763533270099,1763533270115,,,,,,,,,,short,7091,727,238,170,0
s3_short_window,SHORT_WINDOW,14,0.5,300,2,267,ok,,,1,46.727333043236285,120,1,25.116999999999997,11.693999999999505,1763533278858,1763533278874,,,,,,,,,,short,7916,600,245,174,2
s3_short_window,SHORT_WINDOW,14,0.5,300,2,268,ok,,,1,47.72654199041426,120,1,24.467999999999996,10.815999999998894,1763533288334,1763533288351,,,,,,,,,,short,6026,463,226,271,0
s3_short_window,SHORT_WINDOW,14,0.5,300,2,269,ok,,,1,50.626708019990474,120,1,25.881,11.855999999999767,1763533296198,1763533296217,,,,,,,,,,short,6649,560,210,253,1
s3_short_window,SHORT_WINDOW,14,0.5,300,2,270,ok,,,2,383.7657090043649,240,2,46.346,17.817000000000917,1763533304661,1763533304690,,,,,,,,,,short,6198,265,227,173,1
s3_short_window,SHORT_WINDOW,14,0.5,300,2,271,ok,,,1,49.1754169925116,120,1,25.149000000000008,10.681000000000495,1763533312444,1763533312461,,,,,,,,,,short,5990,301,296,159,1
s3_short_window,SHORT_WINDOW,14,0.5,300,2,272,ok,,,1,75.52150002447888,120,1,51.52300000000001,11.537000000001171,1763533320020,1763533320037,,,,,,,,,,short,6210,414,344,218,1
s3_short_window,SHORT_WINDOW,14,0.5,300,2,273,ok,,,1,52.064499992411584,120,1,24.389999999999993,18.94000000000051,1763533327951,1763533327966,,,,,,,,,,short,5886,415,334,240,0
s3_short_window,SHORT_WINDOW,14,0.5,300,2,274,ok,,,1,51.36370798572898,120,1,27.513000000000005,11.972999999999956,1763533335753,1763533335769,,,,,,,,,,short,6776,567,234,206,2
s3_short_window,SHORT_WINDOW,14,0.5,300,2,275,ok,,,1,50.712459022179246,120,1,25.341999999999985,10.908000000000357,1763533344333,1763533344352,,,,,,,,,,short,6240,580,287,270,1
s3_short_window,SHORT_WINDOW,14,0.5,300,2,276,ok,,,1,51.89274996519089,120,1,26.27599999999999,12.310999999999694,1763533352594,1763533352613,,,,,,,,,,short,7017,733,290,187,2
s3_short_window,SHORT_WINDOW,14,0.5,300,2,277,ok,,,1,51.11837497679517,120,1,26.417999999999992,12.193999999999505,1763533361316,1763533361334,,,,,,,,,,short,6290,737,205,173,1
s3_short_window,SHORT_WINDOW,14,0.5,300,2,278,ok,,,1,43.59299998031929,120,1,23.39699999999999,10.767000000000735,1763533369136,1763533369151,,,,,,,,,,short,7171,563,316,274,2
s3_short_window,SHORT_WINDOW,14,0.5,300,2,279,ok,,,1,44.53112499322742,120,1,23.903,10.789999999999964,1763533377878,1763533377892,,,,,,,,,,short,5989,600,350,151,0
s3_short_window,SHORT_WINDOW,14,0.5,300,2,280,ok,,,1,46.49704199982807,120,1,24.729999999999997,10.653999999999542,1763533385434,1763533385450,,,,,,,,,,short,7085,437,288,196,1
s3_short_window,SHORT_WINDOW,14,0.5,300,2,281,ok,,,1,45.28441600268707,120,1,23.053999999999988,10.640000000000327,1763533394253,1763533394269,,,,,,,,,,short,6332,518,284,280,1
s3_short_window,SHORT_WINDOW,14,0.5,300,2,282,ok,,,1,48.584166972432286,120,1,25.509,11.889999999999418,1763533402358,1763533402374,,,,,,,,,,short,6433,692,349,154,2
s3_short_window,SHORT_WINDOW,14,0.5,300,2,283,ok,,,1,47.75974998483434,120,1,24.995999999999995,11.40599999999904,1763533410497,1763533410513,,,,,,,,,,short,6677,517,214,258,1
s3_short_window,SHORT_WINDOW,14,0.5,300,2,284,ok,,,1,51.01416603429243,120,1,25.514999999999993,11.780999999999949,1763533419285,1763533419304,,,,,,,,,,short,6171,849,244,166,0
s3_short_window,SHORT_WINDOW,14,0.5,300,2,285,ok,,,1,44.90329104010016,120,1,23.344,10.412999999999556,1763533426802,1763533426817,,,,,,,,,,short,6621,495,329,202,0
s3_short_window,SHORT_WINDOW,14,0.5,300,2,286,ok,,,1,46.25754203880206,120,1,25.289999999999992,11.554000000000087,1763533435349,1763533435364,,,,,,,,,,short,7088,653,203,234,1
s3_short_window,SHORT_WINDOW,14,0.5,300,2,287,ok,,,1,47.47291700914502,120,1,26.061999999999998,10.953999999999724,1763533443800,1763533443815,,,,,,,,,,short,7428,333,322,240,2
s3_short_window,SHORT_WINDOW,14,0.5,300,2,288,ok,,,1,45.81016697920859,120,1,23.976999999999997,11.021999999999935,1763533453189,1763533453204,,,,,,,,,,short,6873,472,206,168,3
s3_short_window,SHORT_WINDOW,14,0.5,300,2,289,ok,,,1,49.84074999811128,120,1,25.25399999999999,11.657000000000153,1763533462248,1763533462266,,,,,,,,,,short,7093,712,295,236,2
s3_short_window,SHORT_WINDOW,14,0.5,300,2,290,ok,,,1,47.43749997578561,120,1,23.232999999999997,10.435999999999694,1763533470784,1763533470801,,,,,,,,,,short,7501,451,266,226,0
s3_short_window,SHORT_WINDOW,14,0.5,300,2,291,ok,,,1,49.220082990359515,120,1,24.616,12.265000000000327,1763533480014,1763533480031,,,,,,,,,,short,6199,433,323,172,2
s3_short_window,SHORT_WINDOW,14,0.5,300,2,292,ok,,,2,385.7900829752907,240,2,50.426,18.213999999999942,1763533488428,1763533488457,,,,,,,,,,short,7033,562,289,244,0
s3_short_window,SHORT_WINDOW,14,0.5,300,2,293,ok,,,1,52.58920800406486,120,1,25.815000000000012,12.221999999999753,1763533497120,1763533497139,,,,,,,,,,short,6860,745,256,198,1
s3_short_window,SHORT_WINDOW,14,0.5,300,2,294,ok,,,1,51.443458010908216,120,1,25.548999999999992,12.03399999999965,1763533505714,1763533505732,,,,,,,,,,short,5928,871,350,216,0
s3_short_window,SHORT_WINDOW,14,0.5,300,2,295,ok,,,1,47.89304197765887,120,1,24.872000000000007,11.614999999999782,1763533513186,1763533513202,,,,,,,,,,short,7544,601,303,270,0
s3_short_window,SHORT_WINDOW,14,0.5,300,2,296,ok,,,1,51.863167027477175,120,1,26.428000000000004,12.335000000000036,1763533522536,1763533522554,,,,,,,,,,short,6353,630,302,244,0
s3_short_window,SHORT_WINDOW,14,0.5,300,2,297,ok,,,1,47.20129101769999,120,1,23.674,10.703999999999724,1763533530469,1763533530486,,,,,,,,,,short,7545,505,262,184,0
s3_short_window,SHORT_WINDOW,14,0.5,300,2,298,ok,,,1,46.40912497416139,120,1,23.449000000000005,10.557000000000698,1763533539594,1763533539610,,,,,,,,,,short,6744,350,202,189,2
s3_short_window,SHORT_WINDOW,14,0.5,300,2,299,ok,,,1,44.88716600462794,120,1,25.098000000000006,11.481000000000677,1763533548621,1763533548635,,,,,,,,,,short,6691,837,299,159,0
s3_short_window,SHORT_WINDOW,14,0.5,300,2,300,ok,,,1,47.12654202012345,120,1,23.686999999999998,10.721000000000458,1763533556558,1763533556575,,,,,,,,,,short,6922,450,272,159,2
s3_short_window,SHORT_WINDOW,14,0.5,400,2,1,ok,,,1,44.01779198087752,120,1,24.222,10.645000000000437,1763533565331,1763533565346,,,,,,,,,,short,6079,570,336,226,0
s3_short_window,SHORT_WINDOW,14,0.5,400,2,2,ok,,,1,51.67462502140552,120,1,25.587000000000003,11.833999999999833,1763533573509,1763533573527,,,,,,,,,,short,7567,816,247,163,0
s3_short_window,SHORT_WINDOW,14,0.5,400,2,3,ok,,,1,49.381958961021155,120,1,24.825000000000003,11.457999999999629,1763533582925,1763533582942,,,,,,,,,,short,7689,616,264,186,0
s3_short_window,SHORT_WINDOW,14,0.5,400,2,4,ok,,,1,49.35629095416516,120,1,25.09700000000001,11.818999999999505,1763533592397,1763533592414,,,,,,,,,,short,5805,642,272,254,0
s3_short_window,SHORT_WINDOW,14,0.5,400,2,5,ok,,,1,43.25541597791016,120,1,23.817,10.942000000000007,1763533599863,1763533599876,,,,,,,,,,short,6434,496,203,189,0
s3_short_window,SHORT_WINDOW,14,0.5,400,2,6,ok,,,1,48.38708299212158,120,1,25.410999999999994,11.55200000000059,1763533608458,1763533608474,,,,,,,,,,short,6684,689,337,186,0
s3_short_window,SHORT_WINDOW,14,0.5,400,2,7,ok,,,1,47.36779199447483,120,1,24.558,11.355999999999767,1763533616869,1763533616886,,,,,,,,,,short,7786,596,277,154,3
s3_short_window,SHORT_WINDOW,14,0.5,400,2,8,ok,,,1,49.032374983653426,120,1,25.027,11.539000000001579,1763533626681,1763533626697,,,,,,,,,,short,7559,804,245,184,1
s3_short_window,SHORT_WINDOW,14,0.5,400,2,9,ok,,,1,48.59424999449402,120,1,25.022000000000006,11.497999999999593,1763533636021,1763533636037,,,,,,,,,,short,6396,813,204,163,1
s3_short_window,SHORT_WINDOW,14,0.5,400,2,10,ok,,,1,47.010542009957135,120,1,24.551000000000002,11.33299999999872,1763533643980,1763533643996,,,,,,,,,,short,6676,563,263,186,0
s3_short_window,SHORT_WINDOW,14,0.5,400,2,11,ok,,,3,886.6125430213287,360,3,55.552,13.527000000000044,1763533653416,1763533653435,,,,,,,,,,short,7749,778,267,168,3
s3_short_window,SHORT_WINDOW,14,0.5,400,2,12,ok,,,1,46.06837499886751,120,1,24.803000000000004,11.16400000000067,1763533662130,1763533662145,,,,,,,,,,short,7315,832,307,206,0
s3_short_window,SHORT_WINDOW,14,0.5,400,2,13,ok,,,1,50.70025002351031,120,1,25.34199999999999,11.676000000001295,1763533670991,1763533671009,,,,,,,,,,short,6963,548,219,163,1
s3_short_window,SHORT_WINDOW,14,0.5,400,2,14,ok,,,1,80.59991698246449,120,1,54.38600000000001,12.373000000000502,1763533679735,1763533679755,,,,,,,,,,short,7150,570,237,168,3
s3_short_window,SHORT_WINDOW,14,0.5,400,2,15,ok,,,1,43.72887598583475,120,1,23.980999999999987,11.435999999999694,1763533688286,1763533688299,,,,,,,,,,short,7647,352,213,175,1
s3_short_window,SHORT_WINDOW,14,0.5,400,2,16,ok,,,1,50.229875021614134,120,1,27.199000000000005,11.923000000000684,1763533697645,1763533697660,,,,,,,,,,short,6301,275,263,159,0
s3_short_window,SHORT_WINDOW,14,0.5,400,2,17,ok,,,1,51.21224996400997,120,1,25.263999999999996,11.881999999999607,1763533706121,1763533706139,,,,,,,,,,short,7448,612,300,213,1
s3_short_window,SHORT_WINDOW,14,0.5,400,2,18,ok,,,1,43.929875013418496,120,1,24.045,10.820999999999913,1763533715302,1763533715317,,,,,,,,,,short,6052,551,286,155,0
s3_short_window,SHORT_WINDOW,14,0.5,400,2,19,ok,,,2,485.4512079618871,240,2,53.82999999999999,16.921000000000276,1763533723818,1763533723846,,,,,,,,,,short,7345,294,346,256,2
s3_short_window,SHORT_WINDOW,14,0.5,400,2,20,ok,,,1,45.81712500657886,120,1,25.009,11.5600000000004,1763533733173,1763533733188,,,,,,,,,,short,6671,873,243,261,3
s3_short_window,SHORT_WINDOW,14,0.5,400,2,21,ok,,,1,48.11829200480133,120,1,23.330999999999996,10.722000000000662,1763533741313,1763533741332,,,,,,,,,,short,6037,525,272,232,1
s3_short_window,SHORT_WINDOW,14,0.5,400,2,22,ok,,,1,43.714042054489255,120,1,23.094,10.542000000000371,1763533748896,1763533748910,,,,,,,,,,short,7253,404,244,165,1
s3_short_window,SHORT_WINDOW,14,0.5,400,2,23,ok,,,1,49.615582975093275,120,1,25.806999999999995,10.38300000000072,1763533757925,1763533757943,,,,,,,,,,short,7834,403,257,170,0
s3_short_window,SHORT_WINDOW,14,0.5,400,2,24,ok,,,1,49.721207993570715,120,1,25.902,11.74200000000019,1763533767942,1763533767959,,,,,,,,,,short,6972,731,241,214,2
s3_short_window,SHORT_WINDOW,14,0.5,400,2,25,ok,,,2,507.1959590422921,240,2,52.553000000000004,36.42099999999937,1763533776585,1763533776615,,,,,,,,,,short,7621,311,329,197,2
s3_short_window,SHORT_WINDOW,14,0.5,400,2,26,ok,,,2,494.82420802814886,240,2,56.362999999999985,22.053999999999178,1763533786019,1763533786053,,,,,,,,,,short,6418,284,291,220,0
s3_short_window,SHORT_WINDOW,14,0.5,400,2,27,ok,,,1,46.57712503103539,120,1,24.432999999999993,11.426000000000386,1763533794195,1763533794209,,,,,,,,,,short,7693,515,319,267,2
s3_short_window,SHORT_WINDOW,14,0.5,400,2,28,ok,,,1,50.668374984525144,120,1,25.053999999999995,11.5600000000004,1763533803742,1763533803762,,,,,,,,,,short,7714,618,269,186,0
s3_short_window,SHORT_WINDOW,14,0.5,400,2,29,ok,,,2,487.2230420005508,240,2,54.159000000000006,21.713999999999032,1763533813268,1763533813297,,,,,,,,,,short,5966,323,335,205,0
s3_short_window,SHORT_WINDOW,14,0.5,400,2,30,ok,,,2,492.5145420129411,240,2,52.48700000000001,21.775000000000546,1763533820926,1763533820958,,,,,,,,,,short,6125,271,319,278,0
s3_short_window,SHORT_WINDOW,14,0.5,400,2,31,ok,,,1,44.125833024736494,120,1,23.499000000000002,10.686000000000604,1763533828541,1763533828556,,,,,,,,,,short,6686,482,255,274,1
s3_short_window,SHORT_WINDOW,14,0.5,400,2,32,ok,,,1,45.91545800212771,120,1,26.217,10.085000000000036,1763533836767,1763533836783,,,,,,,,,,short,7064,399,236,166,1
s3_short_window,SHORT_WINDOW,14,0.5,400,2,33,ok,,,3,884.1740419738926,360,3,54.649,11.760999999999513,1763533846584,1763533846602,,,,,,,,,,short,6243,629,200,196,2
s3_short_window,SHORT_WINDOW,14,0.5,400,2,34,ok,,,2,490.73650100035593,240,2,51.178000000000004,20.350000000000364,1763533853809,1763533853838,,,,,,,,,,short,7197,265,306,278,1
s3_short_window,SHORT_WINDOW,14,0.5,400,2,35,ok,,,1,52.21312498906627,120,1,25.633999999999986,11.792999999999665,1763533862920,1763533862938,,,,,,,,,,short,7393,883,257,174,1
s3_short_window,SHORT_WINDOW,14,0.5,400,2,36,ok,,,1,49.086290993727744,120,1,24.733999999999995,11.647999999999229,1763533871575,1763533871593,,,,,,,,,,short,6900,610,250,262,0
s3_short_window,SHORT_WINDOW,14,0.5,400,2,37,ok,,,1,47.24508401704952,120,1,26.20499999999999,11.524999999999636,1763533879961,1763533879975,,,,,,,,,,short,6499,371,301,215,0
s3_short_window,SHORT_WINDOW,14,0.5,400,2,38,ok,,,1,49.08429103670642,120,1,25.594,11.800999999999476,1763533888444,1763533888460,,,,,,,,,,short,6998,599,230,171,1
s3_short_window,SHORT_WINDOW,14,0.5,400,2,39,ok,,,1,49.87979197176173,120,1,28.79400000000001,11.179999999999382,1763533896825,1763533896840,,,,,,,,,,short,7545,338,287,211,0
s3_short_window,SHORT_WINDOW,14,0.5,400,2,40,ok,,,1,46.931040997151285,120,1,26.150000000000006,11.095999999999549,1763533906140,1763533906154,,,,,,,,,,short,6464,357,302,152,0
s3_short_window,SHORT_WINDOW,14,0.5,400,2,41,ok,,,1,47.27512499084696,120,1,23.084000000000003,10.511000000000422,1763533914624,1763533914642,,,,,,,,,,short,6913,661,312,269,3
s3_short_window,SHORT_WINDOW,14,0.5,400,2,42,ok,,,1,50.211208988912404,120,1,25.34400000000001,11.710000000000946,1763533922904,1763533922923,,,,,,,,,,short,7151,560,216,166,2
s3_short_window,SHORT_WINDOW,14,0.5,400,2,43,ok,,,1,52.14475002139807,120,1,26.550000000000004,11.371999999999389,1763533931559,1763533931577,,,,,,,,,,short,7638,345,313,268,1
s3_short_window,SHORT_WINDOW,14,0.5,400,2,44,ok,,,1,46.75337497610599,120,1,27.079,10.699999999999818,1763533940906,1763533940920,,,,,,,,,,short,6556,328,247,201,0
s3_short_window,SHORT_WINDOW,14,0.5,400,2,45,ok,,,1,50.08620803710073,120,1,25.918999999999997,11.989999999999782,1763533949815,1763533949831,,,,,,,,,,short,6991,840,330,276,1
s3_short_window,SHORT_WINDOW,14,0.5,400,2,46,ok,,,1,49.36845798511058,120,1,24.491999999999997,11.092999999999847,1763533958222,1763533958240,,,,,,,,,,short,7141,513,207,258,0
s3_short_window,SHORT_WINDOW,14,0.5,400,2,47,ok,,,1,50.57987495092675,120,1,28.269,11.14600000000064,1763533967026,1763533967042,,,,,,,,,,short,6690,396,286,198,1
s3_short_window,SHORT_WINDOW,14,0.5,400,2,48,ok,,,1,47.37699998077005,120,1,24.779999999999994,11.06500000000051,1763533975940,1763533975957,,,,,,,,,,short,7102,792,258,169,1
s3_short_window,SHORT_WINDOW,14,0.5,400,2,49,ok,,,1,45.581209007650614,120,1,25.107,10.88000000000011,1763533984692,1763533984706,,,,,,,,,,short,5917,695,321,184,1
s3_short_window,SHORT_WINDOW,14,0.5,400,2,50,ok,,,1,45.15579203143716,120,1,24.982,11.25799999999981,1763533992355,1763533992369,,,,,,,,,,short,6699,665,319,225,1
s3_short_window,SHORT_WINDOW,14,0.5,400,2,51,ok,,,1,47.41775000002235,120,1,25.405,10.273999999999432,1763534000589,1763534000606,,,,,,,,,,short,6981,423,318,248,0
s3_short_window,SHORT_WINDOW,14,0.5,400,2,52,ok,,,2,483.0875409534201,240,2,52.41,17.153000000000247,1763534009756,1763534009783,,,,,,,,,,short,7714,287,291,278,2
s3_short_window,SHORT_WINDOW,14,0.5,400,2,53,ok,,,1,46.46991699701175,120,1,23.427,10.766999999998916,1763534018953,1763534018968,,,,,,,,,,short,6272,504,278,180,2
s3_short_window,SHORT_WINDOW,14,0.5,400,2,54,ok,,,2,463.5973330005072,240,2,36.417,13.75,1763534027765,1763534027784,,,,,,,,,,short,6898,889,316,256,2
s3_short_window,SHORT_WINDOW,14,0.5,400,2,55,ok,,,3,885.9894589986652,360,3,55.58399999999999,13.752999999999702,1763534036703,1763534036721,,,,,,,,,,short,6037,862,219,236,1
s3_short_window,SHORT_WINDOW,14,0.5,400,2,56,ok,,,1,44.24608300905675,120,1,23.299,10.801000000000386,1763534043394,1763534043409,,,,,,,,,,short,7602,582,335,231,1
s3_short_window,SHORT_WINDOW,14,0.5,400,2,57,ok,,,1,47.326540981885046,120,1,24.633000000000003,11.317000000000007,1763534052762,1763534052778,,,,,,,,,,short,7266,517,240,173,3
s3_short_window,SHORT_WINDOW,14,0.5,400,2,58,ok,,,1,41.698082990478724,120,1,22.375999999999998,10.269000000000233,1763534061734,1763534061747,,,,,,,,,,short,6199,442,258,245,0
s3_short_window,SHORT_WINDOW,14,0.5,400,2,59,ok,,,1,48.48033300368115,120,1,25.039999999999992,11.779999999999745,1763534069799,1763534069816,,,,,,,,,,short,7594,602,234,185,2
s3_short_window,SHORT_WINDOW,14,0.5,400,2,60,ok,,,1,50.25658302474767,120,1,25.545999999999992,11.837000000000444,1763534079340,1763534079357,,,,,,,,,,short,7702,782,271,207,0
s3_short_window,SHORT_WINDOW,14,0.5,400,2,61,ok,,,1,45.97179201664403,120,1,24.828000000000003,10.606999999999061,1763534088423,1763534088440,,,,,,,,,,short,6655,473,323,188,2
s3_short_window,SHORT_WINDOW,14,0.5,400,2,62,ok,,,1,46.818916976917535,120,1,23.084999999999994,11.243000000000393,1763534096720,1763534096737,,,,,,,,,,short,7628,382,244,176,4
s3_short_window,SHORT_WINDOW,14,0.5,400,2,63,ok,,,1,49.241375003475696,120,1,25.179999999999993,11.627000000000407,1763534106332,1763534106350,,,,,,,,,,short,6198,687,303,248,1
s3_short_window,SHORT_WINDOW,14,0.5,400,2,64,ok,,,3,881.7907919874415,360,3,53.624,13.38299999999981,1763534115150,1763534115166,,,,,,,,,,short,7221,755,265,202,2
s3_short_window,SHORT_WINDOW,14,0.5,400,2,65,ok,,,1,49.16150000644848,120,1,24.205,10.902999999999338,1763534123101,1763534123118,,,,,,,,,,short,6320,579,325,240,0
s3_short_window,SHORT_WINDOW,14,0.5,400,2,66,ok,,,1,43.332999979611486,120,1,22.421000000000006,10.466999999998734,1763534131024,1763534131039,,,,,,,,,,short,6950,437,284,242,0
s3_short_window,SHORT_WINDOW,14,0.5,400,2,67,ok,,,1,49.56066602608189,120,1,25.074000000000005,11.78899999999976,1763534140200,1763534140216,,,,,,,,,,short,7172,873,284,193,1
s3_short_window,SHORT_WINDOW,14,0.5,400,2,68,ok,,,1,48.134832992218435,120,1,23.993000000000002,11.052999999999884,1763534148768,1763534148786,,,,,,,,,,short,7330,561,321,239,0
s3_short_window,SHORT_WINDOW,14,0.5,400,2,69,ok,,,1,52.531792025547475,120,1,25.430999999999997,11.85400000000027,1763534158073,1763534158093,,,,,,,,,,short,7125,778,310,158,0
s3_short_window,SHORT_WINDOW,14,0.5,400,2,70,ok,,,1,50.78016599873081,120,1,26.338,11.982999999999265,1763534167009,1763534167025,,,,,,,,,,short,7386,756,342,255,1
s3_short_window,SHORT_WINDOW,14,0.5,400,2,71,ok,,,1,50.81920902011916,120,1,25.412,12.157000000000153,1763534176240,1763534176259,,,,,,,,,,short,6384,774,238,249,1
s3_short_window,SHORT_WINDOW,14,0.5,400,2,72,ok,,,1,47.368875006213784,120,1,25.409999999999997,11.607999999999265,1763534184436,1763534184451,,,,,,,,,,short,7149,835,222,168,2
s3_short_window,SHORT_WINDOW,14,0.5,400,2,73,ok,,,1,49.92533300537616,120,1,25.88900000000001,12.077000000000226,1763534193286,1763534193304,,,,,,,,,,short,6610,740,219,279,0
s3_short_window,SHORT_WINDOW,14,0.5,400,2,74,ok,,,1,54.484125052113086,120,1,25.564,16.85400000000027,1763534201380,1763534201395,,,,,,,,,,short,7821,538,316,181,0
s3_short_window,SHORT_WINDOW,14,0.5,400,2,75,ok,,,1,50.604082993231714,120,1,24.958999999999996,12.38299999999981,1763534210807,1763534210825,,,,,,,,,,short,7588,369,293,276,0
s3_short_window,SHORT_WINDOW,14,0.5,400,2,76,ok,,,1,48.100832966156304,120,1,25.103,10.560999999999694,1763534220304,1763534220320,,,,,,,,,,short,6396,434,234,216,5
s3_short_window,SHORT_WINDOW,14,0.5,400,2,77,ok,,,1,46.16991704097018,120,1,25.561000000000007,11.717999999999847,1763534228649,1763534228664,,,,,,,,,,short,7116,665,294,171,2
s3_short_window,SHORT_WINDOW,14,0.5,400,2,78,ok,,,1,50.77749997144565,120,1,26.159999999999997,11.666999999999462,1763534237763,1763534237780,,,,,,,,,,short,6017,870,274,272,1
s3_short_window,SHORT_WINDOW,14,0.5,400,2,79,ok,,,1,47.34504199586809,120,1,23.269000000000005,10.35399999999936,1763534244827,1763534244844,,,,,,,,,,short,6053,416,292,256,1
s3_short_window,SHORT_WINDOW,14,0.5,400,2,80,ok,,,1,49.3275829940103,120,1,25.142999999999994,11.759000000000015,1763534252897,1763534252914,,,,,,,,,,short,5861,684,318,247,1
s3_short_window,SHORT_WINDOW,14,0.5,400,2,81,ok,,,1,42.34854195965454,120,1,23.353,10.511999999999716,1763534260493,1763534260507,,,,,,,,,,short,7297,587,314,241,1
s3_short_window,SHORT_WINDOW,14,0.5,400,2,82,ok,,,1,49.14887499762699,120,1,24.932000000000002,11.555999999999585,1763534269637,1763534269654,,,,,,,,,,short,6496,591,245,193,2
s3_short_window,SHORT_WINDOW,14,0.5,400,2,83,ok,,,1,46.870334015693516,120,1,24.764999999999993,11.655000000000655,1763534278023,1763534278039,,,,,,,,,,short,6570,740,334,230,0
s3_short_window,SHORT_WINDOW,14,0.5,400,2,84,ok,,,1,43.07949997019023,120,1,23.967,10.74499999999989,1763534286078,1763534286092,,,,,,,,,,short,7357,454,335,224,1
s3_short_window,SHORT_WINDOW,14,0.5,400,2,85,ok,,,1,47.047417028807104,120,1,25.03300000000001,11.6850000000004,1763534295635,1763534295650,,,,,,,,,,short,6125,819,315,254,0
s3_short_window,SHORT_WINDOW,14,0.5,400,2,86,ok,,,1,49.25820796051994,120,1,25.467999999999996,11.726999999999862,1763534303535,1763534303552,,,,,,,,,,short,7280,722,298,246,2
s3_short_window,SHORT_WINDOW,14,0.5,400,2,87,ok,,,1,49.4708750047721,120,1,29.116000000000007,11.023999999999432,1763534312095,1763534312109,,,,,,,,,,short,6320,453,339,158,1
s3_short_window,SHORT_WINDOW,14,0.5,400,2,88,ok,,,1,47.7657500305213,120,1,25.426000000000002,11.728000000000975,1763534320645,1763534320662,,,,,,,,,,short,7688,850,332,260,1
s3_short_window,SHORT_WINDOW,14,0.5,400,2,89,ok,,,1,45.744458970148116,120,1,25.134,10.62500000000091,1763534329604,1763534329619,,,,,,,,,,short,7546,380,308,164,2
s3_short_window,SHORT_WINDOW,14,0.5,400,2,90,ok,,,1,45.113917032722384,120,1,25.317999999999998,11.66399999999976,1763534339464,1763534339478,,,,,,,,,,short,7709,887,336,249,0
s3_short_window,SHORT_WINDOW,14,0.5,400,2,91,ok,,,1,47.43441700702533,120,1,25.76899999999999,10.396999999999025,1763534348408,1763534348424,,,,,,,,,,short,6760,361,327,208,0
s3_short_window,SHORT_WINDOW,14,0.5,400,2,92,ok,,,1,47.84629098139703,120,1,26.398000000000003,10.816000000000713,1763534356943,1763534356960,,,,,,,,,,short,7694,451,337,178,1
s3_short_window,SHORT_WINDOW,14,0.5,400,2,93,ok,,,1,52.16695799026638,120,1,26.81899999999999,12.086999999999534,1763534366451,1763534366469,,,,,,,,,,short,6287,356,292,202,0
s3_short_window,SHORT_WINDOW,14,0.5,400,2,94,ok,,,1,45.91112502384931,120,1,23.400000000000006,10.67200000000048,1763534374873,1763534374888,,,,,,,,,,short,6344,662,216,262,0
s3_short_window,SHORT_WINDOW,14,0.5,400,2,95,ok,,,1,47.85979201551527,120,1,26.607999999999997,9.975999999999658,1763534382669,1763534382687,,,,,,,,,,short,6267,349,234,223,2
s3_short_window,SHORT_WINDOW,14,0.5,400,2,96,ok,,,1,49.11725001875311,120,1,25.09899999999999,11.372999999999593,1763534390923,1763534390940,,,,,,,,,,short,7351,626,341,273,2
s3_short_window,SHORT_WINDOW,14,0.5,400,2,97,ok,,,1,50.625915988348424,120,1,25.807000000000002,11.820999999999913,1763534400171,1763534400189,,,,,,,,,,short,7391,870,295,220,1
s3_short_window,SHORT_WINDOW,14,0.5,400,2,98,ok,,,1,47.68908297410235,120,1,25.708999999999996,11.632000000000517,1763534409310,1763534409325,,,,,,,,,,short,7242,893,202,176,2
s3_short_window,SHORT_WINDOW,14,0.5,400,2,99,ok,,,1,46.21945897815749,120,1,24.883999999999993,11.625,1763534418145,1763534418160,,,,,,,,,,short,7272,747,251,176,1
s3_short_window,SHORT_WINDOW,14,0.5,400,2,100,ok,,,1,46.6080000041984,120,1,25.083000000000006,11.431999999999789,1763534426893,1763534426909,,,,,,,,,,short,6300,509,220,199,3
s3_short_window,SHORT_WINDOW,14,0.5,400,2,101,ok,,,1,46.288334007840604,120,1,24.357000000000006,10.092000000000553,1763534434893,1763534434908,,,,,,,,,,short,7636,645,225,184,1
s3_short_window,SHORT_WINDOW,14,0.5,400,2,102,ok,,,1,48.67204197216779,120,1,25.604,11.847999999999956,1763534444220,1763534444237,,,,,,,,,,short,6457,629,235,158,2
s3_short_window,SHORT_WINDOW,14,0.5,400,2,103,ok,,,1,52.43841698393226,120,1,24.036999999999992,14.381000000000313,1763534452181,1763534452202,,,,,,,,,,short,7522,481,237,178,3
s3_short_window,SHORT_WINDOW,14,0.5,400,2,104,ok,,,1,45.34491599770263,120,1,22.985999999999997,10.53900000000067,1763534461285,1763534461302,,,,,,,,,,short,7834,391,250,152,4
s3_short_window,SHORT_WINDOW,14,0.5,400,2,105,ok,,,1,47.71341697778553,120,1,27.369000000000007,11.131999999999607,1763534470581,1763534470595,,,,,,,,,,short,6305,289,253,236,3
s3_short_window,SHORT_WINDOW,14,0.5,400,2,106,ok,,,1,46.88333399826661,120,1,26.799,10.75500000000011,1763534478497,1763534478514,,,,,,,,,,short,7630,383,276,243,1
s3_short_window,SHORT_WINDOW,14,0.5,400,2,107,ok,,,1,47.518542036414146,120,1,25.299,11.779999999999745,1763534488454,1763534488470,,,,,,,,,,short,7420,854,333,257,0
s3_short_window,SHORT_WINDOW,14,0.5,400,2,108,ok,,,1,48.10362495481968,120,1,25.003,11.421000000000276,1763534497162,1763534497179,,,,,,,,,,short,7214,541,223,219,0
s3_short_window,SHORT_WINDOW,14,0.5,400,2,109,ok,,,1,47.10629198234528,120,1,25.20199999999999,11.540000000000873,1763534506354,1763534506369,,,,,,,,,,short,6351,728,213,226,1
s3_short_window,SHORT_WINDOW,14,0.5,400,2,110,ok,,,1,49.37399999471381,120,1,27.502000000000017,10.717999999999847,1763534513944,1763534513958,,,,,,,,,,short,7542,289,271,179,1
s3_short_window,SHORT_WINDOW,14,0.5,400,2,111,ok,,,1,42.24566702032462,120,1,23.122,10.537000000000262,1763534523438,1763534523451,,,,,,,,,,short,5838,525,347,278,1
s3_short_window,SHORT_WINDOW,14,0.5,400,2,112,ok,,,1,47.95579198980704,120,1,26.394,10.372000000000298,1763534530956,1763534530973,,,,,,,,,,short,6295,444,255,206,2
s3_short_window,SHORT_WINDOW,14,0.5,400,2,113,ok,,,1,47.46275005163625,120,1,22.933999999999997,10.532999999999447,1763534539093,1763534539111,,,,,,,,,,short,6020,500,293,230,1
s3_short_window,SHORT_WINDOW,14,0.5,400,2,114,ok,,,1,49.638999975286424,120,1,27.75800000000001,12.33600000000024,1763534547192,1763534547207,,,,,,,,,,short,7253,846,269,220,1
s3_short_window,SHORT_WINDOW,14,0.5,400,2,115,ok,,,2,496.7431669938378,240,2,54.91299999999998,21.84899999999925,1763534556051,1763534556084,,,,,,,,,,short,6955,253,287,221,1
s3_short_window,SHORT_WINDOW,14,0.5,400,2,116,ok,,,1,46.89604201121256,120,1,24.918,10.555000000000291,1763534564387,1763534564402,,,,,,,,,,short,6133,287,259,243,0
s3_short_window,SHORT_WINDOW,14,0.5,400,2,117,ok,,,1,48.724541964475065,120,1,23.522999999999996,11.099999999999454,1763534572575,1763534572593,,,,,,,,,,short,7052,587,317,161,2
s3_short_window,SHORT_WINDOW,14,0.5,400,2,118,ok,,,1,49.06883399235085,120,1,25.110000000000007,14.386999999999716,1763534581462,1763534581478,,,,,,,,,,short,7523,626,286,214,1
s3_short_window,SHORT_WINDOW,14,0.5,400,2,119,ok,,,1,49.4708750047721,120,1,25.50799999999999,11.570000000001528,1763534590708,1763534590725,,,,,,,,,,short,6784,600,234,263,1
s3_short_window,SHORT_WINDOW,14,0.5,400,2,120,ok,,,1,51.59687501145527,120,1,25.340000000000003,11.626999999999498,1763534599580,1763534599599,,,,,,,,,,short,6846,890,333,278,0
s3_short_window,SHORT_WINDOW,14,0.5,400,2,121,ok,,,1,45.4441670444794,120,1,23.916000000000004,10.468000000000757,1763534607620,1763534607636,,,,,,,,,,short,6400,350,222,186,0
s3_short_window,SHORT_WINDOW,14,0.5,400,2,122,ok,,,1,46.602874994277954,120,1,24.892000000000003,11.292000000000371,1763534616074,1763534616089,,,,,,,,,,short,7052,576,284,168,1
s3_short_window,SHORT_WINDOW,14,0.5,400,2,123,ok,,,1,50.15920801088214,120,1,27.564999999999998,11.288000000000466,1763534624362,1763534624377,,,,,,,,,,short,5873,310,265,152,2
s3_short_window,SHORT_WINDOW,14,0.5,400,2,124,ok,,,2,469.0077090053819,240,2,37.227000000000004,14.270999999998821,1763534632364,1763534632381,,,,,,,,,,short,8011,264,343,256,1
s3_short_window,SHORT_WINDOW,14,0.5,400,2,125,ok,,,1,48.348499985877424,120,1,25.509000000000007,11.594999999999345,1763534642086,1763534642102,,,,,,,,,,short,7034,851,341,244,0
s3_short_window,SHORT_WINDOW,14,0.5,400,2,126,ok,,,1,46.81066598277539,120,1,25.145000000000003,11.595000000000255,1763534650866,1763534650882,,,,,,,,,,short,5816,860,288,196,0
s3_short_window,SHORT_WINDOW,14,0.5,400,2,127,ok,,,1,51.70745903160423,120,1,25.457,11.900000000000546,1763534658331,1763534658351,,,,,,,,,,short,6956,709,203,199,1
s3_short_window,SHORT_WINDOW,14,0.5,400,2,128,ok,,,1,52.3704580264166,120,1,26.413999999999987,11.638999999999214,1763534666802,1763534666822,,,,,,,,,,short,7749,494,277,161,1
s3_short_window,SHORT_WINDOW,14,0.5,400,2,129,ok,,,1,47.70758398808539,120,1,26.300999999999995,10.14599999999973,1763534676223,1763534676241,,,,,,,,,,short,6925,361,214,248,3
s3_short_window,SHORT_WINDOW,14,0.5,400,2,130,ok,,,1,45.313459006138146,120,1,23.497,10.70300000000043,1763534685118,1763534685133,,,,,,,,,,short,6515,476,245,227,0
s3_short_window,SHORT_WINDOW,14,0.5,400,2,131,ok,,,1,47.643458005040884,120,1,24.671,11.023000000000138,1763534693384,1763534693399,,,,,,,,,,short,7737,424,225,166,0
s3_short_window,SHORT_WINDOW,14,0.5,400,2,132,ok,,,1,49.12391596008092,120,1,28.162,10.928999999999178,1763534702900,1763534702916,,,,,,,,,,short,6761,443,327,206,1
s3_short_window,SHORT_WINDOW,14,0.5,400,2,133,ok,,,1,51.97766702622175,120,1,25.735000000000007,11.904999999999745,1763534711706,1763534711725,,,,,,,,,,short,7812,712,232,161,2
s3_short_window,SHORT_WINDOW,14,0.5,400,2,134,ok,,,1,46.32874997332692,120,1,24.418999999999997,11.091999999999643,1763534721017,1763534721033,,,,,,,,,,short,5860,508,261,209,0
s3_short_window,SHORT_WINDOW,14,0.5,400,2,135,ok,,,1,48.266416997648776,120,1,25.77000000000001,11.652999999998428,1763534728958,1763534728973,,,,,,,,,,short,6459,789,315,260,2
s3_short_window,SHORT_WINDOW,14,0.5,400,2,136,ok,,,1,48.50108397658914,120,1,25.127999999999986,11.618999999999687,1763534736988,1763534737006,,,,,,,,,,short,7253,651,217,257,1
s3_short_window,SHORT_WINDOW,14,0.5,400,2,137,ok,,,1,50.74262502603233,120,1,25.597,11.877000000000407,1763534745908,1763534745927,,,,,,,,,,short,6009,601,208,211,1
s3_short_window,SHORT_WINDOW,14,0.5,400,2,138,ok,,,1,51.17279203841463,120,1,26.251000000000005,12.148000000000138,1763534753387,1763534753404,,,,,,,,,,short,6216,379,302,242,0
s3_short_window,SHORT_WINDOW,14,0.5,400,2,139,ok,,,1,47.82795801293105,120,1,23.619,10.695999999999003,1763534761819,1763534761837,,,,,,,,,,short,7427,827,343,202,1
s3_short_window,SHORT_WINDOW,14,0.5,400,2,140,ok,,,1,45.67004198906943,120,1,25.601,10.489999999998872,1763534770603,1763534770618,,,,,,,,,,short,7100,424,317,255,1
s3_short_window,SHORT_WINDOW,14,0.5,400,2,141,ok,,,1,46.39695800142363,120,1,24.684999999999995,11.502999999999702,1763534779780,1763534779795,,,,,,,,,,short,7337,732,229,184,2
s3_short_window,SHORT_WINDOW,14,0.5,400,2,142,ok,,,1,47.94562503229827,120,1,25.570999999999984,11.576000000000022,1763534788673,1763534788689,,,,,,,,,,short,7569,784,283,175,1
s3_short_window,SHORT_WINDOW,14,0.5,400,2,143,ok,,,1,46.42366600455716,120,1,24.462000000000003,11.1200000000008,1763534797606,1763534797621,,,,,,,,,,short,6698,505,227,200,0
s3_short_window,SHORT_WINDOW,14,0.5,400,2,144,ok,,,1,52.003375021740794,120,1,26.007000000000005,12.290999999998348,1763534806075,1763534806093,,,,,,,,,,short,6597,559,249,241,0
s3_short_window,SHORT_WINDOW,14,0.5,400,2,145,ok,,,1,50.78045901609585,120,1,25.586000000000006,11.67200000000048,1763534814396,1763534814413,,,,,,,,,,short,6962,595,222,252,1
s3_short_window,SHORT_WINDOW,14,0.5,400,2,146,ok,,,1,42.766249971464276,120,1,22.081000000000003,10.092999999998938,1763534823133,1763534823148,,,,,,,,,,short,6872,654,204,183,2
s3_short_window,SHORT_WINDOW,14,0.5,400,2,147,ok,,,1,49.64266699971631,120,1,25.137999999999998,11.320999999999913,1763534831593,1763534831610,,,,,,,,,,short,6690,676,349,196,1
s3_short_window,SHORT_WINDOW,14,0.5,400,2,148,ok,,,3,884.1228749952279,360,3,53.909000000000006,12.85399999999936,1763534840751,1763534840770,,,,,,,,,,short,7323,660,286,201,2
s3_short_window,SHORT_WINDOW,14,0.5,400,2,149,ok,,,1,47.34066699165851,120,1,25.639999999999993,9.989999999999782,1763534848783,1763534848802,,,,,,,,,,short,6800,409,305,189,0
s3_short_window,SHORT_WINDOW,14,0.5,400,2,150,ok,,,2,464.0437919879332,240,2,38.26100000000001,13.470999999999549,1763534857678,1763534857695,,,,,,,,,,short,6734,282,327,279,3
s3_short_window,SHORT_WINDOW,14,0.5,400,2,151,ok,,,1,46.81937501300126,120,1,24.805000000000014,11.284999999998035,1763534866003,1763534866018,,,,,,,,,,short,6729,541,229,167,1
s3_short_window,SHORT_WINDOW,14,0.5,400,2,152,ok,,,2,490.99308397853747,240,2,51.42899999999999,20.837999999999738,1763534874698,1763534874728,,,,,,,,,,short,6676,433,202,193,0
s3_short_window,SHORT_WINDOW,14,0.5,400,2,153,ok,,,1,48.67549997288734,120,1,24.424,10.739999999999782,1763534883080,1763534883097,,,,,,,,,,short,6536,875,307,280,0
s3_short_window,SHORT_WINDOW,14,0.5,400,2,154,ok,,,1,50.197833974380046,120,1,25.316999999999993,11.912000000000262,1763534890988,1763534891006,,,,,,,,,,short,7517,568,250,156,1
s3_short_window,SHORT_WINDOW,14,0.5,400,2,155,ok,,,1,44.92033401038498,120,1,24.214999999999996,11.59400000000096,1763534900178,1763534900192,,,,,,,,,,short,5848,523,221,199,1
s3_short_window,SHORT_WINDOW,14,0.5,400,2,156,ok,,,1,46.58162500709295,120,1,24.591,11.376000000000204,1763534907760,1763534907776,,,,,,,,,,short,7209,602,284,192,1
s3_short_window,SHORT_WINDOW,14,0.5,400,2,157,ok,,,1,49.68745895894244,120,1,25.52900000000001,11.78400000000147,1763534916664,1763534916679,,,,,,,,,,short,6473,643,248,239,0
s3_short_window,SHORT_WINDOW,14,0.5,400,2,158,ok,,,2,479.8548750113696,240,2,44.90500000000001,22.687999999998283,1763534924831,1763534924860,,,,,,,,,,short,7382,282,325,226,0
s3_short_window,SHORT_WINDOW,14,0.5,400,2,159,ok,,,1,48.59550000401214,120,1,25.231999999999992,11.601000000000568,1763534933949,1763534933966,,,,,,,,,,short,7579,665,232,187,0
s3_short_window,SHORT_WINDOW,14,0.5,400,2,160,ok,,,1,45.07129197008908,120,1,23.510000000000005,10.821999999998297,1763534943071,1763534943085,,,,,,,,,,short,7560,492,230,262,0
s3_short_window,SHORT_WINDOW,14,0.5,400,2,161,ok,,,1,50.29437498888001,120,1,28.361999999999995,10.995999999999185,1763534952197,1763534952212,,,,,,,,,,short,7349,259,202,184,0
s3_short_window,SHORT_WINDOW,14,0.5,400,2,162,ok,,,1,48.52700000628829,120,1,24.729000000000013,11.734000000000378,1763534961674,1763534961690,,,,,,,,,,short,6942,650,266,249,1
s3_short_window,SHORT_WINDOW,14,0.5,400,2,163,ok,,,1,47.67120804172009,120,1,25.68400000000001,11.63299999999981,1763534970439,1763534970456,,,,,,,,,,short,6468,870,283,172,2
s3_short_window,SHORT_WINDOW,14,0.5,400,2,164,ok,,,1,49.21845899662003,120,1,25.928999999999988,10.70299999999952,1763534978216,1763534978234,,,,,,,,,,short,6173,448,323,192,0
s3_short_window,SHORT_WINDOW,14,0.5,400,2,165,ok,,,1,46.43033299362287,120,1,26.012999999999998,10.613999999997759,1763534986004,1763534986020,,,,,,,,,,short,7015,331,224,162,1
s3_short_window,SHORT_WINDOW,14,0.5,400,2,166,ok,,,1,44.47750002145767,120,1,22.80299999999999,10.406000000000859,1763534994932,1763534994948,,,,,,,,,,short,6246,561,286,202,2
s3_short_window,SHORT_WINDOW,14,0.5,400,2,167,ok,,,1,43.65520796272904,120,1,23.089000000000002,10.083000000000538,1763535002466,1763535002480,,,,,,,,,,short,7648,349,219,230,0
s3_short_window,SHORT_WINDOW,14,0.5,400,2,168,ok,,,1,45.439459034241736,120,1,23.492000000000004,10.621000000001004,1763535011965,1763535011981,,,,,,,,,,short,6518,431,227,205,1
s3_short_window,SHORT_WINDOW,14,0.5,400,2,169,ok,,,1,45.72108399588615,120,1,23.678999999999995,11.994999999998981,1763535020326,1763535020340,,,,,,,,,,short,6879,495,331,252,0
s3_short_window,SHORT_WINDOW,14,0.5,400,2,170,ok,,,1,48.94204199081287,120,1,25.27300000000001,11.738999999999578,1763535029162,1763535029180,,,,,,,,,,short,6210,599,281,153,0
s3_short_window,SHORT_WINDOW,14,0.5,400,2,171,ok,,,1,46.45612498279661,120,1,23.93099999999999,10.897000000000844,1763535037052,1763535037069,,,,,,,,,,short,6387,495,224,167,0
s3_short_window,SHORT_WINDOW,14,0.5,400,2,172,ok,,,1,50.8973749820143,120,1,25.985999999999997,12.033000000001266,1763535045418,1763535045436,,,,,,,,,,short,6471,641,203,190,0
s3_short_window,SHORT_WINDOW,14,0.5,400,2,173,ok,,,1,48.523667035624385,120,1,23.754000000000005,12.354000000001179,1763535053522,1763535053539,,,,,,,,,,short,6032,427,337,228,0
s3_short_window,SHORT_WINDOW,14,0.5,400,2,174,ok,,,1,47.86383296595886,120,1,26.368999999999993,10.247000000003027,1763535061342,1763535061359,,,,,,,,,,short,6683,416,267,168,0
s3_short_window,SHORT_WINDOW,14,0.5,400,2,175,ok,,,1,49.34287496143952,120,1,27.14799999999999,10.82799999999952,1763535069932,1763535069947,,,,,,,,,,short,6755,387,343,270,1
s3_short_window,SHORT_WINDOW,14,0.5,400,2,176,ok,,,2,492.0582919730805,240,2,53.51599999999999,22.148999999999432,1763535078754,1763535078786,,,,,,,,,,short,6200,269,311,226,0
s3_short_window,SHORT_WINDOW,14,0.5,400,2,177,ok,,,1,51.897042023483664,120,1,23.657999999999994,11.00799999999981,1763535086477,1763535086498,,,,,,,,,,short,7390,451,273,153,2
s3_short_window,SHORT_WINDOW,14,0.5,400,2,178,ok,,,1,48.625666997395456,120,1,25.110000000000007,11.494000000000597,1763535095801,1763535095817,,,,,,,,,,short,6880,552,247,260,1
s3_short_window,SHORT_WINDOW,14,0.5,400,2,179,ok,,,1,44.6048749727197,120,1,23.339,10.743000000000393,1763535104501,1763535104516,,,,,,,,,,short,6017,612,338,204,1
s3_short_window,SHORT_WINDOW,14,0.5,400,2,180,ok,,,1,44.723708007950336,120,1,23.729000000000006,10.860000000000582,1763535112587,1763535112601,,,,,,,,,,short,6245,850,289,231,1
s3_short_window,SHORT_WINDOW,14,0.5,400,2,181,ok,,,1,48.221042030490935,120,1,23.744999999999997,10.850999999998749,1763535120280,1763535120297,,,,,,,,,,short,6489,476,207,208,0
s3_short_window,SHORT_WINDOW,14,0.5,400,2,182,ok,,,1,45.49508303171024,120,1,23.290999999999997,10.489000000001397,1763535128511,1763535128527,,,,,,,,,,short,7566,456,246,189,1
s3_short_window,SHORT_WINDOW,14,0.5,400,2,183,ok,,,1,46.62525001913309,120,1,24.601000000000006,11.311999999999898,1763535137731,1763535137745,,,,,,,,,,short,7432,325,229,277,0
s3_short_window,SHORT_WINDOW,14,0.5,400,2,184,ok,,,1,49.7682910063304,120,1,25.459000000000003,11.734999999998763,1763535147438,1763535147455,,,,,,,,,,short,6216,793,230,181,0
s3_short_window,SHORT_WINDOW,14,0.5,400,2,185,ok,,,2,498.656417010352,240,2,52.048,21.686999999999898,1763535155354,1763535155385,,,,,,,,,,short,6069,329,223,250,1
s3_short_window,SHORT_WINDOW,14,0.5,400,2,186,ok,,,1,52.69816698273644,120,1,25.47999999999999,11.77900000000227,1763535163097,1763535163116,,,,,,,,,,short,6066,727,317,224,1
s3_short_window,SHORT_WINDOW,14,0.5,400,2,187,ok,,,1,47.307916975114495,120,1,25.348000000000013,11.067999999999302,1763535170568,1763535170584,,,,,,,,,,short,6923,341,314,267,3
s3_short_window,SHORT_WINDOW,14,0.5,400,2,188,ok,,,1,44.95204199338332,120,1,23.680999999999997,10.83599999999933,1763535179469,1763535179483,,,,,,,,,,short,6773,557,314,221,1
s3_short_window,SHORT_WINDOW,14,0.5,400,2,189,ok,,,1,54.87150000408292,120,1,26.450000000000003,11.80199999999968,1763535188261,1763535188281,,,,,,,,,,short,7515,648,320,199,1
s3_short_window,SHORT_WINDOW,14,0.5,400,2,190,ok,,,3,889.9148759664968,360,3,58.24199999999999,14.36200000000099,1763535198341,1763535198363,,,,,,,,,,short,7422,604,205,173,4
s3_short_window,SHORT_WINDOW,14,0.5,400,2,191,ok,,,1,48.24554198421538,120,1,25.56000000000001,11.701999999999316,1763535206702,1763535206718,,,,,,,,,,short,7764,664,202,242,1
s3_short_window,SHORT_WINDOW,14,0.5,400,2,192,ok,,,1,50.6359160062857,120,1,26.46099999999999,10.729999999995925,1763535215877,1763535215893,,,,,,,,,,short,7501,307,289,257,1
s3_short_window,SHORT_WINDOW,14,0.5,400,2,193,ok,,,1,47.74070897838101,120,1,25.147000000000006,11.44300000000112,1763535225619,1763535225634,,,,,,,,,,short,7418,693,208,218,2
s3_short_window,SHORT_WINDOW,14,0.5,400,2,194,ok,,,1,50.70504202740267,120,1,25.022,11.887000000000626,1763535234747,1763535234767,,,,,,,,,,short,7626,663,331,195,2
s3_short_window,SHORT_WINDOW,14,0.5,400,2,195,ok,,,1,46.6213749605231,120,1,24.276999999999994,11.386000000000422,1763535243892,1763535243907,,,,,,,,,,short,6304,487,224,158,1
s3_short_window,SHORT_WINDOW,14,0.5,400,2,196,ok,,,1,49.15999999502674,120,1,26.344,11.94000000000051,1763535252370,1763535252385,,,,,,,,,,short,6073,827,261,215,2
s3_short_window,SHORT_WINDOW,14,0.5,400,2,197,ok,,,1,49.37891702866182,120,1,24.876000000000005,11.597999999999956,1763535259970,1763535259987,,,,,,,,,,short,7742,596,274,209,0
s3_short_window,SHORT_WINDOW,14,0.5,400,2,198,ok,,,1,49.23183302162215,120,1,26.796999999999983,11.569000000001324,1763535269670,1763535269686,,,,,,,,,,short,5900,757,224,186,1
s3_short_window,SHORT_WINDOW,14,0.5,400,2,199,ok,,,1,48.2436660095118,120,1,25.523999999999994,11.840000000000146,1763535277558,1763535277574,,,,,,,,,,short,5799,881,249,216,0
s3_short_window,SHORT_WINDOW,14,0.5,400,2,200,ok,,,1,53.22266597067937,120,1,25.424,11.679000000000087,1763535285112,1763535285134,,,,,,,,,,short,7308,794,232,178,0
s3_short_window,SHORT_WINDOW,14,0.5,400,2,201,ok,,,1,46.57108400715515,120,1,24.924999999999983,11.34100000000035,1763535293920,1763535293936,,,,,,,,,,short,6746,552,235,273,0
s3_short_window,SHORT_WINDOW,14,0.5,400,2,202,ok,,,1,46.766749990638345,120,1,24.094,10.875,1763535302735,1763535302750,,,,,,,,,,short,6455,866,252,175,3
s3_short_window,SHORT_WINDOW,14,0.5,400,2,203,ok,,,1,49.17979199672118,120,1,23.927,10.816000000000713,1763535310550,1763535310568,,,,,,,,,,short,6091,498,231,211,0
s3_short_window,SHORT_WINDOW,14,0.5,400,2,204,ok,,,1,49.81341597158462,120,1,24.711,11.253000000000611,1763535318399,1763535318415,,,,,,,,,,short,6945,510,206,241,2
s3_short_window,SHORT_WINDOW,14,0.5,400,2,205,ok,,,3,888.1573340040632,360,3,56.883,12.948999999998705,1763535328009,1763535328027,,,,,,,,,,short,6130,599,311,195,1
s3_short_window,SHORT_WINDOW,14,0.5,400,2,206,ok,,,1,51.83983297320083,120,1,27.161,11.436999999999898,1763535334846,1763535334862,,,,,,,,,,short,7761,360,336,192,2
s3_short_window,SHORT_WINDOW,14,0.5,400,2,207,ok,,,1,51.377291965764016,120,1,25.84899999999999,11.90599999999722,1763535344537,1763535344555,,,,,,,,,,short,6580,728,263,248,2
s3_short_window,SHORT_WINDOW,14,0.5,400,2,208,ok,,,1,40.738957992289215,120,1,22.009999999999998,10.022000000000844,1763535352665,1763535352678,,,,,,,,,,short,6667,716,302,255,1
s3_short_window,SHORT_WINDOW,14,0.5,400,2,209,ok,,,1,52.51754098571837,120,1,26.47099999999999,12.33299999999872,1763535361074,1763535361093,,,,,,,,,,short,6570,631,268,188,0
s3_short_window,SHORT_WINDOW,14,0.5,400,2,210,ok,,,1,50.14504195423797,120,1,24.83399999999999,11.668000000001484,1763535369501,1763535369521,,,,,,,,,,short,6732,663,346,221,1
s3_short_window,SHORT_WINDOW,14,0.5,400,2,211,ok,,,1,46.14308301825076,120,1,25.044000000000004,11.568999999999505,1763535378070,1763535378084,,,,,,,,,,short,6907,762,345,196,1
s3_short_window,SHORT_WINDOW,14,0.5,400,2,212,ok,,,1,51.659374963492155,120,1,26.194999999999993,12.328999999997905,1763535386856,1763535386874,,,,,,,,,,short,6663,837,221,200,2
s3_short_window,SHORT_WINDOW,14,0.5,400,2,213,ok,,,2,466.0068330122158,240,2,39.397999999999996,13.543999999999869,1763535395711,1763535395733,,,,,,,,,,short,6933,890,278,186,1
s3_short_window,SHORT_WINDOW,14,0.5,400,2,214,ok,,,1,46.43200000282377,120,1,25.347,10.552999999999884,1763535403540,1763535403555,,,,,,,,,,short,5963,465,349,265,0
s3_short_window,SHORT_WINDOW,14,0.5,400,2,215,ok,,,1,54.289332998450845,120,1,25.938000000000002,12.34099999999853,1763535411583,1763535411604,,,,,,,,,,short,7148,758,330,271,1
s3_short_window,SHORT_WINDOW,14,0.5,400,2,216,ok,,,1,45.84845795761794,120,1,26.176999999999985,10.033000000001266,1763535420015,1763535420028,,,,,,,,,,short,6315,344,272,151,1
s3_short_window,SHORT_WINDOW,14,0.5,400,2,217,ok,,,1,48.439875012263656,120,1,25.693999999999996,11.171000000000276,1763535428078,1763535428093,,,,,,,,,,short,7180,281,281,168,0
s3_short_window,SHORT_WINDOW,14,0.5,400,2,218,ok,,,1,46.221166965551674,120,1,25.637999999999998,10.939000000000306,1763535437254,1763535437269,,,,,,,,,,short,6039,467,347,275,1
s3_short_window,SHORT_WINDOW,14,0.5,400,2,219,ok,,,1,46.298208006192,120,1,24.756,11.19800000000032,1763535445386,1763535445400,,,,,,,,,,short,7215,761,316,249,1
s3_short_window,SHORT_WINDOW,14,0.5,400,2,220,ok,,,1,47.414958011358976,120,1,25.012,11.769999999998618,1763535454103,1763535454117,,,,,,,,,,short,7577,428,329,219,2
s3_short_window,SHORT_WINDOW,14,0.5,400,2,221,ok,,,1,43.90166699886322,120,1,23.121000000000002,10.110999999997148,1763535463328,1763535463341,,,,,,,,,,short,6432,489,320,169,1
s3_short_window,SHORT_WINDOW,14,0.5,400,2,222,ok,,,1,45.898542040959,120,1,24.466,10.673000000000684,1763535471639,1763535471654,,,,,,,,,,short,5970,515,280,268,1
s3_short_window,SHORT_WINDOW,14,0.5,400,2,223,ok,,,1,50.547208986245096,120,1,25.121000000000002,11.477999999999156,1763535479770,1763535479790,,,,,,,,,,short,7065,824,254,174,0
s3_short_window,SHORT_WINDOW,14,0.5,400,2,224,ok,,,1,50.41533301118761,120,1,25.167999999999992,11.654000000000451,1763535488446,1763535488463,,,,,,,,,,short,6837,624,241,191,3
s3_short_window,SHORT_WINDOW,14,0.5,400,2,225,ok,,,1,52.7193330344744,120,1,26.208999999999996,11.920000000000073,1763535497190,1763535497208,,,,,,,,,,short,7522,836,340,178,1
s3_short_window,SHORT_WINDOW,14,0.5,400,2,226,ok,,,1,48.54462499497458,120,1,25.05899999999999,11.722000000001572,1763535506420,1763535506437,,,,,,,,,,short,5777,799,307,240,2
s3_short_window,SHORT_WINDOW,14,0.5,400,2,227,ok,,,1,47.42316697956994,120,1,24.973999999999997,11.677999999999884,1763535513889,1763535513905,,,,,,,,,,short,6818,819,266,200,0
s3_short_window,SHORT_WINDOW,14,0.5,400,2,228,ok,,,2,479.91633403580636,240,2,49.19400000000001,13.94800000000032,1763535522379,1763535522408,,,,,,,,,,short,5827,300,311,217,0
s3_short_window,SHORT_WINDOW,14,0.5,400,2,229,ok,,,1,51.06891697505489,120,1,25.28099999999999,11.63299999999981,1763535529957,1763535529975,,,,,,,,,,short,7338,663,338,165,1
s3_short_window,SHORT_WINDOW,14,0.5,400,2,230,ok,,,1,48.192625981755555,120,1,23.814,10.808999999997468,1763535538861,1763535538877,,,,,,,,,,short,7401,477,246,227,2
s3_short_window,SHORT_WINDOW,14,0.5,400,2,231,ok,,,1,48.55862498516217,120,1,25.723,11.700000000000728,1763535548421,1763535548437,,,,,,,,,,short,7748,832,329,154,0
s3_short_window,SHORT_WINDOW,14,0.5,400,2,232,ok,,,1,50.77762599103153,120,1,24.875999999999998,11.816999999999098,1763535557654,1763535557674,,,,,,,,,,short,6951,571,294,209,3
s3_short_window,SHORT_WINDOW,14,0.5,400,2,233,ok,,,1,48.62129199318588,120,1,27.409,9.929000000000087,1763535566073,1763535566090,,,,,,,,,,short,6598,303,203,159,1
s3_short_window,SHORT_WINDOW,14,0.5,400,2,234,ok,,,1,50.78408302506432,120,1,25.751000000000005,11.804000000000087,1763535574773,1763535574791,,,,,,,,,,short,7573,695,207,236,1
s3_short_window,SHORT_WINDOW,14,0.5,400,2,235,ok,,,1,50.86037499131635,120,1,26.034000000000006,12.029999999998836,1763535584111,1763535584128,,,,,,,,,,short,5991,643,260,252,0
s3_short_window,SHORT_WINDOW,14,0.5,400,2,236,ok,,,1,45.48495798371732,120,1,25.714,11.036000000001877,1763535591511,1763535591525,,,,,,,,,,short,7232,329,266,221,3
s3_short_window,SHORT_WINDOW,14,0.5,400,2,237,ok,,,1,51.66979198111221,120,1,25.635000000000012,11.505999999999403,1763535600864,1763535600882,,,,,,,,,,short,5903,654,341,217,0
s3_short_window,SHORT_WINDOW,14,0.5,400,2,238,ok,,,1,46.95900098886341,120,1,25.160999999999994,11.703999999999724,1763535608656,1763535608672,,,,,,,,,,short,6949,750,313,254,1
s3_short_window,SHORT_WINDOW,14,0.5,400,2,239,ok,,,3,882.4311249773018,360,3,55.26700000000001,13.255999999999403,1763535617983,1763535618002,,,,,,,,,,short,7555,547,279,199,2
s3_short_window,SHORT_WINDOW,14,0.5,400,2,240,ok,,,1,48.71020803693682,120,1,29.659000000000006,10.493000000000393,1763535626194,1763535626209,,,,,,,,,,short,6618,441,315,193,2
s3_short_window,SHORT_WINDOW,14,0.5,400,2,241,ok,,,1,48.91929199220613,120,1,24.782999999999994,11.623999999999796,1763535634996,1763535635013,,,,,,,,,,short,6306,780,279,233,1
s3_short_window,SHORT_WINDOW,14,0.5,400,2,242,ok,,,1,52.08029202185571,120,1,27.798000000000002,10.298999999999069,1763535642495,1763535642514,,,,,,,,,,short,7322,403,284,192,0
s3_short_window,SHORT_WINDOW,14,0.5,400,2,243,ok,,,1,46.11954197753221,120,1,25.062000000000005,11.480000000001382,1763535651976,1763535651992,,,,,,,,,,short,6188,760,204,229,0
s3_short_window,SHORT_WINDOW,14,0.5,400,2,244,ok,,,1,50.268916005734354,120,1,25.519999999999996,11.885000000000218,1763535659842,1763535659859,,,,,,,,,,short,7505,710,211,160,0
s3_short_window,SHORT_WINDOW,14,0.5,400,2,245,ok,,,1,44.96174998348579,120,1,23.288000000000004,10.503999999998996,1763535668726,1763535668741,,,,,,,,,,short,6517,383,229,233,2
s3_short_window,SHORT_WINDOW,14,0.5,400,2,246,ok,,,1,49.541959015186876,120,1,26.467,11.729999999999563,1763535677312,1763535677329,,,,,,,,,,short,6670,619,236,220,1
s3_short_window,SHORT_WINDOW,14,0.5,400,2,247,ok,,,1,44.913124991580844,120,1,24.372000000000007,10.963000000001557,1763535685412,1763535685427,,,,,,,,,,short,6633,443,221,167,1
s3_short_window,SHORT_WINDOW,14,0.5,400,2,248,ok,,,1,43.80475002108142,120,1,22.99600000000001,10.305000000000291,1763535693682,1763535693698,,,,,,,,,,short,6987,347,200,206,0
s3_short_window,SHORT_WINDOW,14,0.5,400,2,249,ok,,,2,461.22358401771635,240,2,34.84799999999999,12.845999999999549,1763535703254,1763535703271,,,,,,,,,,short,6424,739,276,211,1
s3_short_window,SHORT_WINDOW,14,0.5,400,2,250,ok,,,3,879.6764590078965,360,3,50.757,12.911000000000058,1763535711831,1763535711848,,,,,,,,,,short,6873,591,301,225,3
s3_short_window,SHORT_WINDOW,14,0.5,400,2,251,ok,,,1,42.444041988346726,120,1,23.376999999999995,10.769999999998618,1763535719594,1763535719608,,,,,,,,,,short,6746,475,267,224,0
s3_short_window,SHORT_WINDOW,14,0.5,400,2,252,ok,,,1,48.24279202148318,120,1,26.628,10.907999999999447,1763535727962,1763535727978,,,,,,,,,,short,5894,346,259,195,1
s3_short_window,SHORT_WINDOW,14,0.5,400,2,253,ok,,,1,49.70737500116229,120,1,24.900999999999996,11.395000000000437,1763535736274,1763535736292,,,,,,,,,,short,7240,840,253,162,0
s3_short_window,SHORT_WINDOW,14,0.5,400,2,254,ok,,,1,45.966583013068885,120,1,25.338000000000008,12.122999999999593,1763535745325,1763535745339,,,,,,,,,,short,6875,816,243,216,0
s3_short_window,SHORT_WINDOW,14,0.5,400,2,255,ok,,,1,47.381791984662414,120,1,24.828999999999994,11.493000000000393,1763535753846,1763535753862,,,,,,,,,,short,5781,667,215,239,1
s3_short_window,SHORT_WINDOW,14,0.5,400,2,256,ok,,,1,50.34079100005329,120,1,26.21900000000001,11.682000000000698,1763535760969,1763535760985,,,,,,,,,,short,5957,287,260,176,0
s3_short_window,SHORT_WINDOW,14,0.5,400,2,257,ok,,,1,46.7253330280073,120,1,23.392000000000003,10.769999999998618,1763535768840,1763535768855,,,,,,,,,,short,6487,495,259,198,0
s3_short_window,SHORT_WINDOW,14,0.5,400,2,258,ok,,,2,488.16137498943135,240,2,52.27599999999998,21.445999999999913,1763535777295,1763535777324,,,,,,,,,,short,6896,287,330,261,0
s3_short_window,SHORT_WINDOW,14,0.5,400,2,259,ok,,,1,46.63754196371883,120,1,25.818000000000005,10.860000000000582,1763535785499,1763535785514,,,,,,,,,,short,6918,280,267,189,1
s3_short_window,SHORT_WINDOW,14,0.5,400,2,260,ok,,,2,486.1077910172753,240,2,52.49899999999999,20.15400000000045,1763535794600,1763535794628,,,,,,,,,,short,7361,304,322,207,2
s3_short_window,SHORT_WINDOW,14,0.5,400,2,261,ok,,,1,48.51562500698492,120,1,25.833999999999996,10.06800000000112,1763535803388,1763535803405,,,,,,,,,,short,6284,389,221,246,2
s3_short_window,SHORT_WINDOW,14,0.5,400,2,262,ok,,,1,45.392958039883524,120,1,23.067000000000007,10.33599999999933,1763535811560,1763535811575,,,,,,,,,,short,6124,497,275,213,0
s3_short_window,SHORT_WINDOW,14,0.5,400,2,263,ok,,,1,44.15308398893103,120,1,23.078999999999994,10.82300000000032,1763535819409,1763535819425,,,,,,,,,,short,7170,438,288,213,2
s3_short_window,SHORT_WINDOW,14,0.5,400,2,264,ok,,,1,48.30095899524167,120,1,23.553000000000004,10.885000000000218,1763535828470,1763535828488,,,,,,,,,,short,7567,586,336,178,1
s3_short_window,SHORT_WINDOW,14,0.5,400,2,265,ok,,,2,460.71312500862405,240,2,35.181999999999995,13.16700000000128,1763535838484,1763535838501,,,,,,,,,,short,7067,878,262,162,1
s3_short_window,SHORT_WINDOW,14,0.5,400,2,266,ok,,,1,48.63362503238022,120,1,25.434999999999995,11.652000000000044,1763535846616,1763535846634,,,,,,,,,,short,6959,611,258,198,2
s3_short_window,SHORT_WINDOW,14,0.5,400,2,267,ok,,,1,44.558624969795346,120,1,23.118000000000002,10.666999999999462,1763535855006,1763535855022,,,,,,,,,,short,6825,471,245,194,0
s3_short_window,SHORT_WINDOW,14,0.5,400,2,268,ok,,,1,48.68687497219071,120,1,24.821000000000005,11.558999999999287,1763535864134,1763535864151,,,,,,,,,,short,6058,806,257,226,0
s3_short_window,SHORT_WINDOW,14,0.5,400,2,269,ok,,,3,882.9080419964157,360,3,55.838999999999984,12.745999999999185,1763535872416,1763535872433,,,,,,,,,,short,6509,531,246,221,2
s3_short_window,SHORT_WINDOW,14,0.5,400,2,270,ok,,,1,47.43999999482185,120,1,23.83399999999999,11.1349999999984,1763535879813,1763535879830,,,,,,,,,,short,5888,493,234,163,1
s3_short_window,SHORT_WINDOW,14,0.5,400,2,271,ok,,,1,50.52562500350177,120,1,27.450000000000003,12.343999999999141,1763535887199,1763535887214,,,,,,,,,,short,6003,279,232,189,0
s3_short_window,SHORT_WINDOW,14,0.5,400,2,272,ok,,,1,43.80850004963577,120,1,23.47800000000001,10.523000000001048,1763535895427,1763535895441,,,,,,,,,,short,6182,769,277,222,2
s3_short_window,SHORT_WINDOW,14,0.5,400,2,273,ok,,,1,47.47141699772328,120,1,23.766999999999996,11.0049999999992,1763535903087,1763535903105,,,,,,,,,,short,6982,606,350,197,2
s3_short_window,SHORT_WINDOW,14,0.5,400,2,274,ok,,,1,46.60795896779746,120,1,25.00199999999999,11.476999999998952,1763535911866,1763535911881,,,,,,,,,,short,6650,651,304,271,1
,,,,,,,preauth_failed,step4_wait,0,0,0.0,0,0,0.0,0.0,,,,,,,,,,,,,,,,,
s3_short_window,SHORT_WINDOW,14,0.5,400,2,276,ok,,,1,48.41916699660942,120,1,26.279999999999994,11.769000000000233,1763535925070,1763535925085,,,,,,,,,,short,6243,371,298,227,1
s3_short_window,SHORT_WINDOW,14,0.5,400,2,277,ok,,,1,48.22579200845212,120,1,24.862999999999985,11.700000000002547,1763535933192,1763535933208,,,,,,,,,,short,6658,695,230,187,0
s3_short_window,SHORT_WINDOW,14,0.5,400,2,278,ok,,,1,44.993875024374574,120,1,23.215000000000003,10.560999999999694,1763535941369,1763535941385,,,,,,,,,,short,7761,509,322,191,3
s3_short_window,SHORT_WINDOW,14,0.5,400,2,279,ok,,,1,51.389167027082294,120,1,25.548999999999992,12.008999999998196,1763535951086,1763535951104,,,,,,,,,,short,6559,786,269,220,1
s3_short_window,SHORT_WINDOW,14,0.5,400,2,280,ok,,,1,51.07008304912597,120,1,25.796000000000006,11.752000000000407,1763535959400,1763535959418,,,,,,,,,,short,6359,830,222,233,0
s3_short_window,SHORT_WINDOW,14,0.5,400,2,281,ok,,,1,48.350959026720375,120,1,25.36999999999999,11.832000000000335,1763535967530,1763535967547,,,,,,,,,,short,6817,799,293,224,0
s3_short_window,SHORT_WINDOW,14,0.5,400,2,282,ok,,,1,47.40370798390359,120,1,24.879999999999995,11.47400000000016,1763535975884,1763535975899,,,,,,,,,,short,5987,541,209,235,0
s3_short_window,SHORT_WINDOW,14,0.5,400,2,283,ok,,,1,47.399541013874114,120,1,25.022,11.81500000000051,1763535983893,1763535983909,,,,,,,,,,short,6574,777,255,270,2
s3_short_window,SHORT_WINDOW,14,0.5,400,2,284,ok,,,1,48.4961670008488,120,1,24.164,11.146999999999025,1763535992009,1763535992028,,,,,,,,,,short,6558,524,260,224,1
s3_short_window,SHORT_WINDOW,14,0.5,400,2,285,ok,,,1,43.92354196170345,120,1,23.351999999999997,10.81500000000051,1763536000297,1763536000311,,,,,,,,,,short,7471,534,295,275,3
s3_short_window,SHORT_WINDOW,14,0.5,400,2,286,ok,,,1,46.205958002246916,120,1,25.132000000000005,11.570999999999913,1763536009793,1763536009808,,,,,,,,,,short,7466,819,227,234,1
s3_short_window,SHORT_WINDOW,14,0.5,400,2,287,ok,,,1,47.84254200058058,120,1,25.017999999999986,11.38299999999981,1763536018809,1763536018824,,,,,,,,,,short,6157,625,308,265,1
s3_short_window,SHORT_WINDOW,14,0.5,400,2,288,ok,,,1,51.52454198105261,120,1,25.34000000000001,11.855999999999767,1763536026864,1763536026882,,,,,,,,,,short,6720,803,335,173,1
s3_short_window,SHORT_WINDOW,14,0.5,400,2,289,ok,,,1,46.999416954349726,120,1,25.453000000000003,10.483000000000175,1763536034804,1763536034818,,,,,,,,,,short,6142,407,213,271,1
s3_short_window,SHORT_WINDOW,14,0.5,400,2,290,ok,,,1,49.50804205145687,120,1,25.29099999999999,11.602000000000771,1763536043250,1763536043267,,,,,,,,,,short,7269,872,267,195,1
s3_short_window,SHORT_WINDOW,14,0.5,400,2,291,ok,,,1,46.09837499447167,120,1,24.641999999999996,11.297999999998865,1763536051930,1763536051945,,,,,,,,,,short,6588,630,340,210,1
s3_short_window,SHORT_WINDOW,14,0.5,400,2,292,ok,,,1,43.85416698642075,120,1,23.623999999999995,10.723000000001775,1763536060033,1763536060048,,,,,,,,,,short,6292,407,244,227,0
s3_short_window,SHORT_WINDOW,14,0.5,400,2,293,ok,,,1,50.99054204765707,120,1,26.786,12.744999999997162,1763536068534,1763536068551,,,,,,,,,,short,6280,876,230,219,1
s3_short_window,SHORT_WINDOW,14,0.5,400,2,294,ok,,,1,47.53920796792954,120,1,24.696999999999996,11.06300000000192,1763536076221,1763536076236,,,,,,,,,,short,6540,596,324,222,0
s3_short_window,SHORT_WINDOW,14,0.5,400,2,295,ok,,,1,46.51158401975408,120,1,23.961000000000006,10.876000000002023,1763536084276,1763536084292,,,,,,,,,,short,6587,391,205,198,1
s3_short_window,SHORT_WINDOW,14,0.5,400,2,296,ok,,,1,59.531291015446186,120,1,24.954,21.792999999997846,1763536092861,1763536092879,,,,,,,,,,short,6297,676,212,222,1
s3_short_window,SHORT_WINDOW,14,0.5,400,2,297,ok,,,1,48.4885000041686,120,1,24.828000000000003,11.399000000001251,1763536100848,1763536100864,,,,,,,,,,short,6370,635,342,258,0
s3_short_window,SHORT_WINDOW,14,0.5,400,2,298,ok,,,1,49.73500000778586,120,1,25.33299999999999,11.826999999999316,1763536109174,1763536109192,,,,,,,,,,short,5843,773,307,176,0
s3_short_window,SHORT_WINDOW,14,0.5,400,2,299,ok,,,1,51.254959020297974,120,1,25.142000000000003,11.80199999999968,1763536116526,1763536116545,,,,,,,,,,short,6925,600,201,220,0
s3_short_window,SHORT_WINDOW,14,0.5,400,2,300,ok,,,1,47.16800001915544,120,1,24.268,11.04200000000128,1763536125113,1763536125129,,,,,,,,,,short,6001,540,261,239,0
s3_short_window,SHORT_WINDOW,14,0.5,300,2,1,ok,,,1,48.96924999775365,120,1,25.304999999999993,10.889000000001033,1763536132795,1763536132811,,,,,,,,,,mid,10271,512,318,176,2
s3_short_window,SHORT_WINDOW,14,0.5,300,2,2,ok,,,1,48.84537501493469,120,1,24.744,12.868000000000393,1763536144653,1763536144670,,,,,,,,,,mid,10970,398,311,207,3
s3_short_window,SHORT_WINDOW,14,0.5,300,2,3,ok,,,1,46.80145799648017,120,1,26.73100000000001,11.191000000000713,1763536156969,1763536156984,,,,,,,,,,mid,9015,283,243,265,2
s3_short_window,SHORT_WINDOW,14,0.5,300,2,4,ok,,,1,49.17970800306648,120,1,25.266,11.43999999999869,1763536168138,1763536168156,,,,,,,,,,mid,8931,679,339,236,1
s3_short_window,SHORT_WINDOW,14,0.5,300,2,5,ok,,,1,46.20533302659169,120,1,24.770000000000003,11.556000000002314,1763536178650,1763536178665,,,,,,,,,,mid,11660,531,222,257,1
s3_short_window,SHORT_WINDOW,14,0.5,300,2,6,ok,,,1,50.112291995901614,120,1,25.985,12.012000000000626,1763536192249,1763536192265,,,,,,,,,,mid,9393,826,212,219,0
s3_short_window,SHORT_WINDOW,14,0.5,300,2,7,ok,,,1,55.01337500754744,120,1,28.558000000000007,10.102000000000771,1763536202912,1763536202935,,,,,,,,,,mid,9627,437,251,219,0
s3_short_window,SHORT_WINDOW,14,0.5,300,2,8,ok,,,3,685.5353339924477,360,3,53.696000000000005,12.459999999999127,1763536215340,1763536215356,,,,,,,,,,mid,13122,810,210,210,2
s3_short_window,SHORT_WINDOW,14,0.5,300,2,9,ok,,,1,50.385791051667184,120,1,23.78099999999999,10.962000000001353,1763536229354,1763536229374,,,,,,,,,,mid,9185,516,311,191,3
s3_short_window,SHORT_WINDOW,14,0.5,300,2,10,ok,,,1,44.45370798930526,120,1,23.838,11.568999999999505,1763536240263,1763536240277,,,,,,,,,,mid,10916,382,298,225,0
s3_short_window,SHORT_WINDOW,14,0.5,300,2,11,ok,,,2,400.1842920552008,240,2,51.562999999999995,22.511000000000422,1763536253224,1763536253257,,,,,,,,,,mid,12397,318,266,165,1
s3_short_window,SHORT_WINDOW,14,0.5,300,2,12,ok,,,1,49.31416601175442,120,1,24.672000000000004,11.364000000003216,1763536267295,1763536267313,,,,,,,,,,mid,13303,574,279,214,1
s3_short_window,SHORT_WINDOW,14,0.5,300,2,13,ok,,,1,49.17687497800216,120,1,24.278000000000006,10.98200000000179,1763536282441,1763536282459,,,,,,,,,,mid,10747,581,306,209,2
s3_short_window,SHORT_WINDOW,14,0.5,300,2,14,ok,,,1,51.8162910011597,120,1,24.569000000000003,11.340000000000146,1763536294614,1763536294634,,,,,,,,,,mid,12539,479,226,167,3
s3_short_window,SHORT_WINDOW,14,0.5,300,2,15,ok,,,1,48.870750004425645,120,1,25.032999999999994,11.671999999998661,1763536309040,1763536309056,,,,,,,,,,mid,13300,799,231,218,6
s3_short_window,SHORT_WINDOW,14,0.5,300,2,16,ok,,,1,45.84666702430695,120,1,25.976999999999997,10.21900000000096,1763536323552,1763536323568,,,,,,,,,,mid,12271,366,261,253,3
s3_short_window,SHORT_WINDOW,14,0.5,300,2,17,ok,,,1,47.1045000012964,120,1,23.418000000000006,10.649999999999636,1763536337693,1763536337710,,,,,,,,,,mid,10134,617,342,162,0
s3_short_window,SHORT_WINDOW,14,0.5,300,2,18,ok,,,1,47.201375011354685,120,1,24.038999999999994,12.417999999999665,1763536349432,1763536349448,,,,,,,,,,mid,11946,412,321,230,0
s3_short_window,SHORT_WINDOW,14,0.5,300,2,19,ok,,,1,46.38166702352464,120,1,26.44099999999999,9.952000000001135,1763536363088,1763536363104,,,,,,,,,,mid,9679,439,317,176,2
s3_short_window,SHORT_WINDOW,14,0.5,300,2,20,ok,,,1,48.22983400663361,120,1,24.930999999999983,11.81499999999869,1763536375043,1763536375060,,,,,,,,,,mid,13546,891,221,154,0
s3_short_window,SHORT_WINDOW,14,0.5,300,2,21,ok,,,1,50.384625035803765,120,1,26.343000000000004,10.402000000000044,1763536389845,1763536389863,,,,,,,,,,mid,10031,404,274,245,0
s3_short_window,SHORT_WINDOW,14,0.5,300,2,22,ok,,,1,51.92979198182002,120,1,25.72699999999999,11.869000000000597,1763536401951,1763536401970,,,,,,,,,,mid,8836,632,263,262,2
s3_short_window,SHORT_WINDOW,14,0.5,300,2,23,ok,,,1,48.06958301924169,120,1,24.415999999999997,12.352999999999156,1763536412320,1763536412337,,,,,,,,,,mid,9611,431,332,185,2
s3_short_window,SHORT_WINDOW,14,0.5,300,2,24,ok,,,1,50.73633400024846,120,1,25.235999999999997,11.703000000001339,1763536423896,1763536423914,,,,,,,,,,mid,12295,588,233,263,1
s3_short_window,SHORT_WINDOW,14,0.5,300,2,25,ok,,,1,50.021749979350716,120,1,25.691000000000003,11.788000000000466,1763536437995,1763536438012,,,,,,,,,,mid,11598,603,215,263,3
s3_short_window,SHORT_WINDOW,14,0.5,300,2,26,ok,,,1,48.90512500423938,120,1,25.832000000000008,11.406999999999243,1763536451127,1763536451143,,,,,,,,,,mid,12681,401,341,265,1
s3_short_window,SHORT_WINDOW,14,0.5,300,2,27,ok,,,1,47.867209010291845,120,1,24.01400000000001,10.802000000001499,1763536465819,1763536465834,,,,,,,,,,mid,10675,548,306,197,0
s3_short_window,SHORT_WINDOW,14,0.5,300,2,28,ok,,,1,46.988791960757226,120,1,25.388000000000005,11.489000000001397,1763536478112,1763536478126,,,,,,,,,,mid,13132,347,290,165,2
s3_short_window,SHORT_WINDOW,14,0.5,300,2,29,ok,,,1,52.626166958361864,120,1,26.560999999999993,11.497999999997774,1763536493504,1763536493523,,,,,,,,,,mid,11234,752,236,176,2
s3_short_window,SHORT_WINDOW,14,0.5,300,2,30,ok,,,1,44.07800000626594,120,1,24.035000000000004,10.908000000001266,1763536506412,1763536506426,,,,,,,,,,mid,11826,613,347,268,2
s3_short_window,SHORT_WINDOW,14,0.5,300,2,31,ok,,,1,52.13224998442456,120,1,25.355999999999995,11.708000000000538,1763536520024,1763536520043,,,,,,,,,,mid,12504,590,216,225,2
s3_short_window,SHORT_WINDOW,14,0.5,300,2,32,ok,,,1,48.69870800757781,120,1,24.043000000000006,10.55999999999949,1763536534178,1763536534195,,,,,,,,,,mid,10469,459,298,150,1
s3_short_window,SHORT_WINDOW,14,0.5,300,2,33,ok,,,1,51.84958397876471,120,1,25.722,11.847999999999956,1763536546880,1763536546898,,,,,,,,,,mid,11601,835,244,235,1
s3_short_window,SHORT_WINDOW,14,0.5,300,2,34,ok,,,1,50.85204204078764,120,1,24.66899999999999,11.470000000001164,1763536560005,1763536560025,,,,,,,,,,mid,9981,630,348,184,1
s3_short_window,SHORT_WINDOW,14,0.5,300,2,35,ok,,,1,45.441708993166685,120,1,23.361999999999995,11.598999999998341,1763536571536,1763536571551,,,,,,,,,,mid,12289,312,212,232,0
s3_short_window,SHORT_WINDOW,14,0.5,300,2,36,ok,,,1,47.99024999374524,120,1,25.623999999999995,11.85700000000179,1763536586047,1763536586063,,,,,,,,,,mid,11584,787,208,264,1
s3_short_window,SHORT_WINDOW,14,0.5,300,2,37,ok,,,1,52.16479196678847,120,1,25.770000000000003,11.852000000000771,1763536599526,1763536599544,,,,,,,,,,mid,11087,847,313,209,4
s3_short_window,SHORT_WINDOW,14,0.5,300,2,38,ok,,,1,47.862916020676494,120,1,26.155,10.818999999999505,1763536611893,1763536611909,,,,,,,,,,mid,11075,355,312,191,4
s3_short_window,SHORT_WINDOW,14,0.5,300,2,39,ok,,,1,49.58170803729445,120,1,23.777,10.91700000000128,1763536624990,1763536625008,,,,,,,,,,mid,12856,597,315,227,3
s3_short_window,SHORT_WINDOW,14,0.5,300,2,40,ok,,,1,52.496791002340615,120,1,25.012999999999998,11.661000000000058,1763536639448,1763536639466,,,,,,,,,,mid,11816,578,248,158,3
s3_short_window,SHORT_WINDOW,14,0.5,300,2,41,ok,,,1,45.85241700988263,120,1,22.215999999999987,10.039999999999054,1763536653215,1763536653231,,,,,,,,,,mid,11419,773,273,262,3
s3_short_window,SHORT_WINDOW,14,0.5,300,2,42,ok,,,1,48.848209029529244,120,1,25.131000000000007,11.656000000000859,1763536666571,1763536666586,,,,,,,,,,mid,10830,848,275,206,0
s3_short_window,SHORT_WINDOW,14,0.5,300,2,43,ok,,,1,50.34720798721537,120,1,25.055000000000014,11.734000000002197,1763536678908,1763536678925,,,,,,,,,,mid,9893,599,280,227,0
s3_short_window,SHORT_WINDOW,14,0.5,300,2,44,ok,,,1,51.61004199180752,120,1,26.093999999999987,11.293000000001484,1763536690278,1763536690297,,,,,,,,,,mid,9817,314,290,162,1
s3_short_window,SHORT_WINDOW,14,0.5,300,2,45,ok,,,2,394.56033398164436,240,2,52.05800000000001,21.41400000000067,1763536702191,1763536702222,,,,,,,,,,mid,10086,263,254,239,0
s3_short_window,SHORT_WINDOW,14,0.5,300,2,46,ok,,,1,47.7127920021303,120,1,25.728999999999992,10.69800000000214,1763536713766,1763536713783,,,,,,,,,,mid,11428,332,215,230,0
s3_short_window,SHORT_WINDOW,14,0.5,300,2,47,ok,,,1,46.888249984476715,120,1,25.166000000000004,11.102000000000771,1763536726995,1763536727011,,,,,,,,,,mid,9940,334,345,250,0
s3_short_window,SHORT_WINDOW,14,0.5,300,2,48,ok,,,2,385.11533400742337,240,2,50.751999999999995,19.683999999999287,1763536739017,1763536739044,,,,,,,,,,mid,9624,273,279,252,3
s3_short_window,SHORT_WINDOW,14,0.5,300,2,49,ok,,,1,49.54262496903539,120,1,26.839999999999996,10.528000000000247,1763536750082,1763536750101,,,,,,,,,,mid,13096,335,208,250,0
s3_short_window,SHORT_WINDOW,14,0.5,300,2,50,ok,,,1,45.64762499649078,120,1,25.512999999999998,11.070999999998094,1763536765019,1763536765033,,,,,,,,,,mid,10472,341,340,233,1
s3_short_window,SHORT_WINDOW,14,0.5,300,2,51,ok,,,1,49.10633398685604,120,1,24.379999999999995,11.140000000001237,1763536777446,1763536777465,,,,,,,,,,mid,13101,531,261,212,2
s3_short_window,SHORT_WINDOW,14,0.5,300,2,52,ok,,,1,51.23654199996963,120,1,25.864999999999988,11.740999999998166,1763536792579,1763536792596,,,,,,,,,,mid,11032,719,206,214,2
s3_short_window,SHORT_WINDOW,14,0.5,300,2,53,ok,,,1,47.68787504872307,120,1,24.80000000000001,10.91399999999885,1763536805511,1763536805527,,,,,,,,,,mid,9154,847,258,174,2
s3_short_window,SHORT_WINDOW,14,0.5,300,2,54,ok,,,1,50.30575004639104,120,1,25.20300000000001,11.718999999999141,1763536816278,1763536816295,,,,,,,,,,mid,10399,620,332,232,2
s3_short_window,SHORT_WINDOW,14,0.5,300,2,55,ok,,,1,52.29658301686868,120,1,25.708,11.776000000001659,1763536828692,1763536828711,,,,,,,,,,mid,9141,822,219,156,0
s3_short_window,SHORT_WINDOW,14,0.5,300,2,56,ok,,,1,51.134917011950165,120,1,25.192000000000007,11.65900000000147,1763536839328,1763536839346,,,,,,,,,,mid,10461,568,253,176,1
s3_short_window,SHORT_WINDOW,14,0.5,300,2,57,ok,,,1,50.78904103720561,120,1,25.459999999999987,11.787000000000262,1763536851857,1763536851875,,,,,,,,,,mid,13308,890,318,241,2
s3_short_window,SHORT_WINDOW,14,0.5,300,2,58,ok,,,1,50.03108398523182,120,1,26.314999999999998,11.191999999999098,1763536866407,1763536866423,,,,,,,,,,mid,10123,364,302,231,2
s3_short_window,SHORT_WINDOW,14,0.5,300,2,59,ok,,,1,46.23137495946139,120,1,23.452000000000005,12.25799999999981,1763536878406,1763536878419,,,,,,,,,,mid,13319,466,311,176,2
s3_short_window,SHORT_WINDOW,14,0.5,300,2,60,ok,,,2,396.2076250463724,240,2,51.029999999999994,20.43499999999949,1763536893668,1763536893699,,,,,,,,,,mid,13185,314,316,248,2
s3_short_window,SHORT_WINDOW,14,0.5,300,2,61,ok,,,1,41.92958300700411,120,1,22.96,10.636999999998807,1763536908393,1763536908406,,,,,,,,,,mid,9371,439,278,217,0
s3_short_window,SHORT_WINDOW,14,0.5,300,2,62,ok,,,1,51.108333049342036,120,1,25.64099999999999,11.716000000002168,1763536919891,1763536919909,,,,,,,,,,mid,11467,756,254,267,1
s3_short_window,SHORT_WINDOW,14,0.5,300,2,63,ok,,,1,47.63737501343712,120,1,24.485,11.21100000000115,1763536932839,1763536932855,,,,,,,,,,mid,12615,476,201,257,0
s3_short_window,SHORT_WINDOW,14,0.5,300,2,64,ok,,,2,388.40062503004447,240,2,51.489999999999995,20.60399999999936,1763536947392,1763536947423,,,,,,,,,,mid,11230,255,295,274,1
s3_short_window,SHORT_WINDOW,14,0.5,300,2,65,ok,,,1,45.29974999604747,120,1,23.310999999999993,10.55500000000211,1763536960263,1763536960279,,,,,,,,,,mid,10188,478,290,208,2
s3_short_window,SHORT_WINDOW,14,0.5,300,2,66,ok,,,1,48.765124985948205,120,1,25.590000000000003,11.655000000002474,1763536972368,1763536972384,,,,,,,,,,mid,12164,595,225,228,1
s3_short_window,SHORT_WINDOW,14,0.5,300,2,67,ok,,,1,48.275458975695074,120,1,24.300999999999995,11.014999999997599,1763536986241,1763536986257,,,,,,,,,,mid,12611,544,261,242,2
s3_short_window,SHORT_WINDOW,14,0.5,300,2,68,ok,,,1,51.13008402986452,120,1,25.833,11.956999999998516,1763537000732,1763537000750,,,,,,,,,,mid,12991,602,264,192,2
s3_short_window,SHORT_WINDOW,14,0.5,300,2,69,ok,,,1,50.100249995011836,120,1,26.929000000000002,10.71900000000096,1763537015143,1763537015158,,,,,,,,,,mid,10056,253,256,213,1
s3_short_window,SHORT_WINDOW,14,0.5,300,2,70,ok,,,1,47.750749974511564,120,1,23.009000000000007,10.479999999999563,1763537026966,1763537026983,,,,,,,,,,mid,11052,382,210,213,1
s3_short_window,SHORT_WINDOW,14,0.5,300,2,71,ok,,,1,49.19649998191744,120,1,25.564000000000007,10.451999999999316,1763537039773,1763537039791,,,,,,,,,,mid,9741,364,229,225,0
s3_short_window,SHORT_WINDOW,14,0.5,300,2,72,ok,,,1,49.96691702399403,120,1,25.284999999999997,11.828999999999724,1763537051839,1763537051857,,,,,,,,,,mid,12609,804,285,276,0
s3_short_window,SHORT_WINDOW,14,0.5,300,2,73,ok,,,1,45.42537499219179,120,1,23.768000000000008,10.828999999999724,1763537066150,1763537066166,,,,,,,,,,mid,9860,748,321,246,2
s3_short_window,SHORT_WINDOW,14,0.5,300,2,74,ok,,,1,47.86729201441631,120,1,25.323,11.7549999999992,1763537077645,1763537077661,,,,,,,,,,mid,8956,632,244,214,1
s3_short_window,SHORT_WINDOW,14,0.5,300,2,75,ok,,,1,46.649791998788714,120,1,26.07999999999999,10.264000000001033,1763537088221,1763537088236,,,,,,,,,,mid,9037,455,316,236,0
s3_short_window,SHORT_WINDOW,14,0.5,300,2,76,ok,,,1,51.01049999939278,120,1,26.145000000000003,11.755000000001019,1763537099418,1763537099434,,,,,,,,,,mid,9685,795,334,232,1
s3_short_window,SHORT_WINDOW,14,0.5,300,2,77,ok,,,1,50.75116700027138,120,1,25.677,12.048000000002503,1763537110829,1763537110848,,,,,,,,,,mid,10069,835,208,183,2
s3_short_window,SHORT_WINDOW,14,0.5,300,2,78,ok,,,1,49.227791954763234,120,1,26.08,11.367999999996755,1763537122099,1763537122117,,,,,,,,,,mid,12360,261,211,242,2
s3_short_window,SHORT_WINDOW,14,0.5,300,2,79,ok,,,1,47.818000020924956,120,1,24.245000000000005,10.8700000000008,1763537136442,1763537136457,,,,,,,,,,mid,9299,436,215,260,0
s3_short_window,SHORT_WINDOW,14,0.5,300,2,80,ok,,,1,50.82112504169345,120,1,25.717000000000013,11.773999999999432,1763537147912,1763537147930,,,,,,,,,,mid,10866,793,258,170,1
s3_short_window,SHORT_WINDOW,14,0.5,300,2,81,ok,,,1,48.87108301045373,120,1,25.241000000000007,11.747999999999593,1763537160444,1763537160460,,,,,,,,,,mid,12307,646,260,277,3
s3_short_window,SHORT_WINDOW,14,0.5,300,2,82,ok,,,1,50.51216599531472,120,1,26.233000000000004,12.278000000000247,1763537174564,1763537174581,,,,,,,,,,mid,10385,684,240,279,0
s3_short_window,SHORT_WINDOW,14,0.5,300,2,83,ok,,,1,57.0044579799287,120,1,25.688000000000002,12.015000000001237,1763537186811,1763537186833,,,,,,,,,,mid,13872,772,201,154,1
s3_short_window,SHORT_WINDOW,14,0.5,300,2,84,ok,,,1,49.635458970442414,120,1,23.435999999999993,10.713000000001557,1763537201979,1763537201998,,,,,,,,,,mid,11741,521,292,276,2
s3_short_window,SHORT_WINDOW,14,0.5,300,2,85,failed,timeout,110,3,940.9066249500029,360,3,34.09699999999999,0.0,,,,,,,,,,,,mid,11778,257,275,192,3
s3_short_window,SHORT_WINDOW,14,0.5,300,2,86,ok,,,1,53.89345798175782,120,1,25.417,11.97400000000016,1763537228929,1763537228950,,,,,,,,,,mid,10586,649,331,241,2
s3_short_window,SHORT_WINDOW,14,0.5,300,2,87,ok,,,1,47.273167001549155,120,1,25.22800000000001,11.393999999998414,1763537241397,1763537241412,,,,,,,,,,mid,9389,755,336,204,2
s3_short_window,SHORT_WINDOW,14,0.5,300,2,88,ok,,,1,45.901750039774925,120,1,23.226,10.631999999999607,1763537252181,1763537252197,,,,,,,,,,mid,12379,392,214,233,2
s3_short_window,SHORT_WINDOW,14,0.5,300,2,89,ok,,,1,48.01683401456103,120,1,25.25199999999999,11.778000000000247,1763537266594,1763537266611,,,,,,,,,,mid,10359,585,223,272,1
s3_short_window,SHORT_WINDOW,14,0.5,300,2,90,ok,,,1,49.83595805242658,120,1,26.576000000000008,12.196999999998297,1763537278427,1763537278443,,,,,,,,,,mid,11451,307,315,181,2
s3_short_window,SHORT_WINDOW,14,0.5,300,2,91,ok,,,1,45.97249999642372,120,1,26.560000000000002,10.378999999997177,1763537291702,1763537291718,,,,,,,,,,mid,8961,382,238,257,1
s3_short_window,SHORT_WINDOW,14,0.5,300,2,92,ok,,,1,51.68229201808572,120,1,25.408,11.865999999998166,1763537302905,1763537302926,,,,,,,,,,mid,12748,734,227,187,2
s3_short_window,SHORT_WINDOW,14,0.5,300,2,93,ok,,,2,403.3182919956744,240,2,57.275999999999996,20.63800000000083,1763537317277,1763537317314,,,,,,,,,,mid,13696,274,300,209,2
s3_short_window,SHORT_WINDOW,14,0.5,300,2,94,ok,,,1,44.40137499477714,120,1,22.465000000000003,10.23699999999917,1763537332589,1763537332604,,,,,,,,,,mid,12481,425,286,180,2
s3_short_window,SHORT_WINDOW,14,0.5,300,2,95,ok,,,2,390.30237501719967,240,2,52.512,21.328999999999724,1763537347162,1763537347192,,,,,,,,,,mid,10369,255,326,249,1
s3_short_window,SHORT_WINDOW,14,0.5,300,2,96,ok,,,1,48.67554100928828,120,1,26.656000000000006,11.988000000001193,1763537359386,1763537359402,,,,,,,,,,mid,8993,647,210,219,1
s3_short_window,SHORT_WINDOW,14,0.5,300,2,97,ok,,,1,48.16170898266137,120,1,23.426000000000002,10.645000000002256,1763537369929,1763537369946,,,,,,,,,,mid,9381,456,226,232,1
s3_short_window,SHORT_WINDOW,14,0.5,300,2,98,ok,,,1,45.85079097887501,120,1,25.25499999999999,12.00800000000163,1763537381512,1763537381528,,,,,,,,,,mid,10350,895,223,158,2
s3_short_window,SHORT_WINDOW,14,0.5,300,2,99,ok,,,1,49.649083986878395,120,1,24.51399999999999,11.476000000000568,1763537393117,1763537393135,,,,,,,,,,mid,10966,388,269,240,4
s3_short_window,SHORT_WINDOW,14,0.5,300,2,100,ok,,,1,49.32408395688981,120,1,22.472,10.147999999999229,1763537406218,1763537406238,,,,,,,,,,mid,13271,816,347,188,0
s3_short_window,SHORT_WINDOW,14,0.5,300,2,101,ok,,,1,43.63037500297651,120,1,22.624000000000002,10.340000000000146,1763537420941,1763537420956,,,,,,,,,,mid,11698,426,246,241,1
s3_short_window,SHORT_WINDOW,14,0.5,300,2,102,ok,,,1,50.946125003974885,120,1,25.527000000000008,12.071999999998297,1763537434868,1763537434887,,,,,,,,,,mid,8886,839,302,160,1
s3_short_window,SHORT_WINDOW,14,0.5,300,2,103,ok,,,1,52.534583024680614,120,1,26.018000000000008,11.917999999999665,1763537445635,1763537445655,,,,,,,,,,mid,11840,889,275,190,4
s3_short_window,SHORT_WINDOW,14,0.5,300,2,104,ok,,,1,46.254249988123775,120,1,25.133000000000003,11.608000000000175,1763537459028,1763537459042,,,,,,,,,,mid,13491,823,257,213,1
s3_short_window,SHORT_WINDOW,14,0.5,300,2,105,ok,,,1,55.38795801112428,120,1,26.602000000000004,12.39299999999821,1763537474356,1763537474379,,,,,,,,,,mid,11132,815,286,232,0
s3_short_window,SHORT_WINDOW,14,0.5,300,2,106,ok,,,1,45.99445901112631,120,1,23.368000000000002,10.829999999999927,1763537486920,1763537486935,,,,,,,,,,mid,9300,537,292,235,1
s3_short_window,SHORT_WINDOW,14,0.5,300,2,107,ok,,,1,49.18208299204707,120,1,25.75699999999999,11.92699999999968,1763537498442,1763537498458,,,,,,,,,,mid,12473,879,310,170,4
s3_short_window,SHORT_WINDOW,14,0.5,300,2,108,ok,,,1,48.258916998747736,120,1,25.686999999999998,11.846999999999753,1763537512459,1763537512476,,,,,,,,,,mid,10152,851,255,264,2
s3_short_window,SHORT_WINDOW,14,0.5,300,2,109,ok,,,1,44.62533298647031,120,1,22.240999999999996,9.930999999998676,1763537523771,1763537523787,,,,,,,,,,mid,11942,534,330,265,3
s3_short_window,SHORT_WINDOW,14,0.5,300,2,110,ok,,,1,47.36470803618431,120,1,24.078000000000003,11.267000000001644,1763537537546,1763537537561,,,,,,,,,,mid,10922,558,272,165,0
s3_short_window,SHORT_WINDOW,14,0.5,300,2,111,ok,,,1,47.94245900120586,120,1,25.870000000000005,11.825999999999112,1763537550558,1763537550573,,,,,,,,,,mid,10494,861,264,169,3
s3_short_window,SHORT_WINDOW,14,0.5,300,2,112,ok,,,1,44.29045901633799,120,1,23.073999999999998,11.089999999998327,1763537562341,1763537562355,,,,,,,,,,mid,11557,402,297,156,1
s3_short_window,SHORT_WINDOW,14,0.5,300,2,113,ok,,,1,51.02408298989758,120,1,25.574999999999996,12.015999999999622,1763537576231,1763537576250,,,,,,,,,,mid,11890,833,267,262,3
s3_short_window,SHORT_WINDOW,14,0.5,300,2,114,ok,,,1,47.432208026293665,120,1,25.033,11.18999999999869,1763537589386,1763537589402,,,,,,,,,,mid,12475,298,242,194,1
s3_short_window,SHORT_WINDOW,14,0.5,300,2,115,ok,,,1,48.470749985426664,120,1,24.785000000000004,11.416000000001077,1763537603956,1763537603971,,,,,,,,,,mid,9398,674,261,161,0
s3_short_window,SHORT_WINDOW,14,0.5,300,2,116,ok,,,1,52.854416018817574,120,1,25.948000000000008,11.83600000000115,1763537615342,1763537615361,,,,,,,,,,mid,10922,824,209,219,0
s3_short_window,SHORT_WINDOW,14,0.5,300,2,117,ok,,,1,49.368125037290156,120,1,25.778999999999996,11.829999999999927,1763537628174,1763537628192,,,,,,,,,,mid,13280,871,219,168,1
s3_short_window,SHORT_WINDOW,14,0.5,300,2,118,ok,,,1,49.74466696148738,120,1,25.184000000000005,11.714999999998327,1763537643013,1763537643030,,,,,,,,,,mid,9710,699,234,227,0
s3_short_window,SHORT_WINDOW,14,0.5,300,2,119,ok,,,2,404.07308301655576,240,2,51.81499999999999,22.02099999999882,1763537654490,1763537654525,,,,,,,,,,mid,9430,285,347,231,0
s3_short_window,SHORT_WINDOW,14,0.5,300,2,120,ok,,,1,50.12908298522234,120,1,23.779000000000003,10.938999999998487,1763537665550,1763537665568,,,,,,,,,,mid,11752,474,252,269,1
s3_short_window,SHORT_WINDOW,14,0.5,300,2,121,ok,,,1,46.64795799180865,120,1,24.58099999999999,11.424999999999272,1763537679262,1763537679278,,,,,,,,,,mid,10408,671,332,266,1
s3_short_window,SHORT_WINDOW,14,0.5,300,2,122,ok,,,1,55.618541955482215,120,1,25.848999999999997,11.873999999999796,1763537691614,1763537691636,,,,,,,,,,mid,13717,820,222,164,1
s3_short_window,SHORT_WINDOW,14,0.5,300,2,123,ok,,,1,43.88141696108505,120,1,23.12599999999999,10.561999999999898,1763537706746,1763537706761,,,,,,,,,,mid,12864,463,345,251,0
s3_short_window,SHORT_WINDOW,14,0.5,300,2,124,ok,,,1,56.89324997365475,120,1,26.208000000000006,11.948999999998705,1763537721731,1763537721753,,,,,,,,,,mid,9089,783,339,167,2
s3_short_window,SHORT_WINDOW,14,0.5,300,2,125,ok,,,1,49.536207981873304,120,1,25.171,11.945999999999913,1763537732515,1763537732533,,,,,,,,,,mid,8869,692,246,220,0
s3_short_window,SHORT_WINDOW,14,0.5,300,2,126,ok,,,1,47.565832966938615,120,1,25.230999999999995,11.33599999999933,1763537743015,1763537743030,,,,,,,,,,mid,10208,514,239,217,2
s3_short_window,SHORT_WINDOW,14,0.5,300,2,127,ok,,,1,48.66416600998491,120,1,24.474999999999994,11.03599999999824,1763537754965,1763537754983,,,,,,,,,,mid,12551,494,287,255,0
s3_short_window,SHORT_WINDOW,14,0.5,300,2,128,ok,,,1,51.20404198532924,120,1,23.580999999999996,10.456000000000131,1763537769254,1763537769273,,,,,,,,,,mid,8963,508,329,251,1
s3_short_window,SHORT_WINDOW,14,0.5,300,2,129,ok,,,1,49.27925002994016,120,1,25.019000000000005,11.68500000000131,1763537780390,1763537780407,,,,,,,,,,mid,12319,803,225,183,3
s3_short_window,SHORT_WINDOW,14,0.5,300,2,130,ok,,,1,48.76729199895635,120,1,25.517999999999994,11.517000000001644,1763537794309,1763537794324,,,,,,,,,,mid,9350,617,217,165,1
s3_short_window,SHORT_WINDOW,14,0.5,300,2,131,ok,,,1,52.26195801515132,120,1,25.47799999999998,12.203999999999724,1763537805483,1763537805503,,,,,,,,,,mid,13712,700,213,175,0
s3_short_window,SHORT_WINDOW,14,0.5,300,2,132,ok,,,1,48.42054203618318,120,1,24.994,10.842000000000553,1763537820552,1763537820567,,,,,,,,,,mid,11914,276,270,189,3
s3_short_window,SHORT_WINDOW,14,0.5,300,2,133,ok,,,1,49.70441700424999,120,1,25.651999999999994,11.870999999999185,1763537834725,1763537834743,,,,,,,,,,mid,12358,861,347,232,0
s3_short_window,SHORT_WINDOW,14,0.5,300,2,134,ok,,,3,691.3232920342125,360,3,53.727999999999994,12.378000000000611,1763537849376,1763537849395,,,,,,,,,,mid,12736,806,220,177,4
s3_short_window,SHORT_WINDOW,14,0.5,300,2,135,ok,,,1,44.975583034101874,120,1,23.764000000000003,10.618000000000393,1763537862899,1763537862914,,,,,,,,,,mid,14044,478,286,182,1
s3_short_window,SHORT_WINDOW,14,0.5,300,2,136,ok,,,1,50.19591702148318,120,1,25.88499999999999,11.736000000000786,1763537879152,1763537879169,,,,,,,,,,mid,12067,857,202,191,0
s3_short_window,SHORT_WINDOW,14,0.5,300,2,137,ok,,,1,50.0642090337351,120,1,25.28799999999999,11.847999999999956,1763537892676,1763537892693,,,,,,,,,,mid,10693,602,219,248,0
s3_short_window,SHORT_WINDOW,14,0.5,300,2,138,ok,,,1,48.645292001310736,120,1,23.707,10.889999999999418,1763537905059,1763537905078,,,,,,,,,,mid,9241,548,307,175,2
s3_short_window,SHORT_WINDOW,14,0.5,300,2,139,ok,,,1,48.09812497114763,120,1,25.445,11.644000000000233,1763537916331,1763537916347,,,,,,,,,,mid,11679,792,312,260,3
s3_short_window,SHORT_WINDOW,14,0.5,300,2,140,ok,,,1,45.33112503122538,120,1,23.381,10.828999999999724,1763537929439,1763537929454,,,,,,,,,,mid,10844,429,216,178,0
s3_short_window,SHORT_WINDOW,14,0.5,300,2,141,ok,,,1,42.18299995409325,120,1,22.392999999999997,10.190999999998894,1763537942077,1763537942091,,,,,,,,,,mid,13568,446,236,195,2
s3_short_window,SHORT_WINDOW,14,0.5,300,2,142,ok,,,1,52.44566698092967,120,1,25.297000000000004,11.851000000000568,1763537957617,1763537957636,,,,,,,,,,mid,10112,861,218,194,1
s3_short_window,SHORT_WINDOW,14,0.5,300,2,143,ok,,,1,49.12987496936694,120,1,25.18999999999999,10.523000000001048,1763537968927,1763537968946,,,,,,,,,,mid,10921,421,299,193,1
s3_short_window,SHORT_WINDOW,14,0.5,300,2,144,ok,,,1,47.67025000182912,120,1,26.31899999999999,10.768999999998414,1763537981406,1763537981423,,,,,,,,,,mid,13047,450,337,163,2
s3_short_window,SHORT_WINDOW,14,0.5,300,2,145,ok,,,1,44.72054203506559,120,1,22.964,10.43500000000131,1763537996551,1763537996566,,,,,,,,,,mid,9382,775,259,192,0
s3_short_window,SHORT_WINDOW,14,0.5,300,2,146,ok,,,1,47.55429195938632,120,1,25.064999999999998,11.593999999999141,1763538007569,1763538007585,,,,,,,,,,mid,13487,643,241,262,4
s3_short_window,SHORT_WINDOW,14,0.5,300,2,147,ok,,,1,44.81549997581169,120,1,23.129999999999995,10.53400000000147,1763538022588,1763538022603,,,,,,,,,,mid,11635,460,267,161,1
s3_short_window,SHORT_WINDOW,14,0.5,300,2,148,ok,,,1,48.24750003172085,120,1,26.29399999999999,10.902000000000044,1763538035971,1763538035987,,,,,,,,,,mid,9833,455,343,246,3
s3_short_window,SHORT_WINDOW,14,0.5,300,2,149,ok,,,1,49.08570897532627,120,1,26.684999999999988,11.019000000002052,1763538047358,1763538047375,,,,,,,,,,mid,13644,262,239,201,1
s3_short_window,SHORT_WINDOW,14,0.5,300,2,150,ok,,,1,50.03016599221155,120,1,25.754999999999995,11.736000000000786,1763538063405,1763538063421,,,,,,,,,,mid,12847,897,306,276,1
s3_short_window,SHORT_WINDOW,14,0.5,300,2,151,ok,,,1,46.4870419818908,120,1,25.103,11.532999999999447,1763538077699,1763538077715,,,,,,,,,,mid,9893,583,260,189,0
s3_short_window,SHORT_WINDOW,14,0.5,300,2,152,ok,,,1,48.23341697920114,120,1,26.999000000000002,10.961999999999534,1763538089038,1763538089054,,,,,,,,,,mid,11975,359,301,252,3
s3_short_window,SHORT_WINDOW,14,0.5,300,2,153,ok,,,1,47.40787495393306,120,1,25.130000000000003,11.760000000000218,1763538103269,1763538103285,,,,,,,,,,mid,10582,800,297,222,1
s3_short_window,SHORT_WINDOW,14,0.5,300,2,154,ok,,,1,46.76762502640486,120,1,24.894000000000005,11.380000000001019,1763538115390,1763538115406,,,,,,,,,,mid,12191,589,299,215,2
s3_short_window,SHORT_WINDOW,14,0.5,300,2,155,ok,,,1,46.584707975853235,120,1,24.634,11.699000000000524,1763538129403,1763538129418,,,,,,,,,,mid,10729,633,216,176,1
s3_short_window,SHORT_WINDOW,14,0.5,300,2,156,ok,,,1,44.82983401976526,120,1,25.336000000000006,10.57799999999952,1763538141594,1763538141609,,,,,,,,,,mid,9876,346,211,213,1
s3_short_window,SHORT_WINDOW,14,0.5,300,2,157,ok,,,1,48.73249999945983,120,1,26.095999999999997,11.965000000000146,1763538153154,1763538153169,,,,,,,,,,mid,11028,310,250,258,7
s3_short_window,SHORT_WINDOW,14,0.5,300,2,158,ok,,,1,49.28329202812165,120,1,25.045999999999992,12.04200000000128,1763538165974,1763538165992,,,,,,,,,,mid,12383,367,256,248,0
s3_short_window,SHORT_WINDOW,14,0.5,300,2,159,ok,,,1,47.5057500298135,120,1,24.909,11.695999999998094,1763538180545,1763538180561,,,,,,,,,,mid,11748,790,323,260,3
s3_short_window,SHORT_WINDOW,14,0.5,300,2,160,ok,,,1,52.62174998642877,120,1,29.674000000000014,12.240999999999985,1763538193911,1763538193926,,,,,,,,,,mid,12716,627,260,152,3
s3_short_window,SHORT_WINDOW,14,0.5,300,2,161,ok,,,1,50.567416998092085,120,1,24.833999999999996,11.859999999998763,1763538208280,1763538208300,,,,,,,,,,mid,12634,597,317,200,0
s3_short_window,SHORT_WINDOW,14,0.5,300,2,162,ok,,,1,47.79937496641651,120,1,23.945,11.204999999999927,1763538222528,1763538222544,,,,,,,,,,mid,13655,483,287,246,0
s3_short_window,SHORT_WINDOW,14,0.5,300,2,163,ok,,,1,43.946333054918796,120,1,25.039999999999985,10.824000000002343,1763538237751,1763538237765,,,,,,,,,,mid,11890,364,246,208,2
s3_short_window,SHORT_WINDOW,14,0.5,300,2,164,ok,,,1,53.55525005143136,120,1,25.311999999999998,11.938000000000102,1763538251821,1763538251841,,,,,,,,,,mid,11114,752,329,224,2
s3_short_window,SHORT_WINDOW,14,0.5,300,2,165,ok,,,1,46.276832988951355,120,1,25.394999999999982,11.671000000002095,1763538264719,1763538264734,,,,,,,,,,mid,10261,857,228,200,0
s3_short_window,SHORT_WINDOW,14,0.5,300,2,166,ok,,,1,48.73687500366941,120,1,26.343999999999994,11.735000000000582,1763538276503,1763538276519,,,,,,,,,,mid,10369,712,275,247,1
s3_short_window,SHORT_WINDOW,14,0.5,300,2,167,ok,,,3,670.9366259747185,360,3,45.99000000000001,11.234000000000378,1763538288952,1763538288969,,,,,,,,,,mid,9214,688,268,240,2
s3_short_window,SHORT_WINDOW,14,0.5,300,2,168,ok,,,1,49.414292036090046,120,1,29.73300000000001,10.097999999998137,1763538298836,1763538298850,,,,,,,,,,mid,10330,390,245,257,0
s3_short_window,SHORT_WINDOW,14,0.5,300,2,169,ok,,,1,51.40404199482873,120,1,26.43,11.951999999999316,1763538311394,1763538311412,,,,,,,,,,mid,11585,718,213,212,3
s3_short_window,SHORT_WINDOW,14,0.5,300,2,170,ok,,,1,47.29841701919213,120,1,24.185000000000002,11.47899999999936,1763538324461,1763538324475,,,,,,,,,,mid,11891,591,204,188,1
s3_short_window,SHORT_WINDOW,14,0.5,300,2,171,ok,,,1,48.67787496186793,120,1,25.751999999999995,11.966999999998734,1763538338317,1763538338333,,,,,,,,,,mid,11025,788,342,231,2
s3_short_window,SHORT_WINDOW,14,0.5,300,2,172,ok,,,1,46.67775001144037,120,1,25.137000000000015,11.727000000000771,1763538351174,1763538351188,,,,,,,,,,mid,11693,870,220,231,1
s3_short_window,SHORT_WINDOW,14,0.5,300,2,173,ok,,,1,41.06454201973975,120,1,21.910999999999998,9.856999999999971,1763538364175,1763538364188,,,,,,,,,,mid,10939,486,246,208,1
s3_short_window,SHORT_WINDOW,14,0.5,300,2,174,ok,,,2,368.9966670353897,240,2,39.632000000000005,16.72099999999955,1763538377495,1763538377515,,,,,,,,,,mid,12221,812,287,263,1
s3_short_window,SHORT_WINDOW,14,0.5,300,2,175,ok,,,1,50.560458039399236,120,1,26.06799999999999,12.015999999999622,1763538391162,1763538391180,,,,,,,,,,mid,10863,767,347,191,3
s3_short_window,SHORT_WINDOW,14,0.5,300,2,176,ok,,,1,47.843084030319005,120,1,24.881,11.439000000000306,1763538403394,1763538403410,,,,,,,,,,mid,13787,542,291,180,0
s3_short_window,SHORT_WINDOW,14,0.5,300,2,177,ok,,,1,49.52533304458484,120,1,25.483999999999988,11.782999999999447,1763538419153,1763538419171,,,,,,,,,,mid,13721,731,241,153,3
s3_short_window,SHORT_WINDOW,14,0.5,300,2,178,ok,,,1,43.54975000023842,120,1,22.11499999999999,9.924000000002707,1763538434317,1763538434332,,,,,,,,,,mid,11428,508,338,223,1
s3_short_window,SHORT_WINDOW,14,0.5,300,2,179,ok,,,1,44.7892079828307,120,1,22.950999999999993,10.38799999999901,1763538447556,1763538447572,,,,,,,,,,mid,12485,517,339,231,0
s3_short_window,SHORT_WINDOW,14,0.5,300,2,180,ok,,,1,52.70779097918421,120,1,26.792,12.201999999999316,1763538461657,1763538461676,,,,,,,,,,mid,10480,351,298,218,1
s3_short_window,SHORT_WINDOW,14,0.5,300,2,181,ok,,,1,49.05945801874623,120,1,25.171,11.707000000000335,1763538474420,1763538474437,,,,,,,,,,mid,9450,889,297,263,0
s3_short_window,SHORT_WINDOW,14,0.5,300,2,182,ok,,,1,50.788541964720935,120,1,26.08,11.962000000001353,1763538485539,1763538485556,,,,,,,,,,mid,13177,762,211,244,1
s3_short_window,SHORT_WINDOW,14,0.5,300,2,183,ok,,,1,45.89637496974319,120,1,25.466000000000008,11.446000000001732,1763538500640,1763538500655,,,,,,,,,,mid,9954,894,276,216,2
s3_short_window,SHORT_WINDOW,14,0.5,300,2,184,ok,,,1,52.221791993360966,120,1,25.651999999999987,12.086999999999534,1763538512165,1763538512184,,,,,,,,,,mid,10917,638,292,252,2
s3_short_window,SHORT_WINDOW,14,0.5,300,2,185,ok,,,1,48.18291700212285,120,1,26.270999999999994,11.390000000001237,1763538524514,1763538524528,,,,,,,,,,mid,11854,320,331,229,2
s3_short_window,SHORT_WINDOW,14,0.5,300,2,186,ok,,,1,50.310624996200204,120,1,26.674999999999997,12.268000000001848,1763538538625,1763538538642,,,,,,,,,,mid,12785,849,336,180,0
s3_short_window,SHORT_WINDOW,14,0.5,300,2,187,ok,,,1,47.21920797601342,120,1,25.41900000000001,11.636999999998807,1763538553136,1763538553151,,,,,,,,,,mid,10102,807,255,173,2
s3_short_window,SHORT_WINDOW,14,0.5,300,2,188,ok,,,1,50.23649998474866,120,1,27.364999999999995,11.605000000001382,1763538564500,1763538564515,,,,,,,,,,mid,13654,363,349,193,1
s3_short_window,SHORT_WINDOW,14,0.5,300,2,189,ok,,,1,50.359916989691556,120,1,25.385000000000005,11.715000000001965,1763538580506,1763538580524,,,,,,,,,,mid,12741,898,336,173,1
s3_short_window,SHORT_WINDOW,14,0.5,300,2,190,ok,,,1,46.17708403384313,120,1,24.527,11.01600000000144,1763538594333,1763538594348,,,,,,,,,,mid,12914,346,347,278,1
s3_short_window,SHORT_WINDOW,14,0.5,300,2,191,ok,,,1,50.42095796670765,120,1,26.840000000000003,11.788000000000466,1763538609315,1763538609330,,,,,,,,,,mid,13725,513,208,198,2
s3_short_window,SHORT_WINDOW,14,0.5,300,2,192,ok,,,1,52.249375032261014,120,1,25.692000000000007,12.05699999999888,1763538624984,1763538625004,,,,,,,,,,mid,12031,750,203,262,1
s3_short_window,SHORT_WINDOW,14,0.5,300,2,193,ok,,,1,48.565833014436066,120,1,24.75699999999999,11.185999999999694,1763538638549,1763538638565,,,,,,,,,,mid,11303,579,276,183,2
s3_short_window,SHORT_WINDOW,14,0.5,300,2,194,ok,,,1,45.60433398000896,120,1,25.18500000000001,11.529000000000451,1763538651858,1763538651872,,,,,,,,,,mid,10482,814,298,171,1
s3_short_window,SHORT_WINDOW,14,0.5,300,2,195,ok,,,3,674.4322510203347,360,3,47.835999999999984,11.131000000001222,1763538664363,1763538664382,,,,,,,,,,mid,9444,522,230,265,2
s3_short_window,SHORT_WINDOW,14,0.5,300,2,196,ok,,,1,48.59500000020489,120,1,25.49600000000001,11.691000000002532,1763538675288,1763538675304,,,,,,,,,,mid,8984,697,329,180,0
s3_short_window,SHORT_WINDOW,14,0.5,300,2,197,ok,,,1,47.55983303766698,120,1,24.346000000000004,11.787000000000262,1763538686046,1763538686062,,,,,,,,,,mid,9338,682,228,220,1
s3_short_window,SHORT_WINDOW,14,0.5,300,2,198,ok,,,1,60.32895902171731,120,1,28.254000000000005,15.347999999999956,1763538697109,1763538697134,,,,,,,,,,mid,13707,399,313,151,2
s3_short_window,SHORT_WINDOW,14,0.5,300,2,199,ok,,,1,50.56858295574784,120,1,25.337000000000003,11.951000000000931,1763538712917,1763538712935,,,,,,,,,,mid,10205,895,235,178,1
s3_short_window,SHORT_WINDOW,14,0.5,300,2,200,ok,,,1,45.664000033866614,120,1,22.736000000000004,12.933999999999287,1763538724320,1763538724333,,,,,,,,,,mid,9715,414,320,228,0
s3_short_window,SHORT_WINDOW,14,0.5,300,2,201,ok,,,1,49.057875003200024,120,1,25.489000000000004,11.805000000000291,1763538736086,1763538736104,,,,,,,,,,mid,10943,649,209,208,2
s3_short_window,SHORT_WINDOW,14,0.5,300,2,202,ok,,,1,47.641583951190114,120,1,24.217999999999996,11.218000000002576,1763538748585,1763538748600,,,,,,,,,,mid,12429,489,218,271,0
s3_short_window,SHORT_WINDOW,14,0.5,300,2,203,ok,,,1,50.222250050865114,120,1,24.923000000000002,11.477000000000771,1763538763215,1763538763233,,,,,,,,,,mid,10996,892,291,226,0
s3_short_window,SHORT_WINDOW,14,0.5,300,2,204,ok,,,1,45.839875005185604,120,1,25.589000000000006,10.336999999999534,1763538775501,1763538775517,,,,,,,,,,mid,12607,453,343,173,0
s3_short_window,SHORT_WINDOW,14,0.5,300,2,205,ok,,,1,47.75995796080679,120,1,24.95899999999999,12.813999999998487,1763538789794,1763538789810,,,,,,,,,,mid,10053,355,282,232,3
s3_short_window,SHORT_WINDOW,14,0.5,300,2,206,ok,,,2,389.77612496819347,240,2,52.841,21.924000000000888,1763538802046,1763538802077,,,,,,,,,,mid,12516,472,350,176,1
s3_short_window,SHORT_WINDOW,14,0.5,300,2,207,ok,,,1,46.15770798409358,120,1,26.396,10.20299999999952,1763538815871,1763538815886,,,,,,,,,,mid,10836,328,207,233,2
s3_short_window,SHORT_WINDOW,14,0.5,300,2,208,ok,,,1,50.79345795093104,120,1,27.39800000000001,10.747000000001208,1763538828959,1763538828978,,,,,,,,,,mid,10769,813,287,202,2
s3_short_window,SHORT_WINDOW,14,0.5,300,2,209,ok,,,1,49.90333301248029,120,1,25.354,11.884000000000015,1763538841529,1763538841546,,,,,,,,,,mid,13451,841,330,201,1
s3_short_window,SHORT_WINDOW,14,0.5,300,2,210,ok,,,1,48.057790962047875,120,1,25.314,11.726999999998952,1763538856482,1763538856497,,,,,,,,,,mid,11058,538,204,208,2
s3_short_window,SHORT_WINDOW,14,0.5,300,2,211,ok,,,1,48.44729200704023,120,1,25.08399999999999,11.772999999999229,1763538869544,1763538869561,,,,,,,,,,mid,10791,763,255,245,2
s3_short_window,SHORT_WINDOW,14,0.5,300,2,212,ok,,,1,47.27587499655783,120,1,25.211000000000013,11.676000000001295,1763538882012,1763538882027,,,,,,,,,,mid,11174,763,278,202,2
s3_short_window,SHORT_WINDOW,14,0.5,300,2,213,ok,,,1,44.68558297958225,120,1,22.512,10.311999999999898,1763538894609,1763538894624,,,,,,,,,,mid,13301,440,229,215,1
s3_short_window,SHORT_WINDOW,14,0.5,300,2,214,ok,,,1,51.76116700749844,120,1,25.221999999999994,11.823999999998705,1763538909821,1763538909840,,,,,,,,,,mid,12977,650,269,161,2
s3_short_window,SHORT_WINDOW,14,0.5,300,2,215,ok,,,1,50.70041702128947,120,1,27.104999999999997,13.728000000000975,1763538924246,1763538924262,,,,,,,,,,mid,12148,421,347,185,1
s3_short_window,SHORT_WINDOW,14,0.5,300,2,216,ok,,,1,54.27799996687099,120,1,27.028999999999996,12.514999999999418,1763538938314,1763538938333,,,,,,,,,,mid,11835,639,305,152,5
s3_short_window,SHORT_WINDOW,14,0.5,300,2,217,ok,,,1,50.62024999642745,120,1,24.119,12.610000000000582,1763538951599,1763538951618,,,,,,,,,,mid,13332,415,348,218,2
s3_short_window,SHORT_WINDOW,14,0.5,300,2,218,ok,,,1,47.12337499950081,120,1,24.411999999999992,11.162999999998647,1763538967036,1763538967050,,,,,,,,,,mid,9583,841,334,194,2
s3_short_window,SHORT_WINDOW,14,0.5,300,2,219,failed,timeout,110,3,945.5244590062648,360,3,39.31799999999999,0.0,,,,,,,,,,,,mid,12301,783,236,189,1
s3_short_window,SHORT_WINDOW,14,0.5,300,2,220,ok,,,1,47.27420897688717,120,1,26.195,10.21100000000115,1763538991780,1763538991797,,,,,,,,,,mid,11215,324,207,165,3
s3_short_window,SHORT_WINDOW,14,0.5,300,2,221,ok,,,1,47.03183297533542,120,1,23.813000000000002,10.81500000000051,1763539004958,1763539004973,,,,,,,,,,mid,13713,481,287,172,0
s3_short_window,SHORT_WINDOW,14,0.5,300,2,222,ok,,,1,49.52279198914766,120,1,25.031999999999996,11.832000000000335,1763539020647,1763539020664,,,,,,,,,,mid,11807,696,278,198,6
s3_short_window,SHORT_WINDOW,14,0.5,300,2,223,ok,,,1,48.66379196755588,120,1,25.977000000000004,11.21600000000035,1763539033720,1763539033736,,,,,,,,,,mid,11652,283,282,153,0
s3_short_window,SHORT_WINDOW,14,0.5,300,2,224,ok,,,1,49.76929200347513,120,1,26.558000000000007,10.671000000000276,1763539047189,1763539047206,,,,,,,,,,mid,13367,358,256,210,1
s3_short_window,SHORT_WINDOW,14,0.5,300,2,225,ok,,,1,49.40612497739494,120,1,25.364999999999995,11.803000000001703,1763539062590,1763539062608,,,,,,,,,,mid,10999,592,243,166,0
s3_short_window,SHORT_WINDOW,14,0.5,300,2,226,ok,,,1,47.78962500859052,120,1,25.311999999999998,11.692999999999302,1763539075505,1763539075520,,,,,,,,,,mid,13308,738,343,246,2
s3_short_window,SHORT_WINDOW,14,0.5,300,2,227,ok,,,1,48.82595897652209,120,1,26.466000000000008,11.345999999999549,1763539090103,1763539090119,,,,,,,,,,mid,13008,354,293,168,2
s3_short_window,SHORT_WINDOW,14,0.5,300,2,228,ok,,,1,47.1827500150539,120,1,25.490999999999993,11.75,1763539105273,1763539105287,,,,,,,,,,mid,10748,751,288,213,1
s3_short_window,SHORT_WINDOW,14,0.5,300,2,229,ok,,,1,49.69516705023125,120,1,25.655,11.494999999998981,1763539117786,1763539117803,,,,,,,,,,mid,11582,827,318,208,1
s3_short_window,SHORT_WINDOW,14,0.5,300,2,230,ok,,,1,50.674500002060086,120,1,25.026000000000003,11.864999999999782,1763539130956,1763539130974,,,,,,,,,,mid,11528,735,303,221,2
s3_short_window,SHORT_WINDOW,14,0.5,300,2,231,ok,,,1,50.443458021618426,120,1,26.142999999999994,11.798999999999069,1763539144192,1763539144210,,,,,,,,,,mid,11259,675,270,205,2
s3_short_window,SHORT_WINDOW,14,0.5,300,2,232,ok,,,2,365.9488749690354,240,2,35.648,11.39600000000064,1763539156947,1763539156964,,,,,,,,,,mid,13330,276,347,180,0
s3_short_window,SHORT_WINDOW,14,0.5,300,2,233,ok,,,1,44.21858297428116,120,1,25.377000000000002,10.65900000000147,1763539171773,1763539171786,,,,,,,,,,mid,10978,411,264,265,0
s3_short_window,SHORT_WINDOW,14,0.5,300,2,234,ok,,,1,49.96316600590944,120,1,25.421999999999997,11.776000000001659,1763539184865,1763539184883,,,,,,,,,,mid,12334,695,308,257,3
s3_short_window,SHORT_WINDOW,14,0.5,300,2,235,ok,,,1,52.020792034454644,120,1,25.919999999999995,11.755999999999403,1763539198989,1763539199007,,,,,,,,,,mid,10202,725,309,167,1
s3_short_window,SHORT_WINDOW,14,0.5,300,2,236,ok,,,1,43.52741700131446,120,1,22.878999999999998,10.376999999998588,1763539210614,1763539210628,,,,,,,,,,mid,12792,525,305,158,2
s3_short_window,SHORT_WINDOW,14,0.5,300,2,237,ok,,,2,401.13604097859934,240,2,52.445,22.233000000000175,1763539225205,1763539225237,,,,,,,,,,mid,10749,253,275,214,0
s3_short_window,SHORT_WINDOW,14,0.5,300,2,238,ok,,,1,53.24733298039064,120,1,26.158999999999995,12.556000000000495,1763539237990,1763539238008,,,,,,,,,,mid,13575,801,235,279,1
s3_short_window,SHORT_WINDOW,14,0.5,300,2,239,ok,,,1,49.39962498610839,120,1,25.715999999999994,11.920999999998457,1763539253191,1763539253208,,,,,,,,,,mid,13369,590,204,212,2
s3_short_window,SHORT_WINDOW,14,0.5,300,2,240,ok,,,1,51.68375000357628,120,1,25.491999999999997,11.851999999998952,1763539268570,1763539268590,,,,,,,,,,mid,10242,894,282,264,4
s3_short_window,SHORT_WINDOW,14,0.5,300,2,241,ok,,,1,49.30841695750132,120,1,25.62299999999999,11.194999999999709,1763539280021,1763539280038,,,,,,,,,,mid,12368,400,336,163,0
s3_short_window,SHORT_WINDOW,14,0.5,300,2,242,ok,,,1,50.1458760118112,120,1,22.614,10.105000000001382,1763539294536,1763539294556,,,,,,,,,,mid,9021,679,285,193,2
s3_short_window,SHORT_WINDOW,14,0.5,300,2,243,ok,,,1,52.550667023751885,120,1,25.660999999999994,12.034999999999854,1763539305480,1763539305499,,,,,,,,,,mid,10256,820,262,258,2
s3_short_window,SHORT_WINDOW,14,0.5,300,2,244,ok,,,1,52.57545900531113,120,1,25.581999999999994,12.01300000000083,1763539317530,1763539317550,,,,,,,,,,mid,9150,883,301,254,1
s3_short_window,SHORT_WINDOW,14,0.5,300,2,245,ok,,,2,367.4280419945717,240,2,38.76199999999999,13.274999999999636,1763539328218,1763539328238,,,,,,,,,,mid,11706,310,329,190,2
s3_short_window,SHORT_WINDOW,14,0.5,300,2,246,ok,,,1,52.27604100946337,120,1,25.836,11.895000000002256,1763539341914,1763539341932,,,,,,,,,,mid,10106,837,274,203,3
s3_short_window,SHORT_WINDOW,14,0.5,300,2,247,ok,,,1,51.3156249653548,120,1,25.813999999999993,11.808000000000902,1763539353533,1763539353550,,,,,,,,,,mid,11335,579,213,183,0
s3_short_window,SHORT_WINDOW,14,0.5,300,2,248,ok,,,1,49.761292000766844,120,1,25.352999999999994,11.818999999999505,1763539366861,1763539366877,,,,,,,,,,mid,12062,734,325,214,1
s3_short_window,SHORT_WINDOW,14,0.5,300,2,249,ok,,,1,48.755833005998284,120,1,25.319999999999993,11.33599999999933,1763539380235,1763539380251,,,,,,,,,,mid,10196,319,268,202,3
s3_short_window,SHORT_WINDOW,14,0.5,300,2,250,ok,,,1,50.84754200652242,120,1,26.677999999999997,11.91899999999805,1763539392620,1763539392638,,,,,,,,,,mid,9531,711,345,204,1
s3_short_window,SHORT_WINDOW,14,0.5,300,2,251,ok,,,2,362.3741659685038,240,2,38.095,13.164999999999054,1763539403829,1763539403847,,,,,,,,,,mid,12270,299,312,184,1
s3_short_window,SHORT_WINDOW,14,0.5,300,2,252,ok,,,1,51.02408298989758,120,1,25.916999999999994,11.701000000000931,1763539418223,1763539418241,,,,,,,,,,mid,11757,882,231,155,1
s3_short_window,SHORT_WINDOW,14,0.5,300,2,253,ok,,,3,697.1144590061158,360,3,59.43099999999999,14.20299999999952,1763539432314,1763539432334,,,,,,,,,,mid,10994,785,321,268,4
s3_short_window,SHORT_WINDOW,14,0.5,300,2,254,ok,,,1,52.87016701186076,120,1,26.17499999999999,12.221000000001368,1763539444336,1763539444355,,,,,,,,,,mid,11509,726,313,203,2
s3_short_window,SHORT_WINDOW,14,0.5,300,2,255,ok,,,1,50.46170798595995,120,1,25.76999999999999,11.93500000000131,1763539457630,1763539457646,,,,,,,,,,mid,8870,739,309,211,0
s3_short_window,SHORT_WINDOW,14,0.5,300,2,256,ok,,,1,49.27233298076317,120,1,27.006,11.499000000001615,1763539467945,1763539467960,,,,,,,,,,mid,9850,429,340,160,1
s3_short_window,SHORT_WINDOW,14,0.5,300,2,257,ok,,,1,45.11579097015783,120,1,23.6,10.879000000000815,1763539479574,1763539479589,,,,,,,,,,mid,13795,443,203,206,2
s3_short_window,SHORT_WINDOW,14,0.5,300,2,258,ok,,,1,47.89024998899549,120,1,23.668000000000006,10.511000000002241,1763539495235,1763539495251,,,,,,,,,,mid,12133,494,281,269,1
s3_short_window,SHORT_WINDOW,14,0.5,300,2,259,ok,,,1,52.85874998662621,120,1,25.623999999999988,11.748999999999796,1763539509348,1763539509366,,,,,,,,,,mid,12813,617,211,260,1
s3_short_window,SHORT_WINDOW,14,0.5,300,2,260,ok,,,1,48.254249966703355,120,1,25.228,11.481999999999971,1763539524021,1763539524035,,,,,,,,,,mid,9296,823,258,263,1
s3_short_window,SHORT_WINDOW,14,0.5,300,2,261,ok,,,1,50.208708038553596,120,1,25.588000000000008,11.900000000001455,1763539535207,1763539535223,,,,,,,,,,mid,12049,876,227,211,1
s3_short_window,SHORT_WINDOW,14,0.5,300,2,262,ok,,,1,48.527916020248085,120,1,25.47,12.131000000001222,1763539548385,1763539548401,,,,,,,,,,mid,11128,357,267,243,3
s3_short_window,SHORT_WINDOW,14,0.5,300,2,263,ok,,,1,51.66695901425555,120,1,25.47,11.79700000000048,1763539561777,1763539561796,,,,,,,,,,mid,9179,780,313,212,1
s3_short_window,SHORT_WINDOW,14,0.5,300,2,264,ok,,,1,47.37866600044072,120,1,24.839,11.397999999999229,1763539572885,1763539572902,,,,,,,,,,mid,11518,894,250,153,0
s3_short_window,SHORT_WINDOW,14,0.5,300,2,265,ok,,,1,52.23337502684444,120,1,25.650999999999996,12.087000000001353,1763539586108,1763539586128,,,,,,,,,,mid,11095,751,335,245,1
s3_short_window,SHORT_WINDOW,14,0.5,300,2,266,ok,,,1,46.10575002152473,120,1,23.157999999999994,10.510999999998603,1763539598609,1763539598624,,,,,,,,,,mid,11397,498,286,185,2
s3_short_window,SHORT_WINDOW,14,0.5,300,2,267,ok,,,2,393.6223750351928,240,2,52.20699999999999,20.625999999998385,1763539611875,1763539611903,,,,,,,,,,mid,11246,275,329,216,3
s3_short_window,SHORT_WINDOW,14,0.5,300,2,268,ok,,,1,49.81908295303583,120,1,25.504999999999995,11.927999999998065,1763539625062,1763539625078,,,,,,,,,,mid,13477,735,204,203,2
s3_short_window,SHORT_WINDOW,14,0.5,300,2,269,ok,,,1,48.99499996099621,120,1,24.503000000000007,11.282000000001062,1763539640212,1763539640229,,,,,,,,,,mid,12010,582,240,210,2
s3_short_window,SHORT_WINDOW,14,0.5,300,2,270,ok,,,1,52.43866698583588,120,1,25.356999999999992,11.67699999999786,1763539654163,1763539654181,,,,,,,,,,mid,10847,660,207,254,0
s3_short_window,SHORT_WINDOW,14,0.5,300,2,271,ok,,,1,51.40937498072162,120,1,25.416999999999987,11.891999999999825,1763539666710,1763539666730,,,,,,,,,,mid,13332,623,251,222,2
s3_short_window,SHORT_WINDOW,14,0.5,300,2,272,ok,,,1,47.81137499958277,120,1,23.621000000000002,10.731999999999971,1763539681393,1763539681410,,,,,,,,,,mid,12126,475,299,170,0
s3_short_window,SHORT_WINDOW,14,0.5,300,2,273,ok,,,3,695.3398759942502,360,3,58.203,14.149999999999636,1763539696363,1763539696384,,,,,,,,,,mid,13473,821,326,279,3
s3_short_window,SHORT_WINDOW,14,0.5,300,2,274,ok,,,1,50.54374999599531,120,1,25.574000000000005,11.479999999997744,1763539710582,1763539710599,,,,,,,,,,mid,12672,419,334,247,0
s3_short_window,SHORT_WINDOW,14,0.5,300,2,275,ok,,,1,49.765917006880045,120,1,28.225999999999992,10.091999999998734,1763539725228,1763539725245,,,,,,,,,,mid,12141,544,315,234,2
s3_short_window,SHORT_WINDOW,14,0.5,300,2,276,ok,,,1,51.20175000047311,120,1,24.869999999999997,11.44499999999789,1763539739234,1763539739255,,,,,,,,,,mid,11877,605,327,158,4
s3_short_window,SHORT_WINDOW,14,0.5,300,2,277,ok,,,2,391.80941600352526,240,2,50.217999999999996,20.537999999998647,1763539752877,1763539752905,,,,,,,,,,mid,12019,287,326,278,2
s3_short_window,SHORT_WINDOW,14,0.5,300,2,278,ok,,,1,49.959791998844594,120,1,25.401000000000003,11.486000000002605,1763539766381,1763539766398,,,,,,,,,,mid,13483,261,215,245,2
s3_short_window,SHORT_WINDOW,14,0.5,300,2,279,ok,,,1,50.31941697234288,120,1,25.340999999999987,11.94800000000032,1763539782080,1763539782097,,,,,,,,,,mid,13606,691,346,242,1
s3_short_window,SHORT_WINDOW,14,0.5,300,2,280,ok,,,1,46.00170796038583,120,1,23.272999999999996,10.568999999997686,1763539797290,1763539797305,,,,,,,,,,mid,12185,515,285,182,3
s3_short_window,SHORT_WINDOW,14,0.5,300,2,281,ok,,,1,50.99712498486042,120,1,25.128,11.46599999999853,1763539811570,1763539811587,,,,,,,,,,mid,11130,872,251,246,0
s3_short_window,SHORT_WINDOW,14,0.5,300,2,282,ok,,,1,51.56408401671797,120,1,26.637999999999998,11.80199999999968,1763539824295,1763539824312,,,,,,,,,,mid,13185,725,289,257,2
s3_short_window,SHORT_WINDOW,14,0.5,300,2,283,ok,,,1,44.92850002134219,120,1,23.738999999999997,10.845999999995911,1763539839193,1763539839208,,,,,,,,,,mid,9941,576,306,178,2
s3_short_window,SHORT_WINDOW,14,0.5,300,2,284,ok,,,1,48.17899997578934,120,1,24.009999999999998,11.369999999998981,1763539851100,1763539851117,,,,,,,,,,mid,8916,746,319,238,1
s3_short_window,SHORT_WINDOW,14,0.5,300,2,285,ok,,,1,47.09770798217505,120,1,25.075999999999993,12.322999999998501,1763539861384,1763539861399,,,,,,,,,,mid,10497,357,276,179,1
s3_short_window,SHORT_WINDOW,14,0.5,300,2,286,ok,,,1,62.933709006756544,120,1,34.742,15.247999999999593,1763539874043,1763539874063,,,,,,,,,,mid,11619,836,308,279,3
s3_short_window,SHORT_WINDOW,14,0.5,300,2,287,ok,,,1,48.86899999110028,120,1,24.494000000000007,11.273000000001048,1763539887216,1763539887233,,,,,,,,,,mid,12280,625,350,206,3
s3_short_window,SHORT_WINDOW,14,0.5,300,2,288,ok,,,1,47.528249968308955,120,1,23.984999999999996,10.854999999995925,1763539901243,1763539901261,,,,,,,,,,mid,12642,586,311,184,1
s3_short_window,SHORT_WINDOW,14,0.5,300,2,289,ok,,,1,56.9832919863984,120,1,26.40299999999999,12.260000000002037,1763539986712,1763539986734,,,,,,,,,,mid,10797,692,344,237,2
s3_short_window,SHORT_WINDOW,14,0.5,300,2,290,ok,,,1,42.627625982277095,120,1,22.073,9.848000000001775,1763539999043,1763539999056,,,,,,,,,,mid,11480,423,236,150,4
s3_short_window,SHORT_WINDOW,14,0.5,300,2,291,ok,,,2,357.05054202117026,240,2,34.93,11.191999999999098,1763541098466,1763541098480,,,,,,,,,,mid,12404,359,301,164,3
s3_short_window,SHORT_WINDOW,14,0.5,300,2,292,ok,,,1,47.1449579927139,120,1,25.44999999999999,11.947000000000116,1763541112801,1763541112817,,,,,,,,,,mid,10283,755,222,254,2
s3_short_window,SHORT_WINDOW,14,0.5,300,2,293,ok,,,1,48.66687499452382,120,1,24.84499999999999,11.738000000001193,1763541124579,1763541124597,,,,,,,,,,mid,8917,529,214,224,0
s3_short_window,SHORT_WINDOW,14,0.5,300,2,294,ok,,,1,46.401541971135885,120,1,25.004999999999995,11.222000000001572,1763541135232,1763541135247,,,,,,,,,,mid,10093,493,229,170,2
s3_short_window,SHORT_WINDOW,14,0.5,300,2,295,ok,,,1,50.56466703535989,120,1,25.186,11.67699999999968,1763541147399,1763541147418,,,,,,,,,,mid,9814,797,231,198,1
s3_short_window,SHORT_WINDOW,14,0.5,300,2,296,ok,,,1,48.37383300764486,120,1,25.990000000000002,11.941999999999098,1763541159108,1763541159125,,,,,,,,,,mid,11950,881,337,199,2
s3_short_window,SHORT_WINDOW,14,0.5,300,2,297,ok,,,1,47.384167031850666,120,1,26.534,11.104999999999563,1763541172295,1763541172309,,,,,,,,,,mid,11187,364,290,228,0
s3_short_window,SHORT_WINDOW,14,0.5,300,2,298,ok,,,1,47.22274997038767,120,1,24.932999999999993,11.411000000003696,1763541185587,1763541185604,,,,,,,,,,mid,12380,617,283,183,1
s3_short_window,SHORT_WINDOW,14,0.5,300,2,299,ok,,,1,48.517791961785406,120,1,26.047000000000004,10.141999999996187,1763541199529,1763541199547,,,,,,,,,,mid,10338,502,348,180,1
s3_short_window,SHORT_WINDOW,14,0.5,300,2,300,ok,,,1,44.97550002997741,120,1,22.338,10.212999999999738,1763541211725,1763541211742,,,,,,,,,,mid,10104,612,300,225,0
s3_short_window,SHORT_WINDOW,14,0.5,400,2,1,ok,,,1,48.193208989687264,120,1,25.284,13.057000000000698,1763541223820,1763541223835,,,,,,,,,,mid,13214,828,235,271,3
s3_short_window,SHORT_WINDOW,14,0.5,400,2,2,ok,,,1,47.68958396743983,120,1,24.967999999999996,10.739000000001397,1763541238350,1763541238367,,,,,,,,,,mid,11630,466,334,276,0
s3_short_window,SHORT_WINDOW,14,0.5,400,2,3,ok,,,1,47.557084006257355,120,1,25.384,11.885000000005675,1763541252204,1763541252219,,,,,,,,,,mid,10753,868,336,239,1
s3_short_window,SHORT_WINDOW,14,0.5,400,2,4,ok,,,1,50.283333053812385,120,1,25.393,11.791000000001077,1763541264753,1763541264771,,,,,,,,,,mid,13364,877,227,158,2
s3_short_window,SHORT_WINDOW,14,0.5,400,2,5,ok,,,1,47.247915994375944,120,1,26.506,10.340000000003783,1763541279535,1763541279550,,,,,,,,,,mid,13675,574,332,216,4
s3_short_window,SHORT_WINDOW,14,0.5,400,2,6,ok,,,1,44.07333297422156,120,1,22.972,10.405999999995402,1763541294785,1763541294799,,,,,,,,,,mid,10632,402,227,248,2
s3_short_window,SHORT_WINDOW,14,0.5,400,2,7,ok,,,1,48.86687500402331,120,1,25.278,11.661000000003696,1763541307644,1763541307661,,,,,,,,,,mid,10545,869,213,204,0
s3_short_window,SHORT_WINDOW,14,0.5,400,2,8,ok,,,1,46.51141702197492,120,1,24.020999999999994,11.007999999994354,1763541319573,1763541319590,,,,,,,,,,mid,9508,522,283,152,0
s3_short_window,SHORT_WINDOW,14,0.5,400,2,9,ok,,,1,50.51179102156311,120,1,25.393000000000008,11.764999999999418,1763541331201,1763541331219,,,,,,,,,,mid,10875,835,233,253,0
s3_short_window,SHORT_WINDOW,14,0.5,400,2,10,ok,,,1,44.350125011987984,120,1,25.304000000000002,11.235000000000582,1763541343292,1763541343306,,,,,,,,,,mid,11759,379,345,271,0
s3_short_window,SHORT_WINDOW,14,0.5,400,2,11,ok,,,1,48.81054098950699,120,1,25.577000000000005,11.735000000000582,1763541357321,1763541357337,,,,,,,,,,mid,12729,888,253,185,1
s3_short_window,SHORT_WINDOW,14,0.5,400,2,12,ok,,,1,51.52341700159013,120,1,28.072000000000003,11.103000000002794,1763541371527,1763541371547,,,,,,,,,,mid,11821,659,211,270,2
s3_short_window,SHORT_WINDOW,14,0.5,400,2,13,ok,,,1,51.35333305224776,120,1,25.735999999999997,11.727999999999156,1763541385174,1763541385192,,,,,,,,,,mid,9464,755,236,233,3
s3_short_window,SHORT_WINDOW,14,0.5,400,2,14,ok,,,1,49.92449999554083,120,1,25.422999999999995,11.919999999998254,1763541396228,1763541396244,,,,,,,,,,mid,12348,638,276,242,2
s3_short_window,SHORT_WINDOW,14,0.5,400,2,15,ok,,,1,45.47874996205792,120,1,23.866999999999997,10.532999999999447,1763541410248,1763541410263,,,,,,,,,,mid,13550,512,344,180,3
s3_short_window,SHORT_WINDOW,14,0.5,400,2,16,ok,,,1,45.92045897152275,120,1,25.016999999999996,11.64400000000387,1763541425854,1763541425870,,,,,,,,,,mid,12061,863,299,218,0
s3_short_window,SHORT_WINDOW,14,0.5,400,2,17,ok,,,1,53.38208295870572,120,1,25.775000000000006,11.85899999999674,1763541439466,1763541439486,,,,,,,,,,mid,10478,658,331,223,0
s3_short_window,SHORT_WINDOW,14,0.5,400,2,18,ok,,,1,47.8122920030728,120,1,27.237000000000002,10.145000000000437,1763541451693,1763541451711,,,,,,,,,,mid,13450,648,299,226,2
s3_short_window,SHORT_WINDOW,14,0.5,400,2,19,ok,,,1,48.26170898741111,120,1,25.479999999999997,11.692000000002736,1763541466920,1763541466937,,,,,,,,,,mid,11936,669,292,177,2
s3_short_window,SHORT_WINDOW,14,0.5,400,2,20,ok,,,1,42.98679204657674,120,1,23.062999999999995,10.472999999998137,1763541480400,1763541480414,,,,,,,,,,mid,12375,482,298,210,0
s3_short_window,SHORT_WINDOW,14,0.5,400,2,21,ok,,,1,47.020083002280444,120,1,25.784,10.730999999999767,1763541494456,1763541494471,,,,,,,,,,mid,13239,359,312,270,1
s3_short_window,SHORT_WINDOW,14,0.5,400,2,22,ok,,,1,48.37750003207475,120,1,23.709999999999994,10.719000000004598,1763541509617,1763541509635,,,,,,,,,,mid,11262,552,318,202,2
s3_short_window,SHORT_WINDOW,14,0.5,400,2,23,ok,,,1,51.626332977321,120,1,25.385999999999996,11.780000000002474,1763541522889,1763541522906,,,,,,,,,,mid,9823,672,259,237,4
s3_short_window,SHORT_WINDOW,14,0.5,400,2,24,ok,,,2,480.25004199007526,240,2,47.025000000000006,18.590000000000146,1763541534462,1763541534488,,,,,,,,,,mid,13529,324,270,236,0
s3_short_window,SHORT_WINDOW,14,0.5,400,2,25,ok,,,1,51.032082992605865,120,1,25.077999999999996,11.753999999997177,1763541549525,1763541549545,,,,,,,,,,mid,11842,544,217,216,2
s3_short_window,SHORT_WINDOW,14,0.5,400,2,26,ok,,,1,47.274834010750055,120,1,25.46,11.507000000001426,1763541563520,1763541563534,,,,,,,,,,mid,10540,883,327,153,1
s3_short_window,SHORT_WINDOW,14,0.5,400,2,27,ok,,,2,497.826125996653,240,2,51.08399999999999,21.615999999998166,1763541575602,1763541575633,,,,,,,,,,mid,9771,297,228,260,1
s3_short_window,SHORT_WINDOW,14,0.5,400,2,28,ok,,,1,51.1964579927735,120,1,25.397000000000013,11.875999999996566,1763541587233,1763541587252,,,,,,,,,,mid,12060,775,229,244,1
s3_short_window,SHORT_WINDOW,14,0.5,400,2,29,ok,,,1,50.765916996169835,120,1,25.21,11.675999999999476,1763541601000,1763541601018,,,,,,,,,,mid,11348,632,301,182,2
s3_short_window,SHORT_WINDOW,14,0.5,400,2,30,ok,,,1,48.322707996703684,120,1,23.851,10.860999999997148,1763541614361,1763541614379,,,,,,,,,,mid,13157,862,323,232,0
s3_short_window,SHORT_WINDOW,14,0.5,400,2,31,ok,,,1,48.33425005199388,120,1,24.89499999999999,11.766999999996187,1763541629295,1763541629313,,,,,,,,,,mid,9767,809,246,252,1
s3_short_window,SHORT_WINDOW,14,0.5,400,2,32,ok,,,1,49.55137497745454,120,1,25.686000000000007,11.670000000001892,1763541640634,1763541640650,,,,,,,,,,mid,9271,616,229,164,1
s3_short_window,SHORT_WINDOW,14,0.5,400,2,33,ok,,,1,46.9582499936223,120,1,23.202000000000005,10.473000000001775,1763541651495,1763541651511,,,,,,,,,,mid,12234,475,255,234,1
s3_short_window,SHORT_WINDOW,14,0.5,400,2,34,ok,,,1,53.47012501442805,120,1,26.456000000000003,11.612999999997555,1763541665425,1763541665443,,,,,,,,,,mid,9053,399,311,164,2
s3_short_window,SHORT_WINDOW,14,0.5,400,2,35,ok,,,1,47.75720898760483,120,1,25.035999999999994,11.372999999999593,1763541676555,1763541676570,,,,,,,,,,mid,13461,747,224,271,3
s3_short_window,SHORT_WINDOW,14,0.5,400,2,36,ok,,,1,45.78791599487886,120,1,24.237000000000016,11.891999999999825,1763541691452,1763541691467,,,,,,,,,,mid,12020,344,214,253,0
s3_short_window,SHORT_WINDOW,14,0.5,400,2,37,ok,,,3,876.64950103499,360,3,49.955000000000005,12.15899999999965,1763541706326,1763541706342,,,,,,,,,,mid,9339,636,287,246,2
s3_short_window,SHORT_WINDOW,14,0.5,400,2,38,ok,,,1,46.01262498181313,120,1,25.565000000000005,10.606999999996333,1763541716257,1763541716272,,,,,,,,,,mid,12766,310,212,174,2
s3_short_window,SHORT_WINDOW,14,0.5,400,2,39,ok,,,1,50.40100001497194,120,1,26.048000000000002,11.11000000000422,1763541730912,1763541730931,,,,,,,,,,mid,10690,308,308,172,1
s3_short_window,SHORT_WINDOW,14,0.5,400,2,40,ok,,,3,878.4694170462899,360,3,52.907000000000004,10.392000000003463,1763541744422,1763541744439,,,,,,,,,,mid,11474,625,270,193,4
s3_short_window,SHORT_WINDOW,14,0.5,400,2,41,ok,,,1,49.22225000336766,120,1,25.721000000000004,11.822000000000116,1763541757024,1763541757042,,,,,,,,,,mid,13019,741,263,201,1
s3_short_window,SHORT_WINDOW,14,0.5,400,2,42,ok,,,1,49.116583017166704,120,1,24.897999999999996,11.231000000003405,1763541771604,1763541771621,,,,,,,,,,mid,13491,569,288,186,2
s3_short_window,SHORT_WINDOW,14,0.5,400,2,43,ok,,,1,52.056583983357996,120,1,25.432000000000002,11.909999999999854,1763541787157,1763541787176,,,,,,,,,,mid,12598,783,293,185,4
s3_short_window,SHORT_WINDOW,14,0.5,400,2,44,ok,,,1,45.22441700100899,120,1,23.340000000000003,10.598000000001775,1763541801629,1763541801644,,,,,,,,,,mid,11595,889,298,252,1
s3_short_window,SHORT_WINDOW,14,0.5,400,2,45,ok,,,1,49.53845898853615,120,1,25.903000000000006,11.738000000001193,1763541814823,1763541814839,,,,,,,,,,mid,11865,628,232,184,2
s3_short_window,SHORT_WINDOW,14,0.5,400,2,46,ok,,,1,48.011832986958325,120,1,26.368000000000002,10.98399999999674,1763541828537,1763541828554,,,,,,,,,,mid,12362,702,224,181,2
s3_short_window,SHORT_WINDOW,14,0.5,400,2,47,ok,,,1,50.97674997523427,120,1,25.689999999999998,11.73399999999674,1763541842737,1763541842755,,,,,,,,,,mid,10326,649,220,159,3
s3_short_window,SHORT_WINDOW,14,0.5,400,2,48,ok,,,2,497.15208302950487,240,2,53.553,22.514000000002852,1763541854871,1763541854907,,,,,,,,,,mid,9232,292,308,279,0
s3_short_window,SHORT_WINDOW,14,0.5,400,2,49,ok,,,1,48.73766703531146,120,1,24.820999999999998,11.187000000001717,1763541865675,1763541865691,,,,,,,,,,mid,10768,598,269,236,3
s3_short_window,SHORT_WINDOW,14,0.5,400,2,50,ok,,,1,45.689333986956626,120,1,23.741,10.795000000001892,1763541878237,1763541878253,,,,,,,,,,mid,9931,596,321,207,2
s3_short_window,SHORT_WINDOW,14,0.5,400,2,51,ok,,,1,47.48375003691763,120,1,25.196000000000005,11.633999999994558,1763541890023,1763541890039,,,,,,,,,,mid,12915,681,259,185,1
s3_short_window,SHORT_WINDOW,14,0.5,400,2,52,ok,,,1,48.04791696369648,120,1,23.434999999999995,10.373999999999796,1763541904392,1763541904408,,,,,,,,,,mid,13302,408,253,198,3
s3_short_window,SHORT_WINDOW,14,0.5,400,2,53,ok,,,1,49.516125000081956,120,1,24.624000000000002,11.41700000000128,1763541919632,1763541919650,,,,,,,,,,mid,9060,594,314,266,2
s3_short_window,SHORT_WINDOW,14,0.5,400,2,54,ok,,,1,48.68041700683534,120,1,25.519000000000005,11.81000000000131,1763541930782,1763541930798,,,,,,,,,,mid,10391,789,204,203,0
s3_short_window,SHORT_WINDOW,14,0.5,400,2,55,ok,,,1,43.67816599551588,120,1,23.011000000000003,10.37699999999677,1763541942681,1763541942695,,,,,,,,,,mid,10925,569,343,155,0
s3_short_window,SHORT_WINDOW,14,0.5,400,2,56,ok,,,1,51.81841703597456,120,1,27.055000000000007,11.901999999998225,1763541955495,1763541955512,,,,,,,,,,mid,12143,597,224,151,3
s3_short_window,SHORT_WINDOW,14,0.5,400,2,57,ok,,,3,887.1563340071589,360,3,57.72299999999999,12.9220000000023,1763541970330,1763541970350,,,,,,,,,,mid,10351,699,339,262,1
s3_short_window,SHORT_WINDOW,14,0.5,400,2,58,ok,,,1,47.02020902186632,120,1,24.799999999999997,11.471000000001368,1763541981600,1763541981614,,,,,,,,,,mid,12600,621,223,270,0
s3_short_window,SHORT_WINDOW,14,0.5,400,2,59,ok,,,1,57.215083041228354,120,1,26.13599999999999,12.250000000003638,1763541996247,1763541996270,,,,,,,,,,mid,9691,731,310,153,1
s3_short_window,SHORT_WINDOW,14,0.5,400,2,60,ok,,,1,46.70633299974725,120,1,25.022,11.388999999995576,1763542007469,1763542007485,,,,,,,,,,mid,13124,498,220,203,2
s3_short_window,SHORT_WINDOW,14,0.5,400,2,61,ok,,,1,47.643458005040884,120,1,26.579999999999995,9.89600000000064,1763542022192,1763542022210,,,,,,,,,,mid,12561,369,254,210,2
s3_short_window,SHORT_WINDOW,14,0.5,400,2,62,ok,,,1,47.60808404535055,120,1,25.61999999999999,11.927999999999884,1763542036904,1763542036920,,,,,,,,,,mid,12928,739,302,260,0
s3_short_window,SHORT_WINDOW,14,0.5,400,2,63,ok,,,1,50.611874961759895,120,1,26.747,11.60399999999936,1763542051146,1763542051162,,,,,,,,,,mid,13040,254,265,236,1
s3_short_window,SHORT_WINDOW,14,0.5,400,2,64,ok,,,1,52.35970800276846,120,1,25.757000000000005,12.075999999997293,1763542066436,1763542066456,,,,,,,,,,mid,8850,730,304,239,3
s3_short_window,SHORT_WINDOW,14,0.5,400,2,65,ok,,,1,55.94712501624599,120,1,26.77599999999999,12.226000000002387,1763542077111,1763542077131,,,,,,,,,,mid,11625,892,288,203,2
s3_short_window,SHORT_WINDOW,14,0.5,400,2,66,ok,,,1,46.66754195932299,120,1,24.373999999999995,10.96900000000096,1763542090209,1763542090224,,,,,,,,,,mid,11970,586,315,183,2
s3_short_window,SHORT_WINDOW,14,0.5,400,2,67,ok,,,1,48.81220799870789,120,1,25.018,11.663000000000466,1763542104081,1763542104097,,,,,,,,,,mid,12244,749,259,179,1
s3_short_window,SHORT_WINDOW,14,0.5,400,2,68,ok,,,2,459.0264580328949,240,2,33.599999999999994,12.875,1763542118049,1763542118064,,,,,,,,,,mid,9974,265,285,272,3
s3_short_window,SHORT_WINDOW,14,0.5,400,2,69,ok,,,1,50.01091700978577,120,1,26.160000000000004,11.168000000001484,1763542129508,1763542129525,,,,,,,,,,mid,12731,344,339,230,1
s3_short_window,SHORT_WINDOW,14,0.5,400,2,70,ok,,,1,48.5803330084309,120,1,25.754000000000005,11.852999999999156,1763542144421,1763542144439,,,,,,,,,,mid,13421,631,226,203,2
s3_short_window,SHORT_WINDOW,14,0.5,400,2,71,ok,,,1,42.29699994903058,120,1,22.968999999999994,10.315000000002328,1763542159455,1763542159469,,,,,,,,,,mid,12184,523,302,273,2
s3_short_window,SHORT_WINDOW,14,0.5,400,2,72,ok,,,1,49.93929102784023,120,1,25.46399999999999,11.58599999999933,1763542173629,1763542173645,,,,,,,,,,mid,13677,707,238,152,0
s3_short_window,SHORT_WINDOW,14,0.5,400,2,73,ok,,,1,47.369750041980296,120,1,25.842999999999996,10.447000000000116,1763542188640,1763542188657,,,,,,,,,,mid,12782,324,209,207,3
s3_short_window,SHORT_WINDOW,14,0.5,400,2,74,ok,,,1,53.3579170005396,120,1,26.507999999999996,12.20799999999872,1763542203669,1763542203689,,,,,,,,,,mid,12858,825,332,192,1
s3_short_window,SHORT_WINDOW,14,0.5,400,2,75,ok,,,1,44.746542000211775,120,1,23.486000000000004,11.684999999997672,1763542217871,1763542217886,,,,,,,,,,mid,9764,414,249,205,2
s3_short_window,SHORT_WINDOW,14,0.5,400,2,76,ok,,,1,47.41150001063943,120,1,25.535999999999987,11.721000000001368,1763542229967,1763542229983,,,,,,,,,,mid,9311,881,272,211,2
s3_short_window,SHORT_WINDOW,14,0.5,400,2,77,ok,,,1,51.449624996166676,120,1,26.059999999999988,12.117999999998574,1763542240752,1763542240770,,,,,,,,,,mid,9634,638,231,186,2
s3_short_window,SHORT_WINDOW,14,0.5,400,2,78,ok,,,1,47.53554199123755,120,1,22.639,10.328999999997905,1763542252326,1763542252344,,,,,,,,,,mid,12021,799,205,261,1
s3_short_window,SHORT_WINDOW,14,0.5,400,2,79,ok,,,1,54.01137500302866,120,1,26.068000000000005,12.28399999999965,1763542266287,1763542266307,,,,,,,,,,mid,9416,815,327,193,2
s3_short_window,SHORT_WINDOW,14,0.5,400,2,80,ok,,,1,44.02849997859448,120,1,23.902,10.906999999999243,1763542277119,1763542277133,,,,,,,,,,mid,12130,518,325,202,2
s3_short_window,SHORT_WINDOW,14,0.5,400,2,81,ok,,,1,43.288375018164515,120,1,23.69099999999999,10.47700000000259,1763542290967,1763542290981,,,,,,,,,,mid,12002,437,291,155,5
s3_short_window,SHORT_WINDOW,14,0.5,400,2,82,ok,,,1,46.783916011918336,120,1,26.555999999999997,10.979999999999563,1763542304572,1763542304586,,,,,,,,,,mid,9519,328,269,258,2
s3_short_window,SHORT_WINDOW,14,0.5,400,2,83,ok,,,1,47.825541987549514,120,1,25.214,11.924999999999272,1763542316264,1763542316280,,,,,,,,,,mid,12836,807,277,172,1
s3_short_window,SHORT_WINDOW,14,0.5,400,2,84,ok,,,1,49.58370898384601,120,1,26.564,10.963000000003376,1763542330311,1763542330327,,,,,,,,,,mid,11092,350,293,178,0
s3_short_window,SHORT_WINDOW,14,0.5,400,2,85,ok,,,1,44.219959003385156,120,1,23.569999999999993,10.673999999999069,1763542343305,1763542343319,,,,,,,,,,mid,12357,474,219,201,0
s3_short_window,SHORT_WINDOW,14,0.5,400,2,86,ok,,,1,43.26925001805648,120,1,24.34400000000001,11.258999999998196,1763542357559,1763542357572,,,,,,,,,,mid,11889,527,227,276,1
s3_short_window,SHORT_WINDOW,14,0.5,400,2,87,ok,,,1,47.84183303127065,120,1,26.343000000000004,10.760999999998603,1763542370980,1763542370997,,,,,,,,,,mid,13098,316,209,257,0
s3_short_window,SHORT_WINDOW,14,0.5,400,2,88,ok,,,1,55.242666974663734,120,1,25.841999999999985,11.922999999998865,1763542386210,1763542386231,,,,,,,,,,mid,11360,620,209,237,1
s3_short_window,SHORT_WINDOW,14,0.5,400,2,89,ok,,,1,49.764375027734786,120,1,25.322999999999986,11.780000000002474,1763542399489,1763542399506,,,,,,,,,,mid,13770,798,264,209,2
s3_short_window,SHORT_WINDOW,14,0.5,400,2,90,ok,,,1,49.97008299687877,120,1,25.607,11.962999999999738,1763542414856,1763542414875,,,,,,,,,,mid,11986,616,211,184,2
s3_short_window,SHORT_WINDOW,14,0.5,400,2,91,ok,,,1,50.07495800964534,120,1,25.500999999999998,11.977999999999156,1763542428762,1763542428781,,,,,,,,,,mid,10321,748,207,159,3
s3_short_window,SHORT_WINDOW,14,0.5,400,2,92,ok,,,1,49.878999998327345,120,1,25.679999999999993,12.251000000000204,1763542440680,1763542440698,,,,,,,,,,mid,12570,571,210,173,1
s3_short_window,SHORT_WINDOW,14,0.5,400,2,93,ok,,,1,49.00574998464435,120,1,25.037,11.693999999999505,1763542455162,1763542455179,,,,,,,,,,mid,10990,756,290,220,0
s3_short_window,SHORT_WINDOW,14,0.5,400,2,94,ok,,,1,50.27445900486782,120,1,25.904999999999994,11.909999999999854,1763542468104,1763542468121,,,,,,,,,,mid,9760,865,268,247,2
s3_short_window,SHORT_WINDOW,14,0.5,400,2,95,ok,,,1,59.78487496031448,120,1,36.83099999999999,10.881999999997788,1763542479079,1763542479096,,,,,,,,,,mid,12948,269,200,167,3
s3_short_window,SHORT_WINDOW,14,0.5,400,2,96,ok,,,1,46.790833002887666,120,1,23.496999999999993,10.784999999999854,1763542494000,1763542494016,,,,,,,,,,mid,13112,500,258,233,2
s3_short_window,SHORT_WINDOW,14,0.5,400,2,97,ok,,,1,48.1969999964349,120,1,26.217000000000013,11.969999999997526,1763542509371,1763542509387,,,,,,,,,,mid,10330,897,258,244,1
s3_short_window,SHORT_WINDOW,14,0.5,400,2,98,ok,,,1,50.32674997346476,120,1,26.497000000000007,12.025999999998021,1763542520861,1763542520878,,,,,,,,,,mid,11508,371,297,206,1
s3_short_window,SHORT_WINDOW,14,0.5,400,2,99,ok,,,2,495.2746669878252,240,2,51.365999999999985,21.59099999999671,1763542534557,1763542534589,,,,,,,,,,mid,9102,280,328,188,0
s3_short_window,SHORT_WINDOW,14,0.5,400,2,100,ok,,,2,464.44424998480827,240,2,37.227999999999994,14.288000000000466,1763542545580,1763542545598,,,,,,,,,,mid,10566,491,274,204,2
s3_short_window,SHORT_WINDOW,14,0.5,400,2,101,ok,,,1,44.23345800023526,120,1,25.199000000000005,11.501000000000204,1763542557847,1763542557861,,,,,,,,,,mid,10966,796,271,170,2
s3_short_window,SHORT_WINDOW,14,0.5,400,2,102,ok,,,2,498.526208975818,240,2,55.549,20.527000000001863,1763542570332,1763542570365,,,,,,,,,,mid,12323,270,265,242,2
s3_short_window,SHORT_WINDOW,14,0.5,400,2,103,ok,,,1,47.0075830235146,120,1,24.472,10.493000000002212,1763542583944,1763542583959,,,,,,,,,,mid,9754,349,217,160,1
s3_short_window,SHORT_WINDOW,14,0.5,400,2,104,ok,,,1,50.36141601158306,120,1,25.501999999999995,11.818999999999505,1763542595964,1763542595983,,,,,,,,,,mid,10969,745,301,239,2
s3_short_window,SHORT_WINDOW,14,0.5,400,2,105,ok,,,1,50.7944580167532,120,1,25.97400000000001,11.850999999998749,1763542608593,1763542608609,,,,,,,,,,mid,13648,684,296,273,1
s3_short_window,SHORT_WINDOW,14,0.5,400,2,106,ok,,,1,46.346583985723555,120,1,25.04800000000001,11.567999999999302,1763542624072,1763542624087,,,,,,,,,,mid,12419,744,348,168,2
s3_short_window,SHORT_WINDOW,14,0.5,400,2,107,ok,,,1,53.4305420005694,120,1,26.733999999999988,12.164999999997235,1763542638295,1763542638315,,,,,,,,,,mid,11483,670,207,231,0
s3_short_window,SHORT_WINDOW,14,0.5,400,2,108,ok,,,1,48.667167022358626,120,1,26.073000000000008,10.454000000001543,1763542651296,1763542651314,,,,,,,,,,mid,12088,433,310,222,2
s3_short_window,SHORT_WINDOW,14,0.5,400,2,109,ok,,,1,45.65766704035923,120,1,25.15100000000001,10.728000000002794,1763542665166,1763542665180,,,,,,,,,,mid,12532,349,274,261,0
s3_short_window,SHORT_WINDOW,14,0.5,400,2,110,ok,,,1,49.352459027431905,120,1,25.311999999999998,11.726999999998952,1763542679988,1763542680005,,,,,,,,,,mid,12663,825,237,177,2
s3_short_window,SHORT_WINDOW,14,0.5,400,2,111,ok,,,1,51.01312504848465,120,1,25.214,11.001000000000204,1763542693937,1763542693954,,,,,,,,,,mid,14108,288,284,187,3
s3_short_window,SHORT_WINDOW,14,0.5,400,2,112,ok,,,1,46.725874999538064,120,1,24.58599999999999,11.16899999999805,1763542710029,1763542710046,,,,,,,,,,mid,9198,526,228,197,1
s3_short_window,SHORT_WINDOW,14,0.5,400,2,113,ok,,,1,52.12233297061175,120,1,25.512,11.956999999998516,1763542721245,1763542721263,,,,,,,,,,mid,13600,720,301,175,1
s3_short_window,SHORT_WINDOW,14,0.5,400,2,114,ok,,,1,50.322917057201266,120,1,23.955999999999996,11.08900000000358,1763542736446,1763542736465,,,,,,,,,,mid,13719,587,342,249,4
s3_short_window,SHORT_WINDOW,14,0.5,400,2,115,ok,,,1,47.15033300453797,120,1,24.769,12.286000000000058,1763542751860,1763542751873,,,,,,,,,,mid,12984,417,319,200,1
s3_short_window,SHORT_WINDOW,14,0.5,400,2,116,ok,,,1,47.75883397087455,120,1,24.559999999999995,10.710000000002765,1763542767107,1763542767124,,,,,,,,,,mid,11896,791,315,278,4
s3_short_window,SHORT_WINDOW,14,0.5,400,2,117,ok,,,1,52.066832955460995,120,1,25.756000000000007,11.428000000003522,1763542780551,1763542780569,,,,,,,,,,mid,13525,565,256,164,0
s3_short_window,SHORT_WINDOW,14,0.5,400,2,118,ok,,,1,44.702833984047174,120,1,23.882999999999996,11.061000000001513,1763542795742,1763542795756,,,,,,,,,,mid,11927,417,334,250,0
s3_short_window,SHORT_WINDOW,14,0.5,400,2,119,ok,,,1,47.5452920072712,120,1,23.875,10.791000000001077,1763542809618,1763542809635,,,,,,,,,,mid,12871,525,260,214,2
s3_short_window,SHORT_WINDOW,14,0.5,400,2,120,ok,,,1,49.87437499221414,120,1,25.125999999999998,10.399000000001251,1763542823988,1763542824006,,,,,,,,,,mid,12229,426,321,215,1
s3_short_window,SHORT_WINDOW,14,0.5,400,2,121,ok,,,1,50.7675830158405,120,1,23.317,10.64600000000064,1763542837983,1763542838001,,,,,,,,,,mid,13200,469,294,270,4
s3_short_window,SHORT_WINDOW,14,0.5,400,2,122,ok,,,1,51.29416601266712,120,1,25.99500000000001,12.015000000003056,1763542853335,1763542853352,,,,,,,,,,mid,11253,764,264,231,0
s3_short_window,SHORT_WINDOW,14,0.5,400,2,123,ok,,,1,51.66391597595066,120,1,25.816999999999993,11.758999999998196,1763542866387,1763542866406,,,,,,,,,,mid,12554,804,320,160,1
s3_short_window,SHORT_WINDOW,14,0.5,400,2,124,ok,,,1,48.242916993331164,120,1,26.175999999999995,10.998999999996158,1763542880185,1763542880199,,,,,,,,,,mid,9421,342,271,155,2
s3_short_window,SHORT_WINDOW,14,0.5,400,2,125,ok,,,1,52.207250031642616,120,1,24.647,12.395000000000437,1763542891525,1763542891544,,,,,,,,,,mid,9502,399,319,184,2
s3_short_window,SHORT_WINDOW,14,0.5,400,2,126,ok,,,1,46.43062502145767,120,1,23.756,10.34400000000096,1763542902753,1763542902769,,,,,,,,,,mid,11177,307,302,242,0
s3_short_window,SHORT_WINDOW,14,0.5,400,2,127,ok,,,1,48.75183303374797,120,1,26.464,10.388999999995576,1763542915657,1763542915671,,,,,,,,,,mid,11127,281,247,236,1
s3_short_window,SHORT_WINDOW,14,0.5,400,2,128,ok,,,1,52.49375000130385,120,1,25.870000000000005,11.845000000001164,1763542929214,1763542929234,,,,,,,,,,mid,13507,884,306,209,2
s3_short_window,SHORT_WINDOW,14,0.5,400,2,129,ok,,,1,50.34783302107826,120,1,25.337000000000003,11.670999999998457,1763542944312,1763542944331,,,,,,,,,,mid,9227,781,335,239,2
s3_short_window,SHORT_WINDOW,14,0.5,400,2,130,ok,,,1,48.65695897024125,120,1,25.110999999999997,10.43999999999869,1763542954985,1763542955002,,,,,,,,,,mid,11414,437,333,150,2
s3_short_window,SHORT_WINDOW,14,0.5,400,2,131,ok,,,1,48.33033395698294,120,1,25.397,11.883999999998196,1763542968680,1763542968695,,,,,,,,,,mid,10210,799,347,198,1
s3_short_window,SHORT_WINDOW,14,0.5,400,2,132,ok,,,2,495.3982919687405,240,2,51.89999999999999,20.94499999999971,1763542980605,1763542980636,,,,,,,,,,mid,10026,322,334,177,0
s3_short_window,SHORT_WINDOW,14,0.5,400,2,133,ok,,,1,49.7577500063926,120,1,25.595,11.953999999997905,1763542992485,1763542992503,,,,,,,,,,mid,9856,808,258,211,1
s3_short_window,SHORT_WINDOW,14,0.5,400,2,134,ok,,,1,50.87558302329853,120,1,25.863999999999997,11.898999999997613,1763543003812,1763543003829,,,,,,,,,,mid,12504,681,305,155,2
s3_short_window,SHORT_WINDOW,14,0.5,400,2,135,ok,,,1,53.05495799984783,120,1,24.339999999999996,11.294000000001688,1763543017866,1763543017888,,,,,,,,,,mid,9031,517,262,253,2
s3_short_window,SHORT_WINDOW,14,0.5,400,2,136,ok,,,1,45.83416704554111,120,1,22.958999999999996,11.590000000000146,1763543028588,1763543028603,,,,,,,,,,mid,13019,443,298,268,2
s3_short_window,SHORT_WINDOW,14,0.5,400,2,137,ok,,,1,51.33612500503659,120,1,26.215000000000003,11.764000000002852,1763543043701,1763543043718,,,,,,,,,,mid,10599,649,262,239,3
s3_short_window,SHORT_WINDOW,14,0.5,400,2,138,ok,,,1,50.17679202137515,120,1,25.757999999999996,11.795000000001892,1763543056019,1763543056036,,,,,,,,,,mid,10904,579,207,280,3
s3_short_window,SHORT_WINDOW,14,0.5,400,2,139,ok,,,1,46.84337502112612,120,1,24.473999999999997,9.887000000002445,1763543068436,1763543068451,,,,,,,,,,mid,11583,275,239,216,1
s3_short_window,SHORT_WINDOW,14,0.5,400,2,140,ok,,,1,52.32408398296684,120,1,25.366999999999997,11.679000000000087,1763543082139,1763543082158,,,,,,,,,,mid,13954,570,236,205,3
s3_short_window,SHORT_WINDOW,14,0.5,400,2,141,ok,,,1,48.37362497346476,120,1,25.653,11.678000000003522,1763543098086,1763543098102,,,,,,,,,,mid,10286,794,208,167,2
s3_short_window,SHORT_WINDOW,14,0.5,400,2,142,ok,,,3,891.8253339943476,360,3,55.565999999999995,12.570000000003347,1763543110814,1763543110833,,,,,,,,,,mid,12115,590,234,268,3
s3_short_window,SHORT_WINDOW,14,0.5,400,2,143,ok,,,1,49.740458955056965,120,1,27.367000000000004,11.226999999998952,1763543123651,1763543123665,,,,,,,,,,mid,12013,404,346,218,3
s3_short_window,SHORT_WINDOW,14,0.5,400,2,144,ok,,,1,50.822207995224744,120,1,25.261000000000003,11.884000000001834,1763543137806,1763543137824,,,,,,,,,,mid,11227,800,330,219,1
s3_short_window,SHORT_WINDOW,14,0.5,400,2,145,ok,,,1,49.83945802086964,120,1,25.44699999999999,11.643999999996595,1763543150860,1763543150878,,,,,,,,,,mid,10382,793,262,260,0
s3_short_window,SHORT_WINDOW,14,0.5,400,2,146,ok,,,1,62.92787502752617,120,1,23.869000000000007,25.450999999997293,1763543162815,1763543162832,,,,,,,,,,mid,11958,653,236,237,5
s3_short_window,SHORT_WINDOW,14,0.5,400,2,147,ok,,,1,47.858874953817576,120,1,25.188000000000002,11.497999999999593,1763543176770,1763543176785,,,,,,,,,,mid,10011,789,330,211,2
s3_short_window,SHORT_WINDOW,14,0.5,400,2,148,ok,,,1,48.13245800323784,120,1,25.265,11.774000000001251,1763543188354,1763543188369,,,,,,,,,,mid,10162,725,268,218,1
s3_short_window,SHORT_WINDOW,14,0.5,400,2,149,ok,,,1,45.94758304301649,120,1,25.29,10.402999999998428,1763543199977,1763543199993,,,,,,,,,,mid,11113,489,336,233,0
s3_short_window,SHORT_WINDOW,14,0.5,400,2,150,ok,,,1,48.379542015027255,120,1,26.62899999999999,11.548999999999069,1763543213148,1763543213164,,,,,,,,,,mid,9379,734,267,234,2
s3_short_window,SHORT_WINDOW,14,0.5,400,2,151,ok,,,1,46.07695800950751,120,1,24.389000000000003,10.353999999995722,1763543223905,1763543223920,,,,,,,,,,mid,13217,367,326,228,1
s3_short_window,SHORT_WINDOW,14,0.5,400,2,152,ok,,,1,51.03174998657778,120,1,25.556999999999995,11.695999999999913,1763543239490,1763543239507,,,,,,,,,,mid,10379,896,320,210,2
s3_short_window,SHORT_WINDOW,14,0.5,400,2,153,ok,,,1,51.70437501510605,120,1,25.671000000000006,11.621999999999389,1763543251518,1763543251535,,,,,,,,,,mid,9247,738,325,242,1
s3_short_window,SHORT_WINDOW,14,0.5,400,2,154,ok,,,1,54.87041600281373,120,1,25.857999999999997,11.842000000000553,1763543262485,1763543262505,,,,,,,,,,mid,13676,640,218,153,3
s3_short_window,SHORT_WINDOW,14,0.5,400,2,155,ok,,,1,46.07641702750698,120,1,24.648999999999994,10.677000000003318,1763543277783,1763543277798,,,,,,,,,,mid,12630,549,220,223,3
s3_short_window,SHORT_WINDOW,14,0.5,400,2,156,ok,,,1,45.9484169841744,120,1,24.499999999999993,11.10099999999511,1763543291950,1763543291964,,,,,,,,,,mid,8945,520,246,269,1
s3_short_window,SHORT_WINDOW,14,0.5,400,2,157,ok,,,1,46.93958401912823,120,1,24.928000000000004,10.738999999997759,1763543302491,1763543302507,,,,,,,,,,mid,9078,388,284,190,3
s3_short_window,SHORT_WINDOW,14,0.5,400,2,158,ok,,,1,44.14629196980968,120,1,24.195,10.659999999999854,1763543313229,1763543313243,,,,,,,,,,mid,11763,307,259,189,3
s3_short_window,SHORT_WINDOW,14,0.5,400,2,159,ok,,,1,49.07966702012345,120,1,24.964999999999996,11.680000000000291,1763543327236,1763543327252,,,,,,,,,,mid,13678,660,300,178,1
s3_short_window,SHORT_WINDOW,14,0.5,400,2,160,ok,,,1,44.86099997302517,120,1,24.756000000000007,11.126000000003842,1763543342864,1763543342878,,,,,,,,,,mid,9013,851,296,168,1
s3_short_window,SHORT_WINDOW,14,0.5,400,2,161,ok,,,1,52.1533329738304,120,1,25.68699999999999,11.642000000003463,1763543353605,1763543353624,,,,,,,,,,mid,12936,754,220,250,5
s3_short_window,SHORT_WINDOW,14,0.5,400,2,162,ok,,,1,52.475292002782226,120,1,26.071000000000005,11.839999999996508,1763543367753,1763543367773,,,,,,,,,,mid,9932,252,219,248,1
s3_short_window,SHORT_WINDOW,14,0.5,400,2,163,ok,,,1,46.05895798886195,120,1,25.708000000000006,10.715000000003783,1763543379505,1763543379521,,,,,,,,,,mid,9340,379,233,167,1
s3_short_window,SHORT_WINDOW,14,0.5,400,2,164,ok,,,1,53.39820799417794,120,1,29.576999999999998,12.354000000002998,1763543390543,1763543390557,,,,,,,,,,mid,12717,336,281,163,0
s3_short_window,SHORT_WINDOW,14,0.5,400,2,165,ok,,,1,48.75741695286706,120,1,26.360999999999997,10.324000000000524,1763543405068,1763543405084,,,,,,,,,,mid,9583,379,251,152,0
s3_short_window,SHORT_WINDOW,14,0.5,400,2,166,ok,,,1,48.5701669822447,120,1,24.708000000000013,11.337000000003172,1763543416599,1763543416616,,,,,,,,,,mid,10607,495,214,261,0
s3_short_window,SHORT_WINDOW,14,0.5,400,2,167,ok,,,1,50.52150000119582,120,1,24.378,11.34100000000035,1763543429031,1763543429048,,,,,,,,,,mid,9583,645,285,210,1
s3_short_window,SHORT_WINDOW,14,0.5,400,2,168,ok,,,1,50.39766599657014,120,1,25.46200000000001,11.742000000002008,1763543440376,1763543440393,,,,,,,,,,mid,12908,556,206,271,1
s3_short_window,SHORT_WINDOW,14,0.5,400,2,169,ok,,,1,50.80445797648281,120,1,24.14699999999999,10.802000000003318,1763543455673,1763543455693,,,,,,,,,,mid,9456,847,269,168,1
s3_short_window,SHORT_WINDOW,14,0.5,400,2,170,ok,,,1,47.02658299356699,120,1,24.845999999999997,11.437000000001717,1763543626119,1763543626134,,,,,,,,,,mid,9235,581,283,265,1
s3_short_window,SHORT_WINDOW,14,0.5,400,2,171,ok,,,1,47.07437503384426,120,1,26.096000000000004,11.85599999999613,1763543637105,1763543637119,,,,,,,,,,mid,11344,650,241,272,0
s3_short_window,SHORT_WINDOW,14,0.5,400,2,172,ok,,,1,49.745750031434,120,1,25.525000000000006,11.69800000000032,1763543650464,1763543650481,,,,,,,,,,mid,9720,766,310,211,2
s3_short_window,SHORT_WINDOW,14,0.5,400,2,173,ok,,,1,52.605625009164214,120,1,25.803000000000004,11.911000000000058,1763544702976,1763544702995,,,,,,,,,,mid,12619,833,209,191,2
s3_short_window,SHORT_WINDOW,14,0.5,400,2,174,ok,,,1,52.26254201261327,120,1,25.61400000000001,11.873999999999796,1763544717210,1763544717229,,,,,,,,,,mid,13542,798,218,154,7
s3_short_window,SHORT_WINDOW,14,0.5,400,2,175,ok,,,1,47.948624996934086,120,1,24.968999999999994,11.57499999999709,1763546783672,1763546783688,,,,,,,,,,mid,11951,590,265,168,1
s3_short_window,SHORT_WINDOW,14,0.5,400,2,176,ok,,,1,47.989459009841084,120,1,23.121999999999993,10.743999999998778,1763546798139,1763546798157,,,,,,,,,,mid,10153,519,249,273,1
s3_short_window,SHORT_WINDOW,14,0.5,400,2,177,ok,,,2,489.026250957977,240,2,54.397,20.945999999999913,1763546810343,1763546810376,,,,,,,,,,mid,10504,279,338,262,1
s3_short_window,SHORT_WINDOW,14,0.5,400,2,178,ok,,,2,464.64050002396107,240,2,36.076,14.575999999997293,1763546823180,1763546823200,,,,,,,,,,mid,12908,860,335,156,2
s3_short_window,SHORT_WINDOW,14,0.5,400,2,179,ok,,,1,48.15737501485273,120,1,23.092,10.826999999997497,1763546837168,1763546837186,,,,,,,,,,mid,11236,505,262,157,2
s3_short_window,SHORT_WINDOW,14,0.5,400,2,180,ok,,,1,51.79804202634841,120,1,26.152000000000008,11.976999999998952,1763546850231,1763546850248,,,,,,,,,,mid,10378,609,264,269,2
s3_short_window,SHORT_WINDOW,14,0.5,400,2,181,ok,,,1,45.61941704014316,120,1,23.345999999999997,10.616000000001804,1763546862177,1763546862192,,,,,,,,,,mid,12462,511,319,197,2
s3_short_window,SHORT_WINDOW,14,0.5,400,2,182,ok,,,1,48.094999976456165,120,1,25.273999999999994,11.832000000002154,1763546876669,1763546876684,,,,,,,,,,mid,13736,785,301,208,1
s3_short_window,SHORT_WINDOW,14,0.5,400,2,183,ok,,,1,45.630874985363334,120,1,25.043000000000013,11.46600000000035,1763546892208,1763546892223,,,,,,,,,,mid,10342,876,339,193,1
s3_short_window,SHORT_WINDOW,14,0.5,400,2,184,ok,,,1,48.94558398518711,120,1,25.129999999999995,11.618999999998778,1763546904336,1763546904351,,,,,,,,,,mid,9074,888,209,224,1
s3_short_window,SHORT_WINDOW,14,0.5,400,2,185,ok,,,1,44.07354100840166,120,1,23.387999999999998,10.786000000000058,1763546914520,1763546914534,,,,,,,,,,mid,11206,305,232,261,2
s3_short_window,SHORT_WINDOW,14,0.5,400,2,186,ok,,,2,461.7132510174997,240,2,35.343,13.524000000001251,1763546928502,1763546928521,,,,,,,,,,mid,13049,821,324,247,4
s3_short_window,SHORT_WINDOW,14,0.5,400,2,187,ok,,,1,49.63341599795967,120,1,26.107000000000014,10.914000000004307,1763546942408,1763546942423,,,,,,,,,,mid,11290,338,315,266,4
s3_short_window,SHORT_WINDOW,14,0.5,400,2,188,ok,,,1,54.67099999077618,120,1,26.097,11.550999999999476,1763546955953,1763546955976,,,,,,,,,,mid,11416,832,248,153,2
s3_short_window,SHORT_WINDOW,14,0.5,400,2,189,ok,,,3,892.8397499839775,360,3,58.031000000000006,16.568999999999505,1763546969661,1763546969684,,,,,,,,,,mid,11375,592,256,173,4
s3_short_window,SHORT_WINDOW,14,0.5,400,2,190,ok,,,1,51.79724999470636,120,1,25.57499999999999,11.834999999999127,1763546982196,1763546982214,,,,,,,,,,mid,11145,834,215,164,1
s3_short_window,SHORT_WINDOW,14,0.5,400,2,191,ok,,,1,42.99908300163224,120,1,22.040999999999993,9.900000000001455,1763546994944,1763546994960,,,,,,,,,,mid,9263,706,239,270,2
s3_short_window,SHORT_WINDOW,14,0.5,400,2,192,ok,,,1,52.38250002730638,120,1,25.812000000000005,11.876000000000204,1763547006085,1763547006105,,,,,,,,,,mid,12045,790,321,233,2
s3_short_window,SHORT_WINDOW,14,0.5,400,2,193,ok,,,1,47.020207974128425,120,1,25.63199999999999,11.822000000000116,1763547019767,1763547019783,,,,,,,,,,mid,12950,806,209,230,1
s3_short_window,SHORT_WINDOW,14,0.5,400,2,194,ok,,,2,461.70512499520555,240,2,38.447,12.278999999998632,1763547034339,1763547034357,,,,,,,,,,mid,11338,350,314,177,4
s3_short_window,SHORT_WINDOW,14,0.5,400,2,195,ok,,,1,47.80220898101106,120,1,24.93699999999999,11.384000000001834,1763547047224,1763547047239,,,,,,,,,,mid,13336,510,207,166,2
s3_short_window,SHORT_WINDOW,14,0.5,400,2,196,ok,,,1,49.116082955151796,120,1,25.428999999999995,12.024000000001251,1763547062695,1763547062712,,,,,,,,,,mid,12045,828,277,183,2
s3_short_window,SHORT_WINDOW,14,0.5,400,2,197,ok,,,1,47.38312499830499,120,1,26.204000000000008,11.863999999997759,1763547076392,1763547076407,,,,,,,,,,mid,11655,690,314,253,1
s3_short_window,SHORT_WINDOW,14,0.5,400,2,198,ok,,,2,474.2369169835001,240,2,47.12899999999999,14.441999999999098,1763547089852,1763547089880,,,,,,,,,,mid,8833,339,337,223,0
s3_short_window,SHORT_WINDOW,14,0.5,400,2,199,ok,,,1,49.71395805478096,120,1,25.44699999999999,11.666999999997643,1763547100559,1763547100577,,,,,,,,,,mid,9463,874,264,222,2
s3_short_window,SHORT_WINDOW,14,0.5,400,2,200,ok,,,1,47.95212496537715,120,1,26.488999999999997,10.281999999999243,1763547111306,1763547111322,,,,,,,,,,mid,12378,418,276,213,1
s3_short_window,SHORT_WINDOW,14,0.5,400,2,201,ok,,,1,46.98912502499297,120,1,24.798000000000002,11.139999999999418,1763547125636,1763547125651,,,,,,,,,,mid,11700,598,287,249,2
s3_short_window,SHORT_WINDOW,14,0.5,400,2,202,ok,,,1,49.11162500502542,120,1,25.417999999999992,11.580000000005384,1763547138944,1763547138961,,,,,,,,,,mid,8974,508,272,173,1
s3_short_window,SHORT_WINDOW,14,0.5,400,2,203,ok,,,1,47.10750002413988,120,1,25.167,11.643000000000029,1763547149904,1763547149920,,,,,,,,,,mid,12867,705,228,220,2
s3_short_window,SHORT_WINDOW,14,0.5,400,2,204,ok,,,1,47.36141598550603,120,1,25.04399999999999,11.268000000003667,1763547164404,1763547164419,,,,,,,,,,mid,11935,664,329,206,4
s3_short_window,SHORT_WINDOW,14,0.5,400,2,205,ok,,,1,49.7123749810271,120,1,26.33,10.111999999997352,1763547177498,1763547177517,,,,,,,,,,mid,12130,359,250,247,3
s3_short_window,SHORT_WINDOW,14,0.5,400,2,206,ok,,,1,46.48262495175004,120,1,25.733000000000004,11.748999999999796,1763547191984,1763547192000,,,,,,,,,,mid,11730,880,229,187,1
s3_short_window,SHORT_WINDOW,14,0.5,400,2,207,ok,,,1,47.95800003921613,120,1,24.403999999999996,11.184000000001106,1763547205243,1763547205260,,,,,,,,,,mid,11654,582,312,242,3
s3_short_window,SHORT_WINDOW,14,0.5,400,2,208,ok,,,1,47.45020798873156,120,1,23.136999999999993,10.609000000004016,1763547218437,1763547218454,,,,,,,,,,mid,11735,432,222,200,2
s3_short_window,SHORT_WINDOW,14,0.5,400,2,209,ok,,,1,49.61245902813971,120,1,25.873999999999995,11.042999999994208,1763547231937,1763547231953,,,,,,,,,,mid,12457,355,336,212,2
s3_short_window,SHORT_WINDOW,14,0.5,400,2,210,ok,,,1,43.88345801271498,120,1,22.641999999999996,11.588999999999942,1763547246370,1763547246384,,,,,,,,,,mid,9752,482,327,274,0
s3_short_window,SHORT_WINDOW,14,0.5,400,2,211,ok,,,1,46.31441697711125,120,1,23.05400000000001,10.986000000000786,1763547257991,1763547258009,,,,,,,,,,mid,11558,538,297,222,1
s3_short_window,SHORT_WINDOW,14,0.5,400,2,212,ok,,,1,49.319749989081174,120,1,24.533,11.885999999998603,1763547271106,1763547271124,,,,,,,,,,mid,11245,319,238,227,1
s3_short_window,SHORT_WINDOW,14,0.5,400,2,213,ok,,,2,488.7807079940103,240,2,50.276,20.590000000000146,1763547284593,1763547284624,,,,,,,,,,mid,13174,313,261,253,1
s3_short_window,SHORT_WINDOW,14,0.5,400,2,214,ok,,,1,47.42970899678767,120,1,24.817999999999984,11.201999999993859,1763547299524,1763547299540,,,,,,,,,,mid,11946,666,246,253,0
s3_short_window,SHORT_WINDOW,14,0.5,400,2,215,ok,,,1,46.96891701314598,120,1,25.12100000000001,11.690999999998894,1763547313213,1763547313230,,,,,,,,,,mid,12834,688,335,220,4
s3_short_window,SHORT_WINDOW,14,0.5,400,2,216,ok,,,1,48.585332988295704,120,1,24.397999999999996,11.276999999998225,1763547327732,1763547327750,,,,,,,,,,mid,9563,698,232,260,0
s3_short_window,SHORT_WINDOW,14,0.5,400,2,217,ok,,,1,50.904916948638856,120,1,25.33599999999999,11.6349999999984,1763547338967,1763547338986,,,,,,,,,,mid,9957,586,259,244,3
s3_short_window,SHORT_WINDOW,14,0.5,400,2,218,ok,,,1,47.21008299384266,120,1,25.02600000000001,11.381000000001222,1763547350722,1763547350739,,,,,,,,,,mid,9633,660,206,213,0
s3_short_window,SHORT_WINDOW,14,0.5,400,2,219,ok,,,1,45.17904203385115,120,1,22.543999999999997,10.641999999999825,1763547361822,1763547361839,,,,,,,,,,mid,13620,427,235,215,4
s3_short_window,SHORT_WINDOW,14,0.5,400,2,220,ok,,,1,45.02125002909452,120,1,24.778,11.15599999999904,1763547377547,1763547377560,,,,,,,,,,mid,12367,828,337,161,1
s3_short_window,SHORT_WINDOW,14,0.5,400,2,221,ok,,,1,47.33691696310416,120,1,24.488999999999997,11.274000000001251,1763547391372,1763547391389,,,,,,,,,,mid,10547,536,248,272,1
s3_short_window,SHORT_WINDOW,14,0.5,400,2,222,ok,,,1,51.29720800323412,120,1,25.1,11.943999999999505,1763547403964,1763547403982,,,,,,,,,,mid,13403,743,270,179,1
s3_short_window,SHORT_WINDOW,14,0.5,400,2,223,ok,,,1,44.86525000538677,120,1,23.117999999999995,10.611000000000786,1763547418777,1763547418792,,,,,,,,,,mid,10961,457,289,247,1
s3_short_window,SHORT_WINDOW,14,0.5,400,2,224,ok,,,1,50.50404096255079,120,1,26.766,11.684000000004744,1763547431521,1763547431539,,,,,,,,,,mid,11708,350,298,251,4
s3_short_window,SHORT_WINDOW,14,0.5,400,2,225,ok,,,1,88.2829999900423,120,1,62.16299999999999,14.830999999998312,1763547444995,1763547445009,,,,,,,,,,mid,11227,553,307,160,2
s3_short_window,SHORT_WINDOW,14,0.5,400,2,226,ok,,,1,47.40629199659452,120,1,26.927000000000007,9.891999999999825,1763547457787,1763547457803,,,,,,,,,,mid,11830,343,232,161,4
s3_short_window,SHORT_WINDOW,14,0.5,400,2,227,ok,,,1,47.64329199679196,120,1,24.97699999999999,11.682000000004336,1763547471917,1763547471932,,,,,,,,,,mid,12914,820,344,256,3
s3_short_window,SHORT_WINDOW,14,0.5,400,2,228,ok,,,1,46.926083974540234,120,1,24.945000000000007,11.85399999999936,1763547486550,1763547486565,,,,,,,,,,mid,11764,700,309,153,0
s3_short_window,SHORT_WINDOW,14,0.5,400,2,229,ok,,,1,52.69062501611188,120,1,25.362000000000016,11.84100000000035,1763547500180,1763547500199,,,,,,,,,,mid,10933,857,258,248,1
s3_short_window,SHORT_WINDOW,14,0.5,400,2,230,ok,,,1,49.593208997976035,120,1,25.44700000000001,11.85599999999613,1763547512693,1763547512711,,,,,,,,,,mid,13472,670,265,272,1
s3_short_window,SHORT_WINDOW,14,0.5,400,2,231,ok,,,2,480.86433397838846,240,2,45.963,20.647000000004482,1763547527829,1763547527847,,,,,,,,,,mid,9462,274,299,267,2
s3_short_window,SHORT_WINDOW,14,0.5,400,2,232,ok,,,1,50.30575004639104,120,1,25.245999999999988,11.91400000000067,1763547538907,1763547538924,,,,,,,,,,mid,10802,555,243,259,0
s3_short_window,SHORT_WINDOW,14,0.5,400,2,233,ok,,,1,47.89416695712134,120,1,25.281000000000006,11.347999999998137,1763547551604,1763547551619,,,,,,,,,,mid,13370,649,343,176,2
s3_short_window,SHORT_WINDOW,14,0.5,400,2,234,ok,,,1,49.470084020867944,120,1,25.136000000000003,13.899999999997817,1763547566685,1763547566701,,,,,,,,,,mid,10028,525,221,234,1
s3_short_window,SHORT_WINDOW,14,0.5,400,2,235,ok,,,1,48.90950000844896,120,1,25.555000000000014,11.85200000000259,1763547578692,1763547578710,,,,,,,,,,mid,10108,684,232,263,2
s3_short_window,SHORT_WINDOW,14,0.5,400,2,236,ok,,,1,48.260040988679975,120,1,26.403,10.29399999999805,1763547590286,1763547590304,,,,,,,,,,mid,12174,475,338,172,0
s3_short_window,SHORT_WINDOW,14,0.5,400,2,237,ok,,,1,46.83945799479261,120,1,25.789999999999992,10.472999999998137,1763547604222,1763547604239,,,,,,,,,,mid,11987,384,280,231,0
s3_short_window,SHORT_WINDOW,14,0.5,400,2,238,ok,,,1,47.986040997784585,120,1,23.955999999999996,10.901000000001659,1763547617830,1763547617847,,,,,,,,,,mid,10148,344,349,207,0
s3_short_window,SHORT_WINDOW,14,0.5,400,2,239,ok,,,1,47.73566697258502,120,1,26.348,10.028999999998632,1763547629716,1763547629731,,,,,,,,,,mid,11089,398,305,211,3
s3_short_window,SHORT_WINDOW,14,0.5,400,2,240,ok,,,1,50.52245897240937,120,1,25.357999999999997,11.84599999999773,1763547642824,1763547642843,,,,,,,,,,mid,9936,649,315,237,2
s3_short_window,SHORT_WINDOW,14,0.5,400,2,241,ok,,,1,46.583208022639155,120,1,24.272,10.977999999995518,1763547654213,1763547654228,,,,,,,,,,mid,10281,504,255,277,0
s3_short_window,SHORT_WINDOW,14,0.5,400,2,242,ok,,,1,47.654666006565094,120,1,24.580000000000005,10.724000000001979,1763547666232,1763547666248,,,,,,,,,,mid,11758,418,265,272,2
s3_short_window,SHORT_WINDOW,14,0.5,400,2,243,ok,,,1,45.92083301395178,120,1,24.738999999999997,11.288000000000466,1763547679725,1763547679739,,,,,,,,,,mid,9991,414,346,200,1
s3_short_window,SHORT_WINDOW,14,0.5,400,2,244,ok,,,1,50.89258402585983,120,1,25.621000000000002,11.859000000000378,1763547691784,1763547691801,,,,,,,,,,mid,12811,679,240,172,1
s3_short_window,SHORT_WINDOW,14,0.5,400,2,245,ok,,,2,494.5957090239972,240,2,57.617,21.080999999998312,1763547706450,1763547706484,,,,,,,,,,mid,9319,269,306,232,0
s3_short_window,SHORT_WINDOW,14,0.5,400,2,246,ok,,,1,47.72579198470339,120,1,25.195999999999998,11.632999999997992,1763547717517,1763547717534,,,,,,,,,,mid,10424,687,346,188,2
s3_short_window,SHORT_WINDOW,14,0.5,400,2,247,ok,,,1,52.961874986067414,120,1,26.551000000000002,11.873999999996158,1763547729732,1763547729750,,,,,,,,,,mid,10765,814,308,173,2
s3_short_window,SHORT_WINDOW,14,0.5,400,2,248,ok,,,1,47.7519590058364,120,1,25.765,11.080000000001746,1763547741739,1763547741755,,,,,,,,,,mid,9763,285,275,233,1
s3_short_window,SHORT_WINDOW,14,0.5,400,2,249,ok,,,1,48.2272079680115,120,1,25.482999999999997,11.506000000001222,1763547753845,1763547753860,,,,,,,,,,mid,12719,854,277,252,2
s3_short_window,SHORT_WINDOW,14,0.5,400,2,250,ok,,,1,49.223124980926514,120,1,22.912,13.177999999999884,1763547767610,1763547767626,,,,,,,,,,mid,10623,383,236,267,2
s3_short_window,SHORT_WINDOW,14,0.5,400,2,251,ok,,,1,49.146833014674485,120,1,25.192,11.529999999998836,1763547780098,1763547780114,,,,,,,,,,mid,10530,638,271,172,1
s3_short_window,SHORT_WINDOW,14,0.5,400,2,252,ok,,,1,46.755166025832295,120,1,23.364000000000004,10.59100000000035,1763547792160,1763547792177,,,,,,,,,,mid,10039,455,215,174,4
s3_short_window,SHORT_WINDOW,14,0.5,400,2,253,ok,,,1,52.026124962139875,120,1,25.901999999999994,11.794000000001688,1763547804255,1763547804274,,,,,,,,,,mid,11792,692,249,179,2
s3_short_window,SHORT_WINDOW,14,0.5,400,2,254,ok,,,1,49.996791989542544,120,1,25.135000000000005,11.604999999999563,1763547817565,1763547817583,,,,,,,,,,mid,10918,592,243,231,0
s3_short_window,SHORT_WINDOW,14,0.5,400,2,255,ok,,,1,45.4516249592416,120,1,24.592000000000013,10.683999999997468,1763547830220,1763547830234,,,,,,,,,,mid,12059,551,345,191,3
s3_short_window,SHORT_WINDOW,14,0.5,400,2,256,ok,,,1,47.71200002869591,120,1,25.286,11.467000000000553,1763547844314,1763547844329,,,,,,,,,,mid,12272,767,316,215,1
s3_short_window,SHORT_WINDOW,14,0.5,400,2,257,ok,,,1,50.92149996198714,120,1,26.315000000000012,11.666999999997643,1763547858196,1763547858214,,,,,,,,,,mid,11789,697,342,204,2
s3_short_window,SHORT_WINDOW,14,0.5,400,2,258,ok,,,1,51.39799998141825,120,1,26.583000000000013,11.149999999997817,1763547871431,1763547871449,,,,,,,,,,mid,9652,366,317,242,0
s3_short_window,SHORT_WINDOW,14,0.5,400,2,259,ok,,,1,45.5149170011282,120,1,23.302000000000007,10.598999999998341,1763547882940,1763547882956,,,,,,,,,,mid,12511,476,316,201,2
s3_short_window,SHORT_WINDOW,14,0.5,400,2,260,ok,,,1,44.291750993579626,120,1,24.916000000000004,11.261999999995169,1763547897436,1763547897450,,,,,,,,,,mid,9401,654,326,220,0
s3_short_window,SHORT_WINDOW,14,0.5,400,2,261,ok,,,1,48.06145804468542,120,1,25.684999999999995,10.716000000003987,1763547908292,1763547908307,,,,,,,,,,mid,13557,358,316,240,3
s3_short_window,SHORT_WINDOW,14,0.5,400,2,262,ok,,,1,46.56925000017509,120,1,24.620999999999995,11.037000000000262,1763547923782,1763547923798,,,,,,,,,,mid,10668,527,257,227,0
s3_short_window,SHORT_WINDOW,14,0.5,400,2,263,ok,,,1,50.77245901338756,120,1,25.556000000000004,11.813999999998487,1763547936323,1763547936340,,,,,,,,,,mid,10302,586,205,221,0
s3_short_window,SHORT_WINDOW,14,0.5,400,2,264,ok,,,1,45.37537501892075,120,1,24.338000000000008,10.95799999999872,1763547948403,1763547948418,,,,,,,,,,mid,11529,640,241,177,3
s3_short_window,SHORT_WINDOW,14,0.5,400,2,265,ok,,,1,46.753917005844414,120,1,25.075000000000003,12.08100000000195,1763547961731,1763547961745,,,,,,,,,,mid,9766,679,307,259,0
s3_short_window,SHORT_WINDOW,14,0.5,400,2,266,ok,,,1,53.79345896653831,120,1,24.393,18.1929999999993,1763547972956,1763547972972,,,,,,,,,,mid,11620,387,303,270,1
s3_short_window,SHORT_WINDOW,14,0.5,400,2,267,ok,,,1,49.994916014838964,120,1,24.199999999999996,11.20799999999872,1763547986506,1763547986524,,,,,,,,,,mid,13271,504,240,157,3
s3_short_window,SHORT_WINDOW,14,0.5,400,2,268,ok,,,1,50.960332970134914,120,1,25.251999999999995,11.711000000002969,1763548001724,1763548001742,,,,,,,,,,mid,12875,850,332,272,5
s3_short_window,SHORT_WINDOW,14,0.5,400,2,269,ok,,,1,45.54758302401751,120,1,23.54,10.42699999999968,1763548015998,1763548016012,,,,,,,,,,mid,11358,388,258,155,1
s3_short_window,SHORT_WINDOW,14,0.5,400,2,270,ok,,,1,46.22183402534574,120,1,24.954,11.378000000000611,1763548029540,1763548029555,,,,,,,,,,mid,12130,672,302,174,0
s3_short_window,SHORT_WINDOW,14,0.5,400,2,271,ok,,,1,70.45575004303828,120,1,47.879999999999995,12.212000000003172,1763548043068,1763548043104,,,,,,,,,,mid,11518,307,298,238,1
s3_short_window,SHORT_WINDOW,14,0.5,400,2,272,ok,,,1,47.19224997097626,120,1,25.236999999999995,12.228000000002794,1763548056716,1763548056732,,,,,,,,,,mid,13761,777,215,207,2
s3_short_window,SHORT_WINDOW,14,0.5,400,2,273,ok,,,1,59.371915995143354,120,1,33.31999999999999,14.988999999997759,1763548071794,1763548071812,,,,,,,,,,mid,12885,334,207,184,5
s3_short_window,SHORT_WINDOW,14,0.5,400,2,274,ok,,,1,47.32700000749901,120,1,24.487999999999992,12.972999999998137,1763548086468,1763548086484,,,,,,,,,,mid,11519,404,320,167,1
s3_short_window,SHORT_WINDOW,14,0.5,400,2,275,ok,,,1,47.05829097656533,120,1,24.903999999999996,11.613000000001193,1763548100060,1763548100074,,,,,,,,,,mid,10484,675,208,269,2
s3_short_window,SHORT_WINDOW,14,0.5,400,2,276,ok,,,1,45.38554104510695,120,1,23.380000000000003,10.566999999999098,1763548111985,1763548112001,,,,,,,,,,mid,11456,367,201,222,2
s3_short_window,SHORT_WINDOW,14,0.5,400,2,277,ok,,,1,50.189041008707136,120,1,25.817999999999984,12.109000000000378,1763548125512,1763548125529,,,,,,,,,,mid,9856,634,234,271,2
s3_short_window,SHORT_WINDOW,14,0.5,400,2,278,ok,,,1,48.30358299659565,120,1,27.102000000000004,11.169999999998254,1763548136579,1763548136593,,,,,,,,,,mid,10249,295,279,227,1
s3_short_window,SHORT_WINDOW,14,0.5,400,2,279,ok,,,1,46.95304099004716,120,1,26.449000000000005,12.016999999999825,1763548149221,1763548149235,,,,,,,,,,mid,11501,896,252,269,1
s3_short_window,SHORT_WINDOW,14,0.5,400,2,280,ok,,,1,48.95383398979902,120,1,25.052,11.412000000000262,1763548162130,1763548162147,,,,,,,,,,mid,12120,534,213,273,3
s3_short_window,SHORT_WINDOW,14,0.5,400,2,281,ok,,,1,45.529540977440774,120,1,24.638999999999996,11.350000000002183,1763548176176,1763548176190,,,,,,,,,,mid,13551,578,309,237,0
s3_short_window,SHORT_WINDOW,14,0.5,400,2,282,ok,,,1,49.97249995358288,120,1,23.300999999999995,10.264999999999418,1763548191353,1763548191372,,,,,,,,,,mid,13661,454,247,180,5
s3_short_window,SHORT_WINDOW,14,0.5,400,2,283,ok,,,1,49.98962505487725,120,1,25.788999999999994,11.858000000003813,1763548207218,1763548207235,,,,,,,,,,mid,11183,890,342,193,0
s3_short_window,SHORT_WINDOW,14,0.5,400,2,284,ok,,,1,48.988499969709665,120,1,25.37099999999998,11.380999999997584,1763548220040,1763548220057,,,,,,,,,,mid,11826,698,286,252,2
s3_short_window,SHORT_WINDOW,14,0.5,400,2,285,ok,,,1,47.299667028710246,120,1,25.371000000000002,11.640000000003056,1763548233693,1763548233709,,,,,,,,,,mid,9460,686,296,163,0
s3_short_window,SHORT_WINDOW,14,0.5,400,2,286,ok,,,1,52.31254099635407,120,1,26.517000000000003,12.468999999997322,1763548244844,1763548244862,,,,,,,,,,mid,8798,312,239,250,1
s3_short_window,SHORT_WINDOW,14,0.5,400,2,287,ok,,,1,154.52020900556818,120,1,77.88299999999998,65.6449999999968,1763548255805,1763548255838,,,,,,,,,,mid,13337,611,200,253,2
s3_short_window,SHORT_WINDOW,14,0.5,400,2,288,ok,,,1,46.78479197900742,120,1,25.401999999999987,11.578999999997905,1763548271130,1763548271146,,,,,,,,,,mid,10814,855,332,225,1
s3_short_window,SHORT_WINDOW,14,0.5,400,2,289,ok,,,1,45.49466702155769,120,1,23.229999999999997,10.623999999999796,1763548283705,1763548283721,,,,,,,,,,mid,13142,592,345,218,0
s3_short_window,SHORT_WINDOW,14,0.5,400,2,290,ok,,,1,41.826457949355245,120,1,22.519000000000002,10.05199999999968,1763548298550,1763548298563,,,,,,,,,,mid,9586,556,326,153,3
s3_short_window,SHORT_WINDOW,14,0.5,400,2,291,ok,,,2,489.04391698306426,240,2,52.77399999999998,20.983000000000175,1763548310077,1763548310107,,,,,,,,,,mid,9010,264,342,152,2
s3_short_window,SHORT_WINDOW,14,0.5,400,2,292,ok,,,1,48.86020900448784,120,1,24.523000000000003,11.4020000000055,1763548320532,1763548320549,,,,,,,,,,mid,9530,475,229,238,1
s3_short_window,SHORT_WINDOW,14,0.5,400,2,293,ok,,,1,46.72404198208824,120,1,24.882000000000005,11.445999999999913,1763548332409,1763548332424,,,,,,,,,,mid,12079,851,223,196,0
s3_short_window,SHORT_WINDOW,14,0.5,400,2,294,ok,,,1,55.156457994598895,120,1,30.086,11.931000000000495,1763548345824,1763548345843,,,,,,,,,,mid,11492,446,281,230,2
s3_short_window,SHORT_WINDOW,14,0.5,400,2,295,ok,,,1,48.644208000041544,120,1,25.964999999999996,12.557000000000698,1763548359258,1763548359274,,,,,,,,,,mid,12219,551,313,174,2
s3_short_window,SHORT_WINDOW,14,0.5,400,2,296,ok,,,2,492.6399589749053,240,2,51.257999999999996,23.345000000004802,1763548373472,1763548373501,,,,,,,,,,mid,11744,316,310,213,2
s3_short_window,SHORT_WINDOW,14,0.5,400,2,297,ok,,,1,49.090915999840945,120,1,26.423000000000002,12.77900000000227,1763548386817,1763548386833,,,,,,,,,,mid,9097,623,245,240,2
s3_short_window,SHORT_WINDOW,14,0.5,400,2,298,ok,,,1,48.25749999145046,120,1,24.745999999999995,11.252000000000407,1763548397596,1763548397613,,,,,,,,,,mid,11014,698,238,243,0
s3_short_window,SHORT_WINDOW,14,0.5,400,2,299,ok,,,1,49.783167021814734,120,1,25.244,10.8849999999984,1763548410139,1763548410156,,,,,,,,,,mid,10586,568,233,234,0
s3_short_window,SHORT_WINDOW,14,0.5,400,2,300,ok,,,1,47.67120897304267,120,1,26.254999999999995,11.667999999997846,1763548422417,1763548422431,,,,,,,,,,mid,12929,520,317,172,1
s3_short_window,SHORT_WINDOW,14,0.5,300,2,1,ok,,,1,45.33454199554399,120,1,23.966,10.917999999997846,1763548437196,1763548437211,,,,,,,,,,long,18277,592,320,174,5
s3_short_window,SHORT_WINDOW,14,0.5,300,2,2,ok,,,1,47.258208971470594,120,1,25.052999999999997,11.703000000001339,1763548457276,1763548457292,,,,,,,,,,long,16402,653,263,246,5
s3_short_window,SHORT_WINDOW,14,0.5,300,2,3,ok,,,1,54.4278749730438,120,1,33.678999999999995,11.119000000002416,1763548475128,1763548475143,,,,,,,,,,long,21100,334,314,262,2
s3_short_window,SHORT_WINDOW,14,0.5,300,2,4,ok,,,3,671.2706669932231,360,3,44.73599999999999,12.78099999999904,1763548498978,1763548498997,,,,,,,,,,long,17712,712,252,240,4
s3_short_window,SHORT_WINDOW,14,0.5,300,2,5,ok,,,1,48.30074997153133,120,1,24.864999999999995,11.294999999998254,1763548517816,1763548517834,,,,,,,,,,long,18394,764,294,212,0
s3_short_window,SHORT_WINDOW,14,0.5,300,2,6,ok,,,1,50.53299997234717,120,1,25.106999999999985,11.815000000002328,1763548538076,1763548538093,,,,,,,,,,long,18156,846,340,263,1
s3_short_window,SHORT_WINDOW,14,0.5,300,2,7,ok,,,1,45.21470901090652,120,1,23.878000000000007,10.590000000003783,1763548557652,1763548557666,,,,,,,,,,long,19842,451,276,184,4
s3_short_window,SHORT_WINDOW,14,0.5,300,2,8,ok,,,1,50.04208401078358,120,1,24.891000000000005,11.4900000000016,1763548579595,1763548579613,,,,,,,,,,long,19779,636,250,235,3
s3_short_window,SHORT_WINDOW,14,0.5,300,2,9,ok,,,1,49.83725002966821,120,1,25.563000000000002,11.695999999999913,1763548601272,1763548601289,,,,,,,,,,long,17567,885,308,170,3
s3_short_window,SHORT_WINDOW,14,0.5,300,2,10,ok,,,1,44.70308299642056,120,1,24.419999999999995,10.989000000001397,1763548620286,1763548620300,,,,,,,,,,long,18494,596,317,212,4
s3_short_window,SHORT_WINDOW,14,0.5,300,2,11,ok,,,1,51.52583302697167,120,1,26.487999999999992,12.079999999998108,1763548640642,1763548640659,,,,,,,,,,long,16561,687,294,188,2
s3_short_window,SHORT_WINDOW,14,0.5,300,2,12,ok,,,1,46.21508298441768,120,1,25.017999999999986,11.661000000000058,1763548658973,1763548658988,,,,,,,,,,long,13825,708,237,278,0
s3_short_window,SHORT_WINDOW,14,0.5,300,2,13,ok,,,1,47.3037920310162,120,1,24.465999999999994,11.527000000001863,1763548674558,1763548674573,,,,,,,,,,long,18428,701,299,223,1
s3_short_window,SHORT_WINDOW,14,0.5,300,2,14,ok,,,1,51.68324999976903,120,1,29.482,11.67500000000291,1763548694752,1763548694769,,,,,,,,,,long,16649,737,235,249,3
s3_short_window,SHORT_WINDOW,14,0.5,300,2,15,ok,,,1,46.9911249820143,120,1,25.386999999999993,11.666000000001077,1763548713097,1763548713113,,,,,,,,,,long,18921,675,202,178,3
s3_short_window,SHORT_WINDOW,14,0.5,300,2,16,ok,,,1,45.6958330469206,120,1,24.603,11.25199999999677,1763548733703,1763548733718,,,,,,,,,,long,17965,600,272,261,2
s3_short_window,SHORT_WINDOW,14,0.5,300,2,17,ok,,,1,46.846625045873225,120,1,25.814,11.94600000000355,1763548753594,1763548753608,,,,,,,,,,long,14945,690,307,203,2
s3_short_window,SHORT_WINDOW,14,0.5,300,2,18,ok,,,1,47.88791702594608,120,1,26.079000000000008,11.665000000000873,1763548770290,1763548770305,,,,,,,,,,long,16418,713,295,177,4
s3_short_window,SHORT_WINDOW,14,0.5,300,2,19,ok,,,1,44.5322499726899,120,1,23.188999999999993,10.231000000003405,1763548788590,1763548788604,,,,,,,,,,long,16415,859,256,183,0
s3_short_window,SHORT_WINDOW,14,0.5,300,2,20,ok,,,1,47.03062504995614,120,1,25.092000000000006,11.636999999998807,1763548806737,1763548806753,,,,,,,,,,long,14586,794,226,172,2
s3_short_window,SHORT_WINDOW,14,0.5,300,2,21,ok,,,1,49.690166022628546,120,1,24.526000000000003,11.143000000003667,1763548822712,1763548822729,,,,,,,,,,long,18608,481,211,261,1
s3_short_window,SHORT_WINDOW,14,0.5,300,2,22,ok,,,1,45.78824999043718,120,1,24.183999999999997,10.66899999999805,1763548843012,1763548843027,,,,,,,,,,long,19433,387,231,180,1
s3_short_window,SHORT_WINDOW,14,0.5,300,2,23,ok,,,1,45.476124971173704,120,1,22.683999999999997,10.306000000000495,1763548864147,1763548864163,,,,,,,,,,long,19148,386,210,258,1
s3_short_window,SHORT_WINDOW,14,0.5,300,2,24,ok,,,1,48.62433404196054,120,1,25.908,10.166000000001077,1763548885032,1763548885050,,,,,,,,,,long,19782,343,223,248,1
s3_short_window,SHORT_WINDOW,14,0.5,300,2,25,ok,,,1,45.90779199497774,120,1,23.125999999999998,10.477999999999156,1763548906743,1763548906758,,,,,,,,,,long,17999,411,243,267,3
s3_short_window,SHORT_WINDOW,14,0.5,300,2,26,ok,,,1,47.83708299510181,120,1,24.910999999999994,11.562999999998283,1763548926526,1763548926543,,,,,,,,,,long,14270,655,337,232,1
s3_short_window,SHORT_WINDOW,14,0.5,300,2,27,ok,,,1,52.29537602281198,120,1,26.599000000000004,11.869999999998981,1763548942670,1763548942687,,,,,,,,,,long,15895,705,338,212,1
s3_short_window,SHORT_WINDOW,14,0.5,300,2,28,ok,,,3,686.0789589700289,360,3,55.349,14.580000000001746,1763548960869,1763548960887,,,,,,,,,,long,16656,575,242,270,2
s3_short_window,SHORT_WINDOW,14,0.5,300,2,29,ok,,,1,46.99875001097098,120,1,25.03,11.497000000003027,1763548978828,1763548978844,,,,,,,,,,long,19055,727,244,216,2
s3_short_window,SHORT_WINDOW,14,0.5,300,2,30,ok,,,1,45.41312501532957,120,1,27.094999999999985,10.129000000000815,1763548999291,1763548999307,,,,,,,,,,long,19929,411,227,278,5
s3_short_window,SHORT_WINDOW,14,0.5,300,2,31,ok,,,2,387.5290839932859,240,2,53.212999999999994,20.527000000001863,1763549020946,1763549020978,,,,,,,,,,long,17962,261,308,162,1
s3_short_window,SHORT_WINDOW,14,0.5,300,2,32,ok,,,1,42.78691695071757,120,1,23.753999999999998,10.949000000000524,1763549040583,1763549040596,,,,,,,,,,long,17097,499,289,253,2
s3_short_window,SHORT_WINDOW,14,0.5,300,2,33,ok,,,1,49.7414999990724,120,1,25.606999999999992,11.068999999999505,1763549059122,1763549059140,,,,,,,,,,long,19417,285,226,222,7
s3_short_window,SHORT_WINDOW,14,0.5,300,2,34,ok,,,2,387.1422080555931,240,2,53.193000000000005,20.419999999998254,1763549080760,1763549080790,,,,,,,,,,long,17414,356,331,261,1
s3_short_window,SHORT_WINDOW,14,0.5,300,2,35,ok,,,1,61.43845897167921,120,1,32.32499999999999,14.21600000000035,1763549100027,1763549100048,,,,,,,,,,long,14509,679,337,236,4
s3_short_window,SHORT_WINDOW,14,0.5,300,2,36,ok,,,1,75.74345800094306,120,1,47.73299999999998,11.8479999999945,1763549116040,1763549116057,,,,,,,,,,long,13950,429,335,244,4
s3_short_window,SHORT_WINDOW,14,0.5,300,2,37,ok,,,1,48.03512501530349,120,1,26.962000000000003,10.682000000000698,1763549131795,1763549131811,,,,,,,,,,long,19789,457,275,250,2
s3_short_window,SHORT_WINDOW,14,0.5,300,2,38,ok,,,1,49.397333001252264,120,1,25.02299999999999,11.648999999997613,1763549153808,1763549153825,,,,,,,,,,long,20854,808,291,245,3
s3_short_window,SHORT_WINDOW,14,0.5,300,2,39,ok,,,1,49.483667011372745,120,1,26.583,10.106999999996333,1763549176096,1763549176116,,,,,,,,,,long,20848,545,267,266,5
s3_short_window,SHORT_WINDOW,14,0.5,300,2,40,ok,,,1,46.09487496782094,120,1,22.664999999999996,10.237999999997555,1763549198744,1763549198760,,,,,,,,,,long,16765,609,350,234,2
s3_short_window,SHORT_WINDOW,14,0.5,300,2,41,ok,,,1,49.78187498636544,120,1,24.839000000000006,11.39799999999741,1763549217615,1763549217632,,,,,,,,,,long,15866,886,310,185,2
s3_short_window,SHORT_WINDOW,14,0.5,300,2,42,ok,,,1,49.805540998931974,120,1,25.833000000000013,11.15899999999965,1763549234759,1763549234776,,,,,,,,,,long,18637,416,346,199,6
s3_short_window,SHORT_WINDOW,14,0.5,300,2,43,ok,,,1,52.11916699772701,120,1,25.73299999999999,11.992000000002008,1763549255363,1763549255381,,,,,,,,,,long,20193,653,212,266,3
s3_short_window,SHORT_WINDOW,14,0.5,300,2,44,ok,,,1,42.865041992627084,120,1,22.903999999999996,10.312000000005355,1763549277104,1763549277117,,,,,,,,,,long,15050,447,282,280,1
s3_short_window,SHORT_WINDOW,14,0.5,300,2,45,ok,,,1,46.63733299821615,120,1,23.711,10.631000000001222,1763549293916,1763549293933,,,,,,,,,,long,15202,472,237,179,3
s3_short_window,SHORT_WINDOW,14,0.5,300,2,46,ok,,,1,50.598417001310736,120,1,25.16599999999999,12.510000000002037,1763549310831,1763549310848,,,,,,,,,,long,18738,408,320,242,0
s3_short_window,SHORT_WINDOW,14,0.5,300,2,47,ok,,,1,46.84162500780076,120,1,24.829,11.25499999999738,1763549331775,1763549331791,,,,,,,,,,long,15350,811,329,169,4
s3_short_window,SHORT_WINDOW,14,0.5,300,2,48,ok,,,1,47.270458948332816,120,1,23.680999999999997,10.989999999997963,1763549348815,1763549348833,,,,,,,,,,long,14789,797,343,221,1
s3_short_window,SHORT_WINDOW,14,0.5,300,2,49,ok,,,1,46.06945801060647,120,1,24.352999999999994,11.132999999997992,1763549365225,1763549365241,,,,,,,,,,long,14642,637,339,154,3
s3_short_window,SHORT_WINDOW,14,0.5,300,2,50,ok,,,1,46.338540967553854,120,1,24.851,11.657999999999447,1763549381726,1763549381742,,,,,,,,,,long,16698,843,318,200,0
s3_short_window,SHORT_WINDOW,14,0.5,300,2,51,ok,,,1,47.42420796537772,120,1,25.005999999999993,11.332000000002154,1763549400064,1763549400079,,,,,,,,,,long,18469,665,223,277,1
s3_short_window,SHORT_WINDOW,14,0.5,300,2,52,ok,,,1,48.012875020504,120,1,25.514999999999986,11.612999999997555,1763549420485,1763549420502,,,,,,,,,,long,19321,838,242,245,1
s3_short_window,SHORT_WINDOW,14,0.5,300,2,53,ok,,,1,75.56279201526195,120,1,50.578999999999986,14.296999999998661,1763549441044,1763549441071,,,,,,,,,,long,17419,378,281,241,4
s3_short_window,SHORT_WINDOW,14,0.5,300,2,54,ok,,,1,48.29250002512708,120,1,26.314,10.040000000000873,1763549460110,1763549460127,,,,,,,,,,long,15826,322,236,161,1
s3_short_window,SHORT_WINDOW,14,0.5,300,2,55,ok,,,1,47.55804198794067,120,1,23.438999999999993,11.7029999999977,1763549477790,1763549477807,,,,,,,,,,long,19683,375,225,201,3
s3_short_window,SHORT_WINDOW,14,0.5,300,2,56,ok,,,1,48.4537499723956,120,1,24.369,11.119999999998981,1763549499662,1763549499680,,,,,,,,,,long,17598,720,216,220,4
s3_short_window,SHORT_WINDOW,14,0.5,300,2,57,ok,,,1,49.78691600263119,120,1,25.554999999999986,11.961999999999534,1763549519134,1763549519152,,,,,,,,,,long,19428,893,220,155,1
s3_short_window,SHORT_WINDOW,14,0.5,300,2,58,ok,,,1,44.33816595701501,120,1,23.374999999999993,10.71900000000096,1763549539886,1763549539900,,,,,,,,,,long,18662,519,327,206,2
s3_short_window,SHORT_WINDOW,14,0.5,300,2,59,ok,,,1,47.653291025198996,120,1,24.561,12.437999999998283,1763549560088,1763549560105,,,,,,,,,,long,21695,324,210,185,1
s3_short_window,SHORT_WINDOW,14,0.5,300,2,60,ok,,,1,51.84416600968689,120,1,25.95899999999999,11.839999999996508,1763549583869,1763549583888,,,,,,,,,,long,14322,547,228,265,0
s3_short_window,SHORT_WINDOW,14,0.5,300,2,61,ok,,,1,46.72099999152124,120,1,24.79,11.151999999998225,1763549600086,1763549600103,,,,,,,,,,long,18790,698,241,200,5
s3_short_window,SHORT_WINDOW,14,0.5,300,2,62,ok,,,1,51.610417023766786,120,1,25.388000000000012,11.812999999998283,1763549620653,1763549620671,,,,,,,,,,long,18734,808,215,202,4
s3_short_window,SHORT_WINDOW,14,0.5,300,2,63,ok,,,1,47.44933301117271,120,1,24.322000000000003,10.780000000002474,1763549640916,1763549640931,,,,,,,,,,long,21743,569,295,174,3
s3_short_window,SHORT_WINDOW,14,0.5,300,2,64,ok,,,1,44.914959056768566,120,1,25.357,10.999000000003434,1763549664025,1763549664039,,,,,,,,,,long,21023,282,296,279,4
s3_short_window,SHORT_WINDOW,14,0.5,300,2,65,ok,,,1,52.35025001456961,120,1,26.037999999999982,13.223999999994703,1763549686899,1763549686915,,,,,,,,,,long,17514,359,345,248,3
s3_short_window,SHORT_WINDOW,14,0.5,300,2,66,ok,,,2,365.1615419657901,240,2,38.219999999999985,13.781000000002678,1763549706396,1763549706414,,,,,,,,,,long,21444,258,344,233,4
s3_short_window,SHORT_WINDOW,14,0.5,300,2,67,ok,,,1,52.70041699986905,120,1,25.29400000000001,11.640999999999622,1763549729637,1763549729657,,,,,,,,,,long,18627,741,244,238,4
s3_short_window,SHORT_WINDOW,14,0.5,300,2,68,ok,,,1,42.41683299187571,120,1,22.813999999999997,10.259000000001834,1763549749665,1763549749678,,,,,,,,,,long,16593,517,285,279,2
s3_short_window,SHORT_WINDOW,14,0.5,300,2,69,ok,,,1,47.56429104600102,120,1,24.947999999999986,11.66700000000128,1763549768391,1763549768406,,,,,,,,,,long,18862,801,309,253,1
s3_short_window,SHORT_WINDOW,14,0.5,300,2,70,ok,,,1,46.50720802601427,120,1,25.126000000000005,11.385000000002037,1763549789031,1763549789045,,,,,,,,,,long,20229,848,286,183,6
s3_short_window,SHORT_WINDOW,14,0.5,300,2,71,ok,,,1,46.656457998324186,120,1,25.177000000000007,11.566999999999098,1763549810754,1763549810770,,,,,,,,,,long,16022,687,204,260,5
s3_short_window,SHORT_WINDOW,14,0.5,300,2,72,ok,,,3,685.3658750187606,360,3,56.368000000000016,12.314000000002125,1763549829117,1763549829133,,,,,,,,,,long,15879,623,209,179,3
s3_short_window,SHORT_WINDOW,14,0.5,300,2,73,ok,,,1,47.731083002872765,120,1,25.092,10.655000000002474,1763549846022,1763549846039,,,,,,,,,,long,16345,477,289,234,0
s3_short_window,SHORT_WINDOW,14,0.5,300,2,74,ok,,,1,50.046624965034425,120,1,25.824000000000005,11.891999999996187,1763549864435,1763549864452,,,,,,,,,,long,16054,756,269,278,2
s3_short_window,SHORT_WINDOW,14,0.5,300,2,75,ok,,,1,47.92258300585672,120,1,25.879000000000005,11.842000000004191,1763549882249,1763549882266,,,,,,,,,,long,14069,687,232,205,0
s3_short_window,SHORT_WINDOW,14,0.5,300,2,76,ok,,,1,50.38745800266042,120,1,25.38300000000001,11.892999999996391,1763549898292,1763549898311,,,,,,,,,,long,16678,867,224,165,0
s3_short_window,SHORT_WINDOW,14,0.5,300,2,77,ok,,,1,48.65587496897206,120,1,22.444000000000003,10.100999999998749,1763549916446,1763549916465,,,,,,,,,,long,19038,494,267,263,3
s3_short_window,SHORT_WINDOW,14,0.5,300,2,78,ok,,,1,50.9563329978846,120,1,25.423000000000002,10.914999999997235,1763549937102,1763549937121,,,,,,,,,,long,14892,346,297,191,1
s3_short_window,SHORT_WINDOW,14,0.5,300,2,79,ok,,,1,50.883457995951176,120,1,24.899,11.490999999998166,1763549954172,1763549954190,,,,,,,,,,long,16449,718,313,201,1
s3_short_window,SHORT_WINDOW,14,0.5,300,2,80,ok,,,1,54.17858297005296,120,1,25.21,11.467999999997119,1763549972219,1763549972239,,,,,,,,,,long,15917,546,253,171,6
s3_short_window,SHORT_WINDOW,14,0.5,300,2,81,ok,,,1,45.2419170178473,120,1,25.490000000000002,10.579000000001543,1763549989754,1763549989768,,,,,,,,,,long,18886,448,339,269,2
s3_short_window,SHORT_WINDOW,14,0.5,300,2,82,ok,,,1,47.55729204043746,120,1,23.58999999999999,11.614000000001397,1763550010233,1763550010247,,,,,,,,,,long,18158,326,205,266,6
s3_short_window,SHORT_WINDOW,14,0.5,300,2,83,ok,,,1,48.730958020314574,120,1,24.72099999999999,11.626000000000204,1763550030548,1763550030566,,,,,,,,,,long,13844,844,273,232,6
s3_short_window,SHORT_WINDOW,14,0.5,300,2,84,ok,,,1,45.87933298898861,120,1,23.912,10.946999999996478,1763550045634,1763550045650,,,,,,,,,,long,19741,306,225,186,5
s3_short_window,SHORT_WINDOW,14,0.5,300,2,85,ok,,,1,48.69604099076241,120,1,25.301999999999992,11.690999999998894,1763550067560,1763550067577,,,,,,,,,,long,19753,669,296,266,1
s3_short_window,SHORT_WINDOW,14,0.5,300,2,86,ok,,,1,50.59408396482468,120,1,24.641,11.106000000003405,1763550088905,1763550088923,,,,,,,,,,long,15052,613,336,157,1
s3_short_window,SHORT_WINDOW,14,0.5,300,2,87,ok,,,1,49.301582970656455,120,1,25.285000000000004,11.72099999999773,1763550105961,1763550105979,,,,,,,,,,long,21258,791,305,193,5
s3_short_window,SHORT_WINDOW,14,0.5,300,2,88,ok,,,1,50.42412498733029,120,1,27.57699999999999,11.507000000001426,1763550128382,1763550128398,,,,,,,,,,long,14084,394,327,234,2
s3_short_window,SHORT_WINDOW,14,0.5,300,2,89,ok,,,1,45.06766697159037,120,1,23.325000000000003,10.602999999999156,1763550144326,1763550144342,,,,,,,,,,long,20246,459,278,166,4
s3_short_window,SHORT_WINDOW,14,0.5,300,2,90,ok,,,2,354.3949169688858,240,2,33.35399999999999,11.015999999995984,1763550166547,1763550166561,,,,,,,,,,long,16620,333,204,219,9
s3_short_window,SHORT_WINDOW,14,0.5,300,2,91,ok,,,1,48.162708000745624,120,1,23.29699999999999,10.546999999998661,1763550184916,1763550184932,,,,,,,,,,long,17769,527,294,251,0
s3_short_window,SHORT_WINDOW,14,0.5,300,2,92,ok,,,1,49.35858299722895,120,1,24.637,11.50300000000425,1763550204670,1763550204687,,,,,,,,,,long,17115,643,345,219,3
s3_short_window,SHORT_WINDOW,14,0.5,300,2,93,ok,,,1,48.72924997471273,120,1,24.257999999999996,10.816999999999098,1763550223431,1763550223448,,,,,,,,,,long,18977,533,265,255,7
s3_short_window,SHORT_WINDOW,14,0.5,300,2,94,ok,,,1,50.565749988891184,120,1,25.561999999999998,11.913000000000466,1763550244390,1763550244410,,,,,,,,,,long,16436,711,234,195,3
s3_short_window,SHORT_WINDOW,14,0.5,300,2,95,ok,,,1,49.777917040046304,120,1,25.137,12.677999999996246,1763550262154,1763550262171,,,,,,,,,,long,16772,273,203,170,1
s3_short_window,SHORT_WINDOW,14,0.5,300,2,96,ok,,,1,45.468540978617966,120,1,25.22,10.845000000001164,1763550280896,1763550280911,,,,,,,,,,long,20548,438,311,256,2
s3_short_window,SHORT_WINDOW,14,0.5,300,2,97,ok,,,1,47.465667012147605,120,1,23.630999999999993,10.784999999999854,1763550303187,1763550303203,,,,,,,,,,long,15102,411,200,198,1
s3_short_window,SHORT_WINDOW,14,0.5,300,2,98,ok,,,1,50.32754200510681,120,1,26.440000000000005,11.363000000001193,1763550320007,1763550320023,,,,,,,,,,long,15672,315,240,242,3
s3_short_window,SHORT_WINDOW,14,0.5,300,2,99,ok,,,1,50.2484580501914,120,1,25.540000000000006,11.797999999998865,1763550338058,1763550338076,,,,,,,,,,long,16672,835,229,222,0
s3_short_window,SHORT_WINDOW,14,0.5,300,2,100,ok,,,1,49.623416969552636,120,1,25.668999999999997,11.77100000000064,1763550356343,1763550356361,,,,,,,,,,long,17043,677,312,178,0
s3_short_window,SHORT_WINDOW,14,0.5,300,2,101,ok,,,1,45.49416701775044,120,1,25.855000000000004,11.100999999998749,1763550375421,1763550375437,,,,,,,,,,long,17251,784,229,207,2
s3_short_window,SHORT_WINDOW,14,0.5,300,2,102,ok,,,1,51.00762500660494,120,1,25.211999999999996,11.708999999998923,1763550394540,1763550394560,,,,,,,,,,long,20016,808,210,163,0
s3_short_window,SHORT_WINDOW,14,0.5,300,2,103,ok,,,1,49.056583957280964,120,1,27.577000000000005,10.799000000002707,1763550415792,1763550415807,,,,,,,,,,long,15492,259,225,265,5
s3_short_window,SHORT_WINDOW,14,0.5,300,2,104,ok,,,1,48.73754200525582,120,1,25.095000000000006,11.30699999999706,1763550433481,1763550433497,,,,,,,,,,long,19797,637,242,190,1
s3_short_window,SHORT_WINDOW,14,0.5,300,2,105,ok,,,1,51.335625001229346,120,1,25.520000000000003,11.864000000001397,1763550455186,1763550455205,,,,,,,,,,long,18286,850,210,187,3
s3_short_window,SHORT_WINDOW,14,0.5,300,2,106,ok,,,1,45.83875002572313,120,1,24.442999999999998,10.790000000000873,1763550474497,1763550474511,,,,,,,,,,long,20943,317,256,217,4
s3_short_window,SHORT_WINDOW,14,0.5,300,2,107,ok,,,1,44.81387505074963,120,1,23.462000000000003,10.55399999999645,1763550497112,1763550497128,,,,,,,,,,long,20851,405,216,170,4
s3_short_window,SHORT_WINDOW,14,0.5,300,2,108,ok,,,1,43.124582967720926,120,1,23.535999999999994,10.674999999995634,1763550520006,1763550520020,,,,,,,,,,long,14481,592,317,231,2
s3_short_window,SHORT_WINDOW,14,0.5,300,2,109,ok,,,1,50.210957997478545,120,1,26.189,12.165000000004511,1763550536303,1763550536320,,,,,,,,,,long,18485,581,205,244,3
s3_short_window,SHORT_WINDOW,14,0.5,300,2,110,ok,,,1,42.88945801090449,120,1,23.677,10.350999999998749,1763550556786,1763550556799,,,,,,,,,,long,17335,830,335,218,2
s3_short_window,SHORT_WINDOW,14,0.5,300,2,111,ok,,,1,46.951876021921635,120,1,23.962000000000003,11.028999999998632,1763550575469,1763550575484,,,,,,,,,,long,20474,519,335,219,1
s3_short_window,SHORT_WINDOW,14,0.5,300,2,112,ok,,,1,51.735500048380345,120,1,27.187000000000005,12.819999999996071,1763550597627,1763550597646,,,,,,,,,,long,21030,522,219,268,6
s3_short_window,SHORT_WINDOW,14,0.5,300,2,113,ok,,,1,47.42195800645277,120,1,25.074000000000005,10.68800000000192,1763550620034,1763550620049,,,,,,,,,,long,19536,317,217,265,4
s3_short_window,SHORT_WINDOW,14,0.5,300,2,114,ok,,,1,44.63112499797717,120,1,24.16600000000001,11.039999999997235,1763550641638,1763550641652,,,,,,,,,,long,14510,615,329,214,0
s3_short_window,SHORT_WINDOW,14,0.5,300,2,115,ok,,,1,48.29816601704806,120,1,25.424,11.60399999999936,1763550658147,1763550658163,,,,,,,,,,long,16053,836,245,214,2
s3_short_window,SHORT_WINDOW,14,0.5,300,2,116,ok,,,1,45.51337502198294,120,1,25.014999999999993,11.45600000000195,1763550675725,1763550675740,,,,,,,,,,long,16900,612,276,185,3
s3_short_window,SHORT_WINDOW,14,0.5,300,2,117,ok,,,1,48.24049997841939,120,1,25.202999999999996,10.512000000002445,1763550694049,1763550694066,,,,,,,,,,long,16319,301,215,167,1
s3_short_window,SHORT_WINDOW,14,0.5,300,2,118,ok,,,1,43.41550002573058,120,1,22.949000000000005,10.746999999999389,1763550712327,1763550712341,,,,,,,,,,long,14763,539,342,257,0
s3_short_window,SHORT_WINDOW,14,0.5,300,2,119,ok,,,1,46.36033397400752,120,1,24.738,11.37000000000262,1763550729221,1763550729236,,,,,,,,,,long,21561,817,254,250,3
s3_short_window,SHORT_WINDOW,14,0.5,300,2,120,ok,,,1,47.580666025169194,120,1,24.933,11.37999999999738,1763550752229,1763550752245,,,,,,,,,,long,20827,558,207,150,2
s3_short_window,SHORT_WINDOW,14,0.5,300,2,121,ok,,,1,46.87170800752938,120,1,23.625,10.510000000002037,1763550774798,1763550774815,,,,,,,,,,long,18942,569,324,246,3
s3_short_window,SHORT_WINDOW,14,0.5,300,2,122,ok,,,1,46.83766601374373,120,1,25.143,11.537000000000262,1763550795698,1763550795714,,,,,,,,,,long,15417,692,270,161,2
s3_short_window,SHORT_WINDOW,14,0.5,300,2,123,ok,,,1,43.934166023973376,120,1,23.003,10.452000000001135,1763550812569,1763550812584,,,,,,,,,,long,18834,538,337,262,2
s3_short_window,SHORT_WINDOW,14,0.5,300,2,124,ok,,,1,44.70737499650568,120,1,23.43699999999999,10.623999999999796,1763550833203,1763550833219,,,,,,,,,,long,15660,462,296,186,2
s3_short_window,SHORT_WINDOW,14,0.5,300,2,125,ok,,,1,49.72108401125297,120,1,24.319999999999993,10.904999999998836,1763550850547,1763550850565,,,,,,,,,,long,14895,519,260,193,4
s3_short_window,SHORT_WINDOW,14,0.5,300,2,126,ok,,,1,50.397083978168666,120,1,26.066000000000003,11.437000000001717,1763550867161,1763550867178,,,,,,,,,,long,20630,393,336,197,4
s3_short_window,SHORT_WINDOW,14,0.5,300,2,127,ok,,,1,51.44083296181634,120,1,26.445999999999998,11.195000000003347,1763550889506,1763550889522,,,,,,,,,,long,19319,325,316,170,3
s3_short_window,SHORT_WINDOW,14,0.5,300,2,128,ok,,,1,53.89424995519221,120,1,25.57199999999999,11.807000000000698,1763550910877,1763550910896,,,,,,,,,,long,21721,608,256,191,1
s3_short_window,SHORT_WINDOW,14,0.5,300,2,129,ok,,,1,49.32091594673693,120,1,25.866999999999997,11.505999999997584,1763550934126,1763550934144,,,,,,,,,,long,20614,310,258,153,2
s3_short_window,SHORT_WINDOW,14,0.5,300,2,130,ok,,,1,45.46225001104176,120,1,23.028999999999982,10.4529999999977,1763550956585,1763550956601,,,,,,,,,,long,20474,397,217,182,2
s3_short_window,SHORT_WINDOW,14,0.5,300,2,131,ok,,,1,42.02083399286494,120,1,23.211,9.998999999999796,1763550979428,1763550979442,,,,,,,,,,long,17188,765,231,249,4
s3_short_window,SHORT_WINDOW,14,0.5,300,2,132,ok,,,1,50.39470799965784,120,1,27.20600000000001,10.796000000002095,1763550997799,1763550997816,,,,,,,,,,long,15331,258,229,239,1
s3_short_window,SHORT_WINDOW,14,0.5,300,2,133,ok,,,1,49.94879104197025,120,1,26.05700000000001,11.600999999998749,1763551014976,1763551014992,,,,,,,,,,long,20215,323,251,280,3
s3_short_window,SHORT_WINDOW,14,0.5,300,2,134,ok,,,1,44.43945799721405,120,1,23.186999999999998,10.587999999999738,1763551036999,1763551037013,,,,,,,,,,long,14646,453,240,162,3
s3_short_window,SHORT_WINDOW,14,0.5,300,2,135,ok,,,1,44.965999957639724,120,1,23.235999999999997,10.565000000002328,1763551053500,1763551053516,,,,,,,,,,long,21526,508,260,266,4
s3_short_window,SHORT_WINDOW,14,0.5,300,2,136,ok,,,1,48.39583300054073,120,1,24.307000000000002,11.408000000003085,1763551077062,1763551077079,,,,,,,,,,long,19075,684,266,196,1
s3_short_window,SHORT_WINDOW,14,0.5,300,2,137,ok,,,1,43.676082976162434,120,1,23.54,10.879000000000815,1763551097802,1763551097816,,,,,,,,,,long,16407,585,304,235,4
s3_short_window,SHORT_WINDOW,14,0.5,300,2,138,ok,,,1,47.18370799673721,120,1,23.933,11.458000000002357,1763551115991,1763551116007,,,,,,,,,,long,20658,564,301,240,4
s3_short_window,SHORT_WINDOW,14,0.5,300,2,139,ok,,,1,50.17208296339959,120,1,26.424000000000007,11.92699999999968,1763551138829,1763551138846,,,,,,,,,,long,16567,871,203,203,2
s3_short_window,SHORT_WINDOW,14,0.5,300,2,140,ok,,,1,49.70170801971108,120,1,24.438000000000002,10.97899999999936,1763551157064,1763551157082,,,,,,,,,,long,16259,849,335,222,3
s3_short_window,SHORT_WINDOW,14,0.5,300,2,141,ok,,,1,50.564541947096586,120,1,25.263999999999996,12.066000000002532,1763551174863,1763551174882,,,,,,,,,,long,16063,683,227,256,1
s3_short_window,SHORT_WINDOW,14,0.5,300,2,142,ok,,,1,51.36579094687477,120,1,25.58599999999999,11.79500000000553,1763551192664,1763551192682,,,,,,,,,,long,19057,874,215,238,0
s3_short_window,SHORT_WINDOW,14,0.5,300,2,143,ok,,,1,47.42045799503103,120,1,25.292,11.593000000000757,1763551213304,1763551213319,,,,,,,,,,long,17246,581,207,152,3
s3_short_window,SHORT_WINDOW,14,0.5,300,2,144,ok,,,1,79.06616700347513,120,1,23.786,42.905000000002474,1763551232140,1763551232156,,,,,,,,,,long,19844,477,224,157,3
s3_short_window,SHORT_WINDOW,14,0.5,300,2,145,ok,,,1,46.83095798827708,120,1,24.300999999999995,11.014999999999418,1763551253655,1763551253670,,,,,,,,,,long,21511,558,271,208,4
s3_short_window,SHORT_WINDOW,14,0.5,300,2,146,ok,,,1,73.42599995899945,120,1,46.85,11.253000000000611,1763551276838,1763551276854,,,,,,,,,,long,18977,556,301,235,5
s3_short_window,SHORT_WINDOW,14,0.5,300,2,147,ok,,,1,51.88791605178267,120,1,25.867999999999995,11.815999999998894,1763551297665,1763551297685,,,,,,,,,,long,14273,745,336,262,0
s3_short_window,SHORT_WINDOW,14,0.5,300,2,148,ok,,,1,45.582042017485946,120,1,25.067999999999998,11.366000000001804,1763551313717,1763551313733,,,,,,,,,,long,15662,768,334,262,0
s3_short_window,SHORT_WINDOW,14,0.5,300,2,149,ok,,,1,49.431291001383215,120,1,25.395999999999994,11.778000000002066,1763551331160,1763551331178,,,,,,,,,,long,17724,778,229,246,3
s3_short_window,SHORT_WINDOW,14,0.5,300,2,150,ok,,,1,52.62575001688674,120,1,25.62900000000002,11.78900000000067,1763551350596,1763551350615,,,,,,,,,,long,17853,793,310,153,4
s3_short_window,SHORT_WINDOW,14,0.5,300,2,151,ok,,,3,679.8928339849226,360,3,52.769000000000005,11.427999999996246,1763551370519,1763551370538,,,,,,,,,,long,20554,499,210,173,5
s3_short_window,SHORT_WINDOW,14,0.5,300,2,152,ok,,,3,681.0248750261962,360,3,59.25800000000001,11.306000000000495,1763551392951,1763551392966,,,,,,,,,,long,19691,619,271,159,3
s3_short_window,SHORT_WINDOW,14,0.5,300,2,153,ok,,,1,50.999166967812926,120,1,26.089,11.079999999998108,1763551413482,1763551413499,,,,,,,,,,long,16723,306,302,262,3
s3_short_window,SHORT_WINDOW,14,0.5,300,2,154,ok,,,1,49.265915993601084,120,1,23.834000000000003,10.5370000000039,1763551432006,1763551432026,,,,,,,,,,long,19520,380,220,166,4
s3_short_window,SHORT_WINDOW,14,0.5,300,2,155,ok,,,1,49.81304198736325,120,1,25.046000000000006,11.735000000000582,1763551453335,1763551453351,,,,,,,,,,long,18725,631,304,190,3
s3_short_window,SHORT_WINDOW,14,0.5,300,2,156,ok,,,1,52.88566701347008,120,1,25.075000000000003,11.526000000001659,1763551473781,1763551473800,,,,,,,,,,long,21683,636,349,223,2
s3_short_window,SHORT_WINDOW,14,0.5,300,2,157,ok,,,1,48.81137498887256,120,1,24.378,11.844000000004598,1763551496988,1763551497004,,,,,,,,,,long,20534,387,291,174,2
s3_short_window,SHORT_WINDOW,14,0.5,300,2,158,ok,,,3,685.2755830041133,360,3,54.68999999999999,13.295999999998457,1763551520322,1763551520341,,,,,,,,,,long,17656,724,308,166,3
s3_short_window,SHORT_WINDOW,14,0.5,300,2,159,ok,,,1,50.96912500448525,120,1,25.232,12.052999999999884,1763551539296,1763551539315,,,,,,,,,,long,18927,745,281,177,2
s3_short_window,SHORT_WINDOW,14,0.5,300,2,160,ok,,,1,44.9745420482941,120,1,23.721999999999994,11.005999999997584,1763551559723,1763551559737,,,,,,,,,,long,14132,512,309,183,2
s3_short_window,SHORT_WINDOW,14,0.5,300,2,161,ok,,,1,48.73508302262053,120,1,25.510999999999996,11.574000000000524,1763551575887,1763551575904,,,,,,,,,,long,15261,763,238,257,5
s3_short_window,SHORT_WINDOW,14,0.5,300,2,162,ok,,,1,49.673166999127716,120,1,24.961999999999996,11.2970000000023,1763551592602,1763551592620,,,,,,,,,,long,19473,463,206,196,3
s3_short_window,SHORT_WINDOW,14,0.5,300,2,163,ok,,,1,48.96933399140835,120,1,26.40700000000001,12.557999999997264,1763551614207,1763551614223,,,,,,,,,,long,20729,776,204,223,3
s3_short_window,SHORT_WINDOW,14,0.5,300,2,164,ok,,,1,49.6765419957228,120,1,26.337000000000003,13.776999999998225,1763551636790,1763551636806,,,,,,,,,,long,15633,857,231,150,4
s3_short_window,SHORT_WINDOW,14,0.5,300,2,165,ok,,,1,50.68699998082593,120,1,25.96099999999999,11.856000000003405,1763551654109,1763551654127,,,,,,,,,,long,14154,786,309,233,2
s3_short_window,SHORT_WINDOW,14,0.5,300,2,166,ok,,,1,47.73987497901544,120,1,25.562999999999995,11.74199999999837,1763551670063,1763551670079,,,,,,,,,,long,16839,825,241,192,1
s3_short_window,SHORT_WINDOW,14,0.5,300,2,167,ok,,,1,50.99862499628216,120,1,25.874999999999993,11.80699999999706,1763551688332,1763551688349,,,,,,,,,,long,18532,548,202,165,4
s3_short_window,SHORT_WINDOW,14,0.5,300,2,168,ok,,,1,47.24220896605402,120,1,25.434000000000005,11.587000000003172,1763551708688,1763551708703,,,,,,,,,,long,20538,617,329,249,3
s3_short_window,SHORT_WINDOW,14,0.5,300,2,169,ok,,,1,49.6413329965435,120,1,25.778999999999996,11.631999999997788,1763551731035,1763551731052,,,,,,,,,,long,16358,618,269,277,1
s3_short_window,SHORT_WINDOW,14,0.5,300,2,170,ok,,,1,52.551499975379556,120,1,26.074000000000005,12.357999999996537,1763551749298,1763551749317,,,,,,,,,,long,16915,694,274,205,2
s3_short_window,SHORT_WINDOW,14,0.5,300,2,171,ok,,,1,48.230334010440856,120,1,24.988999999999997,11.717999999997119,1763551767484,1763551767500,,,,,,,,,,long,18577,278,236,194,2
s3_short_window,SHORT_WINDOW,14,0.5,300,2,172,ok,,,1,46.87191697303206,120,1,23.686999999999998,10.788000000000466,1763551788090,1763551788107,,,,,,,,,,long,15945,481,293,244,1
s3_short_window,SHORT_WINDOW,14,0.5,300,2,173,ok,,,1,47.52166697289795,120,1,25.202999999999996,11.111000000000786,1763551805752,1763551805768,,,,,,,,,,long,14856,411,203,208,3
s3_short_window,SHORT_WINDOW,14,0.5,300,2,174,ok,,,3,691.7051259661093,360,3,58.35,15.75499999999738,1763551823443,1763551823463,,,,,,,,,,long,19444,897,308,194,3
s3_short_window,SHORT_WINDOW,14,0.5,300,2,175,ok,,,1,49.021209008060396,120,1,26.552000000000007,11.994999999998981,1763551843687,1763551843704,,,,,,,,,,long,14304,604,232,199,1
s3_short_window,SHORT_WINDOW,14,0.5,300,2,176,ok,,,1,45.82133301300928,120,1,24.263999999999996,11.373999999996158,1763551859577,1763551859591,,,,,,,,,,long,14094,546,266,266,0
s3_short_window,SHORT_WINDOW,14,0.5,300,2,177,ok,,,1,47.734666033647954,120,1,24.222,11.09100000000035,1763551875402,1763551875418,,,,,,,,,,long,18456,475,248,223,1
s3_short_window,SHORT_WINDOW,14,0.5,300,2,178,ok,,,1,51.08087504049763,120,1,25.428000000000004,11.60399999999936,1763551896010,1763551896027,,,,,,,,,,long,17151,836,258,182,4
s3_short_window,SHORT_WINDOW,14,0.5,300,2,179,ok,,,1,49.318041012156755,120,1,25.677000000000007,11.944999999999709,1763551914675,1763551914692,,,,,,,,,,long,15151,772,212,229,2
s3_short_window,SHORT_WINDOW,14,0.5,300,2,180,ok,,,1,50.56762497406453,120,1,26.013000000000005,11.76499999999578,1763551931453,1763551931470,,,,,,,,,,long,15030,705,228,197,3
s3_short_window,SHORT_WINDOW,14,0.5,300,2,181,ok,,,3,682.3163750232197,360,3,57.289,11.657999999995809,1763551949032,1763551949049,,,,,,,,,,long,19056,894,294,245,2
s3_short_window,SHORT_WINDOW,14,0.5,300,2,182,ok,,,1,44.959207996726036,120,1,23.973999999999997,11.157000000002881,1763551968745,1763551968760,,,,,,,,,,long,19541,423,338,150,3
s3_short_window,SHORT_WINDOW,14,0.5,300,2,183,ok,,,1,50.84979202365503,120,1,26.59700000000001,12.272000000000844,1763551990481,1763551990499,,,,,,,,,,long,14952,809,267,223,3
s3_short_window,SHORT_WINDOW,14,0.5,300,2,184,ok,,,1,49.20783301349729,120,1,25.090000000000003,11.031999999999243,1763552006661,1763552006678,,,,,,,,,,long,13874,435,260,207,2
s3_short_window,SHORT_WINDOW,14,0.5,300,2,185,ok,,,1,49.506666022352874,120,1,25.66400000000001,11.938999999998487,1763552022764,1763552022781,,,,,,,,,,long,20799,886,343,231,8
s3_short_window,SHORT_WINDOW,14,0.5,300,2,186,ok,,,1,50.723499967716634,120,1,25.695999999999998,11.574000000000524,1763552045319,1763552045338,,,,,,,,,,long,20631,859,292,278,4
s3_short_window,SHORT_WINDOW,14,0.5,300,2,187,ok,,,1,43.88729197671637,120,1,23.348,10.601999999998952,1763552067288,1763552067302,,,,,,,,,,long,21691,446,207,173,2
s3_short_window,SHORT_WINDOW,14,0.5,300,2,188,ok,,,1,72.89770798524842,120,1,44.654999999999994,16.24500000000262,1763552090803,1763552090829,,,,,,,,,,long,17816,329,216,245,3
s3_short_window,SHORT_WINDOW,14,0.5,300,2,189,ok,,,1,46.9085419899784,120,1,25.438000000000002,11.711999999999534,1763552110933,1763552110948,,,,,,,,,,long,20877,819,223,247,5
s3_short_window,SHORT_WINDOW,14,0.5,300,2,190,ok,,,1,48.413666954729706,120,1,24.303999999999995,11.16899999999805,1763552133299,1763552133316,,,,,,,,,,long,17590,593,328,162,3
s3_short_window,SHORT_WINDOW,14,0.5,300,2,191,ok,,,1,47.56404197541997,120,1,24.840999999999994,11.597999999998137,1763552152853,1763552152870,,,,,,,,,,long,15550,662,260,267,2
s3_short_window,SHORT_WINDOW,14,0.5,300,2,192,ok,,,1,48.4947920194827,120,1,24.17000000000001,11.361999999997352,1763552170190,1763552170206,,,,,,,,,,long,17244,660,343,174,2
s3_short_window,SHORT_WINDOW,14,0.5,300,2,193,ok,,,2,385.6827089912258,240,2,51.689,21.498999999999796,1763552189699,1763552189727,,,,,,,,,,long,14325,825,293,223,1
s3_short_window,SHORT_WINDOW,14,0.5,300,2,194,ok,,,1,45.44166702544317,120,1,24.849000000000004,11.416000000001077,1763552205366,1763552205380,,,,,,,,,,long,17518,696,290,151,2
s3_short_window,SHORT_WINDOW,14,0.5,300,2,195,ok,,,2,375.55779196554795,240,2,47.717,13.893000000000029,1763552224628,1763552224645,,,,,,,,,,long,15877,321,337,190,2
s3_short_window,SHORT_WINDOW,14,0.5,300,2,196,ok,,,1,48.97462500957772,120,1,25.129000000000012,11.599999999998545,1763552242412,1763552242428,,,,,,,,,,long,17922,632,228,260,1
s3_short_window,SHORT_WINDOW,14,0.5,300,2,197,ok,,,1,48.69833396514878,120,1,24.89699999999999,12.011999999998807,1763552262394,1763552262412,,,,,,,,,,long,15481,892,325,255,2
s3_short_window,SHORT_WINDOW,14,0.5,300,2,198,ok,,,1,50.21287500858307,120,1,25.094,11.355999999999767,1763552279271,1763552279288,,,,,,,,,,long,13837,563,229,176,5
s3_short_window,SHORT_WINDOW,14,0.5,300,2,199,ok,,,1,42.75929095456377,120,1,24.161,10.42699999999968,1763552295098,1763552295112,,,,,,,,,,long,18558,800,344,212,2
s3_short_window,SHORT_WINDOW,14,0.5,300,2,200,ok,,,1,49.355083028785884,120,1,25.40599999999999,11.776000000001659,1763552315496,1763552315513,,,,,,,,,,long,14593,894,228,198,1
s3_short_window,SHORT_WINDOW,14,0.5,300,2,201,ok,,,1,50.59629201423377,120,1,25.74799999999999,11.958999999995285,1763552331796,1763552331812,,,,,,,,,,long,16850,890,325,247,4
s3_short_window,SHORT_WINDOW,14,0.5,300,2,202,ok,,,1,47.5117500172928,120,1,24.976000000000006,10.980999999999767,1763552349737,1763552349753,,,,,,,,,,long,20689,295,228,264,5
s3_short_window,SHORT_WINDOW,14,0.5,300,2,203,ok,,,1,50.374125014059246,120,1,25.241999999999997,11.753000000000611,1763552372531,1763552372548,,,,,,,,,,long,16036,668,292,181,0
s3_short_window,SHORT_WINDOW,14,0.5,300,2,204,ok,,,1,49.06487499829382,120,1,26.665999999999997,12.148000000001048,1763552390442,1763552390459,,,,,,,,,,long,19812,828,243,265,3
s3_short_window,SHORT_WINDOW,14,0.5,300,2,205,ok,,,1,48.744041996542364,120,1,25.60799999999999,11.72200000000521,1763552411962,1763552411978,,,,,,,,,,long,14830,825,238,152,4
s3_short_window,SHORT_WINDOW,14,0.5,300,2,206,ok,,,1,48.07100002653897,120,1,24.949999999999996,11.425999999999476,1763552428619,1763552428635,,,,,,,,,,long,21276,895,299,188,4
s3_short_window,SHORT_WINDOW,14,0.5,300,2,207,ok,,,1,48.35100000491366,120,1,25.189,11.878000000000611,1763552451466,1763552451481,,,,,,,,,,long,15288,769,315,256,4
s3_short_window,SHORT_WINDOW,14,0.5,300,2,208,ok,,,1,47.138917027041316,120,1,23.232999999999997,10.173999999999069,1763552468247,1763552468263,,,,,,,,,,long,15144,396,228,219,1
s3_short_window,SHORT_WINDOW,14,0.5,300,2,209,ok,,,1,49.043834034819156,120,1,25.71199999999999,11.944999999999709,1763552485553,1763552485569,,,,,,,,,,long,17557,774,321,242,1
s3_short_window,SHORT_WINDOW,14,0.5,300,2,210,ok,,,1,50.62970798462629,120,1,26.93700000000002,13.016999999999825,1763552504992,1763552505008,,,,,,,,,,long,17544,874,347,189,2
s3_short_window,SHORT_WINDOW,14,0.5,300,2,211,ok,,,1,49.30875002173707,120,1,25.666999999999994,11.349999999998545,1763552523851,1763552523869,,,,,,,,,,long,14089,361,331,203,3
s3_short_window,SHORT_WINDOW,14,0.5,300,2,212,ok,,,1,52.310207975097,120,1,26.64999999999999,11.81300000000192,1763552540242,1763552540259,,,,,,,,,,long,21225,848,254,171,2
s3_short_window,SHORT_WINDOW,14,0.5,300,2,213,ok,,,1,45.65529100364074,120,1,23.573000000000008,10.681000000000495,1763552563101,1763552563117,,,,,,,,,,long,21417,595,323,235,2
s3_short_window,SHORT_WINDOW,14,0.5,300,2,214,ok,,,1,49.29437499959022,120,1,25.525999999999996,11.590999999996711,1763552586372,1763552586387,,,,,,,,,,long,14977,810,345,256,3
s3_short_window,SHORT_WINDOW,14,0.5,300,2,215,ok,,,1,51.43595801200718,120,1,27.174000000000007,12.837000000003172,1763552603119,1763552603136,,,,,,,,,,long,19109,732,220,161,3
s3_short_window,SHORT_WINDOW,14,0.5,300,2,216,ok,,,2,363.35829203017056,240,2,35.18600000000001,15.127000000000407,1763552624194,1763552624213,,,,,,,,,,long,14089,751,239,160,2
s3_short_window,SHORT_WINDOW,14,0.5,300,2,217,ok,,,1,45.44362600427121,120,1,23.692999999999998,10.648000000001048,1763552639526,1763552639541,,,,,,,,,,long,18068,558,316,227,4
s3_short_window,SHORT_WINDOW,14,0.5,300,2,218,ok,,,1,46.29600001499057,120,1,23.225,10.625,1763552659146,1763552659162,,,,,,,,,,long,15047,591,328,252,1
s3_short_window,SHORT_WINDOW,14,0.5,300,2,219,ok,,,1,47.511084005236626,120,1,22.93999999999999,10.53399999999965,1763552675795,1763552675812,,,,,,,,,,long,14586,392,216,273,6
s3_short_window,SHORT_WINDOW,14,0.5,300,2,220,ok,,,1,48.02000004565343,120,1,25.457000000000008,11.723999999998341,1763552692462,1763552692479,,,,,,,,,,long,19686,675,204,196,1
s3_short_window,SHORT_WINDOW,14,0.5,300,2,221,ok,,,1,48.140999977476895,120,1,24.010999999999996,11.046999999998661,1763552713838,1763552713854,,,,,,,,,,long,17602,597,341,257,3
s3_short_window,SHORT_WINDOW,14,0.5,300,2,222,ok,,,1,52.13933304185048,120,1,25.966,11.96099999999933,1763552733341,1763552733359,,,,,,,,,,long,14240,771,338,225,6
s3_short_window,SHORT_WINDOW,14,0.5,300,2,223,ok,,,1,46.58420803025365,120,1,26.226999999999997,11.286000000000058,1763552748827,1763552748841,,,,,,,,,,long,19075,262,240,191,2
s3_short_window,SHORT_WINDOW,14,0.5,300,2,224,ok,,,1,42.55458299303427,120,1,22.782999999999987,11.657000000002881,1763552769813,1763552769826,,,,,,,,,,long,14032,428,298,197,1
s3_short_window,SHORT_WINDOW,14,0.5,300,2,225,ok,,,1,48.772457987070084,120,1,25.855000000000004,11.81800000000294,1763552785947,1763552785962,,,,,,,,,,long,18385,633,215,258,3
s3_short_window,SHORT_WINDOW,14,0.5,300,2,226,ok,,,1,47.37254197243601,120,1,23.221999999999994,10.778000000002066,1763552805912,1763552805928,,,,,,,,,,long,16651,487,311,188,3
s3_short_window,SHORT_WINDOW,14,0.5,300,2,227,ok,,,1,46.61466600373387,120,1,25.430999999999983,11.860000000000582,1763552824631,1763552824646,,,,,,,,,,long,16454,745,271,262,3
s3_short_window,SHORT_WINDOW,14,0.5,300,2,228,ok,,,1,49.666250008158386,120,1,22.795,10.272000000000844,1763552842470,1763552842489,,,,,,,,,,long,21575,439,217,193,5
s3_short_window,SHORT_WINDOW,14,0.5,300,2,229,ok,,,1,49.345500010531396,120,1,24.299,11.119999999998981,1763552865978,1763552865996,,,,,,,,,,long,21725,552,243,221,3
s3_short_window,SHORT_WINDOW,14,0.5,300,2,230,ok,,,1,49.688875034917146,120,1,27.217,11.084999999999127,1763552889384,1763552889402,,,,,,,,,,long,21113,459,339,238,1
s3_short_window,SHORT_WINDOW,14,0.5,300,2,231,ok,,,1,46.87299998477101,120,1,26.075999999999993,10.43500000000131,1763552912262,1763552912278,,,,,,,,,,long,18536,445,308,235,1
s3_short_window,SHORT_WINDOW,14,0.5,300,2,232,ok,,,1,49.5497080264613,120,1,25.100000000000016,11.669999999998254,1763552932918,1763552932936,,,,,,,,,,long,19453,768,315,226,4
s3_short_window,SHORT_WINDOW,14,0.5,300,2,233,ok,,,1,47.03329101903364,120,1,23.911999999999992,11.174999999999272,1763552953936,1763552953953,,,,,,,,,,long,13902,614,339,201,3
s3_short_window,SHORT_WINDOW,14,0.5,300,2,234,ok,,,1,50.53429096005857,120,1,27.726999999999997,10.419000000001688,1763552969309,1763552969329,,,,,,,,,,long,15550,320,241,236,2
s3_short_window,SHORT_WINDOW,14,0.5,300,2,235,ok,,,1,46.87358299270272,120,1,25.288999999999994,11.723000000001775,1763552987107,1763552987122,,,,,,,,,,long,17051,727,220,253,5
s3_short_window,SHORT_WINDOW,14,0.5,300,2,236,ok,,,1,48.233707959298044,120,1,24.787,11.929000000000087,1763553005941,1763553005957,,,,,,,,,,long,19652,777,217,162,3
s3_short_window,SHORT_WINDOW,14,0.5,300,2,237,ok,,,1,44.261250004637986,120,1,22.378000000000007,10.048999999999069,1763553027371,1763553027387,,,,,,,,,,long,15158,790,314,258,1
s3_short_window,SHORT_WINDOW,14,0.5,300,2,238,ok,,,1,45.8579589612782,120,1,24.131999999999998,10.437999999998283,1763553043899,1763553043914,,,,,,,,,,long,19738,420,282,235,1
s3_short_window,SHORT_WINDOW,14,0.5,300,2,239,ok,,,1,48.390167008619756,120,1,26.189999999999998,10.288000000000466,1763553065213,1763553065231,,,,,,,,,,long,17376,342,234,154,2
s3_short_window,SHORT_WINDOW,14,0.5,300,2,240,ok,,,1,45.3459580312483,120,1,22.909,10.382999999997992,1763553084593,1763553084609,,,,,,,,,,long,21229,421,260,238,1
s3_short_window,SHORT_WINDOW,14,0.5,300,2,241,ok,,,2,377.9091670294292,240,2,49.456,15.004000000000815,1763553108321,1763553108340,,,,,,,,,,long,13988,724,278,240,3
s3_short_window,SHORT_WINDOW,14,0.5,300,2,242,ok,,,2,391.85129199177027,240,2,54.63099999999999,19.983000000000175,1763553123667,1763553123697,,,,,,,,,,long,14583,267,349,202,3
s3_short_window,SHORT_WINDOW,14,0.5,300,2,243,ok,,,1,51.71879194676876,120,1,27.60500000000001,11.807000000000698,1763553139639,1763553139656,,,,,,,,,,long,20430,310,240,197,3
s3_short_window,SHORT_WINDOW,14,0.5,300,2,244,ok,,,1,52.71112499758601,120,1,27.116999999999997,12.722000000001572,1763553162124,1763553162142,,,,,,,,,,long,17375,646,287,253,2
s3_short_window,SHORT_WINDOW,14,0.5,300,2,245,ok,,,2,363.78179100574926,240,2,37.31400000000001,14.236000000000786,1763553181574,1763553181592,,,,,,,,,,long,21560,822,232,186,7
s3_short_window,SHORT_WINDOW,14,0.5,300,2,246,ok,,,1,51.74475000239909,120,1,26.504000000000005,12.255000000001019,1763553204612,1763553204630,,,,,,,,,,long,15207,827,336,227,2
s3_short_window,SHORT_WINDOW,14,0.5,300,2,247,ok,,,1,50.849624967668205,120,1,25.796999999999997,11.755000000001019,1763553221584,1763553221603,,,,,,,,,,long,14957,883,219,213,1
s3_short_window,SHORT_WINDOW,14,0.5,300,2,248,ok,,,1,44.48891698848456,120,1,23.82699999999999,10.641999999996187,1763553237651,1763553237667,,,,,,,,,,long,14868,482,219,196,4
s3_short_window,SHORT_WINDOW,14,0.5,300,2,249,ok,,,1,48.906999989412725,120,1,25.12999999999999,10.870999999999185,1763553254581,1763553254598,,,,,,,,,,long,19720,810,304,187,5
s3_short_window,SHORT_WINDOW,14,0.5,300,2,250,ok,,,2,368.5296659823507,240,2,41.257999999999996,15.543000000005122,1763553276488,1763553276505,,,,,,,,,,long,19466,876,288,243,3
s3_short_window,SHORT_WINDOW,14,0.5,300,2,251,ok,,,1,55.174792010802776,120,1,31.226999999999997,11.18300000000454,1763553297375,1763553297391,,,,,,,,,,long,15413,782,256,259,4
s3_short_window,SHORT_WINDOW,14,0.5,300,2,252,ok,,,1,53.84529195725918,120,1,28.159000000000006,11.412999999996828,1763553314024,1763553314042,,,,,,,,,,long,13854,362,345,186,1
s3_short_window,SHORT_WINDOW,14,0.5,300,2,253,ok,,,1,53.13566705444828,120,1,26.723,12.406999999999243,1763553329691,1763553329710,,,,,,,,,,long,19561,563,228,153,4
s3_short_window,SHORT_WINDOW,14,0.5,300,2,254,ok,,,1,51.15254200063646,120,1,26.157999999999987,11.93699999999808,1763553351031,1763553351049,,,,,,,,,,long,21677,632,297,275,6
s3_short_window,SHORT_WINDOW,14,0.5,300,2,255,ok,,,1,48.111833981238306,120,1,25.534000000000006,11.119999999998981,1763553374570,1763553374586,,,,,,,,,,long,15455,743,267,246,1
s3_short_window,SHORT_WINDOW,14,0.5,300,2,256,ok,,,1,51.098500029183924,120,1,28.423999999999992,11.224999999998545,1763553391170,1763553391185,,,,,,,,,,long,20335,264,225,227,1
s3_short_window,SHORT_WINDOW,14,0.5,300,2,257,ok,,,1,51.60850001266226,120,1,28.833000000000006,12.275999999998021,1763553413583,1763553413599,,,,,,,,,,long,18115,607,227,207,2
s3_short_window,SHORT_WINDOW,14,0.5,300,2,258,ok,,,1,46.078375016804785,120,1,24.891,12.007000000001426,1763553433305,1763553433320,,,,,,,,,,long,18898,537,310,211,3
s3_short_window,SHORT_WINDOW,14,0.5,300,2,259,ok,,,1,47.31437598820776,120,1,25.67499999999999,10.626000000003842,1763553453829,1763553453845,,,,,,,,,,long,20397,371,227,181,3
s3_short_window,SHORT_WINDOW,14,0.5,300,2,260,ok,,,1,50.235292001161724,120,1,26.283,11.920999999998457,1763553476343,1763553476361,,,,,,,,,,long,20883,625,208,169,3
s3_short_window,SHORT_WINDOW,14,0.5,300,2,261,ok,,,1,50.83345796447247,120,1,25.945000000000007,11.843000000000757,1763553499100,1763553499119,,,,,,,,,,long,16875,875,230,197,3
s3_short_window,SHORT_WINDOW,14,0.5,300,2,262,ok,,,1,53.449333005119115,120,1,28.771,11.342000000000553,1763553517107,1763553517126,,,,,,,,,,long,17386,280,246,156,2
s3_short_window,SHORT_WINDOW,14,0.5,300,2,263,ok,,,1,47.095916990656406,120,1,24.796,10.572000000000116,1763553536303,1763553536318,,,,,,,,,,long,20310,426,275,244,4
s3_short_window,SHORT_WINDOW,14,0.5,300,2,264,ok,,,1,48.915207968093455,120,1,25.698,11.44600000000355,1763553558665,1763553558681,,,,,,,,,,long,20359,665,314,203,3
s3_short_window,SHORT_WINDOW,14,0.5,300,2,265,ok,,,1,46.55583301791921,120,1,24.611000000000004,10.667999999997846,1763553580459,1763553580473,,,,,,,,,,long,16818,390,219,178,2
s3_short_window,SHORT_WINDOW,14,0.5,300,2,266,ok,,,1,55.7302079978399,120,1,28.598999999999997,12.056000000000495,1763553599443,1763553599464,,,,,,,,,,long,18876,856,220,199,0
s3_short_window,SHORT_WINDOW,14,0.5,300,2,267,ok,,,1,50.33841700060293,120,1,26.351999999999997,12.014999999999418,1763553619759,1763553619777,,,,,,,,,,long,18795,590,265,215,4
s3_short_window,SHORT_WINDOW,14,0.5,300,2,268,ok,,,1,46.33762501180172,120,1,27.836000000000006,10.985999999997148,1763553639980,1763553639993,,,,,,,,,,long,14890,405,326,217,1
s3_short_window,SHORT_WINDOW,14,0.5,300,2,269,ok,,,1,47.927541949320585,120,1,25.18,11.754000000000815,1763553657095,1763553657112,,,,,,,,,,long,19401,777,232,158,1
s3_short_window,SHORT_WINDOW,14,0.5,300,2,270,ok,,,1,49.65087497839704,120,1,25.630999999999986,12.197000000003754,1763553678220,1763553678238,,,,,,,,,,long,18189,725,234,175,3
s3_short_window,SHORT_WINDOW,14,0.5,300,2,271,ok,,,1,46.86366696842015,120,1,23.665000000000006,11.407999999999447,1763553697785,1763553697801,,,,,,,,,,long,15341,405,341,248,2
s3_short_window,SHORT_WINDOW,14,0.5,300,2,272,ok,,,1,48.26954100281,120,1,25.10600000000001,13.223999999998341,1763553714686,1763553714700,,,,,,,,,,long,21302,425,339,191,3
s3_short_window,SHORT_WINDOW,14,0.5,300,2,273,ok,,,1,53.48850000882521,120,1,31.971999999999994,10.837999999999738,1763553737603,1763553737623,,,,,,,,,,long,16067,314,238,216,5
s3_short_window,SHORT_WINDOW,14,0.5,300,2,274,ok,,,1,47.445292002521455,120,1,26.256999999999998,11.815999999998894,1763553755580,1763553755595,,,,,,,,,,long,16967,556,210,188,4
s3_short_window,SHORT_WINDOW,14,0.5,300,2,275,ok,,,1,48.65587502717972,120,1,27.27499999999999,10.526999999998225,1763553774005,1763553774022,,,,,,,,,,long,14222,317,239,234,2
s3_short_window,SHORT_WINDOW,14,0.5,300,2,276,ok,,,1,94.07854097662494,120,1,58.236999999999995,23.580999999998312,1763553790094,1763553790131,,,,,,,,,,long,20689,411,346,236,3
s3_short_window,SHORT_WINDOW,14,0.5,300,2,277,ok,,,1,49.88787503680214,120,1,25.526000000000003,11.375000000003638,1763553812466,1763553812483,,,,,,,,,,long,19398,460,227,272,3
s3_short_window,SHORT_WINDOW,14,0.5,300,2,278,ok,,,1,45.836124976631254,120,1,23.052000000000007,10.877000000000407,1763553833715,1763553833730,,,,,,,,,,long,18051,540,334,180,7
s3_short_window,SHORT_WINDOW,14,0.5,300,2,279,ok,,,1,46.97008297080174,120,1,26.448999999999998,10.992999999998574,1763553853221,1763553853234,,,,,,,,,,long,18810,291,315,241,3
s3_short_window,SHORT_WINDOW,14,0.5,300,2,280,ok,,,1,47.22166602732614,120,1,25.139999999999993,11.334999999999127,1763553874067,1763553874082,,,,,,,,,,long,16246,657,321,196,2
s3_short_window,SHORT_WINDOW,14,0.5,300,2,281,ok,,,1,50.59787497157231,120,1,25.982999999999997,11.759000000001834,1763553892069,1763553892086,,,,,,,,,,long,15618,694,215,247,4
s3_short_window,SHORT_WINDOW,14,0.5,300,2,282,ok,,,1,51.81816703407094,120,1,26.48700000000001,12.203999999997905,1763553909608,1763553909626,,,,,,,,,,long,20787,864,256,246,2
s3_short_window,SHORT_WINDOW,14,0.5,300,2,283,ok,,,1,50.96908297855407,120,1,26.395999999999994,11.2029999999977,1763553931594,1763553931611,,,,,,,,,,long,16829,374,330,238,2
s3_short_window,SHORT_WINDOW,14,0.5,300,2,284,ok,,,1,56.238000048324466,120,1,28.17200000000001,13.1620000000039,1763553950082,1763553950100,,,,,,,,,,long,17833,306,269,232,1
s3_short_window,SHORT_WINDOW,14,0.5,300,2,285,ok,,,1,50.448167021386325,120,1,24.93,11.489999999997963,1763553969953,1763553969971,,,,,,,,,,long,17906,617,302,166,1
s3_short_window,SHORT_WINDOW,14,0.5,300,2,286,ok,,,1,50.66000000806525,120,1,27.745999999999995,12.386999999995169,1763553989348,1763553989364,,,,,,,,,,long,20805,382,348,220,2
s3_short_window,SHORT_WINDOW,14,0.5,300,2,287,ok,,,1,49.18433399870992,120,1,26.38199999999999,10.794000000001688,1763554011824,1763554011841,,,,,,,,,,long,18179,318,216,163,3
s3_short_window,SHORT_WINDOW,14,0.5,300,2,288,ok,,,1,51.76400003256276,120,1,26.593999999999987,12.109000000004016,1763554032281,1763554032298,,,,,,,,,,long,14360,849,228,188,1
s3_short_window,SHORT_WINDOW,14,0.5,300,2,289,ok,,,1,48.53174998424947,120,1,25.525999999999996,11.423000000002503,1763554048260,1763554048275,,,,,,,,,,long,19503,622,284,158,3
s3_short_window,SHORT_WINDOW,14,0.5,300,2,290,ok,,,1,47.9058749624528,120,1,26.008000000000003,11.806000000000495,1763554069836,1763554069851,,,,,,,,,,long,17340,894,217,210,1
s3_short_window,SHORT_WINDOW,14,0.5,300,2,291,ok,,,1,48.0596250272356,120,1,25.22,11.976999999995314,1763554088354,1763554088370,,,,,,,,,,long,14334,444,304,217,5
s3_short_window,SHORT_WINDOW,14,0.5,300,2,292,ok,,,1,46.49712500395253,120,1,23.929000000000002,10.957000000002154,1763554104599,1763554104615,,,,,,,,,,long,15704,473,289,263,5
s3_short_window,SHORT_WINDOW,14,0.5,300,2,293,ok,,,1,52.5260420399718,120,1,25.915999999999983,11.974999999998545,1763554122345,1763554122365,,,,,,,,,,long,20959,786,230,220,4
s3_short_window,SHORT_WINDOW,14,0.5,300,2,294,ok,,,1,50.64116703579202,120,1,26.94999999999999,12.331000000005588,1763554144805,1763554144823,,,,,,,,,,long,21293,641,266,173,1
s3_short_window,SHORT_WINDOW,14,0.5,300,2,295,ok,,,1,46.601916023064405,120,1,25.420999999999992,11.419999999998254,1763554167866,1763554167881,,,,,,,,,,long,15016,695,245,263,2
s3_short_window,SHORT_WINDOW,14,0.5,300,2,296,ok,,,1,50.16312497900799,120,1,26.664,11.370999999995547,1763554184640,1763554184657,,,,,,,,,,long,19740,714,330,264,1
s3_short_window,SHORT_WINDOW,14,0.5,300,2,297,ok,,,1,47.832292038947344,120,1,25.241,11.700000000004366,1763554206283,1763554206300,,,,,,,,,,long,19121,809,274,215,0
s3_short_window,SHORT_WINDOW,14,0.5,300,2,298,ok,,,1,46.315417042933404,120,1,23.398999999999987,10.71099999999933,1763554226809,1763554226825,,,,,,,,,,long,15302,468,298,167,2
s3_short_window,SHORT_WINDOW,14,0.5,300,2,299,ok,,,1,48.4851659857668,120,1,26.67499999999999,11.119999999998981,1763554243675,1763554243691,,,,,,,,,,long,18900,278,223,259,1
s3_short_window,SHORT_WINDOW,14,0.5,300,2,300,ok,,,1,49.401374999433756,120,1,24.893,12.085000000002765,1763554264907,1763554264922,,,,,,,,,,long,19362,828,315,254,1
s3_short_window,SHORT_WINDOW,14,0.5,400,2,1,ok,,,1,45.483792026061565,120,1,23.29399999999999,10.334999999999127,1763554285547,1763554285562,,,,,,,,,,long,14675,386,206,272,2
s3_short_window,SHORT_WINDOW,14,0.5,400,2,2,ok,,,1,47.805291949771345,120,1,27.184000000000005,10.711999999999534,1763554302051,1763554302065,,,,,,,,,,long,19409,393,243,215,6
s3_short_window,SHORT_WINDOW,14,0.5,400,2,3,ok,,,1,53.15712501760572,120,1,27.167999999999992,12.586999999999534,1763554323366,1763554323385,,,,,,,,,,long,20324,565,223,238,1
s3_short_window,SHORT_WINDOW,14,0.5,400,2,4,ok,,,1,50.51070800982416,120,1,25.555000000000007,11.91400000000067,1763554345497,1763554345516,,,,,,,,,,long,14015,629,226,208,3
s3_short_window,SHORT_WINDOW,14,0.5,400,2,5,ok,,,1,44.55879196757451,120,1,23.153,10.367999999998574,1763554360978,1763554360992,,,,,,,,,,long,15395,419,246,266,0
s3_short_window,SHORT_WINDOW,14,0.5,400,2,6,ok,,,1,48.499374999664724,120,1,23.336999999999996,10.327000000001135,1763554378101,1763554378119,,,,,,,,,,long,21024,326,220,238,2
s3_short_window,SHORT_WINDOW,14,0.5,400,2,7,ok,,,1,46.4222080190666,120,1,24.93100000000001,11.453000000001339,1763554401332,1763554401348,,,,,,,,,,long,16335,808,222,234,0
s3_short_window,SHORT_WINDOW,14,0.5,400,2,8,ok,,,1,49.96170900994912,120,1,25.51400000000001,11.67699999999968,1763554419637,1763554419653,,,,,,,,,,long,21164,859,228,184,3
,,,,,,,preauth_failed,step4_wait,0,0,0.0,0,0,0.0,0.0,,,,,,,,,,,,,,,,,
s3_short_window,SHORT_WINDOW,14,0.5,400,2,10,ok,,,1,50.68325001047924,120,1,24.976999999999997,11.407999999999447,1763554447543,1763554447562,,,,,,,,,,long,18372,604,333,166,2
s3_short_window,SHORT_WINDOW,14,0.5,400,2,11,ok,,,1,48.56995795853436,120,1,26.21,11.406999999999243,1763554467505,1763554467521,,,,,,,,,,long,21015,675,222,160,2
s3_short_window,SHORT_WINDOW,14,0.5,400,2,12,ok,,,1,49.00391702540219,120,1,23.897999999999996,10.631999999997788,1763554490462,1763554490479,,,,,,,,,,long,18834,772,277,203,2
s3_short_window,SHORT_WINDOW,14,0.5,400,2,13,ok,,,1,48.59337495872751,120,1,23.147999999999993,10.317999999995664,1763554510586,1763554510603,,,,,,,,,,long,21326,445,229,174,5
s3_short_window,SHORT_WINDOW,14,0.5,400,2,14,ok,,,1,47.66799998469651,120,1,25.522000000000006,11.649000000001251,1763554533860,1763554533876,,,,,,,,,,long,15277,651,313,211,3
s3_short_window,SHORT_WINDOW,14,0.5,400,2,15,ok,,,1,77.42404099553823,120,1,39.297999999999995,26.147000000000844,1763554551085,1763554551105,,,,,,,,,,long,19009,837,227,213,5
s3_short_window,SHORT_WINDOW,14,0.5,400,2,16,ok,,,1,49.82554103480652,120,1,26.478999999999992,11.880999999997584,1763554571146,1763554571163,,,,,,,,,,long,18594,319,286,255,1
s3_short_window,SHORT_WINDOW,14,0.5,400,2,17,ok,,,1,46.576542023103684,120,1,24.156999999999996,11.053000000003522,1763554591879,1763554591895,,,,,,,,,,long,15349,603,319,245,4
s3_short_window,SHORT_WINDOW,14,0.5,400,2,18,ok,,,1,48.45520795788616,120,1,24.083,10.894000000000233,1763554608606,1763554608625,,,,,,,,,,long,15494,453,246,272,2
s3_short_window,SHORT_WINDOW,14,0.5,400,2,19,ok,,,1,47.25758300628513,120,1,24.938000000000002,11.022000000000844,1763554626008,1763554626024,,,,,,,,,,long,18086,550,273,274,2
s3_short_window,SHORT_WINDOW,14,0.5,400,2,20,ok,,,1,49.91141700884327,120,1,25.78600000000001,12.226000000006024,1763554646161,1763554646178,,,,,,,,,,long,16094,885,302,256,1
s3_short_window,SHORT_WINDOW,14,0.5,400,2,21,ok,,,1,48.472583992406726,120,1,24.15100000000001,10.860999999997148,1763554663735,1763554663753,,,,,,,,,,long,21545,640,236,181,3
s3_short_window,SHORT_WINDOW,14,0.5,400,2,22,ok,,,1,45.65316601656377,120,1,24.729,11.141999999999825,1763554687142,1763554687156,,,,,,,,,,long,20423,739,260,219,2
s3_short_window,SHORT_WINDOW,14,0.5,400,2,23,ok,,,1,46.45750002237037,120,1,25.282999999999994,11.5779999999977,1763554709467,1763554709482,,,,,,,,,,long,15455,635,219,270,4
s3_short_window,SHORT_WINDOW,14,0.5,400,2,24,ok,,,1,51.948165986686945,120,1,26.323999999999998,12.01600000000326,1763554726497,1763554726515,,,,,,,,,,long,13831,691,334,279,0
s3_short_window,SHORT_WINDOW,14,0.5,400,2,25,ok,,,1,51.58324999501929,120,1,26.39499999999999,12.31800000000294,1763554742103,1763554742120,,,,,,,,,,long,17684,523,230,175,2
s3_short_window,SHORT_WINDOW,14,0.5,400,2,26,ok,,,1,47.0815830049105,120,1,24.163000000000004,10.881000000001222,1763554761417,1763554761433,,,,,,,,,,long,17221,524,337,268,2
s3_short_window,SHORT_WINDOW,14,0.5,400,2,27,ok,,,1,50.87766703218222,120,1,24.071000000000005,11.10399999999936,1763554780403,1763554780422,,,,,,,,,,long,18005,569,297,154,1
s3_short_window,SHORT_WINDOW,14,0.5,400,2,28,ok,,,1,51.55408300925046,120,1,25.774,11.645000000000437,1763554800215,1763554800234,,,,,,,,,,long,20667,617,277,241,3
s3_short_window,SHORT_WINDOW,14,0.5,400,2,29,ok,,,1,47.27179202018306,120,1,25.698999999999998,11.28399999999965,1763554822571,1763554822586,,,,,,,,,,long,19987,578,300,179,2
s3_short_window,SHORT_WINDOW,14,0.5,400,2,30,ok,,,1,49.79183297837153,120,1,25.133999999999993,11.254000000000815,1763554843911,1763554843928,,,,,,,,,,long,14433,394,220,280,2
s3_short_window,SHORT_WINDOW,14,0.5,400,2,31,ok,,,1,47.565999964717776,120,1,24.677,11.27900000000227,1763554860408,1763554860423,,,,,,,,,,long,18137,562,260,224,2
s3_short_window,SHORT_WINDOW,14,0.5,400,2,32,ok,,,1,48.2474589953199,120,1,23.730999999999995,10.8279999999977,1763554880131,1763554880150,,,,,,,,,,long,18833,497,258,279,2
s3_short_window,SHORT_WINDOW,14,0.5,400,2,33,ok,,,1,44.522040989249945,120,1,23.704000000000008,10.917999999997846,1763554900876,1763554900891,,,,,,,,,,long,20968,556,263,278,2
s3_short_window,SHORT_WINDOW,14,0.5,400,2,34,ok,,,1,46.7963750124909,120,1,25.142999999999994,11.40599999999904,1763554923679,1763554923693,,,,,,,,,,long,20082,580,238,250,4
s3_short_window,SHORT_WINDOW,14,0.5,400,2,35,ok,,,1,52.86454199813306,120,1,26.514999999999993,11.66400000000067,1763554945747,1763554945767,,,,,,,,,,long,16966,870,229,156,2
s3_short_window,SHORT_WINDOW,14,0.5,400,2,36,ok,,,1,46.95270798401907,120,1,24.105999999999995,10.954999999998108,1763554964008,1763554964024,,,,,,,,,,long,17735,507,308,240,2
s3_short_window,SHORT_WINDOW,14,0.5,400,2,37,ok,,,2,480.14987498754635,240,2,48.882,15.118999999998778,1763554983772,1763554983801,,,,,,,,,,long,16631,287,329,187,1
s3_short_window,SHORT_WINDOW,14,0.5,400,2,38,ok,,,1,52.65437497291714,120,1,27.581000000000003,12.59400000000096,1763555001795,1763555001812,,,,,,,,,,long,14421,279,217,261,3
s3_short_window,SHORT_WINDOW,14,0.5,400,2,39,ok,,,2,483.466874982696,240,2,51.553,17.651999999994587,1763555018270,1763555018300,,,,,,,,,,long,17877,277,302,205,2
s3_short_window,SHORT_WINDOW,14,0.5,400,2,40,ok,,,1,47.522125008981675,120,1,27.214,10.913999999997031,1763555037563,1763555037578,,,,,,,,,,long,21738,397,342,167,1
s3_short_window,SHORT_WINDOW,14,0.5,400,2,41,ok,,,1,49.692749977111816,120,1,26.778000000000006,11.094999999997526,1763555061377,1763555061394,,,,,,,,,,long,21555,757,249,226,7
s3_short_window,SHORT_WINDOW,14,0.5,400,2,42,ok,,,1,49.33820804581046,120,1,25.614999999999988,11.53900000000067,1763555084586,1763555084604,,,,,,,,,,long,20537,665,317,188,4
s3_short_window,SHORT_WINDOW,14,0.5,400,2,43,ok,,,1,50.42691598646343,120,1,26.104999999999997,11.735000000000582,1763555106580,1763555106596,,,,,,,,,,long,14246,630,315,250,3
s3_short_window,SHORT_WINDOW,14,0.5,400,2,44,ok,,,1,50.94712501158938,120,1,27.08899999999999,12.420000000001892,1763555122555,1763555122572,,,,,,,,,,long,15182,829,273,153,2
s3_short_window,SHORT_WINDOW,14,0.5,400,2,45,ok,,,1,44.949374976567924,120,1,24.422999999999995,11.117999999998574,1763555139190,1763555139204,,,,,,,,,,long,17187,535,329,252,1
s3_short_window,SHORT_WINDOW,14,0.5,400,2,46,ok,,,1,48.733290983363986,120,1,27.917999999999985,10.975999999998749,1763555157919,1763555157933,,,,,,,,,,long,19693,279,274,150,2
s3_short_window,SHORT_WINDOW,14,0.5,400,2,47,ok,,,1,49.38804102130234,120,1,24.900000000000006,11.4220000000023,1763555179616,1763555179634,,,,,,,,,,long,15019,516,235,255,3
s3_short_window,SHORT_WINDOW,14,0.5,400,2,48,ok,,,1,47.38520795945078,120,1,26.187000000000012,10.524000000001251,1763555196229,1763555196246,,,,,,,,,,long,15519,416,292,177,4
s3_short_window,SHORT_WINDOW,14,0.5,400,2,49,ok,,,1,51.7065420281142,120,1,25.876000000000005,11.848000000001775,1763555213793,1763555213811,,,,,,,,,,long,19641,711,310,245,5
s3_short_window,SHORT_WINDOW,14,0.5,400,2,50,ok,,,1,51.59558396553621,120,1,30.412000000000013,11.772000000000844,1763555235170,1763555235186,,,,,,,,,,long,18691,659,293,198,0
s3_short_window,SHORT_WINDOW,14,0.5,400,2,51,ok,,,1,47.41962597472593,120,1,24.986999999999995,11.275999999998021,1763555255586,1763555255602,,,,,,,,,,long,20546,439,295,254,1
s3_short_window,SHORT_WINDOW,14,0.5,400,2,52,ok,,,2,464.0715420246124,240,2,38.772,13.137999999995372,1763555278502,1763555278521,,,,,,,,,,long,16059,720,203,275,6
s3_short_window,SHORT_WINDOW,14,0.5,400,2,53,ok,,,1,48.28695801552385,120,1,25.311,11.018000000000029,1763555295893,1763555295911,,,,,,,,,,long,19505,472,287,267,2
s3_short_window,SHORT_WINDOW,14,0.5,400,2,54,ok,,,1,50.260999996680766,120,1,25.190999999999995,11.465999999996711,1763555317214,1763555317231,,,,,,,,,,long,20043,572,261,169,2
s3_short_window,SHORT_WINDOW,14,0.5,400,2,55,ok,,,1,52.727791015058756,120,1,25.53,11.819000000003143,1763555339246,1763555339266,,,,,,,,,,long,18381,667,322,267,4
s3_short_window,SHORT_WINDOW,14,0.5,400,2,56,ok,,,1,49.84770901501179,120,1,25.522,11.567999999999302,1763555359474,1763555359490,,,,,,,,,,long,20075,762,307,175,2
s3_short_window,SHORT_WINDOW,14,0.5,400,2,57,ok,,,1,48.081375018227845,120,1,23.774,10.82300000000032,1763555381118,1763555381135,,,,,,,,,,long,16302,515,288,202,1
s3_short_window,SHORT_WINDOW,14,0.5,400,2,58,ok,,,1,47.534583020024,120,1,25.314000000000007,11.929000000003725,1763555399475,1763555399491,,,,,,,,,,long,14681,776,215,193,4
s3_short_window,SHORT_WINDOW,14,0.5,400,2,59,ok,,,1,47.309790970757604,120,1,25.338,11.616000000001804,1763555415623,1763555415638,,,,,,,,,,long,17032,579,232,241,2
s3_short_window,SHORT_WINDOW,14,0.5,400,2,60,ok,,,1,48.08654100634158,120,1,26.53,11.344999999997526,1763555434406,1763555434421,,,,,,,,,,long,16789,677,285,266,4
s3_short_window,SHORT_WINDOW,14,0.5,400,2,61,ok,,,1,49.511499993968755,120,1,25.917,11.885999999998603,1763555452865,1763555452882,,,,,,,,,,long,21163,614,206,180,0
s3_short_window,SHORT_WINDOW,14,0.5,400,2,62,ok,,,1,50.48754101153463,120,1,26.327000000000005,12.09400000000096,1763555476025,1763555476044,,,,,,,,,,long,20476,853,231,234,3
s3_short_window,SHORT_WINDOW,14,0.5,400,2,63,ok,,,3,885.629208991304,360,3,52.986000000000004,13.570999999999913,1763555498863,1763555498882,,,,,,,,,,long,14958,670,297,168,2
s3_short_window,SHORT_WINDOW,14,0.5,400,2,64,ok,,,1,44.42770901368931,120,1,23.987000000000002,10.879000000000815,1763555514716,1763555514731,,,,,,,,,,long,16737,584,330,163,3
s3_short_window,SHORT_WINDOW,14,0.5,400,2,65,ok,,,1,49.906082975212485,120,1,25.03000000000001,11.580999999998312,1763555533343,1763555533360,,,,,,,,,,long,18538,710,325,267,4
s3_short_window,SHORT_WINDOW,14,0.5,400,2,66,ok,,,1,51.8409579526633,120,1,26.296999999999997,11.829999999998108,1763555553328,1763555553346,,,,,,,,,,long,21326,557,272,274,3
s3_short_window,SHORT_WINDOW,14,0.5,400,2,67,ok,,,1,46.92187503678724,120,1,25.499000000000002,10.436000000001513,1763555576285,1763555576301,,,,,,,,,,long,15023,327,226,265,3
s3_short_window,SHORT_WINDOW,14,0.5,400,2,68,ok,,,1,50.64470798242837,120,1,26.94299999999999,11.90599999999904,1763555593484,1763555593500,,,,,,,,,,long,18205,834,316,280,2
s3_short_window,SHORT_WINDOW,14,0.5,400,2,69,ok,,,2,484.03870803304017,240,2,52.51799999999999,12.40299999999479,1763555613298,1763555613326,,,,,,,,,,long,19119,259,335,258,3
s3_short_window,SHORT_WINDOW,14,0.5,400,2,70,ok,,,1,47.49283299315721,120,1,25.813000000000002,11.349000000001979,1763555633875,1763555633891,,,,,,,,,,long,20081,364,333,168,4
s3_short_window,SHORT_WINDOW,14,0.5,400,2,71,ok,,,1,46.89683299511671,120,1,23.839999999999996,10.618999999998778,1763555655526,1763555655541,,,,,,,,,,long,16981,419,222,250,0
s3_short_window,SHORT_WINDOW,14,0.5,400,2,72,ok,,,1,51.70058301882818,120,1,25.51399999999999,11.809000000004744,1763555674404,1763555674422,,,,,,,,,,long,16281,545,203,169,1
s3_short_window,SHORT_WINDOW,14,0.5,400,2,73,ok,,,1,49.149249971378595,120,1,26.013000000000005,11.917999999997846,1763555692293,1763555692309,,,,,,,,,,long,18439,517,236,207,1
s3_short_window,SHORT_WINDOW,14,0.5,400,2,74,ok,,,1,49.544874986168,120,1,26.12100000000001,11.663000000004104,1763555712540,1763555712556,,,,,,,,,,long,21328,616,240,163,5
s3_short_window,SHORT_WINDOW,14,0.5,400,2,75,ok,,,2,491.7736250208691,240,2,53.002,21.5199999999968,1763555735694,1763555735723,,,,,,,,,,long,14704,256,297,231,5
s3_short_window,SHORT_WINDOW,14,0.5,400,2,76,ok,,,1,48.56199998175725,120,1,24.557000000000002,11.388000000002648,1763555751648,1763555751664,,,,,,,,,,long,16925,440,211,176,3
s3_short_window,SHORT_WINDOW,14,0.5,400,2,77,ok,,,1,49.64712494984269,120,1,25.29099999999999,12.654999999998836,1763555769926,1763555769943,,,,,,,,,,long,20692,293,220,229,5
s3_short_window,SHORT_WINDOW,14,0.5,400,2,78,ok,,,1,48.46541699953377,120,1,26.070999999999998,11.251000000000204,1763555792494,1763555792509,,,,,,,,,,long,19739,466,218,178,3
s3_short_window,SHORT_WINDOW,14,0.5,400,2,79,ok,,,2,492.44620802346617,240,2,53.95999999999998,21.311000000001513,1763555814263,1763555814294,,,,,,,,,,long,16513,253,349,207,0
s3_short_window,SHORT_WINDOW,14,0.5,400,2,80,ok,,,3,877.3865419789217,360,3,50.819,12.386999999998807,1763555833268,1763555833284,,,,,,,,,,long,18073,639,209,217,4
s3_short_window,SHORT_WINDOW,14,0.5,400,2,81,ok,,,1,48.19574998691678,120,1,26.364999999999995,12.084999999999127,1763555852460,1763555852476,,,,,,,,,,long,15704,799,347,171,1
s3_short_window,SHORT_WINDOW,14,0.5,400,2,82,ok,,,1,46.99566698400304,120,1,25.261000000000003,12.945999999999913,1763555869548,1763555869563,,,,,,,,,,long,20646,514,213,230,4
s3_short_window,SHORT_WINDOW,14,0.5,400,2,83,ok,,,1,49.50658301822841,120,1,26.384,12.213999999999942,1763555892169,1763555892185,,,,,,,,,,long,21489,715,230,193,0
s3_short_window,SHORT_WINDOW,14,0.5,400,2,84,ok,,,1,50.88312498992309,120,1,26.626999999999995,10.84599999999773,1763555915265,1763555915284,,,,,,,,,,long,15821,425,285,272,3
s3_short_window,SHORT_WINDOW,14,0.5,400,2,85,ok,,,1,44.249958998989314,120,1,22.485,10.355999999999767,1763555932946,1763555932961,,,,,,,,,,long,18023,553,335,254,4
s3_short_window,SHORT_WINDOW,14,0.5,400,2,86,ok,,,1,50.02895800862461,120,1,25.029999999999994,11.694999999999709,1763555953044,1763555953061,,,,,,,,,,long,19308,829,308,157,3
s3_short_window,SHORT_WINDOW,14,0.5,400,2,87,ok,,,1,49.9842920107767,120,1,25.725999999999992,11.918000000001484,1763555974068,1763555974085,,,,,,,,,,long,21264,778,299,153,3
s3_short_window,SHORT_WINDOW,14,0.5,400,2,88,ok,,,1,46.20408301707357,120,1,26.062999999999995,10.367000000002008,1763555996667,1763555996682,,,,,,,,,,long,17844,470,322,173,3
s3_short_window,SHORT_WINDOW,14,0.5,400,2,89,ok,,,2,491.40908202389255,240,2,54.07899999999999,22.09599999999773,1763556016450,1763556016481,,,,,,,,,,long,18291,269,327,186,2
s3_short_window,SHORT_WINDOW,14,0.5,400,2,90,ok,,,1,46.99775000335649,120,1,24.138000000000012,11.215000000000146,1763556036292,1763556036307,,,,,,,,,,long,16945,496,247,151,1
s3_short_window,SHORT_WINDOW,14,0.5,400,2,91,ok,,,2,488.57529199449345,240,2,53.191,21.277000000001863,1763556055212,1763556055242,,,,,,,,,,long,14267,259,310,212,4
s3_short_window,SHORT_WINDOW,14,0.5,400,2,92,ok,,,1,46.713708026800305,120,1,24.397999999999996,9.911000000000058,1763556070962,1763556070976,,,,,,,,,,long,15581,332,333,265,5
s3_short_window,SHORT_WINDOW,14,0.5,400,2,93,ok,,,1,55.128582986071706,120,1,28.496999999999993,13.940999999998894,1763556088291,1763556088308,,,,,,,,,,long,14479,306,232,189,2
s3_short_window,SHORT_WINDOW,14,0.5,400,2,94,ok,,,1,45.35991698503494,120,1,23.992999999999995,11.121999999999389,1763556104657,1763556104672,,,,,,,,,,long,20926,526,326,216,0
s3_short_window,SHORT_WINDOW,14,0.5,400,2,95,ok,,,3,880.8960010064766,360,3,48.41299999999999,14.510000000002037,1763556128574,1763556128596,,,,,,,,,,long,17608,842,251,178,3
s3_short_window,SHORT_WINDOW,14,0.5,400,2,96,ok,,,2,477.9627090319991,240,2,49.16799999999999,18.100000000002183,1763556146930,1763556146956,,,,,,,,,,long,17739,342,311,153,5
s3_short_window,SHORT_WINDOW,14,0.5,400,2,97,ok,,,1,44.21704198466614,120,1,22.767000000000003,11.171000000002095,1763556166044,1763556166057,,,,,,,,,,long,17380,449,299,214,3
s3_short_window,SHORT_WINDOW,14,0.5,400,2,98,ok,,,1,50.266708014532924,120,1,26.770000000000017,11.87699999999677,1763556185074,1763556185089,,,,,,,,,,long,21772,367,340,231,8
s3_short_window,SHORT_WINDOW,14,0.5,400,2,99,ok,,,1,49.39833399839699,120,1,25.633000000000003,11.601999999998952,1763556209051,1763556209068,,,,,,,,,,long,18783,863,233,184,5
s3_short_window,SHORT_WINDOW,14,0.5,400,2,100,ok,,,1,50.4054999910295,120,1,25.59899999999999,11.71400000000358,1763556229265,1763556229283,,,,,,,,,,long,18299,628,251,255,2
s3_short_window,SHORT_WINDOW,14,0.5,400,2,101,ok,,,1,49.86808297690004,120,1,25.52600000000001,11.802999999999884,1763556249522,1763556249538,,,,,,,,,,long,15585,874,333,264,1
s3_short_window,SHORT_WINDOW,14,0.5,400,2,102,ok,,,1,51.244958012830466,120,1,24.961000000000006,11.863000000001193,1763556266888,1763556266906,,,,,,,,,,long,13919,743,269,207,1
s3_short_window,SHORT_WINDOW,14,0.5,400,2,103,ok,,,2,491.665749985259,240,2,53.468,20.830000000001746,1763556282490,1763556282520,,,,,,,,,,long,17926,290,344,204,2
s3_short_window,SHORT_WINDOW,14,0.5,400,2,104,ok,,,1,50.58749997988343,120,1,25.343999999999994,11.769000000000233,1763556302222,1763556302241,,,,,,,,,,long,19862,745,223,269,3
s3_short_window,SHORT_WINDOW,14,0.5,400,2,105,ok,,,1,48.7647500121966,120,1,25.13799999999999,11.626000000000204,1763556323884,1763556323899,,,,,,,,,,long,19678,795,276,250,4
s3_short_window,SHORT_WINDOW,14,0.5,400,2,106,ok,,,1,47.928167041391134,120,1,24.714999999999996,11.40899999999965,1763556344851,1763556344867,,,,,,,,,,long,14502,541,234,270,0
s3_short_window,SHORT_WINDOW,14,0.5,400,2,107,ok,,,1,48.40958397835493,120,1,25.702000000000005,12.027999999998428,1763556361381,1763556361398,,,,,,,,,,long,19154,866,204,263,4
s3_short_window,SHORT_WINDOW,14,0.5,400,2,108,ok,,,1,45.62295798677951,120,1,25.232,11.365999999998166,1763556382280,1763556382295,,,,,,,,,,long,20387,845,311,266,3
s3_short_window,SHORT_WINDOW,14,0.5,400,2,109,ok,,,1,47.04104195116088,120,1,23.552999999999997,10.846000000001368,1763556404112,1763556404128,,,,,,,,,,long,14189,539,301,175,2
s3_short_window,SHORT_WINDOW,14,0.5,400,2,110,ok,,,1,50.49287498695776,120,1,25.756999999999998,11.83100000000195,1763556420297,1763556420315,,,,,,,,,,long,21805,745,227,158,0
s3_short_window,SHORT_WINDOW,14,0.5,400,2,111,ok,,,2,484.41591701703146,240,2,51.705999999999996,18.460000000002765,1763556443848,1763556443877,,,,,,,,,,long,20194,311,345,183,1
s3_short_window,SHORT_WINDOW,14,0.5,400,2,112,ok,,,1,42.6715420326218,120,1,23.033,10.438999999998487,1763556465428,1763556465442,,,,,,,,,,long,13843,430,279,178,2
s3_short_window,SHORT_WINDOW,14,0.5,400,2,113,ok,,,1,44.514250010252,120,1,24.468999999999994,11.025000000005093,1763556481262,1763556481276,,,,,,,,,,long,17178,669,316,169,1
s3_short_window,SHORT_WINDOW,14,0.5,400,2,114,ok,,,1,50.40208401624113,120,1,27.093000000000004,12.309000000001106,1763556500253,1763556500270,,,,,,,,,,long,18657,762,280,251,5
s3_short_window,SHORT_WINDOW,14,0.5,400,2,115,ok,,,1,49.71962497802451,120,1,24.62899999999999,10.932000000004336,1763556520631,1763556520647,,,,,,,,,,long,17558,766,201,241,3
s3_short_window,SHORT_WINDOW,14,0.5,400,2,116,ok,,,1,45.2767499955371,120,1,23.805000000000007,10.817000000002736,1763556539637,1763556539652,,,,,,,,,,long,20601,492,299,192,2
s3_short_window,SHORT_WINDOW,14,0.5,400,2,117,ok,,,1,43.22433302877471,120,1,23.359999999999992,10.651000000001659,1763556561969,1763556561983,,,,,,,,,,long,17366,469,261,261,2
s3_short_window,SHORT_WINDOW,14,0.5,400,2,118,ok,,,1,41.8989589670673,120,1,22.134999999999998,9.833999999998923,1763556581104,1763556581118,,,,,,,,,,long,18243,534,349,196,1
s3_short_window,SHORT_WINDOW,14,0.5,400,2,119,ok,,,1,49.25095901126042,120,1,26.365999999999993,11.09100000000035,1763556600848,1763556600863,,,,,,,,,,long,21341,282,294,194,2
s3_short_window,SHORT_WINDOW,14,0.5,400,2,120,ok,,,1,49.83849998097867,120,1,26.368000000000002,11.84599999999773,1763556624518,1763556624536,,,,,,,,,,long,16592,870,213,223,0
s3_short_window,SHORT_WINDOW,14,0.5,400,2,121,ok,,,1,48.699291015509516,120,1,25.025000000000006,11.639999999999418,1763556642663,1763556642679,,,,,,,,,,long,20493,673,204,277,2
s3_short_window,SHORT_WINDOW,14,0.5,400,2,122,ok,,,1,45.11637502582744,120,1,25.736000000000004,10.507999999997992,1763556664677,1763556664693,,,,,,,,,,long,19273,425,292,252,4
s3_short_window,SHORT_WINDOW,14,0.5,400,2,123,ok,,,1,49.87929097842425,120,1,25.990000000000002,11.488000000001193,1763556686086,1763556686104,,,,,,,,,,long,19260,840,235,272,6
s3_short_window,SHORT_WINDOW,14,0.5,400,2,124,ok,,,1,48.628667020238936,120,1,25.150999999999996,11.669999999998254,1763556706947,1763556706965,,,,,,,,,,long,18668,681,212,198,3
s3_short_window,SHORT_WINDOW,14,0.5,400,2,125,ok,,,1,48.80325001431629,120,1,25.317999999999998,11.788000000000466,1763556727485,1763556727500,,,,,,,,,,long,20146,760,201,232,3
s3_short_window,SHORT_WINDOW,14,0.5,400,2,126,ok,,,1,43.32570801489055,120,1,23.034,10.25800000000163,1763556749071,1763556749085,,,,,,,,,,long,17822,472,303,198,0
s3_short_window,SHORT_WINDOW,14,0.5,400,2,127,ok,,,1,47.09533299319446,120,1,23.830999999999996,10.386000000002241,1763556768580,1763556768598,,,,,,,,,,long,14889,465,259,162,1
s3_short_window,SHORT_WINDOW,14,0.5,400,2,128,ok,,,1,48.16112498519942,120,1,25.566000000000003,11.779999999998836,1763556785277,1763556785294,,,,,,,,,,long,18390,585,244,182,4
s3_short_window,SHORT_WINDOW,14,0.5,400,2,129,ok,,,2,480.79987498931587,240,2,49.691,17.704000000001543,1763556805502,1763556805530,,,,,,,,,,long,19035,260,306,166,0
s3_short_window,SHORT_WINDOW,14,0.5,400,2,130,ok,,,2,460.9556660288945,240,2,36.212999999999994,14.123999999999796,1763556826819,1763556826834,,,,,,,,,,long,16878,876,349,263,2
s3_short_window,SHORT_WINDOW,14,0.5,400,2,131,ok,,,1,47.98595898319036,120,1,26.799,10.738999999997759,1763556844560,1763556844577,,,,,,,,,,long,14695,389,252,161,0
s3_short_window,SHORT_WINDOW,14,0.5,400,2,132,ok,,,1,47.20504197757691,120,1,25.087999999999994,10.523000000001048,1763556861001,1763556861017,,,,,,,,,,long,20358,435,284,152,2
s3_short_window,SHORT_WINDOW,14,0.5,400,2,133,ok,,,1,47.14145796606317,120,1,25.266999999999996,11.468999999997322,1763556883302,1763556883318,,,,,,,,,,long,16288,577,231,190,2
s3_short_window,SHORT_WINDOW,14,0.5,400,2,134,ok,,,1,46.535665984265506,120,1,25.527,11.850999999998749,1763556901167,1763556901181,,,,,,,,,,long,21629,378,287,209,6
s3_short_window,SHORT_WINDOW,14,0.5,400,2,135,ok,,,1,51.78558302577585,120,1,26.002999999999993,12.03399999999965,1763556925013,1763556925033,,,,,,,,,,long,20766,791,214,212,2
s3_short_window,SHORT_WINDOW,14,0.5,400,2,136,ok,,,1,45.89933401439339,120,1,23.247999999999998,10.649000000001251,1763556947044,1763556947058,,,,,,,,,,long,16801,497,291,222,4
s3_short_window,SHORT_WINDOW,14,0.5,400,2,137,ok,,,1,44.972125033382326,120,1,24.063000000000002,11.575999999997293,1763556965328,1763556965342,,,,,,,,,,long,18329,281,203,243,3
s3_short_window,SHORT_WINDOW,14,0.5,400,2,138,ok,,,1,47.07129095913842,120,1,25.410000000000004,11.902000000001863,1763556985937,1763556985953,,,,,,,,,,long,17204,877,292,187,4
s3_short_window,SHORT_WINDOW,14,0.5,400,2,139,ok,,,1,47.31041600462049,120,1,24.946000000000005,12.220000000001164,1763557004101,1763557004115,,,,,,,,,,long,16378,293,225,150,1
s3_short_window,SHORT_WINDOW,14,0.5,400,2,140,ok,,,1,50.67558400332928,120,1,25.10499999999999,11.618000000002212,1763557022713,1763557022732,,,,,,,,,,long,21539,666,253,222,2
s3_short_window,SHORT_WINDOW,14,0.5,400,2,141,ok,,,2,488.2588339969516,240,2,55.17700000000001,17.822000000000116,1763557046162,1763557046191,,,,,,,,,,long,21760,277,294,178,1
s3_short_window,SHORT_WINDOW,14,0.5,400,2,142,ok,,,1,55.743540986441076,120,1,31.90099999999999,10.61200000000099,1763557069266,1763557069282,,,,,,,,,,long,18715,326,262,209,1
s3_short_window,SHORT_WINDOW,14,0.5,400,2,143,ok,,,1,50.388375006150454,120,1,25.502999999999993,11.86699999999837,1763557090288,1763557090305,,,,,,,,,,long,17605,705,305,207,6
s3_short_window,SHORT_WINDOW,14,0.5,400,2,144,ok,,,1,48.14945801626891,120,1,23.847,11.329000000001543,1763557109444,1763557109463,,,,,,,,,,long,13970,508,241,195,4
s3_short_window,SHORT_WINDOW,14,0.5,400,2,145,ok,,,1,46.822667005471885,120,1,25.525000000000006,11.72899999999936,1763557125316,1763557125331,,,,,,,,,,long,18395,639,232,269,3
s3_short_window,SHORT_WINDOW,14,0.5,400,2,146,ok,,,2,466.1327509675175,240,2,40.23099999999999,14.507000000001426,1763557145502,1763557145522,,,,,,,,,,long,20942,323,321,259,3
s3_short_window,SHORT_WINDOW,14,0.5,400,2,147,ok,,,2,466.49929200066254,240,2,40.495999999999995,11.67500000000291,1763557168739,1763557168764,,,,,,,,,,long,17751,881,225,277,3
s3_short_window,SHORT_WINDOW,14,0.5,400,2,148,ok,,,1,46.314582985360175,120,1,24.896,11.738000000001193,1763557187417,1763557187433,,,,,,,,,,long,20482,654,281,206,0
s3_short_window,SHORT_WINDOW,14,0.5,400,2,149,ok,,,1,50.52583396900445,120,1,27.562999999999995,11.81300000000192,1763557209893,1763557209909,,,,,,,,,,long,14260,683,203,272,5
s3_short_window,SHORT_WINDOW,14,0.5,400,2,150,ok,,,1,48.645875009242445,120,1,26.111999999999973,10.89799999999741,1763557225523,1763557225539,,,,,,,,,,long,18302,304,299,150,1
s3_short_window,SHORT_WINDOW,14,0.5,400,2,151,ok,,,1,51.76699999719858,120,1,24.42799999999999,11.26900000000387,1763557245787,1763557245807,,,,,,,,,,long,18251,573,303,224,2
s3_short_window,SHORT_WINDOW,14,0.5,400,2,152,ok,,,1,51.31354200420901,120,1,23.732999999999997,12.275999999998021,1763557265666,1763557265686,,,,,,,,,,long,20522,402,266,203,2
s3_short_window,SHORT_WINDOW,14,0.5,400,2,153,ok,,,1,49.59650000091642,120,1,26.809999999999995,10.221999999997934,1763557287942,1763557287961,,,,,,,,,,long,18906,405,272,208,4
s3_short_window,SHORT_WINDOW,14,0.5,400,2,154,ok,,,1,47.59475000901148,120,1,25.325000000000003,11.502000000000407,1763557309093,1763557309109,,,,,,,,,,long,21679,870,221,183,2
s3_short_window,SHORT_WINDOW,14,0.5,400,2,155,ok,,,1,51.051166956312954,120,1,24.817,11.244999999998981,1763557332022,1763557332040,,,,,,,,,,long,18210,560,286,245,2
s3_short_window,SHORT_WINDOW,14,0.5,400,2,156,ok,,,1,44.64420903241262,120,1,24.981,11.536000000000058,1763557352328,1763557352342,,,,,,,,,,long,21277,823,233,252,3
s3_short_window,SHORT_WINDOW,14,0.5,400,2,157,ok,,,3,892.6209589699283,360,3,59.129000000000005,13.090000000000146,1763557376065,1763557376085,,,,,,,,,,long,19258,663,263,274,4
s3_short_window,SHORT_WINDOW,14,0.5,400,2,158,ok,,,2,460.1610830286518,240,2,35.25600000000001,12.804000000000087,1763557396709,1763557396727,,,,,,,,,,long,15110,791,320,262,3
s3_short_window,SHORT_WINDOW,14,0.5,400,2,159,ok,,,1,47.42537502897903,120,1,23.800000000000004,10.959000000002561,1763557412801,1763557412819,,,,,,,,,,long,20617,375,203,180,3
s3_short_window,SHORT_WINDOW,14,0.5,400,2,160,ok,,,1,51.22187500819564,120,1,28.70499999999999,11.102999999999156,1763557435105,1763557435121,,,,,,,,,,long,21593,321,334,272,1
s3_short_window,SHORT_WINDOW,14,0.5,400,2,161,ok,,,1,56.585249956697226,120,1,33.961999999999996,10.460000000002765,1763557458648,1763557458664,,,,,,,,,,long,16584,523,248,181,3
s3_short_window,SHORT_WINDOW,14,0.5,400,2,162,ok,,,1,49.96845900313929,120,1,27.490999999999993,11.509000000001834,1763557476883,1763557476899,,,,,,,,,,long,17642,423,349,202,2
s3_short_window,SHORT_WINDOW,14,0.5,400,2,163,ok,,,2,485.9897509450093,240,2,52.885999999999996,21.735999999997148,1763557496551,1763557496580,,,,,,,,,,long,13951,261,349,235,0
s3_short_window,SHORT_WINDOW,14,0.5,400,2,164,ok,,,1,45.63466599211097,120,1,23.188999999999993,10.674999999999272,1763557511934,1763557511951,,,,,,,,,,long,16859,439,236,269,4
s3_short_window,SHORT_WINDOW,14,0.5,400,2,165,ok,,,1,47.149790974799544,120,1,25.923999999999985,11.794999999998254,1763557531008,1763557531023,,,,,,,,,,long,18922,794,308,254,0
s3_short_window,SHORT_WINDOW,14,0.5,400,2,166,failed,timeout,110,3,1235.9334169887006,360,3,28.150999999999996,0.0,,,,,,,,,,,,long,20601,281,288,155,6
s3_short_window,SHORT_WINDOW,14,0.5,400,2,167,ok,,,1,49.02895801933482,120,1,26.269999999999982,11.254000000000815,1763557573291,1763557573307,,,,,,,,,,long,18269,310,263,250,1
s3_short_window,SHORT_WINDOW,14,0.5,400,2,168,ok,,,1,47.00533300638199,120,1,24.583999999999996,11.401999999998225,1763557593486,1763557593502,,,,,,,,,,long,14873,565,268,216,5
s3_short_window,SHORT_WINDOW,14,0.5,400,2,169,ok,,,1,53.11949999304488,120,1,25.827999999999996,11.735999999997148,1763557610281,1763557610301,,,,,,,,,,long,19827,859,311,267,2
s3_short_window,SHORT_WINDOW,14,0.5,400,2,170,ok,,,1,49.97975000878796,120,1,26.347999999999992,12.186000000001513,1763557631381,1763557631397,,,,,,,,,,long,16038,399,327,182,2
s3_short_window,SHORT_WINDOW,14,0.5,400,2,171,ok,,,1,47.38779197214171,120,1,25.12100000000001,11.734999999996944,1763557649399,1763557649415,,,,,,,,,,long,21427,696,324,233,3
s3_short_window,SHORT_WINDOW,14,0.5,400,2,172,ok,,,1,50.19758304115385,120,1,25.202999999999996,11.112999999993917,1763557672293,1763557672311,,,,,,,,,,long,15469,504,316,212,5
s3_short_window,SHORT_WINDOW,14,0.5,400,2,173,ok,,,1,51.00858403602615,120,1,25.189,11.319000000003143,1763557689598,1763557689616,,,,,,,,,,long,17088,560,273,179,3
s3_short_window,SHORT_WINDOW,14,0.5,400,2,174,ok,,,1,46.54816695256159,120,1,23.970000000000006,10.219999999997526,1763557708122,1763557708139,,,,,,,,,,long,17969,461,208,168,4
s3_short_window,SHORT_WINDOW,14,0.5,400,2,175,ok,,,1,48.23174997000024,120,1,25.313000000000002,12.674000000002707,1763557727833,1763557727848,,,,,,,,,,long,17019,413,310,268,0
s3_short_window,SHORT_WINDOW,14,0.5,400,2,176,ok,,,1,47.63054201612249,120,1,25.624000000000002,11.596000000001368,1763557746799,1763557746815,,,,,,,,,,long,14897,632,328,266,3
,,,,,,,preauth_failed,step4_wait,0,0,0.0,0,0,0.0,0.0,,,,,,,,,,,,,,,,,
s3_short_window,SHORT_WINDOW,14,0.5,400,2,178,ok,,,1,53.949875000398606,120,1,30.559999999999988,13.43800000000192,1763557768784,1763557768799,,,,,,,,,,long,21174,846,344,155,3
s3_short_window,SHORT_WINDOW,14,0.5,400,2,179,ok,,,1,46.06608400354162,120,1,24.904000000000003,11.248999999996158,1763557791716,1763557791730,,,,,,,,,,long,21754,892,333,163,4
s3_short_window,SHORT_WINDOW,14,0.5,400,2,180,ok,,,1,46.78745899582282,120,1,23.607999999999997,10.715000000003783,1763557814789,1763557814806,,,,,,,,,,long,20900,445,219,251,2
s3_short_window,SHORT_WINDOW,14,0.5,400,2,181,ok,,,1,50.62937497859821,120,1,25.430999999999997,11.799999999999272,1763557837684,1763557837703,,,,,,,,,,long,21097,637,291,236,1
s3_short_window,SHORT_WINDOW,14,0.5,400,2,182,ok,,,1,48.820291995070875,120,1,25.397999999999996,11.335000000002765,1763557860420,1763557860436,,,,,,,,,,long,17756,652,247,279,0
s3_short_window,SHORT_WINDOW,14,0.5,400,2,183,ok,,,1,51.14158400101587,120,1,26.665999999999983,11.476000000002387,1763557879639,1763557879657,,,,,,,,,,long,21237,332,240,190,4
s3_short_window,SHORT_WINDOW,14,0.5,400,2,184,ok,,,1,53.77883301116526,120,1,27.338000000000008,12.36200000000099,1763557902321,1763557902339,,,,,,,,,,long,16186,254,242,217,3
s3_short_window,SHORT_WINDOW,14,0.5,400,2,185,ok,,,1,45.764916052576154,120,1,25.53900000000001,11.834999999999127,1763557920671,1763557920685,,,,,,,,,,long,15569,688,203,256,0
s3_short_window,SHORT_WINDOW,14,0.5,400,2,186,ok,,,1,45.97166599705815,120,1,25.485999999999997,10.995999999999185,1763557937574,1763557937588,,,,,,,,,,long,15370,312,259,270,4
s3_short_window,SHORT_WINDOW,14,0.5,400,2,187,ok,,,1,51.43479199614376,120,1,26.166999999999994,12.091999999996915,1763557955289,1763557955308,,,,,,,,,,long,16249,856,208,170,3
s3_short_window,SHORT_WINDOW,14,0.5,400,2,188,ok,,,1,47.409792023245245,120,1,24.983999999999995,11.37999999999738,1763557972810,1763557972825,,,,,,,,,,long,20780,541,235,170,5
s3_short_window,SHORT_WINDOW,14,0.5,400,2,189,ok,,,3,890.0040420121513,360,3,56.214999999999996,16.98700000000099,1763557996211,1763557996234,,,,,,,,,,long,16531,578,254,165,5
s3_short_window,SHORT_WINDOW,14,0.5,400,2,190,ok,,,1,47.81937500229105,120,1,26.699999999999996,11.242999999998574,1763558013269,1763558013285,,,,,,,,,,long,17055,352,287,198,3
s3_short_window,SHORT_WINDOW,14,0.5,400,2,191,ok,,,1,43.48270798800513,120,1,22.807999999999993,11.208000000002357,1763558032226,1763558032240,,,,,,,,,,long,16838,447,291,178,3
s3_short_window,SHORT_WINDOW,14,0.5,400,2,192,ok,,,2,486.76016699755564,240,2,52.558,20.712999999999738,1763558051097,1763558051126,,,,,,,,,,long,18873,254,268,221,3
s3_short_window,SHORT_WINDOW,14,0.5,400,2,193,ok,,,3,887.5146249774843,360,3,56.69300000000001,13.626000000000204,1763558072497,1763558072516,,,,,,,,,,long,16056,666,203,216,2
s3_short_window,SHORT_WINDOW,14,0.5,400,2,194,ok,,,1,49.801249988377094,120,1,25.558000000000007,11.745999999999185,1763558089617,1763558089634,,,,,,,,,,long,20279,759,257,178,1
s3_short_window,SHORT_WINDOW,14,0.5,400,2,195,ok,,,1,47.33174998546019,120,1,24.77799999999999,11.293000000001484,1763558111372,1763558111386,,,,,,,,,,long,15164,554,265,261,0
s3_short_window,SHORT_WINDOW,14,0.5,400,2,196,ok,,,1,51.37091700453311,120,1,25.63299999999998,11.893000000000029,1763558128396,1763558128415,,,,,,,,,,long,15552,616,267,236,4
s3_short_window,SHORT_WINDOW,14,0.5,400,2,197,ok,,,1,49.208750016987324,120,1,25.208,11.817999999995664,1763558145777,1763558145794,,,,,,,,,,long,21399,695,210,151,3
s3_short_window,SHORT_WINDOW,14,0.5,400,2,198,ok,,,1,62.428959005046636,120,1,25.637999999999998,22.85099999999875,1763558168956,1763558168973,,,,,,,,,,long,19906,748,228,164,1
s3_short_window,SHORT_WINDOW,14,0.5,400,2,199,ok,,,1,44.638541992753744,120,1,22.819000000000003,10.60200000000259,1763558190356,1763558190372,,,,,,,,,,long,20334,528,311,150,3
s3_short_window,SHORT_WINDOW,14,0.5,400,2,200,ok,,,1,45.81037495518103,120,1,25.283,11.495999999999185,1763558212539,1763558212553,,,,,,,,,,long,21020,611,254,258,5
s3_short_window,SHORT_WINDOW,14,0.5,400,2,201,ok,,,1,46.82754201348871,120,1,24.936,11.195999999996275,1763558235122,1763558235136,,,,,,,,,,long,15117,461,229,249,1
s3_short_window,SHORT_WINDOW,14,0.5,400,2,202,ok,,,1,49.54133299179375,120,1,25.67799999999999,11.812999999998283,1763558252336,1763558252353,,,,,,,,,,long,20957,710,201,160,3
s3_short_window,SHORT_WINDOW,14,0.5,400,2,203,ok,,,1,47.5330000044778,120,1,25.358999999999995,10.63199999999415,1763558274683,1763558274701,,,,,,,,,,long,20568,339,224,248,2
s3_short_window,SHORT_WINDOW,14,0.5,400,2,204,ok,,,1,49.38425001455471,120,1,25.183,12.266999999999825,1763558296888,1763558296904,,,,,,,,,,long,20019,348,266,206,6
s3_short_window,SHORT_WINDOW,14,0.5,400,2,205,ok,,,2,465.4232090106234,240,2,37.832,15.580000000001746,1763558318998,1763558319018,,,,,,,,,,long,21790,258,319,198,4
s3_short_window,SHORT_WINDOW,14,0.5,400,2,206,ok,,,1,44.99787499662489,120,1,25.757000000000005,10.258999999998196,1763558342144,1763558342159,,,,,,,,,,long,18759,286,207,257,5
,,,,,,,preauth_failed,step4_wait,0,0,0.0,0,0,0.0,0.0,,,,,,,,,,,,,,,,,
s3_short_window,SHORT_WINDOW,14,0.5,400,2,208,ok,,,1,50.48866698052734,120,1,26.329,11.386999999995169,1763558367940,1763558367957,,,,,,,,,,long,20824,331,345,201,3
s3_short_window,SHORT_WINDOW,14,0.5,400,2,209,ok,,,1,46.070124953985214,120,1,23.564000000000007,10.536999999996624,1763558390695,1763558390709,,,,,,,,,,long,18912,530,281,250,5
s3_short_window,SHORT_WINDOW,14,0.5,400,2,210,ok,,,1,50.73987500509247,120,1,24.037999999999997,10.738000000001193,1763558411694,1763558411715,,,,,,,,,,long,15815,848,228,236,1
s3_short_window,SHORT_WINDOW,14,0.5,400,2,211,ok,,,2,458.6091670207679,240,2,33.452,12.635999999994965,1763558429689,1763558429703,,,,,,,,,,long,18434,876,218,245,4
s3_short_window,SHORT_WINDOW,14,0.5,400,2,212,ok,,,1,46.070999989751726,120,1,22.754999999999995,10.084999999999127,1763558449091,1763558449108,,,,,,,,,,long,19771,547,217,159,2
s3_short_window,SHORT_WINDOW,14,0.5,400,2,213,ok,,,1,46.81229201378301,120,1,25.185999999999993,11.764999999999418,1763558471056,1763558471072,,,,,,,,,,long,18405,868,283,188,5
s3_short_window,SHORT_WINDOW,14,0.5,400,2,214,ok,,,2,491.458208009135,240,2,49.35699999999999,22.317000000002736,1763558491055,1763558491085,,,,,,,,,,long,21764,287,350,176,2
s3_short_window,SHORT_WINDOW,14,0.5,400,2,215,ok,,,1,48.09962498256937,120,1,23.965999999999994,10.989000000005035,1763558514395,1763558514411,,,,,,,,,,long,20548,526,251,211,3
s3_short_window,SHORT_WINDOW,14,0.5,400,2,216,ok,,,1,47.51562501769513,120,1,25.951999999999998,11.017000000003463,1763558536953,1763558536968,,,,,,,,,,long,20800,827,336,171,3
s3_short_window,SHORT_WINDOW,14,0.5,400,2,217,ok,,,1,44.24395802197978,120,1,22.870999999999995,10.305000000000291,1763558559233,1763558559247,,,,,,,,,,long,18425,568,254,228,1
s3_short_window,SHORT_WINDOW,14,0.5,400,2,218,ok,,,1,48.8159169908613,120,1,24.995000000000005,11.320999999999913,1763558579549,1763558579565,,,,,,,,,,long,21736,621,266,262,3
s3_short_window,SHORT_WINDOW,14,0.5,400,2,219,ok,,,1,48.61608397914097,120,1,27.322000000000003,10.433000000000902,1763558602879,1763558602896,,,,,,,,,,long,18765,398,316,221,1
s3_short_window,SHORT_WINDOW,14,0.5,400,2,220,ok,,,1,48.01545897498727,120,1,24.710999999999984,10.587000000003172,1763558623396,1763558623414,,,,,,,,,,long,14067,461,307,209,3
s3_short_window,SHORT_WINDOW,14,0.5,400,2,221,ok,,,1,48.81662497064099,120,1,25.480999999999987,11.65599999999904,1763558639476,1763558639492,,,,,,,,,,long,16842,698,322,248,1
s3_short_window,SHORT_WINDOW,14,0.5,400,2,222,ok,,,1,46.81145801441744,120,1,24.729,11.454999999998108,1763558658027,1763558658042,,,,,,,,,,long,18857,652,333,261,5
s3_short_window,SHORT_WINDOW,14,0.5,400,2,223,ok,,,1,47.8636670159176,120,1,25.407999999999994,11.611999999997352,1763558678579,1763558678594,,,,,,,,,,long,19676,615,297,239,1
s3_short_window,SHORT_WINDOW,14,0.5,400,2,224,ok,,,1,46.91270797047764,120,1,27.735,11.650000000001455,1763558700155,1763558700171,,,,,,,,,,long,19284,648,293,214,3
s3_short_window,SHORT_WINDOW,14,0.5,400,2,225,ok,,,3,880.0666670431383,360,3,48.36600000000001,14.859999999996944,1763558722207,1763558722226,,,,,,,,,,long,17728,836,219,176,2
s3_short_window,SHORT_WINDOW,14,0.5,400,2,226,ok,,,1,47.719665977638215,120,1,26.344,11.752000000000407,1763558740817,1763558740832,,,,,,,,,,long,16616,706,240,208,2
s3_short_window,SHORT_WINDOW,14,0.5,400,2,227,ok,,,1,69.40133403986692,120,1,26.640000000000008,24.805999999996857,1763558759149,1763558759167,,,,,,,,,,long,21702,690,235,194,3
s3_short_window,SHORT_WINDOW,14,0.5,400,2,228,ok,,,1,51.97970900917426,120,1,29.396,11.424999999995634,1763558782347,1763558782366,,,,,,,,,,long,16508,433,343,170,4
s3_short_window,SHORT_WINDOW,14,0.5,400,2,229,ok,,,1,43.995457992423326,120,1,23.448999999999998,10.787000000000262,1763558800739,1763558800753,,,,,,,,,,long,14401,506,269,261,0
s3_short_window,SHORT_WINDOW,14,0.5,400,2,230,ok,,,1,48.768541018944234,120,1,27.102999999999987,11.507999999997992,1763558816553,1763558816568,,,,,,,,,,long,17616,265,204,213,1
s3_short_window,SHORT_WINDOW,14,0.5,400,2,231,ok,,,1,49.38137502176687,120,1,25.688999999999993,11.95100000000457,1763558836353,1763558836370,,,,,,,,,,long,20743,759,286,156,3
s3_short_window,SHORT_WINDOW,14,0.5,400,2,232,ok,,,1,50.86808302439749,120,1,25.888999999999974,11.890000000003056,1763558858870,1763558858889,,,,,,,,,,long,21021,806,203,280,2
s3_short_window,SHORT_WINDOW,14,0.5,400,2,233,ok,,,2,481.27587500493973,240,2,51.279999999999994,16.143999999996595,1763558881545,1763558881573,,,,,,,,,,long,18397,254,330,197,1
s3_short_window,SHORT_WINDOW,14,0.5,400,2,234,ok,,,1,45.47341703437269,120,1,23.306999999999995,10.674999999999272,1763558901511,1763558901526,,,,,,,,,,long,20777,495,330,184,1
s3_short_window,SHORT_WINDOW,14,0.5,400,2,235,ok,,,1,49.25891698803753,120,1,25.768000000000008,11.937999999994645,1763558924391,1763558924408,,,,,,,,,,long,19249,851,280,226,0
s3_short_window,SHORT_WINDOW,14,0.5,400,2,236,ok,,,1,46.92262498429045,120,1,24.508000000000003,11.38300000000163,1763558945108,1763558945123,,,,,,,,,,long,18457,585,293,195,2
s3_short_window,SHORT_WINDOW,14,0.5,400,2,237,ok,,,1,48.53716603247449,120,1,25.486000000000004,11.861000000004424,1763558965416,1763558965432,,,,,,,,,,long,14859,669,285,262,2
s3_short_window,SHORT_WINDOW,14,0.5,400,2,238,ok,,,1,50.956792023498565,120,1,25.536,11.92699999999968,1763558982168,1763558982187,,,,,,,,,,long,20127,836,301,222,4
s3_short_window,SHORT_WINDOW,14,0.5,400,2,239,ok,,,1,47.468833974562585,120,1,24.540000000000006,11.473000000001775,1763559003608,1763559003623,,,,,,,,,,long,21619,465,208,226,2
s3_short_window,SHORT_WINDOW,14,0.5,400,2,240,ok,,,3,888.6199590051547,360,3,56.638,13.192999999999302,1763559028234,1763559028251,,,,,,,,,,long,18713,896,252,217,4
s3_short_window,SHORT_WINDOW,14,0.5,400,2,241,ok,,,1,51.77404196001589,120,1,26.10499999999999,12.013000000002648,1763559047810,1763559047828,,,,,,,,,,long,20401,778,297,215,2
s3_short_window,SHORT_WINDOW,14,0.5,400,2,242,ok,,,1,44.96812500292435,120,1,23.67,10.744999999998981,1763559069614,1763559069628,,,,,,,,,,long,20517,525,322,168,2
s3_short_window,SHORT_WINDOW,14,0.5,400,2,243,ok,,,1,49.639167031273246,120,1,25.141,13.38999999999578,1763559091647,1763559091663,,,,,,,,,,long,14844,284,204,192,1
s3_short_window,SHORT_WINDOW,14,0.5,400,2,244,ok,,,1,49.43924996769056,120,1,26.234999999999992,12.159999999999854,1763559108829,1763559108845,,,,,,,,,,long,14711,830,238,228,1
s3_short_window,SHORT_WINDOW,14,0.5,400,2,245,ok,,,1,51.89279199112207,120,1,26.156999999999996,11.967000000004191,1763559125289,1763559125308,,,,,,,,,,long,13949,844,261,151,1
s3_short_window,SHORT_WINDOW,14,0.5,400,2,246,ok,,,1,46.57233401667327,120,1,25.216000000000008,11.628999999997177,1763559140839,1763559140854,,,,,,,,,,long,17727,647,249,166,6
s3_short_window,SHORT_WINDOW,14,0.5,400,2,247,ok,,,1,52.815500006545335,120,1,26.432999999999986,12.276000000001659,1763559160235,1763559160254,,,,,,,,,,long,20133,600,244,172,5
s3_short_window,SHORT_WINDOW,14,0.5,400,2,248,ok,,,1,48.552958003710955,120,1,26.068000000000005,12.126000000003842,1763559182326,1763559182342,,,,,,,,,,long,21079,802,249,174,0
s3_short_window,SHORT_WINDOW,14,0.5,400,2,249,ok,,,1,50.75629195198417,120,1,25.655,11.961999999995896,1763559205110,1763559205128,,,,,,,,,,long,18804,800,234,211,4
s3_short_window,SHORT_WINDOW,14,0.5,400,2,250,ok,,,1,47.67654195893556,120,1,25.456999999999994,11.717999999997119,1763559225418,1763559225434,,,,,,,,,,long,14451,717,344,247,4
s3_short_window,SHORT_WINDOW,14,0.5,400,2,251,ok,,,1,41.897499992046505,120,1,22.566999999999993,10.379000000000815,1763559241155,1763559241168,,,,,,,,,,long,14948,481,307,205,2
s3_short_window,SHORT_WINDOW,14,0.5,400,2,252,ok,,,1,47.69816604675725,120,1,24.276999999999994,10.511000000002241,1763559257700,1763559257717,,,,,,,,,,long,19385,374,277,204,7
s3_short_window,SHORT_WINDOW,14,0.5,400,2,253,ok,,,1,46.22774996096268,120,1,23.407000000000004,10.015000000003056,1763559279391,1763559279407,,,,,,,,,,long,19228,877,317,170,2
s3_short_window,SHORT_WINDOW,14,0.5,400,2,254,ok,,,2,490.71700003696606,240,2,54.831999999999994,20.427000000003318,1763559300183,1763559300217,,,,,,,,,,long,15582,252,320,188,1
s3_short_window,SHORT_WINDOW,14,0.5,400,2,255,ok,,,3,879.8924179864116,360,3,46.705000000000005,15.514999999999418,1763559318200,1763559318221,,,,,,,,,,long,16545,633,235,154,4
s3_short_window,SHORT_WINDOW,14,0.5,400,2,256,ok,,,1,47.02654201537371,120,1,25.189999999999998,11.516999999996187,1763559335625,1763559335640,,,,,,,,,,long,21060,544,243,158,4
s3_short_window,SHORT_WINDOW,14,0.5,400,2,257,ok,,,1,47.9555000201799,120,1,25.296,11.630000000001019,1763559358512,1763559358529,,,,,,,,,,long,18567,647,298,206,4
s3_short_window,SHORT_WINDOW,14,0.5,400,2,258,ok,,,1,51.410250016488135,120,1,25.77900000000001,11.90400000000227,1763559378984,1763559379002,,,,,,,,,,long,20205,784,318,256,3
s3_short_window,SHORT_WINDOW,14,0.5,400,2,259,ok,,,1,48.60300000291318,120,1,26.979,12.17699999999968,1763559400713,1763559400727,,,,,,,,,,long,21331,607,260,252,5
s3_short_window,SHORT_WINDOW,14,0.5,400,2,260,ok,,,1,45.94587499741465,120,1,24.531000000000006,10.783000000006723,1763559423558,1763559423574,,,,,,,,,,long,18585,457,216,250,7
s3_short_window,SHORT_WINDOW,14,0.5,400,2,261,ok,,,1,45.800582971423864,120,1,25.360999999999997,11.833000000002357,1763559444369,1763559444384,,,,,,,,,,long,14218,876,261,234,1
,,,,,,,preauth_failed,step4_wait,0,0,0.0,0,0,0.0,0.0,,,,,,,,,,,,,,,,,
s3_short_window,SHORT_WINDOW,14,0.5,400,2,263,ok,,,1,50.51454098429531,120,1,25.868000000000002,11.489000000005035,1763559464907,1763559464924,,,,,,,,,,long,17911,355,336,180,3
s3_short_window,SHORT_WINDOW,14,0.5,400,2,264,ok,,,1,48.05099999066442,120,1,24.544000000000004,11.112000000004628,1763559484732,1763559484749,,,,,,,,,,long,16286,521,255,226,1
s3_short_window,SHORT_WINDOW,14,0.5,400,2,265,ok,,,1,48.69133298052475,120,1,25.13900000000001,11.545999999998457,1763559503225,1763559503241,,,,,,,,,,long,20995,894,298,253,2
s3_short_window,SHORT_WINDOW,14,0.5,400,2,266,ok,,,1,46.8146659550257,120,1,24.96199999999999,11.543000000001484,1763559525827,1763559525843,,,,,,,,,,long,17325,700,238,271,1
s3_short_window,SHORT_WINDOW,14,0.5,400,2,267,ok,,,1,52.126709022559226,120,1,25.91600000000001,12.167000000004919,1763559544976,1763559544996,,,,,,,,,,long,19766,778,278,258,2
s3_short_window,SHORT_WINDOW,14,0.5,400,2,268,ok,,,1,49.102541990578175,120,1,25.01999999999999,11.694999999996071,1763559566426,1763559566443,,,,,,,,,,long,14609,596,238,184,1
s3_short_window,SHORT_WINDOW,14,0.5,400,2,269,ok,,,1,50.67470797803253,120,1,25.62599999999999,11.873999999996158,1763559583094,1763559583111,,,,,,,,,,long,18860,895,275,150,2
s3_short_window,SHORT_WINDOW,14,0.5,400,2,270,ok,,,1,47.73999995086342,120,1,24.85200000000001,11.419999999998254,1763559603656,1763559603672,,,,,,,,,,long,15998,805,261,164,3
s3_short_window,SHORT_WINDOW,14,0.5,400,2,271,ok,,,1,48.11670898925513,120,1,27.416999999999994,10.438999999998487,1763559620996,1763559621013,,,,,,,,,,long,21028,383,265,157,1
s3_short_window,SHORT_WINDOW,14,0.5,400,2,272,ok,,,1,46.73075000755489,120,1,24.752999999999993,11.398000000001048,1763559644053,1763559644069,,,,,,,,,,long,18682,577,276,226,2
s3_short_window,SHORT_WINDOW,14,0.5,400,2,273,ok,,,1,43.39037503814325,120,1,24.416999999999994,11.239000000001397,1763559664609,1763559664622,,,,,,,,,,long,17516,710,312,223,2
s3_short_window,SHORT_WINDOW,14,0.5,400,2,274,ok,,,1,48.610416997689754,120,1,25.497,11.167999999997846,1763559683463,1763559683479,,,,,,,,,,long,20421,309,283,226,0
s3_short_window,SHORT_WINDOW,14,0.5,400,2,275,ok,,,1,45.132209022995085,120,1,25.729,10.148000000001048,1763559705634,1763559705649,,,,,,,,,,long,18252,343,214,240,3
s3_short_window,SHORT_WINDOW,14,0.5,400,2,276,ok,,,1,47.92466701474041,120,1,23.858000000000004,11.097999999998137,1763559725784,1763559725801,,,,,,,,,,long,19852,539,325,262,1
s3_short_window,SHORT_WINDOW,14,0.5,400,2,277,ok,,,2,490.00833299942315,240,2,52.312,20.60700000000361,1763559747683,1763559747715,,,,,,,,,,long,16753,293,347,256,2
s3_short_window,SHORT_WINDOW,14,0.5,400,2,278,ok,,,1,48.74954099068418,120,1,24.39699999999999,11.069999999992433,1763559765895,1763559765914,,,,,,,,,,long,16946,468,211,229,1
s3_short_window,SHORT_WINDOW,14,0.5,400,2,279,ok,,,1,50.11337500764057,120,1,27.287,11.099999999998545,1763559784461,1763559784477,,,,,,,,,,long,21764,346,315,217,0
s3_short_window,SHORT_WINDOW,14,0.5,400,2,280,ok,,,2,495.16179197235033,240,2,55.02099999999999,21.3240000000078,1763559808284,1763559808319,,,,,,,,,,long,18014,285,323,174,2
s3_short_window,SHORT_WINDOW,14,0.5,400,2,281,ok,,,1,47.781541012227535,120,1,24.369999999999997,11.918000000012398,1763559827743,1763559827760,,,,,,,,,,long,14876,416,316,156,3
s3_short_window,SHORT_WINDOW,14,0.5,400,2,282,ok,,,1,49.06208300963044,120,1,23.981,10.490000000005239,1763559844664,1763559844682,,,,,,,,,,long,15059,406,233,150,1
s3_short_window,SHORT_WINDOW,14,0.5,400,2,283,ok,,,1,46.571249957196414,120,1,25.32800000000001,10.822000000000116,1763559861408,1763559861424,,,,,,,,,,long,15914,321,287,258,1
s3_short_window,SHORT_WINDOW,14,0.5,400,2,284,ok,,,1,81.33629197254777,120,1,46.958,11.330000000001746,1763559879453,1763559879500,,,,,,,,,,long,16760,593,247,246,0
s3_short_window,SHORT_WINDOW,14,0.5,400,2,285,ok,,,1,51.69241700787097,120,1,27.679999999999993,11.860000000000582,1763559898446,1763559898465,,,,,,,,,,long,15916,889,300,259,3
s3_short_window,SHORT_WINDOW,14,0.5,400,2,286,ok,,,1,50.73762504616752,120,1,26.769,10.51299999999901,1763559915727,1763559915746,,,,,,,,,,long,15602,461,348,178,2
s3_short_window,SHORT_WINDOW,14,0.5,400,2,287,ok,,,1,43.1392079917714,120,1,22.624999999999996,10.096999999994296,1763559933002,1763559933018,,,,,,,,,,long,21439,481,293,247,5
s3_short_window,SHORT_WINDOW,14,0.5,400,2,288,ok,,,1,52.64641594840214,120,1,28.26100000000001,12.429000000003725,1763559956153,1763559956169,,,,,,,,,,long,19290,361,251,271,2
s3_short_window,SHORT_WINDOW,14,0.5,400,2,289,ok,,,1,45.651459018699825,120,1,23.668999999999997,10.59299999999348,1763559977430,1763559977447,,,,,,,,,,long,16347,543,260,256,3
s3_short_window,SHORT_WINDOW,14,0.5,400,2,290,ok,,,1,48.702333006076515,120,1,25.393,11.903000000005704,1763559995719,1763559995735,,,,,,,,,,long,21209,663,264,264,2
s3_short_window,SHORT_WINDOW,14,0.5,400,2,291,ok,,,1,48.03020803956315,120,1,25.29,11.456000000005588,1763560018726,1763560018742,,,,,,,,,,long,16667,695,291,210,1
s3_short_window,SHORT_WINDOW,14,0.5,400,2,292,ok,,,1,48.02079196088016,120,1,25.73400000000001,11.905000000006112,1763560037317,1763560037334,,,,,,,,,,long,17903,805,335,210,0
s3_short_window,SHORT_WINDOW,14,0.5,400,2,293,ok,,,1,48.93745802110061,120,1,25.127000000000002,11.760000000002037,1763560056944,1763560056961,,,,,,,,,,long,15116,676,333,226,1
s3_short_window,SHORT_WINDOW,14,0.5,400,2,294,ok,,,1,44.300417008344084,120,1,23.073,10.58200000000943,1763560073642,1763560073656,,,,,,,,,,long,17439,495,265,257,2
s3_short_window,SHORT_WINDOW,14,0.5,400,2,295,ok,,,1,48.98545902688056,120,1,25.461999999999996,10.81900000001042,1763560093304,1763560093320,,,,,,,,,,long,17249,681,349,266,2
s3_short_window,SHORT_WINDOW,14,0.5,400,2,296,ok,,,1,45.92908301856369,120,1,24.664999999999992,11.273000000001048,1763560112334,1763560112349,,,,,,,,,,long,19049,806,239,235,2
s3_short_window,SHORT_WINDOW,14,0.5,400,2,297,ok,,,1,47.366958984639496,120,1,25.922999999999995,10.417999999997846,1763560132675,1763560132689,,,,,,,,,,long,20093,292,209,191,2
s3_short_window,SHORT_WINDOW,14,0.5,400,2,298,ok,,,1,47.65624995343387,120,1,23.412999999999997,11.651999999994587,1763560154646,1763560154663,,,,,,,,,,long,17424,423,270,219,3
s3_short_window,SHORT_WINDOW,14,0.5,400,2,299,ok,,,1,47.04874998424202,120,1,23.867999999999988,10.79500000000553,1763560173640,1763560173655,,,,,,,,,,long,15029,470,235,254,1
s3_short_window,SHORT_WINDOW,14,0.5,400,2,300,ok,,,1,48.11716702533886,120,1,25.02900000000001,11.77900000000227,1763560190953,1763560190970,,,,,,,,,,long,19573,759,291,273,1
s3_short_window,SHORT_WINDOW,24,0.5,300,2,1,ok,,,1,56.61958298878744,120,1,25.947999999999993,12.25,1763560212393,1763560212414,,,,,,,,,,short,6678,563,208,247,0
s3_short_window,SHORT_WINDOW,24,0.5,300,2,2,ok,,,1,53.371625021100044,120,1,25.495999999999995,11.163000000000466,1763560221143,1763560221163,,,,,,,,,,short,7385,705,225,219,0
s3_short_window,SHORT_WINDOW,24,0.5,300,2,3,ok,,,1,55.29591703088954,120,1,25.792999999999992,10.925000000010186,1763560229998,1763560230021,,,,,,,,,,short,7688,368,218,213,1
s3_short_window,SHORT_WINDOW,24,0.5,300,2,4,ok,,,1,67.67924997257069,120,1,39.249,11.372999999992317,1763560239389,1763560239410,,,,,,,,,,short,6873,334,267,232,0
s3_short_window,SHORT_WINDOW,24,0.5,300,2,5,ok,,,1,55.02308299764991,120,1,25.13899999999999,11.57900000000518,1763560248256,1763560248280,,,,,,,,,,short,7596,501,231,213,2
s3_short_window,SHORT_WINDOW,24,0.5,300,2,6,ok,,,3,683.6941670044325,360,3,52.646999999999984,12.082000000002154,1763560258495,1763560258513,,,,,,,,,,short,6764,710,327,242,1
s3_short_window,SHORT_WINDOW,24,0.5,300,2,7,ok,,,1,52.58208297891542,120,1,25.825999999999993,12.880000000004657,1763560266403,1763560266423,,,,,,,,,,short,7635,607,252,210,1
s3_short_window,SHORT_WINDOW,24,0.5,300,2,8,ok,,,1,53.2232919940725,120,1,25.401999999999987,11.814000000005763,1763560275873,1763560275893,,,,,,,,,,short,6876,684,200,199,0
s3_short_window,SHORT_WINDOW,24,0.5,300,2,9,ok,,,1,58.49950003903359,120,1,25.420999999999992,11.913000000000466,1763560284624,1763560284648,,,,,,,,,,short,5823,815,327,280,2
s3_short_window,SHORT_WINDOW,24,0.5,300,2,10,ok,,,1,51.81291699409485,120,1,24.994999999999997,11.693000000006577,1763560292157,1763560292176,,,,,,,,,,short,7200,719,347,175,0
s3_short_window,SHORT_WINDOW,24,0.5,300,2,11,ok,,,2,396.57787495525554,240,2,54.243,21.17500000000291,1763560301110,1763560301147,,,,,,,,,,short,6662,315,347,197,3
s3_short_window,SHORT_WINDOW,24,0.5,300,2,12,ok,,,1,54.001875047106296,120,1,24.197000000000003,10.942000000002736,1763560309687,1763560309709,,,,,,,,,,short,6438,686,220,162,1
s3_short_window,SHORT_WINDOW,24,0.5,300,2,13,ok,,,1,60.17404200974852,120,1,28.010000000000012,13.300999999999476,1763560317897,1763560317923,,,,,,,,,,short,6137,836,344,263,0
s3_short_window,SHORT_WINDOW,24,0.5,300,2,14,ok,,,1,49.40333298873156,120,1,24.254000000000005,10.93300000000454,1763560325425,1763560325443,,,,,,,,,,short,6374,452,258,220,1
s3_short_window,SHORT_WINDOW,24,0.5,300,2,15,ok,,,1,52.84200003370643,120,1,26.110999999999997,11.296999999998661,1763560333752,1763560333774,,,,,,,,,,short,6388,728,229,238,1
s3_short_window,SHORT_WINDOW,24,0.5,300,2,16,ok,,,2,396.32408402394503,240,2,55.17699999999999,21.45799999999872,1763560341888,1763560341926,,,,,,,,,,short,6543,323,341,238,1
s3_short_window,SHORT_WINDOW,24,0.5,300,2,17,ok,,,1,60.912500019185245,120,1,29.32199999999999,13.384999999987485,1763560349947,1763560349970,,,,,,,,,,short,6435,458,228,206,0
s3_short_window,SHORT_WINDOW,24,0.5,300,2,18,ok,,,1,53.24070801725611,120,1,25.661,11.218000000000757,1763560358373,1763560358394,,,,,,,,,,short,6211,676,325,184,1
s3_short_window,SHORT_WINDOW,24,0.5,300,2,19,ok,,,1,51.2402500025928,120,1,24.92799999999999,11.257000000005064,1763560365968,1763560365987,,,,,,,,,,short,7224,346,233,250,1
s3_short_window,SHORT_WINDOW,24,0.5,300,2,20,ok,,,1,56.67458398966119,120,1,27.602999999999987,13.035000000003492,1763560375266,1763560375289,,,,,,,,,,short,7424,690,263,248,1
s3_short_window,SHORT_WINDOW,24,0.5,300,2,21,ok,,,1,55.23654195712879,120,1,25.18,11.744999999995343,1763560384364,1763560384387,,,,,,,,,,short,6930,640,298,229,0
s3_short_window,SHORT_WINDOW,24,0.5,300,2,22,ok,,,1,54.51300001004711,120,1,23.848000000000006,12.757999999994354,1763560392838,1763560392860,,,,,,,,,,short,5957,393,308,262,1
s3_short_window,SHORT_WINDOW,24,0.5,300,2,23,ok,,,1,53.04754199460149,120,1,25.719,11.169000000001688,1763560400534,1763560400555,,,,,,,,,,short,6272,335,293,241,0
s3_short_window,SHORT_WINDOW,24,0.5,300,2,24,ok,,,1,53.48945799050853,120,1,26.388999999999996,11.326999999997497,1763560408805,1763560408826,,,,,,,,,,short,6527,581,288,167,0
s3_short_window,SHORT_WINDOW,24,0.5,300,2,25,ok,,,1,56.41845799982548,120,1,25.65199999999998,11.718999999997322,1763560417555,1763560417579,,,,,,,,,,short,6866,889,211,213,0
s3_short_window,SHORT_WINDOW,24,0.5,300,2,26,ok,,,1,58.69699997128919,120,1,25.48899999999999,11.971999999994296,1763560426116,1763560426141,,,,,,,,,,short,7304,783,271,166,1
s3_short_window,SHORT_WINDOW,24,0.5,300,2,27,ok,,,1,53.06216701865196,120,1,25.665,11.654999999998836,1763560435288,1763560435310,,,,,,,,,,short,6759,885,232,206,1
s3_short_window,SHORT_WINDOW,24,0.5,300,2,28,ok,,,1,54.300416028127074,120,1,25.406,11.706000000005588,1763560443832,1763560443854,,,,,,,,,,short,6576,880,262,191,3
s3_short_window,SHORT_WINDOW,24,0.5,300,2,29,ok,,,1,51.31233303109184,120,1,24.538000000000004,11.05300000000716,1763560451836,1763560451857,,,,,,,,,,short,6715,554,273,219,0
s3_short_window,SHORT_WINDOW,24,0.5,300,2,30,ok,,,1,53.15183300990611,120,1,26.292999999999985,11.711000000010245,1763560460616,1763560460637,,,,,,,,,,short,6352,677,228,229,2
s3_short_window,SHORT_WINDOW,24,0.5,300,2,31,ok,,,1,54.20441698515788,120,1,25.706000000000003,11.913000000000466,1763560468524,1763560468545,,,,,,,,,,short,7603,575,210,203,3
s3_short_window,SHORT_WINDOW,24,0.5,300,2,32,ok,,,1,59.954917000140995,120,1,26.118999999999993,12.377999999996973,1763560477978,1763560478003,,,,,,,,,,short,7014,720,258,260,2
s3_short_window,SHORT_WINDOW,24,0.5,300,2,33,ok,,,1,50.436791963875294,120,1,25.080999999999996,10.9490000000078,1763560486463,1763560486483,,,,,,,,,,short,7055,474,256,194,1
s3_short_window,SHORT_WINDOW,24,0.5,300,2,34,ok,,,1,55.7459169649519,120,1,26.843999999999994,12.569000000003143,1763560495752,1763560495773,,,,,,,,,,short,6792,807,304,267,0
s3_short_window,SHORT_WINDOW,24,0.5,300,2,35,ok,,,1,52.34733299585059,120,1,26.240999999999993,10.503999999993539,1763560503740,1763560503762,,,,,,,,,,short,5860,306,243,263,0
s3_short_window,SHORT_WINDOW,24,0.5,300,2,36,ok,,,1,52.85525001818314,120,1,24.427999999999997,11.2129999999961,1763560511715,1763560511737,,,,,,,,,,short,6377,654,331,166,1
s3_short_window,SHORT_WINDOW,24,0.5,300,2,37,ok,,,1,55.19262497546151,120,1,25.384,11.879000000000815,1763560519884,1763560519907,,,,,,,,,,short,7524,635,250,224,1
s3_short_window,SHORT_WINDOW,24,0.5,300,2,38,ok,,,1,53.632540977559984,120,1,24.658,11.493999999991502,1763560529065,1763560529086,,,,,,,,,,short,7120,529,226,199,0
s3_short_window,SHORT_WINDOW,24,0.5,300,2,39,ok,,,1,50.11254199780524,120,1,25.911999999999992,10.429000000003725,1763560537781,1763560537801,,,,,,,,,,short,6579,382,270,227,0
s3_short_window,SHORT_WINDOW,24,0.5,300,2,40,ok,,,1,55.95304101007059,120,1,25.445,11.930999999996857,1763560546660,1763560546684,,,,,,,,,,short,7029,828,344,174,1
s3_short_window,SHORT_WINDOW,24,0.5,300,2,41,ok,,,1,53.771540988236666,120,1,23.756999999999998,10.602999999995518,1763560555063,1763560555085,,,,,,,,,,short,7743,434,219,273,2
s3_short_window,SHORT_WINDOW,24,0.5,300,2,42,ok,,,1,52.41912504425272,120,1,24.894,11.786999999996624,1763560564685,1763560564706,,,,,,,,,,short,7089,579,216,168,1
s3_short_window,SHORT_WINDOW,24,0.5,300,2,43,ok,,,1,57.31312499847263,120,1,26.08299999999999,11.629000000000815,1763560573814,1763560573837,,,,,,,,,,short,6847,722,202,249,0
s3_short_window,SHORT_WINDOW,24,0.5,300,2,44,ok,,,2,384.10341704729944,240,2,46.178000000000004,19.175999999999476,1763560582277,1763560582309,,,,,,,,,,short,7296,293,342,168,2
s3_short_window,SHORT_WINDOW,24,0.5,300,2,45,ok,,,1,53.230582969263196,120,1,26.015,10.733000000000175,1763560591013,1763560591036,,,,,,,,,,short,7498,412,271,165,2
s3_short_window,SHORT_WINDOW,24,0.5,300,2,46,ok,,,1,50.55983300553635,120,1,24.448,11.555000000000291,1763560600794,1763560600813,,,,,,,,,,short,6024,757,265,172,0
s3_short_window,SHORT_WINDOW,24,0.5,300,2,47,ok,,,1,58.43425000784919,120,1,30.07,12.083999999995285,1763560608054,1763560608074,,,,,,,,,,short,6163,309,249,206,0
s3_short_window,SHORT_WINDOW,24,0.5,300,2,48,ok,,,1,52.184291009325534,120,1,25.955999999999996,11.540000000008149,1763560615961,1763560615980,,,,,,,,,,short,7606,269,265,222,1
s3_short_window,SHORT_WINDOW,24,0.5,300,2,49,ok,,,1,51.092083973344415,120,1,24.814999999999998,12.294999999998254,1763560625386,1763560625406,,,,,,,,,,short,5824,408,304,225,1
s3_short_window,SHORT_WINDOW,24,0.5,300,2,50,ok,,,1,54.18025003746152,120,1,25.200999999999993,11.95799999999872,1763560633352,1763560633373,,,,,,,,,,short,7484,749,295,196,1
s3_short_window,SHORT_WINDOW,24,0.5,300,2,51,ok,,,1,54.807541018817574,120,1,25.291999999999987,12.194999999992433,1763560642688,1763560642711,,,,,,,,,,short,6619,769,251,230,1
s3_short_window,SHORT_WINDOW,24,0.5,300,2,52,ok,,,1,53.38433297583833,120,1,27.366,10.744999999995343,1763560650723,1763560650742,,,,,,,,,,short,6842,408,337,228,1
s3_short_window,SHORT_WINDOW,24,0.5,300,2,53,ok,,,1,52.56149999331683,120,1,23.420000000000016,10.39900000000489,1763560659718,1763560659740,,,,,,,,,,short,7163,781,282,195,1
s3_short_window,SHORT_WINDOW,24,0.5,300,2,54,ok,,,1,56.45045801065862,120,1,29.267999999999994,11.356999999996333,1763560668267,1763560668289,,,,,,,,,,short,6704,450,328,225,1
s3_short_window,SHORT_WINDOW,24,0.5,300,2,55,ok,,,1,54.967125004623085,120,1,25.473,12.10899999999674,1763560677225,1763560677248,,,,,,,,,,short,6748,796,259,256,0
s3_short_window,SHORT_WINDOW,24,0.5,300,2,56,ok,,,1,49.685000034514815,120,1,23.509000000000007,10.242999999994936,1763560685385,1763560685407,,,,,,,,,,short,6594,464,295,208,1
s3_short_window,SHORT_WINDOW,24,0.5,300,2,57,ok,,,1,51.24541698023677,120,1,24.205999999999996,10.958999999995285,1763560693847,1763560693866,,,,,,,,,,short,6491,561,282,246,0
s3_short_window,SHORT_WINDOW,24,0.5,300,2,58,ok,,,1,52.63145896606147,120,1,25.398999999999994,12.002999999996973,1763560702063,1763560702083,,,,,,,,,,short,7064,540,274,177,1
s3_short_window,SHORT_WINDOW,24,0.5,300,2,59,ok,,,1,53.22474997956306,120,1,26.485000000000007,10.631999999990512,1763560710727,1763560710749,,,,,,,,,,short,6060,330,203,270,0
s3_short_window,SHORT_WINDOW,24,0.5,300,2,60,ok,,,1,53.89033298706636,120,1,23.988,11.926999999996042,1763560718549,1763560718571,,,,,,,,,,short,6593,366,207,271,1
s3_short_window,SHORT_WINDOW,24,0.5,300,2,61,ok,,,1,54.51012501725927,120,1,24.700000000000003,11.438000000009197,1763560727173,1763560727195,,,,,,,,,,short,6282,557,240,266,1
s3_short_window,SHORT_WINDOW,24,0.5,300,2,62,ok,,,1,53.26062499079853,120,1,25.18100000000001,10.943999999995867,1763560735126,1763560735148,,,,,,,,,,short,6881,431,272,157,0
s3_short_window,SHORT_WINDOW,24,0.5,300,2,63,ok,,,1,54.719624982681125,120,1,26.63600000000001,11.331999999994878,1763560744190,1763560744213,,,,,,,,,,short,7568,673,272,165,4
s3_short_window,SHORT_WINDOW,24,0.5,300,2,64,ok,,,1,56.15775001933798,120,1,25.808999999999997,11.917999999997846,1763560753655,1763560753677,,,,,,,,,,short,6495,790,297,252,0
s3_short_window,SHORT_WINDOW,24,0.5,300,2,65,ok,,,1,53.24066698085517,120,1,23.847,10.953000000001339,1763560761823,1763560761846,,,,,,,,,,short,7757,617,302,242,2
s3_short_window,SHORT_WINDOW,24,0.5,300,2,66,ok,,,1,52.07108403556049,120,1,24.691000000000003,10.421999999998661,1763560771201,1763560771223,,,,,,,,,,short,7645,459,312,249,1
s3_short_window,SHORT_WINDOW,24,0.5,300,2,67,ok,,,1,51.48924997774884,120,1,24.877000000000002,11.759999999994761,1763560781217,1763560781238,,,,,,,,,,short,6863,769,309,251,1
s3_short_window,SHORT_WINDOW,24,0.5,300,2,68,ok,,,2,371.52033403981477,240,2,32.55200000000001,20.132000000005064,1763560789654,1763560789676,,,,,,,,,,short,6406,276,293,213,1
s3_short_window,SHORT_WINDOW,24,0.5,300,2,69,ok,,,1,53.05829196004197,120,1,24.904999999999994,11.652999999998428,1763560798017,1763560798039,,,,,,,,,,short,7294,861,212,230,1
s3_short_window,SHORT_WINDOW,24,0.5,300,2,70,ok,,,1,57.40562500432134,120,1,25.654999999999994,11.44600000000355,1763560806821,1763560806845,,,,,,,,,,short,6253,426,295,223,0
s3_short_window,SHORT_WINDOW,24,0.5,300,2,71,ok,,,1,54.524333972949535,120,1,25.345999999999997,11.699000000000524,1763560814773,1763560814793,,,,,,,,,,short,7221,524,294,279,0
s3_short_window,SHORT_WINDOW,24,0.5,300,2,72,ok,,,2,385.70866704685614,240,2,49.23299999999998,15.982000000003609,1763560823835,1763560823870,,,,,,,,,,short,6913,259,310,241,0
s3_short_window,SHORT_WINDOW,24,0.5,300,2,73,ok,,,1,58.97833302151412,120,1,26.852000000000004,11.881999999997788,1763560832712,1763560832737,,,,,,,,,,short,7742,705,342,179,1
s3_short_window,SHORT_WINDOW,24,0.5,300,2,74,ok,,,1,54.441125015728176,120,1,25.795999999999992,11.36699999999837,1763560842478,1763560842499,,,,,,,,,,short,5848,880,242,261,0
s3_short_window,SHORT_WINDOW,24,0.5,300,2,75,ok,,,1,59.66537503991276,120,1,32.144999999999996,11.19699999999284,1763560849503,1763560849523,,,,,,,,,,short,6465,319,295,252,2
s3_short_window,SHORT_WINDOW,24,0.5,300,2,76,ok,,,1,50.73508300120011,120,1,24.060000000000002,10.991000000001804,1763560857857,1763560857876,,,,,,,,,,short,6567,451,260,216,1
s3_short_window,SHORT_WINDOW,24,0.5,300,2,77,ok,,,1,55.25841697817668,120,1,27.141999999999996,11.63799999999901,1763560866088,1763560866110,,,,,,,,,,short,6214,296,291,236,2
s3_short_window,SHORT_WINDOW,24,0.5,300,2,78,ok,,,1,55.81900000106543,120,1,25.792,12.042999999997846,1763560874653,1763560874675,,,,,,,,,,short,7288,877,209,246,2
s3_short_window,SHORT_WINDOW,24,0.5,300,2,79,ok,,,1,56.98129197116941,120,1,26.003000000000007,12.166000000004715,1763560883534,1763560883557,,,,,,,,,,short,5918,763,333,202,0
s3_short_window,SHORT_WINDOW,24,0.5,300,2,80,ok,,,1,54.945207957644016,120,1,24.537,11.660000000003492,1763560891153,1763560891176,,,,,,,,,,short,6970,523,205,229,0
s3_short_window,SHORT_WINDOW,24,0.5,300,2,81,ok,,,1,55.698417010717094,120,1,25.304999999999993,11.838999999999942,1763560899989,1763560900013,,,,,,,,,,short,6595,639,240,182,1
s3_short_window,SHORT_WINDOW,24,0.5,300,2,82,ok,,,1,52.45158396428451,120,1,25.294999999999995,11.455999999998312,1763560908664,1763560908685,,,,,,,,,,short,5875,891,293,220,3
s3_short_window,SHORT_WINDOW,24,0.5,300,2,83,ok,,,1,52.72470798809081,120,1,25.375,11.913999999997031,1763560916068,1763560916089,,,,,,,,,,short,7671,645,251,151,0
s3_short_window,SHORT_WINDOW,24,0.5,300,2,84,ok,,,1,54.99233299633488,120,1,25.658999999999985,11.781999999991967,1763560925562,1763560925583,,,,,,,,,,short,6417,714,348,155,1
s3_short_window,SHORT_WINDOW,24,0.5,300,2,85,ok,,,1,54.06624998431653,120,1,26.121000000000002,11.81199999999808,1763560933883,1763560933904,,,,,,,,,,short,7514,848,259,218,0
s3_short_window,SHORT_WINDOW,24,0.5,300,2,86,ok,,,1,52.003375021740794,120,1,25.194000000000003,12.735000000000582,1763560942653,1763560942672,,,,,,,,,,short,6996,314,225,229,1
s3_short_window,SHORT_WINDOW,24,0.5,300,2,87,ok,,,1,53.65495797013864,120,1,25.682999999999993,12.119999999995343,1763560951955,1763560951976,,,,,,,,,,short,6131,858,296,177,0
s3_short_window,SHORT_WINDOW,24,0.5,300,2,88,ok,,,1,51.7410000320524,120,1,24.837000000000003,11.453999999997905,1763560959549,1763560959567,,,,,,,,,,short,7251,557,219,265,1
s3_short_window,SHORT_WINDOW,24,0.5,300,2,89,ok,,,1,52.17691703001037,120,1,24.870999999999995,10.536999999996624,1763560968301,1763560968321,,,,,,,,,,short,6410,263,268,202,1
s3_short_window,SHORT_WINDOW,24,0.5,300,2,90,ok,,,1,52.13020899100229,120,1,23.261999999999997,10.657999999988533,1763560976671,1763560976694,,,,,,,,,,short,6232,472,204,263,0
s3_short_window,SHORT_WINDOW,24,0.5,300,2,91,ok,,,1,55.16520800301805,120,1,26.826999999999984,11.276000000005297,1763560984666,1763560984688,,,,,,,,,,short,7124,336,315,259,2
s3_short_window,SHORT_WINDOW,24,0.5,300,2,92,ok,,,1,52.787500026170164,120,1,26.289999999999992,11.04200000000128,1763560993941,1763560993961,,,,,,,,,,short,6768,766,289,225,2
s3_short_window,SHORT_WINDOW,24,0.5,300,2,93,ok,,,1,49.51937502482906,120,1,23.113,10.498999999996158,1763561002395,1763561002416,,,,,,,,,,short,5983,734,257,228,1
s3_short_window,SHORT_WINDOW,24,0.5,300,2,94,ok,,,1,53.386708023026586,120,1,25.903999999999996,11.56199999999808,1763561010051,1763561010070,,,,,,,,,,short,7660,625,333,176,3
s3_short_window,SHORT_WINDOW,24,0.5,300,2,95,ok,,,1,53.570249991025776,120,1,24.92499999999999,11.613000000004831,1763561019488,1763561019511,,,,,,,,,,short,7526,555,248,211,2
s3_short_window,SHORT_WINDOW,24,0.5,300,2,96,ok,,,3,681.1645840061828,360,3,50.631,11.543999999994412,1763561029550,1763561029570,,,,,,,,,,short,7762,801,272,228,6
s3_short_window,SHORT_WINDOW,24,0.5,300,2,97,ok,,,1,55.00408401712775,120,1,25.28500000000001,11.726999999998952,1763561038587,1763561038608,,,,,,,,,,short,6024,844,308,256,1
s3_short_window,SHORT_WINDOW,24,0.5,300,2,98,ok,,,1,52.69858299288899,120,1,25.734,11.252999999989697,1763561045766,1763561045786,,,,,,,,,,short,5945,329,317,161,0
s3_short_window,SHORT_WINDOW,24,0.5,300,2,99,ok,,,1,50.925582996569574,120,1,24.01099999999999,10.775000000001455,1763561053603,1763561053622,,,,,,,,,,short,7828,489,229,172,2
s3_short_window,SHORT_WINDOW,24,0.5,300,2,100,ok,,,1,57.02162499073893,120,1,25.583,11.861000000004424,1763561063515,1763561063537,,,,,,,,,,short,7288,831,260,161,1
s3_short_window,SHORT_WINDOW,24,0.5,300,2,101,ok,,,3,679.640999995172,360,3,46.345,14.173000000002503,1763561073171,1763561073193,,,,,,,,,,short,6677,879,213,183,2
s3_short_window,SHORT_WINDOW,24,0.5,300,2,102,ok,,,1,56.15320900687948,120,1,25.599999999999994,11.855999999992491,1763561081009,1763561081033,,,,,,,,,,short,6041,824,322,253,0
s3_short_window,SHORT_WINDOW,24,0.5,300,2,103,ok,,,1,51.94554204354063,120,1,24.597999999999992,11.675999999999476,1763561088237,1763561088256,,,,,,,,,,short,6861,364,270,183,2
s3_short_window,SHORT_WINDOW,24,0.5,300,2,104,ok,,,1,55.31012499704957,120,1,24.835,12.910000000003492,1763561097309,1763561097330,,,,,,,,,,short,7602,867,277,189,1
s3_short_window,SHORT_WINDOW,24,0.5,300,2,105,ok,,,1,51.61870800657198,120,1,25.348000000000006,11.771000000007916,1763561106724,1763561106745,,,,,,,,,,short,5864,897,349,239,1
s3_short_window,SHORT_WINDOW,24,0.5,300,2,106,ok,,,1,54.0235000080429,120,1,25.003999999999998,11.766000000010536,1763561114094,1763561114116,,,,,,,,,,short,7118,685,315,222,0
s3_short_window,SHORT_WINDOW,24,0.5,300,2,107,ok,,,1,54.102082969620824,120,1,25.823999999999998,11.825999999993655,1763561122875,1763561122896,,,,,,,,,,short,6499,552,210,181,0
s3_short_window,SHORT_WINDOW,24,0.5,300,2,108,ok,,,1,53.80350002087653,120,1,26.241,12.26600000000326,1763561131268,1763561131289,,,,,,,,,,short,7630,703,274,274,1
s3_short_window,SHORT_WINDOW,24,0.5,300,2,109,ok,,,1,54.51312498189509,120,1,26.449000000000005,11.555000000000291,1763561140327,1763561140347,,,,,,,,,,short,7530,371,307,238,2
s3_short_window,SHORT_WINDOW,24,0.5,300,2,110,ok,,,1,52.240583987440914,120,1,25.008999999999993,11.356000000007043,1763561150012,1763561150032,,,,,,,,,,short,6455,792,311,260,1
s3_short_window,SHORT_WINDOW,24,0.5,300,2,111,ok,,,1,52.49579198425636,120,1,25.877999999999993,11.309000000001106,1763561157729,1763561157749,,,,,,,,,,short,6755,283,236,174,1
s3_short_window,SHORT_WINDOW,24,0.5,300,2,112,ok,,,1,55.847916984930634,120,1,25.980000000000004,12.497999999999593,1763561166743,1763561166767,,,,,,,,,,short,6183,828,205,246,2
s3_short_window,SHORT_WINDOW,24,0.5,300,2,113,ok,,,1,56.426667026244104,120,1,26.71499999999999,12.359000000004016,1763561174379,1763561174400,,,,,,,,,,short,6450,673,224,216,0
s3_short_window,SHORT_WINDOW,24,0.5,300,2,114,ok,,,1,54.46779099293053,120,1,25.793999999999997,11.734000000004016,1763561182182,1763561182204,,,,,,,,,,short,6025,451,322,176,0
s3_short_window,SHORT_WINDOW,24,0.5,300,2,115,ok,,,1,56.61583301844075,120,1,24.787999999999997,11.474999999998545,1763561190076,1763561190100,,,,,,,,,,short,5823,545,235,274,0
s3_short_window,SHORT_WINDOW,24,0.5,300,2,116,ok,,,1,52.43716697441414,120,1,25.49499999999999,10.894000000000233,1763561197589,1763561197610,,,,,,,,,,short,6690,299,294,261,0
s3_short_window,SHORT_WINDOW,24,0.5,300,2,117,ok,,,1,54.90062496392056,120,1,25.337999999999994,11.716000000007625,1763561206487,1763561206509,,,,,,,,,,short,6116,695,255,249,1
s3_short_window,SHORT_WINDOW,24,0.5,300,2,118,ok,,,1,53.308957954868674,120,1,26.112999999999996,10.786000000007334,1763561214364,1763561214386,,,,,,,,,,short,7715,653,220,153,2
s3_short_window,SHORT_WINDOW,24,0.5,300,2,119,ok,,,1,58.080249989870936,120,1,25.743000000000002,12.315000000002328,1763561223931,1763561223955,,,,,,,,,,short,6304,729,338,179,1
s3_short_window,SHORT_WINDOW,24,0.5,300,2,120,ok,,,1,52.51091695390642,120,1,23.627999999999993,10.958000000005995,1763561231841,1763561231864,,,,,,,,,,short,7091,563,317,242,0
s3_short_window,SHORT_WINDOW,24,0.5,300,2,121,ok,,,1,55.32970803324133,120,1,23.956999999999994,11.129000000000815,1763561240731,1763561240755,,,,,,,,,,short,7573,548,299,262,0
s3_short_window,SHORT_WINDOW,24,0.5,300,2,122,ok,,,1,54.795917007140815,120,1,24.15299999999999,11.125999999996566,1763561250178,1763561250199,,,,,,,,,,short,6854,564,327,231,0
s3_short_window,SHORT_WINDOW,24,0.5,300,2,123,ok,,,1,49.62149995844811,120,1,25.528000000000006,10.43800000000192,1763561258754,1763561258773,,,,,,,,,,short,7353,487,269,205,3
s3_short_window,SHORT_WINDOW,24,0.5,300,2,124,ok,,,1,54.2106669745408,120,1,25.705,11.673000000002503,1763561268199,1763561268222,,,,,,,,,,short,7388,713,264,267,0
s3_short_window,SHORT_WINDOW,24,0.5,300,2,125,ok,,,1,53.76012501074001,120,1,24.037,10.934000000001106,1763561277076,1763561277099,,,,,,,,,,short,7055,463,239,198,0
s3_short_window,SHORT_WINDOW,24,0.5,300,2,126,ok,,,1,50.27608299860731,120,1,24.683999999999997,10.25400000000809,1763561285836,1763561285856,,,,,,,,,,short,7801,384,265,268,1
s3_short_window,SHORT_WINDOW,24,0.5,300,2,127,ok,,,1,54.540042008738965,120,1,24.291999999999994,10.95799999999872,1763561295464,1763561295486,,,,,,,,,,short,5923,457,225,261,4
s3_short_window,SHORT_WINDOW,24,0.5,300,2,128,ok,,,1,50.792291993275285,120,1,25.135000000000005,11.668999999994412,1763561303251,1763561303271,,,,,,,,,,short,6692,566,206,163,1
s3_short_window,SHORT_WINDOW,24,0.5,300,2,129,ok,,,1,55.619833001401275,120,1,26.043999999999997,12.180000000000291,1763561311415,1763561311438,,,,,,,,,,short,6944,333,244,153,1
s3_short_window,SHORT_WINDOW,24,0.5,300,2,130,ok,,,1,52.940707944799215,120,1,25.765000000000008,11.36600000000908,1763561320404,1763561320426,,,,,,,,,,short,6789,617,215,257,1
s3_short_window,SHORT_WINDOW,24,0.5,300,2,131,ok,,,1,56.20362499030307,120,1,26.594,12.03399999999965,1763561329150,1763561329172,,,,,,,,,,short,7594,801,203,238,0
s3_short_window,SHORT_WINDOW,24,0.5,300,2,132,ok,,,2,395.76375001342967,240,2,52.57299999999999,22.639999999999418,1763561338683,1763561338719,,,,,,,,,,short,6795,676,219,219,1
s3_short_window,SHORT_WINDOW,24,0.5,300,2,133,ok,,,1,55.9282079921104,120,1,26.104999999999997,12.52400000000489,1763561347066,1763561347089,,,,,,,,,,short,7623,766,204,220,0
s3_short_window,SHORT_WINDOW,24,0.5,300,2,134,ok,,,1,53.88904100982472,120,1,26.192999999999984,11.17099999999482,1763561356222,1763561356245,,,,,,,,,,short,6167,440,298,241,0
s3_short_window,SHORT_WINDOW,24,0.5,300,2,135,ok,,,1,52.51012498047203,120,1,25.36100000000001,11.739999999997963,1763561364431,1763561364451,,,,,,,,,,short,5936,690,247,234,1
s3_short_window,SHORT_WINDOW,24,0.5,300,2,136,ok,,,1,56.42458301736042,120,1,27.675000000000004,12.27100000000064,1763561372312,1763561372334,,,,,,,,,,short,6291,764,274,184,2
s3_short_window,SHORT_WINDOW,24,0.5,300,2,137,ok,,,1,47.79433400835842,120,1,23.188000000000002,10.368999999998778,1763561380047,1763561380066,,,,,,,,,,short,7720,481,306,277,0
s3_short_window,SHORT_WINDOW,24,0.5,300,2,138,ok,,,1,65.60716597596183,120,1,31.412999999999997,12.80800000000454,1763561389822,1763561389847,,,,,,,,,,short,6327,752,348,236,0
s3_short_window,SHORT_WINDOW,24,0.5,300,2,139,ok,,,1,55.482499999925494,120,1,27.924000000000007,11.88799999999901,1763561397562,1763561397584,,,,,,,,,,short,7004,422,223,279,2
s3_short_window,SHORT_WINDOW,24,0.5,300,2,140,ok,,,1,54.59412501659244,120,1,26.411999999999985,11.492000000005646,1763561406234,1763561406256,,,,,,,,,,short,6854,359,292,232,0
s3_short_window,SHORT_WINDOW,24,0.5,300,2,141,ok,,,1,49.42504101200029,120,1,22.778000000000002,10.24199999999837,1763561415294,1763561415313,,,,,,,,,,short,7987,783,269,232,2
s3_short_window,SHORT_WINDOW,24,0.5,300,2,142,ok,,,1,53.51504200370982,120,1,25.485999999999997,11.900000000008731,1763561424979,1763561425000,,,,,,,,,,short,6318,663,211,197,2
s3_short_window,SHORT_WINDOW,24,0.5,300,2,143,ok,,,1,53.71429200749844,120,1,25.679999999999993,12.323000000003958,1763561433253,1763561433273,,,,,,,,,,short,7303,837,226,173,0
s3_short_window,SHORT_WINDOW,24,0.5,300,2,144,ok,,,1,50.82629097159952,120,1,25.27499999999999,10.134999999994761,1763561441808,1763561441828,,,,,,,,,,short,7108,370,235,224,0
s3_short_window,SHORT_WINDOW,24,0.5,300,2,145,ok,,,1,51.87637498602271,120,1,23.177999999999997,10.773999999997613,1763561450796,1763561450817,,,,,,,,,,short,6400,468,270,265,1
s3_short_window,SHORT_WINDOW,24,0.5,300,2,146,ok,,,1,50.250332977157086,120,1,25.003,10.622999999999593,1763561458866,1763561458885,,,,,,,,,,short,6322,391,238,254,1
s3_short_window,SHORT_WINDOW,24,0.5,300,2,147,ok,,,2,391.3240830297582,240,2,50.53499999999998,19.790000000000873,1763561467211,1763561467243,,,,,,,,,,short,6768,294,299,265,1
s3_short_window,SHORT_WINDOW,24,0.5,300,2,148,ok,,,1,56.688291020691395,120,1,25.619,11.909000000006927,1763561476001,1763561476023,,,,,,,,,,short,7479,781,289,273,1
s3_short_window,SHORT_WINDOW,24,0.5,300,2,149,ok,,,1,56.76841700915247,120,1,26.008000000000003,12.063999999998487,1763561485020,1763561485044,,,,,,,,,,short,7257,760,201,177,2
s3_short_window,SHORT_WINDOW,24,0.5,300,2,150,ok,,,1,57.016125007066876,120,1,26.31599999999998,12.459000000002561,1763561494042,1763561494066,,,,,,,,,,short,6128,755,259,169,0
s3_short_window,SHORT_WINDOW,24,0.5,300,2,151,ok,,,1,53.212166007142514,120,1,25.050000000000004,11.469999999993888,1763561501771,1763561501792,,,,,,,,,,short,6785,622,323,245,2
s3_short_window,SHORT_WINDOW,24,0.5,300,2,152,ok,,,1,50.49895902629942,120,1,24.65699999999999,9.98700000000099,1763561510014,1763561510034,,,,,,,,,,short,6694,305,309,232,0
s3_short_window,SHORT_WINDOW,24,0.5,300,2,153,ok,,,1,47.99445904791355,120,1,23.626999999999995,10.29599999999482,1763561518587,1763561518606,,,,,,,,,,short,6281,409,256,276,0
s3_short_window,SHORT_WINDOW,24,0.5,300,2,154,ok,,,1,58.232833980582654,120,1,26.801000000000002,11.747999999999593,1763561526651,1763561526676,,,,,,,,,,short,7688,465,334,162,1
s3_short_window,SHORT_WINDOW,24,0.5,300,2,155,ok,,,1,54.9139580107294,120,1,25.05400000000001,11.87999999999738,1763561536136,1763561536158,,,,,,,,,,short,7173,609,285,228,0
s3_short_window,SHORT_WINDOW,24,0.5,300,2,156,ok,,,1,55.1402919809334,120,1,26.499000000000002,11.775999999998021,1763561544703,1763561544723,,,,,,,,,,short,6840,335,251,195,0
s3_short_window,SHORT_WINDOW,24,0.5,300,2,157,ok,,,1,52.72887501632795,120,1,24.86399999999999,11.04200000000128,1763561553388,1763561553411,,,,,,,,,,short,6616,391,240,195,2
s3_short_window,SHORT_WINDOW,24,0.5,300,2,158,ok,,,1,51.69674998614937,120,1,24.762999999999998,11.572000000007392,1763561562076,1763561562095,,,,,,,,,,short,6356,610,295,248,0
s3_short_window,SHORT_WINDOW,24,0.5,300,2,159,ok,,,1,54.272042005322874,120,1,25.205,13.158999999992375,1763561570387,1763561570407,,,,,,,,,,short,5897,810,207,251,2
s3_short_window,SHORT_WINDOW,24,0.5,300,2,160,ok,,,1,52.28441703366116,120,1,25.268999999999984,11.636000000005879,1763561577983,1763561578004,,,,,,,,,,short,7713,757,271,174,0
s3_short_window,SHORT_WINDOW,24,0.5,300,2,161,ok,,,1,52.67795897088945,120,1,23.406000000000006,10.836999999999534,1763561587218,1763561587240,,,,,,,,,,short,7577,557,348,219,1
s3_short_window,SHORT_WINDOW,24,0.5,300,2,162,ok,,,1,52.770833019167185,120,1,25.122000000000007,11.411999999996624,1763561596856,1763561596876,,,,,,,,,,short,5797,843,205,225,1
s3_short_window,SHORT_WINDOW,24,0.5,300,2,163,ok,,,1,50.272583961486816,120,1,23.951,11.059000000008382,1763561604063,1763561604082,,,,,,,,,,short,6907,527,329,280,0
s3_short_window,SHORT_WINDOW,24,0.5,300,2,164,ok,,,1,53.97070798790082,120,1,26.275000000000006,10.709999999991851,1763561612555,1763561612577,,,,,,,,,,short,6902,341,296,270,0
s3_short_window,SHORT_WINDOW,24,0.5,300,2,165,ok,,,1,52.00704198796302,120,1,23.606999999999992,11.067000000010012,1763561621266,1763561621288,,,,,,,,,,short,5868,420,216,217,0
s3_short_window,SHORT_WINDOW,24,0.5,300,2,166,ok,,,1,50.06979202153161,120,1,24.416999999999994,10.632000000005064,1763561629011,1763561629031,,,,,,,,,,short,5966,578,309,205,2
s3_short_window,SHORT_WINDOW,24,0.5,300,2,167,ok,,,1,51.82574997888878,120,1,24.24000000000001,10.889999999999418,1763561636601,1763561636623,,,,,,,,,,short,7681,490,204,151,2
s3_short_window,SHORT_WINDOW,24,0.5,300,2,168,ok,,,1,51.84158397605643,120,1,25.520000000000003,10.707000000002154,1763561645907,1763561645927,,,,,,,,,,short,6994,292,282,256,1
s3_short_window,SHORT_WINDOW,24,0.5,300,2,169,ok,,,1,54.33275003451854,120,1,25.546999999999983,12.800999999999476,1763561655114,1763561655134,,,,,,,,,,short,7590,857,279,266,1
s3_short_window,SHORT_WINDOW,24,0.5,300,2,170,ok,,,1,55.3349579568021,120,1,24.70199999999999,12.922999999995227,1763561664070,1763561664092,,,,,,,,,,short,5809,525,287,261,0
s3_short_window,SHORT_WINDOW,24,0.5,300,2,171,ok,,,1,52.798666001763195,120,1,25.547999999999995,11.194000000003143,1763561671786,1763561671808,,,,,,,,,,short,7266,668,321,164,0
s3_short_window,SHORT_WINDOW,24,0.5,300,2,172,ok,,,2,396.30620897514746,240,2,53.27299999999999,21.588000000003376,1763561680865,1763561680903,,,,,,,,,,short,7161,296,327,275,0
s3_short_window,SHORT_WINDOW,24,0.5,300,2,173,ok,,,1,53.63595800008625,120,1,25.584000000000003,11.057999999997264,1763561689814,1763561689837,,,,,,,,,,short,6826,612,310,202,0
s3_short_window,SHORT_WINDOW,24,0.5,300,2,174,ok,,,1,52.265584003180265,120,1,24.37699999999999,11.092000000004191,1763561698351,1763561698371,,,,,,,,,,short,7071,546,306,212,1
s3_short_window,SHORT_WINDOW,24,0.5,300,2,175,ok,,,1,56.3057090039365,120,1,27.17499999999999,11.822999999996682,1763561706979,1763561707001,,,,,,,,,,short,7073,319,280,266,1
s3_short_window,SHORT_WINDOW,24,0.5,300,2,176,ok,,,2,400.83658398361877,240,2,53.447,21.79699999999866,1763561716051,1763561716090,,,,,,,,,,short,6167,252,300,207,0
s3_short_window,SHORT_WINDOW,24,0.5,300,2,177,ok,,,1,49.21295901294798,120,1,23.264999999999993,10.444000000003143,1763561723898,1763561723918,,,,,,,,,,short,6628,493,322,175,0
s3_short_window,SHORT_WINDOW,24,0.5,300,2,178,ok,,,1,53.573416953440756,120,1,23.693999999999996,10.88799999999901,1763561732262,1763561732285,,,,,,,,,,short,6525,460,270,213,2
s3_short_window,SHORT_WINDOW,24,0.5,300,2,179,ok,,,1,51.13145802170038,120,1,24.001999999999995,11.002000000007683,1763561740532,1763561740551,,,,,,,,,,short,7394,435,201,217,0
s3_short_window,SHORT_WINDOW,24,0.5,300,2,180,ok,,,1,51.25366698484868,120,1,22.444000000000003,10.177999999999884,1763561750027,1763561750049,,,,,,,,,,short,6903,760,233,156,0
s3_short_window,SHORT_WINDOW,24,0.5,300,2,181,ok,,,1,52.48587502865121,120,1,25.597999999999992,11.965000000003783,1763561758632,1763561758652,,,,,,,,,,short,6641,624,250,214,0
s3_short_window,SHORT_WINDOW,24,0.5,300,2,182,ok,,,1,51.75745900487527,120,1,25.302000000000007,10.891999999999825,1763561766691,1763561766714,,,,,,,,,,short,7450,315,203,270,1
s3_short_window,SHORT_WINDOW,24,0.5,300,2,183,ok,,,1,49.26416702801362,120,1,22.441999999999997,10.319000000003143,1763561776171,1763561776193,,,,,,,,,,short,7600,608,217,213,5
s3_short_window,SHORT_WINDOW,24,0.5,300,2,184,ok,,,1,53.61887498293072,120,1,25.453000000000003,11.81199999999808,1763561785705,1763561785725,,,,,,,,,,short,6872,767,243,206,0
s3_short_window,SHORT_WINDOW,24,0.5,300,2,185,ok,,,1,59.80529100634158,120,1,26.036999999999992,12.165999999997439,1763561794534,1763561794560,,,,,,,,,,short,6453,895,336,177,0
s3_short_window,SHORT_WINDOW,24,0.5,300,2,186,ok,,,1,53.01283398875967,120,1,26.46,11.000000000007276,1763561802126,1763561802145,,,,,,,,,,short,7520,306,252,177,2
s3_short_window,SHORT_WINDOW,24,0.5,300,2,187,ok,,,3,693.7374169938266,360,3,60.36099999999999,15.183000000011816,1763561812349,1763561812371,,,,,,,,,,short,6283,614,248,197,1
s3_short_window,SHORT_WINDOW,24,0.5,300,2,188,ok,,,1,53.362876002211124,120,1,26.034000000000006,10.932000000000698,1763561819544,1763561819564,,,,,,,,,,short,6032,277,291,176,0
s3_short_window,SHORT_WINDOW,24,0.5,300,2,189,ok,,,1,51.8315410008654,120,1,23.852999999999994,11.213999999992666,1763561827683,1763561827703,,,,,,,,,,short,6815,594,333,181,0
s3_short_window,SHORT_WINDOW,24,0.5,300,2,190,ok,,,1,49.905666965059936,120,1,24.82099999999999,11.660000000003492,1763561836325,1763561836344,,,,,,,,,,short,6527,626,280,157,2
s3_short_window,SHORT_WINDOW,24,0.5,300,2,191,ok,,,1,51.42712499946356,120,1,24.619999999999997,10.620999999999185,1763561844150,1763561844170,,,,,,,,,,short,6475,343,242,273,2
s3_short_window,SHORT_WINDOW,24,0.5,300,2,192,ok,,,1,53.29395801527426,120,1,24.006999999999998,11.943000000006577,1763561852414,1763561852436,,,,,,,,,,short,5992,322,201,260,1
s3_short_window,SHORT_WINDOW,24,0.5,300,2,193,ok,,,1,52.479667006991804,120,1,25.233999999999995,11.413000000000466,1763561860341,1763561860362,,,,,,,,,,short,6737,423,340,196,2
s3_short_window,SHORT_WINDOW,24,0.5,300,2,194,ok,,,1,55.063084000721574,120,1,25.838,10.98700000000099,1763561868897,1763561868920,,,,,,,,,,short,6719,412,334,175,1
s3_short_window,SHORT_WINDOW,24,0.5,300,2,195,ok,,,1,54.195874952711165,120,1,23.937999999999995,11.06199999999808,1763561877427,1763561877450,,,,,,,,,,short,7729,435,248,221,1
s3_short_window,SHORT_WINDOW,24,0.5,300,2,196,ok,,,1,50.16524996608496,120,1,25.714999999999996,10.275000000001455,1763561886958,1763561886978,,,,,,,,,,short,6928,350,255,264,0
s3_short_window,SHORT_WINDOW,24,0.5,300,2,197,ok,,,1,53.55462501756847,120,1,25.791000000000004,11.960999999995693,1763561896132,1763561896153,,,,,,,,,,short,7404,770,306,245,1
s3_short_window,SHORT_WINDOW,24,0.5,300,2,198,ok,,,1,55.12308300239965,120,1,24.775999999999996,11.472999999998137,1763561905129,1763561905152,,,,,,,,,,short,6863,524,242,249,1
s3_short_window,SHORT_WINDOW,24,0.5,300,2,199,ok,,,1,50.63216696726158,120,1,23.612000000000002,10.974999999998545,1763561913914,1763561913933,,,,,,,,,,short,6862,612,335,262,1
s3_short_window,SHORT_WINDOW,24,0.5,300,2,200,ok,,,1,50.97849998855963,120,1,24.880999999999993,10.466999999996915,1763561922205,1763561922225,,,,,,,,,,short,7628,355,261,239,2
s3_short_window,SHORT_WINDOW,24,0.5,300,2,201,ok,,,1,61.28808297216892,120,1,26.356,12.62800000000425,1763561931955,1763561931981,,,,,,,,,,short,6380,767,299,171,0
s3_short_window,SHORT_WINDOW,24,0.5,300,2,202,ok,,,1,57.828665943816304,120,1,25.185000000000002,11.536999999996624,1763561939822,1763561939845,,,,,,,,,,short,7489,464,202,170,2
s3_short_window,SHORT_WINDOW,24,0.5,300,2,203,ok,,,1,54.237208038102835,120,1,24.607999999999997,11.176999999996042,1763561949069,1763561949091,,,,,,,,,,short,7553,459,219,273,3
s3_short_window,SHORT_WINDOW,24,0.5,300,2,204,ok,,,1,54.539875010959804,120,1,22.987000000000002,10.606000000007043,1763561958539,1763561958563,,,,,,,,,,short,7573,518,331,237,0
s3_short_window,SHORT_WINDOW,24,0.5,300,2,205,ok,,,1,52.96066700248048,120,1,25.456999999999994,11.109000000004016,1763561967654,1763561967674,,,,,,,,,,short,7699,257,267,211,0
s3_short_window,SHORT_WINDOW,24,0.5,300,2,206,ok,,,2,393.81745795253664,240,2,52.373,19.26100000000588,1763561977582,1763561977618,,,,,,,,,,short,7782,312,313,195,1
s3_short_window,SHORT_WINDOW,24,0.5,300,2,207,ok,,,1,52.55170800955966,120,1,26.36200000000001,10.993999999998778,1763561986873,1763561986893,,,,,,,,,,short,6464,328,302,255,0
s3_short_window,SHORT_WINDOW,24,0.5,300,2,208,ok,,,1,56.53229099698365,120,1,23.328000000000003,10.939000000005763,1763561995217,1763561995243,,,,,,,,,,short,7834,377,212,234,2
s3_short_window,SHORT_WINDOW,24,0.5,300,2,209,ok,,,1,57.877167011611164,120,1,25.364999999999995,11.62800000000425,1763562004927,1763562004952,,,,,,,,,,short,7522,520,233,265,1
s3_short_window,SHORT_WINDOW,24,0.5,300,2,210,ok,,,1,59.14820800535381,120,1,28.855999999999987,11.98399999999674,1763562013855,1763562013879,,,,,,,,,,short,6954,314,270,247,1
s3_short_window,SHORT_WINDOW,24,0.5,300,2,211,ok,,,1,50.056499952916056,120,1,23.41800000000001,10.874000000003434,1763562022721,1763562022742,,,,,,,,,,short,6763,494,338,163,1
s3_short_window,SHORT_WINDOW,24,0.5,300,2,212,ok,,,1,57.08970903651789,120,1,25.741,12.218000000000757,1763562031736,1763562031761,,,,,,,,,,short,7316,894,229,154,1
s3_short_window,SHORT_WINDOW,24,0.5,300,2,213,ok,,,1,56.01362499874085,120,1,25.869999999999997,11.89999999999418,1763562040612,1763562040635,,,,,,,,,,short,7735,624,293,206,1
s3_short_window,SHORT_WINDOW,24,0.5,300,2,214,ok,,,1,53.50608297158033,120,1,24.756999999999998,11.444999999999709,1763562050321,1763562050344,,,,,,,,,,short,5865,719,347,183,0
s3_short_window,SHORT_WINDOW,24,0.5,300,2,215,ok,,,1,53.994041052646935,120,1,27.353,11.203999999997905,1763562057615,1763562057634,,,,,,,,,,short,7669,315,304,172,2
s3_short_window,SHORT_WINDOW,24,0.5,300,2,216,ok,,,2,402.04995800741017,240,2,52.982000000000006,21.631000000001222,1763562067414,1763562067449,,,,,,,,,,short,6087,256,222,208,0
s3_short_window,SHORT_WINDOW,24,0.5,300,2,217,ok,,,1,50.439167011063546,120,1,24.036,10.973000000005413,1763562075426,1763562075446,,,,,,,,,,short,7343,775,337,244,1
s3_short_window,SHORT_WINDOW,24,0.5,300,2,218,ok,,,1,58.85308398865163,120,1,25.814,11.99100000000908,1763562084690,1763562084714,,,,,,,,,,short,8010,833,298,220,2
s3_short_window,SHORT_WINDOW,24,0.5,300,2,219,ok,,,1,53.59112500445917,120,1,25.559999999999995,12.798999999991793,1763562093733,1763562093753,,,,,,,,,,short,5997,312,219,225,1
s3_short_window,SHORT_WINDOW,24,0.5,300,2,220,ok,,,1,50.802499987185,120,1,26.415999999999983,10.53200000000652,1763562101578,1763562101597,,,,,,,,,,short,6194,298,204,218,1
s3_short_window,SHORT_WINDOW,24,0.5,300,2,221,ok,,,1,52.67245799768716,120,1,26.492999999999995,10.947000000000116,1763562109673,1763562109693,,,,,,,,,,short,7315,380,252,241,2
s3_short_window,SHORT_WINDOW,24,0.5,300,2,222,ok,,,1,55.22083299001679,120,1,24.154999999999987,11.147000000004482,1763562118984,1763562119009,,,,,,,,,,short,6668,543,282,228,0
s3_short_window,SHORT_WINDOW,24,0.5,300,2,223,ok,,,1,52.61016695294529,120,1,25.393,11.052999999999884,1763562127310,1763562127332,,,,,,,,,,short,7463,316,322,263,1
s3_short_window,SHORT_WINDOW,24,0.5,300,2,224,ok,,,2,411.9892920134589,240,2,59.80299999999999,22.088000000003376,1763562136719,1763562136762,,,,,,,,,,short,6515,259,323,201,1
s3_short_window,SHORT_WINDOW,24,0.5,300,2,225,ok,,,1,52.27816599654034,120,1,24.747999999999998,11.555000000000291,1763562144616,1763562144637,,,,,,,,,,short,6462,367,248,217,2
s3_short_window,SHORT_WINDOW,24,0.5,300,2,226,ok,,,1,58.6212920024991,120,1,26.142000000000003,12.233000000000175,1763562153251,1763562153275,,,,,,,,,,short,7477,642,221,271,2
s3_short_window,SHORT_WINDOW,24,0.5,300,2,227,ok,,,1,52.262375014834106,120,1,23.756,12.663999999997031,1763562162038,1763562162058,,,,,,,,,,short,6196,333,237,170,2
s3_short_window,SHORT_WINDOW,24,0.5,300,2,228,ok,,,2,381.0269159730524,240,2,38.18099999999999,14.348000000005413,1763562170259,1763562170282,,,,,,,,,,short,7588,262,267,170,0
s3_short_window,SHORT_WINDOW,24,0.5,300,2,229,ok,,,1,52.37070802832022,120,1,26.235999999999997,11.783000000003085,1763562179463,1763562179482,,,,,,,,,,short,7434,389,340,259,0
s3_short_window,SHORT_WINDOW,24,0.5,300,2,230,ok,,,1,57.23174999002367,120,1,26.207,12.06600000000617,1763562189153,1763562189175,,,,,,,,,,short,6931,830,228,196,0
s3_short_window,SHORT_WINDOW,24,0.5,300,2,231,ok,,,1,57.82387498766184,120,1,25.61699999999999,11.953000000001339,1763562197616,1763562197640,,,,,,,,,,short,6582,616,318,240,0
s3_short_window,SHORT_WINDOW,24,0.5,300,2,232,ok,,,1,60.28262502513826,120,1,25.89,12.24599999999191,1763562206195,1763562206222,,,,,,,,,,short,6500,777,214,231,0
s3_short_window,SHORT_WINDOW,24,0.5,300,2,233,ok,,,1,53.47924999659881,120,1,25.576999999999984,12.182999999989988,1763562214278,1763562214299,,,,,,,,,,short,7747,586,224,208,3
s3_short_window,SHORT_WINDOW,24,0.5,300,2,234,ok,,,1,55.77241600258276,120,1,25.894000000000005,12.0740000000078,1763562223815,1763562223837,,,,,,,,,,short,6185,768,304,168,1
s3_short_window,SHORT_WINDOW,24,0.5,300,2,235,ok,,,1,52.74608300533146,120,1,26.29200000000001,11.860999999997148,1763562231827,1763562231848,,,,,,,,,,short,6823,724,315,257,1
s3_short_window,SHORT_WINDOW,24,0.5,300,2,236,ok,,,3,701.3069169479422,360,3,56.568,14.860999999997148,1763562240977,1763562241000,,,,,,,,,,short,6850,842,323,205,2
s3_short_window,SHORT_WINDOW,24,0.5,300,2,237,ok,,,1,51.23800103319809,120,1,24.165999999999997,11.333999999995285,1763562248740,1763562248760,,,,,,,,,,short,6086,546,298,273,1
s3_short_window,SHORT_WINDOW,24,0.5,300,2,238,ok,,,1,52.28970799362287,120,1,23.788000000000004,13.546000000002095,1763562256327,1763562256346,,,,,,,,,,short,6511,482,242,158,1
s3_short_window,SHORT_WINDOW,24,0.5,300,2,239,ok,,,1,53.63016703631729,120,1,25.216,11.055000000000291,1763562264514,1763562264533,,,,,,,,,,short,6784,346,341,175,1
s3_short_window,SHORT_WINDOW,24,0.5,300,2,240,ok,,,1,51.96808301843703,120,1,26.44899999999999,10.775999999998021,1763562273177,1763562273195,,,,,,,,,,short,5904,430,346,172,0
s3_short_window,SHORT_WINDOW,24,0.5,300,2,241,ok,,,1,52.04383301315829,120,1,23.831999999999994,10.868000000002212,1763562281055,1763562281077,,,,,,,,,,short,6645,597,350,193,0
s3_short_window,SHORT_WINDOW,24,0.5,300,2,242,ok,,,1,55.80816697329283,120,1,25.01399999999998,11.66299999999319,1763562289595,1763562289617,,,,,,,,,,short,6428,596,285,257,0
s3_short_window,SHORT_WINDOW,24,0.5,300,2,243,ok,,,1,55.460625037085265,120,1,23.792,11.032999999995809,1763562297682,1763562297705,,,,,,,,,,short,7683,473,295,208,2
s3_short_window,SHORT_WINDOW,24,0.5,300,2,244,ok,,,1,57.2470830520615,120,1,26.651000000000003,11.491000000001804,1763562307007,1763562307030,,,,,,,,,,short,5997,276,254,188,0
s3_short_window,SHORT_WINDOW,24,0.5,300,2,245,ok,,,1,54.175208031665534,120,1,25.894000000000005,10.864000000001397,1763562314839,1763562314860,,,,,,,,,,short,6781,264,253,264,1
s3_short_window,SHORT_WINDOW,24,0.5,300,2,246,ok,,,1,49.954499991144985,120,1,22.876000000000012,10.481999999996333,1763562323641,1763562323661,,,,,,,,,,short,6892,474,285,175,1
s3_short_window,SHORT_WINDOW,24,0.5,300,2,247,ok,,,1,53.3294589840807,120,1,25.13299999999999,11.580999999998312,1763562332762,1763562332784,,,,,,,,,,short,6341,885,273,269,1
s3_short_window,SHORT_WINDOW,24,0.5,300,2,248,ok,,,3,692.4310000031255,360,3,53.105,13.564000000005763,1763562341235,1763562341257,,,,,,,,,,short,7076,650,268,162,2
s3_short_window,SHORT_WINDOW,24,0.5,300,2,249,ok,,,1,54.94087503757328,120,1,25.699000000000005,11.944999999999709,1763562349538,1763562349560,,,,,,,,,,short,6502,603,270,167,1
s3_short_window,SHORT_WINDOW,24,0.5,300,2,250,ok,,,1,50.974707992281765,120,1,23.56000000000001,10.903999999994994,1763562357696,1763562357717,,,,,,,,,,short,5939,485,261,258,2
s3_short_window,SHORT_WINDOW,24,0.5,300,2,251,ok,,,1,50.977916980627924,120,1,23.650999999999996,11.125,1763562365500,1763562365520,,,,,,,,,,short,7678,565,275,277,1
s3_short_window,SHORT_WINDOW,24,0.5,300,2,252,ok,,,1,53.0862080049701,120,1,24.570999999999998,11.663000000000466,1763562374704,1763562374728,,,,,,,,,,short,6595,339,222,214,1
s3_short_window,SHORT_WINDOW,24,0.5,300,2,253,ok,,,1,54.630499973427504,120,1,25.521,11.400999999998021,1763562382929,1763562382951,,,,,,,,,,short,5989,302,239,186,1
s3_short_window,SHORT_WINDOW,24,0.5,300,2,254,ok,,,1,54.00420801015571,120,1,25.691000000000003,12.442999999999302,1763562391217,1763562391236,,,,,,,,,,short,6077,700,280,182,0
s3_short_window,SHORT_WINDOW,24,0.5,300,2,255,ok,,,1,56.728666997514665,120,1,25.856,12.14600000000064,1763562399261,1763562399283,,,,,,,,,,short,6743,823,201,246,2
s3_short_window,SHORT_WINDOW,24,0.5,300,2,256,ok,,,1,55.47250004019588,120,1,24.940000000000005,11.625000000007276,1763562407678,1763562407702,,,,,,,,,,short,6185,681,342,186,0
s3_short_window,SHORT_WINDOW,24,0.5,300,2,257,ok,,,1,54.47191698476672,120,1,26.884999999999984,11.94600000000355,1763562415540,1763562415561,,,,,,,,,,short,5928,510,201,205,0
s3_short_window,SHORT_WINDOW,24,0.5,300,2,258,ok,,,1,51.35037505533546,120,1,25.296999999999997,11.702000000004773,1763562423724,1763562423743,,,,,,,,,,short,6808,881,206,271,1
s3_short_window,SHORT_WINDOW,24,0.5,300,2,259,ok,,,1,54.79912494774908,120,1,25.945000000000007,11.160999999992782,1763562431702,1763562431724,,,,,,,,,,short,6954,350,328,271,2
s3_short_window,SHORT_WINDOW,24,0.5,300,2,260,ok,,,1,48.75712504144758,120,1,24.728,11.453000000001339,1763562440659,1763562440677,,,,,,,,,,short,6429,539,256,170,0
s3_short_window,SHORT_WINDOW,24,0.5,300,2,261,ok,,,1,50.34187500132248,120,1,23.272999999999996,10.64199999999255,1763562448820,1763562448840,,,,,,,,,,short,6218,499,280,233,0
s3_short_window,SHORT_WINDOW,24,0.5,300,2,262,ok,,,1,52.65279195737094,120,1,25.249999999999993,11.069999999992433,1763562456645,1763562456665,,,,,,,,,,short,6016,260,227,230,0
s3_short_window,SHORT_WINDOW,24,0.5,300,2,263,ok,,,1,59.404833998996764,120,1,25.98599999999999,12.594000000004598,1763562464859,1763562464885,,,,,,,,,,short,6880,633,235,274,1
s3_short_window,SHORT_WINDOW,24,0.5,300,2,264,ok,,,1,58.34087496623397,120,1,24.974999999999994,13.482000000003609,1763562473698,1763562473722,,,,,,,,,,short,6869,723,345,267,2
s3_short_window,SHORT_WINDOW,24,0.5,300,2,265,ok,,,1,57.026251044590026,120,1,25.48700000000001,12.041000000004715,1763562482457,1763562482479,,,,,,,,,,short,6170,799,225,184,0
s3_short_window,SHORT_WINDOW,24,0.5,300,2,266,ok,,,1,54.8154580174014,120,1,26.296999999999997,12.048999999999069,1763562490450,1763562490472,,,,,,,,,,short,6623,802,343,175,2
s3_short_window,SHORT_WINDOW,24,0.5,300,2,267,ok,,,3,699.6199589921162,360,3,59.464,14.995999999999185,1763562499326,1763562499353,,,,,,,,,,short,6781,660,284,188,2
s3_short_window,SHORT_WINDOW,24,0.5,300,2,268,ok,,,1,54.18558302335441,120,1,26.099999999999994,11.92500000000291,1763562506990,1763562507010,,,,,,,,,,short,6231,386,277,178,1
s3_short_window,SHORT_WINDOW,24,0.5,300,2,269,ok,,,1,51.61429202416912,120,1,24.348000000000006,11.27900000000227,1763562515176,1763562515197,,,,,,,,,,short,6403,495,271,187,0
s3_short_window,SHORT_WINDOW,24,0.5,300,2,270,ok,,,1,52.001625997945666,120,1,25.495999999999995,12.002999999996973,1763562523654,1763562523674,,,,,,,,,,short,6091,724,341,197,1
s3_short_window,SHORT_WINDOW,24,0.5,300,2,271,ok,,,1,56.9258329924196,120,1,26.788000000000004,11.108000000000175,1763562531051,1763562531075,,,,,,,,,,short,6927,258,233,258,1
s3_short_window,SHORT_WINDOW,24,0.5,300,2,272,ok,,,2,401.226999994833,240,2,54.611999999999995,21.320000000006985,1763562540113,1763562540151,,,,,,,,,,short,7101,255,309,195,1
s3_short_window,SHORT_WINDOW,24,0.5,300,2,273,ok,,,1,53.92462504096329,120,1,24.437000000000005,11.74699999999575,1763562548814,1763562548836,,,,,,,,,,short,6524,323,211,241,0
s3_short_window,SHORT_WINDOW,24,0.5,300,2,274,ok,,,1,53.19850001251325,120,1,23.559000000000005,10.910000000003492,1763562557179,1763562557202,,,,,,,,,,short,7669,532,268,168,2
s3_short_window,SHORT_WINDOW,24,0.5,300,2,275,ok,,,1,54.04524999903515,120,1,25.449999999999996,11.977999999995518,1763562566602,1763562566624,,,,,,,,,,short,7524,536,234,277,1
s3_short_window,SHORT_WINDOW,24,0.5,300,2,276,ok,,,1,55.937625002115965,120,1,25.62899999999999,11.952999999994063,1763562576153,1763562576175,,,,,,,,,,short,6391,852,328,246,2
s3_short_window,SHORT_WINDOW,24,0.5,300,2,277,ok,,,1,53.999583004042506,120,1,24.389999999999993,11.50499999999738,1763562584212,1763562584234,,,,,,,,,,short,6549,706,288,185,0
s3_short_window,SHORT_WINDOW,24,0.5,300,2,278,ok,,,1,51.20337498374283,120,1,24.067000000000007,11.17000000000553,1763562592288,1763562592309,,,,,,,,,,short,6623,520,306,200,1
s3_short_window,SHORT_WINDOW,24,0.5,300,2,279,ok,,,1,60.74841698864475,120,1,30.02199999999999,11.379000000000815,1763562600458,1763562600480,,,,,,,,,,short,7225,255,201,198,0
s3_short_window,SHORT_WINDOW,24,0.5,300,2,280,ok,,,1,54.607124999165535,120,1,26.010999999999996,12.213000000003376,1763562609873,1763562609895,,,,,,,,,,short,5828,631,211,203,0
s3_short_window,SHORT_WINDOW,24,0.5,300,2,281,ok,,,1,53.32441604696214,120,1,25.248999999999995,11.830999999998312,1763562617708,1763562617728,,,,,,,,,,short,6554,876,321,177,0
s3_short_window,SHORT_WINDOW,24,0.5,300,2,282,ok,,,1,51.23549996642396,120,1,23.814,10.94600000000355,1763562625620,1763562625642,,,,,,,,,,short,7423,536,280,222,0
s3_short_window,SHORT_WINDOW,24,0.5,300,2,283,ok,,,1,53.293208009563386,120,1,25.083,11.603000000002794,1763562635029,1763562635050,,,,,,,,,,short,6898,749,331,190,1
s3_short_window,SHORT_WINDOW,24,0.5,300,2,284,ok,,,1,54.70029200660065,120,1,25.83,11.84599999999773,1763562643731,1763562643752,,,,,,,,,,short,6247,771,279,169,1
s3_short_window,SHORT_WINDOW,24,0.5,300,2,285,ok,,,1,58.30183398211375,120,1,26.45499999999999,12.288999999989755,1763562651660,1763562651685,,,,,,,,,,short,6399,813,213,179,1
s3_short_window,SHORT_WINDOW,24,0.5,300,2,286,ok,,,1,53.71862498577684,120,1,24.289,11.391999999999825,1763562659459,1763562659480,,,,,,,,,,short,7109,464,253,173,2
s3_short_window,SHORT_WINDOW,24,0.5,300,2,287,ok,,,1,58.4521249984391,120,1,25.898999999999987,12.25,1763562668722,1763562668747,,,,,,,,,,short,6829,831,251,279,0
s3_short_window,SHORT_WINDOW,24,0.5,300,2,288,ok,,,1,51.77083401940763,120,1,26.080999999999996,10.429000000003725,1763562676888,1763562676909,,,,,,,,,,short,6337,418,287,154,1
s3_short_window,SHORT_WINDOW,24,0.5,300,2,289,ok,,,1,51.06666701612994,120,1,25.046,11.705000000001746,1763562685464,1763562685484,,,,,,,,,,short,7205,878,216,214,0
s3_short_window,SHORT_WINDOW,24,0.5,300,2,290,ok,,,1,52.145958004985005,120,1,22.950000000000003,10.548000000002503,1763562693996,1763562694017,,,,,,,,,,short,6472,477,308,199,2
s3_short_window,SHORT_WINDOW,24,0.5,300,2,291,ok,,,1,52.24245798308402,120,1,24.347,10.984000000004016,1763562702112,1763562702133,,,,,,,,,,short,7655,518,249,212,1
s3_short_window,SHORT_WINDOW,24,0.5,300,2,292,ok,,,1,54.24983298871666,120,1,25.517000000000003,13.586999999992258,1763562711375,1763562711396,,,,,,,,,,short,6117,363,262,234,1
s3_short_window,SHORT_WINDOW,24,0.5,300,2,293,ok,,,1,52.371209021657705,120,1,26.12899999999999,10.601999999998952,1763562719249,1763562719270,,,,,,,,,,short,6830,290,274,259,1
s3_short_window,SHORT_WINDOW,24,0.5,300,2,294,ok,,,1,59.48141700355336,120,1,25.74799999999999,12.280000000006112,1763562728129,1763562728154,,,,,,,,,,short,6920,629,286,261,0
s3_short_window,SHORT_WINDOW,24,0.5,300,2,295,ok,,,1,50.2802089904435,120,1,23.101999999999997,10.5879999999961,1763562736663,1763562736684,,,,,,,,,,short,6011,452,269,265,1
s3_short_window,SHORT_WINDOW,24,0.5,300,2,296,ok,,,1,55.11445796582848,120,1,25.401000000000003,11.984000000011292,1763562744744,1763562744767,,,,,,,,,,short,6292,730,269,203,1
s3_short_window,SHORT_WINDOW,24,0.5,300,2,297,ok,,,1,52.46358399745077,120,1,24.25,10.944000000003143,1763562752615,1763562752636,,,,,,,,,,short,6083,576,318,253,0
s3_short_window,SHORT_WINDOW,24,0.5,300,2,298,ok,,,1,52.263875026255846,120,1,25.19999999999999,11.717000000004191,1763562760649,1763562760671,,,,,,,,,,short,7459,730,270,219,1
s3_short_window,SHORT_WINDOW,24,0.5,300,2,299,ok,,,1,56.07816594420001,120,1,25.927,12.163999999997031,1763562769999,1763562770022,,,,,,,,,,short,6723,854,220,217,2
s3_short_window,SHORT_WINDOW,24,0.5,300,2,300,ok,,,1,51.81837501004338,120,1,25.403000000000006,11.893000000003667,1763562778430,1763562778448,,,,,,,,,,short,7019,809,219,253,0
s3_short_window,SHORT_WINDOW,24,0.5,400,2,1,ok,,,1,55.820834008045495,120,1,26.564000000000007,11.815000000002328,1763562786668,1763562786691,,,,,,,,,,short,6705,310,292,188,3
s3_short_window,SHORT_WINDOW,24,0.5,400,2,2,ok,,,1,52.76516702724621,120,1,25.384999999999998,11.5879999999961,1763562795278,1763562795298,,,,,,,,,,short,7655,501,331,155,1
s3_short_window,SHORT_WINDOW,24,0.5,400,2,3,ok,,,1,54.98575000092387,120,1,25.038000000000004,11.703000000001339,1763562804751,1763562804773,,,,,,,,,,short,6947,623,285,200,1
s3_short_window,SHORT_WINDOW,24,0.5,400,2,4,ok,,,3,894.8072509956546,360,3,53.891999999999996,16.380000000004657,1763562814369,1763562814395,,,,,,,,,,short,6666,764,205,259,2
s3_short_window,SHORT_WINDOW,24,0.5,400,2,5,ok,,,1,53.317542013246566,120,1,25.924000000000007,11.114000000001397,1763562821572,1763562821592,,,,,,,,,,short,6530,350,326,166,0
s3_short_window,SHORT_WINDOW,24,0.5,400,2,6,ok,,,1,53.604124987032264,120,1,25.353,11.845000000001164,1763562830252,1763562830273,,,,,,,,,,short,6007,715,346,236,0
s3_short_window,SHORT_WINDOW,24,0.5,400,2,7,ok,,,2,501.49675097782165,240,2,59.60800000000001,20.563999999998487,1763562838572,1763562838614,,,,,,,,,,short,6439,827,292,251,1
s3_short_window,SHORT_WINDOW,24,0.5,400,2,8,ok,,,1,56.23279104474932,120,1,25.330999999999996,11.878999999993539,1763562846260,1763562846282,,,,,,,,,,short,6901,733,203,165,3
s3_short_window,SHORT_WINDOW,24,0.5,400,2,9,ok,,,1,48.34741697413847,120,1,24.026000000000003,10.99500000000262,1763562854626,1763562854645,,,,,,,,,,short,6075,584,305,172,1
s3_short_window,SHORT_WINDOW,24,0.5,400,2,10,ok,,,1,56.464332970790565,120,1,27.08400000000001,11.982000000003609,1763562862212,1763562862234,,,,,,,,,,short,6050,356,314,158,1
s3_short_window,SHORT_WINDOW,24,0.5,400,2,11,ok,,,1,51.50229204446077,120,1,24.968000000000004,11.203000000001339,1763562870386,1763562870406,,,,,,,,,,short,5932,690,317,200,0
s3_short_window,SHORT_WINDOW,24,0.5,400,2,12,ok,,,3,885.9727500239387,360,3,52.919,14.15899999999965,1763562879084,1763562879107,,,,,,,,,,short,6836,866,338,196,1
s3_short_window,SHORT_WINDOW,24,0.5,400,2,13,ok,,,1,53.54512500343844,120,1,26.418999999999997,10.615999999994528,1763562886453,1763562886475,,,,,,,,,,short,6623,472,331,190,0
s3_short_window,SHORT_WINDOW,24,0.5,400,2,14,ok,,,1,52.95074998866767,120,1,25.281,10.5740000000078,1763562894748,1763562894769,,,,,,,,,,short,6510,335,243,162,1
s3_short_window,SHORT_WINDOW,24,0.5,400,2,15,ok,,,3,885.7302090036683,360,3,50.41099999999999,13.226999999998952,1763562904370,1763562904391,,,,,,,,,,short,7605,812,304,165,1
s3_short_window,SHORT_WINDOW,24,0.5,400,2,16,ok,,,1,56.81195901706815,120,1,25.544999999999995,12.055000000000291,1763562912846,1763562912870,,,,,,,,,,short,6835,718,331,250,1
s3_short_window,SHORT_WINDOW,24,0.5,400,2,17,ok,,,1,54.549749998841435,120,1,25.506,11.798999999999069,1763562921441,1763562921462,,,,,,,,,,short,7446,667,237,232,1
s3_short_window,SHORT_WINDOW,24,0.5,400,2,18,ok,,,1,51.04316596407443,120,1,22.676999999999992,10.325000000004366,1763562930528,1763562930550,,,,,,,,,,short,7233,608,250,212,0
s3_short_window,SHORT_WINDOW,24,0.5,400,2,19,ok,,,1,55.38816697662696,120,1,25.750000000000007,12.192000000002736,1763562939714,1763562939736,,,,,,,,,,short,7668,743,240,259,0
s3_short_window,SHORT_WINDOW,24,0.5,400,2,20,ok,,,1,52.091124991420656,120,1,26.761000000000003,10.809999999997672,1763562948751,1763562948771,,,,,,,,,,short,6347,352,338,271,1
s3_short_window,SHORT_WINDOW,24,0.5,400,2,21,ok,,,2,498.2433340046555,240,2,55.971,21.604000000006636,1763562957141,1763562957176,,,,,,,,,,short,6689,253,324,207,1
s3_short_window,SHORT_WINDOW,24,0.5,400,2,22,ok,,,1,55.30987499514595,120,1,25.786999999999992,12.223000000005413,1763562965850,1763562965871,,,,,,,,,,short,5956,892,203,219,0
s3_short_window,SHORT_WINDOW,24,0.5,400,2,23,ok,,,1,47.77716699754819,120,1,22.381,10.430000000007567,1763562973119,1763562973139,,,,,,,,,,short,5903,550,301,198,0
s3_short_window,SHORT_WINDOW,24,0.5,400,2,24,ok,,,2,496.07866699807346,240,2,55.016,21.456999999994878,1763562980961,1763562980999,,,,,,,,,,short,6643,301,292,258,1
s3_short_window,SHORT_WINDOW,24,0.5,400,2,25,ok,,,1,51.932332979049534,120,1,23.315999999999995,10.459999999999127,1763562989063,1763562989085,,,,,,,,,,short,6708,453,220,274,1
s3_short_window,SHORT_WINDOW,24,0.5,400,2,26,ok,,,2,468.5611259774305,240,2,37.959,15.544999999998254,1763562998232,1763562998255,,,,,,,,,,short,5882,694,201,211,2
s3_short_window,SHORT_WINDOW,24,0.5,400,2,27,ok,,,1,52.547041967045516,120,1,24.492999999999995,11.388999999995576,1763563005461,1763563005483,,,,,,,,,,short,7023,679,288,209,1
s3_short_window,SHORT_WINDOW,24,0.5,400,2,28,ok,,,2,495.3548760386184,240,2,50.72200000000001,23.547999999995227,1763563014828,1763563014861,,,,,,,,,,short,6319,839,319,274,0
s3_short_window,SHORT_WINDOW,24,0.5,400,2,29,ok,,,1,51.16537498543039,120,1,25.199999999999996,10.127000000000407,1763563021897,1763563021917,,,,,,,,,,short,6289,318,218,158,2
s3_short_window,SHORT_WINDOW,24,0.5,400,2,30,ok,,,1,57.84675001632422,120,1,27.76999999999999,11.893000000003667,1763563030345,1763563030367,,,,,,,,,,short,6051,814,212,238,0
s3_short_window,SHORT_WINDOW,24,0.5,400,2,31,ok,,,1,51.77870800253004,120,1,24.465000000000003,10.76600000000326,1763563037694,1763563037715,,,,,,,,,,short,6858,436,327,208,0
s3_short_window,SHORT_WINDOW,24,0.5,400,2,32,ok,,,1,55.79437501728535,120,1,26.668999999999997,12.588999999992666,1763563046328,1763563046348,,,,,,,,,,short,7199,389,302,180,0
s3_short_window,SHORT_WINDOW,24,0.5,400,2,33,ok,,,1,54.06041699461639,120,1,26.205,10.560999999986961,1763563055342,1763563055364,,,,,,,,,,short,7157,442,333,153,4
s3_short_window,SHORT_WINDOW,24,0.5,400,2,34,ok,,,1,50.861625000834465,120,1,25.828000000000003,10.731999999996333,1763563064093,1763563064113,,,,,,,,,,short,7833,353,211,158,0
s3_short_window,SHORT_WINDOW,24,0.5,400,2,35,ok,,,1,56.22254102490842,120,1,26.998999999999995,12.054999999993015,1763563073706,1763563073728,,,,,,,,,,short,6074,369,328,170,0
s3_short_window,SHORT_WINDOW,24,0.5,400,2,36,ok,,,1,50.533958012238145,120,1,25.669999999999995,10.602999999995518,1763563081591,1763563081612,,,,,,,,,,short,7390,398,269,155,1
s3_short_window,SHORT_WINDOW,24,0.5,400,2,37,ok,,,3,887.543375021778,360,3,50.358,15.286999999996624,1763563091954,1763563091981,,,,,,,,,,short,6948,740,305,255,1
s3_short_window,SHORT_WINDOW,24,0.5,400,2,38,ok,,,1,55.8257499942556,120,1,26.106999999999992,12.39900000000489,1763563099882,1763563099904,,,,,,,,,,short,7243,622,263,270,1
s3_short_window,SHORT_WINDOW,24,0.5,400,2,39,ok,,,1,54.037208028603345,120,1,26.182000000000002,12.032999999995809,1763563108587,1763563108606,,,,,,,,,,short,6559,389,326,175,0
s3_short_window,SHORT_WINDOW,24,0.5,400,2,40,ok,,,1,50.79795798519626,120,1,25.730000000000004,11.930999999996857,1763563117245,1763563117264,,,,,,,,,,short,6110,741,302,268,2
s3_short_window,SHORT_WINDOW,24,0.5,400,2,41,ok,,,1,53.02575003588572,120,1,24.487000000000002,13.063999999998487,1763563124693,1763563124714,,,,,,,,,,short,5971,375,297,155,2
s3_short_window,SHORT_WINDOW,24,0.5,400,2,42,ok,,,1,49.62137504480779,120,1,23.760999999999996,10.834000000002561,1763563132611,1763563132630,,,,,,,,,,short,7622,495,324,170,0
s3_short_window,SHORT_WINDOW,24,0.5,400,2,43,ok,,,1,52.02400003327057,120,1,24.90500000000001,10.437999999987369,1763563142151,1763563142173,,,,,,,,,,short,7405,564,310,264,0
s3_short_window,SHORT_WINDOW,24,0.5,400,2,44,ok,,,1,54.19445800362155,120,1,24.550000000000004,11.269000000000233,1763563151226,1763563151248,,,,,,,,,,short,6464,450,219,227,0
s3_short_window,SHORT_WINDOW,24,0.5,400,2,45,ok,,,1,49.67929201666266,120,1,24.11100000000001,10.631000000001222,1763563159377,1763563159397,,,,,,,,,,short,6322,428,260,249,2
s3_short_window,SHORT_WINDOW,24,0.5,400,2,46,ok,,,1,60.273958020843565,120,1,32.04799999999999,13.237000000008265,1763563167689,1763563167714,,,,,,,,,,short,6793,714,320,209,1
s3_short_window,SHORT_WINDOW,24,0.5,400,2,47,ok,,,1,53.38654195657,120,1,24.952999999999996,11.378999999993539,1763563176334,1763563176356,,,,,,,,,,short,5760,729,305,253,0
s3_short_window,SHORT_WINDOW,24,0.5,400,2,48,ok,,,1,55.841708031948656,120,1,26.777000000000008,11.4490000000078,1763563183520,1763563183541,,,,,,,,,,short,7280,340,348,218,0
s3_short_window,SHORT_WINDOW,24,0.5,400,2,49,ok,,,1,53.34154097363353,120,1,24.753999999999998,11.11200000000099,1763563193287,1763563193310,,,,,,,,,,short,6913,885,241,221,1
s3_short_window,SHORT_WINDOW,24,0.5,400,2,50,ok,,,1,53.187083976808935,120,1,24.821000000000005,12.197999999996682,1763563201900,1763563201922,,,,,,,,,,short,7276,818,290,223,2
s3_short_window,SHORT_WINDOW,24,0.5,400,2,51,ok,,,1,51.199541019741446,120,1,24.230999999999995,10.550999999999476,1763563210600,1763563210621,,,,,,,,,,short,7243,505,274,207,0
s3_short_window,SHORT_WINDOW,24,0.5,400,2,52,ok,,,1,53.68645896669477,120,1,25.631000000000014,11.775000000001455,1763563220040,1763563220061,,,,,,,,,,short,5835,864,262,208,0
s3_short_window,SHORT_WINDOW,24,0.5,400,2,53,ok,,,1,56.39445804990828,120,1,25.527,12.078999999997905,1763563227645,1763563227669,,,,,,,,,,short,6947,853,219,249,1
s3_short_window,SHORT_WINDOW,24,0.5,400,2,54,ok,,,1,49.843333021271974,120,1,23.767999999999994,10.999000000003434,1763563236123,1763563236143,,,,,,,,,,short,7378,576,330,226,3
s3_short_window,SHORT_WINDOW,24,0.5,400,2,55,ok,,,1,55.02191698178649,120,1,25.203000000000003,11.919000000001688,1763563245100,1763563245123,,,,,,,,,,short,7763,545,201,189,1
s3_short_window,SHORT_WINDOW,24,0.5,400,2,56,ok,,,1,56.26812495756894,120,1,26.772999999999996,11.502000000000407,1763563254255,1763563254277,,,,,,,,,,short,6707,342,278,202,0
s3_short_window,SHORT_WINDOW,24,0.5,400,2,57,ok,,,1,55.17054203664884,120,1,25.723,12.138000000006286,1763563263136,1763563263159,,,,,,,,,,short,5946,730,230,218,0
s3_short_window,SHORT_WINDOW,24,0.5,400,2,58,ok,,,1,53.78629098413512,120,1,24.74900000000001,11.74599999999191,1763563270762,1763563270784,,,,,,,,,,short,7051,672,292,160,1
s3_short_window,SHORT_WINDOW,24,0.5,400,2,59,ok,,,1,50.69195799296722,120,1,25.909,10.122000000003027,1763563279073,1763563279093,,,,,,,,,,short,6997,350,224,268,0
s3_short_window,SHORT_WINDOW,24,0.5,400,2,60,ok,,,1,53.6929169902578,120,1,26.189999999999998,11.502999999996973,1763563287882,1763563287902,,,,,,,,,,short,7410,347,308,193,1
s3_short_window,SHORT_WINDOW,24,0.5,400,2,61,ok,,,1,56.36016599601135,120,1,25.54099999999999,12.060000000004948,1763563297594,1763563297619,,,,,,,,,,short,6416,819,229,173,1
s3_short_window,SHORT_WINDOW,24,0.5,400,2,62,ok,,,1,50.33770902082324,120,1,23.182999999999996,10.807999999997264,1763563305375,1763563305396,,,,,,,,,,short,5874,517,296,249,0
s3_short_window,SHORT_WINDOW,24,0.5,400,2,63,ok,,,1,53.839500003959984,120,1,24.213000000000008,11.586999999999534,1763563313313,1763563313336,,,,,,,,,,short,5885,786,335,199,0
s3_short_window,SHORT_WINDOW,24,0.5,400,2,64,ok,,,2,493.1888339924626,240,2,53.59499999999999,21.88799999999901,1763563320895,1763563320931,,,,,,,,,,short,6117,254,318,205,0
s3_short_window,SHORT_WINDOW,24,0.5,400,2,65,ok,,,1,56.74133403226733,120,1,25.58099999999998,11.932999999997264,1763563328892,1763563328916,,,,,,,,,,short,6743,757,336,238,0
s3_short_window,SHORT_WINDOW,24,0.5,400,2,66,ok,,,1,55.99304201314226,120,1,27.033,11.937000000005355,1763563337492,1763563337514,,,,,,,,,,short,6086,872,248,249,0
s3_short_window,SHORT_WINDOW,24,0.5,400,2,67,ok,,,1,49.62208296637982,120,1,23.206999999999994,10.398000000001048,1763563344826,1763563344845,,,,,,,,,,short,6000,457,235,268,2
s3_short_window,SHORT_WINDOW,24,0.5,400,2,68,ok,,,1,56.16874998668209,120,1,25.341000000000008,12.156999999991967,1763563352922,1763563352945,,,,,,,,,,short,5841,870,229,204,1
s3_short_window,SHORT_WINDOW,24,0.5,400,2,69,ok,,,1,54.09166601020843,120,1,26.198000000000008,11.362000000008265,1763563360461,1763563360483,,,,,,,,,,short,6318,787,239,174,0
,,,,,,,preauth_failed,step4_wait,0,0,0.0,0,0,0.0,0.0,,,,,,,,,,,,,,,,,
s3_short_window,SHORT_WINDOW,24,0.5,400,2,71,ok,,,1,48.523833975195885,120,1,22.820999999999998,10.192999999992026,1763563373312,1763563373332,,,,,,,,,,short,7305,369,242,169,0
s3_short_window,SHORT_WINDOW,24,0.5,400,2,72,ok,,,1,52.79383301967755,120,1,24.78,10.491999999991094,1763563382323,1763563382344,,,,,,,,,,short,8187,320,269,195,2
s3_short_window,SHORT_WINDOW,24,0.5,400,2,73,ok,,,1,54.95720898034051,120,1,24.464999999999996,11.09100000000035,1763563392404,1763563392426,,,,,,,,,,short,6343,475,224,219,0
s3_short_window,SHORT_WINDOW,24,0.5,400,2,74,ok,,,1,46.22916702646762,120,1,22.446,10.040000000008149,1763563400664,1763563400682,,,,,,,,,,short,6733,538,220,201,1
s3_short_window,SHORT_WINDOW,24,0.5,400,2,75,ok,,,1,53.7484580418095,120,1,23.869999999999997,10.85099999999511,1763563409137,1763563409159,,,,,,,,,,short,7704,457,273,202,2
s3_short_window,SHORT_WINDOW,24,0.5,400,2,76,ok,,,1,51.356749958358705,120,1,25.071999999999996,11.677999999992608,1763563419074,1763563419095,,,,,,,,,,short,6896,896,319,164,0
s3_short_window,SHORT_WINDOW,24,0.5,400,2,77,ok,,,1,54.178541991859674,120,1,25.313000000000002,11.614000000001397,1763563427176,1763563427196,,,,,,,,,,short,7127,333,299,242,0
s3_short_window,SHORT_WINDOW,24,0.5,400,2,78,ok,,,1,56.65949999820441,120,1,25.607,11.996000000006461,1763563436570,1763563436595,,,,,,,,,,short,6703,766,320,212,1
s3_short_window,SHORT_WINDOW,24,0.5,400,2,79,ok,,,1,52.28775000432506,120,1,23.694999999999993,11.093000000008033,1763563444695,1763563444718,,,,,,,,,,short,7298,478,249,155,0
s3_short_window,SHORT_WINDOW,24,0.5,400,2,80,ok,,,1,53.157416987232864,120,1,24.759000000000007,11.445000000006985,1763563453836,1763563453857,,,,,,,,,,short,7345,506,228,194,2
s3_short_window,SHORT_WINDOW,24,0.5,400,2,81,ok,,,1,51.51275004027411,120,1,23.284,10.735000000000582,1763563462872,1763563462894,,,,,,,,,,short,7344,471,237,159,2
s3_short_window,SHORT_WINDOW,24,0.5,400,2,82,ok,,,1,50.52074999548495,120,1,24.884,11.755999999993946,1763563472258,1763563472277,,,,,,,,,,short,6538,682,318,247,0
s3_short_window,SHORT_WINDOW,24,0.5,400,2,83,ok,,,1,53.29345801146701,120,1,23.733999999999988,10.389999999999418,1763563480259,1763563480281,,,,,,,,,,short,7056,402,227,192,4
s3_short_window,SHORT_WINDOW,24,0.5,400,2,84,ok,,,1,50.73104199254885,120,1,22.711,10.319000000003143,1763563489103,1763563489124,,,,,,,,,,short,6102,465,304,178,1
s3_short_window,SHORT_WINDOW,24,0.5,400,2,85,ok,,,1,51.46812502061948,120,1,25.706999999999994,11.237999999997555,1763563496838,1763563496858,,,,,,,,,,short,7539,395,322,264,0
s3_short_window,SHORT_WINDOW,24,0.5,400,2,86,ok,,,3,896.5635829954408,360,3,60.357,13.626000000003842,1763563507265,1763563507287,,,,,,,,,,short,7111,607,269,278,1
s3_short_window,SHORT_WINDOW,24,0.5,400,2,87,ok,,,1,53.543749963864684,120,1,25.257999999999996,11.030000000006112,1763563515168,1763563515189,,,,,,,,,,short,7424,483,316,272,0
s3_short_window,SHORT_WINDOW,24,0.5,400,2,88,ok,,,1,58.06879099691287,120,1,25.870999999999995,12.138000000006286,1763563524778,1763563524803,,,,,,,,,,short,7258,835,334,158,3
s3_short_window,SHORT_WINDOW,24,0.5,400,2,89,ok,,,1,55.20150001393631,120,1,25.61399999999999,11.953999999997905,1763563533731,1763563533752,,,,,,,,,,short,7302,732,340,274,2
s3_short_window,SHORT_WINDOW,24,0.5,400,2,90,ok,,,2,499.0119590074755,240,2,52.74699999999999,21.959999999999127,1763563542735,1763563542771,,,,,,,,,,short,6583,253,325,168,2
s3_short_window,SHORT_WINDOW,24,0.5,400,2,91,ok,,,2,499.53941704006866,240,2,51.775999999999996,22.851999999998952,1763563551085,1763563551121,,,,,,,,,,short,6688,275,335,151,1
s3_short_window,SHORT_WINDOW,24,0.5,400,2,92,ok,,,1,55.98129198187962,120,1,25.115999999999993,11.578999999997905,1763563559247,1763563559269,,,,,,,,,,short,8012,594,293,212,1
s3_short_window,SHORT_WINDOW,24,0.5,400,2,93,ok,,,1,57.14754096698016,120,1,25.986999999999995,12.104000000006636,1763563569200,1763563569224,,,,,,,,,,short,5990,729,243,152,1
s3_short_window,SHORT_WINDOW,24,0.5,400,2,94,ok,,,1,51.353582995943725,120,1,24.747999999999998,11.32499999999709,1763563576686,1763563576706,,,,,,,,,,short,6143,389,254,214,1
s3_short_window,SHORT_WINDOW,24,0.5,400,2,95,ok,,,1,54.64295798446983,120,1,25.43,11.968999999997322,1763563584879,1763563584902,,,,,,,,,,short,7014,745,338,161,0
s3_short_window,SHORT_WINDOW,24,0.5,400,2,96,ok,,,1,49.9027079786174,120,1,25.313999999999997,10.93699999999808,1763563593322,1763563593341,,,,,,,,,,short,7765,331,265,193,1
s3_short_window,SHORT_WINDOW,24,0.5,400,2,97,ok,,,1,58.10987501172349,120,1,25.502000000000002,12.272000000004482,1763563603096,1763563603121,,,,,,,,,,short,7011,548,253,155,0
s3_short_window,SHORT_WINDOW,24,0.5,400,2,98,ok,,,1,50.2516669803299,120,1,25.962999999999987,10.764999999999418,1763563611594,1763563611613,,,,,,,,,,short,6473,326,320,192,0
s3_short_window,SHORT_WINDOW,24,0.5,400,2,99,ok,,,1,51.856374950148165,120,1,24.911,10.942999999999302,1763563619812,1763563619832,,,,,,,,,,short,5940,337,306,159,0
s3_short_window,SHORT_WINDOW,24,0.5,400,2,100,ok,,,1,54.20079198665917,120,1,26.014999999999993,10.96600000000035,1763563627863,1763563627884,,,,,,,,,,short,6857,611,206,150,2
s3_short_window,SHORT_WINDOW,24,0.5,400,2,101,ok,,,1,52.01812501763925,120,1,26.589,10.465000000003783,1763563636223,1763563636245,,,,,,,,,,short,6548,387,284,261,1
s3_short_window,SHORT_WINDOW,24,0.5,400,2,102,ok,,,1,51.816207997035235,120,1,25.044999999999995,11.563999999998487,1763563644839,1763563644860,,,,,,,,,,short,6405,643,208,172,1
s3_short_window,SHORT_WINDOW,24,0.5,400,2,103,ok,,,1,50.36958400160074,120,1,22.822000000000003,10.346000000012282,1763563652846,1763563652869,,,,,,,,,,short,7005,486,295,240,1
s3_short_window,SHORT_WINDOW,24,0.5,400,2,104,ok,,,1,53.85391699383035,120,1,24.803000000000004,11.719999999993888,1763563661840,1763563661862,,,,,,,,,,short,8007,652,245,164,3
s3_short_window,SHORT_WINDOW,24,0.5,400,2,105,ok,,,1,52.89074999745935,120,1,25.45300000000001,11.959999999999127,1763563671617,1763563671639,,,,,,,,,,short,7177,663,318,226,0
s3_short_window,SHORT_WINDOW,24,0.5,400,2,106,ok,,,1,51.477374974638224,120,1,22.731,10.28200000000652,1763563680747,1763563680769,,,,,,,,,,short,7559,844,258,206,0
s3_short_window,SHORT_WINDOW,24,0.5,400,2,107,ok,,,1,58.0551250022836,120,1,26.953000000000003,11.833000000005995,1763563689578,1763563689600,,,,,,,,,,short,6373,327,311,180,0
s3_short_window,SHORT_WINDOW,24,0.5,400,2,108,ok,,,1,50.421667052432895,120,1,23.419000000000004,10.684999999997672,1763563697787,1763563697808,,,,,,,,,,short,6927,461,242,263,2
s3_short_window,SHORT_WINDOW,24,0.5,400,2,109,ok,,,3,879.9840009887703,360,3,46.66899999999998,15.62999999999738,1763563707136,1763563707158,,,,,,,,,,short,6310,259,298,266,2
s3_short_window,SHORT_WINDOW,24,0.5,400,2,110,ok,,,1,50.11462501715869,120,1,24.021,10.80899999999383,1763563714657,1763563714677,,,,,,,,,,short,6346,615,350,212,2
s3_short_window,SHORT_WINDOW,24,0.5,400,2,111,ok,,,1,55.06116698961705,120,1,24.556999999999995,12.403000000005704,1763563722451,1763563722474,,,,,,,,,,short,6812,451,265,225,0
s3_short_window,SHORT_WINDOW,24,0.5,400,2,112,ok,,,1,50.68358295829967,120,1,24.097,10.979999999995925,1763563731283,1763563731304,,,,,,,,,,short,7247,561,284,270,2
s3_short_window,SHORT_WINDOW,24,0.5,400,2,113,ok,,,1,52.171625022310764,120,1,24.105999999999995,11.069999999999709,1763563740126,1763563740148,,,,,,,,,,short,7505,538,282,244,1
s3_short_window,SHORT_WINDOW,24,0.5,400,2,114,ok,,,1,57.22712498391047,120,1,26.032000000000004,12.088000000003376,1763563749684,1763563749708,,,,,,,,,,short,5771,873,347,248,1
s3_short_window,SHORT_WINDOW,24,0.5,400,2,115,ok,,,1,56.120374996680766,120,1,27.128999999999998,12.381999999997788,1763563756588,1763563756608,,,,,,,,,,short,6227,335,283,161,1
s3_short_window,SHORT_WINDOW,24,0.5,400,2,116,ok,,,1,52.29387496365234,120,1,24.049000000000007,11.101999999998952,1763563764762,1763563764783,,,,,,,,,,short,6962,491,241,270,1
s3_short_window,SHORT_WINDOW,24,0.5,400,2,117,ok,,,1,57.296334009151906,120,1,25.61500000000001,11.801999999996042,1763563773748,1763563773772,,,,,,,,,,short,6059,716,279,170,0
s3_short_window,SHORT_WINDOW,24,0.5,400,2,118,ok,,,1,51.19258299237117,120,1,25.430000000000007,11.766999999999825,1763563781280,1763563781299,,,,,,,,,,short,7390,463,347,159,2
s3_short_window,SHORT_WINDOW,24,0.5,400,2,119,ok,,,1,54.11649995949119,120,1,27.728,10.231000000007043,1763563790723,1763563790748,,,,,,,,,,short,6937,769,269,201,0
s3_short_window,SHORT_WINDOW,24,0.5,400,2,120,ok,,,2,497.5829590111971,240,2,52.471,21.413999999989755,1763563799449,1763563799487,,,,,,,,,,short,7229,279,344,269,2
s3_short_window,SHORT_WINDOW,24,0.5,400,2,121,ok,,,3,870.8462089998648,360,3,44.681,11.432000000000698,1763563809237,1763563809256,,,,,,,,,,short,5779,689,218,267,2
s3_short_window,SHORT_WINDOW,24,0.5,400,2,122,ok,,,1,56.21125001925975,120,1,29.071000000000005,11.517999999996391,1763563815591,1763563815613,,,,,,,,,,short,6301,387,332,225,0
s3_short_window,SHORT_WINDOW,24,0.5,400,2,123,ok,,,1,56.20633397484198,120,1,24.638999999999996,11.262000000002445,1763563823854,1763563823879,,,,,,,,,,short,7470,522,297,157,3
s3_short_window,SHORT_WINDOW,24,0.5,400,2,124,ok,,,1,54.83004200505093,120,1,26.31199999999999,11.474000000001979,1763563833494,1763563833518,,,,,,,,,,short,7345,891,283,270,2
s3_short_window,SHORT_WINDOW,24,0.5,400,2,125,ok,,,1,54.96854102239013,120,1,28.151000000000003,10.89999999999418,1763563842078,1763563842102,,,,,,,,,,short,5918,339,252,227,1
s3_short_window,SHORT_WINDOW,24,0.5,400,2,126,ok,,,1,56.24666600488126,120,1,27.217,11.413999999997031,1763563849798,1763563849820,,,,,,,,,,short,7788,343,284,200,1
s3_short_window,SHORT_WINDOW,24,0.5,400,2,127,ok,,,1,56.54487496940419,120,1,27.714,11.437000000005355,1763563859734,1763563859758,,,,,,,,,,short,7325,702,348,278,2
s3_short_window,SHORT_WINDOW,24,0.5,400,2,128,ok,,,1,56.48962501436472,120,1,27.188000000000002,12.128999999993539,1763563869019,1763563869040,,,,,,,,,,short,6878,827,217,151,2
s3_short_window,SHORT_WINDOW,24,0.5,400,2,129,ok,,,1,56.90312501974404,120,1,26.662999999999975,13.685999999994237,1763563877586,1763563877608,,,,,,,,,,short,7664,784,243,228,1
s3_short_window,SHORT_WINDOW,24,0.5,400,2,130,ok,,,1,54.00420795194805,120,1,25.666000000000004,13.155000000006112,1763563886759,1763563886780,,,,,,,,,,short,6262,600,212,172,0
s3_short_window,SHORT_WINDOW,24,0.5,400,2,131,ok,,,1,54.80945901945233,120,1,26.260999999999996,11.669000000001688,1763563894917,1763563894939,,,,,,,,,,short,6550,748,294,190,0
s3_short_window,SHORT_WINDOW,24,0.5,400,2,132,ok,,,1,55.61787495389581,120,1,26.117999999999995,13.076000000000931,1763563902985,1763563903005,,,,,,,,,,short,7792,409,319,152,3
s3_short_window,SHORT_WINDOW,24,0.5,400,2,133,ok,,,1,56.998916959855705,120,1,25.78000000000001,12.135000000002037,1763563912826,1763563912849,,,,,,,,,,short,7667,617,256,272,0
s3_short_window,SHORT_WINDOW,24,0.5,400,2,134,ok,,,1,51.09224998159334,120,1,24.201999999999998,11.322999999996682,1763563923009,1763563923028,,,,,,,,,,short,7378,613,285,203,1
s3_short_window,SHORT_WINDOW,24,0.5,400,2,135,ok,,,1,65.25337503990158,120,1,28.9,18.275999999990745,1763563931987,1763563932011,,,,,,,,,,short,6566,448,336,260,1
s3_short_window,SHORT_WINDOW,24,0.5,400,2,136,ok,,,1,54.636833956465125,120,1,26.961999999999996,11.042000000008557,1763563940318,1763563940340,,,,,,,,,,short,7270,432,330,267,0
s3_short_window,SHORT_WINDOW,24,0.5,400,2,137,ok,,,1,60.04716700408608,120,1,30.084000000000003,12.616000000001804,1763563949295,1763563949318,,,,,,,,,,short,7365,293,214,180,0
s3_short_window,SHORT_WINDOW,24,0.5,400,2,138,ok,,,1,60.198666993528605,120,1,30.137000000000015,11.81199999999808,1763563958923,1763563958946,,,,,,,,,,short,6875,820,232,182,1
s3_short_window,SHORT_WINDOW,24,0.5,400,2,139,ok,,,1,56.65400001453236,120,1,27.252000000000002,13.514000000002852,1763563966975,1763563966996,,,,,,,,,,short,6915,397,213,230,1
s3_short_window,SHORT_WINDOW,24,0.5,400,2,140,ok,,,1,53.095499984920025,120,1,26.048000000000002,12.402999999998428,1763563975730,1763563975750,,,,,,,,,,short,7430,471,323,158,0
s3_short_window,SHORT_WINDOW,24,0.5,400,2,141,ok,,,1,54.276500013656914,120,1,26.30000000000001,12.52100000000064,1763563985354,1763563985376,,,,,,,,,,short,7197,662,267,205,3
s3_short_window,SHORT_WINDOW,24,0.5,400,2,142,ok,,,1,52.78362502576783,120,1,25.0,11.700999999993655,1763563994219,1763563994239,,,,,,,,,,short,6466,537,229,251,1
s3_short_window,SHORT_WINDOW,24,0.5,400,2,143,ok,,,1,55.27104198699817,120,1,25.841,11.256999999997788,1763564002485,1763564002508,,,,,,,,,,short,7425,540,328,231,1
s3_short_window,SHORT_WINDOW,24,0.5,400,2,144,ok,,,1,58.072083978913724,120,1,28.107,11.726000000002387,1763564011359,1763564011382,,,,,,,,,,short,6431,338,321,183,1
s3_short_window,SHORT_WINDOW,24,0.5,400,2,145,ok,,,1,56.45550001645461,120,1,25.348999999999997,11.010999999998603,1763564019873,1763564019897,,,,,,,,,,short,6030,612,350,213,0
s3_short_window,SHORT_WINDOW,24,0.5,400,2,146,ok,,,3,883.1137509550899,360,3,49.126,12.518000000003667,1763564028413,1763564028438,,,,,,,,,,short,6467,586,219,237,3
s3_short_window,SHORT_WINDOW,24,0.5,400,2,147,ok,,,1,56.282666977494955,120,1,25.972,11.887000000002445,1763564036175,1763564036199,,,,,,,,,,short,6835,900,288,168,0
s3_short_window,SHORT_WINDOW,24,0.5,400,2,148,ok,,,1,53.13220899552107,120,1,25.664,12.099000000001979,1763564044767,1763564044788,,,,,,,,,,short,6883,888,245,262,1
s3_short_window,SHORT_WINDOW,24,0.5,400,2,149,ok,,,1,53.284124995116144,120,1,24.52899999999999,11.480000000003201,1763564053346,1763564053368,,,,,,,,,,short,7627,619,301,209,0
s3_short_window,SHORT_WINDOW,24,0.5,400,2,150,ok,,,1,60.29912503436208,120,1,27.756999999999998,11.855000000003201,1763564062690,1763564062714,,,,,,,,,,short,6124,617,229,238,2
s3_short_window,SHORT_WINDOW,24,0.5,400,2,151,ok,,,1,48.774000024423,120,1,23.968999999999987,10.173999999999069,1763564070343,1763564070362,,,,,,,,,,short,5933,369,206,268,1
s3_short_window,SHORT_WINDOW,24,0.5,400,2,152,ok,,,1,50.87970802560449,120,1,23.299,10.471000000005006,1763564078057,1763564078077,,,,,,,,,,short,6179,401,241,261,1
s3_short_window,SHORT_WINDOW,24,0.5,400,2,153,ok,,,1,50.549249979667366,120,1,25.683,10.35000000000582,1763564086077,1763564086097,,,,,,,,,,short,7794,440,317,228,1
s3_short_window,SHORT_WINDOW,24,0.5,400,2,154,ok,,,1,53.65112499566749,120,1,26.192,10.20499999999447,1763564095448,1763564095471,,,,,,,,,,short,6270,440,327,202,1
s3_short_window,SHORT_WINDOW,24,0.5,400,2,155,ok,,,1,54.98850002186373,120,1,25.865000000000002,11.89100000000326,1763564103909,1763564103931,,,,,,,,,,short,5881,843,232,247,0
s3_short_window,SHORT_WINDOW,24,0.5,400,2,156,ok,,,1,50.98608398111537,120,1,22.613999999999997,10.559999999997672,1763564111088,1763564111111,,,,,,,,,,short,7323,392,247,247,0
s3_short_window,SHORT_WINDOW,24,0.5,400,2,157,ok,,,2,498.0188339832239,240,2,56.42399999999999,21.049000000006345,1763564120550,1763564120584,,,,,,,,,,short,7081,258,304,169,1
s3_short_window,SHORT_WINDOW,24,0.5,400,2,158,ok,,,1,51.99779197573662,120,1,25.272000000000006,11.689000000005763,1763564129444,1763564129464,,,,,,,,,,short,6962,702,317,194,1
s3_short_window,SHORT_WINDOW,24,0.5,400,2,159,ok,,,1,52.832249959465116,120,1,26.363000000000007,11.371000000006461,1763564137770,1763564137791,,,,,,,,,,short,7745,327,243,246,1
s3_short_window,SHORT_WINDOW,24,0.5,400,2,160,ok,,,1,54.66554098529741,120,1,25.330000000000005,12.015999999995984,1763564147529,1763564147551,,,,,,,,,,short,7238,544,215,263,2
s3_short_window,SHORT_WINDOW,24,0.5,400,2,161,ok,,,1,55.73874997207895,120,1,23.510999999999996,10.997000000003027,1763564156547,1763564156573,,,,,,,,,,short,7757,491,219,176,1
s3_short_window,SHORT_WINDOW,24,0.5,400,2,162,ok,,,1,50.53929198766127,120,1,25.235999999999997,11.400000000001455,1763564166095,1763564166113,,,,,,,,,,short,6750,658,345,213,0
s3_short_window,SHORT_WINDOW,24,0.5,400,2,163,ok,,,1,55.49266701564193,120,1,26.812000000000005,12.297999999995227,1763564174275,1763564174295,,,,,,,,,,short,6589,326,268,264,0
s3_short_window,SHORT_WINDOW,24,0.5,400,2,164,ok,,,1,54.36512496089563,120,1,25.348999999999997,11.879000000000815,1763564182995,1763564183017,,,,,,,,,,short,6734,613,262,213,0
s3_short_window,SHORT_WINDOW,24,0.5,400,2,165,ok,,,1,56.34179199114442,120,1,26.46500000000001,12.023999999997613,1763564191728,1763564191750,,,,,,,,,,short,7585,770,322,201,4
s3_short_window,SHORT_WINDOW,24,0.5,400,2,166,ok,,,1,73.76883301185444,120,1,24.221999999999994,29.602000000006228,1763564200772,1763564200794,,,,,,,,,,short,5870,729,240,259,1
s3_short_window,SHORT_WINDOW,24,0.5,400,2,167,ok,,,1,51.901834027376026,120,1,26.31799999999999,11.393000000003667,1763564208034,1763564208053,,,,,,,,,,short,7381,334,337,192,0
s3_short_window,SHORT_WINDOW,24,0.5,400,2,168,ok,,,1,50.561666022986174,120,1,25.215000000000003,11.688999999998487,1763564217629,1763564217647,,,,,,,,,,short,6267,741,228,183,1
s3_short_window,SHORT_WINDOW,24,0.5,400,2,169,ok,,,1,55.52758404519409,120,1,24.695999999999998,11.46600000000035,1763564225399,1763564225421,,,,,,,,,,short,6302,586,316,176,2
s3_short_window,SHORT_WINDOW,24,0.5,400,2,170,ok,,,1,49.236792023293674,120,1,23.270000000000003,10.663999999997031,1763564233489,1763564233508,,,,,,,,,,short,6162,701,336,183,2
s3_short_window,SHORT_WINDOW,24,0.5,400,2,171,ok,,,1,58.27049998333678,120,1,27.240000000000016,12.750000000007276,1763564241416,1763564241437,,,,,,,,,,short,7274,717,285,212,3
s3_short_window,SHORT_WINDOW,24,0.5,400,2,172,ok,,,1,55.82491698442027,120,1,24.637,11.398000000001048,1763564250264,1763564250287,,,,,,,,,,short,7243,569,298,206,1
s3_short_window,SHORT_WINDOW,24,0.5,400,2,173,ok,,,1,52.591751038562506,120,1,26.519,11.289000000004307,1763564259037,1763564259057,,,,,,,,,,short,6961,318,311,155,1
s3_short_window,SHORT_WINDOW,24,0.5,400,2,174,ok,,,1,57.6321660191752,120,1,25.667,12.31199999999808,1763564268246,1763564268272,,,,,,,,,,short,5916,846,261,161,0
s3_short_window,SHORT_WINDOW,24,0.5,400,2,175,ok,,,1,49.80804200749844,120,1,24.840999999999994,11.152999999998428,1763564275624,1763564275643,,,,,,,,,,short,5883,589,325,245,1
s3_short_window,SHORT_WINDOW,24,0.5,400,2,176,ok,,,1,51.575458026491106,120,1,24.205000000000005,11.222999999998137,1763564283082,1763564283102,,,,,,,,,,short,5840,541,340,220,0
s3_short_window,SHORT_WINDOW,24,0.5,400,2,177,ok,,,1,54.31095900712535,120,1,25.692,11.263999999995576,1763564290837,1763564290860,,,,,,,,,,short,7661,767,286,158,1
s3_short_window,SHORT_WINDOW,24,0.5,400,2,178,ok,,,1,52.4687499855645,120,1,23.519999999999996,10.904999999998836,1763564299820,1763564299841,,,,,,,,,,short,5889,506,230,228,0
s3_short_window,SHORT_WINDOW,24,0.5,400,2,179,ok,,,1,57.27812502300367,120,1,25.731999999999985,12.2129999999961,1763564307892,1763564307915,,,,,,,,,,short,7494,859,253,246,0
s3_short_window,SHORT_WINDOW,24,0.5,400,2,180,ok,,,1,53.01058397162706,120,1,25.579,11.93800000000192,1763564317175,1763564317197,,,,,,,,,,short,6156,867,258,180,0
s3_short_window,SHORT_WINDOW,24,0.5,400,2,181,ok,,,1,55.50558300456032,120,1,25.192000000000007,12.109000000004016,1763564325152,1763564325175,,,,,,,,,,short,6858,899,317,231,1
s3_short_window,SHORT_WINDOW,24,0.5,400,2,182,ok,,,1,51.26291699707508,120,1,23.912,10.963999999999942,1763564333540,1763564333561,,,,,,,,,,short,7338,874,326,274,0
s3_short_window,SHORT_WINDOW,24,0.5,400,2,183,ok,,,1,54.8732919851318,120,1,27.084999999999994,11.022000000004482,1763564342133,1763564342153,,,,,,,,,,short,7232,300,293,161,0
s3_short_window,SHORT_WINDOW,24,0.5,400,2,184,ok,,,1,52.43762501049787,120,1,23.259999999999998,11.62000000000262,1763564351184,1763564351205,,,,,,,,,,short,7017,378,243,158,1
s3_short_window,SHORT_WINDOW,24,0.5,400,2,185,ok,,,1,54.12350001279265,120,1,25.80000000000002,12.424999999995634,1763564360527,1763564360549,,,,,,,,,,short,6924,891,281,169,1
s3_short_window,SHORT_WINDOW,24,0.5,400,2,186,ok,,,1,56.21925002196804,120,1,25.74000000000001,11.986999999993714,1763564369041,1763564369062,,,,,,,,,,short,5844,689,304,187,0
s3_short_window,SHORT_WINDOW,24,0.5,400,2,187,ok,,,1,55.92162499669939,120,1,26.840999999999994,12.200000000011642,1763564376246,1763564376268,,,,,,,,,,short,6303,257,209,170,0
s3_short_window,SHORT_WINDOW,24,0.5,400,2,188,ok,,,1,51.021791994571686,120,1,24.089999999999996,11.163000000000466,1763564384515,1763564384536,,,,,,,,,,short,6057,460,215,180,1
s3_short_window,SHORT_WINDOW,24,0.5,400,2,189,ok,,,1,59.7410419723019,120,1,27.17799999999999,14.122999999999593,1763564392296,1763564392318,,,,,,,,,,short,6834,396,310,247,1
s3_short_window,SHORT_WINDOW,24,0.5,400,2,190,ok,,,1,52.02291696332395,120,1,25.57,11.627999999996973,1763564401374,1763564401395,,,,,,,,,,short,7170,860,240,244,1
s3_short_window,SHORT_WINDOW,24,0.5,400,2,191,ok,,,1,55.487875011749566,120,1,26.486999999999995,10.90899999999965,1763564409802,1763564409823,,,,,,,,,,short,6372,354,328,179,1
s3_short_window,SHORT_WINDOW,24,0.5,400,2,192,ok,,,1,50.305584038142115,120,1,23.06499999999999,10.542999999997846,1763564418078,1763564418100,,,,,,,,,,short,7040,526,348,184,3
s3_short_window,SHORT_WINDOW,24,0.5,400,2,193,ok,,,2,468.01391599001363,240,2,34.869,15.540999999997439,1763564427734,1763564427757,,,,,,,,,,short,6803,839,325,160,1
s3_short_window,SHORT_WINDOW,24,0.5,400,2,194,ok,,,2,536.4899589912966,240,2,79.148,30.081000000005588,1763564436062,1763564436115,,,,,,,,,,short,6701,274,297,158,0
s3_short_window,SHORT_WINDOW,24,0.5,400,2,195,ok,,,1,57.82649997854605,120,1,25.747999999999998,12.190999999998894,1763564444691,1763564444717,,,,,,,,,,short,6230,860,251,205,2
s3_short_window,SHORT_WINDOW,24,0.5,400,2,196,ok,,,1,54.62266696849838,120,1,24.828000000000003,11.318999999995867,1763564452477,1763564452500,,,,,,,,,,short,5810,547,259,195,0
s3_short_window,SHORT_WINDOW,24,0.5,400,2,197,ok,,,1,49.259375024121255,120,1,24.187999999999995,11.163000000000466,1763564460122,1763564460141,,,,,,,,,,short,6448,592,322,180,2
s3_short_window,SHORT_WINDOW,24,0.5,400,2,198,ok,,,1,56.2887919950299,120,1,25.750000000000014,12.028999999994994,1763564468571,1763564468594,,,,,,,,,,short,6122,743,341,228,0
s3_short_window,SHORT_WINDOW,24,0.5,400,2,199,ok,,,1,52.10383300436661,120,1,24.328999999999994,10.238000000004831,1763564476182,1763564476203,,,,,,,,,,short,7784,451,333,214,2
s3_short_window,SHORT_WINDOW,24,0.5,400,2,200,ok,,,2,497.3636670038104,240,2,52.681999999999995,22.686000000001513,1763564486009,1763564486046,,,,,,,,,,short,5792,258,290,246,1
s3_short_window,SHORT_WINDOW,24,0.5,400,2,201,ok,,,2,478.7305839709006,240,2,42.159,15.38799999999901,1763564493627,1763564493653,,,,,,,,,,short,6217,261,303,168,1
s3_short_window,SHORT_WINDOW,24,0.5,400,2,202,ok,,,1,57.655250013340265,120,1,26.409,12.290000000000873,1763564501521,1763564501545,,,,,,,,,,short,6988,669,267,270,2
s3_short_window,SHORT_WINDOW,24,0.5,400,2,203,ok,,,1,52.25574999349192,120,1,25.156999999999996,11.120999999999185,1763564509988,1763564510010,,,,,,,,,,short,7551,410,223,215,2
s3_short_window,SHORT_WINDOW,24,0.5,400,2,204,ok,,,1,49.47858297964558,120,1,23.237000000000002,10.429000000003725,1763564519383,1763564519401,,,,,,,,,,short,5762,476,319,266,2
s3_short_window,SHORT_WINDOW,24,0.5,400,2,205,ok,,,1,51.787833974231035,120,1,24.5,11.709000000002561,1763564526718,1763564526739,,,,,,,,,,short,6207,366,270,244,2
s3_short_window,SHORT_WINDOW,24,0.5,400,2,206,ok,,,1,58.89295903034508,120,1,26.112999999999992,12.184999999997672,1763564534966,1763564534992,,,,,,,,,,short,6700,705,261,267,0
s3_short_window,SHORT_WINDOW,24,0.5,400,2,207,ok,,,1,51.27174995141104,120,1,25.159999999999997,11.093999999997322,1763564543591,1763564543611,,,,,,,,,,short,5943,866,284,269,1
s3_short_window,SHORT_WINDOW,24,0.5,400,2,208,ok,,,1,51.70691601233557,120,1,23.9,10.828000000008615,1763564551096,1763564551117,,,,,,,,,,short,7741,669,345,157,2
s3_short_window,SHORT_WINDOW,24,0.5,400,2,209,ok,,,1,50.21612497512251,120,1,24.48299999999999,11.414000000004307,1763564560381,1763564560400,,,,,,,,,,short,6681,492,209,214,1
s3_short_window,SHORT_WINDOW,24,0.5,400,2,210,ok,,,1,53.0302079860121,120,1,25.826,10.629000000000815,1763564568643,1763564568666,,,,,,,,,,short,6696,420,261,216,1
s3_short_window,SHORT_WINDOW,24,0.5,400,2,211,ok,,,1,53.676709008868784,120,1,25.813000000000002,12.259999999994761,1763564577480,1763564577501,,,,,,,,,,short,6034,743,282,180,0
s3_short_window,SHORT_WINDOW,24,0.5,400,2,212,ok,,,1,55.56329200044274,120,1,25.433,11.92000000000553,1763564585328,1763564585351,,,,,,,,,,short,7271,781,290,232,0
s3_short_window,SHORT_WINDOW,24,0.5,400,2,213,ok,,,1,54.25983399618417,120,1,26.099999999999994,11.205000000001746,1763564593940,1763564593961,,,,,,,,,,short,6946,310,253,173,1
s3_short_window,SHORT_WINDOW,24,0.5,400,2,214,ok,,,1,56.146582996007055,120,1,24.62300000000001,11.326999999997497,1763564602957,1763564602980,,,,,,,,,,short,7360,631,306,179,1
s3_short_window,SHORT_WINDOW,24,0.5,400,2,215,ok,,,1,54.481333994772285,120,1,26.564999999999998,12.5370000000039,1763564612103,1763564612124,,,,,,,,,,short,7315,604,245,203,1
s3_short_window,SHORT_WINDOW,24,0.5,400,2,216,ok,,,1,59.33029198786244,120,1,27.91900000000001,14.403000000005704,1763564620896,1763564620916,,,,,,,,,,short,7587,349,252,159,0
s3_short_window,SHORT_WINDOW,24,0.5,400,2,217,ok,,,1,53.88875002972782,120,1,28.294000000000004,11.199000000000524,1763564630303,1763564630323,,,,,,,,,,short,6056,374,329,190,1
s3_short_window,SHORT_WINDOW,24,0.5,400,2,218,ok,,,2,491.83516699122265,240,2,50.964000000000006,21.974000000009255,1763564638243,1763564638277,,,,,,,,,,short,7390,272,310,254,2
s3_short_window,SHORT_WINDOW,24,0.5,400,2,219,ok,,,1,48.990209004841745,120,1,23.502999999999993,10.85800000000745,1763564647228,1763564647248,,,,,,,,,,short,7611,547,304,235,1
s3_short_window,SHORT_WINDOW,24,0.5,400,2,220,ok,,,3,877.0052500185557,360,3,44.386,13.768000000003667,1763564657519,1763564657540,,,,,,,,,,short,6307,606,207,215,4
s3_short_window,SHORT_WINDOW,24,0.5,400,2,221,ok,,,1,52.04616696573794,120,1,26.708000000000006,10.385999999998603,1763564664640,1763564664659,,,,,,,,,,short,6696,370,243,171,1
s3_short_window,SHORT_WINDOW,24,0.5,400,2,222,ok,,,1,52.03345796326175,120,1,23.491,10.872000000003027,1763564673161,1763564673182,,,,,,,,,,short,6017,466,235,258,0
s3_short_window,SHORT_WINDOW,24,0.5,400,2,223,ok,,,2,468.8139999634586,240,2,39.693000000000005,12.792999999997846,1763564681834,1763564681854,,,,,,,,,,short,6793,841,208,166,1
s3_short_window,SHORT_WINDOW,24,0.5,400,2,224,ok,,,1,54.132374993059784,120,1,25.979,10.749999999992724,1763564689430,1763564689453,,,,,,,,,,short,5964,365,215,235,1
s3_short_window,SHORT_WINDOW,24,0.5,400,2,225,ok,,,1,50.60987500473857,120,1,25.131,11.730000000003201,1763564697506,1763564697525,,,,,,,,,,short,5900,667,235,171,0
s3_short_window,SHORT_WINDOW,24,0.5,400,2,226,ok,,,1,52.774916985072196,120,1,25.802000000000007,10.973000000005413,1763564704873,1763564704893,,,,,,,,,,short,5987,342,255,231,1
s3_short_window,SHORT_WINDOW,24,0.5,400,2,227,ok,,,1,56.533541006501764,120,1,27.150999999999996,12.307000000000698,1763564713022,1763564713044,,,,,,,,,,short,6765,686,264,245,1
s3_short_window,SHORT_WINDOW,24,0.5,400,2,228,ok,,,1,53.89020900474861,120,1,25.782000000000004,11.622999999999593,1763564721530,1763564721551,,,,,,,,,,short,7559,655,210,217,0
s3_short_window,SHORT_WINDOW,24,0.5,400,2,229,ok,,,1,51.85066704871133,120,1,25.295000000000016,10.743000000002212,1763564730570,1763564730590,,,,,,,,,,short,6777,350,262,247,1
s3_short_window,SHORT_WINDOW,24,0.5,400,2,230,ok,,,2,470.30574997188523,240,2,36.862999999999985,13.94999999999709,1763564739966,1763564739991,,,,,,,,,,short,6523,748,250,262,1
s3_short_window,SHORT_WINDOW,24,0.5,400,2,231,ok,,,1,53.29220899147913,120,1,25.759,11.689999999995052,1763564747951,1763564747973,,,,,,,,,,short,6143,847,320,223,0
s3_short_window,SHORT_WINDOW,24,0.5,400,2,232,ok,,,1,55.053166986908764,120,1,26.065000000000012,11.158000000003085,1763564755294,1763564755315,,,,,,,,,,short,7757,301,271,172,1
s3_short_window,SHORT_WINDOW,24,0.5,400,2,233,ok,,,1,57.9629170242697,120,1,27.093000000000004,12.153999999994994,1763564764905,1763564764928,,,,,,,,,,short,7186,282,244,270,1
s3_short_window,SHORT_WINDOW,24,0.5,400,2,234,ok,,,1,58.92491701524705,120,1,26.803000000000004,11.549999999995634,1763564774009,1763564774034,,,,,,,,,,short,7456,381,239,236,1
s3_short_window,SHORT_WINDOW,24,0.5,400,2,235,ok,,,1,55.560040986165404,120,1,26.839,11.536999999996624,1763564783470,1763564783493,,,,,,,,,,short,6340,566,223,246,2
s3_short_window,SHORT_WINDOW,24,0.5,400,2,236,ok,,,1,48.68025000905618,120,1,23.612999999999985,10.59599999999773,1763564791456,1763564791475,,,,,,,,,,short,6819,460,291,275,2
s3_short_window,SHORT_WINDOW,24,0.5,400,2,237,ok,,,1,53.92387497704476,120,1,25.235999999999997,10.44600000000355,1763564799965,1763564799987,,,,,,,,,,short,6896,449,330,271,0
s3_short_window,SHORT_WINDOW,24,0.5,400,2,238,ok,,,1,52.37558303633705,120,1,23.512999999999998,11.89999999999418,1763564808592,1763564808612,,,,,,,,,,short,6314,447,293,202,3
s3_short_window,SHORT_WINDOW,24,0.5,400,2,239,ok,,,1,53.25104098301381,120,1,24.098999999999997,11.090999999993073,1763564816732,1763564816754,,,,,,,,,,short,7274,477,237,176,1
s3_short_window,SHORT_WINDOW,24,0.5,400,2,240,ok,,,1,51.9015840254724,120,1,24.209000000000003,10.877999999996973,1763564825709,1763564825729,,,,,,,,,,short,7165,438,285,268,1
s3_short_window,SHORT_WINDOW,24,0.5,400,2,241,ok,,,1,51.808917021844536,120,1,24.898000000000003,11.578999999997905,1763564834888,1763564834909,,,,,,,,,,short,6623,620,294,232,2
s3_short_window,SHORT_WINDOW,24,0.5,400,2,242,ok,,,1,52.22637497354299,120,1,23.608000000000004,10.880000000004657,1763564843084,1763564843105,,,,,,,,,,short,6739,395,204,230,1
s3_short_window,SHORT_WINDOW,24,0.5,400,2,243,ok,,,1,53.582374996040016,120,1,25.553999999999988,12.745999999999185,1763564852019,1763564852038,,,,,,,,,,short,6640,792,271,198,1
s3_short_window,SHORT_WINDOW,24,0.5,400,2,244,ok,,,1,54.68979204306379,120,1,26.929999999999993,11.665999999997439,1763564859991,1763564860012,,,,,,,,,,short,7428,318,323,258,0
s3_short_window,SHORT_WINDOW,24,0.5,400,2,245,ok,,,3,893.4628760325722,360,3,59.46799999999999,12.447000000000116,1763564870621,1763564870646,,,,,,,,,,short,7235,851,250,270,1
s3_short_window,SHORT_WINDOW,24,0.5,400,2,246,ok,,,1,54.225417028646916,120,1,26.391999999999996,12.89900000000489,1763564878323,1763564878344,,,,,,,,,,short,7797,382,240,184,2
s3_short_window,SHORT_WINDOW,24,0.5,400,2,247,ok,,,1,49.84391701873392,120,1,23.827999999999996,10.736000000004424,1763564888015,1763564888034,,,,,,,,,,short,6194,539,325,151,2
s3_short_window,SHORT_WINDOW,24,0.5,400,2,248,ok,,,1,55.43445801595226,120,1,25.32799999999999,11.818000000006577,1763564896148,1763564896171,,,,,,,,,,short,6577,706,330,264,1
s3_short_window,SHORT_WINDOW,24,0.5,400,2,249,ok,,,1,51.781833986751735,120,1,23.742000000000004,10.930999999996857,1763564904238,1763564904259,,,,,,,,,,short,7473,493,289,207,1
s3_short_window,SHORT_WINDOW,24,0.5,400,2,250,ok,,,1,52.70845798077062,120,1,25.564,11.385000000002037,1763564913243,1763564913264,,,,,,,,,,short,7135,317,326,242,0
s3_short_window,SHORT_WINDOW,24,0.5,400,2,251,ok,,,1,51.35850002989173,120,1,23.989999999999995,10.968999999997322,1763564922427,1763564922448,,,,,,,,,,short,6020,549,292,201,2
s3_short_window,SHORT_WINDOW,24,0.5,400,2,252,ok,,,1,56.299875024706125,120,1,25.668000000000006,11.915000000000873,1763564930312,1763564930335,,,,,,,,,,short,7247,608,201,278,1
s3_short_window,SHORT_WINDOW,24,0.5,400,2,253,ok,,,1,54.642458038870245,120,1,25.805,11.705000000001746,1763564939532,1763564939553,,,,,,,,,,short,7204,805,280,218,2
s3_short_window,SHORT_WINDOW,24,0.5,400,2,254,ok,,,1,52.313624997623265,120,1,23.21499999999999,10.790000000000873,1763564948210,1763564948233,,,,,,,,,,short,7061,493,341,239,0
s3_short_window,SHORT_WINDOW,24,0.5,400,2,255,ok,,,1,53.30237501766533,120,1,24.779000000000003,11.32999999999447,1763564957116,1763564957139,,,,,,,,,,short,5817,572,286,270,2
s3_short_window,SHORT_WINDOW,24,0.5,400,2,256,ok,,,1,54.21633296646178,120,1,25.687999999999995,11.319999999999709,1763564964538,1763564964559,,,,,,,,,,short,6206,365,321,189,0
s3_short_window,SHORT_WINDOW,24,0.5,400,2,257,ok,,,1,52.23087500780821,120,1,25.628,11.716999999996915,1763564972786,1763564972806,,,,,,,,,,short,7333,640,308,167,1
s3_short_window,SHORT_WINDOW,24,0.5,400,2,258,ok,,,1,52.37166699953377,120,1,23.722,10.677999999999884,1763564981712,1763564981734,,,,,,,,,,short,6786,454,258,214,3
s3_short_window,SHORT_WINDOW,24,0.5,400,2,259,ok,,,1,51.02916696341708,120,1,23.316000000000003,10.807999999997264,1763564990363,1763564990385,,,,,,,,,,short,7781,465,287,211,1
s3_short_window,SHORT_WINDOW,24,0.5,400,2,260,ok,,,1,50.69125001318753,120,1,24.286,11.388999999995576,1763564999954,1763564999974,,,,,,,,,,short,8128,526,240,167,2
s3_short_window,SHORT_WINDOW,24,0.5,400,2,261,ok,,,1,53.31358301918954,120,1,25.080999999999996,11.87199999999575,1763565010117,1763565010139,,,,,,,,,,short,6551,809,221,251,1
s3_short_window,SHORT_WINDOW,24,0.5,400,2,262,ok,,,1,53.59054199652746,120,1,26.147999999999996,10.834999999999127,1763565017920,1763565017942,,,,,,,,,,short,7384,280,271,248,2
s3_short_window,SHORT_WINDOW,24,0.5,400,2,263,ok,,,1,52.93333297595382,120,1,25.739999999999995,10.94699999999284,1763565027117,1763565027140,,,,,,,,,,short,7456,385,252,171,0
s3_short_window,SHORT_WINDOW,24,0.5,400,2,264,ok,,,1,52.83762502949685,120,1,26.61,11.269000000007509,1763565036212,1763565036232,,,,,,,,,,short,5849,297,209,256,0
s3_short_window,SHORT_WINDOW,24,0.5,400,2,265,ok,,,1,52.73337499238551,120,1,26.921,10.273999999997613,1763565043973,1763565043995,,,,,,,,,,short,6246,451,312,267,1
s3_short_window,SHORT_WINDOW,24,0.5,400,2,266,ok,,,1,48.68937499122694,120,1,23.574999999999996,10.631999999997788,1763565052050,1763565052070,,,,,,,,,,short,7443,445,272,178,1
s3_short_window,SHORT_WINDOW,24,0.5,400,2,267,ok,,,1,50.92479201266542,120,1,25.323,11.009000000005472,1763565061376,1763565061396,,,,,,,,,,short,6877,430,253,212,1
s3_short_window,SHORT_WINDOW,24,0.5,400,2,268,ok,,,1,55.75933400541544,120,1,25.80499999999998,11.980999999999767,1763565070490,1763565070513,,,,,,,,,,short,7634,805,244,233,1
s3_short_window,SHORT_WINDOW,24,0.5,400,2,269,ok,,,2,473.36637502303347,240,2,41.16799999999999,13.752000000000407,1763565080337,1763565080364,,,,,,,,,,short,6713,876,260,250,1
s3_short_window,SHORT_WINDOW,24,0.5,400,2,270,ok,,,1,54.557375027798116,120,1,26.682000000000002,10.671000000002095,1763565087794,1763565087815,,,,,,,,,,short,6492,304,231,273,0
s3_short_window,SHORT_WINDOW,24,0.5,400,2,271,ok,,,1,55.152124958112836,120,1,26.30299999999999,11.911999999996624,1763565096642,1763565096665,,,,,,,,,,short,7405,894,224,188,2
s3_short_window,SHORT_WINDOW,24,0.5,400,2,272,ok,,,1,51.69241700787097,120,1,25.262000000000015,11.677999999999884,1763565105648,1763565105668,,,,,,,,,,short,7811,758,307,182,1
s3_short_window,SHORT_WINDOW,24,0.5,400,2,273,ok,,,1,50.433041993528605,120,1,25.240000000000002,10.818999999995867,1763565115009,1763565115029,,,,,,,,,,short,6480,471,347,165,0
s3_short_window,SHORT_WINDOW,24,0.5,400,2,274,ok,,,1,57.07074998645112,120,1,25.296000000000006,12.309999999997672,1763565123111,1763565123135,,,,,,,,,,short,7686,369,250,221,0
s3_short_window,SHORT_WINDOW,24,0.5,400,2,275,ok,,,1,52.60366701986641,120,1,25.554000000000016,11.782999999995809,1763565132818,1763565132839,,,,,,,,,,short,6567,583,249,178,1
s3_short_window,SHORT_WINDOW,24,0.5,400,2,276,ok,,,1,58.10833297437057,120,1,26.23599999999999,12.444999999999709,1763565141456,1763565141479,,,,,,,,,,short,7723,879,301,279,1
s3_short_window,SHORT_WINDOW,24,0.5,400,2,277,ok,,,1,53.47499996423721,120,1,24.459000000000003,12.012999999991735,1763565150440,1763565150460,,,,,,,,,,short,7550,388,304,250,3
s3_short_window,SHORT_WINDOW,24,0.5,400,2,278,ok,,,1,55.51379203097895,120,1,25.951999999999998,11.847999999998137,1763565160166,1763565160188,,,,,,,,,,short,6253,885,307,191,0
s3_short_window,SHORT_WINDOW,24,0.5,400,2,279,ok,,,1,48.69399999734014,120,1,22.74000000000001,10.417999999997846,1763565167786,1763565167804,,,,,,,,,,short,6653,451,273,176,3
s3_short_window,SHORT_WINDOW,24,0.5,400,2,280,ok,,,1,51.98799999197945,120,1,26.180999999999997,10.319999999999709,1763565176136,1763565176158,,,,,,,,,,short,7455,412,321,237,3
s3_short_window,SHORT_WINDOW,24,0.5,400,2,281,ok,,,1,53.75987500883639,120,1,23.786999999999985,11.146000000007916,1763565185519,1763565185543,,,,,,,,,,short,5920,497,289,240,0
s3_short_window,SHORT_WINDOW,24,0.5,400,2,282,ok,,,1,54.99620799673721,120,1,25.580999999999996,11.981999999996333,1763565193430,1763565193453,,,,,,,,,,short,6809,705,264,182,2
s3_short_window,SHORT_WINDOW,24,0.5,400,2,283,ok,,,1,53.8030419847928,120,1,25.336999999999996,11.88799999999901,1763565202033,1763565202053,,,,,,,,,,short,6006,736,309,183,0
s3_short_window,SHORT_WINDOW,24,0.5,400,2,284,ok,,,1,57.54224996780977,120,1,27.692999999999998,12.442999999999302,1763565209362,1763565209384,,,,,,,,,,short,7463,321,284,242,2
s3_short_window,SHORT_WINDOW,24,0.5,400,2,285,ok,,,1,50.566458026878536,120,1,23.406999999999996,10.894999999996799,1763565218816,1763565218836,,,,,,,,,,short,6117,572,336,167,2
s3_short_window,SHORT_WINDOW,24,0.5,400,2,286,ok,,,1,49.81449997285381,120,1,23.516999999999996,10.767999999996391,1763565226773,1763565226794,,,,,,,,,,short,6953,530,307,160,1
s3_short_window,SHORT_WINDOW,24,0.5,400,2,287,ok,,,1,58.20679198950529,120,1,25.743000000000002,11.989000000001397,1763565235608,1763565235633,,,,,,,,,,short,6440,619,203,219,1
s3_short_window,SHORT_WINDOW,24,0.5,400,2,288,ok,,,1,49.71716698491946,120,1,22.844,10.479999999995925,1763565243500,1763565243521,,,,,,,,,,short,6606,433,248,277,0
s3_short_window,SHORT_WINDOW,24,0.5,400,2,289,ok,,,1,52.9459590325132,120,1,23.977000000000004,11.065999999998894,1763565251862,1763565251885,,,,,,,,,,short,7667,443,232,219,0
s3_short_window,SHORT_WINDOW,24,0.5,400,2,290,ok,,,1,52.86125000566244,120,1,25.525999999999996,11.855000000003201,1763565261554,1763565261575,,,,,,,,,,short,6481,656,252,242,1
s3_short_window,SHORT_WINDOW,24,0.5,400,2,291,ok,,,1,53.69741696631536,120,1,26.18800000000001,11.709999999999127,1763565269640,1763565269659,,,,,,,,,,short,7654,507,204,233,2
s3_short_window,SHORT_WINDOW,24,0.5,400,2,292,ok,,,1,57.20191600266844,120,1,25.860000000000007,11.794999999998254,1763565279092,1763565279116,,,,,,,,,,short,7797,611,275,162,0
s3_short_window,SHORT_WINDOW,24,0.5,400,2,293,ok,,,1,50.115416990593076,120,1,23.015000000000008,10.480000000003201,1763565288595,1763565288617,,,,,,,,,,short,6579,519,323,162,0
s3_short_window,SHORT_WINDOW,24,0.5,400,2,294,ok,,,1,48.61533298389986,120,1,23.351,10.751999999993131,1763565296939,1763565296958,,,,,,,,,,short,6936,564,332,268,0
s3_short_window,SHORT_WINDOW,24,0.5,400,2,295,ok,,,1,53.573124983813614,120,1,25.308000000000007,11.801999999996042,1763565305698,1763565305720,,,,,,,,,,short,7198,614,249,154,1
s3_short_window,SHORT_WINDOW,24,0.5,400,2,296,ok,,,1,54.45845902431756,120,1,26.43200000000001,11.64500000001135,1763565314362,1763565314382,,,,,,,,,,short,7526,329,318,182,3
s3_short_window,SHORT_WINDOW,24,0.5,400,2,297,ok,,,2,464.5533339935355,240,2,36.085999999999984,12.346999999994296,1763565324599,1763565324623,,,,,,,,,,short,7376,875,269,223,1
s3_short_window,SHORT_WINDOW,24,0.5,400,2,298,ok,,,1,50.398999999742955,120,1,25.916999999999994,10.743999999991502,1763565332851,1763565332870,,,,,,,,,,short,6107,333,322,239,2
s3_short_window,SHORT_WINDOW,24,0.5,400,2,299,ok,,,1,56.742125016171485,120,1,24.074999999999996,11.582000000002154,1763565340497,1763565340521,,,,,,,,,,short,6445,347,206,209,0
s3_short_window,SHORT_WINDOW,24,0.5,400,2,300,ok,,,1,54.77008398156613,120,1,25.66000000000001,11.999000000003434,1763565348977,1763565348998,,,,,,,,,,short,6714,634,230,151,1
s3_short_window,SHORT_WINDOW,24,0.5,300,2,1,ok,,,1,57.87816701922566,120,1,25.752999999999993,11.76600000000326,1763565357450,1763565357474,,,,,,,,,,mid,11323,582,209,224,3
s3_short_window,SHORT_WINDOW,24,0.5,300,2,2,ok,,,1,54.595916997641325,120,1,24.95499999999999,11.766999999999825,1763565370489,1763565370511,,,,,,,,,,mid,9110,545,225,260,0
s3_short_window,SHORT_WINDOW,24,0.5,300,2,3,ok,,,1,59.906458016484976,120,1,28.126000000000012,13.663000000000466,1763565381184,1763565381204,,,,,,,,,,mid,13550,349,267,172,2
s3_short_window,SHORT_WINDOW,24,0.5,300,2,4,ok,,,1,58.314458001405,120,1,24.701999999999998,11.711999999992258,1763565396746,1763565396772,,,,,,,,,,mid,13370,552,276,174,2
s3_short_window,SHORT_WINDOW,24,0.5,300,2,5,ok,,,1,55.699833028484136,120,1,27.332,11.52100000000064,1763565411738,1763565411760,,,,,,,,,,mid,10167,302,324,204,2
s3_short_window,SHORT_WINDOW,24,0.5,300,2,6,ok,,,1,51.36250000214204,120,1,22.58600000000001,10.265999999988708,1763565423848,1763565423868,,,,,,,,,,mid,11748,511,254,192,3
s3_short_window,SHORT_WINDOW,24,0.5,300,2,7,ok,,,1,52.410666015930474,120,1,24.290999999999997,11.147000000004482,1763565437322,1763565437343,,,,,,,,,,mid,11625,471,264,223,0
s3_short_window,SHORT_WINDOW,24,0.5,300,2,8,ok,,,1,52.67154099419713,120,1,23.765,12.42899999999645,1763565450657,1763565450677,,,,,,,,,,mid,9984,294,213,219,0
s3_short_window,SHORT_WINDOW,24,0.5,300,2,9,ok,,,1,51.932415983173996,120,1,24.543,11.165999999990163,1763565462832,1763565462854,,,,,,,,,,mid,12108,605,339,266,4
s3_short_window,SHORT_WINDOW,24,0.5,300,2,10,ok,,,1,50.44437502510846,120,1,24.380999999999993,11.646999999997206,1763565476459,1763565476478,,,,,,,,,,mid,9015,361,296,213,2
s3_short_window,SHORT_WINDOW,24,0.5,300,2,11,ok,,,1,54.017750022467226,120,1,26.52199999999999,10.45799999999872,1763565487380,1763565487404,,,,,,,,,,mid,8940,406,293,220,2
s3_short_window,SHORT_WINDOW,24,0.5,300,2,12,ok,,,1,53.88945800950751,120,1,25.189000000000007,11.104999999995925,1763565498075,1763565498096,,,,,,,,,,mid,11526,381,334,227,0
s3_short_window,SHORT_WINDOW,24,0.5,300,2,13,ok,,,1,52.711958007421345,120,1,25.269000000000005,11.925999999999476,1763565511681,1763565511703,,,,,,,,,,mid,9061,716,284,182,0
s3_short_window,SHORT_WINDOW,24,0.5,300,2,14,ok,,,1,58.109416044317186,120,1,26.11600000000002,12.341999999996915,1763565522448,1763565522471,,,,,,,,,,mid,11822,697,261,211,2
s3_short_window,SHORT_WINDOW,24,0.5,300,2,15,ok,,,1,52.33308399328962,120,1,25.887,11.978999999992084,1763565535974,1763565535994,,,,,,,,,,mid,10294,761,232,279,0
s3_short_window,SHORT_WINDOW,24,0.5,300,2,16,ok,,,1,54.72604196984321,120,1,25.461000000000006,11.739999999997963,1763565547670,1763565547691,,,,,,,,,,mid,9655,453,204,238,0
s3_short_window,SHORT_WINDOW,24,0.5,300,2,17,ok,,,1,49.20449998462573,120,1,24.327999999999996,11.389999999999418,1763565559012,1763565559031,,,,,,,,,,mid,12685,407,226,166,1
s3_short_window,SHORT_WINDOW,24,0.5,300,2,18,ok,,,1,54.381709021981806,120,1,25.649999999999984,11.892999999996391,1763565573735,1763565573756,,,,,,,,,,mid,9323,708,303,153,1
s3_short_window,SHORT_WINDOW,24,0.5,300,2,19,ok,,,1,53.75554197235033,120,1,25.696000000000005,10.974000000001979,1763565584386,1763565584410,,,,,,,,,,mid,11916,258,269,256,1
s3_short_window,SHORT_WINDOW,24,0.5,300,2,20,ok,,,1,50.73274997994304,120,1,23.53499999999999,10.978000000002794,1763565598240,1763565598261,,,,,,,,,,mid,12737,479,283,211,1
s3_short_window,SHORT_WINDOW,24,0.5,300,2,21,ok,,,1,54.23925002105534,120,1,24.595,11.98399999999674,1763565612661,1763565612681,,,,,,,,,,mid,9335,448,310,278,1
s3_short_window,SHORT_WINDOW,24,0.5,300,2,22,ok,,,1,55.07104197749868,120,1,25.69899999999999,11.684000000001106,1763565623746,1763565623767,,,,,,,,,,mid,11732,623,301,209,0
s3_short_window,SHORT_WINDOW,24,0.5,300,2,23,ok,,,1,50.35112501354888,120,1,25.22999999999999,11.37000000000262,1763565636976,1763565636995,,,,,,,,,,mid,9420,303,321,230,2
s3_short_window,SHORT_WINDOW,24,0.5,300,2,24,ok,,,1,55.31795904971659,120,1,26.193999999999996,12.122000000003027,1763565648412,1763565648434,,,,,,,,,,mid,9541,705,238,223,2
s3_short_window,SHORT_WINDOW,24,0.5,300,2,25,ok,,,1,54.88195799989626,120,1,25.778,12.122999999999593,1763565659802,1763565659825,,,,,,,,,,mid,13078,859,264,160,3
s3_short_window,SHORT_WINDOW,24,0.5,300,2,26,ok,,,1,49.79391599772498,120,1,24.163000000000004,11.136999999995169,1763565674277,1763565674295,,,,,,,,,,mid,11633,491,304,166,1
s3_short_window,SHORT_WINDOW,24,0.5,300,2,27,ok,,,3,692.0749580021948,360,3,56.04299999999999,12.70400000000518,1763565688604,1763565688629,,,,,,,,,,mid,10650,791,215,196,2
s3_short_window,SHORT_WINDOW,24,0.5,300,2,28,ok,,,1,54.259207972791046,120,1,25.713000000000008,12.151999999994587,1763565700487,1763565700508,,,,,,,,,,mid,9603,858,227,261,2
s3_short_window,SHORT_WINDOW,24,0.5,300,2,29,ok,,,1,54.67387498356402,120,1,25.149,11.746000000006461,1763565711578,1763565711601,,,,,,,,,,mid,9350,569,221,182,2
s3_short_window,SHORT_WINDOW,24,0.5,300,2,30,ok,,,1,51.61962501006201,120,1,25.427999999999997,12.19199999999546,1763565722955,1763565722974,,,,,,,,,,mid,9928,876,222,236,0
s3_short_window,SHORT_WINDOW,24,0.5,300,2,31,ok,,,1,54.64849999407306,120,1,25.760999999999996,12.013000000006286,1763565734333,1763565734355,,,,,,,,,,mid,12852,576,262,178,3
s3_short_window,SHORT_WINDOW,24,0.5,300,2,32,ok,,,1,56.66216596728191,120,1,25.939,12.213999999999942,1763565749193,1763565749217,,,,,,,,,,mid,11603,781,286,253,1
s3_short_window,SHORT_WINDOW,24,0.5,300,2,33,ok,,,1,51.65504099568352,120,1,24.569000000000003,11.435000000004948,1763565762357,1763565762378,,,,,,,,,,mid,10531,590,303,267,2
s3_short_window,SHORT_WINDOW,24,0.5,300,2,34,ok,,,1,51.64379201596603,120,1,23.111000000000004,10.781000000002678,1763565774326,1763565774347,,,,,,,,,,mid,11543,441,299,198,6
s3_short_window,SHORT_WINDOW,24,0.5,300,2,35,ok,,,1,50.98583298968151,120,1,23.045,10.815000000002328,1763565787579,1763565787601,,,,,,,,,,mid,10537,431,277,159,3
s3_short_window,SHORT_WINDOW,24,0.5,300,2,36,ok,,,1,54.25333301536739,120,1,25.219,11.658999999992375,1763565800078,1763565800099,,,,,,,,,,mid,12135,617,291,187,2
s3_short_window,SHORT_WINDOW,24,0.5,300,2,37,ok,,,1,58.58058400917798,120,1,24.759,11.538999999997031,1763565814054,1763565814080,,,,,,,,,,mid,12964,720,210,193,1
s3_short_window,SHORT_WINDOW,24,0.5,300,2,38,ok,,,1,59.28566603688523,120,1,26.28800000000001,12.314000000005763,1763565828853,1763565828877,,,,,,,,,,mid,11488,777,312,195,2
s3_short_window,SHORT_WINDOW,24,0.5,300,2,39,ok,,,1,48.433125019073486,120,1,23.9,10.89900000000489,1763565841866,1763565841885,,,,,,,,,,mid,10693,542,295,213,2
s3_short_window,SHORT_WINDOW,24,0.5,300,2,40,ok,,,1,60.216958983801305,120,1,26.633999999999993,12.70799999999872,1763565854690,1763565854717,,,,,,,,,,mid,10448,850,241,208,0
s3_short_window,SHORT_WINDOW,24,0.5,300,2,41,ok,,,1,54.28158299764618,120,1,23.875,11.136999999995169,1763565866559,1763565866582,,,,,,,,,,mid,11029,430,263,187,3
s3_short_window,SHORT_WINDOW,24,0.5,300,2,42,ok,,,1,54.254540998954326,120,1,24.38599999999999,12.857000000003609,1763565879072,1763565879094,,,,,,,,,,mid,13327,372,337,197,1
s3_short_window,SHORT_WINDOW,24,0.5,300,2,43,ok,,,1,54.20324997976422,120,1,25.598999999999997,11.97899999999936,1763565894612,1763565894632,,,,,,,,,,mid,11241,808,333,234,2
s3_short_window,SHORT_WINDOW,24,0.5,300,2,44,ok,,,1,61.40362494625151,120,1,26.74800000000001,12.41700000000128,1763565907599,1763565907625,,,,,,,,,,mid,10572,843,250,172,0
s3_short_window,SHORT_WINDOW,24,0.5,300,2,45,ok,,,1,54.89745800150558,120,1,25.753999999999998,11.97500000000582,1763565919846,1763565919867,,,,,,,,,,mid,10440,734,204,209,1
s3_short_window,SHORT_WINDOW,24,0.5,300,2,46,ok,,,1,52.839792042504996,120,1,25.005000000000003,11.800999999999476,1763565931821,1763565931843,,,,,,,,,,mid,13237,543,252,225,2
s3_short_window,SHORT_WINDOW,24,0.5,300,2,47,ok,,,1,49.24716695677489,120,1,25.247999999999998,10.596000000005006,1763565946602,1763565946622,,,,,,,,,,mid,9990,338,227,156,0
s3_short_window,SHORT_WINDOW,24,0.5,300,2,48,ok,,,1,52.459958009421825,120,1,25.623999999999995,12.104000000006636,1763565958985,1763565959004,,,,,,,,,,mid,11290,872,349,259,0
s3_short_window,SHORT_WINDOW,24,0.5,300,2,49,ok,,,3,686.1287920037284,360,3,49.309999999999995,13.996000000006461,1763565972468,1763565972491,,,,,,,,,,mid,10631,620,267,172,3
s3_short_window,SHORT_WINDOW,24,0.5,300,2,50,ok,,,1,56.74579198239371,120,1,26.618999999999993,11.90400000000227,1763565983855,1763565983877,,,,,,,,,,mid,10680,291,247,267,2
s3_short_window,SHORT_WINDOW,24,0.5,300,2,51,ok,,,1,51.29887501243502,120,1,25.522000000000006,10.966999999996915,1763565996412,1763565996433,,,,,,,,,,mid,12457,390,279,209,6
s3_short_window,SHORT_WINDOW,24,0.5,300,2,52,ok,,,1,54.603416996542364,120,1,25.581999999999994,11.711999999999534,1763566010918,1763566010939,,,,,,,,,,mid,10577,565,257,231,1
s3_short_window,SHORT_WINDOW,24,0.5,300,2,53,ok,,,1,52.1349580376409,120,1,25.419999999999995,11.141999999999825,1763566023083,1763566023104,,,,,,,,,,mid,11509,299,314,212,2
s3_short_window,SHORT_WINDOW,24,0.5,300,2,54,ok,,,1,59.0916249784641,120,1,27.035000000000004,12.383999999998196,1763566036696,1763566036721,,,,,,,,,,mid,13489,751,284,208,4
s3_short_window,SHORT_WINDOW,24,0.5,300,2,55,ok,,,1,48.89629199169576,120,1,22.608,10.411000000000058,1763566051693,1763566051714,,,,,,,,,,mid,12339,445,289,150,4
s3_short_window,SHORT_WINDOW,24,0.5,300,2,56,ok,,,1,55.78708404209465,120,1,27.17600000000001,12.269999999996799,1763566065617,1763566065637,,,,,,,,,,mid,9030,301,263,269,0
s3_short_window,SHORT_WINDOW,24,0.5,300,2,57,ok,,,1,52.80508304713294,120,1,26.363999999999997,11.305000000000291,1763566076413,1763566076433,,,,,,,,,,mid,10644,340,298,200,2
s3_short_window,SHORT_WINDOW,24,0.5,300,2,58,ok,,,1,48.680041974876076,120,1,23.208,10.80399999999645,1763566088974,1763566088992,,,,,,,,,,mid,9028,468,248,274,1
s3_short_window,SHORT_WINDOW,24,0.5,300,2,59,ok,,,1,54.79924997780472,120,1,23.730000000000004,10.939000000005763,1763566099780,1763566099802,,,,,,,,,,mid,10926,437,232,221,1
s3_short_window,SHORT_WINDOW,24,0.5,300,2,60,ok,,,1,57.401042024139315,120,1,24.756999999999998,12.13799999999901,1763566112579,1763566112603,,,,,,,,,,mid,12627,419,308,271,0
s3_short_window,SHORT_WINDOW,24,0.5,300,2,61,ok,,,1,57.190207997336984,120,1,25.92,12.185999999994237,1763566127235,1763566127257,,,,,,,,,,mid,10813,629,242,173,5
s3_short_window,SHORT_WINDOW,24,0.5,300,2,62,ok,,,1,53.70583396870643,120,1,24.878,11.680000000007567,1763566139532,1763566139555,,,,,,,,,,mid,9801,338,211,278,2
s3_short_window,SHORT_WINDOW,24,0.5,300,2,63,ok,,,1,51.855834026355296,120,1,23.291999999999994,12.74699999999575,1763566151299,1763566151320,,,,,,,,,,mid,10681,457,219,213,3
s3_short_window,SHORT_WINDOW,24,0.5,300,2,64,ok,,,1,52.39458300638944,120,1,23.846999999999994,10.980000000003201,1763566163754,1763566163775,,,,,,,,,,mid,10985,428,225,182,2
s3_short_window,SHORT_WINDOW,24,0.5,300,2,65,ok,,,1,53.800416993908584,120,1,28.167999999999992,11.724000000009255,1763566176986,1763566177005,,,,,,,,,,mid,9911,845,325,165,1
s3_short_window,SHORT_WINDOW,24,0.5,300,2,66,ok,,,1,54.825833009090275,120,1,25.961000000000006,12.223000000005413,1763566188362,1763566188386,,,,,,,,,,mid,13715,576,211,260,2
s3_short_window,SHORT_WINDOW,24,0.5,300,2,67,ok,,,1,55.495332984719425,120,1,26.027,12.02900000000227,1763566204109,1763566204132,,,,,,,,,,mid,11097,786,269,205,2
s3_short_window,SHORT_WINDOW,24,0.5,300,2,68,ok,,,1,52.96745797386393,120,1,26.243000000000002,10.863000000004831,1763566216381,1763566216402,,,,,,,,,,mid,12522,332,224,226,3
s3_short_window,SHORT_WINDOW,24,0.5,300,2,69,ok,,,1,59.14841702906415,120,1,25.980999999999995,12.376000000003842,1763566231056,1763566231083,,,,,,,,,,mid,11519,702,281,246,1
s3_short_window,SHORT_WINDOW,24,0.5,300,2,70,ok,,,1,57.086374959908426,120,1,26.552999999999997,12.353000000002794,1763566243903,1763566243924,,,,,,,,,,mid,9227,394,320,157,0
s3_short_window,SHORT_WINDOW,24,0.5,300,2,71,ok,,,1,59.12066699238494,120,1,26.323,12.243000000002212,1763566255425,1763566255448,,,,,,,,,,mid,12631,878,221,194,2
s3_short_window,SHORT_WINDOW,24,0.5,300,2,72,ok,,,1,55.00500003108755,120,1,25.84699999999998,12.270999999993364,1763566269799,1763566269822,,,,,,,,,,mid,12989,825,301,239,1
s3_short_window,SHORT_WINDOW,24,0.5,300,2,73,ok,,,1,58.983416005503386,120,1,23.832,11.08299999999872,1763566284304,1763566284332,,,,,,,,,,mid,10972,727,263,227,0
s3_short_window,SHORT_WINDOW,24,0.5,300,2,74,ok,,,1,56.91570899216458,120,1,27.319999999999993,11.464000000007218,1763566296608,1763566296630,,,,,,,,,,mid,12836,292,216,238,3
s3_short_window,SHORT_WINDOW,24,0.5,300,2,75,ok,,,1,63.30091698328033,120,1,33.598000000000006,11.148999999997613,1763566311571,1763566311592,,,,,,,,,,mid,12665,558,330,163,5
s3_short_window,SHORT_WINDOW,24,0.5,300,2,76,ok,,,1,54.700541018974036,120,1,25.82800000000001,12.342000000004191,1763566326396,1763566326418,,,,,,,,,,mid,9518,881,274,275,0
s3_short_window,SHORT_WINDOW,24,0.5,300,2,77,ok,,,1,47.16037499019876,120,1,23.938999999999993,9.841999999996915,1763566337207,1763566337227,,,,,,,,,,mid,11307,453,288,222,4
s3_short_window,SHORT_WINDOW,24,0.5,300,2,78,ok,,,1,55.060166982002556,120,1,25.858000000000004,12.273000000001048,1763566350557,1763566350580,,,,,,,,,,mid,12074,834,205,228,0
s3_short_window,SHORT_WINDOW,24,0.5,300,2,79,ok,,,1,50.71858305018395,120,1,24.915000000000006,11.722000000001572,1763566364410,1763566364429,,,,,,,,,,mid,10789,880,263,150,3
s3_short_window,SHORT_WINDOW,24,0.5,300,2,80,ok,,,1,54.387290962040424,120,1,25.534999999999997,11.947000000000116,1763566376505,1763566376528,,,,,,,,,,mid,13572,420,308,196,1
s3_short_window,SHORT_WINDOW,24,0.5,300,2,81,ok,,,1,57.49249999644235,120,1,25.836000000000006,12.277999999998428,1763566392150,1763566392175,,,,,,,,,,mid,9741,692,233,242,2
s3_short_window,SHORT_WINDOW,24,0.5,300,2,82,ok,,,1,50.86374998791143,120,1,25.27599999999999,11.847999999998137,1763566403487,1763566403506,,,,,,,,,,mid,13518,553,236,179,4
s3_short_window,SHORT_WINDOW,24,0.5,300,2,83,ok,,,1,56.12808297155425,120,1,25.834000000000003,11.613000000004831,1763566418374,1763566418396,,,,,,,,,,mid,9738,258,208,214,1
s3_short_window,SHORT_WINDOW,24,0.5,300,2,84,ok,,,1,55.188249971251935,120,1,27.239000000000004,11.514000000002852,1763566429952,1763566429974,,,,,,,,,,mid,10787,257,263,258,1
s3_short_window,SHORT_WINDOW,24,0.5,300,2,85,ok,,,1,56.885708996560425,120,1,25.979999999999997,12.332000000002154,1763566443114,1763566443136,,,,,,,,,,mid,8991,867,289,224,0
s3_short_window,SHORT_WINDOW,24,0.5,300,2,86,ok,,,1,54.10666600801051,120,1,25.810999999999986,12.341999999996915,1763566453775,1763566453797,,,,,,,,,,mid,11969,770,262,245,1
s3_short_window,SHORT_WINDOW,24,0.5,300,2,87,ok,,,1,52.68091702600941,120,1,23.65800000000001,10.788999999997031,1763566467202,1763566467223,,,,,,,,,,mid,10084,517,259,253,0
s3_short_window,SHORT_WINDOW,24,0.5,300,2,88,ok,,,1,56.69779097661376,120,1,23.979,11.171000000002095,1763566479046,1763566479070,,,,,,,,,,mid,12566,495,248,191,2
s3_short_window,SHORT_WINDOW,24,0.5,300,2,89,ok,,,1,54.82620804104954,120,1,26.101,12.240000000005239,1763566493529,1763566493551,,,,,,,,,,mid,12207,642,293,166,0
s3_short_window,SHORT_WINDOW,24,0.5,300,2,90,ok,,,1,55.45679200440645,120,1,26.853,12.110000000000582,1763566507192,1763566507212,,,,,,,,,,mid,8918,321,232,166,2
s3_short_window,SHORT_WINDOW,24,0.5,300,2,91,ok,,,1,56.8551670294255,120,1,26.24900000000001,12.169000000001688,1763566518340,1763566518364,,,,,,,,,,mid,12917,759,327,194,0
s3_short_window,SHORT_WINDOW,24,0.5,300,2,92,ok,,,1,56.36233399854973,120,1,25.814999999999998,12.099999999998545,1763566532808,1763566532832,,,,,,,,,,mid,11746,549,204,271,0
s3_short_window,SHORT_WINDOW,24,0.5,300,2,93,ok,,,1,55.10337499435991,120,1,23.961999999999996,11.02100000000064,1763566546279,1763566546303,,,,,,,,,,mid,12707,524,287,158,1
s3_short_window,SHORT_WINDOW,24,0.5,300,2,94,ok,,,1,55.36208301782608,120,1,25.059999999999995,11.744999999995343,1763566561003,1763566561026,,,,,,,,,,mid,8938,659,341,247,0
s3_short_window,SHORT_WINDOW,24,0.5,300,2,95,ok,,,1,50.35308300284669,120,1,23.940000000000005,10.779999999998836,1763566571518,1763566571537,,,,,,,,,,mid,11168,516,282,212,3
s3_short_window,SHORT_WINDOW,24,0.5,300,2,96,ok,,,1,59.548749995883554,120,1,25.261000000000003,11.90899999999965,1763566584542,1763566584570,,,,,,,,,,mid,13206,757,211,241,3
s3_short_window,SHORT_WINDOW,24,0.5,300,2,97,ok,,,1,52.88454203400761,120,1,26.306999999999995,10.775000000001455,1763566599086,1763566599105,,,,,,,,,,mid,13591,345,275,162,2
s3_short_window,SHORT_WINDOW,24,0.5,300,2,98,ok,,,1,57.670542038977146,120,1,26.634999999999998,12.458000000005995,1763566614945,1763566614969,,,,,,,,,,mid,12126,861,291,192,3
s3_short_window,SHORT_WINDOW,24,0.5,300,2,99,ok,,,1,52.14291700394824,120,1,23.878999999999998,10.83700000000681,1763566628569,1763566628590,,,,,,,,,,mid,9206,528,346,221,1
s3_short_window,SHORT_WINDOW,24,0.5,300,2,100,ok,,,1,54.900084040127695,120,1,25.867000000000004,11.99500000000262,1763566639610,1763566639631,,,,,,,,,,mid,9148,639,205,193,1
s3_short_window,SHORT_WINDOW,24,0.5,300,2,101,ok,,,1,52.42583301151171,120,1,26.416999999999994,11.072000000000116,1763566650145,1763566650164,,,,,,,,,,mid,11395,410,201,176,3
s3_short_window,SHORT_WINDOW,24,0.5,300,2,102,ok,,,1,59.04899997403845,120,1,26.30599999999999,12.400000000008731,1763566663579,1763566663602,,,,,,,,,,mid,12505,641,244,245,2
s3_short_window,SHORT_WINDOW,24,0.5,300,2,103,ok,,,2,402.3222919786349,240,2,54.93899999999999,21.515000000006694,1763566677844,1763566677881,,,,,,,,,,mid,11780,256,296,254,4
s3_short_window,SHORT_WINDOW,24,0.5,300,2,104,ok,,,1,54.97524997917935,120,1,26.270999999999994,11.355999999985215,1763566691125,1763566691145,,,,,,,,,,mid,11572,345,292,193,1
s3_short_window,SHORT_WINDOW,24,0.5,300,2,105,ok,,,1,54.39116695197299,120,1,25.06799999999999,11.739000000008673,1763566704725,1763566704746,,,,,,,,,,mid,10374,562,251,171,0
s3_short_window,SHORT_WINDOW,24,0.5,300,2,106,ok,,,1,61.185458034742624,120,1,26.457,12.275999999998021,1763566717002,1763566717029,,,,,,,,,,mid,10331,681,322,186,5
s3_short_window,SHORT_WINDOW,24,0.5,300,2,107,ok,,,1,48.62212500302121,120,1,23.339999999999996,10.800999999999476,1763566728600,1763566728618,,,,,,,,,,mid,13447,443,285,171,1
s3_short_window,SHORT_WINDOW,24,0.5,300,2,108,ok,,,1,56.4323749858886,120,1,26.230999999999995,12.379000000000815,1763566744283,1763566744306,,,,,,,,,,mid,9315,846,258,240,1
s3_short_window,SHORT_WINDOW,24,0.5,300,2,109,ok,,,1,53.73279197374359,120,1,25.567,11.864999999997963,1763566755113,1763566755135,,,,,,,,,,mid,11688,566,230,161,2
s3_short_window,SHORT_WINDOW,24,0.5,300,2,110,ok,,,1,51.040332997217774,120,1,25.079,10.105000000003201,1763566768384,1763566768404,,,,,,,,,,mid,12859,412,315,189,0
s3_short_window,SHORT_WINDOW,24,0.5,300,2,111,ok,,,1,54.65662496862933,120,1,25.918,12.111999999993714,1763566783488,1763566783508,,,,,,,,,,mid,11209,868,217,181,0
s3_short_window,SHORT_WINDOW,24,0.5,300,2,112,ok,,,1,56.06716696638614,120,1,26.028999999999982,12.09100000000035,1763566796236,1763566796258,,,,,,,,,,mid,12966,612,280,236,1
s3_short_window,SHORT_WINDOW,24,0.5,300,2,113,ok,,,3,686.25491700368,360,3,53.21299999999999,11.458000000005995,1763566811455,1763566811477,,,,,,,,,,mid,10047,496,218,203,3
s3_short_window,SHORT_WINDOW,24,0.5,300,2,114,ok,,,1,55.58516702149063,120,1,25.578000000000003,12.10399999999936,1763566822986,1763566823009,,,,,,,,,,mid,10811,795,284,172,1
s3_short_window,SHORT_WINDOW,24,0.5,300,2,115,ok,,,1,57.75908299256116,120,1,25.481,12.01299999999901,1763566835289,1763566835313,,,,,,,,,,mid,11293,515,230,154,0
s3_short_window,SHORT_WINDOW,24,0.5,300,2,116,ok,,,1,56.39849998988211,120,1,26.558,11.25,1763566848197,1763566848220,,,,,,,,,,mid,11212,311,254,175,4
s3_short_window,SHORT_WINDOW,24,0.5,300,2,117,ok,,,1,59.16066700592637,120,1,24.400999999999996,11.243000000002212,1763566861245,1763566861271,,,,,,,,,,mid,9681,459,228,260,0
s3_short_window,SHORT_WINDOW,24,0.5,300,2,118,ok,,,1,50.64837500685826,120,1,22.93999999999999,10.599000000001979,1763566872595,1763566872617,,,,,,,,,,mid,10334,385,221,241,3
s3_short_window,SHORT_WINDOW,24,0.5,300,2,119,ok,,,1,58.89637494692579,120,1,25.85600000000001,12.417999999997846,1763566884952,1763566884976,,,,,,,,,,mid,11719,588,217,154,4
s3_short_window,SHORT_WINDOW,24,0.5,300,2,120,ok,,,1,48.8070830469951,120,1,23.193999999999996,10.705000000001746,1763566898331,1763566898351,,,,,,,,,,mid,9308,425,239,234,0
s3_short_window,SHORT_WINDOW,24,0.5,300,2,121,ok,,,1,48.96458296570927,120,1,24.725,11.470000000001164,1763566909330,1763566909349,,,,,,,,,,mid,11427,311,250,153,0
s3_short_window,SHORT_WINDOW,24,0.5,300,2,122,ok,,,2,396.94320800481364,240,2,55.324,21.59700000000157,1763566922941,1763566922978,,,,,,,,,,mid,11703,303,327,193,2
s3_short_window,SHORT_WINDOW,24,0.5,300,2,123,ok,,,1,60.675207991153,120,1,26.272999999999996,12.169000000001688,1763566936506,1763566936532,,,,,,,,,,mid,9749,795,245,209,1
s3_short_window,SHORT_WINDOW,24,0.5,300,2,124,ok,,,1,54.11629198351875,120,1,25.908,12.139999999999418,1763566948069,1763566948091,,,,,,,,,,mid,9043,686,229,277,1
s3_short_window,SHORT_WINDOW,24,0.5,300,2,125,ok,,,1,61.82270799763501,120,1,26.601,12.425999999999476,1763566958823,1763566958850,,,,,,,,,,mid,9688,670,287,179,2
s3_short_window,SHORT_WINDOW,24,0.5,300,2,126,ok,,,1,58.80970903672278,120,1,25.816999999999993,12.327000000004773,1763566970373,1763566970396,,,,,,,,,,mid,10104,774,316,164,3
s3_short_window,SHORT_WINDOW,24,0.5,300,2,127,ok,,,1,56.65454099653289,120,1,24.763999999999996,11.5879999999961,1763566982229,1763566982254,,,,,,,,,,mid,13668,770,234,188,3
s3_short_window,SHORT_WINDOW,24,0.5,300,2,128,ok,,,1,51.22116598067805,120,1,23.881999999999998,11.047000000005937,1763566997278,1763566997299,,,,,,,,,,mid,9209,426,249,172,4
s3_short_window,SHORT_WINDOW,24,0.5,300,2,129,ok,,,1,52.21591697772965,120,1,25.43400000000001,11.762000000002445,1763567008634,1763567008653,,,,,,,,,,mid,9945,714,330,256,0
s3_short_window,SHORT_WINDOW,24,0.5,300,2,130,ok,,,1,50.9789590141736,120,1,25.83999999999999,10.330000000001746,1763567019979,1763567019998,,,,,,,,,,mid,11397,365,259,170,0
s3_short_window,SHORT_WINDOW,24,0.5,300,2,131,ok,,,1,60.34604198066518,120,1,24.67499999999999,11.377999999996973,1763567033384,1763567033411,,,,,,,,,,mid,12727,489,234,269,2
s3_short_window,SHORT_WINDOW,24,0.5,300,2,132,ok,,,1,58.52508300449699,120,1,25.743999999999993,12.205999999998312,1763567047942,1763567047967,,,,,,,,,,mid,10313,525,203,225,0
s3_short_window,SHORT_WINDOW,24,0.5,300,2,133,ok,,,1,50.44229200575501,120,1,23.409,10.211000000002969,1763567059877,1763567059898,,,,,,,,,,mid,10842,374,237,195,3
s3_short_window,SHORT_WINDOW,24,0.5,300,2,134,ok,,,1,57.14237497886643,120,1,25.89999999999999,12.416999999994005,1763567072927,1763567072950,,,,,,,,,,mid,12289,753,217,249,4
s3_short_window,SHORT_WINDOW,24,0.5,300,2,135,ok,,,1,57.6773330103606,120,1,25.598000000000006,11.743999999998778,1763567086573,1763567086597,,,,,,,,,,mid,10198,560,233,229,2
s3_short_window,SHORT_WINDOW,24,0.5,300,2,136,ok,,,1,52.51700000371784,120,1,25.59599999999999,11.90400000000227,1763567098818,1763567098838,,,,,,,,,,mid,13069,758,226,274,2
s3_short_window,SHORT_WINDOW,24,0.5,300,2,137,ok,,,1,55.04725000355393,120,1,27.279000000000003,11.110000000007858,1763567113132,1763567113153,,,,,,,,,,mid,12905,339,261,238,4
s3_short_window,SHORT_WINDOW,24,0.5,300,2,138,ok,,,1,53.703083016444,120,1,25.840999999999987,12.023999999997613,1763567128272,1763567128294,,,,,,,,,,mid,9721,766,279,251,1
s3_short_window,SHORT_WINDOW,24,0.5,300,2,139,ok,,,1,50.567541969940066,120,1,23.79,10.56100000000879,1763567139483,1763567139504,,,,,,,,,,mid,11488,465,281,218,0
s3_short_window,SHORT_WINDOW,24,0.5,300,2,140,ok,,,1,59.24429098377004,120,1,26.293000000000006,12.400000000001455,1763567153006,1763567153031,,,,,,,,,,mid,11376,713,256,156,0
s3_short_window,SHORT_WINDOW,24,0.5,300,2,141,ok,,,1,54.74029196193442,120,1,27.672999999999995,10.979999999995925,1763567165946,1763567165968,,,,,,,,,,mid,8866,477,294,232,2
s3_short_window,SHORT_WINDOW,24,0.5,300,2,142,ok,,,1,53.85429196758196,120,1,25.633000000000003,11.705000000009022,1763567176737,1763567176757,,,,,,,,,,mid,12938,713,258,205,4
s3_short_window,SHORT_WINDOW,24,0.5,300,2,143,ok,,,1,55.487750039901584,120,1,25.836999999999996,12.209000000002561,1763567191473,1763567191497,,,,,,,,,,mid,9055,727,307,224,0
s3_short_window,SHORT_WINDOW,24,0.5,300,2,144,ok,,,1,53.79016703227535,120,1,25.888999999999996,12.026999999994587,1763567202479,1763567202500,,,,,,,,,,mid,10192,803,243,254,3
s3_short_window,SHORT_WINDOW,24,0.5,300,2,145,ok,,,1,59.63162501575425,120,1,25.983999999999988,12.376000000003842,1763567214409,1763567214433,,,,,,,,,,mid,10163,699,287,203,3
s3_short_window,SHORT_WINDOW,24,0.5,300,2,146,ok,,,1,60.51833397941664,120,1,26.166999999999994,12.514999999999418,1763567226299,1763567226325,,,,,,,,,,mid,10864,664,326,189,2
s3_short_window,SHORT_WINDOW,24,0.5,300,2,147,ok,,,1,51.00654100533575,120,1,24.292,10.842000000004191,1763567238807,1763567238827,,,,,,,,,,mid,10457,479,289,238,1
s3_short_window,SHORT_WINDOW,24,0.5,300,2,148,ok,,,1,52.07133304793388,120,1,27.02299999999999,10.37800000000425,1763567251021,1763567251041,,,,,,,,,,mid,9421,397,204,276,2
s3_short_window,SHORT_WINDOW,24,0.5,300,2,149,ok,,,1,53.571583004668355,120,1,25.397999999999996,11.631000000001222,1763567262744,1763567262765,,,,,,,,,,mid,12354,868,281,180,2
s3_short_window,SHORT_WINDOW,24,0.5,300,2,150,ok,,,1,51.330416987184435,120,1,24.394999999999996,11.438000000009197,1763567276514,1763567276533,,,,,,,,,,mid,13133,581,346,151,1
s3_short_window,SHORT_WINDOW,24,0.5,300,2,151,ok,,,1,54.238707991316915,120,1,26.065999999999995,12.008999999998196,1763567291696,1763567291715,,,,,,,,,,mid,9669,753,258,240,0
s3_short_window,SHORT_WINDOW,24,0.5,300,2,152,ok,,,1,56.000082986429334,120,1,25.945000000000007,12.06600000000617,1763567303114,1763567303137,,,,,,,,,,mid,11007,783,295,264,2
s3_short_window,SHORT_WINDOW,24,0.5,300,2,153,ok,,,1,53.68008394725621,120,1,26.41899999999999,10.92500000000291,1763567315479,1763567315499,,,,,,,,,,mid,11930,363,341,157,1
s3_short_window,SHORT_WINDOW,24,0.5,300,2,154,ok,,,3,693.3662089868449,360,3,58.26400000000001,14.307999999997264,1763567330138,1763567330161,,,,,,,,,,mid,9254,639,223,169,4
s3_short_window,SHORT_WINDOW,24,0.5,300,2,155,ok,,,1,54.41154196159914,120,1,24.58999999999999,11.769999999996799,1763567340119,1763567340142,,,,,,,,,,mid,9745,365,248,225,3
s3_short_window,SHORT_WINDOW,24,0.5,300,2,156,ok,,,1,55.521000002045184,120,1,25.550000000000004,11.370000000009895,1763567351665,1763567351689,,,,,,,,,,mid,12012,475,326,203,2
s3_short_window,SHORT_WINDOW,24,0.5,300,2,157,ok,,,3,680.2947919932194,360,3,48.76799999999999,13.113999999994121,1763567366478,1763567366499,,,,,,,,,,mid,12026,897,319,264,1
s3_short_window,SHORT_WINDOW,24,0.5,300,2,158,ok,,,1,55.26533297961578,120,1,24.98000000000001,11.831999999994878,1763567379402,1763567379426,,,,,,,,,,mid,10638,617,327,215,2
s3_short_window,SHORT_WINDOW,24,0.5,300,2,159,ok,,,1,52.09066596580669,120,1,24.893,11.653999999994994,1763567391633,1763567391654,,,,,,,,,,mid,12311,362,227,174,0
s3_short_window,SHORT_WINDOW,24,0.5,300,2,160,ok,,,1,53.76733298180625,120,1,26.159999999999997,12.3379999999961,1763567406101,1763567406122,,,,,,,,,,mid,12839,609,252,164,3
s3_short_window,SHORT_WINDOW,24,0.5,300,2,161,ok,,,1,53.176250017713755,120,1,23.86,11.021999999997206,1763567420565,1763567420587,,,,,,,,,,mid,12592,473,233,219,1
s3_short_window,SHORT_WINDOW,24,0.5,300,2,162,ok,,,1,56.91437498899177,120,1,25.875,12.385000000002037,1763567435405,1763567435428,,,,,,,,,,mid,12040,817,295,262,6
s3_short_window,SHORT_WINDOW,24,0.5,300,2,163,ok,,,1,56.241750018671155,120,1,26.463000000000008,12.055000000000291,1763567448766,1763567448787,,,,,,,,,,mid,12467,400,322,178,2
s3_short_window,SHORT_WINDOW,24,0.5,300,2,164,ok,,,1,54.65649999678135,120,1,25.777,12.067000000002736,1763567463536,1763567463557,,,,,,,,,,mid,11991,884,261,235,0
s3_short_window,SHORT_WINDOW,24,0.5,300,2,165,ok,,,1,53.21595800342038,120,1,25.263999999999996,11.640999999995984,1763567477088,1763567477109,,,,,,,,,,mid,11263,722,280,187,2
s3_short_window,SHORT_WINDOW,24,0.5,300,2,166,ok,,,1,52.15429101372138,120,1,25.11099999999999,10.888999999995576,1763567489744,1763567489764,,,,,,,,,,mid,8869,334,226,210,0
s3_short_window,SHORT_WINDOW,24,0.5,300,2,167,ok,,,1,51.52549996273592,120,1,24.659,11.955999999998312,1763567500529,1763567500549,,,,,,,,,,mid,13644,443,339,276,0
s3_short_window,SHORT_WINDOW,24,0.5,300,2,168,ok,,,1,58.021417004056275,120,1,24.543999999999997,11.549999999995634,1763567516051,1763567516077,,,,,,,,,,mid,9524,557,305,207,0
s3_short_window,SHORT_WINDOW,24,0.5,300,2,169,ok,,,1,52.51633300213143,120,1,25.53199999999999,11.875000000007276,1763567527440,1763567527459,,,,,,,,,,mid,9366,659,215,214,2
s3_short_window,SHORT_WINDOW,24,0.5,300,2,170,ok,,,1,56.151875003706664,120,1,25.903000000000006,12.268000000003667,1763567538636,1763567538659,,,,,,,,,,mid,13348,742,292,226,2
s3_short_window,SHORT_WINDOW,24,0.5,300,2,171,ok,,,2,384.946417005267,240,2,46.00000000000001,18.8070000000007,1763567553550,1763567553579,,,,,,,,,,mid,13603,251,349,269,1
s3_short_window,SHORT_WINDOW,24,0.5,300,2,172,ok,,,1,58.689250028692186,120,1,26.052,12.099999999998545,1763567569187,1763567569210,,,,,,,,,,mid,12068,897,349,175,1
s3_short_window,SHORT_WINDOW,24,0.5,300,2,173,ok,,,1,53.03350096801296,120,1,25.739999999999995,11.864999999997963,1763567582752,1763567582771,,,,,,,,,,mid,9843,723,273,203,1
s3_short_window,SHORT_WINDOW,24,0.5,300,2,174,ok,,,1,58.93462500534952,120,1,24.573,11.091999999996915,1763567594047,1763567594074,,,,,,,,,,mid,12453,548,314,208,2
s3_short_window,SHORT_WINDOW,24,0.5,300,2,175,ok,,,1,54.29487494984642,120,1,25.33100000000001,11.413000000007742,1763567608165,1763567608187,,,,,,,,,,mid,12678,374,295,250,4
s3_short_window,SHORT_WINDOW,24,0.5,300,2,176,ok,,,1,56.8387089879252,120,1,25.053000000000004,11.695999999988999,1763567622830,1763567622854,,,,,,,,,,mid,13343,536,277,246,3
s3_short_window,SHORT_WINDOW,24,0.5,300,2,177,ok,,,1,53.12554200645536,120,1,24.702000000000005,11.653999999994994,1763567637771,1763567637793,,,,,,,,,,mid,13436,551,341,150,1
s3_short_window,SHORT_WINDOW,24,0.5,300,2,178,ok,,,1,55.84837502101436,120,1,26.951999999999998,11.853999999992084,1763567652712,1763567652732,,,,,,,,,,mid,11267,308,311,190,1
s3_short_window,SHORT_WINDOW,24,0.5,300,2,179,ok,,,3,686.3073339918628,360,3,54.51599999999999,14.586000000010245,1763567666764,1763567666787,,,,,,,,,,mid,12789,590,204,228,2
s3_short_window,SHORT_WINDOW,24,0.5,300,2,180,ok,,,1,57.702874997630715,120,1,27.58100000000001,12.230000000003201,1763567680388,1763567680410,,,,,,,,,,mid,11010,289,290,262,0
s3_short_window,SHORT_WINDOW,24,0.5,300,2,181,ok,,,1,51.72024999046698,120,1,24.574000000000005,11.49100000000908,1763567693325,1763567693346,,,,,,,,,,mid,12795,503,261,198,2
s3_short_window,SHORT_WINDOW,24,0.5,300,2,182,ok,,,1,56.869416031986475,120,1,25.841,11.947000000000116,1763567708180,1763567708202,,,,,,,,,,mid,11695,688,335,209,5
s3_short_window,SHORT_WINDOW,24,0.5,300,2,183,ok,,,1,55.71191699709743,120,1,24.291000000000004,11.299999999995634,1763567721515,1763567721538,,,,,,,,,,mid,9749,578,336,278,1
s3_short_window,SHORT_WINDOW,24,0.5,300,2,184,ok,,,1,58.254458010196686,120,1,25.97399999999999,12.19199999999546,1763567733374,1763567733398,,,,,,,,,,mid,9656,891,204,277,1
s3_short_window,SHORT_WINDOW,24,0.5,300,2,185,ok,,,1,52.880375005770475,120,1,26.165,11.627000000000407,1763567744276,1763567744296,,,,,,,,,,mid,12517,303,337,179,2
s3_short_window,SHORT_WINDOW,24,0.5,300,2,186,ok,,,1,54.82737597776577,120,1,25.339999999999996,11.245999999999185,1763567758578,1763567758601,,,,,,,,,,mid,13062,311,255,278,0
s3_short_window,SHORT_WINDOW,24,0.5,300,2,187,ok,,,1,50.73066701879725,120,1,23.862000000000002,10.974999999991269,1763567773520,1763567773540,,,,,,,,,,mid,9679,417,249,211,2
s3_short_window,SHORT_WINDOW,24,0.5,300,2,188,ok,,,1,51.47099995519966,120,1,25.115000000000002,10.963000000003376,1763567784926,1763567784944,,,,,,,,,,mid,8812,402,336,270,1
s3_short_window,SHORT_WINDOW,24,0.5,300,2,189,ok,,,1,56.650707963854074,120,1,25.519999999999996,12.290000000000873,1763567795923,1763567795946,,,,,,,,,,mid,10879,776,205,167,4
s3_short_window,SHORT_WINDOW,24,0.5,300,2,190,ok,,,1,53.6022909800522,120,1,25.971999999999987,12.172000000005937,1763567808627,1763567808648,,,,,,,,,,mid,11554,866,247,167,1
s3_short_window,SHORT_WINDOW,24,0.5,300,2,191,ok,,,1,51.70470796292648,120,1,27.047999999999995,10.986000000004424,1763567821484,1763567821503,,,,,,,,,,mid,8927,352,285,170,0
s3_short_window,SHORT_WINDOW,24,0.5,300,2,192,ok,,,1,64.62870794348419,120,1,38.25300000000001,11.140999999995984,1763567832486,1763567832505,,,,,,,,,,mid,11920,625,243,263,2
s3_short_window,SHORT_WINDOW,24,0.5,300,2,193,ok,,,1,57.1384999784641,120,1,27.476,12.457000000002154,1763567845944,1763567845966,,,,,,,,,,mid,13338,509,300,240,3
s3_short_window,SHORT_WINDOW,24,0.5,300,2,194,ok,,,1,52.256249997299165,120,1,25.501000000000005,12.06300000000192,1763567861300,1763567861320,,,,,,,,,,mid,12300,639,213,257,4
s3_short_window,SHORT_WINDOW,24,0.5,300,2,195,ok,,,1,55.649375019129366,120,1,24.836,11.742999999994936,1763567875435,1763567875458,,,,,,,,,,mid,11598,866,243,162,1
s3_short_window,SHORT_WINDOW,24,0.5,300,2,196,ok,,,1,49.60149998078123,120,1,25.583000000000006,10.402999999998428,1763567888359,1763567888379,,,,,,,,,,mid,12333,441,305,265,2
s3_short_window,SHORT_WINDOW,24,0.5,300,2,197,ok,,,1,54.78216701885685,120,1,25.526000000000003,10.47000000000844,1763567902379,1763567902404,,,,,,,,,,mid,13625,330,228,165,2
s3_short_window,SHORT_WINDOW,24,0.5,300,2,198,ok,,,1,59.094708994962275,120,1,26.232999999999997,12.242000000005646,1763567918327,1763567918353,,,,,,,,,,mid,10166,823,299,187,0
s3_short_window,SHORT_WINDOW,24,0.5,300,2,199,ok,,,1,49.42841699812561,120,1,23.507999999999996,10.823000000003958,1763567929879,1763567929899,,,,,,,,,,mid,9105,441,248,151,3
s3_short_window,SHORT_WINDOW,24,0.5,300,2,200,ok,,,1,53.73275000602007,120,1,23.879999999999995,10.989000000001397,1763567940815,1763567940839,,,,,,,,,,mid,12110,494,298,219,2
s3_short_window,SHORT_WINDOW,24,0.5,300,2,201,ok,,,1,57.77008301811293,120,1,25.972999999999992,12.48399999999674,1763567955008,1763567955031,,,,,,,,,,mid,11529,743,317,184,1
s3_short_window,SHORT_WINDOW,24,0.5,300,2,202,ok,,,1,60.21700002020225,120,1,26.524,12.66299999999319,1763567968368,1763567968395,,,,,,,,,,mid,11065,783,235,175,1
s3_short_window,SHORT_WINDOW,24,0.5,300,2,203,ok,,,1,50.33979198196903,120,1,25.208,10.486999999993714,1763567980762,1763567980782,,,,,,,,,,mid,9389,454,345,171,1
s3_short_window,SHORT_WINDOW,24,0.5,300,2,204,ok,,,1,57.90245800744742,120,1,25.330000000000005,10.97599999999511,1763567991893,1763567991918,,,,,,,,,,mid,13502,415,239,228,1
s3_short_window,SHORT_WINDOW,24,0.5,300,2,205,ok,,,1,52.47104202862829,120,1,25.336000000000006,11.881999999997788,1763568007478,1763568007498,,,,,,,,,,mid,10229,706,289,253,1
s3_short_window,SHORT_WINDOW,24,0.5,300,2,206,ok,,,1,51.15549999754876,120,1,25.345000000000013,11.822999999989406,1763568019633,1763568019654,,,,,,,,,,mid,11825,830,340,248,1
s3_short_window,SHORT_WINDOW,24,0.5,300,2,207,ok,,,1,56.241874990519136,120,1,26.540000000000006,13.046999999998661,1763568033359,1763568033381,,,,,,,,,,mid,11531,800,304,219,5
s3_short_window,SHORT_WINDOW,24,0.5,300,2,208,ok,,,1,53.346917033195496,120,1,25.677,11.993999999998778,1763568046806,1763568046828,,,,,,,,,,mid,11168,899,253,178,1
s3_short_window,SHORT_WINDOW,24,0.5,300,2,209,ok,,,1,57.346792018506676,120,1,25.907999999999994,12.338999999999942,1763568059629,1763568059653,,,,,,,,,,mid,13516,728,231,187,0
s3_short_window,SHORT_WINDOW,24,0.5,300,2,210,ok,,,1,51.437375019304454,120,1,25.270999999999994,10.723000000005413,1763568074626,1763568074645,,,,,,,,,,mid,12337,423,340,217,1
s3_short_window,SHORT_WINDOW,24,0.5,300,2,211,ok,,,1,53.59829100780189,120,1,23.329,10.845000000001164,1763568088939,1763568088961,,,,,,,,,,mid,10789,510,331,206,0
s3_short_window,SHORT_WINDOW,24,0.5,300,2,212,ok,,,1,55.56225002510473,120,1,23.944000000000003,11.061000000001513,1763568101562,1763568101584,,,,,,,,,,mid,9904,512,304,248,2
s3_short_window,SHORT_WINDOW,24,0.5,300,2,213,ok,,,1,54.2997500160709,120,1,23.816000000000003,10.84599999999773,1763568113166,1763568113189,,,,,,,,,,mid,12973,411,247,175,4
s3_short_window,SHORT_WINDOW,24,0.5,300,2,214,ok,,,1,56.78004102082923,120,1,23.561999999999998,10.843000000000757,1763568128084,1763568128109,,,,,,,,,,mid,8784,540,349,271,1
s3_short_window,SHORT_WINDOW,24,0.5,300,2,215,ok,,,1,52.971916971728206,120,1,24.426000000000002,11.724000000001979,1763568138584,1763568138605,,,,,,,,,,mid,12919,481,212,159,0
s3_short_window,SHORT_WINDOW,24,0.5,300,2,216,ok,,,1,51.607957982923836,120,1,25.689,10.344000000004598,1763568153298,1763568153320,,,,,,,,,,mid,11830,407,272,259,0
s3_short_window,SHORT_WINDOW,24,0.5,300,2,217,ok,,,2,407.07329200813547,240,2,53.135000000000005,22.054999999993015,1763568167117,1763568167155,,,,,,,,,,mid,9469,307,293,265,0
s3_short_window,SHORT_WINDOW,24,0.5,300,2,218,ok,,,1,55.94308394938707,120,1,26.866000000000007,11.132000000005064,1763568178107,1763568178129,,,,,,,,,,mid,11322,378,324,179,1
s3_short_window,SHORT_WINDOW,24,0.5,300,2,219,ok,,,1,63.47499997355044,120,1,26.267999999999994,12.450000000004366,1763568191719,1763568191748,,,,,,,,,,mid,10308,773,261,197,2
s3_short_window,SHORT_WINDOW,24,0.5,300,2,220,ok,,,1,54.714250029064715,120,1,25.758000000000003,12.167999999997846,1763568203866,1763568203887,,,,,,,,,,mid,9365,830,329,173,3
s3_short_window,SHORT_WINDOW,24,0.5,300,2,221,ok,,,1,54.933999956119806,120,1,24.747,11.751999999993131,1763568214644,1763568214666,,,,,,,,,,mid,11234,496,208,177,2
s3_short_window,SHORT_WINDOW,24,0.5,300,2,222,ok,,,1,53.031040995847434,120,1,26.287999999999997,11.23399999999674,1763568227554,1763568227575,,,,,,,,,,mid,9616,315,249,254,1
s3_short_window,SHORT_WINDOW,24,0.5,300,2,223,ok,,,1,53.08041698299348,120,1,25.398000000000003,11.125,1763568238940,1763568238962,,,,,,,,,,mid,10935,266,274,269,2
s3_short_window,SHORT_WINDOW,24,0.5,300,2,224,ok,,,1,53.2232919940725,120,1,24.806000000000004,10.607999999992899,1763568251682,1763568251703,,,,,,,,,,mid,9175,346,240,194,0
s3_short_window,SHORT_WINDOW,24,0.5,300,2,225,ok,,,1,52.6228750240989,120,1,24.981,12.851000000009662,1763568262697,1763568262717,,,,,,,,,,mid,11102,411,226,184,4
s3_short_window,SHORT_WINDOW,24,0.5,300,2,226,ok,,,1,59.02833299478516,120,1,25.570000000000007,12.222999999998137,1763568275810,1763568275835,,,,,,,,,,mid,10750,815,345,238,1
s3_short_window,SHORT_WINDOW,24,0.5,300,2,227,ok,,,1,51.91741598537192,120,1,24.43999999999999,11.599999999998545,1763568288040,1763568288061,,,,,,,,,,mid,12498,535,267,237,4
s3_short_window,SHORT_WINDOW,24,0.5,300,2,228,ok,,,1,51.58229201333597,120,1,25.825999999999993,10.807999999997264,1763568302099,1763568302120,,,,,,,,,,mid,10127,331,237,280,0
s3_short_window,SHORT_WINDOW,24,0.5,300,2,229,ok,,,1,57.35516600543633,120,1,26.050000000000004,12.240999999994528,1763568314514,1763568314538,,,,,,,,,,mid,13715,765,317,262,2
s3_short_window,SHORT_WINDOW,24,0.5,300,2,230,ok,,,1,54.80816698400304,120,1,26.574999999999996,12.469000000004598,1763568329840,1763568329861,,,,,,,,,,mid,10112,651,204,217,2
s3_short_window,SHORT_WINDOW,24,0.5,300,2,231,ok,,,1,51.99254100443795,120,1,26.708999999999996,10.384000000005472,1763568341432,1763568341453,,,,,,,,,,mid,12489,412,311,260,5
s3_short_window,SHORT_WINDOW,24,0.5,300,2,232,ok,,,1,52.06545803230256,120,1,23.488999999999997,10.283000000003085,1763568355560,1763568355584,,,,,,,,,,mid,10240,460,242,238,3
s3_short_window,SHORT_WINDOW,24,0.5,300,2,233,ok,,,1,52.17612499836832,120,1,23.58999999999999,10.811000000001513,1763568367499,1763568367520,,,,,,,,,,mid,10923,394,239,155,1
s3_short_window,SHORT_WINDOW,24,0.5,300,2,234,ok,,,1,55.31837500166148,120,1,26.084999999999994,12.081000000005588,1763568380134,1763568380156,,,,,,,,,,mid,12196,309,297,264,1
s3_short_window,SHORT_WINDOW,24,0.5,300,2,235,ok,,,1,58.2677079946734,120,1,25.753000000000007,12.24599999999191,1763568394703,1763568394729,,,,,,,,,,mid,10367,856,298,156,3
s3_short_window,SHORT_WINDOW,24,0.5,300,2,236,ok,,,1,55.881707987282425,120,1,26.66299999999999,11.910000000003492,1763568406768,1763568406790,,,,,,,,,,mid,12829,784,240,169,2
s3_short_window,SHORT_WINDOW,24,0.5,300,2,237,ok,,,1,55.71429099654779,120,1,25.590000000000003,12.129000000000815,1763568421487,1763568421511,,,,,,,,,,mid,10658,892,226,213,0
s3_short_window,SHORT_WINDOW,24,0.5,300,2,238,ok,,,1,56.573124951682985,120,1,26.610000000000007,12.326000000000931,1763568433898,1763568433920,,,,,,,,,,mid,11841,770,300,179,1
s3_short_window,SHORT_WINDOW,24,0.5,300,2,239,ok,,,2,408.49170804722235,240,2,54.05299999999998,22.125999999996566,1763568447284,1763568447322,,,,,,,,,,mid,11276,263,332,209,2
s3_short_window,SHORT_WINDOW,24,0.5,300,2,240,ok,,,1,54.484249965753406,120,1,24.887,11.652999999998428,1763568460413,1763568460436,,,,,,,,,,mid,9595,568,276,259,1
s3_short_window,SHORT_WINDOW,24,0.5,300,2,241,ok,,,1,54.6858329907991,120,1,26.409,12.194999999999709,1763568471831,1763568471852,,,,,,,,,,mid,10830,566,225,235,1
s3_short_window,SHORT_WINDOW,24,0.5,300,2,242,ok,,,1,54.49691700050607,120,1,27.006999999999998,11.156999999999243,1763568484190,1763568484210,,,,,,,,,,mid,11617,291,244,213,1
s3_short_window,SHORT_WINDOW,24,0.5,300,2,243,ok,,,1,55.78133399831131,120,1,25.766,12.299999999995634,1763568498033,1763568498055,,,,,,,,,,mid,11065,689,213,156,1
s3_short_window,SHORT_WINDOW,24,0.5,300,2,244,ok,,,1,55.48074998660013,120,1,26.046000000000006,12.194000000003143,1763568510892,1763568510914,,,,,,,,,,mid,13022,676,220,153,1
s3_short_window,SHORT_WINDOW,24,0.5,300,2,245,ok,,,1,53.428790997713804,120,1,25.090000000000003,11.074000000000524,1763568525431,1763568525455,,,,,,,,,,mid,12593,444,287,194,2
s3_short_window,SHORT_WINDOW,24,0.5,300,2,246,ok,,,1,59.47141698561609,120,1,25.860999999999997,12.0879999999961,1763568539971,1763568539996,,,,,,,,,,mid,13623,605,206,206,3
s3_short_window,SHORT_WINDOW,24,0.5,300,2,247,ok,,,1,51.24079104280099,120,1,25.260999999999996,11.549999999995634,1763568555274,1763568555293,,,,,,,,,,mid,11224,554,224,189,2
s3_short_window,SHORT_WINDOW,24,0.5,300,2,248,ok,,,1,55.699083022773266,120,1,25.894,12.055000000000291,1763568568644,1763568568665,,,,,,,,,,mid,13471,857,267,254,1
s3_short_window,SHORT_WINDOW,24,0.5,300,2,249,ok,,,1,53.01933299051598,120,1,25.376999999999995,11.068999999995867,1763568583200,1763568583223,,,,,,,,,,mid,9810,257,275,211,2
s3_short_window,SHORT_WINDOW,24,0.5,300,2,250,ok,,,1,54.88800001330674,120,1,25.607000000000006,10.84500000000844,1763568595036,1763568595060,,,,,,,,,,mid,10741,410,211,273,3
s3_short_window,SHORT_WINDOW,24,0.5,300,2,251,ok,,,1,59.609292016830295,120,1,26.530999999999985,12.595000000001164,1763568607975,1763568608002,,,,,,,,,,mid,11262,823,224,275,1
s3_short_window,SHORT_WINDOW,24,0.5,300,2,252,ok,,,1,53.90758300200105,120,1,25.89800000000001,12.13799999999901,1763568620904,1763568620926,,,,,,,,,,mid,10033,706,265,255,0
s3_short_window,SHORT_WINDOW,24,0.5,300,2,253,ok,,,1,54.126208007801324,120,1,26.810999999999993,10.671000000002095,1763568632381,1763568632403,,,,,,,,,,mid,8956,343,244,196,1
s3_short_window,SHORT_WINDOW,24,0.5,300,2,254,ok,,,1,54.451750009320676,120,1,25.879999999999995,11.740999999994528,1763568643446,1763568643467,,,,,,,,,,mid,11692,601,281,160,3
s3_short_window,SHORT_WINDOW,24,0.5,300,2,255,ok,,,1,60.92662503942847,120,1,26.65599999999999,12.473999999994703,1763568657148,1763568657174,,,,,,,,,,mid,13538,814,257,276,3
s3_short_window,SHORT_WINDOW,24,0.5,300,2,256,ok,,,1,51.699584000743926,120,1,27.075000000000003,10.509000000005472,1763568671936,1763568671957,,,,,,,,,,mid,13594,366,267,219,3
s3_short_window,SHORT_WINDOW,24,0.5,300,2,257,ok,,,1,53.78220899729058,120,1,26.55599999999999,10.762999999991735,1763568687255,1763568687275,,,,,,,,,,mid,13676,277,214,167,1
s3_short_window,SHORT_WINDOW,24,0.5,300,2,258,ok,,,1,53.817041974980384,120,1,25.802999999999997,12.02900000000227,1763568703449,1763568703470,,,,,,,,,,mid,12414,850,228,183,1
s3_short_window,SHORT_WINDOW,24,0.5,300,2,259,ok,,,1,56.20858300244436,120,1,26.861999999999995,12.615999999994528,1763568717650,1763568717674,,,,,,,,,,mid,13381,873,275,256,0
s3_short_window,SHORT_WINDOW,24,0.5,300,2,260,ok,,,1,56.660667003598064,120,1,26.653,11.694000000003143,1763568732198,1763568732221,,,,,,,,,,mid,10248,299,302,203,1
s3_short_window,SHORT_WINDOW,24,0.5,300,2,261,ok,,,1,58.5107909864746,120,1,26.23600000000001,12.360999999997148,1763568744771,1763568744795,,,,,,,,,,mid,11212,779,297,160,1
s3_short_window,SHORT_WINDOW,24,0.5,300,2,262,ok,,,3,673.8987090066075,360,3,42.58,11.923000000002503,1763568758315,1763568758337,,,,,,,,,,mid,10650,786,328,221,2
s3_short_window,SHORT_WINDOW,24,0.5,300,2,263,ok,,,1,60.3734590113163,120,1,27.34300000000001,12.106000000007043,1763568769695,1763568769718,,,,,,,,,,mid,10270,319,312,177,2
s3_short_window,SHORT_WINDOW,24,0.5,300,2,264,ok,,,1,56.54333299025893,120,1,25.887000000000015,12.12199999999575,1763568782136,1763568782158,,,,,,,,,,mid,13173,675,296,203,4
s3_short_window,SHORT_WINDOW,24,0.5,300,2,265,ok,,,1,54.154292040038854,120,1,25.206000000000003,12.20799999999872,1763568796706,1763568796728,,,,,,,,,,mid,12684,387,273,160,4
s3_short_window,SHORT_WINDOW,24,0.5,300,2,266,ok,,,1,55.70079101016745,120,1,25.401000000000003,11.581999999994878,1763568811248,1763568811271,,,,,,,,,,mid,13091,370,345,189,2
s3_short_window,SHORT_WINDOW,24,0.5,300,2,267,ok,,,2,367.09316697670147,240,2,36.723,13.140999999995984,1763568826385,1763568826407,,,,,,,,,,mid,13100,354,222,199,2
s3_short_window,SHORT_WINDOW,24,0.5,300,2,268,ok,,,1,53.07245900621638,120,1,23.378999999999998,10.974000000001979,1763568840881,1763568840905,,,,,,,,,,mid,10158,431,206,248,3
s3_short_window,SHORT_WINDOW,24,0.5,300,2,269,ok,,,1,50.86370900971815,120,1,26.073,10.375000000007276,1763568852736,1763568852755,,,,,,,,,,mid,13645,281,205,151,3
s3_short_window,SHORT_WINDOW,24,0.5,300,2,270,ok,,,1,58.25866700615734,120,1,27.110000000000014,12.051999999996042,1763568868113,1763568868135,,,,,,,,,,mid,8978,340,296,200,1
s3_short_window,SHORT_WINDOW,24,0.5,300,2,271,ok,,,1,51.226167008280754,120,1,24.430000000000007,11.480999999999767,1763568879096,1763568879115,,,,,,,,,,mid,9781,592,270,266,1
s3_short_window,SHORT_WINDOW,24,0.5,300,2,272,ok,,,1,56.91629200009629,120,1,25.676000000000002,11.78399999999965,1763568890441,1763568890465,,,,,,,,,,mid,11191,286,265,220,2
s3_short_window,SHORT_WINDOW,24,0.5,300,2,273,ok,,,1,53.70350001612678,120,1,25.275,11.289999999993597,1763568903800,1763568903820,,,,,,,,,,mid,13398,623,330,280,2
s3_short_window,SHORT_WINDOW,24,0.5,300,2,274,ok,,,3,698.0159590020776,360,3,55.105,11.576999999997497,1763568919907,1763568919930,,,,,,,,,,mid,13427,897,243,216,3
s3_short_window,SHORT_WINDOW,24,0.5,300,2,275,ok,,,1,55.529626028146595,120,1,25.842999999999996,12.267999999996391,1763568934471,1763568934494,,,,,,,,,,mid,8981,890,228,231,1
s3_short_window,SHORT_WINDOW,24,0.5,300,2,276,ok,,,1,55.18787499750033,120,1,26.930999999999997,11.277999999991152,1763568944613,1763568944633,,,,,,,,,,mid,13466,273,264,229,2
s3_short_window,SHORT_WINDOW,24,0.5,300,2,277,ok,,,1,54.149916977621615,120,1,25.431999999999995,12.222999999998137,1763568960227,1763568960249,,,,,,,,,,mid,9336,589,224,211,0
s3_short_window,SHORT_WINDOW,24,0.5,300,2,278,ok,,,1,55.2822090103291,120,1,25.905,12.097999999998137,1763568971372,1763568971395,,,,,,,,,,mid,12135,610,286,243,0
s3_short_window,SHORT_WINDOW,24,0.5,300,2,279,ok,,,1,58.14329202985391,120,1,26.158999999999992,11.775000000001455,1763568985036,1763568985059,,,,,,,,,,mid,10998,410,338,174,3
s3_short_window,SHORT_WINDOW,24,0.5,300,2,280,ok,,,1,52.43091704323888,120,1,24.827999999999996,10.94999999999709,1763568997977,1763568997997,,,,,,,,,,mid,13451,505,279,187,2
s3_short_window,SHORT_WINDOW,24,0.5,300,2,281,ok,,,1,51.37558304704726,120,1,24.052999999999997,11.043999999994412,1763569013462,1763569013482,,,,,,,,,,mid,10810,751,225,162,2
s3_short_window,SHORT_WINDOW,24,0.5,300,2,282,ok,,,1,55.90666696662083,120,1,25.995000000000005,11.635999999991327,1763569025791,1763569025813,,,,,,,,,,mid,13327,552,285,272,1
s3_short_window,SHORT_WINDOW,24,0.5,300,2,283,ok,,,1,57.55441699875519,120,1,26.312000000000005,12.156999999991967,1763569041316,1763569041339,,,,,,,,,,mid,10295,882,329,251,0
s3_short_window,SHORT_WINDOW,24,0.5,300,2,284,ok,,,1,55.24166696704924,120,1,23.382000000000005,10.911999999996624,1763569052931,1763569052954,,,,,,,,,,mid,10136,441,257,211,1
s3_short_window,SHORT_WINDOW,24,0.5,300,2,285,ok,,,1,54.18479099171236,120,1,25.871000000000002,12.190000000002328,1763569065238,1763569065258,,,,,,,,,,mid,12316,764,294,234,1
s3_short_window,SHORT_WINDOW,24,0.5,300,2,286,ok,,,1,57.01812502229586,120,1,25.82999999999999,12.365999999994528,1763569079419,1763569079444,,,,,,,,,,mid,12155,770,325,226,3
s3_short_window,SHORT_WINDOW,24,0.5,300,2,287,ok,,,1,53.86220896616578,120,1,25.400000000000006,11.58299999999872,1763569093015,1763569093037,,,,,,,,,,mid,13743,403,317,233,3
s3_short_window,SHORT_WINDOW,24,0.5,300,2,288,ok,,,1,55.356541997753084,120,1,24.114999999999995,10.959000000002561,1763569108682,1763569108704,,,,,,,,,,mid,10904,542,320,201,0
s3_short_window,SHORT_WINDOW,24,0.5,300,2,289,ok,,,1,53.09354199562222,120,1,25.718999999999994,10.411999999996624,1763569121134,1763569121157,,,,,,,,,,mid,8781,319,217,250,0
s3_short_window,SHORT_WINDOW,24,0.5,300,2,290,ok,,,1,53.04120801156387,120,1,25.87799999999998,12.094000000004598,1763569132335,1763569132356,,,,,,,,,,mid,9286,872,312,175,0
s3_short_window,SHORT_WINDOW,24,0.5,300,2,291,ok,,,1,51.77333299070597,120,1,25.781999999999996,11.168000000005122,1763569143296,1763569143317,,,,,,,,,,mid,9641,768,236,261,0
s3_short_window,SHORT_WINDOW,24,0.5,300,2,292,ok,,,1,55.00841699540615,120,1,24.499999999999993,12.067999999999302,1763569154431,1763569154455,,,,,,,,,,mid,11383,468,336,273,5
s3_short_window,SHORT_WINDOW,24,0.5,300,2,293,ok,,,2,400.30466695316136,240,2,53.81100000000001,22.098000000005413,1763569167572,1763569167610,,,,,,,,,,mid,13597,252,293,206,0
s3_short_window,SHORT_WINDOW,24,0.5,300,2,294,ok,,,2,401.3882500003092,240,2,52.745000000000005,22.29899999999907,1763569183022,1763569183055,,,,,,,,,,mid,11522,278,315,177,1
s3_short_window,SHORT_WINDOW,24,0.5,300,2,295,ok,,,1,53.48916701041162,120,1,25.451,11.831000000005588,1763569196199,1763569196220,,,,,,,,,,mid,9356,691,325,238,3
s3_short_window,SHORT_WINDOW,24,0.5,300,2,296,ok,,,1,53.8407500134781,120,1,25.894000000000005,11.979999999995925,1763569207597,1763569207619,,,,,,,,,,mid,9095,848,322,248,1
s3_short_window,SHORT_WINDOW,24,0.5,300,2,297,ok,,,1,55.66245794761926,120,1,25.842000000000013,11.988999999994121,1763569218422,1763569218443,,,,,,,,,,mid,11897,819,308,150,1
s3_short_window,SHORT_WINDOW,24,0.5,300,2,298,ok,,,1,54.067458026111126,120,1,25.762,12.135999999998603,1763569231891,1763569231913,,,,,,,,,,mid,9793,608,257,234,1
s3_short_window,SHORT_WINDOW,24,0.5,300,2,299,ok,,,1,55.04008301068097,120,1,25.60900000000001,11.831000000005588,1763569243366,1763569243388,,,,,,,,,,mid,9451,548,266,263,1
s3_short_window,SHORT_WINDOW,24,0.5,300,2,300,ok,,,1,50.57166703045368,120,1,24.891,11.889999999999418,1763569254820,1763569254840,,,,,,,,,,mid,9408,738,329,277,2
s3_short_window,SHORT_WINDOW,24,0.5,400,2,1,ok,,,1,54.81850099749863,120,1,25.018000000000008,12.565999999998894,1763569265969,1763569265991,,,,,,,,,,mid,13244,726,268,268,2
s3_short_window,SHORT_WINDOW,24,0.5,400,2,2,ok,,,1,55.01441698288545,120,1,25.762999999999998,11.887000000002445,1763569280936,1763569280958,,,,,,,,,,mid,12692,665,272,163,1
s3_short_window,SHORT_WINDOW,24,0.5,400,2,3,ok,,,1,54.640791029669344,120,1,25.616999999999997,11.807000000000698,1763569295537,1763569295558,,,,,,,,,,mid,12384,755,322,185,1
s3_short_window,SHORT_WINDOW,24,0.5,400,2,4,ok,,,1,52.67975002061576,120,1,24.676000000000002,11.552999999999884,1763569309439,1763569309461,,,,,,,,,,mid,9000,499,250,163,0
s3_short_window,SHORT_WINDOW,24,0.5,400,2,5,ok,,,1,56.665832991711795,120,1,26.161000000000016,12.268999999992957,1763569320524,1763569320547,,,,,,,,,,mid,13258,781,274,184,2
s3_short_window,SHORT_WINDOW,24,0.5,400,2,6,ok,,,1,57.10949999047443,120,1,25.678000000000004,12.201999999997497,1763569335393,1763569335417,,,,,,,,,,mid,9679,699,284,178,0
s3_short_window,SHORT_WINDOW,24,0.5,400,2,7,ok,,,1,53.48395794862881,120,1,27.587000000000003,11.00499999999738,1763569346403,1763569346426,,,,,,,,,,mid,10303,257,288,276,1
s3_short_window,SHORT_WINDOW,24,0.5,400,2,8,ok,,,1,52.77154198847711,120,1,24.982,12.208999999995285,1763569358645,1763569358665,,,,,,,,,,mid,13469,403,323,203,3
s3_short_window,SHORT_WINDOW,24,0.5,400,2,9,ok,,,1,48.00150002120063,120,1,23.092000000000006,10.472000000001572,1763569373805,1763569373823,,,,,,,,,,mid,10131,435,306,276,2
s3_short_window,SHORT_WINDOW,24,0.5,400,2,10,ok,,,1,50.548915984109044,120,1,23.574999999999996,10.5740000000078,1763569385585,1763569385605,,,,,,,,,,mid,12637,376,211,239,1
s3_short_window,SHORT_WINDOW,24,0.5,400,2,11,ok,,,3,899.9474580050446,360,3,55.507,17.47599999999511,1763569401234,1763569401264,,,,,,,,,,mid,13538,726,215,151,3
s3_short_window,SHORT_WINDOW,24,0.5,400,2,12,ok,,,1,58.05308296112344,120,1,25.772,12.192000000002736,1763569415805,1763569415830,,,,,,,,,,mid,9188,767,335,194,0
s3_short_window,SHORT_WINDOW,24,0.5,400,2,13,ok,,,1,53.583749977406114,120,1,24.794000000000004,10.937999999994645,1763569426281,1763569426302,,,,,,,,,,mid,11668,313,300,186,1
s3_short_window,SHORT_WINDOW,24,0.5,400,2,14,ok,,,1,52.394958038348705,120,1,24.081999999999994,11.076999999997497,1763569439883,1763569439906,,,,,,,,,,mid,10207,458,221,226,2
s3_short_window,SHORT_WINDOW,24,0.5,400,2,15,ok,,,1,57.41395894438028,120,1,24.131999999999998,11.194999999999709,1763569451945,1763569451972,,,,,,,,,,mid,10498,484,243,236,1
s3_short_window,SHORT_WINDOW,24,0.5,400,2,16,ok,,,1,54.541666992008686,120,1,25.557000000000002,12.760000000002037,1763569464568,1763569464589,,,,,,,,,,mid,10575,826,223,266,1
s3_short_window,SHORT_WINDOW,24,0.5,400,2,17,ok,,,1,54.327124962583184,120,1,26.012000000000008,12.031999999999243,1763569476764,1763569476785,,,,,,,,,,mid,10031,643,304,267,3
s3_short_window,SHORT_WINDOW,24,0.5,400,2,18,ok,,,1,62.29262502165511,120,1,26.473999999999997,12.286000000007334,1763569488570,1763569488596,,,,,,,,,,mid,12297,635,248,188,3
s3_short_window,SHORT_WINDOW,24,0.5,400,2,19,ok,,,1,57.07783403340727,120,1,25.999999999999993,12.273000000001048,1763569502651,1763569502673,,,,,,,,,,mid,11231,746,304,256,3
s3_short_window,SHORT_WINDOW,24,0.5,400,2,20,ok,,,1,53.448625025339425,120,1,25.918999999999997,11.34100000000035,1763569515542,1763569515562,,,,,,,,,,mid,10333,568,240,258,4
s3_short_window,SHORT_WINDOW,24,0.5,400,2,21,ok,,,1,55.05866702878848,120,1,25.269,11.866999999991094,1763569528076,1763569528098,,,,,,,,,,mid,10609,854,202,206,1
s3_short_window,SHORT_WINDOW,24,0.5,400,2,22,ok,,,1,53.360584017354995,120,1,24.96,11.514999999999418,1763569539957,1763569539979,,,,,,,,,,mid,10955,327,329,186,2
s3_short_window,SHORT_WINDOW,24,0.5,400,2,23,ok,,,1,54.755042016040534,120,1,25.566000000000003,12.192000000002736,1763569553113,1763569553136,,,,,,,,,,mid,9708,761,266,225,1
s3_short_window,SHORT_WINDOW,24,0.5,400,2,24,ok,,,2,472.3349590203725,240,2,40.885999999999996,13.362999999997555,1763569564743,1763569564768,,,,,,,,,,mid,12212,564,241,203,4
s3_short_window,SHORT_WINDOW,24,0.5,400,2,25,ok,,,1,55.86104199755937,120,1,25.633000000000003,12.152999999998428,1763569578598,1763569578620,,,,,,,,,,mid,8807,848,347,237,1
s3_short_window,SHORT_WINDOW,24,0.5,400,2,26,ok,,,1,50.35887501435354,120,1,23.677,10.809000000008382,1763569588891,1763569588912,,,,,,,,,,mid,8837,584,348,173,0
s3_short_window,SHORT_WINDOW,24,0.5,400,2,27,ok,,,1,56.773874966893345,120,1,25.250000000000007,11.641999999999825,1763569599561,1763569599585,,,,,,,,,,mid,9588,630,300,180,0
s3_short_window,SHORT_WINDOW,24,0.5,400,2,28,ok,,,1,53.883374959696084,120,1,25.605999999999995,12.038000000000466,1763569610850,1763569610870,,,,,,,,,,mid,10590,536,204,226,1
s3_short_window,SHORT_WINDOW,24,0.5,400,2,29,ok,,,1,55.021417036186904,120,1,26.144999999999996,11.326999999997497,1763569622938,1763569622960,,,,,,,,,,mid,9367,304,285,218,0
s3_short_window,SHORT_WINDOW,24,0.5,400,2,30,ok,,,1,54.15479198563844,120,1,24.418,11.517000000007101,1763569634202,1763569634224,,,,,,,,,,mid,10013,448,213,240,2
s3_short_window,SHORT_WINDOW,24,0.5,400,2,31,ok,,,2,478.567749960348,240,2,39.91499999999999,16.144000000000233,1763569646521,1763569646545,,,,,,,,,,mid,10605,589,210,170,5
s3_short_window,SHORT_WINDOW,24,0.5,400,2,32,ok,,,1,53.15254197921604,120,1,25.755999999999993,11.873999999996158,1763569658520,1763569658540,,,,,,,,,,mid,10806,612,245,167,2
s3_short_window,SHORT_WINDOW,24,0.5,400,2,33,ok,,,1,54.37787499977276,120,1,24.387,11.30399999999645,1763569671004,1763569671027,,,,,,,,,,mid,10025,548,343,266,1
s3_short_window,SHORT_WINDOW,24,0.5,400,2,34,ok,,,1,54.348459001630545,120,1,25.409000000000006,12.1620000000039,1763569683207,1763569683230,,,,,,,,,,mid,13612,885,258,269,4
s3_short_window,SHORT_WINDOW,24,0.5,400,2,35,ok,,,1,56.62337498506531,120,1,24.998999999999995,11.854999999995925,1763569698217,1763569698242,,,,,,,,,,mid,11928,620,333,273,1
s3_short_window,SHORT_WINDOW,24,0.5,400,2,36,ok,,,1,56.94316700100899,120,1,24.83,11.535000000003492,1763569711849,1763569711873,,,,,,,,,,mid,13237,507,243,152,2
s3_short_window,SHORT_WINDOW,24,0.5,400,2,37,ok,,,1,53.482791990973055,120,1,23.863000000000007,10.825000000004366,1763569726880,1763569726902,,,,,,,,,,mid,10599,515,289,226,0
s3_short_window,SHORT_WINDOW,24,0.5,400,2,38,ok,,,1,50.874374981503934,120,1,24.575999999999993,11.817999999999302,1763569739236,1763569739256,,,,,,,,,,mid,12468,424,293,219,3
s3_short_window,SHORT_WINDOW,24,0.5,400,2,39,ok,,,1,55.14133401447907,120,1,26.417,11.577999999994063,1763569753387,1763569753408,,,,,,,,,,mid,10207,276,273,204,3
s3_short_window,SHORT_WINDOW,24,0.5,400,2,40,ok,,,1,54.67704200418666,120,1,26.262,11.82199999999284,1763569765434,1763569765454,,,,,,,,,,mid,10504,296,259,255,2
s3_short_window,SHORT_WINDOW,24,0.5,400,2,41,ok,,,2,499.7423760360107,240,2,54.275,23.086999999999534,1763569778154,1763569778194,,,,,,,,,,mid,11854,291,334,253,3
s3_short_window,SHORT_WINDOW,24,0.5,400,2,42,ok,,,1,49.50650001410395,120,1,23.121000000000002,10.77499999999418,1763569791497,1763569791519,,,,,,,,,,mid,10304,400,215,245,3
s3_short_window,SHORT_WINDOW,24,0.5,400,2,43,ok,,,1,55.769915983546525,120,1,26.616,10.6620000000039,1763569803458,1763569803483,,,,,,,,,,mid,9001,380,260,183,3
s3_short_window,SHORT_WINDOW,24,0.5,400,2,44,ok,,,1,55.83341600140557,120,1,25.389999999999993,11.60899999999674,1763569814475,1763569814498,,,,,,,,,,mid,10552,609,310,217,2
s3_short_window,SHORT_WINDOW,24,0.5,400,2,45,ok,,,1,58.00875002751127,120,1,25.486999999999988,12.060999999994237,1763569826880,1763569826905,,,,,,,,,,mid,11163,643,218,186,2
s3_short_window,SHORT_WINDOW,24,0.5,400,2,46,ok,,,1,54.15245797485113,120,1,25.65500000000001,11.939000000005763,1763569839813,1763569839836,,,,,,,,,,mid,10271,644,297,260,1
s3_short_window,SHORT_WINDOW,24,0.5,400,2,47,ok,,,1,53.06420801207423,120,1,25.26299999999999,11.781000000002678,1763569851903,1763569851924,,,,,,,,,,mid,13353,656,317,239,0
s3_short_window,SHORT_WINDOW,24,0.5,400,2,48,ok,,,1,52.84241703338921,120,1,24.413000000000004,11.410999999992782,1763569866823,1763569866845,,,,,,,,,,mid,11279,470,204,265,2
s3_short_window,SHORT_WINDOW,24,0.5,400,2,49,ok,,,1,53.84462501388043,120,1,25.792,11.784999999996217,1763569879914,1763569879934,,,,,,,,,,mid,11737,499,219,194,2
s3_short_window,SHORT_WINDOW,24,0.5,400,2,50,ok,,,1,56.40195799060166,120,1,25.643,11.988999999994121,1763569893388,1763569893410,,,,,,,,,,mid,11666,633,293,173,1
s3_short_window,SHORT_WINDOW,24,0.5,400,2,51,ok,,,1,54.54091599676758,120,1,26.42600000000001,11.593000000008033,1763569906458,1763569906478,,,,,,,,,,mid,10992,296,219,191,2
s3_short_window,SHORT_WINDOW,24,0.5,400,2,52,ok,,,1,55.466916994191706,120,1,25.783999999999992,11.750999999996566,1763569919368,1763569919389,,,,,,,,,,mid,10469,396,247,201,3
s3_short_window,SHORT_WINDOW,24,0.5,400,2,53,ok,,,1,56.43029202474281,120,1,25.377000000000002,12.18800000000192,1763569932141,1763569932163,,,,,,,,,,mid,10638,820,295,217,1
s3_short_window,SHORT_WINDOW,24,0.5,400,2,54,ok,,,2,470.28075001435354,240,2,37.08099999999999,12.363000000012107,1763569944806,1763569944833,,,,,,,,,,mid,9706,662,210,173,5
s3_short_window,SHORT_WINDOW,24,0.5,400,2,55,ok,,,1,57.667332992423326,120,1,25.73599999999999,12.132000000005064,1763569955946,1763569955969,,,,,,,,,,mid,9385,686,234,220,0
s3_short_window,SHORT_WINDOW,24,0.5,400,2,56,ok,,,1,48.30866598058492,120,1,22.843999999999998,10.421000000002095,1763569966791,1763569966811,,,,,,,,,,mid,12761,426,241,163,2
s3_short_window,SHORT_WINDOW,24,0.5,400,2,57,ok,,,1,53.04141703527421,120,1,23.619999999999997,10.650000000001455,1763569981359,1763569981380,,,,,,,,,,mid,11653,480,316,239,1
s3_short_window,SHORT_WINDOW,24,0.5,400,2,58,ok,,,1,53.26804198557511,120,1,25.845999999999997,12.202000000004773,1763569995117,1763569995137,,,,,,,,,,mid,12500,704,240,257,1
s3_short_window,SHORT_WINDOW,24,0.5,400,2,59,ok,,,1,51.220917026512325,120,1,25.262000000000008,11.13300000000163,1763570008972,1763570008991,,,,,,,,,,mid,9438,341,276,209,1
s3_short_window,SHORT_WINDOW,24,0.5,400,2,60,ok,,,1,53.9432080113329,120,1,25.682000000000002,11.995000000009895,1763570020795,1763570020815,,,,,,,,,,mid,9114,834,203,170,1
s3_short_window,SHORT_WINDOW,24,0.5,400,2,61,ok,,,1,53.66029095603153,120,1,25.047999999999995,11.647000000004482,1763570031188,1763570031210,,,,,,,,,,mid,12203,445,310,190,2
s3_short_window,SHORT_WINDOW,24,0.5,400,2,62,ok,,,1,54.93874999228865,120,1,25.062000000000005,12.061000000001513,1763570045059,1763570045080,,,,,,,,,,mid,13233,313,216,164,1
s3_short_window,SHORT_WINDOW,24,0.5,400,2,63,ok,,,1,49.808166979346424,120,1,23.162,10.376000000003842,1763570060279,1763570060300,,,,,,,,,,mid,13679,562,338,174,1
s3_short_window,SHORT_WINDOW,24,0.5,400,2,64,ok,,,1,58.846040978096426,120,1,26.96399999999999,12.557000000000698,1763570075496,1763570075520,,,,,,,,,,mid,9576,267,210,174,2
s3_short_window,SHORT_WINDOW,24,0.5,400,2,65,ok,,,1,54.37495798105374,120,1,24.228999999999992,10.953999999997905,1763570087019,1763570087040,,,,,,,,,,mid,9674,425,237,245,2
s3_short_window,SHORT_WINDOW,24,0.5,400,2,66,ok,,,1,52.683375019114465,120,1,23.107000000000006,10.495999999999185,1763570098322,1763570098345,,,,,,,,,,mid,10980,371,222,156,0
s3_short_window,SHORT_WINDOW,24,0.5,400,2,67,ok,,,1,54.21575001673773,120,1,26.499000000000002,10.542999999997846,1763570111230,1763570111254,,,,,,,,,,mid,11574,519,339,206,2
s3_short_window,SHORT_WINDOW,24,0.5,400,2,68,ok,,,1,61.72683404292911,120,1,26.911999999999992,12.86699999999837,1763570124823,1763570124849,,,,,,,,,,mid,9179,720,204,203,0
s3_short_window,SHORT_WINDOW,24,0.5,400,2,69,ok,,,1,46.689792012330145,120,1,23.27900000000001,10.30000000000291,1763570135548,1763570135566,,,,,,,,,,mid,12508,478,296,211,2
s3_short_window,SHORT_WINDOW,24,0.5,400,2,70,ok,,,1,54.38958399463445,120,1,25.904999999999994,11.995999999999185,1763570150027,1763570150048,,,,,,,,,,mid,9679,617,205,158,3
s3_short_window,SHORT_WINDOW,24,0.5,400,2,71,ok,,,1,56.07104202499613,120,1,26.03,12.206999999994878,1763570161383,1763570161407,,,,,,,,,,mid,11413,650,291,264,1
s3_short_window,SHORT_WINDOW,24,0.5,400,2,72,ok,,,1,57.058250007685274,120,1,25.891999999999996,12.369999999995343,1763570174616,1763570174640,,,,,,,,,,mid,11799,618,300,235,3
s3_short_window,SHORT_WINDOW,24,0.5,400,2,73,ok,,,1,57.2007080190815,120,1,26.56799999999999,12.052000000003318,1763570188441,1763570188465,,,,,,,,,,mid,12596,899,251,195,1
s3_short_window,SHORT_WINDOW,24,0.5,400,2,74,ok,,,3,900.4213759908453,360,3,59.922,13.948000000003958,1763570203317,1763570203342,,,,,,,,,,mid,9634,558,259,169,3
s3_short_window,SHORT_WINDOW,24,0.5,400,2,75,ok,,,1,56.79145804606378,120,1,27.598999999999997,11.325999999993655,1763570213723,1763570213744,,,,,,,,,,mid,12992,328,289,154,2
s3_short_window,SHORT_WINDOW,24,0.5,400,2,76,ok,,,1,54.60966599639505,120,1,25.992000000000004,10.834000000002561,1763570228629,1763570228652,,,,,,,,,,mid,10937,452,321,249,1
s3_short_window,SHORT_WINDOW,24,0.5,400,2,77,ok,,,1,51.642540958710015,120,1,23.802000000000007,10.898999999997613,1763570241439,1763570241459,,,,,,,,,,mid,10951,493,292,160,5
s3_short_window,SHORT_WINDOW,24,0.5,400,2,78,ok,,,1,59.22987498342991,120,1,26.475,12.472999999998137,1763570254478,1763570254502,,,,,,,,,,mid,10218,787,305,248,3
s3_short_window,SHORT_WINDOW,24,0.5,400,2,79,ok,,,1,53.07954200543463,120,1,25.852000000000004,11.044999999998254,1763570265962,1763570265982,,,,,,,,,,mid,10385,359,339,183,3
s3_short_window,SHORT_WINDOW,24,0.5,400,2,80,ok,,,1,55.01100001856685,120,1,24.713,11.798999999991793,1763570278260,1763570278282,,,,,,,,,,mid,12846,579,320,165,4
s3_short_window,SHORT_WINDOW,24,0.5,400,2,81,ok,,,1,54.02245797449723,120,1,25.452000000000005,11.713999999999942,1763570292965,1763570292986,,,,,,,,,,mid,13717,613,304,171,2
s3_short_window,SHORT_WINDOW,24,0.5,400,2,82,ok,,,1,61.764083977323025,120,1,26.17000000000001,12.138999999995576,1763570308394,1763570308420,,,,,,,,,,mid,10183,553,230,225,2
s3_short_window,SHORT_WINDOW,24,0.5,400,2,83,ok,,,1,55.03712501376867,120,1,25.21900000000001,11.480999999992491,1763570320480,1763570320501,,,,,,,,,,mid,10072,590,300,276,1
s3_short_window,SHORT_WINDOW,24,0.5,400,2,84,ok,,,1,51.94908397970721,120,1,24.693999999999996,11.527000000001863,1763570332196,1763570332216,,,,,,,,,,mid,13173,617,330,271,1
s3_short_window,SHORT_WINDOW,24,0.5,400,2,85,ok,,,1,57.97508399700746,120,1,26.427999999999997,12.36200000000099,1763570347380,1763570347405,,,,,,,,,,mid,13750,854,207,268,5
s3_short_window,SHORT_WINDOW,24,0.5,400,2,86,ok,,,1,51.55924998689443,120,1,24.671999999999997,10.804999999993015,1763570362236,1763570362258,,,,,,,,,,mid,13189,385,229,259,0
s3_short_window,SHORT_WINDOW,24,0.5,400,2,87,ok,,,1,51.676834002137184,120,1,23.612000000000002,10.658000000003085,1763570377301,1763570377322,,,,,,,,,,mid,11716,448,218,273,5
s3_short_window,SHORT_WINDOW,24,0.5,400,2,88,ok,,,1,50.671709002926946,120,1,24.570000000000007,11.33299999999872,1763570391071,1763570391090,,,,,,,,,,mid,10846,636,326,212,1
s3_short_window,SHORT_WINDOW,24,0.5,400,2,89,ok,,,1,52.26020800182596,120,1,24.727999999999994,12.051999999996042,1763570403283,1763570403303,,,,,,,,,,mid,12752,343,244,274,2
s3_short_window,SHORT_WINDOW,24,0.5,400,2,90,ok,,,1,53.64295799518004,120,1,23.976,11.177999999999884,1763570417840,1763570417861,,,,,,,,,,mid,12036,484,287,165,2
s3_short_window,SHORT_WINDOW,24,0.5,400,2,91,ok,,,1,51.26941605703905,120,1,26.475999999999992,11.184000000001106,1763570431513,1763570431532,,,,,,,,,,mid,13015,334,255,176,2
s3_short_window,SHORT_WINDOW,24,0.5,400,2,92,ok,,,1,55.16916699707508,120,1,25.57499999999999,11.902999999998428,1763570446773,1763570446794,,,,,,,,,,mid,8991,795,346,198,2
s3_short_window,SHORT_WINDOW,24,0.5,400,2,93,ok,,,2,497.23383400123566,240,2,52.897999999999996,22.50100000000384,1763570457406,1763570457443,,,,,,,,,,mid,13523,275,309,225,2
s3_short_window,SHORT_WINDOW,24,0.5,400,2,94,ok,,,1,59.30770904524252,120,1,26.675000000000004,12.120999999999185,1763570472747,1763570472772,,,,,,,,,,mid,11429,742,302,207,1
s3_short_window,SHORT_WINDOW,24,0.5,400,2,95,ok,,,1,51.893833035137504,120,1,26.357000000000006,11.043999999994412,1763570485702,1763570485720,,,,,,,,,,mid,12795,414,325,189,2
s3_short_window,SHORT_WINDOW,24,0.5,400,2,96,ok,,,1,53.020707971882075,120,1,25.330999999999996,11.577000000004773,1763570500459,1763570500480,,,,,,,,,,mid,11082,688,349,152,1
s3_short_window,SHORT_WINDOW,24,0.5,400,2,97,ok,,,1,53.153624990954995,120,1,24.894000000000005,11.637999999991735,1763570512971,1763570512992,,,,,,,,,,mid,12649,397,268,210,3
s3_short_window,SHORT_WINDOW,24,0.5,400,2,98,ok,,,1,53.144834004342556,120,1,25.458999999999996,10.832000000002154,1763570527346,1763570527369,,,,,,,,,,mid,13388,333,200,171,3
s3_short_window,SHORT_WINDOW,24,0.5,400,2,99,ok,,,1,55.429166997782886,120,1,25.244,11.989999999997963,1763570542968,1763570542991,,,,,,,,,,mid,9220,637,344,210,0
s3_short_window,SHORT_WINDOW,24,0.5,400,2,100,ok,,,1,50.301084003876895,120,1,24.133999999999993,11.109000000004016,1763570553925,1763570553944,,,,,,,,,,mid,10450,601,339,279,1
s3_short_window,SHORT_WINDOW,24,0.5,400,2,101,ok,,,1,54.99016703106463,120,1,27.117000000000004,12.19699999999284,1763570565900,1763570565922,,,,,,,,,,mid,12124,383,310,267,0
s3_short_window,SHORT_WINDOW,24,0.5,400,2,102,ok,,,1,55.417083960492164,120,1,24.71099999999999,11.359999999993306,1763570580065,1763570580087,,,,,,,,,,mid,9765,600,339,210,3
s3_short_window,SHORT_WINDOW,24,0.5,400,2,103,ok,,,1,54.958334018010646,120,1,23.398999999999994,10.601999999998952,1763570591295,1763570591320,,,,,,,,,,mid,9349,421,268,219,0
s3_short_window,SHORT_WINDOW,24,0.5,400,2,104,ok,,,1,56.22720799874514,120,1,25.79399999999999,12.007000000005064,1763570602787,1763570602811,,,,,,,,,,mid,9071,604,245,259,1
s3_short_window,SHORT_WINDOW,24,0.5,400,2,105,ok,,,1,51.90441699232906,120,1,25.09600000000001,11.889000000002852,1763570613534,1763570613554,,,,,,,,,,mid,13082,502,207,177,2
s3_short_window,SHORT_WINDOW,24,0.5,400,2,106,ok,,,1,56.2190409982577,120,1,24.28,10.88799999999901,1763570628251,1763570628276,,,,,,,,,,mid,12857,381,236,270,1
s3_short_window,SHORT_WINDOW,24,0.5,400,2,107,ok,,,1,55.29433401534334,120,1,26.491000000000007,11.557000000000698,1763570642900,1763570642920,,,,,,,,,,mid,13704,320,309,238,0
s3_short_window,SHORT_WINDOW,24,0.5,400,2,108,ok,,,1,53.07891598204151,120,1,25.41700000000001,11.677999999999884,1763570658624,1763570658646,,,,,,,,,,mid,12873,609,295,188,3
s3_short_window,SHORT_WINDOW,24,0.5,400,2,109,ok,,,1,56.796165998093784,120,1,24.481,11.384999999994761,1763570673052,1763570673075,,,,,,,,,,mid,13723,434,219,198,0
s3_short_window,SHORT_WINDOW,24,0.5,400,2,110,ok,,,1,50.61854101950303,120,1,24.827000000000005,10.786000000000058,1763570688458,1763570688480,,,,,,,,,,mid,11255,387,244,187,0
s3_short_window,SHORT_WINDOW,24,0.5,400,2,111,ok,,,1,49.517415987793356,120,1,23.302999999999997,10.788000000007742,1763570701577,1763570701597,,,,,,,,,,mid,9145,478,241,249,2
s3_short_window,SHORT_WINDOW,24,0.5,400,2,112,ok,,,1,59.405375039204955,120,1,26.688999999999993,11.908000000010361,1763570712405,1763570712429,,,,,,,,,,mid,9994,360,299,256,0
s3_short_window,SHORT_WINDOW,24,0.5,400,2,113,ok,,,1,49.57291699247435,120,1,25.024,10.83299999999872,1763570724150,1763570724169,,,,,,,,,,mid,9784,379,270,157,1
s3_short_window,SHORT_WINDOW,24,0.5,400,2,114,ok,,,1,56.77004199242219,120,1,24.15299999999999,10.894000000000233,1763570735804,1763570735830,,,,,,,,,,mid,13295,446,281,253,3
s3_short_window,SHORT_WINDOW,24,0.5,400,2,115,ok,,,1,53.385374951176345,120,1,25.712000000000003,11.448000000003958,1763570750802,1763570750822,,,,,,,,,,mid,11573,345,333,252,3
s3_short_window,SHORT_WINDOW,24,0.5,400,2,116,ok,,,1,59.18550002388656,120,1,25.447000000000003,16.526000000005297,1763570764490,1763570764512,,,,,,,,,,mid,12155,667,237,211,2
s3_short_window,SHORT_WINDOW,24,0.5,400,2,117,ok,,,1,58.37970902211964,120,1,26.007999999999996,12.322999999989406,1763570778404,1763570778430,,,,,,,,,,mid,12083,670,316,197,4
s3_short_window,SHORT_WINDOW,24,0.5,400,2,118,ok,,,1,55.99920899840072,120,1,25.825000000000003,12.227999999995518,1763570792459,1763570792482,,,,,,,,,,mid,13148,810,245,263,0
s3_short_window,SHORT_WINDOW,24,0.5,400,2,119,ok,,,1,54.20837498968467,120,1,22.815999999999995,11.685000000004948,1763570807031,1763570807055,,,,,,,,,,mid,13296,522,317,194,0
s3_short_window,SHORT_WINDOW,24,0.5,400,2,120,ok,,,1,58.63370798761025,120,1,27.46999999999999,12.254000000000815,1763570822283,1763570822306,,,,,,,,,,mid,13825,642,219,178,4
s3_short_window,SHORT_WINDOW,24,0.5,400,2,121,ok,,,1,57.915667013730854,120,1,26.01899999999999,12.093999999997322,1763570838090,1763570838113,,,,,,,,,,mid,12636,817,334,223,2
s3_short_window,SHORT_WINDOW,24,0.5,400,2,122,ok,,,1,56.98333302279934,120,1,25.979000000000006,12.05000000000291,1763570852150,1763570852173,,,,,,,,,,mid,12938,678,235,263,3
s3_short_window,SHORT_WINDOW,24,0.5,400,2,123,ok,,,1,49.637499963864684,120,1,23.679000000000006,11.529999999998836,1763570866609,1763570866627,,,,,,,,,,mid,10955,526,258,197,1
s3_short_window,SHORT_WINDOW,24,0.5,400,2,124,ok,,,1,54.32741600088775,120,1,25.868000000000002,11.32900000000518,1763570879114,1763570879137,,,,,,,,,,mid,12810,320,241,233,1
s3_short_window,SHORT_WINDOW,24,0.5,400,2,125,ok,,,2,479.0531250182539,240,2,35.56499999999999,22.826000000008207,1763570894605,1763570894630,,,,,,,,,,mid,13154,814,235,162,2
s3_short_window,SHORT_WINDOW,24,0.5,400,2,126,ok,,,1,54.62441698182374,120,1,25.4,11.906000000002678,1763570908949,1763570908970,,,,,,,,,,mid,13014,645,337,224,4
s3_short_window,SHORT_WINDOW,24,0.5,400,2,127,ok,,,1,55.16954098129645,120,1,26.696000000000005,11.415000000000873,1763570923366,1763570923389,,,,,,,,,,mid,9965,315,286,150,0
s3_short_window,SHORT_WINDOW,24,0.5,400,2,128,ok,,,1,52.97441699076444,120,1,25.817,11.291999999994005,1763570935118,1763570935140,,,,,,,,,,mid,10094,314,283,255,0
s3_short_window,SHORT_WINDOW,24,0.5,400,2,129,ok,,,1,57.02775000827387,120,1,26.299999999999997,12.177000000003318,1763570947469,1763570947492,,,,,,,,,,mid,10412,860,227,178,1
s3_short_window,SHORT_WINDOW,24,0.5,400,2,130,ok,,,1,56.78783298935741,120,1,26.157000000000004,11.974000000001979,1763570959485,1763570959507,,,,,,,,,,mid,13129,683,283,254,0
s3_short_window,SHORT_WINDOW,24,0.5,400,2,131,ok,,,1,55.127082974649966,120,1,25.406999999999996,11.86699999999837,1763570974453,1763570974475,,,,,,,,,,mid,13045,645,203,206,2
s3_short_window,SHORT_WINDOW,24,0.5,400,2,132,ok,,,1,54.493957955855876,120,1,26.08700000000001,11.872999999999593,1763570989436,1763570989457,,,,,,,,,,mid,10050,886,335,252,2
s3_short_window,SHORT_WINDOW,24,0.5,400,2,133,ok,,,1,62.07879196153954,120,1,26.527,12.400999999998021,1763571001220,1763571001246,,,,,,,,,,mid,11017,797,228,215,2
s3_short_window,SHORT_WINDOW,24,0.5,400,2,134,ok,,,2,467.90687495376915,240,2,34.573999999999984,14.965999999993073,1763571014325,1763571014349,,,,,,,,,,mid,11169,754,240,231,3
s3_short_window,SHORT_WINDOW,24,0.5,400,2,135,ok,,,1,49.749957979656756,120,1,22.714,10.624999999992724,1763571026443,1763571026464,,,,,,,,,,mid,12313,499,311,215,3
s3_short_window,SHORT_WINDOW,24,0.5,400,2,136,ok,,,1,55.12808298226446,120,1,25.995000000000005,11.911999999996624,1763571040878,1763571040898,,,,,,,,,,mid,12176,771,318,177,1
s3_short_window,SHORT_WINDOW,24,0.5,400,2,137,ok,,,1,57.02225002460182,120,1,25.866,12.277999999998428,1763571054695,1763571054722,,,,,,,,,,mid,13710,677,211,185,1
s3_short_window,SHORT_WINDOW,24,0.5,400,2,138,ok,,,1,58.27841704012826,120,1,26.823,12.351999999998952,1763571069934,1763571069959,,,,,,,,,,mid,10786,305,261,239,1
s3_short_window,SHORT_WINDOW,24,0.5,400,2,139,ok,,,1,51.308542024344206,120,1,24.116000000000007,11.146999999997206,1763571082683,1763571082704,,,,,,,,,,mid,11899,463,249,260,3
s3_short_window,SHORT_WINDOW,24,0.5,400,2,140,ok,,,1,50.61908304924145,120,1,25.549999999999997,11.881999999997788,1763571096774,1763571096793,,,,,,,,,,mid,11659,780,247,214,0
s3_short_window,SHORT_WINDOW,24,0.5,400,2,141,ok,,,1,53.0677079805173,120,1,24.767000000000003,11.43300000000454,1763571109885,1763571109904,,,,,,,,,,mid,9724,414,212,151,1
s3_short_window,SHORT_WINDOW,24,0.5,400,2,142,ok,,,1,55.12108298717067,120,1,25.514000000000003,11.992999999994936,1763571121839,1763571121863,,,,,,,,,,mid,10312,755,262,160,1
s3_short_window,SHORT_WINDOW,24,0.5,400,2,143,ok,,,1,54.467500012833625,120,1,25.647,11.815999999991618,1763571133783,1763571133805,,,,,,,,,,mid,10587,610,302,210,0
s3_short_window,SHORT_WINDOW,24,0.5,400,2,144,ok,,,1,51.578416023403406,120,1,25.131999999999998,11.707000000002154,1763571146185,1763571146205,,,,,,,,,,mid,10937,649,327,231,1
s3_short_window,SHORT_WINDOW,24,0.5,400,2,145,ok,,,1,57.19329201383516,120,1,26.726,11.942999999999302,1763571158512,1763571158534,,,,,,,,,,mid,9038,278,288,219,0
s3_short_window,SHORT_WINDOW,24,0.5,400,2,146,ok,,,1,52.72466700989753,120,1,25.043999999999997,11.974999999998545,1763571169362,1763571169383,,,,,,,,,,mid,10033,350,244,256,2
s3_short_window,SHORT_WINDOW,24,0.5,400,2,147,ok,,,1,56.441916967742145,120,1,25.637,12.336000000002969,1763571181576,1763571181600,,,,,,,,,,mid,11220,786,275,271,1
s3_short_window,SHORT_WINDOW,24,0.5,400,2,148,ok,,,1,52.705915994010866,120,1,25.858999999999988,11.032999999995809,1763571194183,1763571194206,,,,,,,,,,mid,12430,371,264,225,1
s3_short_window,SHORT_WINDOW,24,0.5,400,2,149,ok,,,1,53.59550000866875,120,1,26.91699999999998,10.775000000008731,1763571208382,1763571208403,,,,,,,,,,mid,9595,331,321,264,2
s3_short_window,SHORT_WINDOW,24,0.5,400,2,150,ok,,,1,56.34170799748972,120,1,26.43,12.781999999999243,1763571219828,1763571219849,,,,,,,,,,mid,13463,303,275,185,2
s3_short_window,SHORT_WINDOW,24,0.5,400,2,151,ok,,,1,53.34916600259021,120,1,26.526999999999994,10.779999999998836,1763571235014,1763571235035,,,,,,,,,,mid,12832,257,242,151,0
s3_short_window,SHORT_WINDOW,24,0.5,400,2,152,ok,,,1,55.04441703669727,120,1,24.519000000000005,11.336999999999534,1763571249837,1763571249860,,,,,,,,,,mid,13558,495,228,233,5
s3_short_window,SHORT_WINDOW,24,0.5,400,2,153,ok,,,1,55.41483301203698,120,1,24.419999999999987,11.24699999999575,1763571265176,1763571265199,,,,,,,,,,mid,13005,447,263,161,1
s3_short_window,SHORT_WINDOW,24,0.5,400,2,154,ok,,,1,54.26866601919755,120,1,26.16000000000001,11.84599999999773,1763571279804,1763571279824,,,,,,,,,,mid,9443,327,246,153,0
s3_short_window,SHORT_WINDOW,24,0.5,400,2,155,ok,,,2,473.53475098498166,240,2,37.67199999999999,15.890999999995984,1763571291833,1763571291858,,,,,,,,,,mid,9262,691,223,170,3
s3_short_window,SHORT_WINDOW,24,0.5,400,2,156,ok,,,1,56.465832982212305,120,1,25.85599999999998,12.25800000000163,1763571302691,1763571302714,,,,,,,,,,mid,9240,838,309,187,0
s3_short_window,SHORT_WINDOW,24,0.5,400,2,157,ok,,,1,56.36533396318555,120,1,24.71,11.406000000002678,1763571313345,1763571313370,,,,,,,,,,mid,11670,445,201,181,1
s3_short_window,SHORT_WINDOW,24,0.5,400,2,158,ok,,,1,56.616917019709945,120,1,25.75199999999999,11.285000000003492,1763571326707,1763571326730,,,,,,,,,,mid,11135,268,271,215,0
s3_short_window,SHORT_WINDOW,24,0.5,400,2,159,ok,,,1,56.38545902911574,120,1,25.529999999999994,12.104999999995925,1763571340232,1763571340257,,,,,,,,,,mid,11419,848,228,168,1
s3_short_window,SHORT_WINDOW,24,0.5,400,2,160,ok,,,1,52.782958024181426,120,1,24.838,11.585999999995693,1763571353113,1763571353134,,,,,,,,,,mid,13259,525,258,178,0
s3_short_window,SHORT_WINDOW,24,0.5,400,2,161,ok,,,1,55.96520798280835,120,1,25.063999999999986,11.65700000000652,1763571368227,1763571368249,,,,,,,,,,mid,12075,605,309,279,2
s3_short_window,SHORT_WINDOW,24,0.5,400,2,162,ok,,,1,57.93204199289903,120,1,26.36700000000001,12.37900000000809,1763571382359,1763571382382,,,,,,,,,,mid,10614,818,204,239,2
s3_short_window,SHORT_WINDOW,24,0.5,400,2,163,ok,,,2,501.6935839666985,240,2,52.133,21.93000000000029,1763571394627,1763571394667,,,,,,,,,,mid,12026,262,317,277,3
s3_short_window,SHORT_WINDOW,24,0.5,400,2,164,ok,,,1,63.03141702665016,120,1,26.012000000000008,12.1990000000078,1763571408215,1763571408243,,,,,,,,,,mid,13696,545,235,192,0
s3_short_window,SHORT_WINDOW,24,0.5,400,2,165,ok,,,1,56.26412498531863,120,1,25.361999999999995,11.800999999999476,1763571423545,1763571423570,,,,,,,,,,mid,9207,449,331,220,0
s3_short_window,SHORT_WINDOW,24,0.5,400,2,166,ok,,,1,60.780709027312696,120,1,26.774,14.415999999997439,1763571434931,1763571434955,,,,,,,,,,mid,10938,816,329,248,2
s3_short_window,SHORT_WINDOW,24,0.5,400,2,167,ok,,,1,49.80258404975757,120,1,23.46,10.652999999998428,1763571447094,1763571447115,,,,,,,,,,mid,9378,457,301,197,1
s3_short_window,SHORT_WINDOW,24,0.5,400,2,168,ok,,,1,58.849250024650246,120,1,26.12599999999999,12.449000000000524,1763571458392,1763571458417,,,,,,,,,,mid,9396,563,247,152,0
s3_short_window,SHORT_WINDOW,24,0.5,400,2,169,ok,,,1,52.82362503930926,120,1,25.756999999999998,12.088999999992666,1763571469842,1763571469862,,,,,,,,,,mid,12528,808,284,204,2
s3_short_window,SHORT_WINDOW,24,0.5,400,2,170,ok,,,1,61.01508403662592,120,1,26.467999999999996,12.435000000004948,1763571484196,1763571484222,,,,,,,,,,mid,9403,890,260,160,1
s3_short_window,SHORT_WINDOW,24,0.5,400,2,171,ok,,,1,45.52845802390948,120,1,22.406999999999993,10.23700000000099,1763571495091,1763571495108,,,,,,,,,,mid,11891,697,202,172,3
s3_short_window,SHORT_WINDOW,24,0.5,400,2,172,ok,,,1,51.4592090039514,120,1,25.59299999999999,11.85800000000745,1763571508761,1763571508781,,,,,,,,,,mid,11182,683,295,217,1
s3_short_window,SHORT_WINDOW,24,0.5,400,2,173,ok,,,1,53.825250011868775,120,1,25.547000000000004,11.814000000005763,1763571521791,1763571521811,,,,,,,,,,mid,10894,789,216,240,2
s3_short_window,SHORT_WINDOW,24,0.5,400,2,174,ok,,,1,58.06433397810906,120,1,25.634,12.014999999999418,1763571534360,1763571534383,,,,,,,,,,mid,11831,640,274,222,4
s3_short_window,SHORT_WINDOW,24,0.5,400,2,175,ok,,,1,56.39716697623953,120,1,26.156000000000006,12.177000000003318,1763571548058,1763571548081,,,,,,,,,,mid,13748,688,219,224,2
s3_short_window,SHORT_WINDOW,24,0.5,400,2,176,ok,,,1,52.929709025193006,120,1,25.835,11.549999999995634,1763571563201,1763571563222,,,,,,,,,,mid,13727,287,246,186,1
s3_short_window,SHORT_WINDOW,24,0.5,400,2,177,ok,,,1,52.662458969280124,120,1,26.854,11.525000000001455,1763571578757,1763571578776,,,,,,,,,,mid,9201,368,313,220,0
s3_short_window,SHORT_WINDOW,24,0.5,400,2,178,ok,,,1,53.30583400791511,120,1,24.684999999999995,11.345000000001164,1763571589837,1763571589859,,,,,,,,,,mid,11308,434,231,234,3
s3_short_window,SHORT_WINDOW,24,0.5,400,2,179,ok,,,1,53.66425000829622,120,1,25.079,11.610000000000582,1763571603088,1763571603109,,,,,,,,,,mid,12938,599,313,177,2
s3_short_window,SHORT_WINDOW,24,0.5,400,2,180,ok,,,1,60.46820798655972,120,1,25.839,11.939999999995052,1763571617907,1763571617932,,,,,,,,,,mid,10162,726,216,193,2
s3_short_window,SHORT_WINDOW,24,0.5,400,2,181,ok,,,1,53.73533396050334,120,1,25.302999999999997,11.84599999999773,1763571629623,1763571629644,,,,,,,,,,mid,10632,582,273,233,3
s3_short_window,SHORT_WINDOW,24,0.5,400,2,182,ok,,,1,52.00554197654128,120,1,23.512999999999998,10.68800000000192,1763571641905,1763571641926,,,,,,,,,,mid,10337,438,276,176,5
s3_short_window,SHORT_WINDOW,24,0.5,400,2,183,ok,,,1,57.91295797098428,120,1,25.972,11.917999999997846,1763571653988,1763571654011,,,,,,,,,,mid,9170,335,337,242,1
s3_short_window,SHORT_WINDOW,24,0.5,400,2,184,ok,,,1,55.71445799432695,120,1,25.793,12.05000000000291,1763571665380,1763571665403,,,,,,,,,,mid,10784,755,273,221,5
s3_short_window,SHORT_WINDOW,24,0.5,400,2,185,ok,,,1,51.810250035487115,120,1,23.96699999999999,11.152999999998428,1763571677471,1763571677493,,,,,,,,,,mid,12401,374,212,237,1
s3_short_window,SHORT_WINDOW,24,0.5,400,2,186,ok,,,1,53.79170796368271,120,1,26.07800000000001,12.105999999999767,1763571692054,1763571692074,,,,,,,,,,mid,9711,798,340,233,0
s3_short_window,SHORT_WINDOW,24,0.5,400,2,187,ok,,,1,55.07041700184345,120,1,26.302999999999997,12.136000000005879,1763571703550,1763571703571,,,,,,,,,,mid,12312,717,237,274,1
s3_short_window,SHORT_WINDOW,24,0.5,400,2,188,ok,,,1,51.414166984613985,120,1,24.157000000000004,11.42899999999645,1763571717750,1763571717770,,,,,,,,,,mid,9032,896,290,236,3
s3_short_window,SHORT_WINDOW,24,0.5,400,2,189,ok,,,1,53.375667019281536,120,1,25.871999999999993,11.924999999995634,1763571728582,1763571728603,,,,,,,,,,mid,10968,831,285,188,1
s3_short_window,SHORT_WINDOW,24,0.5,400,2,190,ok,,,1,51.548374991398305,120,1,24.247999999999998,11.756000000001222,1763571740846,1763571740867,,,,,,,,,,mid,10413,366,270,214,1
s3_short_window,SHORT_WINDOW,24,0.5,400,2,191,ok,,,1,48.60383295454085,120,1,23.908999999999992,10.864999999997963,1763571753118,1763571753137,,,,,,,,,,mid,9312,407,235,187,3
s3_short_window,SHORT_WINDOW,24,0.5,400,2,192,ok,,,1,50.53962505189702,120,1,24.374000000000002,10.309000000001106,1763571764246,1763571764266,,,,,,,,,,mid,8839,442,323,250,0
s3_short_window,SHORT_WINDOW,24,0.5,400,2,193,ok,,,1,55.93258305452764,120,1,23.985999999999997,11.33299999999872,1763571774878,1763571774900,,,,,,,,,,mid,9856,436,247,254,1
s3_short_window,SHORT_WINDOW,24,0.5,400,2,194,ok,,,1,58.243040984962136,120,1,27.78300000000001,11.988000000004831,1763571786453,1763571786476,,,,,,,,,,mid,12589,312,287,178,3
s3_short_window,SHORT_WINDOW,24,0.5,400,2,195,ok,,,1,57.50395799987018,120,1,26.33400000000001,12.585000000006403,1763571801277,1763571801302,,,,,,,,,,mid,13595,866,340,236,1
s3_short_window,SHORT_WINDOW,24,0.5,400,2,196,ok,,,1,54.76316704880446,120,1,24.159,11.117999999994936,1763571816202,1763571816226,,,,,,,,,,mid,11737,488,320,261,0
s3_short_window,SHORT_WINDOW,24,0.5,400,2,197,ok,,,1,58.74166602734476,120,1,26.608999999999995,12.002000000007683,1763571829622,1763571829646,,,,,,,,,,mid,9997,378,317,228,0
s3_short_window,SHORT_WINDOW,24,0.5,400,2,198,ok,,,1,54.285457998048514,120,1,24.479999999999997,11.275999999998021,1763571841654,1763571841676,,,,,,,,,,mid,9262,613,335,158,3
s3_short_window,SHORT_WINDOW,24,0.5,400,2,199,ok,,,1,54.84525003703311,120,1,25.817000000000014,11.992000000005646,1763571852858,1763571852881,,,,,,,,,,mid,13103,727,281,170,3
s3_short_window,SHORT_WINDOW,24,0.5,400,2,200,ok,,,1,56.324208970181644,120,1,26.078000000000003,12.440999999991618,1763571867595,1763571867618,,,,,,,,,,mid,10488,631,257,229,1
s3_short_window,SHORT_WINDOW,24,0.5,400,2,201,ok,,,1,50.80416600685567,120,1,23.861999999999995,13.802000000010594,1763571879613,1763571879631,,,,,,,,,,mid,9858,399,284,178,5
s3_short_window,SHORT_WINDOW,24,0.5,400,2,202,ok,,,1,55.142124998383224,120,1,25.331000000000003,11.805000000000291,1763571891574,1763571891596,,,,,,,,,,mid,12677,658,349,174,1
s3_short_window,SHORT_WINDOW,24,0.5,400,2,203,ok,,,1,55.61658396618441,120,1,23.956000000000003,11.165000000008149,1763571905794,1763571905819,,,,,,,,,,mid,12917,454,219,203,1
s3_short_window,SHORT_WINDOW,24,0.5,400,2,204,ok,,,1,56.91379104973748,120,1,25.869,12.169000000001688,1763571920878,1763571920901,,,,,,,,,,mid,11732,767,346,245,3
s3_short_window,SHORT_WINDOW,24,0.5,400,2,205,ok,,,1,54.55358303152025,120,1,23.510999999999996,10.831999999994878,1763571934031,1763571934053,,,,,,,,,,mid,8947,444,227,247,2
s3_short_window,SHORT_WINDOW,24,0.5,400,2,206,ok,,,1,51.055499992799014,120,1,25.03,12.022000000004482,1763571944853,1763571944874,,,,,,,,,,mid,11040,430,282,202,3
s3_short_window,SHORT_WINDOW,24,0.5,400,2,207,ok,,,1,54.95625000912696,120,1,25.940999999999995,12.08299999999872,1763571958111,1763571958131,,,,,,,,,,mid,13479,805,223,236,1
,,,,,,,preauth_failed,step4_wait,0,0,0.0,0,0,0.0,0.0,,,,,,,,,,,,,,,,,
s3_short_window,SHORT_WINDOW,24,0.5,400,2,209,ok,,,1,59.804791992064565,120,1,26.394999999999996,12.402999999998428,1763571978512,1763571978537,,,,,,,,,,mid,10337,771,339,198,1
s3_short_window,SHORT_WINDOW,24,0.5,400,2,210,ok,,,1,55.50016602501273,120,1,23.834000000000003,10.885000000002037,1763571990229,1763571990254,,,,,,,,,,mid,10821,381,222,224,1
s3_short_window,SHORT_WINDOW,24,0.5,400,2,211,ok,,,3,908.9563760207966,360,3,52.821999999999996,18.20900000000256,1763572004064,1763572004099,,,,,,,,,,mid,12522,746,321,169,2
s3_short_window,SHORT_WINDOW,24,0.5,400,2,212,ok,,,1,61.17620802251622,120,1,27.78099999999999,13.161000000007334,1763572017414,1763572017438,,,,,,,,,,mid,13035,605,240,237,3
s3_short_window,SHORT_WINDOW,24,0.5,400,2,213,ok,,,1,52.76600003708154,120,1,26.544999999999995,10.946000000010827,1763572032019,1763572032040,,,,,,,,,,mid,10576,396,341,247,2
s3_short_window,SHORT_WINDOW,24,0.5,400,2,214,ok,,,1,56.993958016391844,120,1,25.857000000000006,11.866999999991094,1763572044532,1763572044555,,,,,,,,,,mid,11631,531,211,164,0
s3_short_window,SHORT_WINDOW,24,0.5,400,2,215,ok,,,1,60.059415991418064,120,1,26.208000000000013,12.406999999999243,1763572058295,1763572058319,,,,,,,,,,mid,10289,882,225,243,2
s3_short_window,SHORT_WINDOW,24,0.5,400,2,216,ok,,,2,473.03237504092976,240,2,39.40199999999999,15.051999999996042,1763572070559,1763572070582,,,,,,,,,,mid,12517,808,294,227,2
s3_short_window,SHORT_WINDOW,24,0.5,400,2,217,ok,,,1,48.858041991479695,120,1,22.904000000000003,10.164999999993597,1763572084051,1763572084071,,,,,,,,,,mid,10359,361,201,159,3
s3_short_window,SHORT_WINDOW,24,0.5,400,2,218,ok,,,1,51.42495798645541,120,1,24.735,10.999000000003434,1763572096261,1763572096280,,,,,,,,,,mid,13381,464,287,229,5
s3_short_window,SHORT_WINDOW,24,0.5,400,2,219,ok,,,1,54.84329198952764,120,1,25.025999999999996,11.583000000005995,1763572111590,1763572111612,,,,,,,,,,mid,10974,613,299,208,0
s3_short_window,SHORT_WINDOW,24,0.5,400,2,220,ok,,,1,54.35925000347197,120,1,25.806999999999988,12.219000000004598,1763572124496,1763572124517,,,,,,,,,,mid,13787,700,205,260,1
s3_short_window,SHORT_WINDOW,24,0.5,400,2,221,ok,,,1,51.11470801057294,120,1,25.705,11.669999999998254,1763572139761,1763572139780,,,,,,,,,,mid,11612,650,344,230,0
s3_short_window,SHORT_WINDOW,24,0.5,400,2,222,ok,,,1,54.55691600218415,120,1,23.159000000000006,10.724999999998545,1763572152973,1763572152996,,,,,,,,,,mid,12221,479,270,259,3
s3_short_window,SHORT_WINDOW,24,0.5,400,2,223,ok,,,1,59.166875027585775,120,1,27.709000000000003,12.061000000001513,1763572167386,1763572167411,,,,,,,,,,mid,12016,882,246,254,3
s3_short_window,SHORT_WINDOW,24,0.5,400,2,224,ok,,,1,49.47249998804182,120,1,23.149,10.732999999992899,1763572180756,1763572180776,,,,,,,,,,mid,12451,577,346,156,0
s3_short_window,SHORT_WINDOW,24,0.5,400,2,225,ok,,,1,52.30749998008832,120,1,25.777000000000008,11.002000000007683,1763572195317,1763572195338,,,,,,,,,,mid,13668,885,328,190,1
s3_short_window,SHORT_WINDOW,24,0.5,400,2,226,ok,,,1,52.80683300225064,120,1,25.981,11.944999999999709,1763572210160,1763572210180,,,,,,,,,,mid,13231,287,212,257,2
s3_short_window,SHORT_WINDOW,24,0.5,400,2,227,ok,,,1,52.49149998417124,120,1,22.608999999999995,10.228000000002794,1763572225479,1763572225502,,,,,,,,,,mid,9454,489,291,216,0
s3_short_window,SHORT_WINDOW,24,0.5,400,2,228,ok,,,1,57.67541698878631,120,1,26.37299999999999,12.317000000002736,1763572237116,1763572237139,,,,,,,,,,mid,10505,798,315,273,1
s3_short_window,SHORT_WINDOW,24,0.5,400,2,229,ok,,,1,56.016832997556776,120,1,24.986000000000004,11.468999999997322,1763572249203,1763572249225,,,,,,,,,,mid,11670,566,312,199,0
s3_short_window,SHORT_WINDOW,24,0.5,400,2,230,ok,,,1,51.66208301670849,120,1,25.113999999999997,11.679000000003725,1763572262869,1763572262890,,,,,,,,,,mid,9113,754,260,164,3
s3_short_window,SHORT_WINDOW,24,0.5,400,2,231,ok,,,1,56.3595830462873,120,1,25.697999999999993,11.978000000002794,1763572273662,1763572273687,,,,,,,,,,mid,12366,723,245,227,1
s3_short_window,SHORT_WINDOW,24,0.5,400,2,232,ok,,,1,53.12304198741913,120,1,25.180000000000007,11.735000000000582,1763572287399,1763572287421,,,,,,,,,,mid,9266,361,229,239,1
s3_short_window,SHORT_WINDOW,24,0.5,400,2,233,ok,,,1,59.01408399222419,120,1,25.62300000000001,11.804000000003725,1763572298684,1763572298710,,,,,,,,,,mid,9805,535,261,256,0
s3_short_window,SHORT_WINDOW,24,0.5,400,2,234,ok,,,1,56.577582960017025,120,1,26.186999999999998,12.273999999997613,1763572310238,1763572310260,,,,,,,,,,mid,10186,517,265,209,2
s3_short_window,SHORT_WINDOW,24,0.5,400,2,235,ok,,,1,62.553083000238985,120,1,26.464,12.576000000000931,1763572322433,1763572322461,,,,,,,,,,mid,11609,756,244,204,1
s3_short_window,SHORT_WINDOW,24,0.5,400,2,236,ok,,,1,51.67408299166709,120,1,24.071999999999996,11.13300000000163,1763572335714,1763572335735,,,,,,,,,,mid,9433,661,348,154,3
s3_short_window,SHORT_WINDOW,24,0.5,400,2,237,ok,,,1,56.04783300077543,120,1,25.333,11.718999999997322,1763572346597,1763572346620,,,,,,,,,,mid,10312,348,333,167,3
s3_short_window,SHORT_WINDOW,24,0.5,400,2,238,ok,,,2,466.1049999995157,240,2,35.57699999999999,12.264000000002852,1763572359583,1763572359606,,,,,,,,,,mid,11585,841,232,273,3
s3_short_window,SHORT_WINDOW,24,0.5,400,2,239,ok,,,1,54.99804101418704,120,1,25.973000000000006,12.221000000005006,1763572372503,1763572372525,,,,,,,,,,mid,12007,851,315,275,2
s3_short_window,SHORT_WINDOW,24,0.5,400,2,240,ok,,,1,55.89829100063071,120,1,26.04699999999999,12.237999999997555,1763572385984,1763572386006,,,,,,,,,,mid,12740,681,287,172,1
s3_short_window,SHORT_WINDOW,24,0.5,400,2,241,ok,,,1,58.0684159649536,120,1,26.075000000000003,11.991000000001804,1763572400754,1763572400777,,,,,,,,,,mid,11490,880,253,253,3
s3_short_window,SHORT_WINDOW,24,0.5,400,2,242,ok,,,1,57.650749979075044,120,1,26.046,12.159999999996217,1763572413995,1763572414018,,,,,,,,,,mid,11792,864,245,171,0
s3_short_window,SHORT_WINDOW,24,0.5,400,2,243,ok,,,1,60.80433400347829,120,1,26.392999999999994,12.311000000001513,1763572427267,1763572427292,,,,,,,,,,mid,8995,573,232,224,3
s3_short_window,SHORT_WINDOW,24,0.5,400,2,244,ok,,,2,490.74254103470594,240,2,43.92899999999999,17.306999999993423,1763572438191,1763572438221,,,,,,,,,,mid,10297,306,338,195,0
s3_short_window,SHORT_WINDOW,24,0.5,400,2,245,ok,,,1,53.3107080264017,120,1,26.974999999999994,10.778000000005704,1763572449810,1763572449830,,,,,,,,,,mid,9816,294,242,187,2
s3_short_window,SHORT_WINDOW,24,0.5,400,2,246,ok,,,1,57.044707995373756,120,1,23.735999999999997,10.900000000001455,1763572461667,1763572461692,,,,,,,,,,mid,10496,577,349,195,0
s3_short_window,SHORT_WINDOW,24,0.5,400,2,247,ok,,,1,55.48183299833909,120,1,23.732999999999997,10.870999999999185,1763572473899,1763572473922,,,,,,,,,,mid,9067,477,261,161,0
s3_short_window,SHORT_WINDOW,24,0.5,400,2,248,ok,,,1,59.95629099197686,120,1,25.742999999999995,12.092000000004191,1763572485245,1763572485270,,,,,,,,,,mid,9447,846,350,235,0
s3_short_window,SHORT_WINDOW,24,0.5,400,2,249,ok,,,1,56.721750006545335,120,1,26.57,11.836999999999534,1763572496024,1763572496047,,,,,,,,,,mid,9227,366,328,264,3
s3_short_window,SHORT_WINDOW,24,0.5,400,2,250,ok,,,2,500.60054200002924,240,2,53.576,22.820999999996275,1763572507364,1763572507402,,,,,,,,,,mid,9539,267,294,159,1
s3_short_window,SHORT_WINDOW,24,0.5,400,2,251,ok,,,1,57.78595799347386,120,1,26.066999999999993,12.489000000001397,1763572518527,1763572518552,,,,,,,,,,mid,12926,700,244,229,1
s3_short_window,SHORT_WINDOW,24,0.5,400,2,252,ok,,,1,58.22975002229214,120,1,26.510999999999996,12.351999999998952,1763572533159,1763572533183,,,,,,,,,,mid,12617,815,335,256,2
s3_short_window,SHORT_WINDOW,24,0.5,400,2,253,ok,,,1,58.752500044647604,120,1,26.434000000000005,12.55399999999645,1763572547451,1763572547475,,,,,,,,,,mid,9728,707,220,174,0
s3_short_window,SHORT_WINDOW,24,0.5,400,2,254,ok,,,3,889.6160420263186,360,3,56.92499999999999,13.328000000001339,1763572559743,1763572559768,,,,,,,,,,mid,13271,706,300,277,2
s3_short_window,SHORT_WINDOW,24,0.5,400,2,255,ok,,,1,52.76683298870921,120,1,25.899,11.809000000001106,1763572574007,1763572574027,,,,,,,,,,mid,13145,669,268,156,1
s3_short_window,SHORT_WINDOW,24,0.5,400,2,256,ok,,,1,53.75983298290521,120,1,26.994,11.864999999997963,1763572588653,1763572588674,,,,,,,,,,mid,10346,325,274,194,1
s3_short_window,SHORT_WINDOW,24,0.5,400,2,257,ok,,,1,52.60616703890264,120,1,24.861000000000004,11.750999999996566,1763572600992,1763572601014,,,,,,,,,,mid,11215,613,343,233,1
s3_short_window,SHORT_WINDOW,24,0.5,400,2,258,ok,,,1,54.81095798313618,120,1,25.654999999999994,12.04200000000128,1763572613982,1763572614004,,,,,,,,,,mid,11839,557,206,273,0
s3_short_window,SHORT_WINDOW,24,0.5,400,2,259,ok,,,1,49.790041986852884,120,1,23.715999999999994,10.959000000002561,1763572627606,1763572627626,,,,,,,,,,mid,11466,534,295,213,3
s3_short_window,SHORT_WINDOW,24,0.5,400,2,260,ok,,,1,51.38241604436189,120,1,25.359,11.961999999999534,1763572641132,1763572641152,,,,,,,,,,mid,9904,805,290,228,1
s3_short_window,SHORT_WINDOW,24,0.5,400,2,261,ok,,,1,54.797458986286074,120,1,25.803999999999988,11.983000000000175,1763572652742,1763572652762,,,,,,,,,,mid,13055,739,300,223,5
s3_short_window,SHORT_WINDOW,24,0.5,400,2,262,ok,,,1,55.44979200931266,120,1,25.275999999999996,10.341999999996915,1763572667229,1763572667251,,,,,,,,,,mid,10793,432,292,236,0
s3_short_window,SHORT_WINDOW,24,0.5,400,2,263,ok,,,1,51.24262499157339,120,1,25.277,10.453000000001339,1763572679686,1763572679707,,,,,,,,,,mid,11969,362,264,263,2
s3_short_window,SHORT_WINDOW,24,0.5,400,2,264,ok,,,1,50.015666987746954,120,1,22.540000000000003,10.254000000000815,1763572693724,1763572693746,,,,,,,,,,mid,11341,707,326,173,1
s3_short_window,SHORT_WINDOW,24,0.5,400,2,265,ok,,,1,49.95329200755805,120,1,23.235999999999997,11.43600000000879,1763572706640,1763572706659,,,,,,,,,,mid,11043,450,297,276,1
s3_short_window,SHORT_WINDOW,24,0.5,400,2,266,ok,,,1,53.733124979771674,120,1,23.546999999999997,10.881000000001222,1763572719514,1763572719537,,,,,,,,,,mid,10305,561,331,190,2
s3_short_window,SHORT_WINDOW,24,0.5,400,2,267,ok,,,1,58.03329200716689,120,1,26.066000000000003,12.226999999998952,1763572731690,1763572731713,,,,,,,,,,mid,12921,584,203,204,1
s3_short_window,SHORT_WINDOW,24,0.5,400,2,268,ok,,,1,57.189208979252726,120,1,27.107999999999997,12.188999999998487,1763572746168,1763572746192,,,,,,,,,,mid,12728,395,270,174,2
s3_short_window,SHORT_WINDOW,24,0.5,400,2,269,ok,,,1,54.63529203552753,120,1,27.089,11.908000000003085,1763572760649,1763572760669,,,,,,,,,,mid,11622,276,235,180,3
s3_short_window,SHORT_WINDOW,24,0.5,400,2,270,ok,,,1,56.5952499746345,120,1,27.259,11.769999999996799,1763572774184,1763572774208,,,,,,,,,,mid,13049,534,303,152,3
s3_short_window,SHORT_WINDOW,24,0.5,400,2,271,ok,,,1,53.68450004607439,120,1,25.59299999999999,12.036999999996624,1763572789192,1763572789212,,,,,,,,,,mid,13522,659,319,273,2
s3_short_window,SHORT_WINDOW,24,0.5,400,2,272,ok,,,1,53.39483299758285,120,1,24.416999999999994,11.059999999997672,1763572804418,1763572804441,,,,,,,,,,mid,9383,559,290,272,0
s3_short_window,SHORT_WINDOW,24,0.5,400,2,273,ok,,,1,50.57383398525417,120,1,22.165,10.19999999999709,1763572815866,1763572815887,,,,,,,,,,mid,13600,861,204,188,2
s3_short_window,SHORT_WINDOW,24,0.5,400,2,274,ok,,,1,53.79345896653831,120,1,25.144,11.145999999993364,1763572830931,1763572830953,,,,,,,,,,mid,11203,485,338,275,4
s3_short_window,SHORT_WINDOW,24,0.5,400,2,275,ok,,,1,47.68933402374387,120,1,23.13000000000001,10.544999999998254,1763572843824,1763572843843,,,,,,,,,,mid,9384,472,303,223,2
s3_short_window,SHORT_WINDOW,24,0.5,400,2,276,ok,,,1,52.59891698369756,120,1,23.805,11.074000000000524,1763572855131,1763572855154,,,,,,,,,,mid,12852,576,334,177,3
s3_short_window,SHORT_WINDOW,24,0.5,400,2,277,ok,,,1,56.49841600097716,120,1,25.766,12.472999999998137,1763572869825,1763572869849,,,,,,,,,,mid,13602,635,318,226,2
s3_short_window,SHORT_WINDOW,24,0.5,400,2,278,ok,,,1,58.175083016976714,120,1,26.21699999999999,12.442000000002736,1763572885253,1763572885276,,,,,,,,,,mid,11322,835,243,276,2
s3_short_window,SHORT_WINDOW,24,0.5,400,2,279,ok,,,1,55.129417043644935,120,1,27.010999999999996,11.582000000002154,1763572897890,1763572897909,,,,,,,,,,mid,11087,336,307,274,1
s3_short_window,SHORT_WINDOW,24,0.5,400,2,280,ok,,,1,56.58225005026907,120,1,24.701,11.52900000000227,1763572910928,1763572910951,,,,,,,,,,mid,11158,553,305,240,1
s3_short_window,SHORT_WINDOW,24,0.5,400,2,281,ok,,,1,51.62737501086667,120,1,24.31199999999999,11.044000000001688,1763572923859,1763572923879,,,,,,,,,,mid,10329,491,305,223,1
s3_short_window,SHORT_WINDOW,24,0.5,400,2,282,ok,,,1,52.91245802072808,120,1,25.290999999999997,11.854999999995925,1763572936105,1763572936126,,,,,,,,,,mid,13103,663,202,165,2
s3_short_window,SHORT_WINDOW,24,0.5,400,2,283,ok,,,1,55.55783404270187,120,1,26.02499999999999,12.035999999992782,1763572950773,1763572950796,,,,,,,,,,mid,10307,682,332,223,2
s3_short_window,SHORT_WINDOW,24,0.5,400,2,284,ok,,,2,508.7132920161821,240,2,51.396,22.112999999997555,1763572963245,1763572963285,,,,,,,,,,mid,12161,588,321,209,0
s3_short_window,SHORT_WINDOW,24,0.5,400,2,285,ok,,,1,52.573249966371804,120,1,25.948999999999998,11.034000000006927,1763572976628,1763572976650,,,,,,,,,,mid,12760,375,253,207,3
s3_short_window,SHORT_WINDOW,24,0.5,400,2,286,ok,,,1,57.00533400522545,120,1,26.223000000000013,12.4629999999961,1763572991546,1763572991569,,,,,,,,,,mid,12027,744,219,265,2
s3_short_window,SHORT_WINDOW,24,0.5,400,2,287,ok,,,1,52.072249993216246,120,1,25.380000000000003,11.724999999998545,1763573005150,1763573005170,,,,,,,,,,mid,11049,651,292,163,0
s3_short_window,SHORT_WINDOW,24,0.5,400,2,288,ok,,,1,56.79816601332277,120,1,25.521,12.254000000000815,1763573018000,1763573018025,,,,,,,,,,mid,13159,710,345,186,3
s3_short_window,SHORT_WINDOW,24,0.5,400,2,289,ok,,,1,53.83941699983552,120,1,24.761999999999993,10.55399999999645,1763573032500,1763573032523,,,,,,,,,,mid,12069,327,243,188,2
s3_short_window,SHORT_WINDOW,24,0.5,400,2,290,ok,,,2,505.4315410088748,240,2,53.79,22.304000000003725,1763573046822,1763573046862,,,,,,,,,,mid,10179,250,257,211,2
s3_short_window,SHORT_WINDOW,24,0.5,400,2,291,ok,,,1,55.48458301927894,120,1,25.033,11.777999999998428,1763573058273,1763573058296,,,,,,,,,,mid,8886,360,247,195,1
s3_short_window,SHORT_WINDOW,24,0.5,400,2,292,ok,,,1,54.43562497384846,120,1,25.740999999999993,12.132000000005064,1763573069537,1763573069559,,,,,,,,,,mid,13740,881,311,213,2
s3_short_window,SHORT_WINDOW,24,0.5,400,2,293,ok,,,1,56.61566596245393,120,1,25.961999999999996,12.18300000000454,1763573085050,1763573085073,,,,,,,,,,mid,11052,813,239,155,1
s3_short_window,SHORT_WINDOW,24,0.5,400,2,294,ok,,,2,495.34304201370105,240,2,50.80999999999999,21.93300000000454,1763573098259,1763573098292,,,,,,,,,,mid,11396,797,242,163,0
s3_short_window,SHORT_WINDOW,24,0.5,400,2,295,ok,,,1,56.096874992363155,120,1,25.955,12.108000000000175,1763573110989,1763573111013,,,,,,,,,,mid,13419,702,340,213,2
s3_short_window,SHORT_WINDOW,24,0.5,400,2,296,ok,,,1,51.67391704162583,120,1,25.114999999999995,10.560999999994237,1763573125794,1763573125813,,,,,,,,,,mid,11084,353,256,192,1
s3_short_window,SHORT_WINDOW,24,0.5,400,2,297,ok,,,1,51.573999982792884,120,1,24.317999999999998,11.30399999999645,1763573138838,1763573138858,,,,,,,,,,mid,12213,467,207,177,2
s3_short_window,SHORT_WINDOW,24,0.5,400,2,298,ok,,,1,55.360458965878934,120,1,25.78300000000001,12.470000000001164,1763573152994,1763573153017,,,,,,,,,,mid,12247,636,275,166,3
s3_short_window,SHORT_WINDOW,24,0.5,400,2,299,ok,,,1,48.38837496936321,120,1,23.919000000000004,10.971000000005006,1763573166875,1763573166894,,,,,,,,,,mid,11090,567,331,224,0
s3_short_window,SHORT_WINDOW,24,0.5,400,2,300,ok,,,1,55.195917026139796,120,1,25.531999999999996,12.048999999999069,1763573179937,1763573179960,,,,,,,,,,mid,12568,681,256,250,1
s3_short_window,SHORT_WINDOW,24,0.5,300,2,1,ok,,,1,60.47033303184435,120,1,26.38299999999999,12.32900000000518,1763573194518,1763573194543,,,,,,,,,,long,18650,869,324,272,2
s3_short_window,SHORT_WINDOW,24,0.5,300,2,2,ok,,,1,52.2242920123972,120,1,24.384000000000007,10.937000000005355,1763573214347,1763573214367,,,,,,,,,,long,17760,484,343,151,0
s3_short_window,SHORT_WINDOW,24,0.5,300,2,3,ok,,,1,52.806291030719876,120,1,23.883999999999993,11.872999999999593,1763573233794,1763573233814,,,,,,,,,,long,18946,365,245,152,2
s3_short_window,SHORT_WINDOW,24,0.5,300,2,4,ok,,,1,56.72058300115168,120,1,26.155999999999977,12.127000000000407,1763573255127,1763573255149,,,,,,,,,,long,14050,836,234,204,1
s3_short_window,SHORT_WINDOW,24,0.5,300,2,5,ok,,,1,54.590709041804075,120,1,25.433999999999997,12.158000000003085,1763573270873,1763573270894,,,,,,,,,,long,16134,699,254,273,2
s3_short_window,SHORT_WINDOW,24,0.5,300,2,6,ok,,,1,52.948958007618785,120,1,25.323,11.864000000001397,1763573288915,1763573288935,,,,,,,,,,long,19084,843,275,236,5
s3_short_window,SHORT_WINDOW,24,0.5,300,2,7,ok,,,1,55.768291000276804,120,1,26.432000000000002,12.68399999999383,1763573309226,1763573309246,,,,,,,,,,long,17281,309,270,222,2
s3_short_window,SHORT_WINDOW,24,0.5,300,2,8,ok,,,1,49.872417002916336,120,1,26.525,11.126999999993131,1763573328153,1763573328171,,,,,,,,,,long,17374,256,231,210,4
s3_short_window,SHORT_WINDOW,24,0.5,300,2,9,ok,,,1,56.50595802580938,120,1,24.673000000000002,11.567999999999302,1763573347593,1763573347617,,,,,,,,,,long,15293,572,305,179,4
s3_short_window,SHORT_WINDOW,24,0.5,300,2,10,ok,,,1,52.61062498902902,120,1,25.461999999999996,11.411000000007334,1763573364363,1763573364383,,,,,,,,,,long,15080,267,201,163,0
s3_short_window,SHORT_WINDOW,24,0.5,300,2,11,ok,,,1,58.300458011217415,120,1,27.000999999999998,12.81100000000879,1763573381760,1763573381783,,,,,,,,,,long,15292,781,296,224,2
s3_short_window,SHORT_WINDOW,24,0.5,300,2,12,ok,,,1,56.0052499640733,120,1,28.107999999999997,11.296999999998661,1763573398288,1763573398306,,,,,,,,,,long,19585,307,249,226,4
s3_short_window,SHORT_WINDOW,24,0.5,300,2,13,ok,,,1,57.95833299634978,120,1,26.181999999999988,11.989999999997963,1763573420187,1763573420210,,,,,,,,,,long,16443,871,300,188,1
s3_short_window,SHORT_WINDOW,24,0.5,300,2,14,ok,,,1,57.49341699993238,120,1,25.846999999999987,12.266999999999825,1763573438291,1763573438315,,,,,,,,,,long,20733,714,318,189,3
s3_short_window,SHORT_WINDOW,24,0.5,300,2,15,ok,,,1,58.61337500391528,120,1,26.24799999999999,12.368000000002212,1763573460804,1763573460828,,,,,,,,,,long,15146,801,342,258,3
s3_short_window,SHORT_WINDOW,24,0.5,300,2,16,ok,,,1,53.1360000022687,120,1,24.14,12.072000000000116,1763573477248,1763573477270,,,,,,,,,,long,19339,347,215,162,2
s3_short_window,SHORT_WINDOW,24,0.5,300,2,17,ok,,,1,59.267083008307964,120,1,25.887000000000008,12.43600000000879,1763573498591,1763573498618,,,,,,,,,,long,18118,630,271,200,2
s3_short_window,SHORT_WINDOW,24,0.5,300,2,18,ok,,,1,50.18591700354591,120,1,24.281000000000006,11.230999999992491,1763573518451,1763573518470,,,,,,,,,,long,14502,611,348,192,2
s3_short_window,SHORT_WINDOW,24,0.5,300,2,19,ok,,,1,55.527749995235354,120,1,25.384,11.889999999999418,1763573534884,1763573534906,,,,,,,,,,long,14667,720,339,225,1
s3_short_window,SHORT_WINDOW,24,0.5,300,2,20,ok,,,1,49.756209016777575,120,1,23.804000000000002,11.072999999996682,1763573550969,1763573550988,,,,,,,,,,long,21325,376,271,208,2
s3_short_window,SHORT_WINDOW,24,0.5,300,2,21,ok,,,2,401.3859169790521,240,2,53.66100000000001,22.116000000001804,1763573574336,1763573574375,,,,,,,,,,long,13886,282,338,185,1
s3_short_window,SHORT_WINDOW,24,0.5,300,2,22,ok,,,1,54.50929200742394,120,1,24.361000000000004,11.15899999999965,1763573589930,1763573589951,,,,,,,,,,long,16194,563,311,233,2
s3_short_window,SHORT_WINDOW,24,0.5,300,2,23,ok,,,1,56.90370802767575,120,1,23.870999999999995,11.072000000000116,1763573607749,1763573607773,,,,,,,,,,long,17322,411,224,189,4
s3_short_window,SHORT_WINDOW,24,0.5,300,2,24,ok,,,1,56.32287502521649,120,1,26.065000000000012,12.090999999993073,1763573627108,1763573627131,,,,,,,,,,long,20633,622,230,255,5
s3_short_window,SHORT_WINDOW,24,0.5,300,2,25,ok,,,1,54.2254580068402,120,1,25.159999999999997,11.55899999999383,1763573649404,1763573649425,,,,,,,,,,long,20105,606,334,193,2
s3_short_window,SHORT_WINDOW,24,0.5,300,2,26,ok,,,1,55.550876015331596,120,1,25.827000000000005,11.886999999995169,1763573671465,1763573671488,,,,,,,,,,long,18165,764,204,158,0
s3_short_window,SHORT_WINDOW,24,0.5,300,2,27,ok,,,1,48.39574999641627,120,1,23.711,10.80399999999645,1763573691096,1763573691115,,,,,,,,,,long,20757,481,230,269,1
s3_short_window,SHORT_WINDOW,24,0.5,300,2,28,ok,,,1,53.43724996782839,120,1,24.299,12.360999999997148,1763573713453,1763573713475,,,,,,,,,,long,20864,303,216,183,7
s3_short_window,SHORT_WINDOW,24,0.5,300,2,29,ok,,,1,55.0801670178771,120,1,25.20799999999999,11.832000000002154,1763573736569,1763573736591,,,,,,,,,,long,14793,789,290,192,2
s3_short_window,SHORT_WINDOW,24,0.5,300,2,30,ok,,,1,48.28108398942277,120,1,23.837000000000003,10.711000000010245,1763573752777,1763573752796,,,,,,,,,,long,16049,412,249,202,4
s3_short_window,SHORT_WINDOW,24,0.5,300,2,31,ok,,,1,60.22962502902374,120,1,25.58100000000001,12.546999999991385,1763573770828,1763573770856,,,,,,,,,,long,19157,809,329,155,3
s3_short_window,SHORT_WINDOW,24,0.5,300,2,32,ok,,,1,51.094916998408735,120,1,24.003000000000007,11.243000000002212,1763573791420,1763573791441,,,,,,,,,,long,17263,571,303,193,3
s3_short_window,SHORT_WINDOW,24,0.5,300,2,33,ok,,,1,54.63504197541624,120,1,25.201999999999984,11.879000000000815,1763573810494,1763573810516,,,,,,,,,,long,14725,563,229,220,4
s3_short_window,SHORT_WINDOW,24,0.5,300,2,34,ok,,,1,54.17274998035282,120,1,25.763999999999996,11.695999999988999,1763573826754,1763573826776,,,,,,,,,,long,17598,337,328,167,3
s3_short_window,SHORT_WINDOW,24,0.5,300,2,35,ok,,,1,55.57399999815971,120,1,25.286,12.067000000002736,1763573846670,1763573846692,,,,,,,,,,long,18957,856,340,175,4
s3_short_window,SHORT_WINDOW,24,0.5,300,2,36,ok,,,1,55.43283396400511,120,1,25.900000000000006,11.891999999999825,1763573867484,1763573867506,,,,,,,,,,long,18786,864,201,154,0
s3_short_window,SHORT_WINDOW,24,0.5,300,2,37,ok,,,2,397.4528340040706,240,2,53.01500000000001,22.182999999997264,1763573887810,1763573887848,,,,,,,,,,long,17920,293,334,272,4
s3_short_window,SHORT_WINDOW,24,0.5,300,2,38,ok,,,1,53.52295801276341,120,1,24.495999999999995,11.302000000003318,1763573907333,1763573907355,,,,,,,,,,long,19443,472,261,213,3
s3_short_window,SHORT_WINDOW,24,0.5,300,2,39,ok,,,1,54.42254204535857,120,1,25.580999999999996,12.182000000007974,1763573928898,1763573928920,,,,,,,,,,long,20478,853,236,169,4
s3_short_window,SHORT_WINDOW,24,0.5,300,2,40,ok,,,1,49.93183398619294,120,1,23.563000000000002,10.415000000000873,1763573950568,1763573950588,,,,,,,,,,long,16907,346,210,271,4
s3_short_window,SHORT_WINDOW,24,0.5,300,2,41,ok,,,1,55.59287499636412,120,1,25.877999999999993,12.133000000008906,1763573969503,1763573969525,,,,,,,,,,long,16884,635,229,223,1
s3_short_window,SHORT_WINDOW,24,0.5,300,2,42,ok,,,1,57.04716604668647,120,1,26.82399999999999,12.494999999995343,1763573988283,1763573988305,,,,,,,,,,long,18799,721,204,153,1
s3_short_window,SHORT_WINDOW,24,0.5,300,2,43,ok,,,1,52.71150002954528,120,1,25.851999999999997,12.25300000000425,1763574008900,1763574008920,,,,,,,,,,long,17264,733,247,174,4
s3_short_window,SHORT_WINDOW,24,0.5,300,2,44,ok,,,1,55.4951669764705,120,1,26.593999999999994,11.802999999999884,1763574027457,1763574027477,,,,,,,,,,long,16569,308,242,268,4
s3_short_window,SHORT_WINDOW,24,0.5,300,2,45,ok,,,1,62.885417020879686,120,1,26.428000000000004,12.74199999999837,1763574046241,1763574046268,,,,,,,,,,long,16297,733,307,195,2
s3_short_window,SHORT_WINDOW,24,0.5,300,2,46,ok,,,1,52.71245801122859,120,1,24.15599999999999,11.36699999999837,1763574064081,1763574064104,,,,,,,,,,long,20052,499,282,279,2
s3_short_window,SHORT_WINDOW,24,0.5,300,2,47,ok,,,1,58.05433297064155,120,1,26.418000000000006,12.580000000001746,1763574086166,1763574086190,,,,,,,,,,long,14477,717,341,263,3
s3_short_window,SHORT_WINDOW,24,0.5,300,2,48,ok,,,1,53.660792007576674,120,1,26.946999999999996,10.713999999999942,1763574101986,1763574102009,,,,,,,,,,long,15589,315,215,203,4
s3_short_window,SHORT_WINDOW,24,0.5,300,2,49,ok,,,1,56.46579101448879,120,1,25.035000000000004,11.392999999996391,1763574119879,1763574119903,,,,,,,,,,long,14301,802,292,232,3
s3_short_window,SHORT_WINDOW,24,0.5,300,2,50,ok,,,1,51.493417005985975,120,1,24.256000000000004,10.230000000003201,1763574135487,1763574135509,,,,,,,,,,long,15221,361,229,280,2
s3_short_window,SHORT_WINDOW,24,0.5,300,2,51,ok,,,1,58.62337502185255,120,1,26.552,12.201000000000931,1763574152473,1763574152495,,,,,,,,,,long,20454,259,207,163,3
s3_short_window,SHORT_WINDOW,24,0.5,300,2,52,ok,,,1,59.23916702158749,120,1,26.052000000000007,12.22899999999936,1763574175322,1763574175347,,,,,,,,,,long,18931,823,232,204,4
s3_short_window,SHORT_WINDOW,24,0.5,300,2,53,ok,,,1,53.84058301569894,120,1,25.893,11.980999999992491,1763574195913,1763574195933,,,,,,,,,,long,21011,668,325,201,5
s3_short_window,SHORT_WINDOW,24,0.5,300,2,54,ok,,,1,57.996374962385744,120,1,26.185000000000016,12.30899999999383,1763574218843,1763574218866,,,,,,,,,,long,19415,727,300,278,1
s3_short_window,SHORT_WINDOW,24,0.5,300,2,55,ok,,,1,58.99291601963341,120,1,25.507999999999996,12.154999999998836,1763574239837,1763574239863,,,,,,,,,,long,20062,545,236,217,0
s3_short_window,SHORT_WINDOW,24,0.5,300,2,56,ok,,,1,55.910166003741324,120,1,26.139000000000003,12.2870000000039,1763574262001,1763574262024,,,,,,,,,,long,19104,898,238,152,2
s3_short_window,SHORT_WINDOW,24,0.5,300,2,57,ok,,,1,52.7705000131391,120,1,25.618000000000002,11.835000000006403,1763574282872,1763574282894,,,,,,,,,,long,18248,861,250,194,0
s3_short_window,SHORT_WINDOW,24,0.5,300,2,58,ok,,,1,52.30400100117549,120,1,26.31299999999998,10.841999999996915,1763574302376,1763574302396,,,,,,,,,,long,19409,346,337,170,1
s3_short_window,SHORT_WINDOW,24,0.5,300,2,59,ok,,,1,57.91925004450604,120,1,25.873999999999995,12.097000000001572,1763574324068,1763574324093,,,,,,,,,,long,15542,782,307,180,2
s3_short_window,SHORT_WINDOW,24,0.5,300,2,60,ok,,,1,54.58908400032669,120,1,26.809999999999995,11.022000000004482,1763574340791,1763574340811,,,,,,,,,,long,20370,281,222,220,3
s3_short_window,SHORT_WINDOW,24,0.5,300,2,61,ok,,,3,693.5782920336351,360,3,57.55500000000001,13.77900000000227,1763574364287,1763574364307,,,,,,,,,,long,20679,882,348,263,5
s3_short_window,SHORT_WINDOW,24,0.5,300,2,62,ok,,,1,52.05908394418657,120,1,25.327999999999996,10.674000000006345,1763574385665,1763574385687,,,,,,,,,,long,16855,418,306,259,1
s3_short_window,SHORT_WINDOW,24,0.5,300,2,63,ok,,,1,51.027042034547776,120,1,26.049000000000007,11.52100000000064,1763574404221,1763574404240,,,,,,,,,,long,20505,279,292,193,0
s3_short_window,SHORT_WINDOW,24,0.5,300,2,64,ok,,,1,62.79004202224314,120,1,35.80499999999999,12.73700000000099,1763574426616,1763574426634,,,,,,,,,,long,16701,379,264,277,6
s3_short_window,SHORT_WINDOW,24,0.5,300,2,65,ok,,,1,60.8966660220176,120,1,25.927000000000007,12.540000000000873,1763574445499,1763574445526,,,,,,,,,,long,20708,695,209,166,5
s3_short_window,SHORT_WINDOW,24,0.5,300,2,66,ok,,,1,51.672957953996956,120,1,25.423000000000002,11.940000000002328,1763574467989,1763574468009,,,,,,,,,,long,16729,652,288,198,4
s3_short_window,SHORT_WINDOW,24,0.5,300,2,67,ok,,,1,48.794667003676295,120,1,24.759000000000007,10.24699999999575,1763574486080,1763574486100,,,,,,,,,,long,19319,391,257,188,3
s3_short_window,SHORT_WINDOW,24,0.5,300,2,68,ok,,,1,51.59325001295656,120,1,24.077999999999996,12.222000000001572,1763574507147,1763574507166,,,,,,,,,,long,16247,395,276,257,0
s3_short_window,SHORT_WINDOW,24,0.5,300,2,69,ok,,,1,59.73699997412041,120,1,26.07500000000001,12.436000000001513,1763574525590,1763574525616,,,,,,,,,,long,17724,718,236,237,2
s3_short_window,SHORT_WINDOW,24,0.5,300,2,70,ok,,,1,56.42595898825675,120,1,25.865000000000002,12.152999999998428,1763574545097,1763574545119,,,,,,,,,,long,18130,711,282,235,1
s3_short_window,SHORT_WINDOW,24,0.5,300,2,71,ok,,,2,402.59241696912795,240,2,47.95699999999999,20.964999999996508,1763574564919,1763574564955,,,,,,,,,,long,17100,255,348,167,1
s3_short_window,SHORT_WINDOW,24,0.5,300,2,72,ok,,,1,60.12170796748251,120,1,26.115000000000002,12.360999999997148,1763574583972,1763574583999,,,,,,,,,,long,16446,689,282,213,3
s3_short_window,SHORT_WINDOW,24,0.5,300,2,73,ok,,,1,56.97749997489154,120,1,25.24300000000001,11.7870000000039,1763574602163,1763574602186,,,,,,,,,,long,14116,630,299,210,0
s3_short_window,SHORT_WINDOW,24,0.5,300,2,74,ok,,,1,54.57458400633186,120,1,24.939,10.921999999998661,1763574617679,1763574617700,,,,,,,,,,long,17292,424,204,277,3
s3_short_window,SHORT_WINDOW,24,0.5,300,2,75,ok,,,1,53.90624998835847,120,1,24.503999999999998,11.727999999995518,1763574637111,1763574637134,,,,,,,,,,long,20448,689,337,272,4
s3_short_window,SHORT_WINDOW,24,0.5,300,2,76,ok,,,1,59.47741697309539,120,1,25.372999999999998,11.661999999996624,1763574659451,1763574659477,,,,,,,,,,long,19265,817,223,168,0
s3_short_window,SHORT_WINDOW,24,0.5,300,2,77,ok,,,1,52.46245802845806,120,1,24.939,11.703999999997905,1763574680245,1763574680266,,,,,,,,,,long,18073,562,254,187,3
s3_short_window,SHORT_WINDOW,24,0.5,300,2,78,ok,,,1,57.634917029645294,120,1,27.236999999999988,12.194999999999709,1763574699883,1763574699905,,,,,,,,,,long,19027,326,270,192,4
s3_short_window,SHORT_WINDOW,24,0.5,300,2,79,ok,,,1,58.92354203388095,120,1,26.151999999999994,12.485000000000582,1763574721046,1763574721071,,,,,,,,,,long,18833,702,231,272,0
s3_short_window,SHORT_WINDOW,24,0.5,300,2,80,ok,,,1,53.76620899187401,120,1,23.770000000000003,10.684999999997672,1763574741262,1763574741283,,,,,,,,,,long,18683,356,202,207,0
s3_short_window,SHORT_WINDOW,24,0.5,300,2,81,ok,,,1,56.68437498388812,120,1,25.770000000000003,12.34500000000844,1763574762281,1763574762304,,,,,,,,,,long,17058,849,333,239,3
s3_short_window,SHORT_WINDOW,24,0.5,300,2,82,ok,,,1,59.14687499171123,120,1,26.281999999999996,12.156000000002678,1763574780926,1763574780950,,,,,,,,,,long,18065,716,268,207,1
s3_short_window,SHORT_WINDOW,24,0.5,300,2,83,ok,,,1,52.165166998747736,120,1,25.39,11.536000000000058,1763574800648,1763574800668,,,,,,,,,,long,14216,591,287,151,0
s3_short_window,SHORT_WINDOW,24,0.5,300,2,84,ok,,,1,54.84333395725116,120,1,26.207,12.093999999997322,1763574816750,1763574816772,,,,,,,,,,long,21051,700,260,229,4
s3_short_window,SHORT_WINDOW,24,0.5,300,2,85,ok,,,1,57.67220904817805,120,1,26.077000000000005,12.268000000003667,1763574839315,1763574839340,,,,,,,,,,long,16185,581,290,182,1
s3_short_window,SHORT_WINDOW,24,0.5,300,2,86,ok,,,1,52.962000016123056,120,1,22.637000000000004,10.317000000002736,1763574857152,1763574857173,,,,,,,,,,long,15474,480,286,254,1
s3_short_window,SHORT_WINDOW,24,0.5,300,2,87,ok,,,1,58.58229199657217,120,1,26.107999999999983,12.286000000007334,1763574874587,1763574874612,,,,,,,,,,long,15045,631,241,213,2
s3_short_window,SHORT_WINDOW,24,0.5,300,2,88,ok,,,1,51.735291024670005,120,1,24.144999999999996,12.46600000000035,1763574891232,1763574891252,,,,,,,,,,long,15653,522,288,265,2
s3_short_window,SHORT_WINDOW,24,0.5,300,2,89,ok,,,1,55.212666047737,120,1,24.833999999999996,11.614999999997963,1763574908752,1763574908775,,,,,,,,,,long,16145,586,343,178,2
s3_short_window,SHORT_WINDOW,24,0.5,300,2,90,ok,,,1,51.678334013558924,120,1,24.924000000000007,11.236000000004424,1763574926644,1763574926663,,,,,,,,,,long,19554,539,280,240,1
s3_short_window,SHORT_WINDOW,24,0.5,300,2,91,ok,,,1,50.17154198139906,120,1,24.138000000000005,11.264000000010128,1763574947734,1763574947754,,,,,,,,,,long,18148,452,259,186,3
s3_short_window,SHORT_WINDOW,24,0.5,300,2,92,ok,,,1,50.39562500314787,120,1,23.699,10.711999999999534,1763574967764,1763574967784,,,,,,,,,,long,21637,545,311,166,3
s3_short_window,SHORT_WINDOW,24,0.5,300,2,93,ok,,,1,56.82558298576623,120,1,26.077000000000005,12.036000000007334,1763574991160,1763574991182,,,,,,,,,,long,13914,684,333,217,1
s3_short_window,SHORT_WINDOW,24,0.5,300,2,94,ok,,,1,53.41170803876594,120,1,24.929999999999993,11.468999999997322,1763575006763,1763575006785,,,,,,,,,,long,19148,516,302,200,0
s3_short_window,SHORT_WINDOW,24,0.5,300,2,95,ok,,,1,62.14941700454801,120,1,27.125999999999998,12.777999999998428,1763575028098,1763575028127,,,,,,,,,,long,14185,887,303,226,1
s3_short_window,SHORT_WINDOW,24,0.5,300,2,96,ok,,,1,48.747707973234355,120,1,23.305,10.58299999999872,1763575043552,1763575043570,,,,,,,,,,long,17321,451,280,228,3
s3_short_window,SHORT_WINDOW,24,0.5,300,2,97,ok,,,1,49.897959048394114,120,1,24.427000000000007,10.089999999996508,1763575062915,1763575062935,,,,,,,,,,long,15942,773,291,207,3
s3_short_window,SHORT_WINDOW,24,0.5,300,2,98,ok,,,1,57.0163750089705,120,1,26.442999999999998,11.560000000004948,1763575080177,1763575080200,,,,,,,,,,long,14314,313,320,227,2
s3_short_window,SHORT_WINDOW,24,0.5,300,2,99,ok,,,1,54.060791968367994,120,1,24.967,11.127000000000407,1763575096585,1763575096608,,,,,,,,,,long,17145,673,240,168,3
s3_short_window,SHORT_WINDOW,24,0.5,300,2,100,ok,,,1,56.85316596645862,120,1,24.760999999999996,11.398000000001048,1763575115191,1763575115215,,,,,,,,,,long,20145,582,315,226,2
s3_short_window,SHORT_WINDOW,24,0.5,300,2,101,ok,,,1,53.96554199978709,120,1,26.056999999999995,12.078999999997905,1763575137513,1763575137534,,,,,,,,,,long,20043,847,256,155,3
s3_short_window,SHORT_WINDOW,24,0.5,300,2,102,ok,,,2,408.0151669913903,240,2,51.538999999999994,22.66700000000128,1763575158991,1763575159032,,,,,,,,,,long,18618,290,348,244,4
s3_short_window,SHORT_WINDOW,24,0.5,300,2,103,ok,,,1,59.042958018835634,120,1,26.249000000000002,12.326999999997497,1763575179511,1763575179536,,,,,,,,,,long,20737,727,282,249,4
s3_short_window,SHORT_WINDOW,24,0.5,300,2,104,ok,,,3,701.5744589734823,360,3,59.952999999999996,14.459000000002561,1763575202647,1763575202670,,,,,,,,,,long,16978,741,229,174,5
s3_short_window,SHORT_WINDOW,24,0.5,300,2,105,ok,,,1,53.71366598410532,120,1,25.979,10.44600000000355,1763575220330,1763575220351,,,,,,,,,,long,16456,322,235,188,1
s3_short_window,SHORT_WINDOW,24,0.5,300,2,106,ok,,,1,51.2340419809334,120,1,25.494000000000007,11.889999999999418,1763575239045,1763575239065,,,,,,,,,,long,13932,774,321,265,2
s3_short_window,SHORT_WINDOW,24,0.5,300,2,107,ok,,,1,55.50254200352356,120,1,25.502999999999993,11.86200000000099,1763575254795,1763575254816,,,,,,,,,,long,21092,712,240,273,4
s3_short_window,SHORT_WINDOW,24,0.5,300,2,108,ok,,,2,397.77404197957367,240,2,49.76599999999999,20.942000000002736,1763575277506,1763575277539,,,,,,,,,,long,19539,260,288,273,2
s3_short_window,SHORT_WINDOW,24,0.5,300,2,109,ok,,,1,53.26804198557511,120,1,25.516000000000005,12.275000000001455,1763575299132,1763575299153,,,,,,,,,,long,16246,877,310,162,4
s3_short_window,SHORT_WINDOW,24,0.5,300,2,110,ok,,,1,53.74945799121633,120,1,26.020000000000003,11.08299999999872,1763575316603,1763575316624,,,,,,,,,,long,18718,351,323,171,3
s3_short_window,SHORT_WINDOW,24,0.5,300,2,111,ok,,,1,52.04658303409815,120,1,25.19099999999999,10.944999999999709,1763575337096,1763575337115,,,,,,,,,,long,16194,353,323,267,4
s3_short_window,SHORT_WINDOW,24,0.5,300,2,112,ok,,,1,53.43729199375957,120,1,25.794999999999987,11.983000000000175,1763575355629,1763575355650,,,,,,,,,,long,19097,831,249,186,5
s3_short_window,SHORT_WINDOW,24,0.5,300,2,113,ok,,,1,56.83600000338629,120,1,25.630999999999986,11.811000000001513,1763575376245,1763575376267,,,,,,,,,,long,17184,566,261,155,2
s3_short_window,SHORT_WINDOW,24,0.5,300,2,114,ok,,,1,58.75224998453632,120,1,26.442,12.44100000000617,1763575395460,1763575395485,,,,,,,,,,long,15542,811,287,221,4
s3_short_window,SHORT_WINDOW,24,0.5,300,2,115,ok,,,1,55.03916699672118,120,1,26.475999999999992,12.315000000002328,1763575412753,1763575412774,,,,,,,,,,long,19500,825,335,257,3
s3_short_window,SHORT_WINDOW,24,0.5,300,2,116,ok,,,1,53.70383296394721,120,1,26.190999999999995,11.648999999990338,1763575433484,1763575433504,,,,,,,,,,long,15051,318,327,218,4
s3_short_window,SHORT_WINDOW,24,0.5,300,2,117,ok,,,1,52.14254203019664,120,1,24.675999999999995,10.934000000001106,1763575450480,1763575450502,,,,,,,,,,long,13991,425,334,258,1
s3_short_window,SHORT_WINDOW,24,0.5,300,2,118,ok,,,1,57.98341700574383,120,1,26.32799999999999,12.24500000000262,1763575466765,1763575466789,,,,,,,,,,long,21148,875,302,245,1
s3_short_window,SHORT_WINDOW,24,0.5,300,2,119,ok,,,1,53.669792017899454,120,1,25.501000000000005,12.131000000001222,1763575489499,1763575489521,,,,,,,,,,long,21103,658,208,250,2
s3_short_window,SHORT_WINDOW,24,0.5,300,2,120,ok,,,1,54.948790988419205,120,1,24.367999999999995,12.611999999993714,1763575512028,1763575512050,,,,,,,,,,long,20541,353,276,279,2
s3_short_window,SHORT_WINDOW,24,0.5,300,2,121,ok,,,1,57.35204101074487,120,1,25.85000000000001,12.382000000005064,1763575534712,1763575534735,,,,,,,,,,long,20389,719,208,278,3
s3_short_window,SHORT_WINDOW,24,0.5,300,2,122,ok,,,1,55.435874965041876,120,1,25.958999999999982,12.248999999996158,1763575556958,1763575556979,,,,,,,,,,long,19353,817,309,215,4
s3_short_window,SHORT_WINDOW,24,0.5,300,2,123,ok,,,1,58.25200001709163,120,1,25.625,12.120000000009895,1763575577975,1763575577998,,,,,,,,,,long,16472,776,303,265,5
s3_short_window,SHORT_WINDOW,24,0.5,300,2,124,ok,,,1,61.86179199721664,120,1,26.291999999999994,12.345000000001164,1763575596294,1763575596322,,,,,,,,,,long,17336,817,278,228,3
s3_short_window,SHORT_WINDOW,24,0.5,300,2,125,ok,,,1,57.944333006162196,120,1,26.123999999999995,12.410999999992782,1763575615350,1763575615374,,,,,,,,,,long,19782,701,323,251,2
s3_short_window,SHORT_WINDOW,24,0.5,300,2,126,ok,,,1,58.73325001448393,120,1,26.118000000000002,12.380000000004657,1763575637128,1763575637152,,,,,,,,,,long,17262,870,296,161,2
s3_short_window,SHORT_WINDOW,24,0.5,300,2,127,ok,,,1,51.192665996495634,120,1,23.835,11.126000000003842,1763575655836,1763575655856,,,,,,,,,,long,15354,481,280,164,2
s3_short_window,SHORT_WINDOW,24,0.5,300,2,128,ok,,,1,55.37941597867757,120,1,25.941999999999993,11.891999999999825,1763575673221,1763575673242,,,,,,,,,,long,18334,684,202,206,4
s3_short_window,SHORT_WINDOW,24,0.5,300,2,129,ok,,,1,60.95770903630182,120,1,26.23600000000001,12.406999999999243,1763575693275,1763575693302,,,,,,,,,,long,21007,764,278,151,4
s3_short_window,SHORT_WINDOW,24,0.5,300,2,130,ok,,,1,57.274124992545694,120,1,26.03799999999999,12.638000000006286,1763575716124,1763575716148,,,,,,,,,,long,20734,804,318,228,5
s3_short_window,SHORT_WINDOW,24,0.5,300,2,131,ok,,,1,59.12791599985212,120,1,24.351999999999997,11.434000000001106,1763575738179,1763575738205,,,,,,,,,,long,21645,449,260,189,2
s3_short_window,SHORT_WINDOW,24,0.5,300,2,132,ok,,,1,54.3147090356797,120,1,25.535999999999994,11.9629999999961,1763575762064,1763575762085,,,,,,,,,,long,19521,784,221,243,1
s3_short_window,SHORT_WINDOW,24,0.5,300,2,133,ok,,,1,56.3412910560146,120,1,26.56000000000001,11.421000000002095,1763575782870,1763575782892,,,,,,,,,,long,15156,354,326,198,3
s3_short_window,SHORT_WINDOW,24,0.5,300,2,134,ok,,,1,48.0450420291163,120,1,22.765,10.25800000000163,1763575800270,1763575800288,,,,,,,,,,long,15726,890,272,178,2
s3_short_window,SHORT_WINDOW,24,0.5,300,2,135,ok,,,1,55.73604203527793,120,1,26.823999999999998,11.14699999998993,1763575817220,1763575817241,,,,,,,,,,long,18555,323,298,199,4
s3_short_window,SHORT_WINDOW,24,0.5,300,2,136,ok,,,1,55.63537502894178,120,1,25.849999999999994,12.08200000000943,1763575837964,1763575837987,,,,,,,,,,long,15766,702,321,183,0
s3_short_window,SHORT_WINDOW,24,0.5,300,2,137,ok,,,1,62.82779102912173,120,1,26.10199999999999,12.770000000004075,1763575855649,1763575855677,,,,,,,,,,long,21200,734,330,248,5
s3_short_window,SHORT_WINDOW,24,0.5,300,2,138,ok,,,1,56.29404098726809,120,1,26.175000000000004,12.3379999999961,1763575878627,1763575878649,,,,,,,,,,long,14859,791,203,218,1
s3_short_window,SHORT_WINDOW,24,0.5,300,2,139,ok,,,1,57.31837498024106,120,1,25.785999999999994,12.048999999999069,1763575895296,1763575895320,,,,,,,,,,long,21152,808,318,269,1
s3_short_window,SHORT_WINDOW,24,0.5,300,2,140,ok,,,1,51.706209022086114,120,1,23.394,10.744999999995343,1763575917933,1763575917954,,,,,,,,,,long,14784,461,225,267,2
s3_short_window,SHORT_WINDOW,24,0.5,300,2,141,ok,,,1,54.55462500685826,120,1,24.706000000000003,12.722000000001572,1763575934490,1763575934511,,,,,,,,,,long,16939,412,334,213,6
s3_short_window,SHORT_WINDOW,24,0.5,300,2,142,ok,,,2,401.78433404071257,240,2,54.42800000000002,21.813999999998487,1763575953411,1763575953450,,,,,,,,,,long,17081,299,346,183,3
s3_short_window,SHORT_WINDOW,24,0.5,300,2,143,ok,,,1,51.19037500116974,120,1,23.636000000000003,10.62199999999575,1763575972017,1763575972039,,,,,,,,,,long,15279,437,240,267,2
s3_short_window,SHORT_WINDOW,24,0.5,300,2,144,ok,,,1,53.34329197648913,120,1,25.767000000000003,11.552000000003318,1763575988852,1763575988872,,,,,,,,,,long,19427,276,225,251,3
,,,,,,,preauth_failed,step4_wait,0,0,0.0,0,0,0.0,0.0,,,,,,,,,,,,,,,,,
s3_short_window,SHORT_WINDOW,24,0.5,300,2,146,ok,,,1,52.876208035741,120,1,23.76999999999999,10.955000000001746,1763576015354,1763576015374,,,,,,,,,,long,18217,453,219,166,0
s3_short_window,SHORT_WINDOW,24,0.5,300,2,147,ok,,,1,54.70704101026058,120,1,26.167,12.336000000002969,1763576035816,1763576035839,,,,,,,,,,long,13852,829,288,199,2
s3_short_window,SHORT_WINDOW,24,0.5,300,2,148,ok,,,1,52.214041992556304,120,1,24.964,10.856999999996333,1763576051018,1763576051040,,,,,,,,,,long,17351,448,329,246,4
s3_short_window,SHORT_WINDOW,24,0.5,300,2,149,ok,,,1,54.90108300000429,120,1,25.345,12.22899999999936,1763576070041,1763576070062,,,,,,,,,,long,20051,418,289,207,4
s3_short_window,SHORT_WINDOW,24,0.5,300,2,150,ok,,,1,56.73433298943564,120,1,26.071000000000005,12.304000000003725,1763576092185,1763576092209,,,,,,,,,,long,21184,744,269,179,4
s3_short_window,SHORT_WINDOW,24,0.5,300,2,151,ok,,,1,55.2400829619728,120,1,25.817000000000007,12.263999999995576,1763576115134,1763576115157,,,,,,,,,,long,19042,679,346,274,1
s3_short_window,SHORT_WINDOW,24,0.5,300,2,152,ok,,,1,54.10337500507012,120,1,24.228,11.083000000005995,1763576135689,1763576135711,,,,,,,,,,long,21188,386,201,175,4
s3_short_window,SHORT_WINDOW,24,0.5,300,2,153,ok,,,1,57.52829200355336,120,1,24.955000000000005,11.81199999999808,1763576158913,1763576158939,,,,,,,,,,long,21183,643,296,179,1
s3_short_window,SHORT_WINDOW,24,0.5,300,2,154,ok,,,1,52.8837499441579,120,1,25.744,10.051999999996042,1763576181650,1763576181673,,,,,,,,,,long,20950,405,308,184,3
s3_short_window,SHORT_WINDOW,24,0.5,300,2,155,ok,,,1,57.79379198793322,120,1,26.132000000000005,12.358000000000175,1763576204734,1763576204756,,,,,,,,,,long,19776,707,324,266,2
s3_short_window,SHORT_WINDOW,24,0.5,300,2,156,ok,,,1,59.75858401507139,120,1,26.624999999999986,12.518000000003667,1763576226522,1763576226546,,,,,,,,,,long,14217,879,214,150,3
s3_short_window,SHORT_WINDOW,24,0.5,300,2,157,ok,,,1,54.20662497635931,120,1,26.018,12.319999999992433,1763576242513,1763576242535,,,,,,,,,,long,16413,850,251,250,3
s3_short_window,SHORT_WINDOW,24,0.5,300,2,158,ok,,,1,54.892290965653956,120,1,25.03099999999999,12.552000000003318,1763576260478,1763576260500,,,,,,,,,,long,18222,631,239,191,3
s3_short_window,SHORT_WINDOW,24,0.5,300,2,159,ok,,,1,49.605291977059096,120,1,24.834000000000003,11.275999999998021,1763576280105,1763576280125,,,,,,,,,,long,18836,305,212,271,4
s3_short_window,SHORT_WINDOW,24,0.5,300,2,160,ok,,,2,408.3092500222847,240,2,53.592000000000006,23.49099999999453,1763576301033,1763576301076,,,,,,,,,,long,14232,299,340,188,3
s3_short_window,SHORT_WINDOW,24,0.5,300,2,161,ok,,,1,52.7900829911232,120,1,24.364000000000004,11.23700000000099,1763576316951,1763576316970,,,,,,,,,,long,17862,487,236,164,0
s3_short_window,SHORT_WINDOW,24,0.5,300,2,162,ok,,,2,361.69783398509026,240,2,33.728,12.709999999999127,1763576336763,1763576336783,,,,,,,,,,long,21177,333,226,191,4
s3_short_window,SHORT_WINDOW,24,0.5,300,2,163,ok,,,1,51.46262497873977,120,1,24.744,11.035000000003492,1763576359524,1763576359544,,,,,,,,,,long,16176,480,317,274,1
s3_short_window,SHORT_WINDOW,24,0.5,300,2,164,ok,,,1,52.99041705438867,120,1,23.688999999999993,11.010000000002037,1763576377463,1763576377484,,,,,,,,,,long,16874,462,235,183,4
s3_short_window,SHORT_WINDOW,24,0.5,300,2,165,ok,,,1,55.62279198784381,120,1,24.910999999999994,11.24500000000262,1763576396016,1763576396041,,,,,,,,,,long,18195,306,222,201,2
s3_short_window,SHORT_WINDOW,24,0.5,300,2,166,ok,,,1,53.118334035389125,120,1,23.410000000000004,12.819999999999709,1763576416193,1763576416214,,,,,,,,,,long,16349,430,349,218,3
s3_short_window,SHORT_WINDOW,24,0.5,300,2,167,ok,,,1,55.498583998996764,120,1,26.608000000000004,11.915000000008149,1763576434286,1763576434306,,,,,,,,,,long,18787,338,270,258,5
s3_short_window,SHORT_WINDOW,24,0.5,300,2,168,ok,,,1,55.752540996763855,120,1,25.649,12.138000000006286,1763576455448,1763576455472,,,,,,,,,,long,21893,897,214,211,2
s3_short_window,SHORT_WINDOW,24,0.5,300,2,169,ok,,,1,53.81279200082645,120,1,25.759000000000007,12.044999999998254,1763576478751,1763576478771,,,,,,,,,,long,21192,681,216,264,1
s3_short_window,SHORT_WINDOW,24,0.5,300,2,170,ok,,,1,52.39483300829306,120,1,25.866,11.917999999997846,1763576501694,1763576501715,,,,,,,,,,long,18768,685,255,182,3
s3_short_window,SHORT_WINDOW,24,0.5,300,2,171,ok,,,1,59.29366697091609,120,1,25.45499999999999,11.85399999999936,1763576522325,1763576522351,,,,,,,,,,long,20943,721,301,239,5
s3_short_window,SHORT_WINDOW,24,0.5,300,2,172,ok,,,2,374.8050829744898,240,2,40.626,15.540999999997439,1763576544995,1763576545018,,,,,,,,,,long,19547,544,314,210,4
s3_short_window,SHORT_WINDOW,24,0.5,300,2,173,ok,,,1,56.901915988419205,120,1,25.781999999999996,12.138999999995576,1763576565827,1763576565850,,,,,,,,,,long,18527,367,335,229,5
s3_short_window,SHORT_WINDOW,24,0.5,300,2,174,ok,,,1,54.370082973036915,120,1,25.85299999999998,12.326000000000931,1763576586355,1763576586377,,,,,,,,,,long,14267,649,290,248,5
s3_short_window,SHORT_WINDOW,24,0.5,300,2,175,ok,,,1,56.47095898166299,120,1,25.656999999999996,11.654999999998836,1763576602492,1763576602516,,,,,,,,,,long,13941,730,223,179,3
s3_short_window,SHORT_WINDOW,24,0.5,300,2,176,ok,,,3,675.5895829992369,360,3,43.369,12.472000000001572,1763576618528,1763576618551,,,,,,,,,,long,19527,645,228,201,3
s3_short_window,SHORT_WINDOW,24,0.5,300,2,177,ok,,,1,51.60845798673108,120,1,23.733000000000004,10.915000000000873,1763576639063,1763576639083,,,,,,,,,,long,18750,468,305,271,2
s3_short_window,SHORT_WINDOW,24,0.5,300,2,178,ok,,,2,398.45124998828396,240,2,51.17799999999999,21.758999999998196,1763576659762,1763576659798,,,,,,,,,,long,15935,265,348,176,2
s3_short_window,SHORT_WINDOW,24,0.5,300,2,179,ok,,,1,54.87012502271682,120,1,25.634999999999998,12.373999999988882,1763576677650,1763576677672,,,,,,,,,,long,19967,709,331,217,3
s3_short_window,SHORT_WINDOW,24,0.5,300,2,180,ok,,,1,57.520458009094,120,1,26.448,12.605999999999767,1763576699197,1763576699220,,,,,,,,,,long,15210,665,229,172,4
s3_short_window,SHORT_WINDOW,24,0.5,300,2,181,ok,,,1,63.560959009919316,120,1,26.047000000000004,12.48700000000099,1763576716415,1763576716446,,,,,,,,,,long,19280,821,342,175,3
s3_short_window,SHORT_WINDOW,24,0.5,300,2,182,ok,,,1,52.63579200254753,120,1,23.618999999999993,11.75300000000425,1763576736955,1763576736977,,,,,,,,,,long,17656,412,258,162,2
s3_short_window,SHORT_WINDOW,24,0.5,300,2,183,ok,,,1,57.34450003365055,120,1,25.917999999999985,12.13799999999901,1763576756838,1763576756861,,,,,,,,,,long,17221,830,265,173,3
s3_short_window,SHORT_WINDOW,24,0.5,300,2,184,ok,,,1,55.505249998532236,120,1,26.637999999999984,11.239999999997963,1763576775242,1763576775264,,,,,,,,,,long,14067,299,282,197,2
s3_short_window,SHORT_WINDOW,24,0.5,300,2,185,ok,,,1,62.53541697515175,120,1,26.357999999999997,12.60399999999936,1763576791507,1763576791535,,,,,,,,,,long,17635,715,240,209,3
s3_short_window,SHORT_WINDOW,24,0.5,300,2,186,ok,,,1,53.524875023867935,120,1,25.60900000000001,11.56300000000192,1763576810770,1763576810791,,,,,,,,,,long,20749,566,267,233,1
s3_short_window,SHORT_WINDOW,24,0.5,300,2,187,ok,,,1,51.48883396759629,120,1,26.482,10.775999999998021,1763576833119,1763576833139,,,,,,,,,,long,14361,434,303,180,5
s3_short_window,SHORT_WINDOW,24,0.5,300,2,188,ok,,,1,53.77062497427687,120,1,24.733000000000004,11.87099999999191,1763576849188,1763576849208,,,,,,,,,,long,21119,584,230,188,7
s3_short_window,SHORT_WINDOW,24,0.5,300,2,189,ok,,,1,52.12433298584074,120,1,25.792999999999992,12.209000000009837,1763576872141,1763576872162,,,,,,,,,,long,17868,645,294,208,1
s3_short_window,SHORT_WINDOW,24,0.5,300,2,190,ok,,,1,60.35500002326444,120,1,26.063000000000017,12.42500000000291,1763576891994,1763576892019,,,,,,,,,,long,21731,862,348,178,2
s3_short_window,SHORT_WINDOW,24,0.5,300,2,191,ok,,,1,52.3254579748027,120,1,23.662999999999997,11.06300000000192,1763576915177,1763576915198,,,,,,,,,,long,17408,537,311,236,2
s3_short_window,SHORT_WINDOW,24,0.5,300,2,192,ok,,,1,52.70800000289455,120,1,25.838000000000008,12.260999999991327,1763576934643,1763576934664,,,,,,,,,,long,18808,702,310,230,4
s3_short_window,SHORT_WINDOW,24,0.5,300,2,193,ok,,,1,62.34750000294298,120,1,26.92000000000001,12.342000000004191,1763576955258,1763576955286,,,,,,,,,,long,20191,714,224,167,2
s3_short_window,SHORT_WINDOW,24,0.5,300,2,194,ok,,,1,56.59766698954627,120,1,25.919000000000004,12.046999999998661,1763576977213,1763576977235,,,,,,,,,,long,16463,698,336,172,0
s3_short_window,SHORT_WINDOW,24,0.5,300,2,195,ok,,,1,52.489584020804614,120,1,25.762999999999998,12.131000000008498,1763576995499,1763576995519,,,,,,,,,,long,17362,719,322,221,1
s3_short_window,SHORT_WINDOW,24,0.5,300,2,196,ok,,,1,49.158790963701904,120,1,23.974999999999987,11.115999999994528,1763577014375,1763577014395,,,,,,,,,,long,15743,495,234,268,3
s3_short_window,SHORT_WINDOW,24,0.5,300,2,197,ok,,,1,58.079291018657386,120,1,25.703999999999994,12.41700000000128,1763577032096,1763577032120,,,,,,,,,,long,14455,718,203,185,2
s3_short_window,SHORT_WINDOW,24,0.5,300,2,198,ok,,,1,51.49087496101856,120,1,26.045,10.548000000002503,1763577047975,1763577047996,,,,,,,,,,long,15507,373,237,214,3
s3_short_window,SHORT_WINDOW,24,0.5,300,2,199,ok,,,1,58.186625014059246,120,1,26.30099999999998,12.197999999996682,1763577065774,1763577065797,,,,,,,,,,long,14583,832,326,151,3
s3_short_window,SHORT_WINDOW,24,0.5,300,2,200,ok,,,1,52.17375000938773,120,1,24.711999999999996,11.656999999999243,1763577081814,1763577081836,,,,,,,,,,long,19373,484,203,188,2
s3_short_window,SHORT_WINDOW,24,0.5,300,2,201,ok,,,1,51.39808403328061,120,1,25.349999999999994,10.848999999987427,1763577102814,1763577102835,,,,,,,,,,long,17727,359,249,180,5
s3_short_window,SHORT_WINDOW,24,0.5,300,2,202,ok,,,1,50.332457991316915,120,1,24.893,11.699000000000524,1763577122365,1763577122384,,,,,,,,,,long,16224,414,218,207,3
s3_short_window,SHORT_WINDOW,24,0.5,300,2,203,ok,,,1,56.145999988075346,120,1,25.792999999999992,12.145000000004075,1763577140615,1763577140637,,,,,,,,,,long,13809,697,231,210,1
s3_short_window,SHORT_WINDOW,24,0.5,300,2,204,ok,,,1,48.254167020786554,120,1,23.434000000000005,10.661000000007334,1763577155857,1763577155875,,,,,,,,,,long,21072,373,279,239,0
s3_short_window,SHORT_WINDOW,24,0.5,300,2,205,ok,,,1,53.0405409517698,120,1,23.105999999999995,10.546999999991385,1763577178778,1763577178802,,,,,,,,,,long,14829,404,266,214,3
s3_short_window,SHORT_WINDOW,24,0.5,300,2,206,ok,,,1,52.64083395013586,120,1,26.007999999999996,10.349999999998545,1763577195347,1763577195370,,,,,,,,,,long,21054,307,220,270,4
s3_short_window,SHORT_WINDOW,24,0.5,300,2,207,ok,,,1,54.968666983768344,120,1,25.750999999999998,11.932000000007974,1763577218319,1763577218339,,,,,,,,,,long,16061,689,340,199,1
s3_short_window,SHORT_WINDOW,24,0.5,300,2,208,ok,,,1,56.940624956041574,120,1,25.897,12.267999999996391,1763577236148,1763577236171,,,,,,,,,,long,18828,612,228,188,1
s3_short_window,SHORT_WINDOW,24,0.5,300,2,209,ok,,,1,51.43487500026822,120,1,25.079,11.190000000002328,1763577256813,1763577256833,,,,,,,,,,long,20861,660,307,241,1
s3_short_window,SHORT_WINDOW,24,0.5,300,2,210,ok,,,1,50.53908296395093,120,1,23.129999999999995,10.669000000001688,1763577279260,1763577279281,,,,,,,,,,long,16980,510,291,218,5
s3_short_window,SHORT_WINDOW,24,0.5,300,2,211,ok,,,1,54.04670798452571,120,1,25.465999999999994,10.385000000002037,1763577297978,1763577298001,,,,,,,,,,long,16890,406,305,229,3
s3_short_window,SHORT_WINDOW,24,0.5,300,2,212,ok,,,1,45.439875044394284,120,1,22.232999999999997,10.09599999999773,1763577316982,1763577317000,,,,,,,,,,long,15913,798,251,270,0
s3_short_window,SHORT_WINDOW,24,0.5,300,2,213,ok,,,1,52.79704194981605,120,1,25.12100000000001,10.638999999995576,1763577334258,1763577334281,,,,,,,,,,long,15910,360,249,222,2
s3_short_window,SHORT_WINDOW,24,0.5,300,2,214,ok,,,1,53.25708305463195,120,1,24.988,11.58299999999872,1763577352141,1763577352161,,,,,,,,,,long,15626,517,241,212,0
s3_short_window,SHORT_WINDOW,24,0.5,300,2,215,ok,,,1,61.45458301762119,120,1,27.36699999999999,12.293999999994412,1763577369702,1763577369728,,,,,,,,,,long,17564,639,313,280,3
s3_short_window,SHORT_WINDOW,24,0.5,300,2,216,ok,,,1,45.60683300951496,120,1,22.309999999999995,10.031000000002678,1763577388705,1763577388723,,,,,,,,,,long,15906,494,217,231,2
s3_short_window,SHORT_WINDOW,24,0.5,300,2,217,ok,,,1,55.63083302695304,120,1,25.663999999999994,12.230999999999767,1763577406811,1763577406835,,,,,,,,,,long,17915,895,210,205,5
s3_short_window,SHORT_WINDOW,24,0.5,300,2,218,ok,,,1,54.153415956534445,120,1,26.018,12.160000000010768,1763577426154,1763577426174,,,,,,,,,,long,17359,686,349,271,3
s3_short_window,SHORT_WINDOW,24,0.5,300,2,219,ok,,,1,53.46104199998081,120,1,24.365000000000016,11.377000000007683,1763577445085,1763577445108,,,,,,,,,,long,16675,502,282,206,3
s3_short_window,SHORT_WINDOW,24,0.5,300,2,220,ok,,,1,57.278042018879205,120,1,26.227000000000004,12.192999999992026,1763577464007,1763577464029,,,,,,,,,,long,19083,885,297,232,1
s3_short_window,SHORT_WINDOW,24,0.5,300,2,221,ok,,,1,57.37395799951628,120,1,26.175999999999988,12.13399999999092,1763577484833,1763577484855,,,,,,,,,,long,20422,814,299,239,4
s3_short_window,SHORT_WINDOW,24,0.5,300,2,222,ok,,,1,50.42891699122265,120,1,24.097,11.229999999995925,1763577506749,1763577506768,,,,,,,,,,long,16831,546,287,262,2
s3_short_window,SHORT_WINDOW,24,0.5,300,2,223,ok,,,1,54.19429199537262,120,1,25.478999999999985,12.20799999999872,1763577525716,1763577525737,,,,,,,,,,long,21774,843,244,215,4
s3_short_window,SHORT_WINDOW,24,0.5,300,2,224,ok,,,1,54.49349997797981,120,1,25.95000000000001,12.201999999997497,1763577549322,1763577549344,,,,,,,,,,long,17036,770,292,197,3
s3_short_window,SHORT_WINDOW,24,0.5,300,2,225,ok,,,1,52.33733402565122,120,1,27.09400000000001,10.78799999999319,1763577567623,1763577567642,,,,,,,,,,long,17574,280,283,240,2
s3_short_window,SHORT_WINDOW,24,0.5,300,2,226,ok,,,1,54.111249977722764,120,1,26.102999999999987,11.3379999999961,1763577586927,1763577586948,,,,,,,,,,long,18085,268,285,158,2
s3_short_window,SHORT_WINDOW,24,0.5,300,2,227,ok,,,1,55.04820798523724,120,1,26.59199999999999,11.651000000005297,1763577606739,1763577606760,,,,,,,,,,long,17031,307,255,234,1
s3_short_window,SHORT_WINDOW,24,0.5,300,2,228,ok,,,1,60.22637500427663,120,1,26.124999999999986,12.294000000001688,1763577625979,1763577626006,,,,,,,,,,long,17599,699,253,184,1
s3_short_window,SHORT_WINDOW,24,0.5,300,2,229,ok,,,1,57.70566704450175,120,1,26.327000000000005,12.169999999990978,1763577645375,1763577645399,,,,,,,,,,long,19748,747,334,199,5
s3_short_window,SHORT_WINDOW,24,0.5,300,2,230,failed,timeout,110,3,944.4066670257598,360,3,38.898,0.0,,,,,,,,,,,,long,20936,334,348,229,4
s3_short_window,SHORT_WINDOW,24,0.5,300,2,231,ok,,,1,58.57475002994761,120,1,26.202000000000005,12.355999999999767,1763577689518,1763577689542,,,,,,,,,,long,15518,742,340,270,3
s3_short_window,SHORT_WINDOW,24,0.5,300,2,232,ok,,,1,53.5389170399867,120,1,25.974999999999994,11.052999999999884,1763577706376,1763577706398,,,,,,,,,,long,20353,299,247,271,5
s3_short_window,SHORT_WINDOW,24,0.5,300,2,233,ok,,,1,55.92016701120883,120,1,26.662999999999997,12.267999999996391,1763577728538,1763577728560,,,,,,,,,,long,15370,362,315,258,0
s3_short_window,SHORT_WINDOW,24,0.5,300,2,234,ok,,,1,56.75937497289851,120,1,26.415999999999997,12.296999999991385,1763577746066,1763577746089,,,,,,,,,,long,21610,639,216,233,4
s3_short_window,SHORT_WINDOW,24,0.5,300,2,235,ok,,,1,59.13820897694677,120,1,26.17499999999999,12.276000000005297,1763577769676,1763577769700,,,,,,,,,,long,17284,816,285,243,3
s3_short_window,SHORT_WINDOW,24,0.5,300,2,236,ok,,,1,56.024499994236976,120,1,26.461999999999982,11.979999999995925,1763577788636,1763577788658,,,,,,,,,,long,14504,786,257,206,3
s3_short_window,SHORT_WINDOW,24,0.5,300,2,237,ok,,,1,53.160916024353355,120,1,24.96999999999999,12.109000000004016,1763577804500,1763577804520,,,,,,,,,,long,18408,376,252,208,5
s3_short_window,SHORT_WINDOW,24,0.5,300,2,238,ok,,,1,56.556333031039685,120,1,25.550999999999995,11.735999999997148,1763577824827,1763577824850,,,,,,,,,,long,16683,549,239,229,5
s3_short_window,SHORT_WINDOW,24,0.5,300,2,239,ok,,,1,55.08349998854101,120,1,26.032999999999987,12.078999999997905,1763577843413,1763577843436,,,,,,,,,,long,15384,668,227,185,0
s3_short_window,SHORT_WINDOW,24,0.5,300,2,240,ok,,,2,367.8605000022799,240,2,36.609,13.444999999999709,1763577861126,1763577861148,,,,,,,,,,long,14663,829,274,232,3
s3_short_window,SHORT_WINDOW,24,0.5,300,2,241,ok,,,1,56.869624997489154,120,1,27.05299999999999,11.769999999996799,1763577876638,1763577876660,,,,,,,,,,long,14239,251,218,201,1
s3_short_window,SHORT_WINDOW,24,0.5,300,2,242,ok,,,1,58.90745797660202,120,1,26.164,12.324000000000524,1763577893217,1763577893241,,,,,,,,,,long,20773,812,225,253,4
s3_short_window,SHORT_WINDOW,24,0.5,300,2,243,ok,,,1,57.28912499034777,120,1,25.839000000000006,11.87999999999738,1763577915775,1763577915801,,,,,,,,,,long,17980,871,346,209,4
s3_short_window,SHORT_WINDOW,24,0.5,300,2,244,ok,,,1,63.812291948124766,120,1,26.395000000000003,12.582000000002154,1763577935510,1763577935539,,,,,,,,,,long,20936,808,321,219,2
s3_short_window,SHORT_WINDOW,24,0.5,300,2,245,ok,,,1,51.45550100132823,120,1,23.64799999999999,10.588000000003376,1763577957840,1763577957860,,,,,,,,,,long,19738,410,266,221,3
s3_short_window,SHORT_WINDOW,24,0.5,300,2,246,ok,,,1,57.1265000035055,120,1,25.961999999999996,12.038000000000466,1763577979618,1763577979640,,,,,,,,,,long,18251,843,292,217,3
s3_short_window,SHORT_WINDOW,24,0.5,300,2,247,ok,,,1,54.863042023498565,120,1,24.738,11.755000000004657,1763577999375,1763577999399,,,,,,,,,,long,19149,569,293,277,3
s3_short_window,SHORT_WINDOW,24,0.5,300,2,248,ok,,,1,52.60783398989588,120,1,23.95799999999999,11.25099999998929,1763578020303,1763578020324,,,,,,,,,,long,15218,504,258,235,3
s3_short_window,SHORT_WINDOW,24,0.5,300,2,249,ok,,,1,50.58804200962186,120,1,23.284999999999997,10.580000000001746,1763578037222,1763578037244,,,,,,,,,,long,16258,472,307,252,1
s3_short_window,SHORT_WINDOW,24,0.5,300,2,250,ok,,,1,54.52512501506135,120,1,25.868999999999993,12.230000000003201,1763578055416,1763578055438,,,,,,,,,,long,17009,556,203,272,1
s3_short_window,SHORT_WINDOW,24,0.5,300,2,251,ok,,,1,57.16954095987603,120,1,24.99900000000001,11.492000000005646,1763578073950,1763578073974,,,,,,,,,,long,15353,352,219,174,1
s3_short_window,SHORT_WINDOW,24,0.5,300,2,252,ok,,,2,403.09612499549985,240,2,52.984,23.218000000000757,1763578091336,1763578091377,,,,,,,,,,long,15971,294,322,218,2
s3_short_window,SHORT_WINDOW,24,0.5,300,2,253,ok,,,1,50.70158396847546,120,1,25.926000000000002,10.023999999997613,1763578108908,1763578108928,,,,,,,,,,long,18946,365,338,231,1
s3_short_window,SHORT_WINDOW,24,0.5,300,2,254,ok,,,1,57.58108297595754,120,1,25.87999999999999,12.457000000002154,1763578130187,1763578130210,,,,,,,,,,long,16186,852,300,242,4
s3_short_window,SHORT_WINDOW,24,0.5,300,2,255,ok,,,1,50.31783401500434,120,1,25.597999999999992,10.267999999996391,1763578147684,1763578147705,,,,,,,,,,long,21716,391,297,237,5
s3_short_window,SHORT_WINDOW,24,0.5,300,2,256,ok,,,1,54.42479200428352,120,1,25.131999999999998,11.79599999999482,1763578171231,1763578171252,,,,,,,,,,long,21675,593,292,177,3
s3_short_window,SHORT_WINDOW,24,0.5,300,2,257,ok,,,1,51.005000015720725,120,1,24.290999999999997,11.011999999995169,1763578194612,1763578194631,,,,,,,,,,long,18911,519,302,277,2
s3_short_window,SHORT_WINDOW,24,0.5,300,2,258,ok,,,1,52.961291978135705,120,1,24.744999999999997,11.562000000005355,1763578215359,1763578215381,,,,,,,,,,long,20343,482,268,155,2
s3_short_window,SHORT_WINDOW,24,0.5,300,2,259,ok,,,1,60.30333397211507,120,1,26.234999999999992,12.257999999994354,1763578237944,1763578237970,,,,,,,,,,long,18255,866,238,194,1
s3_short_window,SHORT_WINDOW,24,0.5,300,2,260,ok,,,1,56.60162499407306,120,1,26.633999999999993,12.176999999996042,1763578257991,1763578258014,,,,,,,,,,long,20139,873,207,235,2
s3_short_window,SHORT_WINDOW,24,0.5,300,2,261,ok,,,1,58.35133296204731,120,1,25.926999999999992,12.297000000005937,1763578279741,1763578279766,,,,,,,,,,long,17863,710,277,257,3
s3_short_window,SHORT_WINDOW,24,0.5,300,2,262,ok,,,1,52.78025002917275,120,1,22.264999999999997,10.302999999999884,1763578299389,1763578299411,,,,,,,,,,long,15642,837,293,180,0
s3_short_window,SHORT_WINDOW,24,0.5,300,2,263,ok,,,1,57.23529099486768,120,1,24.674,11.463000000003376,1763578316470,1763578316494,,,,,,,,,,long,20492,569,295,156,5
s3_short_window,SHORT_WINDOW,24,0.5,300,2,264,ok,,,2,400.1098749577068,240,2,53.867,22.04199999998673,1763578338749,1763578338786,,,,,,,,,,long,19611,269,298,252,4
s3_short_window,SHORT_WINDOW,24,0.5,300,2,265,ok,,,1,54.191417002584785,120,1,25.793999999999983,11.086000000002969,1763578359905,1763578359927,,,,,,,,,,long,19235,362,325,174,3
s3_short_window,SHORT_WINDOW,24,0.5,300,2,266,ok,,,1,58.888542000204325,120,1,26.325000000000003,12.450000000004366,1763578381408,1763578381432,,,,,,,,,,long,19428,896,312,268,1
s3_short_window,SHORT_WINDOW,24,0.5,300,2,267,ok,,,1,56.465790956281126,120,1,25.57,12.09100000000035,1763578402442,1763578402465,,,,,,,,,,long,14421,828,256,213,3
s3_short_window,SHORT_WINDOW,24,0.5,300,2,268,ok,,,1,51.12404195824638,120,1,25.563000000000002,11.855000000003201,1763578418446,1763578418465,,,,,,,,,,long,18920,657,301,150,2
s3_short_window,SHORT_WINDOW,24,0.5,300,2,269,ok,,,2,401.4146259869449,240,2,53.869,22.79500000000553,1763578439662,1763578439695,,,,,,,,,,long,14253,864,224,166,0
s3_short_window,SHORT_WINDOW,24,0.5,300,2,270,ok,,,1,51.93595902528614,120,1,26.689999999999998,11.352000000006228,1763578454821,1763578454839,,,,,,,,,,long,15974,356,291,236,1
s3_short_window,SHORT_WINDOW,24,0.5,300,2,271,ok,,,1,56.486374989617616,120,1,26.010000000000005,11.927000000003318,1763578472900,1763578472922,,,,,,,,,,long,14499,664,257,251,3
s3_short_window,SHORT_WINDOW,24,0.5,300,2,272,ok,,,1,50.89275003410876,120,1,23.528,11.15499999999156,1763578489043,1763578489064,,,,,,,,,,long,19960,567,334,216,4
s3_short_window,SHORT_WINDOW,24,0.5,300,2,273,ok,,,1,56.29870796110481,120,1,26.88599999999999,12.080999999998312,1763578510436,1763578510458,,,,,,,,,,long,18466,337,304,203,3
s3_short_window,SHORT_WINDOW,24,0.5,300,2,274,ok,,,1,54.0746669867076,120,1,25.176000000000002,12.906999999999243,1763578530734,1763578530756,,,,,,,,,,long,21537,413,318,279,4
s3_short_window,SHORT_WINDOW,24,0.5,300,2,275,ok,,,1,54.11975004244596,120,1,24.722999999999992,11.427000000003318,1763578554113,1763578554135,,,,,,,,,,long,19002,485,212,204,2
s3_short_window,SHORT_WINDOW,24,0.5,300,2,276,ok,,,1,51.84112495044246,120,1,25.46799999999999,11.873999999996158,1763578575192,1763578575211,,,,,,,,,,long,16080,885,347,179,4
s3_short_window,SHORT_WINDOW,24,0.5,300,2,277,ok,,,1,56.08574999496341,120,1,25.803999999999995,12.137000000002445,1763578592854,1763578592876,,,,,,,,,,long,20920,691,302,272,3
s3_short_window,SHORT_WINDOW,24,0.5,300,2,278,ok,,,1,55.24225003318861,120,1,26.817999999999998,11.715000000003783,1763578615260,1763578615280,,,,,,,,,,long,14866,376,321,232,2
s3_short_window,SHORT_WINDOW,24,0.5,300,2,279,ok,,,1,50.69237505085766,120,1,25.201,11.5509999999922,1763578632329,1763578632349,,,,,,,,,,long,14294,819,347,190,4
s3_short_window,SHORT_WINDOW,24,0.5,300,2,280,ok,,,1,49.660874996334314,120,1,24.441000000000003,10.987999999997555,1763578647917,1763578647936,,,,,,,,,,long,21787,318,203,205,2
s3_short_window,SHORT_WINDOW,24,0.5,300,2,281,ok,,,1,56.728041963651776,120,1,26.261999999999993,12.043999999994412,1763578672064,1763578672087,,,,,,,,,,long,19772,848,237,226,5
,,,,,,,preauth_failed,step4_wait,0,0,0.0,0,0,0.0,0.0,,,,,,,,,,,,,,,,,
s3_short_window,SHORT_WINDOW,24,0.5,300,2,283,ok,,,1,56.118749955203384,120,1,26.136999999999993,12.318000000006577,1763578698651,1763578698675,,,,,,,,,,long,20881,848,224,267,0
s3_short_window,SHORT_WINDOW,24,0.5,300,2,284,ok,,,1,50.66429096041247,120,1,24.069999999999993,11.02499999999418,1763578720952,1763578720973,,,,,,,,,,long,14209,469,274,179,2
s3_short_window,SHORT_WINDOW,24,0.5,300,2,285,ok,,,1,55.419875017832965,120,1,25.937999999999995,12.130000000004657,1763578737257,1763578737278,,,,,,,,,,long,15513,794,228,185,3
s3_short_window,SHORT_WINDOW,24,0.5,300,2,286,ok,,,1,55.62254204414785,120,1,25.91600000000001,12.116000000001804,1763578754397,1763578754418,,,,,,,,,,long,20530,767,212,194,2
s3_short_window,SHORT_WINDOW,24,0.5,300,2,287,ok,,,1,55.017208971548826,120,1,25.399000000000008,12.239000000001397,1763578776525,1763578776546,,,,,,,,,,long,19199,656,304,225,2
s3_short_window,SHORT_WINDOW,24,0.5,300,2,288,ok,,,1,53.93687495961785,120,1,27.009999999999998,11.068999999995867,1763578797192,1763578797213,,,,,,,,,,long,17700,381,330,256,3
s3_short_window,SHORT_WINDOW,24,0.5,300,2,289,ok,,,1,56.908708007540554,120,1,23.690999999999995,10.891999999999825,1763578817179,1763578817206,,,,,,,,,,long,17008,807,285,209,3
s3_short_window,SHORT_WINDOW,24,0.5,300,2,290,ok,,,1,53.617958968970925,120,1,23.311,12.241999999991094,1763578835526,1763578835548,,,,,,,,,,long,18528,375,285,162,2
s3_short_window,SHORT_WINDOW,24,0.5,300,2,291,ok,,,1,51.651582994963974,120,1,23.701999999999998,10.897999999993772,1763578855818,1763578855839,,,,,,,,,,long,17140,378,204,204,1
s3_short_window,SHORT_WINDOW,24,0.5,300,2,292,ok,,,1,52.84670798573643,120,1,23.937999999999995,11.094999999993888,1763578874782,1763578874804,,,,,,,,,,long,21612,399,201,276,6
s3_short_window,SHORT_WINDOW,24,0.5,300,2,293,ok,,,1,55.769458995200694,120,1,26.137999999999998,12.347999999998137,1763578898596,1763578898619,,,,,,,,,,long,18432,765,325,260,3
s3_short_window,SHORT_WINDOW,24,0.5,300,2,294,ok,,,1,50.65091699361801,120,1,26.003000000000007,10.581999999994878,1763578918502,1763578918523,,,,,,,,,,long,18819,442,343,155,0
s3_short_window,SHORT_WINDOW,24,0.5,300,2,295,ok,,,1,59.01945801451802,120,1,28.031999999999996,12.193000000006577,1763578939537,1763578939559,,,,,,,,,,long,16081,889,340,236,3
s3_short_window,SHORT_WINDOW,24,0.5,300,2,296,ok,,,1,58.85529104853049,120,1,25.962000000000003,12.017000000007101,1763578957352,1763578957376,,,,,,,,,,long,15428,796,245,177,2
s3_short_window,SHORT_WINDOW,24,0.5,300,2,297,ok,,,1,58.25433396967128,120,1,25.83399999999999,12.160000000003492,1763578974366,1763578974390,,,,,,,,,,long,20907,742,230,161,6
s3_short_window,SHORT_WINDOW,24,0.5,300,2,298,ok,,,1,52.2153329802677,120,1,27.120999999999995,11.29299999999057,1763578996590,1763578996609,,,,,,,,,,long,15771,323,287,256,3
s3_short_window,SHORT_WINDOW,24,0.5,300,2,299,ok,,,1,52.53350001294166,120,1,24.159,11.186000000001513,1763579014363,1763579014384,,,,,,,,,,long,16086,563,320,173,3
s3_short_window,SHORT_WINDOW,24,0.5,300,2,300,ok,,,1,54.89037500228733,120,1,30.076,10.767999999996391,1763579032078,1763579032097,,,,,,,,,,long,18065,392,342,173,1
s3_short_window,SHORT_WINDOW,24,0.5,400,2,1,ok,,,1,53.43087500659749,120,1,24.994,11.489999999990687,1763579052236,1763579052258,,,,,,,,,,long,18637,684,223,263,1
s3_short_window,SHORT_WINDOW,24,0.5,400,2,2,ok,,,1,47.84499999368563,120,1,22.020999999999994,10.072999999996682,1763579072311,1763579072330,,,,,,,,,,long,19969,472,253,187,3
s3_short_window,SHORT_WINDOW,24,0.5,400,2,3,ok,,,1,54.11850003292784,120,1,26.000999999999998,12.474999999998545,1763579094542,1763579094562,,,,,,,,,,long,21645,883,347,152,3
s3_short_window,SHORT_WINDOW,24,0.5,400,2,4,ok,,,1,55.82370900083333,120,1,27.525999999999996,10.869000000006054,1763579117427,1763579117449,,,,,,,,,,long,16915,280,317,183,2
s3_short_window,SHORT_WINDOW,24,0.5,400,2,5,ok,,,1,51.534875005017966,120,1,23.452000000000005,10.434000000001106,1763579136303,1763579136325,,,,,,,,,,long,13962,449,283,256,1
s3_short_window,SHORT_WINDOW,24,0.5,400,2,6,ok,,,1,62.828624970279634,120,1,27.692000000000007,12.320999999996275,1763579152331,1763579152359,,,,,,,,,,long,13880,675,339,161,2
s3_short_window,SHORT_WINDOW,24,0.5,400,2,7,ok,,,1,55.19716703565791,120,1,25.276000000000003,11.860000000000582,1763579168069,1763579168091,,,,,,,,,,long,20332,707,331,224,2
s3_short_window,SHORT_WINDOW,24,0.5,400,2,8,ok,,,2,471.7768339905888,240,2,40.13399999999999,15.943999999995867,1763579190328,1763579190351,,,,,,,,,,long,19779,384,308,263,2
s3_short_window,SHORT_WINDOW,24,0.5,400,2,9,ok,,,1,55.01066701253876,120,1,24.843999999999987,11.393999999992957,1763579211564,1763579211587,,,,,,,,,,long,18493,456,212,269,1
s3_short_window,SHORT_WINDOW,24,0.5,400,2,10,ok,,,1,58.42545797349885,120,1,25.915,12.30899999999383,1763579232229,1763579232254,,,,,,,,,,long,19698,804,226,225,5
s3_short_window,SHORT_WINDOW,24,0.5,400,2,11,ok,,,1,55.14775001211092,120,1,25.359999999999992,11.951999999997497,1763579253643,1763579253664,,,,,,,,,,long,14032,757,326,276,2
s3_short_window,SHORT_WINDOW,24,0.5,400,2,12,ok,,,1,56.301374977920204,120,1,26.371999999999993,12.414000000004307,1763579269528,1763579269552,,,,,,,,,,long,21520,774,213,233,1
s3_short_window,SHORT_WINDOW,24,0.5,400,2,13,ok,,,1,52.9847500147298,120,1,24.980000000000004,11.48399999999674,1763579292622,1763579292643,,,,,,,,,,long,16577,635,215,256,3
s3_short_window,SHORT_WINDOW,24,0.5,400,2,14,ok,,,1,53.77341702114791,120,1,25.183000000000007,11.719999999993888,1763579310932,1763579310952,,,,,,,,,,long,16237,555,253,206,5
s3_short_window,SHORT_WINDOW,24,0.5,400,2,15,ok,,,1,55.939999991096556,120,1,24.884,11.272999999993772,1763579328701,1763579328724,,,,,,,,,,long,20771,432,207,199,2
s3_short_window,SHORT_WINDOW,24,0.5,400,2,16,ok,,,1,57.23216698970646,120,1,25.685000000000002,12.074000000000524,1763579351613,1763579351637,,,,,,,,,,long,18800,756,252,169,3
s3_short_window,SHORT_WINDOW,24,0.5,400,2,17,ok,,,1,55.84574997192249,120,1,24.427,11.228999999992084,1763579371949,1763579371973,,,,,,,,,,long,20234,498,207,250,3
s3_short_window,SHORT_WINDOW,24,0.5,400,2,18,ok,,,1,55.05116598214954,120,1,26.738999999999997,12.27100000000064,1763579393801,1763579393822,,,,,,,,,,long,16547,287,247,254,1
s3_short_window,SHORT_WINDOW,24,0.5,400,2,19,ok,,,1,52.23691603168845,120,1,24.06000000000001,10.805000000007567,1763579412679,1763579412700,,,,,,,,,,long,14413,878,302,277,3
s3_short_window,SHORT_WINDOW,24,0.5,400,2,20,ok,,,1,62.856625008862466,120,1,25.997,12.30899999999383,1763579428597,1763579428625,,,,,,,,,,long,20017,546,208,187,5
s3_short_window,SHORT_WINDOW,24,0.5,400,2,21,ok,,,1,56.58604099880904,120,1,25.74299999999998,12.101000000002387,1763579450477,1763579450502,,,,,,,,,,long,14374,618,256,261,4
s3_short_window,SHORT_WINDOW,24,0.5,400,2,22,ok,,,1,53.93741698935628,120,1,25.524000000000015,11.949000000000524,1763579466492,1763579466512,,,,,,,,,,long,14782,639,335,190,0
s3_short_window,SHORT_WINDOW,24,0.5,400,2,23,ok,,,1,57.06579197430983,120,1,26.087999999999994,12.059999999997672,1763579483272,1763579483297,,,,,,,,,,long,14110,786,342,161,1
s3_short_window,SHORT_WINDOW,24,0.5,400,2,24,ok,,,1,55.48683402594179,120,1,25.84700000000001,12.280000000006112,1763579499216,1763579499239,,,,,,,,,,long,14801,896,303,237,1
s3_short_window,SHORT_WINDOW,24,0.5,400,2,25,ok,,,1,52.024042000994086,120,1,24.695,11.25099999998929,1763579515402,1763579515422,,,,,,,,,,long,18407,499,248,190,0
s3_short_window,SHORT_WINDOW,24,0.5,400,2,26,ok,,,1,59.79687499348074,120,1,25.924999999999997,12.457000000002154,1763579535789,1763579535814,,,,,,,,,,long,16840,657,298,235,1
s3_short_window,SHORT_WINDOW,24,0.5,400,2,27,ok,,,1,56.4489999669604,120,1,25.87999999999999,11.883999999998196,1763579554526,1763579554549,,,,,,,,,,long,21789,741,321,209,2
s3_short_window,SHORT_WINDOW,24,0.5,400,2,28,ok,,,1,58.57879196992144,120,1,25.670999999999985,12.400000000008731,1763579577871,1763579577897,,,,,,,,,,long,21127,705,228,239,5
s3_short_window,SHORT_WINDOW,24,0.5,400,2,29,ok,,,2,509.6422500209883,240,2,52.24599999999999,23.366000000001804,1763579600679,1763579600722,,,,,,,,,,long,17326,260,279,260,1
s3_short_window,SHORT_WINDOW,24,0.5,400,2,30,ok,,,1,55.48466695472598,120,1,27.585,10.898000000008324,1763579619707,1763579619732,,,,,,,,,,long,17219,557,221,213,1
s3_short_window,SHORT_WINDOW,24,0.5,400,2,31,ok,,,1,52.03420796897262,120,1,25.18699999999999,10.843999999997322,1763579638637,1763579638658,,,,,,,,,,long,15516,502,336,235,2
s3_short_window,SHORT_WINDOW,24,0.5,400,2,32,ok,,,1,56.641874951310456,120,1,26.043000000000006,12.059000000001106,1763579656198,1763579656220,,,,,,,,,,long,17296,692,276,190,0
s3_short_window,SHORT_WINDOW,24,0.5,400,2,33,ok,,,1,53.39608294889331,120,1,25.512000000000008,11.17099999999482,1763579674856,1763579674878,,,,,,,,,,long,16561,288,249,243,4
s3_short_window,SHORT_WINDOW,24,0.5,400,2,34,ok,,,1,50.19541596993804,120,1,23.409999999999997,10.752000000007683,1763579693435,1763579693455,,,,,,,,,,long,18713,542,313,195,2
s3_short_window,SHORT_WINDOW,24,0.5,400,2,35,ok,,,1,55.88608398102224,120,1,25.78499999999999,12.190000000002328,1763579714379,1763579714402,,,,,,,,,,long,14727,883,336,187,0
s3_short_window,SHORT_WINDOW,24,0.5,400,2,36,ok,,,1,48.77720901276916,120,1,25.065000000000005,9.95400000000518,1763579730369,1763579730390,,,,,,,,,,long,19971,427,349,202,2
s3_short_window,SHORT_WINDOW,24,0.5,400,2,37,ok,,,1,56.64266599342227,120,1,25.67799999999999,11.970000000001164,1763579752370,1763579752394,,,,,,,,,,long,14474,832,240,151,0
s3_short_window,SHORT_WINDOW,24,0.5,400,2,38,ok,,,1,58.17070900229737,120,1,26.23899999999999,12.354000000006636,1763579768460,1763579768485,,,,,,,,,,long,16014,702,226,218,1
s3_short_window,SHORT_WINDOW,24,0.5,400,2,39,ok,,,1,54.231999965850264,120,1,27.103,12.013999999995576,1763579785972,1763579785992,,,,,,,,,,long,21484,407,346,191,2
s3_short_window,SHORT_WINDOW,24,0.5,400,2,40,ok,,,1,53.862292028497905,120,1,26.731999999999985,10.281999999999243,1763579809313,1763579809334,,,,,,,,,,long,15256,405,305,279,1
s3_short_window,SHORT_WINDOW,24,0.5,400,2,41,ok,,,1,57.31370800640434,120,1,25.80000000000001,12.02100000000064,1763579826868,1763579826891,,,,,,,,,,long,21070,889,342,245,4
s3_short_window,SHORT_WINDOW,24,0.5,400,2,42,ok,,,1,52.03791696112603,120,1,24.833,11.12999999999738,1763579849258,1763579849277,,,,,,,,,,long,20875,413,221,203,4
s3_short_window,SHORT_WINDOW,24,0.5,400,2,43,ok,,,1,50.00433401437476,120,1,22.656,10.296999999998661,1763579871990,1763579872010,,,,,,,,,,long,19999,472,284,151,3
s3_short_window,SHORT_WINDOW,24,0.5,400,2,44,ok,,,1,55.07087497971952,120,1,25.934000000000005,12.074000000000524,1763579894077,1763579894097,,,,,,,,,,long,16415,718,345,159,3
s3_short_window,SHORT_WINDOW,24,0.5,400,2,45,ok,,,1,53.00120799802244,120,1,24.207,11.230000000003201,1763579911948,1763579911971,,,,,,,,,,long,14791,591,347,204,0
s3_short_window,SHORT_WINDOW,24,0.5,400,2,46,ok,,,1,49.32116699637845,120,1,23.769,11.714999999996508,1763579928411,1763579928430,,,,,,,,,,long,15921,441,304,234,4
s3_short_window,SHORT_WINDOW,24,0.5,400,2,47,ok,,,1,53.77749999752268,120,1,24.982000000000006,11.527999999998428,1763579946092,1763579946113,,,,,,,,,,long,21444,408,215,179,4
s3_short_window,SHORT_WINDOW,24,0.5,400,2,48,ok,,,1,57.59887502063066,120,1,26.04200000000001,12.181999999993423,1763579969818,1763579969842,,,,,,,,,,long,17175,795,215,229,1
s3_short_window,SHORT_WINDOW,24,0.5,400,2,49,ok,,,1,64.54808299895376,120,1,28.331000000000003,13.661000000007334,1763579988569,1763579988596,,,,,,,,,,long,16714,734,236,233,5
s3_short_window,SHORT_WINDOW,24,0.5,400,2,50,ok,,,1,58.19254199741408,120,1,26.790000000000013,12.790000000000873,1763580007062,1763580007087,,,,,,,,,,long,21271,725,281,152,6
s3_short_window,SHORT_WINDOW,24,0.5,400,2,51,ok,,,1,53.37054101983085,120,1,25.831999999999994,11.240999999994528,1763580030271,1763580030292,,,,,,,,,,long,19992,717,244,180,4
s3_short_window,SHORT_WINDOW,24,0.5,400,2,52,ok,,,1,61.93545903079212,120,1,26.186999999999998,12.669000000001688,1763580051739,1763580051768,,,,,,,,,,long,18631,542,219,166,0
s3_short_window,SHORT_WINDOW,24,0.5,400,2,53,ok,,,1,55.088791996240616,120,1,25.756,10.523000000001048,1763580072056,1763580072080,,,,,,,,,,long,14503,453,326,261,4
s3_short_window,SHORT_WINDOW,24,0.5,400,2,54,ok,,,1,54.36404200736433,120,1,25.348999999999997,11.724000000001979,1763580088659,1763580088680,,,,,,,,,,long,16593,706,236,258,2
s3_short_window,SHORT_WINDOW,24,0.5,400,2,55,ok,,,1,59.862540976610035,120,1,26.276999999999994,12.209000000002561,1763580107113,1763580107138,,,,,,,,,,long,16621,753,276,212,3
s3_short_window,SHORT_WINDOW,24,0.5,400,2,56,ok,,,1,54.748416994698346,120,1,26.59299999999999,12.461000000002969,1763580125646,1763580125667,,,,,,,,,,long,18505,829,310,276,5
s3_short_window,SHORT_WINDOW,24,0.5,400,2,57,ok,,,1,50.700000021606684,120,1,24.254000000000005,11.50800000000163,1763580145484,1763580145504,,,,,,,,,,long,20674,497,260,153,1
s3_short_window,SHORT_WINDOW,24,0.5,400,2,58,ok,,,1,51.596792007330805,120,1,23.996999999999993,10.769999999996799,1763580167983,1763580168003,,,,,,,,,,long,15875,475,249,169,2
s3_short_window,SHORT_WINDOW,24,0.5,400,2,59,ok,,,1,58.85404197033495,120,1,26.023999999999987,12.456999999994878,1763580185618,1763580185643,,,,,,,,,,long,14350,601,218,273,2
s3_short_window,SHORT_WINDOW,24,0.5,400,2,60,ok,,,1,53.04329202044755,120,1,24.506,11.247999999992317,1763580201637,1763580201659,,,,,,,,,,long,20680,525,345,221,4
s3_short_window,SHORT_WINDOW,24,0.5,400,2,61,ok,,,1,57.21562495455146,120,1,26.256000000000007,12.489999999997963,1763580224312,1763580224336,,,,,,,,,,long,16602,771,341,166,2
s3_short_window,SHORT_WINDOW,24,0.5,400,2,62,ok,,,1,55.99833303131163,120,1,25.50199999999999,12.273999999997613,1763580242734,1763580242757,,,,,,,,,,long,16524,773,243,170,3
s3_short_window,SHORT_WINDOW,24,0.5,400,2,63,ok,,,2,502.61583301471546,240,2,53.21499999999999,22.710000000006403,1763580260809,1763580260848,,,,,,,,,,long,19129,306,330,229,1
s3_short_window,SHORT_WINDOW,24,0.5,400,2,64,ok,,,2,503.1165420077741,240,2,54.589000000000006,22.369000000006054,1763580281713,1763580281752,,,,,,,,,,long,16289,276,301,247,3
s3_short_window,SHORT_WINDOW,24,0.5,400,2,65,ok,,,1,57.398792007006705,120,1,27.201999999999998,11.931000000004133,1763580299869,1763580299892,,,,,,,,,,long,16462,711,330,171,1
s3_short_window,SHORT_WINDOW,24,0.5,400,2,66,ok,,,1,60.19929196918383,120,1,26.065000000000005,12.319999999999709,1763580318226,1763580318252,,,,,,,,,,long,15473,828,293,229,3
s3_short_window,SHORT_WINDOW,24,0.5,400,2,67,ok,,,1,57.58574994979426,120,1,26.18200000000001,12.172000000005937,1763580335576,1763580335599,,,,,,,,,,long,19465,887,342,216,2
s3_short_window,SHORT_WINDOW,24,0.5,400,2,68,ok,,,1,59.38929202966392,120,1,26.303000000000004,12.313999999998487,1763580356834,1763580356857,,,,,,,,,,long,19978,880,207,241,2
s3_short_window,SHORT_WINDOW,24,0.5,400,2,69,ok,,,1,55.22837501484901,120,1,26.770999999999987,11.151999999994587,1763580377786,1763580377808,,,,,,,,,,long,17354,291,308,216,1
s3_short_window,SHORT_WINDOW,24,0.5,400,2,70,ok,,,1,54.43791695870459,120,1,25.731,12.242999999994936,1763580397263,1763580397284,,,,,,,,,,long,16744,635,236,232,0
s3_short_window,SHORT_WINDOW,24,0.5,400,2,71,ok,,,1,51.524458976928145,120,1,23.36999999999999,10.682000000000698,1763580415528,1763580415547,,,,,,,,,,long,18924,369,216,257,0
s3_short_window,SHORT_WINDOW,24,0.5,400,2,72,ok,,,1,53.7983329850249,120,1,23.607,10.760999999998603,1763580436344,1763580436365,,,,,,,,,,long,18958,406,220,155,4
s3_short_window,SHORT_WINDOW,24,0.5,400,2,73,ok,,,1,51.28025001613423,120,1,22.984999999999985,10.275000000001455,1763580457095,1763580457117,,,,,,,,,,long,18906,433,277,243,2
s3_short_window,SHORT_WINDOW,24,0.5,400,2,74,ok,,,1,58.150584052782506,120,1,25.426000000000002,12.185000000004948,1763580478184,1763580478209,,,,,,,,,,long,18684,739,304,261,8
s3_short_window,SHORT_WINDOW,24,0.5,400,2,75,ok,,,1,54.03920798562467,120,1,24.938999999999993,10.876999999993131,1763580498171,1763580498194,,,,,,,,,,long,17225,373,246,223,3
s3_short_window,SHORT_WINDOW,24,0.5,400,2,76,ok,,,1,55.1069580251351,120,1,25.784000000000006,12.385000000009313,1763580517603,1763580517626,,,,,,,,,,long,13898,654,203,218,2
s3_short_window,SHORT_WINDOW,24,0.5,400,2,77,ok,,,1,52.253790956456214,120,1,24.318000000000005,11.279999999998836,1763580533072,1763580533093,,,,,,,,,,long,16159,463,216,232,1
s3_short_window,SHORT_WINDOW,24,0.5,400,2,78,ok,,,1,56.60979199456051,120,1,25.779999999999994,11.864999999997963,1763580551262,1763580551284,,,,,,,,,,long,16361,730,288,225,2
s3_short_window,SHORT_WINDOW,24,0.5,400,2,79,ok,,,1,54.63870899984613,120,1,24.720999999999997,11.211000000002969,1763580569202,1763580569224,,,,,,,,,,long,15418,552,304,219,1
s3_short_window,SHORT_WINDOW,24,0.5,400,2,80,ok,,,1,50.727958034258336,120,1,24.595999999999997,11.451000000008207,1763580586207,1763580586226,,,,,,,,,,long,15083,338,242,248,3
s3_short_window,SHORT_WINDOW,24,0.5,400,2,81,ok,,,1,53.96016698796302,120,1,22.883000000000003,10.159000000014203,1763580603216,1763580603241,,,,,,,,,,long,17637,507,349,241,3
s3_short_window,SHORT_WINDOW,24,0.5,400,2,82,ok,,,1,52.51474998658523,120,1,24.561,11.427999999992608,1763580622645,1763580622667,,,,,,,,,,long,15507,530,336,175,5
s3_short_window,SHORT_WINDOW,24,0.5,400,2,83,ok,,,2,497.90675000986084,240,2,54.525000000000006,22.5,1763580640093,1763580640128,,,,,,,,,,long,18957,250,296,168,0
s3_short_window,SHORT_WINDOW,24,0.5,400,2,84,ok,,,1,59.19724999694154,120,1,27.42799999999999,12.986000000004424,1763580660615,1763580660638,,,,,,,,,,long,15068,531,248,253,1
s3_short_window,SHORT_WINDOW,24,0.5,400,2,85,ok,,,1,54.266084043774754,120,1,23.940999999999995,11.143000000003667,1763580677464,1763580677486,,,,,,,,,,long,19725,531,340,155,3
s3_short_window,SHORT_WINDOW,24,0.5,400,2,86,ok,,,1,56.9152079988271,120,1,26.701,12.150999999990745,1763580699109,1763580699130,,,,,,,,,,long,15948,579,229,213,3
s3_short_window,SHORT_WINDOW,24,0.5,400,2,87,ok,,,1,52.10866697598249,120,1,25.732,11.775000000001455,1763580716823,1763580716842,,,,,,,,,,long,20335,707,283,171,5
s3_short_window,SHORT_WINDOW,24,0.5,400,2,88,ok,,,1,53.11262502800673,120,1,25.686000000000007,12.069999999999709,1763580739050,1763580739071,,,,,,,,,,long,20901,860,275,206,4
s3_short_window,SHORT_WINDOW,24,0.5,400,2,89,ok,,,1,58.09833400417119,120,1,26.00399999999999,12.243999999998778,1763580761463,1763580761488,,,,,,,,,,long,15674,782,316,174,2
s3_short_window,SHORT_WINDOW,24,0.5,400,2,90,ok,,,1,55.63916696701199,120,1,24.163999999999994,11.233000000000175,1763580778591,1763580778616,,,,,,,,,,long,15775,471,276,259,0
s3_short_window,SHORT_WINDOW,24,0.5,400,2,91,ok,,,1,51.57183395931497,120,1,25.252000000000002,11.796999999998661,1763580796324,1763580796345,,,,,,,,,,long,15898,663,267,168,5
s3_short_window,SHORT_WINDOW,24,0.5,400,2,92,ok,,,1,56.55750003643334,120,1,24.787,11.494999999995343,1763580813646,1763580813669,,,,,,,,,,long,14329,334,209,197,3
s3_short_window,SHORT_WINDOW,24,0.5,400,2,93,ok,,,1,58.0551250022836,120,1,25.575000000000003,12.085000000006403,1763580830391,1763580830415,,,,,,,,,,long,15709,891,285,273,0
s3_short_window,SHORT_WINDOW,24,0.5,400,2,94,ok,,,1,51.5782079892233,120,1,25.450000000000003,10.869999999988067,1763580847378,1763580847399,,,,,,,,,,long,18775,327,300,258,2
s3_short_window,SHORT_WINDOW,24,0.5,400,2,95,ok,,,1,50.07437500171363,120,1,24.601999999999997,10.722999999998137,1763580868043,1763580868062,,,,,,,,,,long,16807,409,302,231,5
s3_short_window,SHORT_WINDOW,24,0.5,400,2,96,ok,,,1,53.464458032976836,120,1,24.769,11.476000000002387,1763580886659,1763580886682,,,,,,,,,,long,21286,430,202,235,3
s3_short_window,SHORT_WINDOW,24,0.5,400,2,97,ok,,,1,48.39545796858147,120,1,23.012000000000008,10.56199999999808,1763580909647,1763580909668,,,,,,,,,,long,15859,385,219,208,3
s3_short_window,SHORT_WINDOW,24,0.5,400,2,98,ok,,,1,57.82400001771748,120,1,25.119000000000007,11.881999999997788,1763580927510,1763580927535,,,,,,,,,,long,15428,523,220,173,1
s3_short_window,SHORT_WINDOW,24,0.5,400,2,99,ok,,,1,55.35895802313462,120,1,26.84300000000001,10.831999999994878,1763580944678,1763580944701,,,,,,,,,,long,17115,471,247,203,3
s3_short_window,SHORT_WINDOW,24,0.5,400,2,100,ok,,,1,56.28612503642216,120,1,25.51699999999999,12.12800000000425,1763580964063,1763580964087,,,,,,,,,,long,20203,890,300,176,1
s3_short_window,SHORT_WINDOW,24,0.5,400,2,101,ok,,,1,52.870791987515986,120,1,24.456000000000003,11.20799999999872,1763580985630,1763580985650,,,,,,,,,,long,15929,503,230,264,3
s3_short_window,SHORT_WINDOW,24,0.5,400,2,102,ok,,,1,52.58187500294298,120,1,25.657000000000004,11.882000000005064,1763581003434,1763581003455,,,,,,,,,,long,20637,658,282,205,1
s3_short_window,SHORT_WINDOW,24,0.5,400,2,103,ok,,,1,57.259042048826814,120,1,26.20000000000001,12.254000000000815,1763581026046,1763581026070,,,,,,,,,,long,21493,809,288,160,3
s3_short_window,SHORT_WINDOW,24,0.5,400,2,104,ok,,,1,51.51245795423165,120,1,23.928999999999995,12.384000000005472,1763581048702,1763581048722,,,,,,,,,,long,17075,282,225,240,1
s3_short_window,SHORT_WINDOW,24,0.5,400,2,105,ok,,,1,56.68629100546241,120,1,25.92,12.201000000000931,1763581068148,1763581068171,,,,,,,,,,long,20376,826,309,244,2
s3_short_window,SHORT_WINDOW,24,0.5,400,2,106,ok,,,1,54.79391600238159,120,1,25.17199999999999,11.699000000000524,1763581089769,1763581089791,,,,,,,,,,long,14946,324,272,208,4
s3_short_window,SHORT_WINDOW,24,0.5,400,2,107,ok,,,1,55.268416996113956,120,1,25.705999999999996,12.163000000000466,1763581106945,1763581106968,,,,,,,,,,long,14390,713,340,266,1
s3_short_window,SHORT_WINDOW,24,0.5,400,2,108,ok,,,1,55.8329580235295,120,1,26.480000000000004,12.10399999999936,1763581123320,1763581123342,,,,,,,,,,long,21526,892,226,201,3
s3_short_window,SHORT_WINDOW,24,0.5,400,2,109,ok,,,1,52.860750001855195,120,1,23.791000000000004,10.877000000007683,1763581146152,1763581146174,,,,,,,,,,long,14308,467,224,196,6
s3_short_window,SHORT_WINDOW,24,0.5,400,2,110,ok,,,1,54.84541697660461,120,1,25.700000000000003,12.293000000005122,1763581162347,1763581162370,,,,,,,,,,long,13852,792,276,206,0
s3_short_window,SHORT_WINDOW,24,0.5,400,2,111,ok,,,1,58.33137495210394,120,1,26.018000000000008,11.21200000000681,1763581177520,1763581177544,,,,,,,,,,long,20138,262,218,261,4
s3_short_window,SHORT_WINDOW,24,0.5,400,2,112,ok,,,1,57.17395799001679,120,1,26.281999999999996,12.214000000007218,1763581199907,1763581199932,,,,,,,,,,long,16984,755,226,190,2
s3_short_window,SHORT_WINDOW,24,0.5,400,2,113,ok,,,1,50.67425000015646,120,1,23.599999999999994,10.76600000000326,1763581218220,1763581218240,,,,,,,,,,long,16593,429,228,243,4
s3_short_window,SHORT_WINDOW,24,0.5,400,2,114,ok,,,1,50.16454198630527,120,1,23.467000000000006,10.555999999996857,1763581236666,1763581236685,,,,,,,,,,long,19722,383,229,170,2
s3_short_window,SHORT_WINDOW,24,0.5,400,2,115,ok,,,1,50.84162502316758,120,1,25.528000000000006,11.908000000003085,1763581258429,1763581258449,,,,,,,,,,long,17701,621,236,234,1
s3_short_window,SHORT_WINDOW,24,0.5,400,2,116,ok,,,1,54.60950004635379,120,1,24.978999999999992,12.005000000004657,1763581277655,1763581277678,,,,,,,,,,long,13905,442,303,277,3
s3_short_window,SHORT_WINDOW,24,0.5,400,2,117,ok,,,1,54.192874988075346,120,1,25.440000000000005,12.213999999999942,1763581293541,1763581293561,,,,,,,,,,long,17789,623,219,223,3
s3_short_window,SHORT_WINDOW,24,0.5,400,2,118,ok,,,1,52.2426669485867,120,1,25.199999999999996,11.903000000005704,1763581313069,1763581313089,,,,,,,,,,long,18606,771,206,265,1
s3_short_window,SHORT_WINDOW,24,0.5,400,2,119,ok,,,1,51.19416699744761,120,1,24.101,11.41900000001624,1763581333293,1763581333312,,,,,,,,,,long,19656,624,348,254,2
s3_short_window,SHORT_WINDOW,24,0.5,400,2,120,ok,,,1,57.37529200268909,120,1,25.907000000000004,12.044000000001688,1763581354929,1763581354953,,,,,,,,,,long,14498,866,219,181,2
s3_short_window,SHORT_WINDOW,24,0.5,400,2,121,ok,,,1,57.205333025194705,120,1,24.494000000000007,11.440999999998894,1763581370657,1763581370682,,,,,,,,,,long,20842,514,272,259,1
s3_short_window,SHORT_WINDOW,24,0.5,400,2,122,ok,,,1,58.01949999295175,120,1,25.851,12.133999999998196,1763581393576,1763581393599,,,,,,,,,,long,14966,710,204,224,1
s3_short_window,SHORT_WINDOW,24,0.5,400,2,123,ok,,,1,55.547541996929795,120,1,27.31900000000001,11.458000000005995,1763581409887,1763581409908,,,,,,,,,,long,20041,286,292,240,3
s3_short_window,SHORT_WINDOW,24,0.5,400,2,124,ok,,,1,51.04841600405052,120,1,26.363999999999997,10.63799999999901,1763581431760,1763581431781,,,,,,,,,,long,19095,364,266,220,6
s3_short_window,SHORT_WINDOW,24,0.5,400,2,125,ok,,,1,54.042291012592614,120,1,26.01599999999999,11.048000000002503,1763581452564,1763581452584,,,,,,,,,,long,14436,306,235,224,3
s3_short_window,SHORT_WINDOW,24,0.5,400,2,126,ok,,,1,55.931582988705486,120,1,25.545,11.993999999998778,1763581469175,1763581469198,,,,,,,,,,long,17558,713,276,246,3
s3_short_window,SHORT_WINDOW,24,0.5,400,2,127,ok,,,1,54.9488749820739,120,1,25.727999999999987,12.18800000000192,1763581488576,1763581488598,,,,,,,,,,long,16814,813,238,181,0
s3_short_window,SHORT_WINDOW,24,0.5,400,2,128,ok,,,1,55.386624997481704,120,1,26.276000000000003,12.312000000005355,1763581506826,1763581506848,,,,,,,,,,long,15675,528,206,190,1
s3_short_window,SHORT_WINDOW,24,0.5,400,2,129,ok,,,1,54.98666601488367,120,1,24.817000000000007,11.614000000001397,1763581524511,1763581524533,,,,,,,,,,long,20766,725,246,272,10
s3_short_window,SHORT_WINDOW,24,0.5,400,2,130,ok,,,3,901.0949999792501,360,3,59.285999999999994,14.575999999993655,1763581547842,1763581547866,,,,,,,,,,long,19190,624,307,258,1
s3_short_window,SHORT_WINDOW,24,0.5,400,2,131,ok,,,1,56.676375039387494,120,1,25.927000000000007,12.269000000007509,1763581568169,1763581568193,,,,,,,,,,long,14819,789,288,154,2
s3_short_window,SHORT_WINDOW,24,0.5,400,2,132,ok,,,1,50.66708300728351,120,1,23.532000000000004,11.589000000007218,1763581584347,1763581584367,,,,,,,,,,long,18336,336,262,237,6
s3_short_window,SHORT_WINDOW,24,0.5,400,2,133,ok,,,1,49.989040999207646,120,1,22.461000000000002,10.384000000005472,1763581604624,1763581604646,,,,,,,,,,long,18579,451,272,180,2
s3_short_window,SHORT_WINDOW,24,0.5,400,2,134,ok,,,1,53.461458010133356,120,1,25.519000000000005,12.237999999997555,1763581625317,1763581625338,,,,,,,,,,long,19223,756,295,279,2
s3_short_window,SHORT_WINDOW,24,0.5,400,2,135,ok,,,1,61.85850000474602,120,1,26.200999999999986,12.644000000000233,1763581646240,1763581646268,,,,,,,,,,long,21732,701,316,152,5
s3_short_window,SHORT_WINDOW,24,0.5,400,2,136,ok,,,1,53.48445801064372,120,1,25.621999999999986,11.843000000000757,1763581669646,1763581669666,,,,,,,,,,long,14889,596,284,195,0
s3_short_window,SHORT_WINDOW,24,0.5,400,2,137,ok,,,1,51.65124998893589,120,1,24.394,11.101999999991676,1763581686342,1763581686361,,,,,,,,,,long,15629,552,275,189,3
s3_short_window,SHORT_WINDOW,24,0.5,400,2,138,ok,,,1,52.20358300721273,120,1,25.108999999999995,11.724000000001979,1763581703452,1763581703474,,,,,,,,,,long,19780,353,241,248,6
s3_short_window,SHORT_WINDOW,24,0.5,400,2,139,ok,,,1,60.75650005368516,120,1,26.275999999999996,12.39199999999255,1763581725340,1763581725366,,,,,,,,,,long,20460,574,217,195,2
s3_short_window,SHORT_WINDOW,24,0.5,400,2,140,ok,,,1,59.11329202353954,120,1,26.134999999999984,12.472999999998137,1763581747723,1763581747748,,,,,,,,,,long,17609,740,312,209,1
s3_short_window,SHORT_WINDOW,24,0.5,400,2,141,ok,,,1,53.311166993808,120,1,25.971999999999994,11.390000000006694,1763581766696,1763581766716,,,,,,,,,,long,18202,342,258,164,0
s3_short_window,SHORT_WINDOW,24,0.5,400,2,142,ok,,,1,47.73225000826642,120,1,23.502999999999993,10.755000000004657,1763581786756,1763581786775,,,,,,,,,,long,19619,469,265,166,2
s3_short_window,SHORT_WINDOW,24,0.5,400,2,143,ok,,,1,56.9441249826923,120,1,26.084999999999987,12.048000000002503,1763581808648,1763581808671,,,,,,,,,,long,20567,828,271,182,3
s3_short_window,SHORT_WINDOW,24,0.5,400,2,144,ok,,,1,58.489791001193225,120,1,25.838,12.459999999999127,1763581830825,1763581830849,,,,,,,,,,long,19961,875,299,277,2
s3_short_window,SHORT_WINDOW,24,0.5,400,2,145,ok,,,2,472.29091700864956,240,2,38.986,14.415000000000873,1763581852923,1763581852948,,,,,,,,,,long,15443,766,237,264,3
s3_short_window,SHORT_WINDOW,24,0.5,400,2,146,ok,,,1,56.639290996827185,120,1,24.613000000000007,11.26600000000326,1763581869516,1763581869541,,,,,,,,,,long,20454,502,231,162,0
s3_short_window,SHORT_WINDOW,24,0.5,400,2,147,ok,,,1,55.479458009358495,120,1,25.657000000000004,11.756999999997788,1763581891885,1763581891908,,,,,,,,,,long,19457,639,300,218,4
s3_short_window,SHORT_WINDOW,24,0.5,400,2,148,ok,,,1,55.65137497615069,120,1,25.995999999999988,10.89600000000064,1763581912871,1763581912893,,,,,,,,,,long,14241,407,334,245,3
s3_short_window,SHORT_WINDOW,24,0.5,400,2,149,ok,,,1,49.568167014513165,120,1,25.052999999999997,10.750999999996566,1763581928802,1763581928821,,,,,,,,,,long,13797,362,267,251,4
s3_short_window,SHORT_WINDOW,24,0.5,400,2,150,ok,,,1,51.18716700235382,120,1,23.327999999999996,10.768999999992957,1763581944503,1763581944525,,,,,,,,,,long,21724,444,250,186,3
s3_short_window,SHORT_WINDOW,24,0.5,400,2,151,ok,,,2,503.5781660117209,240,2,52.778000000000006,22.639000000002852,1763581968308,1763581968347,,,,,,,,,,long,16440,251,324,278,1
s3_short_window,SHORT_WINDOW,24,0.5,400,2,152,ok,,,1,52.81912494683638,120,1,24.253000000000007,11.28200000000652,1763581986208,1763581986231,,,,,,,,,,long,17591,463,229,176,3
s3_short_window,SHORT_WINDOW,24,0.5,400,2,153,ok,,,1,56.6360839875415,120,1,26.901999999999987,11.607000000010885,1763582005422,1763582005444,,,,,,,,,,long,20000,365,335,275,0
s3_short_window,SHORT_WINDOW,24,0.5,400,2,154,ok,,,1,54.9972919980064,120,1,25.75699999999999,12.013999999995576,1763582027542,1763582027563,,,,,,,,,,long,15671,589,241,200,5
s3_short_window,SHORT_WINDOW,24,0.5,400,2,155,ok,,,1,53.81754197878763,120,1,25.868000000000002,12.155999999995402,1763582045107,1763582045129,,,,,,,,,,long,18404,701,342,171,2
s3_short_window,SHORT_WINDOW,24,0.5,400,2,156,ok,,,1,53.212667000479996,120,1,24.254000000000005,11.364000000001397,1763582065046,1763582065068,,,,,,,,,,long,20955,577,286,242,1
s3_short_window,SHORT_WINDOW,24,0.5,400,2,157,ok,,,1,56.85112503124401,120,1,26.601000000000006,11.865999999994528,1763582087668,1763582087690,,,,,,,,,,long,18791,413,348,164,3
s3_short_window,SHORT_WINDOW,24,0.5,400,2,158,ok,,,1,59.93445799686015,120,1,25.81599999999999,12.347000000001572,1763582108705,1763582108731,,,,,,,,,,long,15362,831,210,274,0
s3_short_window,SHORT_WINDOW,24,0.5,400,2,159,ok,,,1,51.85183300636709,120,1,26.778,10.172999999995227,1763582125354,1763582125374,,,,,,,,,,long,21474,362,259,272,1
s3_short_window,SHORT_WINDOW,24,0.5,400,2,160,ok,,,1,53.854209021665156,120,1,26.140000000000008,12.259999999994761,1763582149032,1763582149052,,,,,,,,,,long,15729,740,327,259,2
s3_short_window,SHORT_WINDOW,24,0.5,400,2,161,ok,,,1,56.46695801988244,120,1,26.378999999999998,12.106999999996333,1763582166438,1763582166460,,,,,,,,,,long,14937,652,218,211,0
s3_short_window,SHORT_WINDOW,24,0.5,400,2,162,ok,,,1,51.93954199785367,120,1,25.221000000000004,11.884000000005472,1763582183366,1763582183386,,,,,,,,,,long,20617,860,281,243,3
s3_short_window,SHORT_WINDOW,24,0.5,400,2,163,ok,,,1,56.37487501371652,120,1,26.95799999999999,10.980000000003201,1763582205089,1763582205111,,,,,,,,,,long,20364,259,208,214,4
s3_short_window,SHORT_WINDOW,24,0.5,400,2,164,ok,,,2,496.47345900302753,240,2,52.054,21.57800000000134,1763582227780,1763582227817,,,,,,,,,,long,18548,270,321,267,3
s3_short_window,SHORT_WINDOW,24,0.5,400,2,165,ok,,,1,50.13020901242271,120,1,23.356,10.870999999999185,1763582247749,1763582247770,,,,,,,,,,long,22042,375,218,158,5
s3_short_window,SHORT_WINDOW,24,0.5,400,2,166,ok,,,1,51.70916602946818,120,1,23.296999999999997,10.836999999992258,1763582271430,1763582271453,,,,,,,,,,long,14894,431,253,280,2
s3_short_window,SHORT_WINDOW,24,0.5,400,2,167,ok,,,1,53.749583021271974,120,1,26.850999999999992,11.950000000004366,1763582288440,1763582288460,,,,,,,,,,long,19932,655,233,236,3
s3_short_window,SHORT_WINDOW,24,0.5,400,2,168,ok,,,1,58.72804200043902,120,1,26.375000000000007,12.43699999999808,1763582309901,1763582309926,,,,,,,,,,long,16532,586,205,266,3
s3_short_window,SHORT_WINDOW,24,0.5,400,2,169,ok,,,1,54.36070798896253,120,1,25.405,12.152000000001863,1763582328408,1763582328430,,,,,,,,,,long,21041,743,289,231,1
s3_short_window,SHORT_WINDOW,24,0.5,400,2,170,ok,,,1,54.53900003340095,120,1,25.706000000000003,12.180000000000291,1763582350971,1763582350992,,,,,,,,,,long,16970,652,300,261,2
s3_short_window,SHORT_WINDOW,24,0.5,400,2,171,ok,,,1,59.01216698111966,120,1,25.055000000000014,11.786999999996624,1763582369592,1763582369618,,,,,,,,,,long,20785,558,265,229,5
s3_short_window,SHORT_WINDOW,24,0.5,400,2,172,ok,,,1,54.1200420120731,120,1,22.895,10.49199999999837,1763582392065,1763582392087,,,,,,,,,,long,15999,548,259,255,0
s3_short_window,SHORT_WINDOW,24,0.5,400,2,173,ok,,,1,55.29654200654477,120,1,26.213,12.199000000000524,1763582410196,1763582410217,,,,,,,,,,long,17401,807,335,200,2
s3_short_window,SHORT_WINDOW,24,0.5,400,2,174,ok,,,1,52.051167003810406,120,1,25.495999999999995,11.855999999999767,1763582429186,1763582429207,,,,,,,,,,long,15202,674,208,170,0
s3_short_window,SHORT_WINDOW,24,0.5,400,2,175,ok,,,1,57.06683301832527,120,1,26.068999999999996,12.05800000000454,1763582446398,1763582446422,,,,,,,,,,long,14823,881,337,253,4
s3_short_window,SHORT_WINDOW,24,0.5,400,2,176,ok,,,1,57.21495801117271,120,1,26.430999999999997,12.616000000001804,1763582462752,1763582462775,,,,,,,,,,long,16008,677,236,181,1
s3_short_window,SHORT_WINDOW,24,0.5,400,2,177,ok,,,1,53.27691597631201,120,1,24.083,11.103999999992084,1763582480105,1763582480126,,,,,,,,,,long,14185,438,220,213,3
s3_short_window,SHORT_WINDOW,24,0.5,400,2,178,ok,,,1,56.71070801327005,120,1,25.878999999999998,12.430000000000291,1763582496279,1763582496301,,,,,,,,,,long,17605,594,244,180,0
s3_short_window,SHORT_WINDOW,24,0.5,400,2,179,ok,,,1,53.69633302325383,120,1,25.974999999999994,12.174000000006345,1763582515892,1763582515914,,,,,,,,,,long,14251,820,318,207,3
s3_short_window,SHORT_WINDOW,24,0.5,400,2,180,ok,,,1,54.73441700451076,120,1,26.073999999999998,12.32999999999447,1763582531727,1763582531748,,,,,,,,,,long,14067,660,291,234,2
s3_short_window,SHORT_WINDOW,24,0.5,400,2,181,ok,,,1,52.934916981030256,120,1,25.68,12.047999999995227,1763582547510,1763582547529,,,,,,,,,,long,18574,593,215,195,2
s3_short_window,SHORT_WINDOW,24,0.5,400,2,182,ok,,,1,58.74795897398144,120,1,26.366999999999997,12.578000000001339,1763582568109,1763582568135,,,,,,,,,,long,18159,835,277,220,0
s3_short_window,SHORT_WINDOW,24,0.5,400,2,183,ok,,,1,60.07233401760459,120,1,26.629999999999995,12.510999999998603,1763582588006,1763582588030,,,,,,,,,,long,19700,726,218,182,3
s3_short_window,SHORT_WINDOW,24,0.5,400,2,184,ok,,,1,53.909917012788355,120,1,25.709999999999994,11.905999999995402,1763582609701,1763582609721,,,,,,,,,,long,19843,896,339,225,4
s3_short_window,SHORT_WINDOW,24,0.5,400,2,185,ok,,,1,52.80662496807054,120,1,24.066999999999993,11.130000000004657,1763582630870,1763582630891,,,,,,,,,,long,20714,490,259,229,4
s3_short_window,SHORT_WINDOW,24,0.5,400,2,186,ok,,,1,57.903415989130735,120,1,25.992999999999995,12.417999999997846,1763582653260,1763582653282,,,,,,,,,,long,18177,389,322,250,3
s3_short_window,SHORT_WINDOW,24,0.5,400,2,187,ok,,,1,59.51979203382507,120,1,26.002000000000002,12.148999999997613,1763582673639,1763582673663,,,,,,,,,,long,17480,849,307,205,1
s3_short_window,SHORT_WINDOW,24,0.5,400,2,188,ok,,,1,54.319458024110645,120,1,26.466999999999985,11.730000000003201,1763582692244,1763582692264,,,,,,,,,,long,21413,301,243,230,3
s3_short_window,SHORT_WINDOW,24,0.5,400,2,189,ok,,,1,52.06616601208225,120,1,24.621999999999993,10.744000000006054,1763582715528,1763582715549,,,,,,,,,,long,20547,409,319,167,2
s3_short_window,SHORT_WINDOW,24,0.5,400,2,190,ok,,,1,55.96908298321068,120,1,25.628999999999998,11.989999999997963,1763582738222,1763582738245,,,,,,,,,,long,19390,713,310,225,1
s3_short_window,SHORT_WINDOW,24,0.5,400,2,191,ok,,,1,55.59070804156363,120,1,25.000999999999998,11.400999999990745,1763582759155,1763582759177,,,,,,,,,,long,19009,514,295,192,5
s3_short_window,SHORT_WINDOW,24,0.5,400,2,192,ok,,,1,59.414540999569,120,1,25.824999999999996,12.03399999999965,1763582780078,1763582780104,,,,,,,,,,long,14795,681,322,198,2
s3_short_window,SHORT_WINDOW,24,0.5,400,2,193,ok,,,1,54.94100000942126,120,1,26.183999999999997,12.309000000001106,1763582796752,1763582796774,,,,,,,,,,long,19050,736,259,257,3
s3_short_window,SHORT_WINDOW,24,0.5,400,2,194,ok,,,1,54.642500006593764,120,1,27.613999999999983,11.562999999994645,1763582817221,1763582817242,,,,,,,,,,long,16212,339,340,217,2
s3_short_window,SHORT_WINDOW,24,0.5,400,2,195,ok,,,1,57.711125002242625,120,1,26.023000000000017,12.441000000013446,1763582835568,1763582835592,,,,,,,,,,long,19373,724,234,229,0
s3_short_window,SHORT_WINDOW,24,0.5,400,2,196,ok,,,1,54.70612499630079,120,1,25.628000000000007,12.084000000002561,1763582856830,1763582856851,,,,,,,,,,long,14194,780,248,160,2
s3_short_window,SHORT_WINDOW,24,0.5,400,2,197,ok,,,2,471.23166697565466,240,2,37.803000000000004,13.4120000000039,1763582873138,1763582873163,,,,,,,,,,long,21628,870,275,280,3
s3_short_window,SHORT_WINDOW,24,0.5,400,2,198,ok,,,1,53.09150001266971,120,1,26.768,10.486000000004424,1763582895609,1763582895630,,,,,,,,,,long,14162,431,221,161,1
s3_short_window,SHORT_WINDOW,24,0.5,400,2,199,ok,,,1,56.413125013932586,120,1,24.066000000000003,11.047000000005937,1763582911623,1763582911649,,,,,,,,,,long,13893,455,267,158,0
s3_short_window,SHORT_WINDOW,24,0.5,400,2,200,ok,,,2,477.6888340129517,240,2,41.781000000000006,17.053999999981897,1763582928141,1763582928167,,,,,,,,,,long,17224,892,200,226,7
s3_short_window,SHORT_WINDOW,24,0.5,400,2,201,ok,,,1,55.08954095421359,120,1,26.112999999999985,12.095000000001164,1763582946611,1763582946631,,,,,,,,,,long,13972,815,201,254,1
s3_short_window,SHORT_WINDOW,24,0.5,400,2,202,ok,,,1,52.37366596702486,120,1,25.891999999999996,11.137000000002445,1763582962184,1763582962202,,,,,,,,,,long,17851,692,251,244,3
s3_short_window,SHORT_WINDOW,24,0.5,400,2,203,ok,,,1,55.300625041127205,120,1,25.718000000000004,12.188000000009197,1763582981853,1763582981874,,,,,,,,,,long,20744,699,257,248,0
s3_short_window,SHORT_WINDOW,24,0.5,400,2,204,ok,,,1,60.80562499118969,120,1,26.21399999999999,12.247999999999593,1763583004499,1763583004526,,,,,,,,,,long,19620,768,275,186,1
s3_short_window,SHORT_WINDOW,24,0.5,400,2,205,ok,,,1,55.649207963142544,120,1,26.015000000000008,11.983000000000175,1763583025846,1763583025868,,,,,,,,,,long,20939,762,265,177,1
s3_short_window,SHORT_WINDOW,24,0.5,400,2,206,ok,,,1,58.26787499245256,120,1,26.38900000000001,12.319999999999709,1763583048457,1763583048480,,,,,,,,,,long,19413,682,253,249,2
s3_short_window,SHORT_WINDOW,24,0.5,400,2,207,ok,,,1,48.44458302250132,120,1,23.635999999999996,10.885999999998603,1763583069437,1763583069456,,,,,,,,,,long,18220,497,314,213,2
s3_short_window,SHORT_WINDOW,24,0.5,400,2,208,ok,,,1,52.70604102406651,120,1,24.651999999999994,11.418999999987136,1763583089336,1763583089356,,,,,,,,,,long,15215,483,263,243,2
s3_short_window,SHORT_WINDOW,24,0.5,400,2,209,ok,,,1,57.86820803768933,120,1,26.223,12.211000000002969,1763583106624,1763583106650,,,,,,,,,,long,17966,736,248,277,2
s3_short_window,SHORT_WINDOW,24,0.5,400,2,210,ok,,,1,57.576916995458305,120,1,25.539999999999992,11.978999999992084,1763583126354,1763583126377,,,,,,,,,,long,16856,631,317,233,4
s3_short_window,SHORT_WINDOW,24,0.5,400,2,211,ok,,,1,57.49591701896861,120,1,24.144999999999996,10.978000000002794,1763583144982,1763583145007,,,,,,,,,,long,16065,681,226,278,2
s3_short_window,SHORT_WINDOW,24,0.5,400,2,212,ok,,,2,498.6067920108326,240,2,51.679999999999986,21.700999999993655,1763583162984,1763583163024,,,,,,,,,,long,16061,299,346,272,3
s3_short_window,SHORT_WINDOW,24,0.5,400,2,213,ok,,,1,56.100083980709314,120,1,25.997000000000007,12.107000000003609,1763583180852,1763583180874,,,,,,,,,,long,20208,717,265,233,4
s3_short_window,SHORT_WINDOW,24,0.5,400,2,214,ok,,,1,55.92587502906099,120,1,24.463999999999995,12.902000000009139,1763583202556,1763583202578,,,,,,,,,,long,15557,519,338,222,2
s3_short_window,SHORT_WINDOW,24,0.5,400,2,215,ok,,,1,56.77899997681379,120,1,25.049000000000007,11.848999999994703,1763583219958,1763583219982,,,,,,,,,,long,15906,507,217,242,1
s3_short_window,SHORT_WINDOW,24,0.5,400,2,216,ok,,,1,54.22316602198407,120,1,25.368999999999993,11.792999999997846,1763583237650,1763583237671,,,,,,,,,,long,20306,438,231,233,1
s3_short_window,SHORT_WINDOW,24,0.5,400,2,217,ok,,,1,54.39604201819748,120,1,23.78000000000001,10.979000000006636,1763583259602,1763583259624,,,,,,,,,,long,15706,488,319,197,4
s3_short_window,SHORT_WINDOW,24,0.5,400,2,218,ok,,,1,53.60645800828934,120,1,25.645999999999994,12.061000000001513,1763583277336,1763583277358,,,,,,,,,,long,16207,704,316,228,4
s3_short_window,SHORT_WINDOW,24,0.5,400,2,219,ok,,,1,50.87804200593382,120,1,23.783,11.096000000005006,1763583295154,1763583295175,,,,,,,,,,long,14989,555,257,247,0
s3_short_window,SHORT_WINDOW,24,0.5,400,2,220,ok,,,1,60.12491602450609,120,1,25.686999999999998,12.209000000002561,1763583312184,1763583312209,,,,,,,,,,long,21040,718,295,231,4
s3_short_window,SHORT_WINDOW,24,0.5,400,2,221,ok,,,1,57.56066698813811,120,1,24.045,11.301999999996042,1763583335138,1763583335163,,,,,,,,,,long,19923,835,340,172,6
s3_short_window,SHORT_WINDOW,24,0.5,400,2,222,ok,,,1,50.668541982304305,120,1,23.360999999999997,12.06300000000192,1763583356382,1763583356401,,,,,,,,,,long,16227,388,240,153,2
s3_short_window,SHORT_WINDOW,24,0.5,400,2,223,ok,,,1,55.36295799538493,120,1,26.102999999999994,12.055999999996857,1763583374913,1763583374933,,,,,,,,,,long,20519,872,245,180,5
s3_short_window,SHORT_WINDOW,24,0.5,400,2,224,ok,,,1,53.48362500080839,120,1,25.333,11.552000000010594,1763583396713,1763583396734,,,,,,,,,,long,21715,383,308,253,4
s3_short_window,SHORT_WINDOW,24,0.5,400,2,225,ok,,,1,55.33054197439924,120,1,26.252999999999993,11.747999999999593,1763583420230,1763583420251,,,,,,,,,,long,16126,398,243,215,3
s3_short_window,SHORT_WINDOW,24,0.5,400,2,226,ok,,,1,57.42525000823662,120,1,24.808,11.51600000000326,1763583438251,1763583438275,,,,,,,,,,long,16506,578,315,222,1
s3_short_window,SHORT_WINDOW,24,0.5,400,2,227,ok,,,1,56.381332979071885,120,1,24.745000000000005,11.064000000005763,1763583456339,1763583456364,,,,,,,,,,long,17650,356,211,247,0
s3_short_window,SHORT_WINDOW,24,0.5,400,2,228,ok,,,1,51.674290967639536,120,1,24.738999999999997,11.06699999999546,1763583475782,1763583475804,,,,,,,,,,long,17336,428,280,259,1
s3_short_window,SHORT_WINDOW,24,0.5,400,2,229,ok,,,1,51.63487500976771,120,1,23.794999999999995,10.70400000000518,1763583495234,1763583495256,,,,,,,,,,long,22052,840,300,186,4
s3_short_window,SHORT_WINDOW,24,0.5,400,2,230,ok,,,1,56.06112501118332,120,1,25.686999999999998,12.335999999988417,1763583518850,1763583518874,,,,,,,,,,long,19968,566,210,215,4
s3_short_window,SHORT_WINDOW,24,0.5,400,2,231,ok,,,1,54.40179200377315,120,1,26.116000000000007,12.224999999998545,1763583540435,1763583540457,,,,,,,,,,long,19833,608,250,255,2
s3_short_window,SHORT_WINDOW,24,0.5,400,2,232,ok,,,1,58.490916970185935,120,1,25.45199999999999,12.159999999996217,1763583561919,1763583561944,,,,,,,,,,long,13950,518,237,168,1
s3_short_window,SHORT_WINDOW,24,0.5,400,2,233,ok,,,1,58.84433398023248,120,1,25.698999999999998,12.052999999999884,1763583577837,1763583577863,,,,,,,,,,long,15699,705,239,279,5
s3_short_window,SHORT_WINDOW,24,0.5,400,2,234,ok,,,1,56.895625020843,120,1,24.942,11.510000000002037,1763583595365,1763583595390,,,,,,,,,,long,17753,784,201,205,1
s3_short_window,SHORT_WINDOW,24,0.5,400,2,235,ok,,,1,57.7970000449568,120,1,26.163999999999994,12.383999999998196,1763583614775,1763583614798,,,,,,,,,,long,15751,635,213,248,1
s3_short_window,SHORT_WINDOW,24,0.5,400,2,236,ok,,,1,51.904583000577986,120,1,24.937000000000005,11.347000000001572,1763583632287,1763583632305,,,,,,,,,,long,14452,591,290,252,2
s3_short_window,SHORT_WINDOW,24,0.5,400,2,237,ok,,,1,52.168750029522926,120,1,27.185999999999993,10.284999999996217,1763583648299,1763583648320,,,,,,,,,,long,17674,373,293,161,4
s3_short_window,SHORT_WINDOW,24,0.5,400,2,238,ok,,,1,59.32604195550084,120,1,25.964000000000006,12.512000000002445,1763583668064,1763583668089,,,,,,,,,,long,13916,639,237,157,3
s3_short_window,SHORT_WINDOW,24,0.5,400,2,239,ok,,,1,55.75683299684897,120,1,24.76100000000001,11.309999999990396,1763583683704,1763583683726,,,,,,,,,,long,15137,536,330,219,3
s3_short_window,SHORT_WINDOW,24,0.5,400,2,240,ok,,,1,57.399165991228074,120,1,25.300000000000004,12.081999999994878,1763583700669,1763583700695,,,,,,,,,,long,21329,590,295,250,4
s3_short_window,SHORT_WINDOW,24,0.5,400,2,241,ok,,,1,59.238041983917356,120,1,30.631,11.78399999999965,1763583723601,1763583723623,,,,,,,,,,long,20915,438,283,247,3
s3_short_window,SHORT_WINDOW,24,0.5,400,2,242,ok,,,1,57.51291703199968,120,1,24.973999999999997,11.75800000000163,1763583746356,1763583746381,,,,,,,,,,long,21220,498,223,234,2
s3_short_window,SHORT_WINDOW,24,0.5,400,2,243,ok,,,1,54.405083996243775,120,1,25.73400000000001,11.85399999999936,1763583769556,1763583769576,,,,,,,,,,long,16490,712,214,163,2
s3_short_window,SHORT_WINDOW,24,0.5,400,2,244,ok,,,2,501.70358404284343,240,2,53.025,21.918999999994412,1763583787844,1763583787879,,,,,,,,,,long,18392,321,343,168,0
s3_short_window,SHORT_WINDOW,24,0.5,400,2,245,ok,,,1,51.4647500240244,120,1,25.930000000000007,10.407999999995809,1763583807765,1763583807786,,,,,,,,,,long,14105,468,350,273,3
s3_short_window,SHORT_WINDOW,24,0.5,400,2,246,ok,,,1,56.15529103670269,120,1,26.311,11.609999999993306,1763583823548,1763583823571,,,,,,,,,,long,15752,291,201,258,5
s3_short_window,SHORT_WINDOW,24,0.5,400,2,247,ok,,,1,51.171917002648115,120,1,24.45199999999999,10.784000000006927,1763583841229,1763583841250,,,,,,,,,,long,16513,431,310,214,3
s3_short_window,SHORT_WINDOW,24,0.5,400,2,248,ok,,,1,48.79916599020362,120,1,22.79,10.507999999987078,1763583859561,1763583859581,,,,,,,,,,long,14843,476,300,212,1
s3_short_window,SHORT_WINDOW,24,0.5,400,2,249,ok,,,1,54.39187498996034,120,1,26.675000000000004,11.77400000000489,1763583876033,1763583876055,,,,,,,,,,long,19832,403,200,207,2
s3_short_window,SHORT_WINDOW,24,0.5,400,2,250,failed,timeout,110,3,1239.0088340034708,360,3,35.163,0.0,,,,,,,,,,,,long,18381,258,335,245,5
s3_short_window,SHORT_WINDOW,24,0.5,400,2,251,ok,,,3,906.9005000055768,360,3,56.11200000000001,17.924000000006345,1763583918556,1763583918592,,,,,,,,,,long,21825,542,279,277,5
s3_short_window,SHORT_WINDOW,24,0.5,400,2,252,ok,,,1,58.35441703675315,120,1,25.921000000000006,12.161999999989348,1763583941531,1763583941556,,,,,,,,,,long,14143,856,317,249,2
s3_short_window,SHORT_WINDOW,24,0.5,400,2,253,ok,,,1,57.46766703668982,120,1,25.602999999999994,12.082000000002154,1763583957187,1763583957211,,,,,,,,,,long,20179,609,280,191,2
s3_short_window,SHORT_WINDOW,24,0.5,400,2,254,ok,,,1,52.19341698102653,120,1,26.195999999999984,11.195999999996275,1763583978874,1763583978893,,,,,,,,,,long,16152,304,257,169,1
s3_short_window,SHORT_WINDOW,24,0.5,400,2,255,ok,,,1,58.52899997262284,120,1,25.873000000000005,12.237999999997555,1763583997318,1763583997343,,,,,,,,,,long,19849,787,210,269,1
s3_short_window,SHORT_WINDOW,24,0.5,400,2,256,ok,,,1,53.09962498722598,120,1,25.770000000000003,12.278000000005704,1763584018986,1763584019007,,,,,,,,,,long,15582,804,215,264,1
s3_short_window,SHORT_WINDOW,24,0.5,400,2,257,ok,,,1,53.789166966453195,120,1,23.747999999999998,11.038999999997031,1763584036010,1763584036033,,,,,,,,,,long,16226,518,338,165,2
s3_short_window,SHORT_WINDOW,24,0.5,400,2,258,ok,,,1,52.29650001274422,120,1,25.357000000000006,11.980999999992491,1763584054405,1763584054425,,,,,,,,,,long,21566,880,280,215,6
s3_short_window,SHORT_WINDOW,24,0.5,400,2,259,ok,,,1,57.37512500490993,120,1,26.027000000000008,12.386999999987893,1763584077727,1763584077752,,,,,,,,,,long,20278,821,342,254,3
s3_short_window,SHORT_WINDOW,24,0.5,400,2,260,ok,,,1,55.40312500670552,120,1,25.766,11.861999999993714,1763584099568,1763584099591,,,,,,,,,,long,16240,650,260,249,3
s3_short_window,SHORT_WINDOW,24,0.5,400,2,261,ok,,,1,60.320749995298684,120,1,25.775000000000006,12.264999999999418,1763584117567,1763584117594,,,,,,,,,,long,18043,602,263,191,4
s3_short_window,SHORT_WINDOW,24,0.5,400,2,262,ok,,,1,56.89766601426527,120,1,25.665,11.89900000000489,1763584137440,1763584137464,,,,,,,,,,long,21582,631,230,226,2
s3_short_window,SHORT_WINDOW,24,0.5,400,2,263,ok,,,1,51.87216599006206,120,1,24.506999999999998,11.499000000003434,1763584160525,1763584160546,,,,,,,,,,long,15574,561,348,260,1
s3_short_window,SHORT_WINDOW,24,0.5,400,2,264,ok,,,1,58.77100001089275,120,1,25.959000000000003,11.999000000003434,1763584177965,1763584177992,,,,,,,,,,long,14951,577,283,202,3
s3_short_window,SHORT_WINDOW,24,0.5,400,2,265,ok,,,1,52.7055420097895,120,1,25.39399999999999,11.821000000010827,1763584195042,1763584195063,,,,,,,,,,long,15930,886,313,208,0
s3_short_window,SHORT_WINDOW,24,0.5,400,2,266,ok,,,2,461.26695798011497,240,2,32.342000000000006,10.90899999999965,1763584213069,1763584213091,,,,,,,,,,long,15859,860,239,194,3
s3_short_window,SHORT_WINDOW,24,0.5,400,2,267,ok,,,2,501.00479199318215,240,2,54.364000000000004,22.527000000001863,1763584230100,1763584230140,,,,,,,,,,long,13999,254,347,262,3
s3_short_window,SHORT_WINDOW,24,0.5,400,2,268,ok,,,1,53.87716699624434,120,1,25.579,11.981000000007043,1763584245940,1763584245960,,,,,,,,,,long,15091,830,277,205,2
s3_short_window,SHORT_WINDOW,24,0.5,400,2,269,ok,,,1,53.55762504041195,120,1,24.018,11.043000000005122,1763584262440,1763584262461,,,,,,,,,,long,20536,404,221,203,5
s3_short_window,SHORT_WINDOW,24,0.5,400,2,270,ok,,,1,52.5217920076102,120,1,27.412000000000006,10.361000000004424,1763584284546,1763584284566,,,,,,,,,,long,17219,405,348,193,5
s3_short_window,SHORT_WINDOW,24,0.5,400,2,271,ok,,,1,50.304458010941744,120,1,23.60600000000001,10.819000000003143,1763584303697,1763584303716,,,,,,,,,,long,21373,473,234,228,4
s3_short_window,SHORT_WINDOW,24,0.5,400,2,272,ok,,,1,58.04870795691386,120,1,25.359999999999985,11.89999999999418,1763584327002,1763584327027,,,,,,,,,,long,15058,588,296,266,2
s3_short_window,SHORT_WINDOW,24,0.5,400,2,273,ok,,,1,53.18720900686458,120,1,23.576,10.75899999999092,1763584343680,1763584343702,,,,,,,,,,long,17922,412,209,239,2
s3_short_window,SHORT_WINDOW,24,0.5,400,2,274,ok,,,1,59.61233301786706,120,1,25.943000000000005,12.063999999998487,1763584363650,1763584363674,,,,,,,,,,long,15403,763,323,153,2
s3_short_window,SHORT_WINDOW,24,0.5,400,2,275,ok,,,1,52.38508299225941,120,1,25.915999999999997,11.454999999987194,1763584380378,1763584380398,,,,,,,,,,long,20572,271,313,217,5
s3_short_window,SHORT_WINDOW,24,0.5,400,2,276,ok,,,1,54.055708984378725,120,1,27.396,10.972000000008848,1763584403092,1763584403112,,,,,,,,,,long,19634,657,321,270,3
s3_short_window,SHORT_WINDOW,24,0.5,400,2,277,ok,,,1,53.08849998982623,120,1,25.553000000000004,12.275999999998021,1763584424454,1763584424475,,,,,,,,,,long,15622,811,285,173,0
s3_short_window,SHORT_WINDOW,24,0.5,400,2,278,ok,,,1,54.296999995131046,120,1,26.840999999999994,9.93300000000454,1763584441383,1763584441407,,,,,,,,,,long,20147,395,210,259,1
s3_short_window,SHORT_WINDOW,24,0.5,400,2,279,ok,,,1,58.628167025744915,120,1,26.061999999999998,12.131999999983236,1763584463714,1763584463738,,,,,,,,,,long,14236,738,304,158,1
s3_short_window,SHORT_WINDOW,24,0.5,400,2,280,ok,,,1,54.37904200516641,120,1,25.599000000000004,11.586999999999534,1763584479134,1763584479153,,,,,,,,,,long,19734,303,251,216,2
s3_short_window,SHORT_WINDOW,24,0.5,400,2,281,ok,,,1,53.45304199727252,120,1,24.45799999999999,11.186999999990803,1763584500871,1763584500892,,,,,,,,,,long,21051,487,268,195,2
s3_short_window,SHORT_WINDOW,24,0.5,400,2,282,ok,,,1,55.06891699042171,120,1,25.838,12.164999999993597,1763584524005,1763584524027,,,,,,,,,,long,14230,781,211,180,4
s3_short_window,SHORT_WINDOW,24,0.5,400,2,283,ok,,,1,53.21149999508634,120,1,23.42,10.625,1763584539645,1763584539667,,,,,,,,,,long,14894,470,212,223,4
s3_short_window,SHORT_WINDOW,24,0.5,400,2,284,ok,,,1,59.139958990272135,120,1,26.481999999999985,12.307000000000698,1763584556572,1763584556597,,,,,,,,,,long,19397,637,266,219,1
s3_short_window,SHORT_WINDOW,24,0.5,400,2,285,ok,,,1,57.693000009749085,120,1,27.862999999999992,12.780999999988126,1763584577392,1763584577413,,,,,,,,,,long,13981,338,321,169,4
s3_short_window,SHORT_WINDOW,24,0.5,400,2,286,ok,,,1,54.29608398117125,120,1,25.516999999999996,11.721000000005006,1763584593441,1763584593462,,,,,,,,,,long,15829,608,227,156,3
s3_short_window,SHORT_WINDOW,24,0.5,400,2,287,ok,,,1,52.43575002532452,120,1,25.991,11.471999999994296,1763584610793,1763584610813,,,,,,,,,,long,16854,364,302,268,2
s3_short_window,SHORT_WINDOW,24,0.5,400,2,288,ok,,,1,56.75116600468755,120,1,25.687999999999988,11.596000000005006,1763584629374,1763584629398,,,,,,,,,,long,15854,295,298,270,2
s3_short_window,SHORT_WINDOW,24,0.5,400,2,289,ok,,,1,52.655290986876935,120,1,24.061,10.828999999997905,1763584647085,1763584647106,,,,,,,,,,long,19885,434,236,151,2
s3_short_window,SHORT_WINDOW,24,0.5,400,2,290,ok,,,1,50.15920801088214,120,1,23.492000000000004,10.770999999993364,1763584668731,1763584668751,,,,,,,,,,long,13957,491,336,160,2
s3_short_window,SHORT_WINDOW,24,0.5,400,2,291,ok,,,3,896.0958329844289,360,3,57.19600000000001,13.15600000001723,1763584685401,1763584685422,,,,,,,,,,long,17820,546,230,172,3
s3_short_window,SHORT_WINDOW,24,0.5,400,2,292,ok,,,1,51.066874992102385,120,1,26.66900000000001,10.972999999998137,1763584703936,1763584703955,,,,,,,,,,long,16734,287,254,237,3
s3_short_window,SHORT_WINDOW,24,0.5,400,2,293,ok,,,1,52.89379204623401,120,1,25.801000000000002,11.113999999986845,1763584723165,1763584723186,,,,,,,,,,long,20891,889,221,215,4
s3_short_window,SHORT_WINDOW,24,0.5,400,2,294,ok,,,1,57.23224999383092,120,1,26.286999999999992,12.611000000004424,1763584745244,1763584745266,,,,,,,,,,long,15381,346,335,222,1
s3_short_window,SHORT_WINDOW,24,0.5,400,2,295,ok,,,1,53.32583299605176,120,1,25.199999999999996,10.305000000007567,1763584762455,1763584762477,,,,,,,,,,long,15872,370,267,158,3
s3_short_window,SHORT_WINDOW,24,0.5,400,2,296,ok,,,1,53.929958026856184,120,1,25.16600000000001,11.767999999996391,1763584780347,1763584780370,,,,,,,,,,long,19689,596,263,227,4
s3_short_window,SHORT_WINDOW,24,0.5,400,2,297,ok,,,1,59.18162502348423,120,1,25.448999999999998,11.801999999996042,1763584801795,1763584801819,,,,,,,,,,long,20526,550,238,194,4
s3_short_window,SHORT_WINDOW,24,0.5,400,2,298,ok,,,2,497.71479197079316,240,2,51.821999999999996,21.662000000011176,1763584824271,1763584824304,,,,,,,,,,long,15685,275,350,232,1
s3_short_window,SHORT_WINDOW,24,0.5,400,2,299,ok,,,1,56.37850001221523,120,1,26.293,12.102999999988242,1763584841714,1763584841737,,,,,,,,,,long,14392,719,303,171,0
s3_short_window,SHORT_WINDOW,24,0.5,400,2,300,ok,,,1,54.608749982435256,120,1,23.867999999999995,11.16799999999057,1763584857740,1763584857763,,,,,,,,,,long,19524,578,347,278,3
