scenario,mode,rtt_ms,loss_pct,timeout_ms,pto,run,status,failed_stage,errno,attempts,latency_ms,bytes_online,msgs_online,cpu_ms_ue,cpu_ms_ap2,processing_ms_ap2,ts5,ts6,rain_profile,bw_factor,down_rate_mbps,up_rate_mbps,bad_ticks,total_ticks,bad_ratio,blackout_events,blackout_ticks,window_profile,window_duration_ms,uplink_delay_ms,down_ready_ms,guard_close_ms,scheduled_blackouts
l3_short_window,SHORT_WINDOW,14.0,0.5,300,2,1,ok,,0,1,23.540334004792385,661,1,0.5459999999999994,4.668000000000006,5.678499990608543,1763182514624,1763182514843,,,,,,,,,,short,7669,895,244,185,0
l3_short_window,SHORT_WINDOW,14.0,0.5,300,2,2,ok,,0,1,20.146750001003966,661,1,0.6340000000000003,3.3299999999999272,4.359416998340748,1763182522699,1763182522902,,,,,,,,,,short,6921,365,250,220,0
l3_short_window,SHORT_WINDOW,14.0,0.5,300,2,3,ok,,0,1,26.243832995533012,661,1,0.747000000000007,3.6230000000000473,4.794334003236145,1763182531140,1763182531366,,,,,,,,,,short,5903,796,272,203,2
l3_short_window,SHORT_WINDOW,14.0,0.5,300,2,4,ok,,0,1,21.28358298796229,661,1,0.5089999999999932,3.3810000000000286,4.517166991718113,1763182537703,1763182537919,,,,,,,,,,short,7501,571,259,190,1
l3_short_window,SHORT_WINDOW,14.0,0.5,300,2,5,ok,,0,1,22.30629199766554,661,1,0.6789999999999949,2.992999999999995,4.126458006794564,1763182546070,1763182546297,,,,,,,,,,short,7638,429,263,208,0
l3_short_window,SHORT_WINDOW,14.0,0.5,300,2,6,ok,,0,1,23.37779098888859,662,1,0.532,3.362000000000023,4.458041992620565,1763182554706,1763182554915,,,,,,,,,,short,7457,487,315,164,0
l3_short_window,SHORT_WINDOW,14.0,0.5,300,2,7,ok,,0,1,21.60770799673628,662,1,0.5100000000000016,3.549000000000035,4.719125005067326,1763182563116,1763182563317,,,,,,,,,,short,6999,450,230,164,1
l3_short_window,SHORT_WINDOW,14.0,0.5,300,2,8,ok,,0,1,23.961792001500726,662,1,0.5159999999999947,3.319000000000017,4.4039999920642,1763182571348,1763182571562,,,,,,,,,,short,7410,677,316,207,0
l3_short_window,SHORT_WINDOW,14.0,0.5,300,2,9,ok,,0,1,23.551833000965416,662,1,0.5180000000000007,3.5259999999999536,4.622125008609146,1763182579828,1763182580069,,,,,,,,,,short,5852,268,340,267,1
l3_short_window,SHORT_WINDOW,14.0,0.5,300,2,10,ok,,0,1,22.120499997981824,662,1,0.4969999999999999,3.3220000000000027,4.45374999253545,1763182586500,1763182586713,,,,,,,,,,short,6444,617,217,230,0
l3_short_window,SHORT_WINDOW,14.0,0.5,300,2,11,ok,,0,1,26.653167005861178,662,1,0.5489999999999924,3.4069999999999823,4.6072080003796145,1763182594140,1763182594358,,,,,,,,,,short,7569,894,246,153,0
l3_short_window,SHORT_WINDOW,14.0,0.5,300,2,12,ok,,0,1,23.38979199703317,662,1,0.5360000000000014,3.325999999999965,4.367582994746044,1763182602291,1763182602499,,,,,,,,,,short,6578,499,288,162,3
l3_short_window,SHORT_WINDOW,14.0,0.5,300,2,13,ok,,0,1,21.847458003321663,662,1,0.5,3.4189999999999827,4.61820799682755,1763182609913,1763182610126,,,,,,,,,,short,6012,618,344,167,1
l3_short_window,SHORT_WINDOW,14.0,0.5,300,2,14,ok,,0,1,27.66091599187348,662,1,0.5719999999999956,3.3710000000000377,4.4948330032639205,1763182616665,1763182616876,,,,,,,,,,short,6325,451,248,273,2
l3_short_window,SHORT_WINDOW,14.0,0.5,300,2,15,ok,,0,1,22.883540994371288,662,1,1.1039999999999957,3.44399999999996,5.18795799871441,1763182623985,1763182624185,,,,,,,,,,short,6619,435,201,181,3
l3_short_window,SHORT_WINDOW,14.0,0.5,300,2,16,ok,,0,1,19.546083000022918,662,1,0.497000000000007,3.3799999999999955,4.631415999028832,1763182631647,1763182631857,,,,,,,,,,short,6792,476,330,225,2
l3_short_window,SHORT_WINDOW,14.0,0.5,300,2,17,ok,,0,1,25.960750004742295,662,1,0.8299999999999983,3.3360000000000127,4.650500006391667,1763182640180,1763182640406,,,,,,,,,,short,6257,739,202,247,1
l3_short_window,SHORT_WINDOW,14.0,0.5,300,2,18,ok,,0,1,19.582832988817245,662,1,0.5129999999999981,3.233000000000004,4.3184999958612025,1763182647081,1763182647294,,,,,,,,,,short,6610,897,261,250,2
l3_short_window,SHORT_WINDOW,14.0,0.5,300,2,19,ok,,0,1,25.00937500735745,662,1,0.5190000000000055,3.410000000000025,4.5183339971117675,1763182654322,1763182654529,,,,,,,,,,short,6891,757,295,195,0
l3_short_window,SHORT_WINDOW,14.0,0.5,300,2,20,ok,,0,1,21.909707997110672,662,1,0.5789999999999935,3.5469999999999686,4.704750012024306,1763182662036,1763182662267,,,,,,,,,,short,7010,670,283,172,1
l3_short_window,SHORT_WINDOW,14.0,0.5,300,2,21,ok,,0,1,20.39354199951049,662,1,0.5239999999999974,3.1569999999999254,4.264290997525677,1763182670149,1763182670350,,,,,,,,,,short,6369,813,207,170,0
l3_short_window,SHORT_WINDOW,14.0,0.5,300,2,22,ok,,0,1,23.498124995967373,662,1,0.607999999999997,3.446999999999946,4.55991699709557,1763182677104,1763182677306,,,,,,,,,,short,7131,448,327,215,1
l3_short_window,SHORT_WINDOW,14.0,0.5,300,2,23,ok,,0,1,24.674625004990958,662,1,0.6960000000000015,3.497000000000014,4.698667005868629,1763182685739,1763182685952,,,,,,,,,,short,7363,884,220,235,2
l3_short_window,SHORT_WINDOW,14.0,0.5,300,2,24,ok,,0,1,25.97808300924953,662,1,0.8830000000000027,4.538000000000011,7.336374997976236,1763182693610,1763182693832,,,,,,,,,,short,5885,472,254,197,1
l3_short_window,SHORT_WINDOW,14.0,0.5,300,2,25,ok,,0,1,28.444041003240272,662,1,0.9780000000000086,6.696000000000026,8.631415999843739,1763182700336,1763182700562,,,,,,,,,,short,7389,297,237,153,2
l3_short_window,SHORT_WINDOW,14.0,0.5,300,2,26,ok,,0,1,21.750166997662745,662,1,0.5090000000000003,3.6269999999999527,4.464541998459026,1763182709158,1763182709381,,,,,,,,,,short,7190,758,279,199,0
l3_short_window,SHORT_WINDOW,14.0,0.5,300,2,27,ok,,0,1,23.3724580029957,662,1,0.5019999999999953,3.481999999999971,4.6672499884152785,1763182716934,1763182717149,,,,,,,,,,short,6061,395,321,240,1
l3_short_window,SHORT_WINDOW,14.0,0.5,300,2,28,ok,,0,1,25.005791991134174,662,1,0.580999999999996,3.441000000000031,4.179625000688247,1763182724356,1763182724580,,,,,,,,,,short,5991,732,221,190,0
l3_short_window,SHORT_WINDOW,14.0,0.5,300,2,29,ok,,0,1,22.566415995243005,662,1,0.583000000000002,3.342999999999904,4.457250004634261,1763182731304,1763182731508,,,,,,,,,,short,7074,689,218,203,1
l3_short_window,SHORT_WINDOW,14.0,0.5,300,2,30,ok,,0,1,24.05820800049696,662,1,0.534000000000006,3.3870000000000573,4.475666995858774,1763182739529,1763182739742,,,,,,,,,,short,5882,876,219,202,0
l3_short_window,SHORT_WINDOW,14.0,0.5,300,2,31,ok,,0,1,21.211709012277424,662,1,0.6280000000000001,3.005999999999972,4.1689999925438315,1763182746799,1763182747004,,,,,,,,,,short,6237,842,274,160,3
l3_short_window,SHORT_WINDOW,14.0,0.5,300,2,32,ok,,0,1,23.5663339990424,662,1,0.5749999999999993,3.305000000000007,4.445957994903438,1763182752979,1763182753184,,,,,,,,,,short,6052,494,245,184,0
l3_short_window,SHORT_WINDOW,14.0,0.5,300,2,33,ok,,0,1,26.077540998812765,662,1,0.5919999999999916,3.3310000000000173,4.539583009318449,1763182759932,1763182760144,,,,,,,,,,short,7015,496,345,219,1
l3_short_window,SHORT_WINDOW,14.0,0.5,300,2,34,ok,,0,1,23.11504099634476,662,1,0.5109999999999992,3.387999999999977,4.462375000002794,1763182768241,1763182768450,,,,,,,,,,short,6481,830,274,186,0
l3_short_window,SHORT_WINDOW,14.0,0.5,300,2,35,ok,,0,1,21.13012499467004,662,1,0.5259999999999998,3.319000000000017,4.205582998110913,1763182775582,1763182775795,,,,,,,,,,short,6527,704,260,268,0
l3_short_window,SHORT_WINDOW,14.0,0.5,300,2,36,ok,,0,1,25.765124999452382,662,1,0.5740000000000016,3.569999999999993,4.699665994849056,1763182782774,1763182782982,,,,,,,,,,short,6020,467,315,219,1
l3_short_window,SHORT_WINDOW,14.0,0.5,300,2,37,ok,,0,1,24.34879199427087,662,1,0.522000000000002,3.3040000000000305,4.452584005775861,1763182789978,1763182790192,,,,,,,,,,short,5733,639,200,276,0
l3_short_window,SHORT_WINDOW,14.0,0.5,300,2,38,ok,,0,1,24.109665988362394,662,1,0.6300000000000026,3.048000000000002,4.158417010330595,1763182797181,1763182797398,,,,,,,,,,short,6173,679,208,169,1
l3_short_window,SHORT_WINDOW,14.0,0.5,300,2,39,ok,,0,1,21.74808298877906,662,1,0.6539999999999928,3.3769999999999527,4.561374997138046,1763182803636,1763182803848,,,,,,,,,,short,6025,465,259,181,0
l3_short_window,SHORT_WINDOW,14.0,0.5,300,2,40,ok,,0,1,20.36062499973923,662,1,0.49799999999999756,3.4519999999999413,4.528292003669776,1763182810661,1763182810877,,,,,,,,,,short,6916,492,246,181,1
l3_short_window,SHORT_WINDOW,14.0,0.5,300,2,41,ok,,0,1,22.418167005525902,662,1,0.6750000000000043,2.9630000000000223,3.6561250017257407,1763182818333,1763182818540,,,,,,,,,,short,7326,267,258,203,1
l3_short_window,SHORT_WINDOW,14.0,0.5,300,2,42,ok,,0,1,20.50729200709611,662,1,0.48899999999999366,3.19500000000005,4.309041993110441,1763182826768,1763182826959,,,,,,,,,,short,6491,502,307,216,0
l3_short_window,SHORT_WINDOW,14.0,0.5,300,2,43,ok,,0,1,26.38370799832046,662,1,0.5730000000000004,3.665999999999997,4.859291002503596,1763182834619,1763182834843,,,,,,,,,,short,7066,801,272,171,0
l3_short_window,SHORT_WINDOW,14.0,0.5,300,2,44,ok,,0,1,19.89333299570717,662,1,0.5330000000000013,3.319999999999993,4.400957986945286,1763182842671,1763182842887,,,,,,,,,,short,7126,835,303,225,1
l3_short_window,SHORT_WINDOW,14.0,0.5,300,2,45,ok,,0,1,22.773459000745788,662,1,0.5120000000000005,3.4390000000000214,4.6832919906592,1763182850719,1763182850937,,,,,,,,,,short,7103,781,321,166,1
l3_short_window,SHORT_WINDOW,14.0,0.5,300,2,46,ok,,0,1,23.965250002220273,662,1,0.5400000000000027,3.4839999999999804,4.599291991326027,1763182858652,1763182858869,,,,,,,,,,short,6329,657,267,247,1
l3_short_window,SHORT_WINDOW,14.0,0.5,300,2,47,ok,,0,1,20.371582999359816,662,1,0.49200000000001154,3.3770000000000095,4.343958004028536,1763182865497,1763182865711,,,,,,,,,,short,7204,290,206,179,1
l3_short_window,SHORT_WINDOW,14.0,0.5,300,2,48,ok,,0,1,22.208291993592866,662,1,0.507000000000005,3.305000000000007,4.166667000390589,1763182874238,1763182874442,,,,,,,,,,short,6151,838,328,177,2
l3_short_window,SHORT_WINDOW,14.0,0.5,300,2,49,ok,,0,1,25.834292013314553,662,1,0.7199999999999918,3.4809999999999945,4.661708997446112,1763182881448,1763182881657,,,,,,,,,,short,7122,869,244,186,1
l3_short_window,SHORT_WINDOW,14.0,0.5,300,2,50,ok,,0,1,21.85224999266211,662,1,0.652000000000001,3.532000000000039,4.482208008994348,1763182889516,1763182889732,,,,,,,,,,short,7248,865,297,170,1
l3_short_window,SHORT_WINDOW,14.0,0.5,300,2,51,ok,,0,1,18.383375005214475,662,1,0.546999999999997,3.711999999999989,4.772875006892718,1763182897184,1763182897382,,,,,,,,,,short,7721,313,296,279,1
l3_short_window,SHORT_WINDOW,14.0,0.5,300,2,52,ok,,0,1,25.29550000326708,662,1,0.527000000000001,3.333000000000027,4.455749993212521,1763182905933,1763182906135,,,,,,,,,,short,6805,426,255,261,0
l3_short_window,SHORT_WINDOW,14.0,0.5,300,2,53,ok,,0,1,39.86183399683796,662,1,0.9429999999999978,12.327000000000055,20.11300000594929,1763182913821,1763182914036,,,,,,,,,,short,6831,538,285,278,2
l3_short_window,SHORT_WINDOW,14.0,0.5,300,2,54,ok,,0,1,24.834374999045394,662,1,0.5519999999999996,3.6819999999999595,4.844709008466452,1763182921657,1763182921866,,,,,,,,,,short,6946,603,276,176,0
l3_short_window,SHORT_WINDOW,14.0,0.5,300,2,55,ok,,0,1,21.382042003097013,662,1,0.5100000000000051,3.279999999999916,4.174374989815988,1763182929242,1763182929450,,,,,,,,,,short,7496,270,246,218,1
l3_short_window,SHORT_WINDOW,14.0,0.5,300,2,56,ok,,0,1,20.75774999684654,662,1,0.5179999999999936,3.3140000000000214,4.178707997198217,1763182938325,1763182938524,,,,,,,,,,short,7803,885,335,193,0
l3_short_window,SHORT_WINDOW,14.0,0.5,300,2,57,ok,,0,1,25.144667000859044,662,1,0.6900000000000048,3.940999999999974,5.066584009910002,1763182946991,1763182947242,,,,,,,,,,short,7702,284,300,210,2
l3_short_window,SHORT_WINDOW,14.0,0.5,300,2,58,ok,,0,1,23.345791996689513,662,1,0.6960000000000051,3.13900000000001,4.339209001045674,1763182955200,1763182955396,,,,,,,,,,short,7110,342,259,267,2
l3_short_window,SHORT_WINDOW,14.0,0.5,300,2,59,ok,,0,1,26.144875009777024,662,1,0.5089999999999932,3.3999999999999773,4.5324169914238155,1763182963295,1763182963515,,,,,,,,,,short,7733,480,316,160,2
l3_short_window,SHORT_WINDOW,14.0,0.5,300,2,60,ok,,0,1,24.129957993864082,662,1,0.5319999999999965,3.4049999999999727,4.5119999995222315,1763182972998,1763182973220,,,,,,,,,,short,6799,887,222,225,1
l3_short_window,SHORT_WINDOW,14.0,0.5,300,2,61,ok,,0,1,20.316166992415674,662,1,0.519999999999996,3.450000000000159,4.59745799889788,1763182979848,1763182980063,,,,,,,,,,short,5865,499,319,178,0
l3_short_window,SHORT_WINDOW,14.0,0.5,300,2,62,ok,,0,1,22.96641700377222,662,1,0.5420000000000051,3.3110000000000355,4.357208003057167,1763182986608,1763182986809,,,,,,,,,,short,7074,430,337,165,1
l3_short_window,SHORT_WINDOW,14.0,0.5,300,2,63,ok,,0,1,19.867833994794637,662,1,0.4869999999999983,3.3170000000000073,4.206208992400207,1763182994580,1763182994785,,,,,,,,,,short,6056,351,287,194,0
l3_short_window,SHORT_WINDOW,14.0,0.5,300,2,64,ok,,0,1,22.00454199919477,662,1,0.5099999999999945,3.299000000000092,4.339457998867147,1763183001623,1763183001828,,,,,,,,,,short,7117,387,246,196,1
l3_short_window,SHORT_WINDOW,14.0,0.5,300,2,65,ok,,0,1,26.47229199646972,662,1,0.597999999999999,3.673000000000002,4.843334012548439,1763183010195,1763183010449,,,,,,,,,,short,5965,263,309,198,0
l3_short_window,SHORT_WINDOW,14.0,0.5,300,2,66,ok,,0,1,29.179207995184697,662,1,0.5579999999999963,3.5729999999998654,4.668084002332762,1763183017078,1763183017300,,,,,,,,,,short,7541,753,345,261,0
l3_short_window,SHORT_WINDOW,14.0,0.5,300,2,67,ok,,0,1,22.297582996543497,662,1,0.5179999999999971,3.294999999999959,4.434583999682218,1763183025717,1763183025920,,,,,,,,,,short,6423,826,207,273,2
l3_short_window,SHORT_WINDOW,14.0,0.5,300,2,68,ok,,0,1,22.177584003657103,662,1,0.5120000000000005,3.2989999999998645,4.418457989231683,1763183032797,1763183033009,,,,,,,,,,short,7294,512,285,264,4
l3_short_window,SHORT_WINDOW,14.0,0.5,300,2,69,ok,,0,1,27.034957995056175,662,1,0.5399999999999991,3.4060000000000628,4.6790000051259995,1763183041384,1763183041599,,,,,,,,,,short,7786,728,266,181,0
l3_short_window,SHORT_WINDOW,14.0,0.5,300,2,70,ok,,0,1,25.456875009695068,662,1,0.524999999999995,3.366999999999962,4.415582996443845,1763183049692,1763183049883,,,,,,,,,,short,7198,309,284,184,2
l3_short_window,SHORT_WINDOW,14.0,0.5,300,2,71,ok,,0,1,25.14612500090152,662,1,0.5549999999999997,3.367999999999938,4.585542003042065,1763183058117,1763183058314,,,,,,,,,,short,6127,726,329,184,0
l3_short_window,SHORT_WINDOW,14.0,0.5,300,2,72,ok,,0,1,24.859666009433568,662,1,0.5470000000000006,3.367999999999938,4.441458993824199,1763183065390,1763183065604,,,,,,,,,,short,6123,860,254,183,0
l3_short_window,SHORT_WINDOW,14.0,0.5,300,2,73,ok,,0,1,24.182125009247102,662,1,0.5660000000000025,3.4640000000000555,4.543417002423666,1763183072113,1763183072326,,,,,,,,,,short,7289,487,227,174,1
l3_short_window,SHORT_WINDOW,14.0,0.5,300,2,74,ok,,0,1,26.990417012711987,662,1,0.5220000000000056,3.3730000000000473,4.501583011006005,1763183080260,1763183080476,,,,,,,,,,short,7596,380,248,166,0
l3_short_window,SHORT_WINDOW,14.0,0.5,300,2,75,ok,,0,1,27.540833005332388,662,1,0.607999999999997,3.4600000000000364,4.514625004958361,1763183089264,1763183089487,,,,,,,,,,short,6658,768,271,205,0
l3_short_window,SHORT_WINDOW,14.0,0.5,300,2,76,ok,,0,1,25.242582996725105,662,1,0.5259999999999891,3.643000000000029,4.758499999297783,1763183097664,1763183097911,,,,,,,,,,short,5764,550,217,258,1
l3_short_window,SHORT_WINDOW,14.0,0.5,300,2,77,ok,,0,1,25.839458001428284,662,1,0.5309999999999953,3.620999999999981,4.845209012273699,1763183103534,1763183103757,,,,,,,,,,short,6256,650,294,216,1
l3_short_window,SHORT_WINDOW,14.0,0.5,300,2,78,ok,,0,1,24.023667006986216,662,1,0.652000000000001,3.326999999999998,4.399083991302177,1763183110826,1763183111046,,,,,,,,,,short,6069,668,294,175,1
l3_short_window,SHORT_WINDOW,14.0,0.5,300,2,79,ok,,0,1,28.492833007476293,662,1,0.620000000000001,3.519999999999868,4.276457999367267,1763183117976,1763183118197,,,,,,,,,,short,6655,772,280,156,0
l3_short_window,SHORT_WINDOW,14.0,0.5,300,2,80,ok,,0,1,23.44795799581334,662,1,0.554000000000002,3.4549999999999272,4.2436250078026205,1763183125745,1763183125959,,,,,,,,,,short,6759,869,286,181,0
l3_short_window,SHORT_WINDOW,14.0,0.5,300,2,81,ok,,0,1,22.482999993371777,662,1,0.5409999999999968,3.5430000000000064,4.713292000815272,1763183133378,1763183133621,,,,,,,,,,short,7885,258,339,161,4
l3_short_window,SHORT_WINDOW,14.0,0.5,300,2,82,ok,,0,1,23.15420900413301,662,1,0.5070000000000014,3.3020000000001346,4.43375000031665,1763183141685,1763183141889,,,,,,,,,,short,5937,312,207,226,1
l3_short_window,SHORT_WINDOW,14.0,0.5,300,2,83,ok,,0,1,25.246624994906597,662,1,0.509999999999998,3.4480000000000928,4.418833006639034,1763183148542,1763183148749,,,,,,,,,,short,7674,295,254,224,3
l3_short_window,SHORT_WINDOW,14.0,0.5,300,2,84,ok,,0,1,21.519582995097153,662,1,0.5350000000000037,3.4060000000000628,4.318291001254693,1763183157815,1763183158033,,,,,,,,,,short,6005,893,245,247,1
l3_short_window,SHORT_WINDOW,14.0,0.5,300,2,85,ok,,0,1,23.759125004289672,662,1,0.5690000000000026,3.6049999999999045,4.875917002209462,1763183164703,1763183164954,,,,,,,,,,short,5812,292,309,232,0
l3_short_window,SHORT_WINDOW,14.0,0.5,300,2,86,ok,,0,1,21.707124993554316,662,1,0.649000000000008,3.15199999999993,4.319707994000055,1763183171330,1763183171538,,,,,,,,,,short,7097,633,301,230,1
l3_short_window,SHORT_WINDOW,14.0,0.5,300,2,87,ok,,0,1,25.907916991855018,662,1,0.544000000000004,3.3739999999997963,4.565833005472086,1763183179588,1763183179797,,,,,,,,,,short,6229,779,289,159,1
l3_short_window,SHORT_WINDOW,14.0,0.5,300,2,88,ok,,0,1,24.770332995103672,662,1,0.8769999999999918,3.449999999999932,4.3585419916780666,1763183186390,1763183186598,,,,,,,,,,short,6442,378,277,250,0
l3_short_window,SHORT_WINDOW,14.0,0.5,300,2,89,ok,,0,1,24.069999999483116,662,1,0.5249999999999986,3.3829999999999245,4.495208995649591,1763183194305,1763183194510,,,,,,,,,,short,6731,833,277,252,0
l3_short_window,SHORT_WINDOW,14.0,0.5,300,2,90,ok,,0,1,24.739041007705964,662,1,0.6179999999999986,3.5019999999999527,4.63599999784492,1763183202070,1763183202288,,,,,,,,,,short,6424,886,298,254,0
l3_short_window,SHORT_WINDOW,14.0,0.5,300,2,91,ok,,0,1,24.162125002476387,662,1,0.514999999999997,3.258000000000038,4.205457997159101,1763183208846,1763183209053,,,,,,,,,,short,7323,281,273,226,1
l3_short_window,SHORT_WINDOW,14.0,0.5,300,2,92,ok,,0,1,25.566250013071112,662,1,0.5560000000000009,3.43200000000013,4.572874997393228,1763183217182,1763183217398,,,,,,,,,,short,6815,348,230,202,2
l3_short_window,SHORT_WINDOW,14.0,0.5,300,2,93,ok,,0,1,22.109166995505802,662,1,0.5040000000000013,3.4850000000000136,4.623790999175981,1763183225481,1763183225700,,,,,,,,,,short,7273,844,275,181,0
l3_short_window,SHORT_WINDOW,14.0,0.5,300,2,94,ok,,0,1,23.09070799674373,662,1,0.5589999999999904,3.6079999999999472,4.7447079996345565,1763183233746,1763183233978,,,,,,,,,,short,8119,823,337,195,3
l3_short_window,SHORT_WINDOW,14.0,0.5,300,2,95,ok,,0,1,25.734707989613526,662,1,0.5910000000000082,3.5510000000000446,4.52775000303518,1763183242206,1763183242424,,,,,,,,,,short,5795,269,236,248,1
l3_short_window,SHORT_WINDOW,14.0,0.5,300,2,96,ok,,0,1,28.547791996970773,662,1,0.5250000000000057,3.3730000000000473,4.523916999460198,1763183249455,1763183249669,,,,,,,,,,short,7603,687,249,200,2
l3_short_window,SHORT_WINDOW,14.0,0.5,300,2,97,ok,,0,1,21.70716700493358,662,1,0.5199999999999996,3.5680000000000973,4.655083001125604,1763183258138,1763183258358,,,,,,,,,,short,6941,776,210,260,0
l3_short_window,SHORT_WINDOW,14.0,0.5,300,2,98,ok,,0,1,22.335040994221345,662,1,0.6469999999999985,3.1630000000001246,4.247958000632934,1763183266116,1763183266327,,,,,,,,,,short,6474,865,320,256,1
l3_short_window,SHORT_WINDOW,14.0,0.5,300,2,99,ok,,0,1,21.30495899473317,662,1,0.7240000000000038,3.6549999999999727,4.900125000858679,1763183273428,1763183273659,,,,,,,,,,short,6630,706,213,163,0
l3_short_window,SHORT_WINDOW,14.0,0.5,300,2,100,ok,,0,1,24.703249990125187,662,1,0.5109999999999992,3.393000000000143,4.4459589989855886,1763183280564,1763183280775,,,,,,,,,,short,7253,254,230,205,2
l3_short_window,SHORT_WINDOW,14.0,0.5,300,2,101,ok,,0,1,18.867082995711826,662,1,0.5929999999999964,3.480000000000018,4.711874993517995,1763183289380,1763183289616,,,,,,,,,,short,6814,272,286,193,2
l3_short_window,SHORT_WINDOW,14.0,0.5,300,2,102,ok,,0,1,24.718832995858975,662,1,0.5670000000000002,3.536000000000058,4.7232079959940165,1763183296944,1763183297160,,,,,,,,,,short,7377,594,208,247,0
l3_short_window,SHORT_WINDOW,14.0,0.5,300,2,103,ok,,0,1,26.24758299498353,662,1,0.6979999999999933,3.41599999999994,4.291915989597328,1763183305149,1763183305356,,,,,,,,,,short,7304,400,283,262,0
l3_short_window,SHORT_WINDOW,14.0,0.5,300,2,104,ok,,0,1,27.010000005248003,662,1,0.6199999999999974,3.8010000000000446,5.210834002355114,1763183313822,1763183314082,,,,,,,,,,short,7076,278,330,167,0
l3_short_window,SHORT_WINDOW,14.0,0.5,300,2,105,ok,,0,1,25.425292013096623,662,1,0.544000000000004,3.439000000000078,4.62179200258106,1763183321419,1763183321624,,,,,,,,,,short,7743,326,240,193,2
l3_short_window,SHORT_WINDOW,14.0,0.5,300,2,106,ok,,0,1,24.261166996438988,662,1,0.6739999999999959,3.6949999999999363,4.7950000007404014,1763183330308,1763183330530,,,,,,,,,,short,7364,538,298,247,0
l3_short_window,SHORT_WINDOW,14.0,0.5,300,2,107,ok,,0,1,23.07933299744036,662,1,0.509999999999998,3.439000000000192,4.402834005304612,1763183338986,1763183339204,,,,,,,,,,short,6669,782,309,271,1
l3_short_window,SHORT_WINDOW,14.0,0.5,300,2,108,ok,,0,3,1049.9053340026876,1986,3,2.371999999999993,14.97300000000007,19.253083009971306,1763183346408,1763183347636,,,,,,,,,,short,7418,572,338,268,2
l3_short_window,SHORT_WINDOW,14.0,0.5,300,2,109,ok,,0,1,26.55679099552799,662,1,0.5289999999999964,3.372000000000071,4.510208003921434,1763183354493,1763183354698,,,,,,,,,,short,7251,411,276,259,0
l3_short_window,SHORT_WINDOW,14.0,0.5,300,2,110,ok,,0,1,22.236290998989716,662,1,0.5340000000000025,3.3600000000000136,4.363165993709117,1763183362854,1763183363059,,,,,,,,,,short,7258,542,314,181,3
l3_short_window,SHORT_WINDOW,14.0,0.5,300,2,111,ok,,0,1,24.357832997338846,662,1,0.5940000000000012,3.3940000000000055,4.345875000581145,1763183371106,1763183371328,,,,,,,,,,short,6444,557,219,254,0
l3_short_window,SHORT_WINDOW,14.0,0.5,300,2,112,ok,,0,1,26.443833005032502,662,1,0.5229999999999926,3.372000000000071,4.418457989231683,1763183378702,1763183378924,,,,,,,,,,short,7234,708,264,250,0
l3_short_window,SHORT_WINDOW,14.0,0.5,300,2,113,ok,,0,1,21.390666006482206,662,1,0.5549999999999997,3.631999999999948,4.803208998055197,1763183386603,1763183386825,,,,,,,,,,short,7015,448,306,223,0
l3_short_window,SHORT_WINDOW,14.0,0.5,300,2,114,ok,,0,1,26.042957993922755,662,1,0.5070000000000014,3.3549999999999045,4.097084005479701,1763183394529,1763183394734,,,,,,,,,,short,7046,452,336,166,2
l3_short_window,SHORT_WINDOW,14.0,0.5,300,2,115,ok,,0,1,22.70783399580978,662,1,0.5230000000000032,3.4389999999999645,4.263583992724307,1763183402365,1763183402579,,,,,,,,,,short,6044,379,201,264,0
l3_short_window,SHORT_WINDOW,14.0,0.5,300,2,116,ok,,0,1,22.1763750014361,662,1,0.5589999999999975,3.302000000000021,4.337624995969236,1763183409439,1763183409638,,,,,,,,,,short,6012,396,272,275,1
l3_short_window,SHORT_WINDOW,14.0,0.5,300,2,117,ok,,0,1,22.875541995745152,662,1,0.6970000000000027,3.5160000000000764,4.436040995642543,1763183416429,1763183416638,,,,,,,,,,short,6633,411,309,250,2
l3_short_window,SHORT_WINDOW,14.0,0.5,300,2,118,ok,,0,1,24.45224999974016,662,1,0.524000000000008,3.3310000000000173,4.2036250088131055,1763183423958,1763183424176,,,,,,,,,,short,6900,300,272,160,1
l3_short_window,SHORT_WINDOW,14.0,0.5,300,2,119,ok,,0,1,24.428125005215406,662,1,0.5139999999999922,3.8619999999998527,4.957166995154694,1763183431846,1763183432062,,,,,,,,,,short,6411,284,214,240,1
l3_short_window,SHORT_WINDOW,14.0,0.5,300,2,120,ok,,0,1,25.877667008899152,662,1,0.5820000000000007,3.533999999999878,4.585541988490149,1763183439101,1763183439312,,,,,,,,,,short,7612,343,222,217,2
l3_short_window,SHORT_WINDOW,14.0,0.5,300,2,121,ok,,0,1,27.325292001478374,662,1,0.5600000000000023,3.4430000000000973,4.639040998881683,1763183447753,1763183447964,,,,,,,,,,short,5993,352,326,232,0
l3_short_window,SHORT_WINDOW,14.0,0.5,300,2,122,ok,,0,1,22.51454100769479,662,1,0.534000000000006,3.6409999999999627,4.983083999832161,1763183454859,1763183455088,,,,,,,,,,short,6057,509,268,183,2
l3_short_window,SHORT_WINDOW,14.0,0.5,300,2,123,ok,,0,1,27.326792012900114,662,1,0.5369999999999955,3.341000000000122,4.217082998366095,1763183461720,1763183461920,,,,,,,,,,short,6429,433,280,266,1
l3_short_window,SHORT_WINDOW,14.0,0.5,300,2,124,ok,,0,1,28.030334011418745,662,1,0.5429999999999993,3.5300000000000864,4.358375008450821,1763183469217,1763183469432,,,,,,,,,,short,7597,518,228,223,0
l3_short_window,SHORT_WINDOW,14.0,0.5,300,2,125,ok,,0,1,28.217541999765672,662,1,0.5729999999999968,3.634999999999877,4.7934580070432276,1763183478095,1763183478325,,,,,,,,,,short,6064,805,309,167,0
l3_short_window,SHORT_WINDOW,14.0,0.5,300,2,126,ok,,0,1,26.510916999541223,662,1,0.5670000000000037,3.4260000000001583,4.5438329980243,1763183484994,1763183485195,,,,,,,,,,short,7117,637,264,207,0
l3_short_window,SHORT_WINDOW,14.0,0.5,300,2,127,ok,,0,1,21.509333004360087,662,1,0.6980000000000004,3.0570000000000164,4.300749991671182,1763183493197,1763183493414,,,,,,,,,,short,7013,710,251,263,4
l3_short_window,SHORT_WINDOW,14.0,0.5,300,2,128,ok,,0,1,27.819707989692688,662,1,0.8419999999999987,3.5710000000000264,4.659958998672664,1763183501141,1763183501362,,,,,,,,,,short,6934,729,235,246,1
l3_short_window,SHORT_WINDOW,14.0,0.5,300,2,129,ok,,0,1,26.293709001038224,662,1,0.7540000000000049,3.546000000000049,4.853249993175268,1763183509154,1763183509371,,,,,,,,,,short,6008,849,210,227,1
l3_short_window,SHORT_WINDOW,14.0,0.5,300,2,130,ok,,0,1,24.01383400138002,662,1,0.5310000000000059,3.4269999999999072,4.52512499759905,1763183516231,1763183516445,,,,,,,,,,short,6755,896,205,276,1
l3_short_window,SHORT_WINDOW,14.0,0.5,300,2,131,ok,,0,1,28.396417008480057,662,1,0.5720000000000027,3.727000000000089,4.948625006363727,1763183523889,1763183524125,,,,,,,,,,short,7416,858,319,232,1
l3_short_window,SHORT_WINDOW,14.0,0.5,300,2,132,ok,,0,1,22.62025000527501,662,1,0.5429999999999993,3.445999999999799,4.526749995420687,1763183532318,1763183532535,,,,,,,,,,short,6477,866,226,257,0
l3_short_window,SHORT_WINDOW,14.0,0.5,300,2,133,ok,,0,1,27.64575000037439,662,1,0.5460000000000029,3.4440000000001874,4.631415999028832,1763183539209,1763183539413,,,,,,,,,,short,6324,286,241,166,0
l3_short_window,SHORT_WINDOW,14.0,0.5,300,2,134,ok,,0,1,27.110750001156703,662,1,0.5310000000000024,3.544999999999959,4.686083004344255,1763183546664,1763183546879,,,,,,,,,,short,6297,474,226,209,1
l3_short_window,SHORT_WINDOW,14.0,0.5,300,2,135,ok,,0,1,23.204166995128617,662,1,0.5620000000000012,3.5,4.7521670057903975,1763183553869,1763183554086,,,,,,,,,,short,7321,377,233,227,0
l3_short_window,SHORT_WINDOW,14.0,0.5,300,2,136,ok,,0,1,25.266625001677312,662,1,0.6069999999999993,3.6569999999999254,4.7416659945156425,1763183562655,1763183562907,,,,,,,,,,short,7187,309,320,185,1
l3_short_window,SHORT_WINDOW,14.0,0.5,300,2,137,ok,,0,1,21.44845800648909,662,1,0.5450000000000017,3.6689999999999827,4.780916002346203,1763183570914,1763183571134,,,,,,,,,,short,6417,859,222,211,0
l3_short_window,SHORT_WINDOW,14.0,0.5,300,2,138,ok,,0,1,24.07133299857378,662,1,0.5199999999999996,3.55600000000004,4.6802910073893145,1763183578029,1763183578250,,,,,,,,,,short,6653,581,308,207,1
l3_short_window,SHORT_WINDOW,14.0,0.5,300,2,139,ok,,0,1,22.27258399943821,662,1,0.6210000000000022,3.5529999999999973,4.541707996395417,1763183585830,1763183586049,,,,,,,,,,short,6725,695,307,211,2
l3_short_window,SHORT_WINDOW,14.0,0.5,300,2,140,ok,,0,1,23.84199999505654,662,1,0.5470000000000077,3.4440000000000737,4.8174580006161705,1763183593417,1763183593636,,,,,,,,,,short,7505,598,219,194,0
l3_short_window,SHORT_WINDOW,14.0,0.5,300,2,141,ok,,0,1,22.476792000816204,662,1,0.5609999999999964,3.3990000000001146,4.413957998622209,1763183601755,1763183601968,,,,,,,,,,short,6658,438,244,215,0
l3_short_window,SHORT_WINDOW,14.0,0.5,300,2,142,ok,,0,1,23.145415994804353,662,1,0.5359999999999943,3.466000000000008,4.648625006666407,1763183609850,1763183610062,,,,,,,,,,short,6020,823,304,163,1
l3_short_window,SHORT_WINDOW,14.0,0.5,300,2,143,ok,,0,1,22.312583998427726,662,1,0.6590000000000025,3.1800000000000637,4.273999991710298,1763183616386,1763183616581,,,,,,,,,,short,7307,307,330,156,0
l3_short_window,SHORT_WINDOW,14.0,0.5,300,2,144,ok,,0,1,23.427459003869444,662,1,0.5489999999999995,3.633000000000038,4.736499991849996,1763183625002,1763183625227,,,,,,,,,,short,7578,630,226,202,2
l3_short_window,SHORT_WINDOW,14.0,0.5,300,2,145,ok,,0,1,24.49466699908953,662,1,0.5399999999999991,3.3780000000000427,4.434250004123896,1763183633316,1763183633527,,,,,,,,,,short,6582,455,305,246,1
l3_short_window,SHORT_WINDOW,14.0,0.5,300,2,146,ok,,0,1,23.631750998902135,662,1,0.5210000000000043,3.6010000000001128,4.53337500221096,1763183641139,1763183641356,,,,,,,,,,short,6640,821,339,232,1
l3_short_window,SHORT_WINDOW,14.0,0.5,300,2,147,ok,,0,1,22.867334002512507,662,1,0.5210000000000079,3.82000000000005,4.963124985806644,1763183648715,1763183648938,,,,,,,,,,short,6274,762,252,234,1
l3_short_window,SHORT_WINDOW,14.0,0.5,300,2,148,ok,,0,1,25.432583002839237,662,1,0.5749999999999957,3.5160000000000764,4.647417008527555,1763183655897,1763183656112,,,,,,,,,,short,7117,749,325,245,1
l3_short_window,SHORT_WINDOW,14.0,0.5,300,2,149,ok,,0,1,25.69450000009965,662,1,0.7109999999999914,3.4319999999999027,4.543292001471855,1763183664181,1763183664395,,,,,,,,,,short,7415,890,234,275,1
l3_short_window,SHORT_WINDOW,14.0,0.5,300,2,150,ok,,0,1,24.782459004200064,662,1,0.6930000000000014,3.350999999999999,4.2245829972671345,1763183671902,1763183672118,,,,,,,,,,short,7075,343,349,232,1
l3_short_window,SHORT_WINDOW,14.0,0.5,300,2,151,ok,,0,1,26.547209010459483,662,1,0.5579999999999998,3.435000000000059,4.683791004936211,1763183680271,1763183680497,,,,,,,,,,short,6372,645,267,271,1
l3_short_window,SHORT_WINDOW,14.0,0.5,300,2,152,ok,,0,1,22.175374993821606,662,1,0.5509999999999984,3.3519999999999754,4.50029200874269,1763183687329,1763183687521,,,,,,,,,,short,5936,339,350,271,0
l3_short_window,SHORT_WINDOW,14.0,0.5,300,2,153,ok,,0,1,25.435125004150905,662,1,0.49499999999999744,3.383000000000152,4.55225000041537,1763183694615,1763183694828,,,,,,,,,,short,6321,817,250,279,1
l3_short_window,SHORT_WINDOW,14.0,0.5,300,2,154,ok,,0,1,24.646125006256625,662,1,0.5949999999999989,3.6229999999999336,4.639624996343628,1763183701817,1763183702042,,,,,,,,,,short,6493,720,201,216,4
l3_short_window,SHORT_WINDOW,14.0,0.5,300,2,155,ok,,0,1,23.010958000668325,662,1,0.6070000000000064,3.6200000000000045,4.9673330067889765,1763183709342,1763183709570,,,,,,,,,,short,6700,836,295,186,0
l3_short_window,SHORT_WINDOW,14.0,0.5,300,2,156,ok,,0,1,21.178834009333514,662,1,0.75,4.158999999999992,5.518624995602295,1763183717087,1763183717300,,,,,,,,,,short,8238,846,327,215,4
l3_short_window,SHORT_WINDOW,14.0,0.5,300,2,157,ok,,0,1,26.122583003598265,662,1,0.563999999999993,3.6510000000000673,4.8748340050224215,1763183725784,1763183725999,,,,,,,,,,short,7051,532,297,279,0
l3_short_window,SHORT_WINDOW,14.0,0.5,300,2,158,ok,,0,1,26.991708000423387,662,1,0.5630000000000024,3.5510000000000446,4.66420799784828,1763183733643,1763183733846,,,,,,,,,,short,6889,293,201,155,1
l3_short_window,SHORT_WINDOW,14.0,0.5,300,2,159,ok,,0,1,22.331041996949352,662,1,0.8039999999999878,3.2269999999999754,4.320208012359217,1763183742032,1763183742245,,,,,,,,,,short,7389,755,244,212,1
l3_short_window,SHORT_WINDOW,14.0,0.5,300,2,160,ok,,0,1,25.78124999126885,662,1,0.5830000000000055,3.4120000000001482,4.254583996953443,1763183749949,1763183750161,,,,,,,,,,short,6873,293,311,214,1
l3_short_window,SHORT_WINDOW,14.0,0.5,300,2,161,ok,,0,1,20.747500006109476,662,1,0.5079999999999991,3.45699999999988,4.447540995897725,1763183757815,1763183758018,,,,,,,,,,short,7010,377,228,220,1
l3_short_window,SHORT_WINDOW,14.0,0.5,300,2,162,ok,,0,1,22.55716700165067,662,1,0.5520000000000032,3.4600000000000364,4.637457997887395,1763183765855,1763183766069,,,,,,,,,,short,7041,394,294,258,1
l3_short_window,SHORT_WINDOW,14.0,0.5,300,2,163,ok,,0,1,21.01858401147183,662,1,0.5110000000000028,3.396000000000072,4.522165996604599,1763183773939,1763183774144,,,,,,,,,,short,7678,394,280,241,2
l3_short_window,SHORT_WINDOW,14.0,0.5,300,2,164,ok,,0,1,26.60637500230223,662,1,0.5379999999999967,3.467999999999961,4.683209001086652,1763183783126,1763183783344,,,,,,,,,,short,6040,895,277,169,0
l3_short_window,SHORT_WINDOW,14.0,0.5,300,2,165,ok,,0,1,21.699249991797842,662,1,0.5090000000000003,3.3609999999998763,4.532499995548278,1763183789514,1763183789737,,,,,,,,,,short,6372,286,217,267,0
l3_short_window,SHORT_WINDOW,14.0,0.5,300,2,166,ok,,0,1,22.554042006959207,662,1,0.5119999999999933,3.4340000000000828,4.588166993926279,1763183797515,1763183797729,,,,,,,,,,short,6661,872,218,255,0
l3_short_window,SHORT_WINDOW,14.0,0.5,300,2,167,ok,,0,1,23.907708004117012,662,1,0.5480000000000018,3.5939999999999372,4.801832998055033,1763183806154,1763183806392,,,,,,,,,,short,7093,842,285,215,3
l3_short_window,SHORT_WINDOW,14.0,0.5,300,2,168,ok,,0,1,21.762167001725174,662,1,0.5359999999999943,3.44399999999996,4.524709001998417,1763183813116,1763183813338,,,,,,,,,,short,7699,710,221,219,2
l3_short_window,SHORT_WINDOW,14.0,0.5,300,2,169,ok,,0,1,27.03254199877847,662,1,0.5200000000000031,3.697999999999979,4.92270800168626,1763183821898,1763183822120,,,,,,,,,,short,7323,749,329,187,1
l3_short_window,SHORT_WINDOW,14.0,0.5,300,2,170,ok,,0,1,20.7103749999078,662,1,0.5300000000000011,3.562999999999988,4.631250005331822,1763183830051,1763183830297,,,,,,,,,,short,6770,284,324,178,2
l3_short_window,SHORT_WINDOW,14.0,0.5,300,2,171,ok,,0,1,23.315375001402572,662,1,0.5099999999999945,3.4580000000000837,4.318167004385032,1763183837824,1763183838049,,,,,,,,,,short,6679,837,214,267,2
l3_short_window,SHORT_WINDOW,14.0,0.5,300,2,172,ok,,0,1,26.204166002571583,662,1,0.5589999999999975,3.5410000000000537,4.614166988176294,1763183845120,1763183845336,,,,,,,,,,short,5973,430,268,185,1
l3_short_window,SHORT_WINDOW,14.0,0.5,300,2,173,ok,,0,1,25.363416003528982,662,1,0.524000000000008,3.49899999999991,4.63058399327565,1763183852197,1763183852418,,,,,,,,,,short,7516,510,270,246,0
l3_short_window,SHORT_WINDOW,14.0,0.5,300,2,174,ok,,0,1,28.042792007909156,662,1,0.532,3.3869999999999436,4.4394170108716935,1763183861079,1763183861283,,,,,,,,,,short,7240,883,322,206,2
l3_short_window,SHORT_WINDOW,14.0,0.5,300,2,175,ok,,0,1,25.89087499654852,662,1,0.48600000000000065,3.3640000000000327,4.53541699971538,1763183868785,1763183868988,,,,,,,,,,short,6902,477,339,214,0
l3_short_window,SHORT_WINDOW,14.0,0.5,300,2,176,ok,,0,1,23.120208003092557,662,1,0.5739999999999981,3.4260000000001583,4.474582994589582,1763183876807,1763183877025,,,,,,,,,,short,7592,636,286,185,0
l3_short_window,SHORT_WINDOW,14.0,0.5,300,2,177,ok,,0,1,27.134083007695153,662,1,0.5520000000000067,3.5109999999998536,4.714334005257115,1763183885573,1763183885799,,,,,,,,,,short,6439,801,335,164,2
l3_short_window,SHORT_WINDOW,14.0,0.5,300,2,178,ok,,0,1,20.25908300129231,662,1,0.7339999999999947,3.01299999999992,4.184290999546647,1763183892711,1763183892921,,,,,,,,,,short,5985,666,329,168,1
l3_short_window,SHORT_WINDOW,14.0,0.5,300,2,179,ok,,0,1,25.06945798813831,662,1,0.4969999999999999,3.441000000000031,4.488332997425459,1763183899343,1763183899564,,,,,,,,,,short,6230,332,317,166,2
l3_short_window,SHORT_WINDOW,14.0,0.5,300,2,180,ok,,0,1,29.532125001423992,662,1,0.6970000000000027,3.566000000000031,4.686750005930662,1763183907068,1763183907290,,,,,,,,,,short,7413,761,283,175,0
l3_short_window,SHORT_WINDOW,14.0,0.5,300,2,181,ok,,0,1,24.135166007908992,662,1,0.504999999999999,3.3420000000000982,4.344083004980348,1763183914942,1763183915154,,,,,,,,,,short,7782,308,226,197,1
l3_short_window,SHORT_WINDOW,14.0,0.5,300,2,182,ok,,0,1,23.80645798984915,662,1,0.5370000000000026,3.3630000000000564,4.473250010050833,1763183923728,1763183923932,,,,,,,,,,short,6207,290,265,228,1
l3_short_window,SHORT_WINDOW,14.0,0.5,300,2,183,ok,,0,1,28.808292001485825,662,1,0.5589999999999975,3.7100000000000364,4.883250003331341,1763183931238,1763183931465,,,,,,,,,,short,6637,588,287,200,0
l3_short_window,SHORT_WINDOW,14.0,0.5,300,2,184,ok,,0,1,23.074875003658235,662,1,0.5189999999999984,3.47300000000007,4.586832990753464,1763183938868,1763183939084,,,,,,,,,,short,6790,630,321,263,1
l3_short_window,SHORT_WINDOW,14.0,0.5,300,2,185,ok,,0,1,23.249165999004617,662,1,0.549000000000003,3.44399999999996,4.404040999361314,1763183946195,1763183946417,,,,,,,,,,short,6702,263,231,207,1
l3_short_window,SHORT_WINDOW,14.0,0.5,300,2,186,ok,,0,1,21.555375002208166,662,1,0.5589999999999975,3.58400000000006,4.484874996705912,1763183953971,1763183954182,,,,,,,,,,short,7004,359,253,233,0
l3_short_window,SHORT_WINDOW,14.0,0.5,300,2,187,ok,,0,1,23.90854099940043,662,1,0.568999999999992,3.4600000000000364,4.220625007292256,1763183962336,1763183962552,,,,,,,,,,short,7715,702,311,222,1
l3_short_window,SHORT_WINDOW,14.0,0.5,300,2,188,ok,,0,1,25.04291699733585,662,1,0.6450000000000031,3.59900000000016,4.743208002764732,1763183970696,1763183970908,,,,,,,,,,short,6239,402,236,171,0
l3_short_window,SHORT_WINDOW,14.0,0.5,300,2,189,ok,,0,1,23.38837500428781,662,1,0.5530000000000079,3.4950000000000045,4.454875001101755,1763183977927,1763183978140,,,,,,,,,,short,7653,396,222,266,1
l3_short_window,SHORT_WINDOW,14.0,0.5,300,2,190,ok,,0,1,23.713916991255246,662,1,0.5320000000000071,3.5400000000000773,4.619124985765666,1763183986893,1763183987121,,,,,,,,,,short,6362,692,276,213,1
l3_short_window,SHORT_WINDOW,14.0,0.5,300,2,191,ok,,0,1,29.373042008955963,662,1,0.5150000000000041,3.4740000000000464,4.659250000258908,1763183993825,1763183994031,,,,,,,,,,short,7484,258,275,238,2
l3_short_window,SHORT_WINDOW,14.0,0.5,300,2,192,ok,,0,1,24.87066699541174,662,1,0.5120000000000005,3.2910000000001673,4.177666007308289,1763184002308,1763184002518,,,,,,,,,,short,6006,282,304,161,2
l3_short_window,SHORT_WINDOW,14.0,0.5,300,2,193,ok,,0,1,22.25745900068432,662,1,0.5090000000000003,3.5710000000000264,4.688540997449309,1763184009737,1763184009956,,,,,,,,,,short,7471,782,308,177,2
l3_short_window,SHORT_WINDOW,14.0,0.5,300,2,194,ok,,0,1,24.800458006211556,662,1,0.5649999999999977,3.3750000000002274,4.470166997634806,1763184017739,1763184017948,,,,,,,,,,short,6473,363,283,257,0
l3_short_window,SHORT_WINDOW,14.0,0.5,300,2,195,ok,,0,1,24.49450000131037,662,1,0.5399999999999991,3.4769999999998618,4.69058399903588,1763184025456,1763184025673,,,,,,,,,,short,7647,622,319,253,0
l3_short_window,SHORT_WINDOW,14.0,0.5,300,2,196,ok,,0,1,23.00012500199955,662,1,0.5740000000000016,3.5679999999999836,4.723500009276904,1763184034342,1763184034567,,,,,,,,,,short,5946,862,256,261,0
l3_short_window,SHORT_WINDOW,14.0,0.5,300,2,197,ok,,0,1,23.120124998968095,662,1,0.5500000000000043,3.433999999999969,4.588666997733526,1763184040935,1763184041142,,,,,,,,,,short,7625,544,304,277,2
l3_short_window,SHORT_WINDOW,14.0,0.5,300,2,198,ok,,0,1,25.84391699929256,662,1,0.546999999999997,3.6240000000000236,4.754084002343006,1763184049558,1763184049787,,,,,,,,,,short,6565,561,277,168,2
l3_short_window,SHORT_WINDOW,14.0,0.5,300,2,199,ok,,0,1,27.35545799077954,662,1,0.5949999999999989,3.4079999999999018,4.553915990982205,1763184057188,1763184057409,,,,,,,,,,short,6659,639,311,235,0
l3_short_window,SHORT_WINDOW,14.0,0.5,300,2,200,ok,,0,1,22.90866698604077,662,1,0.5470000000000006,3.5549999999998363,4.688625005655922,1763184065078,1763184065302,,,,,,,,,,short,6578,865,333,176,2
l3_short_window,SHORT_WINDOW,14.0,0.5,300,2,201,ok,,0,1,23.98329199058935,662,1,0.554000000000002,3.423000000000002,4.4872080034110695,1763184072476,1763184072692,,,,,,,,,,short,6001,713,233,199,0
l3_short_window,SHORT_WINDOW,14.0,0.5,300,2,202,ok,,0,1,24.821375001920387,662,1,0.5329999999999977,3.4829999999999472,4.392167000332847,1763184078986,1763184079194,,,,,,,,,,short,7549,350,325,203,4
l3_short_window,SHORT_WINDOW,14.0,0.5,300,2,203,ok,,0,1,26.185875001829118,662,1,0.5019999999999918,3.54300000000012,4.851500008953735,1763184087914,1763184088135,,,,,,,,,,short,6927,712,338,268,1
l3_short_window,SHORT_WINDOW,14.0,0.5,300,2,204,ok,,0,1,25.402333994861692,662,1,0.573000000000004,3.423000000000229,4.560833011055365,1763184095797,1763184096013,,,,,,,,,,short,6187,840,332,251,0
l3_short_window,SHORT_WINDOW,14.0,0.5,300,2,205,ok,,0,1,24.279874996864237,662,1,0.5289999999999964,3.4429999999999836,4.688291999627836,1763184102436,1763184102636,,,,,,,,,,short,6911,364,294,169,0
l3_short_window,SHORT_WINDOW,14.0,0.5,300,2,206,ok,,0,1,23.666583001613617,662,1,0.5330000000000013,3.434999999999718,4.451333006727509,1763184110395,1763184110612,,,,,,,,,,short,7389,449,325,219,0
l3_short_window,SHORT_WINDOW,14.0,0.5,300,2,207,ok,,0,1,23.672249997616746,662,1,0.5339999999999989,3.4629999999999654,4.682582992245443,1763184118717,1763184118919,,,,,,,,,,short,6587,463,322,248,2
l3_short_window,SHORT_WINDOW,14.0,0.5,300,2,208,ok,,0,1,26.708917008363642,662,1,0.5459999999999958,3.5939999999998236,4.669165995437652,1763184126360,1763184126578,,,,,,,,,,short,6217,481,310,260,0
l3_short_window,SHORT_WINDOW,14.0,0.5,300,2,209,ok,,0,1,24.507916998118162,662,1,0.5320000000000036,3.5340000000001055,4.644374988856725,1763184134011,1763184134225,,,,,,,,,,short,7342,856,327,226,3
l3_short_window,SHORT_WINDOW,14.0,0.5,300,2,210,ok,,0,1,25.694207986816764,662,1,0.5670000000000073,3.408000000000129,4.530167003395036,1763184142243,1763184142460,,,,,,,,,,short,6524,781,253,167,1
l3_short_window,SHORT_WINDOW,14.0,0.5,300,2,211,ok,,0,1,26.14687499590218,662,1,0.5450000000000017,3.4470000000001164,4.593333011143841,1763184149430,1763184149647,,,,,,,,,,short,6955,511,329,203,2
l3_short_window,SHORT_WINDOW,14.0,0.5,300,2,212,ok,,0,1,27.242541997111402,662,1,0.5970000000000013,3.7389999999998054,4.915083001833409,1763184157629,1763184157855,,,,,,,,,,short,6899,738,246,181,0
l3_short_window,SHORT_WINDOW,14.0,0.5,300,2,213,ok,,0,1,27.020708002964966,662,1,0.5450000000000053,3.480000000000018,4.633499993360601,1763184165452,1763184165674,,,,,,,,,,short,6096,646,289,274,1
l3_short_window,SHORT_WINDOW,14.0,0.5,300,2,214,ok,,0,1,27.763334001065232,662,1,0.5480000000000089,3.52599999999984,4.629124989151023,1763184172201,1763184172415,,,,,,,,,,short,6615,353,260,208,0
l3_short_window,SHORT_WINDOW,14.0,0.5,300,2,215,ok,,0,1,24.77808301046025,662,1,0.5679999999999978,3.4479999999998654,4.274249993613921,1763184179971,1763184180192,,,,,,,,,,short,7481,503,283,193,0
l3_short_window,SHORT_WINDOW,14.0,0.5,300,2,216,ok,,0,1,20.987166004488245,662,1,0.5719999999999992,3.3300000000001546,4.390916001284495,1763184188683,1763184188888,,,,,,,,,,short,7074,707,216,175,0
l3_short_window,SHORT_WINDOW,14.0,0.5,300,2,217,ok,,0,1,23.825249998481013,662,1,0.6579999999999977,3.3459999999997763,4.557749998639338,1763184196700,1763184196918,,,,,,,,,,short,7531,685,287,183,0
l3_short_window,SHORT_WINDOW,14.0,0.5,300,2,218,ok,,0,1,24.911415996029973,662,1,0.5829999999999984,3.4429999999999836,4.279333996237256,1763184205154,1763184205377,,,,,,,,,,short,7401,635,230,224,0
l3_short_window,SHORT_WINDOW,14.0,0.5,300,2,219,ok,,0,1,24.03562499966938,662,1,0.5510000000000019,3.4720000000002074,4.644832995836623,1763184214137,1763184214351,,,,,,,,,,short,6620,749,227,175,1
l3_short_window,SHORT_WINDOW,14.0,0.5,300,2,220,ok,,0,2,538.480500006699,1324,2,1.492999999999995,8.39599999999973,10.838207992492244,1763184221053,1763184221768,,,,,,,,,,short,5956,552,211,224,2
l3_short_window,SHORT_WINDOW,14.0,0.5,300,2,221,ok,,0,1,19.43420901079662,662,1,0.9259999999999948,3.032000000000153,3.9587500068591908,1763184228072,1763184228289,,,,,,,,,,short,7370,597,307,213,1
l3_short_window,SHORT_WINDOW,14.0,0.5,300,2,222,ok,,0,1,27.499749994603917,662,1,0.5719999999999992,3.4760000000001128,4.560041008517146,1763184236683,1763184236903,,,,,,,,,,short,6666,851,345,170,2
l3_short_window,SHORT_WINDOW,14.0,0.5,300,2,223,ok,,0,1,23.07729099993594,662,1,0.5630000000000024,3.4540000000001783,4.6430420043179765,1763184243873,1763184244080,,,,,,,,,,short,6220,428,275,243,2
l3_short_window,SHORT_WINDOW,14.0,0.5,300,2,224,ok,,0,1,18.62579199951142,662,1,0.7729999999999961,3.1289999999999054,4.153000001679175,1763184251502,1763184251725,,,,,,,,,,short,6177,762,221,190,1
l3_short_window,SHORT_WINDOW,14.0,0.5,300,2,225,ok,,0,1,26.56116700381972,662,1,0.5649999999999977,3.6870000000001255,4.788916994584724,1763184258521,1763184258745,,,,,,,,,,short,7741,657,333,232,1
l3_short_window,SHORT_WINDOW,14.0,0.5,300,2,226,ok,,0,1,25.202124990755692,662,1,0.5229999999999961,3.397999999999911,4.488417005632073,1763184266874,1763184267086,,,,,,,,,,short,7645,386,277,265,2
l3_short_window,SHORT_WINDOW,14.0,0.5,300,2,227,ok,,0,1,24.745333997998387,662,1,0.7350000000000065,3.6519999999998163,4.99895800021477,1763184275402,1763184275600,,,,,,,,,,short,7130,299,300,208,0
l3_short_window,SHORT_WINDOW,14.0,0.5,300,2,228,ok,,0,1,20.625332996132784,662,1,0.5,3.3659999999999854,4.49504099378828,1763184283646,1763184283849,,,,,,,,,,short,5842,449,280,186,1
l3_short_window,SHORT_WINDOW,14.0,0.5,300,2,229,ok,,0,1,24.700791007489897,662,1,0.6720000000000041,3.291999999999689,4.577959000016563,1763184291339,1763184291559,,,,,,,,,,short,7405,760,247,152,4
l3_short_window,SHORT_WINDOW,14.0,0.5,300,2,230,ok,,0,1,24.605499987956136,662,1,0.7110000000000021,3.5989999999999327,4.707583007984795,1763184299109,1763184299323,,,,,,,,,,short,7396,696,294,223,0
l3_short_window,SHORT_WINDOW,14.0,0.5,300,2,231,ok,,0,1,28.70241600612644,662,1,0.5409999999999933,3.56699999999978,5.056833004346117,1763184307153,1763184307374,,,,,,,,,,short,7569,398,259,230,0
l3_short_window,SHORT_WINDOW,14.0,0.5,300,2,232,ok,,0,1,26.205542002571747,662,1,0.5910000000000011,3.3409999999998945,4.510792001383379,1763184315704,1763184315915,,,,,,,,,,short,6563,416,320,239,1
l3_short_window,SHORT_WINDOW,14.0,0.5,300,2,233,ok,,0,1,21.425207989523187,662,1,0.7499999999999929,3.3619999999998527,4.484292003326118,1763184324092,1763184324312,,,,,,,,,,short,7734,753,326,271,1
l3_short_window,SHORT_WINDOW,14.0,0.5,300,2,234,ok,,0,1,25.355875011882745,662,1,0.5320000000000071,3.395000000000209,4.49395900068339,1763184331911,1763184332121,,,,,,,,,,short,7671,328,204,249,2
l3_short_window,SHORT_WINDOW,14.0,0.5,300,2,235,ok,,0,1,24.980000001960434,662,1,0.5219999999999914,3.492999999999938,4.746375008835457,1763184340515,1763184340729,,,,,,,,,,short,5931,364,295,160,0
l3_short_window,SHORT_WINDOW,14.0,0.5,300,2,236,ok,,0,1,19.967040992924012,662,1,0.5130000000000017,3.451000000000022,4.6135000011418015,1763184347975,1763184348186,,,,,,,,,,short,6113,854,268,259,0
l3_short_window,SHORT_WINDOW,14.0,0.5,300,2,237,ok,,0,1,23.156875002314337,662,1,0.5470000000000041,3.5739999999996144,4.850707991863601,1763184354817,1763184355072,,,,,,,,,,short,6016,594,307,185,1
l3_short_window,SHORT_WINDOW,14.0,0.5,300,2,238,ok,,0,1,23.256707994733006,662,1,0.5659999999999954,3.542000000000371,4.697790995123796,1763184362009,1763184362232,,,,,,,,,,short,6166,761,307,271,2
l3_short_window,SHORT_WINDOW,14.0,0.5,300,2,239,ok,,0,1,24.831832997733727,662,1,0.544000000000004,3.4340000000001965,4.376083001261577,1763184368943,1763184369166,,,,,,,,,,short,7604,596,275,238,0
l3_short_window,SHORT_WINDOW,14.0,0.5,300,2,240,ok,,0,1,25.323458990897052,662,1,0.5219999999999985,3.4069999999999254,4.507874997216277,1763184377880,1763184378099,,,,,,,,,,short,6913,880,307,175,1
l3_short_window,SHORT_WINDOW,14.0,0.5,300,2,241,ok,,0,1,28.882458005682565,662,1,0.5760000000000005,5.932000000000016,8.706583990715444,1763184386688,1763184386923,,,,,,,,,,short,7213,751,221,244,1
l3_short_window,SHORT_WINDOW,14.0,0.5,300,2,242,ok,,0,1,22.129000004497357,662,1,0.5260000000000034,3.4169999999999163,4.380625003250316,1763184393759,1763184393983,,,,,,,,,,short,7666,610,302,229,1
l3_short_window,SHORT_WINDOW,14.0,0.5,300,2,243,ok,,0,1,23.514957996667363,662,1,0.5450000000000017,3.602999999999838,4.763875011121854,1763184402281,1763184402507,,,,,,,,,,short,7558,497,278,213,1
l3_short_window,SHORT_WINDOW,14.0,0.5,300,2,244,ok,,0,1,24.18591700552497,662,1,0.5720000000000027,3.4550000000001546,4.32179200288374,1763184411054,1763184411273,,,,,,,,,,short,6385,668,227,263,2
l3_short_window,SHORT_WINDOW,14.0,0.5,300,2,245,ok,,0,1,22.28362500318326,662,1,0.522000000000002,3.8520000000003165,5.048291001003236,1763184418131,1763184418343,,,,,,,,,,short,7393,555,329,274,0
l3_short_window,SHORT_WINDOW,14.0,0.5,300,2,246,ok,,0,1,20.724250003695488,662,1,0.671999999999997,3.163000000000011,4.105040992726572,1763184426794,1763184427011,,,,,,,,,,short,6094,766,345,232,1
l3_short_window,SHORT_WINDOW,14.0,0.5,300,2,247,ok,,0,1,20.312249995185994,662,1,0.6359999999999957,2.9529999999999745,4.126749990973622,1763184433646,1763184433836,,,,,,,,,,short,7497,631,279,217,1
l3_short_window,SHORT_WINDOW,14.0,0.5,300,2,248,ok,,0,1,24.063665987341665,662,1,0.6360000000000028,3.4559999999999036,4.224749995046295,1763184441974,1763184442198,,,,,,,,,,short,5881,559,283,215,1
l3_short_window,SHORT_WINDOW,14.0,0.5,300,2,249,ok,,0,1,23.99754201178439,662,1,0.6090000000000018,3.606000000000222,4.765250007039867,1763184449011,1763184449226,,,,,,,,,,short,7410,686,205,244,0
l3_short_window,SHORT_WINDOW,14.0,0.5,300,2,250,ok,,0,1,25.29666699410882,662,1,0.6700000000000017,3.3740000000000236,4.236583990859799,1763184457378,1763184457617,,,,,,,,,,short,7149,667,262,178,1
l3_short_window,SHORT_WINDOW,14.0,0.5,300,2,251,ok,,0,1,25.819207992753945,662,1,0.5679999999999978,3.4939999999999145,4.531707993010059,1763184465151,1763184465351,,,,,,,,,,short,7452,326,304,219,0
l3_short_window,SHORT_WINDOW,14.0,0.5,300,2,252,ok,,0,1,24.357874994166195,662,1,0.5719999999999956,3.492999999999938,4.61487501161173,1763184473699,1763184473942,,,,,,,,,,short,7163,466,295,249,0
l3_short_window,SHORT_WINDOW,14.0,0.5,300,2,253,ok,,0,1,29.892541002482176,662,1,0.5470000000000041,3.645999999999731,4.583041998557746,1763184481935,1763184482165,,,,,,,,,,short,6742,550,321,247,0
l3_short_window,SHORT_WINDOW,14.0,0.5,300,2,254,ok,,0,1,27.2489159979159,662,1,0.5589999999999975,3.5979999999999563,4.7374999994644895,1763184490939,1763184491182,,,,,,,,,,short,7615,770,245,200,1
l3_short_window,SHORT_WINDOW,14.0,0.5,300,2,255,ok,,0,1,22.8275409899652,662,1,0.5330000000000013,3.20699999999988,4.33783300104551,1763184498031,1763184498234,,,,,,,,,,short,6107,297,264,165,2
l3_short_window,SHORT_WINDOW,14.0,0.5,300,2,256,ok,,0,1,19.392249989323318,662,1,0.556000000000008,3.4620000000002165,4.559000008157454,1763184505338,1763184505558,,,,,,,,,,short,6666,473,231,209,0
l3_short_window,SHORT_WINDOW,14.0,0.5,300,2,257,ok,,0,1,25.29941599641461,662,1,0.504999999999999,3.5410000000001673,4.809416990610771,1763184512989,1763184513198,,,,,,,,,,short,5921,445,294,218,1
l3_short_window,SHORT_WINDOW,14.0,0.5,300,2,258,ok,,0,1,25.465832994086668,662,1,0.5409999999999968,3.473000000000411,4.647666006349027,1763184519956,1763184520168,,,,,,,,,,short,7334,507,228,217,1
l3_short_window,SHORT_WINDOW,14.0,0.5,300,2,259,ok,,0,1,22.878250005305745,662,1,0.600999999999992,3.19199999999978,4.533833009190857,1763184528367,1763184528584,,,,,,,,,,short,7740,551,205,262,2
l3_short_window,SHORT_WINDOW,14.0,0.5,300,2,260,ok,,0,1,27.14516600826755,662,1,0.5250000000000057,3.5399999999999636,4.628458002116531,1763184537188,1763184537403,,,,,,,,,,short,5902,626,215,277,0
l3_short_window,SHORT_WINDOW,14.0,0.5,300,2,261,ok,,0,1,20.418624990270473,662,1,0.5210000000000008,3.533000000000129,4.377375007607043,1763184544312,1763184544526,,,,,,,,,,short,6574,854,331,242,0
l3_short_window,SHORT_WINDOW,14.0,0.5,300,2,262,ok,,0,1,21.80291700642556,662,1,0.541999999999998,3.451999999999998,4.570999997667968,1763184551739,1763184551959,,,,,,,,,,short,7663,683,239,220,1
l3_short_window,SHORT_WINDOW,14.0,0.5,300,2,263,ok,,0,1,24.128667006152682,662,1,0.5249999999999986,3.691000000000031,4.938124999171123,1763184560568,1763184560797,,,,,,,,,,short,7614,855,229,161,1
l3_short_window,SHORT_WINDOW,14.0,0.5,300,2,264,ok,,0,1,25.19958300399594,662,1,0.5540000000000092,3.4619999999997617,4.5662920019822195,1763184569131,1763184569344,,,,,,,,,,short,6864,864,269,202,1
l3_short_window,SHORT_WINDOW,14.0,0.5,300,2,265,ok,,0,1,24.652166990563273,662,1,0.5240000000000009,3.4549999999999272,4.561249996186234,1763184576444,1763184576663,,,,,,,,,,short,5918,355,263,192,0
l3_short_window,SHORT_WINDOW,14.0,0.5,300,2,266,ok,,0,1,26.67220900184475,662,1,0.6150000000000091,3.6809999999998126,4.646125002182089,1763184583614,1763184583886,,,,,,,,,,short,7530,578,246,215,1
l3_short_window,SHORT_WINDOW,14.0,0.5,300,2,267,ok,,0,1,24.72091700474266,662,1,0.544000000000004,3.4829999999999472,4.636540994397365,1763184591925,1763184592142,,,,,,,,,,short,7250,381,331,280,0
l3_short_window,SHORT_WINDOW,14.0,0.5,300,2,268,ok,,0,1,24.118999994243495,662,1,0.5650000000000013,3.5289999999999964,4.626041991286911,1763184600489,1763184600706,,,,,,,,,,short,7505,706,333,272,1
l3_short_window,SHORT_WINDOW,14.0,0.5,300,2,269,ok,,0,1,23.973832998308353,662,1,0.5150000000000006,3.4850000000001273,4.4323330075712875,1763184609074,1763184609295,,,,,,,,,,short,6087,792,204,204,0
l3_short_window,SHORT_WINDOW,14.0,0.5,300,2,270,ok,,0,1,24.49991600587964,662,1,0.5600000000000023,3.502999999999929,4.594750003889203,1763184616257,1763184616482,,,,,,,,,,short,6281,889,229,216,2
l3_short_window,SHORT_WINDOW,14.0,0.5,300,2,271,ok,,0,1,26.492000004509464,662,1,0.5710000000000051,3.395000000000209,4.551625010208227,1763184622955,1763184623171,,,,,,,,,,short,7530,378,222,161,2
l3_short_window,SHORT_WINDOW,14.0,0.5,300,2,272,ok,,0,1,29.15933300391771,662,1,0.5820000000000007,3.7029999999999745,4.542499998933636,1763184631674,1763184631898,,,,,,,,,,short,7008,576,339,263,0
l3_short_window,SHORT_WINDOW,14.0,0.5,300,2,273,ok,,0,1,21.740749987657182,662,1,0.5080000000000027,3.5149999999998727,4.631542004062794,1763184639580,1763184639790,,,,,,,,,,short,7061,490,228,166,0
l3_short_window,SHORT_WINDOW,14.0,0.5,300,2,274,ok,,0,1,25.37491598923225,662,1,0.5800000000000054,3.68100000000004,4.7955829941201955,1763184647867,1763184648099,,,,,,,,,,short,6573,787,345,198,0
l3_short_window,SHORT_WINDOW,14.0,0.5,300,2,275,ok,,0,1,24.576625000918284,662,1,0.482999999999997,3.4559999999999036,4.596457991283387,1763184655341,1763184655551,,,,,,,,,,short,7216,621,263,207,0
l3_short_window,SHORT_WINDOW,14.0,0.5,300,2,276,ok,,0,1,22.852958005387336,662,1,0.5079999999999956,3.313000000000102,4.229250000207685,1763184663284,1763184663490,,,,,,,,,,short,7268,338,320,246,1
l3_short_window,SHORT_WINDOW,14.0,0.5,300,2,277,ok,,0,1,25.047625007573515,662,1,0.5410000000000039,3.6949999999999363,4.8971249925671145,1763184671512,1763184671747,,,,,,,,,,short,6316,518,316,159,1
l3_short_window,SHORT_WINDOW,14.0,0.5,300,2,278,ok,,0,1,23.844666007789783,662,1,0.5300000000000011,3.691000000000031,4.826374992262572,1763184679175,1763184679404,,,,,,,,,,short,6226,841,243,218,1
l3_short_window,SHORT_WINDOW,14.0,0.5,300,2,279,ok,,0,1,22.378082998329774,662,1,0.5990000000000002,3.40300000000002,4.642791987862438,1763184686466,1763184686673,,,,,,,,,,short,7222,887,216,158,1
l3_short_window,SHORT_WINDOW,14.0,0.5,300,2,280,ok,,0,1,22.162041990668513,662,1,0.6099999999999994,2.971000000000231,4.0430829976685345,1763184694192,1763184694402,,,,,,,,,,short,6935,426,285,177,2
l3_short_window,SHORT_WINDOW,14.0,0.5,300,2,281,ok,,0,1,20.735375001095235,662,1,0.6349999999999945,3.57100000000014,4.546541997115128,1763184702221,1763184702444,,,,,,,,,,short,7003,541,240,233,0
l3_short_window,SHORT_WINDOW,14.0,0.5,300,2,282,ok,,0,1,29.60833399265539,662,1,0.5760000000000005,3.6539999999999964,4.909915995085612,1763184710477,1763184710700,,,,,,,,,,short,6905,868,285,203,1
l3_short_window,SHORT_WINDOW,14.0,0.5,300,2,283,ok,,0,1,25.508790989988483,662,1,0.5619999999999976,3.861000000000331,5.15616599295754,1763184718268,1763184718535,,,,,,,,,,short,7625,296,335,253,3
l3_short_window,SHORT_WINDOW,14.0,0.5,300,2,284,ok,,0,1,26.749790995381773,662,1,0.5889999999999986,3.68300000000022,4.629000002751127,1763184726852,1763184727085,,,,,,,,,,short,6091,794,310,253,1
l3_short_window,SHORT_WINDOW,14.0,0.5,300,2,285,ok,,0,1,24.861917001544498,662,1,0.5540000000000092,3.562999999999647,4.490624996833503,1763184733258,1763184733458,,,,,,,,,,short,7380,362,296,217,0
l3_short_window,SHORT_WINDOW,14.0,0.5,300,2,286,ok,,0,1,23.073917007423006,662,1,0.5159999999999982,3.4179999999998927,4.492874999414198,1763184741572,1763184741787,,,,,,,,,,short,6515,269,268,190,1
l3_short_window,SHORT_WINDOW,14.0,0.5,300,2,287,ok,,0,1,23.17333300015889,662,1,0.5230000000000032,3.6420000000000528,4.613416997017339,1763184749465,1763184749688,,,,,,,,,,short,7469,672,222,257,2
l3_short_window,SHORT_WINDOW,14.0,0.5,300,2,288,ok,,0,1,22.83075000741519,662,1,0.5229999999999997,3.381000000000313,4.358833000878803,1763184757679,1763184757896,,,,,,,,,,short,6105,408,276,152,1
l3_short_window,SHORT_WINDOW,14.0,0.5,300,2,289,ok,,0,1,19.67429199430626,662,1,0.8560000000000016,3.3420000000000982,5.284042010316625,1763184764892,1763184765104,,,,,,,,,,short,6017,552,240,200,2
l3_short_window,SHORT_WINDOW,14.0,0.5,300,2,290,ok,,0,1,24.523332991520874,662,1,0.5339999999999954,3.463000000000193,4.598792002070695,1763184771653,1763184771858,,,,,,,,,,short,7491,390,334,254,0
l3_short_window,SHORT_WINDOW,14.0,0.5,300,2,291,ok,,0,1,21.74137499241624,662,1,0.5320000000000036,3.377999999999929,4.541834001429379,1763184780309,1763184780518,,,,,,,,,,short,6393,564,320,191,1
l3_short_window,SHORT_WINDOW,14.0,0.5,300,2,292,ok,,0,1,21.339041995815933,662,1,0.6679999999999993,3.6760000000001583,4.9294999917037785,1763184787680,1763184787897,,,,,,,,,,short,7518,634,283,203,1
l3_short_window,SHORT_WINDOW,14.0,0.5,300,2,293,ok,,0,1,27.308709002682008,662,1,0.7189999999999976,3.5950000000000273,4.7801670007174835,1763184795957,1763184796163,,,,,,,,,,short,7067,421,255,250,3
l3_short_window,SHORT_WINDOW,14.0,0.5,300,2,294,ok,,0,1,26.07812499627471,662,1,0.6809999999999974,3.9760000000001128,5.175624988623895,1763184804454,1763184804716,,,,,,,,,,short,7031,271,348,159,1
l3_short_window,SHORT_WINDOW,14.0,0.5,300,2,295,ok,,0,1,22.885457990923896,662,1,0.5570000000000022,3.7009999999997945,4.944416010403074,1763184812112,1763184812337,,,,,,,,,,short,6967,401,229,211,0
l3_short_window,SHORT_WINDOW,14.0,0.5,300,2,296,ok,,0,2,536.2616240017815,1324,2,2.3689999999999927,10.54600000000005,13.23450000199955,1763184820804,1763184821518,,,,,,,,,,short,7173,644,338,258,1
l3_short_window,SHORT_WINDOW,14.0,0.5,300,2,297,ok,,0,1,23.343458989984356,662,1,1.0940000000000012,3.546999999999798,4.620167004759423,1763184828403,1763184828612,,,,,,,,,,short,6868,545,223,252,2
l3_short_window,SHORT_WINDOW,14.0,0.5,300,2,298,ok,,0,1,24.63729200826492,662,1,0.5720000000000027,3.6410000000000764,4.759709001518786,1763184836200,1763184836424,,,,,,,,,,short,6361,538,303,238,2
l3_short_window,SHORT_WINDOW,14.0,0.5,300,2,299,failed,wait_access_response,0,3,506.23562499822583,516,3,5.006,0.0,0.0,1763184844449,,,,,,,,,,,short,7683,602,312,158,5
l3_short_window,SHORT_WINDOW,14.0,0.5,300,2,300,ok,,0,1,25.581209003576078,662,1,0.5209999999999937,3.365000000000009,4.606208007317036,1763184852155,1763184852366,,,,,,,,,,short,6357,724,250,225,1
l3_short_window,SHORT_WINDOW,14.0,0.5,400,2,1,ok,,0,1,25.652959011495113,662,1,0.5700000000000003,3.645999999999958,4.8066250019473955,1763184859394,1763184859633,,,,,,,,,,short,7053,616,235,210,1
l3_short_window,SHORT_WINDOW,14.0,0.5,400,2,2,ok,,0,1,24.298375006765127,662,1,0.5820000000000043,3.7609999999999673,5.793374992208555,1763184867499,1763184867705,,,,,,,,,,short,6653,678,350,240,2
l3_short_window,SHORT_WINDOW,14.0,0.5,400,2,3,ok,,0,1,36.53749999648426,662,1,1.2820000000000036,6.095000000000027,15.550958996755071,1763184874943,1763184875160,,,,,,,,,,short,5815,601,344,278,1
l3_short_window,SHORT_WINDOW,14.0,0.5,400,2,4,ok,,0,1,22.519167003338225,662,1,0.5060000000000002,3.4639999999997144,4.534709005383775,1763184881791,1763184882004,,,,,,,,,,short,7792,603,322,188,0
l3_short_window,SHORT_WINDOW,14.0,0.5,400,2,5,ok,,0,3,1052.6194169942755,1986,3,1.710000000000008,13.413999999999987,15.962457997375168,1763184890806,1763184892042,,,,,,,,,,short,6426,858,238,278,1
l3_short_window,SHORT_WINDOW,14.0,0.5,400,2,6,ok,,0,1,21.47787499416154,662,1,0.5629999999999988,3.634999999999991,4.83695900766179,1763184898081,1763184898300,,,,,,,,,,short,7650,746,202,278,3
l3_short_window,SHORT_WINDOW,14.0,0.5,400,2,7,ok,,0,1,27.062500012107193,662,1,0.5160000000000053,3.533999999999878,4.62983398756478,1763184906848,1763184907070,,,,,,,,,,short,7594,872,335,236,0
l3_short_window,SHORT_WINDOW,14.0,0.5,400,2,8,ok,,0,1,24.567290995037183,662,1,0.5590000000000046,3.3599999999999,4.5119580026948825,1763184915220,1763184915446,,,,,,,,,,short,5951,696,260,184,0
l3_short_window,SHORT_WINDOW,14.0,0.5,400,2,9,ok,,0,1,26.564833999145776,662,1,0.6069999999999993,3.4789999999998145,4.562207992421463,1763184921778,1763184921987,,,,,,,,,,short,7392,325,209,237,2
l3_short_window,SHORT_WINDOW,14.0,0.5,400,2,10,ok,,0,1,21.128416003193706,662,1,0.492999999999995,3.141999999999598,3.77616701007355,1763184930561,1763184930783,,,,,,,,,,short,5874,720,200,190,0
l3_short_window,SHORT_WINDOW,14.0,0.5,400,2,11,ok,,0,1,23.2916670065606,662,1,0.5299999999999976,3.451999999999998,4.6241670061135665,1763184937479,1763184937693,,,,,,,,,,short,7785,804,300,187,1
l3_short_window,SHORT_WINDOW,14.0,0.5,400,2,12,ok,,0,1,24.595874987426214,662,1,0.7090000000000032,3.5879999999999654,4.572582998662256,1763184946174,1763184946381,,,,,,,,,,short,7570,739,328,258,0
l3_short_window,SHORT_WINDOW,14.0,0.5,400,2,13,ok,,0,1,27.2353330074111,662,1,0.6839999999999975,3.3890000000001237,4.4531669991556555,1763184954271,1763184954488,,,,,,,,,,short,7643,458,309,158,1
l3_short_window,SHORT_WINDOW,14.0,0.5,400,2,14,ok,,0,1,30.57295799953863,662,1,0.5699999999999932,3.7760000000000673,4.971582995494828,1763184963379,1763184963610,,,,,,,,,,short,6166,900,211,213,0
l3_short_window,SHORT_WINDOW,14.0,0.5,400,2,15,ok,,0,1,25.56170799653046,662,1,0.5870000000000033,3.765999999999849,4.878292005741969,1763184970334,1763184970557,,,,,,,,,,short,6917,708,250,268,2
l3_short_window,SHORT_WINDOW,14.0,0.5,400,2,16,ok,,0,1,24.8150830011582,662,1,0.5320000000000036,3.3899999999996453,4.47262499073986,1763184978354,1763184978565,,,,,,,,,,short,7232,820,271,221,2
l3_short_window,SHORT_WINDOW,14.0,0.5,400,2,17,ok,,0,1,25.270917001762427,662,1,0.5739999999999981,3.6770000000001346,4.890333002549596,1763184985965,1763184986176,,,,,,,,,,short,5873,390,309,196,1
l3_short_window,SHORT_WINDOW,14.0,0.5,400,2,18,ok,,0,1,23.66345899645239,662,1,0.6299999999999955,2.939999999999827,4.186208010651171,1763184993049,1763184993256,,,,,,,,,,short,6791,566,270,269,3
l3_short_window,SHORT_WINDOW,14.0,0.5,400,2,19,ok,,0,1,24.189457995817065,662,1,0.5400000000000027,3.33199999999988,4.376625001896173,1763185000727,1763185000936,,,,,,,,,,short,7307,506,307,223,0
l3_short_window,SHORT_WINDOW,14.0,0.5,400,2,20,ok,,0,1,25.752750007086433,662,1,0.5120000000000076,3.4609999999997854,4.575165992719121,1763185008859,1763185009072,,,,,,,,,,short,6734,364,209,220,0
l3_short_window,SHORT_WINDOW,14.0,0.5,400,2,21,ok,,0,1,26.39304200420156,662,1,0.593,3.45900000000006,4.553791004582308,1763185016854,1763185017069,,,,,,,,,,short,7748,621,313,158,2
l3_short_window,SHORT_WINDOW,14.0,0.5,400,2,22,ok,,0,1,21.69333299389109,662,1,0.5239999999999974,3.6410000000003038,4.826624994166195,1763185025664,1763185025884,,,,,,,,,,short,7521,647,234,169,2
l3_short_window,SHORT_WINDOW,14.0,0.5,400,2,23,ok,,0,1,26.83604099729564,662,1,0.6430000000000078,3.436000000000149,4.576499995891936,1763185034204,1763185034441,,,,,,,,,,short,7077,390,215,234,1
l3_short_window,SHORT_WINDOW,14.0,0.5,400,2,24,ok,,0,1,22.81750000838656,662,1,0.5710000000000015,3.4489999999998417,4.563457987387665,1763185042011,1763185042222,,,,,,,,,,short,6205,614,237,261,0
l3_short_window,SHORT_WINDOW,14.0,0.5,400,2,25,ok,,0,1,24.402041992289014,662,1,0.6360000000000028,3.497000000000071,4.633167001884431,1763185048978,1763185049196,,,,,,,,,,short,6683,361,349,275,2
l3_short_window,SHORT_WINDOW,14.0,0.5,400,2,26,ok,,0,1,27.30787600739859,662,1,0.5459999999999994,3.606000000000222,4.690499990829267,1763185057037,1763185057262,,,,,,,,,,short,6204,682,326,251,1
l3_short_window,SHORT_WINDOW,14.0,0.5,400,2,27,ok,,0,1,21.687083004508168,662,1,0.5260000000000034,3.5130000000001473,4.754084002343006,1763185064172,1763185064379,,,,,,,,,,short,7395,578,240,172,0
l3_short_window,SHORT_WINDOW,14.0,0.5,400,2,28,ok,,0,1,21.718000003602356,662,1,0.6409999999999982,2.9989999999997963,4.062291991431266,1763185073399,1763185073616,,,,,,,,,,short,6528,891,289,225,1
l3_short_window,SHORT_WINDOW,14.0,0.5,400,2,29,ok,,0,1,21.502250005141832,662,1,0.6970000000000027,3.491000000000213,4.669666988775134,1763185080267,1763185080487,,,,,,,,,,short,7172,764,343,191,1
l3_short_window,SHORT_WINDOW,14.0,0.5,400,2,30,ok,,0,1,26.54433400311973,662,1,0.527000000000001,3.5100000000002183,4.701917001511902,1763185088476,1763185088694,,,,,,,,,,short,6156,811,249,245,0
l3_short_window,SHORT_WINDOW,14.0,0.5,400,2,31,ok,,0,1,23.436666000634432,662,1,0.529999999999994,3.4700000000000273,4.5512499928008765,1763185095482,1763185095697,,,,,,,,,,short,6895,682,336,198,0
l3_short_window,SHORT_WINDOW,14.0,0.5,400,2,32,ok,,0,1,21.6331249976065,662,1,0.5139999999999993,3.3969999999999345,4.532832987024449,1763185103153,1763185103359,,,,,,,,,,short,6612,515,291,254,1
l3_short_window,SHORT_WINDOW,14.0,0.5,400,2,33,ok,,0,1,23.16183400398586,662,1,0.5589999999999975,3.6249999999997726,4.771416002768092,1763185111047,1763185111264,,,,,,,,,,short,7674,759,348,261,1
l3_short_window,SHORT_WINDOW,14.0,0.5,400,2,34,ok,,0,1,26.250959010212682,662,1,0.5549999999999997,3.6269999999999527,4.837667001993395,1763185119699,1763185119918,,,,,,,,,,short,7582,741,239,234,2
l3_short_window,SHORT_WINDOW,14.0,0.5,400,2,35,ok,,0,1,25.057750011910684,662,1,0.5689999999999991,3.46100000000024,4.322500011767261,1763185128356,1763185128572,,,,,,,,,,short,6081,777,317,156,1
l3_short_window,SHORT_WINDOW,14.0,0.5,400,2,36,ok,,0,1,24.18420799949672,662,1,0.5339999999999954,3.3430000000000746,4.529083002125844,1763185135222,1763185135456,,,,,,,,,,short,7389,602,218,183,3
l3_short_window,SHORT_WINDOW,14.0,0.5,400,2,37,ok,,0,1,20.273041998734698,662,1,0.544000000000004,3.4160000000001673,4.42329200450331,1763185143454,1763185143673,,,,,,,,,,short,6114,460,214,230,0
l3_short_window,SHORT_WINDOW,14.0,0.5,400,2,38,ok,,0,1,24.871458008419722,662,1,0.5339999999999954,3.47199999999998,4.660083999624476,1763185151002,1763185151215,,,,,,,,,,short,6365,830,294,261,2
l3_short_window,SHORT_WINDOW,14.0,0.5,400,2,39,ok,,0,1,21.260042005451396,662,1,0.514999999999997,3.4830000000001746,4.520749993389472,1763185157943,1763185158150,,,,,,,,,,short,7305,458,295,192,1
l3_short_window,SHORT_WINDOW,14.0,0.5,400,2,40,ok,,0,1,24.68533300270792,662,1,0.5470000000000006,3.671000000000049,4.817917011678219,1763185166466,1763185166679,,,,,,,,,,short,5762,668,302,275,0
l3_short_window,SHORT_WINDOW,14.0,0.5,400,2,41,ok,,0,1,22.768625000026077,662,1,0.6099999999999994,3.338000000000193,4.348249989561737,1763185173181,1763185173387,,,,,,,,,,short,7025,618,262,198,2
l3_short_window,SHORT_WINDOW,14.0,0.5,400,2,42,ok,,0,1,25.989208006649278,662,1,0.5560000000000045,3.394000000000233,4.3456660059746355,1763185180956,1763185181168,,,,,,,,,,short,6074,408,303,232,0
l3_short_window,SHORT_WINDOW,14.0,0.5,400,2,43,ok,,0,1,25.196624992531724,662,1,0.5659999999999954,3.408000000000129,4.691459005698562,1763185188227,1763185188439,,,,,,,,,,short,7363,581,342,150,0
l3_short_window,SHORT_WINDOW,14.0,0.5,400,2,44,ok,,0,1,22.673540996038355,662,1,0.5,3.5,4.546541007584892,1763185196920,1763185197136,,,,,,,,,,short,5820,878,220,245,1
l3_short_window,SHORT_WINDOW,14.0,0.5,400,2,45,ok,,0,1,26.815833000000566,662,1,0.5519999999999996,3.663000000000011,4.802499999641441,1763185203343,1763185203570,,,,,,,,,,short,6782,534,206,213,2
l3_short_window,SHORT_WINDOW,14.0,0.5,400,2,46,ok,,0,1,23.830082995118573,662,1,0.5609999999999999,3.681999999999789,4.9662079982226714,1763185211137,1763185211362,,,,,,,,,,short,6156,613,328,255,0
l3_short_window,SHORT_WINDOW,14.0,0.5,400,2,47,ok,,0,1,25.16241699049715,662,1,0.6339999999999968,3.643000000000029,4.493957996601239,1763185218529,1763185218753,,,,,,,,,,short,7673,869,275,161,1
l3_short_window,SHORT_WINDOW,14.0,0.5,400,2,48,ok,,0,1,20.727750001242384,662,1,0.5539999999999985,3.5570000000000164,4.491915999096818,1763185227116,1763185227337,,,,,,,,,,short,6739,739,316,164,0
l3_short_window,SHORT_WINDOW,14.0,0.5,400,2,49,ok,,0,1,26.582917009363882,662,1,0.5379999999999967,3.411999999999807,4.61524999991525,1763185234311,1763185234522,,,,,,,,,,short,6633,299,215,245,0
l3_short_window,SHORT_WINDOW,14.0,0.5,400,2,50,ok,,0,1,24.86333399428986,662,1,0.5890000000000022,3.4570000000001073,4.585000002407469,1763185242043,1763185242258,,,,,,,,,,short,6264,418,292,272,0
l3_short_window,SHORT_WINDOW,14.0,0.5,400,2,51,ok,,0,1,23.426542000379413,662,1,0.5459999999999958,3.45900000000006,4.618917009793222,1763185249271,1763185249469,,,,,,,,,,short,6030,424,248,186,0
l3_short_window,SHORT_WINDOW,14.0,0.5,400,2,52,ok,,0,1,26.897499992628582,662,1,0.5990000000000073,3.577999999999747,4.828040997381322,1763185256739,1763185256968,,,,,,,,,,short,7178,848,253,217,0
l3_short_window,SHORT_WINDOW,14.0,0.5,400,2,53,ok,,0,1,22.6353750040289,662,1,0.5449999999999946,3.5920000000000982,4.7119999944698066,1763185264938,1763185265158,,,,,,,,,,short,6000,878,289,238,1
l3_short_window,SHORT_WINDOW,14.0,0.5,400,2,54,ok,,0,2,543.0491670122137,1324,2,1.7049999999999983,9.31100000000015,12.385624999296851,1763185271791,1763185272520,,,,,,,,,,short,7379,702,269,203,1
l3_short_window,SHORT_WINDOW,14.0,0.5,400,2,55,ok,,0,1,20.776542005478404,662,1,0.6310000000000073,3.3840000000000146,4.317083992646076,1763185280191,1763185280408,,,,,,,,,,short,6810,720,227,250,0
l3_short_window,SHORT_WINDOW,14.0,0.5,400,2,56,ok,,0,1,27.20529100042768,662,1,0.6820000000000022,3.449999999999818,4.58029200672172,1763185287675,1763185287884,,,,,,,,,,short,6092,506,222,226,1
l3_short_window,SHORT_WINDOW,14.0,0.5,400,2,57,ok,,0,1,21.702250000089407,662,1,0.5290000000000035,3.4340000000001965,4.594041005475447,1763185294912,1763185295125,,,,,,,,,,short,7829,578,220,171,1
l3_short_window,SHORT_WINDOW,14.0,0.5,400,2,58,ok,,0,1,19.08154200646095,662,1,0.5500000000000043,3.4550000000001546,4.343916996731423,1763185303610,1763185303822,,,,,,,,,,short,7413,461,275,158,2
l3_short_window,SHORT_WINDOW,14.0,0.5,400,2,59,ok,,0,1,26.994582993211225,662,1,0.6379999999999981,3.70699999999988,4.9255420017289,1763185312190,1763185312417,,,,,,,,,,short,6605,592,316,185,1
l3_short_window,SHORT_WINDOW,14.0,0.5,400,2,60,ok,,0,1,22.391708989744075,662,1,0.5030000000000072,3.4590000000002874,4.548292010440491,1763185319816,1763185320029,,,,,,,,,,short,6670,673,201,256,0
l3_short_window,SHORT_WINDOW,14.0,0.5,400,2,61,ok,,0,1,24.245291991974227,662,1,0.549000000000003,3.6310000000000855,4.760834010085091,1763185327162,1763185327376,,,,,,,,,,short,7826,357,340,176,1
l3_short_window,SHORT_WINDOW,14.0,0.5,400,2,62,ok,,0,1,27.100624996819533,662,1,0.5339999999999989,3.5230000000001382,4.913083001156338,1763185336477,1763185336696,,,,,,,,,,short,6512,861,204,244,1
l3_short_window,SHORT_WINDOW,14.0,0.5,400,2,63,ok,,0,1,26.152625010581687,662,1,0.5990000000000038,3.6230000000002747,4.644457992981188,1763185343913,1763185344168,,,,,,,,,,short,7284,324,349,278,1
l3_short_window,SHORT_WINDOW,14.0,0.5,400,2,64,ok,,0,1,26.852625000174157,662,1,0.6450000000000031,3.772999999999911,4.6694580087205395,1763185351929,1763185352153,,,,,,,,,,short,6096,599,349,272,2
l3_short_window,SHORT_WINDOW,14.0,0.5,400,2,65,ok,,0,2,542.6459169975715,1324,2,1.919000000000004,10.950000000000045,14.353124992339872,1763185358879,1763185359576,,,,,,,,,,short,6185,519,212,203,2
l3_short_window,SHORT_WINDOW,14.0,0.5,400,2,66,ok,,0,1,22.15220899961423,662,1,0.5289999999999964,3.4580000000000837,4.57262501004152,1763185366426,1763185366637,,,,,,,,,,short,6708,817,228,152,1
l3_short_window,SHORT_WINDOW,14.0,0.5,400,2,67,ok,,0,1,24.848250002833083,662,1,0.5770000000000053,3.4700000000000273,4.441249999217689,1763185373821,1763185374054,,,,,,,,,,short,7482,592,253,260,0
l3_short_window,SHORT_WINDOW,14.0,0.5,400,2,68,ok,,0,1,25.256500011892058,662,1,0.5829999999999984,3.4990000000000236,4.383457999210805,1763185382245,1763185382460,,,,,,,,,,short,5754,532,312,274,2
l3_short_window,SHORT_WINDOW,14.0,0.5,400,2,69,ok,,0,1,26.862333994358778,662,1,0.5829999999999949,3.711999999999989,4.833499988308176,1763185388786,1763185388998,,,,,,,,,,short,7477,329,303,164,1
l3_short_window,SHORT_WINDOW,14.0,0.5,400,2,70,ok,,0,1,25.135208008578047,662,1,0.5299999999999976,3.66399999999976,4.813207997358404,1763185397194,1763185397412,,,,,,,,,,short,5891,297,260,205,1
l3_short_window,SHORT_WINDOW,14.0,0.5,400,2,71,ok,,0,1,23.444916994776577,662,1,0.5879999999999939,3.712999999999738,4.535917003522627,1763185405013,1763185405226,,,,,,,,,,short,6255,803,261,263,1
l3_short_window,SHORT_WINDOW,14.0,0.5,400,2,72,ok,,0,1,26.38091699918732,662,1,0.5509999999999948,3.5210000000001855,4.659957994590513,1763185411299,1763185411509,,,,,,,,,,short,7272,371,230,161,2
l3_short_window,SHORT_WINDOW,14.0,0.5,400,2,73,ok,,0,1,25.386624998645857,662,1,0.6729999999999983,3.5140000000001237,4.430540997418575,1763185419927,1763185420140,,,,,,,,,,short,6158,878,339,261,1
l3_short_window,SHORT_WINDOW,14.0,0.5,400,2,74,ok,,0,1,27.33054199779872,662,1,0.5599999999999987,3.6359999999999673,4.747583996504545,1763185426677,1763185426899,,,,,,,,,,short,6412,546,322,233,1
l3_short_window,SHORT_WINDOW,14.0,0.5,400,2,75,ok,,0,1,22.93545799329877,662,1,0.5160000000000018,3.3500000000001364,4.441874989424832,1763185433868,1763185434079,,,,,,,,,,short,7188,374,324,247,0
l3_short_window,SHORT_WINDOW,14.0,0.5,400,2,76,ok,,0,1,23.66904099471867,662,1,0.5460000000000029,3.45900000000006,4.519041991443373,1763185441989,1763185442195,,,,,,,,,,short,6482,363,200,186,0
l3_short_window,SHORT_WINDOW,14.0,0.5,400,2,77,ok,,0,1,28.169832992716692,662,1,0.5609999999999999,3.6269999999997253,4.5312080037547275,1763185449537,1763185449753,,,,,,,,,,short,7050,446,225,249,1
l3_short_window,SHORT_WINDOW,14.0,0.5,400,2,78,ok,,0,1,22.714874998200685,662,1,0.5120000000000005,3.4659999999998945,4.53074999677483,1763185457407,1763185457618,,,,,,,,,,short,7871,268,238,156,2
l3_short_window,SHORT_WINDOW,14.0,0.5,400,2,79,ok,,0,1,25.95833300438244,662,1,0.5910000000000082,3.4149999999999636,4.5165409974288195,1763185466207,1763185466423,,,,,,,,,,short,6820,423,277,183,1
l3_short_window,SHORT_WINDOW,14.0,0.5,400,2,80,ok,,0,1,28.062708006473258,662,1,0.554000000000002,3.701000000000022,4.661541999666952,1763185474432,1763185474654,,,,,,,,,,short,6300,753,234,271,1
l3_short_window,SHORT_WINDOW,14.0,0.5,400,2,81,ok,,0,1,21.731624990934506,662,1,0.7539999999999978,3.5750000000000455,4.847707998123951,1763185481182,1763185481395,,,,,,,,,,short,6853,292,288,176,1
l3_short_window,SHORT_WINDOW,14.0,0.5,400,2,82,ok,,0,1,22.595250004087575,662,1,0.541999999999998,3.586999999999989,4.767042002640665,1763185489088,1763185489295,,,,,,,,,,short,7109,396,307,250,1
l3_short_window,SHORT_WINDOW,14.0,0.5,400,2,83,ok,,0,1,24.04608399956487,662,1,0.6200000000000045,3.64200000000028,8.584875002270564,1763185497307,1763185497519,,,,,,,,,,short,6538,550,301,277,1
l3_short_window,SHORT_WINDOW,14.0,0.5,400,2,84,ok,,0,1,23.527707991888747,662,1,0.5459999999999994,3.6670000000001437,4.827667013159953,1763185505098,1763185505322,,,,,,,,,,short,5974,781,310,212,0
l3_short_window,SHORT_WINDOW,14.0,0.5,400,2,85,ok,,0,1,28.253209005924873,662,1,0.5240000000000045,3.441000000000031,4.616125006577931,1763185511933,1763185512153,,,,,,,,,,short,7467,682,295,269,2
l3_short_window,SHORT_WINDOW,14.0,0.5,400,2,86,ok,,0,1,23.54645800369326,662,1,0.5279999999999987,3.5319999999999254,4.527583994786255,1763185520061,1763185520279,,,,,,,,,,short,7011,315,306,206,2
l3_short_window,SHORT_WINDOW,14.0,0.5,400,2,87,ok,,0,1,25.83616600895766,662,1,0.6540000000000035,3.7150000000001455,4.848208001931198,1763185529409,1763185529665,,,,,,,,,,short,7412,699,311,262,2
l3_short_window,SHORT_WINDOW,14.0,0.5,400,2,88,ok,,0,1,24.560666002798826,662,1,0.5389999999999979,3.6219999999998436,4.709500004537404,1763185537024,1763185537242,,,,,,,,,,short,5800,863,316,246,0
l3_short_window,SHORT_WINDOW,14.0,0.5,400,2,89,ok,,0,1,28.029875000356697,662,1,0.580999999999996,3.464999999999918,4.641749997972511,1763185543713,1763185543931,,,,,,,,,,short,6535,749,249,158,2
l3_short_window,SHORT_WINDOW,14.0,0.5,400,2,90,ok,,0,1,23.75620800012257,662,1,0.5449999999999946,3.7640000000001237,4.678500001318753,1763185551341,1763185551567,,,,,,,,,,short,5846,871,340,253,0
l3_short_window,SHORT_WINDOW,14.0,0.5,400,2,91,ok,,0,1,24.234041993622668,662,1,0.5389999999999944,3.4629999999999654,4.560124987619929,1763185558034,1763185558252,,,,,,,,,,short,7629,724,298,253,2
l3_short_window,SHORT_WINDOW,14.0,0.5,400,2,92,ok,,0,1,22.42012499482371,662,1,0.5820000000000043,3.3830000000002656,4.3529160029720515,1763185566149,1763185566346,,,,,,,,,,short,6230,363,240,210,1
l3_short_window,SHORT_WINDOW,14.0,0.5,400,2,93,ok,,0,1,25.678874997538514,662,1,0.5490000000000101,3.504000000000133,4.552457990939729,1763185573529,1763185573745,,,,,,,,,,short,7561,544,246,245,1
l3_short_window,SHORT_WINDOW,14.0,0.5,400,2,94,ok,,0,1,26.036708004539832,662,1,0.5569999999999986,3.3919999999998254,4.520791000686586,1763185581839,1763185582028,,,,,,,,,,short,6639,309,308,268,0
l3_short_window,SHORT_WINDOW,14.0,0.5,400,2,95,ok,,0,1,24.874292008462362,662,1,0.5649999999999977,3.5959999999997763,4.762999989907257,1763185589838,1763185590048,,,,,,,,,,short,6022,645,272,228,1
l3_short_window,SHORT_WINDOW,14.0,0.5,400,2,96,ok,,0,1,23.55283300857991,662,1,0.570999999999998,3.3869999999999436,4.459125004359521,1763185596459,1763185596658,,,,,,,,,,short,6143,269,202,156,1
l3_short_window,SHORT_WINDOW,14.0,0.5,400,2,97,ok,,0,1,24.041000011493452,662,1,0.7279999999999944,3.030999999999949,4.016499995486811,1763185603778,1763185603973,,,,,,,,,,short,6761,444,345,242,3
l3_short_window,SHORT_WINDOW,14.0,0.5,400,2,98,ok,,0,1,23.206750003737397,662,1,0.5700000000000003,3.563999999999851,4.713957998319529,1763185611421,1763185611640,,,,,,,,,,short,7486,364,239,164,2
l3_short_window,SHORT_WINDOW,14.0,0.5,400,2,99,ok,,0,1,22.833874987554736,662,1,0.5749999999999993,3.58199999999988,4.78045800991822,1763185619895,1763185620107,,,,,,,,,,short,6804,530,270,182,1
l3_short_window,SHORT_WINDOW,14.0,0.5,400,2,100,ok,,0,1,24.759209001786076,662,1,0.5420000000000016,3.3580000000001746,4.431833003764041,1763185627558,1763185627776,,,,,,,,,,short,7151,438,221,205,1
l3_short_window,SHORT_WINDOW,14.0,0.5,400,2,101,ok,,0,1,20.778624995728023,662,1,0.4680000000000035,3.416999999999689,4.50887500483077,1763185635713,1763185635921,,,,,,,,,,short,6498,482,268,216,2
l3_short_window,SHORT_WINDOW,14.0,0.5,400,2,102,ok,,0,1,30.258958009653725,662,1,0.541999999999998,3.65300000000002,4.86029101011809,1763185643622,1763185643839,,,,,,,,,,short,6772,868,293,279,1
l3_short_window,SHORT_WINDOW,14.0,0.5,400,2,103,ok,,0,1,26.1259999970207,662,1,0.570999999999998,3.4449999999994816,4.643208987545222,1763185651024,1763185651244,,,,,,,,,,short,7082,709,266,200,1
l3_short_window,SHORT_WINDOW,14.0,0.5,400,2,104,ok,,0,1,26.16070900694467,662,1,0.5589999999999975,3.6130000000000564,4.728375002741814,1763185658846,1763185659068,,,,,,,,,,short,7144,532,304,227,0
l3_short_window,SHORT_WINDOW,14.0,0.5,400,2,105,ok,,0,1,22.676166001474485,662,1,0.5159999999999982,3.40300000000002,4.579333995934576,1763185667139,1763185667350,,,,,,,,,,short,7157,687,346,276,1
l3_short_window,SHORT_WINDOW,14.0,0.5,400,2,106,ok,,0,1,27.038582993554883,662,1,0.6550000000000047,3.3929999999998017,4.418625001562759,1763185675723,1763185675919,,,,,,,,,,short,6425,787,260,220,1
l3_short_window,SHORT_WINDOW,14.0,0.5,400,2,107,ok,,0,1,22.37891699769534,662,1,0.6609999999999943,3.77599999999984,4.880166990915313,1763185682630,1763185682842,,,,,,,,,,short,6874,713,237,255,0
l3_short_window,SHORT_WINDOW,14.0,0.5,400,2,108,ok,,0,1,28.384958000970073,662,1,0.5789999999999935,3.6420000000000528,4.712707988801412,1763185690214,1763185690437,,,,,,,,,,short,7613,455,205,151,0
l3_short_window,SHORT_WINDOW,14.0,0.5,400,2,109,ok,,0,1,25.045708011020906,662,1,0.5140000000000029,3.466999999999871,4.704459002823569,1763185699266,1763185699480,,,,,,,,,,short,7134,882,207,172,2
l3_short_window,SHORT_WINDOW,14.0,0.5,400,2,110,ok,,0,1,21.407292006188072,662,1,0.5120000000000005,3.459999999999809,4.2776660120580345,1763185706958,1763185707170,,,,,,,,,,short,7150,475,203,179,0
l3_short_window,SHORT_WINDOW,14.0,0.5,400,2,111,ok,,0,1,26.793375000124797,662,1,0.5760000000000076,3.6369999999999436,4.7716659901198,1763185715560,1763185715821,,,,,,,,,,short,6896,891,316,277,2
l3_short_window,SHORT_WINDOW,14.0,0.5,400,2,112,ok,,0,1,25.344124995172024,662,1,0.8270000000000053,3.730000000000018,4.656208009691909,1763185723131,1763185723350,,,,,,,,,,short,7378,585,252,268,2
l3_short_window,SHORT_WINDOW,14.0,0.5,400,2,113,ok,,0,1,24.976500004413538,662,1,0.5879999999999974,3.445000000000391,4.644790999009274,1763185731216,1763185731420,,,,,,,,,,short,6218,448,347,179,1
l3_short_window,SHORT_WINDOW,14.0,0.5,400,2,114,ok,,0,1,24.894667003536597,662,1,0.5489999999999959,3.5099999999997635,4.270457997336052,1763185738434,1763185738652,,,,,,,,,,short,5984,428,301,208,0
l3_short_window,SHORT_WINDOW,14.0,0.5,400,2,115,ok,,0,1,23.21454200136941,662,1,0.5919999999999987,2.8730000000000473,3.744165995158255,1763185745449,1763185745672,,,,,,,,,,short,7148,453,243,199,0
l3_short_window,SHORT_WINDOW,14.0,0.5,400,2,116,ok,,0,1,20.949166995706037,662,1,0.6370000000000005,3.1480000000001382,4.146790990489535,1763185754494,1763185754709,,,,,,,,,,short,5832,836,277,228,1
l3_short_window,SHORT_WINDOW,14.0,0.5,400,2,117,ok,,0,1,19.35429200239014,662,1,0.5,3.283999999999878,4.439374999492429,1763185760711,1763185760915,,,,,,,,,,short,7075,700,278,213,1
l3_short_window,SHORT_WINDOW,14.0,0.5,400,2,118,ok,,0,1,25.809790997300297,662,1,0.5680000000000014,3.6599999999998545,4.777459005708806,1763185768971,1763185769192,,,,,,,,,,short,7406,870,341,226,2
l3_short_window,SHORT_WINDOW,14.0,0.5,400,2,119,ok,,0,1,25.185207996401004,663,1,0.5560000000000009,3.43100000000004,4.558624990750104,1763185776925,1763185777142,,,,,,,,,,short,7360,538,288,255,0
l3_short_window,SHORT_WINDOW,14.0,0.5,400,2,120,ok,,0,1,36.98891699605156,663,1,0.9739999999999966,9.914000000000215,17.33562500157859,1763185785436,1763185785655,,,,,,,,,,short,7541,617,222,152,3
l3_short_window,SHORT_WINDOW,14.0,0.5,400,2,121,ok,,0,1,25.518415990518406,663,1,0.6600000000000037,3.5529999999998836,4.717124989838339,1763185793657,1763185793869,,,,,,,,,,short,7272,410,218,230,0
l3_short_window,SHORT_WINDOW,14.0,0.5,400,2,122,ok,,0,1,29.454666990204714,663,1,0.5350000000000037,3.589999999999918,4.58999999682419,1763185802469,1763185802687,,,,,,,,,,short,7833,890,203,225,3
l3_short_window,SHORT_WINDOW,14.0,0.5,400,2,123,ok,,0,1,25.758792005944997,663,1,0.5889999999999986,3.71799999999962,4.816499989829026,1763185811083,1763185811315,,,,,,,,,,short,6026,814,342,212,1
l3_short_window,SHORT_WINDOW,14.0,0.5,400,2,124,ok,,0,1,25.526415993226692,663,1,0.7589999999999932,3.7320000000001983,4.842207999899983,1763185818014,1763185818272,,,,,,,,,,short,6543,294,341,218,0
l3_short_window,SHORT_WINDOW,14.0,0.5,400,2,125,ok,,0,1,22.030167005141266,663,1,0.5159999999999947,3.3450000000002547,4.558540997095406,1763185825107,1763185825304,,,,,,,,,,short,5801,405,264,210,1
l3_short_window,SHORT_WINDOW,14.0,0.5,400,2,126,ok,,0,1,27.788625011453405,663,1,0.5680000000000014,3.622000000000071,4.472333996091038,1763185831781,1763185832005,,,,,,,,,,short,7114,296,275,198,0
l3_short_window,SHORT_WINDOW,14.0,0.5,400,2,127,ok,,0,1,25.358915998367593,663,1,0.5230000000000032,3.544000000000324,4.731958004413173,1763185840270,1763185840485,,,,,,,,,,short,6464,663,312,262,1
l3_short_window,SHORT_WINDOW,14.0,0.5,400,2,128,ok,,0,1,24.669042002642527,663,1,0.5940000000000083,4.0069999999998345,5.172416989807971,1763185847843,1763185848100,,,,,,,,,,short,6611,279,267,199,0
l3_short_window,SHORT_WINDOW,14.0,0.5,400,2,129,ok,,0,1,26.741624998976476,663,1,0.5570000000000022,3.6100000000001273,4.470667001442052,1763185855230,1763185855456,,,,,,,,,,short,6343,545,331,196,0
l3_short_window,SHORT_WINDOW,14.0,0.5,400,2,130,ok,,0,1,19.921833008993417,663,1,0.5099999999999945,3.4240000000002055,4.488999999011867,1763185862694,1763185862904,,,,,,,,,,short,7413,645,303,179,1
l3_short_window,SHORT_WINDOW,14.0,0.5,400,2,131,ok,,0,1,31.603959010681137,663,1,1.445999999999998,7.169999999999845,9.077541006263345,1763185870901,1763185871129,,,,,,,,,,short,6082,429,311,227,1
l3_short_window,SHORT_WINDOW,14.0,0.5,400,2,132,ok,,0,1,24.788665992673486,663,1,0.8379999999999939,3.647999999999911,4.672416995163076,1763185877957,1763185878177,,,,,,,,,,short,6630,563,337,160,2
l3_short_window,SHORT_WINDOW,14.0,0.5,400,2,133,ok,,0,1,23.76633300445974,663,1,1.0679999999999978,3.563000000000102,5.4471250041387975,1763185885423,1763185885629,,,,,,,,,,short,7025,435,282,261,1
l3_short_window,SHORT_WINDOW,14.0,0.5,400,2,134,ok,,0,1,23.929083996335976,663,1,0.7729999999999961,3.5989999999999327,4.848791999393143,1763185894299,1763185894520,,,,,,,,,,short,6278,804,274,253,1
l3_short_window,SHORT_WINDOW,14.0,0.5,400,2,135,ok,,0,1,22.18945900676772,663,1,0.7839999999999918,3.5289999999999964,4.466667000087909,1763185900519,1763185900738,,,,,,,,,,short,7507,285,227,151,0
l3_short_window,SHORT_WINDOW,14.0,0.5,400,2,136,ok,,0,1,19.63541700388305,663,1,0.5279999999999987,3.5599999999999454,4.734667003504001,1763185909027,1763185909241,,,,,,,,,,short,6373,396,226,160,0
l3_short_window,SHORT_WINDOW,14.0,0.5,400,2,137,ok,,0,1,23.717208998277783,663,1,0.5250000000000057,3.4610000000000127,4.692417001933791,1763185916766,1763185916983,,,,,,,,,,short,6822,742,324,217,3
l3_short_window,SHORT_WINDOW,14.0,0.5,400,2,138,ok,,0,1,27.50037501391489,663,1,0.7759999999999962,3.6269999999999527,4.7523329994874075,1763185924170,1763185924392,,,,,,,,,,short,7202,460,246,229,3
l3_short_window,SHORT_WINDOW,14.0,0.5,400,2,139,ok,,0,1,23.182958000688814,663,1,0.688999999999993,4.586999999999989,5.307375002303161,1763185932591,1763185932900,,,,,,,,,,short,6556,609,258,280,1
l3_short_window,SHORT_WINDOW,14.0,0.5,400,2,140,ok,,0,1,22.836083007859997,663,1,0.7460000000000022,3.622000000000071,4.8290839913534,1763185940367,1763185940585,,,,,,,,,,short,5841,842,338,195,0
l3_short_window,SHORT_WINDOW,14.0,0.5,400,2,141,ok,,0,1,20.66283399472013,663,1,0.5839999999999961,3.485999999999649,4.6537079906556755,1763185947253,1763185947462,,,,,,,,,,short,5976,829,290,233,1
l3_short_window,SHORT_WINDOW,14.0,0.5,400,2,142,ok,,0,1,26.04462498857174,663,1,0.6080000000000041,3.6380000000001473,4.813374995137565,1763185954187,1763185954438,,,,,,,,,,short,7123,315,322,202,0
l3_short_window,SHORT_WINDOW,14.0,0.5,400,2,143,ok,,0,1,26.13579099124763,663,1,0.5300000000000011,3.4709999999997763,4.655458003981039,1763185961941,1763185962156,,,,,,,,,,short,6445,545,265,177,0
l3_short_window,SHORT_WINDOW,14.0,0.5,400,2,144,ok,,0,1,22.1219579980243,663,1,0.5830000000000055,3.5179999999995744,4.636666999431327,1763185969497,1763185969715,,,,,,,,,,short,5961,656,200,231,1
l3_short_window,SHORT_WINDOW,14.0,0.5,400,2,145,ok,,0,1,24.216500009060837,663,1,0.679000000000002,3.785999999999831,5.082250005216338,1763185976831,1763185977040,,,,,,,,,,short,7210,618,316,157,3
l3_short_window,SHORT_WINDOW,14.0,0.5,400,2,146,ok,,0,1,23.17225000297185,663,1,0.5670000000000002,3.553000000000111,4.382040991913527,1763185984703,1763185984916,,,,,,,,,,short,7150,812,286,268,1
l3_short_window,SHORT_WINDOW,14.0,0.5,400,2,147,ok,,0,1,26.172833997406997,663,1,0.6189999999999998,3.593999999999596,4.7047499974723905,1763185992588,1763185992811,,,,,,,,,,short,7734,728,243,201,1
l3_short_window,SHORT_WINDOW,14.0,0.5,400,2,148,ok,,0,1,25.63233399996534,663,1,0.5489999999999924,3.47199999999998,4.5612089888891205,1763186001068,1763186001290,,,,,,,,,,short,6696,583,268,199,1
l3_short_window,SHORT_WINDOW,14.0,0.5,400,2,149,ok,,0,1,23.87729100883007,663,1,0.529999999999994,3.3409999999998945,4.477374997804873,1763186008664,1763186008876,,,,,,,,,,short,6848,687,318,197,0
l3_short_window,SHORT_WINDOW,14.0,0.5,400,2,150,ok,,0,1,20.354332998977043,663,1,0.6559999999999988,3.033000000000129,4.510917002335191,1763186017048,1763186017271,,,,,,,,,,short,6765,798,220,241,2
l3_short_window,SHORT_WINDOW,14.0,0.5,400,2,151,ok,,0,1,26.12166698963847,663,1,0.6060000000000052,3.5410000000001673,4.726667000795715,1763186024427,1763186024640,,,,,,,,,,short,5962,862,212,150,0
l3_short_window,SHORT_WINDOW,14.0,0.5,400,2,152,ok,,0,1,18.01924999745097,663,1,0.570999999999998,3.5510000000003856,4.534291991149075,1763186030973,1763186031206,,,,,,,,,,short,6829,546,293,191,1
l3_short_window,SHORT_WINDOW,14.0,0.5,400,2,153,ok,,0,1,24.160416011000052,663,1,0.5899999999999963,3.7369999999996253,4.605166002875194,1763186038928,1763186039141,,,,,,,,,,short,7677,670,271,204,2
l3_short_window,SHORT_WINDOW,14.0,0.5,400,2,154,ok,,0,1,24.350291991140693,663,1,0.5270000000000046,3.576000000000022,4.755542002385482,1763186047704,1763186047928,,,,,,,,,,short,6593,850,346,207,0
l3_short_window,SHORT_WINDOW,14.0,0.5,400,2,155,ok,,0,1,23.663792002480477,663,1,0.7850000000000001,3.3299999999999272,4.20624999969732,1763186055107,1763186055323,,,,,,,,,,short,6817,689,309,193,2
l3_short_window,SHORT_WINDOW,14.0,0.5,400,2,156,ok,,0,1,20.368417011923157,663,1,0.5389999999999944,3.338000000000193,4.517374996794388,1763186062546,1763186062754,,,,,,,,,,short,6593,342,300,223,0
l3_short_window,SHORT_WINDOW,14.0,0.5,400,2,157,ok,,0,1,25.394415992195718,663,1,0.5660000000000025,3.5219999999999345,4.99112500983756,1763186070459,1763186070679,,,,,,,,,,short,6170,658,265,192,0
l3_short_window,SHORT_WINDOW,14.0,0.5,400,2,158,ok,,0,1,19.787333003478125,663,1,0.5110000000000028,3.4400000000000546,4.486167003051378,1763186077782,1763186077992,,,,,,,,,,short,7930,897,251,156,3
l3_short_window,SHORT_WINDOW,14.0,0.5,400,2,159,ok,,0,1,22.90220800205134,663,1,0.5280000000000022,3.3089999999997417,4.431583001860417,1763186086041,1763186086258,,,,,,,,,,short,6612,319,346,276,0
l3_short_window,SHORT_WINDOW,14.0,0.5,400,2,160,ok,,0,1,24.699790999875404,663,1,0.5910000000000011,3.5720000000001164,4.723249992821366,1763186094066,1763186094285,,,,,,,,,,short,7532,790,234,258,0
l3_short_window,SHORT_WINDOW,14.0,0.5,400,2,161,ok,,0,1,22.821874998044223,663,1,0.6379999999999981,3.4099999999993997,4.6137090103002265,1763186102142,1763186102349,,,,,,,,,,short,7328,391,281,182,2
l3_short_window,SHORT_WINDOW,14.0,0.5,400,2,162,ok,,0,1,23.23841699399054,663,1,0.5459999999999923,3.64200000000028,4.830290999962017,1763186110864,1763186111118,,,,,,,,,,short,6361,262,296,227,0
l3_short_window,SHORT_WINDOW,14.0,0.5,400,2,163,ok,,0,1,24.742041001445614,663,1,0.5280000000000022,3.519000000000233,4.739625001093373,1763186117915,1763186118126,,,,,,,,,,short,6165,566,300,193,0
l3_short_window,SHORT_WINDOW,14.0,0.5,400,2,164,ok,,0,1,20.63225000165403,663,1,0.5350000000000037,3.4849999999996726,4.636790996300988,1763186125134,1763186125345,,,,,,,,,,short,6689,642,253,179,0
l3_short_window,SHORT_WINDOW,14.0,0.5,400,2,165,ok,,0,1,22.52754199435003,663,1,0.5120000000000005,3.4029999999997926,4.514750005910173,1763186133026,1763186133243,,,,,,,,,,short,7566,869,206,180,1
l3_short_window,SHORT_WINDOW,14.0,0.5,400,2,166,ok,,0,1,20.55929199559614,663,1,0.5659999999999954,3.537999999999556,4.5546670007752255,1763186141493,1763186141714,,,,,,,,,,short,7832,736,249,272,1
l3_short_window,SHORT_WINDOW,14.0,0.5,400,2,167,ok,,0,1,18.673958998988383,663,1,0.6950000000000003,3.0039999999994507,4.184041012194939,1763186149699,1763186149901,,,,,,,,,,short,6756,425,242,272,2
l3_short_window,SHORT_WINDOW,14.0,0.5,400,2,168,ok,,0,1,22.371166007360443,663,1,0.546999999999997,3.419999999999618,4.422500001965091,1763186157475,1763186157682,,,,,,,,,,short,6197,533,256,186,0
l3_short_window,SHORT_WINDOW,14.0,0.5,400,2,169,ok,,0,1,26.054082991322502,663,1,0.5569999999999986,3.492999999999938,4.669708010624163,1763186164835,1763186165047,,,,,,,,,,short,7627,661,280,280,4
l3_short_window,SHORT_WINDOW,14.0,0.5,400,2,170,ok,,0,1,21.766709003713913,663,1,0.490000000000002,3.474999999999909,4.618209000909701,1763186173468,1763186173685,,,,,,,,,,short,5959,696,290,248,0
l3_short_window,SHORT_WINDOW,14.0,0.5,400,2,171,ok,,0,1,19.87370799179189,663,1,0.6069999999999993,3.574000000000524,4.5555830001831055,1763186180072,1763186180284,,,,,,,,,,short,5936,432,233,224,0
l3_short_window,SHORT_WINDOW,14.0,0.5,400,2,172,ok,,0,1,23.083207997842692,663,1,0.5080000000000027,3.507000000000062,4.644957996788435,1763186187033,1763186187245,,,,,,,,,,short,7032,463,332,259,3
l3_short_window,SHORT_WINDOW,14.0,0.5,400,2,173,ok,,0,1,21.550874997046776,663,1,0.5279999999999987,3.375999999999749,4.572542005917057,1763186195053,1763186195261,,,,,,,,,,short,7615,449,233,179,1
l3_short_window,SHORT_WINDOW,14.0,0.5,400,2,174,ok,,0,1,25.285458003054373,663,1,0.6049999999999969,3.5429999999996653,4.655750002712011,1763186204108,1763186204322,,,,,,,,,,short,5902,879,298,204,0
l3_short_window,SHORT_WINDOW,14.0,0.5,400,2,175,ok,,0,1,23.563958005979657,663,1,0.527000000000001,3.380999999999858,4.50233300216496,1763186210325,1763186210540,,,,,,,,,,short,5856,299,304,259,1
l3_short_window,SHORT_WINDOW,14.0,0.5,400,2,176,ok,,0,1,19.473209002171643,663,1,0.5380000000000003,3.393000000000029,4.580124994390644,1763186217465,1763186217669,,,,,,,,,,short,7336,717,285,263,1
l3_short_window,SHORT_WINDOW,14.0,0.5,400,2,177,ok,,0,1,23.549000005004928,663,1,0.5070000000000014,3.3659999999999854,4.544042007182725,1763186225731,1763186225972,,,,,,,,,,short,7368,817,211,243,2
l3_short_window,SHORT_WINDOW,14.0,0.5,400,2,178,ok,,0,1,21.192125001107343,663,1,0.625,3.0780000000004293,4.140499993809499,1763186234446,1763186234649,,,,,,,,,,short,7671,251,328,252,1
l3_short_window,SHORT_WINDOW,14.0,0.5,400,2,179,ok,,0,1,26.995332998922095,663,1,0.5250000000000021,3.3979999999996835,4.523666997556575,1763186242065,1763186242278,,,,,,,,,,short,7205,292,235,241,1
l3_short_window,SHORT_WINDOW,14.0,0.5,400,2,180,ok,,0,1,24.706208001589403,663,1,0.7489999999999952,3.6289999999999054,4.70570799370762,1763186250317,1763186250521,,,,,,,,,,short,7378,313,341,206,2
l3_short_window,SHORT_WINDOW,14.0,0.5,400,2,181,ok,,0,1,23.293667007237673,663,1,0.5450000000000017,3.6330000000002656,4.7980840026866645,1763186258663,1763186258891,,,,,,,,,,short,6785,536,234,236,1
l3_short_window,SHORT_WINDOW,14.0,0.5,400,2,182,ok,,0,1,20.916416004183702,663,1,0.5210000000000008,3.378000000000611,4.412708003656007,1763186266206,1763186266409,,,,,,,,,,short,6112,293,214,239,1
l3_short_window,SHORT_WINDOW,14.0,0.5,400,2,183,ok,,0,1,25.49045799241867,663,1,0.6699999999999946,3.8200000000001637,5.015749993617646,1763186273546,1763186273769,,,,,,,,,,short,7527,492,295,268,2
l3_short_window,SHORT_WINDOW,14.0,0.5,400,2,184,ok,,0,1,22.714791994076222,663,1,0.5390000000000015,3.33199999999988,4.412708003656007,1763186282222,1763186282425,,,,,,,,,,short,7156,572,282,206,0
l3_short_window,SHORT_WINDOW,14.0,0.5,400,2,185,ok,,0,1,25.911333999829367,663,1,0.5280000000000058,3.4710000000000036,4.614584002410993,1763186290066,1763186290270,,,,,,,,,,short,6807,252,218,162,0
l3_short_window,SHORT_WINDOW,14.0,0.5,400,2,186,ok,,0,1,21.40829199925065,663,1,0.5599999999999987,3.7080000000000837,4.8057090025395155,1763186298046,1763186298266,,,,,,,,,,short,6503,479,292,211,2
l3_short_window,SHORT_WINDOW,14.0,0.5,400,2,187,ok,,0,1,24.31487500143703,663,1,0.615000000000002,3.5479999999997744,4.669707996072248,1763186305386,1763186305597,,,,,,,,,,short,7315,324,318,170,0
l3_short_window,SHORT_WINDOW,14.0,0.5,400,2,188,ok,,0,1,23.879500004113652,663,1,0.5360000000000014,3.4299999999998363,4.258542001480237,1763186314016,1763186314233,,,,,,,,,,short,7348,628,278,249,1
l3_short_window,SHORT_WINDOW,14.0,0.5,400,2,189,ok,,0,1,20.686916992417537,663,1,0.5489999999999924,3.507999999999811,4.625834000762552,1763186321957,1763186322177,,,,,,,,,,short,7063,366,221,195,1
l3_short_window,SHORT_WINDOW,14.0,0.5,400,2,190,ok,,0,1,21.883167006308213,663,1,0.6199999999999974,3.993999999999687,5.102374998386949,1763186330397,1763186330619,,,,,,,,,,short,6773,793,292,190,0
l3_short_window,SHORT_WINDOW,14.0,0.5,400,2,191,ok,,0,1,25.475625006947666,663,1,0.6159999999999961,3.4969999999998436,4.684500003349967,1763186337837,1763186338057,,,,,,,,,,short,6844,580,294,237,0
l3_short_window,SHORT_WINDOW,14.0,0.5,400,2,192,ok,,0,1,21.293792000506073,663,1,0.4650000000000034,3.2170000000000982,4.085334003320895,1763186345952,1763186346157,,,,,,,,,,short,6183,894,212,255,0
l3_short_window,SHORT_WINDOW,14.0,0.5,400,2,193,ok,,0,1,23.84837499994319,663,1,0.5800000000000054,3.7710000000001855,5.0092500023311,1763186354001,1763186354244,,,,,,,,,,short,6995,790,206,157,3
l3_short_window,SHORT_WINDOW,14.0,0.5,400,2,194,ok,,0,1,21.767666999949142,663,1,0.642000000000003,3.5260000000002947,4.5546670007752255,1763186360532,1763186360723,,,,,,,,,,short,7191,337,314,172,0
l3_short_window,SHORT_WINDOW,14.0,0.5,400,2,195,ok,,0,1,21.748083003330976,663,1,0.5779999999999959,3.4769999999998618,4.417459000251256,1763186368834,1763186369053,,,,,,,,,,short,6919,453,329,184,4
l3_short_window,SHORT_WINDOW,14.0,0.5,400,2,196,ok,,0,1,23.1489169964334,663,1,0.5649999999999977,3.2150000000001455,4.332374999648891,1763186376695,1763186376893,,,,,,,,,,short,5997,387,238,184,1
l3_short_window,SHORT_WINDOW,14.0,0.5,400,2,197,ok,,0,1,23.762958007864654,663,1,0.8340000000000032,3.975000000000364,5.133541999384761,1763186383844,1763186384059,,,,,,,,,,short,6338,638,260,158,0
l3_short_window,SHORT_WINDOW,14.0,0.5,400,2,198,ok,,0,1,24.677416004124098,663,1,0.7650000000000077,3.5680000000006658,4.720582990557887,1763186390912,1763186391122,,,,,,,,,,short,7698,396,346,269,0
l3_short_window,SHORT_WINDOW,14.0,0.5,400,2,199,ok,,0,1,21.77333299187012,663,1,0.597999999999999,3.4840000000003783,4.413624992594123,1763186399503,1763186399707,,,,,,,,,,short,6324,454,212,230,0
l3_short_window,SHORT_WINDOW,14.0,0.5,400,2,200,ok,,0,1,23.255459003848955,663,1,0.8350000000000009,3.569999999999709,4.927874993882142,1763186407018,1763186407229,,,,,,,,,,short,6717,611,324,228,1
l3_short_window,SHORT_WINDOW,14.0,0.5,400,2,201,ok,,0,1,24.21887499804143,663,1,0.8230000000000004,3.8519999999998618,5.340500007150695,1763186414656,1763186414867,,,,,,,,,,short,6052,600,342,254,0
l3_short_window,SHORT_WINDOW,14.0,0.5,400,2,202,ok,,0,1,23.531332990387455,663,1,0.5660000000000025,3.496999999999389,4.648457994335331,1763186422003,1763186422219,,,,,,,,,,short,7086,881,217,262,1
l3_short_window,SHORT_WINDOW,14.0,0.5,400,2,203,ok,,0,1,20.237333010300063,663,1,0.5370000000000026,3.4659999999998945,4.586750001180917,1763186429522,1763186429731,,,,,,,,,,short,6999,522,238,266,1
l3_short_window,SHORT_WINDOW,14.0,0.5,400,2,204,ok,,0,1,22.259500008658506,663,1,0.5560000000000045,3.438999999999396,4.83337500190828,1763186437491,1763186437704,,,,,,,,,,short,7702,604,334,244,1
l3_short_window,SHORT_WINDOW,14.0,0.5,400,2,205,ok,,0,1,24.818250007228926,663,1,0.5399999999999956,3.481000000000222,4.716791998362169,1763186446136,1763186446350,,,,,,,,,,short,6634,537,234,215,1
l3_short_window,SHORT_WINDOW,14.0,0.5,400,2,206,ok,,0,1,22.439207998104393,663,1,0.5500000000000043,3.4590000000002874,4.4864999945275486,1763186453911,1763186454127,,,,,,,,,,short,6840,714,282,243,2
l3_short_window,SHORT_WINDOW,14.0,0.5,400,2,207,ok,,0,1,20.86495899129659,663,1,0.5089999999999932,3.4830000000001746,4.711333007435314,1763186461612,1763186461822,,,,,,,,,,short,6718,603,268,266,0
l3_short_window,SHORT_WINDOW,14.0,0.5,400,2,208,ok,,0,1,23.045958994771354,663,1,0.5549999999999962,3.3220000000001164,4.424833008670248,1763186469310,1763186469516,,,,,,,,,,short,7927,603,241,164,4
l3_short_window,SHORT_WINDOW,14.0,0.5,400,2,209,ok,,0,1,22.5363330100663,663,1,0.5820000000000078,3.6900000000005093,4.726416998892091,1763186478906,1763186479137,,,,,,,,,,short,6735,857,204,202,3
l3_short_window,SHORT_WINDOW,14.0,0.5,400,2,210,ok,,0,1,21.75487500790041,663,1,0.4959999999999951,3.4549999999999272,4.563584006973542,1763186485847,1763186486092,,,,,,,,,,short,7126,639,314,280,0
l3_short_window,SHORT_WINDOW,14.0,0.5,400,2,211,ok,,0,1,26.594124996336177,663,1,0.6129999999999924,3.4289999999996326,4.275958010111935,1763186493862,1763186494077,,,,,,,,,,short,5996,566,332,234,0
l3_short_window,SHORT_WINDOW,14.0,0.5,400,2,212,ok,,0,1,19.505457996274345,663,1,0.644999999999996,3.3519999999998618,4.437124996911734,1763186500737,1763186500943,,,,,,,,,,short,7059,512,317,192,1
l3_short_window,SHORT_WINDOW,14.0,0.5,400,2,213,ok,,0,1,22.553792005055584,663,1,0.5090000000000039,3.4570000000003347,4.664417007006705,1763186509022,1763186509235,,,,,,,,,,short,7296,748,310,221,0
l3_short_window,SHORT_WINDOW,14.0,0.5,400,2,214,ok,,0,1,24.023040998145007,663,1,0.5339999999999989,3.838000000000193,4.950875008944422,1763186517177,1763186517389,,,,,,,,,,short,6654,615,284,243,0
l3_short_window,SHORT_WINDOW,14.0,0.5,400,2,215,ok,,0,1,22.338916998705827,663,1,0.6400000000000006,3.5960000000000036,4.4580829999176785,1763186524540,1763186524745,,,,,,,,,,short,6928,423,330,205,0
l3_short_window,SHORT_WINDOW,14.0,0.5,400,2,216,ok,,0,1,23.21954199578613,663,1,0.5430000000000064,3.4350000000004,4.468333005206659,1763186532808,1763186533031,,,,,,,,,,short,6540,812,336,252,0
l3_short_window,SHORT_WINDOW,14.0,0.5,400,2,217,ok,,0,1,20.91270800156053,663,1,0.4819999999999993,3.50899999999956,4.690667003160343,1763186540812,1763186541025,,,,,,,,,,short,7565,828,230,235,1
l3_short_window,SHORT_WINDOW,14.0,0.5,400,2,218,ok,,0,1,21.262750000460073,663,1,0.5179999999999971,3.5349999999998545,4.516041008173488,1763186548856,1763186549058,,,,,,,,,,short,6447,831,294,274,0
l3_short_window,SHORT_WINDOW,14.0,0.5,400,2,219,ok,,0,1,24.587249994510785,663,1,0.5329999999999941,3.44800000000032,4.644999993615784,1763186556154,1763186556377,,,,,,,,,,short,6753,740,262,257,0
l3_short_window,SHORT_WINDOW,14.0,0.5,400,2,220,ok,,0,1,19.93891698657535,663,1,0.5969999999999942,3.4299999999998363,4.509417005465366,1763186563650,1763186563862,,,,,,,,,,short,5799,565,294,272,2
l3_short_window,SHORT_WINDOW,14.0,0.5,400,2,221,ok,,0,1,22.241333994315937,663,1,0.4989999999999988,3.4410000000002583,4.645624998374842,1763186570209,1763186570421,,,,,,,,,,short,6050,378,236,266,1
l3_short_window,SHORT_WINDOW,14.0,0.5,400,2,222,ok,,0,1,23.381709004752338,663,1,0.634999999999998,3.1539999999999964,4.253375009284355,1763186577747,1763186577982,,,,,,,,,,short,6794,837,287,228,0
l3_short_window,SHORT_WINDOW,14.0,0.5,400,2,223,ok,,0,1,21.16758299234789,663,1,0.5320000000000107,3.6039999999998145,4.799625006853603,1763186585434,1763186585653,,,,,,,,,,short,6852,752,249,216,2
l3_short_window,SHORT_WINDOW,14.0,0.5,400,2,224,ok,,0,1,24.078166999970563,663,1,0.5600000000000023,3.418999999999869,4.611374999512918,1763186593139,1763186593351,,,,,,,,,,short,7141,652,220,187,1
l3_short_window,SHORT_WINDOW,14.0,0.5,400,2,225,ok,,0,1,22.67979198950343,663,1,0.5439999999999969,3.5390000000002146,4.658167003071867,1763186601346,1763186601567,,,,,,,,,,short,7531,749,313,182,0
l3_short_window,SHORT_WINDOW,14.0,0.5,400,2,226,ok,,0,1,23.36783400096465,663,1,0.6330000000000027,3.6669999999999163,4.9770840123528615,1763186609428,1763186609631,,,,,,,,,,short,6474,393,249,258,1
l3_short_window,SHORT_WINDOW,14.0,0.5,400,2,227,ok,,0,1,20.345375000033528,663,1,0.5330000000000013,3.400000000000091,4.5224999921629205,1763186616869,1763186617073,,,,,,,,,,short,7527,394,322,200,2
l3_short_window,SHORT_WINDOW,14.0,0.5,400,2,228,ok,,0,1,25.270040991017595,663,1,0.5379999999999967,3.725000000000364,4.855042003327981,1763186626402,1763186626655,,,,,,,,,,short,5867,893,201,209,1
l3_short_window,SHORT_WINDOW,14.0,0.5,400,2,229,ok,,0,1,19.57087499613408,663,1,0.5049999999999955,3.275000000000091,4.393083989270963,1763186632364,1763186632575,,,,,,,,,,short,6016,586,335,224,0
l3_short_window,SHORT_WINDOW,14.0,0.5,400,2,230,ok,,0,1,25.912833007168956,663,1,0.5299999999999976,3.449999999999818,4.557791995466687,1763186639152,1763186639351,,,,,,,,,,short,5965,357,333,232,0
l3_short_window,SHORT_WINDOW,14.0,0.5,400,2,231,ok,,0,1,22.792042000219226,663,1,0.527000000000001,3.4760000000005675,4.692542002885602,1763186646567,1763186646787,,,,,,,,,,short,6510,790,245,170,1
l3_short_window,SHORT_WINDOW,14.0,0.5,400,2,232,ok,,0,1,21.699167002225295,663,1,0.652000000000001,2.9980000000000473,3.8572080084122717,1763186654272,1763186654483,,,,,,,,,,short,6317,741,326,203,2
l3_short_window,SHORT_WINDOW,14.0,0.5,400,2,233,ok,,0,1,20.670084006269462,663,1,0.5420000000000016,3.3039999999996326,4.426416999194771,1763186660684,1763186660890,,,,,,,,,,short,6587,397,288,189,0
l3_short_window,SHORT_WINDOW,14.0,0.5,400,2,234,ok,,0,1,23.374291995423846,663,1,0.5769999999999982,3.4600000000000364,4.594959013047628,1763186668167,1763186668372,,,,,,,,,,short,7028,273,276,223,4
l3_short_window,SHORT_WINDOW,14.0,0.5,400,2,235,ok,,0,1,23.81454200076405,663,1,0.6509999999999998,3.450999999999567,4.661792001570575,1763186676597,1763186676812,,,,,,,,,,short,7188,786,287,266,0
l3_short_window,SHORT_WINDOW,14.0,0.5,400,2,236,ok,,0,1,20.19145799567923,663,1,0.8019999999999996,3.5479999999997744,4.751917003886774,1763186684554,1763186684771,,,,,,,,,,short,5866,662,339,224,2
l3_short_window,SHORT_WINDOW,14.0,0.5,400,2,237,ok,,0,1,23.654416989302263,663,1,0.5679999999999978,3.4489999999996144,4.419832999701612,1763186691646,1763186691863,,,,,,,,,,short,6555,889,221,237,0
l3_short_window,SHORT_WINDOW,14.0,0.5,400,2,238,ok,,0,1,22.612125001614913,663,1,0.5069999999999979,3.406999999999698,4.550166995613836,1763186698648,1763186698864,,,,,,,,,,short,7847,440,250,279,1
l3_short_window,SHORT_WINDOW,14.0,0.5,400,2,239,ok,,0,1,20.916290988679975,663,1,0.5150000000000006,3.3780000000001564,4.618833001586609,1763186707712,1763186707925,,,,,,,,,,short,7557,722,271,210,1
l3_short_window,SHORT_WINDOW,14.0,0.5,400,2,240,ok,,0,1,21.20149999973364,663,1,0.5070000000000014,3.548000000000229,4.61675001133699,1763186716246,1763186716458,,,,,,,,,,short,7571,753,346,232,1
l3_short_window,SHORT_WINDOW,14.0,0.5,400,2,241,ok,,0,1,23.379457998089492,663,1,0.5660000000000096,3.6460000000006403,4.823208000743762,1763186724564,1763186724790,,,,,,,,,,short,6458,541,258,151,2
l3_short_window,SHORT_WINDOW,14.0,0.5,400,2,242,ok,,0,1,25.06720800010953,663,1,0.5319999999999965,3.4149999999999636,4.545457995845936,1763186731625,1763186731829,,,,,,,,,,short,6676,376,263,217,1
l3_short_window,SHORT_WINDOW,14.0,0.5,400,2,243,ok,,0,1,20.632999992812984,663,1,0.566000000000006,3.5590000000001965,4.542707989457995,1763186739705,1763186739927,,,,,,,,,,short,7178,768,344,154,0
l3_short_window,SHORT_WINDOW,14.0,0.5,400,2,244,ok,,0,1,19.754167005885392,663,1,0.5530000000000044,3.4789999999998145,4.339207996963523,1763186748235,1763186748454,,,,,,,,,,short,6327,766,290,206,2
l3_short_window,SHORT_WINDOW,14.0,0.5,400,2,245,ok,,0,1,24.12516699405387,663,1,0.5500000000000007,3.4539999999992688,4.772999993292615,1763186754677,1763186754878,,,,,,,,,,short,7220,384,242,267,0
l3_short_window,SHORT_WINDOW,14.0,0.5,400,2,246,ok,,0,1,28.040999997756444,663,1,0.536999999999999,3.713999999999942,4.860083005041815,1763186763404,1763186763640,,,,,,,,,,short,6463,888,282,227,2
l3_short_window,SHORT_WINDOW,14.0,0.5,400,2,247,ok,,0,1,25.346207999973558,663,1,0.6169999999999973,3.562999999999647,4.787833007867448,1763186770156,1763186770356,,,,,,,,,,short,7672,267,210,168,0
l3_short_window,SHORT_WINDOW,14.0,0.5,400,2,248,ok,,0,1,20.568249994539656,663,1,0.5259999999999962,3.480000000000473,4.7153750056168064,1763186779443,1763186779660,,,,,,,,,,short,7509,833,321,179,1
l3_short_window,SHORT_WINDOW,14.0,0.5,400,2,249,ok,,0,1,27.29475000523962,663,1,0.5649999999999977,3.493999999999687,4.759832998388447,1763186787560,1763186787785,,,,,,,,,,short,6790,552,314,203,1
l3_short_window,SHORT_WINDOW,14.0,0.5,400,2,250,ok,,0,1,22.706875010044314,663,1,0.5070000000000014,3.532000000000153,4.455375004909001,1763186795423,1763186795641,,,,,,,,,,short,7331,640,298,156,0
l3_short_window,SHORT_WINDOW,14.0,0.5,400,2,251,ok,,0,1,23.00025000295136,663,1,0.5790000000000006,3.4619999999995343,4.393625000375323,1763186803840,1763186804067,,,,,,,,,,short,7506,723,312,152,0
l3_short_window,SHORT_WINDOW,14.0,0.5,400,2,252,ok,,0,1,27.25724999618251,663,1,0.6010000000000062,3.6940000000004147,5.014082998968661,1763186812078,1763186812302,,,,,,,,,,short,5953,495,259,264,0
l3_short_window,SHORT_WINDOW,14.0,0.5,400,2,253,ok,,0,1,25.206790989614092,663,1,0.5389999999999979,3.6100000000001273,4.949167006998323,1763186819256,1763186819484,,,,,,,,,,short,7675,664,298,222,1
l3_short_window,SHORT_WINDOW,14.0,0.5,400,2,254,ok,,0,1,24.48687500145752,663,1,0.5050000000000026,3.418999999999869,4.5684169890591875,1763186827738,1763186827960,,,,,,,,,,short,6018,512,345,185,2
l3_short_window,SHORT_WINDOW,14.0,0.5,400,2,255,ok,,0,1,25.354084005812183,663,1,0.5199999999999996,3.493999999999687,4.686166997998953,1763186834953,1763186835171,,,,,,,,,,short,6297,722,263,243,1
l3_short_window,SHORT_WINDOW,14.0,0.5,400,2,256,ok,,0,1,23.884958995040506,663,1,0.5540000000000056,3.462000000000444,4.403166996780783,1763186841996,1763186842209,,,,,,,,,,short,7855,509,302,169,2
l3_short_window,SHORT_WINDOW,14.0,0.5,400,2,257,ok,,0,1,23.41679099481553,663,1,0.551999999999996,3.520999999999731,4.503333999309689,1763186850909,1763186851124,,,,,,,,,,short,7309,688,257,151,0
l3_short_window,SHORT_WINDOW,14.0,0.5,400,2,258,ok,,0,1,24.92375001020264,663,1,0.532,3.4520000000002256,4.57316599204205,1763186859022,1763186859232,,,,,,,,,,short,6622,544,345,272,0
l3_short_window,SHORT_WINDOW,14.0,0.5,400,2,259,ok,,0,1,23.18087499588728,663,1,0.5380000000000003,3.4290000000000873,4.531458005658351,1763186866448,1763186866675,,,,,,,,,,short,6714,385,304,250,1
l3_short_window,SHORT_WINDOW,14.0,0.5,400,2,260,failed,wait_handover_response,0,3,502.31670899665914,1989,3,0.6810000000000045,0.0,0.0,1763186874279,,,,,,,,,,,short,7264,539,273,191,1
l3_short_window,SHORT_WINDOW,14.0,0.5,400,2,261,ok,,0,1,25.914292011293583,663,1,0.5790000000000042,3.4780000000005202,4.607291004504077,1763186882765,1763186882979,,,,,,,,,,short,6050,700,237,263,0
l3_short_window,SHORT_WINDOW,14.0,0.5,400,2,262,ok,,0,1,23.885874994448386,663,1,0.6010000000000026,3.324999999999818,4.3764169968198985,1763186889709,1763186889925,,,,,,,,,,short,7554,651,335,212,0
l3_short_window,SHORT_WINDOW,14.0,0.5,400,2,263,ok,,0,1,23.15949999319855,663,1,0.5749999999999957,2.881999999999607,3.992583995568566,1763186898116,1763186898333,,,,,,,,,,short,6862,533,211,168,0
l3_short_window,SHORT_WINDOW,14.0,0.5,400,2,264,ok,,0,1,24.558541990700178,663,1,0.5530000000000008,3.7519999999999527,4.969458997948095,1763186906267,1763186906494,,,,,,,,,,short,6609,835,323,274,1
l3_short_window,SHORT_WINDOW,14.0,0.5,400,2,265,ok,,0,1,27.005916999769397,663,1,0.5550000000000104,3.6579999999999018,4.880709006101824,1763186913853,1763186914086,,,,,,,,,,short,6913,870,216,250,1
l3_short_window,SHORT_WINDOW,14.0,0.5,400,2,266,ok,,0,1,23.419207995175384,663,1,0.5510000000000019,3.4850000000001273,4.733042005682364,1763186921593,1763186921778,,,,,,,,,,short,7615,649,291,250,1
l3_short_window,SHORT_WINDOW,14.0,0.5,400,2,267,ok,,0,1,26.49795800971333,663,1,0.5350000000000037,3.407000000000153,4.543542003375478,1763186929710,1763186929913,,,,,,,,,,short,6835,265,297,241,1
l3_short_window,SHORT_WINDOW,14.0,0.5,400,2,268,ok,,0,1,26.178208005148917,663,1,0.5130000000000052,3.463000000000193,4.720584009191953,1763186938000,1763186938216,,,,,,,,,,short,6010,777,222,197,2
l3_short_window,SHORT_WINDOW,14.0,0.5,400,2,269,ok,,0,1,25.834792002569884,663,1,0.5399999999999991,3.6369999999997162,4.870415999903344,1763186944576,1763186944795,,,,,,,,,,short,7400,388,349,235,1
l3_short_window,SHORT_WINDOW,14.0,0.5,400,2,270,ok,,0,1,25.509792001685128,663,1,0.5799999999999947,3.5460000000002765,4.455457994481549,1763186953029,1763186953234,,,,,,,,,,short,6194,531,340,261,1
l3_short_window,SHORT_WINDOW,14.0,0.5,400,2,271,ok,,0,1,22.86116599861998,663,1,0.565999999999999,3.5470000000000255,4.550624988041818,1763186960258,1763186960475,,,,,,,,,,short,7291,543,237,225,0
l3_short_window,SHORT_WINDOW,14.0,0.5,400,2,272,ok,,0,1,25.02141699369531,663,1,0.7110000000000056,3.45699999999988,4.926167006487958,1763186968374,1763186968581,,,,,,,,,,short,7647,342,209,180,0
l3_short_window,SHORT_WINDOW,14.0,0.5,400,2,273,ok,,0,1,20.32608399167657,663,1,0.5120000000000005,2.74599999999964,3.842958001769148,1763186977854,1763186978100,,,,,,,,,,short,6675,581,274,201,3
l3_short_window,SHORT_WINDOW,14.0,0.5,400,2,274,ok,,0,1,22.72166700277012,663,1,0.5060000000000073,3.505999999999858,4.674249998060986,1763186984710,1763186984919,,,,,,,,,,short,6336,360,229,151,0
l3_short_window,SHORT_WINDOW,14.0,0.5,400,2,275,ok,,0,1,21.885374997509643,663,1,0.7419999999999973,3.2239999999997053,4.689374996814877,1763186992344,1763186992565,,,,,,,,,,short,6594,690,341,181,1
l3_short_window,SHORT_WINDOW,14.0,0.5,400,2,276,ok,,0,1,24.233709002146497,663,1,0.5449999999999946,3.492999999999938,4.7693340020487085,1763186999625,1763186999830,,,,,,,,,,short,5868,397,261,162,0
l3_short_window,SHORT_WINDOW,14.0,0.5,400,2,277,ok,,0,1,26.44483400217723,663,1,0.5039999999999978,3.6380000000003747,4.854333004914224,1763187006932,1763187007155,,,,,,,,,,short,6231,862,227,180,0
l3_short_window,SHORT_WINDOW,14.0,0.5,400,2,278,ok,,0,1,25.319375010440126,663,1,0.6339999999999968,3.850999999999658,5.030665997765027,1763187013683,1763187013905,,,,,,,,,,short,6061,455,217,280,0
l3_short_window,SHORT_WINDOW,14.0,0.5,400,2,279,ok,,0,1,24.393875006353483,663,1,0.5489999999999924,3.60799999999972,4.582124995067716,1763187020961,1763187021191,,,,,,,,,,short,6072,649,206,247,2
l3_short_window,SHORT_WINDOW,14.0,0.5,400,2,280,ok,,0,1,24.832999988575466,663,1,0.6790000000000056,3.699999999999818,4.940750004607253,1763187027723,1763187027944,,,,,,,,,,short,6654,467,231,194,1
l3_short_window,SHORT_WINDOW,14.0,0.5,400,2,281,ok,,0,1,25.768875013454817,663,1,0.5689999999999991,3.3340000000002874,4.6578330075135455,1763187035659,1763187035877,,,,,,,,,,short,6191,686,269,215,1
l3_short_window,SHORT_WINDOW,14.0,0.5,400,2,282,ok,,0,1,23.600375003297813,663,1,0.6129999999999995,3.507000000000062,4.745750004076399,1763187042548,1763187042757,,,,,,,,,,short,7354,388,216,168,2
l3_short_window,SHORT_WINDOW,14.0,0.5,400,2,283,ok,,0,1,22.777042002417147,663,1,0.5299999999999976,3.7260000000001128,4.949499998474494,1763187051079,1763187051295,,,,,,,,,,short,6428,672,304,194,0
l3_short_window,SHORT_WINDOW,14.0,0.5,400,2,284,ok,,0,1,21.691582995117642,663,1,0.509999999999998,3.2979999999997744,4.452083012438379,1763187058104,1763187058312,,,,,,,,,,short,6134,292,233,151,0
l3_short_window,SHORT_WINDOW,14.0,0.5,400,2,285,ok,,0,3,1053.5851259919582,1989,3,2.2760000000000034,11.92699999999968,15.884000007645227,1763187065431,1763187066652,,,,,,,,,,short,6697,540,280,168,2
l3_short_window,SHORT_WINDOW,14.0,0.5,400,2,286,ok,,0,1,22.24854200903792,663,1,0.6049999999999969,3.6909999999998035,4.794624997884966,1763187073476,1763187073703,,,,,,,,,,short,6830,830,312,242,0
l3_short_window,SHORT_WINDOW,14.0,0.5,400,2,287,ok,,0,1,30.570875998819247,663,1,0.6750000000000007,3.562000000000353,4.443416997673921,1763187081236,1763187081459,,,,,,,,,,short,6266,784,283,216,1
l3_short_window,SHORT_WINDOW,14.0,0.5,400,2,288,ok,,0,1,26.095666995388456,663,1,1.0330000000000013,3.1019999999998618,4.31058400135953,1763187088417,1763187088641,,,,,,,,,,short,7220,746,280,204,0
l3_short_window,SHORT_WINDOW,14.0,0.5,400,2,289,ok,,0,1,22.377000001142733,663,1,0.4910000000000032,3.2609999999999673,4.217334004351869,1763187096173,1763187096394,,,,,,,,,,short,6417,345,256,172,0
l3_short_window,SHORT_WINDOW,14.0,0.5,400,2,290,ok,,0,1,21.205000011832453,663,1,0.5749999999999993,3.4479999999998654,4.514374988502823,1763187103971,1763187104187,,,,,,,,,,short,6240,733,350,260,1
l3_short_window,SHORT_WINDOW,14.0,0.5,400,2,291,ok,,0,1,23.069917006068863,663,1,0.566000000000006,3.563999999999851,4.660916994907893,1763187110830,1763187111048,,,,,,,,,,short,7132,385,349,176,1
l3_short_window,SHORT_WINDOW,14.0,0.5,400,2,292,ok,,0,1,24.421541005722247,663,1,0.5500000000000007,3.662000000000262,4.891749995294958,1763187119349,1763187119575,,,,,,,,,,short,6200,763,247,162,0
l3_short_window,SHORT_WINDOW,14.0,0.5,400,2,293,ok,,0,1,21.90533401153516,663,1,0.5389999999999944,3.3890000000005784,4.5404579868773,1763187126225,1763187126437,,,,,,,,,,short,5919,482,218,248,0
l3_short_window,SHORT_WINDOW,14.0,0.5,400,2,294,ok,,0,1,26.427582997712307,663,1,0.583000000000002,3.64200000000028,4.813959007151425,1763187133489,1763187133707,,,,,,,,,,short,6055,826,269,161,2
l3_short_window,SHORT_WINDOW,14.0,0.5,400,2,295,ok,,0,1,23.113540999474935,663,1,0.705999999999996,3.3020000000001346,4.628791997674853,1763187140074,1763187140280,,,,,,,,,,short,6838,440,345,218,2
l3_short_window,SHORT_WINDOW,14.0,0.5,400,2,296,ok,,0,1,22.701167006744072,663,1,0.5439999999999898,3.4650000000001455,4.624000008334406,1763187148031,1763187148261,,,,,,,,,,short,6951,568,221,223,1
l3_short_window,SHORT_WINDOW,14.0,0.5,400,2,297,ok,,0,1,25.686041000881232,663,1,0.5190000000000055,3.631000000000313,4.79879199701827,1763187156285,1763187156513,,,,,,,,,,short,6904,883,331,176,0
l3_short_window,SHORT_WINDOW,14.0,0.5,400,2,298,ok,,0,1,27.747374988393858,663,1,0.5650000000000048,3.5949999999998,4.627917005564086,1763187164082,1763187164303,,,,,,,,,,short,7481,742,240,176,0
l3_short_window,SHORT_WINDOW,14.0,0.5,400,2,299,ok,,0,1,21.40437500202097,663,1,0.8880000000000052,3.2760000000002947,4.924416003632359,1763187172598,1763187172816,,,,,,,,,,short,7178,800,213,210,1
l3_short_window,SHORT_WINDOW,14.0,0.5,400,2,300,ok,,0,1,19.732957996893674,663,1,0.5039999999999978,3.325000000000273,4.52420799410902,1763187180327,1763187180539,,,,,,,,,,short,5987,423,256,201,1
l3_short_window,SHORT_WINDOW,14.0,0.5,300,2,1,ok,,0,1,22.057207999750972,663,1,0.5700000000000003,3.492000000000189,4.630875002476387,1763187187655,1763187187873,,,,,,,,,,mid,8903,725,206,236,0
l3_short_window,SHORT_WINDOW,14.0,0.5,300,2,2,ok,,0,1,25.757666997378692,663,1,0.5810000000000031,3.7150000000001455,4.7230000054696575,1763187197700,1763187197939,,,,,,,,,,mid,12605,899,230,252,2
l3_short_window,SHORT_WINDOW,14.0,0.5,300,2,3,ok,,0,1,23.243125004228204,663,1,0.5259999999999962,3.393000000000029,4.4750840024789795,1763187210717,1763187210926,,,,,,,,,,mid,13152,436,201,253,1
l3_short_window,SHORT_WINDOW,14.0,0.5,300,2,4,ok,,0,1,23.92050001071766,663,1,0.5199999999999996,3.445999999999458,4.706374995294027,1763187224803,1763187224999,,,,,,,,,,mid,9055,457,320,175,2
l3_short_window,SHORT_WINDOW,14.0,0.5,300,2,5,ok,,0,1,23.830124991945922,663,1,0.5219999999999985,3.4670000000000982,4.4784999918192625,1763187234725,1763187234932,,,,,,,,,,mid,10549,317,216,192,1
l3_short_window,SHORT_WINDOW,14.0,0.5,300,2,6,ok,,0,1,22.653916996205226,663,1,0.6429999999999936,3.2090000000002874,4.496291992836632,1763187246447,1763187246638,,,,,,,,,,mid,11352,517,350,252,4
l3_short_window,SHORT_WINDOW,14.0,0.5,300,2,7,ok,,0,1,26.340499985963106,663,1,0.8339999999999961,4.013000000000375,5.364916010876186,1763187259783,1763187260048,,,,,,,,,,mid,12677,504,228,223,1
l3_short_window,SHORT_WINDOW,14.0,0.5,300,2,8,ok,,0,1,22.17608298815321,663,1,0.5970000000000013,3.729000000000269,4.769000006490387,1763187272585,1763187272812,,,,,,,,,,mid,10694,593,258,199,1
l3_short_window,SHORT_WINDOW,14.0,0.5,300,2,9,ok,,0,1,24.455624996335246,663,1,0.5700000000000003,3.5859999999997854,4.794624997884966,1763187284399,1763187284624,,,,,,,,,,mid,9898,733,246,239,1
l3_short_window,SHORT_WINDOW,14.0,0.5,300,2,10,ok,,0,1,26.123040996026248,663,1,0.5060000000000002,3.4779999999996107,4.738709001685493,1763187294904,1763187295113,,,,,,,,,,mid,13494,371,202,217,2
l3_short_window,SHORT_WINDOW,14.0,0.5,300,2,11,ok,,0,1,24.074792003375478,663,1,0.5630000000000024,3.744999999999891,4.957750003086403,1763187309847,1763187310082,,,,,,,,,,mid,10519,765,250,234,1
l3_short_window,SHORT_WINDOW,14.0,0.5,300,2,12,ok,,0,1,26.678291003918275,663,1,0.5769999999999982,3.5,4.712833993835375,1763187321868,1763187322087,,,,,,,,,,mid,11591,803,218,272,1
l3_short_window,SHORT_WINDOW,14.0,0.5,300,2,13,ok,,0,1,25.607167000998743,663,1,0.5900000000000034,3.594000000000051,4.756791007821448,1763187333509,1763187333725,,,,,,,,,,mid,12480,300,242,249,2
l3_short_window,SHORT_WINDOW,14.0,0.5,300,2,14,ok,,0,1,23.045124995405786,663,1,0.5139999999999993,3.5200000000004366,4.782874995726161,1763187347448,1763187347670,,,,,,,,,,mid,12140,795,284,258,1
l3_short_window,SHORT_WINDOW,14.0,0.5,300,2,15,ok,,0,1,21.616625002934597,663,1,0.6159999999999926,3.0700000000001637,4.123291990254074,1763187360120,1763187360325,,,,,,,,,,mid,13426,440,336,267,3
l3_short_window,SHORT_WINDOW,14.0,0.5,300,2,16,ok,,0,1,22.53129199380055,663,1,0.5420000000000016,3.5720000000001164,4.848834010772407,1763187374374,1763187374583,,,,,,,,,,mid,10660,361,261,244,5
l3_short_window,SHORT_WINDOW,14.0,0.5,300,2,17,ok,,0,1,22.790875009377487,663,1,0.732999999999997,3.9960000000005493,5.991334008285776,1763187386000,1763187386204,,,,,,,,,,mid,13317,487,318,274,1
l3_short_window,SHORT_WINDOW,14.0,0.5,300,2,18,ok,,0,1,24.519415994291194,663,1,0.5930000000000035,3.6959999999999127,4.996791991288774,1763187400632,1763187400882,,,,,,,,,,mid,8892,256,310,266,1
l3_short_window,SHORT_WINDOW,14.0,0.5,300,2,19,ok,,0,1,26.55645800405182,663,1,0.5420000000000016,3.4400000000000546,4.547499993350357,1763187410102,1763187410323,,,,,,,,,,mid,13263,572,259,163,0
l3_short_window,SHORT_WINDOW,14.0,0.5,300,2,20,ok,,0,1,22.62279200658668,663,1,0.5710000000000015,3.4719999999997526,4.55895799677819,1763187424714,1763187424939,,,,,,,,,,mid,10130,879,328,239,1
l3_short_window,SHORT_WINDOW,14.0,0.5,300,2,21,ok,,0,1,22.967083001276478,663,1,0.5249999999999986,3.4459999999999127,4.548499986412935,1763187435242,1763187435440,,,,,,,,,,mid,12989,277,281,151,1
l3_short_window,SHORT_WINDOW,14.0,0.5,300,2,22,ok,,0,1,24.13600000727456,663,1,0.556999999999995,3.693000000000211,4.924374996335246,1763187449844,1763187450068,,,,,,,,,,mid,13483,874,306,166,1
l3_short_window,SHORT_WINDOW,14.0,0.5,300,2,23,ok,,0,1,24.235250006313436,663,1,0.5820000000000007,3.631000000000313,4.396457996335812,1763187463795,1763187464004,,,,,,,,,,mid,13165,379,342,227,3
l3_short_window,SHORT_WINDOW,14.0,0.5,300,2,24,ok,,0,1,22.59595799841918,663,1,0.5579999999999963,3.674000000000433,4.978458004188724,1763187478049,1763187478270,,,,,,,,,,mid,9657,539,300,207,0
l3_short_window,SHORT_WINDOW,14.0,0.5,300,2,25,ok,,0,1,26.733542006695643,663,1,0.5090000000000003,3.742000000000644,5.01487500150688,1763187488971,1763187489194,,,,,,,,,,mid,12276,823,255,224,1
l3_short_window,SHORT_WINDOW,14.0,0.5,300,2,26,ok,,0,1,22.325500001898035,663,1,0.5139999999999993,3.288000000000011,4.466958998818882,1763187501742,1763187501958,,,,,,,,,,mid,10230,319,310,241,1
l3_short_window,SHORT_WINDOW,14.0,0.5,300,2,27,ok,,0,1,24.490374999004416,663,1,0.5779999999999959,3.693000000000211,4.875917002209462,1763187513501,1763187513733,,,,,,,,,,mid,11383,839,349,231,1
l3_short_window,SHORT_WINDOW,14.0,0.5,300,2,28,ok,,0,1,21.703042002627626,663,1,0.524999999999995,3.4659999999998945,4.652707997593097,1763187525730,1763187525942,,,,,,,,,,mid,9114,696,211,168,2
l3_short_window,SHORT_WINDOW,14.0,0.5,300,2,29,ok,,0,1,26.00262500345707,663,1,0.6069999999999958,3.51299999999992,4.420916986418888,1763187535832,1763187536046,,,,,,,,,,mid,12546,663,291,265,2
l3_short_window,SHORT_WINDOW,14.0,0.5,300,2,30,ok,,0,1,21.717208001064137,663,1,0.6090000000000018,3.5579999999999927,4.722375000710599,1763187549359,1763187549579,,,,,,,,,,mid,12240,711,340,266,0
l3_short_window,SHORT_WINDOW,14.0,0.5,300,2,31,ok,,0,1,24.452583005768247,663,1,0.5319999999999965,3.41800000000012,4.611875003320165,1763187562709,1763187562925,,,,,,,,,,mid,11548,850,273,270,4
l3_short_window,SHORT_WINDOW,14.0,0.5,300,2,32,ok,,0,1,21.16566699987743,663,1,0.5339999999999989,3.8859999999999673,4.876916005741805,1763187574979,1763187575184,,,,,,,,,,mid,11073,531,212,188,0
l3_short_window,SHORT_WINDOW,14.0,0.5,300,2,33,ok,,0,1,24.726000003283843,663,1,0.5340000000000025,3.5729999999998654,4.698499993537553,1763187586840,1763187587053,,,,,,,,,,mid,10001,277,303,276,1
l3_short_window,SHORT_WINDOW,14.0,0.5,300,2,34,ok,,0,1,25.661958992714062,663,1,0.5910000000000046,3.5210000000001855,4.591208009514958,1763187598087,1763187598308,,,,,,,,,,mid,10757,640,336,267,1
l3_short_window,SHORT_WINDOW,14.0,0.5,300,2,35,ok,,0,1,23.602749992278405,663,1,0.6099999999999994,3.3869999999997162,4.235332991811447,1763187609734,1763187609945,,,,,,,,,,mid,9250,608,294,198,2
l3_short_window,SHORT_WINDOW,14.0,0.5,300,2,36,ok,,0,1,23.703749990090728,663,1,0.5359999999999943,3.5029999999997017,4.69820799480658,1763187619484,1763187619696,,,,,,,,,,mid,9414,320,228,173,2
l3_short_window,SHORT_WINDOW,14.0,0.5,300,2,37,ok,,0,1,24.114332991302945,663,1,0.5820000000000007,3.5890000000003965,4.747540995595045,1763187630009,1763187630229,,,,,,,,,,mid,11588,483,209,222,4
l3_short_window,SHORT_WINDOW,14.0,0.5,300,2,38,ok,,0,1,25.632333010435104,663,1,0.5550000000000068,3.5410000000001673,4.692333997809328,1763187642812,1763187643034,,,,,,,,,,mid,9137,833,293,232,4
l3_short_window,SHORT_WINDOW,14.0,0.5,300,2,39,ok,,0,1,20.747457994730212,663,1,0.5219999999999914,3.005999999999858,3.880167001625523,1763187652912,1763187653139,,,,,,,,,,mid,12255,794,203,154,2
l3_short_window,SHORT_WINDOW,14.0,0.5,300,2,40,ok,,0,1,19.030583003768697,663,1,0.5090000000000003,3.3910000000000764,4.541166999842972,1763187665612,1763187665799,,,,,,,,,,mid,10641,288,265,260,2
l3_short_window,SHORT_WINDOW,14.0,0.5,300,2,41,ok,,0,1,25.84483299870044,663,1,0.6359999999999957,3.838999999999487,5.000834004022181,1763187677589,1763187677824,,,,,,,,,,mid,11464,662,329,226,1
l3_short_window,SHORT_WINDOW,14.0,0.5,300,2,42,ok,,0,3,1038.9062090107473,1989,3,0.6910000000000025,4.045000000000073,5.3303750028135255,1763187689977,1763187691212,,,,,,,,,,mid,11368,513,202,237,3
l3_short_window,SHORT_WINDOW,14.0,0.5,300,2,43,ok,,0,1,23.210250001284294,663,1,0.6080000000000005,3.6619999999993524,4.900583007838577,1763187701959,1763187702169,,,,,,,,,,mid,11843,306,293,268,2
l3_short_window,SHORT_WINDOW,14.0,0.5,300,2,44,ok,,0,1,28.638959003728814,663,1,0.5680000000000014,3.6900000000000546,4.884708003373817,1763187715396,1763187715622,,,,,,,,,,mid,11390,887,319,183,1
l3_short_window,SHORT_WINDOW,14.0,0.5,300,2,45,ok,,0,1,21.175874993787147,663,1,0.5500000000000007,3.6579999999999018,5.027833991334774,1763187727591,1763187727812,,,,,,,,,,mid,10964,734,346,237,3
l3_short_window,SHORT_WINDOW,14.0,0.5,300,2,46,ok,,0,1,22.743374996935017,663,1,0.5640000000000036,3.5859999999997854,4.599250009050593,1763187739396,1763187739616,,,,,,,,,,mid,10128,750,250,241,0
l3_short_window,SHORT_WINDOW,14.0,0.5,300,2,47,ok,,0,1,25.36220900947228,663,1,0.5459999999999994,3.531000000000404,4.769082996062934,1763187749983,1763187750195,,,,,,,,,,mid,13470,324,229,219,1
l3_short_window,SHORT_WINDOW,14.0,0.5,300,2,48,ok,,0,1,20.762583008036017,663,1,0.5519999999999996,3.45699999999988,4.34458399831783,1763187764796,1763187765016,,,,,,,,,,mid,12356,602,226,263,1
l3_short_window,SHORT_WINDOW,14.0,0.5,300,2,49,ok,,0,1,26.693374995375052,663,1,0.5539999999999949,3.4830000000001746,4.700292003690265,1763187778120,1763187778342,,,,,,,,,,mid,13013,610,215,277,3
l3_short_window,SHORT_WINDOW,14.0,0.5,300,2,50,ok,,0,1,23.16591699491255,663,1,0.5160000000000018,3.337000000000444,4.39820799510926,1763187791742,1763187791954,,,,,,,,,,mid,10700,345,318,240,2
l3_short_window,SHORT_WINDOW,14.0,0.5,300,2,51,ok,,0,1,24.477958999341354,663,1,0.5899999999999999,3.5119999999997162,4.712124995421618,1763187803836,1763187804053,,,,,,,,,,mid,9831,738,263,252,2
l3_short_window,SHORT_WINDOW,14.0,0.5,300,2,52,ok,,0,1,22.48929200868588,663,1,0.559000000000001,3.43100000000004,4.614707999280654,1763187814213,1763187814422,,,,,,,,,,mid,9045,377,276,190,1
l3_short_window,SHORT_WINDOW,14.0,0.5,300,2,53,ok,,0,1,23.301333989365958,663,1,0.5759999999999934,3.4400000000000546,4.737542010843754,1763187824251,1763187824460,,,,,,,,,,mid,9143,342,289,249,1
l3_short_window,SHORT_WINDOW,14.0,0.5,300,2,54,ok,,0,1,29.143209001631476,663,1,0.5349999999999966,3.8650000000002365,5.05824999709148,1763187834743,1763187834968,,,,,,,,,,mid,9271,742,262,234,1
l3_short_window,SHORT_WINDOW,14.0,0.5,300,2,55,ok,,0,1,20.504750005784445,663,1,0.6440000000000055,3.037000000000262,4.127124993829057,1763187844548,1763187844755,,,,,,,,,,mid,9175,343,200,209,3
l3_short_window,SHORT_WINDOW,14.0,0.5,300,2,56,ok,,0,1,24.727208001422696,663,1,0.5319999999999965,3.662999999999556,4.896625003311783,1763187855075,1763187855300,,,,,,,,,,mid,10902,704,285,255,0
l3_short_window,SHORT_WINDOW,14.0,0.5,300,2,57,ok,,0,1,25.851291007711552,663,1,0.5210000000000008,3.5140000000001237,4.443584010004997,1763187866837,1763187867061,,,,,,,,,,mid,11636,643,219,263,3
l3_short_window,SHORT_WINDOW,14.0,0.5,300,2,58,ok,,0,1,21.628749993396923,663,1,0.5460000000000029,3.444999999999709,4.678083001635969,1763187879473,1763187879688,,,,,,,,,,mid,13615,640,277,197,3
l3_short_window,SHORT_WINDOW,14.0,0.5,300,2,59,ok,,0,1,24.424624993116595,663,1,0.5599999999999952,3.4399999999996,4.500250011915341,1763187893674,1763187893885,,,,,,,,,,mid,13267,316,213,164,4
l3_short_window,SHORT_WINDOW,14.0,0.5,300,2,60,ok,,0,1,22.465624992037192,663,1,0.5649999999999977,3.456000000000131,4.57224999263417,1763187907996,1763187908211,,,,,,,,,,mid,12054,567,341,257,2
l3_short_window,SHORT_WINDOW,14.0,0.5,300,2,61,ok,,0,1,25.77416600252036,663,1,0.7049999999999983,3.580999999999676,4.908040995360352,1763187920953,1763187921176,,,,,,,,,,mid,13341,511,292,162,3
l3_short_window,SHORT_WINDOW,14.0,0.5,300,2,62,ok,,0,3,1025.7677920017159,1989,3,0.6620000000000061,3.5090000000004693,6.078542006434873,1763187935396,1763187936610,,,,,,,,,,mid,12364,568,212,158,2
l3_short_window,SHORT_WINDOW,14.0,0.5,300,2,63,ok,,0,1,20.473249998758547,663,1,0.5980000000000061,3.3609999999994216,4.453208006452769,1763187948441,1763187948667,,,,,,,,,,mid,9980,327,307,262,2
l3_short_window,SHORT_WINDOW,14.0,0.5,300,2,64,ok,,0,1,23.34125000925269,663,1,0.5060000000000038,3.4670000000000982,4.643749998649582,1763187959259,1763187959470,,,,,,,,,,mid,12382,262,259,233,1
l3_short_window,SHORT_WINDOW,14.0,0.5,300,2,65,ok,,0,1,22.216582990949973,663,1,0.5539999999999985,3.6700000000005275,4.885916001512669,1763187972957,1763187973184,,,,,,,,,,mid,13482,581,275,202,1
l3_short_window,SHORT_WINDOW,14.0,0.5,300,2,66,ok,,0,1,25.88145800109487,663,1,0.6289999999999978,3.7359999999998763,4.659875005017966,1763187987179,1763187987400,,,,,,,,,,mid,11125,368,237,248,2
l3_short_window,SHORT_WINDOW,14.0,0.5,300,2,67,ok,,0,1,22.300499986158684,663,1,0.541999999999998,3.4540000000001783,4.743541008792818,1763187999434,1763187999632,,,,,,,,,,mid,13550,578,237,157,0
l3_short_window,SHORT_WINDOW,14.0,0.5,300,2,68,ok,,0,1,27.08037500269711,663,1,0.6200000000000045,3.611000000000331,4.831958998693153,1763188013907,1763188014113,,,,,,,,,,mid,12767,525,252,155,0
l3_short_window,SHORT_WINDOW,14.0,0.5,300,2,69,ok,,0,1,22.87487500871066,663,1,0.5309999999999988,3.474999999999909,4.715457995189354,1763188028065,1763188028282,,,,,,,,,,mid,9603,850,305,251,0
l3_short_window,SHORT_WINDOW,14.0,0.5,300,2,70,ok,,0,1,24.54600000055507,663,1,0.6259999999999977,3.8830000000002656,5.095417000120506,1763188038543,1763188038849,,,,,,,,,,mid,10525,255,314,264,3
l3_short_window,SHORT_WINDOW,14.0,0.5,300,2,71,ok,,0,1,25.33308300189674,663,1,0.6359999999999992,3.4969999999998436,4.738874995382503,1763188050025,1763188050239,,,,,,,,,,mid,11805,742,235,232,1
l3_short_window,SHORT_WINDOW,14.0,0.5,300,2,72,ok,,0,1,22.317042006761767,663,1,0.5400000000000027,3.518999999999778,4.722540994407609,1763188062962,1763188063183,,,,,,,,,,mid,11046,856,224,159,0
l3_short_window,SHORT_WINDOW,14.0,0.5,300,2,73,ok,,0,1,28.407749996404164,663,1,0.5919999999999987,3.556999999999789,4.5517920079873875,1763188074382,1763188074596,,,,,,,,,,mid,12757,420,232,177,0
l3_short_window,SHORT_WINDOW,14.0,0.5,300,2,74,ok,,0,1,23.77354199416004,663,1,0.5389999999999979,3.563000000000102,4.731749999336898,1763188088029,1763188088238,,,,,,,,,,mid,12280,335,265,210,3
l3_short_window,SHORT_WINDOW,14.0,0.5,300,2,75,ok,,0,1,26.475292004761286,663,1,0.6189999999999998,4.121999999999844,5.308040999807417,1763188101500,1763188101721,,,,,,,,,,mid,10493,516,313,198,0
l3_short_window,SHORT_WINDOW,14.0,0.5,300,2,76,ok,,0,1,24.30904100765474,663,1,0.5509999999999948,3.4670000000000982,4.689207999035716,1763188112873,1763188113074,,,,,,,,,,mid,13762,426,337,247,0
l3_short_window,SHORT_WINDOW,14.0,0.5,300,2,77,ok,,0,1,22.93716699932702,663,1,0.5670000000000073,3.5709999999999127,4.6458750002784654,1763188127881,1763188128103,,,,,,,,,,mid,13729,678,233,169,3
l3_short_window,SHORT_WINDOW,14.0,0.5,300,2,78,ok,,0,1,25.73554200353101,663,1,0.5249999999999986,3.4160000000001673,4.5000419922871515,1763188142223,1763188142436,,,,,,,,,,mid,10845,339,337,231,2
l3_short_window,SHORT_WINDOW,14.0,0.5,300,2,79,ok,,0,1,20.192625001072884,663,1,0.5199999999999996,3.475999999999658,4.589916003169492,1763188154251,1763188154452,,,,,,,,,,mid,9210,556,304,221,0
l3_short_window,SHORT_WINDOW,14.0,0.5,300,2,80,ok,,0,1,23.07670799200423,663,1,0.6110000000000042,3.9340000000001965,4.826207994483411,1763188164736,1763188164984,,,,,,,,,,mid,13058,254,320,220,1
l3_short_window,SHORT_WINDOW,14.0,0.5,300,2,81,ok,,0,1,26.278749995981343,663,1,0.590999999999994,3.4899999999997817,4.690333007602021,1763188178681,1763188178888,,,,,,,,,,mid,9069,744,241,237,1
l3_short_window,SHORT_WINDOW,14.0,0.5,300,2,82,ok,,0,1,23.44124999945052,663,1,0.5180000000000078,3.485000000000582,4.7005420055938885,1763188189568,1763188189794,,,,,,,,,,mid,13170,654,349,182,3
l3_short_window,SHORT_WINDOW,14.0,0.5,300,2,83,ok,,0,1,18.58712499961257,663,1,0.5750000000000028,2.880999999999858,3.965124997193925,1763188202928,1763188203154,,,,,,,,,,mid,11507,292,349,258,1
l3_short_window,SHORT_WINDOW,14.0,0.5,300,2,84,ok,,0,1,23.963500003446825,663,1,0.5510000000000055,3.4710000000000036,4.704999999376014,1763188214967,1763188215174,,,,,,,,,,mid,10795,326,268,163,2
l3_short_window,SHORT_WINDOW,14.0,0.5,300,2,85,ok,,0,1,27.275999993435107,663,1,0.5440000000000005,3.558999999999287,4.752082997583784,1763188226938,1763188227154,,,,,,,,,,mid,12520,551,216,233,2
l3_short_window,SHORT_WINDOW,14.0,0.5,300,2,86,ok,,0,1,26.690707993111573,663,1,0.740000000000002,5.048999999999978,7.943582997540943,1763188241147,1763188241374,,,,,,,,,,mid,10507,808,229,181,3
l3_short_window,SHORT_WINDOW,14.0,0.5,300,2,87,ok,,0,1,26.2501249962952,663,1,0.5720000000000063,3.524999999999636,4.452458000741899,1763188251726,1763188251942,,,,,,,,,,mid,10062,382,253,213,2
l3_short_window,SHORT_WINDOW,14.0,0.5,300,2,88,ok,,0,1,21.7045839963248,663,1,0.5430000000000064,3.4649999999996908,4.827291995752603,1763188262726,1763188262945,,,,,,,,,,mid,9521,468,262,181,1
l3_short_window,SHORT_WINDOW,14.0,0.5,300,2,89,ok,,0,1,22.703041991917416,663,1,0.5279999999999987,3.451999999999316,4.57970799470786,1763188273193,1763188273398,,,,,,,,,,mid,9590,425,342,276,0
l3_short_window,SHORT_WINDOW,14.0,0.5,300,2,90,ok,,0,1,25.64058400457725,663,1,0.5480000000000018,3.300000000000182,4.49970799672883,1763188283683,1763188283894,,,,,,,,,,mid,11402,273,241,277,1
l3_short_window,SHORT_WINDOW,14.0,0.5,300,2,91,ok,,0,1,25.792250002268702,663,1,0.5160000000000018,3.4290000000000873,4.682124999817461,1763188296182,1763188296398,,,,,,,,,,mid,12027,373,349,235,1
l3_short_window,SHORT_WINDOW,14.0,0.5,300,2,92,ok,,0,1,26.73083399713505,663,1,0.5810000000000031,3.436999999999898,4.304709000280127,1763188309494,1763188309705,,,,,,,,,,mid,12982,733,273,177,0
l3_short_window,SHORT_WINDOW,14.0,0.5,300,2,93,ok,,0,1,25.611499993829057,663,1,0.5380000000000038,3.4580000000000837,4.442792007466778,1763188323405,1763188323627,,,,,,,,,,mid,10427,618,220,157,2
l3_short_window,SHORT_WINDOW,14.0,0.5,300,2,94,ok,,0,1,26.481291992240585,663,1,0.6229999999999976,3.600000000000364,4.934791999403387,1763188335053,1763188335274,,,,,,,,,,mid,9918,833,338,274,0
l3_short_window,SHORT_WINDOW,14.0,0.5,300,2,95,ok,,0,1,24.687999990419485,663,1,0.5080000000000027,3.4969999999998436,4.779458002303727,1763188345817,1763188346031,,,,,,,,,,mid,9186,695,212,163,1
l3_short_window,SHORT_WINDOW,14.0,0.5,300,2,96,ok,,0,1,24.927499995101243,663,1,0.5450000000000017,3.36600000000044,4.506167009822093,1763188355683,1763188355882,,,,,,,,,,mid,9920,365,256,169,1
l3_short_window,SHORT_WINDOW,14.0,0.5,300,2,97,ok,,0,1,22.9550410003867,663,1,0.5999999999999943,3.1900000000000546,4.225958007737063,1763188367035,1763188367222,,,,,,,,,,mid,9125,845,270,266,3
l3_short_window,SHORT_WINDOW,14.0,0.5,300,2,98,ok,,0,1,19.96958399831783,663,1,0.5260000000000034,3.331000000000131,4.435750000993721,1763188376872,1763188377130,,,,,,,,,,mid,12422,656,289,239,3
l3_short_window,SHORT_WINDOW,14.0,0.5,300,2,99,ok,,0,1,24.72950000083074,663,1,0.4980000000000011,3.4760000000001128,4.779875001986511,1763188389879,1763188390096,,,,,,,,,,mid,11450,304,225,250,0
l3_short_window,SHORT_WINDOW,14.0,0.5,300,2,100,ok,,0,1,21.903250002651475,663,1,0.5180000000000042,3.4030000000002474,4.618582999682985,1763188402419,1763188402625,,,,,,,,,,mid,10597,370,238,242,1
l3_short_window,SHORT_WINDOW,14.0,0.5,300,2,101,ok,,0,1,22.736333005013876,663,1,0.5239999999999974,3.3969999999999345,4.592208002577536,1763188413969,1763188414173,,,,,,,,,,mid,11945,513,255,276,1
l3_short_window,SHORT_WINDOW,14.0,0.5,300,2,102,ok,,0,1,25.760542004718445,663,1,0.8260000000000005,3.5200000000004366,4.541000002063811,1763188427092,1763188427354,,,,,,,,,,mid,12080,283,302,206,1
l3_short_window,SHORT_WINDOW,14.0,0.5,300,2,103,ok,,0,1,23.367375004454516,663,1,0.5180000000000007,3.63799999999992,4.858416999923065,1763188439767,1763188439976,,,,,,,,,,mid,12607,476,209,156,1
l3_short_window,SHORT_WINDOW,14.0,0.5,300,2,104,ok,,0,1,24.73829199152533,663,1,0.5390000000000015,3.506999999999607,4.714708004030399,1763188453130,1763188453346,,,,,,,,,,mid,12872,251,270,163,3
l3_short_window,SHORT_WINDOW,14.0,0.5,300,2,105,ok,,0,1,24.103042000206187,663,1,0.5459999999999994,5.449999999999363,6.233332998817787,1763188467210,1763188467425,,,,,,,,,,mid,10214,475,261,277,3
l3_short_window,SHORT_WINDOW,14.0,0.5,300,2,106,ok,,0,1,21.669333000318147,663,1,0.5199999999999996,3.375999999999749,4.066207999130711,1763188478524,1763188478749,,,,,,,,,,mid,12501,607,332,264,2
l3_short_window,SHORT_WINDOW,14.0,0.5,300,2,107,ok,,0,1,24.568959008320235,663,1,0.544000000000004,3.4700000000002547,4.767291000462137,1763188492112,1763188492329,,,,,,,,,,mid,9577,684,281,152,2
l3_short_window,SHORT_WINDOW,14.0,0.5,300,2,108,ok,,0,1,23.092540999641642,663,1,0.575999999999997,3.6770000000001346,4.877125000348315,1763188502702,1763188502922,,,,,,,,,,mid,12416,813,319,220,2
l3_short_window,SHORT_WINDOW,14.0,0.5,300,2,109,ok,,0,1,21.65166700433474,663,1,0.8869999999999933,3.6960000000003674,4.670374997658655,1763188515978,1763188516196,,,,,,,,,,mid,9114,659,226,199,1
l3_short_window,SHORT_WINDOW,14.0,0.5,300,2,110,ok,,0,1,24.903249999624677,663,1,0.5690000000000026,3.638999999999669,4.657708996091969,1763188525756,1763188525981,,,,,,,,,,mid,9279,315,203,224,0
l3_short_window,SHORT_WINDOW,14.0,0.5,300,2,111,ok,,0,1,26.458457999979146,663,1,3.6560000000000095,5.717000000000098,7.490208008675836,1763188536430,1763188536649,,,,,,,,,,mid,10078,698,278,165,0
l3_short_window,SHORT_WINDOW,14.0,0.5,300,2,112,ok,,0,1,20.131375000346452,663,1,0.527000000000001,3.438000000000102,4.517541005043313,1763188547568,1763188547772,,,,,,,,,,mid,10608,779,329,186,4
l3_short_window,SHORT_WINDOW,14.0,0.5,300,2,113,ok,,0,1,27.14525000192225,663,1,0.5320000000000036,3.472000000000662,4.637167003238574,1763188558587,1763188558792,,,,,,,,,,mid,12770,334,266,225,2
l3_short_window,SHORT_WINDOW,14.0,0.5,300,2,114,ok,,0,1,22.790957998950034,663,1,0.5069999999999943,3.4919999999997344,4.659124999307096,1763188572603,1763188572819,,,,,,,,,,mid,11627,667,330,163,1
l3_short_window,SHORT_WINDOW,14.0,0.5,300,2,115,ok,,0,1,24.862334001227282,663,1,0.5549999999999997,3.6770000000001346,4.6455419942503795,1763188584854,1763188585059,,,,,,,,,,mid,11743,306,255,265,0
l3_short_window,SHORT_WINDOW,14.0,0.5,300,2,116,ok,,0,1,26.716249994933605,663,1,0.5729999999999933,3.7269999999998618,4.899833002127707,1763188598068,1763188598312,,,,,,,,,,mid,10004,255,329,179,1
l3_short_window,SHORT_WINDOW,14.0,0.5,300,2,117,ok,,0,1,22.368582998751663,663,1,0.5160000000000053,3.531000000000404,4.77600000158418,1763188608980,1763188609205,,,,,,,,,,mid,13039,264,335,269,2
l3_short_window,SHORT_WINDOW,14.0,0.5,300,2,118,ok,,0,1,22.975875006522983,663,1,0.5200000000000031,3.481999999999971,4.648540998459794,1763188622531,1763188622747,,,,,,,,,,mid,12179,502,284,171,3
l3_short_window,SHORT_WINDOW,14.0,0.5,300,2,119,ok,,0,1,22.45320899237413,663,1,0.5420000000000016,3.617000000000189,4.6136659948388115,1763188635957,1763188636189,,,,,,,,,,mid,13896,753,220,241,3
l3_short_window,SHORT_WINDOW,14.0,0.5,300,2,120,ok,,0,1,21.775708999484777,663,1,0.6280000000000037,3.569999999999709,4.815042004338466,1763188650738,1763188650953,,,,,,,,,,mid,10409,732,287,151,2
l3_short_window,SHORT_WINDOW,14.0,0.5,300,2,121,ok,,0,1,21.835541003383696,663,1,0.5289999999999964,3.330999999999676,4.5700829941779375,1763188661730,1763188661927,,,,,,,,,,mid,12314,389,261,263,2
l3_short_window,SHORT_WINDOW,14.0,0.5,300,2,122,ok,,0,1,24.649917002534494,663,1,1.0760000000000005,4.427999999999884,5.383750001783483,1763188675034,1763188675254,,,,,,,,,,mid,10568,433,298,275,3
l3_short_window,SHORT_WINDOW,14.0,0.5,300,2,123,ok,,0,1,20.237332995748147,663,1,0.7259999999999991,3.662999999999556,4.993916998500936,1763188686954,1763188687214,,,,,,,,,,mid,10337,766,239,187,3
l3_short_window,SHORT_WINDOW,14.0,0.5,300,2,124,ok,,0,1,25.597790998290293,663,1,1.1900000000000048,3.6480000000001382,4.938084006425925,1763188698245,1763188698456,,,,,,,,,,mid,12034,693,288,174,0
l3_short_window,SHORT_WINDOW,14.0,0.5,300,2,125,ok,,0,1,25.074000004678965,663,1,0.8939999999999984,3.811999999999898,5.211124997003935,1763188711217,1763188711448,,,,,,,,,,mid,12810,702,209,270,1
l3_short_window,SHORT_WINDOW,14.0,0.5,300,2,126,ok,,0,1,23.253417006344534,663,1,0.8810000000000002,3.936000000000149,5.183166998904198,1763188725187,1763188725418,,,,,,,,,,mid,12702,880,205,231,1
l3_short_window,SHORT_WINDOW,14.0,0.5,300,2,127,ok,,0,1,19.879208004567772,663,1,0.5329999999999977,4.000999999999749,5.387500001234002,1763188738496,1763188738716,,,,,,,,,,mid,12379,533,264,229,2
l3_short_window,SHORT_WINDOW,14.0,0.5,300,2,128,ok,,0,1,23.289749995456077,663,1,0.5169999999999959,3.5779999999999745,4.828499993891455,1763188751844,1763188752059,,,,,,,,,,mid,10216,513,309,221,3
l3_short_window,SHORT_WINDOW,14.0,0.5,300,2,129,ok,,0,1,22.331291998852976,663,1,0.5109999999999957,3.463000000000193,4.397666998556815,1763188763012,1763188763223,,,,,,,,,,mid,13233,525,236,270,2
l3_short_window,SHORT_WINDOW,14.0,0.5,300,2,130,ok,,0,1,23.259082998265512,663,1,0.5459999999999994,3.4510000000004766,4.585208007483743,1763188776962,1763188777221,,,,,,,,,,mid,9822,306,296,163,1
l3_short_window,SHORT_WINDOW,14.0,0.5,300,2,131,ok,,0,1,23.293332997127436,663,1,0.5,3.44800000000032,4.601874999934807,1763188787764,1763188787954,,,,,,,,,,mid,12046,318,346,236,5
l3_short_window,SHORT_WINDOW,14.0,0.5,300,2,132,ok,,0,1,20.697750005638227,663,1,0.5730000000000004,3.621999999999389,4.862250003498048,1763188800875,1763188801090,,,,,,,,,,mid,9111,547,277,161,0
l3_short_window,SHORT_WINDOW,14.0,0.5,300,2,133,ok,,0,1,25.091959003475495,663,1,0.7539999999999978,3.6279999999997017,5.088791003799997,1763188810838,1763188811051,,,,,,,,,,mid,13731,461,305,254,1
l3_short_window,SHORT_WINDOW,14.0,0.5,300,2,134,ok,,0,1,27.29012499912642,663,1,0.6939999999999955,4.0349999999994,5.137708008987829,1763188825940,1763188826204,,,,,,,,,,mid,11863,264,302,186,2
l3_short_window,SHORT_WINDOW,14.0,0.5,300,2,135,ok,,0,1,24.529540998628363,663,1,0.654999999999994,4.02199999999948,5.4976249957690015,1763188838326,1763188838551,,,,,,,,,,mid,10176,381,306,179,1
l3_short_window,SHORT_WINDOW,14.0,0.5,300,2,136,ok,,0,1,22.104624993517064,663,1,0.6280000000000072,3.5640000000003056,4.882916997303255,1763188849496,1763188849718,,,,,,,,,,mid,12326,420,229,255,2
l3_short_window,SHORT_WINDOW,14.0,0.5,300,2,137,ok,,0,1,20.590667001670226,663,1,0.5019999999999989,3.494000000000142,4.609416995663196,1763188863237,1763188863444,,,,,,,,,,mid,8844,801,323,209,3
l3_short_window,SHORT_WINDOW,14.0,0.5,300,2,138,ok,,0,1,21.693667004001327,663,1,0.5239999999999974,3.444999999999709,4.592166995280422,1763188872634,1763188872846,,,,,,,,,,mid,13026,388,220,243,1
l3_short_window,SHORT_WINDOW,14.0,0.5,300,2,139,ok,,0,1,24.60795801016502,663,1,0.5409999999999968,3.7179999999993925,4.838416003622115,1763188886498,1763188886713,,,,,,,,,,mid,12219,481,230,168,1
l3_short_window,SHORT_WINDOW,14.0,0.5,300,2,140,ok,,0,1,23.714958006166853,663,1,0.6130000000000067,3.269000000000233,4.3540410115383565,1763188899795,1763188900001,,,,,,,,,,mid,12714,577,279,232,5
l3_short_window,SHORT_WINDOW,14.0,0.5,300,2,141,ok,,0,1,18.112166988430545,663,1,0.46300000000000097,3.288000000000011,4.425000006449409,1763188913289,1763188913491,,,,,,,,,,mid,12567,409,226,193,4
l3_short_window,SHORT_WINDOW,14.0,0.5,300,2,142,ok,,0,1,20.57429098931607,663,1,0.6259999999999977,3.082999999999629,4.156874987529591,1763188927675,1763188927891,,,,,,,,,,mid,11674,762,266,177,3
l3_short_window,SHORT_WINDOW,14.0,0.5,300,2,143,ok,,0,1,23.33599999838043,663,1,0.5150000000000006,3.5030000000001564,4.766708007082343,1763188939949,1763188940156,,,,,,,,,,mid,13121,807,263,178,2
l3_short_window,SHORT_WINDOW,14.0,0.5,300,2,144,ok,,0,1,20.997375002480112,663,1,0.5169999999999995,3.4160000000001673,4.437416995642707,1763188953571,1763188953786,,,,,,,,,,mid,10229,299,320,269,1
l3_short_window,SHORT_WINDOW,14.0,0.5,300,2,145,ok,,0,1,24.142916008713655,663,1,0.5039999999999978,3.563000000000102,4.830624995520338,1763188964787,1763188964994,,,,,,,,,,mid,10332,449,312,225,0
l3_short_window,SHORT_WINDOW,14.0,0.5,300,2,146,ok,,0,1,24.325999998836778,663,1,0.7849999999999966,3.6409999999996217,4.863333990215324,1763188976023,1763188976243,,,,,,,,,,mid,12208,408,201,220,1
l3_short_window,SHORT_WINDOW,14.0,0.5,300,2,147,ok,,0,1,23.078917001839727,663,1,0.5459999999999994,3.6350000000002183,4.859332999330945,1763188989258,1763188989459,,,,,,,,,,mid,11178,432,207,179,2
l3_short_window,SHORT_WINDOW,14.0,0.5,300,2,148,ok,,0,1,21.11687499564141,663,1,0.5500000000000007,3.717999999999847,4.908415998215787,1763189001333,1763189001541,,,,,,,,,,mid,9861,425,279,178,2
l3_short_window,SHORT_WINDOW,14.0,0.5,300,2,149,ok,,0,1,23.112625000067055,663,1,0.5510000000000019,3.73299999999972,4.606208007317036,1763189012175,1763189012396,,,,,,,,,,mid,13650,530,257,266,2
l3_short_window,SHORT_WINDOW,14.0,0.5,300,2,150,ok,,0,1,19.56279198930133,663,1,0.5240000000000009,4.100999999999658,4.997749987524003,1763189028159,1763189028387,,,,,,,,,,mid,10722,880,349,260,3
l3_short_window,SHORT_WINDOW,14.0,0.5,300,2,151,ok,,0,1,22.313790992484428,663,1,0.8760000000000048,3.5109999999995125,4.516583998338319,1763189038301,1763189038514,,,,,,,,,,mid,9331,336,338,207,1
l3_short_window,SHORT_WINDOW,14.0,0.5,300,2,152,ok,,0,1,19.346707995282486,663,1,0.5760000000000005,3.62900000000036,4.5295419986359775,1763189048891,1763189049104,,,,,,,,,,mid,10053,656,323,243,3
l3_short_window,SHORT_WINDOW,14.0,0.5,300,2,153,ok,,0,1,21.138291995157488,663,1,0.5650000000000048,3.338000000000193,4.590875003486872,1763189059672,1763189059886,,,,,,,,,,mid,13363,383,237,268,2
l3_short_window,SHORT_WINDOW,14.0,0.5,300,2,154,ok,,0,1,23.568417003843933,663,1,0.8190000000000026,3.644000000000233,4.911666008410975,1763189074553,1763189074771,,,,,,,,,,mid,10342,860,342,249,2
l3_short_window,SHORT_WINDOW,14.0,0.5,300,2,155,ok,,0,1,23.979375007911585,663,1,0.7849999999999895,3.5280000000002474,5.128374992636964,1763189085430,1763189085639,,,,,,,,,,mid,10962,418,297,229,0
l3_short_window,SHORT_WINDOW,14.0,0.5,300,2,156,ok,,0,1,24.960084003396332,663,1,0.9199999999999946,3.75,5.032832996221259,1763189097431,1763189097643,,,,,,,,,,mid,12821,499,314,269,1
l3_short_window,SHORT_WINDOW,14.0,0.5,300,2,157,ok,,0,1,24.915333997341804,663,1,0.7150000000000034,3.9580000000000837,5.131459009135142,1763189110998,1763189111206,,,,,,,,,,mid,10442,280,251,275,1
l3_short_window,SHORT_WINDOW,14.0,0.5,300,2,158,ok,,0,1,23.235917004058138,663,1,0.8420000000000059,3.9050000000002,5.228666996117681,1763189122741,1763189122968,,,,,,,,,,mid,13430,614,279,258,0
l3_short_window,SHORT_WINDOW,14.0,0.5,300,2,159,ok,,0,1,20.517958007985726,663,1,0.693000000000005,3.494000000000142,4.674541996791959,1763189137259,1763189137473,,,,,,,,,,mid,9627,288,318,206,2
l3_short_window,SHORT_WINDOW,14.0,0.5,300,2,160,ok,,0,1,23.25558399024885,663,1,0.5530000000000044,3.5029999999997017,4.426500003319234,1763189147764,1763189147985,,,,,,,,,,mid,12684,711,345,246,1
l3_short_window,SHORT_WINDOW,14.0,0.5,300,2,161,ok,,0,3,1044.2748759960523,1989,3,1.7250000000000085,13.328999999999724,17.924665997270495,1763189161391,1763189162603,,,,,,,,,,mid,12880,673,286,244,3
l3_short_window,SHORT_WINDOW,14.0,0.5,300,2,162,ok,,0,1,24.374375003390014,663,1,0.847999999999999,4.110999999999876,5.3703750018030405,1763189175246,1763189175477,,,,,,,,,,mid,13212,730,326,279,3
l3_short_window,SHORT_WINDOW,14.0,0.5,300,2,163,ok,,0,1,19.087915992713533,663,1,0.5570000000000022,3.355000000000473,4.536292006378062,1763189190008,1763189190220,,,,,,,,,,mid,10469,285,322,196,2
l3_short_window,SHORT_WINDOW,14.0,0.5,300,2,164,ok,,0,1,21.909791001235135,663,1,0.5129999999999981,3.413999999999305,4.509207996306941,1763189200438,1763189200644,,,,,,,,,,mid,11956,346,275,276,0
l3_short_window,SHORT_WINDOW,14.0,0.5,300,2,165,ok,,0,1,25.60291701229289,663,1,0.7460000000000022,3.527999999999338,4.945540989865549,1763189213424,1763189213650,,,,,,,,,,mid,10063,370,302,251,2
l3_short_window,SHORT_WINDOW,14.0,0.5,300,2,166,ok,,0,1,23.152875000960194,663,1,0.7360000000000042,3.56899999999996,4.824417002964765,1763189224900,1763189225115,,,,,,,,,,mid,10258,742,237,241,0
l3_short_window,SHORT_WINDOW,14.0,0.5,300,2,167,ok,,0,1,23.423000006005168,663,1,0.8329999999999984,3.630999999999858,5.045500001870096,1763189235858,1763189236075,,,,,,,,,,mid,10829,504,349,217,1
l3_short_window,SHORT_WINDOW,14.0,0.5,300,2,168,ok,,0,1,24.305625003762543,663,1,0.7790000000000035,3.559000000000651,4.812750004930422,1763189247492,1763189247717,,,,,,,,,,mid,11239,324,335,188,0
l3_short_window,SHORT_WINDOW,14.0,0.5,300,2,169,ok,,0,1,22.354707994963974,663,1,0.730000000000004,3.6609999999996035,5.0214160000905395,1763189259750,1763189259974,,,,,,,,,,mid,9900,394,249,254,1
l3_short_window,SHORT_WINDOW,14.0,0.5,300,2,170,ok,,0,1,22.449374999268912,663,1,0.6229999999999976,3.019999999999982,4.235165994032286,1763189271530,1763189271737,,,,,,,,,,mid,9044,864,310,181,3
l3_short_window,SHORT_WINDOW,14.0,0.5,300,2,171,ok,,0,1,27.811291001853533,663,1,0.6449999999999996,3.599999999999909,4.807667006389238,1763189280806,1763189281031,,,,,,,,,,mid,12286,604,280,154,3
l3_short_window,SHORT_WINDOW,14.0,0.5,300,2,172,ok,,0,1,20.470083007239737,663,1,0.767000000000003,3.5010000000002037,4.839250002987683,1763189293921,1763189294139,,,,,,,,,,mid,12694,504,215,228,1
l3_short_window,SHORT_WINDOW,14.0,0.5,300,2,173,ok,,0,1,27.71724999183789,663,1,1.2990000000000066,4.0600000000004,5.495791003340855,1763189307841,1763189308096,,,,,,,,,,mid,11041,262,266,228,0
l3_short_window,SHORT_WINDOW,14.0,0.5,300,2,174,ok,,0,1,21.640833001583815,663,1,0.5889999999999986,4.082000000000335,5.0788340013241395,1763189319833,1763189320077,,,,,,,,,,mid,11514,297,308,192,2
l3_short_window,SHORT_WINDOW,14.0,0.5,300,2,175,ok,,0,1,22.175083999172784,663,1,0.9030000000000058,5.1469999999999345,6.2468749965773895,1763189332055,1763189332271,,,,,,,,,,mid,10739,503,286,166,2
l3_short_window,SHORT_WINDOW,14.0,0.5,300,2,176,ok,,0,1,19.358749996172264,663,1,0.5130000000000017,3.3589999999999236,4.257666994817555,1763189343586,1763189343810,,,,,,,,,,mid,11726,336,203,243,2
l3_short_window,SHORT_WINDOW,14.0,0.5,300,2,177,ok,,0,1,19.636916011222638,663,1,0.4959999999999951,3.4290000000000873,4.739959011203609,1763189356740,1763189356948,,,,,,,,,,mid,12774,772,339,250,0
l3_short_window,SHORT_WINDOW,14.0,0.5,300,2,178,ok,,0,1,22.095000007539056,663,1,0.5250000000000092,3.4779999999996107,4.641833991627209,1763189370291,1763189370500,,,,,,,,,,mid,13046,601,329,207,3
l3_short_window,SHORT_WINDOW,14.0,0.5,300,2,179,ok,,0,1,20.404374998179264,663,1,0.4989999999999988,3.4179999999996653,4.2964589956682175,1763189384143,1763189384353,,,,,,,,,,mid,11691,403,320,240,0
l3_short_window,SHORT_WINDOW,14.0,0.5,300,2,180,ok,,0,1,23.474957997677848,663,1,0.5169999999999995,3.4650000000001455,4.679791003582068,1763189397198,1763189397426,,,,,,,,,,mid,8876,759,298,186,2
l3_short_window,SHORT_WINDOW,14.0,0.5,300,2,181,ok,,0,1,23.13304199196864,663,1,0.5430000000000064,3.492999999999938,4.694832998211496,1763189406668,1763189406881,,,,,,,,,,mid,13448,393,317,191,2
l3_short_window,SHORT_WINDOW,14.0,0.5,300,2,182,ok,,0,1,21.24237500538584,663,1,0.7540000000000049,3.81899999999996,5.069958002422936,1763189421361,1763189421570,,,,,,,,,,mid,11674,697,233,273,3
l3_short_window,SHORT_WINDOW,14.0,0.5,300,2,183,ok,,0,1,19.857833001879044,663,1,0.7339999999999982,3.5949999999998,4.382582992548123,1763189433884,1763189434102,,,,,,,,,,mid,11389,594,259,199,2
l3_short_window,SHORT_WINDOW,14.0,0.5,300,2,184,ok,,0,1,24.423499999102205,663,1,0.5449999999999946,3.4919999999997344,4.672499999287538,1763189446229,1763189446444,,,,,,,,,,mid,8745,560,266,278,1
l3_short_window,SHORT_WINDOW,14.0,0.5,300,2,185,ok,,0,1,23.94287499191705,663,1,0.5100000000000051,3.475000000000364,4.837250002310611,1763189456282,1763189456491,,,,,,,,,,mid,9601,880,304,251,2
l3_short_window,SHORT_WINDOW,14.0,0.5,300,2,186,ok,,0,2,537.748750008177,1326,2,1.497000000000007,12.868999999999687,17.304749999311753,1763189466979,1763189467696,,,,,,,,,,mid,11748,588,206,274,1
l3_short_window,SHORT_WINDOW,14.0,0.5,300,2,187,ok,,0,1,26.014582996140234,663,1,0.5210000000000008,3.505000000000109,4.794499996933155,1763189479172,1763189479394,,,,,,,,,,mid,9741,589,273,175,2
l3_short_window,SHORT_WINDOW,14.0,0.5,300,2,188,ok,,0,1,21.701292003854178,663,1,0.517000000000003,3.488999999999578,4.4915410107932985,1763189489989,1763189490208,,,,,,,,,,mid,10552,889,346,226,3
l3_short_window,SHORT_WINDOW,14.0,0.5,300,2,189,ok,,0,1,21.310958996764384,663,1,0.5799999999999983,2.946999999999207,4.203959004371427,1763189500883,1763189501077,,,,,,,,,,mid,11060,262,277,244,2
l3_short_window,SHORT_WINDOW,14.0,0.5,300,2,190,ok,,0,1,21.266625000862405,663,1,0.6489999999999938,3.380000000000564,4.6500829921569675,1763189513530,1763189513750,,,,,,,,,,mid,9197,872,209,170,2
l3_short_window,SHORT_WINDOW,14.0,0.5,300,2,191,ok,,0,1,23.002250003628433,663,1,0.5160000000000018,3.4640000000003965,4.807709003216587,1763189523187,1763189523391,,,,,,,,,,mid,8950,352,239,200,3
l3_short_window,SHORT_WINDOW,14.0,0.5,300,2,192,ok,,0,1,23.269917001016438,663,1,0.5440000000000005,3.3470000000002074,4.4851669954368845,1763189532998,1763189533206,,,,,,,,,,mid,12065,286,223,270,1
l3_short_window,SHORT_WINDOW,14.0,0.5,300,2,193,ok,,0,1,21.813625004142523,663,1,0.5320000000000071,3.5100000000002183,4.796041990630329,1763189546315,1763189546527,,,,,,,,,,mid,12762,539,300,187,2
l3_short_window,SHORT_WINDOW,14.0,0.5,300,2,194,ok,,0,1,25.11079199030064,663,1,0.5310000000000059,3.4969999999998436,4.71058399125468,1763189560218,1763189560445,,,,,,,,,,mid,13192,778,236,158,2
l3_short_window,SHORT_WINDOW,14.0,0.5,300,2,195,ok,,0,1,21.246750009595416,663,1,0.5310000000000024,3.47400000000016,4.699958997662179,1763189574273,1763189574487,,,,,,,,,,mid,9334,757,249,233,2
l3_short_window,SHORT_WINDOW,14.0,0.5,300,2,196,ok,,0,1,23.572417005198076,663,1,0.5219999999999985,3.725000000000364,4.872458986938,1763189584219,1763189584424,,,,,,,,,,mid,12734,352,308,174,0
l3_short_window,SHORT_WINDOW,14.0,0.5,300,2,197,ok,,0,1,24.677207999047823,663,1,0.5279999999999987,3.907000000000153,4.937957986840047,1763189598259,1763189598474,,,,,,,,,,mid,13231,677,294,195,2
l3_short_window,SHORT_WINDOW,14.0,0.5,300,2,198,ok,,0,1,21.644375010509975,663,1,0.5180000000000078,3.4960000000000946,4.678583005443215,1763189612614,1763189612825,,,,,,,,,,mid,11488,822,223,260,2
l3_short_window,SHORT_WINDOW,14.0,0.5,300,2,199,ok,,0,1,25.415167008759454,663,1,0.5799999999999983,3.326999999999771,4.412916998262517,1763189624617,1763189624825,,,,,,,,,,mid,12173,490,340,182,3
l3_short_window,SHORT_WINDOW,14.0,0.5,300,2,200,ok,,0,1,21.438458003103733,663,1,0.4989999999999988,3.418999999999869,4.60420799208805,1763189638075,1763189638288,,,,,,,,,,mid,11323,733,332,229,1
l3_short_window,SHORT_WINDOW,14.0,0.5,300,2,201,ok,,0,1,23.560290996101685,663,1,0.5350000000000037,3.528999999999087,4.784082993865013,1763189650455,1763189650675,,,,,,,,,,mid,12951,783,325,255,2
l3_short_window,SHORT_WINDOW,14.0,0.5,300,2,202,ok,,0,1,25.155290990369394,663,1,0.5349999999999966,3.474999999999909,4.73391599371098,1763189664314,1763189664528,,,,,,,,,,mid,9025,789,313,234,0
l3_short_window,SHORT_WINDOW,14.0,0.5,300,2,203,ok,,0,1,22.071708997827955,663,1,1.1720000000000113,3.10799999999972,3.720749999047257,1763189674592,1763189674809,,,,,,,,,,mid,10056,639,207,267,1
l3_short_window,SHORT_WINDOW,14.0,0.5,300,2,204,ok,,0,1,21.690791996661574,663,1,0.5720000000000027,3.7020000000002256,4.7937500057742,1763189684834,1763189685056,,,,,,,,,,mid,8995,309,337,235,1
l3_short_window,SHORT_WINDOW,14.0,0.5,300,2,205,ok,,0,1,25.964833999751136,663,1,0.5660000000000025,3.693000000000211,4.785625002114102,1763189695385,1763189695612,,,,,,,,,,mid,13189,791,313,155,1
l3_short_window,SHORT_WINDOW,14.0,0.5,300,2,206,ok,,0,1,25.546875011059456,663,1,0.5179999999999971,3.324999999999818,4.237875007675029,1763189709017,1763189709228,,,,,,,,,,mid,11825,282,249,198,1
l3_short_window,SHORT_WINDOW,14.0,0.5,300,2,207,ok,,0,1,21.059958002297208,663,1,0.49900000000000233,3.469999999999345,4.77225000213366,1763189722160,1763189722373,,,,,,,,,,mid,12266,649,348,175,5
l3_short_window,SHORT_WINDOW,14.0,0.5,300,2,208,ok,,0,1,26.659166003810242,663,1,0.5189999999999984,3.5340000000001055,4.798249996383674,1763189735141,1763189735358,,,,,,,,,,mid,13524,417,222,243,1
l3_short_window,SHORT_WINDOW,14.0,0.5,300,2,209,ok,,0,1,22.897959002875723,663,1,0.6839999999999975,3.3720000000002983,4.4998340017627925,1763189749719,1763189749930,,,,,,,,,,mid,12494,466,236,212,3
l3_short_window,SHORT_WINDOW,14.0,0.5,300,2,210,ok,,0,1,21.634624994476326,663,1,0.5380000000000038,3.455999999999676,4.597040999215096,1763189763145,1763189763359,,,,,,,,,,mid,13763,493,332,216,0
l3_short_window,SHORT_WINDOW,14.0,0.5,300,2,211,ok,,0,1,20.7584589952603,663,1,0.490000000000002,3.6099999999996726,4.608917006407864,1763189778321,1763189778537,,,,,,,,,,mid,13228,891,222,255,0
l3_short_window,SHORT_WINDOW,14.0,0.5,300,2,212,ok,,0,1,24.361749994568527,663,1,0.5259999999999962,3.4989999999997963,4.697249998571351,1763189792017,1763189792227,,,,,,,,,,mid,10436,371,269,215,3
l3_short_window,SHORT_WINDOW,14.0,0.5,300,2,213,ok,,0,1,21.974584000417963,663,1,0.5650000000000013,3.311000000000149,4.655874989111908,1763189803399,1763189803612,,,,,,,,,,mid,9299,352,294,266,0
l3_short_window,SHORT_WINDOW,14.0,0.5,300,2,214,ok,,0,1,21.90379200328607,663,1,0.664999999999992,3.9160000000001673,4.902083994238637,1763189814128,1763189814388,,,,,,,,,,mid,12985,273,346,240,3
l3_short_window,SHORT_WINDOW,14.0,0.5,300,2,215,ok,,0,1,28.099041010136716,663,1,0.5879999999999974,3.631000000000313,4.762750002555549,1763189828023,1763189828262,,,,,,,,,,mid,13281,699,229,266,4
l3_short_window,SHORT_WINDOW,14.0,0.5,300,2,216,ok,,0,1,24.052833003224805,663,1,0.5249999999999986,3.619999999999891,4.8363329988205805,1763189842178,1763189842392,,,,,,,,,,mid,9717,622,324,233,2
l3_short_window,SHORT_WINDOW,14.0,0.5,300,2,217,ok,,0,1,23.491665997426026,663,1,0.5259999999999998,3.5679999999997563,4.587541989167221,1763189852687,1763189852897,,,,,,,,,,mid,12054,448,265,245,1
l3_short_window,SHORT_WINDOW,14.0,0.5,300,2,218,ok,,0,1,27.029875011066906,663,1,0.5620000000000012,3.70699999999988,4.958167002769187,1763189865869,1763189866094,,,,,,,,,,mid,11915,527,204,270,2
l3_short_window,SHORT_WINDOW,14.0,0.5,300,2,219,ok,,0,1,24.096458000713028,663,1,0.8820000000000014,3.8079999999990832,4.722749989014119,1763189879216,1763189879439,,,,,,,,,,mid,13328,899,237,208,1
l3_short_window,SHORT_WINDOW,14.0,0.5,300,2,220,ok,,0,1,19.629540998721495,663,1,0.6570000000000036,3.1489999999998872,4.305166992708109,1763189893710,1763189893919,,,,,,,,,,mid,13915,675,224,173,5
l3_short_window,SHORT_WINDOW,14.0,0.5,300,2,221,ok,,0,1,19.761499992455356,663,1,0.4619999999999962,3.157000000000153,4.367125002318062,1763189907569,1763189907770,,,,,,,,,,mid,11696,288,207,209,0
l3_short_window,SHORT_WINDOW,14.0,0.5,300,2,222,ok,,0,1,28.593583003384992,663,1,0.5359999999999978,3.574000000000069,4.716084004030563,1763189920763,1763189920983,,,,,,,,,,mid,12799,782,268,193,2
l3_short_window,SHORT_WINDOW,14.0,0.5,300,2,223,ok,,0,1,23.53379101259634,663,1,0.5319999999999965,3.6380000000003747,4.892750002909452,1763189934536,1763189934757,,,,,,,,,,mid,10777,837,277,260,2
l3_short_window,SHORT_WINDOW,14.0,0.5,300,2,224,ok,,0,1,24.952582985861227,663,1,0.5540000000000056,3.6829999999999927,4.8759579949546605,1763189946262,1763189946488,,,,,,,,,,mid,12444,839,313,217,2
l3_short_window,SHORT_WINDOW,14.0,0.5,300,2,225,ok,,0,1,27.0207499852404,663,1,0.6380000000000017,3.394000000000233,4.686125001171604,1763189959332,1763189959555,,,,,,,,,,mid,11765,600,337,216,2
l3_short_window,SHORT_WINDOW,14.0,0.5,300,2,226,ok,,0,1,23.94312497926876,663,1,0.5689999999999955,3.4979999999995925,4.48737500119023,1763189972324,1763189972540,,,,,,,,,,mid,11483,812,343,152,0
l3_short_window,SHORT_WINDOW,14.0,0.5,300,2,227,ok,,0,1,23.521750001236796,663,1,0.7860000000000014,3.2170000000000982,4.203749995213002,1763189984490,1763189984699,,,,,,,,,,mid,13579,518,261,201,5
l3_short_window,SHORT_WINDOW,14.0,0.5,300,2,228,ok,,0,1,21.921000006841496,663,1,0.5509999999999948,3.537000000000262,4.756999987876043,1763189998886,1763189999094,,,,,,,,,,mid,9533,405,285,223,0
l3_short_window,SHORT_WINDOW,14.0,0.5,300,2,229,ok,,0,1,22.111416998086497,663,1,0.661999999999999,3.201999999999771,4.454582987818867,1763190009862,1763190010065,,,,,,,,,,mid,10982,830,292,269,1
l3_short_window,SHORT_WINDOW,14.0,0.5,300,2,230,ok,,0,1,18.33512500161305,663,1,0.5529999999999973,3.5709999999999127,4.48683399008587,1763190021575,1763190021793,,,,,,,,,,mid,9642,582,218,218,3
l3_short_window,SHORT_WINDOW,14.0,0.5,300,2,231,ok,,0,1,25.346458016429096,663,1,0.544000000000004,3.5080000000002656,4.673124989494681,1763190031910,1763190032108,,,,,,,,,,mid,8997,314,300,162,0
l3_short_window,SHORT_WINDOW,14.0,0.5,300,2,232,ok,,0,1,24.095875007333234,663,1,0.6390000000000029,3.4950000000008004,4.63129099807702,1763190042781,1763190042986,,,,,,,,,,mid,13334,777,319,166,4
l3_short_window,SHORT_WINDOW,14.0,0.5,300,2,233,ok,,0,1,25.115374999586493,663,1,0.6460000000000008,3.5239999999998872,4.660000005969778,1763190056213,1763190056429,,,,,,,,,,mid,9652,415,337,239,1
l3_short_window,SHORT_WINDOW,14.0,0.5,300,2,234,ok,,0,1,22.51220800098963,663,1,0.5800000000000018,3.4220000000000255,4.394666000735015,1763190067188,1763190067405,,,,,,,,,,mid,13585,667,284,279,3
l3_short_window,SHORT_WINDOW,14.0,0.5,300,2,235,ok,,0,1,23.75979200587608,663,1,0.497000000000007,3.4209999999998217,4.706250008894131,1763190081948,1763190082164,,,,,,,,,,mid,12713,897,225,204,2
l3_short_window,SHORT_WINDOW,14.0,0.5,300,2,236,ok,,0,1,22.200083010829985,663,1,0.5090000000000039,3.457999999999629,4.418666998390108,1763190095284,1763190095491,,,,,,,,,,mid,11596,584,299,276,1
l3_short_window,SHORT_WINDOW,14.0,0.5,300,2,237,ok,,0,1,26.14133298629895,663,1,0.5169999999999959,3.5010000000002037,4.754624998895451,1763190107638,1763190107855,,,,,,,,,,mid,9022,323,228,235,3
l3_short_window,SHORT_WINDOW,14.0,0.5,300,2,238,ok,,0,1,26.742499991087243,663,1,0.5560000000000045,3.6969999999996617,4.9027500208467245,1763190117998,1763190118250,,,,,,,,,,mid,12263,253,323,181,0
l3_short_window,SHORT_WINDOW,14.0,0.5,300,2,239,ok,,0,1,25.983375002397224,663,1,0.5719999999999992,3.5329999999999018,4.78308301535435,1763190131256,1763190131467,,,,,,,,,,mid,12758,806,329,221,1
l3_short_window,SHORT_WINDOW,14.0,0.5,300,2,240,ok,,0,1,19.154584006173536,663,1,0.5459999999999994,3.5069999999991524,4.716458002803847,1763190144820,1763190145039,,,,,,,,,,mid,10417,635,282,252,1
l3_short_window,SHORT_WINDOW,14.0,0.5,300,2,241,ok,,0,1,22.497375000966713,663,1,0.5110000000000028,3.4159999999997126,4.670416994486004,1763190156079,1763190156283,,,,,,,,,,mid,9174,478,334,199,2
l3_short_window,SHORT_WINDOW,14.0,0.5,300,2,242,ok,,0,1,20.665916992584243,663,1,0.7120000000000033,3.0299999999997453,4.2262920178473,1763190166144,1763190166339,,,,,,,,,,mid,13568,396,249,230,2
l3_short_window,SHORT_WINDOW,14.0,0.5,300,2,243,ok,,0,1,26.649207982700318,663,1,0.527000000000001,3.569999999999254,4.8169590008910745,1763190180907,1763190181114,,,,,,,,,,mid,10198,519,334,241,3
l3_short_window,SHORT_WINDOW,14.0,0.5,300,2,244,ok,,0,1,27.504167024744675,663,1,0.5300000000000011,3.4859999999994216,4.680541984271258,1763190192496,1763190192711,,,,,,,,,,mid,13730,900,272,254,4
l3_short_window,SHORT_WINDOW,14.0,0.5,300,2,245,ok,,0,1,23.18395799375139,663,1,0.5899999999999892,2.8720000000002983,3.8552909973077476,1763190207679,1763190207895,,,,,,,,,,mid,10054,896,304,200,2
l3_short_window,SHORT_WINDOW,14.0,0.5,300,2,246,ok,,0,1,24.405250005656853,663,1,0.5010000000000012,3.4200000000005275,4.6338330139406025,1763190217758,1763190217952,,,,,,,,,,mid,10835,442,233,271,2
l3_short_window,SHORT_WINDOW,14.0,0.5,300,2,247,ok,,0,1,21.8104170053266,663,1,0.5090000000000003,3.5359999999996035,4.8281670024152845,1763190229637,1763190229856,,,,,,,,,,mid,11386,498,287,162,1
l3_short_window,SHORT_WINDOW,14.0,0.5,300,2,248,failed,wait_handover_response,0,3,501.1945000151172,1989,3,0.2680000000000078,0.0,0.0,1763190242032,,,,,,,,,,,mid,11538,538,247,211,4
l3_short_window,SHORT_WINDOW,14.0,0.5,300,2,249,ok,,0,1,26.913292007520795,663,1,0.5299999999999976,3.4540000000001783,4.703167011030018,1763190254827,1763190255050,,,,,,,,,,mid,11623,888,301,172,3
l3_short_window,SHORT_WINDOW,14.0,0.5,300,2,250,ok,,0,1,23.242915980517864,663,1,1.791000000000004,3.0859999999993306,4.290792014217004,1763190267438,1763190267644,,,,,,,,,,mid,12401,891,224,268,0
l3_short_window,SHORT_WINDOW,14.0,0.5,300,2,251,ok,,0,1,26.770791999297217,663,1,0.578000000000003,3.5830000000000837,4.617957980372012,1763190280377,1763190280594,,,,,,,,,,mid,9288,507,217,197,1
l3_short_window,SHORT_WINDOW,14.0,0.5,300,2,252,ok,,0,1,25.736624986166134,663,1,0.5420000000000016,3.505000000000109,4.783915996085852,1763190290746,1763190290961,,,,,,,,,,mid,9481,679,247,263,1
l3_short_window,SHORT_WINDOW,14.0,0.5,300,2,253,ok,,0,1,21.060583007056266,663,1,0.7379999999999995,4.193000000000211,5.615582980681211,1763190301879,1763190302091,,,,,,,,,,mid,12516,874,277,268,2
l3_short_window,SHORT_WINDOW,14.0,0.5,300,2,254,ok,,0,1,23.872541991295293,663,1,0.5239999999999938,3.5,4.790375009179115,1763190314545,1763190314752,,,,,,,,,,mid,12814,578,339,236,2
l3_short_window,SHORT_WINDOW,14.0,0.5,300,2,255,ok,,0,1,23.361624975223094,663,1,0.5249999999999986,3.4580000000000837,4.791250015841797,1763190328327,1763190328543,,,,,,,,,,mid,11152,629,298,187,1
l3_short_window,SHORT_WINDOW,14.0,0.5,300,2,256,ok,,0,1,28.61533299437724,663,1,0.524999999999995,3.730000000000473,5.044332996476442,1763190340318,1763190340534,,,,,,,,,,mid,13051,673,310,171,1
l3_short_window,SHORT_WINDOW,14.0,0.5,300,2,257,ok,,0,1,26.01620799396187,663,1,0.5790000000000006,3.594000000000051,4.551125020952895,1763190354314,1763190354539,,,,,,,,,,mid,10590,709,348,151,0
l3_short_window,SHORT_WINDOW,14.0,0.5,300,2,258,ok,,0,1,25.398750003660098,663,1,0.5259999999999998,3.5530000000003383,4.8028329911176115,1763190366135,1763190366353,,,,,,,,,,mid,11700,891,282,165,2
l3_short_window,SHORT_WINDOW,14.0,0.5,300,2,259,ok,,0,1,24.989915982587263,663,1,0.504999999999999,3.4570000000003347,4.640041006496176,1763190378831,1763190379048,,,,,,,,,,mid,11420,879,291,269,2
l3_short_window,SHORT_WINDOW,14.0,0.5,300,2,260,ok,,0,1,25.685500004328787,663,1,0.5269999999999975,3.6849999999999454,4.975124989869073,1763190391171,1763190391388,,,,,,,,,,mid,11264,812,250,193,3
l3_short_window,SHORT_WINDOW,14.0,0.5,300,2,261,ok,,0,1,24.11520798341371,663,1,0.5379999999999967,3.4659999999998945,4.677082994021475,1763190403987,1763190404200,,,,,,,,,,mid,8865,894,233,224,2
l3_short_window,SHORT_WINDOW,14.0,0.5,300,2,262,ok,,0,1,26.487915980396792,663,1,0.6069999999999993,3.356999999999971,4.608292016200721,1763190413101,1763190413327,,,,,,,,,,mid,13567,638,207,158,1
l3_short_window,SHORT_WINDOW,14.0,0.5,300,2,263,ok,,0,1,25.47449999838136,663,1,0.5389999999999979,3.5910000000003492,4.738540999824181,1763190427870,1763190428085,,,,,,,,,,mid,11619,870,264,208,4
l3_short_window,SHORT_WINDOW,14.0,0.5,300,2,264,ok,,0,1,21.90995798446238,663,1,0.5169999999999959,3.548999999999978,4.892083001323044,1763190440044,1763190440257,,,,,,,,,,mid,11468,407,350,245,0
l3_short_window,SHORT_WINDOW,14.0,0.5,300,2,265,ok,,0,2,550.7640420109965,1326,2,2.5619999999999976,14.452999999999975,18.76470900606364,1763190452756,1763190453473,,,,,,,,,,mid,12575,741,350,276,3
l3_short_window,SHORT_WINDOW,14.0,0.5,300,2,266,ok,,0,1,26.706957985879853,663,1,0.588000000000001,3.580000000000382,4.598707979312167,1763190466462,1763190466679,,,,,,,,,,mid,10023,880,331,274,2
l3_short_window,SHORT_WINDOW,14.0,0.5,300,2,267,ok,,0,1,23.91716599231586,663,1,0.532,3.507999999999356,4.747999977553263,1763190477197,1763190477410,,,,,,,,,,mid,9829,596,242,180,0
l3_short_window,SHORT_WINDOW,14.0,0.5,300,2,268,ok,,0,1,22.684916999423876,663,1,0.5030000000000001,3.43100000000004,4.58045897539705,1763190487858,1763190488073,,,,,,,,,,mid,8926,415,237,274,0
l3_short_window,SHORT_WINDOW,14.0,0.5,300,2,269,ok,,0,1,24.313250003615394,663,1,0.5589999999999975,3.0599999999999454,4.235416010487825,1763190497954,1763190498168,,,,,,,,,,mid,11728,597,274,259,1
l3_short_window,SHORT_WINDOW,14.0,0.5,300,2,270,ok,,0,1,22.221374994842336,663,1,0.554000000000002,3.5010000000002037,4.5407500001601875,1763190510809,1763190511022,,,,,,,,,,mid,12898,753,208,181,3
l3_short_window,SHORT_WINDOW,14.0,0.5,300,2,271,ok,,0,1,27.380583982449025,663,1,0.5559999999999938,3.5300000000002,4.833834012970328,1763190524400,1763190524618,,,,,,,,,,mid,13114,492,232,186,2
l3_short_window,SHORT_WINDOW,14.0,0.5,300,2,272,ok,,0,1,25.042124994797632,663,1,0.5449999999999982,3.5070000000005166,4.788082995219156,1763190538438,1763190538652,,,,,,,,,,mid,12538,574,232,276,0
l3_short_window,SHORT_WINDOW,14.0,0.5,300,2,273,ok,,0,1,25.05133399972692,663,1,0.5670000000000002,3.7249999999994543,5.094291991554201,1763190552954,1763190553205,,,,,,,,,,mid,9026,633,317,246,2
l3_short_window,SHORT_WINDOW,14.0,0.5,300,2,274,ok,,0,3,1057.4958340148441,1989,3,3.2109999999999985,11.264000000000124,17.859332991065457,1763190562060,1763190563287,,,,,,,,,,mid,9086,723,324,229,1
l3_short_window,SHORT_WINDOW,14.0,0.5,300,2,275,ok,,0,1,25.141249992884696,663,1,0.5520000000000067,3.6609999999996035,4.798708978341892,1763190572188,1763190572413,,,,,,,,,,mid,12091,747,223,247,2
l3_short_window,SHORT_WINDOW,14.0,0.5,300,2,276,ok,,0,1,28.058083000360057,663,1,0.5760000000000041,3.673000000000229,4.982959013432264,1763190585330,1763190585548,,,,,,,,,,mid,10884,849,237,195,1
l3_short_window,SHORT_WINDOW,14.0,0.5,300,2,277,ok,,0,1,25.171832996420562,663,1,0.5859999999999985,3.507999999999356,4.69562501530163,1763190596990,1763190597216,,,,,,,,,,mid,13190,687,206,200,2
l3_short_window,SHORT_WINDOW,14.0,0.5,300,2,278,ok,,0,1,27.589709003223106,663,1,0.6329999999999956,3.7650000000003274,5.074166983831674,1763190611151,1763190611372,,,,,,,,,,mid,13571,613,298,273,0
l3_short_window,SHORT_WINDOW,14.0,0.5,300,2,279,ok,,0,1,26.76875001634471,663,1,0.5620000000000012,3.737999999999829,5.031874985434115,1763190625766,1763190625995,,,,,,,,,,mid,13393,637,325,186,1
l3_short_window,SHORT_WINDOW,14.0,0.5,300,2,280,ok,,0,1,24.71020899247378,663,1,0.5430000000000028,3.4789999999998145,4.786334000527859,1763190639899,1763190640111,,,,,,,,,,mid,13814,414,249,272,1
l3_short_window,SHORT_WINDOW,14.0,0.5,300,2,281,ok,,0,1,26.366166974185035,663,1,0.5470000000000077,3.455999999999676,4.648000001907349,1763190654454,1763190654667,,,,,,,,,,mid,10936,282,266,151,0
l3_short_window,SHORT_WINDOW,14.0,0.5,300,2,282,ok,,0,1,27.865333016961813,663,1,0.5939999999999976,3.7679999999995744,5.071125022368506,1763190666943,1763190667164,,,,,,,,,,mid,10927,791,270,189,2
l3_short_window,SHORT_WINDOW,14.0,0.5,300,2,283,ok,,0,1,21.86237499699928,663,1,0.5210000000000008,3.4440000000004147,4.674625000916421,1763190678362,1763190678579,,,,,,,,,,mid,12678,321,293,235,2
l3_short_window,SHORT_WINDOW,14.0,0.5,300,2,284,ok,,0,1,24.219000013545156,663,1,0.5380000000000038,3.4540000000001783,4.70849999692291,1763190692383,1763190692596,,,,,,,,,,mid,12302,724,334,227,1
l3_short_window,SHORT_WINDOW,14.0,0.5,300,2,285,ok,,0,1,26.077791990246624,663,1,0.5500000000000043,3.4390000000003056,4.586583003401756,1763190705684,1763190705904,,,,,,,,,,mid,10479,740,287,195,1
l3_short_window,SHORT_WINDOW,14.0,0.5,300,2,286,ok,,0,1,25.436166004510596,663,1,0.522000000000002,3.438999999999851,4.712666996056214,1763190716846,1763190717057,,,,,,,,,,mid,12038,470,304,190,2
l3_short_window,SHORT_WINDOW,14.0,0.5,300,2,287,ok,,0,1,24.45841598091647,663,1,0.5109999999999957,3.4729999999999563,4.473625012906268,1763190730145,1763190730349,,,,,,,,,,mid,12649,735,281,234,3
l3_short_window,SHORT_WINDOW,14.0,0.5,300,2,288,ok,,0,1,21.100542013300583,663,1,0.5039999999999978,3.474999999999909,4.744625010062009,1763190743575,1763190743763,,,,,,,,,,mid,13136,512,277,171,3
l3_short_window,SHORT_WINDOW,14.0,0.5,300,2,289,ok,,0,1,23.031832999549806,663,1,0.541999999999998,3.5850000000000364,4.798999987542629,1763190757961,1763190758204,,,,,,,,,,mid,9455,719,280,272,1
l3_short_window,SHORT_WINDOW,14.0,0.5,300,2,290,ok,,0,1,23.11845900840126,663,1,0.5380000000000003,3.450999999999567,4.618167004082352,1763190767973,1763190768229,,,,,,,,,,mid,13279,328,256,225,2
l3_short_window,SHORT_WINDOW,14.0,0.5,300,2,291,ok,,0,1,23.054416989907622,663,1,0.8700000000000045,3.003000000000611,3.765917004784569,1763190783230,1763190783447,,,,,,,,,,mid,11417,790,348,166,4
l3_short_window,SHORT_WINDOW,14.0,0.5,300,2,292,ok,,0,3,1044.7983340127394,1989,3,1.8900000000000077,8.018000000000029,10.205833008512855,1763190795170,1763190796405,,,,,,,,,,mid,11109,765,253,201,3
l3_short_window,SHORT_WINDOW,14.0,0.5,300,2,293,ok,,0,1,27.033749996917322,663,1,0.5439999999999969,3.543999999999869,4.641959007130936,1763190807102,1763190807324,,,,,,,,,,mid,10056,555,213,165,3
l3_short_window,SHORT_WINDOW,14.0,0.5,300,2,294,ok,,0,1,23.073584015946835,663,1,0.5209999999999972,3.555000000000291,4.581999994115904,1763190818002,1763190818252,,,,,,,,,,mid,13302,432,301,229,3
l3_short_window,SHORT_WINDOW,14.0,0.5,300,2,295,ok,,0,1,27.776500006439164,663,1,0.5839999999999996,3.5910000000003492,4.792041989276186,1763190832679,1763190832903,,,,,,,,,,mid,10717,885,303,238,1
l3_short_window,SHORT_WINDOW,14.0,0.5,300,2,296,ok,,0,1,24.603958998341113,663,1,0.5510000000000019,3.3590000000003783,4.321415995946154,1763190843766,1763190843952,,,,,,,,,,mid,11582,300,281,253,0
l3_short_window,SHORT_WINDOW,14.0,0.5,300,2,297,ok,,0,1,24.96066698222421,663,1,0.5220000000000056,3.49100000000044,4.795792017830536,1763190856355,1763190856567,,,,,,,,,,mid,13628,369,227,239,2
l3_short_window,SHORT_WINDOW,14.0,0.5,300,2,298,ok,,0,1,24.423958006082103,663,1,0.5250000000000021,3.492000000000189,4.720124998129904,1763190870942,1763190871155,,,,,,,,,,mid,11522,378,271,189,2
l3_short_window,SHORT_WINDOW,14.0,0.5,300,2,299,ok,,0,1,22.54937498946674,663,1,0.5860000000000021,3.6979999999998654,4.789041995536536,1763190883647,1763190883864,,,,,,,,,,mid,11881,584,230,188,2
l3_short_window,SHORT_WINDOW,14.0,0.5,300,2,300,ok,,0,1,24.99375000479631,663,1,0.5180000000000007,3.4710000000000036,4.816750006284565,1763190896627,1763190896851,,,,,,,,,,mid,14054,679,285,175,1
l3_short_window,SHORT_WINDOW,14.0,0.5,400,2,1,ok,,0,1,26.421292015584186,663,1,0.5439999999999969,3.5239999999994325,4.68120799632743,1763190911584,1763190911803,,,,,,,,,,mid,9707,668,246,175,2
l3_short_window,SHORT_WINDOW,14.0,0.5,400,2,2,ok,,0,1,23.67954098735936,663,1,0.5689999999999991,4.152999999999793,5.636624991893768,1763190922037,1763190922248,,,,,,,,,,mid,9405,467,347,266,2
l3_short_window,SHORT_WINDOW,14.0,0.5,400,2,3,ok,,0,1,20.525458006886765,663,1,0.4980000000000011,3.2510000000002037,4.389374982565641,1763190932785,1763190932987,,,,,,,,,,mid,13754,865,263,177,1
l3_short_window,SHORT_WINDOW,14.0,0.5,400,2,4,ok,,0,1,27.62016700580716,663,1,0.5739999999999981,3.506999999999607,4.782291012816131,1763190947129,1763190947332,,,,,,,,,,mid,10810,528,293,165,1
l3_short_window,SHORT_WINDOW,14.0,0.5,400,2,5,ok,,0,1,21.658541983924806,663,1,0.5150000000000006,3.3950000000004366,4.449792002560571,1763190959096,1763190959309,,,,,,,,,,mid,10866,666,214,272,0
l3_short_window,SHORT_WINDOW,14.0,0.5,400,2,6,ok,,0,1,24.55529198050499,663,1,0.5100000000000016,3.391000000000531,4.38720898819156,1763190970610,1763190970828,,,,,,,,,,mid,10949,392,212,266,0
l3_short_window,SHORT_WINDOW,14.0,0.5,400,2,7,ok,,0,1,24.475500016706064,663,1,0.5870000000000033,3.5960000000004584,4.52570800553076,1763190982713,1763190982933,,,,,,,,,,mid,12520,501,238,272,0
l3_short_window,SHORT_WINDOW,14.0,0.5,400,2,8,ok,,0,1,26.757165993331,663,1,0.5619999999999941,3.6089999999999236,4.9089170061051846,1763190996339,1763190996566,,,,,,,,,,mid,10313,641,310,221,2
l3_short_window,SHORT_WINDOW,14.0,0.5,400,2,9,ok,,0,1,22.69787498516962,663,1,0.541999999999998,3.731999999999971,4.986957996152341,1763191007682,1763191007904,,,,,,,,,,mid,10801,811,244,210,0
l3_short_window,SHORT_WINDOW,14.0,0.5,400,2,10,ok,,0,1,24.255583994090557,663,1,0.6189999999999962,3.7850000000003092,4.899999999906868,1763191019367,1763191019599,,,,,,,,,,mid,12956,743,260,249,1
l3_short_window,SHORT_WINDOW,14.0,0.5,400,2,11,ok,,0,1,27.42279102676548,663,1,0.6089999999999982,3.5219999999999345,4.536166990874335,1763191033298,1763191033517,,,,,,,,,,mid,13105,778,203,171,0
l3_short_window,SHORT_WINDOW,14.0,0.5,400,2,12,ok,,0,1,27.312165999319404,663,1,0.5609999999999964,3.525000000000091,4.8032079939730465,1763191047418,1763191047636,,,,,,,,,,mid,12607,770,260,237,2
l3_short_window,SHORT_WINDOW,14.0,0.5,400,2,13,ok,,0,1,25.249833008274436,663,1,0.5760000000000005,3.4549999999994725,4.602250002790242,1763191060739,1763191060954,,,,,,,,,,mid,10324,472,275,234,0
l3_short_window,SHORT_WINDOW,14.0,0.5,400,2,14,ok,,0,1,22.83675002399832,663,1,0.5240000000000045,3.5,4.489582992391661,1763191071934,1763191072141,,,,,,,,,,mid,9296,419,316,168,2
l3_short_window,SHORT_WINDOW,14.0,0.5,400,2,15,ok,,0,1,20.82487498410046,663,1,0.504999999999999,3.5299999999992906,4.832750011701137,1763191082422,1763191082631,,,,,,,,,,mid,13290,627,230,261,2
l3_short_window,SHORT_WINDOW,14.0,0.5,400,2,16,ok,,0,1,22.60275001754053,663,1,0.5370000000000026,3.544000000000324,4.860957997152582,1763191096604,1763191096816,,,,,,,,,,mid,13070,559,218,173,0
l3_short_window,SHORT_WINDOW,14.0,0.5,400,2,17,ok,,0,1,26.99887499329634,663,1,0.6669999999999945,3.266000000000531,4.448499996215105,1763191110617,1763191110835,,,,,,,,,,mid,11769,527,314,268,1
l3_short_window,SHORT_WINDOW,14.0,0.5,400,2,18,ok,,0,1,23.82687499630265,663,1,0.509999999999998,3.5239999999998872,4.778833012096584,1763191123350,1763191123562,,,,,,,,,,mid,10441,492,200,174,2
l3_short_window,SHORT_WINDOW,14.0,0.5,400,2,19,ok,,0,1,22.92354201199487,663,1,0.5109999999999957,3.425999999999931,4.574291000608355,1763191135098,1763191135321,,,,,,,,,,mid,12590,830,319,258,2
l3_short_window,SHORT_WINDOW,14.0,0.5,400,2,20,ok,,0,1,24.288291984703392,663,1,0.4920000000000009,3.5659999999998035,4.809249978279695,1763191148456,1763191148674,,,,,,,,,,mid,13776,627,305,195,4
l3_short_window,SHORT_WINDOW,14.0,0.5,400,2,21,ok,,0,1,21.380416001193225,663,1,0.5339999999999954,3.5010000000006585,4.681040998548269,1763191162880,1763191163095,,,,,,,,,,mid,11538,266,245,259,2
l3_short_window,SHORT_WINDOW,14.0,0.5,400,2,22,ok,,0,1,28.981540992390364,663,1,0.5870000000000033,3.644999999999982,4.908083006739616,1763191175724,1763191175942,,,,,,,,,,mid,10306,620,254,274,1
l3_short_window,SHORT_WINDOW,14.0,0.5,400,2,23,ok,,0,1,22.89862500037998,663,1,0.7779999999999987,3.3070000000002437,4.534500010777265,1763191187677,1763191187879,,,,,,,,,,mid,10423,785,247,196,4
l3_short_window,SHORT_WINDOW,14.0,0.5,400,2,24,ok,,0,2,538.9128749957308,1326,2,1.507000000000005,12.293999999999414,16.11920801224187,1763191198287,1763191199054,,,,,,,,,,mid,10051,533,256,214,2
l3_short_window,SHORT_WINDOW,14.0,0.5,400,2,25,ok,,0,1,24.57999999751337,663,1,0.5009999999999977,3.423999999999978,4.582749999826774,1763191209010,1763191209227,,,,,,,,,,mid,13211,308,292,214,3
l3_short_window,SHORT_WINDOW,14.0,0.5,400,2,26,ok,,0,1,24.165499984519556,663,1,0.5599999999999952,3.6709999999998217,4.939958016620949,1763191223482,1763191223695,,,,,,,,,,mid,13099,545,231,216,0
l3_short_window,SHORT_WINDOW,14.0,0.5,400,2,27,ok,,0,1,26.56091601238586,663,1,0.5140000000000029,3.4010000000002947,4.568917007418349,1763191237419,1763191237633,,,,,,,,,,mid,13372,449,334,265,2
l3_short_window,SHORT_WINDOW,14.0,0.5,400,2,28,ok,,0,1,20.836584008065984,663,1,0.5370000000000026,3.4609999999997854,4.548999975668266,1763191252234,1763191252452,,,,,,,,,,mid,13399,870,322,177,0
l3_short_window,SHORT_WINDOW,14.0,0.5,400,2,29,ok,,0,1,25.87883299565874,663,1,0.5310000000000024,3.4279999999998836,4.618000006303191,1763191266042,1763191266241,,,,,,,,,,mid,11201,354,259,213,1
l3_short_window,SHORT_WINDOW,14.0,0.5,400,2,30,ok,,0,1,23.917417012853548,663,1,0.4939999999999998,3.3489999999997053,4.513958003371954,1763191278431,1763191278625,,,,,,,,,,mid,11369,501,223,238,0
l3_short_window,SHORT_WINDOW,14.0,0.5,400,2,31,ok,,0,1,24.71658299327828,663,1,0.5800000000000054,3.6950000000001637,4.9905409978237,1763191291157,1763191291380,,,,,,,,,,mid,11735,867,315,159,1
l3_short_window,SHORT_WINDOW,14.0,0.5,400,2,32,ok,,0,1,25.231834006262943,663,1,0.5129999999999981,3.467999999999847,4.665457992814481,1763191303826,1763191304039,,,,,,,,,,mid,9920,796,316,187,0
l3_short_window,SHORT_WINDOW,14.0,0.5,400,2,33,ok,,0,1,24.437291984213516,663,1,0.5140000000000029,3.4929999999994834,4.27091697929427,1763191314453,1763191314664,,,,,,,,,,mid,12082,554,218,216,2
l3_short_window,SHORT_WINDOW,14.0,0.5,400,2,34,ok,,0,1,22.04533401527442,663,1,0.5190000000000019,3.3740000000007058,4.646124987630174,1763191327617,1763191327828,,,,,,,,,,mid,13196,688,344,178,3
l3_short_window,SHORT_WINDOW,14.0,0.5,400,2,35,ok,,0,1,25.147375010419637,663,1,0.5510000000000019,3.449999999999818,4.438624979229644,1763191341967,1763191342176,,,,,,,,,,mid,10106,832,255,268,2
l3_short_window,SHORT_WINDOW,14.0,0.5,400,2,36,ok,,0,1,23.83150000241585,663,1,0.5380000000000003,3.326000000000022,4.322291992139071,1763191352732,1763191352932,,,,,,,,,,mid,9804,505,325,236,1
l3_short_window,SHORT_WINDOW,14.0,0.5,400,2,37,ok,,0,1,29.765000013867393,663,1,0.5529999999999973,3.5529999999998836,4.775583016453311,1763191363832,1763191364044,,,,,,,,,,mid,12592,794,271,176,2
l3_short_window,SHORT_WINDOW,14.0,0.5,400,2,38,ok,,0,1,24.42766699823551,663,1,0.5489999999999995,3.699000000000524,4.884334019152448,1763191377161,1763191377389,,,,,,,,,,mid,10898,592,221,259,1
l3_short_window,SHORT_WINDOW,14.0,0.5,400,2,39,ok,,0,1,23.800790979294106,663,1,0.5350000000000037,3.2849999999998545,4.473333014175296,1763191388705,1763191388890,,,,,,,,,,mid,12199,280,325,245,1
l3_short_window,SHORT_WINDOW,14.0,0.5,400,2,40,ok,,0,1,26.74162501352839,663,1,0.5500000000000007,3.572000000000571,4.87354100914672,1763191402070,1763191402290,,,,,,,,,,mid,11464,482,255,167,1
l3_short_window,SHORT_WINDOW,14.0,0.5,400,2,41,ok,,0,1,22.615166992181912,663,1,0.5820000000000007,3.7200000000002547,4.794958978891373,1763191414939,1763191415172,,,,,,,,,,mid,10698,819,299,170,1
l3_short_window,SHORT_WINDOW,14.0,0.5,400,2,42,ok,,0,1,25.314125028671697,663,1,0.5929999999999964,3.674999999999727,4.839875007746741,1763191426676,1763191426899,,,,,,,,,,mid,11193,832,282,189,1
l3_short_window,SHORT_WINDOW,14.0,0.5,400,2,43,ok,,0,1,25.304916984168813,663,1,0.5010000000000012,3.50899999999956,4.668000008678064,1763191438632,1763191438839,,,,,,,,,,mid,9145,671,345,214,1
l3_short_window,SHORT_WINDOW,14.0,0.5,400,2,44,ok,,0,1,21.512000006623566,663,1,0.5439999999999969,4.975999999999658,5.799415986984968,1763191448926,1763191449142,,,,,,,,,,mid,11577,785,340,263,2
l3_short_window,SHORT_WINDOW,14.0,0.5,400,2,45,ok,,0,1,25.44795797439292,663,1,0.8140000000000001,3.7590000000000146,5.139209009939805,1763191461114,1763191461328,,,,,,,,,,mid,11032,494,273,232,3
l3_short_window,SHORT_WINDOW,14.0,0.5,400,2,46,ok,,0,1,22.325833997456357,663,1,0.5489999999999995,3.4859999999998763,4.784249991644174,1763191473361,1763191473581,,,,,,,,,,mid,9877,710,231,234,0
l3_short_window,SHORT_WINDOW,14.0,0.5,400,2,47,ok,,0,1,22.756624995963648,663,1,0.8319999999999865,3.6719999999995707,5.055249988799915,1763191484147,1763191484384,,,,,,,,,,mid,12667,603,243,268,1
l3_short_window,SHORT_WINDOW,14.0,0.5,400,2,48,ok,,0,1,22.188416012795642,663,1,0.6489999999999938,3.143000000000029,4.423749982379377,1763191498339,1763191498615,,,,,,,,,,mid,11699,644,221,272,5
l3_short_window,SHORT_WINDOW,14.0,0.5,400,2,49,ok,,0,1,24.31245899060741,663,1,0.5510000000000019,3.505999999999858,4.713790985988453,1763191510563,1763191510773,,,,,,,,,,mid,9598,874,268,227,0
l3_short_window,SHORT_WINDOW,14.0,0.5,400,2,50,ok,,0,1,25.068458984605968,663,1,0.5030000000000037,3.51299999999992,4.812375002074987,1763191521129,1763191521340,,,,,,,,,,mid,9936,882,284,179,2
l3_short_window,SHORT_WINDOW,14.0,0.5,400,2,51,ok,,0,1,23.07508300873451,663,1,0.4960000000000022,3.3539999999998145,4.474749992368743,1763191531428,1763191531635,,,,,,,,,,mid,11982,293,235,170,3
l3_short_window,SHORT_WINDOW,14.0,0.5,400,2,52,ok,,0,1,22.334042005240917,663,1,0.6309999999999967,3.6720000000000255,4.697249998571351,1763191544599,1763191544814,,,,,,,,,,mid,11108,501,245,247,1
l3_short_window,SHORT_WINDOW,14.0,0.5,400,2,53,ok,,0,1,26.415125001221895,663,1,0.5840000000000032,3.9619999999995343,5.2164999942760915,1763191557021,1763191557283,,,,,,,,,,mid,12202,291,340,195,2
l3_short_window,SHORT_WINDOW,14.0,0.5,400,2,54,ok,,0,1,22.182083019288257,663,1,0.7679999999999936,3.324000000000524,4.690249974373728,1763191570365,1763191570587,,,,,,,,,,mid,9797,641,258,237,2
l3_short_window,SHORT_WINDOW,14.0,0.5,400,2,55,ok,,0,1,22.06233300967142,663,1,0.6029999999999944,3.1709999999998217,4.327083006501198,1763191580338,1763191580541,,,,,,,,,,mid,11658,391,241,190,2
l3_short_window,SHORT_WINDOW,14.0,0.5,400,2,56,ok,,0,1,25.155332987196743,663,1,0.5089999999999968,3.394000000000233,4.501458024606109,1763191592815,1763191593021,,,,,,,,,,mid,12655,277,204,246,0
l3_short_window,SHORT_WINDOW,14.0,0.5,400,2,57,ok,,0,1,26.297542004613206,663,1,0.5210000000000043,3.5590000000001965,4.801000002771616,1763191606612,1763191606821,,,,,,,,,,mid,11343,417,212,194,1
l3_short_window,SHORT_WINDOW,14.0,0.5,400,2,58,ok,,0,1,25.11958297691308,663,1,0.5399999999999956,3.5080000000002656,4.8256670124828815,1763191619227,1763191619437,,,,,,,,,,mid,10274,685,333,208,0
l3_short_window,SHORT_WINDOW,14.0,0.5,400,2,59,ok,,0,1,24.77158297551796,663,1,1.139000000000003,3.336999999999989,4.4151249749120325,1763191630300,1763191630515,,,,,,,,,,mid,12622,584,301,166,3
l3_short_window,SHORT_WINDOW,14.0,0.5,400,2,60,ok,,0,1,25.10829098173417,663,1,0.5319999999999965,3.562999999999647,4.732540983241051,1763191643996,1763191644209,,,,,,,,,,mid,12235,669,301,267,2
l3_short_window,SHORT_WINDOW,14.0,0.5,400,2,61,ok,,0,1,23.620084015419707,663,1,0.5150000000000006,4.037999999999556,5.186291004065424,1763191657298,1763191657515,,,,,,,,,,mid,13821,791,335,208,1
l3_short_window,SHORT_WINDOW,14.0,0.5,400,2,62,ok,,0,1,22.473165998235345,663,1,0.5129999999999981,3.516000000000531,4.805042000953108,1763191671977,1763191672192,,,,,,,,,,mid,10815,746,339,197,0
l3_short_window,SHORT_WINDOW,14.0,0.5,400,2,63,ok,,0,1,22.685624979203567,663,1,0.5380000000000003,3.4590000000002874,4.651999974157661,1763191683432,1763191683639,,,,,,,,,,mid,12042,485,252,166,2
l3_short_window,SHORT_WINDOW,14.0,0.5,400,2,64,ok,,0,1,23.35233398480341,663,1,0.5110000000000028,3.451999999999771,4.510291997576132,1763191696563,1763191696765,,,,,,,,,,mid,12615,561,338,248,2
l3_short_window,SHORT_WINDOW,14.0,0.5,400,2,65,ok,,0,1,21.438749972730875,663,1,0.6920000000000037,3.13799999999992,4.158333002123982,1763191710445,1763191710657,,,,,,,,,,mid,10625,885,214,223,0
l3_short_window,SHORT_WINDOW,14.0,0.5,400,2,66,ok,,0,1,23.732292000204325,663,1,0.5029999999999966,3.5169999999993706,4.790791979758069,1763191721867,1763191722084,,,,,,,,,,mid,8841,698,317,236,1
l3_short_window,SHORT_WINDOW,14.0,0.5,400,2,67,ok,,0,1,23.09654199052602,663,1,0.5619999999999976,3.525000000000091,4.725292004877701,1763191731416,1763191731627,,,,,,,,,,mid,9322,501,342,254,0
l3_short_window,SHORT_WINDOW,14.0,0.5,400,2,68,ok,,0,1,22.94670802075416,663,1,0.6159999999999926,3.505000000000564,4.460666998056695,1763191741569,1763191741771,,,,,,,,,,mid,11522,368,244,208,2
l3_short_window,SHORT_WINDOW,14.0,0.5,400,2,69,ok,,0,1,24.621874996228144,663,1,0.5389999999999979,3.5900000000001455,4.582666006172076,1763191754443,1763191754673,,,,,,,,,,mid,12922,694,349,264,2
l3_short_window,SHORT_WINDOW,14.0,0.5,400,2,70,ok,,0,1,21.474334003869444,663,1,0.7530000000000037,3.438999999999396,4.804791999049485,1763191768230,1763191768435,,,,,,,,,,mid,12657,739,285,204,0
l3_short_window,SHORT_WINDOW,14.0,0.5,400,2,71,ok,,0,1,25.787416991079226,663,1,0.539000000000005,3.5210000000001855,4.705415980424732,1763191781808,1763191782025,,,,,,,,,,mid,12352,692,296,271,1
l3_short_window,SHORT_WINDOW,14.0,0.5,400,2,72,ok,,0,1,21.330208983272314,663,1,0.48499999999999943,3.617000000000189,4.862917005084455,1763191794972,1763191795184,,,,,,,,,,mid,11569,665,210,233,3
l3_short_window,SHORT_WINDOW,14.0,0.5,400,2,73,ok,,0,1,23.142291989643127,663,1,0.5369999999999955,3.4280000000003383,4.651000024750829,1763191807203,1763191807405,,,,,,,,,,mid,13571,338,334,214,0
l3_short_window,SHORT_WINDOW,14.0,0.5,400,2,74,ok,,0,1,23.65391599596478,663,1,0.517000000000003,3.378000000000611,4.59075000253506,1763191821751,1763191821956,,,,,,,,,,mid,13532,397,313,223,4
l3_short_window,SHORT_WINDOW,14.0,0.5,400,2,75,ok,,0,1,25.59287499752827,663,1,0.5519999999999925,3.5400000000004184,4.786750010680407,1763191836569,1763191836784,,,,,,,,,,mid,11375,739,202,226,1
l3_short_window,SHORT_WINDOW,14.0,0.5,400,2,76,ok,,0,2,544.0609169891104,1326,2,1.5180000000000078,14.967999999999847,19.037416990613565,1763191849183,1763191849891,,,,,,,,,,mid,10910,701,344,203,2
l3_short_window,SHORT_WINDOW,14.0,0.5,400,2,77,ok,,0,3,1049.16625097394,1989,3,2.0379999999999967,12.717000000000553,16.85283298138529,1763191860643,1763191861856,,,,,,,,,,mid,9329,782,225,190,1
l3_short_window,SHORT_WINDOW,14.0,0.5,400,2,78,ok,,0,1,22.265792009420693,663,1,0.48999999999999844,3.618000000000393,4.771207983139902,1763191870646,1763191870859,,,,,,,,,,mid,14041,503,302,228,2
l3_short_window,SHORT_WINDOW,14.0,0.5,400,2,79,ok,,0,1,21.731332992203534,663,1,0.5149999999999935,3.423999999999978,4.619958985131234,1763191885975,1763191886190,,,,,,,,,,mid,11095,871,293,276,2
l3_short_window,SHORT_WINDOW,14.0,0.5,400,2,80,ok,,0,1,21.127249987330288,663,1,0.5409999999999968,3.6580000000003565,4.965542000718415,1763191898049,1763191898249,,,,,,,,,,mid,9311,856,202,151,0
l3_short_window,SHORT_WINDOW,14.0,0.5,400,2,81,ok,,0,1,23.545667005237192,663,1,0.600999999999992,3.5989999999992506,4.627417016308755,1763191908030,1763191908263,,,,,,,,,,mid,12107,605,320,245,1
l3_short_window,SHORT_WINDOW,14.0,0.5,400,2,82,ok,,0,1,24.258000019472092,663,1,0.4989999999999988,3.5419999999994616,4.855167004279792,1763191921394,1763191921609,,,,,,,,,,mid,12434,825,276,233,2
l3_short_window,SHORT_WINDOW,14.0,0.5,400,2,83,ok,,0,1,24.329749983735383,663,1,0.5450000000000053,3.584000000000742,4.793833999428898,1763191934859,1763191935081,,,,,,,,,,mid,8874,896,236,194,0
l3_short_window,SHORT_WINDOW,14.0,0.5,400,2,84,ok,,0,1,22.875457972986624,663,1,0.546999999999997,3.4580000000005384,4.479875002289191,1763191944220,1763191944433,,,,,,,,,,mid,9310,442,208,230,3
l3_short_window,SHORT_WINDOW,14.0,0.5,400,2,85,ok,,0,1,21.649125003023073,663,1,0.5989999999999895,2.92699999999968,3.8736669812351465,1763191954427,1763191954637,,,,,,,,,,mid,10429,373,346,237,3
l3_short_window,SHORT_WINDOW,14.0,0.5,400,2,86,ok,,0,1,23.37866701418534,663,1,0.5209999999999937,3.481999999999971,4.551666992483661,1763191966346,1763191966559,,,,,,,,,,mid,13769,892,265,212,4
l3_short_window,SHORT_WINDOW,14.0,0.5,400,2,87,ok,,0,1,22.503959015011787,663,1,0.5500000000000043,3.2849999999998545,4.479999974137172,1763191980280,1763191980467,,,,,,,,,,mid,12738,303,322,167,1
l3_short_window,SHORT_WINDOW,14.0,0.5,400,2,88,ok,,0,1,30.58941598283127,663,1,0.5579999999999963,3.7180000000007567,4.98029199661687,1763191994451,1763191994680,,,,,,,,,,mid,12574,748,243,161,0
l3_short_window,SHORT_WINDOW,14.0,0.5,400,2,89,ok,,0,1,25.212707987520844,663,1,0.5480000000000018,3.5620000000008076,4.491290979785845,1763192008101,1763192008325,,,,,,,,,,mid,11682,833,253,204,3
l3_short_window,SHORT_WINDOW,14.0,0.5,400,2,90,ok,,0,1,24.90741599467583,663,1,0.9359999999999928,3.8190000000004147,5.104457988636568,1763192020468,1763192020693,,,,,,,,,,mid,12067,499,305,231,1
l3_short_window,SHORT_WINDOW,14.0,0.5,400,2,91,ok,,0,1,21.832541999174282,663,1,0.6509999999999962,3.277000000000953,4.45337500423193,1763192033482,1763192033693,,,,,,,,,,mid,10632,628,342,179,3
l3_short_window,SHORT_WINDOW,14.0,0.5,400,2,92,ok,,0,1,21.68050000909716,663,1,0.5499999999999936,3.40099999999984,4.347999987658113,1763192044786,1763192044994,,,,,,,,,,mid,11877,283,255,187,2
l3_short_window,SHORT_WINDOW,14.0,0.5,400,2,93,ok,,0,1,23.94012501463294,663,1,0.8160000000000025,3.6400000000003274,4.464917001314461,1763192057912,1763192058129,,,,,,,,,,mid,10233,743,218,161,1
l3_short_window,SHORT_WINDOW,14.0,0.5,400,2,94,ok,,0,1,25.747125007910654,663,1,0.5229999999999961,4.037000000000262,5.104916985146701,1763192068660,1763192068934,,,,,,,,,,mid,11314,300,220,248,4
l3_short_window,SHORT_WINDOW,14.0,0.5,400,2,95,ok,,0,1,24.232208001194522,663,1,0.730000000000004,3.600999999999658,5.040833988459781,1763192081454,1763192081675,,,,,,,,,,mid,9813,671,331,263,0
l3_short_window,SHORT_WINDOW,14.0,0.5,400,2,96,ok,,0,1,23.101874976418912,663,1,0.7489999999999952,3.6179999999994834,4.465707985218614,1763192091893,1763192092134,,,,,,,,,,mid,12279,419,202,156,1
l3_short_window,SHORT_WINDOW,14.0,0.5,400,2,97,ok,,0,1,22.734333004336804,663,1,0.8529999999999944,3.7349999999996726,5.007667001336813,1763192105846,1763192106091,,,,,,,,,,mid,10406,626,242,153,1
l3_short_window,SHORT_WINDOW,14.0,0.5,400,2,98,ok,,0,1,22.25395798450336,663,1,0.7289999999999992,3.8020000000005894,4.633667005691677,1763192117063,1763192117284,,,,,,,,,,mid,13661,866,226,279,2
l3_short_window,SHORT_WINDOW,14.0,0.5,400,2,99,ok,,0,1,22.625291981967166,663,1,0.7419999999999902,4.289999999999964,5.320125026628375,1763192130917,1763192131146,,,,,,,,,,mid,9069,286,266,239,2
l3_short_window,SHORT_WINDOW,14.0,0.5,400,2,100,ok,,0,1,25.103624997427687,663,1,1.031000000000006,3.6340000000000146,5.114999978104606,1763192141426,1763192141644,,,,,,,,,,mid,9234,705,332,251,0
l3_short_window,SHORT_WINDOW,14.0,0.5,400,2,101,ok,,0,1,21.688957989681512,663,1,0.7170000000000059,4.916000000000167,5.601208016742021,1763192151617,1763192151868,,,,,,,,,,mid,11870,361,262,173,0
l3_short_window,SHORT_WINDOW,14.0,0.5,400,2,102,ok,,0,1,24.613333021989092,663,1,0.8570000000000064,4.514999999999418,5.757791019277647,1763192164644,1763192164874,,,,,,,,,,mid,10250,453,263,179,1
l3_short_window,SHORT_WINDOW,14.0,0.5,400,2,103,ok,,0,1,25.820667011430487,663,1,0.8179999999999978,5.027000000000044,5.797916994197294,1763192175961,1763192176189,,,,,,,,,,mid,13128,390,303,219,0
l3_short_window,SHORT_WINDOW,14.0,0.5,400,2,104,ok,,0,1,24.042208009632304,663,1,0.5260000000000034,3.543000000000575,4.824833013117313,1763192190387,1763192190608,,,,,,,,,,mid,9393,669,288,251,1
l3_short_window,SHORT_WINDOW,14.0,0.5,400,2,105,ok,,0,1,22.91545900516212,663,1,1.1629999999999967,3.9780000000000655,5.08141700993292,1763192200408,1763192200635,,,,,,,,,,mid,13540,277,266,270,1
l3_short_window,SHORT_WINDOW,14.0,0.5,400,2,106,ok,,0,1,23.081416002241895,663,1,0.6859999999999999,4.429000000000087,5.9038749895989895,1763192215349,1763192215575,,,,,,,,,,mid,13519,745,334,153,3
l3_short_window,SHORT_WINDOW,14.0,0.5,400,2,107,ok,,0,1,24.970833997940645,663,1,0.8340000000000032,3.717999999999847,5.191708012716845,1763192229517,1763192229736,,,,,,,,,,mid,9296,288,224,240,1
l3_short_window,SHORT_WINDOW,14.0,0.5,400,2,108,ok,,0,1,19.600166007876396,663,1,0.7050000000000054,3.5299999999997453,4.6007919881958514,1763192240148,1763192240398,,,,,,,,,,mid,10288,630,342,191,1
l3_short_window,SHORT_WINDOW,14.0,0.5,400,2,109,ok,,0,1,28.64920801948756,663,1,0.8310000000000031,5.21599999999944,6.896083010360599,1763192251544,1763192251780,,,,,,,,,,mid,11488,772,244,270,2
l3_short_window,SHORT_WINDOW,14.0,0.5,400,2,110,ok,,0,1,19.769500009715557,663,1,0.527000000000001,3.563999999999396,4.756874986924231,1763192263570,1763192263791,,,,,,,,,,mid,11138,357,266,233,1
l3_short_window,SHORT_WINDOW,14.0,0.5,400,2,111,ok,,0,1,24.088666978059337,663,1,0.8369999999999962,3.6369999999997162,5.0322920142207295,1763192275864,1763192276092,,,,,,,,,,mid,13183,551,295,219,1
l3_short_window,SHORT_WINDOW,14.0,0.5,400,2,112,ok,,0,1,24.729124997975305,663,1,0.5189999999999984,4.0090000000000146,5.379625014029443,1763192290410,1763192290631,,,,,,,,,,mid,11948,895,319,190,2
l3_short_window,SHORT_WINDOW,14.0,0.5,400,2,113,ok,,0,1,26.588707987684757,663,1,0.8619999999999948,3.7200000000002547,5.184625013498589,1763192302787,1763192303021,,,,,,,,,,mid,8765,266,266,242,3
l3_short_window,SHORT_WINDOW,14.0,0.5,400,2,114,ok,,0,1,21.6658340068534,663,1,0.8020000000000067,3.7330000000001746,5.039208015659824,1763192312772,1763192312995,,,,,,,,,,mid,11620,519,300,177,1
l3_short_window,SHORT_WINDOW,14.0,0.5,400,2,115,ok,,0,1,24.78395900106989,663,1,0.8680000000000021,4.0349999999998545,5.078874994069338,1763192325796,1763192326045,,,,,,,,,,mid,11675,846,293,172,1
l3_short_window,SHORT_WINDOW,14.0,0.5,400,2,116,ok,,0,1,28.77912498661317,663,1,0.8999999999999986,4.03899999999976,5.191291013034061,1763192338332,1763192338584,,,,,,,,,,mid,11541,734,319,221,1
l3_short_window,SHORT_WINDOW,14.0,0.5,400,2,117,ok,,0,1,25.680166989332065,663,1,0.7319999999999993,4.902000000000044,6.123375002061948,1763192350418,1763192350655,,,,,,,,,,mid,11960,454,215,224,1
l3_short_window,SHORT_WINDOW,14.0,0.5,400,2,118,ok,,0,1,25.017375010065734,663,1,0.9610000000000056,4.016999999999825,5.095874977996573,1763192363559,1763192363787,,,,,,,,,,mid,12303,603,277,212,4
l3_short_window,SHORT_WINDOW,14.0,0.5,400,2,119,ok,,0,1,41.219042002921924,663,1,12.875999999999998,4.101999999999862,5.288417014526203,1763192377179,1763192377420,,,,,,,,,,mid,12527,870,222,210,4
l3_short_window,SHORT_WINDOW,14.0,0.5,400,2,120,ok,,0,1,26.161417015828192,663,1,0.544000000000004,5.644000000000233,7.057000009808689,1763192390435,1763192390662,,,,,,,,,,mid,13544,548,226,221,1
l3_short_window,SHORT_WINDOW,14.0,0.5,400,2,121,ok,,0,1,25.468917010584846,663,1,0.8060000000000045,3.994999999999891,5.095083004562184,1763192404945,1763192405173,,,,,,,,,,mid,10778,480,313,162,2
l3_short_window,SHORT_WINDOW,14.0,0.5,400,2,122,ok,,0,1,29.714584001339972,663,1,1.203999999999997,4.442000000000007,5.758666986366734,1763192416959,1763192417173,,,,,,,,,,mid,10781,899,252,205,2
l3_short_window,SHORT_WINDOW,14.0,0.5,400,2,123,ok,,0,1,23.29541600192897,663,1,0.5249999999999986,3.6239999999997963,4.6616659965366125,1763192428345,1763192428567,,,,,,,,,,mid,9621,590,317,200,0
l3_short_window,SHORT_WINDOW,14.0,0.5,400,2,124,ok,,0,1,22.815542004536837,663,1,0.6260000000000048,4.048999999999978,5.448250012705103,1763192439131,1763192439351,,,,,,,,,,mid,12433,750,248,225,2
l3_short_window,SHORT_WINDOW,14.0,0.5,400,2,125,ok,,0,1,21.233791980193928,663,1,0.7349999999999923,3.6409999999996217,5.008957989048213,1763192452362,1763192452567,,,,,,,,,,mid,13417,583,324,176,2
l3_short_window,SHORT_WINDOW,14.0,0.5,400,2,126,ok,,0,1,24.631707987282425,663,1,0.5280000000000022,3.5370000000011714,4.623582994099706,1763192466668,1763192466884,,,,,,,,,,mid,9520,461,255,232,1
l3_short_window,SHORT_WINDOW,14.0,0.5,400,2,127,ok,,0,1,24.788042006548494,663,1,0.5319999999999965,3.548999999999978,4.542417009361088,1763192477564,1763192477782,,,,,,,,,,mid,9054,847,261,274,2
l3_short_window,SHORT_WINDOW,14.0,0.5,400,2,128,ok,,0,1,25.116125005297363,663,1,0.534000000000006,3.57300000000032,4.901500011328608,1763192487215,1763192487436,,,,,,,,,,mid,10769,528,218,162,3
l3_short_window,SHORT_WINDOW,14.0,0.5,400,2,129,ok,,0,1,21.499541006051004,663,1,0.522000000000002,3.5310000000008586,4.784625023603439,1763192498827,1763192499081,,,,,,,,,,mid,12273,433,347,210,6
l3_short_window,SHORT_WINDOW,14.0,0.5,400,2,130,ok,,0,1,23.24295899597928,663,1,0.5900000000000034,3.445999999999003,4.762208991451189,1763192512403,1763192512608,,,,,,,,,,mid,9824,752,248,159,0
l3_short_window,SHORT_WINDOW,14.0,0.5,400,2,131,ok,,0,1,21.79141601664014,663,1,0.5439999999999969,3.4239999999990687,4.3706670112442225,1763192522932,1763192523141,,,,,,,,,,mid,11146,540,264,205,2
l3_short_window,SHORT_WINDOW,14.0,0.5,400,2,132,ok,,0,1,24.166750023141503,663,1,0.5299999999999976,3.4439999999985957,4.76270797662437,1763192534888,1763192535080,,,,,,,,,,mid,9306,356,302,200,3
l3_short_window,SHORT_WINDOW,14.0,0.5,400,2,133,ok,,0,1,25.785874982830137,663,1,0.7310000000000016,3.6210000000000946,4.846708994591609,1763192545402,1763192545615,,,,,,,,,,mid,13027,536,212,275,1
l3_short_window,SHORT_WINDOW,14.0,0.5,400,2,134,ok,,0,1,23.645083012524992,663,1,0.544000000000004,3.561999999999898,4.769041988765821,1763192559641,1763192559858,,,,,,,,,,mid,11575,817,305,168,4
l3_short_window,SHORT_WINDOW,14.0,0.5,400,2,135,ok,,0,1,26.880000019446015,663,1,0.6850000000000023,3.8070000000006985,4.800499998964369,1763192572108,1763192572366,,,,,,,,,,mid,12455,265,311,201,0
l3_short_window,SHORT_WINDOW,14.0,0.5,400,2,136,ok,,0,1,20.417624997207895,663,1,0.48999999999999844,3.3919999999998254,4.698083008406684,1763192586047,1763192586252,,,,,,,,,,mid,12048,288,342,252,1
l3_short_window,SHORT_WINDOW,14.0,0.5,400,2,137,ok,,0,1,20.114999992074445,663,1,0.5009999999999941,3.5729999999994106,4.806500015547499,1763192598482,1763192598695,,,,,,,,,,mid,10908,784,269,170,0
l3_short_window,SHORT_WINDOW,14.0,0.5,400,2,138,ok,,0,1,22.074875014368445,663,1,0.5169999999999995,3.2969999999995707,4.539249988738447,1763192609941,1763192610141,,,,,,,,,,mid,10649,405,324,263,1
l3_short_window,SHORT_WINDOW,14.0,0.5,400,2,139,ok,,0,1,27.055209007812664,663,1,0.5309999999999988,3.451000000000022,4.812041006516665,1763192621838,1763192622052,,,,,,,,,,mid,12713,573,201,171,3
l3_short_window,SHORT_WINDOW,14.0,0.5,400,2,140,ok,,0,1,26.0715420008637,663,1,0.5489999999999995,3.9200000000000728,5.294667003909126,1763192635836,1763192636056,,,,,,,,,,mid,13117,893,211,251,1
l3_short_window,SHORT_WINDOW,14.0,0.5,400,2,141,ok,,0,1,24.373124993871897,663,1,0.48900000000000077,3.3820000000005166,4.797542002052069,1763192649349,1763192649549,,,,,,,,,,mid,10302,367,293,174,3
l3_short_window,SHORT_WINDOW,14.0,0.5,400,2,142,ok,,0,1,24.27729099872522,663,1,0.5080000000000027,3.457999999999629,4.718042007880285,1763192660600,1763192660815,,,,,,,,,,mid,10764,428,209,162,1
l3_short_window,SHORT_WINDOW,14.0,0.5,400,2,143,ok,,0,1,25.17704199999571,663,1,0.5700000000000003,3.5140000000001237,4.5780420186929405,1763192672367,1763192672582,,,,,,,,,,mid,11556,638,334,223,1
l3_short_window,SHORT_WINDOW,14.0,0.5,400,2,144,ok,,0,1,20.53329101181589,663,1,0.49500000000000455,3.4979999999995925,4.791999992448837,1763192684799,1763192685015,,,,,,,,,,mid,13601,548,268,274,0
l3_short_window,SHORT_WINDOW,14.0,0.5,400,2,145,ok,,0,1,21.190958010265604,663,1,0.7269999999999968,4.291999999999462,5.703583010472357,1763192699809,1763192700018,,,,,,,,,,mid,12927,861,264,260,2
l3_short_window,SHORT_WINDOW,14.0,0.5,400,2,146,ok,,0,1,25.17566698952578,663,1,0.5100000000000051,3.5540000000000873,4.943749983794987,1763192713520,1763192713736,,,,,,,,,,mid,12203,654,294,170,2
l3_short_window,SHORT_WINDOW,14.0,0.5,400,2,147,failed,wait_access_response,0,3,516.5129580127541,516,3,13.460999999999991,0.0,0.0,1763192727825,,,,,,,,,,,mid,9508,809,236,273,2
l3_short_window,SHORT_WINDOW,14.0,0.5,400,2,148,ok,,0,1,24.467917013680562,663,1,0.6089999999999947,3.588999999999942,4.832000005990267,1763192736902,1763192737125,,,,,,,,,,mid,12683,542,240,245,2
l3_short_window,SHORT_WINDOW,14.0,0.5,400,2,149,ok,,0,1,25.711082998896018,663,1,0.5300000000000047,3.632999999999811,5.027833016356453,1763192750230,1763192750441,,,,,,,,,,mid,10146,260,206,183,1
l3_short_window,SHORT_WINDOW,14.0,0.5,400,2,150,ok,,0,1,23.856833024183288,663,1,0.7989999999999995,4.490000000000691,5.181292013730854,1763192761463,1763192761701,,,,,,,,,,mid,13780,401,205,197,2
l3_short_window,SHORT_WINDOW,14.0,0.5,400,2,151,ok,,0,1,23.031415999867022,663,1,0.8689999999999927,4.501999999999498,6.068291986593977,1763192776667,1763192776913,,,,,,,,,,mid,10216,801,268,155,3
l3_short_window,SHORT_WINDOW,14.0,0.5,400,2,152,ok,,0,1,22.913958004210144,663,1,0.5539999999999949,3.4840000000003783,4.393250012071803,1763192787253,1763192787468,,,,,,,,,,mid,10517,443,303,238,1
l3_short_window,SHORT_WINDOW,14.0,0.5,400,2,153,ok,,0,1,21.970458008581772,663,1,0.7199999999999918,4.096000000000458,5.273207993013784,1763192798891,1763192799142,,,,,,,,,,mid,10689,512,297,279,2
l3_short_window,SHORT_WINDOW,14.0,0.5,400,2,154,ok,,0,1,22.249916015425697,663,1,0.777000000000001,4.137000000000626,5.677874985849485,1763192811246,1763192811474,,,,,,,,,,mid,10413,705,302,197,1
l3_short_window,SHORT_WINDOW,14.0,0.5,400,2,155,ok,,0,1,24.77554199867882,663,1,0.5509999999999984,3.5150000000003274,4.800374998012558,1763192822257,1763192822468,,,,,,,,,,mid,9266,801,289,179,0
l3_short_window,SHORT_WINDOW,14.0,0.5,400,2,156,ok,,0,1,23.837207991164178,663,1,0.5480000000000018,3.496999999999389,4.720500000985339,1763192832501,1763192832719,,,,,,,,,,mid,11098,791,311,233,0
l3_short_window,SHORT_WINDOW,14.0,0.5,400,2,157,ok,,0,1,18.201790982857347,663,1,0.5039999999999978,3.3200000000006185,4.395416006445885,1763192844441,1763192844650,,,,,,,,,,mid,13621,686,297,189,1
l3_short_window,SHORT_WINDOW,14.0,0.5,400,2,158,ok,,0,1,24.106583005050197,663,1,0.5059999999999967,3.295999999999367,4.441083001438528,1763192858957,1763192859215,,,,,,,,,,mid,10668,633,330,152,0
l3_short_window,SHORT_WINDOW,14.0,0.5,400,2,159,ok,,0,2,546.3966670213267,1326,2,4.597999999999999,11.99200000000019,15.63920799526386,1763192871066,1763192871771,,,,,,,,,,mid,9794,689,308,166,3
l3_short_window,SHORT_WINDOW,14.0,0.5,400,2,160,ok,,0,1,21.730000007664785,663,1,0.6590000000000025,3.1359999999995125,4.725625010905787,1763192881380,1763192881601,,,,,,,,,,mid,10476,891,251,230,3
l3_short_window,SHORT_WINDOW,14.0,0.5,400,2,161,ok,,0,1,24.636250018374994,663,1,0.7149999999999963,4.5600000000004,5.310709006153047,1763192892524,1763192892742,,,,,,,,,,mid,13043,674,253,278,2
l3_short_window,SHORT_WINDOW,14.0,0.5,400,2,162,ok,,0,1,23.845832998631522,663,1,0.5399999999999956,3.473000000000866,4.781750001711771,1763192906638,1763192906856,,,,,,,,,,mid,12311,838,202,199,1
l3_short_window,SHORT_WINDOW,14.0,0.5,400,2,163,ok,,0,1,20.315292000304908,663,1,0.4800000000000004,3.5270000000000437,4.705750005086884,1763192919469,1763192919673,,,,,,,,,,mid,12128,448,324,180,1
l3_short_window,SHORT_WINDOW,14.0,0.5,400,2,164,ok,,0,1,23.10854199458845,663,1,0.9390000000000072,3.8120000000008076,5.254000017885119,1763192932912,1763192933137,,,,,,,,,,mid,9470,782,210,215,2
l3_short_window,SHORT_WINDOW,14.0,0.5,400,2,165,ok,,0,1,22.646999976132065,663,1,0.6639999999999979,3.7669999999998254,5.026124999858439,1763192943328,1763192943542,,,,,,,,,,mid,9826,796,255,201,1
l3_short_window,SHORT_WINDOW,14.0,0.5,400,2,166,ok,,0,1,23.858832981204614,663,1,0.5459999999999958,3.4270000000005894,4.654416989069432,1763192953837,1763192954054,,,,,,,,,,mid,10775,522,235,172,2
l3_short_window,SHORT_WINDOW,14.0,0.5,400,2,167,ok,,0,1,18.593916000099853,663,1,0.4750000000000014,3.4130000000004657,4.638333019101992,1763192965445,1763192965642,,,,,,,,,,mid,11296,495,330,198,3
l3_short_window,SHORT_WINDOW,14.0,0.5,400,2,168,ok,,0,2,541.1461670009885,1326,2,2.0109999999999992,9.355999999999767,12.096374994143844,1763192977717,1763192978433,,,,,,,,,,mid,9742,473,217,178,0
l3_short_window,SHORT_WINDOW,14.0,0.5,400,2,169,ok,,0,1,23.6096250009723,663,1,0.558999999999994,3.597000000000662,4.819916997803375,1763192988459,1763192988667,,,,,,,,,,mid,9343,546,267,264,1
l3_short_window,SHORT_WINDOW,14.0,0.5,400,2,170,ok,,0,1,27.689292008290067,663,1,0.9270000000000067,3.7479999999995925,4.858667001826689,1763192998944,1763192999217,,,,,,,,,,mid,10364,832,291,260,2
l3_short_window,SHORT_WINDOW,14.0,0.5,400,2,171,ok,,0,1,21.325208013877273,663,1,0.4839999999999982,3.6630000000004657,5.028207990108058,1763193010259,1763193010470,,,,,,,,,,mid,10110,821,217,181,4
l3_short_window,SHORT_WINDOW,14.0,0.5,400,2,172,ok,,0,1,23.078792000887915,663,1,0.5910000000000046,3.46100000000024,4.532291000941768,1763193021315,1763193021528,,,,,,,,,,mid,9175,818,270,150,0
l3_short_window,SHORT_WINDOW,14.0,0.5,400,2,173,ok,,0,1,21.41545800259337,663,1,0.9309999999999903,3.1710000000002765,4.3895000126212835,1763193031457,1763193031681,,,,,,,,,,mid,11212,829,319,214,3
l3_short_window,SHORT_WINDOW,14.0,0.5,400,2,174,ok,,0,1,23.42241699807346,663,1,0.524999999999995,3.4650000000001455,4.774500004714355,1763193043276,1763193043489,,,,,,,,,,mid,9501,548,290,193,4
l3_short_window,SHORT_WINDOW,14.0,0.5,400,2,175,ok,,0,1,24.425750016234815,663,1,0.850999999999992,3.8100000000013097,5.26083298609592,1763193053863,1763193054076,,,,,,,,,,mid,13799,583,305,171,1
l3_short_window,SHORT_WINDOW,14.0,0.5,400,2,176,ok,,0,1,20.820542005822062,663,1,0.5510000000000019,3.3280000000004293,4.3670000159181654,1763193068474,1763193068677,,,,,,,,,,mid,11063,401,323,200,1
l3_short_window,SHORT_WINDOW,14.0,0.5,400,2,177,ok,,0,1,22.454876016126946,663,1,0.7819999999999965,3.78899999999976,5.299208016367629,1763193080626,1763193080842,,,,,,,,,,mid,9051,514,224,240,2
l3_short_window,SHORT_WINDOW,14.0,0.5,400,2,178,ok,,0,1,23.24341598432511,663,1,0.9429999999999978,3.52599999999984,4.7912079899106175,1763193090638,1763193090861,,,,,,,,,,mid,10518,557,348,245,1
l3_short_window,SHORT_WINDOW,14.0,0.5,400,2,179,ok,,0,1,21.39058298780583,663,1,0.7000000000000028,3.587999999999738,5.011166009353474,1763193102345,1763193102566,,,,,,,,,,mid,9164,727,343,183,0
l3_short_window,SHORT_WINDOW,14.0,0.5,400,2,180,ok,,0,1,25.390541995875537,663,1,0.5620000000000012,3.524000000000342,4.771917010657489,1763193112482,1763193112699,,,,,,,,,,mid,11843,724,261,261,1
l3_short_window,SHORT_WINDOW,14.0,0.5,400,2,181,ok,,0,1,21.149792009964585,663,1,0.6760000000000019,3.8090000000001965,5.067791003966704,1763193125004,1763193125219,,,,,,,,,,mid,11309,488,251,260,3
l3_short_window,SHORT_WINDOW,14.0,0.5,400,2,182,ok,,0,1,25.43958299793303,663,1,0.7839999999999989,4.420000000000073,5.382959003327414,1763193137445,1763193137665,,,,,,,,,,mid,9509,560,274,243,4
l3_short_window,SHORT_WINDOW,14.0,0.5,400,2,183,ok,,0,1,26.394875021651387,663,1,0.517000000000003,3.502999999998792,4.405291983857751,1763193147975,1763193148196,,,,,,,,,,mid,12234,604,305,186,3
l3_short_window,SHORT_WINDOW,14.0,0.5,400,2,184,ok,,0,1,21.12379198661074,663,1,0.4830000000000041,3.3389999999990323,4.534166015218943,1763193161121,1763193161332,,,,,,,,,,mid,12903,582,345,237,3
l3_short_window,SHORT_WINDOW,14.0,0.5,400,2,185,ok,,0,1,20.668583980295807,663,1,0.5079999999999956,3.75,5.0811249820981175,1763193175149,1763193175397,,,,,,,,,,mid,11685,280,331,203,2
l3_short_window,SHORT_WINDOW,14.0,0.5,400,2,186,ok,,0,1,20.171749987639487,663,1,0.6989999999999981,3.41399999999976,4.460916999960318,1763193188213,1763193188424,,,,,,,,,,mid,10337,826,272,248,2
l3_short_window,SHORT_WINDOW,14.0,0.5,400,2,187,ok,,0,1,26.364499994087964,663,1,0.5250000000000021,3.5330000000003565,4.796082997927442,1763193198601,1763193198798,,,,,,,,,,mid,13785,431,339,178,2
l3_short_window,SHORT_WINDOW,14.0,0.5,400,2,188,ok,,0,1,24.584291997598484,663,1,0.529999999999994,3.5570000000006985,4.728958010673523,1763193213651,1763193213869,,,,,,,,,,mid,12390,738,257,166,2
l3_short_window,SHORT_WINDOW,14.0,0.5,400,2,189,ok,,0,1,26.192165998509154,663,1,0.5279999999999987,3.4149999999999636,4.723416001070291,1763193226587,1763193226780,,,,,,,,,,mid,9591,295,273,193,1
l3_short_window,SHORT_WINDOW,14.0,0.5,400,2,190,ok,,0,1,23.209375009173527,663,1,0.482999999999997,3.4869999999991705,4.679416975704953,1763193237451,1763193237655,,,,,,,,,,mid,12595,482,239,227,3
l3_short_window,SHORT_WINDOW,14.0,0.5,400,2,191,ok,,0,1,20.946500007994473,663,1,0.5960000000000036,3.634999999999309,4.737000010209158,1763193251331,1763193251561,,,,,,,,,,mid,9747,675,269,151,3
l3_short_window,SHORT_WINDOW,14.0,0.5,400,2,192,ok,,0,1,19.826750009087846,663,1,0.6000000000000014,2.9729999999999563,4.040375002659857,1763193262563,1763193262768,,,,,,,,,,mid,11540,860,342,263,4
l3_short_window,SHORT_WINDOW,14.0,0.5,400,2,193,ok,,0,1,28.167790995212272,663,1,0.8260000000000005,5.152000000000044,7.617458002641797,1763193274513,1763193274730,,,,,,,,,,mid,9811,758,285,242,4
l3_short_window,SHORT_WINDOW,14.0,0.5,400,2,194,ok,,0,1,24.31887501734309,663,1,0.5180000000000078,3.5809999999992215,4.920459003187716,1763193285041,1763193285244,,,,,,,,,,mid,9090,512,322,172,3
l3_short_window,SHORT_WINDOW,14.0,0.5,400,2,195,ok,,0,1,23.818207992007956,663,1,0.7879999999999967,4.220999999998639,5.660374998115003,1763193295115,1763193295335,,,,,,,,,,mid,10937,584,312,208,1
l3_short_window,SHORT_WINDOW,14.0,0.5,400,2,196,ok,,0,1,25.396541983354837,663,1,0.5440000000000005,3.381999999999607,4.644041997380555,1763193306812,1763193307013,,,,,,,,,,mid,9120,392,295,221,0
l3_short_window,SHORT_WINDOW,14.0,0.5,400,2,197,ok,,0,1,24.469541996950284,663,1,0.9279999999999937,4.045000000000073,5.505457986146212,1763193316981,1763193317194,,,,,,,,,,mid,9647,483,233,274,0
l3_short_window,SHORT_WINDOW,14.0,0.5,400,2,198,ok,,0,1,19.248541997512802,663,1,0.6419999999999959,3.3609999999998763,4.35075000859797,1763193327426,1763193327633,,,,,,,,,,mid,13276,300,239,234,1
l3_short_window,SHORT_WINDOW,14.0,0.5,400,2,199,ok,,0,1,26.50216600159183,663,1,0.5569999999999986,3.518000000000029,4.8578749992884696,1763193342135,1763193342350,,,,,,,,,,mid,12770,703,287,156,0
l3_short_window,SHORT_WINDOW,14.0,0.5,400,2,200,ok,,0,2,540.9514579805546,1326,2,2.4840000000000018,11.079999999999927,14.092584024183452,1763193355476,1763193356198,,,,,,,,,,mid,12917,354,327,155,1
l3_short_window,SHORT_WINDOW,14.0,0.5,400,2,201,ok,,0,1,22.517250006785616,663,1,0.5970000000000013,3.675999999999476,4.707374988356605,1763193369966,1763193370184,,,,,,,,,,mid,8988,883,330,182,2
l3_short_window,SHORT_WINDOW,14.0,0.5,400,2,202,ok,,0,1,25.237750000087544,663,1,0.7899999999999991,3.673999999999978,4.943208012264222,1763193379912,1763193380140,,,,,,,,,,mid,13850,795,304,265,1
l3_short_window,SHORT_WINDOW,14.0,0.5,400,2,203,ok,,0,1,21.366125001804903,663,1,0.6990000000000016,3.498000000000502,4.785166995134205,1763193394425,1763193394637,,,,,,,,,,mid,13694,573,245,207,4
l3_short_window,SHORT_WINDOW,14.0,0.5,400,2,204,ok,,0,1,21.55895798932761,663,1,0.6330000000000027,3.4849999999996726,4.753040993819013,1763193409096,1763193409404,,,,,,,,,,mid,13835,712,327,239,4
l3_short_window,SHORT_WINDOW,14.0,0.5,400,2,205,ok,,0,1,22.485833993414417,663,1,0.6560000000000059,3.5839999999998327,4.859459004364908,1763193423900,1763193424122,,,,,,,,,,mid,10063,869,233,239,2
l3_short_window,SHORT_WINDOW,14.0,0.5,400,2,206,ok,,0,1,24.541166989365593,663,1,0.8700000000000045,3.856999999999971,5.34683300065808,1763193434907,1763193435136,,,,,,,,,,mid,9199,825,218,230,2
l3_short_window,SHORT_WINDOW,14.0,0.5,400,2,207,ok,,0,1,22.288374981144443,663,1,0.5110000000000063,3.4459999999999127,4.689374996814877,1763193444518,1763193444715,,,,,,,,,,mid,11565,273,285,260,2
l3_short_window,SHORT_WINDOW,14.0,0.5,400,2,208,ok,,0,1,22.283957980107516,663,1,0.48699999999999477,3.4430000000011205,4.794334003236145,1763193457281,1763193457499,,,,,,,,,,mid,10397,523,245,158,3
l3_short_window,SHORT_WINDOW,14.0,0.5,400,2,209,ok,,0,1,23.053958982927725,663,1,0.8230000000000004,3.4769999999998618,4.675000003771856,1763193468535,1763193468741,,,,,,,,,,mid,13215,437,316,172,1
l3_short_window,SHORT_WINDOW,14.0,0.5,400,2,210,ok,,0,1,21.820499998284504,663,1,0.5070000000000014,3.4409999999998035,4.406666004797444,1763193482578,1763193482786,,,,,,,,,,mid,12721,284,220,228,1
l3_short_window,SHORT_WINDOW,14.0,0.5,400,2,211,ok,,0,1,24.704790994292125,663,1,0.8979999999999961,4.246999999999389,5.725417024223134,1763193496849,1763193497093,,,,,,,,,,mid,10743,258,312,277,2
l3_short_window,SHORT_WINDOW,14.0,0.5,400,2,212,ok,,0,1,23.210749990539625,663,1,0.9779999999999944,3.608000000001084,5.042542004957795,1763193508081,1763193508301,,,,,,,,,,mid,9126,304,278,202,3
l3_short_window,SHORT_WINDOW,14.0,0.5,400,2,213,ok,,0,1,24.761583015788347,663,1,0.7450000000000045,3.7659999999996217,5.083249998278916,1763193518644,1763193518873,,,,,,,,,,mid,11703,742,238,183,3
l3_short_window,SHORT_WINDOW,14.0,0.5,400,2,214,ok,,0,1,21.238500019535422,663,1,0.5009999999999977,3.470999999999549,4.462999990209937,1763193531337,1763193531553,,,,,,,,,,mid,11629,825,237,204,3
l3_short_window,SHORT_WINDOW,14.0,0.5,400,2,215,ok,,0,1,23.592625017045066,663,1,0.4920000000000009,3.5540000000000873,4.539917019428685,1763193543610,1763193543843,,,,,,,,,,mid,12414,615,207,159,1
l3_short_window,SHORT_WINDOW,14.0,0.5,400,2,216,ok,,0,1,24.0683329757303,663,1,0.8360000000000056,3.6010000000005675,5.013749992940575,1763193556779,1763193557018,,,,,,,,,,mid,11839,403,302,278,0
l3_short_window,SHORT_WINDOW,14.0,0.5,400,2,217,ok,,0,1,26.434500003233552,663,1,0.7830000000000013,3.746999999999389,4.865167022217065,1763193570115,1763193570359,,,,,,,,,,mid,10215,886,264,246,0
l3_short_window,SHORT_WINDOW,14.0,0.5,400,2,218,ok,,0,1,24.047874991083518,663,1,0.4980000000000011,3.4669999999996435,4.780499992193654,1763193580763,1763193580974,,,,,,,,,,mid,11128,384,322,268,3
l3_short_window,SHORT_WINDOW,14.0,0.5,400,2,219,ok,,0,1,23.44058401649818,663,1,0.8049999999999997,4.996999999999389,7.988249999471009,1763193593032,1763193593254,,,,,,,,,,mid,13415,590,294,227,1
l3_short_window,SHORT_WINDOW,14.0,0.5,400,2,220,ok,,0,1,19.298458006232977,663,1,0.6619999999999919,3.173999999999978,4.314249992603436,1763193607290,1763193607487,,,,,,,,,,mid,9935,498,271,210,4
l3_short_window,SHORT_WINDOW,14.0,0.5,400,2,221,ok,,0,1,27.055541024310514,663,1,0.5449999999999946,3.671000000001186,4.995166003936902,1763193618813,1763193619056,,,,,,,,,,mid,10699,563,322,220,0
l3_short_window,SHORT_WINDOW,14.0,0.5,400,2,222,ok,,0,1,25.699041987536475,663,1,0.9269999999999996,3.831000000000131,5.22329198429361,1763193630109,1763193630330,,,,,,,,,,mid,12905,662,319,153,1
l3_short_window,SHORT_WINDOW,14.0,0.5,400,2,223,ok,,0,1,25.112333009019494,663,1,0.5889999999999986,3.5460000000002765,4.538374982075766,1763193644010,1763193644216,,,,,,,,,,mid,9168,680,269,256,2
l3_short_window,SHORT_WINDOW,14.0,0.5,400,2,224,ok,,0,1,23.48708300269209,663,1,0.7439999999999927,3.6549999999997453,4.957833007210866,1763193654048,1763193654261,,,,,,,,,,mid,9542,665,251,153,1
l3_short_window,SHORT_WINDOW,14.0,0.5,400,2,225,ok,,0,1,24.999500019475818,663,1,0.7370000000000019,3.617000000000189,4.973416012944654,1763193664252,1763193664444,,,,,,,,,,mid,9433,269,293,175,0
l3_short_window,SHORT_WINDOW,14.0,0.5,400,2,226,ok,,0,1,25.473250017967075,663,1,0.5209999999999972,3.5130000000008295,4.761582997161895,1763193675078,1763193675288,,,,,,,,,,mid,13712,751,243,236,3
l3_short_window,SHORT_WINDOW,14.0,0.5,400,2,227,ok,,0,1,22.93491701129824,663,1,0.5800000000000054,3.4610000000011496,4.366417007986456,1763193689440,1763193689685,,,,,,,,,,mid,11429,452,243,162,0
l3_short_window,SHORT_WINDOW,14.0,0.5,400,2,228,ok,,0,1,22.191916999872774,663,1,0.49900000000000233,3.5399999999999636,4.816417000256479,1763193701746,1763193701960,,,,,,,,,,mid,12966,328,281,245,1
l3_short_window,SHORT_WINDOW,14.0,0.5,400,2,229,ok,,0,1,26.382332987850532,663,1,0.6370000000000005,3.559000000001106,4.884125024545938,1763193715908,1763193716126,,,,,,,,,,mid,13325,563,266,196,1
l3_short_window,SHORT_WINDOW,14.0,0.5,400,2,230,ok,,0,1,45.73774998425506,663,1,0.6650000000000063,25.600000000001273,27.998500008834526,1763193730651,1763193731032,,,,,,,,,,mid,10184,531,247,231,1
l3_short_window,SHORT_WINDOW,14.0,0.5,400,2,231,ok,,0,1,25.844541989499703,663,1,0.8059999999999974,3.7309999999988577,5.099165980936959,1763193741815,1763193742043,,,,,,,,,,mid,9659,640,208,160,2
l3_short_window,SHORT_WINDOW,14.0,0.5,400,2,232,ok,,0,1,25.076291000004858,663,1,0.5590000000000046,3.6419999999998254,4.977167001925409,1763193752471,1763193752691,,,,,,,,,,mid,9586,647,213,175,3
l3_short_window,SHORT_WINDOW,14.0,0.5,400,2,233,ok,,0,1,27.671916992403567,663,1,0.7129999999999974,3.542000000000371,4.517042019870132,1763193763152,1763193763361,,,,,,,,,,mid,9431,685,235,263,0
l3_short_window,SHORT_WINDOW,14.0,0.5,400,2,234,ok,,0,1,23.470207990612835,663,1,0.4689999999999941,3.5230000000001382,4.720416996860877,1763193773478,1763193773700,,,,,,,,,,mid,12806,673,325,234,3
l3_short_window,SHORT_WINDOW,14.0,0.5,400,2,235,ok,,0,1,26.31345798727125,663,1,0.7010000000000041,4.566000000000713,5.714083003113046,1763193787318,1763193787539,,,,,,,,,,mid,13647,693,241,220,6
l3_short_window,SHORT_WINDOW,14.0,0.5,400,2,236,ok,,0,1,21.59916699747555,663,1,0.7269999999999968,3.673999999999978,4.692250018706545,1763193801730,1763193801965,,,,,,,,,,mid,9710,587,326,206,0
l3_short_window,SHORT_WINDOW,14.0,0.5,400,2,237,ok,,0,1,25.054375000763685,663,1,0.6890000000000072,3.768000000000029,5.115374980960041,1763193812819,1763193813071,,,,,,,,,,mid,10206,419,201,165,2
l3_short_window,SHORT_WINDOW,14.0,0.5,400,2,238,ok,,0,1,24.621916993055493,663,1,0.6929999999999978,3.630000000000109,4.912665986921638,1763193823506,1763193823722,,,,,,,,,,mid,10620,487,255,189,1
l3_short_window,SHORT_WINDOW,14.0,0.5,400,2,239,ok,,0,1,23.039791005430743,663,1,0.5770000000000017,3.577000000001135,4.530000005615875,1763193835447,1763193835649,,,,,,,,,,mid,9769,828,314,176,2
l3_short_window,SHORT_WINDOW,14.0,0.5,400,2,240,ok,,0,1,25.502750009763986,663,1,0.48600000000000065,3.5649999999996,4.778125003213063,1763193845781,1763193845997,,,,,,,,,,mid,10473,500,342,230,0
l3_short_window,SHORT_WINDOW,14.0,0.5,400,2,241,ok,,0,1,22.914999979548156,663,1,0.5539999999999985,3.3289999999997235,4.335707984864712,1763193857575,1763193857788,,,,,,,,,,mid,11111,742,348,184,7
l3_short_window,SHORT_WINDOW,14.0,0.5,400,2,242,ok,,0,1,23.098250007024035,663,1,0.5240000000000009,3.4940000000005966,4.675667005358264,1763193869273,1763193869504,,,,,,,,,,mid,10549,529,328,155,0
l3_short_window,SHORT_WINDOW,14.0,0.5,400,2,243,ok,,0,1,17.176958004711196,663,1,0.4799999999999969,3.178000000000793,4.539790999842808,1763193880703,1763193880912,,,,,,,,,,mid,13544,377,251,239,0
l3_short_window,SHORT_WINDOW,14.0,0.5,400,2,244,ok,,0,1,25.378915976034477,663,1,0.5370000000000026,3.6779999999998836,4.944417014485225,1763193895580,1763193895796,,,,,,,,,,mid,13012,685,283,213,2
l3_short_window,SHORT_WINDOW,14.0,0.5,400,2,245,ok,,0,1,20.434874983038753,663,1,0.48300000000000054,3.4799999999995634,4.725458013126627,1763193909260,1763193909499,,,,,,,,,,mid,9376,614,334,157,0
l3_short_window,SHORT_WINDOW,14.0,0.5,400,2,246,ok,,0,1,21.426041988888755,663,1,0.7380000000000067,4.296999999999571,6.453375011915341,1763193919600,1763193919877,,,,,,,,,,mid,11986,492,306,265,4
l3_short_window,SHORT_WINDOW,14.0,0.5,400,2,247,ok,,0,1,25.612750003347173,663,1,0.5309999999999988,3.6099999999996726,4.905415989924222,1763193932853,1763193933074,,,,,,,,,,mid,13340,769,346,190,1
l3_short_window,SHORT_WINDOW,14.0,0.5,400,2,248,ok,,0,1,23.753124987706542,663,1,0.5460000000000065,3.574999999999818,4.957124998327345,1763193947219,1763193947434,,,,,,,,,,mid,8961,794,337,179,2
l3_short_window,SHORT_WINDOW,14.0,0.5,400,2,249,ok,,0,1,22.68070899299346,663,1,0.5480000000000018,3.675999999999476,4.969125002389774,1763193956926,1763193957143,,,,,,,,,,mid,13250,598,226,250,1
l3_short_window,SHORT_WINDOW,14.0,0.5,400,2,250,ok,,0,1,27.916874998481944,663,1,1.1659999999999968,4.300000000000182,5.543375009438023,1763193971305,1763193971525,,,,,,,,,,mid,12911,714,205,214,3
l3_short_window,SHORT_WINDOW,14.0,0.5,400,2,251,ok,,0,1,25.317833002191037,663,1,0.6980000000000075,3.686000000000604,4.694749979535118,1763193984776,1763193984985,,,,,,,,,,mid,11441,453,292,157,1
l3_short_window,SHORT_WINDOW,14.0,0.5,400,2,252,ok,,0,1,24.0917079790961,663,1,0.5009999999999977,3.49500000000171,4.727499996079132,1763193997312,1763193997527,,,,,,,,,,mid,12116,569,319,161,1
l3_short_window,SHORT_WINDOW,14.0,0.5,400,2,253,ok,,0,1,23.94983300473541,663,1,0.5210000000000008,3.494999999999891,4.814459010958672,1763194010719,1763194010934,,,,,,,,,,mid,12368,897,321,157,1
l3_short_window,SHORT_WINDOW,14.0,0.5,400,2,254,ok,,0,1,18.393958016531542,663,1,0.5679999999999978,2.9650000000001455,4.270625009667128,1763194023443,1763194023637,,,,,,,,,,mid,11864,420,268,172,7
l3_short_window,SHORT_WINDOW,14.0,0.5,400,2,255,ok,,0,1,21.610458992654458,663,1,0.5439999999999934,3.5140000000001237,4.555375024210662,1763194036154,1763194036371,,,,,,,,,,mid,13280,414,219,226,1
l3_short_window,SHORT_WINDOW,14.0,0.5,400,2,256,ok,,0,3,1048.2073339808267,1989,3,1.4120000000000061,12.693000000000211,17.802625021431595,1763194050643,1763194051862,,,,,,,,,,mid,9665,618,254,263,2
l3_short_window,SHORT_WINDOW,14.0,0.5,400,2,257,ok,,0,1,28.25850000954233,663,1,1.205999999999996,3.867000000000189,4.808375000720844,1763194061022,1763194061285,,,,,,,,,,mid,13552,381,210,241,0
l3_short_window,SHORT_WINDOW,14.0,0.5,400,2,258,ok,,0,1,26.077000016812235,663,1,0.9099999999999966,4.0020000000004075,5.095792002975941,1763194076786,1763194077029,,,,,,,,,,mid,11890,645,282,164,3
l3_short_window,SHORT_WINDOW,14.0,0.5,400,2,259,ok,,0,1,30.269999988377094,663,1,1.5760000000000005,3.9409999999998035,5.428708012914285,1763194088658,1763194088880,,,,,,,,,,mid,13229,694,318,254,5
l3_short_window,SHORT_WINDOW,14.0,0.5,400,2,260,ok,,0,1,22.919458016986027,663,1,0.7439999999999927,3.6420000000016444,5.042291013523936,1763194102800,1763194103021,,,,,,,,,,mid,13649,551,202,185,1
l3_short_window,SHORT_WINDOW,14.0,0.5,400,2,261,ok,,0,1,26.71945799374953,663,1,0.7700000000000031,3.7139999999990323,5.139792017871514,1763194117742,1763194117954,,,,,,,,,,mid,9836,834,251,178,1
l3_short_window,SHORT_WINDOW,14.0,0.5,400,2,262,ok,,0,1,22.844291990622878,663,1,0.4939999999999998,3.4780000000000655,4.546207987004891,1763194128145,1763194128352,,,,,,,,,,mid,11338,394,302,229,2
l3_short_window,SHORT_WINDOW,14.0,0.5,400,2,263,ok,,0,1,23.53470798698254,663,1,0.5190000000000019,3.394000000000233,4.247791977832094,1763194141445,1763194141658,,,,,,,,,,mid,10029,846,235,208,2
l3_short_window,SHORT_WINDOW,14.0,0.5,400,2,264,ok,,0,1,22.293292015092447,663,1,0.647000000000002,3.308000000000902,4.379833990242332,1763194151740,1763194151946,,,,,,,,,,mid,9433,684,347,271,0
l3_short_window,SHORT_WINDOW,14.0,0.5,400,2,265,ok,,0,1,24.64370900997892,663,1,0.5549999999999997,3.272000000000844,4.0107919776346534,1763194161823,1763194162025,,,,,,,,,,mid,10759,412,349,214,4
l3_short_window,SHORT_WINDOW,14.0,0.5,400,2,266,ok,,0,1,23.421374993631616,663,1,0.4750000000000014,3.2950000000000728,4.542082984698936,1763194173251,1763194173456,,,,,,,,,,mid,13193,276,245,259,3
l3_short_window,SHORT_WINDOW,14.0,0.5,400,2,267,ok,,0,1,21.410458983154967,663,1,0.6419999999999959,3.007999999999811,4.030332987895235,1763194187708,1763194187912,,,,,,,,,,mid,10489,622,203,272,3
l3_short_window,SHORT_WINDOW,14.0,0.5,400,2,268,ok,,0,1,21.76116599002853,663,1,0.48099999999999454,3.4839999999985594,4.758167022373527,1763194198995,1763194199207,,,,,,,,,,mid,12445,518,257,217,0
l3_short_window,SHORT_WINDOW,14.0,0.5,400,2,269,ok,,0,1,22.8118329832796,663,1,0.5080000000000027,3.337000000000444,4.540916997939348,1763194212198,1763194212400,,,,,,,,,,mid,11817,323,227,264,2
l3_short_window,SHORT_WINDOW,14.0,0.5,400,2,270,ok,,0,1,22.84812499419786,663,1,0.490000000000002,3.458000000001448,4.761124990181997,1763194225439,1763194225651,,,,,,,,,,mid,13185,704,278,167,4
l3_short_window,SHORT_WINDOW,14.0,0.5,400,2,271,ok,,0,1,20.537708012852818,663,1,0.5010000000000048,3.4940000000005966,4.7401670017279685,1763194239312,1763194239551,,,,,,,,,,mid,10159,561,328,208,0
l3_short_window,SHORT_WINDOW,14.0,0.5,400,2,272,ok,,0,1,25.8207080187276,663,1,0.5199999999999996,3.617000000000189,4.906541988020763,1763194250486,1763194250707,,,,,,,,,,mid,11826,608,297,151,1
l3_short_window,SHORT_WINDOW,14.0,0.5,400,2,273,ok,,0,1,24.06066600815393,663,1,0.5500000000000007,3.4409999999998035,4.712124995421618,1763194263376,1763194263590,,,,,,,,,,mid,11497,698,327,186,4
l3_short_window,SHORT_WINDOW,14.0,0.5,400,2,274,ok,,0,1,22.547833010321483,663,1,0.48999999999999844,3.4580000000005384,4.652708012145013,1763194275580,1763194275779,,,,,,,,,,mid,9704,496,327,262,0
l3_short_window,SHORT_WINDOW,14.0,0.5,400,2,275,ok,,0,1,21.473041007993743,663,1,0.5050000000000097,3.51299999999992,4.718458018032834,1763194286477,1763194286696,,,,,,,,,,mid,13684,646,280,156,3
l3_short_window,SHORT_WINDOW,14.0,0.5,400,2,276,ok,,0,1,19.858082989230752,663,1,0.49599999999999866,3.4160000000001673,4.697083990322426,1763194300805,1763194301011,,,,,,,,,,mid,10470,377,347,236,2
l3_short_window,SHORT_WINDOW,14.0,0.5,400,2,277,ok,,0,1,18.755583005258814,663,1,0.47499999999999787,3.3209999999999127,4.522125003859401,1763194312486,1763194312690,,,,,,,,,,mid,9638,614,235,225,1
l3_short_window,SHORT_WINDOW,14.0,0.5,400,2,278,ok,,0,1,26.417832996230572,663,1,0.6699999999999982,4.719000000000051,6.419415993150324,1763194322832,1763194323036,,,,,,,,,,mid,11797,441,279,197,1
l3_short_window,SHORT_WINDOW,14.0,0.5,400,2,279,ok,,0,1,20.612249994883314,663,1,0.49900000000000233,3.4470000000001164,4.567084019072354,1763194336029,1763194336245,,,,,,,,,,mid,10137,808,247,201,2
l3_short_window,SHORT_WINDOW,14.0,0.5,400,2,280,ok,,0,1,22.03841699520126,663,1,0.6570000000000107,3.0239999999994325,4.3369579943828285,1763194347467,1763194347680,,,,,,,,,,mid,10453,692,268,153,1
l3_short_window,SHORT_WINDOW,14.0,0.5,400,2,281,ok,,0,1,25.123083003563806,663,1,0.5709999999999944,3.5759999999991123,4.822874994715676,1763194358447,1763194358665,,,,,,,,,,mid,9959,729,232,237,3
l3_short_window,SHORT_WINDOW,14.0,0.5,400,2,282,ok,,0,1,23.298082989640534,663,1,0.47300000000000253,3.4329999999990832,4.670875001465902,1763194368881,1763194369093,,,,,,,,,,mid,12619,352,339,157,3
l3_short_window,SHORT_WINDOW,14.0,0.5,400,2,283,ok,,0,1,23.07429100619629,663,1,0.487999999999996,3.4089999999996508,4.358542006229982,1763194382767,1763194382976,,,,,,,,,,mid,13443,659,210,197,4
l3_short_window,SHORT_WINDOW,14.0,0.5,400,2,284,ok,,0,1,20.816792006371543,663,1,0.6439999999999984,3.4440000000004147,4.470708983717486,1763194397164,1763194397377,,,,,,,,,,mid,12695,660,305,176,0
l3_short_window,SHORT_WINDOW,14.0,0.5,400,2,285,ok,,0,1,23.667915986152366,663,1,0.5450000000000017,3.6979999999994106,4.979417019058019,1763194410910,1763194411136,,,,,,,,,,mid,11281,738,267,235,0
l3_short_window,SHORT_WINDOW,14.0,0.5,400,2,286,ok,,0,1,24.368999991565943,663,1,0.5300000000000011,3.5219999999999345,4.871792014455423,1763194423156,1763194423379,,,,,,,,,,mid,10455,731,303,245,1
l3_short_window,SHORT_WINDOW,14.0,0.5,400,2,287,ok,,0,1,20.973083010176197,663,1,0.49599999999999866,3.4710000000004584,4.766958008985966,1763194434137,1763194434346,,,,,,,,,,mid,11466,401,248,241,0
l3_short_window,SHORT_WINDOW,14.0,0.5,400,2,288,ok,,0,1,25.133874994935468,663,1,0.5379999999999967,3.653000000001157,4.9809170013759285,1763194446984,1763194447212,,,,,,,,,,mid,10500,704,330,166,0
l3_short_window,SHORT_WINDOW,14.0,0.5,400,2,289,ok,,0,1,23.899833002360538,663,1,0.5580000000000034,3.541000000001077,4.588916024658829,1763194458314,1763194458511,,,,,,,,,,mid,11410,562,309,275,2
l3_short_window,SHORT_WINDOW,14.0,0.5,400,2,290,ok,,0,1,24.621999997179955,663,1,0.8549999999999898,4.6119999999991705,6.408166023902595,1763194470882,1763194471096,,,,,,,,,,mid,11428,745,246,162,1
l3_short_window,SHORT_WINDOW,14.0,0.5,400,2,291,ok,,0,1,21.766374993603677,663,1,0.5019999999999953,3.8339999999998327,5.152416997589171,1763194483325,1763194483574,,,,,,,,,,mid,10046,284,334,239,0
l3_short_window,SHORT_WINDOW,14.0,0.5,400,2,292,ok,,0,1,25.227292004274204,663,1,0.5309999999999988,3.446000000000822,4.757375019835308,1763194493801,1763194494018,,,,,,,,,,mid,11080,333,313,176,2
l3_short_window,SHORT_WINDOW,14.0,0.5,400,2,293,ok,,0,1,25.000875000841916,663,1,0.5029999999999966,3.469999999999345,4.75841699517332,1763194506430,1763194506640,,,,,,,,,,mid,10806,830,321,275,2
l3_short_window,SHORT_WINDOW,14.0,0.5,400,2,294,ok,,0,1,28.35954201873392,663,1,0.5070000000000014,3.665999999999258,4.945374996168539,1763194518206,1763194518427,,,,,,,,,,mid,13099,839,250,233,2
l3_short_window,SHORT_WINDOW,14.0,0.5,400,2,295,ok,,0,1,24.86833301372826,663,1,0.48700000000000543,3.4520000000002256,4.633291013306007,1763194531713,1763194531920,,,,,,,,,,mid,9157,330,304,236,2
l3_short_window,SHORT_WINDOW,14.0,0.5,400,2,296,ok,,0,1,22.031583997886628,663,1,0.5070000000000014,3.6439999999993233,4.921540996292606,1763194542295,1763194542504,,,,,,,,,,mid,13300,879,304,176,1
l3_short_window,SHORT_WINDOW,14.0,0.5,400,2,297,ok,,0,1,24.176082981284708,663,1,0.5090000000000039,3.51299999999992,4.7332920075859874,1763194556180,1763194556389,,,,,,,,,,mid,10351,507,302,239,5
l3_short_window,SHORT_WINDOW,14.0,0.5,400,2,298,ok,,0,1,22.300791984889656,663,1,0.5350000000000001,3.469000000000051,4.7782500041648746,1763194567671,1763194567885,,,,,,,,,,mid,10024,622,342,238,1
l3_short_window,SHORT_WINDOW,14.0,0.5,400,2,299,ok,,0,1,27.200000011362135,663,1,0.532,3.509000000000924,4.77412500185892,1763194578581,1763194578794,,,,,,,,,,mid,10730,519,282,269,2
l3_short_window,SHORT_WINDOW,14.0,0.5,400,2,300,ok,,0,1,21.22399999643676,663,1,0.4840000000000053,3.3190000000013242,4.5353750174399465,1763194590083,1763194590289,,,,,,,,,,mid,12357,384,316,182,0
l3_short_window,SHORT_WINDOW,14.0,0.5,300,2,1,ok,,0,1,19.263124995632097,663,1,0.49799999999999756,3.4849999999996726,4.748250008560717,1763194603565,1763194603769,,,,,,,,,,long,19325,506,328,228,1
l3_short_window,SHORT_WINDOW,14.0,0.5,300,2,2,ok,,0,1,23.756249982398003,663,1,0.5219999999999985,3.436999999999898,4.715041985036805,1763194624114,1763194624324,,,,,,,,,,long,16372,683,305,167,1
l3_short_window,SHORT_WINDOW,14.0,0.5,300,2,3,ok,,0,1,25.42687498498708,663,1,0.522000000000002,3.6520000000000437,4.974167008185759,1763194641385,1763194641610,,,,,,,,,,long,20150,683,233,275,7
l3_short_window,SHORT_WINDOW,14.0,0.5,300,2,4,ok,,0,1,25.846124975942075,663,1,0.5059999999999967,3.696999999999207,4.930666997097433,1763194662307,1763194662525,,,,,,,,,,long,19982,578,285,241,3
l3_short_window,SHORT_WINDOW,14.0,0.5,300,2,5,ok,,0,1,26.573332987027243,663,1,0.5339999999999989,3.7259999999987485,5.002290999982506,1763194683335,1763194683560,,,,,,,,,,long,18222,611,323,246,1
l3_short_window,SHORT_WINDOW,14.0,0.5,300,2,6,ok,,0,1,26.16945799672976,663,1,0.5249999999999986,3.485000000000582,4.830582998692989,1763194702538,1763194702753,,,,,,,,,,long,19433,612,300,229,5
l3_short_window,SHORT_WINDOW,14.0,0.5,300,2,7,ok,,0,1,25.150499976007268,663,1,0.4960000000000022,3.519000000000233,4.5089170162100345,1763194722840,1763194723044,,,,,,,,,,long,21333,457,268,270,4
l3_short_window,SHORT_WINDOW,14.0,0.5,300,2,8,ok,,0,1,22.234125004615635,663,1,0.536999999999999,3.57300000000032,4.8690830008126795,1763194745099,1763194745308,,,,,,,,,,long,19938,429,273,193,4
l3_short_window,SHORT_WINDOW,14.0,0.5,300,2,9,ok,,0,1,27.42529200622812,663,1,0.5370000000000026,3.7049999999999272,4.994833027012646,1763194766509,1763194766730,,,,,,,,,,long,17174,845,228,265,4
l3_short_window,SHORT_WINDOW,14.0,0.5,300,2,10,ok,,0,1,29.03350000269711,663,1,0.5440000000000005,3.5910000000003492,4.736792005132884,1763194784512,1763194784733,,,,,,,,,,long,16767,717,217,188,2
l3_short_window,SHORT_WINDOW,14.0,0.5,300,2,11,ok,,0,1,27.479416981805116,663,1,0.5479999999999983,3.605999999997948,4.947334004100412,1763194802306,1763194802521,,,,,,,,,,long,18872,684,309,197,2
l3_short_window,SHORT_WINDOW,14.0,0.5,300,2,12,ok,,0,1,26.12729201791808,663,1,0.5769999999999982,3.8930000000009386,5.180749983992428,1763194822755,1763194823014,,,,,,,,,,long,14328,774,322,173,2
l3_short_window,SHORT_WINDOW,14.0,0.5,300,2,13,ok,,0,1,25.952291005523875,663,1,0.5500000000000043,3.6969999999982974,4.971582995494828,1763194837272,1763194837498,,,,,,,,,,long,20883,560,333,227,5
l3_short_window,SHORT_WINDOW,14.0,0.5,300,2,14,ok,,0,1,21.27079199999571,663,1,0.6069999999999993,3.048999999999978,4.272833000868559,1763194859511,1763194859719,,,,,,,,,,long,19671,899,224,203,4
l3_short_window,SHORT_WINDOW,14.0,0.5,300,2,15,ok,,0,1,21.165332989767194,663,1,0.6740000000000066,3.282999999999447,4.956125019816682,1763194879556,1763194879768,,,,,,,,,,long,17513,499,236,235,1
l3_short_window,SHORT_WINDOW,14.0,0.5,300,2,16,ok,,0,1,21.414165996247903,663,1,0.5060000000000002,3.496999999999389,4.7814999998081475,1763194897976,1763194898189,,,,,,,,,,long,16651,431,239,186,0
l3_short_window,SHORT_WINDOW,14.0,0.5,300,2,17,ok,,0,1,22.286959021585062,663,1,0.5010000000000012,3.4219999999995707,4.662709019612521,1763194915650,1763194915862,,,,,,,,,,long,19423,470,265,238,5
l3_short_window,SHORT_WINDOW,14.0,0.5,300,2,18,ok,,0,1,21.768416016129777,663,1,0.5320000000000036,3.8430000000007567,4.871415992965922,1763194936243,1763194936498,,,,,,,,,,long,19689,296,330,199,4
l3_short_window,SHORT_WINDOW,14.0,0.5,300,2,19,ok,,0,1,28.500499989604577,663,1,0.607999999999997,3.7489999999997963,4.857792024267837,1763194956527,1763194956748,,,,,,,,,,long,20299,447,203,207,2
l3_short_window,SHORT_WINDOW,14.0,0.5,300,2,20,ok,,0,1,24.32516700355336,663,1,0.5129999999999981,3.515000000001237,4.8252500128000975,1763194977840,1763194978035,,,,,,,,,,long,14784,446,277,171,1
l3_short_window,SHORT_WINDOW,14.0,0.5,300,2,21,ok,,0,1,26.991166989319026,663,1,0.48500000000000654,3.480999999999767,4.793125001015142,1763194993470,1763194993689,,,,,,,,,,long,16497,322,272,212,2
l3_short_window,SHORT_WINDOW,14.0,0.5,300,2,22,ok,,0,1,21.2468339886982,663,1,0.485000000000003,3.4860000000016953,4.790042003151029,1763195011216,1763195011427,,,,,,,,,,long,16535,558,245,240,5
l3_short_window,SHORT_WINDOW,14.0,0.5,300,2,23,ok,,0,1,25.1181670173537,663,1,0.5190000000000019,3.636000000000422,4.892666998784989,1763195029061,1763195029281,,,,,,,,,,long,16057,824,269,178,2
l3_short_window,SHORT_WINDOW,14.0,0.5,300,2,24,ok,,0,1,23.621875006938353,663,1,0.5430000000000028,3.5239999999994325,4.8542500007897615,1763195046035,1763195046238,,,,,,,,,,long,18554,788,282,204,0
l3_short_window,SHORT_WINDOW,14.0,0.5,300,2,25,ok,,0,1,30.385958001716062,663,1,0.5480000000000018,3.543000000000575,4.80066699674353,1763195065654,1763195065873,,,,,,,,,,long,19233,793,335,224,3
l3_short_window,SHORT_WINDOW,14.0,0.5,300,2,26,ok,,0,1,23.648624977795407,663,1,0.522000000000002,3.3320000000003347,4.547332995571196,1763195085653,1763195085854,,,,,,,,,,long,15426,788,271,206,2
l3_short_window,SHORT_WINDOW,14.0,0.5,300,2,27,ok,,0,1,24.477666011080146,663,1,0.5130000000000017,3.608000000001084,4.882416018517688,1763195101952,1763195102179,,,,,,,,,,long,21271,704,218,181,2
l3_short_window,SHORT_WINDOW,14.0,0.5,300,2,28,ok,,0,1,25.649167015217245,663,1,0.5089999999999932,3.4950000000008004,4.783541982760653,1763195123979,1763195124194,,,,,,,,,,long,14230,506,259,203,2
l3_short_window,SHORT_WINDOW,14.0,0.5,300,2,29,ok,,0,1,21.344957989640534,663,1,0.546999999999997,4.045000000000982,5.246874992735684,1763195139419,1763195139629,,,,,,,,,,long,16078,735,336,211,4
l3_short_window,SHORT_WINDOW,14.0,0.5,300,2,30,ok,,0,1,22.311000007903203,663,1,0.5060000000000002,3.527999999999338,4.877875006059185,1763195156335,1763195156546,,,,,,,,,,long,15886,613,298,199,1
l3_short_window,SHORT_WINDOW,14.0,0.5,300,2,31,ok,,0,1,25.863375019980595,663,1,0.5,3.613999999999578,4.862417001277208,1763195173475,1763195173688,,,,,,,,,,long,17324,877,270,217,2
l3_short_window,SHORT_WINDOW,14.0,0.5,300,2,32,ok,,0,1,26.188042014837265,663,1,0.5130000000000017,3.5230000000001382,4.817915993044153,1763195191399,1763195191612,,,,,,,,,,long,15072,502,206,251,0
l3_short_window,SHORT_WINDOW,14.0,0.5,300,2,33,ok,,0,1,25.791041989577934,663,1,0.5530000000000044,3.613999999999578,4.89712500711903,1763195207742,1763195207966,,,,,,,,,,long,21523,693,301,268,1
l3_short_window,SHORT_WINDOW,14.0,0.5,300,2,34,ok,,0,1,34.39408299163915,663,1,0.5810000000000031,7.2979999999997744,11.987040983512998,1763195229786,1763195230006,,,,,,,,,,long,19615,304,232,201,0
l3_short_window,SHORT_WINDOW,14.0,0.5,300,2,35,ok,,0,1,26.203791989246383,663,1,0.4659999999999975,3.360999999998967,4.573250014800578,1763195250374,1763195250576,,,,,,,,,,long,17773,252,291,196,2
l3_short_window,SHORT_WINDOW,14.0,0.5,300,2,36,ok,,0,1,26.916958013316616,663,1,0.5420000000000016,3.4340000000001965,4.673458985053003,1763195269420,1763195269631,,,,,,,,,,long,17779,574,234,166,3
l3_short_window,SHORT_WINDOW,14.0,0.5,300,2,37,ok,,0,1,25.56054198066704,663,1,0.5500000000000043,3.6380000000008295,4.8618330038152635,1763195288025,1763195288238,,,,,,,,,,long,15392,416,253,237,3
l3_short_window,SHORT_WINDOW,14.0,0.5,300,2,38,ok,,0,1,27.84649998648092,663,1,0.517000000000003,3.504000000000815,4.87750000320375,1763195304513,1763195304716,,,,,,,,,,long,14586,542,276,175,2
l3_short_window,SHORT_WINDOW,14.0,0.5,300,2,39,ok,,0,1,20.806500018807128,663,1,0.5150000000000077,3.67200000000048,4.72120798076503,1763195320407,1763195320625,,,,,,,,,,long,19872,805,237,274,2
l3_short_window,SHORT_WINDOW,14.0,0.5,300,2,40,ok,,0,1,24.680250004166737,663,1,0.5059999999999967,3.5000000000009095,4.739875002996996,1763195340689,1763195340899,,,,,,,,,,long,18655,310,267,269,6
l3_short_window,SHORT_WINDOW,14.0,0.5,300,2,41,ok,,0,1,23.055375000694767,663,1,0.5039999999999978,3.6030000000000655,4.8397500067949295,1763195360832,1763195361050,,,,,,,,,,long,16750,755,288,275,3
l3_short_window,SHORT_WINDOW,14.0,0.5,300,2,42,ok,,0,1,20.734541991259903,663,1,0.47900000000000276,3.361000000000786,4.5371250016614795,1763195378160,1763195378356,,,,,,,,,,long,15896,355,254,186,2
l3_short_window,SHORT_WINDOW,14.0,0.5,300,2,43,ok,,0,1,23.906625021481887,663,1,0.5400000000000063,3.4310000000004948,4.6978750033304095,1763195394724,1763195394915,,,,,,,,,,long,18956,252,293,246,1
l3_short_window,SHORT_WINDOW,14.0,0.5,300,2,44,ok,,0,1,25.11658298317343,663,1,0.5910000000000011,3.9459999999999127,5.282666999846697,1763195415168,1763195415400,,,,,,,,,,long,18424,684,267,160,1
l3_short_window,SHORT_WINDOW,14.0,0.5,300,2,45,ok,,0,1,23.51145798456855,663,1,0.477999999999998,3.5619999999989886,4.534792009508237,1763195434294,1763195434495,,,,,,,,,,long,15547,438,326,261,0
l3_short_window,SHORT_WINDOW,14.0,0.5,300,2,46,ok,,0,1,23.911416996270418,663,1,0.5180000000000042,3.6019999999998618,4.906459013000131,1763195450768,1763195450990,,,,,,,,,,long,21643,443,210,161,4
l3_short_window,SHORT_WINDOW,14.0,0.5,300,2,47,ok,,0,1,24.443959002383053,663,1,0.5279999999999951,3.5129999999990105,4.801249975571409,1763195473378,1763195473594,,,,,,,,,,long,15648,304,310,188,2
l3_short_window,SHORT_WINDOW,14.0,0.5,300,2,48,ok,,0,1,23.750958003802225,663,1,0.5060000000000002,3.348999999998341,4.326790978666395,1763195490106,1763195490350,,,,,,,,,,long,20510,400,340,263,3
l3_short_window,SHORT_WINDOW,14.0,0.5,300,2,49,ok,,0,1,19.747790996916592,663,1,0.5169999999999995,3.672999999998865,4.975457995897159,1763195511984,1763195512208,,,,,,,,,,long,17814,808,349,243,1
l3_short_window,SHORT_WINDOW,14.0,0.5,300,2,50,ok,,0,1,24.005499988561496,663,1,0.5400000000000027,3.5969999999997526,4.866416013101116,1763195530747,1763195530966,,,,,,,,,,long,20496,759,302,233,4
l3_short_window,SHORT_WINDOW,14.0,0.5,300,2,51,ok,,0,1,22.44604198494926,663,1,0.6069999999999993,3.2719999999999345,4.492666979786009,1763195552054,1763195552267,,,,,,,,,,long,20167,662,269,239,2
l3_short_window,SHORT_WINDOW,14.0,0.5,300,2,52,ok,,0,1,26.172583980951458,663,1,0.5390000000000015,3.404999999998836,4.648166010156274,1763195572854,1763195573044,,,,,,,,,,long,16541,286,323,241,4
l3_short_window,SHORT_WINDOW,14.0,0.5,300,2,53,ok,,0,1,22.81854100874625,663,1,0.4660000000000011,3.261000000000422,4.461750009795651,1763195590691,1763195590891,,,,,,,,,,long,19929,627,268,211,2
l3_short_window,SHORT_WINDOW,14.0,0.5,300,2,54,ok,,0,1,23.656874982407317,663,1,0.5199999999999996,3.5839999999998327,4.577040992444381,1763195611472,1763195611691,,,,,,,,,,long,13828,570,255,236,1
l3_short_window,SHORT_WINDOW,14.0,0.5,300,2,55,ok,,0,1,23.017416009679437,663,1,0.5000000000000036,3.5410000000001673,4.772291984409094,1763195626315,1763195626529,,,,,,,,,,long,14547,557,248,225,2
l3_short_window,SHORT_WINDOW,14.0,0.5,300,2,56,ok,,0,1,28.388499980792403,663,1,0.5280000000000022,3.5319999999992433,4.809457983355969,1763195641776,1763195641985,,,,,,,,,,long,14459,533,285,200,2
l3_short_window,SHORT_WINDOW,14.0,0.5,300,2,57,ok,,0,1,25.281000009272248,663,1,0.5289999999999999,3.6929999999993015,4.722374986158684,1763195657493,1763195657710,,,,,,,,,,long,17431,708,231,202,2
l3_short_window,SHORT_WINDOW,14.0,0.5,300,2,58,ok,,0,1,25.038332998519763,663,1,0.5009999999999977,3.467999999999847,4.779791983310133,1763195676292,1763195676485,,,,,,,,,,long,18531,820,323,187,4
l3_short_window,SHORT_WINDOW,14.0,0.5,300,2,59,ok,,0,1,24.24891700502485,663,1,0.6489999999999938,3.021999999999025,4.250208003213629,1763195695648,1763195695861,,,,,,,,,,long,16863,726,261,208,3
l3_short_window,SHORT_WINDOW,14.0,0.5,300,2,60,ok,,0,1,25.994208001066,663,1,0.5069999999999943,3.492000000000189,4.7300420119427145,1763195712869,1763195713088,,,,,,,,,,long,14965,553,302,164,1
l3_short_window,SHORT_WINDOW,14.0,0.5,300,2,61,ok,,0,1,20.83691701409407,663,1,0.5609999999999928,3.7950000000000728,4.817166016437113,1763195728710,1763195728934,,,,,,,,,,long,17862,465,216,162,3
l3_short_window,SHORT_WINDOW,14.0,0.5,300,2,62,ok,,0,1,29.257832997245714,663,1,0.5510000000000019,3.4880000000002838,4.80216700816527,1763195747775,1763195747990,,,,,,,,,,long,18317,668,339,160,2
l3_short_window,SHORT_WINDOW,14.0,0.5,300,2,63,ok,,0,1,21.84812500490807,663,1,0.7079999999999984,4.180999999999585,5.633207998471335,1763195766776,1763195766982,,,,,,,,,,long,14943,374,276,231,1
l3_short_window,SHORT_WINDOW,14.0,0.5,300,2,64,ok,,0,1,21.278291998896748,663,1,0.48999999999999844,3.482999999999265,4.52291700639762,1763195783271,1763195783484,,,,,,,,,,long,17991,869,283,250,3
l3_short_window,SHORT_WINDOW,14.0,0.5,300,2,65,ok,,0,1,26.369166997028515,663,1,0.8010000000000019,3.1270000000004075,4.013792000478134,1763195802722,1763195802944,,,,,,,,,,long,15408,876,272,205,2
l3_short_window,SHORT_WINDOW,14.0,0.5,300,2,66,ok,,0,1,21.09424999798648,663,1,0.4989999999999988,3.6640000000006694,4.761084011988714,1763195818314,1763195818530,,,,,,,,,,long,15968,641,238,178,4
l3_short_window,SHORT_WINDOW,14.0,0.5,300,2,67,ok,,0,1,24.591833003796637,663,1,0.5090000000000039,3.529000000000451,4.782666976097971,1763195835403,1763195835613,,,,,,,,,,long,19765,783,324,246,3
l3_short_window,SHORT_WINDOW,14.0,0.5,300,2,68,ok,,0,1,26.221167005132884,663,1,0.5620000000000012,3.73700000000008,5.144958995515481,1763195855814,1763195856033,,,,,,,,,,long,15771,500,295,156,3
l3_short_window,SHORT_WINDOW,14.0,0.5,300,2,69,ok,,0,2,540.4733750037849,1326,2,0.654999999999994,4.253999999999905,5.720957997255027,1763195873068,1763195873772,,,,,,,,,,long,21776,660,242,171,3
l3_short_window,SHORT_WINDOW,14.0,0.5,300,2,70,ok,,0,1,23.045834008371457,663,1,0.5400000000000027,3.48700000000008,4.82774997362867,1763195895050,1763195895266,,,,,,,,,,long,15340,357,346,259,1
l3_short_window,SHORT_WINDOW,14.0,0.5,300,2,71,ok,,0,1,25.49695802736096,663,1,0.5510000000000019,3.688999999999396,5.034333007642999,1763195911559,1763195911784,,,,,,,,,,long,19690,608,314,251,4
l3_short_window,SHORT_WINDOW,14.0,0.5,300,2,72,ok,,0,1,25.807583995629102,663,1,0.529999999999994,3.621000000001004,4.785208002431318,1763195932185,1763195932410,,,,,,,,,,long,21665,546,203,263,2
l3_short_window,SHORT_WINDOW,14.0,0.5,300,2,73,ok,,0,1,25.254207983380184,663,1,0.5049999999999955,3.467999999999847,4.467625025426969,1763195954484,1763195954694,,,,,,,,,,long,19881,405,221,244,4
l3_short_window,SHORT_WINDOW,14.0,0.5,300,2,74,ok,,0,1,22.397249995265156,663,1,0.48099999999999454,3.3339999999998327,4.595667007379234,1763195975286,1763195975494,,,,,,,,,,long,21350,391,201,197,6
l3_short_window,SHORT_WINDOW,14.0,0.5,300,2,75,ok,,0,1,26.790167001308873,663,1,0.5789999999999935,3.725999999999658,4.7637080133426934,1763195997700,1763195997918,,,,,,,,,,long,21558,416,207,189,3
l3_short_window,SHORT_WINDOW,14.0,0.5,300,2,76,ok,,0,1,24.77637500851415,663,1,0.6019999999999968,3.569999999999709,4.981291014701128,1763196020449,1763196020683,,,,,,,,,,long,17961,624,316,230,3
l3_short_window,SHORT_WINDOW,14.0,0.5,300,2,77,ok,,0,1,23.407333006616682,663,1,0.544000000000004,3.893000000000029,5.223999993177131,1763196040151,1763196040403,,,,,,,,,,long,17754,854,329,151,1
l3_short_window,SHORT_WINDOW,14.0,0.5,300,2,78,ok,,0,1,25.485499994829297,663,1,0.7090000000000032,2.9290000000000873,4.205292003462091,1763196058038,1763196058229,,,,,,,,,,long,14326,535,298,184,4
l3_short_window,SHORT_WINDOW,14.0,0.5,300,2,79,ok,,0,1,25.644042005296797,663,1,0.4789999999999992,3.4099999999998545,4.6577090106438845,1763196073506,1763196073721,,,,,,,,,,long,19645,730,341,260,7
l3_short_window,SHORT_WINDOW,14.0,0.5,300,2,80,ok,,0,1,26.54058299958706,663,1,0.5280000000000022,3.489000000001397,4.8777910124044865,1763196093657,1763196093852,,,,,,,,,,long,14479,255,278,192,4
l3_short_window,SHORT_WINDOW,14.0,0.5,300,2,81,ok,,0,1,28.789250005502254,663,1,0.5579999999999998,3.592999999999847,4.8752079892437905,1763196109695,1763196109919,,,,,,,,,,long,21144,853,262,171,1
l3_short_window,SHORT_WINDOW,14.0,0.5,300,2,82,ok,,0,1,24.24645799328573,663,1,0.541999999999998,3.5599999999994907,4.853624996030703,1763196131322,1763196131541,,,,,,,,,,long,20591,555,327,253,2
l3_short_window,SHORT_WINDOW,14.0,0.5,300,2,83,ok,,0,1,21.751292020780966,663,1,0.5990000000000002,3.213999999999942,4.498833994148299,1763196153020,1763196153228,,,,,,,,,,long,20407,639,324,167,3
l3_short_window,SHORT_WINDOW,14.0,0.5,300,2,84,ok,,0,1,26.02087499690242,663,1,0.5350000000000001,3.632000000001426,4.740374977700412,1763196174273,1763196174489,,,,,,,,,,long,14743,531,348,168,2
l3_short_window,SHORT_WINDOW,14.0,0.5,300,2,85,ok,,0,1,27.87145899492316,663,1,0.5459999999999994,3.8249999999989086,5.116958025610074,1763196190091,1763196190327,,,,,,,,,,long,16623,577,283,183,3
l3_short_window,SHORT_WINDOW,14.0,0.5,300,2,86,ok,,0,1,24.047000013524666,663,1,0.580999999999996,3.6959999999999127,4.973291011992842,1763196208012,1763196208257,,,,,,,,,,long,20739,287,349,157,0
l3_short_window,SHORT_WINDOW,14.0,0.5,300,2,87,ok,,0,1,26.003583014244214,663,1,0.5339999999999989,3.5100000000002183,4.806207987712696,1763196229512,1763196229727,,,,,,,,,,long,20387,626,238,241,5
l3_short_window,SHORT_WINDOW,14.0,0.5,300,2,88,ok,,0,1,20.62079100869596,663,1,0.45899999999999963,3.3309999999992215,4.563750000670552,1763196250813,1763196251018,,,,,,,,,,long,19765,563,337,174,4
l3_short_window,SHORT_WINDOW,14.0,0.5,300,2,89,ok,,0,1,27.318333013681695,663,1,0.4890000000000043,3.4850000000014916,4.728500003693625,1763196271390,1763196271607,,,,,,,,,,long,17440,395,231,252,1
l3_short_window,SHORT_WINDOW,14.0,0.5,300,2,90,ok,,0,1,24.789624992990866,663,1,0.5050000000000026,3.4439999999995052,4.68437498784624,1763196290199,1763196290407,,,,,,,,,,long,16544,746,243,248,4
l3_short_window,SHORT_WINDOW,14.0,0.5,300,2,91,ok,,0,1,23.158375028287992,663,1,0.5390000000000015,3.5340000000005602,4.770792002091184,1763196307571,1763196307780,,,,,,,,,,long,20523,592,224,228,1
l3_short_window,SHORT_WINDOW,14.0,0.5,300,2,92,ok,,0,1,24.55058300984092,663,1,0.5310000000000024,3.5080000000007203,4.806292010471225,1763196328969,1763196329184,,,,,,,,,,long,15472,522,284,271,3
l3_short_window,SHORT_WINDOW,14.0,0.5,300,2,93,ok,,0,1,23.081541992723942,663,1,0.7719999999999985,3.1200000000008004,4.42549999570474,1763196346242,1763196346446,,,,,,,,,,long,16425,830,297,242,3
l3_short_window,SHORT_WINDOW,14.0,0.5,300,2,94,ok,,0,1,25.366166984895244,663,1,0.6009999999999991,3.6569999999992433,4.74158299039118,1763196362987,1763196363217,,,,,,,,,,long,14636,701,228,201,0
l3_short_window,SHORT_WINDOW,14.0,0.5,300,2,95,ok,,0,1,25.878749991534278,663,1,0.5330000000000084,3.555000000000291,6.518625013995916,1763196378766,1763196378983,,,,,,,,,,long,14227,823,306,200,2
l3_short_window,SHORT_WINDOW,14.0,0.5,300,2,96,ok,,0,1,24.42987501854077,663,1,0.5230000000000032,3.6480000000001382,4.919125000014901,1763196393745,1763196393977,,,,,,,,,,long,17728,651,300,255,2
l3_short_window,SHORT_WINDOW,14.0,0.5,300,2,97,ok,,0,1,27.31683399179019,663,1,0.5180000000000007,3.6559999999990396,4.991541994968429,1763196412615,1763196412833,,,,,,,,,,long,20464,839,328,199,2
l3_short_window,SHORT_WINDOW,14.0,0.5,300,2,98,ok,,0,1,22.97058398835361,663,1,0.48100000000000165,3.5600000000004,4.533625004114583,1763196433688,1763196433897,,,,,,,,,,long,17154,463,222,213,3
l3_short_window,SHORT_WINDOW,14.0,0.5,300,2,99,ok,,0,1,24.451083998428658,663,1,0.49299999999999855,3.596999999998843,4.804916010471061,1763196451989,1763196452211,,,,,,,,,,long,15167,575,209,263,7
l3_short_window,SHORT_WINDOW,14.0,0.5,300,2,100,ok,,0,1,23.986957996385172,663,1,0.4860000000000042,3.449000000000524,4.7217090032063425,1763196468062,1763196468276,,,,,,,,,,long,18991,509,275,172,3
l3_short_window,SHORT_WINDOW,14.0,0.5,300,2,101,ok,,0,1,23.758666997309774,663,1,0.4870000000000019,3.480999999999767,4.750457999762148,1763196488068,1763196488280,,,,,,,,,,long,21330,478,201,210,2
l3_short_window,SHORT_WINDOW,14.0,0.5,300,2,102,ok,,0,1,26.056500006234273,663,1,0.5059999999999931,3.5180000000009386,4.8618330038152635,1763196510442,1763196510662,,,,,,,,,,long,15821,536,285,264,2
l3_short_window,SHORT_WINDOW,14.0,0.5,300,2,103,ok,,0,1,28.63662497838959,663,1,0.509999999999998,4.143000000000939,5.384707998018712,1763196527495,1763196527717,,,,,,,,,,long,15708,738,232,207,2
l3_short_window,SHORT_WINDOW,14.0,0.5,300,2,104,ok,,0,1,22.552540991455317,663,1,0.5070000000000014,3.430000000000291,4.708041000412777,1763196544062,1763196544270,,,,,,,,,,long,18896,602,206,235,2
l3_short_window,SHORT_WINDOW,14.0,0.5,300,2,105,ok,,0,1,26.366250007413328,663,1,0.5520000000000067,3.6369999999988067,4.921291983919218,1763196564460,1763196564702,,,,,,,,,,long,17203,603,230,203,2
l3_short_window,SHORT_WINDOW,14.0,0.5,300,2,106,ok,,0,1,22.322417004033923,663,1,0.5700000000000003,3.6710000000002765,5.077332985820249,1763196582417,1763196582642,,,,,,,,,,long,14658,880,310,204,1
l3_short_window,SHORT_WINDOW,14.0,0.5,300,2,107,ok,,0,1,24.138959008269012,663,1,0.5100000000000016,3.4470000000001164,4.644875007215887,1763196597978,1763196598187,,,,,,,,,,long,18552,821,300,155,0
l3_short_window,SHORT_WINDOW,14.0,0.5,300,2,108,ok,,0,1,24.538875004509464,663,1,0.5189999999999984,3.7330000000001746,5.115291976835579,1763196617362,1763196617580,,,,,,,,,,long,18778,700,302,219,6
l3_short_window,SHORT_WINDOW,14.0,0.5,300,2,109,ok,,0,1,24.344833014765754,663,1,0.5360000000000014,3.735999999998967,4.749791987705976,1763196636879,1763196637108,,,,,,,,,,long,18880,475,201,174,4
l3_short_window,SHORT_WINDOW,14.0,0.5,300,2,110,ok,,0,1,22.422209003707394,663,1,0.47699999999999676,3.5280000000002474,4.79095900664106,1763196657208,1763196657414,,,,,,,,,,long,19501,872,279,163,3
l3_short_window,SHORT_WINDOW,14.0,0.5,300,2,111,ok,,0,1,26.44566699746065,663,1,0.5350000000000072,3.7359999999998763,5.067833990324289,1763196677184,1763196677403,,,,,,,,,,long,16740,385,213,219,2
l3_short_window,SHORT_WINDOW,14.0,0.5,300,2,112,ok,,0,1,23.305082984734327,663,1,0.5570000000000022,3.5989999999992506,4.877041996223852,1763196695171,1763196695392,,,,,,,,,,long,14193,631,238,252,3
l3_short_window,SHORT_WINDOW,14.0,0.5,300,2,113,ok,,0,1,23.419000004651025,663,1,0.7679999999999971,3.342999999999847,3.9823330007493496,1763196710581,1763196710800,,,,,,,,,,long,15849,847,309,234,0
l3_short_window,SHORT_WINDOW,14.0,0.5,300,2,114,ok,,0,3,1037.888500984991,1989,3,0.8100000000000023,3.9950000000008004,5.4963339935056865,1763196727615,1763196728837,,,,,,,,,,long,18334,596,226,271,3
l3_short_window,SHORT_WINDOW,14.0,0.5,300,2,115,ok,,0,1,23.224915988976136,663,1,0.49600000000000577,3.503000000000611,4.7814580029807985,1763196746498,1763196746706,,,,,,,,,,long,14555,659,280,259,1
l3_short_window,SHORT_WINDOW,14.0,0.5,300,2,116,ok,,0,1,21.698500000638887,663,1,0.5380000000000038,3.7399999999997817,5.012582987546921,1763196762112,1763196762339,,,,,,,,,,long,21057,774,338,269,4
l3_short_window,SHORT_WINDOW,14.0,0.5,300,2,117,ok,,0,1,25.209917017491534,663,1,0.5060000000000002,3.636000000000422,4.85616599326022,1763196784287,1763196784503,,,,,,,,,,long,16133,890,262,171,4
l3_short_window,SHORT_WINDOW,14.0,0.5,300,2,118,ok,,0,1,23.73324998188764,663,1,0.5210000000000008,3.5800000000008367,4.856625018874183,1763196801373,1763196801590,,,,,,,,,,long,14717,817,242,209,1
l3_short_window,SHORT_WINDOW,14.0,0.5,300,2,119,ok,,0,1,24.961709015769884,663,1,0.5720000000000027,3.592999999999847,4.728792002424598,1763196816557,1763196816755,,,,,,,,,,long,20289,371,231,216,4
l3_short_window,SHORT_WINDOW,14.0,0.5,300,2,120,ok,,0,1,23.009083000943065,663,1,0.4839999999999982,3.5640000000003056,4.860750021180138,1763196837660,1763196837884,,,,,,,,,,long,15841,274,229,177,3
l3_short_window,SHORT_WINDOW,14.0,0.5,300,2,121,ok,,0,1,21.908750000875443,663,1,0.49099999999999966,3.2229999999999563,4.1328329825773835,1763196854551,1763196854735,,,,,,,,,,long,16724,395,348,204,2
l3_short_window,SHORT_WINDOW,14.0,0.5,300,2,122,ok,,0,1,20.806832995731384,663,1,0.48499999999999943,3.4290000000000873,4.577374988002703,1763196872771,1763196872985,,,,,,,,,,long,16281,876,276,153,2
l3_short_window,SHORT_WINDOW,14.0,0.5,300,2,123,ok,,0,1,25.562499999068677,663,1,0.4889999999999972,3.618000000000393,4.908832983346656,1763196890090,1763196890308,,,,,,,,,,long,17662,886,274,186,4
l3_short_window,SHORT_WINDOW,14.0,0.5,300,2,124,ok,,0,1,26.54374999110587,663,1,0.5360000000000014,3.493000000000393,4.527582990704104,1763196908639,1763196908849,,,,,,,,,,long,17892,774,215,176,3
l3_short_window,SHORT_WINDOW,14.0,0.5,300,2,125,ok,,0,1,22.62624999275431,663,1,0.48700000000000543,3.4859999999998763,4.706624982645735,1763196927181,1763196927394,,,,,,,,,,long,19192,467,346,246,1
l3_short_window,SHORT_WINDOW,14.0,0.5,300,2,126,ok,,0,1,27.46079201460816,663,1,0.5309999999999953,3.46100000000024,4.745957994600758,1763196947277,1763196947476,,,,,,,,,,long,16435,349,330,272,5
l3_short_window,SHORT_WINDOW,14.0,0.5,300,2,127,ok,,0,1,27.142375009134412,663,1,0.5580000000000069,3.8739999999997963,5.220040999120101,1763196965119,1763196965376,,,,,,,,,,long,18439,255,333,261,3
l3_short_window,SHORT_WINDOW,14.0,0.5,300,2,128,ok,,0,1,23.666083987336606,663,1,0.5400000000000063,3.686000000000604,4.976958007318899,1763196984357,1763196984585,,,,,,,,,,long,21640,619,315,179,2
l3_short_window,SHORT_WINDOW,14.0,0.5,300,2,129,ok,,0,1,28.50754201062955,663,1,0.5360000000000014,3.5999999999994543,4.841457994189113,1763197006959,1763197007178,,,,,,,,,,long,17958,652,299,265,2
l3_short_window,SHORT_WINDOW,14.0,0.5,300,2,130,ok,,0,1,22.306625003693625,663,1,0.7119999999999962,3.2109999999993306,4.44345801952295,1763197025938,1763197026147,,,,,,,,,,long,20699,682,267,164,2
l3_short_window,SHORT_WINDOW,14.0,0.5,300,2,131,ok,,0,1,26.47899999283254,663,1,0.5870000000000104,3.9589999999998327,5.0073330057784915,1763197048268,1763197048527,,,,,,,,,,long,18128,287,328,261,0
l3_short_window,SHORT_WINDOW,14.0,0.5,300,2,132,ok,,0,1,20.890708023216575,663,1,0.5300000000000011,3.6239999999997963,4.887124989181757,1763197066502,1763197066721,,,,,,,,,,long,19143,487,239,219,5
l3_short_window,SHORT_WINDOW,14.0,0.5,300,2,133,ok,,0,1,21.13124998868443,663,1,0.5679999999999978,3.5369999999993524,4.723333986476064,1763197086525,1763197086746,,,,,,,,,,long,17232,435,343,206,3
l3_short_window,SHORT_WINDOW,14.0,0.5,300,2,134,ok,,0,1,19.98708298197016,663,1,0.4859999999999971,3.39600000000155,4.6348749892786145,1763197104526,1763197104740,,,,,,,,,,long,18475,276,265,261,1
l3_short_window,SHORT_WINDOW,14.0,0.5,300,2,135,ok,,0,1,20.976540981791914,663,1,0.5389999999999979,3.507999999999811,4.7394589928444475,1763197124198,1763197124413,,,,,,,,,,long,17874,507,294,230,0
l3_short_window,SHORT_WINDOW,14.0,0.5,300,2,136,ok,,0,1,22.88958299322985,663,1,0.6180000000000021,3.2910000000001673,4.562208981951699,1763197143150,1763197143362,,,,,,,,,,long,15062,595,315,161,3
l3_short_window,SHORT_WINDOW,14.0,0.5,300,2,137,ok,,0,1,29.420584003673866,663,1,0.5919999999999916,3.6599999999998545,4.641583014745265,1763197159310,1763197159537,,,,,,,,,,long,15553,689,202,213,2
l3_short_window,SHORT_WINDOW,14.0,0.5,300,2,138,ok,,0,1,26.5914170013275,663,1,0.5090000000000039,3.463999999999942,4.746874998090789,1763197175497,1763197175697,,,,,,,,,,long,13996,482,319,253,4
l3_short_window,SHORT_WINDOW,14.0,0.5,300,2,139,ok,,0,1,20.847624982707202,663,1,0.47900000000000276,3.47400000000016,4.720041004475206,1763197190585,1763197190797,,,,,,,,,,long,18312,557,257,221,3
l3_short_window,SHORT_WINDOW,14.0,0.5,300,2,140,ok,,0,1,22.948750003706664,663,1,0.48900000000000077,3.5469999999986612,4.8422919935546815,1763197209918,1763197210135,,,,,,,,,,long,20946,575,283,159,2
l3_short_window,SHORT_WINDOW,14.0,0.5,300,2,141,ok,,0,1,21.329124982003123,663,1,0.551000000000009,3.8640000000004875,5.190249998122454,1763197232041,1763197232292,,,,,,,,,,long,19346,280,344,160,3
l3_short_window,SHORT_WINDOW,14.0,0.5,300,2,142,ok,,0,1,20.436499995412305,663,1,0.6139999999999972,3.1019999999998618,4.169666004600003,1763197252428,1763197252623,,,,,,,,,,long,15928,858,325,272,2
l3_short_window,SHORT_WINDOW,14.0,0.5,300,2,143,ok,,0,2,545.6112090032548,1326,2,2.6839999999999975,11.42199999999957,15.610000002197921,1763197269674,1763197270379,,,,,,,,,,long,20243,855,268,206,3
l3_short_window,SHORT_WINDOW,14.0,0.5,300,2,144,ok,,0,1,25.121332990238443,663,1,0.4989999999999988,3.6340000000000146,4.935042001307011,1763197289884,1763197290101,,,,,,,,,,long,15021,601,342,206,2
l3_short_window,SHORT_WINDOW,14.0,0.5,300,2,145,ok,,0,1,27.46316700358875,663,1,0.5120000000000005,3.566999999999098,4.790957988006994,1763197306056,1763197306280,,,,,,,,,,long,16586,755,324,238,3
l3_short_window,SHORT_WINDOW,14.0,0.5,300,2,146,ok,,0,1,23.099000012734905,663,1,0.5269999999999975,3.4030000000002474,4.669750022003427,1763197323165,1763197323366,,,,,,,,,,long,14083,401,237,167,3
l3_short_window,SHORT_WINDOW,14.0,0.5,300,2,147,ok,,0,1,29.25020901602693,663,1,0.5599999999999987,3.7229999999999563,4.70904100802727,1763197338476,1763197338695,,,,,,,,,,long,18269,629,289,250,5
l3_short_window,SHORT_WINDOW,14.0,0.5,300,2,148,ok,,0,1,24.668458005180582,663,1,0.5180000000000007,3.449000000000524,4.545042000245303,1763197357534,1763197357742,,,,,,,,,,long,21035,510,260,206,4
l3_short_window,SHORT_WINDOW,14.0,0.5,300,2,149,ok,,0,1,27.344250003807247,663,1,0.5689999999999991,3.636000000000422,4.862083005718887,1763197380040,1763197380268,,,,,,,,,,long,15817,886,240,237,2
l3_short_window,SHORT_WINDOW,14.0,0.5,300,2,150,ok,,0,1,22.351124993292615,663,1,0.47399999999999665,3.540999999999258,4.855790990404785,1763197396360,1763197396574,,,,,,,,,,long,21562,431,343,218,5
l3_short_window,SHORT_WINDOW,14.0,0.5,300,2,151,ok,,0,1,23.919416998978704,663,1,0.5189999999999984,3.4680000000007567,4.477540991501883,1763197418832,1763197419040,,,,,,,,,,long,19270,394,306,179,5
l3_short_window,SHORT_WINDOW,14.0,0.5,300,2,152,ok,,0,1,25.671000010333955,663,1,0.5420000000000051,3.6589999999996508,4.958875011652708,1763197439591,1763197439818,,,,,,,,,,long,16197,846,314,158,2
l3_short_window,SHORT_WINDOW,14.0,0.5,300,2,153,ok,,0,1,28.165249997982755,663,1,0.5440000000000005,3.4579999999987194,4.6529579849448055,1763197456365,1763197456580,,,,,,,,,,long,16142,535,202,201,2
l3_short_window,SHORT_WINDOW,14.0,0.5,300,2,154,ok,,0,1,25.88262499193661,663,1,0.5300000000000011,3.5360000000009677,4.831250000279397,1763197473232,1763197473443,,,,,,,,,,long,20168,310,230,223,5
l3_short_window,SHORT_WINDOW,14.0,0.5,300,2,155,ok,,0,1,23.62687498680316,663,1,0.5200000000000031,3.537000000000262,4.812333994777873,1763197494549,1763197494763,,,,,,,,,,long,15085,569,233,263,3
l3_short_window,SHORT_WINDOW,14.0,0.5,300,2,156,ok,,0,1,21.8090420239605,663,1,0.48600000000000065,3.4989999999997963,4.802667011972517,1763197510480,1763197510689,,,,,,,,,,long,14357,477,341,165,0
l3_short_window,SHORT_WINDOW,14.0,0.5,300,2,157,ok,,0,1,25.534249987686053,663,1,0.5199999999999996,3.5449999999991633,4.642999992938712,1763197525666,1763197525876,,,,,,,,,,long,17352,359,309,270,6
l3_short_window,SHORT_WINDOW,14.0,0.5,300,2,158,ok,,0,1,25.00487500219606,663,1,0.5379999999999967,3.5689999999995052,4.658167017623782,1763197544179,1763197544404,,,,,,,,,,long,14157,639,260,270,2
l3_short_window,SHORT_WINDOW,14.0,0.5,300,2,159,ok,,0,1,24.20500002335757,663,1,0.504999999999999,3.4149999999999636,4.620666994014755,1763197559331,1763197559544,,,,,,,,,,long,14229,805,206,190,3
l3_short_window,SHORT_WINDOW,14.0,0.5,300,2,160,ok,,0,1,25.215209025191143,663,1,0.5510000000000019,3.5939999999991414,4.84833400696516,1763197574395,1763197574613,,,,,,,,,,long,16094,648,239,234,1
l3_short_window,SHORT_WINDOW,14.0,0.5,300,2,161,ok,,0,1,22.27691697771661,663,1,0.4939999999999998,3.485000000000582,4.711916990345344,1763197591487,1763197591725,,,,,,,,,,long,16797,627,251,171,1
l3_short_window,SHORT_WINDOW,14.0,0.5,300,2,162,ok,,0,1,25.46612499281764,663,1,0.612999999999996,3.5230000000001382,4.835832980461419,1763197609351,1763197609563,,,,,,,,,,long,16309,674,275,197,4
l3_short_window,SHORT_WINDOW,14.0,0.5,300,2,163,ok,,0,1,21.791790990391746,663,1,0.5139999999999993,3.2610000000013315,4.429791995789856,1763197626323,1763197626523,,,,,,,,,,long,15404,367,256,208,1
l3_short_window,SHORT_WINDOW,14.0,0.5,300,2,164,ok,,0,1,25.513125001452863,663,1,0.7390000000000079,3.270999999999731,4.459707997739315,1763197642911,1763197643121,,,,,,,,,,long,15683,581,240,190,3
l3_short_window,SHORT_WINDOW,14.0,0.5,300,2,165,ok,,0,1,25.04649999900721,663,1,0.5120000000000005,3.481999999999971,4.695958021329716,1763197659634,1763197659853,,,,,,,,,,long,17808,677,205,217,3
l3_short_window,SHORT_WINDOW,14.0,0.5,300,2,166,ok,,0,1,24.300165998283774,663,1,0.5310000000000024,3.647000000000844,4.979166988050565,1763197678650,1763197678871,,,,,,,,,,long,21036,887,214,156,8
l3_short_window,SHORT_WINDOW,14.0,0.5,300,2,167,ok,,0,1,23.92591699026525,663,1,0.5079999999999991,3.4780000000000655,4.720249999081716,1763197699935,1763197700144,,,,,,,,,,long,13739,306,270,274,2
l3_short_window,SHORT_WINDOW,14.0,0.5,300,2,168,ok,,0,1,26.369541010353714,663,1,0.634999999999998,3.5940000000009604,4.951916984282434,1763197715070,1763197715302,,,,,,,,,,long,18922,725,308,170,2
l3_short_window,SHORT_WINDOW,14.0,0.5,300,2,169,ok,,0,1,25.54095900268294,663,1,0.5410000000000004,3.475999999999658,4.791375016793609,1763197734473,1763197734693,,,,,,,,,,long,17125,356,277,197,4
l3_short_window,SHORT_WINDOW,14.0,0.5,300,2,170,ok,,0,1,22.29958400130272,663,1,0.5209999999999972,3.764999999999418,4.895332996966317,1763197752997,1763197753224,,,,,,,,,,long,15170,720,302,227,3
l3_short_window,SHORT_WINDOW,14.0,0.5,300,2,171,ok,,0,1,24.862709018634632,663,1,0.5219999999999949,3.509000000000924,4.7235829988494515,1763197768740,1763197768945,,,,,,,,,,long,17978,326,307,150,2
l3_short_window,SHORT_WINDOW,14.0,0.5,300,2,172,ok,,0,1,26.232417003484443,663,1,0.48400000000000176,3.4660000000003492,4.727665975224227,1763197787927,1763197788134,,,,,,,,,,long,19217,550,211,222,2
l3_short_window,SHORT_WINDOW,14.0,0.5,300,2,173,ok,,0,1,24.016208975808695,663,1,0.49199999999999733,3.6200000000008004,4.910415998892859,1763197808401,1763197808623,,,,,,,,,,long,15060,744,221,178,1
l3_short_window,SHORT_WINDOW,14.0,0.5,300,2,174,ok,,0,1,24.427666008705273,663,1,0.5130000000000017,3.6710000000002765,5.070124985650182,1763197824552,1763197824767,,,,,,,,,,long,18429,891,347,235,5
l3_short_window,SHORT_WINDOW,14.0,0.5,300,2,175,ok,,0,1,25.74279101099819,663,1,0.4940000000000033,3.329000000000633,4.5306670072022825,1763197843383,1763197843599,,,,,,,,,,long,20918,306,304,155,3
l3_short_window,SHORT_WINDOW,14.0,0.5,300,2,176,ok,,0,1,23.725625011138618,663,1,0.5289999999999964,3.5069999999986976,4.795415996341035,1763197865691,1763197865912,,,,,,,,,,long,18325,756,312,250,3
l3_short_window,SHORT_WINDOW,14.0,0.5,300,2,177,ok,,0,1,23.82404200034216,663,1,0.6699999999999946,3.040999999999258,4.080874990904704,1763197885390,1763197885595,,,,,,,,,,long,15046,658,286,262,5
l3_short_window,SHORT_WINDOW,14.0,0.5,300,2,178,ok,,0,1,25.758208008483052,663,1,0.8350000000000009,3.516000000000531,4.6917080180719495,1763197900717,1763197900929,,,,,,,,,,long,15582,501,282,161,5
l3_short_window,SHORT_WINDOW,14.0,0.5,300,2,179,ok,,0,1,26.637875009328127,663,1,0.5189999999999984,3.6559999999990396,4.91991700255312,1763197917719,1763197917937,,,,,,,,,,long,19507,834,251,223,3
l3_short_window,SHORT_WINDOW,14.0,0.5,300,2,180,ok,,0,1,21.401624981081113,663,1,0.48799999999999955,3.524000000000342,4.800541006261483,1763197938100,1763197938317,,,,,,,,,,long,16120,709,253,275,1
l3_short_window,SHORT_WINDOW,14.0,0.5,300,2,181,ok,,0,1,26.410416001453996,663,1,0.5080000000000027,2.834999999999127,3.408624994335696,1763197955282,1763197955498,,,,,,,,,,long,21479,799,214,180,4
l3_short_window,SHORT_WINDOW,14.0,0.5,300,2,182,ok,,0,1,24.697916000150144,663,1,0.5670000000000037,3.734999999998763,4.994332994101569,1763197977809,1763197978029,,,,,,,,,,long,17143,808,277,166,0
l3_short_window,SHORT_WINDOW,14.0,0.5,300,2,183,ok,,0,1,20.470957999350503,663,1,0.5129999999999981,3.524999999999636,4.624249995686114,1763197995414,1763197995608,,,,,,,,,,long,18912,329,341,204,4
l3_short_window,SHORT_WINDOW,14.0,0.5,300,2,184,ok,,0,1,22.720459004631266,663,1,0.5450000000000053,3.5679999999993015,4.826459015021101,1763198015771,1763198015989,,,,,,,,,,long,17061,811,232,227,3
l3_short_window,SHORT_WINDOW,14.0,0.5,300,2,185,ok,,0,1,21.47237499593757,663,1,0.4880000000000031,3.469999999999345,4.787707992363721,1763198033362,1763198033578,,,,,,,,,,long,14062,528,234,265,1
l3_short_window,SHORT_WINDOW,14.0,0.5,300,2,186,ok,,0,1,24.185292015317827,663,1,0.8220000000000027,4.114999999999782,5.674708023434505,1763198048582,1763198048792,,,,,,,,,,long,20621,681,313,174,5
l3_short_window,SHORT_WINDOW,14.0,0.5,300,2,187,ok,,0,1,28.39820901863277,663,1,0.5440000000000005,3.639999999999418,4.693958995630965,1763198070294,1763198070527,,,,,,,,,,long,16453,831,292,269,2
l3_short_window,SHORT_WINDOW,14.0,0.5,300,2,188,ok,,0,1,26.151625002967194,663,1,0.5470000000000041,3.685999999998785,5.016042006900534,1763198087560,1763198087783,,,,,,,,,,long,18209,576,229,252,3
l3_short_window,SHORT_WINDOW,14.0,0.5,300,2,189,ok,,0,1,24.071874999208376,663,1,0.48699999999999477,3.5339999999996508,4.750624997541308,1763198106973,1763198107190,,,,,,,,,,long,20247,807,246,179,2
l3_short_window,SHORT_WINDOW,14.0,0.5,300,2,190,ok,,0,1,26.772916986374184,663,1,0.48600000000000065,3.4520000000002256,4.714417009381577,1763198127762,1763198127979,,,,,,,,,,long,17412,372,308,206,4
l3_short_window,SHORT_WINDOW,14.0,0.5,300,2,191,ok,,0,1,18.263916979776695,663,1,0.45899999999999963,3.345999999999549,4.5972089865244925,1763198146124,1763198146324,,,,,,,,,,long,21395,462,299,216,0
l3_short_window,SHORT_WINDOW,14.0,0.5,300,2,192,ok,,0,1,25.035625003511086,663,1,0.5200000000000031,3.4260000000003856,4.66549998964183,1763198168606,1763198168811,,,,,,,,,,long,17559,505,232,201,1
l3_short_window,SHORT_WINDOW,14.0,0.5,300,2,193,ok,,0,1,24.02254202752374,663,1,0.5150000000000006,3.6439999999993233,4.934041993692517,1763198187296,1763198187521,,,,,,,,,,long,19153,625,215,175,4
l3_short_window,SHORT_WINDOW,14.0,0.5,300,2,194,ok,,0,1,28.741040994646028,663,1,0.544000000000004,3.5010000000002037,4.8299589834641665,1763198207760,1763198207979,,,,,,,,,,long,15978,893,297,162,2
l3_short_window,SHORT_WINDOW,14.0,0.5,300,2,195,ok,,0,1,24.114750005537644,663,1,0.5250000000000021,3.621999999999389,5.002541991416365,1763198224584,1763198224813,,,,,,,,,,long,15429,767,224,263,1
l3_short_window,SHORT_WINDOW,14.0,0.5,300,2,196,ok,,0,1,24.317000003065914,663,1,0.517000000000003,3.5599999999994907,4.8571249935775995,1763198240658,1763198240876,,,,,,,,,,long,16469,475,285,182,7
l3_short_window,SHORT_WINDOW,14.0,0.5,300,2,197,ok,,0,1,26.56050000223331,663,1,0.5269999999999975,3.694999999999709,4.9794589867815375,1763198258283,1763198258509,,,,,,,,,,long,17751,609,237,205,4
l3_short_window,SHORT_WINDOW,14.0,0.5,300,2,198,ok,,0,1,25.37925000069663,663,1,0.6709999999999994,3.5820000000003347,4.900375002762303,1763198276642,1763198276858,,,,,,,,,,long,19502,289,220,198,4
l3_short_window,SHORT_WINDOW,14.0,0.5,300,2,199,ok,,0,1,23.9075830031652,663,1,0.5879999999999939,3.6849999999994907,4.989416018361226,1763198297705,1763198297966,,,,,,,,,,long,17715,282,321,265,2
l3_short_window,SHORT_WINDOW,14.0,0.5,300,2,200,ok,,0,1,18.361082999035716,663,1,0.5120000000000005,3.6869999999989886,5.052082997281104,1763198316170,1763198316389,,,,,,,,,,long,20456,582,256,259,2
l3_short_window,SHORT_WINDOW,14.0,0.5,300,2,201,ok,,0,1,27.20725000835955,663,1,0.5169999999999959,3.640999999998712,4.896625003311783,1763198337448,1763198337663,,,,,,,,,,long,19283,408,260,265,5
l3_short_window,SHORT_WINDOW,14.0,0.5,300,2,202,ok,,0,1,24.27449999959208,663,1,0.5369999999999955,3.4320000000006985,4.7622499987483025,1763198357759,1763198357967,,,,,,,,,,long,20955,492,227,270,4
l3_short_window,SHORT_WINDOW,14.0,0.5,300,2,203,ok,,0,1,25.976916018407792,663,1,0.5480000000000018,3.7340000000003783,4.984708008123562,1763198379999,1763198380222,,,,,,,,,,long,14344,796,249,152,4
l3_short_window,SHORT_WINDOW,14.0,0.5,300,2,204,ok,,0,1,19.15091701084748,663,1,0.5339999999999989,3.9080000000003565,5.21787500474602,1763198395297,1763198395549,,,,,,,,,,long,19561,266,346,228,3
l3_short_window,SHORT_WINDOW,14.0,0.5,300,2,205,ok,,0,1,23.877625004388392,663,1,0.5509999999999984,3.4970000000002983,4.741917015053332,1763198415336,1763198415545,,,,,,,,,,long,14007,390,228,226,1
l3_short_window,SHORT_WINDOW,14.0,0.5,300,2,206,ok,,0,1,22.986500000115484,663,1,0.536999999999999,3.496999999999389,4.7567919827997684,1763198430750,1763198430961,,,,,,,,,,long,20397,820,299,262,1
l3_short_window,SHORT_WINDOW,14.0,0.5,300,2,207,ok,,0,1,23.481791984522715,663,1,0.7490000000000023,3.3530000000000655,4.902083979686722,1763198451884,1763198452100,,,,,,,,,,long,18998,573,230,278,3
l3_short_window,SHORT_WINDOW,14.0,0.5,300,2,208,ok,,0,1,46.26958302105777,663,1,2.0219999999999985,11.054000000000087,25.070584000786766,1763198471960,1763198472166,,,,,,,,,,long,14266,677,277,176,1
l3_short_window,SHORT_WINDOW,14.0,0.5,300,2,209,ok,,0,1,27.5235419976525,663,1,0.5119999999999969,3.6840000000001965,4.985125007806346,1763198487359,1763198487582,,,,,,,,,,long,17037,786,270,223,2
l3_short_window,SHORT_WINDOW,14.0,0.5,300,2,210,ok,,0,1,24.772792006842792,663,1,0.49299999999999855,3.532999999999447,4.8205839993897825,1763198504964,1763198505166,,,,,,,,,,long,14611,410,249,152,0
l3_short_window,SHORT_WINDOW,14.0,0.5,300,2,211,ok,,0,1,23.959708982147276,663,1,0.5100000000000016,3.252000000001317,4.436708026332781,1763198520495,1763198520685,,,,,,,,,,long,16907,372,264,259,3
l3_short_window,SHORT_WINDOW,14.0,0.5,300,2,212,ok,,0,1,23.06529102497734,663,1,0.5120000000000005,3.604000000000269,4.892208002274856,1763198538932,1763198539150,,,,,,,,,,long,14859,824,255,198,0
l3_short_window,SHORT_WINDOW,14.0,0.5,300,2,213,ok,,0,1,24.642166012199596,663,1,0.4870000000000019,3.4600000000000364,4.690457979450002,1763198554495,1763198554708,,,,,,,,,,long,20568,592,291,184,4
l3_short_window,SHORT_WINDOW,14.0,0.5,300,2,214,ok,,0,1,27.693500014720485,663,1,0.5489999999999995,3.5250000000005457,4.8027079901658,1763198575568,1763198575778,,,,,,,,,,long,20091,295,243,203,2
l3_short_window,SHORT_WINDOW,14.0,0.5,300,2,215,ok,,0,1,25.551917002303526,663,1,0.5209999999999937,3.4340000000001965,4.711457993835211,1763198596587,1763198596783,,,,,,,,,,long,16270,294,201,249,1
l3_short_window,SHORT_WINDOW,14.0,0.5,300,2,216,ok,,0,1,24.86375000444241,663,1,0.5360000000000014,3.5000000000009095,4.816792003111914,1763198613920,1763198614124,,,,,,,,,,long,15353,404,295,250,2
l3_short_window,SHORT_WINDOW,14.0,0.5,300,2,217,ok,,0,1,28.669166000327095,663,1,0.5119999999999969,3.696000000000822,4.9671670130919665,1763198630159,1763198630379,,,,,,,,,,long,19566,342,202,204,5
l3_short_window,SHORT_WINDOW,14.0,0.5,300,2,218,ok,,0,1,26.744041009806097,663,1,0.4869999999999983,3.4329999999999927,4.711583984317258,1763198650562,1763198650771,,,,,,,,,,long,14912,342,308,208,3
l3_short_window,SHORT_WINDOW,14.0,0.5,300,2,219,ok,,0,1,23.737417010124773,663,1,0.5170000000000066,3.5950000000002547,4.906250018393621,1763198666553,1763198666773,,,,,,,,,,long,20458,538,207,201,3
l3_short_window,SHORT_WINDOW,14.0,0.5,300,2,220,ok,,0,1,25.582667003618553,663,1,0.5109999999999992,3.519999999999527,4.862165980739519,1763198688212,1763198688433,,,,,,,,,,long,15291,728,285,173,2
l3_short_window,SHORT_WINDOW,14.0,0.5,300,2,221,ok,,0,1,25.502834003418684,663,1,0.522000000000002,3.4979999999995925,4.774249973706901,1763198704440,1763198704655,,,,,,,,,,long,17154,815,317,175,4
l3_short_window,SHORT_WINDOW,14.0,0.5,300,2,222,ok,,0,1,25.1551250112243,663,1,1.2519999999999953,3.469999999999345,4.877625004155561,1763198722163,1763198722383,,,,,,,,,,long,14482,476,330,272,1
l3_short_window,SHORT_WINDOW,14.0,0.5,300,2,223,ok,,0,1,24.501875013811514,663,1,0.5030000000000001,4.084999999999127,5.08941599400714,1763198737684,1763198737892,,,,,,,,,,long,20499,537,275,152,3
l3_short_window,SHORT_WINDOW,14.0,0.5,300,2,224,ok,,0,1,22.40287500899285,663,1,0.532,3.4880000000011933,4.821500013349578,1763198759125,1763198759327,,,,,,,,,,long,20153,453,321,182,7
l3_short_window,SHORT_WINDOW,14.0,0.5,300,2,225,ok,,0,1,24.434124992694706,663,1,0.5440000000000005,3.6450000000004366,4.88812499679625,1763198780595,1763198780814,,,,,,,,,,long,15651,715,225,151,1
l3_short_window,SHORT_WINDOW,14.0,0.5,300,2,226,ok,,0,1,26.482374989427626,663,1,0.5210000000000008,3.675999999999476,5.048833001637831,1763198797091,1763198797315,,,,,,,,,,long,19120,617,213,220,2
l3_short_window,SHORT_WINDOW,14.0,0.5,300,2,227,ok,,0,1,28.33025000290945,663,1,0.5209999999999972,3.678000000000793,4.760874988278374,1763198817373,1763198817595,,,,,,,,,,long,14292,827,278,191,2
l3_short_window,SHORT_WINDOW,14.0,0.5,300,2,228,ok,,0,1,23.658958001760766,663,1,0.509999999999998,3.686999999999898,4.995167022570968,1763198832343,1763198832587,,,,,,,,,,long,17714,705,231,217,0
l3_short_window,SHORT_WINDOW,14.0,0.5,300,2,229,ok,,0,1,23.442375008016825,663,1,1.115000000000002,3.161000000000058,4.388583009131253,1763198851362,1763198851575,,,,,,,,,,long,21495,568,253,228,3
l3_short_window,SHORT_WINDOW,14.0,0.5,300,2,230,ok,,0,1,24.680790986167267,663,1,0.5300000000000011,3.4740000000010696,4.710833018179983,1763198873302,1763198873517,,,,,,,,,,long,14434,557,274,229,1
l3_short_window,SHORT_WINDOW,14.0,0.5,300,2,231,ok,,0,1,20.45562499552034,663,1,0.5390000000000015,3.4970000000002983,4.8372080200351775,1763198888718,1763198888929,,,,,,,,,,long,18844,542,211,208,1
l3_short_window,SHORT_WINDOW,14.0,0.5,300,2,232,ok,,0,1,23.347375012235716,663,1,0.8780000000000001,3.5790000000015425,4.739291005535051,1763198909327,1763198909544,,,,,,,,,,long,17113,835,338,174,3
l3_short_window,SHORT_WINDOW,14.0,0.5,300,2,233,ok,,0,1,25.187250023009256,663,1,0.5389999999999979,3.418000000000575,4.6113750140648335,1763198926858,1763198927064,,,,,,,,,,long,17971,764,263,225,3
l3_short_window,SHORT_WINDOW,14.0,0.5,300,2,234,ok,,0,1,23.246082972036675,663,1,0.5459999999999994,3.6419999999998254,4.987958003766835,1763198945821,1763198946044,,,,,,,,,,long,19844,807,333,243,4
l3_short_window,SHORT_WINDOW,14.0,0.5,300,2,235,ok,,0,1,29.00700000463985,663,1,0.6550000000000082,3.1940000000004147,4.409790999488905,1763198967074,1763198967295,,,,,,,,,,long,20210,746,201,233,6
l3_short_window,SHORT_WINDOW,14.0,0.5,300,2,236,ok,,0,1,24.341832991922274,663,1,0.5140000000000029,3.574999999999818,4.8737910110503435,1763198987882,1763198988102,,,,,,,,,,long,14619,798,224,162,0
l3_short_window,SHORT_WINDOW,14.0,0.5,300,2,237,ok,,0,1,26.018540986115113,663,1,0.5010000000000012,3.4990000000007058,4.7467089898418635,1763199002983,1763199003193,,,,,,,,,,long,15054,355,279,221,3
l3_short_window,SHORT_WINDOW,14.0,0.5,300,2,238,ok,,0,1,27.469166001537815,663,1,0.5489999999999995,3.4719999999997526,4.719832999398932,1763199018834,1763199019043,,,,,,,,,,long,15209,279,305,229,3
l3_short_window,SHORT_WINDOW,14.0,0.5,300,2,239,ok,,0,1,25.335833983263,663,1,0.5279999999999987,3.5130000000008295,4.546707990812138,1763199035276,1763199035483,,,,,,,,,,long,17178,620,264,189,5
l3_short_window,SHORT_WINDOW,14.0,0.5,300,2,240,ok,,0,1,22.98670800519176,663,1,0.527000000000001,3.3009999999985666,4.611292009940371,1763199053050,1763199053250,,,,,,,,,,long,17673,339,266,246,1
l3_short_window,SHORT_WINDOW,14.0,0.5,300,2,241,ok,,0,1,22.31374999973923,663,1,0.5369999999999955,3.520999999999731,4.8252909909933805,1763199071604,1763199071811,,,,,,,,,,long,14497,340,219,276,1
l3_short_window,SHORT_WINDOW,14.0,0.5,300,2,242,ok,,0,1,24.990416975924745,663,1,0.5720000000000027,3.8809999999994034,5.282208992866799,1763199087562,1763199087818,,,,,,,,,,long,21118,270,306,161,0
l3_short_window,SHORT_WINDOW,14.0,0.5,300,2,243,ok,,0,1,24.408542027231306,663,1,0.4800000000000004,3.3359999999993306,4.534165986115113,1763199109481,1763199109685,,,,,,,,,,long,21357,620,349,209,4
l3_short_window,SHORT_WINDOW,14.0,0.5,300,2,244,ok,,0,1,23.520166985690594,663,1,0.8190000000000026,3.933999999999287,5.91529201483354,1763199132288,1763199132503,,,,,,,,,,long,15256,566,209,198,6
l3_short_window,SHORT_WINDOW,14.0,0.5,300,2,245,ok,,0,1,24.580416997196153,663,1,0.5140000000000029,3.365000000000691,4.5910839980933815,1763199147843,1763199148056,,,,,,,,,,long,17104,396,264,201,2
l3_short_window,SHORT_WINDOW,14.0,0.5,300,2,246,ok,,0,1,24.9392080004327,663,1,0.5479999999999947,3.6729999999997744,4.992333007976413,1763199166117,1763199166339,,,,,,,,,,long,17401,598,308,234,2
l3_short_window,SHORT_WINDOW,14.0,0.5,300,2,247,ok,,0,1,25.358291022712365,663,1,0.5489999999999995,3.540000000000873,4.758583992952481,1763199184521,1763199184742,,,,,,,,,,long,16633,720,242,197,2
l3_short_window,SHORT_WINDOW,14.0,0.5,300,2,248,ok,,0,1,28.94979200209491,663,1,0.5410000000000004,3.5460000000002765,4.919583006994799,1763199201733,1763199201948,,,,,,,,,,long,20110,360,216,267,6
l3_short_window,SHORT_WINDOW,14.0,0.5,300,2,249,ok,,0,1,25.264583993703127,663,1,0.5120000000000005,3.370999999999185,4.581790999509394,1763199222707,1763199222930,,,,,,,,,,long,19052,322,262,220,2
l3_short_window,SHORT_WINDOW,14.0,0.5,300,2,250,ok,,0,1,25.84895901964046,663,1,0.485000000000003,3.4879999999993743,4.755208006827161,1763199242792,1763199243004,,,,,,,,,,long,13926,379,258,198,3
l3_short_window,SHORT_WINDOW,14.0,0.5,300,2,251,ok,,0,1,23.8132500089705,663,1,0.5399999999999991,3.6440000000011423,5.024165991926566,1763199257892,1763199258115,,,,,,,,,,long,14899,532,337,266,2
l3_short_window,SHORT_WINDOW,14.0,0.5,300,2,252,ok,,0,1,28.777999978046864,663,1,0.5579999999999998,3.5309999999990396,4.839792003622279,1763199273790,1763199274004,,,,,,,,,,long,16058,571,320,276,4
l3_short_window,SHORT_WINDOW,14.0,0.5,300,2,253,ok,,0,1,26.274667005054653,663,1,0.5790000000000006,3.923000000000684,5.120124988025054,1763199291016,1763199291267,,,,,,,,,,long,21490,263,341,243,4
l3_short_window,SHORT_WINDOW,14.0,0.5,300,2,254,ok,,0,1,20.77733399346471,663,1,0.527000000000001,3.7409999999999854,4.730207991087809,1763199313334,1763199313569,,,,,,,,,,long,19172,633,274,219,1
l3_short_window,SHORT_WINDOW,14.0,0.5,300,2,255,ok,,0,1,25.33704199595377,663,1,0.5119999999999969,3.6619999999993524,4.734957998152822,1763199333634,1763199333848,,,,,,,,,,long,18783,682,286,235,2
l3_short_window,SHORT_WINDOW,14.0,0.5,300,2,256,ok,,0,1,23.920250008814037,663,1,0.6039999999999957,3.4229999999997744,4.680042009567842,1763199353104,1763199353309,,,,,,,,,,long,19119,425,298,196,3
l3_short_window,SHORT_WINDOW,14.0,0.5,300,2,257,ok,,0,1,24.408708995906636,663,1,0.5730000000000004,3.7320000000008804,4.782040981808677,1763199373192,1763199373415,,,,,,,,,,long,21508,592,307,151,3
l3_short_window,SHORT_WINDOW,14.0,0.5,300,2,258,ok,,0,1,27.041583001846448,663,1,0.5600000000000023,3.730999999999767,5.0315829867031425,1763199396008,1763199396228,,,,,,,,,,long,18718,832,310,216,4
l3_short_window,SHORT_WINDOW,14.0,0.5,300,2,259,ok,,0,1,22.646958008408546,663,1,0.5180000000000007,3.534999999998945,4.568083997583017,1763199415520,1763199415741,,,,,,,,,,long,18633,760,256,184,6
l3_short_window,SHORT_WINDOW,14.0,0.5,300,2,260,ok,,0,1,22.108791978098452,663,1,0.5370000000000026,3.475000000000364,4.519624984823167,1763199434690,1763199434906,,,,,,,,,,long,20483,398,337,237,1
l3_short_window,SHORT_WINDOW,14.0,0.5,300,2,261,ok,,0,1,24.643957993248478,663,1,0.49700000000000344,3.51299999999992,4.800790979061276,1763199456406,1763199456615,,,,,,,,,,long,18934,648,228,249,1
l3_short_window,SHORT_WINDOW,14.0,0.5,300,2,262,ok,,0,1,25.648709008237347,663,1,0.5509999999999984,3.462000000000444,4.742084012832493,1763199476437,1763199476648,,,,,,,,,,long,18929,706,255,219,0
l3_short_window,SHORT_WINDOW,14.0,0.5,300,2,263,ok,,0,1,19.910333008738235,663,1,0.4789999999999992,3.449000000000524,4.679500008933246,1763199495907,1763199496108,,,,,,,,,,long,20675,294,244,232,2
l3_short_window,SHORT_WINDOW,14.0,0.5,300,2,264,ok,,0,1,26.87304202117957,663,1,0.6189999999999998,3.0550000000012005,4.317417013226077,1763199518654,1763199518852,,,,,,,,,,long,15230,887,213,220,3
l3_short_window,SHORT_WINDOW,14.0,0.5,300,2,265,ok,,0,1,22.937750007258728,663,1,0.5199999999999996,3.662999999999556,4.7079590149223804,1763199534125,1763199534351,,,,,,,,,,long,22090,683,321,165,6
l3_short_window,SHORT_WINDOW,14.0,0.5,300,2,266,ok,,0,1,30.486208997899666,663,1,0.5309999999999953,3.5379999999986467,4.882583016296849,1763199557139,1763199557352,,,,,,,,,,long,20096,750,345,188,2
l3_short_window,SHORT_WINDOW,14.0,0.5,300,2,267,ok,,0,1,23.461208009393886,663,1,0.5299999999999976,3.6719999999995707,4.96179101173766,1763199577946,1763199578169,,,,,,,,,,long,15604,477,201,196,4
l3_short_window,SHORT_WINDOW,14.0,0.5,300,2,268,ok,,0,1,26.86375001212582,663,1,0.544000000000004,3.7710000000006403,4.848792013945058,1763199594567,1763199594816,,,,,,,,,,long,20157,543,314,264,3
l3_short_window,SHORT_WINDOW,14.0,0.5,300,2,269,ok,,0,1,20.869041996775195,663,1,0.47300000000000253,3.420999999999367,4.601791006280109,1763199615957,1763199616179,,,,,,,,,,long,19804,732,211,248,3
l3_short_window,SHORT_WINDOW,14.0,0.5,300,2,270,ok,,0,1,23.160124983405694,663,1,0.5309999999999988,3.738999999999578,5.061542004114017,1763199636281,1763199636511,,,,,,,,,,long,16459,468,206,182,7
l3_short_window,SHORT_WINDOW,14.0,0.5,300,2,271,ok,,0,1,24.293750000651926,663,1,0.8350000000000009,3.188000000001921,5.018916999688372,1763199653908,1763199654132,,,,,,,,,,long,21124,655,278,212,3
l3_short_window,SHORT_WINDOW,14.0,0.5,300,2,272,ok,,0,1,26.686333992984146,663,1,0.5290000000000035,3.5579999999999927,4.838583990931511,1763199675929,1763199676154,,,,,,,,,,long,15926,596,249,203,3
l3_short_window,SHORT_WINDOW,14.0,0.5,300,2,273,ok,,0,1,25.989041023422033,663,1,0.4939999999999998,3.4429999999993015,4.614915989805013,1763199692912,1763199693113,,,,,,,,,,long,16204,670,241,219,4
l3_short_window,SHORT_WINDOW,14.0,0.5,300,2,274,ok,,0,1,26.303958002245054,663,1,0.6610000000000014,3.220999999999549,4.465000005438924,1763199710727,1763199710940,,,,,,,,,,long,19386,795,213,197,3
l3_short_window,SHORT_WINDOW,14.0,0.5,300,2,275,ok,,0,1,19.945875013945624,663,1,0.5090000000000003,3.4530000000004293,4.735708003863692,1763199731165,1763199731383,,,,,,,,,,long,15660,837,331,270,5
l3_short_window,SHORT_WINDOW,14.0,0.5,300,2,276,ok,,0,1,26.540999999269843,663,1,0.48499999999999943,3.436000000000604,4.6906250063329935,1763199746736,1763199746943,,,,,,,,,,long,17166,281,264,225,0
l3_short_window,SHORT_WINDOW,14.0,0.5,300,2,277,ok,,0,1,25.679499987745658,663,1,0.5259999999999998,3.732999999999265,5.030166998039931,1763199765125,1763199765347,,,,,,,,,,long,21331,551,310,258,2
l3_short_window,SHORT_WINDOW,14.0,0.5,300,2,278,ok,,0,1,29.614459024742246,663,1,0.49700000000000344,3.486000000000786,4.814583982806653,1763199787281,1763199787484,,,,,,,,,,long,15469,439,300,208,0
l3_short_window,SHORT_WINDOW,14.0,0.5,300,2,279,ok,,0,1,25.384167005540803,663,1,0.5410000000000075,3.4689999999991414,4.7402089985553175,1763199803767,1763199803988,,,,,,,,,,long,17018,466,221,276,0
l3_short_window,SHORT_WINDOW,14.0,0.5,300,2,280,ok,,0,1,22.15820801211521,663,1,0.47700000000000387,3.419000000001688,4.449875006685033,1763199821727,1763199821929,,,,,,,,,,long,18095,444,322,183,3
l3_short_window,SHORT_WINDOW,14.0,0.5,300,2,281,ok,,0,1,18.434249999700114,663,1,0.6870000000000047,3.007000000001426,4.067125002620742,1763199841754,1763199841965,,,,,,,,,,long,15755,808,217,275,3
l3_short_window,SHORT_WINDOW,14.0,0.5,300,2,282,ok,,0,1,22.726333991158754,663,1,0.5239999999999974,3.393000000000029,4.649582988349721,1763199857543,1763199857727,,,,,,,,,,long,14082,332,307,203,1
l3_short_window,SHORT_WINDOW,14.0,0.5,300,2,283,ok,,0,1,22.272749978583306,663,1,0.6639999999999979,3.4870000000009895,4.584250011248514,1763199872643,1763199872844,,,,,,,,,,long,17381,351,262,221,3
l3_short_window,SHORT_WINDOW,14.0,0.5,300,2,284,ok,,0,3,1051.94204201689,1989,3,2.1060000000000016,13.122000000000298,17.88316699094139,1763199891527,1763199892749,,,,,,,,,,long,20605,870,300,191,5
l3_short_window,SHORT_WINDOW,14.0,0.5,300,2,285,ok,,0,1,23.00420799292624,663,1,0.49399999999999267,3.3380000000006476,4.502708005020395,1763199912811,1763199913038,,,,,,,,,,long,14064,538,243,255,0
l3_short_window,SHORT_WINDOW,14.0,0.5,300,2,286,ok,,0,1,26.135541003895923,663,1,0.5199999999999996,3.563000000000102,4.952082992531359,1763199928602,1763199928816,,,,,,,,,,long,18870,795,286,154,2
l3_short_window,SHORT_WINDOW,14.0,0.5,300,2,287,ok,,0,1,25.565916002960876,663,1,0.5389999999999979,3.6189999999987776,4.895499994745478,1763199947965,1763199948194,,,,,,,,,,long,17586,751,225,276,1
l3_short_window,SHORT_WINDOW,14.0,0.5,300,2,288,ok,,0,1,26.477125007659197,663,1,0.5169999999999959,3.475000000000364,4.462041018996388,1763199966335,1763199966547,,,,,,,,,,long,14066,569,235,272,2
l3_short_window,SHORT_WINDOW,14.0,0.5,300,2,289,ok,,0,1,24.13941698614508,663,1,0.5189999999999984,3.360000000000582,4.334415978519246,1763199981121,1763199981332,,,,,,,,,,long,17613,325,204,249,3
l3_short_window,SHORT_WINDOW,14.0,0.5,300,2,290,ok,,0,1,21.650583017617464,663,1,0.5599999999999987,3.4940000000005966,4.789625003468245,1763200000128,1763200000334,,,,,,,,,,long,21483,762,217,275,2
l3_short_window,SHORT_WINDOW,14.0,0.5,300,2,291,ok,,0,1,21.698416996514425,663,1,0.5090000000000039,3.441999999999098,4.668874986236915,1763200022190,1763200022398,,,,,,,,,,long,17096,395,200,238,1
l3_short_window,SHORT_WINDOW,14.0,0.5,300,2,292,ok,,0,1,27.59962499840185,663,1,0.5999999999999979,3.6850000000004,4.896416998235509,1763200040787,1763200041015,,,,,,,,,,long,13991,860,249,158,2
l3_short_window,SHORT_WINDOW,14.0,0.5,300,2,293,ok,,0,1,25.49683299730532,663,1,0.5109999999999957,3.5749999999989086,4.882667009951547,1763200055568,1763200055787,,,,,,,,,,long,21133,669,326,207,4
l3_short_window,SHORT_WINDOW,14.0,0.5,300,2,294,ok,,0,1,23.96366698667407,663,1,0.5109999999999957,3.4640000000008513,4.718540993053466,1763200077338,1763200077539,,,,,,,,,,long,16545,373,293,227,3
l3_short_window,SHORT_WINDOW,14.0,0.5,300,2,295,ok,,0,1,27.696208999259397,663,1,0.5290000000000035,6.825999999999112,9.015000017825514,1763200094866,1763200095077,,,,,,,,,,long,22099,297,253,201,7
l3_short_window,SHORT_WINDOW,14.0,0.5,300,2,296,ok,,0,1,24.12512499722652,663,1,0.5049999999999955,3.3240000000014334,4.551374993752688,1763200117958,1763200118148,,,,,,,,,,long,17972,323,349,213,1
l3_short_window,SHORT_WINDOW,14.0,0.5,300,2,297,ok,,0,1,23.357041995041072,663,1,0.5450000000000017,3.7659999999996217,5.057332979049534,1763200137383,1763200137640,,,,,,,,,,long,20060,272,326,267,5
l3_short_window,SHORT_WINDOW,14.0,0.5,300,2,298,ok,,0,1,22.038291994249448,663,1,0.590999999999994,3.5100000000011278,4.573582991724834,1763200158377,1763200158596,,,,,,,,,,long,14047,762,236,186,3
l3_short_window,SHORT_WINDOW,14.0,0.5,300,2,299,ok,,0,1,25.085207977099344,663,1,0.497999999999994,3.4089999999996508,4.612832999555394,1763200173305,1763200173518,,,,,,,,,,long,18683,722,229,272,1
l3_short_window,SHORT_WINDOW,14.0,0.5,300,2,300,ok,,0,1,21.49279200239107,663,1,0.4940000000000033,3.6219999999984793,4.699915996752679,1763200192498,1763200192699,,,,,,,,,,long,16212,285,245,210,3
l3_short_window,SHORT_WINDOW,14.0,0.5,400,2,1,ok,,0,1,20.760291983606294,663,1,0.5,3.5239999999994325,4.714624985354021,1763200210313,1763200210528,,,,,,,,,,long,20771,861,268,269,3
l3_short_window,SHORT_WINDOW,14.0,0.5,400,2,2,ok,,0,1,21.72229197458364,663,1,0.8299999999999983,3.4149999999999636,4.30233299266547,1763200231728,1763200231990,,,,,,,,,,long,19852,613,305,259,2
l3_short_window,SHORT_WINDOW,14.0,0.5,400,2,3,ok,,0,2,524.2227090056986,1326,2,1.3290000000000006,3.3339999999998327,5.210249975789338,1763200252397,1763200253114,,,,,,,,,,long,19807,509,214,205,0
l3_short_window,SHORT_WINDOW,14.0,0.5,400,2,4,ok,,0,1,25.25629199226387,663,1,0.679000000000002,3.4200000000000728,4.5537919795606285,1763200273200,1763200273417,,,,,,,,,,long,17698,448,331,165,3
l3_short_window,SHORT_WINDOW,14.0,0.5,400,2,5,ok,,0,1,24.618916009785607,663,1,0.652000000000001,3.9340000000001965,5.087124998681247,1763200292162,1763200292413,,,,,,,,,,long,20455,255,280,240,2
l3_short_window,SHORT_WINDOW,14.0,0.5,400,2,6,ok,,0,1,19.341415987582877,663,1,0.7739999999999974,3.3289999999997235,4.4401250197552145,1763200313267,1763200313474,,,,,,,,,,long,14199,542,246,220,1
l3_short_window,SHORT_WINDOW,14.0,0.5,400,2,7,ok,,0,1,23.09545801836066,663,1,0.5410000000000039,3.632999999999811,4.944874992361292,1763200328226,1763200328422,,,,,,,,,,long,17288,430,338,173,5
l3_short_window,SHORT_WINDOW,14.0,0.5,400,2,8,ok,,0,1,23.392458009766415,663,1,0.504999999999999,4.048999999999978,5.104959011077881,1763200346858,1763200347070,,,,,,,,,,long,17649,778,254,162,2
l3_short_window,SHORT_WINDOW,14.0,0.5,400,2,9,ok,,0,1,23.234416992636397,663,1,0.8680000000000021,3.7600000000002183,4.739916999824345,1763200365456,1763200365671,,,,,,,,,,long,16397,685,302,228,5
l3_short_window,SHORT_WINDOW,14.0,0.5,400,2,10,ok,,0,1,24.972249986603856,663,1,0.6330000000000062,3.3989999999994325,4.589959018630907,1763200382420,1763200382632,,,,,,,,,,long,21417,311,269,258,7
l3_short_window,SHORT_WINDOW,14.0,0.5,400,2,11,ok,,0,1,20.553500013193116,663,1,0.6150000000000091,3.457999999999629,4.683874984038994,1763200404753,1763200404947,,,,,,,,,,long,20516,264,225,166,3
l3_short_window,SHORT_WINDOW,14.0,0.5,400,2,12,ok,,0,1,19.369499990716577,663,1,0.6649999999999991,4.020999999999731,5.342415999621153,1763200426640,1763200426860,,,,,,,,,,long,16512,742,300,213,2
l3_short_window,SHORT_WINDOW,14.0,0.5,400,2,13,ok,,0,1,25.22599999792874,663,1,0.5810000000000031,3.6700000000009823,4.735208000056446,1763200444268,1763200444497,,,,,,,,,,long,17155,861,250,272,2
l3_short_window,SHORT_WINDOW,14.0,0.5,400,2,14,ok,,0,1,21.970959001919255,663,1,0.6799999999999997,3.530999999999949,4.532582999672741,1763200461964,1763200462179,,,,,,,,,,long,21131,469,304,159,5
l3_short_window,SHORT_WINDOW,14.0,0.5,400,2,15,ok,,0,2,536.1162069893908,1326,2,1.7580000000000027,9.377999999999702,12.41912500699982,1763200484777,1763200485485,,,,,,,,,,long,20509,615,337,165,1
l3_short_window,SHORT_WINDOW,14.0,0.5,400,2,16,ok,,0,1,22.973625018494204,663,1,0.6750000000000007,3.4329999999999927,4.85412499983795,1763200505586,1763200505800,,,,,,,,,,long,14067,489,266,212,3
l3_short_window,SHORT_WINDOW,14.0,0.5,400,2,17,ok,,0,1,19.62904099491425,663,1,0.5240000000000009,3.517000000000735,4.660916980355978,1763200521078,1763200521290,,,,,,,,,,long,17660,811,308,247,4
l3_short_window,SHORT_WINDOW,14.0,0.5,400,2,18,ok,,0,1,24.589916021795943,663,1,0.5180000000000007,3.5750000000007276,4.751959000714123,1763200539477,1763200539694,,,,,,,,,,long,17963,604,228,217,1
l3_short_window,SHORT_WINDOW,14.0,0.5,400,2,19,ok,,0,1,20.518625009572133,663,1,0.509999999999998,3.35399999999845,4.556458006845787,1763200558162,1763200558359,,,,,,,,,,long,18613,430,323,257,4
l3_short_window,SHORT_WINDOW,14.0,0.5,400,2,20,ok,,0,1,25.834874977590516,663,1,0.5120000000000076,4.045000000000982,5.358166992664337,1763200577955,1763200578177,,,,,,,,,,long,19506,629,287,222,2
l3_short_window,SHORT_WINDOW,14.0,0.5,400,2,21,ok,,0,1,23.00212497357279,663,1,0.5500000000000043,3.4570000000003347,4.760582989547402,1763200598564,1763200598775,,,,,,,,,,long,18285,819,229,155,2
l3_short_window,SHORT_WINDOW,14.0,0.5,400,2,22,ok,,0,1,21.801041992148384,663,1,0.4830000000000041,3.504000000000815,4.783458018209785,1763200617674,1763200617886,,,,,,,,,,long,21206,714,250,227,4
l3_short_window,SHORT_WINDOW,14.0,0.5,400,2,23,ok,,0,1,19.87762498902157,663,1,0.6580000000000084,3.4660000000003492,4.764542012708262,1763200639462,1763200639648,,,,,,,,,,long,21086,396,321,236,2
l3_short_window,SHORT_WINDOW,14.0,0.5,400,2,24,ok,,0,1,25.117625016719103,663,1,0.529999999999994,3.4589999999998327,4.734624992124736,1763200661982,1763200662195,,,,,,,,,,long,20220,852,251,258,1
l3_short_window,SHORT_WINDOW,14.0,0.5,400,2,25,ok,,0,1,25.207667000358924,663,1,0.5799999999999983,3.2919999999994616,4.479875002289191,1763200683113,1763200683366,,,,,,,,,,long,18582,821,316,245,3
l3_short_window,SHORT_WINDOW,14.0,0.5,400,2,26,ok,,0,1,25.9325000224635,663,1,0.5699999999999967,3.469999999999345,4.703457991126925,1763200702070,1763200702282,,,,,,,,,,long,20722,267,253,169,1
l3_short_window,SHORT_WINDOW,14.0,0.5,400,2,27,ok,,0,1,20.844790997216478,663,1,0.5039999999999978,3.5310000000008586,4.822499991860241,1763200724270,1763200724485,,,,,,,,,,long,16292,752,237,231,2
l3_short_window,SHORT_WINDOW,14.0,0.5,400,2,28,ok,,0,1,22.952583007281646,663,1,0.5639999999999965,3.561000000000604,4.468833009013906,1763200741596,1763200741812,,,,,,,,,,long,19749,848,341,249,3
l3_short_window,SHORT_WINDOW,14.0,0.5,400,2,29,ok,,0,1,20.918208989314735,663,1,0.578000000000003,3.392000000000735,4.276040999684483,1763200761725,1763200761912,,,,,,,,,,long,21631,289,312,215,4
l3_short_window,SHORT_WINDOW,14.0,0.5,400,2,30,ok,,0,1,21.546625008340925,663,1,0.5410000000000075,3.4719999999997526,4.3264580017421395,1763200784400,1763200784611,,,,,,,,,,long,19702,379,229,263,5
l3_short_window,SHORT_WINDOW,14.0,0.5,400,2,31,ok,,0,1,21.5774170064833,663,1,0.5199999999999996,3.331000000000131,4.403583996463567,1763200804979,1763200805179,,,,,,,,,,long,14398,307,233,180,2
l3_short_window,SHORT_WINDOW,14.0,0.5,400,2,32,ok,,0,1,22.72649999940768,663,1,0.5480000000000018,3.537999999999556,4.800416994839907,1763200820664,1763200820889,,,,,,,,,,long,14806,624,238,191,2
l3_short_window,SHORT_WINDOW,14.0,0.5,400,2,33,ok,,0,1,17.658958997344598,663,1,0.5019999999999989,3.5770000000002256,4.885083006229252,1763200836305,1763200836514,,,,,,,,,,long,14933,523,218,251,0
l3_short_window,SHORT_WINDOW,14.0,0.5,400,2,34,ok,,0,1,25.457208015723154,663,1,0.551999999999996,4.993000000000393,6.113917013863102,1763200852630,1763200852844,,,,,,,,,,long,21754,866,275,216,2
l3_short_window,SHORT_WINDOW,14.0,0.5,400,2,35,ok,,0,1,25.628000003052875,663,1,0.5879999999999939,3.8659999999999854,5.203042004723102,1763200875374,1763200875617,,,,,,,,,,long,18730,605,223,253,4
l3_short_window,SHORT_WINDOW,14.0,0.5,400,2,36,ok,,0,1,26.095874985912815,663,1,0.5480000000000018,3.946000000000822,5.138167005497962,1763200895307,1763200895513,,,,,,,,,,long,18509,894,217,229,6
l3_short_window,SHORT_WINDOW,14.0,0.5,400,2,37,ok,,0,1,21.046542009571567,663,1,0.5330000000000013,3.4500000000007276,4.743750003399327,1763200914302,1763200914514,,,,,,,,,,long,15962,463,257,259,1
l3_short_window,SHORT_WINDOW,14.0,0.5,400,2,38,ok,,0,1,23.574041988467798,663,1,0.7680000000000007,3.5930000000007567,5.000959004973993,1763200931281,1763200931481,,,,,,,,,,long,17281,502,342,193,2
l3_short_window,SHORT_WINDOW,14.0,0.5,400,2,39,ok,,0,1,24.782791995676234,663,1,0.8749999999999964,3.4770000000007713,4.92720800684765,1763200949867,1763200950075,,,,,,,,,,long,14683,768,234,154,2
l3_short_window,SHORT_WINDOW,14.0,0.5,400,2,40,ok,,0,1,22.870624001370743,663,1,0.5679999999999978,3.842000000000553,5.095916014397517,1763200965194,1763200965408,,,,,,,,,,long,21019,528,274,270,4
l3_short_window,SHORT_WINDOW,14.0,0.5,400,2,41,ok,,0,1,26.713790983194485,663,1,0.5480000000000018,3.800999999999476,4.8107920156326145,1763200987457,1763200987682,,,,,,,,,,long,21406,788,310,265,3
l3_short_window,SHORT_WINDOW,14.0,0.5,400,2,42,ok,,0,1,21.7078750138171,663,1,0.7289999999999992,4.018999999999323,4.688749992055818,1763201009381,1763201009585,,,,,,,,,,long,14062,293,349,225,2
l3_short_window,SHORT_WINDOW,14.0,0.5,400,2,43,ok,,0,1,22.46641699457541,663,1,0.8690000000000069,3.8239999999996144,5.177582992473617,1763201024586,1763201024782,,,,,,,,,,long,18059,327,329,220,0
l3_short_window,SHORT_WINDOW,14.0,0.5,400,2,44,ok,,0,1,21.84495798428543,663,1,0.5289999999999928,3.5909999999994398,4.946792003465816,1763201044160,1763201044375,,,,,,,,,,long,20452,880,333,246,4
l3_short_window,SHORT_WINDOW,14.0,0.5,400,2,45,ok,,0,1,24.829500005580485,663,1,0.669000000000004,3.7390000000004875,5.189541989238933,1763201064996,1763201065198,,,,,,,,,,long,14050,322,336,240,3
l3_short_window,SHORT_WINDOW,14.0,0.5,400,2,46,ok,,0,1,37.43912497884594,663,1,0.625,8.324999999999818,9.619791992008686,1763201079925,1763201080150,,,,,,,,,,long,21841,264,202,154,3
l3_short_window,SHORT_WINDOW,14.0,0.5,400,2,47,ok,,0,1,23.429041990311816,663,1,0.532,4.08600000000024,5.317792005371302,1763201102908,1763201103114,,,,,,,,,,long,20836,597,252,240,2
l3_short_window,SHORT_WINDOW,14.0,0.5,400,2,48,ok,,0,1,23.202375014079735,663,1,0.8569999999999993,4.418000000000575,6.295041996054351,1763201124877,1763201125115,,,,,,,,,,long,17316,724,208,260,6
l3_short_window,SHORT_WINDOW,14.0,0.5,400,2,49,ok,,0,1,23.012165998807177,663,1,0.5400000000000063,3.4990000000007058,4.891040996881202,1763201142707,1763201142910,,,,,,,,,,long,16552,508,336,160,4
l3_short_window,SHORT_WINDOW,14.0,0.5,400,2,50,ok,,0,1,22.92941600899212,663,1,1.073999999999998,4.046999999999571,5.057833011960611,1763201160393,1763201160611,,,,,,,,,,long,18251,606,256,182,1
l3_short_window,SHORT_WINDOW,14.0,0.5,400,2,51,ok,,0,1,26.40208401135169,663,1,0.6010000000000062,4.718000000000757,5.681709008058533,1763201179314,1763201179523,,,,,,,,,,long,16718,376,242,205,0
l3_short_window,SHORT_WINDOW,14.0,0.5,400,2,52,ok,,0,1,23.10104202479124,663,1,0.5510000000000019,3.5850000000000364,4.6225830155890435,1763201197393,1763201197606,,,,,,,,,,long,21883,806,279,264,4
l3_short_window,SHORT_WINDOW,14.0,0.5,400,2,53,ok,,0,1,21.82325001922436,663,1,0.7179999999999964,3.8469999999997526,5.193999997572973,1763201220143,1763201220362,,,,,,,,,,long,15314,782,280,167,0
l3_short_window,SHORT_WINDOW,14.0,0.5,400,2,54,ok,,0,1,31.31470800144598,663,1,0.9140000000000015,8.02099999999973,8.929000003263354,1763201236389,1763201236625,,,,,,,,,,long,18442,714,230,209,1
l3_short_window,SHORT_WINDOW,14.0,0.5,400,2,55,ok,,0,1,21.897915983572602,663,1,0.5570000000000022,3.610000000000582,4.816291009774432,1763201255428,1763201255640,,,,,,,,,,long,19798,260,282,241,0
l3_short_window,SHORT_WINDOW,14.0,0.5,400,2,56,ok,,0,1,23.222916992381215,663,1,0.573000000000004,3.9929999999994834,4.9689169973134995,1763201276303,1763201276525,,,,,,,,,,long,15066,394,303,218,3
l3_short_window,SHORT_WINDOW,14.0,0.5,400,2,57,ok,,0,1,21.694958006264642,663,1,0.7920000000000016,4.47899999999936,5.488624999998137,1763201292598,1763201292829,,,,,,,,,,long,21414,727,339,213,3
l3_short_window,SHORT_WINDOW,14.0,0.5,400,2,58,ok,,0,1,22.80800000880845,663,1,0.6029999999999944,4.936999999998989,5.701541987946257,1763201315168,1763201315385,,,,,,,,,,long,18037,893,231,267,1
l3_short_window,SHORT_WINDOW,14.0,0.5,400,2,59,ok,,0,1,27.506333019118756,663,1,0.8260000000000005,5.543999999999869,7.785291003528982,1763201333987,1763201334327,,,,,,,,,,long,15686,522,273,278,5
l3_short_window,SHORT_WINDOW,14.0,0.5,400,2,60,ok,,0,1,22.59754200349562,663,1,0.8119999999999976,3.9960000000000946,5.088667006930336,1763201350484,1763201350710,,,,,,,,,,long,14871,489,284,202,3
l3_short_window,SHORT_WINDOW,14.0,0.5,400,2,61,ok,,0,1,26.14245898439549,663,1,0.6640000000000086,3.5960000000004584,5.033333000028506,1763201366537,1763201366762,,,,,,,,,,long,20437,652,261,240,2
l3_short_window,SHORT_WINDOW,14.0,0.5,400,2,62,ok,,0,1,22.44054200127721,663,1,0.7439999999999927,3.1099999999996726,4.225000011501834,1763201388079,1763201388308,,,,,,,,,,long,15625,841,289,224,1
l3_short_window,SHORT_WINDOW,14.0,0.5,400,2,63,ok,,0,1,23.893457982921973,663,1,0.7939999999999969,3.604000000000269,4.8694580036681145,1763201404353,1763201404562,,,,,,,,,,long,18424,558,247,220,4
l3_short_window,SHORT_WINDOW,14.0,0.5,400,2,64,ok,,0,1,23.36191598442383,663,1,0.5120000000000005,3.5319999999992433,4.75991700659506,1763201423835,1763201424043,,,,,,,,,,long,17589,659,288,158,3
l3_short_window,SHORT_WINDOW,14.0,0.5,400,2,65,ok,,0,1,23.714000009931624,663,1,0.6369999999999933,3.605000000000473,4.536792024737224,1763201441984,1763201442191,,,,,,,,,,long,18349,278,245,198,4
l3_short_window,SHORT_WINDOW,14.0,0.5,400,2,66,ok,,0,1,21.68358300696127,663,1,0.5380000000000003,3.411000000000058,4.624291002983227,1763201461917,1763201462126,,,,,,,,,,long,18889,822,298,270,3
l3_short_window,SHORT_WINDOW,14.0,0.5,400,2,67,ok,,0,1,24.402083014138043,663,1,0.7399999999999984,5.4340000000001965,6.712208007229492,1763201481303,1763201481517,,,,,,,,,,long,17254,320,336,174,4
l3_short_window,SHORT_WINDOW,14.0,0.5,400,2,68,ok,,0,1,23.83895800448954,663,1,0.75,3.5369999999993524,4.371457995148376,1763201499530,1763201499749,,,,,,,,,,long,15696,313,318,246,3
l3_short_window,SHORT_WINDOW,14.0,0.5,400,2,69,ok,,0,1,23.995416006073356,663,1,0.7399999999999984,3.719999999999345,4.864999995334074,1763201516333,1763201516541,,,,,,,,,,long,20342,497,266,189,3
l3_short_window,SHORT_WINDOW,14.0,0.5,400,2,70,ok,,0,1,26.43891700427048,663,1,0.5750000000000028,3.67699999999968,5.030125001212582,1763201537597,1763201537820,,,,,,,,,,long,19621,436,209,172,1
l3_short_window,SHORT_WINDOW,14.0,0.5,400,2,71,ok,,0,1,22.337542002787814,663,1,0.5090000000000003,3.542000000000371,4.801875009434298,1763201558428,1763201558643,,,,,,,,,,long,17397,612,248,183,1
l3_short_window,SHORT_WINDOW,14.0,0.5,400,2,72,ok,,0,1,27.193707996048033,663,1,0.9889999999999972,3.5829999999987194,5.0978340150322765,1763201576500,1763201576717,,,,,,,,,,long,20328,336,242,233,3
l3_short_window,SHORT_WINDOW,14.0,0.5,400,2,73,ok,,0,1,24.447125004371628,663,1,0.7569999999999979,4.573999999999614,6.471250002505258,1763201598561,1763201598786,,,,,,,,,,long,20664,661,312,220,6
l3_short_window,SHORT_WINDOW,14.0,0.5,400,2,74,ok,,0,1,24.055665999185294,663,1,0.7839999999999989,4.046999999999571,4.914707998977974,1763201619315,1763201619538,,,,,,,,,,long,16915,252,222,239,3
l3_short_window,SHORT_WINDOW,14.0,0.5,400,2,75,ok,,0,1,25.240707996999845,663,1,0.5850000000000009,3.5640000000003056,4.811457998584956,1763201637370,1763201637582,,,,,,,,,,long,15141,518,294,237,5
l3_short_window,SHORT_WINDOW,14.0,0.5,400,2,76,ok,,0,1,23.96141699864529,663,1,0.6659999999999968,3.27599999999984,4.27670800127089,1763201653751,1763201653957,,,,,,,,,,long,14092,718,343,158,1
l3_short_window,SHORT_WINDOW,14.0,0.5,400,2,77,ok,,0,1,22.331499989377335,663,1,0.7469999999999999,3.6169999999992797,4.720750002888963,1763201668626,1763201668856,,,,,,,,,,long,13777,557,299,230,1
l3_short_window,SHORT_WINDOW,14.0,0.5,400,2,78,ok,,0,1,21.599500003503636,663,1,0.6460000000000008,3.550999999999476,4.866583010880277,1763201683653,1763201683898,,,,,,,,,,long,17053,757,276,181,4
l3_short_window,SHORT_WINDOW,14.0,0.5,400,2,79,ok,,0,1,25.058250001166016,663,1,1.9009999999999962,3.3259999999991123,4.130624991375953,1763201701784,1763201702011,,,,,,,,,,long,16537,810,233,231,1
l3_short_window,SHORT_WINDOW,14.0,0.5,400,2,80,ok,,0,1,24.65487501467578,663,1,0.6709999999999994,3.7849999999998545,5.1589579961728305,1763201719337,1763201719562,,,,,,,,,,long,21434,873,314,244,6
l3_short_window,SHORT_WINDOW,14.0,0.5,400,2,81,ok,,0,1,24.50029199826531,663,1,0.8289999999999971,4.0239999999994325,5.410249985288829,1763201741664,1763201741870,,,,,,,,,,long,16400,765,329,203,4
l3_short_window,SHORT_WINDOW,14.0,0.5,400,2,82,ok,,0,1,23.64804199896753,663,1,0.5520000000000067,3.493999999999687,4.787332989508286,1763201758660,1763201758868,,,,,,,,,,long,20712,587,219,176,1
l3_short_window,SHORT_WINDOW,14.0,0.5,400,2,83,ok,,0,1,40.767833997961134,663,1,0.7639999999999958,4.378999999999905,5.627499980619177,1763201780596,1763201780841,,,,,,,,,,long,14502,798,340,172,4
l3_short_window,SHORT_WINDOW,14.0,0.5,400,2,84,ok,,0,1,23.271083016879857,663,1,0.7070000000000007,3.6939999999995052,4.990415996871889,1763201795823,1763201796035,,,,,,,,,,long,15331,605,320,164,4
l3_short_window,SHORT_WINDOW,14.0,0.5,400,2,85,ok,,0,1,24.406165990512818,663,1,0.6040000000000063,3.5989999999992506,4.881040978943929,1763201812036,1763201812250,,,,,,,,,,long,16289,537,258,231,3
l3_short_window,SHORT_WINDOW,14.0,0.5,400,2,86,ok,,0,1,25.21187500678934,663,1,0.6130000000000031,3.563999999999396,4.903916997136548,1763201829195,1763201829393,,,,,,,,,,long,19997,482,313,275,2
l3_short_window,SHORT_WINDOW,14.0,0.5,400,2,87,ok,,0,1,27.06058300100267,663,1,0.5479999999999947,3.587000000000444,4.744292004033923,1763201850544,1763201850768,,,,,,,,,,long,14038,835,281,236,0
l3_short_window,SHORT_WINDOW,14.0,0.5,400,2,88,ok,,0,1,23.079375008819625,663,1,0.8499999999999943,3.740000000000691,5.051249987445772,1763201865494,1763201865767,,,,,,,,,,long,15068,250,315,174,3
l3_short_window,SHORT_WINDOW,14.0,0.5,400,2,89,ok,,0,1,24.407417018665,663,1,0.5700000000000038,3.4609999999993306,4.744125006254762,1763201881156,1763201881353,,,,,,,,,,long,17932,453,333,204,3
l3_short_window,SHORT_WINDOW,14.0,0.5,400,2,90,ok,,0,1,22.426624986110255,663,1,0.7720000000000056,3.8690000000005966,5.32420800300315,1763201899914,1763201900134,,,,,,,,,,long,18012,357,229,259,2
l3_short_window,SHORT_WINDOW,14.0,0.5,400,2,91,ok,,0,1,28.559250000398606,663,1,0.8320000000000043,4.4520000000002256,5.742290988564491,1763201919260,1763201919482,,,,,,,,,,long,16046,659,226,208,3
l3_short_window,SHORT_WINDOW,14.0,0.5,400,2,92,ok,,0,1,23.698833014350384,663,1,0.8549999999999933,3.658000000001266,4.992834001313895,1763201936334,1763201936550,,,,,,,,,,long,15709,815,292,247,4
l3_short_window,SHORT_WINDOW,14.0,0.5,400,2,93,ok,,0,1,18.4512079868,663,1,0.5040000000000013,3.5050000000010186,4.597499995725229,1763201952650,1763201952863,,,,,,,,,,long,21023,500,273,251,3
l3_short_window,SHORT_WINDOW,14.0,0.5,400,2,94,ok,,0,1,21.251749974908307,663,1,0.8700000000000045,3.9539999999997235,5.484249995788559,1763201974634,1763201974856,,,,,,,,,,long,16571,634,335,266,1
l3_short_window,SHORT_WINDOW,14.0,0.5,400,2,95,ok,,0,1,26.484208996407688,663,1,0.5370000000000026,3.5150000000003274,4.920290986774489,1763201991886,1763201992095,,,,,,,,,,long,13995,485,242,268,4
l3_short_window,SHORT_WINDOW,14.0,0.5,400,2,96,ok,,0,1,25.05620798910968,663,1,0.5219999999999914,3.494999999999891,4.847874981351197,1763202006833,1763202007042,,,,,,,,,,long,17814,433,327,265,2
l3_short_window,SHORT_WINDOW,14.0,0.5,400,2,97,ok,,0,1,23.964499996509403,663,1,0.6659999999999968,3.173000000000684,4.48195802164264,1763202026063,1763202026272,,,,,,,,,,long,17105,889,321,218,6
l3_short_window,SHORT_WINDOW,14.0,0.5,400,2,98,ok,,0,1,25.206042017089203,663,1,0.5300000000000047,3.447000000001026,4.771750012878329,1763202043811,1763202044039,,,,,,,,,,long,18495,669,259,269,4
l3_short_window,SHORT_WINDOW,14.0,0.5,400,2,99,ok,,0,1,22.24441699218005,663,1,1.2509999999999977,4.019999999999527,5.197124992264435,1763202063109,1763202063325,,,,,,,,,,long,21213,484,286,203,4
l3_short_window,SHORT_WINDOW,14.0,0.5,400,2,100,ok,,0,1,21.96079198620282,663,1,0.8060000000000045,3.6940000000004147,4.871833021752536,1763202085337,1763202085558,,,,,,,,,,long,19608,534,221,162,3
l3_short_window,SHORT_WINDOW,14.0,0.5,400,2,101,ok,,0,1,25.212125008692965,663,1,0.8149999999999977,3.0869999999995343,4.277000000001863,1763202106203,1763202106417,,,,,,,,,,long,17446,888,332,214,3
l3_short_window,SHORT_WINDOW,14.0,0.5,400,2,102,ok,,0,1,26.129207981284708,663,1,0.5500000000000043,4.167000000001281,5.35395898623392,1763202124308,1763202124528,,,,,,,,,,long,14006,591,239,195,0
l3_short_window,SHORT_WINDOW,14.0,0.5,400,2,103,ok,,0,1,26.48112500901334,663,1,1.2860000000000014,3.865999999999076,5.122292001033202,1763202139400,1763202139626,,,,,,,,,,long,21587,669,235,204,5
l3_short_window,SHORT_WINDOW,14.0,0.5,400,2,104,ok,,0,1,24.609374988358468,663,1,0.6419999999999959,3.8539999999993597,5.1119579875376076,1763202162090,1763202162350,,,,,,,,,,long,20090,253,302,207,1
l3_short_window,SHORT_WINDOW,14.0,0.5,400,2,105,ok,,0,1,23.887791991000995,663,1,0.7360000000000113,3.576999999999316,4.690875008236617,1763202183049,1763202183264,,,,,,,,,,long,21301,711,257,231,2
l3_short_window,SHORT_WINDOW,14.0,0.5,400,2,106,ok,,0,1,25.131375005003065,663,1,1.134999999999998,5.220999999999549,6.433166010538116,1763202205154,1763202205369,,,,,,,,,,long,17941,550,246,227,3
l3_short_window,SHORT_WINDOW,14.0,0.5,400,2,107,ok,,0,1,23.41654198244214,663,1,1.472999999999999,3.123000000000502,4.464625002583489,1763202223682,1763202223937,,,,,,,,,,long,20827,362,301,271,3
l3_short_window,SHORT_WINDOW,14.0,0.5,400,2,108,ok,,0,1,22.0522090094164,663,1,0.8039999999999949,3.7760000000007494,5.238167010247707,1763202245746,1763202245973,,,,,,,,,,long,17968,674,299,214,2
l3_short_window,SHORT_WINDOW,14.0,0.5,400,2,109,ok,,0,1,26.843750005355105,663,1,0.6489999999999938,3.6560000000008586,4.973875009454787,1763202264340,1763202264584,,,,,,,,,,long,14987,313,213,246,3
l3_short_window,SHORT_WINDOW,14.0,0.5,400,2,110,ok,,0,1,20.788750000065193,663,1,0.5200000000000031,3.5789999999997235,4.95895798667334,1763202280869,1763202281080,,,,,,,,,,long,16806,835,201,214,3
l3_short_window,SHORT_WINDOW,14.0,0.5,400,2,111,ok,,0,1,23.8676670123823,663,1,0.5600000000000023,4.957000000000335,5.829625006299466,1763202299075,1763202299295,,,,,,,,,,long,21321,275,330,259,3
l3_short_window,SHORT_WINDOW,14.0,0.5,400,2,112,ok,,0,1,22.43929199175909,663,1,0.5149999999999935,3.3969999999999345,4.286500014131889,1763202320459,1763202320678,,,,,,,,,,long,18395,372,334,233,2
l3_short_window,SHORT_WINDOW,14.0,0.5,400,2,113,ok,,0,1,22.22854198771529,663,1,0.6859999999999999,3.622000000001208,4.886707989498973,1763202340304,1763202340513,,,,,,,,,,long,19895,872,337,259,3
l3_short_window,SHORT_WINDOW,14.0,0.5,400,2,114,ok,,0,1,23.73174999956973,663,1,0.7909999999999968,3.6120000000009895,4.838292021304369,1763202360817,1763202361036,,,,,,,,,,long,21018,576,243,278,1
l3_short_window,SHORT_WINDOW,14.0,0.5,400,2,115,ok,,0,1,25.073124998016283,663,1,0.6390000000000029,3.8779999999997017,5.160542001249269,1763202383051,1763202383302,,,,,,,,,,long,21624,312,345,166,4
l3_short_window,SHORT_WINDOW,14.0,0.5,400,2,116,ok,,0,1,24.313125002663583,663,1,0.7190000000000012,3.6699999999982538,5.057750007836148,1763202405386,1763202405590,,,,,,,,,,long,18725,572,209,231,1
l3_short_window,SHORT_WINDOW,14.0,0.5,400,2,117,ok,,0,1,26.455125014763325,663,1,0.8129999999999953,6.693999999999505,7.896916009485722,1763202424800,1763202425003,,,,,,,,,,long,18438,278,210,196,4
l3_short_window,SHORT_WINDOW,14.0,0.5,400,2,118,ok,,0,1,21.690624998882413,663,1,0.5379999999999967,3.42200000000048,4.549875011434779,1763202444345,1763202444558,,,,,,,,,,long,21269,430,231,170,2
l3_short_window,SHORT_WINDOW,14.0,0.5,400,2,119,ok,,0,1,19.427249993896112,663,1,0.4749999999999943,3.4879999999984648,4.7043749946169555,1763202466411,1763202466628,,,,,,,,,,long,18578,354,267,176,2
l3_short_window,SHORT_WINDOW,14.0,0.5,400,2,120,ok,,0,1,26.231083000311628,663,1,0.8659999999999997,4.463999999999942,5.45133400009945,1763202486049,1763202486284,,,,,,,,,,long,18322,359,323,191,3
l3_short_window,SHORT_WINDOW,14.0,0.5,400,2,121,ok,,0,1,27.569583005970344,663,1,0.713000000000001,3.8140000000003056,5.186374997720122,1763202505734,1763202505949,,,,,,,,,,long,14868,826,280,237,0
l3_short_window,SHORT_WINDOW,14.0,0.5,400,2,122,ok,,0,1,23.55508299660869,663,1,0.5079999999999991,3.5609999999996944,4.855292005231604,1763202521191,1763202521403,,,,,,,,,,long,18216,502,205,276,2
l3_short_window,SHORT_WINDOW,14.0,0.5,400,2,123,ok,,0,1,23.717125004623085,663,1,0.8399999999999963,4.731999999999061,6.203083001310006,1763202540498,1763202540716,,,,,,,,,,long,18518,558,274,214,2
l3_short_window,SHORT_WINDOW,14.0,0.5,400,2,124,ok,,0,1,24.448249983834103,663,1,0.5330000000000013,4.255000000000109,5.549374996917322,1763202559964,1763202560196,,,,,,,,,,long,19857,699,268,261,3
l3_short_window,SHORT_WINDOW,14.0,0.5,400,2,125,ok,,0,1,21.700584009522572,663,1,0.5389999999999979,3.52599999999984,4.856292012846097,1763202580619,1763202580825,,,,,,,,,,long,21650,564,265,158,4
l3_short_window,SHORT_WINDOW,14.0,0.5,400,2,126,ok,,0,1,23.116500000469387,663,1,0.5399999999999956,3.4780000000000655,4.680374986492097,1763202603508,1763202603715,,,,,,,,,,long,19486,824,219,238,0
l3_short_window,SHORT_WINDOW,14.0,0.5,400,2,127,ok,,0,1,23.995291005121544,663,1,0.5799999999999983,3.733999999999469,5.080665985587984,1763202624523,1763202624777,,,,,,,,,,long,16011,867,282,183,1
l3_short_window,SHORT_WINDOW,14.0,0.5,400,2,128,ok,,0,1,23.79062501131557,663,1,0.8290000000000077,3.7710000000006403,5.174291000002995,1763202640575,1763202640782,,,,,,,,,,long,14848,410,298,249,2
l3_short_window,SHORT_WINDOW,14.0,0.5,400,2,129,ok,,0,1,27.77083299588412,663,1,0.7819999999999965,3.665999999999258,7.308500004000962,1763202656651,1763202656872,,,,,,,,,,long,14062,779,207,225,0
l3_short_window,SHORT_WINDOW,14.0,0.5,400,2,130,ok,,0,1,22.592499997699633,663,1,0.7000000000000028,3.8070000000006985,5.14924997696653,1763202671819,1763202672068,,,,,,,,,,long,20495,395,235,205,2
l3_short_window,SHORT_WINDOW,14.0,0.5,400,2,131,ok,,0,1,25.510167004540563,663,1,0.5720000000000027,3.535000000000764,4.752207983983681,1763202693063,1763202693278,,,,,,,,,,long,15089,619,234,277,2
l3_short_window,SHORT_WINDOW,14.0,0.5,400,2,132,ok,,0,1,23.930499999551103,663,1,0.9529999999999959,3.8630000000002838,4.758082999614999,1763202708925,1763202709135,,,,,,,,,,long,16390,417,255,241,4
l3_short_window,SHORT_WINDOW,14.0,0.5,400,2,133,ok,,0,1,24.594624992460012,663,1,0.6189999999999927,5.151000000000749,6.039041996700689,1763202726731,1763202726947,,,,,,,,,,long,18545,877,282,188,4
l3_short_window,SHORT_WINDOW,14.0,0.5,400,2,134,ok,,0,1,23.530292004579678,663,1,0.7210000000000036,3.9279999999998836,4.891666991170496,1763202745645,1763202745929,,,,,,,,,,long,17486,307,317,191,1
l3_short_window,SHORT_WINDOW,14.0,0.5,400,2,135,ok,,0,1,19.404749997192994,663,1,0.5109999999999992,3.993999999999687,4.900665982859209,1763202764680,1763202764896,,,,,,,,,,long,17667,844,245,154,1
l3_short_window,SHORT_WINDOW,14.0,0.5,400,2,136,ok,,0,1,22.409166995203122,663,1,0.6050000000000004,3.429000000000997,4.700874997070059,1763202782740,1763202782945,,,,,,,,,,long,19825,267,242,162,0
l3_short_window,SHORT_WINDOW,14.0,0.5,400,2,137,ok,,0,1,24.015125003643334,663,1,0.5720000000000027,3.7330000000001746,4.819249996216968,1763202804539,1763202804752,,,,,,,,,,long,18466,690,246,182,5
l3_short_window,SHORT_WINDOW,14.0,0.5,400,2,138,failed,wait_handover_response,0,3,505.16079197404906,1989,3,0.7210000000000036,0.0,0.0,1763202823533,,,,,,,,,,,long,13766,293,349,271,3
l3_short_window,SHORT_WINDOW,14.0,0.5,400,2,139,ok,,0,1,23.947500012582168,663,1,0.8150000000000048,5.38799999999992,6.472792010754347,1763202837798,1763202838008,,,,,,,,,,long,17436,266,212,193,1
l3_short_window,SHORT_WINDOW,14.0,0.5,400,2,140,ok,,0,1,141.63629201357253,663,1,1.0970000000000013,117.4960000000001,121.48608299321495,1763202857064,1763202857300,,,,,,,,,,long,13859,688,204,252,1
l3_short_window,SHORT_WINDOW,14.0,0.5,400,2,141,ok,,0,1,23.339874984230846,663,1,0.5169999999999995,3.667000000000371,5.046000005677342,1763202871925,1763202872144,,,,,,,,,,long,14633,780,318,199,3
l3_short_window,SHORT_WINDOW,14.0,0.5,400,2,142,ok,,0,1,22.476834012195468,663,1,0.5850000000000009,3.556999999999789,4.818249988602474,1763202887667,1763202887876,,,,,,,,,,long,17656,888,327,257,1
l3_short_window,SHORT_WINDOW,14.0,0.5,400,2,143,ok,,0,1,22.40591699955985,663,1,0.4799999999999969,3.4769999999998618,4.634624987374991,1763202905691,1763202905896,,,,,,,,,,long,21075,409,280,193,2
l3_short_window,SHORT_WINDOW,14.0,0.5,400,2,144,ok,,0,1,24.12383400951512,663,1,0.549000000000003,3.473000000000866,4.53058400307782,1763202927847,1763202928064,,,,,,,,,,long,15475,521,241,185,2
l3_short_window,SHORT_WINDOW,14.0,0.5,400,2,145,ok,,0,1,26.56133400159888,663,1,0.5479999999999983,3.6240000000007058,4.881874978309497,1763202944358,1763202944581,,,,,,,,,,long,17245,567,300,172,3
l3_short_window,SHORT_WINDOW,14.0,0.5,400,2,146,ok,,0,1,24.264957988634706,663,1,0.5359999999999978,3.561000000000604,4.506167024374008,1763202962600,1763202962814,,,,,,,,,,long,15125,596,251,238,3
l3_short_window,SHORT_WINDOW,14.0,0.5,400,2,147,ok,,0,1,26.984583004377782,663,1,0.5409999999999968,3.604000000000269,4.643291991669685,1763202978432,1763202978631,,,,,,,,,,long,15672,304,270,258,6
l3_short_window,SHORT_WINDOW,14.0,0.5,400,2,148,ok,,0,3,1034.3979589815717,1989,3,1.0749999999999957,7.1489999999994325,8.786374994087964,1763202995530,1763202996769,,,,,,,,,,long,20728,755,242,224,3
l3_short_window,SHORT_WINDOW,14.0,0.5,400,2,149,ok,,0,1,23.193957982584834,663,1,0.7590000000000003,3.8330000000005384,5.13691600644961,1763203017175,1763203017394,,,,,,,,,,long,14965,755,299,257,1
l3_short_window,SHORT_WINDOW,14.0,0.5,400,2,150,ok,,0,1,22.54174998961389,663,1,0.5080000000000027,3.4449999999987995,4.712167021352798,1763203032870,1763203033075,,,,,,,,,,long,19493,537,267,219,1
l3_short_window,SHORT_WINDOW,14.0,0.5,400,2,151,ok,,0,1,25.346499984152615,663,1,0.9080000000000013,7.451999999999316,7.038000010652468,1763203053428,1763203053790,,,,,,,,,,long,17565,551,253,166,4
l3_short_window,SHORT_WINDOW,14.0,0.5,400,2,152,ok,,0,1,27.279333007754758,663,1,0.5410000000000039,5.311000000000604,6.257208005990833,1763203072229,1763203072448,,,,,,,,,,long,20275,863,289,251,4
l3_short_window,SHORT_WINDOW,14.0,0.5,400,2,153,ok,,0,1,66.01108398172073,663,1,1.8079999999999927,17.926000000000386,45.38904200308025,1763203094068,1763203094586,,,,,,,,,,long,19643,708,269,219,2
l3_short_window,SHORT_WINDOW,14.0,0.5,400,2,154,ok,,0,1,22.85695797763765,663,1,0.5100000000000016,4.281000000000859,5.494624987477437,1763203113601,1763203113808,,,,,,,,,,long,18501,345,234,261,2
l3_short_window,SHORT_WINDOW,14.0,0.5,400,2,155,ok,,0,1,24.543290986912325,663,1,0.48200000000000287,3.5529999999998836,4.912415985018015,1763203133087,1763203133302,,,,,,,,,,long,21186,377,209,246,3
l3_short_window,SHORT_WINDOW,14.0,0.5,400,2,156,ok,,0,1,23.012874997220933,663,1,0.546999999999997,3.7820000000010623,5.124041985254735,1763203155784,1763203156031,,,,,,,,,,long,21721,311,328,194,2
l3_short_window,SHORT_WINDOW,14.0,0.5,400,2,157,ok,,0,1,23.556957981782034,663,1,0.5040000000000013,3.576000000000022,5.02774998312816,1763203178538,1763203178750,,,,,,,,,,long,21204,883,221,202,1
l3_short_window,SHORT_WINDOW,14.0,0.5,400,2,158,ok,,0,1,21.5787919878494,663,1,0.539000000000005,4.974999999999454,5.921416013734415,1763203200473,1763203200697,,,,,,,,,,long,20695,601,291,275,2
l3_short_window,SHORT_WINDOW,14.0,0.5,400,2,159,ok,,0,1,21.606916998280212,663,1,0.816000000000006,3.7880000000004657,5.083208001451567,1763203221907,1763203222119,,,,,,,,,,long,18417,412,230,238,3
l3_short_window,SHORT_WINDOW,14.0,0.5,400,2,160,ok,,0,1,21.36608399450779,663,1,1.0010000000000048,3.8109999999996944,5.180291016586125,1763203241353,1763203241572,,,,,,,,,,long,18651,456,225,171,3
l3_short_window,SHORT_WINDOW,14.0,0.5,400,2,161,ok,,0,1,23.327665985561907,663,1,0.7379999999999924,3.7719999999999345,5.142042005900294,1763203260988,1763203261213,,,,,,,,,,long,19334,375,324,256,4
l3_short_window,SHORT_WINDOW,14.0,0.5,400,2,162,ok,,0,1,25.355582998599857,663,1,0.522000000000002,3.475000000000364,4.93358401581645,1763203281195,1763203281401,,,,,,,,,,long,21345,360,283,268,0
l3_short_window,SHORT_WINDOW,14.0,0.5,400,2,163,ok,,0,1,23.572374979266897,663,1,0.6850000000000023,3.649999999999636,4.780625022249296,1763203303531,1763203303810,,,,,,,,,,long,17946,330,255,186,1
l3_short_window,SHORT_WINDOW,14.0,0.5,400,2,164,ok,,0,1,21.83729101670906,663,1,0.5060000000000002,3.542999999998756,4.858959000557661,1763203322641,1763203322859,,,,,,,,,,long,14443,469,207,190,1
l3_short_window,SHORT_WINDOW,14.0,0.5,400,2,165,ok,,0,1,20.730541000375524,663,1,0.5199999999999996,3.6369999999988067,5.1658340089488775,1763203338430,1763203338644,,,,,,,,,,long,15169,866,237,226,2
l3_short_window,SHORT_WINDOW,14.0,0.5,400,2,166,ok,,0,1,25.899000000208616,663,1,0.5530000000000044,3.4619999999995343,4.541625006822869,1763203354176,1763203354435,,,,,,,,,,long,16039,478,267,257,2
l3_short_window,SHORT_WINDOW,14.0,0.5,400,2,167,ok,,0,1,24.801374995149672,663,1,0.5279999999999987,3.4719999999997526,4.715749993920326,1763203370986,1763203371192,,,,,,,,,,long,18726,306,332,259,2
l3_short_window,SHORT_WINDOW,14.0,0.5,400,2,168,ok,,0,1,25.40954199503176,663,1,0.5210000000000008,3.4310000000004948,4.763292003190145,1763203390986,1763203391196,,,,,,,,,,long,21815,655,336,155,5
l3_short_window,SHORT_WINDOW,14.0,0.5,400,2,169,ok,,0,1,26.73024998512119,663,1,0.5090000000000074,3.530999999999949,4.8997909761965275,1763203413775,1763203413992,,,,,,,,,,long,18599,660,268,255,3
l3_short_window,SHORT_WINDOW,14.0,0.5,400,2,170,ok,,0,1,24.420041008852422,663,1,0.5629999999999988,3.5479999999997744,4.856417013797909,1763203433113,1763203433329,,,,,,,,,,long,16585,475,290,199,0
l3_short_window,SHORT_WINDOW,14.0,0.5,400,2,171,ok,,0,1,22.57658401504159,663,1,0.6480000000000032,3.6120000000009895,4.641582985641435,1763203450713,1763203450933,,,,,,,,,,long,17031,537,222,201,0
l3_short_window,SHORT_WINDOW,14.0,0.5,400,2,172,ok,,0,1,21.200250019319355,663,1,0.5040000000000013,3.4909999999999854,4.542832990409806,1763203468684,1763203468898,,,,,,,,,,long,18776,593,312,226,2
l3_short_window,SHORT_WINDOW,14.0,0.5,400,2,173,ok,,0,1,20.289083011448383,663,1,0.4790000000000063,3.565000000001419,4.930333991069347,1763203488095,1763203488304,,,,,,,,,,long,16100,258,248,157,0
l3_short_window,SHORT_WINDOW,14.0,0.5,400,2,174,ok,,0,1,22.822792001534253,663,1,0.5180000000000078,3.521999999999025,4.765666992170736,1763203505472,1763203505690,,,,,,,,,,long,19920,571,308,259,3
l3_short_window,SHORT_WINDOW,14.0,0.5,400,2,175,ok,,0,1,24.916916008805856,663,1,0.8939999999999984,3.917000000000371,5.364833981730044,1763203526477,1763203526690,,,,,,,,,,long,18641,823,246,240,3
l3_short_window,SHORT_WINDOW,14.0,0.5,400,2,176,ok,,0,1,21.860500011825934,663,1,0.6909999999999883,3.2479999999995925,4.318083985708654,1763203545858,1763203546078,,,,,,,,,,long,15593,563,252,205,3
l3_short_window,SHORT_WINDOW,14.0,0.5,400,2,177,ok,,0,1,23.867708019679412,663,1,0.5060000000000002,3.4270000000005894,4.732124973088503,1763203562404,1763203562615,,,,,,,,,,long,16653,555,235,221,2
l3_short_window,SHORT_WINDOW,14.0,0.5,400,2,178,ok,,0,1,25.95720801036805,663,1,0.5340000000000025,3.51299999999992,4.808583005797118,1763203580151,1763203580363,,,,,,,,,,long,18425,660,296,265,3
l3_short_window,SHORT_WINDOW,14.0,0.5,400,2,179,ok,,0,1,23.613625002326444,663,1,0.5900000000000034,3.7049999999999272,4.945583001244813,1763203600169,1763203600419,,,,,,,,,,long,16492,738,216,236,1
l3_short_window,SHORT_WINDOW,14.0,0.5,400,2,180,ok,,0,1,26.444957999046892,663,1,0.8520000000000039,3.7020000000002256,4.6649170108139515,1763203616746,1763203616970,,,,,,,,,,long,17938,543,222,224,2
l3_short_window,SHORT_WINDOW,14.0,0.5,400,2,181,ok,,0,1,26.11891698325053,663,1,0.5649999999999977,3.445000000001528,4.789124999660999,1763203635784,1763203636000,,,,,,,,,,long,19741,671,346,154,6
l3_short_window,SHORT_WINDOW,14.0,0.5,400,2,182,ok,,0,1,24.04879199457355,663,1,0.5300000000000047,3.511000000000422,4.834791005123407,1763203656594,1763203656816,,,,,,,,,,long,19908,776,301,260,5
l3_short_window,SHORT_WINDOW,14.0,0.5,400,2,183,ok,,0,1,19.604416011134163,663,1,0.5089999999999968,3.5460000000002765,4.755125002702698,1763203677215,1763203677428,,,,,,,,,,long,16775,551,241,166,2
l3_short_window,SHORT_WINDOW,14.0,0.5,400,2,184,ok,,0,1,22.63687498634681,663,1,0.5719999999999956,3.488999999999578,4.70529097947292,1763203695163,1763203695383,,,,,,,,,,long,18523,732,337,235,4
l3_short_window,SHORT_WINDOW,14.0,0.5,400,2,185,ok,,0,1,24.063916003797203,663,1,0.6210000000000093,3.0830000000005384,4.306125018047169,1763203714538,1763203714746,,,,,,,,,,long,15969,642,270,233,5
l3_short_window,SHORT_WINDOW,14.0,0.5,400,2,186,ok,,0,1,21.878166997339576,663,1,0.5079999999999991,3.3149999999996,4.535457992460579,1763203731566,1763203731764,,,,,,,,,,long,21665,723,255,159,6
l3_short_window,SHORT_WINDOW,14.0,0.5,400,2,187,ok,,0,1,25.287541997386143,663,1,0.7109999999999985,3.719999999999345,5.0692080112639815,1763203753676,1763203753899,,,,,,,,,,long,17628,377,205,188,1
l3_short_window,SHORT_WINDOW,14.0,0.5,400,2,188,ok,,0,1,22.068833000957966,663,1,0.5930000000000035,3.51799999999821,4.680083016864955,1763203772251,1763203772458,,,,,,,,,,long,20708,358,250,160,1
l3_short_window,SHORT_WINDOW,14.0,0.5,400,2,189,ok,,0,1,22.14924999861978,663,1,0.5029999999999966,3.4010000000007494,4.740041011245921,1763203794006,1763203794199,,,,,,,,,,long,15918,446,344,173,0
l3_short_window,SHORT_WINDOW,14.0,0.5,400,2,190,ok,,0,1,23.73904100386426,663,1,0.5230000000000032,3.6920000000000073,5.074292013887316,1763203811202,1763203811421,,,,,,,,,,long,14482,738,241,265,2
l3_short_window,SHORT_WINDOW,14.0,0.5,400,2,191,ok,,0,1,23.924125009216368,663,1,0.5450000000000017,3.5799999999999272,4.778500006068498,1763203826517,1763203826736,,,,,,,,,,long,17260,601,214,189,1
l3_short_window,SHORT_WINDOW,14.0,0.5,400,2,192,ok,,0,1,23.106042004656047,663,1,0.5879999999999974,3.543999999999869,4.538207984296605,1763203844971,1763203845192,,,,,,,,,,long,16887,790,255,191,2
l3_short_window,SHORT_WINDOW,14.0,0.5,400,2,193,ok,,0,1,22.517000004881993,663,1,0.4989999999999988,3.4789999999993597,4.858875006902963,1763203862251,1763203862461,,,,,,,,,,long,20192,287,218,226,4
l3_short_window,SHORT_WINDOW,14.0,0.5,400,2,194,ok,,0,1,23.40883298893459,663,1,0.527000000000001,3.46100000000024,4.77654198766686,1763203883497,1763203883706,,,,,,,,,,long,17245,368,200,203,2
l3_short_window,SHORT_WINDOW,14.0,0.5,400,2,195,ok,,0,1,19.6345409785863,663,1,0.5970000000000013,3.537000000000262,4.768625018186867,1763203901742,1763203901945,,,,,,,,,,long,19087,460,248,189,0
l3_short_window,SHORT_WINDOW,14.0,0.5,400,2,196,ok,,0,1,22.52516700536944,663,1,0.5040000000000013,3.5270000000000437,4.756541980896145,1763203921765,1763203921974,,,,,,,,,,long,14588,478,245,206,2
l3_short_window,SHORT_WINDOW,14.0,0.5,400,2,197,ok,,0,1,25.155792012810707,663,1,0.7819999999999965,3.7789999999995416,5.0416669982951134,1763203937716,1763203937945,,,,,,,,,,long,21404,829,308,248,4
l3_short_window,SHORT_WINDOW,14.0,0.5,400,2,198,ok,,0,1,20.673999999416992,663,1,0.5379999999999967,3.747999999998683,5.004708014894277,1763203960051,1763203960309,,,,,,,,,,long,16036,270,284,154,1
l3_short_window,SHORT_WINDOW,14.0,0.5,400,2,199,ok,,0,3,1048.2668760232627,1989,3,1.7169999999999987,13.600000000000364,18.734499986749142,1763203976750,1763203977968,,,,,,,,,,long,21840,483,204,252,4
l3_short_window,SHORT_WINDOW,14.0,0.5,400,2,200,ok,,0,1,22.2792090207804,663,1,0.5110000000000028,3.5070000000005166,4.741999990073964,1763203999904,1763204000145,,,,,,,,,,long,15481,334,287,218,2
l3_short_window,SHORT_WINDOW,14.0,0.5,400,2,201,ok,,0,1,22.05499997944571,663,1,0.5420000000000016,3.5369999999993524,4.702792008174583,1763204015901,1763204016113,,,,,,,,,,long,17434,419,253,183,2
l3_short_window,SHORT_WINDOW,14.0,0.5,400,2,202,ok,,0,1,20.46158298617229,663,1,0.5229999999999961,2.8880000000008295,4.105792002519593,1763204034446,1763204034678,,,,,,,,,,long,14021,550,278,261,1
l3_short_window,SHORT_WINDOW,14.0,0.5,400,2,203,ok,,0,1,19.795750005869195,663,1,0.4749999999999943,3.3149999999996,4.60141699295491,1763204049229,1763204049436,,,,,,,,,,long,14577,372,225,201,1
l3_short_window,SHORT_WINDOW,14.0,0.5,400,2,204,ok,,0,1,27.096916019218042,663,1,0.657,3.492000000000189,4.807416989933699,1763204064818,1763204065024,,,,,,,,,,long,19558,395,283,261,2
l3_short_window,SHORT_WINDOW,14.0,0.5,400,2,205,ok,,0,1,22.78329199180007,663,1,0.4869999999999983,3.4549999999990177,4.7745830088388175,1763204085299,1763204085513,,,,,,,,,,long,18964,385,254,170,1
l3_short_window,SHORT_WINDOW,14.0,0.5,400,2,206,ok,,0,1,23.16195800085552,663,1,0.5989999999999966,3.6179999999994834,4.936292010825127,1763204105686,1763204105908,,,,,,,,,,long,14172,740,216,213,2
l3_short_window,SHORT_WINDOW,14.0,0.5,400,2,207,ok,,0,1,24.05804200679995,663,1,0.5260000000000069,3.680000000000291,4.940167011227459,1763204120402,1763204120605,,,,,,,,,,long,20077,368,319,151,2
l3_short_window,SHORT_WINDOW,14.0,0.5,400,2,208,ok,,0,1,26.153041020734236,663,1,0.5219999999999985,3.505000000000109,4.767167003592476,1763204141487,1763204141692,,,,,,,,,,long,21466,413,221,263,3
l3_short_window,SHORT_WINDOW,14.0,0.5,400,2,209,ok,,0,1,24.185999995097518,663,1,0.8240000000000052,3.48700000000008,5.837125005200505,1763204164185,1763204164408,,,,,,,,,,long,14063,625,262,171,1
l3_short_window,SHORT_WINDOW,14.0,0.5,400,2,210,ok,,0,1,26.809832983417436,663,1,0.5229999999999997,3.5140000000001237,5.1065420266240835,1763204178992,1763204179209,,,,,,,,,,long,17557,448,315,239,1
l3_short_window,SHORT_WINDOW,14.0,0.5,400,2,211,ok,,0,1,25.152916001388803,663,1,0.5040000000000013,3.5709999999999127,4.943667008774355,1763204197994,1763204198205,,,,,,,,,,long,20780,864,265,208,6
l3_short_window,SHORT_WINDOW,14.0,0.5,400,2,212,ok,,0,1,22.686750016873702,663,1,0.588000000000001,3.481999999999971,4.513499996392056,1763204219201,1763204219410,,,,,,,,,,long,16680,361,292,187,2
l3_short_window,SHORT_WINDOW,14.0,0.5,400,2,213,ok,,0,1,22.11366599658504,663,1,0.5280000000000022,3.446999999999207,4.76200002594851,1763204236767,1763204236970,,,,,,,,,,long,19421,270,241,248,1
l3_short_window,SHORT_WINDOW,14.0,0.5,400,2,214,ok,,0,1,22.8275409899652,663,1,0.49599999999999866,3.485000000000582,4.812416998902336,1763204257774,1763204257980,,,,,,,,,,long,21509,869,257,217,3
l3_short_window,SHORT_WINDOW,14.0,0.5,400,2,215,ok,,0,1,23.050333984429017,663,1,0.5620000000000047,3.5650000000005093,4.69579198397696,1763204279603,1763204279807,,,,,,,,,,long,17528,262,274,242,2
l3_short_window,SHORT_WINDOW,14.0,0.5,400,2,216,ok,,0,1,22.960250003961846,663,1,0.5309999999999988,3.741000000000895,4.905583016807213,1763204298535,1763204298762,,,,,,,,,,long,16369,710,201,223,6
l3_short_window,SHORT_WINDOW,14.0,0.5,400,2,217,ok,,0,1,22.836958989501,663,1,0.49700000000000344,3.4219999999995707,4.535749991191551,1763204315615,1763204315825,,,,,,,,,,long,15047,625,202,192,4
l3_short_window,SHORT_WINDOW,14.0,0.5,400,2,218,ok,,0,1,22.284832986770198,663,1,0.5430000000000028,3.4880000000011933,4.539415996987373,1763204331871,1763204332090,,,,,,,,,,long,14714,874,254,223,2
l3_short_window,SHORT_WINDOW,14.0,0.5,400,2,219,ok,,0,3,1052.7632500161417,1989,3,1.7319999999999993,13.78899999999976,18.39270899654366,1763204347128,1763204348371,,,,,,,,,,long,17480,582,220,166,5
l3_short_window,SHORT_WINDOW,14.0,0.5,400,2,220,ok,,0,1,26.3108340150211,663,1,0.5549999999999997,3.8869999999997162,5.128791992319748,1763204365884,1763204366120,,,,,,,,,,long,15655,888,334,209,3
l3_short_window,SHORT_WINDOW,14.0,0.5,400,2,221,ok,,0,1,20.463042019400746,663,1,0.5410000000000004,3.7580000000007203,4.90999998874031,1763204382216,1763204382446,,,,,,,,,,long,14939,642,295,249,2
l3_short_window,SHORT_WINDOW,14.0,0.5,400,2,222,ok,,0,1,25.368667003931478,663,1,0.5069999999999908,3.494999999999891,4.914457997074351,1763204398234,1763204398449,,,,,,,,,,long,17826,696,237,211,3
l3_short_window,SHORT_WINDOW,14.0,0.5,400,2,223,ok,,0,1,23.38549998239614,663,1,0.5800000000000054,3.555000000000291,4.887666989816353,1763204417127,1763204417343,,,,,,,,,,long,18715,805,282,212,3
l3_short_window,SHORT_WINDOW,14.0,0.5,400,2,224,ok,,0,1,23.1522920075804,663,1,0.49599999999999866,3.673999999999978,4.988417000276968,1763204436388,1763204436590,,,,,,,,,,long,19680,438,287,202,1
l3_short_window,SHORT_WINDOW,14.0,0.5,400,2,225,ok,,0,1,23.432542016962543,663,1,0.5150000000000006,3.742000000000189,5.128624994540587,1763204457486,1763204457707,,,,,,,,,,long,19060,799,312,183,3
l3_short_window,SHORT_WINDOW,14.0,0.5,400,2,226,ok,,0,1,22.033083019778132,663,1,0.6609999999999943,3.584999999999127,4.958500008797273,1763204477457,1763204477673,,,,,,,,,,long,18411,776,233,248,2
l3_short_window,SHORT_WINDOW,14.0,0.5,400,2,227,ok,,0,1,24.829041998600587,663,1,0.6349999999999945,3.274999999999636,4.362458013929427,1763204496529,1763204496745,,,,,,,,,,long,20690,588,288,258,4
l3_short_window,SHORT_WINDOW,14.0,0.5,400,2,228,ok,,0,1,26.084457989782095,663,1,0.5320000000000036,3.9720000000015716,5.220332997851074,1763204518266,1763204518483,,,,,,,,,,long,15411,697,313,258,1
l3_short_window,SHORT_WINDOW,14.0,0.5,400,2,229,ok,,0,1,22.64383400324732,663,1,0.5970000000000013,3.5140000000001237,4.884166002739221,1763204534420,1763204534615,,,,,,,,,,long,15316,402,216,195,3
l3_short_window,SHORT_WINDOW,14.0,0.5,400,2,230,ok,,0,1,21.764416014775634,663,1,0.5289999999999928,3.4729999999999563,4.76195800001733,1763204550886,1763204551098,,,,,,,,,,long,17784,561,222,272,5
l3_short_window,SHORT_WINDOW,14.0,0.5,400,2,231,ok,,0,1,24.713082995731384,663,1,0.6210000000000022,3.623000000000502,5.062625015852973,1763204569903,1763204570135,,,,,,,,,,long,16647,811,224,237,0
l3_short_window,SHORT_WINDOW,14.0,0.5,400,2,232,ok,,0,1,27.161250007338822,663,1,0.5520000000000032,3.550000000000182,4.7409170074388385,1763204586983,1763204587194,,,,,,,,,,long,21457,374,287,177,1
l3_short_window,SHORT_WINDOW,14.0,0.5,400,2,233,ok,,0,1,23.076082987245172,663,1,0.6579999999999977,3.5210000000006403,4.900333995465189,1763204609481,1763204609685,,,,,,,,,,long,19336,428,242,225,2
l3_short_window,SHORT_WINDOW,14.0,0.5,400,2,234,ok,,0,1,23.764916986692697,663,1,0.5090000000000003,3.5800000000008367,4.904833011096343,1763204629815,1763204630032,,,,,,,,,,long,21262,479,207,174,3
l3_short_window,SHORT_WINDOW,14.0,0.5,400,2,235,ok,,0,1,26.227207999909297,663,1,0.5619999999999976,3.469000000000051,4.673332994570956,1763204651838,1763204652043,,,,,,,,,,long,21700,311,331,211,2
l3_short_window,SHORT_WINDOW,14.0,0.5,400,2,236,ok,,0,1,24.16166599141434,663,1,0.509999999999998,3.423000000000684,4.712833993835375,1763204674727,1763204674959,,,,,,,,,,long,20253,582,302,262,2
l3_short_window,SHORT_WINDOW,14.0,0.5,400,2,237,ok,,0,1,20.30858298530802,663,1,0.492999999999995,3.344000000000051,4.6417079865932465,1763204695399,1763204695591,,,,,,,,,,long,16290,275,210,185,3
l3_short_window,SHORT_WINDOW,14.0,0.5,400,2,238,ok,,0,1,21.265540999593213,663,1,0.49999999999999645,3.5299999999997453,4.614375007804483,1763204713017,1763204713214,,,,,,,,,,long,19664,629,302,152,0
l3_short_window,SHORT_WINDOW,14.0,0.5,400,2,239,ok,,0,1,23.38920798501931,663,1,0.5400000000000027,3.378000000000611,4.530958016403019,1763204733394,1763204733600,,,,,,,,,,long,18932,353,310,174,2
l3_short_window,SHORT_WINDOW,14.0,0.5,400,2,240,ok,,0,1,22.79537499998696,663,1,0.507999999999992,3.4600000000000364,4.639457998564467,1763204753300,1763204753493,,,,,,,,,,long,15299,355,346,201,4
l3_short_window,SHORT_WINDOW,14.0,0.5,400,2,241,ok,,0,1,24.10387498093769,663,1,0.502999999999993,3.505000000000109,4.862665984546766,1763204770003,1763204770223,,,,,,,,,,long,20240,807,348,221,1
l3_short_window,SHORT_WINDOW,14.0,0.5,400,2,242,ok,,0,1,25.972167000873014,663,1,0.5699999999999896,3.5090000000000146,4.720917000668123,1763204791103,1763204791321,,,,,,,,,,long,18356,674,314,280,2
l3_short_window,SHORT_WINDOW,14.0,0.5,400,2,243,ok,,0,1,22.940041992114857,663,1,0.5350000000000001,3.518999999998414,4.883624991634861,1763204810076,1763204810283,,,,,,,,,,long,15745,398,333,260,3
l3_short_window,SHORT_WINDOW,14.0,0.5,400,2,244,ok,,0,1,26.904583006398752,663,1,0.5399999999999991,3.602999999999156,4.924999986542389,1763204827024,1763204827246,,,,,,,,,,long,20786,602,255,267,1
l3_short_window,SHORT_WINDOW,14.0,0.5,400,2,245,ok,,0,1,22.055584006011486,663,1,0.7920000000000016,3.8539999999993597,5.240375001449138,1763204848975,1763204849230,,,,,,,,,,long,17912,290,339,260,2
l3_short_window,SHORT_WINDOW,14.0,0.5,400,2,246,ok,,0,1,26.007457985542715,663,1,1.406000000000006,4.026999999999134,5.306625011144206,1763204867602,1763204867814,,,,,,,,,,long,15931,561,331,158,3
l3_short_window,SHORT_WINDOW,14.0,0.5,400,2,247,ok,,0,1,24.088416015729308,663,1,0.5109999999999992,3.6790000000000873,4.709957982413471,1763204884362,1763204884582,,,,,,,,,,long,18664,489,230,232,2
l3_short_window,SHORT_WINDOW,14.0,0.5,400,2,248,ok,,0,3,1044.8679169930983,1989,3,4.622000000000007,10.406000000001768,12.427540990756825,1763204903995,1763204905217,,,,,,,,,,long,15444,464,212,251,1
l3_short_window,SHORT_WINDOW,14.0,0.5,400,2,249,ok,,0,1,19.973999995272607,663,1,0.48499999999999943,3.4229999999997744,4.477417009184137,1763204920437,1763204920648,,,,,,,,,,long,15409,497,252,188,3
l3_short_window,SHORT_WINDOW,14.0,0.5,400,2,250,ok,,0,1,24.75770900491625,663,1,0.5380000000000003,4.959999999999127,6.0830420115962625,1763204936980,1763204937191,,,,,,,,,,long,19568,588,232,202,1
l3_short_window,SHORT_WINDOW,14.0,0.5,400,2,251,ok,,0,1,24.476666992995888,663,1,0.6370000000000076,3.683000000000902,5.113916995469481,1763204957465,1763204957683,,,,,,,,,,long,19106,482,303,159,6
l3_short_window,SHORT_WINDOW,14.0,0.5,400,2,252,ok,,0,1,24.27541700308211,663,1,0.527000000000001,3.556999999999789,4.942291998304427,1763204977876,1763204978086,,,,,,,,,,long,16198,760,243,211,4
l3_short_window,SHORT_WINDOW,14.0,0.5,400,2,253,ok,,0,1,21.313708974048495,663,1,0.4630000000000045,3.2899999999999636,4.2457499948795885,1763204994841,1763204995093,,,,,,,,,,long,19636,636,333,204,5
l3_short_window,SHORT_WINDOW,14.0,0.5,400,2,254,ok,,0,1,21.87912500812672,663,1,0.6629999999999967,3.3990000000012515,4.600082989782095,1763205015017,1763205015219,,,,,,,,,,long,20240,330,280,226,1
l3_short_window,SHORT_WINDOW,14.0,0.5,400,2,255,ok,,0,1,20.991957979276776,663,1,0.7539999999999978,3.7629999999990105,5.306375009240583,1763205036657,1763205036877,,,,,,,,,,long,16370,799,285,277,5
l3_short_window,SHORT_WINDOW,14.0,0.5,400,2,256,ok,,0,1,25.770000007469207,663,1,0.4940000000000033,3.492000000000189,4.895749996649101,1763205053828,1763205054037,,,,,,,,,,long,18493,607,254,227,4
l3_short_window,SHORT_WINDOW,14.0,0.5,400,2,257,ok,,0,2,538.1475839822087,1326,2,2.1970000000000027,10.180000000000291,13.40479200007394,1763205073564,1763205074284,,,,,,,,,,long,15156,819,315,264,1
l3_short_window,SHORT_WINDOW,14.0,0.5,400,2,258,ok,,0,1,22.477124992292374,663,1,0.7189999999999941,3.4950000000008004,4.87654100288637,1763205089473,1763205089684,,,,,,,,,,long,20889,697,341,252,5
l3_short_window,SHORT_WINDOW,14.0,0.5,400,2,259,ok,,0,1,23.831957980291918,663,1,0.5820000000000078,3.6140000000004875,4.878583014942706,1763205111399,1763205111605,,,,,,,,,,long,19111,780,240,258,3
l3_short_window,SHORT_WINDOW,14.0,0.5,400,2,260,ok,,0,1,26.319708005758002,663,1,0.7269999999999968,3.871999999999389,5.302958015818149,1763205131383,1763205131611,,,,,,,,,,long,21485,684,233,164,4
l3_short_window,SHORT_WINDOW,14.0,0.5,400,2,261,ok,,0,1,23.054958001011983,663,1,0.6489999999999938,3.8010000000003856,5.115666979691014,1763205153962,1763205154219,,,,,,,,,,long,16879,264,308,197,0
l3_short_window,SHORT_WINDOW,14.0,0.5,400,2,262,ok,,0,1,27.349499985575676,663,1,0.8859999999999957,3.7529999999997017,5.1492500060703605,1763205171360,1763205171584,,,,,,,,,,long,19114,381,297,154,2
l3_short_window,SHORT_WINDOW,14.0,0.5,400,2,263,ok,,0,1,24.136749998433515,663,1,0.7210000000000036,4.269000000001142,5.325749982148409,1763205191908,1763205192129,,,,,,,,,,long,16444,771,279,238,1
l3_short_window,SHORT_WINDOW,14.0,0.5,400,2,264,ok,,0,1,19.75762497750111,663,1,0.5889999999999986,2.970999999999549,4.236625012708828,1763205208673,1763205208886,,,,,,,,,,long,19513,378,340,247,2
l3_short_window,SHORT_WINDOW,14.0,0.5,400,2,265,ok,,0,1,27.06300001591444,663,1,0.5450000000000017,3.5179999999991196,4.806707991519943,1763205229462,1763205229678,,,,,,,,,,long,18057,697,210,179,4
l3_short_window,SHORT_WINDOW,14.0,0.5,400,2,266,ok,,0,1,21.911707997787744,663,1,0.5230000000000032,3.537999999999556,4.60458398447372,1763205248324,1763205248531,,,,,,,,,,long,17641,756,241,193,6
l3_short_window,SHORT_WINDOW,14.0,0.5,400,2,267,ok,,0,1,22.496209014207125,663,1,0.5009999999999941,3.5989999999992506,5.039874988142401,1763205266635,1763205266849,,,,,,,,,,long,18663,609,244,158,3
l3_short_window,SHORT_WINDOW,14.0,0.5,400,2,268,ok,,0,1,22.45175000280142,663,1,0.4989999999999988,3.3809999999994034,4.494917026022449,1763205286145,1763205286362,,,,,,,,,,long,21192,553,310,195,4
l3_short_window,SHORT_WINDOW,14.0,0.5,400,2,269,ok,,0,1,21.52891698642634,663,1,0.5159999999999982,3.4169999999994616,4.464832978555933,1763205308035,1763205308239,,,,,,,,,,long,19838,326,327,241,2
l3_short_window,SHORT_WINDOW,14.0,0.5,400,2,270,ok,,0,1,20.466707996092737,663,1,0.9059999999999988,3.1899999999996,4.429084016010165,1763205328862,1763205329055,,,,,,,,,,long,14952,473,321,272,6
l3_short_window,SHORT_WINDOW,14.0,0.5,400,2,271,ok,,0,1,21.486290992470458,663,1,0.8310000000000031,2.998000000000502,4.18904100661166,1763205344857,1763205345086,,,,,,,,,,long,19199,537,291,238,1
l3_short_window,SHORT_WINDOW,14.0,0.5,400,2,272,ok,,0,1,21.790375001728535,663,1,0.6789999999999878,4.232999999999265,5.824541993206367,1763205365449,1763205365661,,,,,,,,,,long,19276,893,273,177,3
l3_short_window,SHORT_WINDOW,14.0,0.5,400,2,273,ok,,0,1,22.059000009903684,663,1,0.5150000000000041,3.462999999999738,4.731332999654114,1763205385669,1763205385873,,,,,,,,,,long,17216,842,229,272,2
l3_short_window,SHORT_WINDOW,14.0,0.5,400,2,274,ok,,0,1,22.354374988935888,663,1,0.6760000000000019,3.730000000000473,5.18683300470002,1763205403790,1763205404016,,,,,,,,,,long,22062,782,222,159,2
l3_short_window,SHORT_WINDOW,14.0,0.5,400,2,275,ok,,0,1,22.397833003196865,663,1,0.5109999999999957,3.319999999999709,4.618458973709494,1763205426272,1763205426474,,,,,,,,,,long,14048,305,311,190,3
l3_short_window,SHORT_WINDOW,14.0,0.5,400,2,276,ok,,0,1,23.833125014789402,663,1,0.5459999999999958,3.57799999999952,4.813125007785857,1763205441906,1763205442121,,,,,,,,,,long,14627,896,269,243,1
l3_short_window,SHORT_WINDOW,14.0,0.5,400,2,277,ok,,0,1,25.046583003131673,663,1,0.6029999999999944,3.518000000000029,4.692540998803452,1763205456937,1763205457160,,,,,,,,,,long,19632,418,221,256,1
l3_short_window,SHORT_WINDOW,14.0,0.5,400,2,278,ok,,0,1,22.08424999844283,663,1,0.5040000000000013,3.5690000000004147,4.9855839752126485,1763205477957,1763205478173,,,,,,,,,,long,14187,787,224,244,4
l3_short_window,SHORT_WINDOW,14.0,0.5,400,2,279,ok,,0,1,22.61154100415297,663,1,0.5919999999999987,3.587999999999738,4.9943330232053995,1763205493086,1763205493303,,,,,,,,,,long,18210,719,331,238,2
l3_short_window,SHORT_WINDOW,14.0,0.5,400,2,280,ok,,0,1,22.086583980126306,663,1,0.49099999999999966,3.4960000000000946,4.911625001113862,1763205512043,1763205512258,,,,,,,,,,long,21192,533,220,222,7
l3_short_window,SHORT_WINDOW,14.0,0.5,400,2,281,ok,,0,1,25.69795900490135,663,1,0.4680000000000035,3.842999999999847,4.716499999631196,1763205534578,1763205534795,,,,,,,,,,long,16064,880,324,216,2
l3_short_window,SHORT_WINDOW,14.0,0.5,400,2,282,ok,,0,1,25.200000003678724,663,1,0.4989999999999988,3.347000000000662,4.608999995980412,1763205550909,1763205551121,,,,,,,,,,long,15392,294,263,198,2
l3_short_window,SHORT_WINDOW,14.0,0.5,400,2,283,ok,,0,1,25.054291007108986,663,1,0.5169999999999995,3.6259999999983847,4.5954170054756105,1763205567764,1763205567976,,,,,,,,,,long,17198,838,328,161,2
l3_short_window,SHORT_WINDOW,14.0,0.5,400,2,284,ok,,0,1,23.800583992851898,663,1,0.6459999999999972,3.4870000000009895,4.730290995212272,1763205585804,1763205586020,,,,,,,,,,long,17089,737,210,248,2
l3_short_window,SHORT_WINDOW,14.0,0.5,400,2,285,ok,,0,1,22.317208989989012,663,1,0.4890000000000043,3.4670000000014625,4.695709008956328,1763205603441,1763205603651,,,,,,,,,,long,19869,357,333,232,1
l3_short_window,SHORT_WINDOW,14.0,0.5,400,2,286,ok,,0,1,23.54387499508448,663,1,0.5109999999999992,3.469999999999345,4.548790981061757,1763205624370,1763205624581,,,,,,,,,,long,14969,344,339,198,3
l3_short_window,SHORT_WINDOW,14.0,0.5,400,2,287,ok,,0,1,19.774332991801202,663,1,0.47600000000000264,3.411000000000058,4.554332990664989,1763205640549,1763205640755,,,,,,,,,,long,19345,679,334,175,7
l3_short_window,SHORT_WINDOW,14.0,0.5,400,2,288,ok,,0,1,23.777791997417808,663,1,0.5169999999999995,3.438000000000102,4.783084004884586,1763205660497,1763205660697,,,,,,,,,,long,15683,490,226,167,3
l3_short_window,SHORT_WINDOW,14.0,0.5,400,2,289,ok,,0,1,22.076250024838373,663,1,0.490000000000002,3.3029999999998836,4.475125024328008,1763205676929,1763205677136,,,,,,,,,,long,16792,288,226,182,0
l3_short_window,SHORT_WINDOW,14.0,0.5,400,2,290,ok,,0,1,23.50404200842604,663,1,0.6129999999999995,3.2750000000005457,4.483917000470683,1763205694989,1763205695215,,,,,,,,,,long,17471,589,312,188,1
l3_short_window,SHORT_WINDOW,14.0,0.5,400,2,291,ok,,0,1,23.81245800643228,663,1,0.4610000000000021,3.4520000000002256,4.75225000991486,1763205713408,1763205713626,,,,,,,,,,long,14220,609,211,259,2
l3_short_window,SHORT_WINDOW,14.0,0.5,400,2,292,ok,,0,1,25.96425000228919,663,1,0.4859999999999971,3.379000000000815,4.623415996320546,1763205728259,1763205728459,,,,,,,,,,long,14852,313,326,217,3
l3_short_window,SHORT_WINDOW,14.0,0.5,400,2,293,ok,,0,1,26.926832972094417,663,1,0.6379999999999981,3.519999999999527,4.583000001730397,1763205744380,1763205744597,,,,,,,,,,long,15865,654,229,230,3
l3_short_window,SHORT_WINDOW,14.0,0.5,400,2,294,ok,,0,1,23.157124989666045,663,1,0.48300000000000054,3.389999999999418,4.584666981827468,1763205761319,1763205761525,,,,,,,,,,long,16819,787,200,187,2
l3_short_window,SHORT_WINDOW,14.0,0.5,400,2,295,ok,,0,1,20.791167014976963,663,1,0.4969999999999999,3.5239999999994325,4.562916001304984,1763205778736,1763205778950,,,,,,,,,,long,21323,500,276,246,3
l3_short_window,SHORT_WINDOW,14.0,0.5,400,2,296,ok,,0,1,23.42795900767669,663,1,0.47400000000000375,3.4510000000009313,4.750708001665771,1763205800718,1763205800924,,,,,,,,,,long,21163,327,275,226,3
l3_short_window,SHORT_WINDOW,14.0,0.5,400,2,297,ok,,0,1,23.884124995674938,663,1,0.5120000000000005,3.4659999999994398,4.752958018798381,1763205823215,1763205823439,,,,,,,,,,long,15442,707,330,278,1
l3_short_window,SHORT_WINDOW,14.0,0.5,400,2,298,ok,,0,1,20.28716600034386,663,1,0.5060000000000002,3.4619999999995343,4.793375002918765,1763205839382,1763205839592,,,,,,,,,,long,20563,563,315,267,2
l3_short_window,SHORT_WINDOW,14.0,0.5,400,2,299,ok,,0,1,23.78474999568425,663,1,0.5129999999999981,3.4799999999995634,4.807291988981888,1763205860733,1763205860949,,,,,,,,,,long,20652,404,204,238,2
l3_short_window,SHORT_WINDOW,14.0,0.5,400,2,300,ok,,0,1,22.052250016713515,663,1,0.47300000000000253,3.4090000000005602,4.725667007733136,1763205882692,1763205882896,,,,,,,,,,long,19609,706,272,237,2
l3_short_window,SHORT_WINDOW,24.0,0.5,300,2,1,ok,,0,1,26.67583301081322,663,1,0.5159999999999982,3.3990000000012515,4.677999997511506,1763205903492,1763205903695,,,,,,,,,,short,7348,497,309,207,1
l3_short_window,SHORT_WINDOW,24.0,0.5,300,2,2,ok,,0,1,26.329957996495068,663,1,0.48600000000000065,3.4600000000000364,4.547582997474819,1763205911965,1763205912184,,,,,,,,,,short,7797,675,314,171,2
l3_short_window,SHORT_WINDOW,24.0,0.5,300,2,3,ok,,0,1,26.317500014556572,663,1,0.4809999999999981,3.32300000000032,4.542290989775211,1763205920324,1763205920538,,,,,,,,,,short,7405,320,246,228,2
l3_short_window,SHORT_WINDOW,24.0,0.5,300,2,4,ok,,0,1,24.471667013131082,663,1,0.4759999999999991,3.254000000000815,4.47149999672547,1763205928673,1763205928869,,,,,,,,,,short,7217,336,331,188,1
l3_short_window,SHORT_WINDOW,24.0,0.5,300,2,5,ok,,0,1,30.515666992869228,663,1,0.593,3.363999999999578,4.679334000684321,1763205937084,1763205937312,,,,,,,,,,short,7645,605,218,172,0
l3_short_window,SHORT_WINDOW,24.0,0.5,300,2,6,ok,,0,1,27.01016701757908,663,1,0.5219999999999985,3.381000000000313,4.625667002983391,1763205945936,1763205946145,,,,,,,,,,short,7006,830,232,268,4
l3_short_window,SHORT_WINDOW,24.0,0.5,300,2,7,ok,,0,1,27.999125013593584,663,1,0.5020000000000024,3.542000000000371,4.809958016267046,1763205953867,1763205954094,,,,,,,,,,short,7311,745,297,154,1
l3_short_window,SHORT_WINDOW,24.0,0.5,300,2,8,ok,,0,1,30.551542004104704,663,1,0.5060000000000002,3.4279999999980646,4.703290993347764,1763205961857,1763205962074,,,,,,,,,,short,7265,565,286,251,1
l3_short_window,SHORT_WINDOW,24.0,0.5,300,2,9,ok,,0,1,24.521499988622963,663,1,0.6850000000000094,3.4420000000009168,4.674667026847601,1763205970397,1763205970622,,,,,,,,,,short,5920,395,301,171,2
l3_short_window,SHORT_WINDOW,24.0,0.5,300,2,10,ok,,0,1,26.78675000788644,663,1,0.5269999999999939,3.506999999999607,4.523832991253585,1763205976831,1763205977046,,,,,,,,,,short,7110,575,225,274,0
l3_short_window,SHORT_WINDOW,24.0,0.5,300,2,11,ok,,0,1,25.516708992654458,663,1,0.5079999999999956,3.3109999999996944,4.53954198746942,1763205985120,1763205985357,,,,,,,,,,short,6563,730,307,206,1
l3_short_window,SHORT_WINDOW,24.0,0.5,300,2,12,ok,,0,1,29.271000006701797,663,1,0.6690000000000111,3.6599999999998545,4.981707985280082,1763205992259,1763205992511,,,,,,,,,,short,6461,421,223,233,0
l3_short_window,SHORT_WINDOW,24.0,0.5,300,2,13,ok,,0,1,28.31349999178201,663,1,0.5350000000000001,3.5120000000006257,4.830874997423962,1763205999649,1763205999860,,,,,,,,,,short,7418,367,343,191,1
l3_short_window,SHORT_WINDOW,24.0,0.5,300,2,14,ok,,0,1,26.981749979313463,663,1,0.5150000000000006,3.337999999999738,4.411083995364606,1763206008407,1763206008618,,,,,,,,,,short,6154,857,345,206,0
l3_short_window,SHORT_WINDOW,24.0,0.5,300,2,15,ok,,0,1,28.339542011963204,663,1,0.5309999999999953,3.473000000000866,4.719458986073732,1763206015372,1763206015584,,,,,,,,,,short,7610,779,348,154,1
l3_short_window,SHORT_WINDOW,24.0,0.5,300,2,16,ok,,0,1,28.711166989523917,663,1,0.568000000000005,3.790999999999258,4.837582993786782,1763206023813,1763206024054,,,,,,,,,,short,6202,585,340,267,0
l3_short_window,SHORT_WINDOW,24.0,0.5,300,2,17,ok,,0,1,24.191292002797127,663,1,0.666999999999998,3.657000000000153,4.940167011227459,1763206030760,1763206030962,,,,,,,,,,short,7052,284,212,266,0
l3_short_window,SHORT_WINDOW,24.0,0.5,300,2,18,ok,,0,1,32.38650001003407,663,1,0.902000000000001,4.8159999999998035,10.273792024236172,1763206039158,1763206039398,,,,,,,,,,short,7415,696,236,264,0
l3_short_window,SHORT_WINDOW,24.0,0.5,300,2,19,ok,,0,1,24.272792012197897,663,1,1.1910000000000025,3.261000000000422,4.485249985009432,1763206047096,1763206047288,,,,,,,,,,short,7136,276,316,165,1
l3_short_window,SHORT_WINDOW,24.0,0.5,300,2,20,ok,,0,1,26.403625000966713,663,1,0.5219999999999985,3.3460000000004584,4.3854169780388474,1763206055342,1763206055564,,,,,,,,,,short,7087,436,309,190,1
l3_short_window,SHORT_WINDOW,24.0,0.5,300,2,21,ok,,0,1,23.689166991971433,663,1,0.507000000000005,3.5900000000001455,4.920167004456744,1763206064216,1763206064458,,,,,,,,,,short,6044,721,310,182,1
l3_short_window,SHORT_WINDOW,24.0,0.5,300,2,22,ok,,0,1,27.29779199580662,663,1,0.5410000000000004,3.2969999999995707,4.736750008305535,1763206070212,1763206070413,,,,,,,,,,short,6072,331,217,153,0
l3_short_window,SHORT_WINDOW,24.0,0.5,300,2,23,ok,,0,3,1046.3132919976488,1989,3,1.7719999999999985,9.840000000000146,13.61820800229907,1763206077646,1763206078863,,,,,,,,,,short,5960,671,321,220,1
l3_short_window,SHORT_WINDOW,24.0,0.5,300,2,24,ok,,0,1,29.82362499460578,663,1,0.5150000000000041,3.532000000000153,4.871082986937836,1763206084657,1763206084885,,,,,,,,,,short,6740,290,259,211,2
l3_short_window,SHORT_WINDOW,24.0,0.5,300,2,25,ok,,0,1,24.511083000106737,663,1,0.504999999999999,3.430000000000291,4.641415987862274,1763206092310,1763206092530,,,,,,,,,,short,6608,763,314,207,1
l3_short_window,SHORT_WINDOW,24.0,0.5,300,2,26,ok,,0,1,29.73183401627466,663,1,0.46399999999999864,3.4830000000001746,4.834333987673745,1763206099718,1763206099944,,,,,,,,,,short,6349,706,319,153,1
l3_short_window,SHORT_WINDOW,24.0,0.5,300,2,27,ok,,0,1,26.051290973555297,663,1,0.48900000000000077,3.3149999999986903,4.294833022868261,1763206106576,1763206106774,,,,,,,,,,short,7162,386,222,171,1
l3_short_window,SHORT_WINDOW,24.0,0.5,300,2,28,ok,,0,1,26.397292007459328,663,1,0.6730000000000018,3.886000000000422,6.334500008961186,1763206115027,1763206115248,,,,,,,,,,short,7187,659,265,182,1
l3_short_window,SHORT_WINDOW,24.0,0.5,300,2,29,ok,,0,1,27.56241598399356,663,1,0.5229999999999997,3.5250000000005457,4.684124985942617,1763206123235,1763206123458,,,,,,,,,,short,7697,730,249,229,0
l3_short_window,SHORT_WINDOW,24.0,0.5,300,2,30,ok,,0,1,27.953124983469024,663,1,0.4640000000000022,3.391000000000531,4.703250015154481,1763206131449,1763206131651,,,,,,,,,,short,7525,396,250,177,1
l3_short_window,SHORT_WINDOW,24.0,0.5,300,2,31,ok,,0,1,29.303207993507385,663,1,0.4609999999999985,3.4459999999980937,4.734332993393764,1763206140291,1763206140504,,,,,,,,,,short,6125,732,264,168,0
l3_short_window,SHORT_WINDOW,24.0,0.5,300,2,32,ok,,0,1,22.721000015735626,663,1,0.4789999999999992,3.295999999999367,4.368416994111612,1763206146891,1763206147094,,,,,,,,,,short,6941,282,256,165,1
l3_short_window,SHORT_WINDOW,24.0,0.5,300,2,33,ok,,0,1,26.518083992414176,663,1,0.48100000000000165,3.412000000000262,4.709500004537404,1763206154889,1763206155089,,,,,,,,,,short,7012,463,272,248,0
l3_short_window,SHORT_WINDOW,24.0,0.5,300,2,34,ok,,0,1,28.63725001225248,663,1,0.5619999999999976,3.902000000000953,5.274625000311062,1763206163168,1763206163417,,,,,,,,,,short,6775,251,316,196,0
l3_short_window,SHORT_WINDOW,24.0,0.5,300,2,35,ok,,0,1,25.55449999636039,663,1,0.6689999999999934,3.57300000000032,4.817083012312651,1763206170959,1763206171177,,,,,,,,,,short,6495,855,324,237,1
l3_short_window,SHORT_WINDOW,24.0,0.5,300,2,36,ok,,0,1,28.883499995572492,663,1,0.5280000000000022,3.463999999999942,4.649749986128882,1763206178032,1763206178240,,,,,,,,,,short,6137,531,243,202,1
l3_short_window,SHORT_WINDOW,24.0,0.5,300,2,37,ok,,0,1,26.774083002237603,663,1,0.475000000000005,3.391999999998916,4.551082995021716,1763206185260,1763206185492,,,,,,,,,,short,6067,671,237,156,1
l3_short_window,SHORT_WINDOW,24.0,0.5,300,2,38,ok,,0,1,27.563125011511147,663,1,0.4940000000000033,3.4290000000000873,4.712875001132488,1763206192286,1763206192515,,,,,,,,,,short,7599,752,282,240,1
l3_short_window,SHORT_WINDOW,24.0,0.5,300,2,39,ok,,0,1,29.542000003857538,663,1,0.5119999999999969,3.743999999999687,4.972374998033047,1763206200921,1763206201150,,,,,,,,,,short,7023,781,246,154,1
l3_short_window,SHORT_WINDOW,24.0,0.5,300,2,40,ok,,0,1,31.645999988541007,663,1,0.769999999999996,3.7000000000007276,5.002500023692846,1763206208963,1763206209182,,,,,,,,,,short,6953,833,326,237,1
l3_short_window,SHORT_WINDOW,24.0,0.5,300,2,41,ok,,0,1,28.113041014876217,663,1,0.5219999999999985,3.449999999999818,4.720542026916519,1763206216661,1763206216879,,,,,,,,,,short,7483,658,248,242,1
l3_short_window,SHORT_WINDOW,24.0,0.5,300,2,42,ok,,0,1,51.22170899994671,663,1,4.317,8.937999999999192,20.188208000035957,1763206225149,1763206225380,,,,,,,,,,short,7081,765,273,243,2
l3_short_window,SHORT_WINDOW,24.0,0.5,300,2,43,ok,,0,1,25.5062919750344,663,1,0.5029999999999966,3.469999999999345,4.679625009885058,1763206232804,1763206233023,,,,,,,,,,short,6419,509,296,262,0
l3_short_window,SHORT_WINDOW,24.0,0.5,300,2,44,ok,,0,1,29.751792026218027,663,1,0.5820000000000043,3.5489999999990687,4.883833025814965,1763206240166,1763206240382,,,,,,,,,,short,7603,515,259,223,1
l3_short_window,SHORT_WINDOW,24.0,0.5,300,2,45,ok,,0,1,28.016750002279878,663,1,0.5100000000000016,3.360000000000582,4.379833000712097,1763206248493,1763206248701,,,,,,,,,,short,7403,413,314,210,1
l3_short_window,SHORT_WINDOW,24.0,0.5,300,2,46,ok,,0,1,25.56070900755003,663,1,0.5219999999999985,3.4849999999996726,4.663541010813788,1763206257991,1763206258195,,,,,,,,,,short,6731,619,250,218,2
l3_short_window,SHORT_WINDOW,24.0,0.5,300,2,47,ok,,0,1,24.587250023614615,663,1,0.5679999999999978,3.54700000000048,4.8593330138828605,1763206264851,1763206265080,,,,,,,,,,short,7638,788,278,255,2
l3_short_window,SHORT_WINDOW,24.0,0.5,300,2,48,ok,,0,1,28.744042007019743,663,1,0.4830000000000041,3.380999999998494,4.628707974916324,1763206273231,1763206273440,,,,,,,,,,short,5791,739,224,254,0
l3_short_window,SHORT_WINDOW,24.0,0.5,300,2,49,ok,,0,1,25.878749991534278,663,1,0.5180000000000007,3.26299999999992,4.523250012425706,1763206279568,1763206279756,,,,,,,,,,short,6572,386,342,215,2
l3_short_window,SHORT_WINDOW,24.0,0.5,300,2,50,ok,,0,1,28.029290988342836,663,1,0.46199999999999974,3.4349999999994907,4.769291990669444,1763206287538,1763206287754,,,,,,,,,,short,6647,874,308,262,0
l3_short_window,SHORT_WINDOW,24.0,0.5,300,2,51,ok,,0,1,27.387540991185233,663,1,0.6580000000000013,4.185999999999694,5.693125014659017,1763206295036,1763206295258,,,,,,,,,,short,7308,758,339,243,2
l3_short_window,SHORT_WINDOW,24.0,0.5,300,2,52,ok,,0,1,26.08704101294279,663,1,0.5430000000000064,3.5999999999994543,4.930708993924782,1763206303420,1763206303644,,,,,,,,,,short,7078,844,254,175,1
l3_short_window,SHORT_WINDOW,24.0,0.5,300,2,53,ok,,0,1,27.671666990499943,663,1,0.7060000000000066,3.5770000000002256,4.9279999802820385,1763206311409,1763206311668,,,,,,,,,,short,6837,839,299,177,0
l3_short_window,SHORT_WINDOW,24.0,0.5,300,2,54,ok,,0,1,24.837957986164838,663,1,0.5249999999999986,3.4710000000004584,4.587958013871685,1763206318952,1763206319169,,,,,,,,,,short,7670,622,235,184,2
l3_short_window,SHORT_WINDOW,24.0,0.5,300,2,55,ok,,0,1,26.505041983909905,663,1,0.7460000000000022,3.1300000000010186,4.064833017764613,1763206327821,1763206328041,,,,,,,,,,short,6204,895,215,233,1
l3_short_window,SHORT_WINDOW,24.0,0.5,300,2,56,ok,,0,1,28.052457986632362,663,1,0.5630000000000024,3.8980000000001382,5.0304589967709035,1763206334312,1763206334525,,,,,,,,,,short,6768,379,255,178,1
l3_short_window,SHORT_WINDOW,24.0,0.5,300,2,57,failed,wait_access_response,0,3,505.9929589915555,516,3,4.829999999999998,0.0,0.0,1763206343349,,,,,,,,,,,short,6247,697,247,170,2
l3_short_window,SHORT_WINDOW,24.0,0.5,300,2,58,ok,,0,1,25.78316698782146,663,1,0.49900000000000233,3.3530000000000655,4.665125015890226,1763206349196,1763206349414,,,,,,,,,,short,6525,372,329,221,0
l3_short_window,SHORT_WINDOW,24.0,0.5,300,2,59,ok,,0,1,25.6214159890078,663,1,0.5070000000000014,3.438999999999396,4.510833998210728,1763206356569,1763206356787,,,,,,,,,,short,6763,332,217,238,1
l3_short_window,SHORT_WINDOW,24.0,0.5,300,2,60,ok,,0,1,27.56154100643471,663,1,0.5090000000000003,3.4760000000005675,4.551083984551951,1763206364508,1763206364733,,,,,,,,,,short,6689,603,298,164,1
l3_short_window,SHORT_WINDOW,24.0,0.5,300,2,61,ok,,0,1,30.00941700884141,663,1,0.507000000000005,3.605000000000473,4.924290988128632,1763206372388,1763206372608,,,,,,,,,,short,7473,854,310,177,1
l3_short_window,SHORT_WINDOW,24.0,0.5,300,2,62,ok,,0,1,24.09324998734519,663,1,0.48999999999999844,3.316999999999098,4.572458012262359,1763206380581,1763206380786,,,,,,,,,,short,6653,622,306,198,0
l3_short_window,SHORT_WINDOW,24.0,0.5,300,2,63,ok,,0,1,28.49183400394395,663,1,0.4780000000000051,3.4429999999993015,4.7532500175293535,1763206388395,1763206388614,,,,,,,,,,short,6460,812,237,159,0
l3_short_window,SHORT_WINDOW,24.0,0.5,300,2,64,ok,,0,1,27.70224999403581,663,1,0.5019999999999989,3.427999999998974,4.4585839787032455,1763206395369,1763206395635,,,,,,,,,,short,7519,310,290,154,1
l3_short_window,SHORT_WINDOW,24.0,0.5,300,2,65,ok,,0,1,25.407541019376367,663,1,0.5970000000000013,2.969000000000051,4.123916005482897,1763206403860,1763206404060,,,,,,,,,,short,5827,393,319,235,3
l3_short_window,SHORT_WINDOW,24.0,0.5,300,2,66,ok,,0,1,28.29024998936802,663,1,0.5829999999999984,3.5419999999994616,4.695584008004516,1763206410778,1763206410990,,,,,,,,,,short,7698,536,340,159,3
l3_short_window,SHORT_WINDOW,24.0,0.5,300,2,67,ok,,0,1,28.547833004267886,663,1,0.5109999999999992,3.514000000001033,4.837790998863056,1763206419538,1763206419759,,,,,,,,,,short,5924,805,241,161,0
l3_short_window,SHORT_WINDOW,24.0,0.5,300,2,68,ok,,0,1,28.532833006465808,663,1,0.7240000000000038,3.2369999999991705,4.561042005661875,1763206426918,1763206427127,,,,,,,,,,short,6469,846,325,237,1
l3_short_window,SHORT_WINDOW,24.0,0.5,300,2,69,ok,,0,1,33.3366249979008,663,1,0.5730000000000004,3.860999999998967,5.235666991211474,1763206433799,1763206434057,,,,,,,,,,short,6154,251,344,256,1
l3_short_window,SHORT_WINDOW,24.0,0.5,300,2,70,ok,,0,1,25.61916600097902,663,1,0.5770000000000017,3.402000000000953,4.597749997628853,1763206440555,1763206440769,,,,,,,,,,short,7119,454,274,229,1
l3_short_window,SHORT_WINDOW,24.0,0.5,300,2,71,ok,,0,1,27.725875028409064,663,1,0.48400000000000176,3.436000000000604,4.70849999692291,1763206449002,1763206449223,,,,,,,,,,short,7445,824,318,259,0
l3_short_window,SHORT_WINDOW,24.0,0.5,300,2,72,ok,,0,1,28.738000022713095,663,1,0.4640000000000022,3.3439999999991414,4.587333998642862,1763206456932,1763206457143,,,,,,,,,,short,6751,375,216,230,1
l3_short_window,SHORT_WINDOW,24.0,0.5,300,2,73,ok,,0,1,28.08954200008884,663,1,0.5290000000000035,3.4149999999999636,4.757582995807752,1763206464762,1763206464976,,,,,,,,,,short,6112,480,238,199,0
l3_short_window,SHORT_WINDOW,24.0,0.5,300,2,74,ok,,0,1,27.583457995206118,663,1,0.5489999999999959,3.584999999999127,4.886832990450785,1763206472226,1763206472455,,,,,,,,,,short,7387,849,276,165,0
l3_short_window,SHORT_WINDOW,24.0,0.5,300,2,75,ok,,0,1,29.065708979032934,663,1,0.5259999999999962,3.657000000000153,4.874250007560477,1763206480594,1763206480815,,,,,,,,,,short,7433,884,325,197,0
l3_short_window,SHORT_WINDOW,24.0,0.5,300,2,76,ok,,0,1,25.13866699882783,663,1,0.5009999999999977,3.2780000000002474,4.255999985616654,1763206488420,1763206488627,,,,,,,,,,short,6930,399,337,225,1
l3_short_window,SHORT_WINDOW,24.0,0.5,300,2,77,ok,,0,1,25.41191698401235,663,1,0.5099999999999945,3.296000000001186,4.49804199161008,1763206496234,1763206496442,,,,,,,,,,short,7012,365,282,156,1
l3_short_window,SHORT_WINDOW,24.0,0.5,300,2,78,ok,,0,1,27.970499999355525,663,1,0.4669999999999952,3.451000000000022,4.749165993416682,1763206504722,1763206504931,,,,,,,,,,short,7393,792,282,152,2
l3_short_window,SHORT_WINDOW,24.0,0.5,300,2,79,ok,,0,1,25.04358402802609,663,1,0.5010000000000012,3.4400000000005093,4.7590409812983125,1763206512616,1763206512830,,,,,,,,,,short,6425,396,276,176,1
l3_short_window,SHORT_WINDOW,24.0,0.5,300,2,80,ok,,0,1,26.605709019349888,663,1,0.9819999999999993,3.925000000000182,4.955625016009435,1763206520502,1763206520765,,,,,,,,,,short,7298,308,344,216,4
l3_short_window,SHORT_WINDOW,24.0,0.5,300,2,81,ok,,0,1,24.235916993347928,663,1,0.5070000000000014,3.401999999999134,4.478083981666714,1763206528337,1763206528540,,,,,,,,,,short,6305,329,224,228,0
l3_short_window,SHORT_WINDOW,24.0,0.5,300,2,82,ok,,0,1,26.410916994791478,663,1,0.5840000000000067,3.449999999999818,4.636666999431327,1763206535872,1763206536085,,,,,,,,,,short,6826,536,242,253,1
l3_short_window,SHORT_WINDOW,24.0,0.5,300,2,83,ok,,0,1,27.598582993960008,663,1,0.5000000000000036,3.4559999999992215,4.759333998663351,1763206543844,1763206544067,,,,,,,,,,short,7359,758,349,264,1
l3_short_window,SHORT_WINDOW,24.0,0.5,300,2,84,ok,,0,1,29.532500018831342,663,1,0.4869999999999983,3.430000000000291,4.74158299039118,1763206551877,1763206552086,,,,,,,,,,short,7082,573,284,171,1
l3_short_window,SHORT_WINDOW,24.0,0.5,300,2,85,ok,,0,1,29.30395898874849,663,1,0.5230000000000032,3.4970000000002983,4.5415000058710575,1763206560102,1763206560328,,,,,,,,,,short,6768,809,268,206,2
l3_short_window,SHORT_WINDOW,24.0,0.5,300,2,86,ok,,0,1,26.611082983436063,663,1,0.47800000000000153,3.3090000000001965,4.5107079786248505,1763206567490,1763206567700,,,,,,,,,,short,6983,495,210,237,1
l3_short_window,SHORT_WINDOW,24.0,0.5,300,2,87,ok,,0,1,29.28158300346695,663,1,0.48300000000000054,3.436999999999898,4.7387089871335775,1763206575608,1763206575827,,,,,,,,,,short,6525,691,217,205,0
l3_short_window,SHORT_WINDOW,24.0,0.5,300,2,88,ok,,0,1,26.02000001934357,663,1,0.5019999999999989,3.4200000000000728,4.635291988961399,1763206582767,1763206582980,,,,,,,,,,short,7217,343,229,253,1
l3_short_window,SHORT_WINDOW,24.0,0.5,300,2,89,ok,,0,1,23.522250005044043,663,1,0.46999999999999886,3.457999999999629,4.746541002532467,1763206591234,1763206591444,,,,,,,,,,short,6643,613,323,210,1
l3_short_window,SHORT_WINDOW,24.0,0.5,300,2,90,ok,,0,1,25.019333988893777,663,1,0.522000000000002,3.521999999999025,4.818332992726937,1763206598821,1763206599035,,,,,,,,,,short,7794,600,232,186,2
l3_short_window,SHORT_WINDOW,24.0,0.5,300,2,91,ok,,0,1,28.424459014786407,663,1,0.5539999999999985,3.4769999999998618,4.790375009179115,1763206607629,1763206607840,,,,,,,,,,short,6136,700,283,174,1
l3_short_window,SHORT_WINDOW,24.0,0.5,300,2,92,ok,,0,1,25.52333299536258,663,1,0.4820000000000064,3.4890000000004875,4.74479200784117,1763206614662,1763206614884,,,,,,,,,,short,6682,848,216,243,2
l3_short_window,SHORT_WINDOW,24.0,0.5,300,2,93,ok,,0,1,26.58462501130998,663,1,0.5,3.4559999999992215,4.722791985841468,1763206621932,1763206622150,,,,,,,,,,short,6351,500,295,204,1
l3_short_window,SHORT_WINDOW,24.0,0.5,300,2,94,ok,,0,1,25.51833400502801,663,1,0.46999999999999886,3.4349999999994907,4.708082997240126,1763206629589,1763206629799,,,,,,,,,,short,7501,880,248,272,0
l3_short_window,SHORT_WINDOW,24.0,0.5,300,2,95,ok,,0,1,30.04787501413375,663,1,0.5160000000000053,3.4780000000000655,4.716415976872668,1763206638013,1763206638233,,,,,,,,,,short,7695,846,207,182,1
l3_short_window,SHORT_WINDOW,24.0,0.5,300,2,96,ok,,0,1,29.55354200094007,663,1,0.5109999999999957,3.5259999999989304,4.948291985783726,1763206646170,1763206646383,,,,,,,,,,short,7722,418,348,239,1
l3_short_window,SHORT_WINDOW,24.0,0.5,300,2,97,ok,,0,1,26.495707978028804,663,1,0.5069999999999979,3.5350000000016735,4.753125016577542,1763206654773,1763206654988,,,,,,,,,,short,7432,358,325,236,2
l3_short_window,SHORT_WINDOW,24.0,0.5,300,2,98,ok,,0,1,29.891124984715134,663,1,0.5810000000000031,3.46100000000024,4.754791996674612,1763206663238,1763206663451,,,,,,,,,,short,6454,498,262,236,0
l3_short_window,SHORT_WINDOW,24.0,0.5,300,2,99,ok,,0,1,24.554957984946668,663,1,0.5020000000000024,3.476000000001477,4.717292002169415,1763206670846,1763206671058,,,,,,,,,,short,6181,680,296,209,0
l3_short_window,SHORT_WINDOW,24.0,0.5,300,2,100,ok,,0,1,31.31883399328217,663,1,0.5040000000000049,3.4600000000000364,4.33637501555495,1763206677698,1763206677915,,,,,,,,,,short,6583,436,292,176,0
l3_short_window,SHORT_WINDOW,24.0,0.5,300,2,101,ok,,0,1,25.04124998813495,663,1,0.49199999999999733,3.412999999999556,4.531667014816776,1763206685684,1763206685893,,,,,,,,,,short,6540,846,305,152,1
l3_short_window,SHORT_WINDOW,24.0,0.5,300,2,102,ok,,0,1,25.490957981674,663,1,0.48400000000000176,3.3850000000002183,4.606208996847272,1763206692751,1763206692965,,,,,,,,,,short,6470,487,327,153,2
l3_short_window,SHORT_WINDOW,24.0,0.5,300,2,103,ok,,0,1,28.436958004022017,663,1,0.5209999999999972,3.4599999999982174,4.678750003222376,1763206700114,1763206700335,,,,,,,,,,short,7073,567,257,232,4
l3_short_window,SHORT_WINDOW,24.0,0.5,300,2,104,ok,,0,1,24.5727919973433,663,1,0.5410000000000004,3.4580000000005384,4.685416002757847,1763206708001,1763206708222,,,,,,,,,,short,7583,606,325,255,1
l3_short_window,SHORT_WINDOW,24.0,0.5,300,2,105,ok,,0,1,29.029500001342967,663,1,0.480000000000004,3.3569999999990614,4.602708999300376,1763206716145,1763206716345,,,,,,,,,,short,6070,390,317,188,0
l3_short_window,SHORT_WINDOW,24.0,0.5,300,2,106,ok,,0,1,30.889707995811477,663,1,0.6780000000000008,3.584999999999127,4.421207995619625,1763206723101,1763206723293,,,,,,,,,,short,7155,311,344,265,1
l3_short_window,SHORT_WINDOW,24.0,0.5,300,2,107,ok,,0,1,25.539834023220465,663,1,0.5549999999999997,3.73200000000179,5.071999999927357,1763206732450,1763206732711,,,,,,,,,,short,6742,606,336,170,1
l3_short_window,SHORT_WINDOW,24.0,0.5,300,2,108,ok,,0,1,26.784207992022857,663,1,0.475000000000005,3.481999999999971,4.750916996272281,1763206739307,1763206739526,,,,,,,,,,short,8058,796,332,270,1
l3_short_window,SHORT_WINDOW,24.0,0.5,300,2,109,ok,,0,1,31.351666984846815,663,1,0.5190000000000019,3.532000000000153,4.841125017264858,1763206748047,1763206748271,,,,,,,,,,short,6262,660,346,222,1
l3_short_window,SHORT_WINDOW,24.0,0.5,300,2,110,ok,,0,1,30.04479198716581,663,1,0.5050000000000026,3.4459999999999127,4.691791982622817,1763206755415,1763206755647,,,,,,,,,,short,6804,745,245,162,1
l3_short_window,SHORT_WINDOW,24.0,0.5,300,2,111,ok,,0,1,25.34233301412314,663,1,0.487999999999996,3.4149999999999636,4.553709004539996,1763206763254,1763206763465,,,,,,,,,,short,6040,833,316,267,3
l3_short_window,SHORT_WINDOW,24.0,0.5,300,2,112,ok,,0,1,27.722208003979176,663,1,0.49900000000000233,3.4309999999986758,4.724291997263208,1763206769630,1763206769841,,,,,,,,,,short,7780,456,297,211,4
l3_short_window,SHORT_WINDOW,24.0,0.5,300,2,113,ok,,0,1,29.40924998256378,663,1,0.4989999999999988,3.570000000001528,4.716583003755659,1763206778567,1763206778789,,,,,,,,,,short,6179,815,327,278,0
l3_short_window,SHORT_WINDOW,24.0,0.5,300,2,114,ok,,0,1,26.163292001001537,663,1,0.5069999999999979,3.4440000000004147,4.725959006464109,1763206785460,1763206785700,,,,,,,,,,short,7257,586,202,172,0
l3_short_window,SHORT_WINDOW,24.0,0.5,300,2,115,ok,,0,1,28.58366700820625,663,1,0.517000000000003,3.6549999999997453,4.988375003449619,1763206793863,1763206794109,,,,,,,,,,short,6132,263,329,193,1
l3_short_window,SHORT_WINDOW,24.0,0.5,300,2,116,ok,,0,1,28.343082987703383,663,1,0.48399999999999466,3.3250000000007276,4.288750002160668,1763206800466,1763206800674,,,,,,,,,,short,7273,377,320,181,0
l3_short_window,SHORT_WINDOW,24.0,0.5,300,2,117,ok,,0,1,25.506542006041855,663,1,0.504999999999999,3.48399999999765,4.548583994619548,1763206808733,1763206808944,,,,,,,,,,short,6287,462,253,271,1
l3_short_window,SHORT_WINDOW,24.0,0.5,300,2,118,ok,,0,1,22.84066699212417,663,1,0.4770000000000003,3.121000000001004,4.303124995203689,1763206816336,1763206816550,,,,,,,,,,short,6577,756,238,170,1
l3_short_window,SHORT_WINDOW,24.0,0.5,300,2,119,ok,,0,1,29.00620800210163,663,1,0.5510000000000019,3.4600000000000364,4.7492920130025595,1763206823719,1763206823941,,,,,,,,,,short,6463,634,205,271,3
l3_short_window,SHORT_WINDOW,24.0,0.5,300,2,120,ok,,0,1,27.784292004071176,663,1,0.6130000000000031,3.605000000000473,4.650499991839752,1763206830951,1763206831175,,,,,,,,,,short,6971,647,229,208,1
l3_short_window,SHORT_WINDOW,24.0,0.5,300,2,121,ok,,0,1,29.679957980988547,663,1,0.5089999999999968,3.6140000000004875,4.9776670057326555,1763206839063,1763206839286,,,,,,,,,,short,6853,848,327,151,1
l3_short_window,SHORT_WINDOW,24.0,0.5,300,2,122,ok,,0,1,29.0924170112703,663,1,0.49599999999999866,3.4340000000020154,4.583375004585832,1763206846620,1763206846830,,,,,,,,,,short,6858,692,207,251,0
l3_short_window,SHORT_WINDOW,24.0,0.5,300,2,123,ok,,0,1,24.64520899229683,663,1,0.5379999999999967,3.173000000000684,4.4846249802503735,1763206854620,1763206854838,,,,,,,,,,short,7842,824,276,150,2
l3_short_window,SHORT_WINDOW,24.0,0.5,300,2,124,ok,,0,1,40.08270800113678,663,1,0.9299999999999997,4.451000000000022,13.237209001090378,1763206863853,1763206864064,,,,,,,,,,short,7675,825,246,269,2
l3_short_window,SHORT_WINDOW,24.0,0.5,300,2,125,ok,,0,1,26.91962500102818,663,1,0.5090000000000003,3.481999999999971,4.711167013738304,1763206871337,1763206871551,,,,,,,,,,short,7525,361,326,175,1
l3_short_window,SHORT_WINDOW,24.0,0.5,300,2,126,ok,,0,1,26.54537500347942,663,1,0.4869999999999983,3.3060000000004948,4.546125011984259,1763206879801,1763206880015,,,,,,,,,,short,5924,340,224,212,0
l3_short_window,SHORT_WINDOW,24.0,0.5,300,2,127,ok,,0,1,29.60495901061222,663,1,0.5070000000000014,3.491000000000895,4.720416996860877,1763206886736,1763206886945,,,,,,,,,,short,6270,425,298,192,1
l3_short_window,SHORT_WINDOW,24.0,0.5,300,2,128,ok,,0,1,25.885915994876996,663,1,0.5800000000000018,3.344999999999345,4.168332990957424,1763206893866,1763206894076,,,,,,,,,,short,7270,333,310,268,2
l3_short_window,SHORT_WINDOW,24.0,0.5,300,2,129,ok,,0,1,26.504250010475516,663,1,0.4809999999999981,3.467000000000553,4.832457983866334,1763206902343,1763206902561,,,,,,,,,,short,7595,542,267,261,0
l3_short_window,SHORT_WINDOW,24.0,0.5,300,2,130,ok,,0,1,30.310166999697685,663,1,0.5140000000000029,3.401999999999134,4.663166007958353,1763206910848,1763206911055,,,,,,,,,,short,7416,545,289,263,1
l3_short_window,SHORT_WINDOW,24.0,0.5,300,2,131,ok,,0,1,25.65358398715034,663,1,0.5060000000000002,3.563000000000102,4.479499999433756,1763206919016,1763206919234,,,,,,,,,,short,7914,367,200,196,2
l3_short_window,SHORT_WINDOW,24.0,0.5,300,2,132,ok,,0,1,26.766416005557403,663,1,0.5309999999999988,3.6890000000021246,4.938290978316218,1763206928265,1763206928486,,,,,,,,,,short,7512,769,290,209,2
l3_short_window,SHORT_WINDOW,24.0,0.5,300,2,133,ok,,0,1,31.68629200081341,663,1,0.5470000000000006,3.405999999999949,4.528583027422428,1763206936084,1763206936288,,,,,,,,,,short,7587,333,202,191,1
l3_short_window,SHORT_WINDOW,24.0,0.5,300,2,134,ok,,0,1,27.969874994596466,663,1,0.5039999999999978,3.5069999999986976,4.838083987124264,1763206944965,1763206945174,,,,,,,,,,short,7819,638,254,167,1
l3_short_window,SHORT_WINDOW,24.0,0.5,300,2,135,ok,,0,1,29.56999998423271,663,1,0.5,3.9879999999993743,4.983833990991116,1763206953404,1763206953620,,,,,,,,,,short,6998,309,302,162,1
l3_short_window,SHORT_WINDOW,24.0,0.5,300,2,136,ok,,0,1,26.92708300310187,663,1,0.5039999999999978,3.321999999999207,4.511583014391363,1763206961962,1763206962177,,,,,,,,,,short,7475,878,326,252,1
l3_short_window,SHORT_WINDOW,24.0,0.5,300,2,137,ok,,0,1,27.982542000245303,663,1,0.4789999999999992,3.3539999999993597,4.598708008415997,1763206970140,1763206970351,,,,,,,,,,short,7583,683,232,250,2
l3_short_window,SHORT_WINDOW,24.0,0.5,300,2,138,ok,,0,1,25.411915994482115,663,1,0.5380000000000038,2.7719999999999345,3.5435409808997065,1763206978437,1763206978647,,,,,,,,,,short,6338,663,348,189,0
l3_short_window,SHORT_WINDOW,24.0,0.5,300,2,139,ok,,0,1,25.78900000662543,663,1,0.5670000000000073,2.856999999999971,4.0760000119917095,1763206985655,1763206985856,,,,,,,,,,short,6377,596,222,261,1
l3_short_window,SHORT_WINDOW,24.0,0.5,300,2,140,ok,,0,1,26.59341599792242,663,1,0.4969999999999999,3.460999999998421,4.762875003507361,1763206993097,1763206993317,,,,,,,,,,short,7368,661,300,223,0
l3_short_window,SHORT_WINDOW,24.0,0.5,300,2,141,ok,,0,1,28.54204099276103,663,1,0.4880000000000031,3.4349999999994907,4.695042007369921,1763207001038,1763207001260,,,,,,,,,,short,6891,266,256,168,3
l3_short_window,SHORT_WINDOW,24.0,0.5,300,2,142,ok,,0,1,28.583375009475276,663,1,0.495000000000001,3.42200000000048,4.448583000339568,1763207008761,1763207008980,,,,,,,,,,short,6437,279,267,260,2
l3_short_window,SHORT_WINDOW,24.0,0.5,300,2,143,ok,,0,1,26.41683298861608,663,1,0.6550000000000011,3.095999999999549,4.390417016111314,1763207016973,1763207017175,,,,,,,,,,short,6538,611,312,185,2
l3_short_window,SHORT_WINDOW,24.0,0.5,300,2,144,ok,,0,1,23.774458008119836,663,1,0.48600000000000065,3.3919999999998254,4.616124992026016,1763207023729,1763207023936,,,,,,,,,,short,7377,398,296,246,1
l3_short_window,SHORT_WINDOW,24.0,0.5,300,2,145,ok,,0,1,26.564457977656275,663,1,0.4839999999999982,3.425999999999476,4.434000002220273,1763207032003,1763207032232,,,,,,,,,,short,6556,457,298,162,0
l3_short_window,SHORT_WINDOW,24.0,0.5,300,2,146,ok,,0,1,30.347124993568286,663,1,0.4969999999999999,3.4289999999982683,4.673249990446493,1763207039695,1763207039916,,,,,,,,,,short,7151,649,264,167,2
l3_short_window,SHORT_WINDOW,24.0,0.5,300,2,147,ok,,0,1,24.300624994793907,663,1,0.47399999999999665,3.4729999999999563,4.810708982404321,1763207047574,1763207047777,,,,,,,,,,short,6918,572,305,157,0
l3_short_window,SHORT_WINDOW,24.0,0.5,300,2,148,ok,,0,1,45.01158301718533,663,1,0.7280000000000086,13.334000000000742,25.17329200054519,1763207055404,1763207055621,,,,,,,,,,short,7908,589,251,168,1
l3_short_window,SHORT_WINDOW,24.0,0.5,300,2,149,ok,,0,1,24.524333013687283,663,1,0.504999999999999,3.4020000000000437,4.518125002505258,1763207064279,1763207064491,,,,,,,,,,short,5906,666,269,257,0
l3_short_window,SHORT_WINDOW,24.0,0.5,300,2,150,ok,,0,1,29.565125005319715,663,1,0.48900000000000077,3.436999999999898,4.673333023674786,1763207071214,1763207071433,,,,,,,,,,short,7517,747,214,225,1
l3_short_window,SHORT_WINDOW,24.0,0.5,300,2,151,ok,,0,1,26.547583984211087,663,1,0.48600000000000065,3.4900000000016007,4.786750010680407,1763207079586,1763207079798,,,,,,,,,,short,7778,651,270,231,2
l3_short_window,SHORT_WINDOW,24.0,0.5,300,2,152,ok,,0,1,28.751333011314273,663,1,0.49499999999999744,3.4420000000009168,4.651291994377971,1763207088137,1763207088361,,,,,,,,,,short,6781,568,320,167,0
l3_short_window,SHORT_WINDOW,24.0,0.5,300,2,153,ok,,0,1,29.190708009991795,663,1,0.4529999999999994,3.2179999999989377,4.4546250137500465,1763207095672,1763207095883,,,,,,,,,,short,5951,403,245,225,0
l3_short_window,SHORT_WINDOW,24.0,0.5,300,2,154,ok,,0,1,26.517208985751495,663,1,0.4959999999999951,3.449000000000524,4.672707989811897,1763207102747,1763207102972,,,,,,,,,,short,7412,612,334,263,1
l3_short_window,SHORT_WINDOW,24.0,0.5,300,2,155,ok,,0,1,31.114876008359715,663,1,0.5930000000000035,3.587999999999738,4.9588340043555945,1763207110927,1763207111142,,,,,,,,,,short,5980,445,233,195,0
l3_short_window,SHORT_WINDOW,24.0,0.5,300,2,156,ok,,0,1,29.24187501776032,663,1,0.504999999999999,3.3479999999981374,4.669916001148522,1763207117766,1763207117972,,,,,,,,,,short,7060,367,249,278,0
l3_short_window,SHORT_WINDOW,24.0,0.5,300,2,157,ok,,0,1,29.401207983028144,663,1,0.8209999999999908,3.8140000000003056,5.076958012068644,1763207126057,1763207126295,,,,,,,,,,short,6014,618,236,173,0
l3_short_window,SHORT_WINDOW,24.0,0.5,300,2,158,ok,,0,1,28.081666998332366,663,1,0.4980000000000011,3.436999999999898,4.660749982576817,1763207133196,1763207133415,,,,,,,,,,short,6866,796,298,264,0
l3_short_window,SHORT_WINDOW,24.0,0.5,300,2,159,ok,,0,1,26.390334009192884,663,1,0.5779999999999994,3.3589999999985594,4.616457998054102,1763207140441,1763207140630,,,,,,,,,,short,6612,332,260,240,0
l3_short_window,SHORT_WINDOW,24.0,0.5,300,2,160,ok,,0,1,27.398624981287867,663,1,0.4920000000000009,3.405000000002474,4.402207996463403,1763207148247,1763207148449,,,,,,,,,,short,7715,568,202,245,1
l3_short_window,SHORT_WINDOW,24.0,0.5,300,2,161,ok,,0,1,24.36333301011473,663,1,0.5449999999999946,3.7780000000002474,4.9349580076523125,1763207157619,1763207157889,,,,,,,,,,short,7227,781,236,228,0
l3_short_window,SHORT_WINDOW,24.0,0.5,300,2,162,ok,,0,1,27.562458999454975,663,1,0.46699999999999875,3.4200000000000728,4.690917005063966,1763207165168,1763207165381,,,,,,,,,,short,7592,659,281,161,1
l3_short_window,SHORT_WINDOW,24.0,0.5,300,2,163,ok,,0,1,24.48649998405017,663,1,0.5849999999999937,3.5169999999998254,4.476709000300616,1763207173823,1763207174041,,,,,,,,,,short,6765,753,248,168,0
l3_short_window,SHORT_WINDOW,24.0,0.5,300,2,164,ok,,0,1,27.605250012129545,663,1,0.5039999999999978,3.411000000000058,4.395750002004206,1763207181676,1763207181888,,,,,,,,,,short,5821,884,219,257,1
l3_short_window,SHORT_WINDOW,24.0,0.5,300,2,165,ok,,0,1,28.68708301684819,663,1,0.507000000000005,3.515000000001237,4.766416008351371,1763207188529,1763207188748,,,,,,,,,,short,7301,900,330,194,4
l3_short_window,SHORT_WINDOW,24.0,0.5,300,2,166,ok,,0,1,29.016250016866252,663,1,0.5130000000000052,3.459999999999127,4.682875005528331,1763207196420,1763207196632,,,,,,,,,,short,6875,657,345,194,2
l3_short_window,SHORT_WINDOW,24.0,0.5,300,2,167,ok,,0,1,28.493416000856087,663,1,0.5689999999999991,3.5979999999981374,4.914209013804793,1763207204274,1763207204487,,,,,,,,,,short,7088,674,284,184,0
l3_short_window,SHORT_WINDOW,24.0,0.5,300,2,168,ok,,0,1,29.138833982869983,663,1,0.5090000000000039,3.503999999998996,4.58308300585486,1763207212232,1763207212452,,,,,,,,,,short,6423,603,209,241,1
l3_short_window,SHORT_WINDOW,24.0,0.5,300,2,169,ok,,0,1,25.772207998670638,663,1,0.5489999999999995,3.533000000001266,4.860209010075778,1763207219864,1763207220090,,,,,,,,,,short,7695,883,249,214,1
l3_short_window,SHORT_WINDOW,24.0,0.5,300,2,170,ok,,0,1,26.316125004086643,663,1,0.47600000000000264,3.460000000000946,4.7192090132739395,1763207227789,1763207228000,,,,,,,,,,short,6801,271,210,187,2
l3_short_window,SHORT_WINDOW,24.0,0.5,300,2,171,ok,,0,1,23.32829200895503,663,1,0.48600000000000065,3.4239999999990687,4.715916991699487,1763207236173,1763207236380,,,,,,,,,,short,7058,823,323,170,0
l3_short_window,SHORT_WINDOW,24.0,0.5,300,2,172,ok,,0,1,27.474083995912224,663,1,0.4710000000000001,3.444999999999709,4.7174160135909915,1763207244040,1763207244261,,,,,,,,,,short,7861,708,272,255,2
l3_short_window,SHORT_WINDOW,24.0,0.5,300,2,173,ok,,0,1,29.418582998914644,663,1,0.5070000000000014,3.434000000001106,4.807999997865409,1763207252480,1763207252696,,,,,,,,,,short,6253,474,269,270,0
l3_short_window,SHORT_WINDOW,24.0,0.5,300,2,174,ok,,0,1,28.74362500733696,663,1,0.4839999999999982,3.4219999999986612,4.620916995918378,1763207260117,1763207260334,,,,,,,,,,short,6652,871,320,190,1
l3_short_window,SHORT_WINDOW,24.0,0.5,300,2,175,ok,,0,1,28.421667026123032,663,1,0.600999999999992,3.5020000000004075,4.799041984369978,1763207267575,1763207267802,,,,,,,,,,short,6281,807,259,266,0
l3_short_window,SHORT_WINDOW,24.0,0.5,300,2,176,ok,,0,1,24.665834003826603,663,1,0.5279999999999987,3.3799999999973807,4.522415983956307,1763207274343,1763207274546,,,,,,,,,,short,7443,362,273,276,0
l3_short_window,SHORT_WINDOW,24.0,0.5,300,2,177,ok,,0,1,26.85929197468795,663,1,0.5140000000000065,3.5529999999998836,4.905874986434355,1763207282693,1763207282904,,,,,,,,,,short,6283,333,289,154,1
l3_short_window,SHORT_WINDOW,24.0,0.5,300,2,178,ok,,0,1,25.551792001351714,663,1,0.6300000000000026,2.871000000001004,4.032124998047948,1763207289984,1763207290180,,,,,,,,,,short,6476,463,312,260,1
l3_short_window,SHORT_WINDOW,24.0,0.5,300,2,179,ok,,0,1,29.392249998636544,663,1,0.4989999999999988,3.441999999999098,4.850499972235411,1763207297278,1763207297491,,,,,,,,,,short,7762,324,337,233,1
l3_short_window,SHORT_WINDOW,24.0,0.5,300,2,180,ok,,0,1,26.216625003144145,663,1,0.47799999999999443,3.4019999999982247,4.644125001505017,1763207306414,1763207306630,,,,,,,,,,short,7827,786,247,164,2
l3_short_window,SHORT_WINDOW,24.0,0.5,300,2,181,ok,,0,1,31.36566700413823,663,1,0.5020000000000024,3.5270000000000437,4.681124992202967,1763207314928,1763207315149,,,,,,,,,,short,6072,565,320,252,1
l3_short_window,SHORT_WINDOW,24.0,0.5,300,2,182,ok,,0,1,26.377541013062,663,1,0.5179999999999971,3.348999999998341,4.746374994283542,1763207322003,1763207322210,,,,,,,,,,short,6132,558,220,185,3
l3_short_window,SHORT_WINDOW,24.0,0.5,300,2,183,ok,,0,1,27.38462499110028,663,1,0.5629999999999953,3.5390000000006694,4.7572080220561475,1763207329111,1763207329335,,,,,,,,,,short,6754,669,348,220,1
l3_short_window,SHORT_WINDOW,24.0,0.5,300,2,184,ok,,0,1,26.55941600096412,663,1,0.5289999999999999,3.496000000001004,4.872124991379678,1763207336820,1763207337039,,,,,,,,,,short,6653,721,312,176,1
l3_short_window,SHORT_WINDOW,24.0,0.5,300,2,185,ok,,0,1,25.51695899455808,663,1,0.475000000000005,3.4790000000011787,4.927707981551066,1763207344421,1763207344632,,,,,,,,,,short,7462,682,322,225,0
l3_short_window,SHORT_WINDOW,24.0,0.5,300,2,186,ok,,0,1,27.669083996443078,663,1,0.5050000000000026,3.4949999999989814,4.743165976833552,1763207352478,1763207352680,,,,,,,,,,short,5998,364,223,165,1
l3_short_window,SHORT_WINDOW,24.0,0.5,300,2,187,ok,,0,1,28.536208003060892,663,1,0.4909999999999961,3.4579999999987194,4.808625002624467,1763207359654,1763207359878,,,,,,,,,,short,6275,551,218,236,0
l3_short_window,SHORT_WINDOW,24.0,0.5,300,2,188,ok,,0,1,30.29929200420156,663,1,0.6170000000000009,3.5210000000024593,4.8401250096503645,1763207366663,1763207366874,,,,,,,,,,short,6877,321,214,279,0
l3_short_window,SHORT_WINDOW,24.0,0.5,300,2,189,ok,,0,1,28.048750013113022,663,1,0.4980000000000082,3.426000000001295,4.706042003817856,1763207374565,1763207374781,,,,,,,,,,short,7358,367,241,167,1
l3_short_window,SHORT_WINDOW,24.0,0.5,300,2,190,ok,,0,1,28.483458008849993,663,1,0.4920000000000009,3.475000000000364,4.751791973831132,1763207383367,1763207383591,,,,,,,,,,short,6400,813,283,205,0
l3_short_window,SHORT_WINDOW,24.0,0.5,300,2,191,ok,,0,1,24.195375008275732,663,1,0.669000000000004,2.962999999999738,4.342291998909786,1763207391147,1763207391352,,,,,,,,,,short,6317,774,221,241,2
l3_short_window,SHORT_WINDOW,24.0,0.5,300,2,192,ok,,0,1,27.278333000140265,663,1,0.5509999999999984,3.3410000000003492,4.644041997380555,1763207397921,1763207398130,,,,,,,,,,short,7405,747,335,155,0
l3_short_window,SHORT_WINDOW,24.0,0.5,300,2,193,ok,,0,1,28.799166990211233,663,1,0.6439999999999984,3.6050000000013824,4.837749991565943,1763207406565,1763207406807,,,,,,,,,,short,7800,549,277,279,4
l3_short_window,SHORT_WINDOW,24.0,0.5,300,2,194,ok,,0,1,31.877542001893744,663,1,0.7339999999999982,4.552000000001499,7.1009169914759696,1763207414793,1763207415011,,,,,,,,,,short,7048,691,290,182,1
l3_short_window,SHORT_WINDOW,24.0,0.5,300,2,195,ok,,0,1,25.538166984915733,663,1,0.4700000000000024,3.4500000000007276,4.4089999864809215,1763207423005,1763207423223,,,,,,,,,,short,7431,889,217,223,2
l3_short_window,SHORT_WINDOW,24.0,0.5,300,2,196,ok,,0,1,28.931790991919115,663,1,0.8249999999999957,4.195999999999913,6.102957995608449,1763207431383,1763207431604,,,,,,,,,,short,6073,883,324,230,1
l3_short_window,SHORT_WINDOW,24.0,0.5,300,2,197,ok,,0,1,25.461666024057195,663,1,0.7209999999999965,2.989000000001397,4.392875009216368,1763207438143,1763207438337,,,,,,,,,,short,7485,636,324,167,1
l3_short_window,SHORT_WINDOW,24.0,0.5,300,2,198,ok,,0,1,25.86991700809449,663,1,0.5210000000000008,3.3770000000004075,4.598917003022507,1763207446811,1763207447031,,,,,,,,,,short,7324,810,348,228,0
l3_short_window,SHORT_WINDOW,24.0,0.5,300,2,199,ok,,0,1,28.47254098742269,663,1,0.6259999999999977,3.438000000000102,4.839333996642381,1763207454623,1763207454856,,,,,,,,,,short,7048,356,283,234,0
l3_short_window,SHORT_WINDOW,24.0,0.5,300,2,200,ok,,0,1,27.499625022755936,663,1,0.634999999999998,3.5650000000005093,4.924375010887161,1763207462934,1763207463153,,,,,,,,,,short,5919,641,213,157,0
l3_short_window,SHORT_WINDOW,24.0,0.5,300,2,201,ok,,0,1,29.342416994040832,663,1,0.5020000000000024,3.4469999999982974,4.794875014340505,1763207469920,1763207470143,,,,,,,,,,short,7290,749,203,190,0
l3_short_window,SHORT_WINDOW,24.0,0.5,300,2,202,ok,,0,1,30.57616698788479,663,1,0.5120000000000005,3.4199999999982538,4.546875017695129,1763207477730,1763207477944,,,,,,,,,,short,6590,323,216,251,0
l3_short_window,SHORT_WINDOW,24.0,0.5,300,2,203,ok,,0,1,30.569791997550055,663,1,0.5749999999999993,3.3799999999991996,4.76833400898613,1763207485377,1763207485586,,,,,,,,,,short,7657,451,206,273,0
l3_short_window,SHORT_WINDOW,24.0,0.5,300,2,204,ok,,0,1,23.86291601578705,663,1,0.5279999999999987,3.4980000000014115,4.808500001672655,1763207494261,1763207494480,,,,,,,,,,short,6740,720,330,162,0
l3_short_window,SHORT_WINDOW,24.0,0.5,300,2,205,ok,,0,1,26.97416700539179,663,1,0.47900000000000276,3.44499999999789,4.796957975486293,1763207502004,1763207502224,,,,,,,,,,short,6659,747,220,170,0
l3_short_window,SHORT_WINDOW,24.0,0.5,300,2,206,ok,,0,1,28.01445801742375,663,1,0.48100000000000165,3.337999999999738,4.608000017469749,1763207509077,1763207509286,,,,,,,,,,short,7092,271,284,277,2
l3_short_window,SHORT_WINDOW,24.0,0.5,300,2,207,ok,,0,1,25.36816700012423,663,1,0.5210000000000008,3.541000000001077,4.892874974757433,1763207517378,1763207517600,,,,,,,,,,short,6456,542,346,228,0
l3_short_window,SHORT_WINDOW,24.0,0.5,300,2,208,ok,,0,1,25.532958010444418,663,1,0.4920000000000009,3.4539999999997235,4.731416993308812,1763207524807,1763207525022,,,,,,,,,,short,6923,561,213,178,1
l3_short_window,SHORT_WINDOW,24.0,0.5,300,2,209,ok,,0,1,29.361624998273328,663,1,0.4750000000000014,3.3810000000012224,4.646625020541251,1763207532440,1763207532654,,,,,,,,,,short,8128,302,305,153,2
l3_short_window,SHORT_WINDOW,24.0,0.5,300,2,210,ok,,0,1,29.388291004579514,663,1,0.4989999999999988,3.418999999999869,4.382667015306652,1763207541599,1763207541819,,,,,,,,,,short,7525,467,318,226,3
l3_short_window,SHORT_WINDOW,24.0,0.5,300,2,211,ok,,0,1,27.528957987669855,663,1,0.4740000000000002,3.445000000001528,4.801291011972353,1763207549928,1763207550142,,,,,,,,,,short,7496,352,297,277,3
l3_short_window,SHORT_WINDOW,24.0,0.5,300,2,212,ok,,0,1,29.838541988283396,663,1,0.620000000000001,3.510999999998603,4.541250003967434,1763207558779,1763207558997,,,,,,,,,,short,5967,839,264,252,0
l3_short_window,SHORT_WINDOW,24.0,0.5,300,2,213,ok,,0,1,27.268749981885776,663,1,0.6769999999999996,3.4879999999993743,4.5154590043239295,1763207565722,1763207566003,,,,,,,,,,short,6710,780,290,180,1
l3_short_window,SHORT_WINDOW,24.0,0.5,300,2,214,ok,,0,1,25.659875012934208,663,1,0.6929999999999978,3.2600000000002183,4.584790993249044,1763207573615,1763207573840,,,,,,,,,,short,6838,642,259,252,4
l3_short_window,SHORT_WINDOW,24.0,0.5,300,2,215,ok,,0,1,24.520459002815187,663,1,0.5190000000000019,3.59900000000016,4.951624985551462,1763207580728,1763207580945,,,,,,,,,,short,6806,390,343,185,1
l3_short_window,SHORT_WINDOW,24.0,0.5,300,2,216,ok,,0,1,32.089791988255456,663,1,0.5339999999999954,3.548000000000684,4.874707985436544,1763207588668,1763207588894,,,,,,,,,,short,6046,566,246,257,1
l3_short_window,SHORT_WINDOW,24.0,0.5,300,2,217,ok,,0,1,23.816125001758337,663,1,0.7049999999999912,3.618000000002212,4.833584011066705,1763207595355,1763207595563,,,,,,,,,,short,6897,451,316,241,0
l3_short_window,SHORT_WINDOW,24.0,0.5,300,2,218,ok,,0,1,26.765292015625164,663,1,0.495000000000001,3.541000000001077,4.856708022998646,1763207603631,1763207603851,,,,,,,,,,short,7612,809,313,168,2
l3_short_window,SHORT_WINDOW,24.0,0.5,300,2,219,ok,,0,1,26.033832982648164,663,1,0.5429999999999993,3.4729999999999563,4.841083020437509,1763207611861,1763207612079,,,,,,,,,,short,6118,536,334,268,1
l3_short_window,SHORT_WINDOW,24.0,0.5,300,2,220,ok,,0,1,29.787042003590614,663,1,0.554000000000002,3.9530000000013388,5.019041011109948,1763207619242,1763207619507,,,,,,,,,,short,5949,257,281,255,2
l3_short_window,SHORT_WINDOW,24.0,0.5,300,2,221,ok,,0,1,27.07208300125785,663,1,0.5189999999999984,3.536999999998443,4.840624984353781,1763207625747,1763207625987,,,,,,,,,,short,6737,310,316,229,0
l3_short_window,SHORT_WINDOW,24.0,0.5,300,2,222,ok,,0,1,28.460583998821676,663,1,0.5579999999999998,4.146999999999025,5.365374992834404,1763207634141,1763207634354,,,,,,,,,,short,7480,897,224,238,0
l3_short_window,SHORT_WINDOW,24.0,0.5,300,2,223,ok,,0,1,28.76570902299136,663,1,0.4819999999999993,3.4459999999999127,4.595709004206583,1763207642112,1763207642315,,,,,,,,,,short,6270,405,212,231,0
l3_short_window,SHORT_WINDOW,24.0,0.5,300,2,224,ok,,0,1,27.949374984018505,663,1,0.8249999999999993,3.9350000000013097,5.291457986459136,1763207649588,1763207649820,,,,,,,,,,short,7001,639,206,224,1
l3_short_window,SHORT_WINDOW,24.0,0.5,300,2,225,ok,,0,1,28.408125013811514,663,1,0.715999999999994,3.6409999999996217,5.144666007254273,1763207657778,1763207657995,,,,,,,,,,short,7161,880,325,158,2
l3_short_window,SHORT_WINDOW,24.0,0.5,300,2,226,ok,,0,1,28.735333995427936,663,1,0.7199999999999989,3.503999999998996,4.8506250022910535,1763207665692,1763207665936,,,,,,,,,,short,7748,659,207,207,1
l3_short_window,SHORT_WINDOW,24.0,0.5,300,2,227,ok,,0,1,27.50883300905116,663,1,0.5790000000000006,3.5349999999998545,4.879042011452839,1763207674444,1763207674664,,,,,,,,,,short,7612,675,322,226,2
l3_short_window,SHORT_WINDOW,24.0,0.5,300,2,228,ok,,0,1,27.32175000710413,663,1,0.4940000000000033,3.3320000000003347,4.622000007657334,1763207682981,1763207683204,,,,,,,,,,short,6274,673,344,173,2
l3_short_window,SHORT_WINDOW,24.0,0.5,300,2,229,ok,,0,1,26.105124998139217,663,1,0.5949999999999989,3.8280000000013388,4.858415981288999,1763207691172,1763207691420,,,,,,,,,,short,6361,575,209,156,2
l3_short_window,SHORT_WINDOW,24.0,0.5,300,2,230,ok,,0,1,28.528875001939014,663,1,0.5360000000000049,3.4680000000025757,4.565040988381952,1763207697499,1763207697722,,,,,,,,,,short,7158,660,349,159,2
l3_short_window,SHORT_WINDOW,24.0,0.5,300,2,231,ok,,0,1,27.53083300194703,663,1,0.477999999999998,3.489000000001397,4.8390000010840595,1763207705277,1763207705485,,,,,,,,,,short,7447,367,235,162,0
l3_short_window,SHORT_WINDOW,24.0,0.5,300,2,232,ok,,0,1,25.348084018332884,663,1,0.4559999999999995,3.264000000001033,4.427083011250943,1763207713779,1763207713983,,,,,,,,,,short,6625,475,333,194,2
l3_short_window,SHORT_WINDOW,24.0,0.5,300,2,233,ok,,0,1,25.94166700146161,663,1,0.5399999999999991,3.4579999999969004,4.789375001564622,1763207721220,1763207721415,,,,,,,,,,short,7311,304,343,230,1
l3_short_window,SHORT_WINDOW,24.0,0.5,300,2,234,ok,,0,1,28.55783299310133,663,1,0.5179999999999971,3.4730000000017753,4.5364169927779585,1763207729495,1763207729704,,,,,,,,,,short,6314,554,215,252,0
l3_short_window,SHORT_WINDOW,24.0,0.5,300,2,235,ok,,0,1,29.789124993840232,663,1,0.551999999999996,3.7770000000000437,4.995583003619686,1763207736997,1763207737248,,,,,,,,,,short,5825,300,340,205,0
l3_short_window,SHORT_WINDOW,24.0,0.5,300,2,236,ok,,0,1,30.36141602206044,663,1,0.5280000000000022,3.5749999999989086,4.876082995906472,1763207743475,1763207743693,,,,,,,,,,short,5997,564,320,269,0
l3_short_window,SHORT_WINDOW,24.0,0.5,300,2,237,ok,,0,1,28.55595899745822,663,1,0.6210000000000022,3.6900000000005093,4.9172500148415565,1763207750850,1763207751065,,,,,,,,,,short,7326,499,215,157,2
l3_short_window,SHORT_WINDOW,24.0,0.5,300,2,238,ok,,0,1,25.452333997236565,663,1,0.4930000000000021,3.3179999999993015,4.3176670151297,1763207758466,1763207758670,,,,,,,,,,short,6639,353,206,259,0
l3_short_window,SHORT_WINDOW,24.0,0.5,300,2,239,ok,,0,1,26.7903330095578,663,1,0.8039999999999949,3.8850000000002183,5.076957982964814,1763207765949,1763207766146,,,,,,,,,,short,5826,270,238,182,1
l3_short_window,SHORT_WINDOW,24.0,0.5,300,2,240,ok,,0,2,544.4377090025228,1326,2,1.6910000000000096,9.072000000000116,12.720333994366229,1763207773092,1763207773801,,,,,,,,,,short,6539,613,303,276,1
l3_short_window,SHORT_WINDOW,24.0,0.5,300,2,241,ok,,0,1,25.335250014904886,663,1,0.4939999999999962,3.4139999999988504,4.694208997534588,1763207780371,1763207780580,,,,,,,,,,short,5865,432,344,256,1
l3_short_window,SHORT_WINDOW,24.0,0.5,300,2,242,ok,,0,3,1043.8425430038478,1989,3,1.7280000000000015,9.88299999999981,13.557750004110858,1763207787599,1763207788819,,,,,,,,,,short,7325,833,208,163,2
l3_short_window,SHORT_WINDOW,24.0,0.5,300,2,243,ok,,0,1,23.572375997900963,663,1,0.5030000000000001,3.4609999999993306,4.825540992897004,1763207795465,1763207795679,,,,,,,,,,short,6807,613,280,210,0
l3_short_window,SHORT_WINDOW,24.0,0.5,300,2,244,ok,,0,1,28.30616701976396,663,1,0.46999999999999886,3.4130000000004657,4.661332990508527,1763207803242,1763207803458,,,,,,,,,,short,7315,634,326,226,2
l3_short_window,SHORT_WINDOW,24.0,0.5,300,2,245,ok,,0,1,26.053042005514726,663,1,0.4909999999999961,3.425999999997657,4.5758339983876795,1763207811241,1763207811449,,,,,,,,,,short,6849,379,343,157,1
l3_short_window,SHORT_WINDOW,24.0,0.5,300,2,246,ok,,0,1,24.396417022217065,663,1,0.4880000000000031,3.4099999999998545,4.529458994511515,1763207819263,1763207819478,,,,,,,,,,short,6454,673,333,179,0
l3_short_window,SHORT_WINDOW,24.0,0.5,300,2,247,ok,,0,1,26.81554199079983,663,1,0.5939999999999941,3.514000000001033,4.90720898960717,1763207826735,1763207826959,,,,,,,,,,short,7357,707,300,207,0
l3_short_window,SHORT_WINDOW,24.0,0.5,300,2,248,ok,,0,1,27.205917023820803,663,1,0.4790000000000063,3.4459999999999127,4.697583994129673,1763207834986,1763207835204,,,,,,,,,,short,7011,630,256,270,2
l3_short_window,SHORT_WINDOW,24.0,0.5,300,2,249,ok,,0,1,28.78695901017636,663,1,0.49699999999999633,3.3989999999994325,4.438916017534211,1763207843079,1763207843290,,,,,,,,,,short,7003,884,345,187,0
l3_short_window,SHORT_WINDOW,24.0,0.5,300,2,250,ok,,0,1,29.41066597122699,663,1,0.47699999999999676,3.4099999999998545,4.727124993223697,1763207850561,1763207850766,,,,,,,,,,short,6885,460,264,225,0
l3_short_window,SHORT_WINDOW,24.0,0.5,300,2,251,ok,,0,1,26.02462502545677,663,1,0.4939999999999962,3.3140000000003056,4.64495801134035,1763207858210,1763207858417,,,,,,,,,,short,6171,283,234,209,0
l3_short_window,SHORT_WINDOW,24.0,0.5,300,2,252,ok,,0,1,27.624999987892807,663,1,0.47200000000000486,3.462999999999738,4.702167003415525,1763207865522,1763207865731,,,,,,,,,,short,6621,518,327,185,0
l3_short_window,SHORT_WINDOW,24.0,0.5,300,2,253,ok,,0,1,26.30441600922495,663,1,0.46899999999999764,3.2709999999988213,4.298207990359515,1763207872977,1763207873179,,,,,,,,,,short,5785,436,291,280,0
l3_short_window,SHORT_WINDOW,24.0,0.5,300,2,254,ok,,0,1,25.467666011536494,663,1,0.4740000000000002,3.4400000000023283,4.70779201714322,1763207879572,1763207879783,,,,,,,,,,short,6470,262,239,179,1
l3_short_window,SHORT_WINDOW,24.0,0.5,300,2,255,ok,,0,1,28.076916001737118,663,1,0.5009999999999977,3.5280000000002474,4.893541015917435,1763207887307,1763207887521,,,,,,,,,,short,7219,609,349,256,2
l3_short_window,SHORT_WINDOW,24.0,0.5,300,2,256,ok,,0,1,34.566375019494444,663,1,6.564999999999991,5.6600000000016735,8.679874998051673,1763207895690,1763207895902,,,,,,,,,,short,5979,770,283,223,0
l3_short_window,SHORT_WINDOW,24.0,0.5,300,2,257,ok,,0,1,25.383500003954396,663,1,0.627999999999993,3.1939999999995052,4.510667000431567,1763207902360,1763207902558,,,,,,,,,,short,6271,574,345,260,2
l3_short_window,SHORT_WINDOW,24.0,0.5,300,2,258,ok,,0,2,545.7058339961804,1326,2,1.6060000000000016,9.791000000002896,14.346375013701618,1763207909869,1763207910593,,,,,,,,,,short,6297,843,271,163,1
l3_short_window,SHORT_WINDOW,24.0,0.5,300,2,259,ok,,0,1,26.587040978483856,663,1,0.48900000000000077,3.4309999999986758,4.438125004526228,1763207917181,1763207917391,,,,,,,,,,short,7474,829,283,193,0
l3_short_window,SHORT_WINDOW,24.0,0.5,300,2,260,ok,,0,1,25.526917015668005,663,1,0.48400000000000176,3.3100000000013097,4.570666991639882,1763207925980,1763207926176,,,,,,,,,,short,6603,773,242,263,1
l3_short_window,SHORT_WINDOW,24.0,0.5,300,2,261,ok,,0,1,28.610834007849917,663,1,0.4920000000000009,3.423000000000684,4.723416001070291,1763207932737,1763207932951,,,,,,,,,,short,7763,514,236,172,2
l3_short_window,SHORT_WINDOW,24.0,0.5,300,2,262,ok,,0,1,28.57554200454615,663,1,0.5079999999999991,3.584000000002561,4.815332998987287,1763207941734,1763207941957,,,,,,,,,,short,7210,814,261,259,1
l3_short_window,SHORT_WINDOW,24.0,0.5,300,2,263,ok,,0,1,25.384957989444956,663,1,0.4839999999999982,3.4470000000019354,4.782292002346367,1763207949446,1763207949663,,,,,,,,,,short,7120,432,262,273,0
l3_short_window,SHORT_WINDOW,24.0,0.5,300,2,264,ok,,0,1,27.539667004020885,663,1,0.504999999999999,3.4899999999979627,4.815291991690174,1763207957529,1763207957746,,,,,,,,,,short,7639,503,287,226,1
l3_short_window,SHORT_WINDOW,24.0,0.5,300,2,265,ok,,0,1,25.53625000291504,663,1,0.5160000000000018,3.4769999999989523,4.461957985768095,1763207966390,1763207966601,,,,,,,,,,short,6370,663,257,178,0
l3_short_window,SHORT_WINDOW,24.0,0.5,300,2,266,ok,,0,1,27.9936250008177,663,1,0.5070000000000014,3.459000000000742,4.716666997410357,1763207973570,1763207973786,,,,,,,,,,short,6060,533,285,239,0
l3_short_window,SHORT_WINDOW,24.0,0.5,300,2,267,ok,,0,1,27.706125023541972,663,1,0.46399999999999864,3.448999999998705,4.713542002718896,1763207980599,1763207980816,,,,,,,,,,short,7750,573,293,175,0
l3_short_window,SHORT_WINDOW,24.0,0.5,300,2,268,ok,,0,2,541.9045409944374,1326,2,1.5399999999999991,9.7549999999992,13.797458988847211,1763207989615,1763207990326,,,,,,,,,,short,7651,833,280,164,4
l3_short_window,SHORT_WINDOW,24.0,0.5,300,2,269,ok,,0,1,27.524791017640382,663,1,0.480000000000004,3.471000000001368,4.822833987418562,1763207997867,1763207998082,,,,,,,,,,short,5801,494,290,222,0
l3_short_window,SHORT_WINDOW,24.0,0.5,300,2,270,ok,,0,1,25.275207997765392,663,1,0.48800000000000665,3.4069999999992433,4.628540977137163,1763208004852,1763208005075,,,,,,,,,,short,6629,683,201,249,0
l3_short_window,SHORT_WINDOW,24.0,0.5,300,2,271,ok,,0,1,24.32962498278357,663,1,0.49799999999999756,3.410999999998239,4.715332994237542,1763208012560,1763208012779,,,,,,,,,,short,6110,851,346,180,0
l3_short_window,SHORT_WINDOW,24.0,0.5,300,2,272,ok,,0,1,32.59487499599345,663,1,0.5579999999999998,3.757999999999811,4.84887498896569,1763208020046,1763208020292,,,,,,,,,,short,5869,837,257,175,1
l3_short_window,SHORT_WINDOW,24.0,0.5,300,2,273,ok,,0,1,27.783833007561043,663,1,0.47699999999999676,3.459999999999127,4.801667004358023,1763208026425,1763208026639,,,,,,,,,,short,6426,874,318,274,2
l3_short_window,SHORT_WINDOW,24.0,0.5,300,2,274,ok,,0,1,24.69412499340251,663,1,0.4799999999999969,3.4309999999986758,4.731833003461361,1763208033645,1763208033857,,,,,,,,,,short,6812,833,338,236,1
l3_short_window,SHORT_WINDOW,24.0,0.5,300,2,275,ok,,0,1,26.510249997954816,663,1,0.4819999999999993,3.4429999999974825,4.771083011291921,1763208041336,1763208041554,,,,,,,,,,short,6538,770,245,229,1
l3_short_window,SHORT_WINDOW,24.0,0.5,300,2,276,ok,,0,1,26.15200000582263,663,1,0.490000000000002,3.3730000000014115,4.625292000127956,1763208048802,1763208049013,,,,,,,,,,short,7460,796,218,237,0
l3_short_window,SHORT_WINDOW,24.0,0.5,300,2,277,ok,,0,1,26.99212500010617,663,1,0.4880000000000031,3.438000000000102,4.275582992704585,1763208057156,1763208057370,,,,,,,,,,short,6687,757,339,235,1
l3_short_window,SHORT_WINDOW,24.0,0.5,300,2,278,ok,,0,1,25.542666990077123,663,1,0.6169999999999973,3.4430000000011205,4.412459005834535,1763208064368,1763208064568,,,,,,,,,,short,7076,391,306,155,0
l3_short_window,SHORT_WINDOW,24.0,0.5,300,2,279,ok,,0,1,24.331833003088832,663,1,0.5010000000000012,3.5799999999999272,4.930333001539111,1763208073273,1763208073484,,,,,,,,,,short,7813,818,274,279,2
l3_short_window,SHORT_WINDOW,24.0,0.5,300,2,280,ok,,0,1,27.540957991732284,663,1,0.48599999999999355,3.3910000000014406,4.629292001482099,1763208081469,1763208081686,,,,,,,,,,short,5889,808,238,153,0
l3_short_window,SHORT_WINDOW,24.0,0.5,300,2,281,ok,,0,1,25.543416006257758,663,1,0.5189999999999984,3.473999999998341,4.765709018101916,1763208088141,1763208088358,,,,,,,,,,short,6170,668,274,202,0
l3_short_window,SHORT_WINDOW,24.0,0.5,300,2,282,ok,,0,1,27.75929099880159,663,1,0.4809999999999981,3.3959999999970023,4.6572909923270345,1763208095309,1763208095521,,,,,,,,,,short,7499,769,239,154,0
l3_short_window,SHORT_WINDOW,24.0,0.5,300,2,283,ok,,0,1,27.54300000378862,663,1,0.487999999999996,3.394000000000233,4.654500022297725,1763208103783,1763208103994,,,,,,,,,,short,7230,806,258,208,0
l3_short_window,SHORT_WINDOW,24.0,0.5,300,2,284,ok,,0,1,26.065625017508864,663,1,0.47899999999999565,3.4179999999996653,4.502750001847744,1763208111500,1763208111715,,,,,,,,,,short,6417,425,253,212,0
l3_short_window,SHORT_WINDOW,24.0,0.5,300,2,285,ok,,0,1,27.12337498087436,663,1,0.4859999999999971,3.4650000000001455,4.567833995679393,1763208119052,1763208119266,,,,,,,,,,short,7609,582,216,243,4
l3_short_window,SHORT_WINDOW,24.0,0.5,300,2,286,ok,,0,1,32.42429101374,663,1,0.5380000000000038,6.818999999999505,8.586624986492097,1763208127901,1763208128123,,,,,,,,,,short,7681,763,243,198,2
l3_short_window,SHORT_WINDOW,24.0,0.5,300,2,287,ok,,0,1,28.46620901254937,663,1,0.6360000000000028,3.157999999999447,4.332790995249525,1763208136979,1763208137185,,,,,,,,,,short,6873,733,225,246,3
l3_short_window,SHORT_WINDOW,24.0,0.5,300,2,288,ok,,0,1,26.059583004098386,663,1,0.5070000000000014,3.312000000001717,4.553083999780938,1763208143898,1763208144088,,,,,,,,,,short,7242,270,305,225,4
l3_short_window,SHORT_WINDOW,24.0,0.5,300,2,289,ok,,0,1,26.746250019641593,663,1,0.5070000000000014,3.5280000000002474,4.863834008574486,1763208152086,1763208152302,,,,,,,,,,short,7015,431,216,172,0
l3_short_window,SHORT_WINDOW,24.0,0.5,300,2,290,ok,,0,1,28.026458021486178,663,1,0.4869999999999983,3.438000000001921,4.692582995630801,1763208160123,1763208160338,,,,,,,,,,short,5985,547,274,205,1
l3_short_window,SHORT_WINDOW,24.0,0.5,300,2,291,ok,,0,1,26.75650001037866,663,1,0.482999999999997,3.438000000001921,4.541416012216359,1763208167316,1763208167531,,,,,,,,,,short,6490,808,250,171,2
l3_short_window,SHORT_WINDOW,24.0,0.5,300,2,292,ok,,0,1,27.771541994297877,663,1,0.4939999999999998,3.2629999999990105,4.45037501049228,1763208174228,1763208174436,,,,,,,,,,short,6567,310,237,278,3
l3_short_window,SHORT_WINDOW,24.0,0.5,300,2,293,ok,,0,1,30.194499995559454,663,1,0.4759999999999991,3.407999999999447,4.4970829912927,1763208181902,1763208182112,,,,,,,,,,short,6870,447,324,225,3
l3_short_window,SHORT_WINDOW,24.0,0.5,300,2,294,ok,,0,1,29.74545900360681,663,1,0.48999999999999844,3.514999999999418,4.837834014324471,1763208189719,1763208189934,,,,,,,,,,short,5741,484,256,270,0
l3_short_window,SHORT_WINDOW,24.0,0.5,300,2,295,ok,,0,1,27.780082979006693,663,1,0.5380000000000003,3.4510000000009313,4.800624999916181,1763208196378,1763208196585,,,,,,,,,,short,6456,483,275,265,0
l3_short_window,SHORT_WINDOW,24.0,0.5,300,2,296,ok,,0,2,546.3973750011064,1326,2,1.7930000000000064,9.92200000000048,13.784083013888448,1763208204357,1763208205074,,,,,,,,,,short,6868,530,242,231,2
l3_short_window,SHORT_WINDOW,24.0,0.5,300,2,297,ok,,0,1,24.523416999727488,663,1,0.48300000000000054,3.2449999999989814,4.317957995226607,1763208212026,1763208212236,,,,,,,,,,short,7152,834,326,171,1
l3_short_window,SHORT_WINDOW,24.0,0.5,300,2,298,ok,,0,1,26.01616599713452,663,1,0.5049999999999955,3.4420000000027358,4.45804200717248,1763208219623,1763208219832,,,,,,,,,,short,6762,461,260,191,0
l3_short_window,SHORT_WINDOW,24.0,0.5,300,2,299,ok,,0,1,24.491999996826053,663,1,0.46799999999999997,3.452999999997701,4.795958986505866,1763208227591,1763208227796,,,,,,,,,,short,6810,724,257,242,1
l3_short_window,SHORT_WINDOW,24.0,0.5,300,2,300,ok,,0,1,27.67945799860172,663,1,0.4759999999999991,3.4329999999990832,4.675917007261887,1763208235124,1763208235346,,,,,,,,,,short,6568,503,263,242,0
l3_short_window,SHORT_WINDOW,24.0,0.5,400,2,1,ok,,0,1,30.134708009427413,663,1,0.49799999999999756,3.4239999999990687,4.771374980919063,1763208242831,1763208243046,,,,,,,,,,short,7586,654,293,273,0
l3_short_window,SHORT_WINDOW,24.0,0.5,400,2,2,ok,,0,1,27.991833980195224,663,1,0.5059999999999967,3.4439999999995052,4.4354170095175505,1763208251328,1763208251535,,,,,,,,,,short,7227,619,321,213,1
l3_short_window,SHORT_WINDOW,24.0,0.5,400,2,3,ok,,0,1,29.855708999093622,663,1,0.504999999999999,3.4250000000010914,4.630125011317432,1763208259548,1763208259768,,,,,,,,,,short,6727,684,202,166,2
l3_short_window,SHORT_WINDOW,24.0,0.5,400,2,4,ok,,0,1,25.50687498296611,663,1,0.4519999999999982,3.444999999999709,4.73562499973923,1763208267400,1763208267609,,,,,,,,,,short,6290,870,260,242,0
l3_short_window,SHORT_WINDOW,24.0,0.5,400,2,5,ok,,0,1,27.36154099693522,663,1,0.497999999999994,3.38300000000163,4.4553750194609165,1763208274599,1763208274814,,,,,,,,,,short,7349,782,246,261,1
l3_short_window,SHORT_WINDOW,24.0,0.5,400,2,6,ok,,0,1,24.94754098006524,663,1,0.46999999999999886,3.3320000000003347,4.54104199889116,1763208282816,1763208283026,,,,,,,,,,short,6847,701,269,232,1
l3_short_window,SHORT_WINDOW,24.0,0.5,400,2,7,ok,,0,1,24.478165985783562,663,1,0.47100000000000364,3.425999999999476,4.747250000946224,1763208290617,1763208290832,,,,,,,,,,short,7600,723,338,241,0
l3_short_window,SHORT_WINDOW,24.0,0.5,400,2,8,ok,,0,1,25.517999980365857,663,1,0.49500000000000455,3.5460000000002765,4.867290990659967,1763208298702,1763208298913,,,,,,,,,,short,6553,260,202,192,1
l3_short_window,SHORT_WINDOW,24.0,0.5,400,2,9,ok,,0,1,29.50766700087115,663,1,0.485000000000003,3.5940000000009604,4.977000004146248,1763208306575,1763208306790,,,,,,,,,,short,6249,642,313,256,0
l3_short_window,SHORT_WINDOW,24.0,0.5,400,2,10,ok,,0,1,23.324665991822258,663,1,0.502999999999993,3.6939999999995052,5.0355829880572855,1763208313853,1763208314103,,,,,,,,,,short,6938,262,315,187,0
l3_short_window,SHORT_WINDOW,24.0,0.5,400,2,11,ok,,0,1,25.744666025275365,663,1,0.4720000000000013,3.3260000000027503,4.365458007669076,1763208321340,1763208321550,,,,,,,,,,short,7063,411,247,151,0
l3_short_window,SHORT_WINDOW,24.0,0.5,400,2,12,ok,,0,1,28.243708016816527,663,1,0.4630000000000045,3.393999999998414,4.630957992048934,1763208329733,1763208329938,,,,,,,,,,short,6787,771,227,278,0
l3_short_window,SHORT_WINDOW,24.0,0.5,400,2,13,ok,,0,1,28.06016698013991,663,1,0.5,3.4470000000001164,4.754749999847263,1763208337515,1763208337733,,,,,,,,,,short,7483,829,257,259,1
l3_short_window,SHORT_WINDOW,24.0,0.5,400,2,14,ok,,0,1,27.075249992776662,663,1,0.5169999999999995,3.393000000000029,4.540209018159658,1763208346001,1763208346247,,,,,,,,,,short,6502,870,312,277,1
l3_short_window,SHORT_WINDOW,24.0,0.5,400,2,15,ok,,0,1,25.349542003823444,663,1,0.7330000000000076,3.2110000000011496,4.315750004025176,1763208353249,1763208353461,,,,,,,,,,short,6020,643,239,208,2
l3_short_window,SHORT_WINDOW,24.0,0.5,400,2,16,ok,,0,1,28.620083001442254,663,1,0.5169999999999995,3.552000000001499,4.610874981153756,1763208359898,1763208360110,,,,,,,,,,short,7083,394,276,245,0
l3_short_window,SHORT_WINDOW,24.0,0.5,400,2,17,ok,,0,1,28.479958011303097,663,1,0.6389999999999993,3.0799999999999272,4.370415990706533,1763208368453,1763208368667,,,,,,,,,,short,7091,817,279,274,0
l3_short_window,SHORT_WINDOW,24.0,0.5,400,2,18,ok,,0,1,24.355959001695737,663,1,0.5060000000000002,3.456000000000131,4.430083994520828,1763208376302,1763208376509,,,,,,,,,,short,6754,636,236,202,0
l3_short_window,SHORT_WINDOW,24.0,0.5,400,2,19,ok,,0,1,28.553292009746656,663,1,0.47300000000000253,3.4509999999991123,4.7622919955756515,1763208384181,1763208384397,,,,,,,,,,short,6981,865,214,216,4
l3_short_window,SHORT_WINDOW,24.0,0.5,400,2,20,ok,,0,1,29.092334007145837,663,1,0.4540000000000006,3.3189999999995052,4.572999983793125,1763208391531,1763208391742,,,,,,,,,,short,7443,296,239,195,0
l3_short_window,SHORT_WINDOW,24.0,0.5,400,2,21,ok,,0,1,28.338750009424984,663,1,0.4830000000000041,3.45299999999952,4.771417006850243,1763208399963,1763208400174,,,,,,,,,,short,7720,380,228,188,0
l3_short_window,SHORT_WINDOW,24.0,0.5,400,2,22,ok,,0,1,28.824833018006757,663,1,0.47900000000000276,3.5020000000004075,4.786000004969537,1763208408799,1763208409007,,,,,,,,,,short,7093,574,302,177,2
l3_short_window,SHORT_WINDOW,24.0,0.5,400,2,23,ok,,0,1,25.203334022080526,663,1,0.4549999999999983,3.4139999999988504,4.70904097892344,1763208417183,1763208417405,,,,,,,,,,short,6645,864,214,236,1
l3_short_window,SHORT_WINDOW,24.0,0.5,400,2,24,ok,,0,1,29.387582995695993,663,1,0.48600000000000065,3.528999999998632,4.8433750052936375,1763208424697,1763208424919,,,,,,,,,,short,7739,801,311,262,0
l3_short_window,SHORT_WINDOW,24.0,0.5,400,2,25,ok,,0,1,25.451499997870997,663,1,0.5970000000000013,2.91899999999805,4.149124986724928,1763208432904,1763208433099,,,,,,,,,,short,7275,310,204,253,3
l3_short_window,SHORT_WINDOW,24.0,0.5,400,2,26,ok,,0,1,24.786833993857726,663,1,0.512000000000004,3.4660000000003492,4.520291986409575,1763208441501,1763208441718,,,,,,,,,,short,7115,676,327,153,1
l3_short_window,SHORT_WINDOW,24.0,0.5,400,2,27,ok,,0,1,31.786000006832182,663,1,0.4839999999999982,3.618000000002212,4.9273330077994615,1763208449579,1763208449800,,,,,,,,,,short,7703,747,218,230,2
l3_short_window,SHORT_WINDOW,24.0,0.5,400,2,28,ok,,0,1,25.926250003976747,663,1,0.4720000000000013,3.385999999998603,4.6298330125864595,1763208457625,1763208457823,,,,,,,,,,short,6649,284,241,247,1
l3_short_window,SHORT_WINDOW,24.0,0.5,400,2,29,ok,,0,1,29.73929198924452,663,1,0.5139999999999993,3.6239999999979773,4.942833009408787,1763208465327,1763208465540,,,,,,,,,,short,6581,416,280,229,1
l3_short_window,SHORT_WINDOW,24.0,0.5,400,2,30,ok,,0,1,30.077667004661635,663,1,0.5050000000000026,3.4280000000017026,4.702249978436157,1763208473063,1763208473275,,,,,,,,,,short,6793,574,216,165,0
l3_short_window,SHORT_WINDOW,24.0,0.5,400,2,31,ok,,0,1,24.215375015046448,663,1,0.4690000000000012,3.4359999999996944,4.783334006788209,1763208480561,1763208480782,,,,,,,,,,short,7425,348,333,252,2
l3_short_window,SHORT_WINDOW,24.0,0.5,400,2,32,ok,,0,1,27.250374987488613,663,1,0.5159999999999982,3.4539999999997235,4.777249996550381,1763208489301,1763208489518,,,,,,,,,,short,6361,681,348,218,0
l3_short_window,SHORT_WINDOW,24.0,0.5,400,2,33,ok,,0,1,24.951958999736235,663,1,0.47100000000000364,3.3580000000001746,4.650624992791563,1763208496279,1763208496484,,,,,,,,,,short,5864,379,252,205,0
l3_short_window,SHORT_WINDOW,24.0,0.5,400,2,34,ok,,0,1,30.786583985900506,663,1,0.4939999999999962,3.405000000000655,4.676874988945201,1763208503032,1763208503243,,,,,,,,,,short,6622,275,223,264,1
l3_short_window,SHORT_WINDOW,24.0,0.5,400,2,35,ok,,0,1,30.07204199093394,663,1,0.5029999999999966,3.5529999999998836,4.88441702327691,1763208511250,1763208511466,,,,,,,,,,short,7715,867,234,252,0
l3_short_window,SHORT_WINDOW,24.0,0.5,400,2,36,ok,,0,1,26.927208004053682,663,1,0.49800000000000466,3.470000000001164,4.755083005875349,1763208519438,1763208519653,,,,,,,,,,short,7608,450,261,192,0
l3_short_window,SHORT_WINDOW,24.0,0.5,400,2,37,ok,,0,1,27.55570801673457,663,1,0.5059999999999967,3.506999999997788,4.80662498739548,1763208527857,1763208528066,,,,,,,,,,short,7497,287,260,165,2
l3_short_window,SHORT_WINDOW,24.0,0.5,400,2,38,ok,,0,1,24.957334011560306,663,1,0.5169999999999995,3.427000000001499,4.66850001248531,1763208536446,1763208536650,,,,,,,,,,short,6831,537,333,230,0
l3_short_window,SHORT_WINDOW,24.0,0.5,400,2,39,ok,,0,1,26.527666981564835,663,1,0.5129999999999981,3.4390000000003056,4.670416994486004,1763208544204,1763208544423,,,,,,,,,,short,6861,495,316,204,1
l3_short_window,SHORT_WINDOW,24.0,0.5,400,2,40,ok,,0,2,551.6466260014568,1326,2,2.0309999999999953,11.068999999999505,15.485999989323318,1763208551715,1763208552444,,,,,,,,,,short,7227,319,332,249,0
l3_short_window,SHORT_WINDOW,24.0,0.5,400,2,41,ok,,0,1,26.093833992490545,663,1,0.6019999999999968,3.1229999999995925,4.413500020746142,1763208560930,1763208561149,,,,,,,,,,short,6974,869,345,230,3
l3_short_window,SHORT_WINDOW,24.0,0.5,400,2,42,ok,,0,1,30.77283297898248,663,1,0.4889999999999972,3.4719999999997526,4.814250016352162,1763208568177,1763208568395,,,,,,,,,,short,6283,670,313,219,0
l3_short_window,SHORT_WINDOW,24.0,0.5,400,2,43,ok,,0,1,42.82266600057483,663,1,0.6470000000000056,8.011000000000422,21.352499985368922,1763208575982,1763208576196,,,,,,,,,,short,7735,751,224,243,2
l3_short_window,SHORT_WINDOW,24.0,0.5,400,2,44,ok,,0,1,29.7920840093866,663,1,0.5030000000000001,3.449000000000524,4.552958009298891,1763208583720,1763208583941,,,,,,,,,,short,6942,319,282,263,0
l3_short_window,SHORT_WINDOW,24.0,0.5,400,2,45,ok,,0,1,31.259375013178214,663,1,0.46399999999999864,3.394000000000233,4.6975000004749745,1763208591757,1763208591960,,,,,,,,,,short,6254,453,347,158,0
l3_short_window,SHORT_WINDOW,24.0,0.5,400,2,46,ok,,0,1,28.33912501228042,663,1,0.5019999999999989,3.481000000001586,4.754166991915554,1763208599073,1763208599294,,,,,,,,,,short,7774,550,221,219,1
l3_short_window,SHORT_WINDOW,24.0,0.5,400,2,47,ok,,0,1,27.07904198905453,663,1,0.4720000000000013,3.355999999999767,4.638415994122624,1763208607632,1763208607840,,,,,,,,,,short,5915,414,313,218,1
l3_short_window,SHORT_WINDOW,24.0,0.5,400,2,48,ok,,0,1,31.446541979676113,663,1,0.5289999999999999,3.7109999999993306,5.104916985146701,1763208614336,1763208614553,,,,,,,,,,short,7388,259,216,207,0
l3_short_window,SHORT_WINDOW,24.0,0.5,400,2,49,ok,,0,1,27.58037601597607,663,1,0.49700000000000344,3.4429999999974825,4.705207975348458,1763208623104,1763208623316,,,,,,,,,,short,6859,715,205,187,0
l3_short_window,SHORT_WINDOW,24.0,0.5,400,2,50,ok,,0,1,28.216416016221046,663,1,0.5760000000000005,3.50800000000163,4.81808400945738,1763208630411,1763208630626,,,,,,,,,,short,6502,303,216,223,2
l3_short_window,SHORT_WINDOW,24.0,0.5,400,2,51,ok,,0,1,29.893250000895932,663,1,0.5250000000000021,3.6710000000002765,4.952916991896927,1763208638279,1763208638510,,,,,,,,,,short,7392,760,277,248,0
l3_short_window,SHORT_WINDOW,24.0,0.5,400,2,52,ok,,0,1,26.33937500650063,663,1,0.5100000000000016,3.649999999999636,4.990667017409578,1763208646702,1763208646927,,,,,,,,,,short,7535,791,251,262,2
l3_short_window,SHORT_WINDOW,24.0,0.5,400,2,53,ok,,0,1,26.152625010581687,663,1,0.48300000000000054,3.815999999998894,5.009292013710365,1763208654818,1763208655028,,,,,,,,,,short,7307,492,239,225,1
l3_short_window,SHORT_WINDOW,24.0,0.5,400,2,54,ok,,0,1,33.62316597485915,663,1,0.5539999999999985,3.658000000001266,4.748332983581349,1763208663201,1763208663428,,,,,,,,,,short,6178,752,218,268,0
l3_short_window,SHORT_WINDOW,24.0,0.5,400,2,55,ok,,0,1,30.983999982709065,663,1,0.5210000000000008,3.602999999999156,4.698707984061912,1763208670304,1763208670515,,,,,,,,,,short,6891,731,249,173,0
l3_short_window,SHORT_WINDOW,24.0,0.5,400,2,56,ok,,0,1,26.986084005329758,663,1,0.5549999999999997,3.036000000000058,4.309082985855639,1763208678124,1763208678337,,,,,,,,,,short,6808,758,256,233,3
l3_short_window,SHORT_WINDOW,24.0,0.5,400,2,57,ok,,0,1,30.71862499928102,663,1,0.47199999999999775,3.3960000000006403,4.632916999980807,1763208685520,1763208685729,,,,,,,,,,short,7633,396,290,172,1
l3_short_window,SHORT_WINDOW,24.0,0.5,400,2,58,ok,,0,1,27.939042018260807,663,1,0.4720000000000013,3.4089999999996508,4.71320899669081,1763208694161,1763208694366,,,,,,,,,,short,7560,456,319,224,1
l3_short_window,SHORT_WINDOW,24.0,0.5,400,2,59,ok,,0,1,29.10191600676626,663,1,0.5009999999999977,3.3839999999981956,4.458665993297473,1763208703095,1763208703304,,,,,,,,,,short,6486,851,256,225,0
l3_short_window,SHORT_WINDOW,24.0,0.5,400,2,60,ok,,0,1,29.42416601581499,663,1,0.5289999999999964,3.4429999999993015,4.439999989699572,1763208710039,1763208710245,,,,,,,,,,short,7323,347,244,265,0
l3_short_window,SHORT_WINDOW,24.0,0.5,400,2,61,ok,,0,1,31.193458999041468,663,1,0.5180000000000007,3.5940000000009604,4.878042003838345,1763208718405,1763208718610,,,,,,,,,,short,7787,395,287,155,2
l3_short_window,SHORT_WINDOW,24.0,0.5,400,2,62,ok,,0,1,28.817666025133803,663,1,0.4770000000000003,3.4769999999989523,4.788166988873854,1763208727467,1763208727687,,,,,,,,,,short,6589,681,230,270,1
l3_short_window,SHORT_WINDOW,24.0,0.5,400,2,63,ok,,0,1,30.161999980919063,663,1,0.512000000000004,3.617999999998574,4.921791987726465,1763208734495,1763208734717,,,,,,,,,,short,6204,257,251,158,1
l3_short_window,SHORT_WINDOW,24.0,0.5,400,2,64,ok,,0,1,30.986750003648922,663,1,0.5000000000000036,3.6409999999996217,4.97783298487775,1763208741834,1763208742055,,,,,,,,,,short,6721,447,206,162,1
l3_short_window,SHORT_WINDOW,24.0,0.5,400,2,65,ok,,0,1,27.99183299066499,663,1,0.4889999999999972,3.298000000000684,4.440292017534375,1763208749402,1763208749619,,,,,,,,,,short,6554,308,220,262,0
l3_short_window,SHORT_WINDOW,24.0,0.5,400,2,66,ok,,0,1,29.01316698989831,663,1,0.4980000000000011,3.448999999998705,4.52441701781936,1763208757042,1763208757256,,,,,,,,,,short,6756,499,338,196,0
l3_short_window,SHORT_WINDOW,24.0,0.5,400,2,67,ok,,0,1,25.555000000167638,663,1,0.4880000000000031,3.4840000000003783,4.731083987280726,1763208764692,1763208764897,,,,,,,,,,short,7634,439,296,215,1
l3_short_window,SHORT_WINDOW,24.0,0.5,400,2,68,ok,,0,1,31.23079100623727,663,1,0.5409999999999968,3.4470000000019354,4.7919579956214875,1763208773371,1763208773592,,,,,,,,,,short,6590,499,318,201,0
l3_short_window,SHORT_WINDOW,24.0,0.5,400,2,69,ok,,0,1,28.703332995064557,663,1,0.4969999999999999,3.4980000000014115,4.797583009349182,1763208780903,1763208781109,,,,,,,,,,short,6691,513,228,214,0
l3_short_window,SHORT_WINDOW,24.0,0.5,400,2,70,ok,,0,1,31.022499984828755,663,1,0.472999999999999,3.3989999999994325,4.708624997874722,1763208788386,1763208788574,,,,,,,,,,short,6832,298,327,245,0
l3_short_window,SHORT_WINDOW,24.0,0.5,400,2,71,ok,,0,1,29.127166024409235,663,1,0.6200000000000045,3.209000000000742,4.345541994553059,1763208796136,1763208796385,,,,,,,,,,short,6659,281,328,218,1
l3_short_window,SHORT_WINDOW,24.0,0.5,400,2,72,ok,,0,1,28.60470800078474,663,1,0.5330000000000048,3.7269999999989523,5.025458987802267,1763208804286,1763208804505,,,,,,,,,,short,6185,822,270,206,0
l3_short_window,SHORT_WINDOW,24.0,0.5,400,2,73,ok,,0,1,24.520957987988368,663,1,0.5309999999999988,3.3300000000017462,4.6117089805193245,1763208810872,1763208811082,,,,,,,,,,short,6888,286,201,203,1
l3_short_window,SHORT_WINDOW,24.0,0.5,400,2,74,ok,,0,1,27.229416999034584,663,1,0.5219999999999985,3.5419999999976426,4.901917011011392,1763208818908,1763208819130,,,,,,,,,,short,7511,616,315,207,0
l3_short_window,SHORT_WINDOW,24.0,0.5,400,2,75,ok,,0,1,30.512375000398606,663,1,0.46499999999999986,3.436999999999898,4.682458005845547,1763208827690,1763208827916,,,,,,,,,,short,6400,887,248,243,0
l3_short_window,SHORT_WINDOW,24.0,0.5,400,2,76,ok,,0,1,28.176958003314212,663,1,0.47699999999999676,3.4609999999993306,4.769708000821993,1763208834448,1763208834641,,,,,,,,,,short,6665,309,316,213,3
l3_short_window,SHORT_WINDOW,24.0,0.5,400,2,77,ok,,0,1,24.173625017283484,663,1,0.48600000000000065,3.4470000000001164,4.70779201714322,1763208842131,1763208842343,,,,,,,,,,short,7132,434,202,208,0
l3_short_window,SHORT_WINDOW,24.0,0.5,400,2,78,ok,,0,1,33.70333299972117,663,1,0.5210000000000008,3.7220000000015716,5.05933299427852,1763208850569,1763208850795,,,,,,,,,,short,6868,716,332,182,0
l3_short_window,SHORT_WINDOW,24.0,0.5,400,2,79,ok,,0,1,28.38970799348317,663,1,0.546999999999997,3.9869999999991705,5.338582996046171,1763208858450,1763208858715,,,,,,,,,,short,7424,279,335,177,0
l3_short_window,SHORT_WINDOW,24.0,0.5,400,2,80,ok,,0,1,32.64770799432881,663,1,0.5140000000000029,3.4089999999978318,4.714332986623049,1763208866405,1763208866615,,,,,,,,,,short,6126,411,341,258,0
l3_short_window,SHORT_WINDOW,24.0,0.5,400,2,81,ok,,0,1,28.356750000966713,663,1,0.4579999999999984,3.429999999998472,4.715084010967985,1763208873676,1763208873881,,,,,,,,,,short,7360,558,337,151,2
l3_short_window,SHORT_WINDOW,24.0,0.5,400,2,82,ok,,0,1,27.286458003800362,663,1,0.49199999999999733,3.4790000000011787,4.555916995741427,1763208881866,1763208882081,,,,,,,,,,short,7809,381,202,161,4
l3_short_window,SHORT_WINDOW,24.0,0.5,400,2,83,ok,,0,2,540.0011249876115,1326,2,1.4739999999999966,9.96100000000115,14.281790994573385,1763208890871,1763208891588,,,,,,,,,,short,7352,693,258,220,0
l3_short_window,SHORT_WINDOW,24.0,0.5,400,2,84,ok,,0,1,33.92212500330061,663,1,0.514999999999997,3.680999999996857,5.003832979127765,1763208899330,1763208899554,,,,,,,,,,short,6269,762,219,272,1
l3_short_window,SHORT_WINDOW,24.0,0.5,400,2,85,ok,,0,1,37.425249989610165,663,1,0.7669999999999959,8.322999999998501,13.269500021124259,1763208906174,1763208906377,,,,,,,,,,short,6251,436,298,196,0
l3_short_window,SHORT_WINDOW,24.0,0.5,400,2,86,ok,,0,1,30.57170900865458,663,1,0.5120000000000005,3.7710000000006403,5.073457985417917,1763208913638,1763208913879,,,,,,,,,,short,6154,636,244,245,0
l3_short_window,SHORT_WINDOW,24.0,0.5,400,2,87,ok,,0,1,32.623291976051405,663,1,0.5350000000000001,3.7559999999994034,5.1825410046149045,1763208920960,1763208921191,,,,,,,,,,short,6977,892,344,202,0
l3_short_window,SHORT_WINDOW,24.0,0.5,400,2,88,ok,,0,1,28.26320900931023,663,1,0.46799999999999997,3.448999999998705,4.718167008832097,1763208928607,1763208928828,,,,,,,,,,short,6828,636,216,189,0
l3_short_window,SHORT_WINDOW,24.0,0.5,400,2,89,ok,,0,1,26.154666004003957,663,1,0.519999999999996,3.313000000000102,4.5621249882970005,1763208936213,1763208936442,,,,,,,,,,short,7427,473,201,173,1
l3_short_window,SHORT_WINDOW,24.0,0.5,400,2,90,ok,,0,1,30.660791002446786,663,1,0.514999999999997,3.6409999999996217,4.945249995216727,1763208944597,1763208944813,,,,,,,,,,short,7063,501,268,226,1
l3_short_window,SHORT_WINDOW,24.0,0.5,400,2,91,ok,,0,1,27.34154200879857,663,1,0.522000000000002,3.683000000000902,5.090625025331974,1763208953003,1763208953221,,,,,,,,,,short,7160,840,245,160,1
l3_short_window,SHORT_WINDOW,24.0,0.5,400,2,92,ok,,0,1,30.641958001069725,663,1,0.5180000000000042,3.643999999998414,4.939125006785616,1763208960635,1763208960862,,,,,,,,,,short,6667,426,201,183,0
l3_short_window,SHORT_WINDOW,24.0,0.5,400,2,93,ok,,0,1,32.75516701978631,663,1,0.5119999999999969,3.471000000001368,4.8209159867838025,1763208968285,1763208968511,,,,,,,,,,short,6899,457,230,156,0
l3_short_window,SHORT_WINDOW,24.0,0.5,400,2,94,ok,,0,1,31.588584010023624,663,1,0.4759999999999991,3.4290000000000873,4.6815419918857515,1763208976445,1763208976657,,,,,,,,,,short,5942,700,249,183,2
l3_short_window,SHORT_WINDOW,24.0,0.5,400,2,95,ok,,0,1,26.82354100397788,663,1,0.4819999999999993,3.4100000000016735,4.754915978992358,1763208982907,1763208983112,,,,,,,,,,short,5893,283,221,171,1
l3_short_window,SHORT_WINDOW,24.0,0.5,400,2,96,ok,,0,1,28.237083985004574,663,1,0.4770000000000003,3.455999999998312,4.699125012848526,1763208989812,1763208990034,,,,,,,,,,short,6529,329,312,177,0
l3_short_window,SHORT_WINDOW,24.0,0.5,400,2,97,ok,,0,1,25.39345802506432,663,1,0.47600000000000264,3.3219999999982974,4.611832991940901,1763208997668,1763208997880,,,,,,,,,,short,7231,631,224,154,1
l3_short_window,SHORT_WINDOW,24.0,0.5,400,2,98,ok,,0,1,29.49695900315419,663,1,0.4839999999999982,3.3580000000001746,4.605750000337139,1763209005485,1763209005703,,,,,,,,,,short,7119,306,316,275,1
l3_short_window,SHORT_WINDOW,24.0,0.5,400,2,99,ok,,0,1,35.99758300697431,663,1,0.5389999999999979,3.6480000000010477,4.931250005029142,1763209014163,1763209014391,,,,,,,,,,short,7051,869,344,240,0
l3_short_window,SHORT_WINDOW,24.0,0.5,400,2,100,ok,,0,1,26.430208003148437,663,1,0.5169999999999959,3.64299999999821,4.661375016439706,1763209021720,1763209021933,,,,,,,,,,short,6854,435,202,242,1
l3_short_window,SHORT_WINDOW,24.0,0.5,400,2,101,ok,,0,1,27.811542007839307,663,1,0.5,3.587999999997919,4.652332980185747,1763209030012,1763209030236,,,,,,,,,,short,7640,866,310,175,0
l3_short_window,SHORT_WINDOW,24.0,0.5,400,2,102,ok,,0,1,30.48470799694769,663,1,0.5210000000000008,3.5559999999986758,4.581625020364299,1763209038573,1763209038798,,,,,,,,,,short,6036,810,320,168,1
l3_short_window,SHORT_WINDOW,24.0,0.5,400,2,103,ok,,0,1,27.562250004848465,663,1,0.7759999999999962,3.6520000000000437,5.05058400449343,1763209045960,1763209046183,,,,,,,,,,short,6328,743,343,178,2
l3_short_window,SHORT_WINDOW,24.0,0.5,400,2,104,ok,,0,1,24.524834007024765,663,1,0.5219999999999914,3.4880000000011933,4.774540982907638,1763209052336,1763209052536,,,,,,,,,,short,6926,277,294,208,1
l3_short_window,SHORT_WINDOW,24.0,0.5,400,2,105,ok,,0,1,31.471374997636303,663,1,0.5120000000000005,3.4979999999995925,4.77583400788717,1763209060727,1763209060932,,,,,,,,,,short,7603,690,309,274,2
l3_short_window,SHORT_WINDOW,24.0,0.5,400,2,106,ok,,0,1,29.842042014934123,663,1,0.5569999999999986,3.7150000000001455,5.065834004199132,1763209068993,1763209069220,,,,,,,,,,short,6001,499,285,179,3
l3_short_window,SHORT_WINDOW,24.0,0.5,400,2,107,ok,,0,1,42.40991600090638,663,1,0.588000000000001,16.200999999999112,21.465458994498476,1763209076174,1763209076384,,,,,,,,,,short,7499,722,226,186,1
l3_short_window,SHORT_WINDOW,24.0,0.5,400,2,108,ok,,0,1,29.83020799001679,663,1,0.5139999999999958,3.675999999999476,4.98683299520053,1763209084660,1763209084889,,,,,,,,,,short,7006,794,261,205,0
l3_short_window,SHORT_WINDOW,24.0,0.5,400,2,109,ok,,0,1,27.483541023684666,663,1,0.5020000000000024,3.6049999999995634,4.912083008093759,1763209092249,1763209092468,,,,,,,,,,short,7146,429,211,269,1
l3_short_window,SHORT_WINDOW,24.0,0.5,400,2,110,ok,,0,1,29.59483297308907,663,1,0.48100000000000165,3.61699999999837,4.896250000456348,1763209100337,1763209100553,,,,,,,,,,short,7397,421,266,208,1
l3_short_window,SHORT_WINDOW,24.0,0.5,400,2,111,ok,,0,1,33.139333012513816,663,1,0.5760000000000005,3.6810000000004948,5.071791994851083,1763209108831,1763209109053,,,,,,,,,,short,6192,559,300,229,1
l3_short_window,SHORT_WINDOW,24.0,0.5,400,2,112,ok,,0,1,24.48262498364784,663,1,0.5810000000000031,3.0789999999997235,3.992833982920274,1763209116478,1763209116672,,,,,,,,,,short,7134,565,259,264,1
l3_short_window,SHORT_WINDOW,24.0,0.5,400,2,113,ok,,0,1,28.593958006240427,663,1,0.5039999999999978,3.5640000000003056,4.845125018619001,1763209124426,1763209124646,,,,,,,,,,short,6168,849,313,261,2
l3_short_window,SHORT_WINDOW,24.0,0.5,400,2,114,ok,,0,1,25.26445797411725,663,1,0.5849999999999937,2.9680000000025757,4.234499996528029,1763209131384,1763209131577,,,,,,,,,,short,6571,810,332,155,2
l3_short_window,SHORT_WINDOW,24.0,0.5,400,2,115,ok,,0,1,24.36049998505041,663,1,0.5259999999999998,3.547999999998865,4.910874995402992,1763209138898,1763209139126,,,,,,,,,,short,6600,745,306,270,0
l3_short_window,SHORT_WINDOW,24.0,0.5,400,2,116,ok,,0,1,27.37237501423806,663,1,0.5009999999999977,3.611000000000786,4.706749983597547,1763209146417,1763209146642,,,,,,,,,,short,5863,728,308,242,0
l3_short_window,SHORT_WINDOW,24.0,0.5,400,2,117,ok,,0,1,29.572166997240856,663,1,0.5210000000000008,3.4989999999979773,4.8325000097975135,1763209152847,1763209153060,,,,,,,,,,short,6725,348,284,169,0
l3_short_window,SHORT_WINDOW,24.0,0.5,400,2,118,ok,,0,1,24.673875013832003,663,1,0.48499999999999943,3.4660000000021682,4.764584009535611,1763209160480,1763209160693,,,,,,,,,,short,7419,267,251,242,1
l3_short_window,SHORT_WINDOW,24.0,0.5,400,2,119,ok,,0,1,29.910125012975186,663,1,0.5169999999999995,3.469999999999345,4.80345799587667,1763209169086,1763209169294,,,,,,,,,,short,6039,574,203,175,1
l3_short_window,SHORT_WINDOW,24.0,0.5,400,2,120,ok,,0,1,30.334707989823073,663,1,0.4930000000000021,3.4549999999999272,4.755916015710682,1763209175991,1763209176203,,,,,,,,,,short,6672,479,284,172,1
l3_short_window,SHORT_WINDOW,24.0,0.5,400,2,121,ok,,0,1,28.540500003146008,663,1,0.5350000000000001,3.551999999997861,4.968249995727092,1763209183724,1763209183950,,,,,,,,,,short,6606,604,328,165,3
l3_short_window,SHORT_WINDOW,24.0,0.5,400,2,122,ok,,0,1,27.697874989826232,663,1,0.4610000000000021,3.440999999998894,4.71279097837396,1763209191395,1763209191607,,,,,,,,,,short,5993,781,246,209,1
l3_short_window,SHORT_WINDOW,24.0,0.5,400,2,123,ok,,0,1,27.37704201717861,663,1,0.49699999999999633,5.362999999999374,6.711166992317885,1763209198308,1763209198519,,,,,,,,,,short,7408,778,302,260,2
l3_short_window,SHORT_WINDOW,24.0,0.5,400,2,124,ok,,0,1,30.315332987811416,663,1,0.5010000000000012,3.507999999999811,4.802290990483016,1763209206448,1763209206694,,,,,,,,,,short,7160,588,221,245,2
l3_short_window,SHORT_WINDOW,24.0,0.5,400,2,125,ok,,0,1,29.35345799778588,663,1,0.48300000000000054,3.423000000000684,4.785541008459404,1763209214541,1763209214753,,,,,,,,,,short,5948,658,250,198,0
l3_short_window,SHORT_WINDOW,24.0,0.5,400,2,126,ok,,0,1,33.712875010678545,663,1,0.5109999999999992,3.6669999999994616,4.9877499986905605,1763209221233,1763209221449,,,,,,,,,,short,6499,454,299,270,1
l3_short_window,SHORT_WINDOW,24.0,0.5,400,2,127,ok,,0,1,30.265417008195072,663,1,0.5370000000000026,3.574000000000524,4.712124995421618,1763209228643,1763209228855,,,,,,,,,,short,7162,394,222,168,0
l3_short_window,SHORT_WINDOW,24.0,0.5,400,2,128,ok,,0,1,28.403708012774587,663,1,0.5359999999999943,3.701999999999316,5.064083001343533,1763209237351,1763209237604,,,,,,,,,,short,5931,445,297,202,0
l3_short_window,SHORT_WINDOW,24.0,0.5,400,2,129,ok,,0,1,26.15754201542586,663,1,0.4620000000000033,3.3479999999981374,4.656666977098212,1763209244023,1763209244225,,,,,,,,,,short,6734,700,251,238,0
l3_short_window,SHORT_WINDOW,24.0,0.5,400,2,130,ok,,0,1,30.35470799659379,663,1,0.48399999999999466,3.411000000000058,4.69187501585111,1763209251387,1763209251600,,,,,,,,,,short,5970,459,265,230,1
l3_short_window,SHORT_WINDOW,24.0,0.5,400,2,131,ok,,0,1,32.71862500696443,663,1,0.5219999999999914,3.5540000000000873,4.919667000649497,1763209258385,1763209258602,,,,,,,,,,short,6823,543,325,229,1
l3_short_window,SHORT_WINDOW,24.0,0.5,400,2,132,ok,,0,3,1046.9996669853572,1989,3,1.8670000000000044,9.979000000001179,13.990750012453645,1763209266093,1763209267322,,,,,,,,,,short,5899,488,241,249,1
l3_short_window,SHORT_WINDOW,24.0,0.5,400,2,133,ok,,0,2,547.9265839967411,1326,2,1.7259999999999955,9.831999999998516,14.298750000307336,1763209273093,1763209273800,,,,,,,,,,short,5769,691,336,241,3
l3_short_window,SHORT_WINDOW,24.0,0.5,400,2,134,ok,,0,1,29.30299998843111,663,1,0.4729999999999954,3.356999999998152,4.43320901831612,1763209279540,1763209279743,,,,,,,,,,short,6365,403,269,245,0
l3_short_window,SHORT_WINDOW,24.0,0.5,400,2,135,ok,,0,1,29.41675001056865,663,1,0.5390000000000015,3.6159999999999854,4.948374989908189,1763209287278,1763209287494,,,,,,,,,,short,7208,760,310,203,1
l3_short_window,SHORT_WINDOW,24.0,0.5,400,2,136,ok,,0,1,31.648208008846268,663,1,0.5249999999999986,3.631999999999607,4.942832980304956,1763209295196,1763209295416,,,,,,,,,,short,7139,525,246,207,0
l3_short_window,SHORT_WINDOW,24.0,0.5,400,2,137,ok,,0,1,27.08262499072589,663,1,0.4939999999999998,3.492000000000189,4.822457995032892,1763209303364,1763209303583,,,,,,,,,,short,6638,540,290,279,0
l3_short_window,SHORT_WINDOW,24.0,0.5,400,2,138,ok,,0,1,28.34754201467149,663,1,0.48300000000000054,3.458999999998923,4.716499999631196,1763209310790,1763209310997,,,,,,,,,,short,6174,376,294,199,0
l3_short_window,SHORT_WINDOW,24.0,0.5,400,2,139,ok,,0,1,26.669791986932978,663,1,0.5779999999999959,2.9359999999996944,4.295542021282017,1763209318300,1763209318498,,,,,,,,,,short,5902,705,223,269,2
l3_short_window,SHORT_WINDOW,24.0,0.5,400,2,140,ok,,0,1,22.232167015317827,663,1,0.5040000000000049,3.2659999999996217,4.489290993660688,1763209324814,1763209325004,,,,,,,,,,short,6609,377,304,276,0
l3_short_window,SHORT_WINDOW,24.0,0.5,400,2,141,ok,,0,1,22.38862498779781,663,1,0.46799999999999997,3.475000000000364,4.817583016119897,1763209332627,1763209332843,,,,,,,,,,short,7516,614,247,151,0
l3_short_window,SHORT_WINDOW,24.0,0.5,400,2,142,ok,,0,1,31.78595899953507,663,1,0.4759999999999991,3.4649999999983265,4.708082997240126,1763209340666,1763209340875,,,,,,,,,,short,6984,258,214,230,1
l3_short_window,SHORT_WINDOW,24.0,0.5,400,2,143,ok,,0,1,26.37491701170802,663,1,0.6429999999999936,3.02900000000227,4.190208012005314,1763209348928,1763209349163,,,,,,,,,,short,6332,549,205,258,3
l3_short_window,SHORT_WINDOW,24.0,0.5,400,2,144,ok,,0,1,26.30133301136084,663,1,0.49200000000000443,3.4580000000005384,4.702167003415525,1763209356438,1763209356660,,,,,,,,,,short,6831,863,287,154,1
l3_short_window,SHORT_WINDOW,24.0,0.5,400,2,145,ok,,0,1,28.212083008838817,663,1,0.5249999999999986,3.583999999998923,4.901749984128401,1763209363971,1763209364199,,,,,,,,,,short,7215,596,246,265,1
l3_short_window,SHORT_WINDOW,24.0,0.5,400,2,146,ok,,0,1,28.529750008601695,663,1,0.4939999999999998,3.668999999999869,5.0062499940395355,1763209372161,1763209372387,,,,,,,,,,short,6275,650,248,270,2
l3_short_window,SHORT_WINDOW,24.0,0.5,400,2,147,ok,,0,1,27.956042002188042,663,1,0.5069999999999979,3.5239999999994325,4.89637500140816,1763209379156,1763209379364,,,,,,,,,,short,6127,448,294,159,0
l3_short_window,SHORT_WINDOW,24.0,0.5,400,2,148,ok,,0,1,28.729959012707695,663,1,0.5179999999999936,3.452000000001135,4.517166991718113,1763209386419,1763209386664,,,,,,,,,,short,6389,638,305,246,0
l3_short_window,SHORT_WINDOW,24.0,0.5,400,2,149,ok,,0,1,30.800749984337017,663,1,0.4920000000000009,3.5870000000013533,4.9580839986447245,1763209393886,1763209394105,,,,,,,,,,short,7234,762,280,162,1
l3_short_window,SHORT_WINDOW,24.0,0.5,400,2,150,ok,,0,1,29.73983300034888,663,1,0.5130000000000017,3.631999999997788,4.673207993619144,1763209402067,1763209402294,,,,,,,,,,short,6397,711,235,207,1
l3_short_window,SHORT_WINDOW,24.0,0.5,400,2,151,ok,,0,1,30.330833018524572,663,1,0.5420000000000016,3.7399999999979627,5.120042013004422,1763209409531,1763209409763,,,,,,,,,,short,6177,838,229,219,0
l3_short_window,SHORT_WINDOW,24.0,0.5,400,2,152,ok,,0,2,554.3650000181515,1326,2,1.4349999999999987,10.076000000000931,14.280709001468495,1763209416499,1763209417254,,,,,,,,,,short,6219,673,292,165,1
l3_short_window,SHORT_WINDOW,24.0,0.5,400,2,153,ok,,0,1,27.180499979294837,663,1,0.4799999999999969,3.6350000000002183,4.960624995874241,1763209423762,1763209423991,,,,,,,,,,short,6804,750,238,159,1
l3_short_window,SHORT_WINDOW,24.0,0.5,400,2,154,ok,,0,1,28.598375007277355,663,1,0.5250000000000021,3.6350000000002183,4.88420799956657,1763209431555,1763209431777,,,,,,,,,,short,6142,813,334,218,1
l3_short_window,SHORT_WINDOW,24.0,0.5,400,2,155,ok,,0,1,29.73520799423568,663,1,0.4989999999999952,3.478000000000975,4.775250010425225,1763209438220,1763209438429,,,,,,,,,,short,7122,460,218,232,2
l3_short_window,SHORT_WINDOW,24.0,0.5,400,2,156,ok,,0,1,25.50016701570712,663,1,0.4839999999999982,3.290000000000873,4.375249991426244,1763209446135,1763209446341,,,,,,,,,,short,6876,268,211,151,1
l3_short_window,SHORT_WINDOW,24.0,0.5,400,2,157,ok,,0,1,29.97387500363402,663,1,0.5109999999999957,3.672999999998865,4.643166990717873,1763209454642,1763209454872,,,,,,,,,,short,6112,896,236,263,0
l3_short_window,SHORT_WINDOW,24.0,0.5,400,2,158,ok,,0,1,30.639167001936585,663,1,0.5059999999999967,3.7399999999997817,5.102625000290573,1763209461624,1763209461852,,,,,,,,,,short,7462,793,246,235,1
l3_short_window,SHORT_WINDOW,24.0,0.5,400,2,159,ok,,0,1,31.412167008966208,663,1,0.4800000000000004,3.393000000000029,4.6424999891314656,1763209469881,1763209470099,,,,,,,,,,short,7086,681,219,153,0
l3_short_window,SHORT_WINDOW,24.0,0.5,400,2,160,ok,,0,1,25.07308399071917,663,1,0.4700000000000024,3.316000000000713,4.584708018228412,1763209477524,1763209477721,,,,,,,,,,short,7475,331,218,247,1
l3_short_window,SHORT_WINDOW,24.0,0.5,400,2,161,ok,,0,1,33.0636250146199,663,1,0.5080000000000027,3.4359999999978754,4.698957985965535,1763209485924,1763209486145,,,,,,,,,,short,7572,375,201,237,1
l3_short_window,SHORT_WINDOW,24.0,0.5,400,2,162,ok,,0,1,26.611542009050027,663,1,0.504999999999999,3.6409999999996217,4.944959015119821,1763209494892,1763209495112,,,,,,,,,,short,5771,272,315,279,0
l3_short_window,SHORT_WINDOW,24.0,0.5,400,2,163,ok,,0,1,31.338792003225535,663,1,0.4959999999999951,3.5710000000017317,4.8748329863883555,1763209501722,1763209501942,,,,,,,,,,short,7730,801,349,218,2
l3_short_window,SHORT_WINDOW,24.0,0.5,400,2,164,ok,,0,1,27.54416599054821,663,1,0.4969999999999999,3.64299999999821,4.985000006854534,1763209510363,1763209510571,,,,,,,,,,short,5785,772,265,255,0
l3_short_window,SHORT_WINDOW,24.0,0.5,400,2,165,ok,,0,1,31.332707992987707,663,1,0.534000000000006,3.9430000000011205,5.248250003205612,1763209517146,1763209517407,,,,,,,,,,short,6106,294,316,240,1
l3_short_window,SHORT_WINDOW,24.0,0.5,400,2,166,ok,,0,1,30.68775002611801,663,1,0.5029999999999966,3.5229999999992287,4.840542009333149,1763209523966,1763209524184,,,,,,,,,,short,7875,564,236,213,1
l3_short_window,SHORT_WINDOW,24.0,0.5,400,2,167,ok,,0,1,26.421291986480355,663,1,0.578000000000003,3.9400000000005093,5.423584021627903,1763209532981,1763209533269,,,,,,,,,,short,6970,821,338,222,2
l3_short_window,SHORT_WINDOW,24.0,0.5,400,2,168,ok,,0,1,30.445916985627264,663,1,0.5449999999999946,3.735999999998967,4.88758398569189,1763209540999,1763209541230,,,,,,,,,,short,6101,888,291,158,0
l3_short_window,SHORT_WINDOW,24.0,0.5,400,2,169,ok,,0,1,28.305000014370307,663,1,0.5010000000000012,3.52599999999984,4.795292014023289,1763209547788,1763209548010,,,,,,,,,,short,6022,653,255,274,0
l3_short_window,SHORT_WINDOW,24.0,0.5,400,2,170,ok,,0,1,30.617250013165176,663,1,0.48900000000000077,3.552000000001499,4.860874993028119,1763209554497,1763209554707,,,,,,,,,,short,7680,446,317,204,1
l3_short_window,SHORT_WINDOW,24.0,0.5,400,2,171,ok,,0,1,34.76325000519864,663,1,0.4989999999999988,3.6080000000001746,4.896167025435716,1763209563040,1763209563255,,,,,,,,,,short,7405,357,302,152,2
l3_short_window,SHORT_WINDOW,24.0,0.5,400,2,172,ok,,0,1,32.58133298368193,663,1,0.5,3.647000000000844,4.998374992283061,1763209571359,1763209571577,,,,,,,,,,short,6191,379,212,173,0
l3_short_window,SHORT_WINDOW,24.0,0.5,400,2,173,ok,,0,1,25.326625007437542,663,1,0.5459999999999994,3.5760000000009313,4.876542021520436,1763209578630,1763209578856,,,,,,,,,,short,6915,526,322,229,1
l3_short_window,SHORT_WINDOW,24.0,0.5,400,2,174,ok,,0,1,26.743292022729293,663,1,0.5130000000000017,3.5390000000006694,4.905624984530732,1763209586603,1763209586851,,,,,,,,,,short,5935,578,239,255,0
l3_short_window,SHORT_WINDOW,24.0,0.5,400,2,175,ok,,0,1,26.375707995612174,663,1,0.4809999999999981,3.350000000000364,4.5929159969091415,1763209593433,1763209593636,,,,,,,,,,short,5901,563,325,257,1
l3_short_window,SHORT_WINDOW,24.0,0.5,400,2,176,ok,,0,1,30.720834009116516,663,1,0.5210000000000008,3.6020000000007713,5.049041996244341,1763209600309,1763209600526,,,,,,,,,,short,7685,560,289,206,1
l3_short_window,SHORT_WINDOW,24.0,0.5,400,2,177,ok,,0,1,28.068209008779377,663,1,0.5969999999999978,2.8989999999994325,4.134625021833926,1763209609127,1763209609335,,,,,,,,,,short,7579,731,271,197,1
l3_short_window,SHORT_WINDOW,24.0,0.5,400,2,178,ok,,0,1,30.56716700666584,663,1,0.4830000000000041,3.4470000000001164,4.753124987473711,1763209617589,1763209617808,,,,,,,,,,short,6101,621,228,276,0
l3_short_window,SHORT_WINDOW,24.0,0.5,400,2,179,ok,,0,1,33.456417004344985,663,1,0.48999999999999844,3.665000000000873,5.021500022849068,1763209624408,1763209624640,,,,,,,,,,short,7681,342,299,277,0
l3_short_window,SHORT_WINDOW,24.0,0.5,400,2,180,ok,,0,1,27.745916013373062,663,1,0.5119999999999969,3.5910000000003492,5.016624985728413,1763209633362,1763209633587,,,,,,,,,,short,6907,628,207,216,2
l3_short_window,SHORT_WINDOW,24.0,0.5,400,2,181,ok,,0,1,27.407332992879674,663,1,0.6379999999999981,2.988999999999578,4.296500002965331,1763209641645,1763209641844,,,,,,,,,,short,5981,629,285,180,2
l3_short_window,SHORT_WINDOW,24.0,0.5,400,2,182,ok,,0,1,29.120166989741847,663,1,0.4859999999999971,3.459999999997308,4.738208022899926,1763209647930,1763209648145,,,,,,,,,,short,5926,478,298,255,1
l3_short_window,SHORT_WINDOW,24.0,0.5,400,2,183,ok,,0,1,23.73712498228997,663,1,0.5649999999999977,3.0009999999983847,4.11520799389109,1763209654629,1763209654837,,,,,,,,,,short,7770,327,297,189,2
l3_short_window,SHORT_WINDOW,24.0,0.5,400,2,184,ok,,0,1,25.838792003924027,663,1,0.47200000000000486,3.3809999999994034,4.666791995987296,1763209663415,1763209663624,,,,,,,,,,short,6281,296,330,259,3
l3_short_window,SHORT_WINDOW,24.0,0.5,400,2,185,ok,,0,1,26.479332998860627,663,1,0.517000000000003,3.6089999999985594,4.8538330011069775,1763209670713,1763209670935,,,,,,,,,,short,7035,604,330,175,0
l3_short_window,SHORT_WINDOW,24.0,0.5,400,2,186,ok,,0,1,30.5533749924507,663,1,0.5819999999999936,3.048000000000684,4.346458008512855,1763209679257,1763209679490,,,,,,,,,,short,6823,699,297,192,1
l3_short_window,SHORT_WINDOW,24.0,0.5,400,2,187,ok,,0,1,31.478958000661805,663,1,0.6120000000000019,3.4170000000012806,4.715500021120533,1763209686592,1763209686839,,,,,,,,,,short,6247,699,268,212,2
l3_short_window,SHORT_WINDOW,24.0,0.5,400,2,188,ok,,0,1,28.026417014189065,663,1,0.5569999999999986,3.541000000001077,4.846290976274759,1763209693579,1763209693789,,,,,,,,,,short,6054,414,294,201,0
l3_short_window,SHORT_WINDOW,24.0,0.5,400,2,189,ok,,0,1,28.003334009554237,663,1,0.6640000000000015,4.114999999997963,5.640667019179091,1763209701288,1763209701490,,,,,,,,,,short,6265,686,302,155,3
l3_short_window,SHORT_WINDOW,24.0,0.5,400,2,190,ok,,0,1,27.461416000733152,663,1,0.5060000000000038,3.7220000000015716,4.988750006305054,1763209708162,1763209708395,,,,,,,,,,short,7081,791,251,191,1
l3_short_window,SHORT_WINDOW,24.0,0.5,400,2,191,ok,,0,1,31.770875008078292,663,1,0.5040000000000013,3.621999999999389,4.9059169832617044,1763209716107,1763209716331,,,,,,,,,,short,6136,768,206,254,0
l3_short_window,SHORT_WINDOW,24.0,0.5,400,2,192,ok,,0,1,28.41179200913757,663,1,0.6299999999999955,3.6480000000010477,4.98608301859349,1763209722731,1763209722947,,,,,,,,,,short,5858,288,286,195,1
l3_short_window,SHORT_WINDOW,24.0,0.5,400,2,193,ok,,0,1,27.193082991288975,663,1,0.5929999999999964,3.7810000000008586,4.919583006994799,1763209730083,1763209730308,,,,,,,,,,short,7037,751,316,179,1
l3_short_window,SHORT_WINDOW,24.0,0.5,400,2,194,ok,,0,1,25.97604101174511,663,1,0.5279999999999951,3.254000000002634,4.501999996136874,1763209737623,1763209737833,,,,,,,,,,short,6503,393,272,277,0
l3_short_window,SHORT_WINDOW,24.0,0.5,400,2,195,ok,,0,1,26.84804200544022,663,1,0.5119999999999969,3.5790000000015425,4.840416018851101,1763209745115,1763209745339,,,,,,,,,,short,6210,467,296,199,0
l3_short_window,SHORT_WINDOW,24.0,0.5,400,2,196,ok,,0,1,28.288958012126386,663,1,0.5120000000000076,3.496000000001004,4.8430000024382025,1763209753284,1763209753478,,,,,,,,,,short,7221,887,346,203,1
l3_short_window,SHORT_WINDOW,24.0,0.5,400,2,197,ok,,0,1,29.312666010810062,663,1,0.5129999999999946,3.4279999999998836,4.704249993665144,1763209760539,1763209760748,,,,,,,,,,short,6573,447,216,252,1
l3_short_window,SHORT_WINDOW,24.0,0.5,400,2,198,ok,,0,1,23.323125002207235,663,1,0.6019999999999968,4.062999999998283,6.239083013497293,1763209768212,1763209768402,,,,,,,,,,short,7686,712,261,241,2
l3_short_window,SHORT_WINDOW,24.0,0.5,400,2,199,ok,,0,1,29.49600000283681,663,1,0.5650000000000048,2.962999999997919,4.168790997937322,1763209776695,1763209776925,,,,,,,,,,short,6654,574,210,160,2
l3_short_window,SHORT_WINDOW,24.0,0.5,400,2,200,ok,,0,1,23.601583001436666,663,1,0.5100000000000051,3.572999999996682,4.583583009662107,1763209784370,1763209784595,,,,,,,,,,short,6244,675,309,278,3
l3_short_window,SHORT_WINDOW,24.0,0.5,400,2,201,ok,,0,1,27.84504200099036,663,1,0.5180000000000007,3.45600000000195,4.483291006181389,1763209791198,1763209791390,,,,,,,,,,short,6191,283,327,155,0
l3_short_window,SHORT_WINDOW,24.0,0.5,400,2,202,ok,,0,1,25.497624999843538,663,1,0.6340000000000003,2.9799999999995634,4.241999995429069,1763209799351,1763209799574,,,,,,,,,,short,7778,875,278,222,2
l3_short_window,SHORT_WINDOW,24.0,0.5,400,2,203,ok,,0,3,1044.3676259892527,1989,3,1.9429999999999978,8.9529999999977,12.031459016725421,1763209807508,1763209808735,,,,,,,,,,short,6272,747,327,254,3
l3_short_window,SHORT_WINDOW,24.0,0.5,400,2,204,ok,,0,1,32.65016700606793,663,1,0.512000000000004,3.6629999999986467,4.98795899329707,1763209814357,1763209814571,,,,,,,,,,short,6381,436,313,150,1
l3_short_window,SHORT_WINDOW,24.0,0.5,400,2,205,ok,,0,1,34.10812499350868,663,1,0.5309999999999988,3.850000000000364,5.160875007277355,1763209822081,1763209822338,,,,,,,,,,short,6393,258,303,221,1
l3_short_window,SHORT_WINDOW,24.0,0.5,400,2,206,ok,,0,1,27.658625011099502,663,1,0.5200000000000031,3.6009999999987485,4.989000008208677,1763209829296,1763209829521,,,,,,,,,,short,6361,624,258,166,2
l3_short_window,SHORT_WINDOW,24.0,0.5,400,2,207,ok,,0,1,33.26416699565016,663,1,0.5670000000000037,3.5089999999981956,4.772582993609831,1763209836494,1763209836708,,,,,,,,,,short,6507,489,338,176,0
l3_short_window,SHORT_WINDOW,24.0,0.5,400,2,208,ok,,0,1,29.386375012109056,663,1,0.5340000000000025,3.5419999999994616,4.818500019609928,1763209843794,1763209843989,,,,,,,,,,short,6626,265,285,223,0
l3_short_window,SHORT_WINDOW,24.0,0.5,400,2,209,ok,,0,1,34.00254200096242,663,1,0.4839999999999982,3.5569999999988795,4.838749999180436,1763209851576,1763209851793,,,,,,,,,,short,7763,488,347,171,0
l3_short_window,SHORT_WINDOW,24.0,0.5,400,2,210,ok,,0,1,30.04533299827017,663,1,0.5150000000000006,3.6749999999992724,5.01562500721775,1763209860659,1763209860883,,,,,,,,,,short,6315,780,246,162,0
l3_short_window,SHORT_WINDOW,24.0,0.5,400,2,211,ok,,0,1,27.895750012248755,663,1,0.472999999999999,3.4840000000003783,4.797542002052069,1763209867624,1763209867836,,,,,,,,,,short,6663,510,256,158,0
l3_short_window,SHORT_WINDOW,24.0,0.5,400,2,212,ok,,0,1,32.50279100029729,663,1,0.5100000000000016,3.469999999999345,4.599125008098781,1763209875618,1763209875825,,,,,,,,,,short,6703,848,207,237,0
l3_short_window,SHORT_WINDOW,24.0,0.5,400,2,213,ok,,0,1,25.62237501842901,663,1,0.48900000000000077,3.5450000000000728,4.851041012443602,1763209883234,1763209883451,,,,,,,,,,short,7527,750,214,198,1
l3_short_window,SHORT_WINDOW,24.0,0.5,400,2,214,ok,,0,1,28.822792024584487,663,1,0.5229999999999926,3.5829999999987194,4.9338329990860075,1763209892205,1763209892425,,,,,,,,,,short,7131,751,217,250,1
l3_short_window,SHORT_WINDOW,24.0,0.5,400,2,215,ok,,0,1,24.235499993665144,663,1,0.48999999999999844,3.441000000000713,4.73991601029411,1763209899686,1763209899903,,,,,,,,,,short,7718,625,298,160,2
l3_short_window,SHORT_WINDOW,24.0,0.5,400,2,216,ok,,0,1,25.398375000804663,663,1,0.5090000000000003,3.6780000000017026,5.0438339821994305,1763209908372,1763209908600,,,,,,,,,,short,7729,616,230,199,0
l3_short_window,SHORT_WINDOW,24.0,0.5,400,2,217,ok,,0,1,26.82745797210373,663,1,0.5210000000000008,3.6809999999986758,4.9327499873470515,1763209917311,1763209917539,,,,,,,,,,short,7283,898,253,264,3
l3_short_window,SHORT_WINDOW,24.0,0.5,400,2,218,ok,,0,1,28.812750009819865,663,1,0.5090000000000003,3.462999999999738,4.53316600760445,1763209924771,1763209924986,,,,,,,,,,short,6598,253,210,268,1
l3_short_window,SHORT_WINDOW,24.0,0.5,400,2,219,ok,,0,1,29.74433297640644,663,1,0.5010000000000012,3.4390000000003056,4.705667000962421,1763209932355,1763209932568,,,,,,,,,,short,6923,267,248,267,0
l3_short_window,SHORT_WINDOW,24.0,0.5,400,2,220,ok,,0,1,29.719207988819107,663,1,0.5139999999999993,3.5599999999994907,4.93412499781698,1763209940333,1763209940529,,,,,,,,,,short,7407,315,349,261,2
l3_short_window,SHORT_WINDOW,24.0,0.5,400,2,221,ok,,0,1,25.24724998511374,663,1,0.5560000000000009,3.1520000000000437,4.3800419953186065,1763209948799,1763209949003,,,,,,,,,,short,6258,521,293,170,2
l3_short_window,SHORT_WINDOW,24.0,0.5,400,2,222,ok,,0,3,1050.7640420109965,1989,3,1.889000000000003,8.031000000000859,11.399125010939315,1763209956453,1763209957677,,,,,,,,,,short,6842,876,238,151,1
l3_short_window,SHORT_WINDOW,24.0,0.5,400,2,223,ok,,0,1,27.762749989051372,663,1,0.5210000000000008,3.632999999999811,4.933624994009733,1763209964026,1763209964237,,,,,,,,,,short,7058,704,313,220,2
l3_short_window,SHORT_WINDOW,24.0,0.5,400,2,224,ok,,0,1,26.34300000499934,663,1,0.4839999999999982,3.4690000000009604,4.814374988200143,1763209971502,1763209971718,,,,,,,,,,short,6745,323,349,171,1
l3_short_window,SHORT_WINDOW,24.0,0.5,400,2,225,ok,,0,1,27.33958399039693,663,1,0.6629999999999967,3.2669999999998254,4.6304999850690365,1763209979356,1763209979570,,,,,,,,,,short,6900,546,274,214,1
l3_short_window,SHORT_WINDOW,24.0,0.5,400,2,226,ok,,0,1,31.108584022149444,663,1,0.4959999999999951,3.6790000000019063,5.041541997343302,1763209987155,1763209987378,,,,,,,,,,short,7834,477,236,163,2
l3_short_window,SHORT_WINDOW,24.0,0.5,400,2,227,ok,,0,1,31.68987500248477,663,1,0.522000000000002,3.651000000001659,5.026792001444846,1763209995568,1763209995784,,,,,,,,,,short,6387,272,200,188,0
l3_short_window,SHORT_WINDOW,24.0,0.5,400,2,228,ok,,0,1,26.696749991970137,663,1,0.49600000000000577,3.57300000000032,4.912000003969297,1763210003455,1763210003685,,,,,,,,,,short,6532,737,301,160,2
l3_short_window,SHORT_WINDOW,24.0,0.5,400,2,229,ok,,0,1,29.723667015787214,663,1,0.5769999999999982,2.9179999999996653,4.181583994068205,1763210010559,1763210010759,,,,,,,,,,short,6094,418,274,275,2
l3_short_window,SHORT_WINDOW,24.0,0.5,400,2,230,ok,,0,1,27.686750021530315,663,1,0.477999999999998,3.4570000000003347,4.7839999897405505,1763210017582,1763210017788,,,,,,,,,,short,7129,389,291,234,3
l3_short_window,SHORT_WINDOW,24.0,0.5,400,2,231,ok,,0,1,32.706875004805624,663,1,0.49000000000000554,3.5050000000010186,4.790709004737437,1763210026054,1763210026281,,,,,,,,,,short,6641,812,310,208,0
l3_short_window,SHORT_WINDOW,24.0,0.5,400,2,232,ok,,0,1,25.87449998827651,663,1,0.5399999999999991,4.006000000001222,5.4568749910686165,1763210034303,1763210034565,,,,,,,,,,short,6786,490,202,190,1
l3_short_window,SHORT_WINDOW,24.0,0.5,400,2,233,ok,,0,1,28.563125000800937,663,1,0.5080000000000027,3.470999999999549,4.485208017285913,1763210040875,1763210041089,,,,,,,,,,short,7390,303,224,230,1
l3_short_window,SHORT_WINDOW,24.0,0.5,400,2,234,ok,,0,1,26.584832987282425,663,1,0.5210000000000008,3.5060000000012224,4.886791983153671,1763210049491,1763210049705,,,,,,,,,,short,6038,596,326,267,0
l3_short_window,SHORT_WINDOW,24.0,0.5,400,2,235,ok,,0,1,22.503707994474098,663,1,0.48499999999999943,3.3000000000010914,4.569749988149852,1763210056234,1763210056432,,,,,,,,,,short,7202,351,208,191,0
l3_short_window,SHORT_WINDOW,24.0,0.5,400,2,236,ok,,0,1,30.698082991875708,663,1,0.5269999999999975,3.7150000000001455,5.133416008902714,1763210064844,1763210065079,,,,,,,,,,short,6354,706,224,224,0
l3_short_window,SHORT_WINDOW,24.0,0.5,400,2,237,ok,,0,1,29.170041991164908,663,1,0.46300000000000097,3.4460000000017317,4.704082995885983,1763210072225,1763210072441,,,,,,,,,,short,7646,786,261,257,3
l3_short_window,SHORT_WINDOW,24.0,0.5,400,2,238,ok,,0,1,25.9317499876488,663,1,0.4739999999999931,3.518000000001848,4.667917004553601,1763210080627,1763210080845,,,,,,,,,,short,5975,591,223,160,1
l3_short_window,SHORT_WINDOW,24.0,0.5,400,2,239,ok,,0,1,30.470041994703934,663,1,0.5060000000000002,3.6700000000000728,4.964666994055733,1763210087297,1763210087520,,,,,,,,,,short,6123,279,303,279,0
l3_short_window,SHORT_WINDOW,24.0,0.5,400,2,240,ok,,0,1,28.960209019714966,663,1,0.884999999999998,3.242999999998574,4.5805829868186265,1763210094734,1763210094944,,,,,,,,,,short,6851,667,280,175,1
l3_short_window,SHORT_WINDOW,24.0,0.5,400,2,241,ok,,0,1,30.52866697544232,663,1,0.6919999999999966,3.477999999999156,4.617708007572219,1763210102266,1763210102483,,,,,,,,,,short,6205,366,293,262,3
l3_short_window,SHORT_WINDOW,24.0,0.5,400,2,242,ok,,0,1,25.508874998195097,663,1,0.5369999999999955,3.4509999999991123,4.551833000732586,1763210109866,1763210110086,,,,,,,,,,short,7489,796,302,192,2
l3_short_window,SHORT_WINDOW,24.0,0.5,400,2,243,ok,,0,1,31.705667002825066,663,1,0.5529999999999973,3.4070000000010623,4.661749990191311,1763210117931,1763210118128,,,,,,,,,,short,7015,432,340,214,1
l3_short_window,SHORT_WINDOW,24.0,0.5,400,2,244,ok,,0,1,31.051792000653222,663,1,0.4939999999999998,3.4290000000000873,4.583583009662107,1763210125930,1763210126144,,,,,,,,,,short,6833,401,341,181,3
l3_short_window,SHORT_WINDOW,24.0,0.5,400,2,245,ok,,0,1,27.306040981784463,663,1,0.4969999999999999,3.5049999999973807,4.531749989837408,1763210134020,1763210134234,,,,,,,,,,short,6155,671,302,227,1
l3_short_window,SHORT_WINDOW,24.0,0.5,400,2,246,ok,,0,1,33.02733402233571,663,1,0.48100000000000165,3.5570000000006985,4.92962499265559,1763210141147,1763210141366,,,,,,,,,,short,5806,729,202,252,0
l3_short_window,SHORT_WINDOW,24.0,0.5,400,2,247,ok,,0,1,28.71875002165325,663,1,0.5019999999999989,3.5339999999978318,4.842458991333842,1763210147570,1763210147792,,,,,,,,,,short,5954,375,347,200,1
l3_short_window,SHORT_WINDOW,24.0,0.5,400,2,248,ok,,0,1,26.655624998966232,663,1,0.5020000000000024,3.4619999999995343,4.587833012919873,1763210154619,1763210154828,,,,,,,,,,short,6765,518,307,177,0
l3_short_window,SHORT_WINDOW,24.0,0.5,400,2,249,ok,,0,1,27.33620800427161,663,1,0.5079999999999991,3.3699999999989814,4.614333010977134,1763210162290,1763210162496,,,,,,,,,,short,6687,490,291,177,0
l3_short_window,SHORT_WINDOW,24.0,0.5,400,2,250,ok,,0,1,25.6230829982087,663,1,0.49599999999999866,3.42200000000048,4.748458013636991,1763210169831,1763210170051,,,,,,,,,,short,7112,350,293,235,2
l3_short_window,SHORT_WINDOW,24.0,0.5,400,2,251,ok,,0,1,35.09558399673551,663,1,0.5260000000000034,3.5500000000010914,4.804875003173947,1763210178230,1763210178453,,,,,,,,,,short,6362,629,332,247,1
l3_short_window,SHORT_WINDOW,24.0,0.5,400,2,252,ok,,0,1,27.720874990336597,663,1,0.4920000000000009,3.4360000000015134,4.735958995297551,1763210185120,1763210185325,,,,,,,,,,short,6101,295,203,195,1
l3_short_window,SHORT_WINDOW,24.0,0.5,400,2,253,ok,,0,1,26.945958990836516,663,1,0.5090000000000039,3.4550000000017462,4.747333994600922,1763210192413,1763210192635,,,,,,,,,,short,5981,448,271,230,0
l3_short_window,SHORT_WINDOW,24.0,0.5,400,2,254,ok,,0,1,26.924207981210202,663,1,0.4969999999999999,3.4789999999993597,4.892166994977742,1763210199254,1763210199472,,,,,,,,,,short,7703,332,340,275,1
l3_short_window,SHORT_WINDOW,24.0,0.5,400,2,255,ok,,0,1,30.620165984146297,663,1,0.5330000000000013,3.725000000002183,4.817874985747039,1763210208088,1763210208324,,,,,,,,,,short,6342,703,285,197,1
l3_short_window,SHORT_WINDOW,24.0,0.5,400,2,256,ok,,0,1,29.21087501454167,663,1,0.5580000000000034,3.5270000000000437,4.8557080153841525,1763210215299,1763210215515,,,,,,,,,,short,6115,642,213,155,0
l3_short_window,SHORT_WINDOW,24.0,0.5,400,2,257,ok,,0,2,549.2735829902813,1326,2,1.4649999999999963,9.462999999999738,13.633958005812019,1763210222785,1763210223549,,,,,,,,,,short,7473,573,329,164,2
l3_short_window,SHORT_WINDOW,24.0,0.5,400,2,258,ok,,0,1,27.120666985865682,663,1,0.49599999999999866,3.4359999999996944,4.7064999816939235,1763210230564,1763210230773,,,,,,,,,,short,7755,497,346,253,0
l3_short_window,SHORT_WINDOW,24.0,0.5,400,2,259,ok,,0,1,32.60716699878685,663,1,0.5130000000000017,3.5319999999992433,4.734167014248669,1763210239701,1763210239923,,,,,,,,,,short,7635,882,345,270,2
l3_short_window,SHORT_WINDOW,24.0,0.5,400,2,260,ok,,0,1,27.447916014352813,663,1,0.47800000000000153,3.6459999999988213,4.935458011459559,1763210248112,1763210248329,,,,,,,,,,short,7147,698,254,188,1
l3_short_window,SHORT_WINDOW,24.0,0.5,400,2,261,ok,,0,1,27.70383399911225,663,1,0.49800000000000466,3.499999999998181,4.842374997679144,1763210256223,1763210256433,,,,,,,,,,short,6367,811,244,151,2
l3_short_window,SHORT_WINDOW,24.0,0.5,400,2,262,ok,,0,1,29.61870899889618,663,1,0.5100000000000016,3.6640000000006694,5.054790992289782,1763210263141,1763210263359,,,,,,,,,,short,7564,458,207,221,2
l3_short_window,SHORT_WINDOW,24.0,0.5,400,2,263,ok,,0,1,28.69379098410718,663,1,0.5250000000000021,3.4840000000003783,4.791541985468939,1763210271554,1763210271757,,,,,,,,,,short,7614,359,281,280,0
l3_short_window,SHORT_WINDOW,24.0,0.5,400,2,264,ok,,0,1,25.564750016201288,663,1,0.5390000000000015,3.5089999999981956,4.687499982537702,1763210280169,1763210280383,,,,,,,,,,short,6991,445,269,254,0
l3_short_window,SHORT_WINDOW,24.0,0.5,400,2,265,ok,,0,1,30.821666994597763,663,1,0.4869999999999983,3.540999999999258,4.927791014779359,1763210288402,1763210288621,,,,,,,,,,short,6214,660,242,280,1
l3_short_window,SHORT_WINDOW,24.0,0.5,400,2,266,ok,,0,1,23.55987500050105,663,1,0.5019999999999989,3.5529999999998836,4.900750005617738,1763210295687,1763210295905,,,,,,,,,,short,7469,753,253,218,2
l3_short_window,SHORT_WINDOW,24.0,0.5,400,2,267,ok,,0,1,30.388041981495917,663,1,0.504999999999999,3.447999999998501,4.796207998879254,1763210303453,1763210303655,,,,,,,,,,short,6741,257,215,177,1
l3_short_window,SHORT_WINDOW,24.0,0.5,400,2,268,ok,,0,1,24.80587500031106,663,1,0.49099999999999966,3.4829999999983556,4.791999992448837,1763210311488,1763210311705,,,,,,,,,,short,7385,625,322,265,1
l3_short_window,SHORT_WINDOW,24.0,0.5,400,2,269,ok,,0,1,27.709332993254066,663,1,0.6259999999999977,3.010999999998603,4.320750012993813,1763210319552,1763210319774,,,,,,,,,,short,7724,324,290,186,0
l3_short_window,SHORT_WINDOW,24.0,0.5,400,2,270,ok,,0,1,24.874416005332023,663,1,0.5269999999999975,3.4470000000001164,4.7593750059604645,1763210328793,1763210329013,,,,,,,,,,short,6138,853,225,231,0
l3_short_window,SHORT_WINDOW,24.0,0.5,400,2,271,ok,,0,1,26.655167021090165,663,1,0.48600000000000065,3.470999999999549,4.787125013535842,1763210335544,1763210335760,,,,,,,,,,short,7283,519,299,249,0
l3_short_window,SHORT_WINDOW,24.0,0.5,400,2,272,ok,,0,1,33.3735829917714,663,1,0.49199999999999733,3.4900000000016007,4.67804100480862,1763210344222,1763210344447,,,,,,,,,,short,6944,880,349,226,0
l3_short_window,SHORT_WINDOW,24.0,0.5,400,2,273,ok,,0,1,26.94808301748708,663,1,0.485000000000003,3.4799999999995634,4.805042000953108,1763210351571,1763210351782,,,,,,,,,,short,7411,350,347,180,1
l3_short_window,SHORT_WINDOW,24.0,0.5,400,2,274,ok,,0,1,27.335707971360534,663,1,0.5380000000000003,3.67200000000048,4.780417017173022,1763210360271,1763210360496,,,,,,,,,,short,6927,702,239,249,1
l3_short_window,SHORT_WINDOW,24.0,0.5,400,2,275,ok,,0,1,28.288917004829273,663,1,0.48900000000000077,3.622000000003027,4.707082989625633,1763210367731,1763210367950,,,,,,,,,,short,6892,281,213,217,0
l3_short_window,SHORT_WINDOW,24.0,0.5,400,2,276,ok,,0,1,28.763624985003844,663,1,0.5629999999999988,3.654999999998836,4.846458992687985,1763210375725,1763210375939,,,,,,,,,,short,7312,386,242,183,0
l3_short_window,SHORT_WINDOW,24.0,0.5,400,2,277,ok,,0,1,31.179624987998977,663,1,0.5289999999999964,3.690999999998894,5.089375015813857,1763210384313,1763210384538,,,,,,,,,,short,5973,625,232,257,0
l3_short_window,SHORT_WINDOW,24.0,0.5,400,2,278,ok,,0,1,30.130667000776157,663,1,0.48600000000000065,3.5120000000006257,4.773332999320701,1763210391017,1763210391231,,,,,,,,,,short,6764,478,286,158,3
l3_short_window,SHORT_WINDOW,24.0,0.5,400,2,279,ok,,0,1,30.445374984992668,663,1,0.5229999999999997,3.456000000000131,4.816291009774432,1763210398661,1763210398875,,,,,,,,,,short,6894,496,316,250,1
l3_short_window,SHORT_WINDOW,24.0,0.5,400,2,280,ok,,0,1,29.63199999067001,663,1,0.541999999999998,3.687000000001717,4.789582977537066,1763210406665,1763210406883,,,,,,,,,,short,6138,595,347,166,1
l3_short_window,SHORT_WINDOW,24.0,0.5,400,2,281,ok,,0,1,30.49170901067555,663,1,0.5139999999999993,3.691999999999098,5.082333023892716,1763210414001,1763210414223,,,,,,,,,,short,6754,768,219,251,1
l3_short_window,SHORT_WINDOW,24.0,0.5,400,2,282,ok,,0,1,29.66675002244301,663,1,0.5029999999999966,3.4400000000005093,4.6923749905545264,1763210421228,1763210421437,,,,,,,,,,short,6703,417,345,179,0
l3_short_window,SHORT_WINDOW,24.0,0.5,400,2,283,ok,,0,1,24.86525001586415,663,1,0.4679999999999964,3.508000000003449,4.844833980314434,1763210428782,1763210428995,,,,,,,,,,short,6631,342,249,268,0
l3_short_window,SHORT_WINDOW,24.0,0.5,400,2,284,ok,,0,1,25.865750008961186,663,1,0.4969999999999999,3.464000000001761,4.641125007765368,1763210436441,1763210436654,,,,,,,,,,short,7422,446,300,274,0
l3_short_window,SHORT_WINDOW,24.0,0.5,400,2,285,ok,,0,1,29.814000008627772,663,1,0.5549999999999962,3.519000000000233,4.789166006958112,1763210444760,1763210444977,,,,,,,,,,short,6549,313,279,267,1
l3_short_window,SHORT_WINDOW,24.0,0.5,400,2,286,ok,,0,1,27.686999994330108,663,1,0.5110000000000028,3.558999999999287,4.869583004619926,1763210452242,1763210452467,,,,,,,,,,short,6529,304,249,196,1
l3_short_window,SHORT_WINDOW,24.0,0.5,400,2,287,ok,,0,1,27.27874999982305,663,1,0.5130000000000052,3.4089999999996508,4.7463339869864285,1763210459864,1763210460077,,,,,,,,,,short,5836,485,254,193,0
l3_short_window,SHORT_WINDOW,24.0,0.5,400,2,288,ok,,0,1,24.176582985091954,663,1,0.5929999999999964,3.4030000000002474,4.661957995267585,1763210467046,1763210467298,,,,,,,,,,short,7121,280,312,226,1
l3_short_window,SHORT_WINDOW,24.0,0.5,400,2,289,ok,,0,1,26.290667010471225,663,1,0.551000000000009,2.9579999999987194,4.15991700720042,1763210474733,1763210474951,,,,,,,,,,short,6909,413,325,242,1
l3_short_window,SHORT_WINDOW,24.0,0.5,400,2,290,ok,,0,1,25.6617919949349,663,1,0.5069999999999979,3.4609999999993306,4.699459008406848,1763210482683,1763210482892,,,,,,,,,,short,7486,504,281,242,1
l3_short_window,SHORT_WINDOW,24.0,0.5,400,2,291,ok,,0,1,32.981583004584536,663,1,0.49299999999999855,3.5720000000001164,4.944833985064179,1763210491135,1763210491355,,,,,,,,,,short,5809,504,229,206,1
l3_short_window,SHORT_WINDOW,24.0,0.5,400,2,292,ok,,0,1,29.348584008403122,663,1,0.5280000000000022,3.4580000000005384,4.778000002261251,1763210498067,1763210498280,,,,,,,,,,short,6312,605,230,267,1
l3_short_window,SHORT_WINDOW,24.0,0.5,400,2,293,ok,,0,1,29.479832999641076,663,1,0.504999999999999,3.4800000000013824,4.587791976518929,1763210505047,1763210505264,,,,,,,,,,short,7015,359,317,240,0
l3_short_window,SHORT_WINDOW,24.0,0.5,400,2,294,ok,,0,1,30.29762499500066,663,1,0.49799999999999756,3.514999999999418,4.843083996092901,1763210513543,1763210513765,,,,,,,,,,short,7740,829,281,173,1
l3_short_window,SHORT_WINDOW,24.0,0.5,400,2,295,ok,,0,1,25.011040997924283,663,1,0.4899999999999949,3.353000000000975,4.578959022182971,1763210522108,1763210522323,,,,,,,,,,short,7034,662,293,272,2
l3_short_window,SHORT_WINDOW,24.0,0.5,400,2,296,ok,,0,1,31.199292017845437,663,1,0.5019999999999989,3.5339999999996508,4.791291983565316,1763210529920,1763210530143,,,,,,,,,,short,6191,551,289,200,0
l3_short_window,SHORT_WINDOW,24.0,0.5,400,2,297,ok,,0,1,28.526292007882148,663,1,0.7390000000000008,3.0349999999998545,4.605584021192044,1763210536934,1763210537132,,,,,,,,,,short,6475,309,318,206,2
l3_short_window,SHORT_WINDOW,24.0,0.5,400,2,298,ok,,0,1,28.698958980385214,663,1,0.5429999999999993,3.7070000000021537,4.875665996223688,1763210544794,1763210545014,,,,,,,,,,short,6528,742,337,269,2
l3_short_window,SHORT_WINDOW,24.0,0.5,400,2,299,ok,,0,1,31.292792002204806,663,1,0.4610000000000021,3.4319999999988795,4.772292013512924,1763210551854,1763210552054,,,,,,,,,,short,5813,360,261,252,0
l3_short_window,SHORT_WINDOW,24.0,0.5,400,2,300,ok,,0,1,30.650291009806097,663,1,0.47800000000000153,3.4659999999985303,4.405291983857751,1763210558636,1763210558842,,,,,,,,,,short,6792,379,254,195,1
l3_short_window,SHORT_WINDOW,24.0,0.5,300,2,1,ok,,0,1,30.384125013370067,663,1,0.5109999999999957,3.4649999999983265,4.530125006567687,1763210566686,1763210566911,,,,,,,,,,mid,11192,653,228,214,1
l3_short_window,SHORT_WINDOW,24.0,0.5,300,2,2,ok,,0,1,31.632332975277677,663,1,0.49799999999999756,3.47099999999773,4.765958990901709,1763210578802,1763210579018,,,,,,,,,,mid,11374,647,236,180,3
l3_short_window,SHORT_WINDOW,24.0,0.5,300,2,3,ok,,0,1,28.9649170008488,663,1,0.4989999999999988,3.6810000000004948,5.031832988606766,1763210591188,1763210591410,,,,,,,,,,mid,12889,719,271,261,1
l3_short_window,SHORT_WINDOW,24.0,0.5,300,2,4,ok,,0,1,26.891374989645556,663,1,0.5129999999999981,3.5429999999996653,4.678041994338855,1763210605229,1763210605438,,,,,,,,,,mid,12980,878,284,243,0
l3_short_window,SHORT_WINDOW,24.0,0.5,300,2,5,ok,,0,1,25.732625013915822,663,1,0.519999999999996,3.5210000000024593,4.867708019446582,1763210618792,1763210619011,,,,,,,,,,mid,13145,613,332,172,2
l3_short_window,SHORT_WINDOW,24.0,0.5,300,2,6,ok,,0,1,26.521542022237554,663,1,0.48100000000000165,3.4469999999982974,4.568875010591,1763210632648,1763210632857,,,,,,,,,,mid,9426,315,331,174,0
l3_short_window,SHORT_WINDOW,24.0,0.5,300,2,7,ok,,0,1,25.959040998714045,663,1,0.5419999999999874,3.702000000001135,4.7590419999323785,1763210643458,1763210643696,,,,,,,,,,mid,11130,768,339,235,1
l3_short_window,SHORT_WINDOW,24.0,0.5,300,2,8,ok,,0,1,27.347583993105218,663,1,0.5170000000000066,3.5010000000002037,4.777042020577937,1763210655343,1763210655559,,,,,,,,,,mid,9225,582,317,169,0
l3_short_window,SHORT_WINDOW,24.0,0.5,300,2,9,ok,,0,1,28.593208000529557,663,1,0.49299999999999855,3.6409999999996217,4.6167919936124235,1763210665819,1763210666031,,,,,,,,,,mid,11553,844,306,253,2
l3_short_window,SHORT_WINDOW,24.0,0.5,300,2,10,ok,,0,3,1032.8617919876706,1989,3,0.6259999999999977,4.191999999999098,5.413667007815093,1763210677850,1763210679063,,,,,,,,,,mid,10727,422,230,243,2
l3_short_window,SHORT_WINDOW,24.0,0.5,300,2,11,ok,,0,1,29.051749996142462,663,1,0.5029999999999966,3.49199999999837,4.857958003412932,1763210689955,1763210690164,,,,,,,,,,mid,11184,811,325,214,1
l3_short_window,SHORT_WINDOW,24.0,0.5,300,2,12,ok,,0,1,27.784083009464666,663,1,0.4889999999999972,3.5200000000004366,4.80291701387614,1763210702038,1763210702260,,,,,,,,,,mid,13404,793,283,257,0
l3_short_window,SHORT_WINDOW,24.0,0.5,300,2,13,ok,,0,1,26.841542014153674,663,1,0.5309999999999988,3.4659999999967113,4.670416994486004,1763210716078,1763210716282,,,,,,,,,,mid,10815,503,336,208,2
l3_short_window,SHORT_WINDOW,24.0,0.5,300,2,14,ok,,0,1,28.465000999858603,663,1,0.5209999999999937,3.606999999999971,4.989375011064112,1763210727860,1763210728080,,,,,,,,,,mid,12490,488,245,237,1
l3_short_window,SHORT_WINDOW,24.0,0.5,300,2,15,ok,,0,1,28.750416007824242,663,1,0.5109999999999992,3.5759999999991123,4.647916997782886,1763210741197,1763210741411,,,,,,,,,,mid,12740,317,269,215,3
l3_short_window,SHORT_WINDOW,24.0,0.5,300,2,16,ok,,0,1,23.18404201650992,663,1,0.5370000000000061,3.9829999999983556,4.809125006431714,1763210755224,1763210755444,,,,,,,,,,mid,9756,649,310,241,0
l3_short_window,SHORT_WINDOW,24.0,0.5,300,2,17,ok,,0,1,27.438041986897588,663,1,0.5289999999999999,3.5819999999985157,5.25787498918362,1763210765727,1763210765944,,,,,,,,,,mid,13280,445,255,272,0
l3_short_window,SHORT_WINDOW,24.0,0.5,300,2,18,ok,,0,1,29.339583008550107,663,1,0.5179999999999936,3.719999999999345,5.002417019568384,1763210780342,1763210780587,,,,,,,,,,mid,13075,308,349,257,1
l3_short_window,SHORT_WINDOW,24.0,0.5,300,2,19,ok,,0,1,25.949374976335093,663,1,0.5579999999999998,3.563000000001921,5.009374988730997,1763210793854,1763210794063,,,,,,,,,,mid,12285,288,251,203,3
l3_short_window,SHORT_WINDOW,24.0,0.5,300,2,20,ok,,0,1,34.26812501857057,663,1,0.6580000000000013,3.4510000000009313,12.681332998909056,1763210807184,1763210807399,,,,,,,,,,mid,11277,424,256,227,0
l3_short_window,SHORT_WINDOW,24.0,0.5,300,2,21,ok,,0,1,30.411208019359037,663,1,0.7020000000000017,3.702000000001135,5.023750010877848,1763210819320,1763210819583,,,,,,,,,,mid,11099,367,226,174,2
l3_short_window,SHORT_WINDOW,24.0,0.5,300,2,22,ok,,0,1,23.893000005045906,663,1,0.8249999999999957,3.5820000000003347,4.558708023978397,1763210831461,1763210831734,,,,,,,,,,mid,13136,375,287,231,0
l3_short_window,SHORT_WINDOW,24.0,0.5,300,2,23,ok,,0,1,30.289042013464496,663,1,0.4789999999999992,3.4239999999990687,4.7738330031279474,1763210845556,1763210845760,,,,,,,,,,mid,10237,360,216,159,2
l3_short_window,SHORT_WINDOW,24.0,0.5,300,2,24,ok,,0,1,22.570667002582923,663,1,0.4670000000000023,3.3620000000009895,4.6066250069998205,1763210856713,1763210856915,,,,,,,,,,mid,10050,277,264,238,1
l3_short_window,SHORT_WINDOW,24.0,0.5,300,2,25,ok,,0,1,24.440125009277835,663,1,0.9940000000000069,3.4869999999991705,4.711791989393532,1763210869360,1763210869615,,,,,,,,,,mid,9690,826,263,188,2
l3_short_window,SHORT_WINDOW,24.0,0.5,300,2,26,ok,,0,1,28.151791979325935,663,1,0.5339999999999989,3.503999999998996,4.668040986871347,1763210878664,1763210878882,,,,,,,,,,mid,14047,516,267,180,1
l3_short_window,SHORT_WINDOW,24.0,0.5,300,2,27,ok,,0,1,23.169166001025587,663,1,0.5480000000000054,3.436999999999898,4.680417012423277,1763210893659,1763210893857,,,,,,,,,,mid,11972,513,318,186,2
l3_short_window,SHORT_WINDOW,24.0,0.5,300,2,28,ok,,0,1,28.75125000718981,663,1,0.8810000000000002,4.057999999999083,5.512749979970977,1763210906992,1763210907229,,,,,,,,,,mid,13021,817,293,199,0
l3_short_window,SHORT_WINDOW,24.0,0.5,300,2,29,ok,,0,1,29.583333001937717,663,1,0.6459999999999937,3.918999999999869,5.268582986900583,1763210920991,1763210921251,,,,,,,,,,mid,12815,251,304,261,1
l3_short_window,SHORT_WINDOW,24.0,0.5,300,2,30,ok,,0,1,27.502500015543774,663,1,0.5589999999999975,3.617999999998574,4.521875001955777,1763210935233,1763210935424,,,,,,,,,,mid,12782,731,223,203,3
l3_short_window,SHORT_WINDOW,24.0,0.5,300,2,31,ok,,0,1,32.0983330020681,663,1,0.570999999999998,3.6790000000000873,4.997832991648465,1763210948127,1763210948336,,,,,,,,,,mid,12608,384,310,253,1
l3_short_window,SHORT_WINDOW,24.0,0.5,300,2,32,ok,,0,1,28.369750012643635,663,1,0.7390000000000043,3.7149999999983265,5.0210840126965195,1763210962244,1763210962470,,,,,,,,,,mid,13393,893,209,181,0
l3_short_window,SHORT_WINDOW,24.0,0.5,300,2,33,ok,,0,1,28.492167009972036,663,1,0.7000000000000028,3.7340000000003783,5.038667004555464,1763210976290,1763210976514,,,,,,,,,,mid,12418,597,290,203,1
l3_short_window,SHORT_WINDOW,24.0,0.5,300,2,34,ok,,0,1,26.604500017128885,663,1,0.5889999999999986,3.5640000000003056,4.861250024987385,1763210989938,1763210990164,,,,,,,,,,mid,10969,777,239,197,2
l3_short_window,SHORT_WINDOW,24.0,0.5,300,2,35,ok,,0,1,27.74358299211599,663,1,0.5310000000000024,3.4279999999998836,4.6819169947411865,1763211001480,1763211001690,,,,,,,,,,mid,10269,450,236,242,2
l3_short_window,SHORT_WINDOW,24.0,0.5,300,2,36,ok,,0,1,27.569166995817795,663,1,0.5119999999999969,3.5650000000005093,4.877125000348315,1763211012978,1763211013202,,,,,,,,,,mid,10289,791,322,179,3
l3_short_window,SHORT_WINDOW,24.0,0.5,300,2,37,ok,,0,1,29.136083991033956,663,1,0.5470000000000006,3.80199999999968,5.22104199626483,1763211024083,1763211024297,,,,,,,,,,mid,9594,648,300,260,1
l3_short_window,SHORT_WINDOW,24.0,0.5,300,2,38,ok,,0,1,25.462624995270744,663,1,0.6300000000000026,3.007000000001426,4.148167005041614,1763211034335,1763211034558,,,,,,,,,,mid,9733,292,235,236,1
l3_short_window,SHORT_WINDOW,24.0,0.5,300,2,39,ok,,0,1,27.948000002652407,663,1,0.5539999999999949,3.5469999999968422,4.741040989756584,1763211045311,1763211045527,,,,,,,,,,mid,13586,520,227,261,1
l3_short_window,SHORT_WINDOW,24.0,0.5,300,2,40,ok,,0,1,27.110124996397644,663,1,0.9310000000000045,3.7560000000012224,5.194208992179483,1763211059858,1763211060096,,,,,,,,,,mid,12106,463,264,238,1
l3_short_window,SHORT_WINDOW,24.0,0.5,300,2,41,ok,,0,1,26.990916987415403,663,1,0.7400000000000091,3.756999999999607,5.158707994269207,1763211072782,1763211073006,,,,,,,,,,mid,11157,297,302,175,1
l3_short_window,SHORT_WINDOW,24.0,0.5,300,2,42,ok,,0,1,28.934790985658765,663,1,0.8659999999999926,4.182999999999083,5.552541988436133,1763211085184,1763211085410,,,,,,,,,,mid,9984,559,319,155,2
l3_short_window,SHORT_WINDOW,24.0,0.5,300,2,43,ok,,0,1,27.795709000201896,663,1,0.8840000000000003,3.8189999999995052,5.335583002306521,1763211096312,1763211096542,,,,,,,,,,mid,9875,754,326,217,2
l3_short_window,SHORT_WINDOW,24.0,0.5,300,2,44,ok,,0,1,36.50687501067296,663,1,0.5899999999999999,6.0570000000006985,12.98516700626351,1763211107171,1763211107382,,,,,,,,,,mid,9297,761,267,222,0
l3_short_window,SHORT_WINDOW,24.0,0.5,300,2,45,ok,,0,1,28.591333015356213,663,1,0.5229999999999997,3.5460000000002765,4.612165997968987,1763211117099,1763211117305,,,,,,,,,,mid,9490,443,344,156,2
l3_short_window,SHORT_WINDOW,24.0,0.5,300,2,46,ok,,0,1,26.12020800006576,663,1,0.5690000000000026,3.4950000000008004,4.633208009181544,1763211127903,1763211128129,,,,,,,,,,mid,10702,705,209,237,2
l3_short_window,SHORT_WINDOW,24.0,0.5,300,2,47,ok,,0,1,25.042249995749444,663,1,0.5849999999999973,3.583999999998923,4.758708004374057,1763211139311,1763211139524,,,,,,,,,,mid,13505,549,291,250,2
l3_short_window,SHORT_WINDOW,24.0,0.5,300,2,48,ok,,0,1,26.526959001785144,663,1,0.4930000000000021,3.5049999999991996,4.679999983636662,1763211153567,1763211153764,,,,,,,,,,mid,11358,367,294,173,1
l3_short_window,SHORT_WINDOW,24.0,0.5,300,2,49,ok,,0,1,26.6628329991363,663,1,0.6720000000000006,3.583999999998923,4.573790996801108,1763211165938,1763211166156,,,,,,,,,,mid,9262,414,210,189,0
l3_short_window,SHORT_WINDOW,24.0,0.5,300,2,50,ok,,0,1,28.174708015285432,663,1,1.019999999999989,4.032999999999447,5.433084006654099,1763211176485,1763211176714,,,,,,,,,,mid,11282,729,268,188,1
l3_short_window,SHORT_WINDOW,24.0,0.5,300,2,51,ok,,0,1,26.751707977382466,663,1,0.48199999999999577,3.4979999999977736,4.575375001877546,1763211188935,1763211189148,,,,,,,,,,mid,13708,877,205,179,4
l3_short_window,SHORT_WINDOW,24.0,0.5,300,2,52,ok,,0,1,28.52620801422745,663,1,0.8839999999999932,4.058999999999287,5.77170800534077,1763211203048,1763211203275,,,,,,,,,,mid,12045,333,276,275,0
l3_short_window,SHORT_WINDOW,24.0,0.5,300,2,53,ok,,0,1,28.866083011962473,663,1,0.536999999999999,3.4979999999995925,4.772125015733764,1763211216578,1763211216793,,,,,,,,,,mid,9175,856,330,200,0
l3_short_window,SHORT_WINDOW,24.0,0.5,300,2,54,ok,,0,1,28.297791024670005,663,1,0.4939999999999998,3.5539999999982683,4.819458001293242,1763211226177,1763211226389,,,,,,,,,,mid,11639,365,206,245,0
l3_short_window,SHORT_WINDOW,24.0,0.5,300,2,55,ok,,0,1,28.293667011894286,663,1,0.588000000000001,4.854000000001179,6.116624979767948,1763211239353,1763211239578,,,,,,,,,,mid,12334,864,349,185,2
l3_short_window,SHORT_WINDOW,24.0,0.5,300,2,56,ok,,0,1,27.295999985653907,663,1,0.4989999999999988,3.613999999999578,4.721458011772484,1763211252450,1763211252669,,,,,,,,,,mid,13518,667,246,259,3
l3_short_window,SHORT_WINDOW,24.0,0.5,300,2,57,ok,,0,1,24.790291005047038,663,1,0.5259999999999962,3.5349999999998545,4.810959013411775,1763211266703,1763211266919,,,,,,,,,,mid,11920,455,256,278,3
l3_short_window,SHORT_WINDOW,24.0,0.5,300,2,58,ok,,0,1,24.46300000883639,663,1,0.7680000000000042,3.1270000000022264,4.263000009814277,1763211279937,1763211280157,,,,,,,,,,mid,10452,688,216,160,1
l3_short_window,SHORT_WINDOW,24.0,0.5,300,2,59,ok,,0,1,29.769916989607736,663,1,0.4869999999999912,4.088999999999942,5.031375010730699,1763211291046,1763211291260,,,,,,,,,,mid,9551,363,229,225,1
l3_short_window,SHORT_WINDOW,24.0,0.5,300,2,60,ok,,0,1,25.637666985858232,663,1,0.8850000000000051,3.764999999999418,4.761542018968612,1763211301971,1763211302204,,,,,,,,,,mid,11465,689,205,156,0
l3_short_window,SHORT_WINDOW,24.0,0.5,300,2,61,ok,,0,1,26.80937500554137,663,1,0.8310000000000031,3.856999999998152,5.425125011242926,1763211314476,1763211314737,,,,,,,,,,mid,11625,255,242,218,1
l3_short_window,SHORT_WINDOW,24.0,0.5,300,2,62,ok,,0,1,27.955499972449616,663,1,0.7520000000000024,3.5720000000019354,5.44220901792869,1763211326584,1763211326798,,,,,,,,,,mid,13719,304,222,212,7
l3_short_window,SHORT_WINDOW,24.0,0.5,300,2,63,ok,,0,1,25.156375020742416,663,1,0.6270000000000024,3.7080000000005384,5.155916995136067,1763211341636,1763211341859,,,,,,,,,,mid,10876,634,286,186,1
l3_short_window,SHORT_WINDOW,24.0,0.5,300,2,64,ok,,0,1,29.333624988794327,663,1,0.5810000000000102,3.6860000000015134,4.876374994637445,1763211353502,1763211353732,,,,,,,,,,mid,9365,626,210,241,0
l3_short_window,SHORT_WINDOW,24.0,0.5,300,2,65,ok,,0,1,29.600625013699755,663,1,0.6419999999999995,3.842000000000553,5.345625017071143,1763211363728,1763211363960,,,,,,,,,,mid,9331,493,249,272,1
l3_short_window,SHORT_WINDOW,24.0,0.5,300,2,66,ok,,0,1,26.388750004116446,663,1,0.6300000000000026,3.67200000000048,5.020291020628065,1763211374184,1763211374402,,,,,,,,,,mid,11686,817,281,163,1
l3_short_window,SHORT_WINDOW,24.0,0.5,300,2,67,ok,,0,1,28.554666001582518,663,1,0.8510000000000062,3.882999999999811,5.463541980134323,1763211386398,1763211386640,,,,,,,,,,mid,12175,571,311,270,3
l3_short_window,SHORT_WINDOW,24.0,0.5,300,2,68,ok,,0,1,26.511125004617497,663,1,0.894999999999996,3.8759999999983847,5.314459005603567,1763211399689,1763211399926,,,,,,,,,,mid,13306,694,258,193,0
l3_short_window,SHORT_WINDOW,24.0,0.5,300,2,69,ok,,0,1,30.161207978380844,663,1,0.5519999999999996,3.7779999999984284,5.062209005700424,1763211413916,1763211414152,,,,,,,,,,mid,13311,624,328,171,1
l3_short_window,SHORT_WINDOW,24.0,0.5,300,2,70,ok,,0,1,29.66170900617726,663,1,0.6789999999999985,3.839000000001761,5.305750004481524,1763211428005,1763211428231,,,,,,,,,,mid,12125,376,254,254,3
l3_short_window,SHORT_WINDOW,24.0,0.5,300,2,71,ok,,0,2,553.3434170065448,1326,2,2.1269999999999953,10.777000000001863,14.849166007479653,1763211441655,1763211442380,,,,,,,,,,mid,11634,572,307,193,4
l3_short_window,SHORT_WINDOW,24.0,0.5,300,2,72,ok,,0,1,28.001458005746827,663,1,0.5309999999999988,3.5760000000009313,4.814165993593633,1763211453646,1763211453863,,,,,,,,,,mid,11821,444,227,200,0
l3_short_window,SHORT_WINDOW,24.0,0.5,300,2,73,ok,,0,1,27.797582995845005,663,1,0.5480000000000089,3.779000000000451,4.928000009385869,1763211466818,1763211467079,,,,,,,,,,mid,13478,265,313,257,1
l3_short_window,SHORT_WINDOW,24.0,0.5,300,2,74,ok,,0,1,31.596916989656165,663,1,0.6259999999999977,3.5500000000010914,4.823750001378357,1763211480752,1763211480966,,,,,,,,,,mid,13699,316,207,279,3
l3_short_window,SHORT_WINDOW,24.0,0.5,300,2,75,ok,,0,1,27.543959004106,663,1,0.5010000000000012,3.521999999999025,4.728166997665539,1763211495270,1763211495483,,,,,,,,,,mid,11662,273,255,262,1
l3_short_window,SHORT_WINDOW,24.0,0.5,300,2,76,ok,,0,1,27.945667010499164,663,1,0.5579999999999998,3.475000000000364,4.809083009604365,1763211508474,1763211508692,,,,,,,,,,mid,11716,858,247,232,1
l3_short_window,SHORT_WINDOW,24.0,0.5,300,2,77,ok,,0,1,24.89562501432374,663,1,0.5330000000000013,3.44800000000032,4.570207995129749,1763211520606,1763211520815,,,,,,,,,,mid,9412,376,331,224,4
l3_short_window,SHORT_WINDOW,24.0,0.5,300,2,78,ok,,0,1,30.95883398782462,663,1,0.7730000000000032,3.7080000000005384,4.857209016336128,1763211530971,1763211531191,,,,,,,,,,mid,11166,391,350,179,1
l3_short_window,SHORT_WINDOW,24.0,0.5,300,2,79,ok,,0,1,23.485500016249716,663,1,0.5880000000000081,3.5690000000013242,4.653249983675778,1763211543548,1763211543782,,,,,,,,,,mid,13660,781,269,222,1
l3_short_window,SHORT_WINDOW,24.0,0.5,300,2,80,ok,,0,1,28.44774999539368,663,1,0.7330000000000005,3.7740000000012515,4.836374981096014,1763211558016,1763211558237,,,,,,,,,,mid,12496,612,244,186,2
l3_short_window,SHORT_WINDOW,24.0,0.5,300,2,81,ok,,0,1,22.72179099963978,663,1,0.679000000000002,3.657999999997628,5.052124994108453,1763211571555,1763211571813,,,,,,,,,,mid,12684,683,203,212,2
l3_short_window,SHORT_WINDOW,24.0,0.5,300,2,82,ok,,0,1,32.8821660077665,663,1,0.8359999999999914,4.311999999999898,5.7554579980205745,1763211584805,1763211585028,,,,,,,,,,mid,13526,408,215,167,0
l3_short_window,SHORT_WINDOW,24.0,0.5,300,2,83,ok,,0,1,28.748332988470793,663,1,0.6659999999999968,3.7549999999973807,5.032415996538475,1763211599566,1763211599793,,,,,,,,,,mid,13398,623,232,186,1
l3_short_window,SHORT_WINDOW,24.0,0.5,300,2,84,ok,,0,1,28.700249997200444,663,1,0.509999999999998,3.6309999999994034,4.850458004511893,1763211613733,1763211613949,,,,,,,,,,mid,9672,539,340,278,0
l3_short_window,SHORT_WINDOW,24.0,0.5,300,2,85,ok,,0,2,545.1716250099707,1326,2,1.6920000000000002,12.898999999999432,18.32466700579971,1763211625170,1763211625882,,,,,,,,,,mid,9058,796,316,152,3
l3_short_window,SHORT_WINDOW,24.0,0.5,300,2,86,ok,,0,1,24.58391699474305,663,1,0.5030000000000037,4.075000000000728,5.060416995547712,1763211634590,1763211634800,,,,,,,,,,mid,11457,728,238,273,0
l3_short_window,SHORT_WINDOW,24.0,0.5,300,2,87,ok,,0,1,23.375874996418133,663,1,0.5089999999999968,3.5759999999991123,4.928790993290022,1763211647065,1763211647289,,,,,,,,,,mid,10938,782,296,252,2
l3_short_window,SHORT_WINDOW,24.0,0.5,300,2,88,ok,,0,1,29.34229202219285,663,1,0.6219999999999999,3.548000000000684,4.931166011374444,1763211659082,1763211659310,,,,,,,,,,mid,9077,883,344,194,3
l3_short_window,SHORT_WINDOW,24.0,0.5,300,2,89,ok,,0,1,30.576374992961064,663,1,0.5309999999999988,3.7629999999990105,5.2031250088475645,1763211669351,1763211669601,,,,,,,,,,mid,9001,675,346,259,1
l3_short_window,SHORT_WINDOW,24.0,0.5,300,2,90,ok,,0,1,26.843082974664867,663,1,0.5189999999999984,3.558000000002721,4.880791006144136,1763211678771,1763211678995,,,,,,,,,,mid,9535,638,207,239,3
l3_short_window,SHORT_WINDOW,24.0,0.5,300,2,91,ok,,0,1,24.08929102239199,663,1,0.8809999999999931,3.738999999999578,5.28366700746119,1763211689597,1763211689826,,,,,,,,,,mid,11355,893,247,199,1
l3_short_window,SHORT_WINDOW,24.0,0.5,300,2,92,ok,,0,1,24.512042000424117,663,1,0.5659999999999954,3.7929999999978463,5.2744169952347875,1763211701654,1763211701871,,,,,,,,,,mid,10963,702,243,187,2
l3_short_window,SHORT_WINDOW,24.0,0.5,300,2,93,ok,,0,3,1051.213958999142,1989,3,1.7109999999999985,14.572000000000116,19.744332996197045,1763211713699,1763211714919,,,,,,,,,,mid,13169,809,300,227,4
l3_short_window,SHORT_WINDOW,24.0,0.5,300,2,94,ok,,0,1,26.134499988984317,663,1,0.5119999999999969,3.3659999999999854,4.591542005073279,1763211727644,1763211727878,,,,,,,,,,mid,13423,683,203,193,2
l3_short_window,SHORT_WINDOW,24.0,0.5,300,2,95,ok,,0,1,29.486916988389567,663,1,0.5010000000000012,3.5909999999985303,4.951457987772301,1763211741908,1763211742129,,,,,,,,,,mid,12520,593,293,260,1
l3_short_window,SHORT_WINDOW,24.0,0.5,300,2,96,ok,,0,1,25.409583002328873,663,1,0.5410000000000004,3.5679999999993015,4.913207987556234,1763211755724,1763211755943,,,,,,,,,,mid,10995,895,308,268,1
l3_short_window,SHORT_WINDOW,24.0,0.5,300,2,97,ok,,0,1,26.99662500526756,663,1,0.6379999999999981,3.355999999999767,4.557792010018602,1763211768192,1763211768406,,,,,,,,,,mid,9774,890,335,205,2
l3_short_window,SHORT_WINDOW,24.0,0.5,300,2,98,ok,,0,1,26.361458003520966,663,1,0.6920000000000002,3.624999999998181,4.5961670111864805,1763211778200,1763211778413,,,,,,,,,,mid,11564,665,209,215,1
l3_short_window,SHORT_WINDOW,24.0,0.5,300,2,99,ok,,0,1,30.045999999856576,663,1,0.4930000000000021,3.480999999999767,4.628249997040257,1763211790408,1763211790616,,,,,,,,,,mid,10710,394,253,153,2
l3_short_window,SHORT_WINDOW,24.0,0.5,300,2,100,ok,,0,1,26.543082989519462,663,1,0.5019999999999953,3.507999999999811,5.291708977892995,1763211802255,1763211802465,,,,,,,,,,mid,13381,564,269,181,3
l3_short_window,SHORT_WINDOW,24.0,0.5,300,2,101,ok,,0,1,28.45699997851625,663,1,0.4819999999999993,3.4979999999995925,4.889250005362555,1763211816336,1763211816556,,,,,,,,,,mid,10512,377,343,173,0
l3_short_window,SHORT_WINDOW,24.0,0.5,300,2,102,ok,,0,1,27.762375015299767,663,1,0.5440000000000005,3.485000000000582,4.8220409953501076,1763211828266,1763211828484,,,,,,,,,,mid,9489,762,330,240,1
l3_short_window,SHORT_WINDOW,24.0,0.5,300,2,103,ok,,0,1,26.261458988301456,663,1,0.5060000000000002,3.7040000000033615,4.996208008378744,1763211838656,1763211838873,,,,,,,,,,mid,10078,706,280,157,1
l3_short_window,SHORT_WINDOW,24.0,0.5,300,2,104,ok,,0,1,24.81020797858946,663,1,0.48900000000000077,3.3580000000019936,4.645750013878569,1763211849372,1763211849587,,,,,,,,,,mid,13206,435,345,191,3
l3_short_window,SHORT_WINDOW,24.0,0.5,300,2,105,ok,,0,1,28.33291600109078,663,1,0.487999999999996,3.3990000000012515,4.739041993161663,1763211863498,1763211863701,,,,,,,,,,mid,9570,351,349,164,2
l3_short_window,SHORT_WINDOW,24.0,0.5,300,2,106,ok,,0,1,29.769415996270254,663,1,1.2299999999999933,4.531000000000859,5.948958016233519,1763211874043,1763211874267,,,,,,,,,,mid,11959,409,227,181,2
l3_short_window,SHORT_WINDOW,24.0,0.5,300,2,107,ok,,0,1,29.10879100090824,663,1,0.8530000000000015,3.5910000000003492,4.638750018784776,1763211887201,1763211887423,,,,,,,,,,mid,13227,636,266,279,1
l3_short_window,SHORT_WINDOW,24.0,0.5,300,2,108,ok,,0,1,27.204374986467883,663,1,0.7479999999999976,3.6970000000001164,4.9697089998517185,1763211901528,1763211901752,,,,,,,,,,mid,11090,753,278,222,3
l3_short_window,SHORT_WINDOW,24.0,0.5,300,2,109,ok,,0,1,29.830665996996686,663,1,0.49200000000000443,3.460000000000946,4.821707989322022,1763211913259,1763211913464,,,,,,,,,,mid,13505,487,311,277,0
l3_short_window,SHORT_WINDOW,24.0,0.5,300,2,110,ok,,0,1,31.854250002652407,663,1,0.8680000000000021,3.922000000002299,4.965750005794689,1763211927669,1763211927922,,,,,,,,,,mid,10466,455,221,158,2
l3_short_window,SHORT_WINDOW,24.0,0.5,300,2,111,ok,,0,1,26.561375008895993,663,1,0.5010000000000012,3.5099999999983993,4.878624982666224,1763211939481,1763211939698,,,,,,,,,,mid,13645,861,213,229,1
l3_short_window,SHORT_WINDOW,24.0,0.5,300,2,112,ok,,0,1,32.494167011464015,663,1,1.1289999999999978,3.986000000000786,5.343166994862258,1763211953948,1763211954196,,,,,,,,,,mid,12111,686,342,168,1
l3_short_window,SHORT_WINDOW,24.0,0.5,300,2,113,ok,,0,1,27.052249992266297,663,1,0.6460000000000079,3.3030000000017026,4.539707995718345,1763211967711,1763211967940,,,,,,,,,,mid,12146,878,301,162,4
l3_short_window,SHORT_WINDOW,24.0,0.5,300,2,114,ok,,0,1,32.286499976180494,663,1,0.6810000000000045,3.563000000001921,4.931292001856491,1763211980258,1763211980491,,,,,,,,,,mid,9657,898,259,269,0
l3_short_window,SHORT_WINDOW,24.0,0.5,300,2,115,ok,,0,1,25.98524998757057,663,1,0.6089999999999947,3.390000000001237,4.757916001835838,1763211990280,1763211990486,,,,,,,,,,mid,12190,278,236,247,2
l3_short_window,SHORT_WINDOW,24.0,0.5,300,2,116,ok,,0,1,27.88562499335967,663,1,0.4980000000000082,3.530000000000655,4.822499991860241,1763212003714,1763212003932,,,,,,,,,,mid,13457,586,214,210,2
l3_short_window,SHORT_WINDOW,24.0,0.5,300,2,117,ok,,0,1,26.53845801251009,663,1,0.4980000000000011,3.55199999999968,4.884750000201166,1763212018410,1763212018637,,,,,,,,,,mid,12312,891,243,154,4
l3_short_window,SHORT_WINDOW,24.0,0.5,300,2,118,ok,,0,1,24.958000023616478,663,1,0.487999999999996,3.5169999999998254,4.585125017911196,1763212031320,1763212031537,,,,,,,,,,mid,12519,545,246,157,2
l3_short_window,SHORT_WINDOW,24.0,0.5,300,2,119,ok,,0,1,29.74491598433815,663,1,0.5169999999999995,3.4909999999981665,4.8494999937247485,1763212044582,1763212044798,,,,,,,,,,mid,9082,359,299,168,0
l3_short_window,SHORT_WINDOW,24.0,0.5,300,2,120,ok,,0,1,27.6123330113478,663,1,0.745000000000001,3.55500000000211,4.592292010784149,1763212055000,1763212055215,,,,,,,,,,mid,9394,707,348,278,3
l3_short_window,SHORT_WINDOW,24.0,0.5,300,2,121,ok,,0,1,29.727750981692225,663,1,0.5070000000000014,3.500000000001819,4.8683329951018095,1763212064811,1763212065027,,,,,,,,,,mid,11134,266,221,168,1
l3_short_window,SHORT_WINDOW,24.0,0.5,300,2,122,ok,,0,1,28.063417004887015,663,1,0.5129999999999981,3.5010000000002037,4.490749997785315,1763212077050,1763212077256,,,,,,,,,,mid,13787,387,329,168,2
l3_short_window,SHORT_WINDOW,24.0,0.5,300,2,123,ok,,0,1,28.34716599318199,663,1,0.5050000000000026,3.5269999999982247,4.652125004213303,1763212091802,1763212092017,,,,,,,,,,mid,9232,474,227,215,2
l3_short_window,SHORT_WINDOW,24.0,0.5,300,2,124,ok,,0,1,25.3506250155624,663,1,0.5,3.4880000000011933,4.813166975509375,1763212102092,1763212102314,,,,,,,,,,mid,13195,579,247,174,1
l3_short_window,SHORT_WINDOW,24.0,0.5,300,2,125,ok,,0,1,27.72520898724906,663,1,0.5010000000000048,3.5050000000010186,4.941000021062791,1763212116194,1763212116412,,,,,,,,,,mid,10871,534,330,232,1
l3_short_window,SHORT_WINDOW,24.0,0.5,300,2,126,ok,,0,1,27.96712500276044,663,1,0.602999999999998,3.3770000000004075,4.6359580010175705,1763212128296,1763212128504,,,,,,,,,,mid,8961,890,314,233,1
l3_short_window,SHORT_WINDOW,24.0,0.5,300,2,127,ok,,0,1,25.47320901066996,663,1,0.5209999999999937,3.40099999999984,4.722333018435165,1763212137754,1763212137984,,,,,,,,,,mid,10694,459,277,180,4
l3_short_window,SHORT_WINDOW,24.0,0.5,300,2,128,ok,,0,1,24.587833002442494,663,1,0.47599999999999554,3.5100000000002183,4.527791985310614,1763212149683,1763212149899,,,,,,,,,,mid,13780,785,304,162,1
l3_short_window,SHORT_WINDOW,24.0,0.5,300,2,129,ok,,0,1,30.79020799486898,663,1,0.6189999999999998,4.216000000000349,5.62237499980256,1763212164447,1763212164676,,,,,,,,,,mid,12461,854,225,274,3
l3_short_window,SHORT_WINDOW,24.0,0.5,300,2,130,ok,,0,2,534.6196249884088,1326,2,0.6099999999999994,4.0900000000001455,5.377041990868747,1763212177323,1763212178033,,,,,,,,,,mid,13202,338,321,277,0
l3_short_window,SHORT_WINDOW,24.0,0.5,300,2,131,ok,,0,1,28.583999985130504,663,1,0.477999999999998,3.467000000000553,4.7065830149222165,1763212191420,1763212191635,,,,,,,,,,mid,11872,284,286,189,2
l3_short_window,SHORT_WINDOW,24.0,0.5,300,2,132,ok,,0,1,27.915584010770544,663,1,0.4720000000000013,3.4089999999978318,4.711749992566183,1763212204322,1763212204528,,,,,,,,,,mid,10420,437,326,177,2
l3_short_window,SHORT_WINDOW,24.0,0.5,300,2,133,ok,,0,1,22.503499989397824,663,1,0.46099999999999497,3.4069999999992433,4.695667012128979,1763212215579,1763212215790,,,,,,,,,,mid,10983,499,290,200,2
l3_short_window,SHORT_WINDOW,24.0,0.5,300,2,134,ok,,0,1,29.647457995451987,663,1,0.8639999999999972,3.683999999999287,4.700541001511738,1763212227858,1763212228130,,,,,,,,,,mid,12386,259,323,172,0
l3_short_window,SHORT_WINDOW,24.0,0.5,300,2,135,ok,,0,1,24.09866699599661,663,1,0.4889999999999972,3.467000000000553,4.731083026854321,1763212240998,1763212241215,,,,,,,,,,mid,10731,578,262,277,1
l3_short_window,SHORT_WINDOW,24.0,0.5,300,2,136,ok,,0,1,25.369916984345764,663,1,0.519999999999996,3.4689999999991414,4.82179201208055,1763212252874,1763212253091,,,,,,,,,,mid,13253,802,269,244,2
l3_short_window,SHORT_WINDOW,24.0,0.5,300,2,137,ok,,0,1,29.364999994868413,663,1,0.47899999999999565,3.502999999998792,4.798665991984308,1763212267082,1763212267296,,,,,,,,,,mid,11627,763,213,156,2
l3_short_window,SHORT_WINDOW,24.0,0.5,300,2,138,ok,,0,1,25.398625002708286,663,1,0.5300000000000011,3.621999999999389,4.6127499954309314,1763212279731,1763212279952,,,,,,,,,,mid,12808,717,260,184,1
l3_short_window,SHORT_WINDOW,24.0,0.5,300,2,139,ok,,0,1,28.643209021538496,663,1,0.865000000000002,4.274999999999636,5.411708989413455,1763212293032,1763212293251,,,,,,,,,,mid,8984,280,294,220,1
l3_short_window,SHORT_WINDOW,24.0,0.5,300,2,140,ok,,0,1,23.218249989440665,663,1,0.4909999999999961,3.338999999998123,4.681708989664912,1763212303487,1763212303694,,,,,,,,,,mid,9098,778,277,263,1
l3_short_window,SHORT_WINDOW,24.0,0.5,300,2,141,ok,,0,1,30.028959008632228,663,1,0.4909999999999961,3.470999999999549,4.776665999088436,1763212313236,1763212313447,,,,,,,,,,mid,9565,543,312,245,2
l3_short_window,SHORT_WINDOW,24.0,0.5,300,2,142,ok,,0,1,28.341249999357387,663,1,0.5290000000000035,3.6009999999987485,4.845249990466982,1763212324013,1763212324248,,,,,,,,,,mid,11162,683,308,233,0
l3_short_window,SHORT_WINDOW,24.0,0.5,300,2,143,ok,,0,1,28.020958008710295,663,1,0.8530000000000086,3.9329999999990832,5.195792007725686,1763212335702,1763212335925,,,,,,,,,,mid,12016,254,264,191,2
l3_short_window,SHORT_WINDOW,24.0,0.5,300,2,144,ok,,0,1,25.61229100683704,663,1,0.7680000000000007,3.0709999999980937,4.366832989035174,1763212349407,1763212349626,,,,,,,,,,mid,13773,563,275,187,5
l3_short_window,SHORT_WINDOW,24.0,0.5,300,2,145,ok,,0,1,24.60758399683982,663,1,0.7580000000000027,4.153000000000247,5.8003339800052345,1763212364158,1763212364360,,,,,,,,,,mid,11069,646,216,198,2
l3_short_window,SHORT_WINDOW,24.0,0.5,300,2,146,ok,,0,1,26.727582997409627,663,1,0.4920000000000009,3.4719999999997526,4.809000005479902,1763212375633,1763212375850,,,,,,,,,,mid,9009,594,267,224,1
l3_short_window,SHORT_WINDOW,24.0,0.5,300,2,147,ok,,0,1,25.02841700334102,663,1,0.487999999999996,3.6200000000008004,4.886207985691726,1763212385289,1763212385506,,,,,,,,,,mid,9495,262,234,269,0
l3_short_window,SHORT_WINDOW,24.0,0.5,300,2,148,ok,,0,1,31.262499978765845,663,1,0.8850000000000051,4.165999999999258,6.809416983742267,1763212396343,1763212396579,,,,,,,,,,mid,13167,803,260,251,4
l3_short_window,SHORT_WINDOW,24.0,0.5,300,2,149,ok,,0,1,28.30041601555422,663,1,0.4960000000000022,4.01799999999821,5.2128749957773834,1763212410001,1763212410222,,,,,,,,,,mid,13470,466,238,221,4
l3_short_window,SHORT_WINDOW,24.0,0.5,300,2,150,ok,,0,1,24.517416983144358,663,1,0.7079999999999984,3.7270000000007713,4.971499991370365,1763212424779,1763212425004,,,,,,,,,,mid,10361,716,290,155,3
l3_short_window,SHORT_WINDOW,24.0,0.5,300,2,151,ok,,0,1,29.468749999068677,663,1,0.8400000000000034,3.9769999999989523,5.4681249894201756,1763212435896,1763212436131,,,,,,,,,,mid,13213,709,287,196,3
l3_short_window,SHORT_WINDOW,24.0,0.5,300,2,152,ok,,0,1,27.086459012934938,663,1,0.6129999999999995,4.333999999998923,6.048541981726885,1763212449755,1763212449958,,,,,,,,,,mid,8926,483,331,205,2
l3_short_window,SHORT_WINDOW,24.0,0.5,300,2,153,ok,,0,1,28.066291008144617,663,1,0.5129999999999981,3.419000000001688,4.439541982719675,1763212459467,1763212459663,,,,,,,,,,mid,10081,307,273,230,0
l3_short_window,SHORT_WINDOW,24.0,0.5,300,2,154,ok,,0,1,30.08712502196431,663,1,0.5599999999999987,3.5679999999993015,4.955666023306549,1763212470986,1763212471202,,,,,,,,,,mid,10353,782,248,163,1
l3_short_window,SHORT_WINDOW,24.0,0.5,300,2,155,ok,,0,1,25.486083002761006,663,1,0.5109999999999957,3.5320000000010623,4.900041996734217,1763212481876,1763212482096,,,,,,,,,,mid,10259,451,210,211,5
l3_short_window,SHORT_WINDOW,24.0,0.5,300,2,156,ok,,0,1,28.66070799063891,663,1,0.6960000000000051,4.09900000000016,5.916333000641316,1763212493460,1763212493687,,,,,,,,,,mid,11160,875,337,180,0
l3_short_window,SHORT_WINDOW,24.0,0.5,300,2,157,ok,,0,1,24.561750004068017,663,1,0.644999999999996,3.467000000000553,4.608542018104345,1763212505022,1763212505252,,,,,,,,,,mid,9740,323,227,190,0
l3_short_window,SHORT_WINDOW,24.0,0.5,300,2,158,ok,,0,1,27.74583298014477,663,1,0.48400000000000176,3.5210000000006403,4.902999993646517,1763212516247,1763212516470,,,,,,,,,,mid,9176,728,265,215,1
l3_short_window,SHORT_WINDOW,24.0,0.5,300,2,159,ok,,0,1,26.52337501058355,663,1,0.5289999999999999,4.0049999999992,5.011500004911795,1763212526432,1763212526643,,,,,,,,,,mid,12654,726,202,263,2
l3_short_window,SHORT_WINDOW,24.0,0.5,300,2,160,ok,,0,1,26.378750015283003,663,1,0.661999999999999,3.0540000000019063,4.448040999704972,1763212539902,1763212540123,,,,,,,,,,mid,9714,681,221,166,3
l3_short_window,SHORT_WINDOW,24.0,0.5,300,2,161,ok,,0,1,25.82895799423568,663,1,0.5199999999999996,3.5429999999996653,4.619959014235064,1763212550672,1763212550908,,,,,,,,,,mid,9274,696,249,223,3
l3_short_window,SHORT_WINDOW,24.0,0.5,300,2,162,ok,,0,1,27.570083999307826,663,1,0.6990000000000052,3.5650000000005093,5.065792007371783,1763212560945,1763212561168,,,,,,,,,,mid,12596,813,263,183,1
l3_short_window,SHORT_WINDOW,24.0,0.5,300,2,163,ok,,0,1,22.472583019407466,663,1,0.5209999999999972,3.462999999999738,4.415249975863844,1763212574137,1763212574345,,,,,,,,,,mid,13292,480,287,202,1
l3_short_window,SHORT_WINDOW,24.0,0.5,300,2,164,ok,,0,1,26.370000006863847,663,1,0.5209999999999972,3.779999999998836,5.066540994448587,1763212588737,1763212588966,,,,,,,,,,mid,11940,739,322,193,0
l3_short_window,SHORT_WINDOW,24.0,0.5,300,2,165,ok,,0,1,24.732999998377636,663,1,0.477999999999998,3.458999999998923,4.790500010130927,1763212601247,1763212601449,,,,,,,,,,mid,9795,396,303,205,0
l3_short_window,SHORT_WINDOW,24.0,0.5,300,2,166,ok,,0,1,27.584916999330744,663,1,0.7069999999999936,3.774999999999636,5.190416006371379,1763212612203,1763212612443,,,,,,,,,,mid,9331,582,265,225,1
l3_short_window,SHORT_WINDOW,24.0,0.5,300,2,167,ok,,0,1,32.21591701731086,663,1,0.7479999999999976,3.8989999999994325,5.159915977856144,1763212622376,1763212622598,,,,,,,,,,mid,12391,500,273,259,1
l3_short_window,SHORT_WINDOW,24.0,0.5,300,2,168,failed,wait_handover_response,0,3,508.4952090110164,1989,3,1.1769999999999996,0.0,0.0,1763212635767,,,,,,,,,,,mid,12128,487,250,250,2
l3_short_window,SHORT_WINDOW,24.0,0.5,300,2,169,ok,,0,1,27.58912500576116,663,1,0.622000000000007,3.0650000000005093,4.036750004161149,1763212649331,1763212649549,,,,,,,,,,mid,11331,675,271,166,2
l3_short_window,SHORT_WINDOW,24.0,0.5,300,2,170,ok,,0,1,30.80083301756531,663,1,0.5649999999999942,3.653999999998632,5.0362920155748725,1763212661326,1763212661542,,,,,,,,,,mid,12268,757,290,170,3
l3_short_window,SHORT_WINDOW,24.0,0.5,300,2,171,ok,,0,1,27.266333025181666,663,1,0.4800000000000004,3.4099999999998545,4.53804200515151,1763212674146,1763212674352,,,,,,,,,,mid,12157,393,284,245,1
l3_short_window,SHORT_WINDOW,24.0,0.5,300,2,172,ok,,0,2,558.7558750121389,1326,2,0.7800000000000011,15.317000000000917,28.529750008601695,1763212687382,1763212688105,,,,,,,,,,mid,13806,654,339,158,4
l3_short_window,SHORT_WINDOW,24.0,0.5,300,2,173,ok,,0,1,27.695875003701076,663,1,0.6579999999999941,3.263999999999214,4.8570829967502505,1763212701789,1763212701998,,,,,,,,,,mid,11505,300,319,253,2
l3_short_window,SHORT_WINDOW,24.0,0.5,300,2,174,ok,,0,1,30.662667006254196,663,1,0.5249999999999986,3.5909999999967113,4.768500017235056,1763212714844,1763212715066,,,,,,,,,,mid,13150,884,303,264,2
l3_short_window,SHORT_WINDOW,24.0,0.5,300,2,175,ok,,0,1,27.18087498215027,663,1,0.5649999999999977,3.569999999999709,4.835500003537163,1763212728584,1763212728798,,,,,,,,,,mid,11384,519,204,221,0
l3_short_window,SHORT_WINDOW,24.0,0.5,300,2,176,ok,,0,1,30.761333007831126,663,1,0.5170000000000066,3.63300000000163,4.928290989482775,1763212741125,1763212741344,,,,,,,,,,mid,12057,690,256,190,1
l3_short_window,SHORT_WINDOW,24.0,0.5,300,2,177,ok,,0,1,29.79516700725071,663,1,0.7520000000000024,3.7399999999979627,5.093291983939707,1763212753827,1763212754050,,,,,,,,,,mid,13623,335,340,247,1
l3_short_window,SHORT_WINDOW,24.0,0.5,300,2,178,ok,,0,1,25.64783301204443,663,1,0.6409999999999982,3.3220000000001164,4.65391599573195,1763212768467,1763212768683,,,,,,,,,,mid,13585,503,341,184,1
l3_short_window,SHORT_WINDOW,24.0,0.5,300,2,179,ok,,0,1,25.858208013232797,663,1,0.5160000000000018,3.6089999999985594,4.884124995442107,1763212783060,1763212783276,,,,,,,,,,mid,13074,525,269,212,3
l3_short_window,SHORT_WINDOW,24.0,0.5,300,2,180,ok,,0,1,30.571125011192635,663,1,0.544000000000004,3.7259999999987485,4.883291985606775,1763212797202,1763212797430,,,,,,,,,,mid,12606,602,323,183,2
l3_short_window,SHORT_WINDOW,24.0,0.5,300,2,181,ok,,0,1,31.771791982464492,663,1,0.5259999999999962,3.585000000000946,4.958750010700896,1763212810601,1763212810824,,,,,,,,,,mid,10132,598,214,170,1
l3_short_window,SHORT_WINDOW,24.0,0.5,300,2,182,ok,,0,1,28.224625013535842,663,1,0.5389999999999979,3.7710000000006403,5.150915996637195,1763212821687,1763212821911,,,,,,,,,,mid,12814,628,234,165,1
l3_short_window,SHORT_WINDOW,24.0,0.5,300,2,183,ok,,0,1,30.315125011838973,663,1,0.4910000000000032,3.644000000002052,4.9961250042542815,1763212835461,1763212835678,,,,,,,,,,mid,12887,593,217,210,1
l3_short_window,SHORT_WINDOW,24.0,0.5,300,2,184,ok,,0,1,27.85987500101328,663,1,0.49800000000000466,3.5459999999984575,4.880916996626183,1763212849496,1763212849725,,,,,,,,,,mid,11472,765,332,163,0
l3_short_window,SHORT_WINDOW,24.0,0.5,300,2,185,ok,,0,1,28.560667007695884,663,1,0.6870000000000012,4.246000000001004,5.171249998966232,1763212861742,1763212861957,,,,,,,,,,mid,10925,612,304,194,3
l3_short_window,SHORT_WINDOW,24.0,0.5,300,2,186,ok,,0,2,547.357250994537,1326,2,2.402000000000001,10.857999999998356,14.394624973647296,1763212874444,1763212875159,,,,,,,,,,mid,10869,840,323,225,2
l3_short_window,SHORT_WINDOW,24.0,0.5,300,2,187,ok,,0,1,25.53941699443385,663,1,0.6519999999999975,3.599999999998545,4.703916987637058,1763212885715,1763212885935,,,,,,,,,,mid,11163,719,275,278,3
l3_short_window,SHORT_WINDOW,24.0,0.5,300,2,188,ok,,0,1,26.328708016080782,663,1,0.7970000000000041,3.2180000000007567,4.786333010997623,1763212897797,1763212898020,,,,,,,,,,mid,10031,767,286,162,1
l3_short_window,SHORT_WINDOW,24.0,0.5,300,2,189,ok,,0,1,28.558667021570727,663,1,0.5410000000000039,3.576999999999316,4.620124993380159,1763212908569,1763212908801,,,,,,,,,,mid,12278,615,344,259,1
l3_short_window,SHORT_WINDOW,24.0,0.5,300,2,190,ok,,0,1,28.90195799409412,663,1,0.7399999999999878,3.5569999999988795,4.814374988200143,1763212921538,1763212921760,,,,,,,,,,mid,12107,323,291,197,2
l3_short_window,SHORT_WINDOW,24.0,0.5,300,2,191,ok,,0,1,29.34608398936689,663,1,0.5389999999999979,3.456000000000131,4.182832984952256,1763212934749,1763212934966,,,,,,,,,,mid,11659,642,239,190,2
l3_short_window,SHORT_WINDOW,24.0,0.5,300,2,192,ok,,0,1,26.020250021247193,663,1,0.48499999999999943,3.4760000000005675,4.7749580116942525,1763212947194,1763212947409,,,,,,,,,,mid,10647,451,325,167,3
l3_short_window,SHORT_WINDOW,24.0,0.5,300,2,193,ok,,0,1,28.974459011806175,663,1,0.7989999999999995,3.7159999999985303,5.055082991020754,1763212959133,1763212959381,,,,,,,,,,mid,9639,701,226,157,1
l3_short_window,SHORT_WINDOW,24.0,0.5,300,2,194,ok,,0,1,30.886291002389044,663,1,0.522000000000002,3.5690000000013242,4.919250000966713,1763212969418,1763212969625,,,,,,,,,,mid,12494,369,278,182,2
l3_short_window,SHORT_WINDOW,24.0,0.5,300,2,195,ok,,0,1,28.414417000021785,663,1,0.5229999999999926,3.640000000001237,4.967084008967504,1763212982836,1763212983055,,,,,,,,,,mid,13846,373,245,155,2
l3_short_window,SHORT_WINDOW,24.0,0.5,300,2,196,ok,,0,1,26.6614580177702,663,1,0.4930000000000021,3.338000000001557,4.500458016991615,1763212998090,1763212998325,,,,,,,,,,mid,9636,827,237,263,1
l3_short_window,SHORT_WINDOW,24.0,0.5,300,2,197,ok,,0,1,27.67812498495914,663,1,0.8399999999999963,3.811999999999898,5.092666979180649,1763213008349,1763213008579,,,,,,,,,,mid,11371,450,208,203,1
l3_short_window,SHORT_WINDOW,24.0,0.5,300,2,198,ok,,0,1,28.486916999099776,663,1,0.5050000000000026,3.503999999998996,4.613416997017339,1763213020649,1763213020863,,,,,,,,,,mid,10567,435,287,268,1
l3_short_window,SHORT_WINDOW,24.0,0.5,300,2,199,ok,,0,1,28.58733298489824,663,1,0.5439999999999969,3.4939999999987776,4.7612500202376395,1763213032226,1763213032437,,,,,,,,,,mid,9004,525,329,161,1
l3_short_window,SHORT_WINDOW,24.0,0.5,300,2,200,ok,,0,1,28.111624997109175,663,1,0.5369999999999955,3.5940000000009604,4.845083982218057,1763213042575,1763213042795,,,,,,,,,,mid,12443,878,223,219,3
l3_short_window,SHORT_WINDOW,24.0,0.5,300,2,201,ok,,0,1,24.8631669965107,663,1,0.5640000000000001,3.655000000000655,5.045832978794351,1763213055658,1763213055885,,,,,,,,,,mid,8993,625,307,198,0
l3_short_window,SHORT_WINDOW,24.0,0.5,300,2,202,ok,,0,1,28.03662500809878,663,1,0.5579999999999998,3.563000000000102,4.897500009974465,1763213065751,1763213065984,,,,,,,,,,mid,9330,726,286,259,3
l3_short_window,SHORT_WINDOW,24.0,0.5,300,2,203,ok,,0,1,32.20604101079516,663,1,0.5319999999999965,3.5460000000020955,4.961166996508837,1763213075846,1763213076071,,,,,,,,,,mid,10529,734,268,239,3
l3_short_window,SHORT_WINDOW,24.0,0.5,300,2,204,ok,,0,1,29.507832980016246,663,1,0.5239999999999974,3.6569999999992433,4.948957997839898,1763213087138,1763213087361,,,,,,,,,,mid,11800,604,265,224,2
l3_short_window,SHORT_WINDOW,24.0,0.5,300,2,205,ok,,0,1,28.51262502372265,663,1,0.5910000000000011,3.6229999999995925,5.065833014668897,1763213099904,1763213100122,,,,,,,,,,mid,12772,675,287,194,1
l3_short_window,SHORT_WINDOW,24.0,0.5,300,2,206,ok,,0,1,28.820125007769093,663,1,0.5089999999999968,3.42200000000048,4.717458999948576,1763213113674,1763213113891,,,,,,,,,,mid,10441,668,216,211,0
l3_short_window,SHORT_WINDOW,24.0,0.5,300,2,207,ok,,0,1,27.68175001256168,663,1,0.5520000000000032,3.764000000001033,5.162292014574632,1763213125281,1763213125504,,,,,,,,,,mid,9374,848,250,223,2
l3_short_window,SHORT_WINDOW,24.0,0.5,300,2,208,ok,,0,1,27.985374996205792,663,1,0.5109999999999992,3.519000000002052,4.85508400015533,1763213135335,1763213135555,,,,,,,,,,mid,10231,603,317,263,2
l3_short_window,SHORT_WINDOW,24.0,0.5,300,2,209,ok,,0,1,27.3174169997219,663,1,0.6630000000000038,3.5610000000015134,5.031000007875264,1763213146842,1763213147061,,,,,,,,,,mid,10947,846,325,193,1
l3_short_window,SHORT_WINDOW,24.0,0.5,300,2,210,ok,,0,1,23.2810830057133,663,1,0.4809999999999981,3.463999999998123,4.464167024707422,1763213158408,1763213158626,,,,,,,,,,mid,11346,571,345,159,2
l3_short_window,SHORT_WINDOW,24.0,0.5,300,2,211,ok,,0,1,29.611375008244067,663,1,0.5479999999999983,3.638999999999214,4.979874996934086,1763213170561,1763213170781,,,,,,,,,,mid,13747,419,210,160,1
l3_short_window,SHORT_WINDOW,24.0,0.5,300,2,212,ok,,0,1,26.34358301293105,663,1,0.48900000000000077,3.511000000000422,4.767250007716939,1763213185027,1763213185241,,,,,,,,,,mid,10646,295,239,222,0
l3_short_window,SHORT_WINDOW,24.0,0.5,300,2,213,ok,,0,1,25.028042000485584,663,1,0.495000000000001,3.4950000000026193,4.6222080127336085,1763213197084,1763213197291,,,,,,,,,,mid,11731,711,323,222,1
l3_short_window,SHORT_WINDOW,24.0,0.5,300,2,214,ok,,0,1,25.577667023753747,663,1,0.49999999999999645,3.37199999999757,4.666374996304512,1763213209386,1763213209586,,,,,,,,,,mid,12852,387,241,268,2
l3_short_window,SHORT_WINDOW,24.0,0.5,300,2,215,ok,,0,1,24.69208399998024,663,1,0.7880000000000038,3.772000000000844,5.066750018158928,1763213223308,1763213223521,,,,,,,,,,mid,10115,500,293,258,2
l3_short_window,SHORT_WINDOW,24.0,0.5,300,2,216,ok,,0,1,26.56716699129902,663,1,0.5339999999999989,3.561999999998079,4.746624996187165,1763213234790,1763213235011,,,,,,,,,,mid,13203,860,238,183,3
l3_short_window,SHORT_WINDOW,24.0,0.5,300,2,217,ok,,0,1,26.59520899760537,663,1,0.49999999999999645,3.45299999999952,4.766666010254994,1763213248315,1763213248522,,,,,,,,,,mid,11039,337,221,258,0
l3_short_window,SHORT_WINDOW,24.0,0.5,300,2,218,ok,,0,1,29.356665996601805,663,1,0.5389999999999944,4.8289999999979045,7.129667006665841,1763213260492,1763213260708,,,,,,,,,,mid,12432,493,319,238,3
l3_short_window,SHORT_WINDOW,24.0,0.5,300,2,219,ok,,0,1,31.807500025024638,663,1,1.0040000000000049,6.056000000000495,7.203790999483317,1763213273874,1763213274108,,,,,,,,,,mid,13154,479,276,243,4
l3_short_window,SHORT_WINDOW,24.0,0.5,300,2,220,ok,,0,1,26.63520898204297,663,1,0.7560000000000002,3.4840000000003783,4.508791986154392,1763213288038,1763213288305,,,,,,,,,,mid,11066,531,207,249,0
l3_short_window,SHORT_WINDOW,24.0,0.5,300,2,221,ok,,0,1,26.092750020325184,663,1,0.6410000000000053,3.1490000000030705,4.334208002546802,1763213299926,1763213300157,,,,,,,,,,mid,13155,441,238,226,4
l3_short_window,SHORT_WINDOW,24.0,0.5,300,2,222,ok,,0,1,28.332540998235345,663,1,0.5160000000000053,3.632999999997992,4.827166005270556,1763213314386,1763213314588,,,,,,,,,,mid,11215,756,218,222,1
l3_short_window,SHORT_WINDOW,24.0,0.5,300,2,223,ok,,0,1,27.332124998793006,663,1,0.49900000000000233,3.528999999998632,4.57412499235943,1763213326591,1763213326808,,,,,,,,,,mid,12220,757,214,186,2
l3_short_window,SHORT_WINDOW,24.0,0.5,300,2,224,ok,,0,1,29.089791991282254,663,1,0.5300000000000011,3.819999999999709,5.153625010279939,1763213339810,1763213340069,,,,,,,,,,mid,10043,298,316,203,1
l3_short_window,SHORT_WINDOW,24.0,0.5,300,2,225,ok,,0,1,26.31650000694208,663,1,0.5860000000000056,3.5490000000008877,4.9812500074040145,1763213350484,1763213350702,,,,,,,,,,mid,9298,636,313,189,1
l3_short_window,SHORT_WINDOW,24.0,0.5,300,2,226,ok,,0,1,28.482875000918284,663,1,0.5070000000000014,3.550999999999476,4.848792013945058,1763213360406,1763213360611,,,,,,,,,,mid,9408,426,305,249,0
l3_short_window,SHORT_WINDOW,24.0,0.5,300,2,227,ok,,0,1,27.71058297366835,663,1,0.9380000000000024,3.8180000000011205,5.11133301188238,1763213371189,1763213371428,,,,,,,,,,mid,11967,750,293,164,1
l3_short_window,SHORT_WINDOW,24.0,0.5,300,2,228,ok,,0,1,28.294124989770353,663,1,0.5329999999999977,4.060999999999694,5.3870410192757845,1763213384204,1763213384421,,,,,,,,,,mid,9312,810,244,193,2
l3_short_window,SHORT_WINDOW,24.0,0.5,300,2,229,ok,,0,1,24.41937499679625,663,1,0.9410000000000096,3.1630000000004657,4.381999984616414,1763213393859,1763213394067,,,,,,,,,,mid,12006,331,203,166,5
l3_short_window,SHORT_WINDOW,24.0,0.5,300,2,230,ok,,0,1,27.122291998239234,663,1,0.5090000000000039,3.5579999999972642,4.8350419965572655,1763213407123,1763213407343,,,,,,,,,,mid,12138,567,225,167,1
l3_short_window,SHORT_WINDOW,24.0,0.5,300,2,231,ok,,0,1,28.509291005320847,663,1,0.5480000000000018,3.4830000000001746,4.845291987294331,1763213419919,1763213420132,,,,,,,,,,mid,10752,253,209,213,1
l3_short_window,SHORT_WINDOW,24.0,0.5,300,2,232,ok,,0,1,23.26162499957718,663,1,0.5150000000000006,3.4290000000019063,4.688082990469411,1763213431631,1763213431842,,,,,,,,,,mid,11617,309,327,279,1
l3_short_window,SHORT_WINDOW,24.0,0.5,300,2,233,ok,,0,2,545.3764169942588,1326,2,1.9649999999999999,12.109999999998763,16.320333001203835,1763213444229,1763213444950,,,,,,,,,,mid,10755,340,217,196,0
l3_short_window,SHORT_WINDOW,24.0,0.5,300,2,234,ok,,0,1,24.09316602279432,663,1,0.4969999999999999,3.610000000000582,4.997708980226889,1763213456283,1763213456496,,,,,,,,,,mid,13099,711,245,156,2
l3_short_window,SHORT_WINDOW,24.0,0.5,300,2,235,ok,,0,1,27.582166978390887,663,1,0.7900000000000027,3.7150000000001455,5.243583000265062,1763213470374,1763213470597,,,,,,,,,,mid,11575,895,312,184,1
l3_short_window,SHORT_WINDOW,24.0,0.5,300,2,236,ok,,0,1,30.56937499786727,663,1,0.5079999999999956,3.470000000001164,4.841542016947642,1763213482213,1763213482419,,,,,,,,,,mid,13484,280,224,206,1
l3_short_window,SHORT_WINDOW,24.0,0.5,300,2,237,ok,,0,1,21.58041700022295,663,1,0.49999999999999645,3.3470000000015716,4.343250009696931,1763213496736,1763213496940,,,,,,,,,,mid,11387,385,312,171,0
l3_short_window,SHORT_WINDOW,24.0,0.5,300,2,238,ok,,0,1,27.111000003060326,663,1,0.5129999999999981,3.5159999999978027,4.63074998697266,1763213509533,1763213509759,,,,,,,,,,mid,12109,788,272,223,1
l3_short_window,SHORT_WINDOW,24.0,0.5,300,2,239,ok,,0,1,30.506334005622193,663,1,0.5199999999999996,3.484999999998763,4.770458006532863,1763213522632,1763213522848,,,,,,,,,,mid,11901,871,231,211,0
l3_short_window,SHORT_WINDOW,24.0,0.5,300,2,240,ok,,0,1,25.462625024374574,663,1,0.8490000000000038,3.8960000000006403,5.584333004662767,1763213534890,1763213535103,,,,,,,,,,mid,10884,318,214,212,6
l3_short_window,SHORT_WINDOW,24.0,0.5,300,2,241,ok,,0,1,28.560125007061288,663,1,0.5549999999999997,3.530000000000655,4.914249991998076,1763213546765,1763213546983,,,,,,,,,,mid,11343,347,289,240,1
l3_short_window,SHORT_WINDOW,24.0,0.5,300,2,242,ok,,0,1,28.47533399472013,663,1,0.6880000000000024,3.4800000000013824,4.508916987106204,1763213559115,1763213559332,,,,,,,,,,mid,12597,349,297,265,3
l3_short_window,SHORT_WINDOW,24.0,0.5,300,2,243,ok,,0,1,25.148500018985942,663,1,0.5020000000000024,3.4099999999998545,4.710250010248274,1763213572714,1763213572925,,,,,,,,,,mid,9981,331,278,242,0
l3_short_window,SHORT_WINDOW,24.0,0.5,300,2,244,ok,,0,1,29.594583000289276,663,1,0.522000000000002,3.606999999999971,5.037791997892782,1763213584209,1763213584427,,,,,,,,,,mid,8890,888,281,213,1
l3_short_window,SHORT_WINDOW,24.0,0.5,300,2,245,ok,,0,1,29.284416988957673,663,1,0.6020000000000003,3.7409999999999854,4.960042017046362,1763213593602,1763213593804,,,,,,,,,,mid,9589,367,251,245,3
l3_short_window,SHORT_WINDOW,24.0,0.5,300,2,246,ok,,0,1,27.29399999952875,663,1,0.5229999999999961,3.6189999999987776,4.982042009942234,1763213604492,1763213604736,,,,,,,,,,mid,10116,276,312,180,0
l3_short_window,SHORT_WINDOW,24.0,0.5,300,2,247,ok,,0,1,24.489792005624622,663,1,0.502999999999993,3.507000000001426,4.825291980523616,1763213615200,1763213615416,,,,,,,,,,mid,8873,476,243,173,0
l3_short_window,SHORT_WINDOW,24.0,0.5,300,2,248,ok,,0,1,29.170708992751315,663,1,0.9050000000000011,3.530000000000655,4.904083994915709,1763213624986,1763213625209,,,,,,,,,,mid,13687,413,294,233,1
l3_short_window,SHORT_WINDOW,24.0,0.5,300,2,249,ok,,0,1,28.802874992834404,663,1,0.5000000000000036,3.4620000000013533,4.775416979100555,1763213639452,1763213639664,,,,,,,,,,mid,12699,284,244,198,2
l3_short_window,SHORT_WINDOW,24.0,0.5,300,2,250,ok,,0,1,27.532708016224205,663,1,0.49900000000000233,3.452000000001135,4.829374986002222,1763213654135,1763213654352,,,,,,,,,,mid,12655,810,217,157,3
l3_short_window,SHORT_WINDOW,24.0,0.5,300,2,251,ok,,0,1,29.03279199381359,663,1,0.777000000000001,3.7839999999996508,5.223792017204687,1763213667069,1763213667302,,,,,,,,,,mid,11460,583,262,265,1
l3_short_window,SHORT_WINDOW,24.0,0.5,300,2,252,ok,,0,1,28.531959018437192,663,1,0.5159999999999947,3.459000000000742,4.7811249969527125,1763213679666,1763213679881,,,,,,,,,,mid,13303,687,201,172,3
l3_short_window,SHORT_WINDOW,24.0,0.5,300,2,253,ok,,0,1,25.54824997787364,663,1,0.6330000000000027,3.014000000001033,4.260540998075157,1763213693704,1763213693910,,,,,,,,,,mid,11377,498,259,222,4
l3_short_window,SHORT_WINDOW,24.0,0.5,300,2,254,ok,,0,1,30.016458011232316,663,1,0.48300000000000054,3.416000000001077,4.514208994805813,1763213705840,1763213706047,,,,,,,,,,mid,12194,325,256,229,1
l3_short_window,SHORT_WINDOW,24.0,0.5,300,2,255,ok,,0,1,29.121291998308152,663,1,0.5190000000000019,3.5209999999988213,4.801500006578863,1763213718946,1763213719162,,,,,,,,,,mid,11117,263,302,206,1
l3_short_window,SHORT_WINDOW,24.0,0.5,300,2,256,ok,,0,1,26.72412499669008,663,1,0.5700000000000003,3.282999999997628,4.0351249917875975,1763213731345,1763213731570,,,,,,,,,,mid,11638,608,249,187,2
l3_short_window,SHORT_WINDOW,24.0,0.5,300,2,257,ok,,0,1,25.30666600796394,663,1,0.49799999999999756,3.3299999999999272,4.409457993460819,1763213743628,1763213743824,,,,,,,,,,mid,9369,313,225,275,1
l3_short_window,SHORT_WINDOW,24.0,0.5,300,2,258,ok,,0,1,29.497707990230992,663,1,0.5549999999999997,3.5379999999968277,4.884791007498279,1763213754459,1763213754679,,,,,,,,,,mid,11530,772,278,259,1
l3_short_window,SHORT_WINDOW,24.0,0.5,300,2,259,ok,,0,1,26.50279100635089,663,1,0.5319999999999965,3.6959999999999127,5.084834003355354,1763213766731,1763213766955,,,,,,,,,,mid,13455,526,226,242,2
l3_short_window,SHORT_WINDOW,24.0,0.5,300,2,260,ok,,0,1,27.411165996454656,663,1,0.536999999999999,3.610000000000582,4.867790994467214,1763213781360,1763213781581,,,,,,,,,,mid,11581,691,336,208,3
l3_short_window,SHORT_WINDOW,24.0,0.5,300,2,261,ok,,0,1,25.19600000232458,663,1,0.5030000000000001,3.540000000000873,4.879250016529113,1763213793646,1763213793855,,,,,,,,,,mid,10599,502,303,217,1
l3_short_window,SHORT_WINDOW,24.0,0.5,300,2,262,ok,,0,1,29.35587498359382,663,1,0.5079999999999956,3.3629999999993743,4.3887089996133,1763213805163,1763213805372,,,,,,,,,,mid,12232,449,307,259,2
l3_short_window,SHORT_WINDOW,24.0,0.5,300,2,263,ok,,0,1,27.51345801516436,663,1,0.5089999999999968,3.4569999999985157,4.726208018837497,1763213818863,1763213819082,,,,,,,,,,mid,9882,886,233,156,1
l3_short_window,SHORT_WINDOW,24.0,0.5,300,2,264,ok,,0,1,27.55666701705195,663,1,0.5299999999999976,3.552000000001499,4.646916000638157,1763213829784,1763213829998,,,,,,,,,,mid,9914,888,302,269,1
l3_short_window,SHORT_WINDOW,24.0,0.5,300,2,265,ok,,0,1,25.145166990114376,663,1,0.9920000000000044,3.6189999999987776,4.252042010193691,1763213840427,1763213840712,,,,,,,,,,mid,13359,671,224,236,1
l3_short_window,SHORT_WINDOW,24.0,0.5,300,2,266,ok,,0,1,27.988959016511217,663,1,0.49599999999999866,3.4609999999993306,4.782167001394555,1763213854973,1763213855195,,,,,,,,,,mid,8796,892,246,233,2
l3_short_window,SHORT_WINDOW,24.0,0.5,300,2,267,ok,,0,1,24.481375003233552,663,1,0.5019999999999989,3.4349999999976717,4.741542012197897,1763213864644,1763213864852,,,,,,,,,,mid,11851,831,247,156,0
l3_short_window,SHORT_WINDOW,24.0,0.5,300,2,268,ok,,0,1,27.452832990093157,663,1,0.5330000000000048,3.5599999999994907,4.832957987673581,1763213877116,1763213877340,,,,,,,,,,mid,9144,516,335,238,1
l3_short_window,SHORT_WINDOW,24.0,0.5,300,2,269,ok,,0,1,29.844500008039176,663,1,1.5709999999999944,4.548999999999069,5.805917026009411,1763213887615,1763213887839,,,,,,,,,,mid,12469,882,307,235,0
l3_short_window,SHORT_WINDOW,24.0,0.5,300,2,270,ok,,0,1,29.464166989782825,663,1,0.4650000000000034,3.3989999999994325,4.406625026604161,1763213900398,1763213900618,,,,,,,,,,mid,13361,325,250,278,2
l3_short_window,SHORT_WINDOW,24.0,0.5,300,2,271,ok,,0,1,26.22229198459536,663,1,0.48900000000000077,3.548000000000684,4.85166598809883,1763213915251,1763213915469,,,,,,,,,,mid,11748,801,231,262,2
l3_short_window,SHORT_WINDOW,24.0,0.5,300,2,272,ok,,0,1,28.574249998200685,663,1,0.7219999999999942,3.2109999999993306,4.457666975213215,1763213927963,1763213928228,,,,,,,,,,mid,13358,274,298,246,4
l3_short_window,SHORT_WINDOW,24.0,0.5,300,2,273,ok,,0,1,27.46620899415575,663,1,0.5019999999999989,3.355999999997948,4.677124990848824,1763213941871,1763213942084,,,,,,,,,,mid,13553,551,313,213,0
l3_short_window,SHORT_WINDOW,24.0,0.5,300,2,274,ok,,0,1,29.40637498977594,663,1,0.5020000000000024,3.4539999999997235,4.821833019377664,1763213956372,1763213956587,,,,,,,,,,mid,9960,489,204,254,2
l3_short_window,SHORT_WINDOW,24.0,0.5,300,2,275,ok,,0,1,27.523083990672603,663,1,0.5090000000000003,3.6679999999978463,4.985875013517216,1763213967495,1763213967729,,,,,,,,,,mid,13576,676,223,214,2
l3_short_window,SHORT_WINDOW,24.0,0.5,300,2,276,ok,,0,1,26.15454202168621,663,1,0.48300000000000054,3.4239999999990687,4.732667002826929,1763213981770,1763213981981,,,,,,,,,,mid,10605,512,330,186,1
l3_short_window,SHORT_WINDOW,24.0,0.5,300,2,277,ok,,0,1,27.563834009924904,663,1,0.4819999999999993,3.367999999998574,4.699417011579499,1763213993199,1763213993400,,,,,,,,,,mid,11083,378,231,226,1
l3_short_window,SHORT_WINDOW,24.0,0.5,300,2,278,ok,,0,1,27.360415988368914,663,1,0.7280000000000015,4.186999999999898,5.60500001301989,1763214005711,1763214005937,,,,,,,,,,mid,10039,730,308,186,1
l3_short_window,SHORT_WINDOW,24.0,0.5,300,2,279,ok,,0,1,24.366707977605984,663,1,0.4839999999999982,3.507999999999811,4.803415999049321,1763214016810,1763214017025,,,,,,,,,,mid,12829,850,200,177,3
l3_short_window,SHORT_WINDOW,24.0,0.5,300,2,280,ok,,0,1,23.719666991382837,663,1,0.5439999999999969,3.44800000000032,4.783625015988946,1763214030411,1763214030626,,,,,,,,,,mid,11433,700,286,276,1
l3_short_window,SHORT_WINDOW,24.0,0.5,300,2,281,ok,,0,1,30.013332987437025,663,1,0.5090000000000003,3.5689999999995052,4.822041024453938,1763214042647,1763214042870,,,,,,,,,,mid,13182,661,343,256,1
l3_short_window,SHORT_WINDOW,24.0,0.5,300,2,282,ok,,0,1,31.54491598252207,663,1,0.5249999999999986,3.638999999999214,4.976249998435378,1763214056437,1763214056657,,,,,,,,,,mid,10137,408,218,174,0
l3_short_window,SHORT_WINDOW,24.0,0.5,300,2,283,ok,,0,1,30.271666997577995,663,1,0.5499999999999936,3.5380000000004657,4.85862500499934,1763214067920,1763214068139,,,,,,,,,,mid,12880,765,326,243,0
l3_short_window,SHORT_WINDOW,24.0,0.5,300,2,284,ok,,0,1,24.571833986556157,663,1,0.5139999999999993,3.5429999999996653,4.707374988356605,1763214081635,1763214081855,,,,,,,,,,mid,9596,635,310,252,4
l3_short_window,SHORT_WINDOW,24.0,0.5,300,2,285,ok,,0,1,30.268417001934722,663,1,0.5339999999999989,3.536000000001877,4.806874989299104,1763214092374,1763214092595,,,,,,,,,,mid,10523,894,336,217,1
l3_short_window,SHORT_WINDOW,24.0,0.5,300,2,286,ok,,0,1,26.343083009123802,663,1,0.5290000000000035,3.5609999999996944,4.9696659843903035,1763214103552,1763214103778,,,,,,,,,,mid,11906,580,202,216,2
l3_short_window,SHORT_WINDOW,24.0,0.5,300,2,287,ok,,0,1,27.29008300229907,663,1,0.8120000000000047,3.3140000000021246,4.463332996238023,1763214117114,1763214117320,,,,,,,,,,mid,9051,807,323,245,2
l3_short_window,SHORT_WINDOW,24.0,0.5,300,2,288,ok,,0,1,27.54149999236688,663,1,0.6929999999999978,3.7659999999996217,4.682750004576519,1763214126578,1763214126810,,,,,,,,,,mid,10778,756,205,267,1
l3_short_window,SHORT_WINDOW,24.0,0.5,300,2,289,ok,,0,1,55.54520801524632,663,1,0.752999999999993,15.55199999999968,30.327332991873845,1763214138155,1763214138377,,,,,,,,,,mid,10449,587,292,220,1
l3_short_window,SHORT_WINDOW,24.0,0.5,300,2,290,ok,,0,1,28.253416006918997,663,1,0.4939999999999998,3.5319999999992433,4.95599998976104,1763214149620,1763214149843,,,,,,,,,,mid,13298,650,319,276,1
l3_short_window,SHORT_WINDOW,24.0,0.5,300,2,291,ok,,0,1,28.79262500209734,663,1,0.6129999999999995,3.1270000000004075,4.369458998553455,1763214164449,1763214164659,,,,,,,,,,mid,13850,724,329,264,4
l3_short_window,SHORT_WINDOW,24.0,0.5,300,2,292,ok,,0,1,29.057332983938977,663,1,0.5089999999999968,3.459000000000742,4.895374993793666,1763214178522,1763214178732,,,,,,,,,,mid,13073,646,209,223,0
l3_short_window,SHORT_WINDOW,24.0,0.5,300,2,293,ok,,0,1,28.167459007818252,663,1,0.5970000000000013,3.102999999999156,4.386165994219482,1763214192270,1763214192473,,,,,,,,,,mid,11011,282,310,203,1
l3_short_window,SHORT_WINDOW,24.0,0.5,300,2,294,ok,,0,1,26.30525000859052,663,1,0.5429999999999993,3.774999999999636,4.800916998647153,1763214204744,1763214205000,,,,,,,,,,mid,8979,256,331,190,1
l3_short_window,SHORT_WINDOW,24.0,0.5,300,2,295,ok,,0,1,27.548916987143457,663,1,0.5459999999999923,3.8850000000002183,5.24420800502412,1763214214669,1763214214927,,,,,,,,,,mid,9727,255,325,157,2
l3_short_window,SHORT_WINDOW,24.0,0.5,300,2,296,ok,,0,1,28.86525000212714,663,1,0.6330000000000027,3.941000000002532,5.059374991105869,1763214225503,1763214225756,,,,,,,,,,mid,12601,878,290,181,2
l3_short_window,SHORT_WINDOW,24.0,0.5,300,2,297,ok,,0,1,27.582000009715557,663,1,0.5150000000000006,3.5939999999991414,4.915708996122703,1763214239327,1763214239552,,,,,,,,,,mid,12072,731,225,210,1
l3_short_window,SHORT_WINDOW,24.0,0.5,300,2,298,ok,,0,1,28.720041998894885,663,1,0.4800000000000004,3.5229999999992287,4.871542012551799,1763214251542,1763214251744,,,,,,,,,,mid,12129,401,291,224,3
l3_short_window,SHORT_WINDOW,24.0,0.5,300,2,299,ok,,0,1,27.504750003572553,663,1,0.5119999999999969,3.507999999999811,4.61054197512567,1763214265120,1763214265340,,,,,,,,,,mid,10680,857,329,169,1
l3_short_window,SHORT_WINDOW,24.0,0.5,300,2,300,ok,,0,1,28.81087499554269,663,1,0.5199999999999996,3.5339999999996508,4.914458986604586,1763214276563,1763214276788,,,,,,,,,,mid,12034,680,307,182,0
l3_short_window,SHORT_WINDOW,24.0,0.5,400,2,1,ok,,0,1,26.735874998848885,663,1,0.7749999999999986,3.9570000000003347,4.996749979909509,1763214289587,1763214289829,,,,,,,,,,mid,12847,709,206,184,1
l3_short_window,SHORT_WINDOW,24.0,0.5,400,2,2,ok,,0,1,27.555709006264806,663,1,0.5109999999999992,3.620999999999185,4.686458996729925,1763214303303,1763214303525,,,,,,,,,,mid,9451,783,231,197,1
l3_short_window,SHORT_WINDOW,24.0,0.5,400,2,3,ok,,0,1,24.913708009989932,663,1,0.6539999999999999,3.5170000000016444,4.942457977449521,1763214313603,1763214313824,,,,,,,,,,mid,9627,623,242,225,1
l3_short_window,SHORT_WINDOW,24.0,0.5,400,2,4,ok,,0,1,26.129792007850483,663,1,0.5150000000000006,3.4870000000009895,4.904708010144532,1763214324156,1763214324372,,,,,,,,,,mid,10029,691,308,259,1
l3_short_window,SHORT_WINDOW,24.0,0.5,400,2,5,ok,,0,1,25.553417013725266,663,1,0.5110000000000063,3.536000000000058,4.554959014058113,1763214335192,1763214335416,,,,,,,,,,mid,10460,684,277,211,2
l3_short_window,SHORT_WINDOW,24.0,0.5,400,2,6,ok,,0,1,33.56754197739065,663,1,0.573999999999991,3.962999999999738,5.34087501000613,1763214346716,1763214346998,,,,,,,,,,mid,12385,780,322,225,1
l3_short_window,SHORT_WINDOW,24.0,0.5,400,2,7,ok,,0,1,28.05445800186135,663,1,0.5120000000000005,3.646999999999025,4.9895839765667915,1763214360131,1763214360360,,,,,,,,,,mid,9780,866,287,252,1
l3_short_window,SHORT_WINDOW,24.0,0.5,400,2,8,ok,,0,1,30.459708999842405,663,1,0.659000000000006,3.3040000000000873,4.707541986135766,1763214370878,1763214371102,,,,,,,,,,mid,12915,802,336,236,4
l3_short_window,SHORT_WINDOW,24.0,0.5,400,2,9,ok,,0,1,30.512041004840285,663,1,0.5309999999999988,3.698999999998705,5.164583999430761,1763214384799,1763214385020,,,,,,,,,,mid,12664,799,296,275,2
l3_short_window,SHORT_WINDOW,24.0,0.5,400,2,10,ok,,0,1,28.038624994223937,663,1,0.49000000000000554,3.5430000000014843,4.870833974564448,1763214397840,1763214398054,,,,,,,,,,mid,12746,411,202,195,1
l3_short_window,SHORT_WINDOW,24.0,0.5,400,2,11,ok,,0,1,26.856333017349243,663,1,0.5120000000000005,3.5799999999999272,4.928250011289492,1763214411834,1763214412055,,,,,,,,,,mid,10449,599,230,161,1
l3_short_window,SHORT_WINDOW,24.0,0.5,400,2,12,ok,,0,1,28.07345800101757,663,1,0.517000000000003,3.5540000000000873,4.906583024421707,1763214423271,1763214423498,,,,,,,,,,mid,13555,607,264,234,2
l3_short_window,SHORT_WINDOW,24.0,0.5,400,2,13,ok,,0,1,28.476583014708012,663,1,0.6769999999999996,3.300999999999476,4.56512498203665,1763214437740,1763214437944,,,,,,,,,,mid,12591,543,254,221,2
l3_short_window,SHORT_WINDOW,24.0,0.5,400,2,14,ok,,0,1,30.188415985321626,663,1,0.4989999999999952,3.584999999999127,4.878375009866431,1763214451152,1763214451357,,,,,,,,,,mid,10678,368,210,242,2
l3_short_window,SHORT_WINDOW,24.0,0.5,400,2,15,ok,,0,1,27.80658399569802,663,1,0.5399999999999991,3.4650000000001455,4.783541982760653,1763214462762,1763214462955,,,,,,,,,,mid,9875,267,271,193,2
l3_short_window,SHORT_WINDOW,24.0,0.5,400,2,16,ok,,0,1,28.625374980038032,663,1,0.5130000000000017,3.496999999999389,4.788917023688555,1763214473759,1763214473977,,,,,,,,,,mid,12532,336,322,185,0
l3_short_window,SHORT_WINDOW,24.0,0.5,400,2,17,ok,,0,1,28.32395798759535,663,1,0.9269999999999996,3.672000000002299,5.024832993512973,1763214487495,1763214487689,,,,,,,,,,mid,12690,592,310,217,2
l3_short_window,SHORT_WINDOW,24.0,0.5,400,2,18,ok,,0,1,31.13837502314709,663,1,0.5080000000000027,3.5130000000008295,4.816999979084358,1763214501024,1763214501254,,,,,,,,,,mid,12198,453,335,275,5
l3_short_window,SHORT_WINDOW,24.0,0.5,400,2,19,ok,,0,1,25.126041990006343,663,1,0.8870000000000005,3.282999999999447,4.546915995888412,1763214515139,1763214515341,,,,,,,,,,mid,11408,837,229,183,3
l3_short_window,SHORT_WINDOW,24.0,0.5,400,2,20,ok,,0,1,25.77808400383219,663,1,0.5690000000000026,3.7740000000012515,5.05841599078849,1763214526967,1763214527227,,,,,,,,,,mid,9523,274,345,229,1
l3_short_window,SHORT_WINDOW,24.0,0.5,400,2,21,ok,,0,1,28.174040984595194,663,1,0.5510000000000019,3.5789999999997235,4.581749992212281,1763214537301,1763214537533,,,,,,,,,,mid,11411,601,256,273,0
l3_short_window,SHORT_WINDOW,24.0,0.5,400,2,22,ok,,0,1,32.297124998876825,663,1,0.5740000000000052,4.394000000002052,5.518000019947067,1763214549926,1763214550169,,,,,,,,,,mid,12875,826,289,205,1
l3_short_window,SHORT_WINDOW,24.0,0.5,400,2,23,ok,,0,1,26.778083003591746,663,1,0.5209999999999937,3.7559999999994034,4.984583996701986,1763214563424,1763214563645,,,,,,,,,,mid,13427,611,301,186,3
l3_short_window,SHORT_WINDOW,24.0,0.5,400,2,24,ok,,0,1,32.476749998750165,663,1,0.5360000000000014,3.915999999997439,5.09433398838155,1763214578943,1763214579206,,,,,,,,,,mid,11208,736,323,182,2
l3_short_window,SHORT_WINDOW,24.0,0.5,400,2,25,ok,,0,1,33.25987499556504,663,1,0.522000000000002,3.5130000000008295,4.8017079825513065,1763214589714,1763214589926,,,,,,,,,,mid,12397,319,296,199,4
l3_short_window,SHORT_WINDOW,24.0,0.5,400,2,26,ok,,0,1,27.973375021247193,663,1,0.6200000000000045,3.536999999998443,4.868749994784594,1763214603297,1763214603524,,,,,,,,,,mid,11098,505,319,272,2
l3_short_window,SHORT_WINDOW,24.0,0.5,400,2,27,ok,,0,1,30.566959001589566,663,1,0.6179999999999914,3.7600000000002183,4.989582987036556,1763214615346,1763214615577,,,,,,,,,,mid,9498,394,261,252,2
l3_short_window,SHORT_WINDOW,24.0,0.5,400,2,28,ok,,0,1,26.8353340215981,663,1,0.5389999999999979,3.683000000000902,5.063290998805314,1763214626303,1763214626521,,,,,,,,,,mid,11374,791,250,164,0
l3_short_window,SHORT_WINDOW,24.0,0.5,400,2,29,ok,,0,1,25.284500006819144,663,1,0.7289999999999992,3.1900000000023283,4.937916994094849,1763214638272,1763214638481,,,,,,,,,,mid,9032,503,349,159,1
l3_short_window,SHORT_WINDOW,24.0,0.5,400,2,30,ok,,0,1,26.597041985951364,663,1,0.5150000000000006,3.346000000003187,4.377958015538752,1763214648143,1763214648336,,,,,,,,,,mid,10975,289,291,201,1
l3_short_window,SHORT_WINDOW,24.0,0.5,400,2,31,ok,,0,1,31.165249994955957,663,1,0.6489999999999974,3.3260000000009313,4.636416997527704,1763214660407,1763214660633,,,,,,,,,,mid,12108,629,279,233,1
l3_short_window,SHORT_WINDOW,24.0,0.5,400,2,32,ok,,0,1,25.608208001358435,663,1,0.4819999999999993,3.462999999999738,4.867292009294033,1763214673423,1763214673631,,,,,,,,,,mid,12181,534,328,229,0
l3_short_window,SHORT_WINDOW,24.0,0.5,400,2,33,ok,,0,1,28.270583017729223,663,1,0.5120000000000005,3.5760000000009313,4.931292001856491,1763214686517,1763214686722,,,,,,,,,,mid,11072,439,305,250,2
l3_short_window,SHORT_WINDOW,24.0,0.5,400,2,34,ok,,0,1,25.123042025370523,663,1,0.5960000000000001,3.536000000000058,4.910125018795952,1763214698550,1763214698804,,,,,,,,,,mid,13704,376,228,205,2
l3_short_window,SHORT_WINDOW,24.0,0.5,400,2,35,ok,,0,1,27.83141698455438,663,1,0.554000000000002,3.756999999997788,4.920583975035697,1763214713687,1763214713924,,,,,,,,,,mid,10514,878,230,208,0
l3_short_window,SHORT_WINDOW,24.0,0.5,400,2,36,ok,,0,1,26.778750005178154,663,1,0.5139999999999958,3.389999999999418,4.7641250130254775,1763214724675,1763214724872,,,,,,,,,,mid,9066,372,348,272,2
l3_short_window,SHORT_WINDOW,24.0,0.5,400,2,37,ok,,0,1,22.671083017485216,663,1,0.4959999999999951,3.536000000000058,4.8491669876966625,1763214735230,1763214735451,,,,,,,,,,mid,10698,826,250,237,2
l3_short_window,SHORT_WINDOW,24.0,0.5,400,2,38,ok,,0,1,23.760417010635138,663,1,0.5,3.5820000000003347,5.022166995331645,1763214746572,1763214746791,,,,,,,,,,mid,13462,642,216,195,2
l3_short_window,SHORT_WINDOW,24.0,0.5,400,2,39,ok,,0,1,28.63662500749342,663,1,0.5449999999999946,3.705999999998312,5.029374995501712,1763214761078,1763214761324,,,,,,,,,,mid,10445,689,267,211,0
l3_short_window,SHORT_WINDOW,24.0,0.5,400,2,40,ok,,0,1,30.771707999520004,663,1,0.497999999999994,3.4840000000003783,4.877083003520966,1763214772119,1763214772327,,,,,,,,,,mid,13568,332,272,276,1
l3_short_window,SHORT_WINDOW,24.0,0.5,400,2,41,ok,,0,1,29.72566700191237,663,1,0.5330000000000013,3.7340000000021973,5.056750000221655,1763214787118,1763214787364,,,,,,,,,,mid,9078,270,264,213,1
l3_short_window,SHORT_WINDOW,24.0,0.5,400,2,42,ok,,0,1,24.60962499026209,663,1,0.4609999999999985,3.4240000000008877,4.7557500074617565,1763214796857,1763214797064,,,,,,,,,,mid,9887,455,334,275,1
l3_short_window,SHORT_WINDOW,24.0,0.5,400,2,43,ok,,0,1,28.24916600366123,663,1,0.612999999999996,3.621999999999389,4.978707991540432,1763214807773,1763214807993,,,,,,,,,,mid,11490,523,306,255,0
l3_short_window,SHORT_WINDOW,24.0,0.5,400,2,44,ok,,0,1,28.05529101169668,663,1,0.5119999999999969,3.585000000000946,4.95504098944366,1763214820282,1763214820498,,,,,,,,,,mid,13152,612,337,201,2
l3_short_window,SHORT_WINDOW,24.0,0.5,400,2,45,ok,,0,1,28.473167010815814,663,1,0.5139999999999993,3.5379999999986467,4.824959003599361,1763214834363,1763214834565,,,,,,,,,,mid,11635,496,206,265,1
l3_short_window,SHORT_WINDOW,24.0,0.5,400,2,46,ok,,0,1,28.172791993711144,663,1,0.5179999999999936,3.728000000000975,5.11879101395607,1763214847322,1763214847554,,,,,,,,,,mid,12219,809,285,194,1
l3_short_window,SHORT_WINDOW,24.0,0.5,400,2,47,ok,,0,1,26.457291998667642,663,1,0.4969999999999999,3.5339999999996508,4.793208005139604,1763214860028,1763214860235,,,,,,,,,,mid,9938,341,248,172,1
l3_short_window,SHORT_WINDOW,24.0,0.5,400,2,48,ok,,0,1,28.240290994290262,663,1,0.5210000000000008,3.815999999998894,5.007375002605841,1763214871612,1763214871834,,,,,,,,,,mid,8868,864,215,263,0
l3_short_window,SHORT_WINDOW,24.0,0.5,400,2,49,ok,,0,1,27.7534160122741,663,1,0.5219999999999985,3.8179999999993015,4.965208994690329,1763214881371,1763214881595,,,,,,,,,,mid,9973,806,316,253,1
l3_short_window,SHORT_WINDOW,24.0,0.5,400,2,50,ok,,0,1,25.309374992502853,663,1,0.5329999999999977,3.5910000000003492,5.01937500666827,1763214891793,1763214892012,,,,,,,,,,mid,12359,294,291,204,3
l3_short_window,SHORT_WINDOW,24.0,0.5,400,2,51,ok,,0,1,31.109791016206145,663,1,0.5210000000000008,3.695000000001528,5.045208003139123,1763214905313,1763214905531,,,,,,,,,,mid,11574,464,246,254,2
l3_short_window,SHORT_WINDOW,24.0,0.5,400,2,52,ok,,0,1,33.34816702408716,663,1,0.5480000000000018,3.7150000000001455,4.744000005302951,1763214918078,1763214918292,,,,,,,,,,mid,12950,648,213,156,1
l3_short_window,SHORT_WINDOW,24.0,0.5,400,2,53,ok,,0,1,32.62799998628907,663,1,0.5169999999999995,3.713999999999942,4.794833017513156,1763214931860,1763214932092,,,,,,,,,,mid,9426,536,314,216,1
l3_short_window,SHORT_WINDOW,24.0,0.5,400,2,54,ok,,0,1,36.28270898479968,663,1,0.6090000000000018,3.7990000000008877,5.2918750152457505,1763214942507,1763214942727,,,,,,,,,,mid,11804,714,206,274,1
l3_short_window,SHORT_WINDOW,24.0,0.5,400,2,55,ok,,0,1,28.809832991100848,663,1,0.5179999999999971,3.507000000001426,4.690332978498191,1763214955055,1763214955280,,,,,,,,,,mid,12639,463,223,201,2
l3_short_window,SHORT_WINDOW,24.0,0.5,400,2,56,ok,,0,1,28.456542000640184,663,1,0.6589999999999989,3.4399999999986903,4.769666003994644,1763214968624,1763214968849,,,,,,,,,,mid,12454,480,315,246,3
l3_short_window,SHORT_WINDOW,24.0,0.5,400,2,57,ok,,0,1,35.0954589957837,663,1,0.5060000000000002,3.7260000000005675,5.041125026764348,1763214981937,1763214982161,,,,,,,,,,mid,13850,346,256,157,2
l3_short_window,SHORT_WINDOW,24.0,0.5,400,2,58,ok,,0,1,29.90133297862485,663,1,0.48900000000000077,3.54700000000048,4.939749982440844,1763214997069,1763214997291,,,,,,,,,,mid,9150,561,209,195,0
l3_short_window,SHORT_WINDOW,24.0,0.5,400,2,59,ok,,0,1,26.435791980475187,663,1,0.5849999999999973,3.6590000000014697,5.005958984838799,1763215007434,1763215007653,,,,,,,,,,mid,9672,699,253,214,1
l3_short_window,SHORT_WINDOW,24.0,0.5,400,2,60,ok,,0,1,24.964666983578354,663,1,0.5280000000000022,3.5309999999990396,4.630875017028302,1763215017651,1763215017844,,,,,,,,,,mid,10069,272,310,158,1
l3_short_window,SHORT_WINDOW,24.0,0.5,400,2,61,ok,,0,1,25.519459013594314,663,1,0.6429999999999936,3.3150000000005093,4.245042015099898,1763215029013,1763215029229,,,,,,,,,,mid,10620,625,335,209,2
l3_short_window,SHORT_WINDOW,24.0,0.5,400,2,62,ok,,0,1,26.04804199654609,663,1,0.9870000000000019,3.3180000000011205,4.664457985199988,1763215041139,1763215041367,,,,,,,,,,mid,12532,740,323,203,4
l3_short_window,SHORT_WINDOW,24.0,0.5,400,2,63,ok,,0,1,25.684541004011407,663,1,0.5030000000000001,3.595999999999549,4.66720899567008,1763215054122,1763215054345,,,,,,,,,,mid,12796,721,306,240,2
l3_short_window,SHORT_WINDOW,24.0,0.5,400,2,64,ok,,0,1,29.619584005558863,663,1,0.5479999999999983,3.418999999999869,4.749208019347861,1763215068073,1763215068298,,,,,,,,,,mid,11488,894,264,271,0
l3_short_window,SHORT_WINDOW,24.0,0.5,400,2,65,ok,,0,1,32.65312500298023,663,1,0.5529999999999973,3.9540000000015425,5.178583000088111,1763215079995,1763215080228,,,,,,,,,,mid,11100,468,243,238,2
l3_short_window,SHORT_WINDOW,24.0,0.5,400,2,66,ok,,0,1,28.321332996711135,663,1,0.7239999999999966,4.450999999999112,6.143833015812561,1763215092194,1763215092414,,,,,,,,,,mid,9301,578,341,160,3
l3_short_window,SHORT_WINDOW,24.0,0.5,400,2,67,ok,,0,1,26.34433298953809,663,1,0.5139999999999993,3.7229999999999563,4.926333000184968,1763215102386,1763215102611,,,,,,,,,,mid,13480,499,228,203,1
l3_short_window,SHORT_WINDOW,24.0,0.5,400,2,68,ok,,0,1,25.662125000962988,663,1,0.5969999999999978,3.6450000000004366,5.0319590081926435,1763215117117,1763215117333,,,,,,,,,,mid,13131,747,213,211,2
l3_short_window,SHORT_WINDOW,24.0,0.5,400,2,69,ok,,0,1,23.906042013550177,663,1,0.6020000000000039,3.253000000000611,4.064166016178206,1763215131222,1763215131437,,,,,,,,,,mid,9905,708,234,176,1
l3_short_window,SHORT_WINDOW,24.0,0.5,400,2,70,ok,,0,1,28.721584007143974,663,1,0.504999999999999,3.599999999998545,4.953207971993834,1763215141825,1763215142049,,,,,,,,,,mid,12033,446,282,153,1
l3_short_window,SHORT_WINDOW,24.0,0.5,400,2,71,ok,,0,1,28.795458987588063,663,1,0.5579999999999998,3.7119999999977153,4.7365420032292604,1763215155215,1763215155442,,,,,,,,,,mid,10440,758,222,188,0
l3_short_window,SHORT_WINDOW,24.0,0.5,400,2,72,ok,,0,1,27.581041998928413,663,1,0.5630000000000024,3.620999999999185,4.700541001511738,1763215166359,1763215166586,,,,,,,,,,mid,13093,498,218,196,1
l3_short_window,SHORT_WINDOW,24.0,0.5,400,2,73,ok,,0,3,1050.3643749980256,1989,3,1.796999999999997,10.052999999999884,12.873625004431233,1763215180644,1763215181866,,,,,,,,,,mid,11346,653,307,191,4
l3_short_window,SHORT_WINDOW,24.0,0.5,400,2,74,ok,,0,1,29.52916600042954,663,1,0.5139999999999993,3.5570000000006985,4.763625009218231,1763215193213,1763215193437,,,,,,,,,,mid,9570,892,276,252,0
l3_short_window,SHORT_WINDOW,24.0,0.5,400,2,75,ok,,0,1,25.44937501079403,663,1,0.5200000000000031,3.552000000001499,4.733415989903733,1763215203718,1763215203941,,,,,,,,,,mid,10986,868,314,233,2
l3_short_window,SHORT_WINDOW,24.0,0.5,400,2,76,ok,,0,1,27.621665998594835,663,1,0.5529999999999973,3.5599999999976717,4.976208001608029,1763215215650,1763215215873,,,,,,,,,,mid,11041,767,211,210,0
l3_short_window,SHORT_WINDOW,24.0,0.5,400,2,77,ok,,0,1,26.57270900090225,663,1,0.5799999999999983,3.7490000000016153,5.061708012362942,1763215228181,1763215228438,,,,,,,,,,mid,9068,813,222,205,0
l3_short_window,SHORT_WINDOW,24.0,0.5,400,2,78,ok,,0,1,29.183500009821728,663,1,0.5289999999999964,3.710000000000946,5.079624999780208,1763215237813,1763215238047,,,,,,,,,,mid,8880,884,265,268,0
l3_short_window,SHORT_WINDOW,24.0,0.5,400,2,79,ok,,0,1,24.52895898022689,663,1,0.5529999999999973,3.80500000000211,4.992000001948327,1763215247149,1763215247376,,,,,,,,,,mid,13280,340,204,273,3
l3_short_window,SHORT_WINDOW,24.0,0.5,400,2,80,ok,,0,1,30.75883397832513,663,1,0.5360000000000014,3.761000000000422,4.974250012310222,1763215261923,1763215262151,,,,,,,,,,mid,9753,896,202,214,1
l3_short_window,SHORT_WINDOW,24.0,0.5,400,2,81,ok,,0,1,28.985915996599942,663,1,0.5689999999999991,3.6479999999992287,4.483917000470683,1763215272174,1763215272381,,,,,,,,,,mid,9491,342,344,156,3
l3_short_window,SHORT_WINDOW,24.0,0.5,400,2,82,ok,,0,1,31.852167012402788,663,1,0.6219999999999999,3.67699999999968,4.8401250096503645,1763215282943,1763215283176,,,,,,,,,,mid,10191,783,210,215,1
l3_short_window,SHORT_WINDOW,24.0,0.5,400,2,83,ok,,0,1,30.61354099190794,663,1,0.5760000000000005,3.8289999999997235,5.097250017570332,1763215293788,1763215294011,,,,,,,,,,mid,10691,581,314,157,2
l3_short_window,SHORT_WINDOW,24.0,0.5,400,2,84,ok,,0,1,25.605832983274013,663,1,0.5109999999999992,3.587999999997919,4.9982919881585985,1763215305652,1763215305869,,,,,,,,,,mid,11944,718,200,231,2
l3_short_window,SHORT_WINDOW,24.0,0.5,400,2,85,ok,,0,1,32.86491698236205,663,1,0.5170000000000066,3.7370000000009895,5.099166999571025,1763215318214,1763215318446,,,,,,,,,,mid,11313,443,255,236,2
l3_short_window,SHORT_WINDOW,24.0,0.5,400,2,86,ok,,0,1,28.452166996430606,663,1,0.517000000000003,3.6450000000004366,4.79579099919647,1763215331005,1763215331215,,,,,,,,,,mid,8974,882,290,218,1
l3_short_window,SHORT_WINDOW,24.0,0.5,400,2,87,ok,,0,1,27.4601670098491,663,1,0.5319999999999965,3.7819999999992433,5.142999987583607,1763215340393,1763215340626,,,,,,,,,,mid,12441,435,250,175,2
l3_short_window,SHORT_WINDOW,24.0,0.5,400,2,88,ok,,0,1,31.120582978473976,663,1,0.5479999999999876,3.782999999997628,5.199499981245026,1763215354398,1763215354635,,,,,,,,,,mid,13370,899,241,278,3
l3_short_window,SHORT_WINDOW,24.0,0.5,400,2,89,ok,,0,1,34.42350000841543,663,1,0.5169999999999959,3.5690000000013242,4.9189999990630895,1763215368615,1763215368843,,,,,,,,,,mid,12598,883,262,156,2
l3_short_window,SHORT_WINDOW,24.0,0.5,400,2,90,ok,,0,1,28.64170799148269,663,1,0.6299999999999955,3.128000000000611,4.285208007786423,1763215382498,1763215382716,,,,,,,,,,mid,10787,768,282,222,1
l3_short_window,SHORT_WINDOW,24.0,0.5,400,2,91,ok,,0,1,33.53820799384266,663,1,0.5120000000000005,3.563000000000102,4.8922079731710255,1763215393292,1763215393509,,,,,,,,,,mid,12873,318,275,191,1
l3_short_window,SHORT_WINDOW,24.0,0.5,400,2,92,ok,,0,1,27.15779101708904,663,1,0.5179999999999936,2.904000000000451,4.179167008260265,1763215408265,1763215408470,,,,,,,,,,mid,11707,887,208,246,2
l3_short_window,SHORT_WINDOW,24.0,0.5,400,2,93,ok,,0,1,28.89629200217314,663,1,0.703000000000003,4.0680000000011205,5.643541982863098,1763215419823,1763215420044,,,,,,,,,,mid,12362,343,308,264,2
l3_short_window,SHORT_WINDOW,24.0,0.5,400,2,94,ok,,0,1,27.012917009415105,663,1,0.5199999999999996,3.4839999999985594,4.641292005544528,1763215433218,1763215433423,,,,,,,,,,mid,10937,443,349,186,0
l3_short_window,SHORT_WINDOW,24.0,0.5,400,2,95,ok,,0,1,26.427333999890834,663,1,0.5069999999999943,3.4909999999999854,4.742541001178324,1763215445059,1763215445282,,,,,,,,,,mid,13488,327,325,257,2
l3_short_window,SHORT_WINDOW,24.0,0.5,400,2,96,ok,,0,1,29.83970902278088,663,1,0.4969999999999999,3.6589999999996508,5.0105830014217645,1763215460061,1763215460284,,,,,,,,,,mid,13365,853,212,167,1
l3_short_window,SHORT_WINDOW,24.0,0.5,400,2,97,ok,,0,1,25.81383299548179,663,1,0.6409999999999911,3.3840000000000146,4.68662497587502,1763215474885,1763215475098,,,,,,,,,,mid,9305,846,320,260,2
l3_short_window,SHORT_WINDOW,24.0,0.5,400,2,98,ok,,0,1,28.74520799377933,663,1,0.5159999999999982,3.721000000001368,4.974374984158203,1763215484712,1763215484938,,,,,,,,,,mid,12279,833,315,274,2
l3_short_window,SHORT_WINDOW,24.0,0.5,400,2,99,ok,,0,1,34.07024999614805,663,1,0.5210000000000008,3.5829999999987194,4.92195799597539,1763215497692,1763215497908,,,,,,,,,,mid,12552,564,230,235,3
l3_short_window,SHORT_WINDOW,24.0,0.5,400,2,100,ok,,0,1,30.978709022747353,663,1,0.6730000000000018,3.44800000000032,4.684709012508392,1763215510911,1763215511121,,,,,,,,,,mid,13343,264,207,156,6
l3_short_window,SHORT_WINDOW,24.0,0.5,400,2,101,ok,,0,1,30.0968749797903,663,1,0.5390000000000015,3.521999999999025,4.85862500499934,1763215525244,1763215525457,,,,,,,,,,mid,13127,285,304,177,5
l3_short_window,SHORT_WINDOW,24.0,0.5,400,2,102,ok,,0,1,26.011709007434547,663,1,0.5019999999999989,3.492000000002008,4.696874995715916,1763215539603,1763215539814,,,,,,,,,,mid,11328,558,258,258,2
l3_short_window,SHORT_WINDOW,24.0,0.5,400,2,103,ok,,0,1,28.820709005231038,663,1,0.5369999999999919,3.7290000000011787,4.994165996322408,1763215552188,1763215552421,,,,,,,,,,mid,10382,807,239,272,0
l3_short_window,SHORT_WINDOW,24.0,0.5,400,2,104,ok,,0,1,26.4282499847468,663,1,0.6020000000000039,3.6479999999974098,4.825541982427239,1763215563512,1763215563745,,,,,,,,,,mid,9224,751,294,232,1
l3_short_window,SHORT_WINDOW,24.0,0.5,400,2,105,ok,,0,1,24.86929201404564,663,1,0.5440000000000005,3.592000000000553,4.740249976748601,1763215573315,1763215573534,,,,,,,,,,mid,11828,476,270,229,2
l3_short_window,SHORT_WINDOW,24.0,0.5,400,2,106,ok,,0,1,26.936042006127536,663,1,0.512999999999991,3.5560000000023138,4.471916996408254,1763215586567,1763215586791,,,,,,,,,,mid,9245,889,345,183,0
l3_short_window,SHORT_WINDOW,24.0,0.5,400,2,107,ok,,0,1,28.45820799120702,663,1,0.5230000000000032,4.0,5.289541993988678,1763215596481,1763215596722,,,,,,,,,,mid,12425,590,243,232,2
l3_short_window,SHORT_WINDOW,24.0,0.5,400,2,108,ok,,0,1,25.266333017498255,663,1,0.5090000000000003,3.5609999999996944,4.672832990763709,1763215609785,1763215610010,,,,,,,,,,mid,9692,481,260,152,2
l3_short_window,SHORT_WINDOW,24.0,0.5,400,2,109,ok,,0,1,31.27708300598897,663,1,0.5690000000000026,3.730999999999767,5.023708014050499,1763215620837,1763215621060,,,,,,,,,,mid,11785,761,314,267,3
l3_short_window,SHORT_WINDOW,24.0,0.5,400,2,110,ok,,0,1,29.3330000131391,663,1,0.5059999999999931,3.6859999999996944,5.036624992499128,1763215633104,1763215633337,,,,,,,,,,mid,12281,345,273,256,2
l3_short_window,SHORT_WINDOW,24.0,0.5,400,2,111,ok,,0,1,33.30945799825713,663,1,0.5210000000000079,4.060999999997875,5.349500017473474,1763215646503,1763215646725,,,,,,,,,,mid,12608,423,235,171,1
l3_short_window,SHORT_WINDOW,24.0,0.5,400,2,112,ok,,0,1,25.759167008800432,663,1,0.4920000000000009,3.4719999999979336,4.81358400429599,1763215660048,1763215660267,,,,,,,,,,mid,9136,358,252,230,2
l3_short_window,SHORT_WINDOW,24.0,0.5,400,2,113,ok,,0,1,25.951874995371327,663,1,0.49299999999999855,3.3650000000016007,4.60270800977014,1763215670621,1763215670830,,,,,,,,,,mid,12864,830,298,238,2
l3_short_window,SHORT_WINDOW,24.0,0.5,400,2,114,ok,,0,1,25.722458987729624,663,1,0.5459999999999994,3.5420000000012806,4.865208000410348,1763215683935,1763215684158,,,,,,,,,,mid,10788,395,220,242,1
l3_short_window,SHORT_WINDOW,24.0,0.5,400,2,115,ok,,0,1,28.25012500397861,663,1,0.5239999999999974,3.6569999999974243,4.703415994299576,1763215696143,1763215696367,,,,,,,,,,mid,9111,766,249,279,2
l3_short_window,SHORT_WINDOW,24.0,0.5,400,2,116,ok,,0,1,28.1892089988105,663,1,0.48099999999999454,3.3659999999999854,4.639541002688929,1763215705774,1763215705986,,,,,,,,,,mid,9020,379,343,246,3
l3_short_window,SHORT_WINDOW,24.0,0.5,400,2,117,ok,,0,1,31.321374990511686,663,1,0.504999999999999,3.511000000000422,4.8386669950559735,1763215716230,1763215716451,,,,,,,,,,mid,10111,763,269,194,0
l3_short_window,SHORT_WINDOW,24.0,0.5,400,2,118,ok,,0,1,26.9574589910917,663,1,0.5629999999999953,3.6849999999994907,4.670333000831306,1763215727329,1763215727558,,,,,,,,,,mid,13691,807,211,210,0
l3_short_window,SHORT_WINDOW,24.0,0.5,400,2,119,ok,,0,1,24.80483299586922,663,1,0.517000000000003,3.4869999999991705,4.2030829936265945,1763215741495,1763215741711,,,,,,,,,,mid,11959,396,235,160,3
l3_short_window,SHORT_WINDOW,24.0,0.5,400,2,120,ok,,0,1,31.39779099728912,663,1,0.519999999999996,3.7159999999985303,5.124874995090067,1763215754398,1763215754605,,,,,,,,,,mid,10064,382,231,236,4
l3_short_window,SHORT_WINDOW,24.0,0.5,400,2,121,ok,,0,1,31.561499985400587,663,1,1.061,3.7810000000026776,5.056499998318031,1763215765553,1763215765783,,,,,,,,,,mid,11953,605,274,269,1
l3_short_window,SHORT_WINDOW,24.0,0.5,400,2,122,ok,,0,1,26.28950000507757,663,1,0.639999999999997,3.548000000000684,4.432916990481317,1763215778205,1763215778412,,,,,,,,,,mid,11487,263,275,223,1
l3_short_window,SHORT_WINDOW,24.0,0.5,400,2,123,ok,,0,1,25.76966700144112,663,1,0.6470000000000056,3.1829999999990832,4.443542013177648,1763215790932,1763215791151,,,,,,,,,,mid,13472,625,306,165,2
l3_short_window,SHORT_WINDOW,24.0,0.5,400,2,124,ok,,0,1,30.044165992876515,663,1,0.48100000000000165,3.507999999999811,4.600542015396059,1763215805303,1763215805517,,,,,,,,,,mid,13157,521,242,196,4
l3_short_window,SHORT_WINDOW,24.0,0.5,400,2,125,ok,,0,1,29.674582998268306,663,1,0.5130000000000017,3.521999999999025,4.772874992340803,1763215819772,1763215819996,,,,,,,,,,mid,10600,799,228,225,2
l3_short_window,SHORT_WINDOW,24.0,0.5,400,2,126,ok,,0,1,26.389166014268994,663,1,0.6090000000000018,3.1260000000020227,3.881292010191828,1763215831334,1763215831552,,,,,,,,,,mid,11565,876,298,165,4
l3_short_window,SHORT_WINDOW,24.0,0.5,400,2,127,ok,,0,1,30.390167026780546,663,1,0.5840000000000032,3.5679999999974825,4.851582983974367,1763215843329,1763215843550,,,,,,,,,,mid,8987,303,290,241,1
l3_short_window,SHORT_WINDOW,24.0,0.5,400,2,128,ok,,0,1,30.907875014236197,663,1,0.497000000000007,3.7880000000004657,5.128708988195285,1763215853675,1763215853888,,,,,,,,,,mid,10188,753,269,203,3
l3_short_window,SHORT_WINDOW,24.0,0.5,400,2,129,ok,,0,1,26.619042007951066,663,1,0.4989999999999988,3.6599999999998545,5.062041978817433,1763215864367,1763215864585,,,,,,,,,,mid,10331,353,309,216,0
l3_short_window,SHORT_WINDOW,24.0,0.5,400,2,130,ok,,0,1,28.35041598882526,663,1,0.5259999999999998,3.710000000000946,5.515625001862645,1763215876227,1763215876454,,,,,,,,,,mid,10535,855,341,187,2
l3_short_window,SHORT_WINDOW,24.0,0.5,400,2,131,ok,,0,1,27.77924999827519,663,1,0.7390000000000043,3.756999999999607,5.023290985263884,1763215887590,1763215887801,,,,,,,,,,mid,9801,763,345,170,2
l3_short_window,SHORT_WINDOW,24.0,0.5,400,2,132,ok,,0,1,25.401666993275285,663,1,0.6859999999999999,3.6530000000002474,5.003416998079047,1763215898228,1763215898450,,,,,,,,,,mid,10133,610,308,226,2
l3_short_window,SHORT_WINDOW,24.0,0.5,400,2,133,ok,,0,1,29.32620799401775,663,1,0.5100000000000051,3.493000000000393,4.456583992578089,1763215909292,1763215909533,,,,,,,,,,mid,10072,560,281,261,0
l3_short_window,SHORT_WINDOW,24.0,0.5,400,2,134,ok,,0,1,28.931750013725832,663,1,0.5700000000000003,3.5389999999988504,4.881750006461516,1763215920271,1763215920496,,,,,,,,,,mid,9922,442,242,213,1
l3_short_window,SHORT_WINDOW,24.0,0.5,400,2,135,ok,,0,1,25.760292017366737,663,1,0.5850000000000009,3.386000000000422,4.612666991306469,1763215931148,1763215931360,,,,,,,,,,mid,10851,383,267,274,3
l3_short_window,SHORT_WINDOW,24.0,0.5,400,2,136,ok,,0,1,27.287624980090186,663,1,0.5199999999999889,3.7440000000005966,5.892041983315721,1763215943501,1763215943728,,,,,,,,,,mid,12260,875,293,236,3
l3_short_window,SHORT_WINDOW,24.0,0.5,400,2,137,ok,,0,1,30.537000013282523,663,1,0.5710000000000051,3.7489999999997963,5.055457993876189,1763215956583,1763215956811,,,,,,,,,,mid,12851,720,216,246,0
l3_short_window,SHORT_WINDOW,24.0,0.5,400,2,138,ok,,0,1,27.666875015711412,663,1,0.5489999999999995,3.649999999999636,4.748292005388066,1763215970284,1763215970507,,,,,,,,,,mid,9215,531,257,244,0
l3_short_window,SHORT_WINDOW,24.0,0.5,400,2,139,ok,,0,1,25.585708004655316,663,1,0.5,3.5930000000007567,4.890582989901304,1763215980829,1763215981044,,,,,,,,,,mid,12529,894,331,216,1
l3_short_window,SHORT_WINDOW,24.0,0.5,400,2,140,ok,,0,1,29.26883299369365,663,1,0.5460000000000065,4.027000000000044,5.2498329896479845,1763215994070,1763215994340,,,,,,,,,,mid,11142,270,329,151,1
l3_short_window,SHORT_WINDOW,24.0,0.5,400,2,141,ok,,0,1,30.66683397628367,663,1,0.5079999999999956,3.532999999999447,4.834874998778105,1763216005759,1763216005976,,,,,,,,,,mid,10302,351,344,278,0
l3_short_window,SHORT_WINDOW,24.0,0.5,400,2,142,ok,,0,1,28.478499996708706,663,1,0.5899999999999963,3.8400000000001455,5.018915981054306,1763216017378,1763216017612,,,,,,,,,,mid,13638,675,240,163,1
l3_short_window,SHORT_WINDOW,24.0,0.5,400,2,143,ok,,0,1,35.189000016544014,663,1,0.5240000000000009,3.6900000000005093,4.995082999812439,1763216032151,1763216032387,,,,,,,,,,mid,9911,863,306,252,0
l3_short_window,SHORT_WINDOW,24.0,0.5,400,2,144,ok,,0,1,30.925999977625906,663,1,0.5339999999999989,3.9609999999975116,5.331834021490067,1763216043400,1763216043676,,,,,,,,,,mid,9273,732,289,172,0
l3_short_window,SHORT_WINDOW,24.0,0.5,400,2,145,ok,,0,1,29.89145801984705,663,1,0.566000000000006,3.7840000000014697,4.764915996929631,1763216052768,1763216052994,,,,,,,,,,mid,12755,400,219,172,2
l3_short_window,SHORT_WINDOW,24.0,0.5,400,2,146,ok,,0,1,29.405125009361655,663,1,0.5470000000000041,5.137000000000626,6.009832985000685,1763216066544,1763216066772,,,,,,,,,,mid,11764,466,262,174,0
l3_short_window,SHORT_WINDOW,24.0,0.5,400,2,147,ok,,0,1,23.818165995180607,663,1,0.487000000000009,3.507999999999811,4.638042009901255,1763216079470,1763216079697,,,,,,,,,,mid,9793,584,209,245,0
l3_short_window,SHORT_WINDOW,24.0,0.5,400,2,148,ok,,0,1,29.81012500822544,663,1,0.7209999999999965,3.378000000000611,4.488792008487508,1763216090210,1763216090463,,,,,,,,,,mid,9588,514,242,262,1
l3_short_window,SHORT_WINDOW,24.0,0.5,400,2,149,ok,,0,1,28.583790990523994,663,1,0.5390000000000015,3.653999999998632,4.8860420065466315,1763216100659,1763216100879,,,,,,,,,,mid,11709,441,202,242,2
l3_short_window,SHORT_WINDOW,24.0,0.5,400,2,150,ok,,0,1,31.42812501755543,663,1,0.7520000000000024,3.827999999997701,5.092167004477233,1763216113467,1763216113691,,,,,,,,,,mid,8890,620,321,172,2
l3_short_window,SHORT_WINDOW,24.0,0.5,400,2,151,ok,,0,1,26.358415983850136,663,1,0.7160000000000011,3.6630000000004657,4.891499993391335,1763216122997,1763216123203,,,,,,,,,,mid,12593,286,320,171,0
l3_short_window,SHORT_WINDOW,24.0,0.5,400,2,152,ok,,0,1,28.32775001297705,663,1,0.5090000000000039,3.5469999999986612,4.877290979493409,1763216136773,1763216136987,,,,,,,,,,mid,10260,515,347,153,1
l3_short_window,SHORT_WINDOW,24.0,0.5,400,2,153,ok,,0,1,28.627041989238933,663,1,0.5470000000000077,3.6199999999989814,4.5874579809606075,1763216148194,1763216148420,,,,,,,,,,mid,13536,670,208,201,3
l3_short_window,SHORT_WINDOW,24.0,0.5,400,2,154,ok,,0,1,22.527042019646615,663,1,0.722999999999999,3.2260000000005675,4.350292001618072,1763216162749,1763216162973,,,,,,,,,,mid,12581,732,330,204,1
l3_short_window,SHORT_WINDOW,24.0,0.5,400,2,155,ok,,0,1,28.946584003278986,663,1,0.6950000000000003,3.4730000000017753,4.796207998879254,1763216175912,1763216176119,,,,,,,,,,mid,11204,342,347,154,1
l3_short_window,SHORT_WINDOW,24.0,0.5,400,2,156,ok,,0,1,32.75924999616109,663,1,0.5260000000000069,4.140999999997803,5.350958002964035,1763216188394,1763216188623,,,,,,,,,,mid,10797,636,280,258,2
l3_short_window,SHORT_WINDOW,24.0,0.5,400,2,157,ok,,0,1,24.82087499811314,663,1,0.4910000000000032,3.5160000000014406,4.861292021814734,1763216200420,1763216200639,,,,,,,,,,mid,9053,898,299,262,0
l3_short_window,SHORT_WINDOW,24.0,0.5,400,2,158,ok,,0,1,28.613375005079433,663,1,0.5779999999999959,3.4430000000011205,4.729165986645967,1763216210252,1763216210476,,,,,,,,,,mid,10118,702,206,225,0
l3_short_window,SHORT_WINDOW,24.0,0.5,400,2,159,ok,,0,1,24.295707989949733,663,1,0.48499999999999943,3.4249999999992724,4.696291987784207,1763216220868,1763216221080,,,,,,,,,,mid,11759,291,296,277,2
l3_short_window,SHORT_WINDOW,24.0,0.5,400,2,160,ok,,0,1,29.20324998558499,663,1,0.6099999999999994,3.1859999999996944,4.452708992175758,1763216234583,1763216234789,,,,,,,,,,mid,10956,886,264,171,2
l3_short_window,SHORT_WINDOW,24.0,0.5,400,2,161,ok,,0,1,28.123708005296066,663,1,0.5079999999999991,3.478000000000975,4.695916984928772,1763216245731,1763216245946,,,,,,,,,,mid,13387,612,330,222,4
l3_short_window,SHORT_WINDOW,24.0,0.5,400,2,162,ok,,0,1,22.394917003111914,663,1,0.5410000000000004,3.5170000000016444,4.881833010585979,1763216260181,1763216260397,,,,,,,,,,mid,10584,670,221,169,1
l3_short_window,SHORT_WINDOW,24.0,0.5,400,2,163,ok,,0,1,27.52712499932386,663,1,0.5160000000000053,3.5210000000024593,4.802332987310365,1763216271921,1763216272159,,,,,,,,,,mid,11148,871,254,245,3
l3_short_window,SHORT_WINDOW,24.0,0.5,400,2,164,ok,,0,1,29.357792023802176,663,1,0.7330000000000005,4.700000000000728,6.251583981793374,1763216283490,1763216283694,,,,,,,,,,mid,8752,281,228,265,5
l3_short_window,SHORT_WINDOW,24.0,0.5,400,2,165,ok,,0,1,30.22754201083444,663,1,0.5420000000000087,3.6599999999980355,4.994208982679993,1763216293853,1763216294071,,,,,,,,,,mid,13649,899,201,227,3
l3_short_window,SHORT_WINDOW,24.0,0.5,400,2,166,ok,,0,1,27.815958979772404,663,1,0.5110000000000028,3.356999999999971,4.713250003987923,1763216307787,1763216307997,,,,,,,,,,mid,10732,302,235,175,4
l3_short_window,SHORT_WINDOW,24.0,0.5,400,2,167,ok,,0,1,24.60966698708944,663,1,0.4960000000000022,3.353000000000975,4.559625027468428,1763216319656,1763216319863,,,,,,,,,,mid,12255,492,348,223,1
l3_short_window,SHORT_WINDOW,24.0,0.5,400,2,168,ok,,0,1,29.83408299041912,663,1,0.49599999999999866,3.3729999999995925,4.479458002606407,1763216332719,1763216332933,,,,,,,,,,mid,10706,291,289,246,1
l3_short_window,SHORT_WINDOW,24.0,0.5,400,2,169,ok,,0,1,27.493375004269183,663,1,0.47699999999999676,3.324000000000524,4.536834021564573,1763216344321,1763216344529,,,,,,,,,,mid,10608,312,233,239,2
l3_short_window,SHORT_WINDOW,24.0,0.5,400,2,170,ok,,0,1,28.598500008229166,663,1,0.5190000000000019,3.5199999999967986,4.942791012581438,1763216356088,1763216356301,,,,,,,,,,mid,13079,510,252,163,3
l3_short_window,SHORT_WINDOW,24.0,0.5,400,2,171,ok,,0,1,26.36370901018381,663,1,0.5289999999999999,3.4790000000011787,4.747083003167063,1763216370130,1763216370343,,,,,,,,,,mid,11746,619,315,265,0
l3_short_window,SHORT_WINDOW,24.0,0.5,400,2,172,ok,,0,1,29.107625014148653,663,1,0.5539999999999985,3.7399999999997817,5.046584003139287,1763216382624,1763216382824,,,,,,,,,,mid,12326,359,337,263,0
l3_short_window,SHORT_WINDOW,24.0,0.5,400,2,173,ok,,0,1,28.140124981291592,663,1,0.5,3.563000000000102,4.789708997122943,1763216396500,1763216396708,,,,,,,,,,mid,9322,878,230,176,1
l3_short_window,SHORT_WINDOW,24.0,0.5,400,2,174,ok,,0,1,24.991415994009003,663,1,0.5389999999999944,3.7040000000015425,5.21712499903515,1763216406497,1763216406746,,,,,,,,,,mid,9505,301,340,153,2
l3_short_window,SHORT_WINDOW,24.0,0.5,400,2,175,ok,,0,1,28.619582997635007,663,1,0.5539999999999985,3.544000000001688,4.794207983650267,1763216416966,1763216417188,,,,,,,,,,mid,13484,791,327,179,0
l3_short_window,SHORT_WINDOW,24.0,0.5,400,2,176,ok,,0,1,29.110958974342793,663,1,0.6689999999999969,3.6090000000003783,4.496125009609386,1763216431303,1763216431533,,,,,,,,,,mid,13525,698,223,212,0
l3_short_window,SHORT_WINDOW,24.0,0.5,400,2,177,ok,,0,1,27.198249998036772,663,1,0.5910000000000011,5.016999999999825,6.229916994925588,1763216445755,1763216446031,,,,,,,,,,mid,10874,651,349,213,2
l3_short_window,SHORT_WINDOW,24.0,0.5,400,2,178,ok,,0,1,26.50366598390974,663,1,0.5079999999999956,3.6130000000011933,4.93112500407733,1763216457809,1763216458029,,,,,,,,,,mid,9866,778,241,153,0
l3_short_window,SHORT_WINDOW,24.0,0.5,400,2,179,ok,,0,1,28.321083984337747,663,1,0.4920000000000009,3.5720000000019354,4.772999993292615,1763216468488,1763216468706,,,,,,,,,,mid,13231,659,300,259,3
l3_short_window,SHORT_WINDOW,24.0,0.5,400,2,180,ok,,0,1,31.16329197655432,663,1,0.7539999999999978,3.6599999999998545,5.101083021145314,1763216482301,1763216482515,,,,,,,,,,mid,12048,320,254,242,1
l3_short_window,SHORT_WINDOW,24.0,0.5,400,2,181,ok,,0,1,29.94974999455735,663,1,0.8319999999999972,3.7269999999989523,5.047582992119715,1763216495556,1763216495780,,,,,,,,,,mid,11643,624,314,212,1
l3_short_window,SHORT_WINDOW,24.0,0.5,400,2,182,ok,,0,1,25.623374996939674,663,1,0.5140000000000029,3.7549999999991996,5.190291005419567,1763216508316,1763216508542,,,,,,,,,,mid,10476,744,260,193,1
l3_short_window,SHORT_WINDOW,24.0,0.5,400,2,183,ok,,0,1,31.35229100007564,663,1,0.517000000000003,3.647000000000844,4.6264999837148935,1763216519640,1763216519857,,,,,,,,,,mid,9092,585,243,181,1
l3_short_window,SHORT_WINDOW,24.0,0.5,400,2,184,ok,,0,1,45.43137500877492,663,1,14.277000000000001,7.278999999998632,10.578207991784438,1763216529779,1763216530090,,,,,,,,,,mid,13132,737,219,278,1
l3_short_window,SHORT_WINDOW,24.0,0.5,400,2,185,ok,,0,1,25.864875002298504,663,1,0.5589999999999975,3.7409999999999854,4.718625015811995,1763216543617,1763216543848,,,,,,,,,,mid,10490,559,299,238,1
l3_short_window,SHORT_WINDOW,24.0,0.5,400,2,186,ok,,0,1,29.76508400752209,663,1,0.5380000000000074,3.54700000000048,4.808792000403628,1763216555405,1763216555627,,,,,,,,,,mid,11357,860,245,161,3
l3_short_window,SHORT_WINDOW,24.0,0.5,400,2,187,ok,,0,1,30.83629100001417,663,1,0.5369999999999919,3.5820000000003347,4.9113749992102385,1763216567168,1763216567407,,,,,,,,,,mid,10881,277,297,229,3
l3_short_window,SHORT_WINDOW,24.0,0.5,400,2,188,ok,,0,1,27.81070797936991,663,1,0.6880000000000024,3.1520000000000437,4.366875014966354,1763216579875,1763216580082,,,,,,,,,,mid,12918,692,226,233,2
l3_short_window,SHORT_WINDOW,24.0,0.5,400,2,189,ok,,0,1,30.51654199953191,663,1,0.7999999999999972,4.183000000000902,5.052749998867512,1763216592803,1763216593035,,,,,,,,,,mid,9932,330,277,279,3
l3_short_window,SHORT_WINDOW,24.0,0.5,400,2,190,ok,,0,1,27.5333340105135,663,1,0.5630000000000024,3.7919999999994616,5.182249995414168,1763216604122,1763216604383,,,,,,,,,,mid,10312,267,349,208,1
l3_short_window,SHORT_WINDOW,24.0,0.5,400,2,191,ok,,0,1,28.791666991310194,663,1,0.6709999999999994,3.717000000000553,4.960125021170825,1763216615040,1763216615261,,,,,,,,,,mid,12410,650,207,228,1
l3_short_window,SHORT_WINDOW,24.0,0.5,400,2,192,ok,,0,1,28.350042004603893,663,1,0.5689999999999991,3.456000000000131,4.52287498046644,1763216628078,1763216628283,,,,,,,,,,mid,12743,381,294,231,1
l3_short_window,SHORT_WINDOW,24.0,0.5,400,2,193,ok,,0,1,27.55141700617969,663,1,0.5229999999999997,3.8109999999996944,5.121124995639548,1763216641761,1763216641967,,,,,,,,,,mid,9025,375,217,258,4
l3_short_window,SHORT_WINDOW,24.0,0.5,400,2,194,ok,,0,1,31.92316700005904,663,1,0.5350000000000001,3.649999999999636,4.913874989142641,1763216652192,1763216652425,,,,,,,,,,mid,13532,289,309,251,0
l3_short_window,SHORT_WINDOW,24.0,0.5,400,2,195,ok,,0,1,25.24108299985528,663,1,0.590999999999994,3.576999999999316,4.851540987147018,1763216667007,1763216667224,,,,,,,,,,mid,9954,655,204,273,1
l3_short_window,SHORT_WINDOW,24.0,0.5,400,2,196,ok,,0,1,31.684790999861434,663,1,0.5330000000000013,3.662000000000262,5.044666992034763,1763216677447,1763216677670,,,,,,,,,,mid,11522,626,306,172,2
l3_short_window,SHORT_WINDOW,24.0,0.5,400,2,197,ok,,0,1,27.68574998481199,663,1,0.4889999999999972,3.4989999999979773,4.494041990255937,1763216689810,1763216690025,,,,,,,,,,mid,10079,601,333,161,2
l3_short_window,SHORT_WINDOW,24.0,0.5,400,2,198,ok,,0,1,26.445999974384904,663,1,0.5029999999999966,3.386000000000422,4.637916979845613,1763216701076,1763216701292,,,,,,,,,,mid,11553,850,226,216,1
l3_short_window,SHORT_WINDOW,24.0,0.5,400,2,199,ok,,0,1,25.117707991739735,663,1,0.8230000000000004,3.087999999997919,4.274583014193922,1763216713939,1763216714157,,,,,,,,,,mid,11538,716,319,162,4
l3_short_window,SHORT_WINDOW,24.0,0.5,400,2,200,ok,,0,1,28.33633398404345,663,1,0.7229999999999919,3.2669999999998254,4.51450000400655,1763216726161,1763216726374,,,,,,,,,,mid,12600,870,288,215,4
l3_short_window,SHORT_WINDOW,24.0,0.5,400,2,201,ok,,0,1,26.518958999076858,663,1,0.5079999999999956,3.513999999999214,4.876875027548522,1763216739233,1763216739454,,,,,,,,,,mid,10561,475,317,188,1
l3_short_window,SHORT_WINDOW,24.0,0.5,400,2,202,ok,,0,1,28.799791994970292,663,1,0.5129999999999981,3.611000000000786,4.907291993731633,1763216751010,1763216751229,,,,,,,,,,mid,13272,719,216,268,2
l3_short_window,SHORT_WINDOW,24.0,0.5,400,2,203,ok,,0,1,29.76350102107972,663,1,0.5289999999999999,3.5430000000033033,4.752333014039323,1763216765241,1763216765466,,,,,,,,,,mid,12537,710,327,158,2
l3_short_window,SHORT_WINDOW,24.0,0.5,400,2,204,ok,,0,1,23.764499987009913,663,1,0.5020000000000024,3.7300000000013824,5.053916975157335,1763216778748,1763216778972,,,,,,,,,,mid,9137,702,345,249,0
l3_short_window,SHORT_WINDOW,24.0,0.5,400,2,205,ok,,0,1,24.351291998755187,663,1,0.4960000000000022,3.536000000000058,4.810416983673349,1763216789003,1763216789218,,,,,,,,,,mid,11427,871,276,172,2
l3_short_window,SHORT_WINDOW,24.0,0.5,400,2,206,ok,,0,1,25.338250008644536,663,1,0.527000000000001,3.4499999999989086,4.750541993416846,1763216801356,1763216801581,,,,,,,,,,mid,11415,860,346,187,3
l3_short_window,SHORT_WINDOW,24.0,0.5,400,2,207,ok,,0,1,26.985125005012378,663,1,0.490999999999989,3.5340000000014697,4.825334006454796,1763216813431,1763216813650,,,,,,,,,,mid,13482,739,332,225,2
l3_short_window,SHORT_WINDOW,24.0,0.5,400,2,208,ok,,0,1,30.75079101836309,663,1,0.5189999999999984,3.7030000000013388,4.972124996129423,1763216827835,1763216828059,,,,,,,,,,mid,10939,708,247,166,0
l3_short_window,SHORT_WINDOW,24.0,0.5,400,2,209,ok,,0,1,27.773166017141193,663,1,0.5190000000000019,3.5749999999989086,4.87616698956117,1763216839902,1763216840123,,,,,,,,,,mid,12269,892,333,261,2
l3_short_window,SHORT_WINDOW,24.0,0.5,400,2,210,ok,,0,1,25.45008299057372,663,1,0.5480000000000054,3.456000000000131,4.4151660113129765,1763216852703,1763216852904,,,,,,,,,,mid,10725,472,330,251,2
l3_short_window,SHORT_WINDOW,24.0,0.5,400,2,211,ok,,0,1,27.11437499965541,663,1,0.5150000000000041,3.4579999999987194,4.7430839913431555,1763216864413,1763216864624,,,,,,,,,,mid,11972,619,295,194,4
l3_short_window,SHORT_WINDOW,24.0,0.5,400,2,212,ok,,0,1,27.562167000724003,663,1,0.5309999999999953,3.543999999999869,4.892666998784989,1763216877451,1763216877673,,,,,,,,,,mid,13573,693,346,215,3
l3_short_window,SHORT_WINDOW,24.0,0.5,400,2,213,ok,,0,1,27.366041991626844,663,1,0.5900000000000034,3.4940000000024156,4.678541998146102,1763216891979,1763216892185,,,,,,,,,,mid,10480,667,221,234,0
l3_short_window,SHORT_WINDOW,24.0,0.5,400,2,214,ok,,0,1,26.271458016708493,663,1,0.6130000000000067,3.15099999999984,4.299791005905718,1763216903958,1763216904160,,,,,,,,,,mid,10464,764,341,223,3
l3_short_window,SHORT_WINDOW,24.0,0.5,400,2,215,ok,,0,1,27.992208022624254,663,1,0.4870000000000019,3.370999999999185,4.6703339903615415,1763216914434,1763216914642,,,,,,,,,,mid,10925,340,261,158,0
l3_short_window,SHORT_WINDOW,24.0,0.5,400,2,216,ok,,0,1,29.98962500714697,663,1,0.5409999999999968,3.5,4.829082987271249,1763216926435,1763216926652,,,,,,,,,,mid,11831,378,252,270,1
l3_short_window,SHORT_WINDOW,24.0,0.5,400,2,217,ok,,0,1,26.463291986146942,663,1,0.7380000000000031,3.513999999999214,5.113584018545225,1763216939364,1763216939566,,,,,,,,,,mid,9512,542,312,193,1
l3_short_window,SHORT_WINDOW,24.0,0.5,400,2,218,ok,,0,1,29.431083996314555,663,1,0.465999999999994,3.5240000000012515,4.839791974518448,1763216949928,1763216950144,,,,,,,,,,mid,12291,581,254,262,2
l3_short_window,SHORT_WINDOW,24.0,0.5,400,2,219,ok,,0,1,26.5203750168439,663,1,0.5260000000000105,3.6460000000006403,4.895375022897497,1763216964331,1763216964583,,,,,,,,,,mid,12692,634,345,191,2
l3_short_window,SHORT_WINDOW,24.0,0.5,400,2,220,ok,,0,1,28.12262499355711,663,1,0.6009999999999991,3.447999999998501,4.296083003282547,1763216976723,1763216976927,,,,,,,,,,mid,11029,459,302,163,2
l3_short_window,SHORT_WINDOW,24.0,0.5,400,2,221,ok,,0,1,31.556708010612056,663,1,0.6279999999999966,3.749999999998181,4.74870900507085,1763216989051,1763216989271,,,,,,,,,,mid,9047,724,322,221,3
l3_short_window,SHORT_WINDOW,24.0,0.5,400,2,222,ok,,0,1,26.083541015395895,663,1,0.6650000000000063,3.0469999999986612,4.248584009474143,1763216998574,1763216998792,,,,,,,,,,mid,11162,288,291,162,3
l3_short_window,SHORT_WINDOW,24.0,0.5,400,2,223,ok,,0,1,27.27424999466166,663,1,0.512000000000004,3.5319999999992433,4.836708016227931,1763217011025,1763217011245,,,,,,,,,,mid,11067,574,296,222,2
l3_short_window,SHORT_WINDOW,24.0,0.5,400,2,224,ok,,0,1,26.98304198565893,663,1,0.5039999999999978,3.389999999999418,4.700874997070059,1763217022860,1763217023069,,,,,,,,,,mid,12051,336,293,262,2
l3_short_window,SHORT_WINDOW,24.0,0.5,400,2,225,ok,,0,1,28.227000002516434,663,1,0.5019999999999989,3.5090000000000146,4.859957989538088,1763217035824,1763217036028,,,,,,,,,,mid,11969,290,201,226,0
l3_short_window,SHORT_WINDOW,24.0,0.5,400,2,226,ok,,0,1,29.06812500441447,663,1,1.0030000000000001,3.70299999999952,4.745583020849153,1763217049368,1763217049595,,,,,,,,,,mid,12202,804,282,168,2
l3_short_window,SHORT_WINDOW,24.0,0.5,400,2,227,ok,,0,1,26.339667005231604,663,1,0.6229999999999976,3.221000000001368,4.660541017074138,1763217062100,1763217062305,,,,,,,,,,mid,9695,473,333,239,2
l3_short_window,SHORT_WINDOW,24.0,0.5,400,2,228,ok,,0,1,30.026082997210324,663,1,0.5160000000000018,3.5060000000012224,4.937916994094849,1763217073262,1763217073483,,,,,,,,,,mid,13531,881,201,227,4
l3_short_window,SHORT_WINDOW,24.0,0.5,400,2,229,ok,,0,1,30.110124993370846,663,1,0.5079999999999991,3.639999999999418,4.838749999180436,1763217087303,1763217087512,,,,,,,,,,mid,10030,495,281,238,1
l3_short_window,SHORT_WINDOW,24.0,0.5,400,2,230,ok,,0,1,26.580457983072847,663,1,0.5489999999999924,3.727999999997337,5.167124996660277,1763217098170,1763217098396,,,,,,,,,,mid,9252,406,216,216,4
l3_short_window,SHORT_WINDOW,24.0,0.5,400,2,231,ok,,0,1,29.381166998064145,663,1,0.6080000000000005,3.863999999997759,4.870083008427173,1763217108383,1763217108603,,,,,,,,,,mid,11925,388,253,158,0
l3_short_window,SHORT_WINDOW,24.0,0.5,400,2,232,ok,,0,1,27.758584008552134,663,1,0.5249999999999986,3.8289999999997235,5.230875976849347,1763217121821,1763217122044,,,,,,,,,,mid,11175,894,328,264,0
l3_short_window,SHORT_WINDOW,24.0,0.5,400,2,233,ok,,0,1,23.51379199535586,663,1,0.5609999999999999,3.3760000000002037,4.6692500181961805,1763217133359,1763217133573,,,,,,,,,,mid,13023,289,225,159,2
l3_short_window,SHORT_WINDOW,24.0,0.5,400,2,234,ok,,0,1,27.464957995107397,663,1,0.5289999999999964,3.5420000000012806,4.996790987206623,1763217147510,1763217147725,,,,,,,,,,mid,13114,447,283,259,3
l3_short_window,SHORT_WINDOW,24.0,0.5,400,2,235,ok,,0,1,29.112708987668157,663,1,0.6299999999999955,3.584999999999127,4.588292009430006,1763217162105,1763217162329,,,,,,,,,,mid,11063,885,217,179,1
l3_short_window,SHORT_WINDOW,24.0,0.5,400,2,236,ok,,0,1,33.723375003319234,663,1,0.5289999999999964,3.7080000000005384,4.870625009061769,1763217173678,1763217173897,,,,,,,,,,mid,11519,483,230,263,2
l3_short_window,SHORT_WINDOW,24.0,0.5,400,2,237,ok,,0,1,23.702291975496337,663,1,0.5250000000000057,3.585000000000946,4.838708002353087,1763217186221,1763217186438,,,,,,,,,,mid,11071,556,223,224,1
l3_short_window,SHORT_WINDOW,24.0,0.5,400,2,238,ok,,0,1,26.262457977281883,663,1,0.7380000000000067,3.155000000000655,4.237374989315867,1763217198114,1763217198340,,,,,,,,,,mid,11498,392,325,190,1
l3_short_window,SHORT_WINDOW,24.0,0.5,400,2,239,ok,,0,1,28.376625006785616,663,1,0.5779999999999959,3.6090000000003783,4.846499999985099,1763217210667,1763217210904,,,,,,,,,,mid,10149,516,285,218,1
l3_short_window,SHORT_WINDOW,24.0,0.5,400,2,240,ok,,0,1,28.47275001113303,663,1,0.5970000000000013,3.605999999999767,4.911583004286513,1763217222235,1763217222461,,,,,,,,,,mid,13653,844,304,279,1
l3_short_window,SHORT_WINDOW,24.0,0.5,400,2,241,ok,,0,1,25.2647919987794,663,1,0.5299999999999976,3.3479999999981374,4.621915984898806,1763217236248,1763217236440,,,,,,,,,,mid,12091,288,293,207,1
l3_short_window,SHORT_WINDOW,24.0,0.5,400,2,242,ok,,0,1,28.739750006934628,663,1,0.5339999999999989,4.289000000000669,5.668041994795203,1763217249931,1763217250149,,,,,,,,,,mid,10074,831,218,234,0
l3_short_window,SHORT_WINDOW,24.0,0.5,400,2,243,ok,,0,1,25.761791999684647,663,1,0.5650000000000048,3.536999999998443,4.449083004146814,1763217260862,1763217261090,,,,,,,,,,mid,9417,686,207,253,1
l3_short_window,SHORT_WINDOW,24.0,0.5,400,2,244,ok,,0,1,32.048167020548135,663,1,0.5519999999999996,3.684000000002925,5.105707998154685,1763217271437,1763217271659,,,,,,,,,,mid,10264,864,242,159,1
l3_short_window,SHORT_WINDOW,24.0,0.5,400,2,245,ok,,0,1,30.7675410003867,663,1,0.5539999999999985,3.738999999999578,5.099750007502735,1763217282160,1763217282388,,,,,,,,,,mid,13361,417,261,202,2
l3_short_window,SHORT_WINDOW,24.0,0.5,400,2,246,ok,,0,1,25.388582987943664,663,1,0.5480000000000018,3.800999999999476,5.260541016468778,1763217296769,1763217296996,,,,,,,,,,mid,8865,733,280,196,0
l3_short_window,SHORT_WINDOW,24.0,0.5,400,2,247,ok,,0,1,24.96183299808763,663,1,0.5209999999999972,3.4030000000038854,4.385457985335961,1763217306106,1763217306316,,,,,,,,,,mid,9838,257,271,275,3
l3_short_window,SHORT_WINDOW,24.0,0.5,400,2,248,ok,,0,1,25.540790986269712,663,1,0.5199999999999996,3.3990000000012515,4.739958007121459,1763217317122,1763217317334,,,,,,,,,,mid,11469,476,350,160,1
l3_short_window,SHORT_WINDOW,24.0,0.5,400,2,249,ok,,0,1,26.402167015476152,663,1,0.5660000000000025,3.650999999998021,4.738416988402605,1763217330045,1763217330270,,,,,,,,,,mid,11469,891,341,263,3
l3_short_window,SHORT_WINDOW,24.0,0.5,400,2,250,ok,,0,1,33.306708006421104,663,1,0.5979999999999954,4.291000000001077,6.0935840010643005,1763217342160,1763217342385,,,,,,,,,,mid,9649,542,251,194,1
l3_short_window,SHORT_WINDOW,24.0,0.5,400,2,251,ok,,0,1,28.238541999598965,663,1,0.5080000000000027,3.4979999999995925,4.779207985848188,1763217352597,1763217352803,,,,,,,,,,mid,11880,368,215,231,1
l3_short_window,SHORT_WINDOW,24.0,0.5,400,2,252,ok,,0,1,28.676875022938475,663,1,0.48499999999999943,3.6309999999994034,4.577458021230996,1763217365422,1763217365637,,,,,,,,,,mid,11449,371,342,273,1
l3_short_window,SHORT_WINDOW,24.0,0.5,400,2,253,ok,,0,1,31.732375005958602,663,1,0.5779999999999959,3.7879999999968277,5.147541989572346,1763217378293,1763217378521,,,,,,,,,,mid,13083,800,276,188,3
l3_short_window,SHORT_WINDOW,24.0,0.5,400,2,254,ok,,0,1,25.064749992452562,663,1,0.5229999999999997,3.4360000000015134,4.489832994295284,1763217392053,1763217392255,,,,,,,,,,mid,9629,423,314,151,1
l3_short_window,SHORT_WINDOW,24.0,0.5,400,2,255,ok,,0,1,28.47887499956414,663,1,0.5399999999999991,3.4530000000013388,4.293459001928568,1763217402644,1763217402849,,,,,,,,,,mid,10947,452,237,207,1
l3_short_window,SHORT_WINDOW,24.0,0.5,400,2,256,ok,,0,1,26.57041698694229,663,1,0.6170000000000009,3.7179999999989377,5.20291700377129,1763217414949,1763217415175,,,,,,,,,,mid,9373,815,334,199,2
l3_short_window,SHORT_WINDOW,24.0,0.5,400,2,257,ok,,0,1,26.295999996364117,663,1,0.49399999999999267,3.3799999999991996,4.696582996984944,1763217424844,1763217425048,,,,,,,,,,mid,10410,528,229,173,0
l3_short_window,SHORT_WINDOW,24.0,0.5,400,2,258,ok,,0,1,31.02658299030736,663,1,0.5279999999999987,3.5379999999986467,4.859292006585747,1763217436349,1763217436569,,,,,,,,,,mid,9825,578,200,242,1
l3_short_window,SHORT_WINDOW,24.0,0.5,400,2,259,ok,,0,1,27.095167024526745,663,1,0.6939999999999955,3.2449999999989814,4.423875012435019,1763217447109,1763217447325,,,,,,,,,,mid,11714,761,232,233,2
l3_short_window,SHORT_WINDOW,24.0,0.5,400,2,260,ok,,0,1,31.26045799581334,663,1,0.5399999999999991,3.5240000000012515,4.605416004778817,1763217459792,1763217460061,,,,,,,,,,mid,10230,741,205,222,1
l3_short_window,SHORT_WINDOW,24.0,0.5,400,2,261,ok,,0,1,34.64887500740588,663,1,0.9059999999999988,4.19499999999789,5.51374998758547,1763217471581,1763217471851,,,,,,,,,,mid,11895,900,210,191,2
l3_short_window,SHORT_WINDOW,24.0,0.5,400,2,262,ok,,0,1,27.03287501935847,663,1,0.5290000000000035,3.5930000000007567,4.827541997656226,1763217483266,1763217483473,,,,,,,,,,mid,10466,366,349,260,0
l3_short_window,SHORT_WINDOW,24.0,0.5,400,2,263,ok,,0,1,27.019625005777925,663,1,0.5719999999999956,3.5210000000006403,4.2939159902743995,1763217494838,1763217495047,,,,,,,,,,mid,10488,510,207,175,1
l3_short_window,SHORT_WINDOW,24.0,0.5,400,2,264,ok,,0,1,29.61462500388734,663,1,0.5500000000000043,3.743000000000393,5.148208001628518,1763217506423,1763217506656,,,,,,,,,,mid,10064,619,293,262,0
l3_short_window,SHORT_WINDOW,24.0,0.5,400,2,265,ok,,0,2,562.0925420080312,1326,2,2.172000000000004,13.505999999999403,18.40070800972171,1763217518025,1763217518763,,,,,,,,,,mid,9604,679,304,170,4
l3_short_window,SHORT_WINDOW,24.0,0.5,400,2,266,ok,,0,1,29.68908299226314,663,1,0.5159999999999911,3.548000000002503,4.816667002160102,1763217528096,1763217528321,,,,,,,,,,mid,11019,642,200,250,1
l3_short_window,SHORT_WINDOW,24.0,0.5,400,2,267,ok,,0,1,30.061917001148686,663,1,0.7280000000000015,3.4140000000006694,4.944415995851159,1763217539687,1763217539897,,,,,,,,,,mid,12413,278,202,161,1
l3_short_window,SHORT_WINDOW,24.0,0.5,400,2,268,ok,,0,1,30.366749997483566,663,1,0.5289999999999964,3.805000000000291,5.266207997919992,1763217554201,1763217554429,,,,,,,,,,mid,12249,892,282,272,3
l3_short_window,SHORT_WINDOW,24.0,0.5,400,2,269,ok,,0,1,29.3699580070097,663,1,0.6780000000000044,3.782999999999447,4.986874992027879,1763217566682,1763217566917,,,,,,,,,,mid,10023,743,258,186,4
l3_short_window,SHORT_WINDOW,24.0,0.5,400,2,270,ok,,0,1,29.697165999095887,663,1,0.5169999999999995,3.746000000001004,5.595082999207079,1763217577678,1763217577906,,,,,,,,,,mid,10637,701,241,235,1
l3_short_window,SHORT_WINDOW,24.0,0.5,400,2,271,ok,,0,1,28.700542025035247,663,1,0.5249999999999986,3.7180000000007567,5.121166002936661,1763217589145,1763217589385,,,,,,,,,,mid,10082,625,278,196,0
l3_short_window,SHORT_WINDOW,24.0,0.5,400,2,272,ok,,0,1,23.56504200724885,663,1,0.597999999999999,2.9539999999997235,4.055124998558313,1763217599873,1763217600105,,,,,,,,,,mid,13601,309,326,218,2
l3_short_window,SHORT_WINDOW,24.0,0.5,400,2,273,ok,,0,1,24.732124991714954,663,1,0.5800000000000018,3.5429999999996653,4.379084013635293,1763217614867,1763217615084,,,,,,,,,,mid,13466,776,308,211,2
l3_short_window,SHORT_WINDOW,24.0,0.5,400,2,274,ok,,0,1,27.852958999574184,663,1,0.49900000000000233,3.555000000003929,4.896290978649631,1763217628998,1763217629209,,,,,,,,,,mid,9257,433,217,273,0
l3_short_window,SHORT_WINDOW,24.0,0.5,400,2,275,ok,,0,1,27.67754200613126,663,1,0.5339999999999918,3.7769999999982247,5.052207998232916,1763217639510,1763217639743,,,,,,,,,,mid,11402,659,211,166,1
l3_short_window,SHORT_WINDOW,24.0,0.5,400,2,276,ok,,0,1,26.09033399494365,663,1,0.5169999999999959,3.561999999998079,4.649292008252814,1763217651619,1763217651832,,,,,,,,,,mid,9458,472,202,232,2
l3_short_window,SHORT_WINDOW,24.0,0.5,400,2,277,ok,,0,1,28.356124996207654,663,1,0.9299999999999926,2.999999999998181,4.422250000061467,1763217662090,1763217662307,,,,,,,,,,mid,13283,443,326,151,2
l3_short_window,SHORT_WINDOW,24.0,0.5,400,2,278,ok,,0,1,28.441250004107133,663,1,0.5770000000000053,3.8249999999989086,5.2006250189151615,1763217677632,1763217677886,,,,,,,,,,mid,9469,650,258,239,3
l3_short_window,SHORT_WINDOW,24.0,0.5,400,2,279,ok,,0,1,30.12233300250955,663,1,0.48600000000000065,3.5060000000012224,4.804458993021399,1763217686839,1763217687062,,,,,,,,,,mid,9293,460,328,170,2
l3_short_window,SHORT_WINDOW,24.0,0.5,400,2,280,ok,,0,1,27.11645798990503,663,1,0.575999999999997,3.812999999996464,5.495332996360958,1763217697379,1763217697605,,,,,,,,,,mid,10915,725,232,181,0
l3_short_window,SHORT_WINDOW,24.0,0.5,400,2,281,ok,,0,1,28.858959005447105,663,1,0.6099999999999994,3.7810000000008586,4.810249985894188,1763217709118,1763217709362,,,,,,,,,,mid,10150,595,329,277,2
l3_short_window,SHORT_WINDOW,24.0,0.5,400,2,282,ok,,0,1,23.805292003089562,663,1,0.45999999999999375,3.3480000000035943,4.596749990014359,1763217720116,1763217720339,,,,,,,,,,mid,12840,431,340,218,4
l3_short_window,SHORT_WINDOW,24.0,0.5,400,2,283,ok,,0,1,29.34683399507776,663,1,0.5310000000000024,3.6849999999994907,5.040707997977734,1763217734158,1763217734378,,,,,,,,,,mid,12156,851,244,235,1
l3_short_window,SHORT_WINDOW,24.0,0.5,400,2,284,ok,,0,1,23.781333002261817,663,1,0.8939999999999984,3.3949999999967986,4.475958994589746,1763217747364,1763217747587,,,,,,,,,,mid,13204,899,206,269,3
l3_short_window,SHORT_WINDOW,24.0,0.5,400,2,285,ok,,0,1,30.78995898249559,663,1,0.5160000000000018,3.647000000000844,4.990040994016454,1763217761359,1763217761585,,,,,,,,,,mid,9327,700,347,175,3
l3_short_window,SHORT_WINDOW,24.0,0.5,400,2,286,ok,,0,1,31.698542006779462,663,1,0.6219999999999963,4.335999999999331,5.45187498209998,1763217771508,1763217771729,,,,,,,,,,mid,13018,516,330,206,2
l3_short_window,SHORT_WINDOW,24.0,0.5,400,2,287,ok,,0,1,29.649541014805436,663,1,0.5029999999999966,3.6790000000000873,5.011000001104549,1763217785788,1763217786020,,,,,,,,,,mid,13725,772,217,203,2
l3_short_window,SHORT_WINDOW,24.0,0.5,400,2,288,ok,,0,1,28.385290992446244,663,1,0.5010000000000012,3.511000000002241,4.828790988540277,1763217800362,1763217800582,,,,,,,,,,mid,10227,698,342,176,0
l3_short_window,SHORT_WINDOW,24.0,0.5,400,2,289,ok,,0,1,23.920625011669472,663,1,0.6870000000000012,3.492999999998574,4.694000002928078,1763217811262,1763217811457,,,,,,,,,,mid,9840,348,289,219,2
l3_short_window,SHORT_WINDOW,24.0,0.5,400,2,290,ok,,0,1,30.679249990498647,663,1,0.5539999999999985,5.981999999999971,8.662125008413568,1763217821954,1763217822159,,,,,,,,,,mid,9678,327,206,164,1
l3_short_window,SHORT_WINDOW,24.0,0.5,400,2,291,ok,,0,1,26.55454201158136,663,1,0.5100000000000016,3.5309999999990396,4.824208997888491,1763217833238,1763217833461,,,,,,,,,,mid,9006,531,308,259,2
l3_short_window,SHORT_WINDOW,24.0,0.5,400,2,292,ok,,0,1,30.07058400544338,663,1,0.6280000000000037,3.3440000000009604,4.6642090019304305,1763217842501,1763217842717,,,,,,,,,,mid,11573,303,285,184,0
l3_short_window,SHORT_WINDOW,24.0,0.5,400,2,293,ok,,0,1,30.354916991200298,663,1,0.5519999999999996,3.57799999999952,4.87470900407061,1763217855588,1763217855811,,,,,,,,,,mid,9270,823,222,185,2
l3_short_window,SHORT_WINDOW,24.0,0.5,400,2,294,ok,,0,1,26.60820898017846,663,1,0.5279999999999987,3.5900000000019645,4.932375013595447,1763217865812,1763217866029,,,,,,,,,,mid,11856,797,231,159,2
l3_short_window,SHORT_WINDOW,24.0,0.5,400,2,295,ok,,0,1,31.563500000629574,663,1,0.5150000000000006,3.52599999999984,4.864040995016694,1763217878162,1763217878371,,,,,,,,,,mid,10233,334,241,234,2
l3_short_window,SHORT_WINDOW,24.0,0.5,400,2,296,ok,,0,1,28.82379200309515,663,1,0.5219999999999985,3.5380000000004657,4.997334006475285,1763217889211,1763217889417,,,,,,,,,,mid,10487,311,256,224,3
l3_short_window,SHORT_WINDOW,24.0,0.5,400,2,297,ok,,0,1,26.87604201491922,663,1,0.588000000000001,3.599999999998545,4.84741700347513,1763217900636,1763217900844,,,,,,,,,,mid,9461,421,307,262,2
l3_short_window,SHORT_WINDOW,24.0,0.5,400,2,298,ok,,0,1,28.148917015641928,663,1,0.5169999999999959,3.5910000000003492,4.962332983268425,1763217911554,1763217911777,,,,,,,,,,mid,13585,854,328,185,0
l3_short_window,SHORT_WINDOW,24.0,0.5,400,2,299,ok,,0,1,28.509958006907254,663,1,0.5150000000000041,3.499999999998181,4.800333001185209,1763217926097,1763217926309,,,,,,,,,,mid,11093,820,319,155,2
l3_short_window,SHORT_WINDOW,24.0,0.5,400,2,300,ok,,0,1,30.54049998172559,663,1,0.529999999999994,3.558000000000902,4.81262500397861,1763217938030,1763217938240,,,,,,,,,,mid,10966,701,301,200,1
l3_short_window,SHORT_WINDOW,24.0,0.5,300,2,1,ok,,0,1,28.500875021563843,663,1,0.5060000000000002,3.5529999999998836,4.929249989800155,1763217949744,1763217949956,,,,,,,,,,long,20501,499,223,194,2
l3_short_window,SHORT_WINDOW,24.0,0.5,300,2,2,ok,,0,1,25.61795900692232,663,1,0.5130000000000052,3.5979999999981374,4.769041988765821,1763217971345,1763217971563,,,,,,,,,,long,17463,629,324,274,1
l3_short_window,SHORT_WINDOW,24.0,0.5,300,2,3,ok,,0,1,29.3006670253817,663,1,0.5279999999999916,3.5429999999996653,4.84833400696516,1763217989710,1763217989934,,,,,,,,,,long,21265,532,240,158,5
l3_short_window,SHORT_WINDOW,24.0,0.5,300,2,4,ok,,0,1,26.367000013124198,663,1,0.6710000000000065,4.320000000001528,5.717457999708131,1763218011857,1763218012076,,,,,,,,,,long,18292,515,279,206,5
l3_short_window,SHORT_WINDOW,24.0,0.5,300,2,5,ok,,0,1,29.885916999774054,663,1,0.5360000000000014,3.441000000000713,4.686459025833756,1763218031027,1763218031233,,,,,,,,,,long,21039,433,243,252,3
l3_short_window,SHORT_WINDOW,24.0,0.5,300,2,6,ok,,0,1,23.290666984394193,663,1,0.49099999999999966,3.44800000000032,4.737541981739923,1763218052894,1763218053105,,,,,,,,,,long,14406,286,273,171,2
l3_short_window,SHORT_WINDOW,24.0,0.5,300,2,7,ok,,0,1,27.763042016886175,663,1,0.4869999999999983,3.5239999999994325,4.8690830008126795,1763218068764,1763218068983,,,,,,,,,,long,16803,746,264,250,4
l3_short_window,SHORT_WINDOW,24.0,0.5,300,2,8,ok,,0,1,25.669374997960404,663,1,0.551999999999996,3.526000000001659,4.854458995396271,1763218086444,1763218086672,,,,,,,,,,long,19063,616,209,258,2
l3_short_window,SHORT_WINDOW,24.0,0.5,300,2,9,ok,,0,1,26.493374985875562,663,1,0.566000000000006,3.4799999999995634,4.596292012138292,1763218106361,1763218106573,,,,,,,,,,long,16235,510,257,170,4
l3_short_window,SHORT_WINDOW,24.0,0.5,300,2,10,ok,,0,1,28.1212090048939,663,1,0.5070000000000014,3.519000000000233,4.823333001695573,1763218123402,1763218123610,,,,,,,,,,long,19165,361,303,264,5
l3_short_window,SHORT_WINDOW,24.0,0.5,300,2,11,ok,,0,1,31.637624982977286,663,1,0.5559999999999974,3.7880000000004657,4.774208995513618,1763218143887,1763218144117,,,,,,,,,,long,21270,704,235,197,2
l3_short_window,SHORT_WINDOW,24.0,0.5,300,2,12,ok,,0,1,26.65837499080226,663,1,0.5250000000000057,3.661000000000058,5.031875014537945,1763218166274,1763218166503,,,,,,,,,,long,18833,849,310,161,1
l3_short_window,SHORT_WINDOW,24.0,0.5,300,2,13,ok,,0,1,26.40862498083152,663,1,0.49200000000000443,3.6090000000003783,4.976500000339001,1763218185724,1763218185931,,,,,,,,,,long,17260,488,244,197,1
l3_short_window,SHORT_WINDOW,24.0,0.5,300,2,14,ok,,0,1,33.273583016125485,663,1,0.5330000000000013,3.6190000000005966,4.967624990968034,1763218204718,1763218204933,,,,,,,,,,long,20606,771,222,234,1
l3_short_window,SHORT_WINDOW,24.0,0.5,300,2,15,ok,,0,1,29.36704200692475,663,1,0.6089999999999982,3.67200000000048,4.990707995602861,1763218226021,1763218226257,,,,,,,,,,long,14373,871,314,240,3
l3_short_window,SHORT_WINDOW,24.0,0.5,300,2,16,ok,,0,1,28.2848329807166,663,1,0.5430000000000028,3.3299999999999272,4.4108330039307475,1763218240600,1763218240805,,,,,,,,,,long,13911,333,213,229,3
l3_short_window,SHORT_WINDOW,24.0,0.5,300,2,17,ok,,0,1,26.373375003458932,663,1,0.4989999999999988,3.8359999999993306,5.001375015126541,1763218255501,1763218255708,,,,,,,,,,long,20064,261,228,159,4
l3_short_window,SHORT_WINDOW,24.0,0.5,300,2,18,ok,,0,1,29.449624998960644,663,1,0.5100000000000016,3.4899999999997817,4.925832996377721,1763218276645,1763218276853,,,,,,,,,,long,21582,390,298,250,4
l3_short_window,SHORT_WINDOW,24.0,0.5,300,2,19,ok,,0,1,28.594457980943844,663,1,0.5129999999999981,3.4619999999977153,4.711374989710748,1763218300498,1763218300721,,,,,,,,,,long,14164,622,275,186,3
l3_short_window,SHORT_WINDOW,24.0,0.5,300,2,20,ok,,0,1,29.07720798975788,663,1,0.509999999999998,3.552000000001499,4.376625001896173,1763218314321,1763218314537,,,,,,,,,,long,16044,346,281,172,3
l3_short_window,SHORT_WINDOW,24.0,0.5,300,2,21,ok,,0,1,26.952957996400073,663,1,0.5500000000000043,3.5450000000000728,4.832124977838248,1763218331549,1763218331771,,,,,,,,,,long,20693,543,212,183,2
l3_short_window,SHORT_WINDOW,24.0,0.5,300,2,22,ok,,0,1,25.846625008853152,663,1,0.5179999999999936,3.5750000000007276,4.833125014556572,1763218353608,1763218353827,,,,,,,,,,long,17854,863,303,264,3
l3_short_window,SHORT_WINDOW,24.0,0.5,300,2,23,ok,,0,1,27.62137501849793,663,1,0.5410000000000004,3.657999999999447,4.996874980861321,1763218372020,1763218372242,,,,,,,,,,long,15166,516,287,166,1
l3_short_window,SHORT_WINDOW,24.0,0.5,300,2,24,ok,,0,1,30.685375997563824,663,1,0.5370000000000026,3.6349999999983993,5.019584001274779,1763218388538,1763218388752,,,,,,,,,,long,17721,819,232,200,3
l3_short_window,SHORT_WINDOW,24.0,0.5,300,2,25,ok,,0,1,25.22895799484104,663,1,0.5439999999999969,3.6450000000004366,4.947415989590809,1763218407247,1763218407469,,,,,,,,,,long,21660,823,229,175,4
l3_short_window,SHORT_WINDOW,24.0,0.5,300,2,26,ok,,0,1,25.45112499501556,663,1,0.5360000000000014,3.587999999997919,4.70849999692291,1763218429521,1763218429737,,,,,,,,,,long,19700,497,287,237,3
l3_short_window,SHORT_WINDOW,24.0,0.5,300,2,27,ok,,0,1,25.948791997507215,663,1,0.5019999999999989,3.3989999999994325,4.632583004422486,1763218449957,1763218450156,,,,,,,,,,long,21232,356,273,253,2
l3_short_window,SHORT_WINDOW,24.0,0.5,300,2,28,ok,,0,1,31.52295801555738,663,1,0.497999999999994,3.396999999999025,4.45954198949039,1763218472205,1763218472418,,,,,,,,,,long,18492,503,231,231,3
l3_short_window,SHORT_WINDOW,24.0,0.5,300,2,29,ok,,0,1,28.739542001858354,663,1,0.5420000000000016,3.8990000000012515,4.994374990928918,1763218492001,1763218492254,,,,,,,,,,long,19294,269,300,248,1
l3_short_window,SHORT_WINDOW,24.0,0.5,300,2,30,ok,,0,1,33.075249986723065,663,1,0.5089999999999968,3.5979999999999563,4.865583003265783,1763218511782,1763218511997,,,,,,,,,,long,18577,287,265,226,4
l3_short_window,SHORT_WINDOW,24.0,0.5,300,2,31,ok,,0,1,31.658666004659608,663,1,0.5360000000000049,3.6159999999981665,4.852541984291747,1763218532290,1763218532523,,,,,,,,,,long,14711,820,289,268,2
l3_short_window,SHORT_WINDOW,24.0,0.5,300,2,32,ok,,0,1,28.725332987960428,663,1,0.5470000000000006,3.6739999999990687,5.01337499008514,1763218546990,1763218547217,,,,,,,,,,long,20679,309,220,203,2
l3_short_window,SHORT_WINDOW,24.0,0.5,300,2,33,ok,,0,1,29.535792011301965,663,1,0.5410000000000004,3.603000000002794,4.9215419858228415,1763218569090,1763218569316,,,,,,,,,,long,17634,677,256,197,4
l3_short_window,SHORT_WINDOW,24.0,0.5,300,2,34,ok,,0,1,29.32358399266377,663,1,0.5189999999999984,3.7659999999996217,5.022583995014429,1763218587940,1763218588170,,,,,,,,,,long,14245,880,269,169,1
l3_short_window,SHORT_WINDOW,24.0,0.5,300,2,35,ok,,0,1,27.57837501121685,663,1,0.5039999999999978,3.7000000000007276,4.719082993688062,1763218603219,1763218603451,,,,,,,,,,long,15928,876,326,251,3
l3_short_window,SHORT_WINDOW,24.0,0.5,300,2,36,ok,,0,1,30.99941700929776,663,1,0.5309999999999988,3.7010000000009313,5.077084002550691,1763218620158,1763218620387,,,,,,,,,,long,17680,878,278,240,3
l3_short_window,SHORT_WINDOW,24.0,0.5,300,2,37,ok,,0,1,29.55670902156271,663,1,0.5120000000000076,3.779000000000451,4.866542003583163,1763218638850,1763218639082,,,,,,,,,,long,17982,884,306,268,1
l3_short_window,SHORT_WINDOW,24.0,0.5,300,2,38,ok,,0,1,28.86299998499453,663,1,0.5280000000000022,3.507999999999811,4.788666992681101,1763218657326,1763218657525,,,,,,,,,,long,21413,428,333,271,4
l3_short_window,SHORT_WINDOW,24.0,0.5,300,2,39,ok,,0,1,30.33520802273415,663,1,0.5069999999999979,3.525000000001455,4.832415987038985,1763218679909,1763218680134,,,,,,,,,,long,14922,680,221,208,2
l3_short_window,SHORT_WINDOW,24.0,0.5,300,2,40,ok,,0,1,27.359083003830165,663,1,0.5250000000000021,3.782999999997628,5.177042010473087,1763218695925,1763218696159,,,,,,,,,,long,15700,783,207,157,2
l3_short_window,SHORT_WINDOW,24.0,0.5,300,2,41,ok,,0,1,27.56241601309739,663,1,0.5129999999999981,3.6889999999984866,5.02774998312816,1763218712680,1763218712909,,,,,,,,,,long,14861,883,261,201,2
l3_short_window,SHORT_WINDOW,24.0,0.5,300,2,42,ok,,0,1,29.497333016479388,663,1,0.5409999999999968,3.834000000000742,5.1507080206647515,1763218727970,1763218728195,,,,,,,,,,long,16368,390,216,184,1
l3_short_window,SHORT_WINDOW,24.0,0.5,300,2,43,ok,,0,1,26.449124998180196,663,1,0.5019999999999989,3.577999999997701,4.721249977592379,1763218745403,1763218745611,,,,,,,,,,long,21143,649,349,262,3
l3_short_window,SHORT_WINDOW,24.0,0.5,300,2,44,ok,,0,1,27.534958004252985,663,1,0.541999999999998,3.7000000000007276,4.838374996325001,1763218767261,1763218767476,,,,,,,,,,long,17329,376,279,266,2
l3_short_window,SHORT_WINDOW,24.0,0.5,300,2,45,ok,,0,1,31.648958014557138,663,1,0.6389999999999958,3.8540000000011787,5.214292003074661,1763218785839,1763218786068,,,,,,,,,,long,15850,639,251,278,3
l3_short_window,SHORT_WINDOW,24.0,0.5,300,2,46,ok,,0,1,32.70508299465291,663,1,0.5840000000000032,3.540000000000873,4.949207999743521,1763218802581,1763218802805,,,,,,,,,,long,16178,686,314,153,2
l3_short_window,SHORT_WINDOW,24.0,0.5,300,2,47,ok,,0,1,27.081709005869925,663,1,0.5039999999999978,3.4770000000007713,4.747084021801129,1763218819341,1763218819551,,,,,,,,,,long,17473,285,260,248,3
l3_short_window,SHORT_WINDOW,24.0,0.5,300,2,48,ok,,0,1,29.373207973549142,663,1,0.5260000000000034,3.780000000000655,5.189874995267019,1763218838234,1763218838461,,,,,,,,,,long,19167,862,220,231,0
l3_short_window,SHORT_WINDOW,24.0,0.5,300,2,49,ok,,0,1,29.863249976187944,663,1,0.5760000000000005,3.9799999999977445,5.271375004667789,1763218858379,1763218858621,,,,,,,,,,long,21679,801,308,266,2
l3_short_window,SHORT_WINDOW,24.0,0.5,300,2,50,ok,,0,1,43.42850000830367,663,1,0.7010000000000005,7.627999999998792,20.228375011356547,1763218880547,1763218880766,,,,,,,,,,long,18440,347,313,182,3
l3_short_window,SHORT_WINDOW,24.0,0.5,300,2,51,ok,,0,1,31.650332995923236,663,1,0.5190000000000019,3.728000000002794,5.0797500007320195,1763218900381,1763218900597,,,,,,,,,,long,21435,665,229,177,2
l3_short_window,SHORT_WINDOW,24.0,0.5,300,2,52,ok,,0,1,30.728707992238924,663,1,0.5370000000000026,3.7450000000008004,5.139084008987993,1763218922761,1763218922995,,,,,,,,,,long,18411,681,346,241,2
l3_short_window,SHORT_WINDOW,24.0,0.5,300,2,53,ok,,0,1,26.46974998060614,663,1,0.5409999999999968,3.5710000000017317,4.65933300438337,1763218942202,1763218942423,,,,,,,,,,long,19501,721,250,256,2
l3_short_window,SHORT_WINDOW,24.0,0.5,300,2,54,ok,,0,1,29.96787498705089,663,1,0.5039999999999978,3.5050000000010186,4.886167007498443,1763218962489,1763218962710,,,,,,,,,,long,15962,572,216,157,3
l3_short_window,SHORT_WINDOW,24.0,0.5,300,2,55,ok,,0,1,29.171208007028326,663,1,0.5249999999999986,3.6050000000013824,5.004542006645352,1763218979747,1763218979972,,,,,,,,,,long,17253,804,325,152,1
l3_short_window,SHORT_WINDOW,24.0,0.5,300,2,56,ok,,0,1,35.21729199565016,663,1,0.5330000000000013,3.7270000000007713,5.422499991254881,1763218997722,1763218997944,,,,,,,,,,long,13817,586,321,277,0
l3_short_window,SHORT_WINDOW,24.0,0.5,300,2,57,ok,,0,1,29.072417004499584,663,1,0.5289999999999999,3.563000000000102,4.8096670070663095,1763219012637,1763219012860,,,,,,,,,,long,14208,737,292,189,0
l3_short_window,SHORT_WINDOW,24.0,0.5,300,2,58,ok,,0,1,28.984832984860986,663,1,0.5349999999999966,3.536000000001877,4.912042000796646,1763219027519,1763219027732,,,,,,,,,,long,16353,499,343,201,2
l3_short_window,SHORT_WINDOW,24.0,0.5,300,2,59,ok,,0,1,29.689042014069855,663,1,0.5120000000000005,3.7479999999995925,5.074208020232618,1763219045013,1763219045239,,,,,,,,,,long,16258,660,292,257,4
l3_short_window,SHORT_WINDOW,24.0,0.5,300,2,60,ok,,0,1,27.442250022431836,663,1,0.4909999999999961,3.342000000000553,4.603416018653661,1763219062528,1763219062740,,,,,,,,,,long,14014,898,348,168,3
l3_short_window,SHORT_WINDOW,24.0,0.5,300,2,61,ok,,0,1,29.770041990559548,663,1,0.5290000000000035,3.631999999999607,5.03133301390335,1763219077159,1763219077387,,,,,,,,,,long,20760,729,202,163,3
l3_short_window,SHORT_WINDOW,24.0,0.5,300,2,62,ok,,0,1,29.498792020604014,663,1,0.5230000000000032,3.6700000000000728,5.000208009732887,1763219098559,1763219098777,,,,,,,,,,long,17189,421,253,279,4
l3_short_window,SHORT_WINDOW,24.0,0.5,300,2,63,ok,,0,1,28.0047080013901,663,1,0.5690000000000026,3.742000000000189,5.065208999440074,1763219116834,1763219117061,,,,,,,,,,long,16823,597,290,251,4
l3_short_window,SHORT_WINDOW,24.0,0.5,300,2,64,ok,,0,1,26.610707980580628,663,1,0.5129999999999981,3.5339999999978318,4.904333007289097,1763219134461,1763219134673,,,,,,,,,,long,15567,523,343,277,1
l3_short_window,SHORT_WINDOW,24.0,0.5,300,2,65,ok,,0,1,31.98295898619108,663,1,0.6099999999999994,3.5390000000006694,4.881790984654799,1763219151773,1763219151995,,,,,,,,,,long,15643,792,253,242,5
l3_short_window,SHORT_WINDOW,24.0,0.5,300,2,66,ok,,0,1,25.91508298064582,663,1,0.5130000000000088,3.536000000000058,4.697625001426786,1763219167838,1763219168056,,,,,,,,,,long,19146,640,238,196,6
l3_short_window,SHORT_WINDOW,24.0,0.5,300,2,67,ok,,0,1,27.320708002662286,663,1,0.6210000000000022,3.1859999999996944,4.46383300004527,1763219188636,1763219188847,,,,,,,,,,long,16872,796,229,152,3
l3_short_window,SHORT_WINDOW,24.0,0.5,300,2,68,ok,,0,1,28.799790976336226,663,1,0.541999999999998,3.514999999999418,4.885500005912036,1763219205855,1763219206072,,,,,,,,,,long,18965,729,334,185,3
l3_short_window,SHORT_WINDOW,24.0,0.5,300,2,69,ok,,0,1,29.14095899905078,663,1,0.48300000000000054,3.3840000000018335,4.603917011991143,1763219225844,1763219226066,,,,,,,,,,long,21579,766,206,151,3
l3_short_window,SHORT_WINDOW,24.0,0.5,300,2,70,ok,,0,1,26.857332995859906,663,1,0.5400000000000027,3.632000000001426,5.005541985156015,1763219248395,1763219248619,,,,,,,,,,long,13861,871,317,179,1
l3_short_window,SHORT_WINDOW,24.0,0.5,300,2,71,ok,,0,1,32.55704199546017,663,1,0.4839999999999982,3.5230000000010477,4.815584019524977,1763219262679,1763219262916,,,,,,,,,,long,21598,374,324,235,3
l3_short_window,SHORT_WINDOW,24.0,0.5,300,2,72,ok,,0,1,26.63066698005423,663,1,0.5180000000000042,3.576999999999316,4.93133399868384,1763219285237,1763219285449,,,,,,,,,,long,16990,348,346,233,1
l3_short_window,SHORT_WINDOW,24.0,0.5,300,2,73,ok,,0,1,32.233625010121614,663,1,0.5420000000000016,3.496000000001004,4.7579169913660735,1763219303582,1763219303805,,,,,,,,,,long,16393,737,227,223,2
l3_short_window,SHORT_WINDOW,24.0,0.5,300,2,74,ok,,0,1,31.60612500505522,663,1,0.6200000000000045,3.1639999999988504,4.5031249755993485,1763219320831,1763219321058,,,,,,,,,,long,17466,622,220,259,2
l3_short_window,SHORT_WINDOW,24.0,0.5,300,2,75,ok,,0,1,25.456667004618794,663,1,0.5080000000000027,3.537000000000262,4.786000004969537,1763219339073,1763219339281,,,,,,,,,,long,15371,396,298,242,0
l3_short_window,SHORT_WINDOW,24.0,0.5,300,2,76,ok,,0,1,28.77837501000613,663,1,0.5549999999999962,3.7229999999999563,5.053000000771135,1763219355507,1763219355739,,,,,,,,,,long,21757,522,263,153,5
l3_short_window,SHORT_WINDOW,24.0,0.5,300,2,77,ok,,0,1,29.526500002248213,663,1,0.5580000000000034,3.8910000000014406,5.138833977980539,1763219378517,1763219378739,,,,,,,,,,long,16405,772,259,273,0
l3_short_window,SHORT_WINDOW,24.0,0.5,300,2,78,ok,,0,1,28.723416005959734,663,1,0.5739999999999981,3.5210000000006403,4.784124990692362,1763219395500,1763219395733,,,,,,,,,,long,18751,391,292,257,0
l3_short_window,SHORT_WINDOW,24.0,0.5,300,2,79,ok,,0,1,26.973457977874205,663,1,0.6100000000000065,3.797999999998865,5.067666992545128,1763219415614,1763219415848,,,,,,,,,,long,21101,731,257,277,5
l3_short_window,SHORT_WINDOW,24.0,0.5,300,2,80,ok,,0,1,28.39720799238421,663,1,0.5470000000000006,3.779000000000451,5.1955420058220625,1763219437417,1763219437642,,,,,,,,,,long,21086,542,283,218,4
l3_short_window,SHORT_WINDOW,24.0,0.5,300,2,81,ok,,0,1,29.006750002736226,663,1,0.5279999999999987,3.533000000001266,4.805125005077571,1763219459647,1763219459898,,,,,,,,,,long,21734,671,237,159,3
l3_short_window,SHORT_WINDOW,24.0,0.5,300,2,82,ok,,0,1,29.15204199962318,663,1,0.5459999999999994,3.7120000000013533,5.135582992807031,1763219482331,1763219482560,,,,,,,,,,long,16314,649,215,222,1
l3_short_window,SHORT_WINDOW,24.0,0.5,300,2,83,ok,,0,1,27.758084004744887,663,1,0.5249999999999986,3.632999999999811,4.929165996145457,1763219499689,1763219499912,,,,,,,,,,long,16039,683,276,180,2
l3_short_window,SHORT_WINDOW,24.0,0.5,300,2,84,ok,,0,1,25.867791002383456,663,1,0.7010000000000005,3.1149999999979627,4.284708003979176,1763219516638,1763219516859,,,,,,,,,,long,16150,672,202,202,2
l3_short_window,SHORT_WINDOW,24.0,0.5,300,2,85,ok,,0,1,24.033875000895932,663,1,0.5250000000000021,3.51799999999821,4.872207995504141,1763219533534,1763219533743,,,,,,,,,,long,17639,434,214,259,5
l3_short_window,SHORT_WINDOW,24.0,0.5,300,2,86,ok,,0,1,26.053874986246228,663,1,0.5489999999999995,3.8260000000009313,5.258458026219159,1763219552429,1763219552657,,,,,,,,,,long,14082,841,216,233,0
l3_short_window,SHORT_WINDOW,24.0,0.5,300,2,87,ok,,0,1,25.226958008715883,663,1,0.5320000000000036,3.382000000001426,4.658541991375387,1763219567357,1763219567569,,,,,,,,,,long,19154,671,292,209,3
l3_short_window,SHORT_WINDOW,24.0,0.5,300,2,88,ok,,0,1,28.837290999945253,663,1,0.5250000000000021,4.065000000000509,5.252542003290728,1763219587575,1763219587802,,,,,,,,,,long,20194,821,264,167,1
l3_short_window,SHORT_WINDOW,24.0,0.5,300,2,89,ok,,0,1,26.007667009253055,663,1,0.5540000000000092,3.5169999999998254,4.791667015524581,1763219608737,1763219608963,,,,,,,,,,long,13944,774,322,159,2
l3_short_window,SHORT_WINDOW,24.0,0.5,300,2,90,ok,,0,1,26.28575000562705,663,1,0.49599999999999866,3.511000000002241,4.8585830081719905,1763219623182,1763219623400,,,,,,,,,,long,16653,338,262,241,0
l3_short_window,SHORT_WINDOW,24.0,0.5,300,2,91,ok,,0,1,28.54362499783747,663,1,0.4799999999999969,3.631999999999607,4.960917023709044,1763219641326,1763219641548,,,,,,,,,,long,19483,795,207,163,2
l3_short_window,SHORT_WINDOW,24.0,0.5,300,2,92,ok,,0,1,27.680917002726346,663,1,0.4809999999999981,3.4619999999977153,4.728250001790002,1763219661437,1763219661646,,,,,,,,,,long,17439,454,256,161,8
l3_short_window,SHORT_WINDOW,24.0,0.5,300,2,93,ok,,0,1,28.774708014680073,663,1,0.5309999999999988,3.558999999999287,4.9540829786565155,1763219679823,1763219680041,,,,,,,,,,long,20386,400,223,247,3
l3_short_window,SHORT_WINDOW,24.0,0.5,300,2,94,ok,,0,1,28.427000012015924,663,1,0.5259999999999998,3.7299999999995634,5.016208015149459,1763219701615,1763219701839,,,,,,,,,,long,19448,818,226,215,3
l3_short_window,SHORT_WINDOW,24.0,0.5,300,2,95,ok,,0,1,27.50395899056457,663,1,0.7900000000000063,3.533000000001266,4.674750001868233,1763219722041,1763219722260,,,,,,,,,,long,18868,823,217,266,0
l3_short_window,SHORT_WINDOW,24.0,0.5,300,2,96,ok,,0,1,26.602124999044463,663,1,0.5579999999999998,5.5049999999992,6.276666012126952,1763219741702,1763219741924,,,,,,,,,,long,14627,635,288,192,2
l3_short_window,SHORT_WINDOW,24.0,0.5,300,2,97,ok,,0,1,30.190166988177225,663,1,0.5589999999999975,3.826999999999316,5.237582983681932,1763219757992,1763219758278,,,,,,,,,,long,19941,895,227,243,2
l3_short_window,SHORT_WINDOW,24.0,0.5,300,2,98,ok,,0,1,28.52416699170135,663,1,0.5349999999999895,3.8850000000002183,5.35674998536706,1763219778261,1763219778521,,,,,,,,,,long,20065,257,293,152,5
l3_short_window,SHORT_WINDOW,24.0,0.5,300,2,99,ok,,0,3,1043.7357499904465,1989,3,2.0720000000000027,10.594999999999345,14.099499996518716,1763219799415,1763219800647,,,,,,,,,,long,19792,883,330,182,2
l3_short_window,SHORT_WINDOW,24.0,0.5,300,2,100,ok,,0,1,25.863626011414453,663,1,0.5040000000000013,4.142000000001644,5.450749973533675,1763219819864,1763219820084,,,,,,,,,,long,18410,573,272,261,2
l3_short_window,SHORT_WINDOW,24.0,0.5,300,2,101,ok,,0,1,26.130749989533797,663,1,0.7569999999999979,3.8629999999993743,5.290625005727634,1763219839212,1763219839433,,,,,,,,,,long,16117,561,258,178,2
l3_short_window,SHORT_WINDOW,24.0,0.5,300,2,102,ok,,0,1,30.03262501442805,663,1,0.5119999999999969,3.558000000002721,4.925332992570475,1763219856478,1763219856701,,,,,,,,,,long,21461,672,217,218,5
l3_short_window,SHORT_WINDOW,24.0,0.5,300,2,103,ok,,0,1,27.42212501470931,663,1,0.5229999999999961,3.6240000000016153,4.8607079952489585,1763219879112,1763219879338,,,,,,,,,,long,16483,813,337,165,3
l3_short_window,SHORT_WINDOW,24.0,0.5,300,2,104,ok,,0,1,26.35816700058058,663,1,0.6880000000000024,3.610000000000582,5.0782499893102795,1763219896237,1763219896455,,,,,,,,,,long,21739,532,265,205,1
l3_short_window,SHORT_WINDOW,24.0,0.5,300,2,105,ok,,0,1,27.728499990189448,663,1,0.5090000000000003,3.5720000000001164,4.7724580217618495,1763219918805,1763219919011,,,,,,,,,,long,20456,430,287,225,3
l3_short_window,SHORT_WINDOW,24.0,0.5,300,2,106,ok,,0,1,27.659375016810372,663,1,0.6199999999999974,5.369000000002416,6.4493329846300185,1763219940372,1763219940611,,,,,,,,,,long,19894,527,215,235,1
l3_short_window,SHORT_WINDOW,24.0,0.5,300,2,107,ok,,0,1,63.445250008953735,663,1,0.561000000000007,11.26600000000144,38.38804201222956,1763219961098,1763219961321,,,,,,,,,,long,20296,373,201,228,3
l3_short_window,SHORT_WINDOW,24.0,0.5,300,2,108,ok,,0,1,31.3647500006482,663,1,0.5949999999999918,8.828999999999724,9.070958010852337,1763219982320,1763219982541,,,,,,,,,,long,18504,293,269,241,6
l3_short_window,SHORT_WINDOW,24.0,0.5,300,2,109,ok,,0,1,26.64258299046196,663,1,0.4819999999999993,4.15900000000147,5.335791996913031,1763220001796,1763220002006,,,,,,,,,,long,16381,285,216,279,0
l3_short_window,SHORT_WINDOW,24.0,0.5,300,2,110,ok,,0,1,25.522832991555333,663,1,0.5549999999999997,3.6849999999976717,4.875458020251244,1763220019597,1763220019813,,,,,,,,,,long,18030,698,209,221,2
l3_short_window,SHORT_WINDOW,24.0,0.5,300,2,111,ok,,0,1,26.876208023168147,663,1,0.590999999999994,4.267000000001644,5.849250010214746,1763220038353,1763220038576,,,,,,,,,,long,18140,342,295,241,6
l3_short_window,SHORT_WINDOW,24.0,0.5,300,2,112,ok,,0,1,25.239500013412908,663,1,0.5260000000000034,4.17699999999968,5.434375023469329,1763220057809,1763220058033,,,,,,,,,,long,16265,669,310,205,4
l3_short_window,SHORT_WINDOW,24.0,0.5,300,2,113,ok,,0,1,27.618833002634346,663,1,0.7439999999999998,3.611000000000786,4.876207996858284,1763220074734,1763220074946,,,,,,,,,,long,14782,399,227,190,1
l3_short_window,SHORT_WINDOW,24.0,0.5,300,2,114,ok,,0,1,39.89629200077616,663,1,1.0889999999999986,4.532999999997628,15.890541981207207,1763220091069,1763220091296,,,,,,,,,,long,20930,880,231,232,2
l3_short_window,SHORT_WINDOW,24.0,0.5,300,2,115,ok,,0,1,30.169542005751282,663,1,0.7569999999999979,5.800999999999476,6.882500019855797,1763220112465,1763220112699,,,,,,,,,,long,15663,327,247,271,5
l3_short_window,SHORT_WINDOW,24.0,0.5,300,2,116,ok,,0,1,26.781874999869615,663,1,0.5180000000000078,3.672000000002299,4.946957982610911,1763220129456,1763220129681,,,,,,,,,,long,20695,696,319,226,5
l3_short_window,SHORT_WINDOW,24.0,0.5,300,2,117,ok,,0,1,30.54683399386704,663,1,0.9009999999999962,3.44499999999789,6.417750002583489,1763220151141,1763220151372,,,,,,,,,,long,19723,734,305,224,0
l3_short_window,SHORT_WINDOW,24.0,0.5,300,2,118,ok,,0,1,25.02954102237709,663,1,0.4589999999999961,3.338999999999942,4.39820799510926,1763220171598,1763220171797,,,,,,,,,,long,15931,499,294,200,3
l3_short_window,SHORT_WINDOW,24.0,0.5,300,2,119,ok,,0,1,28.789459000108764,663,1,0.857999999999997,4.627999999998792,5.272915994282812,1763220188522,1763220188752,,,,,,,,,,long,19663,498,262,237,1
l3_short_window,SHORT_WINDOW,24.0,0.5,300,2,120,ok,,0,1,28.895125025883317,663,1,0.5530000000000044,3.7219999999997526,4.757083021104336,1763220209566,1763220209789,,,,,,,,,,long,18234,815,296,152,0
l3_short_window,SHORT_WINDOW,24.0,0.5,300,2,121,ok,,0,1,31.893292005406693,663,1,1.1599999999999966,5.884999999998399,6.932040996616706,1763220228344,1763220228568,,,,,,,,,,long,14989,388,318,157,1
l3_short_window,SHORT_WINDOW,24.0,0.5,300,2,122,ok,,0,1,24.330542015377432,663,1,0.5570000000000022,3.6419999999998254,4.972583003109321,1763220244268,1763220244474,,,,,,,,,,long,18161,320,296,153,0
l3_short_window,SHORT_WINDOW,24.0,0.5,300,2,123,ok,,0,1,32.76791700045578,663,1,0.4759999999999991,5.050999999997657,6.177749979542568,1763220263508,1763220263729,,,,,,,,,,long,16514,433,282,172,2
l3_short_window,SHORT_WINDOW,24.0,0.5,300,2,124,ok,,0,1,25.51437501097098,663,1,0.6159999999999997,2.973999999998341,3.5792920098174363,1763220281379,1763220281674,,,,,,,,,,long,20487,749,244,250,3
l3_short_window,SHORT_WINDOW,24.0,0.5,300,2,125,ok,,0,1,28.181000001495704,663,1,0.6089999999999982,3.5199999999986176,4.780042014317587,1763220302340,1763220302542,,,,,,,,,,long,19014,251,219,218,2
l3_short_window,SHORT_WINDOW,24.0,0.5,300,2,126,ok,,0,1,33.27866701874882,663,1,0.8790000000000049,5.9099999999998545,6.702290993416682,1763220322746,1763220323006,,,,,,,,,,long,19523,629,324,230,5
l3_short_window,SHORT_WINDOW,24.0,0.5,300,2,127,ok,,0,1,30.639042000984773,663,1,0.980000000000004,5.970999999999549,8.01941700046882,1763220343584,1763220343815,,,,,,,,,,long,19023,427,255,163,4
l3_short_window,SHORT_WINDOW,24.0,0.5,300,2,128,ok,,0,1,28.513291996205226,663,1,0.5000000000000036,6.536000000000058,7.062333985231817,1763220363118,1763220363332,,,,,,,,,,long,17596,464,338,158,7
l3_short_window,SHORT_WINDOW,24.0,0.5,300,2,129,ok,,0,1,30.83574998890981,663,1,0.8109999999999999,4.731999999998152,5.734583013691008,1763220381993,1763220382234,,,,,,,,,,long,15706,618,316,254,3
l3_short_window,SHORT_WINDOW,24.0,0.5,300,2,130,ok,,0,1,29.846457997336984,663,1,0.9439999999999955,4.030000000000655,5.546000000322238,1763220398697,1763220398921,,,,,,,,,,long,20307,640,292,156,3
l3_short_window,SHORT_WINDOW,24.0,0.5,300,2,131,ok,,0,3,1053.6917499848641,1989,3,0.6489999999999938,11.664999999997235,26.932957989629358,1763220420313,1763220421532,,,,,,,,,,long,19060,478,263,246,4
l3_short_window,SHORT_WINDOW,24.0,0.5,300,2,132,ok,,0,1,28.448209021007642,663,1,0.6950000000000003,4.42699999999968,5.616042006295174,1763220439608,1763220439832,,,,,,,,,,long,17521,252,212,206,3
l3_short_window,SHORT_WINDOW,24.0,0.5,300,2,133,ok,,0,1,29.44979097810574,663,1,0.6310000000000002,3.5690000000013242,8.367500005988404,1763220458304,1763220458506,,,,,,,,,,long,21602,491,268,172,3
l3_short_window,SHORT_WINDOW,24.0,0.5,300,2,134,ok,,0,3,1037.79187501641,1989,3,1.222999999999999,8.861000000002605,9.534874989185482,1763220480928,1763220482149,,,,,,,,,,long,17989,569,221,163,3
l3_short_window,SHORT_WINDOW,24.0,0.5,300,2,135,ok,,0,1,27.65266699134372,663,1,0.6210000000000022,3.800999999999476,4.830999998375773,1763220500174,1763220500402,,,,,,,,,,long,15817,839,350,279,1
l3_short_window,SHORT_WINDOW,24.0,0.5,300,2,136,ok,,0,1,30.302375002065673,663,1,0.578000000000003,4.000999999998385,5.010250024497509,1763220516681,1763220516913,,,,,,,,,,long,19271,577,204,151,4
l3_short_window,SHORT_WINDOW,24.0,0.5,300,2,137,ok,,0,1,30.120749986963347,663,1,1.0859999999999985,4.2549999999992,5.188832990825176,1763220536652,1763220536873,,,,,,,,,,long,20085,325,280,240,2
l3_short_window,SHORT_WINDOW,24.0,0.5,300,2,138,ok,,0,1,29.59504199679941,663,1,0.9819999999999993,3.855999999997948,4.975667019607499,1763220558256,1763220558504,,,,,,,,,,long,17999,822,269,159,2
l3_short_window,SHORT_WINDOW,24.0,0.5,300,2,139,ok,,0,1,25.527624995447695,663,1,0.49299999999999855,3.526000000001659,4.741082986583933,1763220577317,1763220577522,,,,,,,,,,long,14252,876,343,241,1
l3_short_window,SHORT_WINDOW,24.0,0.5,300,2,140,ok,,0,1,29.34958299738355,663,1,0.5180000000000078,5.404999999997017,6.479458010289818,1763220592193,1763220592417,,,,,,,,,,long,17583,538,293,261,1
l3_short_window,SHORT_WINDOW,24.0,0.5,300,2,141,ok,,0,1,26.59341599792242,663,1,0.5060000000000038,3.5689999999995052,4.987291991710663,1763220610551,1763220610769,,,,,,,,,,long,16775,291,243,194,2
l3_short_window,SHORT_WINDOW,24.0,0.5,300,2,142,ok,,0,1,28.526290989248082,663,1,0.9480000000000004,4.020999999997002,5.030708998674527,1763220628624,1763220628851,,,,,,,,,,long,13997,621,251,247,1
l3_short_window,SHORT_WINDOW,24.0,0.5,300,2,143,ok,,0,1,28.54841700172983,663,1,0.5100000000000016,3.5059999999994034,4.858875006902963,1763220643235,1763220643446,,,,,,,,,,long,19083,326,330,255,1
l3_short_window,SHORT_WINDOW,24.0,0.5,300,2,144,ok,,0,1,31.285334000131115,663,1,0.8019999999999925,4.641999999999825,6.076000019675121,1763220663345,1763220663566,,,,,,,,,,long,14883,353,301,161,4
l3_short_window,SHORT_WINDOW,24.0,0.5,300,2,145,ok,,0,1,30.8662089810241,663,1,0.5510000000000019,3.6369999999988067,4.884875001152977,1763220679105,1763220679325,,,,,,,,,,long,17970,291,266,252,4
l3_short_window,SHORT_WINDOW,24.0,0.5,300,2,146,ok,,0,1,30.756416992517188,663,1,0.5060000000000002,3.6460000000006403,5.04270798410289,1763220698634,1763220698849,,,,,,,,,,long,14025,898,251,188,1
l3_short_window,SHORT_WINDOW,24.0,0.5,300,2,147,ok,,0,1,32.278790982672945,663,1,0.6550000000000011,3.9500000000007276,5.086707998998463,1763220713386,1763220713603,,,,,,,,,,long,18748,693,300,267,0
l3_short_window,SHORT_WINDOW,24.0,0.5,300,2,148,ok,,0,1,28.51512501365505,663,1,0.5069999999999943,3.5709999999962747,4.851374978898093,1763220733279,1763220733499,,,,,,,,,,long,20309,834,201,251,2
l3_short_window,SHORT_WINDOW,24.0,0.5,300,2,149,ok,,0,1,25.987041008193046,663,1,0.6260000000000048,3.514999999999418,4.749457992147654,1763220754388,1763220754602,,,,,,,,,,long,14281,670,319,257,2
l3_short_window,SHORT_WINDOW,24.0,0.5,300,2,150,ok,,0,1,30.429375008679926,663,1,0.7830000000000013,4.791999999999462,5.9740830038208514,1763220769511,1763220769731,,,,,,,,,,long,15735,478,265,224,1
l3_short_window,SHORT_WINDOW,24.0,0.5,300,2,151,ok,,0,1,36.55674998299219,663,1,1.0080000000000027,3.6370000000006257,4.765250021591783,1763220786347,1763220786572,,,,,,,,,,long,19557,706,271,277,2
l3_short_window,SHORT_WINDOW,24.0,0.5,300,2,152,ok,,0,1,32.02208399306983,663,1,0.8279999999999959,5.769000000000233,6.691290996968746,1763220806615,1763220806849,,,,,,,,,,long,16636,364,261,199,1
l3_short_window,SHORT_WINDOW,24.0,0.5,300,2,153,ok,,0,1,29.832375003024936,663,1,0.6830000000000069,4.095999999999549,5.2465840126387775,1763220824721,1763220824961,,,,,,,,,,long,19547,800,262,245,3
l3_short_window,SHORT_WINDOW,24.0,0.5,300,2,154,ok,,0,1,28.431375016225502,663,1,0.5579999999999998,5.473000000001775,6.42216598498635,1763220844992,1763220845215,,,,,,,,,,long,16892,625,345,201,4
l3_short_window,SHORT_WINDOW,24.0,0.5,300,2,155,ok,,0,1,28.56187499128282,663,1,0.5790000000000006,3.499999999998181,4.800583003088832,1763220862534,1763220862748,,,,,,,,,,long,17126,303,213,220,4
l3_short_window,SHORT_WINDOW,24.0,0.5,300,2,156,ok,,0,1,31.423915992490947,663,1,0.76400000000001,4.914999999999054,8.350416988832876,1763220881446,1763220881659,,,,,,,,,,long,19258,627,231,241,5
l3_short_window,SHORT_WINDOW,24.0,0.5,300,2,157,ok,,0,1,30.553333985153586,663,1,0.6950000000000003,5.459000000000742,6.603875022847205,1763220901271,1763220901489,,,,,,,,,,long,15629,666,324,236,2
l3_short_window,SHORT_WINDOW,24.0,0.5,300,2,158,ok,,0,1,29.389500006800517,663,1,0.5379999999999967,3.805000000000291,5.149542004801333,1763220917965,1763220918190,,,,,,,,,,long,15748,741,321,274,4
l3_short_window,SHORT_WINDOW,24.0,0.5,300,2,159,ok,,0,1,28.865625004982576,663,1,0.8219999999999956,5.006999999997788,5.639791983412579,1763220934237,1763220934465,,,,,,,,,,long,18627,466,229,177,2
l3_short_window,SHORT_WINDOW,24.0,0.5,300,2,160,ok,,0,1,25.855874991975725,663,1,0.8850000000000051,4.104000000001179,5.415457999333739,1763220953972,1763220954201,,,,,,,,,,long,15889,515,292,165,1
l3_short_window,SHORT_WINDOW,24.0,0.5,300,2,161,ok,,0,1,26.40191701357253,663,1,0.7959999999999994,3.996000000001004,5.5907919886521995,1763220971187,1763220971428,,,,,,,,,,long,14354,846,337,192,1
l3_short_window,SHORT_WINDOW,24.0,0.5,300,2,162,ok,,0,1,28.711584018310532,663,1,0.5030000000000037,3.5649999999986903,4.9483340117149055,1763220986507,1763220986729,,,,,,,,,,long,14341,869,248,155,4
l3_short_window,SHORT_WINDOW,24.0,0.5,300,2,163,ok,,0,1,31.496625015279278,663,1,0.5199999999999996,4.247000000001208,5.314000009093434,1763221001145,1763221001363,,,,,,,,,,long,19822,287,211,240,4
l3_short_window,SHORT_WINDOW,24.0,0.5,300,2,164,ok,,0,1,29.29179201601073,663,1,0.5169999999999959,3.768000000000029,4.683207982452586,1763221022268,1763221022496,,,,,,,,,,long,20947,659,337,161,0
l3_short_window,SHORT_WINDOW,24.0,0.5,300,2,165,ok,,0,1,27.65904099214822,663,1,1.2620000000000005,5.479999999999563,6.947541987756267,1763221044311,1763221044568,,,,,,,,,,long,21178,693,219,279,1
l3_short_window,SHORT_WINDOW,24.0,0.5,300,2,166,ok,,0,1,26.41554200090468,663,1,0.5149999999999935,3.75,5.183583009056747,1763221066581,1763221066804,,,,,,,,,,long,17134,877,280,262,0
l3_short_window,SHORT_WINDOW,24.0,0.5,300,2,167,ok,,0,1,31.88624998438172,663,1,0.6129999999999995,3.588999999999942,4.665666987420991,1763221084531,1763221084749,,,,,,,,,,long,17200,722,337,167,2
l3_short_window,SHORT_WINDOW,24.0,0.5,300,2,168,ok,,0,1,27.059958985773847,663,1,0.7999999999999972,3.910999999998239,4.947375011397526,1763221102580,1763221102806,,,,,,,,,,long,17017,573,208,210,2
l3_short_window,SHORT_WINDOW,24.0,0.5,300,2,169,ok,,0,1,28.96641701227054,663,1,0.5229999999999961,3.539999999999054,4.664709005737677,1763221120216,1763221120420,,,,,,,,,,long,20456,423,200,227,5
l3_short_window,SHORT_WINDOW,24.0,0.5,300,2,170,ok,,0,1,25.708582979859784,663,1,1.2310000000000016,3.6370000000006257,4.823709023185074,1763221142086,1763221142307,,,,,,,,,,long,20955,900,295,161,7
l3_short_window,SHORT_WINDOW,24.0,0.5,300,2,171,ok,,0,1,30.580374994315207,663,1,0.7580000000000027,4.6229999999995925,5.8134169958066195,1763221164160,1763221164401,,,,,,,,,,long,16381,883,295,222,1
l3_short_window,SHORT_WINDOW,24.0,0.5,300,2,172,ok,,0,1,28.626457991776988,663,1,0.5740000000000052,3.606999999999971,4.907333001028746,1763221181294,1763221181516,,,,,,,,,,long,20546,789,335,256,3
l3_short_window,SHORT_WINDOW,24.0,0.5,300,2,173,ok,,0,1,24.413082981482148,663,1,0.4960000000000022,3.4909999999999854,4.735499998787418,1763221202549,1763221202764,,,,,,,,,,long,14748,580,284,156,1
l3_short_window,SHORT_WINDOW,24.0,0.5,300,2,174,ok,,0,1,25.513957982184365,663,1,0.5279999999999987,3.6380000000008295,5.05316600902006,1763221218470,1763221218706,,,,,,,,,,long,20126,714,295,219,1
l3_short_window,SHORT_WINDOW,24.0,0.5,300,2,175,ok,,0,1,29.36174999922514,663,1,0.4800000000000004,3.5690000000013242,4.6714170021004975,1763221239137,1763221239351,,,,,,,,,,long,20862,271,264,207,1
l3_short_window,SHORT_WINDOW,24.0,0.5,300,2,176,ok,,0,1,25.3460000094492,663,1,0.48600000000000065,3.3140000000003056,4.537208995316178,1763221260976,1763221261182,,,,,,,,,,long,18282,313,242,198,5
l3_short_window,SHORT_WINDOW,24.0,0.5,300,2,177,ok,,0,1,27.556333981920034,663,1,0.5160000000000018,3.495999999999185,5.193791992496699,1763221280792,1763221281004,,,,,,,,,,long,18014,845,325,269,2
l3_short_window,SHORT_WINDOW,24.0,0.5,300,2,178,ok,,0,1,26.09083300922066,663,1,0.49799999999999756,3.4099999999998545,4.668708017561585,1763221299347,1763221299558,,,,,,,,,,long,17397,478,316,213,2
l3_short_window,SHORT_WINDOW,24.0,0.5,300,2,179,ok,,0,1,26.513416989473626,663,1,0.5380000000000038,3.6450000000004366,4.66008301009424,1763221317913,1763221318135,,,,,,,,,,long,21718,635,235,249,1
l3_short_window,SHORT_WINDOW,24.0,0.5,300,2,180,ok,,0,1,29.591540980618447,663,1,0.5269999999999939,3.4279999999998836,4.76866599638015,1763221340228,1763221340438,,,,,,,,,,long,17707,292,241,233,6
l3_short_window,SHORT_WINDOW,24.0,0.5,300,2,181,ok,,0,1,24.524375010514632,663,1,0.5079999999999991,3.519000000000233,4.815374995814636,1763221359009,1763221359219,,,,,,,,,,long,17371,450,269,228,2
l3_short_window,SHORT_WINDOW,24.0,0.5,300,2,182,ok,,0,1,28.563582978677005,663,1,0.5300000000000011,3.594999999999345,5.0721250008791685,1763221377297,1763221377516,,,,,,,,,,long,19676,540,222,234,1
l3_short_window,SHORT_WINDOW,24.0,0.5,300,2,183,ok,,0,1,27.589249977609143,663,1,0.6579999999999977,3.5340000000014697,4.969583998899907,1763221398238,1763221398461,,,,,,,,,,long,14919,812,226,199,1
l3_short_window,SHORT_WINDOW,24.0,0.5,300,2,184,ok,,0,1,24.76591701270081,663,1,0.642000000000003,3.2769999999982247,4.247957986081019,1763221413761,1763221413972,,,,,,,,,,long,16892,531,334,235,2
l3_short_window,SHORT_WINDOW,24.0,0.5,300,2,185,ok,,0,1,27.547665988095105,663,1,0.5249999999999986,3.69800000000032,4.761709016747773,1763221432001,1763221432224,,,,,,,,,,long,16508,884,215,192,1
l3_short_window,SHORT_WINDOW,24.0,0.5,300,2,186,ok,,0,1,30.37629197933711,663,1,0.5030000000000037,3.496000000001004,4.849709017435089,1763221449099,1763221449308,,,,,,,,,,long,14873,550,331,168,0
l3_short_window,SHORT_WINDOW,24.0,0.5,300,2,187,ok,,0,1,25.619874999392778,663,1,0.48200000000000287,3.5490000000008877,4.82533298782073,1763221464967,1763221465183,,,,,,,,,,long,16945,540,270,218,2
l3_short_window,SHORT_WINDOW,24.0,0.5,300,2,188,ok,,0,1,28.34641601657495,663,1,0.5290000000000035,3.603000000000975,4.932958981953561,1763221482858,1763221483072,,,,,,,,,,long,16622,513,289,235,0
l3_short_window,SHORT_WINDOW,24.0,0.5,300,2,189,ok,,0,1,29.181000019889325,663,1,0.49600000000000577,3.507999999997992,4.859707987634465,1763221500531,1763221500745,,,,,,,,,,long,20994,586,317,162,3
l3_short_window,SHORT_WINDOW,24.0,0.5,300,2,190,ok,,0,1,29.41591598209925,663,1,0.5309999999999953,3.63300000000163,5.0066249968949705,1763221522761,1763221522986,,,,,,,,,,long,16383,814,240,155,0
l3_short_window,SHORT_WINDOW,24.0,0.5,300,2,191,ok,,0,1,29.115832992829382,663,1,0.536999999999999,3.6190000000005966,4.5870839967392385,1763221540235,1763221540455,,,,,,,,,,long,16771,845,328,226,6
l3_short_window,SHORT_WINDOW,24.0,0.5,300,2,192,ok,,0,1,26.563874998828396,663,1,0.5570000000000022,3.779000000000451,5.124749994138256,1763221557860,1763221558122,,,,,,,,,,long,20916,258,318,251,3
l3_short_window,SHORT_WINDOW,24.0,0.5,300,2,193,ok,,0,1,25.531583989504725,663,1,0.4940000000000033,3.514999999999418,4.811749997315928,1763221579568,1763221579782,,,,,,,,,,long,20263,613,303,269,3
l3_short_window,SHORT_WINDOW,24.0,0.5,300,2,194,ok,,0,1,27.563540992559865,663,1,0.514999999999997,3.5569999999988795,4.82254201779142,1763221600437,1763221600648,,,,,,,,,,long,18027,318,202,179,2
l3_short_window,SHORT_WINDOW,24.0,0.5,300,2,195,ok,,0,1,25.511749990982935,663,1,0.5269999999999975,3.577000000001135,4.986749991076067,1763221619568,1763221619784,,,,,,,,,,long,16929,466,326,159,2
l3_short_window,SHORT_WINDOW,24.0,0.5,300,2,196,ok,,0,1,28.734124993206933,663,1,0.79999999999999,3.7880000000004657,4.82629201724194,1763221637879,1763221638104,,,,,,,,,,long,17775,816,266,197,1
l3_short_window,SHORT_WINDOW,24.0,0.5,300,2,197,ok,,0,1,28.587083012098446,663,1,0.6589999999999883,3.672999999998865,4.754458001116291,1763221656667,1763221656891,,,,,,,,,,long,17929,830,297,219,1
l3_short_window,SHORT_WINDOW,24.0,0.5,300,2,198,ok,,0,1,21.6785840166267,663,1,0.504999999999999,3.3989999999976135,4.455707996385172,1763221675116,1763221675319,,,,,,,,,,long,18324,386,291,273,0
l3_short_window,SHORT_WINDOW,24.0,0.5,300,2,199,ok,,0,1,26.326624996727332,663,1,0.6209999999999987,3.6810000000023138,4.929541988531128,1763221694712,1763221694939,,,,,,,,,,long,21605,691,345,177,2
l3_short_window,SHORT_WINDOW,24.0,0.5,300,2,200,ok,,0,1,30.517291015712544,663,1,0.5249999999999986,3.7849999999998545,4.8545840254519135,1763221717232,1763221717462,,,,,,,,,,long,19673,629,234,161,2
l3_short_window,SHORT_WINDOW,24.0,0.5,300,2,201,ok,,0,1,25.350791023811325,663,1,0.5530000000000008,3.591999999998734,4.653957992559299,1763221737701,1763221737924,,,,,,,,,,long,14974,653,223,241,1
l3_short_window,SHORT_WINDOW,24.0,0.5,300,2,202,ok,,0,1,30.847207992337644,663,1,0.5240000000000009,3.6710000000020955,4.970832989783958,1763221753403,1763221753625,,,,,,,,,,long,18374,319,337,238,1
l3_short_window,SHORT_WINDOW,24.0,0.5,300,2,203,ok,,0,1,26.80691599380225,663,1,0.5379999999999967,3.5749999999970896,4.812375002074987,1763221773098,1763221773320,,,,,,,,,,long,17376,612,243,245,3
l3_short_window,SHORT_WINDOW,24.0,0.5,300,2,204,ok,,0,1,29.47433400549926,663,1,0.5440000000000005,3.638999999999214,4.936208017170429,1763221791427,1763221791660,,,,,,,,,,long,17494,598,248,249,3
l3_short_window,SHORT_WINDOW,24.0,0.5,300,2,205,ok,,0,1,27.801459014881402,663,1,0.600000000000005,3.654000000000451,4.777624999405816,1763221810048,1763221810268,,,,,,,,,,long,18051,757,340,174,5
l3_short_window,SHORT_WINDOW,24.0,0.5,300,2,206,ok,,0,1,28.31424999749288,663,1,0.490000000000002,3.42200000000048,4.675375006627291,1763221828602,1763221828818,,,,,,,,,,long,18996,424,293,221,2
l3_short_window,SHORT_WINDOW,24.0,0.5,300,2,207,ok,,0,1,26.065709011163563,663,1,0.4999999999999929,3.3980000000010477,4.635833000065759,1763221848899,1763221849122,,,,,,,,,,long,15297,671,333,261,2
l3_short_window,SHORT_WINDOW,24.0,0.5,300,2,208,ok,,0,1,27.114749973407015,663,1,1.1049999999999969,3.9830000000001746,4.970499983755872,1763221865536,1763221865759,,,,,,,,,,long,19081,891,336,211,6
l3_short_window,SHORT_WINDOW,24.0,0.5,300,2,209,ok,,0,1,30.912459013052285,663,1,0.5740000000000052,3.603000000000975,4.706375009845942,1763221885421,1763221885640,,,,,,,,,,long,17150,667,312,170,2
l3_short_window,SHORT_WINDOW,24.0,0.5,300,2,210,ok,,0,1,27.120292012114078,663,1,0.5280000000000022,3.576999999997497,4.635708988644183,1763221903561,1763221903795,,,,,,,,,,long,16595,670,228,246,3
l3_short_window,SHORT_WINDOW,24.0,0.5,300,2,211,ok,,0,1,29.61612501530908,663,1,0.5169999999999995,3.5280000000002474,4.80870800674893,1763221921038,1763221921251,,,,,,,,,,long,19746,580,262,258,3
l3_short_window,SHORT_WINDOW,24.0,0.5,300,2,212,ok,,0,1,27.36550002009608,663,1,0.7489999999999952,3.3060000000004948,4.960499994922429,1763221941831,1763221942055,,,,,,,,,,long,18057,653,249,238,2
l3_short_window,SHORT_WINDOW,24.0,0.5,300,2,213,ok,,0,1,27.823249984066933,663,1,0.4679999999999964,3.3039999999982683,4.55691700335592,1763221960510,1763221960721,,,,,,,,,,long,13859,285,209,259,0
l3_short_window,SHORT_WINDOW,24.0,0.5,300,2,214,ok,,0,1,29.465916974004358,663,1,0.804000000000002,4.210999999997512,6.759333016816527,1763221975604,1763221975832,,,,,,,,,,long,19284,519,223,157,3
l3_short_window,SHORT_WINDOW,24.0,0.5,300,2,215,ok,,0,1,29.253624990815297,663,1,0.8379999999999939,3.723999999998341,4.865208000410348,1763221995904,1763221996128,,,,,,,,,,long,19043,495,204,209,1
l3_short_window,SHORT_WINDOW,24.0,0.5,300,2,216,ok,,0,2,544.5206669974141,1326,2,1.9720000000000013,11.845999999999549,15.019292011857033,1763222015638,1763222016369,,,,,,,,,,long,18010,383,254,169,1
l3_short_window,SHORT_WINDOW,24.0,0.5,300,2,217,ok,,0,1,27.047582989325747,663,1,0.7089999999999996,3.4510000000027503,4.754374996991828,1763222034542,1763222034755,,,,,,,,,,long,13940,296,234,219,3
l3_short_window,SHORT_WINDOW,24.0,0.5,300,2,218,ok,,0,1,29.296499997144565,663,1,0.5630000000000024,3.5789999999997235,4.786291014170274,1763222050584,1763222050808,,,,,,,,,,long,18769,899,230,261,1
l3_short_window,SHORT_WINDOW,24.0,0.5,300,2,219,ok,,0,1,26.66466700611636,663,1,0.7220000000000013,4.667999999999665,6.280417001107708,1763222069247,1763222069479,,,,,,,,,,long,19738,332,211,196,6
l3_short_window,SHORT_WINDOW,24.0,0.5,300,2,220,ok,,0,1,26.571292022708803,663,1,0.5180000000000007,3.5489999999990687,4.823666997253895,1763222090403,1763222090621,,,,,,,,,,long,19660,707,229,172,4
l3_short_window,SHORT_WINDOW,24.0,0.5,300,2,221,ok,,0,1,31.95645901723765,663,1,0.7620000000000005,3.754000000000815,5.043749988544732,1763222110878,1763222111096,,,,,,,,,,long,16352,598,251,199,0
l3_short_window,SHORT_WINDOW,24.0,0.5,300,2,222,ok,,0,1,30.07350000552833,663,1,0.6299999999999955,5.094999999999345,7.057874987367541,1763222128783,1763222128995,,,,,,,,,,long,18499,692,286,227,2
l3_short_window,SHORT_WINDOW,24.0,0.5,300,2,223,ok,,0,1,28.591749985935166,663,1,0.657,3.724999999998545,5.214916978729889,1763222147666,1763222147877,,,,,,,,,,long,20825,565,326,167,1
l3_short_window,SHORT_WINDOW,24.0,0.5,300,2,224,ok,,0,1,28.763041977072135,663,1,0.669000000000004,3.3259999999991123,4.974458017386496,1763222169734,1763222169953,,,,,,,,,,long,17060,808,234,167,3
l3_short_window,SHORT_WINDOW,24.0,0.5,300,2,225,ok,,0,1,26.59824999864213,663,1,0.6380000000000017,3.5979999999999563,5.025667021982372,1763222187705,1763222187930,,,,,,,,,,long,16969,751,214,254,3
l3_short_window,SHORT_WINDOW,24.0,0.5,300,2,226,ok,,0,1,28.53624999988824,663,1,0.546999999999997,3.6370000000006257,4.582082998240367,1763222205862,1763222206085,,,,,,,,,,long,19906,886,226,169,1
l3_short_window,SHORT_WINDOW,24.0,0.5,300,2,227,ok,,0,1,27.78070801286958,663,1,0.6330000000000027,3.0310000000008586,4.328082985011861,1763222226310,1763222226510,,,,,,,,,,long,17543,517,288,229,3
l3_short_window,SHORT_WINDOW,24.0,0.5,300,2,228,ok,,0,1,27.707041008397937,663,1,0.5240000000000045,3.555000000000291,4.78383299196139,1763222244732,1763222244935,,,,,,,,,,long,18511,444,336,165,1
l3_short_window,SHORT_WINDOW,24.0,0.5,300,2,229,ok,,0,1,27.67516701715067,663,1,0.5769999999999982,3.735000000000582,5.1177079731132835,1763222264247,1763222264470,,,,,,,,,,long,20530,462,208,203,1
l3_short_window,SHORT_WINDOW,24.0,0.5,300,2,230,ok,,0,1,24.523083004169166,663,1,0.49900000000000233,3.4250000000010914,4.636208002921194,1763222285576,1763222285787,,,,,,,,,,long,20401,309,276,182,4
l3_short_window,SHORT_WINDOW,24.0,0.5,300,2,231,ok,,0,1,32.53591698012315,663,1,0.8569999999999993,3.0380000000004657,3.8843340007588267,1763222307834,1763222308053,,,,,,,,,,long,18793,717,348,159,3
l3_short_window,SHORT_WINDOW,24.0,0.5,300,2,232,ok,,0,1,25.517125002807006,663,1,0.5159999999999982,3.378000000000611,4.3876249983441085,1763222326803,1763222327008,,,,,,,,,,long,20674,435,271,236,4
l3_short_window,SHORT_WINDOW,24.0,0.5,300,2,233,ok,,0,1,25.32258300925605,663,1,0.5150000000000006,3.34900000000016,4.620583000360057,1763222348511,1763222348731,,,,,,,,,,long,15204,401,264,266,2
l3_short_window,SHORT_WINDOW,24.0,0.5,300,2,234,ok,,0,1,26.586249994579703,663,1,0.642000000000003,3.040999999999258,4.335707984864712,1763222365461,1763222365664,,,,,,,,,,long,17586,733,215,193,3
l3_short_window,SHORT_WINDOW,24.0,0.5,300,2,235,ok,,0,1,26.535334007348865,663,1,0.49099999999999966,3.449000000002343,4.7770829987712204,1763222383224,1763222383442,,,,,,,,,,long,14498,434,309,153,4
l3_short_window,SHORT_WINDOW,24.0,0.5,300,2,236,ok,,0,1,26.351208973210305,663,1,0.6150000000000055,3.0390000000006694,4.265583993401378,1763222399536,1763222399738,,,,,,,,,,long,16400,773,235,224,4
l3_short_window,SHORT_WINDOW,24.0,0.5,300,2,237,ok,,0,1,31.61820801324211,663,1,0.5430000000000064,5.218000000000757,6.052792014088482,1763222416424,1763222416644,,,,,,,,,,long,16470,765,226,213,4
l3_short_window,SHORT_WINDOW,24.0,0.5,300,2,238,ok,,0,1,28.380916017340496,663,1,0.4889999999999972,3.528999999998632,4.830874997423962,1763222433585,1763222433801,,,,,,,,,,long,14306,512,204,266,1
l3_short_window,SHORT_WINDOW,24.0,0.5,300,2,239,ok,,0,1,27.47574998647906,663,1,0.8919999999999959,3.631999999999607,4.8947909963317215,1763222449288,1763222449518,,,,,,,,,,long,14581,851,201,205,4
l3_short_window,SHORT_WINDOW,24.0,0.5,300,2,240,ok,,0,1,30.032459006179124,663,1,0.8640000000000043,3.3470000000015716,4.597332997946069,1763222464788,1763222465029,,,,,,,,,,long,19953,855,217,190,3
l3_short_window,SHORT_WINDOW,24.0,0.5,300,2,241,ok,,0,1,31.904000003123656,663,1,0.8189999999999991,3.67200000000048,5.06008299998939,1763222485214,1763222485432,,,,,,,,,,long,15388,353,284,198,4
l3_short_window,SHORT_WINDOW,24.0,0.5,300,2,242,ok,,0,1,26.682334020733833,663,1,0.6020000000000039,3.7009999999991123,4.993500013370067,1763222501706,1763222501920,,,,,,,,,,long,15332,484,245,173,1
l3_short_window,SHORT_WINDOW,24.0,0.5,300,2,243,ok,,0,1,29.67654197709635,663,1,0.8129999999999953,3.8589999999985594,5.141083005582914,1763222517811,1763222518030,,,,,,,,,,long,17048,317,207,155,2
l3_short_window,SHORT_WINDOW,24.0,0.5,300,2,244,ok,,0,1,29.886208998505026,663,1,0.5230000000000032,4.152000000001863,5.438833002699539,1763222536257,1763222536473,,,,,,,,,,long,17520,727,331,268,3
l3_short_window,SHORT_WINDOW,24.0,0.5,300,2,245,ok,,0,1,28.58733301400207,663,1,0.9189999999999969,3.709999999999127,4.759333009133115,1763222554427,1763222554650,,,,,,,,,,long,16286,395,298,258,5
l3_short_window,SHORT_WINDOW,24.0,0.5,300,2,246,ok,,0,1,28.54316699085757,663,1,0.747999999999994,3.727999999999156,4.859042004682124,1763222571758,1763222571981,,,,,,,,,,long,15456,462,324,272,2
l3_short_window,SHORT_WINDOW,24.0,0.5,300,2,247,ok,,0,1,23.549042001832277,663,1,0.7119999999999962,3.1750000000010914,4.820499976631254,1763222589104,1763222589308,,,,,,,,,,long,19866,887,346,272,6
l3_short_window,SHORT_WINDOW,24.0,0.5,300,2,248,ok,,0,1,27.15662500122562,663,1,0.6650000000000027,3.6159999999999854,4.733957990538329,1763222609080,1763222609291,,,,,,,,,,long,19907,501,277,260,1
l3_short_window,SHORT_WINDOW,24.0,0.5,300,2,249,ok,,0,1,28.021416015690193,663,1,0.8809999999999967,4.190999999998894,5.9556250052992254,1763222629900,1763222630120,,,,,,,,,,long,16748,413,220,195,2
l3_short_window,SHORT_WINDOW,24.0,0.5,300,2,250,ok,,0,1,27.385084016714245,663,1,0.7140000000000057,3.8869999999988067,5.457082996144891,1763222647941,1763222648162,,,,,,,,,,long,17209,683,334,185,1
l3_short_window,SHORT_WINDOW,24.0,0.5,300,2,251,ok,,0,1,31.078874977538362,663,1,1.4440000000000026,3.811999999999898,4.625834000762552,1763222666070,1763222666300,,,,,,,,,,long,14035,639,252,181,3
l3_short_window,SHORT_WINDOW,24.0,0.5,300,2,252,ok,,0,1,28.147625009296462,663,1,0.6259999999999977,3.643999999998414,4.764042008901015,1763222680901,1763222681116,,,,,,,,,,long,15455,482,276,278,2
l3_short_window,SHORT_WINDOW,24.0,0.5,300,2,253,ok,,0,1,27.990874979877844,663,1,0.830999999999996,3.673000000000684,5.106541997520253,1763222697570,1763222697790,,,,,,,,,,long,18195,790,327,187,0
l3_short_window,SHORT_WINDOW,24.0,0.5,300,2,254,ok,,0,1,30.593082978157327,663,1,0.8140000000000072,3.7700000000004366,5.126791977090761,1763222716665,1763222716890,,,,,,,,,,long,17516,748,343,212,5
l3_short_window,SHORT_WINDOW,24.0,0.5,300,2,255,ok,,0,1,27.46383400517516,663,1,0.7539999999999907,3.827999999997701,5.210665985941887,1763222735235,1763222735464,,,,,,,,,,long,19565,746,252,181,3
l3_short_window,SHORT_WINDOW,24.0,0.5,300,2,256,ok,,0,1,27.250958984950557,663,1,0.7459999999999951,3.158000000001266,4.4133340124972165,1763222755759,1763222755995,,,,,,,,,,long,15116,696,338,199,2
l3_short_window,SHORT_WINDOW,24.0,0.5,300,2,257,ok,,0,1,24.60141701158136,663,1,0.7489999999999952,3.5380000000004657,4.575500002829358,1763222771982,1763222772195,,,,,,,,,,long,20079,763,283,240,3
l3_short_window,SHORT_WINDOW,24.0,0.5,300,2,258,ok,,0,1,27.778999996371567,663,1,0.48300000000000054,3.90099999999984,4.743958008475602,1763222792545,1763222792738,,,,,,,,,,long,21061,307,291,236,0
l3_short_window,SHORT_WINDOW,24.0,0.5,300,2,259,ok,,0,1,25.712457980262116,663,1,0.9789999999999992,3.731000000001586,5.173083016416058,1763222815104,1763222815333,,,,,,,,,,long,17174,823,315,180,3
l3_short_window,SHORT_WINDOW,24.0,0.5,300,2,260,ok,,0,1,26.317832991480827,663,1,0.8329999999999984,4.3729999999995925,5.684750009095296,1763222834345,1763222834581,,,,,,,,,,long,21198,889,330,222,7
l3_short_window,SHORT_WINDOW,24.0,0.5,300,2,261,ok,,0,1,24.813458003336564,663,1,0.6829999999999963,3.355999999999767,4.565790994092822,1763222854862,1763222855066,,,,,,,,,,long,14159,396,253,219,0
l3_short_window,SHORT_WINDOW,24.0,0.5,300,2,262,ok,,0,1,28.395250003086403,663,1,0.732999999999997,3.7070000000003347,4.957207973347977,1763222870390,1763222870616,,,,,,,,,,long,18518,737,327,248,5
l3_short_window,SHORT_WINDOW,24.0,0.5,300,2,263,ok,,0,1,25.854083010926843,663,1,0.8129999999999953,3.9099999999998545,5.23320899810642,1763222889586,1763222889810,,,,,,,,,,long,21037,468,308,233,3
l3_short_window,SHORT_WINDOW,24.0,0.5,300,2,264,ok,,0,1,26.609874999849126,663,1,0.7190000000000012,4.070999999999913,5.390916980104521,1763222912033,1763222912262,,,,,,,,,,long,21739,842,280,231,3
l3_short_window,SHORT_WINDOW,24.0,0.5,300,2,265,ok,,0,1,30.42299998924136,663,1,0.796999999999997,3.6680000000014843,4.94479198823683,1763222934150,1763222934367,,,,,,,,,,long,20265,339,203,240,3
l3_short_window,SHORT_WINDOW,24.0,0.5,300,2,266,failed,wait_handover_response,0,3,507.05379198188893,1989,3,0.3329999999999984,0.0,0.0,1763222955634,,,,,,,,,,,long,20385,551,246,208,4
l3_short_window,SHORT_WINDOW,24.0,0.5,300,2,267,ok,,0,1,27.24550000857562,663,1,0.7599999999999945,3.588999999999942,4.907958005787805,1763222977033,1763222977239,,,,,,,,,,long,15931,582,345,202,3
l3_short_window,SHORT_WINDOW,24.0,0.5,300,2,268,ok,,0,1,27.05704199615866,663,1,0.8440000000000012,4.618000000000393,5.886083003133535,1763222994129,1763222994345,,,,,,,,,,long,16128,676,336,223,4
l3_short_window,SHORT_WINDOW,24.0,0.5,300,2,269,ok,,0,1,29.769750020932406,663,1,0.7819999999999965,3.959999999999127,5.419166991487145,1763223010926,1763223011149,,,,,,,,,,long,18130,347,310,276,4
l3_short_window,SHORT_WINDOW,24.0,0.5,300,2,270,ok,,0,3,1058.1088339968119,1989,3,1.538000000000011,8.903999999998632,10.973666998324916,1763223030315,1763223031626,,,,,,,,,,long,20314,560,341,190,1
l3_short_window,SHORT_WINDOW,24.0,0.5,300,2,271,ok,,0,1,25.634582998463884,663,1,0.6389999999999958,3.9870000000009895,4.951708018779755,1763223051868,1763223052120,,,,,,,,,,long,20077,312,344,195,0
l3_short_window,SHORT_WINDOW,24.0,0.5,300,2,272,ok,,0,1,25.860958005068824,663,1,0.6829999999999927,3.0419999999976426,3.9154580153990537,1763223072437,1763223072681,,,,,,,,,,long,18866,327,231,170,6
l3_short_window,SHORT_WINDOW,24.0,0.5,300,2,273,ok,,0,1,28.53250000043772,663,1,0.7320000000000064,3.9280000000017026,5.809916998259723,1763223092562,1763223092830,,,,,,,,,,long,21606,732,227,256,5
l3_short_window,SHORT_WINDOW,24.0,0.5,300,2,274,ok,,0,1,31.670458993176,663,1,0.7079999999999984,5.751000000002023,7.133916980819777,1763223114840,1763223115068,,,,,,,,,,long,19949,438,246,267,1
l3_short_window,SHORT_WINDOW,24.0,0.5,300,2,275,ok,,0,1,24.557041993830353,663,1,0.8369999999999962,3.7229999999999563,5.018083000322804,1763223135874,1763223136094,,,,,,,,,,long,19354,535,212,267,5
l3_short_window,SHORT_WINDOW,24.0,0.5,300,2,276,ok,,0,1,28.623583988519385,663,1,0.7730000000000032,4.355000000001382,5.779666011221707,1763223156158,1763223156386,,,,,,,,,,long,18494,538,265,260,1
l3_short_window,SHORT_WINDOW,24.0,0.5,300,2,277,ok,,0,1,27.304916991852224,663,1,0.777000000000001,3.779000000000451,5.229333008173853,1763223175497,1763223175729,,,,,,,,,,long,17511,383,335,195,1
l3_short_window,SHORT_WINDOW,24.0,0.5,300,2,278,ok,,0,2,527.9699589882512,1326,2,1.0409999999999968,4.329999999999927,5.730792006943375,1763223194158,1763223194893,,,,,,,,,,long,14856,506,273,161,5
l3_short_window,SHORT_WINDOW,24.0,0.5,300,2,279,ok,,0,1,27.102499996544793,663,1,0.982999999999997,3.8700000000008004,4.702165984781459,1763223210168,1763223210444,,,,,,,,,,long,16957,628,346,179,1
l3_short_window,SHORT_WINDOW,24.0,0.5,300,2,280,ok,,0,1,25.63829201972112,663,1,0.5899999999999963,3.5749999999989086,4.9410829960834235,1763223227898,1763223228115,,,,,,,,,,long,18781,429,268,242,5
l3_short_window,SHORT_WINDOW,24.0,0.5,300,2,281,ok,,0,1,30.23041700362228,663,1,0.847999999999999,4.599000000001979,6.017666979460046,1763223247977,1763223248199,,,,,,,,,,long,19394,683,307,158,0
l3_short_window,SHORT_WINDOW,24.0,0.5,300,2,282,ok,,0,1,30.91200001654215,663,1,0.7490000000000023,3.871000000001004,5.283208010951057,1763223268398,1763223268636,,,,,,,,,,long,18875,700,306,262,6
l3_short_window,SHORT_WINDOW,24.0,0.5,300,2,283,ok,,0,1,30.26358300121501,663,1,0.7249999999999943,3.7080000000041764,5.0456669996492565,1763223288105,1763223288326,,,,,,,,,,long,16592,591,347,215,2
l3_short_window,SHORT_WINDOW,24.0,0.5,300,2,284,ok,,0,1,25.034084013896063,663,1,0.8079999999999998,3.7330000000001746,4.654375021345913,1763223305959,1763223306183,,,,,,,,,,long,21028,893,310,274,2
l3_short_window,SHORT_WINDOW,24.0,0.5,300,2,285,ok,,0,1,29.713833006098866,663,1,0.7620000000000005,4.416999999997643,6.18141598533839,1763223327893,1763223328150,,,,,,,,,,long,15542,306,346,270,4
l3_short_window,SHORT_WINDOW,24.0,0.5,300,2,286,ok,,0,1,28.38587498990819,663,1,0.7389999999999972,3.899999999997817,5.199458013521507,1763223344120,1763223344351,,,,,,,,,,long,15430,691,234,184,2
l3_short_window,SHORT_WINDOW,24.0,0.5,300,2,287,ok,,0,1,31.70366701669991,663,1,0.8259999999999934,3.6969999999982974,5.125458003021777,1763223360518,1763223360737,,,,,,,,,,long,18403,697,243,254,2
l3_short_window,SHORT_WINDOW,24.0,0.5,300,2,288,ok,,0,1,30.17300000647083,663,1,0.8800000000000026,4.024999999999636,5.480833002366126,1763223379750,1763223379984,,,,,,,,,,long,17783,539,237,261,1
l3_short_window,SHORT_WINDOW,24.0,0.5,300,2,289,ok,,0,1,26.234457996906713,663,1,0.8489999999999895,3.644000000000233,4.8560830182395875,1763223398431,1763223398644,,,,,,,,,,long,15163,453,326,203,4
l3_short_window,SHORT_WINDOW,24.0,0.5,300,2,290,ok,,0,1,31.374707992654294,663,1,0.8040000000000056,3.7880000000004657,5.147082993062213,1763223414586,1763223414811,,,,,,,,,,long,16920,456,282,191,1
l3_short_window,SHORT_WINDOW,24.0,0.5,300,2,291,ok,,0,1,25.58229200076312,663,1,0.7839999999999989,3.605999999997948,4.86849999288097,1763223432678,1763223432900,,,,,,,,,,long,19497,681,331,237,1
l3_short_window,SHORT_WINDOW,24.0,0.5,300,2,292,ok,,0,1,29.853165993699804,663,1,0.8439999999999941,3.7819999999992433,5.090457998448983,1763223453214,1763223453446,,,,,,,,,,long,16770,716,245,232,1
l3_short_window,SHORT_WINDOW,24.0,0.5,300,2,293,ok,,0,1,27.315541985444725,663,1,0.9570000000000007,3.375,4.774415981955826,1763223471300,1763223471512,,,,,,,,,,long,16185,595,267,152,3
l3_short_window,SHORT_WINDOW,24.0,0.5,300,2,294,ok,,0,1,31.881083006737754,663,1,0.8460000000000036,3.9020000000000437,5.219000013312325,1763223488178,1763223488414,,,,,,,,,,long,21665,792,311,186,2
l3_short_window,SHORT_WINDOW,24.0,0.5,300,2,295,ok,,0,1,29.414916003588587,663,1,0.9630000000000081,3.9459999999980937,5.470458010677248,1763223510968,1763223511204,,,,,,,,,,long,17926,843,225,275,3
l3_short_window,SHORT_WINDOW,24.0,0.5,300,2,296,ok,,0,1,29.81995901791379,663,1,0.972999999999999,5.449000000000524,6.652999989455566,1763223529552,1763223529781,,,,,,,,,,long,17552,707,241,266,2
l3_short_window,SHORT_WINDOW,24.0,0.5,300,2,297,ok,,0,1,28.52637498290278,663,1,0.7939999999999969,3.77900000000227,5.124124989379197,1763223547616,1763223547837,,,,,,,,,,long,14274,277,217,174,1
l3_short_window,SHORT_WINDOW,24.0,0.5,300,2,298,ok,,0,1,30.025709012988955,663,1,0.8350000000000009,3.5970000000015716,4.680417012423277,1763223563478,1763223563705,,,,,,,,,,long,14884,857,342,185,6
l3_short_window,SHORT_WINDOW,24.0,0.5,300,2,299,ok,,0,1,29.58062500692904,663,1,0.777000000000001,3.8170000000009168,5.233417003182694,1763223578904,1763223579127,,,,,,,,,,long,20940,474,311,224,3
l3_short_window,SHORT_WINDOW,24.0,0.5,300,2,300,ok,,0,1,29.905417002737522,663,1,0.8909999999999982,3.2740000000012515,4.24416598980315,1763223600982,1763223601233,,,,,,,,,,long,17932,500,332,268,3
l3_short_window,SHORT_WINDOW,24.0,0.5,400,2,1,ok,,0,1,25.908292009262368,663,1,0.7679999999999971,3.7050000000017462,5.1470419857650995,1763223620045,1763223620259,,,,,,,,,,long,19217,660,305,277,3
l3_short_window,SHORT_WINDOW,24.0,0.5,400,2,2,ok,,0,1,28.246125002624467,663,1,0.806999999999995,3.691000000000713,4.903583991108462,1763223640105,1763223640319,,,,,,,,,,long,19774,440,298,187,5
l3_short_window,SHORT_WINDOW,24.0,0.5,400,2,3,ok,,0,1,29.881083988584578,663,1,0.7340000000000018,3.67699999999968,5.056958005297929,1763223660787,1763223661000,,,,,,,,,,long,15261,387,274,212,0
l3_short_window,SHORT_WINDOW,24.0,0.5,400,2,4,ok,,0,1,27.401833998737857,663,1,0.7700000000000031,3.6599999999980355,5.329207982867956,1763223676944,1763223677161,,,,,,,,,,long,18366,283,240,249,3
l3_short_window,SHORT_WINDOW,24.0,0.5,400,2,5,ok,,0,1,28.803749999497086,663,1,0.7989999999999995,4.092000000000553,5.563374987104908,1763223696306,1763223696529,,,,,,,,,,long,21366,335,329,231,3
l3_short_window,SHORT_WINDOW,24.0,0.5,400,2,6,ok,,0,1,26.38162497896701,663,1,0.8930000000000007,3.8879999999990105,5.343499971786514,1763223718972,1763223719183,,,,,,,,,,long,21218,710,310,258,3
l3_short_window,SHORT_WINDOW,24.0,0.5,400,2,7,ok,,0,1,27.280792011879385,663,1,0.7829999999999941,4.016999999999825,5.595458002062514,1763223740735,1763223740952,,,,,,,,,,long,21700,274,274,274,0
l3_short_window,SHORT_WINDOW,24.0,0.5,400,2,8,ok,,0,1,27.72429198375903,663,1,0.9600000000000009,4.032999999999447,5.3570000163745135,1763223763707,1763223763929,,,,,,,,,,long,18571,624,321,229,2
l3_short_window,SHORT_WINDOW,24.0,0.5,400,2,9,ok,,0,1,25.945707981009036,663,1,0.8719999999999999,3.933000000000902,4.945166991092265,1763223782902,1763223783119,,,,,,,,,,long,20926,329,258,266,2
l3_short_window,SHORT_WINDOW,24.0,0.5,400,2,10,ok,,0,1,28.922917001182213,663,1,0.7460000000000022,3.639000000001033,4.928832990117371,1763223805180,1763223805416,,,,,,,,,,long,15691,668,302,187,2
l3_short_window,SHORT_WINDOW,24.0,0.5,400,2,11,ok,,0,1,22.883875004481524,663,1,0.975999999999992,3.8289999999997235,5.098749999888241,1763223821620,1763223821851,,,,,,,,,,long,20830,478,244,201,3
l3_short_window,SHORT_WINDOW,24.0,0.5,400,2,12,ok,,0,1,24.21008300734684,663,1,1.4299999999999997,3.378999999998996,4.097958997590467,1763223843508,1763223843730,,,,,,,,,,long,21477,563,261,275,3
l3_short_window,SHORT_WINDOW,24.0,0.5,400,2,13,ok,,0,1,23.94258399726823,663,1,0.8089999999999975,3.6350000000002183,4.9012500094249845,1763223865795,1763223866010,,,,,,,,,,long,21742,329,329,234,1
l3_short_window,SHORT_WINDOW,24.0,0.5,400,2,14,ok,,0,1,29.55412500887178,663,1,0.7849999999999895,4.334000000000742,5.915540998103097,1763223888818,1763223889051,,,,,,,,,,long,17479,616,271,219,3
l3_short_window,SHORT_WINDOW,24.0,0.5,400,2,15,ok,,0,1,27.579166984651238,663,1,0.8299999999999983,3.632999999997992,4.812667000805959,1763223907462,1763223907686,,,,,,,,,,long,15101,865,340,271,4
l3_short_window,SHORT_WINDOW,24.0,0.5,400,2,16,ok,,0,1,25.66462499089539,663,1,0.8340000000000032,3.995999999999185,5.37541598896496,1763223923264,1763223923496,,,,,,,,,,long,20789,583,311,155,3
l3_short_window,SHORT_WINDOW,24.0,0.5,400,2,17,ok,,0,1,32.74583400343545,663,1,0.759999999999998,4.944999999999709,6.363208987750113,1763223945105,1763223945341,,,,,,,,,,long,19776,631,226,153,2
l3_short_window,SHORT_WINDOW,24.0,0.5,400,2,18,ok,,0,1,27.43270798237063,663,1,0.6789999999999949,3.783000000001266,5.1521249988581985,1763223965553,1763223965784,,,,,,,,,,long,16164,323,212,181,1
l3_short_window,SHORT_WINDOW,24.0,0.5,400,2,19,ok,,0,2,540.200667019235,1326,2,2.0330000000000013,11.064000000000306,14.178125013131648,1763223983718,1763223984453,,,,,,,,,,long,19850,824,349,257,2
l3_short_window,SHORT_WINDOW,24.0,0.5,400,2,20,ok,,0,1,29.15562500129454,663,1,1.0559999999999974,3.728000000000975,4.645916982553899,1763224003512,1763224003741,,,,,,,,,,long,19952,266,287,268,3
l3_short_window,SHORT_WINDOW,24.0,0.5,400,2,21,ok,,0,1,27.325250004651025,663,1,0.7370000000000019,3.191999999999098,4.441124998265877,1763224025393,1763224025626,,,,,,,,,,long,19778,826,345,179,1
l3_short_window,SHORT_WINDOW,24.0,0.5,400,2,22,ok,,0,1,28.633749985601753,663,1,0.7760000000000105,3.638999999997395,4.9399999843444675,1763224045288,1763224045523,,,,,,,,,,long,20528,436,319,270,0
l3_short_window,SHORT_WINDOW,24.0,0.5,400,2,23,ok,,0,1,29.976709018228576,663,1,0.9680000000000035,3.6370000000006257,4.986916988855228,1763224067037,1763224067266,,,,,,,,,,long,18466,667,207,251,0
l3_short_window,SHORT_WINDOW,24.0,0.5,400,2,24,ok,,0,3,1039.7281259938609,1989,3,0.8380000000000081,4.988000000001193,6.649540999205783,1763224086791,1763224088030,,,,,,,,,,long,17883,887,298,235,3
l3_short_window,SHORT_WINDOW,24.0,0.5,400,2,25,ok,,0,1,26.874832983594388,663,1,0.8029999999999973,3.1479999999992287,4.2895409860648215,1763224105229,1763224105450,,,,,,,,,,long,16257,523,284,212,1
l3_short_window,SHORT_WINDOW,24.0,0.5,400,2,26,ok,,0,1,23.860208981204778,663,1,0.8179999999999978,2.995999999999185,4.081249993760139,1763224122396,1763224122634,,,,,,,,,,long,20702,418,335,179,3
l3_short_window,SHORT_WINDOW,24.0,0.5,400,2,27,ok,,0,1,29.592915991088375,663,1,0.8099999999999952,3.816000000000713,5.086832999950275,1763224144370,1763224144589,,,,,,,,,,long,16128,670,204,157,3
l3_short_window,SHORT_WINDOW,24.0,0.5,400,2,28,ok,,0,1,27.7310419769492,663,1,0.7980000000000018,4.6270000000004075,6.192790984641761,1763224161148,1763224161371,,,,,,,,,,long,17922,507,262,167,3
l3_short_window,SHORT_WINDOW,24.0,0.5,400,2,29,ok,,0,1,29.707125009736046,663,1,0.8020000000000067,4.738999999999578,5.938542017247528,1763224180457,1763224180692,,,,,,,,,,long,21273,851,323,238,6
l3_short_window,SHORT_WINDOW,24.0,0.5,400,2,30,ok,,0,1,28.546208020998165,663,1,0.7800000000000011,3.899999999999636,5.275500006973743,1763224202112,1763224202322,,,,,,,,,,long,14841,309,278,225,2
l3_short_window,SHORT_WINDOW,24.0,0.5,400,2,31,ok,,0,1,29.923083988251165,663,1,0.8639999999999972,4.7040000000015425,6.203416007338092,1763224218074,1763224218299,,,,,,,,,,long,14389,438,227,169,2
l3_short_window,SHORT_WINDOW,24.0,0.5,400,2,32,ok,,0,1,30.102958990028128,663,1,0.7640000000000029,3.654999999998836,5.070082988822833,1763224233298,1763224233510,,,,,,,,,,long,18553,264,243,179,3
l3_short_window,SHORT_WINDOW,24.0,0.5,400,2,33,ok,,0,1,30.852666008286178,663,1,0.7669999999999924,4.287999999998647,5.532417009817436,1763224253002,1763224253215,,,,,,,,,,long,19421,384,240,161,3
l3_short_window,SHORT_WINDOW,24.0,0.5,400,2,34,ok,,0,1,25.708624976687133,663,1,0.8549999999999933,3.8029999999998836,5.010166991269216,1763224273770,1763224274001,,,,,,,,,,long,17125,837,211,228,2
l3_short_window,SHORT_WINDOW,24.0,0.5,400,2,35,ok,,0,1,25.312041980214417,663,1,0.779999999999994,3.747000000001208,5.087666999315843,1763224291652,1763224291877,,,,,,,,,,long,20003,611,293,163,3
l3_short_window,SHORT_WINDOW,24.0,0.5,400,2,36,ok,,0,1,25.338166014989838,663,1,0.8390000000000057,3.797999999998865,5.206874979194254,1763224312300,1763224312512,,,,,,,,,,long,21563,434,289,222,2
l3_short_window,SHORT_WINDOW,24.0,0.5,400,2,37,ok,,0,1,27.298083005007356,663,1,0.8710000000000022,3.705999999998312,4.950542002916336,1763224334779,1763224335006,,,,,,,,,,long,16820,293,301,219,4
l3_short_window,SHORT_WINDOW,24.0,0.5,400,2,38,ok,,0,1,27.917875006096438,663,1,0.7580000000000027,4.454999999998108,5.961415998172015,1763224353463,1763224353691,,,,,,,,,,long,19351,720,311,167,1
l3_short_window,SHORT_WINDOW,24.0,0.5,400,2,39,ok,,0,1,25.517125002807006,663,1,0.7880000000000038,3.7629999999990105,5.115499981911853,1763224373336,1763224373559,,,,,,,,,,long,14571,781,314,201,2
l3_short_window,SHORT_WINDOW,24.0,0.5,400,2,40,ok,,0,1,30.63262498471886,663,1,0.860000000000003,3.742999999998574,5.124874995090067,1763224388900,1763224389120,,,,,,,,,,long,13917,898,319,232,1
l3_short_window,SHORT_WINDOW,24.0,0.5,400,2,41,ok,,0,1,28.248374990653247,663,1,0.7689999999999984,3.7520000000004075,5.161665991181508,1763224404219,1763224404457,,,,,,,,,,long,15240,843,319,154,3
l3_short_window,SHORT_WINDOW,24.0,0.5,400,2,42,ok,,0,1,29.1090419923421,663,1,0.7310000000000016,4.231999999999971,6.1124170024413615,1763224419874,1763224420101,,,,,,,,,,long,21205,759,308,152,4
l3_short_window,SHORT_WINDOW,24.0,0.5,400,2,43,ok,,0,1,32.40399999776855,663,1,0.7740000000000009,3.7330000000019936,5.207541980780661,1763224441572,1763224441789,,,,,,,,,,long,17070,271,257,270,3
l3_short_window,SHORT_WINDOW,24.0,0.5,400,2,44,ok,,0,1,27.664875000482425,663,1,0.9549999999999983,3.7709999999988213,5.185375019209459,1763224460644,1763224460874,,,,,,,,,,long,13991,269,319,175,4
l3_short_window,SHORT_WINDOW,24.0,0.5,400,2,45,ok,,0,1,29.877749999286607,663,1,0.9260000000000019,3.6699999999982538,5.013292015064508,1763224474629,1763224474849,,,,,,,,,,long,17207,423,245,216,2
l3_short_window,SHORT_WINDOW,24.0,0.5,400,2,46,ok,,0,1,31.01220799726434,663,1,0.7609999999999957,3.6890000000003056,4.959957994287834,1763224492907,1763224493160,,,,,,,,,,long,14246,526,233,179,3
l3_short_window,SHORT_WINDOW,24.0,0.5,400,2,47,ok,,0,1,29.461750003974885,663,1,0.7609999999999992,3.522000000000844,4.30870900163427,1763224508224,1763224508438,,,,,,,,,,long,21648,580,253,193,2
l3_short_window,SHORT_WINDOW,24.0,0.5,400,2,48,ok,,0,1,29.196749994298443,663,1,0.6950000000000003,3.7889999999988504,4.528958001174033,1763224530589,1763224530816,,,,,,,,,,long,17938,358,248,197,3
l3_short_window,SHORT_WINDOW,24.0,0.5,400,2,49,ok,,0,1,31.878291978500783,663,1,0.7560000000000073,3.7179999999989377,5.076834000647068,1763224549425,1763224549644,,,,,,,,,,long,17149,311,210,175,3
l3_short_window,SHORT_WINDOW,24.0,0.5,400,2,50,ok,,0,1,27.78587499051355,663,1,0.8390000000000057,3.790000000000873,4.948957997839898,1763224568007,1763224568230,,,,,,,,,,long,13905,716,321,276,2
l3_short_window,SHORT_WINDOW,24.0,0.5,400,2,51,ok,,0,1,29.127083020284772,663,1,0.9749999999999943,3.6449999999986176,4.601249995175749,1763224583071,1763224583291,,,,,,,,,,long,14883,897,238,252,0
l3_short_window,SHORT_WINDOW,24.0,0.5,400,2,52,ok,,0,1,29.747416003374383,663,1,0.7409999999999997,3.8260000000009313,5.160041997442022,1763224598454,1763224598673,,,,,,,,,,long,19162,396,339,212,2
l3_short_window,SHORT_WINDOW,24.0,0.5,400,2,53,ok,,0,1,24.748249998083338,663,1,0.718,3.6460000000006403,4.9490829987917095,1763224618670,1763224618888,,,,,,,,,,long,20990,472,238,234,2
l3_short_window,SHORT_WINDOW,24.0,0.5,400,2,54,ok,,0,1,28.06508299545385,663,1,0.7929999999999993,4.386000000000422,5.567875021370128,1763224640832,1763224641054,,,,,,,,,,long,20616,646,327,218,4
l3_short_window,SHORT_WINDOW,24.0,0.5,400,2,55,ok,,0,1,28.234124998562038,663,1,0.8349999999999937,3.665000000000873,5.141583998920396,1763224662304,1763224662521,,,,,,,,,,long,16032,532,247,214,2
l3_short_window,SHORT_WINDOW,24.0,0.5,400,2,56,ok,,0,1,32.79787499923259,663,1,0.7490000000000023,4.049000000002707,5.385833996115252,1763224679391,1763224679622,,,,,,,,,,long,15117,586,240,258,0
l3_short_window,SHORT_WINDOW,24.0,0.5,400,2,57,ok,,0,1,26.86841698596254,663,1,0.877999999999993,3.8060000000023138,4.631583025911823,1763224695156,1763224695383,,,,,,,,,,long,18161,319,291,208,2
l3_short_window,SHORT_WINDOW,24.0,0.5,400,2,58,ok,,0,1,28.119708003941923,663,1,0.6190000000000069,3.6080000000001746,4.8200830060523,1763224714398,1763224714620,,,,,,,,,,long,19041,400,301,261,4
l3_short_window,SHORT_WINDOW,24.0,0.5,400,2,59,ok,,0,1,29.434708994813263,663,1,0.6940000000000062,3.8329999999987194,4.93487500352785,1763224734230,1763224734447,,,,,,,,,,long,15548,388,332,223,2
l3_short_window,SHORT_WINDOW,24.0,0.5,400,2,60,ok,,0,1,31.427916983375326,663,1,0.7489999999999952,6.137000000000626,7.560083991847932,1763224751460,1763224751671,,,,,,,,,,long,20772,587,205,158,5
l3_short_window,SHORT_WINDOW,24.0,0.5,400,2,61,ok,,0,1,26.49233298143372,663,1,0.8389999999999986,4.007000000001426,5.628540995530784,1763224773428,1763224773633,,,,,,,,,,long,16110,833,326,241,2
l3_short_window,SHORT_WINDOW,24.0,0.5,400,2,62,ok,,0,1,28.916082985233516,663,1,0.8180000000000014,3.6120000000009895,4.740375006804243,1763224789565,1763224789779,,,,,,,,,,long,14953,344,347,263,4
l3_short_window,SHORT_WINDOW,24.0,0.5,400,2,63,ok,,0,1,31.4545419823844,663,1,0.5700000000000003,3.300999999999476,4.745832993648946,1763224805740,1763224805954,,,,,,,,,,long,18735,772,265,179,1
l3_short_window,SHORT_WINDOW,24.0,0.5,400,2,64,ok,,0,1,28.658583003561944,663,1,0.777000000000001,3.57799999999952,4.87524998607114,1763224825058,1763224825272,,,,,,,,,,long,16276,340,303,199,2
l3_short_window,SHORT_WINDOW,24.0,0.5,400,2,65,ok,,0,1,26.64108300814405,663,1,0.7629999999999981,4.155000000000655,5.689749988960102,1763224842529,1763224842759,,,,,,,,,,long,14712,575,269,199,2
l3_short_window,SHORT_WINDOW,24.0,0.5,400,2,66,ok,,0,1,29.039124987320974,663,1,0.8049999999999997,3.631999999999607,4.97637499938719,1763224858048,1763224858268,,,,,,,,,,long,19597,386,236,274,7
l3_short_window,SHORT_WINDOW,24.0,0.5,400,2,67,ok,,0,1,31.00345897837542,663,1,1.107999999999997,3.9830000000001746,5.3162089898251,1763224879033,1763224879299,,,,,,,,,,long,13870,254,331,232,0
l3_short_window,SHORT_WINDOW,24.0,0.5,400,2,68,ok,,0,1,27.61570899747312,663,1,0.8159999999999954,3.769000000000233,5.072624975582585,1763224893678,1763224893899,,,,,,,,,,long,18893,593,284,248,4
l3_short_window,SHORT_WINDOW,24.0,0.5,400,2,69,ok,,0,1,30.59183299774304,663,1,0.862999999999996,3.8100000000013097,5.126916017616168,1763224913640,1763224913870,,,,,,,,,,long,18538,761,300,193,0
l3_short_window,SHORT_WINDOW,24.0,0.5,400,2,70,ok,,0,1,24.300207995111123,663,1,0.7570000000000014,3.719999999999345,4.948834015522152,1763224933164,1763224933374,,,,,,,,,,long,19306,783,260,268,3
l3_short_window,SHORT_WINDOW,24.0,0.5,400,2,71,ok,,0,1,27.80266702757217,663,1,0.629999999999999,3.6559999999990396,4.6081250184215605,1763224953192,1763224953405,,,,,,,,,,long,17578,516,310,273,0
l3_short_window,SHORT_WINDOW,24.0,0.5,400,2,72,ok,,0,1,26.790167001308873,663,1,0.8539999999999992,3.8029999999998836,5.153166013769805,1763224972084,1763224972311,,,,,,,,,,long,17374,824,236,270,4
l3_short_window,SHORT_WINDOW,24.0,0.5,400,2,73,ok,,0,1,31.420250015798956,663,1,0.7850000000000001,3.662000000000262,4.918124992400408,1763224989921,1763224990122,,,,,,,,,,long,16524,319,333,243,1
l3_short_window,SHORT_WINDOW,24.0,0.5,400,2,74,ok,,0,1,28.992041014134884,663,1,0.8429999999999964,3.59900000000016,4.7746250056661665,1763225007860,1763225008085,,,,,,,,,,long,21583,797,215,173,4
l3_short_window,SHORT_WINDOW,24.0,0.5,400,2,75,ok,,0,1,29.92341702338308,663,1,0.7909999999999968,3.849000000003798,5.235582997556776,1763225030333,1763225030592,,,,,,,,,,long,19283,275,302,204,5
l3_short_window,SHORT_WINDOW,24.0,0.5,400,2,76,ok,,0,1,26.339458010625094,663,1,0.7259999999999991,3.5229999999992287,4.762374999700114,1763225050675,1763225050894,,,,,,,,,,long,18242,854,344,189,1
l3_short_window,SHORT_WINDOW,24.0,0.5,400,2,77,ok,,0,1,27.912040997762233,663,1,0.7360000000000042,4.279999999998836,5.882124998606741,1763225069354,1763225069567,,,,,,,,,,long,18353,408,266,164,4
l3_short_window,SHORT_WINDOW,24.0,0.5,400,2,78,ok,,0,1,29.315500025404617,663,1,0.7419999999999973,4.493999999998778,5.532749986741692,1763225088599,1763225088820,,,,,,,,,,long,14032,316,234,276,1
l3_short_window,SHORT_WINDOW,24.0,0.5,400,2,79,ok,,0,1,28.975208988413215,663,1,0.5670000000000002,3.730999999999767,5.078666988993064,1763225104086,1763225104308,,,,,,,,,,long,21120,674,204,234,2
l3_short_window,SHORT_WINDOW,24.0,0.5,400,2,80,ok,,0,1,28.821790998335928,663,1,0.7790000000000035,3.8290000000033615,4.9892500101123005,1763225125959,1763225126187,,,,,,,,,,long,18356,494,248,280,3
l3_short_window,SHORT_WINDOW,24.0,0.5,400,2,81,ok,,0,1,29.81479201116599,663,1,0.838000000000001,3.709000000000742,5.059666989836842,1763225145690,1763225145910,,,,,,,,,,long,16097,876,311,258,2
l3_short_window,SHORT_WINDOW,24.0,0.5,400,2,82,ok,,0,1,29.389709001407027,663,1,0.7890000000000015,3.694999999999709,5.089541984489188,1763225162364,1763225162592,,,,,,,,,,long,14265,559,276,237,0
l3_short_window,SHORT_WINDOW,24.0,0.5,400,2,83,ok,,0,1,28.842416999395937,663,1,0.8539999999999992,3.9290000000000873,5.341999989468604,1763225177632,1763225177855,,,,,,,,,,long,15685,639,210,187,3
l3_short_window,SHORT_WINDOW,24.0,0.5,400,2,84,ok,,0,1,28.885707986773923,663,1,0.5990000000000038,3.669000000001688,5.413207982201129,1763225193815,1763225194035,,,,,,,,,,long,19190,301,335,243,1
l3_short_window,SHORT_WINDOW,24.0,0.5,400,2,85,ok,,0,1,27.31904201209545,663,1,0.8200000000000003,3.7259999999987485,4.559624998364598,1763225214502,1763225214731,,,,,,,,,,long,19246,869,320,222,2
l3_short_window,SHORT_WINDOW,24.0,0.5,400,2,86,ok,,0,1,27.466166007798165,663,1,0.845000000000006,3.7480000000014115,5.116291984450072,1763225234330,1763225234549,,,,,,,,,,long,17283,462,349,262,0
l3_short_window,SHORT_WINDOW,24.0,0.5,400,2,87,ok,,0,1,25.058665982214734,663,1,0.7539999999999978,3.6010000000005675,4.922457999782637,1763225252426,1763225252648,,,,,,,,,,long,20760,252,235,241,2
l3_short_window,SHORT_WINDOW,24.0,0.5,400,2,88,ok,,0,1,30.37370802485384,663,1,0.7409999999999997,3.738999999999578,5.134667007951066,1763225275217,1763225275435,,,,,,,,,,long,18674,291,304,158,2
l3_short_window,SHORT_WINDOW,24.0,0.5,400,2,89,ok,,0,1,29.82299998984672,663,1,0.8059999999999974,3.893999999998414,4.911583993816748,1763225294410,1763225294646,,,,,,,,,,long,19515,818,321,246,4
l3_short_window,SHORT_WINDOW,24.0,0.5,400,2,90,ok,,0,1,27.442374994279817,663,1,0.7639999999999958,3.7050000000017462,5.126584001118317,1763225314414,1763225314626,,,,,,,,,,long,14214,302,273,236,2
l3_short_window,SHORT_WINDOW,24.0,0.5,400,2,91,ok,,0,1,30.134666012600064,663,1,0.7860000000000014,4.300999999999476,5.8438340201973915,1763225330001,1763225330222,,,,,,,,,,long,17518,633,265,195,6
l3_short_window,SHORT_WINDOW,24.0,0.5,400,2,92,ok,,0,1,29.87429199856706,663,1,0.7239999999999966,3.908000000001266,5.297374998917803,1763225348559,1763225348784,,,,,,,,,,long,20397,678,245,273,3
l3_short_window,SHORT_WINDOW,24.0,0.5,400,2,93,ok,,0,1,29.491999972378835,663,1,0.9310000000000045,3.709999999999127,4.682833998231217,1763225369732,1763225369959,,,,,,,,,,long,20906,458,286,257,0
l3_short_window,SHORT_WINDOW,24.0,0.5,400,2,94,ok,,0,2,540.6260419986211,1326,2,0.9110000000000014,7.583999999998923,11.904499988304451,1763225392332,1763225393062,,,,,,,,,,long,17168,689,289,189,2
l3_short_window,SHORT_WINDOW,24.0,0.5,400,2,95,ok,,0,1,26.75441702012904,663,1,0.7650000000000006,3.8979999999992287,5.164667003555223,1763225410088,1763225410324,,,,,,,,,,long,19690,762,235,230,0
l3_short_window,SHORT_WINDOW,24.0,0.5,400,2,96,ok,,0,1,27.450541005237028,663,1,0.8399999999999963,3.9140000000006694,4.9896250129677355,1763225430888,1763225431127,,,,,,,,,,long,17157,834,236,235,3
l3_short_window,SHORT_WINDOW,24.0,0.5,400,2,97,ok,,0,1,31.461583013879135,663,1,0.8099999999999952,4.152000000000044,5.5463340249843895,1763225448562,1763225448781,,,,,,,,,,long,20096,449,280,164,9
l3_short_window,SHORT_WINDOW,24.0,0.5,400,2,98,ok,,0,1,34.31149999960326,663,1,0.7469999999999999,3.871000000001004,5.353832995751873,1763225469831,1763225470067,,,,,,,,,,long,16050,601,211,186,2
l3_short_window,SHORT_WINDOW,24.0,0.5,400,2,99,ok,,0,1,28.320834011537954,663,1,0.7070000000000007,3.57799999999952,4.807624995009974,1763225486663,1763225486875,,,,,,,,,,long,17316,436,280,212,6
l3_short_window,SHORT_WINDOW,24.0,0.5,400,2,100,ok,,0,1,30.455291998805478,663,1,0.5340000000000025,3.6719999999968422,4.9515840073581785,1763225504892,1763225505111,,,,,,,,,,long,13932,382,314,187,3
l3_short_window,SHORT_WINDOW,24.0,0.5,400,2,101,ok,,0,1,27.210542000830173,663,1,0.5029999999999966,3.644000000000233,4.822791990591213,1763225520038,1763225520251,,,,,,,,,,long,16649,612,328,279,2
l3_short_window,SHORT_WINDOW,24.0,0.5,400,2,102,ok,,0,1,31.75787499640137,663,1,0.774999999999995,3.742000000000189,5.043749988544732,1763225537780,1763225537997,,,,,,,,,,long,19576,709,331,267,4
l3_short_window,SHORT_WINDOW,24.0,0.5,400,2,103,ok,,0,1,32.05079198232852,663,1,0.7610000000000028,3.9399999999986903,5.325624981196597,1763225557956,1763225558183,,,,,,,,,,long,15754,371,349,171,2
l3_short_window,SHORT_WINDOW,24.0,0.5,400,2,104,ok,,0,1,31.768959015607834,663,1,0.8239999999999981,3.9059999999990396,4.795082990312949,1763225574668,1763225574894,,,,,,,,,,long,15699,299,280,179,2
l3_short_window,SHORT_WINDOW,24.0,0.5,400,2,105,ok,,0,1,26.50983299827203,663,1,0.9200000000000088,3.787000000000262,5.123999988427386,1763225591765,1763225591995,,,,,,,,,,long,20578,696,323,202,0
l3_short_window,SHORT_WINDOW,24.0,0.5,400,2,106,ok,,0,1,27.159208024386317,663,1,0.7819999999999965,3.341999999998734,4.6572909923270345,1763225613015,1763225613229,,,,,,,,,,long,16320,429,274,169,1
l3_short_window,SHORT_WINDOW,24.0,0.5,400,2,107,ok,,0,1,31.644375005271286,663,1,0.7519999999999989,3.691000000000713,4.880833992501721,1763225630411,1763225630638,,,,,,,,,,long,20997,506,318,202,5
l3_short_window,SHORT_WINDOW,24.0,0.5,400,2,108,ok,,0,1,31.263540993677452,663,1,0.8830000000000027,3.712999999999738,5.033374996855855,1763225652623,1763225652840,,,,,,,,,,long,17082,688,219,192,0
l3_short_window,SHORT_WINDOW,24.0,0.5,400,2,109,ok,,0,1,31.762957980390638,663,1,0.7749999999999986,3.7929999999978463,5.13733402476646,1763225670624,1763225670852,,,,,,,,,,long,14248,610,259,227,3
l3_short_window,SHORT_WINDOW,24.0,0.5,400,2,110,ok,,0,1,29.931541997939348,663,1,0.8530000000000015,3.7510000000002037,5.12066698865965,1763225685641,1763225685856,,,,,,,,,,long,17208,429,324,247,1
l3_short_window,SHORT_WINDOW,24.0,0.5,400,2,111,ok,,0,1,29.66000000014901,663,1,0.8870000000000005,3.7560000000012224,5.1410419982858,1763225703724,1763225703944,,,,,,,,,,long,14492,314,203,194,2
l3_short_window,SHORT_WINDOW,24.0,0.5,400,2,112,ok,,0,1,27.155791991390288,663,1,0.7809999999999988,3.7070000000003347,4.661040991777554,1763225720277,1763225720508,,,,,,,,,,long,17158,860,331,273,4
l3_short_window,SHORT_WINDOW,24.0,0.5,400,2,113,ok,,0,1,28.58437501708977,663,1,0.7250000000000014,3.701999999999316,4.980957979569212,1763225737375,1763225737574,,,,,,,,,,long,18915,320,322,222,2
l3_short_window,SHORT_WINDOW,24.0,0.5,400,2,114,ok,,0,1,27.11079199798405,663,1,0.5849999999999937,4.158999999999651,5.065042001660913,1763225757348,1763225757561,,,,,,,,,,long,14434,459,336,247,2
l3_short_window,SHORT_WINDOW,24.0,0.5,400,2,115,ok,,0,1,27.58320898283273,663,1,0.5910000000000082,3.537000000000262,4.5582500169985,1763225773481,1763225773701,,,,,,,,,,long,15823,771,241,239,4
l3_short_window,SHORT_WINDOW,24.0,0.5,400,2,116,ok,,0,1,27.661416999762878,663,1,0.9109999999999943,3.74199999999837,5.204083980061114,1763225789398,1763225789614,,,,,,,,,,long,17726,375,326,157,3
l3_short_window,SHORT_WINDOW,24.0,0.5,400,2,117,ok,,0,1,28.69833298609592,663,1,0.8370000000000033,3.7960000000002765,5.159082997124642,1763225808509,1763225808742,,,,,,,,,,long,15427,771,205,233,2
l3_short_window,SHORT_WINDOW,24.0,0.5,400,2,118,ok,,0,1,30.480084009468555,663,1,0.8470000000000013,3.8289999999997235,4.841583984671161,1763225824658,1763225824878,,,,,,,,,,long,21248,525,265,222,2
l3_short_window,SHORT_WINDOW,24.0,0.5,400,2,119,ok,,0,1,26.30058300564997,663,1,0.7359999999999971,4.5090000000018335,6.1662909865844995,1763225846947,1763225847165,,,,,,,,,,long,16318,607,299,218,6
l3_short_window,SHORT_WINDOW,24.0,0.5,400,2,120,ok,,0,1,28.701792005449533,663,1,0.7590000000000074,3.8179999999974825,5.170416989130899,1763225864379,1763225864611,,,,,,,,,,long,14281,690,317,156,4
l3_short_window,SHORT_WINDOW,24.0,0.5,400,2,121,ok,,0,1,24.689124984433874,663,1,0.6410000000000053,3.5750000000007276,4.931375005980954,1763225879707,1763225879934,,,,,,,,,,long,20904,859,270,226,4
l3_short_window,SHORT_WINDOW,24.0,0.5,400,2,122,ok,,0,1,29.89875100320205,663,1,0.9110000000000014,3.8000000000029104,5.072166997706518,1763225901369,1763225901592,,,,,,,,,,long,15919,483,282,246,1
l3_short_window,SHORT_WINDOW,24.0,0.5,400,2,123,ok,,0,1,27.514916990185156,663,1,0.8299999999999947,3.769000000000233,5.182915978366509,1763225918405,1763225918630,,,,,,,,,,long,21360,785,201,184,1
l3_short_window,SHORT_WINDOW,24.0,0.5,400,2,124,ok,,0,1,27.151167014380917,663,1,0.7789999999999964,3.7080000000005384,4.855207982473075,1763225940648,1763225940873,,,,,,,,,,long,15904,711,345,223,2
l3_short_window,SHORT_WINDOW,24.0,0.5,400,2,125,ok,,0,1,27.548667014343664,663,1,0.7590000000000003,3.6090000000003783,4.550957994069904,1763225957320,1763225957541,,,,,,,,,,long,13852,532,251,280,5
l3_short_window,SHORT_WINDOW,24.0,0.5,400,2,126,ok,,0,1,29.54150000005029,663,1,0.8509999999999991,3.709000000000742,5.0999590021092445,1763225972094,1763225972313,,,,,,,,,,long,19974,443,234,249,2
l3_short_window,SHORT_WINDOW,24.0,0.5,400,2,127,ok,,0,1,28.690791979897767,663,1,0.7370000000000019,4.242000000000189,5.724500020733103,1763225993031,1763225993245,,,,,,,,,,long,18166,440,297,258,2
l3_short_window,SHORT_WINDOW,24.0,0.5,400,2,128,ok,,0,1,29.435292002744973,663,1,0.7719999999999985,4.355999999999767,5.578584008617327,1763226012081,1763226012312,,,,,,,,,,long,20932,399,263,203,3
l3_short_window,SHORT_WINDOW,24.0,0.5,400,2,129,ok,,0,1,27.804207988083363,663,1,0.818000000000005,3.889000000001033,5.295707989716902,1763226033934,1763226034159,,,,,,,,,,long,18643,347,325,246,6
l3_short_window,SHORT_WINDOW,24.0,0.5,400,2,130,ok,,0,1,26.95158397546038,663,1,0.7450000000000045,3.8220000000001164,4.730665998067707,1763226054042,1763226054270,,,,,,,,,,long,16661,801,201,242,2
l3_short_window,SHORT_WINDOW,24.0,0.5,400,2,131,ok,,0,1,31.9232500041835,663,1,0.8130000000000024,3.640000000001237,4.734250018373132,1763226071269,1763226071473,,,,,,,,,,long,20317,365,344,269,5
l3_short_window,SHORT_WINDOW,24.0,0.5,400,2,132,ok,,0,1,29.000667011132464,663,1,0.6120000000000019,3.7850000000016735,5.011415982153267,1763226092704,1763226092930,,,,,,,,,,long,20071,465,203,165,6
l3_short_window,SHORT_WINDOW,24.0,0.5,400,2,133,ok,,0,1,28.597708005690947,663,1,0.6820000000000022,3.6719999999986612,4.826457996387035,1763226114211,1763226114432,,,,,,,,,,long,16174,842,218,200,1
l3_short_window,SHORT_WINDOW,24.0,0.5,400,2,134,ok,,0,1,26.547040994046256,663,1,0.6579999999999977,3.4979999999995925,4.7152499901130795,1763226131094,1763226131305,,,,,,,,,,long,19219,611,242,169,4
l3_short_window,SHORT_WINDOW,24.0,0.5,400,2,135,ok,,0,1,30.62750000390224,663,1,0.8269999999999911,3.6939999999995052,4.916207981295884,1763226151332,1763226151542,,,,,,,,,,long,15021,640,311,264,3
l3_short_window,SHORT_WINDOW,24.0,0.5,400,2,136,ok,,0,1,28.42208297806792,663,1,0.7839999999999989,3.6459999999988213,4.904125002212822,1763226167325,1763226167559,,,,,,,,,,long,21348,635,221,237,4
l3_short_window,SHORT_WINDOW,24.0,0.5,400,2,137,ok,,0,1,31.925125018460676,663,1,0.79999999999999,3.99199999999837,5.411291989730671,1763226189908,1763226190145,,,,,,,,,,long,18230,884,206,197,0
l3_short_window,SHORT_WINDOW,24.0,0.5,400,2,138,ok,,0,1,28.32583399140276,663,1,0.8939999999999984,4.626000000000204,5.890000000363216,1763226209112,1763226209334,,,,,,,,,,long,15120,861,206,198,3
l3_short_window,SHORT_WINDOW,24.0,0.5,400,2,139,ok,,0,1,26.861833001021296,663,1,0.7299999999999969,3.566999999999098,4.921625019051135,1763226224720,1763226224945,,,,,,,,,,long,16337,436,309,199,1
l3_short_window,SHORT_WINDOW,24.0,0.5,400,2,140,ok,,0,1,31.374749989481643,663,1,0.8669999999999902,3.870999999999185,5.190459021832794,1763226242006,1763226242238,,,,,,,,,,long,16924,409,332,190,2
l3_short_window,SHORT_WINDOW,24.0,0.5,400,2,141,ok,,0,1,29.838082991773263,663,1,0.7360000000000042,3.9980000000014115,5.199832987273112,1763226260140,1763226260366,,,,,,,,,,long,19312,651,294,238,2
l3_short_window,SHORT_WINDOW,24.0,0.5,400,2,142,ok,,0,1,28.834750002715737,663,1,0.607999999999997,3.8410000000003492,4.976083000656217,1763226280581,1763226280815,,,,,,,,,,long,14063,751,338,185,1
l3_short_window,SHORT_WINDOW,24.0,0.5,400,2,143,ok,,0,1,27.51129199168645,663,1,0.747000000000007,3.4839999999985594,4.882250010268763,1763226295778,1763226295998,,,,,,,,,,long,17951,502,328,203,2
l3_short_window,SHORT_WINDOW,24.0,0.5,400,2,144,ok,,0,1,31.143584026722237,663,1,0.9849999999999994,3.731999999999971,5.088541016448289,1763226314146,1763226314344,,,,,,,,,,long,14056,302,308,225,1
l3_short_window,SHORT_WINDOW,24.0,0.5,400,2,145,ok,,0,1,29.916750005213544,663,1,0.818000000000005,3.3869999999988067,4.5733329898212105,1763226329081,1763226329297,,,,,,,,,,long,15866,253,277,274,6
l3_short_window,SHORT_WINDOW,24.0,0.5,400,2,146,ok,,0,1,24.141083005815744,663,1,0.8089999999999904,3.74199999999837,5.1231670076958835,1763226346051,1763226346273,,,,,,,,,,long,16629,340,312,189,3
l3_short_window,SHORT_WINDOW,24.0,0.5,400,2,147,ok,,0,1,28.05154098314233,663,1,0.7789999999999893,4.06000000000131,5.4471250041387975,1763226364152,1763226364421,,,,,,,,,,long,17007,318,337,241,1
l3_short_window,SHORT_WINDOW,24.0,0.5,400,2,148,ok,,0,1,31.279916991479695,663,1,0.8629999999999995,4.877999999998792,6.107749999500811,1763226382171,1763226382408,,,,,,,,,,long,14073,814,274,211,1
l3_short_window,SHORT_WINDOW,24.0,0.5,400,2,149,ok,,0,1,31.80254198377952,663,1,0.857999999999997,4.8659999999999854,6.12050000927411,1763226396773,1763226397005,,,,,,,,,,long,21324,422,308,230,0
l3_short_window,SHORT_WINDOW,24.0,0.5,400,2,150,ok,,0,1,28.731459024129435,663,1,0.8620000000000019,3.8219999999982974,5.110500002047047,1763226419596,1763226419831,,,,,,,,,,long,21103,833,318,280,0
l3_short_window,SHORT_WINDOW,24.0,0.5,400,2,151,ok,,0,1,27.26070801145397,663,1,0.8019999999999996,3.6039999999993597,4.658124991692603,1763226441182,1763226441413,,,,,,,,,,long,16913,338,309,176,5
l3_short_window,SHORT_WINDOW,24.0,0.5,400,2,152,ok,,0,1,27.501959004439414,663,1,0.7190000000000083,3.7159999999985303,5.0627089804038405,1763226459644,1763226459865,,,,,,,,,,long,18573,827,274,269,1
l3_short_window,SHORT_WINDOW,24.0,0.5,400,2,153,ok,,0,1,29.607208998641,663,1,0.6320000000000014,3.6089999999985594,4.797000001417473,1763226478896,1763226479118,,,,,,,,,,long,14005,696,264,220,7
l3_short_window,SHORT_WINDOW,24.0,0.5,400,2,154,ok,,0,1,31.46212501451373,663,1,0.7690000000000055,4.113000000001193,5.594624992227182,1763226494016,1763226494291,,,,,,,,,,long,19574,292,342,154,2
l3_short_window,SHORT_WINDOW,24.0,0.5,400,2,155,ok,,0,1,27.743457991164178,663,1,0.6920000000000002,3.7550000000010186,5.066207988420501,1763226514035,1763226514261,,,,,,,,,,long,15932,328,268,274,2
l3_short_window,SHORT_WINDOW,24.0,0.5,400,2,156,ok,,0,1,28.44866699888371,663,1,0.8200000000000003,4.626000000000204,5.690624995622784,1763226531039,1763226531275,,,,,,,,,,long,21549,450,316,162,2
l3_short_window,SHORT_WINDOW,24.0,0.5,400,2,157,ok,,0,1,32.067166990600526,663,1,0.7019999999999982,3.687999999998283,4.605458001606166,1763226553596,1763226553855,,,,,,,,,,long,15719,497,221,268,3
l3_short_window,SHORT_WINDOW,24.0,0.5,400,2,158,ok,,0,1,24.27370799705386,663,1,0.7520000000000024,3.761000000000422,5.136457999469712,1763226570221,1763226570442,,,,,,,,,,long,15746,460,264,180,1
l3_short_window,SHORT_WINDOW,24.0,0.5,400,2,159,ok,,0,1,31.49062499869615,663,1,0.8300000000000054,3.8299999999999272,5.085540993604809,1763226587201,1763226587432,,,,,,,,,,long,13959,705,234,189,2
l3_short_window,SHORT_WINDOW,24.0,0.5,400,2,160,ok,,0,1,25.003625021781772,663,1,0.7090000000000103,3.263999999999214,4.215666005620733,1763226602776,1763226602997,,,,,,,,,,long,16390,845,347,259,1
l3_short_window,SHORT_WINDOW,24.0,0.5,400,2,161,ok,,0,1,30.550541006959975,663,1,0.7320000000000029,3.660999999998239,5.024124984629452,1763226619440,1763226619664,,,,,,,,,,long,18585,673,280,187,1
l3_short_window,SHORT_WINDOW,24.0,0.5,400,2,162,ok,,0,1,26.018540986115113,663,1,0.7490000000000023,3.655000000000655,4.827625001780689,1763226638619,1763226638809,,,,,,,,,,long,16617,277,310,150,1
l3_short_window,SHORT_WINDOW,24.0,0.5,400,2,163,ok,,0,1,29.148792003979906,663,1,0.7530000000000001,4.195999999999913,5.753832985647023,1763226656538,1763226656757,,,,,,,,,,long,19125,657,293,270,1
l3_short_window,SHORT_WINDOW,24.0,0.5,400,2,164,ok,,0,1,32.254375983029604,663,1,1.054000000000002,3.952000000001135,5.212417017901316,1763226676707,1763226676940,,,,,,,,,,long,21405,735,344,252,1
l3_short_window,SHORT_WINDOW,24.0,0.5,400,2,165,ok,,0,1,29.096084006596357,663,1,0.938999999999993,3.7999999999974534,5.053875007433817,1763226698985,1763226699214,,,,,,,,,,long,18237,597,244,189,5
l3_short_window,SHORT_WINDOW,24.0,0.5,400,2,166,ok,,0,1,26.661124982638285,663,1,0.7169999999999987,3.908000000001266,5.487000016728416,1763226717743,1763226717969,,,,,,,,,,long,21329,305,316,236,5
l3_short_window,SHORT_WINDOW,24.0,0.5,400,2,167,ok,,0,1,31.469665991608053,663,1,0.9160000000000039,4.427000000001499,5.624874989734963,1763226740141,1763226740364,,,,,,,,,,long,15074,595,268,193,2
l3_short_window,SHORT_WINDOW,24.0,0.5,400,2,168,ok,,0,1,29.700332990614697,663,1,0.8369999999999962,4.050999999997657,5.436999985249713,1763226756516,1763226756735,,,,,,,,,,long,19602,870,229,223,3
l3_short_window,SHORT_WINDOW,24.0,0.5,400,2,169,ok,,0,1,26.409792015329003,663,1,0.786999999999999,3.7479999999977736,4.632833995856345,1763226776784,1763226777005,,,,,,,,,,long,20094,592,255,207,5
l3_short_window,SHORT_WINDOW,24.0,0.5,400,2,170,ok,,0,1,28.81987497676164,663,1,0.6399999999999864,4.77100000000064,6.493458000477403,1763226797651,1763226797970,,,,,,,,,,long,17718,328,288,158,4
l3_short_window,SHORT_WINDOW,24.0,0.5,400,2,171,ok,,0,1,32.00600002310239,663,1,0.7680000000000007,4.417000000001281,5.6233329814858735,1763226816630,1763226816853,,,,,,,,,,long,18619,622,295,204,6
l3_short_window,SHORT_WINDOW,24.0,0.5,400,2,172,ok,,0,1,29.559082991909236,663,1,0.6029999999999944,3.154000000000451,4.164582991506904,1763226835895,1763226836150,,,,,,,,,,long,20674,446,346,263,2
l3_short_window,SHORT_WINDOW,24.0,0.5,400,2,173,ok,,0,1,30.915417009964585,663,1,0.8379999999999939,3.7150000000001455,5.03895798465237,1763226857912,1763226858138,,,,,,,,,,long,20958,874,310,214,0
l3_short_window,SHORT_WINDOW,24.0,0.5,400,2,174,ok,,0,1,28.763499984052032,663,1,0.7790000000000035,3.157999999999447,4.410541005199775,1763226880274,1763226880481,,,,,,,,,,long,21388,821,280,225,5
l3_short_window,SHORT_WINDOW,24.0,0.5,400,2,175,ok,,0,1,24.3437500030268,663,1,0.6329999999999956,3.0790000000015425,4.150666005443782,1763226902584,1763226902791,,,,,,,,,,long,18660,725,218,163,4
l3_short_window,SHORT_WINDOW,24.0,0.5,400,2,176,ok,,0,1,30.090374988503754,663,1,0.8009999999999948,3.745999999999185,4.970832989783958,1763226921953,1763226922184,,,,,,,,,,long,18718,892,333,203,3
l3_short_window,SHORT_WINDOW,24.0,0.5,400,2,177,ok,,0,1,28.521790984086692,663,1,0.8889999999999958,3.666000000001077,5.006332998163998,1763226941032,1763226941261,,,,,,,,,,long,20431,328,235,212,3
l3_short_window,SHORT_WINDOW,24.0,0.5,400,2,178,ok,,0,1,26.360291987657547,663,1,0.796999999999997,3.8369999999995343,5.162083019968122,1763226962676,1763226962901,,,,,,,,,,long,20743,544,345,223,3
l3_short_window,SHORT_WINDOW,24.0,0.5,400,2,179,ok,,0,1,29.66133301379159,663,1,0.8620000000000019,3.8209999999999127,5.208207992836833,1763226984250,1763226984481,,,,,,,,,,long,20206,375,219,195,1
l3_short_window,SHORT_WINDOW,24.0,0.5,400,2,180,ok,,0,1,25.559999980032444,663,1,0.7149999999999963,3.6739999999990687,5.35579098504968,1763227005631,1763227005850,,,,,,,,,,long,20808,562,234,191,3
l3_short_window,SHORT_WINDOW,24.0,0.5,400,2,181,ok,,0,1,28.456457977881655,663,1,0.7889999999999979,3.566999999999098,4.967667016899213,1763227027118,1763227027322,,,,,,,,,,long,21089,283,259,150,7
l3_short_window,SHORT_WINDOW,24.0,0.5,400,2,182,ok,,0,1,27.607375028310344,663,1,0.8179999999999978,4.597999999999956,5.790416005766019,1763227049695,1763227049918,,,,,,,,,,long,13785,897,349,263,1
l3_short_window,SHORT_WINDOW,24.0,0.5,400,2,183,ok,,0,1,27.203624980757013,663,1,0.4939999999999998,3.562999999998283,4.470999992918223,1763227063938,1763227064155,,,,,,,,,,long,19369,461,204,280,2
l3_short_window,SHORT_WINDOW,24.0,0.5,400,2,184,ok,,0,1,29.83933300129138,663,1,0.7479999999999976,4.246000000001004,5.757125007221475,1763227084502,1763227084729,,,,,,,,,,long,15503,617,336,195,1
l3_short_window,SHORT_WINDOW,24.0,0.5,400,2,185,ok,,0,1,27.41908299503848,663,1,1.108000000000004,3.9900000000016007,5.191792006371543,1763227101109,1763227101342,,,,,,,,,,long,20201,708,262,153,6
l3_short_window,SHORT_WINDOW,24.0,0.5,400,2,186,ok,,0,1,29.526500002248213,663,1,1.0210000000000008,3.709999999999127,4.682958009652793,1763227122202,1763227122417,,,,,,,,,,long,14535,617,309,195,2
l3_short_window,SHORT_WINDOW,24.0,0.5,400,2,187,ok,,0,1,25.206249993061647,663,1,0.7910000000000039,3.584000000000742,5.114416999276727,1763227137305,1763227137514,,,,,,,,,,long,16528,327,298,245,5
l3_short_window,SHORT_WINDOW,24.0,0.5,400,2,188,ok,,0,1,27.52099998178892,663,1,0.6589999999999989,3.654999999998836,4.918959020869806,1763227154984,1763227155213,,,,,,,,,,long,21739,534,348,159,5
l3_short_window,SHORT_WINDOW,24.0,0.5,400,2,189,ok,,0,1,28.17429101560265,663,1,0.820999999999998,3.7409999999999854,4.6826659818179905,1763227177849,1763227178076,,,,,,,,,,long,17086,717,331,211,6
l3_short_window,SHORT_WINDOW,24.0,0.5,400,2,190,ok,,0,1,32.54529199330136,663,1,0.634999999999998,4.328000000001339,5.485625006258488,1763227196023,1763227196258,,,,,,,,,,long,18204,888,308,232,1
l3_short_window,SHORT_WINDOW,24.0,0.5,400,2,191,ok,,0,1,26.846749999094754,663,1,0.732999999999997,3.570000000001528,4.765374993439764,1763227214738,1763227214959,,,,,,,,,,long,14862,435,218,160,0
l3_short_window,SHORT_WINDOW,24.0,0.5,400,2,192,ok,,0,1,27.92295897961594,663,1,0.9439999999999955,3.886000000000422,5.174250021809712,1763227230682,1763227230903,,,,,,,,,,long,17687,522,304,280,4
l3_short_window,SHORT_WINDOW,24.0,0.5,400,2,193,ok,,0,1,30.755917017813772,663,1,0.8059999999999974,4.07799999999952,5.451750010251999,1763227249379,1763227249607,,,,,,,,,,long,18819,462,276,178,1
l3_short_window,SHORT_WINDOW,24.0,0.5,400,2,194,ok,,0,1,26.537790981819853,663,1,0.6999999999999993,3.521999999997206,4.899833002127707,1763227269044,1763227269255,,,,,,,,,,long,17326,306,246,152,2
l3_short_window,SHORT_WINDOW,24.0,0.5,400,2,195,ok,,0,1,30.748666991712525,663,1,0.7179999999999964,3.9350000000013097,5.349041020963341,1763227287626,1763227287849,,,,,,,,,,long,18878,591,256,225,1
l3_short_window,SHORT_WINDOW,24.0,0.5,400,2,196,ok,,0,1,31.26212500501424,663,1,0.8079999999999998,3.8069999999988795,5.171541997697204,1763227307179,1763227307386,,,,,,,,,,long,20215,335,221,256,1
l3_short_window,SHORT_WINDOW,24.0,0.5,400,2,197,ok,,0,1,23.94908299902454,663,1,0.7669999999999959,3.5200000000004366,4.594541009282693,1763227328725,1763227328940,,,,,,,,,,long,19529,641,222,240,1
l3_short_window,SHORT_WINDOW,24.0,0.5,400,2,198,ok,,0,1,28.490041993791237,663,1,0.7490000000000023,3.647000000000844,5.019749980419874,1763227349415,1763227349624,,,,,,,,,,long,20883,878,238,241,3
l3_short_window,SHORT_WINDOW,24.0,0.5,400,2,199,ok,,0,1,27.828791993670166,663,1,0.919000000000004,3.536000000000058,4.746916994918138,1763227370809,1763227371031,,,,,,,,,,long,21409,402,345,256,3
l3_short_window,SHORT_WINDOW,24.0,0.5,400,2,200,ok,,0,1,28.568207984790206,663,1,0.7719999999999914,3.713999999998123,5.031790991779417,1763227393060,1763227393294,,,,,,,,,,long,15033,251,211,252,1
l3_short_window,SHORT_WINDOW,24.0,0.5,400,2,201,ok,,0,1,28.07816700078547,663,1,0.7710000000000008,4.493000000000393,5.615166999632493,1763227409473,1763227409701,,,,,,,,,,long,16579,631,308,245,2
l3_short_window,SHORT_WINDOW,24.0,0.5,400,2,202,ok,,0,1,28.656667011091486,663,1,0.838000000000001,3.5650000000005093,4.684958985308185,1763227426744,1763227426959,,,,,,,,,,long,20034,530,273,267,1
l3_short_window,SHORT_WINDOW,24.0,0.5,400,2,203,ok,,0,1,28.28187501290813,663,1,0.804000000000002,3.8070000000006985,4.928165988530964,1763227447950,1763227448175,,,,,,,,,,long,14039,685,210,193,1
l3_short_window,SHORT_WINDOW,24.0,0.5,400,2,204,ok,,0,1,30.437332985457033,663,1,0.8320000000000007,4.734999999998763,6.403292005416006,1763227463064,1763227463291,,,,,,,,,,long,18448,742,333,251,2
l3_short_window,SHORT_WINDOW,24.0,0.5,400,2,205,ok,,0,1,24.6272090007551,663,1,0.6829999999999998,4.064000000000306,5.045875004725531,1763227482421,1763227482646,,,,,,,,,,long,21094,640,243,181,2
l3_short_window,SHORT_WINDOW,24.0,0.5,400,2,206,ok,,0,1,29.58074997877702,663,1,0.7469999999999963,3.7289999999993597,5.0333750259596854,1763227504564,1763227504786,,,,,,,,,,long,14249,715,304,277,3
l3_short_window,SHORT_WINDOW,24.0,0.5,400,2,207,ok,,0,1,28.683709009783342,663,1,0.61099999999999,3.9879999999993743,5.400209018262103,1763227519372,1763227519598,,,,,,,,,,long,16190,394,253,211,1
l3_short_window,SHORT_WINDOW,24.0,0.5,400,2,208,ok,,0,1,29.34379200451076,663,1,0.9609999999999985,3.743000000000393,5.139249988133088,1763227536937,1763227537163,,,,,,,,,,long,17079,779,321,273,2
l3_short_window,SHORT_WINDOW,24.0,0.5,400,2,209,ok,,0,1,30.189417011570185,663,1,0.875,3.786000000001877,5.125416006194428,1763227554822,1763227555047,,,,,,,,,,long,17437,582,271,256,2
l3_short_window,SHORT_WINDOW,24.0,0.5,400,2,210,ok,,0,1,28.915417002281174,663,1,0.990000000000002,3.786999999998443,5.11150000966154,1763227573356,1763227573577,,,,,,,,,,long,14461,668,333,249,2
l3_short_window,SHORT_WINDOW,24.0,0.5,400,2,211,ok,,0,1,25.61045900802128,663,1,0.7849999999999966,3.677000000001499,4.8647090152371675,1763227588433,1763227588661,,,,,,,,,,long,15055,459,233,180,2
l3_short_window,SHORT_WINDOW,24.0,0.5,400,2,212,ok,,0,1,25.27158398879692,663,1,0.7620000000000005,3.5859999999993306,4.589666990796104,1763227604425,1763227604645,,,,,,,,,,long,18370,276,203,161,1
l3_short_window,SHORT_WINDOW,24.0,0.5,400,2,213,ok,,0,1,24.7330830025021,663,1,0.7319999999999922,3.400000000001455,4.647916997782886,1763227624016,1763227624231,,,,,,,,,,long,21524,543,297,158,2
l3_short_window,SHORT_WINDOW,24.0,0.5,400,2,214,ok,,0,1,27.06520797801204,663,1,0.8680000000000021,3.756999999997788,5.109165998874232,1763227646343,1763227646567,,,,,,,,,,long,16008,326,210,269,4
l3_short_window,SHORT_WINDOW,24.0,0.5,400,2,215,ok,,0,1,30.830040981527418,663,1,1.2379999999999995,3.8950000000004366,5.38479199167341,1763227663891,1763227664141,,,,,,,,,,long,18031,822,252,200,3
l3_short_window,SHORT_WINDOW,24.0,0.5,400,2,216,ok,,0,1,33.459250000305474,663,1,0.8740000000000023,5.102000000000771,6.707874999847263,1763227682371,1763227682597,,,,,,,,,,long,17786,480,347,241,7
l3_short_window,SHORT_WINDOW,24.0,0.5,400,2,217,ok,,0,1,23.27879102085717,663,1,0.7460000000000022,3.8539999999993597,5.15991699649021,1763227701009,1763227701244,,,,,,,,,,long,18356,444,240,158,2
l3_short_window,SHORT_WINDOW,24.0,0.5,400,2,218,ok,,0,1,30.14275000896305,663,1,0.722999999999999,3.997000000001208,5.15524999354966,1763227720482,1763227720718,,,,,,,,,,long,14608,563,318,208,1
l3_short_window,SHORT_WINDOW,24.0,0.5,400,2,219,ok,,0,1,28.32412501447834,663,1,0.8249999999999957,3.260999999998603,4.439999989699572,1763227736358,1763227736585,,,,,,,,,,long,18387,892,276,155,4
l3_short_window,SHORT_WINDOW,24.0,0.5,400,2,220,ok,,0,1,32.2574170131702,663,1,0.8419999999999916,6.033000000001266,7.439875014824793,1763227755604,1763227755832,,,,,,,,,,long,18523,869,327,169,3
l3_short_window,SHORT_WINDOW,24.0,0.5,400,2,221,ok,,0,1,23.494416003813967,663,1,0.7839999999999989,3.7599999999983993,5.039957992266864,1763227774780,1763227775000,,,,,,,,,,long,15127,519,272,165,1
l3_short_window,SHORT_WINDOW,24.0,0.5,400,2,222,ok,,0,1,30.296957993414253,663,1,0.9009999999999962,3.77599999999984,5.07820799248293,1763227791100,1763227791338,,,,,,,,,,long,16974,726,319,200,1
l3_short_window,SHORT_WINDOW,24.0,0.5,400,2,223,ok,,0,1,28.975791996344924,663,1,0.9339999999999975,3.9570000000003347,5.36966702202335,1763227809069,1763227809292,,,,,,,,,,long,14366,815,291,232,0
l3_short_window,SHORT_WINDOW,24.0,0.5,400,2,224,ok,,0,1,26.548333989921957,663,1,0.5799999999999983,3.5790000000015425,5.15095901209861,1763227824195,1763227824414,,,,,,,,,,long,21298,463,317,234,1
l3_short_window,SHORT_WINDOW,24.0,0.5,400,2,225,ok,,0,1,33.6787499836646,663,1,0.8509999999999991,5.560999999997875,6.916207988979295,1763227846871,1763227847113,,,,,,,,,,long,19654,784,200,206,2
l3_short_window,SHORT_WINDOW,24.0,0.5,400,2,226,ok,,0,1,31.672832992626354,663,1,1.0399999999999991,4.42200000000048,5.800999992061406,1763227867177,1763227867408,,,,,,,,,,long,19521,607,205,171,1
l3_short_window,SHORT_WINDOW,24.0,0.5,400,2,227,ok,,0,1,25.023249996593222,663,1,0.8419999999999987,3.7890000000006694,4.772584012243897,1763227887927,1763227888146,,,,,,,,,,long,14590,631,306,178,2
l3_short_window,SHORT_WINDOW,24.0,0.5,400,2,228,ok,,0,1,31.63633300573565,663,1,0.6770000000000067,3.9799999999977445,5.11224998626858,1763227903385,1763227903611,,,,,,,,,,long,18857,730,212,225,1
l3_short_window,SHORT_WINDOW,24.0,0.5,400,2,229,ok,,0,1,27.667875023325905,663,1,0.8519999999999968,3.8919999999998254,5.344874982256442,1763227922912,1763227923143,,,,,,,,,,long,21348,462,222,154,2
l3_short_window,SHORT_WINDOW,24.0,0.5,400,2,230,ok,,0,1,25.39591700769961,663,1,0.740000000000002,3.813000000001921,5.184459005249664,1763227945682,1763227945900,,,,,,,,,,long,17198,844,297,214,3
l3_short_window,SHORT_WINDOW,24.0,0.5,400,2,231,ok,,0,1,25.3966249874793,663,1,0.7719999999999985,3.735000000000582,5.168125004274771,1763227963344,1763227963563,,,,,,,,,,long,19123,532,230,258,3
l3_short_window,SHORT_WINDOW,24.0,0.5,400,2,232,ok,,0,1,26.62087499629706,663,1,0.6339999999999932,3.665999999999258,4.932874988298863,1763227983427,1763227983648,,,,,,,,,,long,15027,534,235,169,4
l3_short_window,SHORT_WINDOW,24.0,0.5,400,2,233,ok,,0,1,33.097250998253,663,1,0.7959999999999994,4.06499999999869,5.500833009136841,1763227999724,1763227999964,,,,,,,,,,long,13899,771,323,259,2
l3_short_window,SHORT_WINDOW,24.0,0.5,400,2,234,ok,,0,1,28.33566698245704,663,1,0.7810000000000059,3.5720000000001164,4.986790998373181,1763228014572,1763228014790,,,,,,,,,,long,18996,768,301,192,3
l3_short_window,SHORT_WINDOW,24.0,0.5,400,2,235,ok,,0,1,41.57016699900851,663,1,0.9819999999999993,12.527999999998428,19.33808298781514,1763228034455,1763228034684,,,,,,,,,,long,14675,655,212,257,4
l3_short_window,SHORT_WINDOW,24.0,0.5,400,2,236,ok,,0,1,28.872041002614424,663,1,1.2000000000000028,3.7339999999985594,5.034542002249509,1763228049858,1763228050074,,,,,,,,,,long,16850,408,307,267,4
l3_short_window,SHORT_WINDOW,24.0,0.5,400,2,237,ok,,0,1,31.72862497740425,663,1,0.8740000000000023,3.7039999999997235,4.958625009749085,1763228067924,1763228068151,,,,,,,,,,long,19453,626,317,169,4
l3_short_window,SHORT_WINDOW,24.0,0.5,400,2,238,ok,,0,1,28.060125012416393,663,1,0.7689999999999984,3.7590000000018335,4.887375020189211,1763228088464,1763228088692,,,,,,,,,,long,19738,884,335,270,3
l3_short_window,SHORT_WINDOW,24.0,0.5,400,2,239,ok,,0,1,32.24041700013913,663,1,0.8140000000000072,3.514000000001033,4.83150000218302,1763228108537,1763228108758,,,,,,,,,,long,17249,294,219,223,3
l3_short_window,SHORT_WINDOW,24.0,0.5,400,2,240,ok,,0,1,30.64154100138694,663,1,0.8459999999999965,4.867000000000189,6.545999989612028,1763228127295,1763228127529,,,,,,,,,,long,20593,799,334,183,0
l3_short_window,SHORT_WINDOW,24.0,0.5,400,2,241,ok,,0,1,25.43824998429045,663,1,0.6470000000000056,3.1570000000010623,4.316792008467019,1763228148500,1763228148731,,,,,,,,,,long,20077,534,329,179,2
l3_short_window,SHORT_WINDOW,24.0,0.5,400,2,242,ok,,0,1,27.94070797972381,663,1,0.769999999999996,4.199000000000524,6.118582998169586,1763228169548,1763228169765,,,,,,,,,,long,15992,491,268,208,1
l3_short_window,SHORT_WINDOW,24.0,0.5,400,2,243,ok,,0,1,31.159582984400913,663,1,0.7250000000000014,3.5020000000004075,4.677417018683627,1763228186610,1763228186827,,,,,,,,,,long,16325,613,226,150,3
l3_short_window,SHORT_WINDOW,24.0,0.5,400,2,244,ok,,0,1,26.821041014045477,663,1,0.9460000000000015,3.7659999999996217,5.157792009413242,1763228204072,1763228204313,,,,,,,,,,long,15267,789,251,199,3
l3_short_window,SHORT_WINDOW,24.0,0.5,400,2,245,ok,,0,1,24.54254199983552,663,1,0.759999999999998,3.540999999997439,4.76683399756439,1763228220058,1763228220274,,,,,,,,,,long,13852,587,325,208,3
l3_short_window,SHORT_WINDOW,24.0,0.5,400,2,246,ok,,0,1,28.92474998952821,663,1,0.7309999999999945,3.166000000001077,4.193875007331371,1763228235197,1763228235418,,,,,,,,,,long,17295,882,259,177,6
l3_short_window,SHORT_WINDOW,24.0,0.5,400,2,247,ok,,0,1,26.43941601854749,663,1,0.7419999999999973,3.897000000000844,5.437583022285253,1763228252790,1763228253009,,,,,,,,,,long,19115,400,331,275,1
l3_short_window,SHORT_WINDOW,24.0,0.5,400,2,248,ok,,0,1,26.755040977150202,663,1,0.7770000000000081,3.815999999998894,5.174040998099372,1763228272832,1763228273057,,,,,,,,,,long,18192,367,343,253,4
l3_short_window,SHORT_WINDOW,24.0,0.5,400,2,249,ok,,0,1,28.63262500613928,663,1,0.8100000000000023,3.605999999997948,4.905000008875504,1763228292446,1763228292675,,,,,,,,,,long,16042,792,280,221,2
l3_short_window,SHORT_WINDOW,24.0,0.5,400,2,250,ok,,0,1,27.561041002627462,663,1,0.8390000000000128,3.7600000000002183,5.247374996542931,1763228309317,1763228309534,,,,,,,,,,long,15153,661,294,275,2
l3_short_window,SHORT_WINDOW,24.0,0.5,400,2,251,ok,,0,1,28.073583991499618,663,1,1.0189999999999912,3.4950000000008004,4.582084016874433,1763228325595,1763228325829,,,,,,,,,,long,16266,836,283,279,2
l3_short_window,SHORT_WINDOW,24.0,0.5,400,2,252,ok,,0,1,29.08174999174662,663,1,0.9939999999999998,3.6200000000008004,4.9733339983504266,1763228342613,1763228342828,,,,,,,,,,long,14917,597,344,220,4
l3_short_window,SHORT_WINDOW,24.0,0.5,400,2,253,ok,,0,1,28.582958999322727,663,1,0.8539999999999921,4.3799999999992,5.630125000607222,1763228358669,1763228358893,,,,,,,,,,long,17088,767,315,233,1
l3_short_window,SHORT_WINDOW,24.0,0.5,400,2,254,ok,,0,1,26.486333983484656,663,1,0.8249999999999957,3.544000000001688,4.942290979670361,1763228376195,1763228376419,,,,,,,,,,long,15694,251,290,266,3
l3_short_window,SHORT_WINDOW,24.0,0.5,400,2,255,ok,,0,1,29.076540988171473,663,1,0.7010000000000005,3.5969999999979336,4.876416991464794,1763228393029,1763228393238,,,,,,,,,,long,20386,377,246,188,2
l3_short_window,SHORT_WINDOW,24.0,0.5,400,2,256,ok,,0,1,27.799540985142812,663,1,0.6679999999999993,3.559000000001106,4.7673750086687505,1763228414611,1763228414843,,,,,,,,,,long,16894,617,242,258,5
l3_short_window,SHORT_WINDOW,24.0,0.5,400,2,257,ok,,0,1,29.788958985591307,663,1,0.8129999999999953,3.930000000000291,4.949750000378117,1763228432640,1763228432870,,,,,,,,,,long,18214,739,314,156,1
l3_short_window,SHORT_WINDOW,24.0,0.5,400,2,258,ok,,0,1,26.987999997800216,663,1,0.75,3.3990000000012515,4.522584000369534,1763228451874,1763228452100,,,,,,,,,,long,20458,858,298,268,0
l3_short_window,SHORT_WINDOW,24.0,0.5,400,2,259,ok,,0,1,29.107125010341406,663,1,0.8099999999999952,3.9939999999987776,5.538500001421198,1763228473323,1763228473553,,,,,,,,,,long,20780,800,259,256,2
l3_short_window,SHORT_WINDOW,24.0,0.5,400,2,260,ok,,0,1,27.18000000459142,663,1,0.8490000000000038,3.6810000000004948,4.990624991478398,1763228494956,1763228495182,,,,,,,,,,long,18233,630,212,206,1
l3_short_window,SHORT_WINDOW,24.0,0.5,400,2,261,ok,,0,1,27.375042001949623,663,1,0.730000000000004,3.8650000000016007,5.100791982840747,1763228514336,1763228514563,,,,,,,,,,long,17015,837,250,269,1
l3_short_window,SHORT_WINDOW,24.0,0.5,400,2,262,ok,,0,1,28.03633300936781,663,1,0.9699999999999989,3.911999999998443,5.361082992749289,1763228532034,1763228532261,,,,,,,,,,long,13914,547,307,165,2
l3_short_window,SHORT_WINDOW,24.0,0.5,400,2,263,ok,,0,1,27.90541699505411,663,1,0.6499999999999986,3.925999999999476,5.1147089980077,1763228546801,1763228547035,,,,,,,,,,long,19419,449,275,221,3
l3_short_window,SHORT_WINDOW,24.0,0.5,400,2,264,ok,,0,1,33.03166601108387,663,1,0.7920000000000016,5.367999999998574,6.46758297807537,1763228567348,1763228567582,,,,,,,,,,long,19334,570,228,185,1
l3_short_window,SHORT_WINDOW,24.0,0.5,400,2,265,ok,,0,1,30.521292006596923,663,1,0.8939999999999984,3.9730000000017753,5.325500009348616,1763228587442,1763228587678,,,,,,,,,,long,17163,381,314,233,1
l3_short_window,SHORT_WINDOW,24.0,0.5,400,2,266,ok,,0,1,30.628165986854583,663,1,0.7819999999999965,3.731000000001586,5.008875014027581,1763228606006,1763228606224,,,,,,,,,,long,19066,744,216,232,2
l3_short_window,SHORT_WINDOW,24.0,0.5,400,2,267,ok,,0,1,27.72520898724906,663,1,0.8359999999999914,3.9690000000009604,5.456959013827145,1763228625940,1763228626171,,,,,,,,,,long,19375,673,329,253,3
l3_short_window,SHORT_WINDOW,24.0,0.5,400,2,268,ok,,0,1,27.233250002609566,663,1,0.8210000000000051,3.7189999999973224,5.148874974111095,1763228646382,1763228646612,,,,,,,,,,long,21678,809,244,222,5
l3_short_window,SHORT_WINDOW,24.0,0.5,400,2,269,ok,,0,1,31.086290982784703,663,1,0.6089999999999982,3.551000000001295,4.737124982057139,1763228668797,1763228669019,,,,,,,,,,long,18638,780,328,211,2
l3_short_window,SHORT_WINDOW,24.0,0.5,400,2,270,ok,,0,1,28.909292013850063,663,1,0.5290000000000035,3.50800000000163,4.770750005263835,1763228687962,1763228688184,,,,,,,,,,long,19380,387,212,244,3
l3_short_window,SHORT_WINDOW,24.0,0.5,400,2,271,ok,,0,1,26.933333021588624,663,1,0.7410000000000068,3.2380000000011933,4.488625010708347,1763228709184,1763228709402,,,,,,,,,,long,18579,817,344,215,3
l3_short_window,SHORT_WINDOW,24.0,0.5,400,2,272,ok,,0,1,26.309541979571804,663,1,0.497000000000007,3.4310000000004948,4.71654100692831,1763228728570,1763228728783,,,,,,,,,,long,17596,837,307,278,5
l3_short_window,SHORT_WINDOW,24.0,0.5,400,2,273,ok,,0,1,27.19008401618339,663,1,0.5940000000000047,3.1409999999996217,4.3333340145181865,1763228746184,1763228746388,,,,,,,,,,long,19716,495,260,206,6
l3_short_window,SHORT_WINDOW,24.0,0.5,400,2,274,ok,,0,1,26.146374992094934,663,1,0.5450000000000017,3.349999999998545,4.3653339962475,1763228766905,1763228767119,,,,,,,,,,long,21382,545,210,277,6
l3_short_window,SHORT_WINDOW,24.0,0.5,400,2,275,ok,,0,1,25.98095900611952,663,1,0.6139999999999972,3.3740000000016153,4.613291006535292,1763228788963,1763228789162,,,,,,,,,,long,19610,284,300,191,1
l3_short_window,SHORT_WINDOW,24.0,0.5,400,2,276,ok,,0,1,27.587916993070394,663,1,0.5239999999999938,3.5799999999999272,4.869832977419719,1763228809783,1763228810005,,,,,,,,,,long,21317,587,259,216,7
l3_short_window,SHORT_WINDOW,24.0,0.5,400,2,277,ok,,0,1,26.587917003780603,663,1,0.4740000000000002,3.492999999998574,4.75820800056681,1763228831912,1763228832129,,,,,,,,,,long,13817,480,236,223,1
l3_short_window,SHORT_WINDOW,24.0,0.5,400,2,278,ok,,0,1,31.0000829922501,663,1,0.5129999999999981,3.48200000000179,4.737500014016405,1763228846997,1763228847211,,,,,,,,,,long,16997,791,270,180,2
l3_short_window,SHORT_WINDOW,24.0,0.5,400,2,279,ok,,0,1,28.691250015981495,663,1,0.49499999999999744,3.36699999999837,4.524415999185294,1763228864586,1763228864796,,,,,,,,,,long,14898,481,302,190,1
l3_short_window,SHORT_WINDOW,24.0,0.5,400,2,280,ok,,0,1,22.318667004583403,663,1,0.6419999999999959,3.201999999999316,4.155125003308058,1763228880299,1763228880495,,,,,,,,,,long,19321,359,259,256,4
l3_short_window,SHORT_WINDOW,24.0,0.5,400,2,281,ok,,0,1,25.130750000244007,663,1,0.4960000000000022,3.4440000000013242,4.7293329844251275,1763228900722,1763228900932,,,,,,,,,,long,14089,519,208,195,1
l3_short_window,SHORT_WINDOW,24.0,0.5,400,2,282,ok,,0,1,28.011707996483892,663,1,0.5360000000000014,3.492999999998574,4.791374987689778,1763228915941,1763228916157,,,,,,,,,,long,16119,719,276,171,3
l3_short_window,SHORT_WINDOW,24.0,0.5,400,2,283,ok,,0,1,26.362290984252468,663,1,0.546999999999997,3.5169999999980064,4.515915992669761,1763228932971,1763228933197,,,,,,,,,,long,16496,704,246,234,1
l3_short_window,SHORT_WINDOW,24.0,0.5,400,2,284,ok,,0,1,25.633334007579833,663,1,0.5420000000000016,3.485000000000582,4.755166999530047,1763228950986,1763228951205,,,,,,,,,,long,14264,797,219,257,3
l3_short_window,SHORT_WINDOW,24.0,0.5,400,2,285,ok,,0,1,26.35141700739041,663,1,0.5410000000000004,3.4870000000009895,4.655374999856576,1763228965375,1763228965593,,,,,,,,,,long,18255,488,261,277,1
l3_short_window,SHORT_WINDOW,24.0,0.5,400,2,286,ok,,0,1,26.163583010202274,663,1,0.475000000000005,3.4790000000029977,4.764665995026007,1763228984878,1763228985093,,,,,,,,,,long,18502,704,308,276,3
l3_short_window,SHORT_WINDOW,24.0,0.5,400,2,287,ok,,0,1,28.354541980661452,663,1,0.48100000000000165,3.4900000000016007,4.6689159935340285,1763229004407,1763229004640,,,,,,,,,,long,17553,252,343,243,1
l3_short_window,SHORT_WINDOW,24.0,0.5,400,2,288,ok,,0,1,29.601083020679653,663,1,0.5039999999999978,3.5600000000013097,4.850708006415516,1763229022851,1763229023069,,,,,,,,,,long,20316,714,307,265,1
l3_short_window,SHORT_WINDOW,24.0,0.5,400,2,289,ok,,0,1,22.725457994965836,663,1,0.7949999999999946,2.9619999999995343,3.9292089932132512,1763229043938,1763229044153,,,,,,,,,,long,19643,622,287,198,2
l3_short_window,SHORT_WINDOW,24.0,0.5,400,2,290,ok,,0,1,27.44304100633599,663,1,0.46300000000000097,3.3320000000003347,4.540875001111999,1763229064504,1763229064710,,,,,,,,,,long,18490,610,266,207,3
l3_short_window,SHORT_WINDOW,24.0,0.5,400,2,291,ok,,0,1,33.72695797588676,663,1,0.5169999999999959,3.5279999999984284,4.772125015733764,1763229084018,1763229084246,,,,,,,,,,long,15534,630,213,236,3
l3_short_window,SHORT_WINDOW,24.0,0.5,400,2,292,ok,,0,1,32.77658298611641,663,1,0.5060000000000002,3.522000000000844,4.535874992143363,1763229100658,1763229100866,,,,,,,,,,long,14547,811,323,216,1
l3_short_window,SHORT_WINDOW,24.0,0.5,400,2,293,ok,,0,1,29.479916993295774,663,1,0.629999999999999,3.6459999999988213,4.937959020026028,1763229115901,1763229116125,,,,,,,,,,long,16137,558,221,169,3
l3_short_window,SHORT_WINDOW,24.0,0.5,400,2,294,ok,,0,1,26.207624992821366,663,1,0.5549999999999997,3.0339999999978318,4.164292011409998,1763229133313,1763229133514,,,,,,,,,,long,19763,827,249,202,6
l3_short_window,SHORT_WINDOW,24.0,0.5,400,2,295,ok,,0,1,32.00941701652482,663,1,0.5259999999999962,3.6959999999980937,5.05916599649936,1763229154021,1763229154238,,,,,,,,,,long,15596,805,306,274,2
l3_short_window,SHORT_WINDOW,24.0,0.5,400,2,296,ok,,0,1,29.751541005680338,663,1,0.5390000000000015,3.4840000000003783,4.5064160076435655,1763229170436,1763229170662,,,,,,,,,,long,14304,859,314,217,2
l3_short_window,SHORT_WINDOW,24.0,0.5,400,2,297,ok,,0,1,26.886999985435978,663,1,0.48100000000000165,3.414999999999054,4.62308299029246,1763229185659,1763229185873,,,,,,,,,,long,16442,834,338,274,0
l3_short_window,SHORT_WINDOW,24.0,0.5,400,2,298,ok,,0,1,31.29312500823289,663,1,0.5120000000000005,3.6970000000001164,4.9910419911611825,1763229202899,1763229203133,,,,,,,,,,long,18363,743,348,218,4
l3_short_window,SHORT_WINDOW,24.0,0.5,400,2,299,ok,,0,1,26.286000007530674,663,1,0.45799999999999486,3.283000000001266,4.437916999449953,1763229221783,1763229221981,,,,,,,,,,long,14324,305,236,193,1
l3_short_window,SHORT_WINDOW,24.0,0.5,400,2,300,ok,,0,1,28.89149999828078,663,1,0.5059999999999931,3.460000000000946,4.691749985795468,1763229237083,1763229237314,,,,,,,,,,long,18653,381,333,216,4
