scenario,mode,rtt_ms,loss_pct,timeout_ms,pto,run,status,failed_stage,errno,attempts,latency_ms,bytes_online,msgs_online,cpu_ms_ue,cpu_ms_leo2,cpu_ms_ground,cpu_ms_ncc,processing_ms_leo2,ts5,ts6,rain_profile,bw_factor,down_rate_mbps,up_rate_mbps,bad_ticks,total_ticks,bad_ratio,blackout_events,blackout_ticks,window_profile,window_duration_ms,uplink_delay_ms,down_ready_ms,guard_close_ms,scheduled_blackouts,combo_index
ren_short_window,SHORT_WINDOW,28.000,0.1/0.1/0.01,200,2,1,ok,,0,1,115.7635420004226,1527.0,6,0.8629999999999924,0.0519999999999925,0.04600000000000648,0.04600000000000648,0.0,1762437226245,1762437226361,,,,,,,,,,short+short,7127,884,316,235,1,0
ren_short_window,SHORT_WINDOW,28.000,0.1/0.1/0.01,200,2,2,ok,,0,1,76.60083300015685,1530.0,6,0.5279999999999987,0.036000000000001364,0.0589999999999975,0.0589999999999975,0.0,1762437236920,1762437236997,,,,,,,,,,short+short,6991,433,249,204,1,0
ren_short_window,SHORT_WINDOW,28.000,0.1/0.1/0.01,200,2,3,ok,,0,1,77.91695800005982,1530.0,6,0.6439999999999984,0.06100000000000705,0.055999999999997385,0.055999999999997385,0.0,1762437247990,1762437248068,,,,,,,,,,short+short,6786,419,257,152,1,0
ren_short_window,SHORT_WINDOW,28.000,0.1/0.1/0.01,200,2,4,ok,,0,1,73.36674999987736,1529.0,6,0.6280000000000072,0.10900000000002308,0.05999999999998806,0.05999999999998806,0.0,1762437259570,1762437259643,,,,,,,,,,short+short,6182,611,271,230,4,0
ren_short_window,SHORT_WINDOW,28.000,0.1/0.1/0.01,200,2,5,ok,,0,1,70.81599999946775,1530.0,6,0.7950000000000017,0.07800000000000296,0.045000000000015916,0.045000000000015916,0.0,1762437269275,1762437269346,,,,,,,,,,short+short,5991,299,341,253,3,0
ren_short_window,SHORT_WINDOW,28.000,0.1/0.1/0.01,300,2,1,ok,,0,1,65.36950000008801,1528.0,6,0.5700000000000003,0.0730000000000075,0.03899999999998727,0.03899999999998727,0.0,1762437278821,1762437278886,,,,,,,,,,short+short,5908,283,219,264,3,0
ren_short_window,SHORT_WINDOW,28.000,0.1/0.1/0.01,300,2,2,ok,,0,1,77.83658300013485,1529.0,6,0.47100000000000364,0.029000000000010573,0.0379999999999967,0.0379999999999967,0.0,1762437289463,1762437289541,,,,,,,,,,short+short,5763,284,306,234,0,0
ren_short_window,SHORT_WINDOW,28.000,0.1/0.1/0.01,300,2,3,ok,,0,1,83.18470900030661,1530.0,6,0.46399999999999864,0.047000000000011255,0.04999999999999716,0.04999999999999716,0.0,1762437298852,1762437298936,,,,,,,,,,short+short,6064,770,317,240,0,0
ren_short_window,SHORT_WINDOW,28.000,0.1/0.1/0.01,300,2,4,ok,,0,1,69.21141699967848,1530.0,6,0.5889999999999986,0.06199999999999761,0.060000000000002274,0.060000000000002274,0.0,1762437308298,1762437308367,,,,,,,,,,short+short,6646,555,297,274,2,0
ren_short_window,SHORT_WINDOW,28.000,0.1/0.1/0.01,300,2,5,ok,,0,1,78.07466700069199,1528.0,6,0.5519999999999996,0.05299999999999727,0.0420000000000158,0.0420000000000158,0.0,1762437318813,1762437318891,,,,,,,,,,short+short,5895,378,315,252,0,0
ren_short_window,SHORT_WINDOW,28.000,0.1/0.1/0.01,400,2,1,ok,,0,1,67.79191700024967,1531.0,6,0.6119999999999948,0.04899999999999238,0.049000000000006594,0.049000000000006594,0.0,1762437329049,1762437329117,,,,,,,,,,short+short,7510,551,325,209,2,0
ren_short_window,SHORT_WINDOW,28.000,0.1/0.1/0.01,400,2,2,ok,,0,1,69.43387499995879,1532.0,6,0.4450000000000003,0.03999999999996362,0.042999999999992156,0.042999999999992156,0.0,1762437340119,1762437340188,,,,,,,,,,short+short,6820,317,215,163,4,0
ren_short_window,SHORT_WINDOW,28.000,0.1/0.1/0.01,400,2,3,ok,,0,1,73.84791700042115,1531.0,6,0.48499999999999943,0.025000000000034106,0.04200000000000159,0.04200000000000159,0.0,1762437350870,1762437350944,,,,,,,,,,short+short,6935,718,331,196,0,0
ren_short_window,SHORT_WINDOW,28.000,0.1/0.1/0.01,400,2,4,ok,,0,1,77.75391700033651,1531.0,6,0.5019999999999953,0.04099999999999682,0.0379999999999967,0.0379999999999967,0.0,1762437362439,1762437362517,,,,,,,,,,short+short,7001,623,289,211,4,0
ren_short_window,SHORT_WINDOW,28.000,0.1/0.1/0.01,400,2,5,ok,,0,3,885.5386249997537,1792.0,8,2.2280000000000015,0.1589999999999634,0.19000000000001194,0.19000000000001194,0.0,1762437372684,1762437373569,,,,,,,,,,short+short,6482,325,329,183,0,0
ren_short_window,SHORT_WINDOW,28.000,0.1/0.1/0.01,200,2,1,ok,,0,1,74.31787499990605,1530.0,6,0.9000000000000057,0.025999999999982037,0.0420000000000158,0.0420000000000158,0.0,1762437384544,1762437384619,,,,,,,,,,short+mid,7256,806,302,191,3,1
ren_short_window,SHORT_WINDOW,28.000,0.1/0.1/0.01,200,2,2,ok,,0,1,70.72645799962629,1530.0,6,0.6259999999999977,0.12000000000000455,0.060000000000002274,0.060000000000002274,0.0,1762437401383,1762437401454,,,,,,,,,,short+mid,7214,617,317,162,4,1
ren_short_window,SHORT_WINDOW,28.000,0.1/0.1/0.01,200,2,3,ok,,0,1,68.71612499980984,1528.0,6,0.7450000000000045,0.10099999999997067,0.1980000000000075,0.1980000000000075,0.0,1762437417060,1762437417129,,,,,,,,,,short+mid,6010,426,200,262,2,1
ren_short_window,SHORT_WINDOW,28.000,0.1/0.1/0.01,200,2,4,ok,,0,3,495.281999999861,1794.0,8,1.8430000000000035,0.33899999999999864,0.19400000000000261,0.19400000000000261,0.0,1762437432737,1762437433232,,,,,,,,,,short+mid,6228,627,342,187,4,1
ren_short_window,SHORT_WINDOW,28.000,0.1/0.1/0.01,200,2,5,ok,,0,1,74.56683399959729,1529.0,6,0.6729999999999947,0.07999999999998408,0.055999999999997385,0.055999999999997385,0.0,1762437447146,1762437447220,,,,,,,,,,short+mid,5946,766,238,231,3,1
ren_short_window,SHORT_WINDOW,28.000,0.1/0.1/0.01,300,2,1,ok,,0,1,70.9339999993972,1533.0,6,0.4450000000000003,0.036000000000001364,0.026999999999986812,0.026999999999986812,0.0,1762437462326,1762437462397,,,,,,,,,,short+mid,6056,591,275,159,1,1
ren_short_window,SHORT_WINDOW,28.000,0.1/0.1/0.01,300,2,2,ok,,0,1,71.90212500063353,1530.0,6,0.4580000000000055,0.03899999999998727,0.03699999999999193,0.03699999999999193,0.0,1762437475547,1762437475619,,,,,,,,,,short+mid,7565,431,345,279,0,1
ren_short_window,SHORT_WINDOW,28.000,0.1/0.1/0.01,300,2,3,ok,,0,1,75.43587500003923,1530.0,6,0.42500000000000426,0.03700000000000614,0.03499999999998238,0.03499999999998238,0.0,1762437490045,1762437490121,,,,,,,,,,short+mid,6923,340,286,275,2,1
ren_short_window,SHORT_WINDOW,28.000,0.1/0.1/0.01,300,2,4,ok,,0,1,78.50412500010862,1530.0,6,0.41799999999999926,0.02800000000002001,0.05299999999999727,0.05299999999999727,0.0,1762437503528,1762437503606,,,,,,,,,,short+mid,6293,783,206,191,0,1
ren_short_window,SHORT_WINDOW,28.000,0.1/0.1/0.01,300,2,5,ok,,0,1,76.59658299962757,1532.0,6,0.45400000000000773,0.04199999999997317,0.034000000000006025,0.034000000000006025,0.0,1762437520722,1762437520798,,,,,,,,,,short+mid,6557,498,217,201,4,1
ren_short_window,SHORT_WINDOW,28.000,0.1/0.1/0.01,400,2,1,ok,,0,1,74.49545800045598,1528.0,6,0.6070000000000064,0.05699999999998795,0.05500000000000682,0.05500000000000682,0.0,1762437536326,1762437536400,,,,,,,,,,short+mid,6127,525,333,195,2,1
ren_short_window,SHORT_WINDOW,28.000,0.1/0.1/0.01,400,2,2,ok,,0,1,79.96158300011302,1529.0,6,0.47399999999999665,0.03700000000000614,0.028000000000005798,0.028000000000005798,0.0,1762437551447,1762437551527,,,,,,,,,,short+mid,7320,862,327,164,2,1
ren_short_window,SHORT_WINDOW,28.000,0.1/0.1/0.01,400,2,3,ok,,0,1,79.11962500020309,1531.0,6,0.41100000000000136,0.036000000000001364,0.03200000000001069,0.03200000000001069,0.0,1762437567307,1762437567386,,,,,,,,,,short+mid,6226,554,341,269,0,1
ren_short_window,SHORT_WINDOW,28.000,0.1/0.1/0.01,400,2,4,ok,,0,3,898.4913760004929,1791.0,8,1.9080000000000013,0.3410000000000082,0.18599999999999284,0.18599999999999284,0.0,1762437584043,1762437584942,,,,,,,,,,short+mid,6685,766,293,276,3,1
ren_short_window,SHORT_WINDOW,28.000,0.1/0.1/0.01,400,2,5,ok,,0,1,69.9525830004859,1531.0,6,0.4549999999999983,0.04099999999999682,0.031999999999996476,0.031999999999996476,0.0,1762437600384,1762437600454,,,,,,,,,,short+mid,7687,322,264,162,4,1
ren_short_window,SHORT_WINDOW,28.000,0.1/0.1/0.01,200,2,1,ok,,0,1,71.57612500031973,1530.0,6,0.4709999999999894,0.03100000000000591,0.03499999999999659,0.03499999999999659,0.0,1762437615828,1762437615899,,,,,,,,,,short+long,7522,639,208,201,5,2
ren_short_window,SHORT_WINDOW,28.000,0.1/0.1/0.01,200,2,2,ok,,0,1,77.41575000000012,1530.0,6,0.4609999999999985,0.025000000000005684,0.0379999999999967,0.0379999999999967,0.0,1762437636448,1762437636525,,,,,,,,,,short+long,7665,304,213,187,4,2
ren_short_window,SHORT_WINDOW,28.000,0.1/0.1/0.01,200,2,3,failed,leo_timeout,0,3,603.598583999883,399.0,3,0.6239999999999952,0.0,0.0,0.0,0.0,,,,,,,,,,,,short+long,7081,611,300,177,7,2
ren_short_window,SHORT_WINDOW,28.000,0.1/0.1/0.01,200,2,4,ok,,0,1,73.01570799972978,1530.0,6,0.6360000000000028,0.09199999999998454,0.08199999999999363,0.08199999999999363,0.0,1762437680951,1762437681024,,,,,,,,,,short+long,6255,767,239,184,4,2
ren_short_window,SHORT_WINDOW,28.000,0.1/0.1/0.01,200,2,5,ok,,0,1,79.43579200036766,1529.0,6,0.4450000000000003,0.03300000000001546,0.030000000000001137,0.030000000000001137,0.0,1762437700568,1762437700648,,,,,,,,,,short+long,6577,713,346,246,2,2
ren_short_window,SHORT_WINDOW,28.000,0.1/0.1/0.01,300,2,1,ok,,0,1,69.84212499992282,1530.0,6,0.652000000000001,0.09499999999999886,0.05100000000000193,0.05100000000000193,0.0,1762437725346,1762437725416,,,,,,,,,,short+long,7383,422,234,238,3,2
ren_short_window,SHORT_WINDOW,28.000,0.1/0.1/0.01,300,2,2,ok,,0,1,78.9485830000558,1531.0,6,0.4410000000000025,0.029000000000024784,0.036000000000001364,0.036000000000001364,0.0,1762437749629,1762437749708,,,,,,,,,,short+long,5920,677,291,266,4,2
ren_short_window,SHORT_WINDOW,28.000,0.1/0.1/0.01,300,2,3,ok,,0,1,75.06091600043874,1530.0,6,0.4549999999999983,0.03899999999998727,0.04599999999999227,0.04599999999999227,0.0,1762437772144,1762437772220,,,,,,,,,,short+long,5882,768,319,194,6,2
ren_short_window,SHORT_WINDOW,28.000,0.1/0.1/0.01,300,2,4,ok,,0,1,79.11204199990607,1531.0,6,0.43599999999999994,0.027000000000015234,0.043000000000006366,0.043000000000006366,0.0,1762437792736,1762437792815,,,,,,,,,,short+long,7521,542,327,235,3,2
ren_short_window,SHORT_WINDOW,28.000,0.1/0.1/0.01,300,2,5,ok,,0,1,71.6216249993522,1530.0,6,0.4280000000000044,0.02400000000002933,0.036000000000001364,0.036000000000001364,0.0,1762437815827,1762437815898,,,,,,,,,,short+long,7373,884,276,176,1,2
ren_short_window,SHORT_WINDOW,28.000,0.1/0.1/0.01,400,2,1,ok,,0,1,78.76737500009767,1531.0,6,0.43300000000000693,0.04300000000003479,0.03499999999999659,0.03499999999999659,0.0,1762437834164,1762437834242,,,,,,,,,,short+long,6692,371,232,247,8,2
ren_short_window,SHORT_WINDOW,28.000,0.1/0.1/0.01,400,2,2,ok,,0,1,76.13995799965778,1531.0,6,0.44000000000000483,0.025999999999953616,0.033999999999991815,0.033999999999991815,0.0,1762437855578,1762437855654,,,,,,,,,,short+long,7394,716,295,187,7,2
ren_short_window,SHORT_WINDOW,28.000,0.1/0.1/0.01,400,2,3,ok,,0,1,72.85024999964662,1533.0,6,0.42600000000000193,0.033999999999991815,0.030000000000001137,0.030000000000001137,0.0,1762437874815,1762437874888,,,,,,,,,,short+long,6077,486,234,234,2,2
ren_short_window,SHORT_WINDOW,28.000,0.1/0.1/0.01,400,2,4,ok,,0,1,69.55220799954986,1532.0,6,0.40900000000001313,0.036000000000029786,0.031999999999996476,0.031999999999996476,0.0,1762437896090,1762437896160,,,,,,,,,,short+long,6509,428,215,200,5,2
ren_short_window,SHORT_WINDOW,28.000,0.1/0.1/0.01,400,2,5,ok,,0,3,877.1045000003141,1794.0,8,1.7050000000000054,0.15200000000001523,0.12600000000000477,0.12600000000000477,0.0,1762437915481,1762437916358,,,,,,,,,,short+long,7302,797,226,168,6,2
ren_short_window,SHORT_WINDOW,32.000,0.1/0.1/0.01,200,2,1,ok,,0,1,87.64416699978028,1531.0,6,0.44299999999999073,0.049000000000006594,0.031999999999996476,0.031999999999996476,0.0,1762437939287,1762437939374,,,,,,,,,,short+short,5784,863,285,225,0,3
ren_short_window,SHORT_WINDOW,32.000,0.1/0.1/0.01,200,2,2,ok,,0,1,91.34441700007301,1530.0,6,0.5190000000000055,0.03100000000000591,0.04099999999999682,0.04099999999999682,0.0,1762437949242,1762437949333,,,,,,,,,,short+short,6313,776,286,276,1,3
ren_short_window,SHORT_WINDOW,32.000,0.1/0.1/0.01,200,2,3,ok,,0,1,94.48870799951692,1532.0,6,0.48799999999999955,0.02800000000002001,0.036000000000015575,0.036000000000015575,0.0,1762437960048,1762437960142,,,,,,,,,,short+short,6290,839,247,217,1,3
ren_short_window,SHORT_WINDOW,32.000,0.1/0.1/0.01,200,2,4,ok,,0,2,310.29204199967353,1657.0,7,2.6089999999999947,0.257000000000005,0.24499999999999034,0.24499999999999034,0.0,1762437970461,1762437970771,,,,,,,,,,short+short,6205,561,242,244,1,3
ren_short_window,SHORT_WINDOW,32.000,0.1/0.1/0.01,200,2,5,ok,,0,1,87.21150000019406,1532.0,6,0.47700000000001097,0.04300000000003479,0.030000000000001137,0.030000000000001137,0.0,1762437981634,1762437981721,,,,,,,,,,short+short,5942,551,212,251,4,3
ren_short_window,SHORT_WINDOW,32.000,0.1/0.1/0.01,300,2,1,ok,,0,1,85.32787500007544,1532.0,6,0.4789999999999992,0.042999999999977945,0.036000000000015575,0.036000000000015575,0.0,1762437992011,1762437992096,,,,,,,,,,short+short,6456,440,228,279,0,3
ren_short_window,SHORT_WINDOW,32.000,0.1/0.1/0.01,300,2,2,ok,,0,3,695.6075839998448,1794.0,8,3.066999999999993,0.20900000000000318,0.16899999999998272,0.16899999999998272,0.0,1762438003695,1762438004390,,,,,,,,,,short+short,7125,773,283,238,2,3
ren_short_window,SHORT_WINDOW,32.000,0.1/0.1/0.01,300,2,3,ok,,0,1,77.51570799973706,1527.0,6,0.902000000000001,0.0759999999999934,0.0689999999999884,0.0689999999999884,0.0,1762438014599,1762438014676,,,,,,,,,,short+short,6728,894,255,205,2,3
ren_short_window,SHORT_WINDOW,32.000,0.1/0.1/0.01,300,2,4,ok,,0,1,80.88716699967335,1529.0,6,0.4100000000000037,0.028999999999996362,0.03900000000000148,0.03900000000000148,0.0,1762438024833,1762438024914,,,,,,,,,,short+short,6476,573,344,187,3,3
ren_short_window,SHORT_WINDOW,32.000,0.1/0.1/0.01,300,2,5,ok,,0,1,95.3996250000273,1530.0,6,0.4619999999999962,0.03100000000000591,0.03900000000000148,0.03900000000000148,0.0,1762438035156,1762438035252,,,,,,,,,,short+short,5990,653,300,168,1,3
ren_short_window,SHORT_WINDOW,32.000,0.1/0.1/0.01,400,2,1,ok,,0,1,94.02804199999082,1531.0,6,0.5260000000000034,0.047000000000025466,0.05700000000000216,0.05700000000000216,0.0,1762438045836,1762438045930,,,,,,,,,,short+short,6298,338,325,205,2,3
ren_short_window,SHORT_WINDOW,32.000,0.1/0.1/0.01,400,2,2,ok,,0,1,93.02191700044204,1527.0,6,0.5359999999999943,0.0549999999999784,0.04599999999999227,0.04599999999999227,0.0,1762438055799,1762438055892,,,,,,,,,,short+short,6342,610,307,225,1,3
ren_short_window,SHORT_WINDOW,32.000,0.1/0.1/0.01,400,2,3,ok,,0,1,84.89174999976967,1532.0,6,0.45700000000000784,0.03100000000000591,0.036000000000001364,0.036000000000001364,0.0,1762438066060,1762438066145,,,,,,,,,,short+short,6252,562,244,184,2,3
ren_short_window,SHORT_WINDOW,32.000,0.1/0.1/0.01,400,2,4,ok,,0,1,86.68220799972914,1532.0,6,0.5789999999999935,0.045000000000015916,0.05000000000001137,0.05000000000001137,0.0,1762438076428,1762438076515,,,,,,,,,,short+short,5914,646,295,213,3,3
ren_short_window,SHORT_WINDOW,32.000,0.1/0.1/0.01,400,2,5,ok,,0,1,73.53599999987637,1530.0,6,0.5549999999999926,0.07399999999995543,0.06499999999999773,0.06499999999999773,0.0,1762438085806,1762438085880,,,,,,,,,,short+short,6430,418,305,248,2,3
ren_short_window,SHORT_WINDOW,32.000,0.1/0.1/0.01,200,2,1,ok,,0,1,87.60249999977532,1531.0,6,0.45300000000000296,0.029000000000053205,0.03900000000000148,0.03900000000000148,0.0,1762438096496,1762438096583,,,,,,,,,,short+mid,5831,605,237,268,3,4
ren_short_window,SHORT_WINDOW,32.000,0.1/0.1/0.01,200,2,2,ok,,0,1,85.77887499995995,1530.0,6,0.5640000000000001,0.051999999999964075,0.05100000000000193,0.05100000000000193,0.0,1762438110724,1762438110810,,,,,,,,,,short+mid,7297,474,261,152,2,4
ren_short_window,SHORT_WINDOW,32.000,0.1/0.1/0.01,200,2,3,ok,,0,1,91.7656249994252,1528.0,6,0.4580000000000055,0.04499999999995907,0.05100000000000193,0.05100000000000193,0.0,1762438123548,1762438123640,,,,,,,,,,short+mid,6170,398,203,201,0,4
ren_short_window,SHORT_WINDOW,32.000,0.1/0.1/0.01,200,2,4,ok,,0,1,83.54654099912295,1531.0,6,0.519999999999996,0.03500000000002501,0.034000000000006025,0.034000000000006025,0.0,1762438137769,1762438137852,,,,,,,,,,short+mid,6569,449,237,225,3,4
ren_short_window,SHORT_WINDOW,32.000,0.1/0.1/0.01,200,2,5,failed,leo_timeout,0,3,615.5622510004832,399.0,3,1.9870000000000019,0.0,0.0,0.0,0.0,,,,,,,,,,,,short+mid,7472,250,234,199,6,4
ren_short_window,SHORT_WINDOW,32.000,0.1/0.1/0.01,300,2,1,ok,,0,1,93.22679200067796,1530.0,6,0.5450000000000088,0.049000000000035016,0.04999999999999716,0.04999999999999716,0.0,1762438168959,1762438169052,,,,,,,,,,short+mid,7058,356,210,200,3,4
ren_short_window,SHORT_WINDOW,32.000,0.1/0.1/0.01,300,2,2,ok,,0,1,80.14645800085418,1532.0,6,0.42199999999998994,0.028999999999996362,0.03900000000000148,0.03900000000000148,0.0,1762438186034,1762438186114,,,,,,,,,,short+mid,7798,251,205,164,2,4
ren_short_window,SHORT_WINDOW,32.000,0.1/0.1/0.01,300,2,3,ok,,0,1,79.5792499993695,1531.0,6,0.6629999999999967,0.08499999999997954,0.06800000000001205,0.06800000000001205,0.0,1762438199503,1762438199583,,,,,,,,,,short+mid,7331,497,334,276,2,4
ren_short_window,SHORT_WINDOW,32.000,0.1/0.1/0.01,300,2,4,ok,,0,1,80.21966600063024,1533.0,6,0.4480000000000004,0.060000000000002274,0.028000000000005798,0.028000000000005798,0.0,1762438212602,1762438212682,,,,,,,,,,short+mid,6706,659,332,261,5,4
ren_short_window,SHORT_WINDOW,32.000,0.1/0.1/0.01,300,2,5,ok,,0,1,85.84120899922709,1529.0,6,0.7480000000000047,0.07500000000004547,0.09000000000000341,0.09000000000000341,0.0,1762438226202,1762438226288,,,,,,,,,,short+mid,6914,408,326,257,3,4
ren_short_window,SHORT_WINDOW,32.000,0.1/0.1/0.01,400,2,1,ok,,0,1,87.49091699974088,1531.0,6,0.45000000000000284,0.036000000000001364,0.03799999999998249,0.03799999999998249,0.0,1762438239080,1762438239168,,,,,,,,,,short+mid,7515,799,293,152,1,4
ren_short_window,SHORT_WINDOW,32.000,0.1/0.1/0.01,400,2,2,ok,,0,2,505.9679169999072,1655.0,7,2.564,0.2410000000000423,0.7219999999999942,0.7219999999999942,0.0,1762438255870,1762438256376,,,,,,,,,,short+mid,6243,268,302,227,4,4
ren_short_window,SHORT_WINDOW,32.000,0.1/0.1/0.01,400,2,3,ok,,0,1,70.46758300020883,1529.0,6,0.5730000000000004,0.07100000000002638,0.04399999999998272,0.04399999999998272,0.0,1762438268963,1762438269033,,,,,,,,,,short+mid,7302,361,333,156,1,4
ren_short_window,SHORT_WINDOW,32.000,0.1/0.1/0.01,400,2,4,ok,,0,1,81.98725000056584,1528.0,6,0.9980000000000047,0.10300000000006548,0.17900000000000205,0.17900000000000205,0.0,1762438283762,1762438283844,,,,,,,,,,short+mid,7716,442,204,183,3,4
ren_short_window,SHORT_WINDOW,32.000,0.1/0.1/0.01,400,2,5,ok,,0,1,77.7768340003604,1528.0,6,0.8869999999999862,0.06099999999997863,0.09399999999999409,0.09399999999999409,0.0,1762438298916,1762438298994,,,,,,,,,,short+mid,6962,618,224,202,9,4
ren_short_window,SHORT_WINDOW,32.000,0.1/0.1/0.01,200,2,1,failed,leo_timeout,0,3,606.7429579998134,399.0,3,0.9250000000000114,0.0,0.0,0.0,0.0,,,,,,,,,,,,short+long,7410,729,341,254,3,5
ren_short_window,SHORT_WINDOW,32.000,0.1/0.1/0.01,200,2,2,ok,,0,3,476.7914160001965,1795.0,8,1.0530000000000044,0.08999999999997499,0.05500000000000682,0.05500000000000682,0.0,1762438337751,1762438338227,,,,,,,,,,short+long,6512,296,322,233,6,5
ren_short_window,SHORT_WINDOW,32.000,0.1/0.1/0.01,200,2,3,ok,,0,1,95.79108399975667,1532.0,6,0.5739999999999981,0.049000000000035016,0.057999999999992724,0.057999999999992724,0.0,1762438362238,1762438362333,,,,,,,,,,short+long,5992,465,207,166,1,5
ren_short_window,SHORT_WINDOW,32.000,0.1/0.1/0.01,200,2,4,ok,,0,1,95.4092080000919,1531.0,6,0.5210000000000008,0.04800000000000182,0.04199999999998738,0.04199999999998738,0.0,1762438384024,1762438384119,,,,,,,,,,short+long,6134,571,331,264,3,5
ren_short_window,SHORT_WINDOW,32.000,0.1/0.1/0.01,200,2,5,ok,,0,1,87.15575100086426,1528.0,6,0.7079999999999984,0.103999999999985,0.06700000000000728,0.06700000000000728,0.0,1762438404616,1762438404703,,,,,,,,,,short+long,6004,700,259,255,3,5
ren_short_window,SHORT_WINDOW,32.000,0.1/0.1/0.01,300,2,1,ok,,0,1,84.48620899980597,1531.0,6,0.4690000000000012,0.044000000000096406,0.043000000000006366,0.043000000000006366,0.0,1762438422453,1762438422538,,,,,,,,,,short+long,7583,846,241,261,4,5
ren_short_window,SHORT_WINDOW,32.000,0.1/0.1/0.01,300,2,2,ok,,0,1,90.37620799972501,1532.0,6,0.4790000000000063,0.038000000000010914,0.033999999999991815,0.033999999999991815,0.0,1762438446367,1762438446457,,,,,,,,,,short+long,7709,458,318,255,2,5
ren_short_window,SHORT_WINDOW,32.000,0.1/0.1/0.01,300,2,3,ok,,0,1,97.85962499972811,1530.0,6,0.5859999999999985,0.043000000000006366,0.03300000000000125,0.03300000000000125,0.0,1762438467642,1762438467740,,,,,,,,,,short+long,7504,689,227,265,6,5
ren_short_window,SHORT_WINDOW,32.000,0.1/0.1/0.01,300,2,4,ok,,0,1,104.33466599988606,1530.0,6,0.6139999999999972,0.06800000000004047,0.07499999999998863,0.07499999999998863,0.0,1762438488220,1762438488325,,,,,,,,,,short+long,6109,797,253,231,1,5
ren_short_window,SHORT_WINDOW,32.000,0.1/0.1/0.01,300,2,5,ok,,0,2,406.6702919999443,1660.0,7,2.2520000000000024,0.31399999999996453,0.28600000000000136,0.28600000000000136,0.0,1762438506457,1762438506864,,,,,,,,,,short+long,6237,428,305,171,1,5
ren_short_window,SHORT_WINDOW,32.000,0.1/0.1/0.01,400,2,1,ok,,0,2,512.9216670002279,1657.0,7,2.7860000000000085,0.25600000000002865,1.1899999999999835,1.1899999999999835,0.0,1762438527866,1762438528379,,,,,,,,,,short+long,7825,382,319,179,5,5
ren_short_window,SHORT_WINDOW,32.000,0.1/0.1/0.01,400,2,2,ok,,0,2,501.23462499959714,1661.0,7,0.887999999999991,0.06599999999997408,0.06200000000001182,0.06200000000001182,0.0,1762438547555,1762438548056,,,,,,,,,,short+long,6046,316,217,191,4,5
ren_short_window,SHORT_WINDOW,32.000,0.1/0.1/0.01,400,2,3,ok,,0,3,899.1320420000193,1789.0,8,1.5740000000000052,0.2179999999999609,0.1869999999999834,0.1869999999999834,0.0,1762438573248,1762438574147,,,,,,,,,,short+long,6611,662,336,153,3,5
ren_short_window,SHORT_WINDOW,32.000,0.1/0.1/0.01,400,2,4,failed,leo_timeout,0,3,1210.8493340001587,399.0,3,2.6229999999999976,0.0,0.0,0.0,0.0,,,,,,,,,,,,short+long,7088,616,286,191,6,5
ren_short_window,SHORT_WINDOW,32.000,0.1/0.1/0.01,400,2,5,ok,,0,1,89.33425000032003,1533.0,6,0.3719999999999999,0.02600000000001046,0.027999999999991587,0.027999999999991587,0.0,1762438615043,1762438615133,,,,,,,,,,short+long,6073,413,255,274,3,5
ren_short_window,SHORT_WINDOW,28.000,0.1/0.1/0.01,200,2,1,ok,,0,3,483.936999999969,1797.0,8,0.9809999999999945,0.07000000000005002,0.051000000000044565,0.051000000000044565,0.0,1762438639238,1762438639722,,,,,,,,,,mid+short,7261,642,293,273,5,6
ren_short_window,SHORT_WINDOW,28.000,0.1/0.1/0.01,200,2,2,ok,,0,1,77.04433300023084,1529.0,6,0.4890000000000043,0.03100000000000591,0.03100000000000591,0.03100000000000591,0.0,1762438655553,1762438655630,,,,,,,,,,mid+short,6194,746,318,268,3,6
ren_short_window,SHORT_WINDOW,28.000,0.1/0.1/0.01,200,2,3,ok,,0,1,85.58575000006385,1528.0,6,0.6600000000000037,0.04100000000005366,0.05700000000001637,0.05700000000001637,0.0,1762438668285,1762438668370,,,,,,,,,,mid+short,7149,779,208,192,2,6
ren_short_window,SHORT_WINDOW,28.000,0.1/0.1/0.01,200,2,4,ok,,0,1,86.00924999973358,1530.0,6,0.5509999999999948,0.047000000000025466,0.04899999999997817,0.04899999999997817,0.0,1762438681968,1762438682054,,,,,,,,,,mid+short,7421,853,252,166,2,6
ren_short_window,SHORT_WINDOW,28.000,0.1/0.1/0.01,200,2,5,ok,,0,1,75.19362499988347,1529.0,6,0.49500000000000455,0.04200000000003001,0.03599999999997294,0.03599999999997294,0.0,1762438697574,1762438697649,,,,,,,,,,mid+short,6773,444,327,267,2,6
ren_short_window,SHORT_WINDOW,28.000,0.1/0.1/0.01,300,2,1,ok,,0,1,80.05133400001796,1530.0,6,0.6130000000000067,0.02400000000000091,0.04599999999999227,0.04599999999999227,0.0,1762438712391,1762438712471,,,,,,,,,,mid+short,6677,531,263,196,4,6
ren_short_window,SHORT_WINDOW,28.000,0.1/0.1/0.01,300,2,2,ok,,0,1,78.68508299998211,1532.0,6,0.7379999999999995,0.049999999999954525,0.049000000000035016,0.049000000000035016,0.0,1762438729269,1762438729348,,,,,,,,,,mid+short,6216,282,286,187,3,6
ren_short_window,SHORT_WINDOW,28.000,0.1/0.1/0.01,300,2,3,ok,,0,1,81.26891700067063,1532.0,6,0.5390000000000086,0.027999999999963165,0.03799999999998249,0.03799999999998249,0.0,1762438741686,1762438741767,,,,,,,,,,mid+short,6646,304,213,250,0,6
ren_short_window,SHORT_WINDOW,28.000,0.1/0.1/0.01,300,2,4,ok,,0,2,391.9267920000493,1660.0,7,2.039999999999999,0.3410000000000082,0.13300000000000978,0.13300000000000978,0.0,1762438756122,1762438756514,,,,,,,,,,mid+short,6502,728,224,224,6,6
ren_short_window,SHORT_WINDOW,28.000,0.1/0.1/0.01,300,2,5,ok,,0,1,81.03516700066393,1531.0,6,0.509999999999998,0.033999999999991815,0.04599999999999227,0.04599999999999227,0.0,1762438772421,1762438772502,,,,,,,,,,mid+short,6160,856,242,165,2,6
ren_short_window,SHORT_WINDOW,28.000,0.1/0.1/0.01,400,2,1,ok,,0,1,73.50408300044364,1530.0,6,0.5980000000000061,0.04300000000006321,0.05299999999996885,0.05299999999996885,0.0,1762438785957,1762438786031,,,,,,,,,,mid+short,6817,740,308,234,2,6
ren_short_window,SHORT_WINDOW,28.000,0.1/0.1/0.01,400,2,2,ok,,0,2,488.6158750005052,1664.0,7,0.7380000000000067,0.03799999999995407,0.056000000000011596,0.056000000000011596,0.0,1762438799066,1762438799554,,,,,,,,,,mid+short,6869,628,343,175,2,6
ren_short_window,SHORT_WINDOW,28.000,0.1/0.1/0.01,400,2,3,ok,,0,1,87.41941700009193,1530.0,6,0.4649999999999963,0.029999999999972715,0.030000000000001137,0.030000000000001137,0.0,1762438812135,1762438812222,,,,,,,,,,mid+short,6829,698,292,161,0,6
ren_short_window,SHORT_WINDOW,28.000,0.1/0.1/0.01,400,2,4,ok,,0,1,82.84866699978011,1532.0,6,0.45599999999999596,0.045000000000015916,0.03799999999998249,0.03799999999998249,0.0,1762438827087,1762438827169,,,,,,,,,,mid+short,6168,295,335,269,2,6
ren_short_window,SHORT_WINDOW,28.000,0.1/0.1/0.01,400,2,5,ok,,0,1,69.41595899934327,1532.0,6,0.49399999999999267,0.027000000000043656,0.04399999999998272,0.04399999999998272,0.0,1762438843174,1762438843243,,,,,,,,,,mid+short,7556,572,224,261,4,6
ren_short_window,SHORT_WINDOW,28.000,0.1/0.1/0.01,200,2,1,ok,,0,1,81.24520899946219,1531.0,6,0.41899999999999693,0.033999999999991815,0.033999999999991815,0.033999999999991815,0.0,1762438857597,1762438857678,,,,,,,,,,mid+mid,10818,569,248,185,6,7
ren_short_window,SHORT_WINDOW,28.000,0.1/0.1/0.01,200,2,2,ok,,0,1,74.3037500005812,1528.0,6,0.4849999999999923,0.03300000000001546,0.05299999999999727,0.05299999999999727,0.0,1762438875124,1762438875199,,,,,,,,,,mid+mid,10522,318,320,262,5,7
ren_short_window,SHORT_WINDOW,28.000,0.1/0.1/0.01,200,2,3,ok,,0,1,74.32333299948368,1531.0,6,0.722999999999999,0.06699999999995043,0.049000000000006594,0.049000000000006594,0.0,1762438890087,1762438890161,,,,,,,,,,mid+mid,9855,547,344,273,3,7
ren_short_window,SHORT_WINDOW,28.000,0.1/0.1/0.01,200,2,4,ok,,0,1,89.54925000034564,1530.0,6,0.41899999999999693,0.03600000000005821,0.02800000000002001,0.02800000000002001,0.0,1762438905472,1762438905561,,,,,,,,,,mid+mid,12212,390,216,159,3,7
ren_short_window,SHORT_WINDOW,28.000,0.1/0.1/0.01,200,2,5,ok,,0,2,298.8136250005482,1660.0,7,1.0330000000000013,0.057000000000073214,0.11800000000002342,0.11800000000002342,0.0,1762438922003,1762438922302,,,,,,,,,,mid+mid,8981,568,340,196,2,7
ren_short_window,SHORT_WINDOW,28.000,0.1/0.1/0.01,300,2,1,failed,leo_timeout,0,3,910.7198749998133,399.0,3,0.8270000000000053,0.0,0.0,0.0,0.0,,,,,,,,,,,,mid+mid,9178,284,253,251,2,7
ren_short_window,SHORT_WINDOW,28.000,0.1/0.1/0.01,300,2,2,ok,,0,1,92.28658300071402,1529.0,6,0.46999999999999886,0.04599999999999227,0.05299999999999727,0.05299999999999727,0.0,1762438953555,1762438953647,,,,,,,,,,mid+mid,10403,721,331,151,1,7
ren_short_window,SHORT_WINDOW,28.000,0.1/0.1/0.01,300,2,3,ok,,0,1,85.03049999944778,1532.0,6,0.4589999999999961,0.031999999999982265,0.029999999999972715,0.029999999999972715,0.0,1762438969480,1762438969565,,,,,,,,,,mid+mid,10035,667,277,157,2,7
ren_short_window,SHORT_WINDOW,28.000,0.1/0.1/0.01,300,2,4,ok,,0,1,94.538499999544,1529.0,6,0.5309999999999988,0.07699999999999818,0.045000000000015916,0.045000000000015916,0.0,1762438983574,1762438983668,,,,,,,,,,mid+mid,10176,773,326,269,6,7
ren_short_window,SHORT_WINDOW,28.000,0.1/0.1/0.01,300,2,5,ok,,0,1,84.97362500020245,1530.0,6,0.4680000000000035,0.038999999999930424,0.03399999999996339,0.03399999999996339,0.0,1762438998828,1762438998913,,,,,,,,,,mid+mid,9112,285,322,257,5,7
ren_short_window,SHORT_WINDOW,28.000,0.1/0.1/0.01,400,2,1,ok,,0,1,81.1636250000447,1527.0,6,0.627999999999993,0.040000000000020464,0.132000000000005,0.132000000000005,0.0,1762439011976,1762439012057,,,,,,,,,,mid+mid,10823,448,337,167,1,7
ren_short_window,SHORT_WINDOW,28.000,0.1/0.1/0.01,400,2,2,ok,,0,1,88.43570899989572,1531.0,6,0.5199999999999889,0.08599999999995589,0.07799999999997453,0.07799999999997453,0.0,1762439027725,1762439027813,,,,,,,,,,mid+mid,10894,489,284,256,1,7
ren_short_window,SHORT_WINDOW,28.000,0.1/0.1/0.01,400,2,3,ok,,0,1,75.06520800052385,1532.0,6,0.4510000000000005,0.031999999999982265,0.038000000000010914,0.038000000000010914,0.0,1762439043437,1762439043512,,,,,,,,,,mid+mid,10387,428,247,224,4,7
ren_short_window,SHORT_WINDOW,28.000,0.1/0.1/0.01,400,2,4,ok,,0,1,78.25991699974111,1530.0,6,0.4399999999999977,0.03000000000002956,0.027000000000015234,0.027000000000015234,0.0,1762439057554,1762439057633,,,,,,,,,,mid+mid,9402,263,211,261,4,7
ren_short_window,SHORT_WINDOW,28.000,0.1/0.1/0.01,400,2,5,ok,,0,1,82.42800000061834,1531.0,6,0.47800000000000153,0.043000000000006366,0.03700000000003456,0.03700000000003456,0.0,1762439073723,1762439073806,,,,,,,,,,mid+mid,9021,651,321,264,2,7
ren_short_window,SHORT_WINDOW,28.000,0.1/0.1/0.01,200,2,1,ok,,0,1,84.06362500045361,1532.0,6,0.482999999999997,0.027000000000043656,0.051000000000016144,0.051000000000016144,0.0,1762439086626,1762439086710,,,,,,,,,,mid+long,12828,632,334,191,4,8
ren_short_window,SHORT_WINDOW,28.000,0.1/0.1/0.01,200,2,2,ok,,0,1,72.41900000008172,1532.0,6,0.5379999999999967,0.045000000000015916,0.036000000000001364,0.036000000000001364,0.0,1762439111813,1762439111885,,,,,,,,,,mid+long,10496,374,240,167,6,8
ren_short_window,SHORT_WINDOW,28.000,0.1/0.1/0.01,200,2,3,ok,,0,1,81.4943339992169,1529.0,6,0.4799999999999969,0.03300000000001546,0.03700000000000614,0.03700000000000614,0.0,1762439136831,1762439136913,,,,,,,,,,mid+long,13489,301,286,181,4,8
ren_short_window,SHORT_WINDOW,28.000,0.1/0.1/0.01,200,2,4,ok,,0,1,85.1613750000979,1530.0,6,0.4519999999999982,0.0340000000001055,0.03300000000001546,0.03300000000001546,0.0,1762439156828,1762439156914,,,,,,,,,,mid+long,13574,852,327,270,4,8
ren_short_window,SHORT_WINDOW,28.000,0.1/0.1/0.01,200,2,5,ok,,0,1,85.29512499990233,1530.0,6,0.4340000000000046,0.02800000000002001,0.03099999999997749,0.03099999999997749,0.0,1762439177045,1762439177130,,,,,,,,,,mid+long,13531,360,326,155,4,8
ren_short_window,SHORT_WINDOW,28.000,0.1/0.1/0.01,300,2,1,ok,,0,1,84.60575000026438,1532.0,6,0.4089999999999989,0.026000000000067303,0.03899999999998727,0.03899999999998727,0.0,1762439196104,1762439196188,,,,,,,,,,mid+long,9810,283,334,196,4,8
ren_short_window,SHORT_WINDOW,28.000,0.1/0.1/0.01,300,2,2,ok,,0,1,88.25933299976896,1530.0,6,0.4450000000000074,0.02400000000000091,0.05000000000001137,0.05000000000001137,0.0,1762439216911,1762439216999,,,,,,,,,,mid+long,9270,758,219,226,0,8
ren_short_window,SHORT_WINDOW,28.000,0.1/0.1/0.01,300,2,3,ok,,0,1,82.64150000013615,1530.0,6,0.4350000000000023,0.02800000000002001,0.040000000000020464,0.040000000000020464,0.0,1762439237644,1762439237727,,,,,,,,,,mid+long,10627,585,308,223,2,8
ren_short_window,SHORT_WINDOW,28.000,0.1/0.1/0.01,300,2,4,ok,,0,2,411.10349999962637,1658.0,7,2.3570000000000064,0.21600000000000819,0.6839999999999975,0.6839999999999975,0.0,1762439256907,1762439257318,,,,,,,,,,mid+long,8977,287,271,220,2,8
ren_short_window,SHORT_WINDOW,28.000,0.1/0.1/0.01,300,2,5,ok,,0,1,85.08258299934823,1530.0,6,0.45400000000000773,0.03000000000002956,0.03700000000000614,0.03700000000000614,0.0,1762439280276,1762439280361,,,,,,,,,,mid+long,10806,517,314,222,3,8
ren_short_window,SHORT_WINDOW,28.000,0.1/0.1/0.01,400,2,1,ok,,0,1,79.48383300026762,1530.0,6,0.5560000000000045,0.04599999999999227,0.04800000000000182,0.04800000000000182,0.0,1762439301799,1762439301878,,,,,,,,,,mid+long,10749,706,299,165,3,8
ren_short_window,SHORT_WINDOW,28.000,0.1/0.1/0.01,400,2,2,ok,,0,2,473.7042080005267,1662.0,7,0.8719999999999857,0.04399999999998272,0.05500000000000682,0.05500000000000682,0.0,1762439320274,1762439320748,,,,,,,,,,mid+long,12229,636,318,178,5,8
ren_short_window,SHORT_WINDOW,28.000,0.1/0.1/0.01,400,2,3,ok,,0,1,78.1131670000832,1530.0,6,0.6480000000000032,0.08700000000010277,0.07900000000003615,0.07900000000003615,0.0,1762439338308,1762439338386,,,,,,,,,,mid+long,10335,552,254,162,6,8
ren_short_window,SHORT_WINDOW,28.000,0.1/0.1/0.01,400,2,4,ok,,0,2,491.20699999912176,1659.0,7,2.942999999999998,0.32499999999998863,0.4350000000000307,0.4350000000000307,0.0,1762439362785,1762439363276,,,,,,,,,,mid+long,11234,292,242,243,5,8
ren_short_window,SHORT_WINDOW,28.000,0.1/0.1/0.01,400,2,5,ok,,0,2,489.3615420005517,1657.0,7,2.0630000000000024,0.34699999999998,0.23099999999999454,0.23099999999999454,0.0,1762439384470,1762439384959,,,,,,,,,,mid+long,9372,559,224,223,0,8
ren_short_window,SHORT_WINDOW,32.000,0.1/0.1/0.01,200,2,1,ok,,0,1,85.00754200031224,1530.0,6,0.6929999999999978,0.07999999999998408,0.06499999999999773,0.06499999999999773,0.0,1762439403657,1762439403742,,,,,,,,,,mid+short,7044,435,339,235,2,9
ren_short_window,SHORT_WINDOW,32.000,0.1/0.1/0.01,200,2,2,ok,,0,1,93.36566700039839,1529.0,6,0.5679999999999978,0.06099999999997863,0.04599999999999227,0.04599999999999227,0.0,1762439420014,1762439420107,,,,,,,,,,mid+short,6910,281,292,261,3,9
ren_short_window,SHORT_WINDOW,32.000,0.1/0.1/0.01,200,2,3,ok,,0,1,84.09225000013976,1532.0,6,0.43599999999999994,0.03000000000002956,0.036000000000029786,0.036000000000029786,0.0,1762439433612,1762439433696,,,,,,,,,,mid+short,5822,418,263,260,0,9
ren_short_window,SHORT_WINDOW,32.000,0.1/0.1/0.01,200,2,4,ok,,0,1,88.29570899979444,1530.0,6,0.4519999999999911,0.027000000000043656,0.04400000000003956,0.04400000000003956,0.0,1762439448292,1762439448380,,,,,,,,,,mid+short,7358,765,241,157,4,9
ren_short_window,SHORT_WINDOW,32.000,0.1/0.1/0.01,200,2,5,failed,leo_timeout,0,3,604.3951249994279,399.0,3,0.9849999999999994,0.0,0.0,0.0,0.0,,,,,,,,,,,,mid+short,6281,834,227,154,3,9
ren_short_window,SHORT_WINDOW,32.000,0.1/0.1/0.01,300,2,1,failed,leo_timeout,0,3,904.3755840002632,399.0,3,0.7179999999999964,0.0,0.0,0.0,0.0,,,,,,,,,,,,mid+short,6296,853,311,273,6,9
ren_short_window,SHORT_WINDOW,32.000,0.1/0.1/0.01,300,2,2,ok,,0,1,78.29558400044334,1530.0,6,0.45700000000000074,0.03699999999997772,0.033999999999991815,0.033999999999991815,0.0,1762439488282,1762439488360,,,,,,,,,,mid+short,6868,480,223,212,1,9
ren_short_window,SHORT_WINDOW,32.000,0.1/0.1/0.01,300,2,3,ok,,0,1,92.29745799984812,1531.0,6,0.4660000000000011,0.026999999999986812,0.03700000000000614,0.03700000000000614,0.0,1762439503515,1762439503607,,,,,,,,,,mid+short,7019,565,218,253,3,9
ren_short_window,SHORT_WINDOW,32.000,0.1/0.1/0.01,300,2,4,ok,,0,1,84.33512499959761,1531.0,6,0.43200000000000216,0.04099999999999682,0.03900000000001569,0.03900000000001569,0.0,1762439517431,1762439517516,,,,,,,,,,mid+short,6592,451,283,187,4,9
ren_short_window,SHORT_WINDOW,32.000,0.1/0.1/0.01,300,2,5,ok,,0,1,77.98995800021657,1531.0,6,0.43299999999999983,0.037000000000091404,0.03899999999998727,0.03899999999998727,0.0,1762439534077,1762439534155,,,,,,,,,,mid+short,6825,763,288,195,1,9
ren_short_window,SHORT_WINDOW,32.000,0.1/0.1/0.01,400,2,1,ok,,0,1,83.86650000011286,1530.0,6,0.4540000000000006,0.033999999999991815,0.03900000000001569,0.03900000000001569,0.0,1762439548316,1762439548399,,,,,,,,,,mid+short,6169,687,335,150,3,9
ren_short_window,SHORT_WINDOW,32.000,0.1/0.1/0.01,400,2,2,ok,,0,1,92.11629200035532,1531.0,6,0.45700000000000074,0.044000000000096406,0.03899999999998727,0.03899999999998727,0.0,1762439563372,1762439563464,,,,,,,,,,mid+short,6933,828,315,268,2,9
ren_short_window,SHORT_WINDOW,32.000,0.1/0.1/0.01,400,2,3,ok,,0,1,82.15862499946525,1530.0,6,0.43600000000000705,0.02900000000011005,0.042999999999977945,0.042999999999977945,0.0,1762439578583,1762439578665,,,,,,,,,,mid+short,6202,663,239,217,0,9
ren_short_window,SHORT_WINDOW,32.000,0.1/0.1/0.01,400,2,4,failed,leo_timeout,0,3,1213.8403760000074,399.0,3,0.796999999999997,0.0,0.0,0.0,0.0,,,,,,,,,,,,mid+short,5961,741,227,156,6,9
ren_short_window,SHORT_WINDOW,32.000,0.1/0.1/0.01,400,2,5,ok,,0,1,86.23245900071197,1530.0,6,0.5509999999999948,0.04899999999997817,0.04999999999998295,0.04999999999998295,0.0,1762439610735,1762439610821,,,,,,,,,,mid+short,6098,609,224,217,2,9
ren_short_window,SHORT_WINDOW,32.000,0.1/0.1/0.01,200,2,1,ok,,0,1,76.27595800022391,1530.0,6,0.5599999999999952,0.06800000000009732,0.053999999999973625,0.053999999999973625,0.0,1762439622616,1762439622692,,,,,,,,,,mid+mid,10256,401,243,260,6,10
ren_short_window,SHORT_WINDOW,32.000,0.1/0.1/0.01,200,2,2,ok,,0,1,86.49433400023554,1529.0,6,0.563999999999993,0.05599999999992633,0.05300000000002569,0.05300000000002569,0.0,1762439639562,1762439639648,,,,,,,,,,mid+mid,8976,733,219,234,1,10
ren_short_window,SHORT_WINDOW,32.000,0.1/0.1/0.01,200,2,3,ok,,0,1,86.2816249991738,1532.0,6,0.47099999999999653,0.04100000000005366,0.036999999999949296,0.036999999999949296,0.0,1762439652344,1762439652430,,,,,,,,,,mid+mid,9483,774,308,256,3,10
ren_short_window,SHORT_WINDOW,32.000,0.1/0.1/0.01,200,2,4,ok,,0,1,77.50416700037022,1531.0,6,0.4660000000000011,0.03600000000005821,0.03900000000001569,0.03900000000001569,0.0,1762439667088,1762439667166,,,,,,,,,,mid+mid,9439,837,222,151,1,10
ren_short_window,SHORT_WINDOW,32.000,0.1/0.1/0.01,200,2,5,ok,,0,1,85.41279200017016,1532.0,6,0.48500000000000654,0.04500000000007276,0.040999999999968395,0.040999999999968395,0.0,1762439680089,1762439680174,,,,,,,,,,mid+mid,11359,580,204,157,1,10
ren_short_window,SHORT_WINDOW,32.000,0.1/0.1/0.01,300,2,1,ok,,0,3,701.7484999996668,1795.0,8,1.0679999999999978,0.07399999999995543,0.22700000000000387,0.22700000000000387,0.0,1762439695542,1762439696243,,,,,,,,,,mid+mid,9773,402,285,186,5,10
ren_short_window,SHORT_WINDOW,32.000,0.1/0.1/0.01,300,2,2,ok,,0,1,82.79425000000629,1530.0,6,0.4379999999999953,0.043000000000006366,0.03899999999998727,0.03899999999998727,0.0,1762439710913,1762439710996,,,,,,,,,,mid+mid,9452,870,316,191,2,10
ren_short_window,SHORT_WINDOW,32.000,0.1/0.1/0.01,300,2,3,ok,,0,1,89.06800000022486,1531.0,6,0.41900000000000404,0.028999999999996362,0.03499999999999659,0.03499999999999659,0.0,1762439726429,1762439726518,,,,,,,,,,mid+mid,10544,487,240,200,6,10
ren_short_window,SHORT_WINDOW,32.000,0.1/0.1/0.01,300,2,4,ok,,0,1,83.04437500009954,1529.0,6,0.490000000000002,0.0340000000001055,0.03999999999999204,0.03999999999999204,0.0,1762439742605,1762439742688,,,,,,,,,,mid+mid,10347,609,267,239,2,10
ren_short_window,SHORT_WINDOW,32.000,0.1/0.1/0.01,300,2,5,ok,,0,1,79.38608299991756,1528.0,6,0.7919999999999945,0.08200000000010732,0.06900000000004525,0.06900000000004525,0.0,1762439758645,1762439758724,,,,,,,,,,mid+mid,10939,443,254,258,3,10
ren_short_window,SHORT_WINDOW,32.000,0.1/0.1/0.01,400,2,1,ok,,0,2,484.7482080003829,1659.0,7,1.9050000000000011,0.10500000000001819,0.16599999999999682,0.16599999999999682,0.0,1762439773562,1762439774047,,,,,,,,,,mid+mid,10202,551,315,177,8,10
ren_short_window,SHORT_WINDOW,32.000,0.1/0.1/0.01,400,2,2,ok,,0,1,90.29549999922892,1531.0,6,0.4610000000000056,0.03599999999994452,0.03799999999998249,0.03799999999998249,0.0,1762439788384,1762439788475,,,,,,,,,,mid+mid,8814,809,211,219,2,10
ren_short_window,SHORT_WINDOW,32.000,0.1/0.1/0.01,400,2,3,ok,,0,1,79.89366700076062,1528.0,6,0.654999999999994,0.07899999999995089,0.04999999999998295,0.04999999999998295,0.0,1762439802366,1762439802446,,,,,,,,,,mid+mid,10101,434,241,156,1,10
ren_short_window,SHORT_WINDOW,32.000,0.1/0.1/0.01,400,2,4,ok,,0,3,903.0020009995496,1791.0,8,2.567999999999998,0.7430000000000518,0.30800000000002115,0.30800000000002115,0.0,1762439816914,1762439817817,,,,,,,,,,mid+mid,12947,880,347,228,6,10
ren_short_window,SHORT_WINDOW,32.000,0.1/0.1/0.01,400,2,5,ok,,0,1,82.26183300030243,1532.0,6,0.5850000000000009,0.03999999999996362,0.040000000000020464,0.040000000000020464,0.0,1762439834136,1762439834218,,,,,,,,,,mid+mid,10601,358,272,252,1,10
ren_short_window,SHORT_WINDOW,32.000,0.1/0.1/0.01,200,2,1,ok,,0,2,297.4275420001504,1659.0,7,2.033999999999999,0.3240000000000691,0.21399999999999864,0.21399999999999864,0.0,1762439849826,1762439850124,,,,,,,,,,mid+long,9517,695,242,152,1,11
ren_short_window,SHORT_WINDOW,32.000,0.1/0.1/0.01,200,2,2,ok,,0,1,82.22212500004389,1528.0,6,0.44899999999999807,0.02800000000002001,0.03200000000001069,0.03200000000001069,0.0,1762439875165,1762439875247,,,,,,,,,,mid+long,8938,327,321,198,6,11
ren_short_window,SHORT_WINDOW,32.000,0.1/0.1/0.01,200,2,3,failed,leo_timeout,0,3,611.0310840003876,399.0,3,0.9880000000000067,0.0,0.0,0.0,0.0,,,,,,,,,,,,mid+long,10311,627,332,154,2,11
ren_short_window,SHORT_WINDOW,32.000,0.1/0.1/0.01,200,2,4,ok,,0,1,87.00675000000047,1528.0,6,0.6100000000000065,0.05200000000002092,0.05000000000003979,0.05000000000003979,0.0,1762439916389,1762439916476,,,,,,,,,,mid+long,12501,614,203,245,10,11
ren_short_window,SHORT_WINDOW,32.000,0.1/0.1/0.01,200,2,5,ok,,0,1,85.75616599955538,1530.0,6,0.44300000000000495,0.04500000000007276,0.029999999999972715,0.029999999999972715,0.0,1762439938505,1762439938591,,,,,,,,,,mid+long,10130,738,267,223,1,11
ren_short_window,SHORT_WINDOW,32.000,0.1/0.1/0.01,300,2,1,ok,,0,1,80.14108299994405,1531.0,6,0.43900000000000716,0.027000000000043656,0.025999999999982037,0.025999999999982037,0.0,1762439964230,1762439964310,,,,,,,,,,mid+long,10100,633,247,260,7,11
ren_short_window,SHORT_WINDOW,32.000,0.1/0.1/0.01,300,2,2,ok,,0,1,94.72775100039144,1532.0,6,0.4799999999999969,0.053999999999973625,0.06700000000000728,0.06700000000000728,0.0,1762439989260,1762439989355,,,,,,,,,,mid+long,9324,502,223,233,0,11
ren_short_window,SHORT_WINDOW,32.000,0.1/0.1/0.01,300,2,3,ok,,0,1,81.24491700073122,1530.0,6,0.4620000000000033,0.028999999999996362,0.043000000000006366,0.043000000000006366,0.0,1762440008825,1762440008906,,,,,,,,,,mid+long,9057,452,344,228,9,11
ren_short_window,SHORT_WINDOW,32.000,0.1/0.1/0.01,300,2,4,ok,,0,1,94.78341599970008,1530.0,6,0.5210000000000008,0.02699999999992997,0.04599999999996385,0.04599999999996385,0.0,1762440033758,1762440033853,,,,,,,,,,mid+long,9282,525,295,181,2,11
ren_short_window,SHORT_WINDOW,32.000,0.1/0.1/0.01,300,2,5,failed,leo_timeout,0,3,909.2488339992997,399.0,3,1.639000000000003,0.0,0.0,0.0,0.0,,,,,,,,,,,,mid+long,9544,337,273,165,3,11
ren_short_window,SHORT_WINDOW,32.000,0.1/0.1/0.01,400,2,1,ok,,0,1,94.44024999993417,1530.0,6,0.6099999999999994,0.03999999999996362,0.06100000000000705,0.06100000000000705,0.0,1762440082463,1762440082557,,,,,,,,,,mid+long,12499,638,315,173,4,11
ren_short_window,SHORT_WINDOW,32.000,0.1/0.1/0.01,400,2,2,failed,leo_timeout,0,3,1204.560291999769,399.0,3,0.7619999999999933,0.0,0.0,0.0,0.0,,,,,,,,,,,,mid+long,10313,260,321,182,4,11
ren_short_window,SHORT_WINDOW,32.000,0.1/0.1/0.01,400,2,3,ok,,0,2,492.8272500001185,1658.0,7,2.7079999999999984,0.18799999999998818,1.0970000000000084,1.0970000000000084,0.0,1762440123333,1762440123826,,,,,,,,,,mid+long,12063,329,329,168,4,11
ren_short_window,SHORT_WINDOW,32.000,0.1/0.1/0.01,400,2,4,ok,,0,1,83.59795900014433,1529.0,6,0.6909999999999954,0.059000000000082764,0.07900000000000773,0.07900000000000773,0.0,1762440144923,1762440145006,,,,,,,,,,mid+long,12996,798,250,155,9,11
ren_short_window,SHORT_WINDOW,32.000,0.1/0.1/0.01,400,2,5,ok,,0,2,490.83129199971154,1662.0,7,0.9660000000000082,0.053999999999973625,0.05700000000001637,0.05700000000001637,0.0,1762440169243,1762440169734,,,,,,,,,,mid+long,10686,333,300,256,8,11
ren_short_window,SHORT_WINDOW,28.000,0.1/0.1/0.01,200,2,1,ok,,0,1,90.37916699980997,1528.0,6,1.0779999999999959,0.06799999999998363,6.608000000000004,6.608000000000004,0.0,1762440190944,1762440191034,,,,,,,,,,long+short,6752,486,212,267,3,12
ren_short_window,SHORT_WINDOW,28.000,0.1/0.1/0.01,200,2,2,ok,,0,1,77.03049999963696,1530.0,6,0.5079999999999956,0.028000000000133696,0.04400000000003956,0.04400000000003956,0.0,1762440208876,1762440208953,,,,,,,,,,long+short,7171,330,283,239,1,12
ren_short_window,SHORT_WINDOW,28.000,0.1/0.1/0.01,200,2,3,ok,,0,2,293.83899999993446,1660.0,7,2.0290000000000035,0.2279999999999518,0.21299999999996544,0.21299999999996544,0.0,1762440227642,1762440227936,,,,,,,,,,long+short,7262,268,325,157,0,12
ren_short_window,SHORT_WINDOW,28.000,0.1/0.1/0.01,200,2,4,ok,,0,1,81.63929199963604,1529.0,6,1.0060000000000002,0.11199999999996635,0.26599999999999113,0.26599999999999113,0.0,1762440249090,1762440249171,,,,,,,,,,long+short,7176,753,306,173,3,12
ren_short_window,SHORT_WINDOW,28.000,0.1/0.1/0.01,200,2,5,failed,leo_timeout,0,3,609.6160420001979,399.0,3,1.1670000000000016,0.0,0.0,0.0,0.0,,,,,,,,,,,,long+short,6484,783,293,228,4,12
ren_short_window,SHORT_WINDOW,28.000,0.1/0.1/0.01,300,2,1,ok,,0,1,77.02199999948789,1528.0,6,0.6510000000000105,0.06099999999992178,0.06700000000000728,0.06700000000000728,0.0,1762440292265,1762440292342,,,,,,,,,,long+short,6054,470,315,188,5,12
ren_short_window,SHORT_WINDOW,28.000,0.1/0.1/0.01,300,2,2,ok,,0,1,80.76279099987005,1529.0,6,0.7430000000000021,0.047000000000025466,0.11800000000002342,0.11800000000002342,0.0,1762440317018,1762440317098,,,,,,,,,,long+short,5986,686,205,206,2,12
ren_short_window,SHORT_WINDOW,28.000,0.1/0.1/0.01,300,2,3,ok,,0,1,79.56287499928294,1528.0,6,0.6719999999999899,0.05600000000004002,0.07600000000002183,0.07600000000002183,0.0,1762440340404,1762440340484,,,,,,,,,,long+short,7054,628,305,190,7,12
ren_short_window,SHORT_WINDOW,28.000,0.1/0.1/0.01,300,2,4,ok,,0,1,78.09229200029222,1529.0,6,0.4309999999999974,0.0460000000001628,0.07100000000002638,0.07100000000002638,0.0,1762440361767,1762440361845,,,,,,,,,,long+short,6170,760,249,202,5,12
ren_short_window,SHORT_WINDOW,28.000,0.1/0.1/0.01,300,2,5,failed,ack_timeout,0,1,941.149416999906,2250.0,7,1.8130000000000024,0.1029999999999518,0.0,0.0,0.0,,,,,,,,,,,,long+short,7495,361,318,246,7,12
ren_short_window,SHORT_WINDOW,28.000,0.1/0.1/0.01,400,2,1,ok,,0,1,69.66995800030418,1531.0,6,0.42900000000000205,0.03599999999994452,0.04599999999999227,0.04599999999999227,0.0,1762440404750,1762440404820,,,,,,,,,,long+short,7563,480,241,211,2,12
ren_short_window,SHORT_WINDOW,28.000,0.1/0.1/0.01,400,2,2,ok,,0,1,70.19083300019702,1528.0,6,0.7479999999999976,0.09199999999998454,0.0759999999999934,0.0759999999999934,0.0,1762440424998,1762440425068,,,,,,,,,,long+short,7448,323,306,196,4,12
ren_short_window,SHORT_WINDOW,28.000,0.1/0.1/0.01,400,2,3,ok,,0,1,76.6084580000097,1529.0,6,1.1090000000000018,0.06200000000001182,0.14100000000001955,0.14100000000001955,0.0,1762440445002,1762440445079,,,,,,,,,,long+short,6386,680,218,236,6,12
ren_short_window,SHORT_WINDOW,28.000,0.1/0.1/0.01,400,2,4,failed,leo_timeout,0,3,1204.6294179999677,399.0,3,0.8969999999999914,0.0,0.0,0.0,0.0,,,,,,,,,,,,long+short,6503,802,349,199,6,12
ren_short_window,SHORT_WINDOW,28.000,0.1/0.1/0.01,400,2,5,ok,,0,1,88.741083000059,1528.0,6,0.6660000000000039,0.05499999999994998,0.10500000000001819,0.10500000000001819,0.0,1762440485170,1762440485258,,,,,,,,,,long+short,6238,882,292,247,5,12
ren_short_window,SHORT_WINDOW,28.000,0.1/0.1/0.01,200,2,1,failed,ack_timeout,0,1,645.6860840007721,2251.0,7,1.1700000000000088,0.10200000000008913,0.0,0.0,0.0,,,,,,,,,,,,long+mid,8807,478,221,183,6,13
ren_short_window,SHORT_WINDOW,28.000,0.1/0.1/0.01,200,2,2,ok,,0,1,83.24604200061003,1527.0,6,0.7259999999999991,0.06000000000005912,0.06700000000000728,0.06700000000000728,0.0,1762440533356,1762440533440,,,,,,,,,,long+mid,10016,471,319,189,3,13
ren_short_window,SHORT_WINDOW,28.000,0.1/0.1/0.01,200,2,3,ok,,0,1,74.29133299956447,1530.0,6,0.5379999999999967,0.04600000000004911,0.038999999999958845,0.038999999999958845,0.0,1762440552476,1762440552550,,,,,,,,,,long+mid,9458,516,340,230,3,13
ren_short_window,SHORT_WINDOW,28.000,0.1/0.1/0.01,200,2,4,ok,,0,1,75.12662499993894,1531.0,6,0.4679999999999964,0.022000000000048203,0.03100000000000591,0.03100000000000591,0.0,1762440572926,1762440573001,,,,,,,,,,long+mid,9096,835,214,186,5,13
ren_short_window,SHORT_WINDOW,28.000,0.1/0.1/0.01,200,2,5,ok,,0,1,74.95566699981282,1529.0,6,0.45999999999999375,0.02800000000002001,0.03899999999998727,0.03899999999998727,0.0,1762440591603,1762440591678,,,,,,,,,,long+mid,12619,338,268,243,3,13
ren_short_window,SHORT_WINDOW,28.000,0.1/0.1/0.01,300,2,1,ok,,0,1,77.21279100042011,1530.0,6,0.762999999999991,0.05099999999993088,0.055999999999983174,0.055999999999983174,0.0,1762440609497,1762440609574,,,,,,,,,,long+mid,10334,680,206,252,3,13
ren_short_window,SHORT_WINDOW,28.000,0.1/0.1/0.01,300,2,2,ok,,0,1,71.0890840000502,1530.0,6,0.9019999999999939,0.08000000000015461,0.08999999999997499,0.08999999999997499,0.0,1762440626566,1762440626637,,,,,,,,,,long+mid,12087,831,348,168,3,13
ren_short_window,SHORT_WINDOW,28.000,0.1/0.1/0.01,300,2,3,ok,,0,1,68.00020799983031,1531.0,6,0.5300000000000011,0.04399999999998272,0.05500000000003524,0.05500000000003524,0.0,1762440648803,1762440648871,,,,,,,,,,long+mid,11596,526,240,185,3,13
ren_short_window,SHORT_WINDOW,28.000,0.1/0.1/0.01,300,2,4,ok,,0,1,78.3780410001782,1530.0,6,0.4549999999999983,0.03300000000001546,0.03200000000001069,0.03200000000001069,0.0,1762440667409,1762440667488,,,,,,,,,,long+mid,13531,679,209,248,4,13
ren_short_window,SHORT_WINDOW,28.000,0.1/0.1/0.01,300,2,5,ok,,0,1,87.36329100065632,1530.0,6,0.9179999999999993,0.057999999999992724,0.0719999999999743,0.0719999999999743,0.0,1762440688796,1762440688884,,,,,,,,,,long+mid,9968,604,337,188,9,13
ren_short_window,SHORT_WINDOW,28.000,0.1/0.1/0.01,400,2,1,ok,,0,1,74.67029200051911,1528.0,6,0.6380000000000052,0.07600000000002183,0.09000000000003183,0.09000000000003183,0.0,1762440710575,1762440710650,,,,,,,,,,long+mid,13256,373,286,201,4,13
ren_short_window,SHORT_WINDOW,28.000,0.1/0.1/0.01,400,2,2,ok,,0,1,81.93016599943803,1525.0,6,1.4810000000000016,0.11300000000005639,0.2109999999999559,0.2109999999999559,0.0,1762440735580,1762440735662,,,,,,,,,,long+mid,13737,724,350,276,0,13
ren_short_window,SHORT_WINDOW,28.000,0.1/0.1/0.01,400,2,3,ok,,0,1,72.60425000094983,1529.0,6,0.7979999999999947,0.09000000000003183,0.07099999999999795,0.07099999999999795,0.0,1762440756422,1762440756495,,,,,,,,,,long+mid,11834,794,299,235,6,13
ren_short_window,SHORT_WINDOW,28.000,0.1/0.1/0.01,400,2,4,ok,,0,1,89.37437500026135,1527.0,6,1.456000000000003,0.12000000000000455,0.09399999999999409,0.09399999999999409,0.0,1762440777276,1762440777365,,,,,,,,,,long+mid,11403,722,247,247,6,13
ren_short_window,SHORT_WINDOW,28.000,0.1/0.1/0.01,400,2,5,ok,,0,1,76.03533300061827,1529.0,6,0.6259999999999977,0.03300000000001546,0.045000000000015916,0.045000000000015916,0.0,1762440796820,1762440796896,,,,,,,,,,long+mid,9084,279,285,226,4,13
ren_short_window,SHORT_WINDOW,28.000,0.1/0.1/0.01,200,2,1,ok,,0,3,479.15341699990677,1795.0,8,1.3599999999999923,0.06099999999992178,0.056000000000011596,0.056000000000011596,0.0,1762440817086,1762440817565,,,,,,,,,,long+long,16168,628,332,243,7,14
ren_short_window,SHORT_WINDOW,28.000,0.1/0.1/0.01,200,2,2,ok,,0,1,80.19866699942213,1527.0,6,0.7199999999999989,0.06799999999986994,0.09599999999997522,0.09599999999997522,0.0,1762440841081,1762440841161,,,,,,,,,,long+long,14430,817,314,185,8,14
ren_short_window,SHORT_WINDOW,28.000,0.1/0.1/0.01,200,2,3,ok,,0,1,70.7046250008716,1528.0,6,0.49199999999999733,0.04100000000005366,0.03699999999997772,0.03699999999997772,0.0,1762440861837,1762440861907,,,,,,,,,,long+long,15583,878,206,197,4,14
ren_short_window,SHORT_WINDOW,28.000,0.1/0.1/0.01,200,2,4,ok,,0,2,277.56562500144355,1659.0,7,0.9449999999999932,0.0949999999999136,0.06200000000001182,0.06200000000001182,0.0,1762440885152,1762440885429,,,,,,,,,,long+long,15370,593,333,247,7,14
ren_short_window,SHORT_WINDOW,28.000,0.1/0.1/0.01,200,2,5,ok,,0,1,85.59554100065725,1527.0,6,1.137999999999991,0.11599999999998545,0.11200000000002319,0.11200000000002319,0.0,1762440907354,1762440907439,,,,,,,,,,long+long,16017,338,350,258,5,14
ren_short_window,SHORT_WINDOW,28.000,0.1/0.1/0.01,300,2,1,ok,,0,1,75.76637500096695,1530.0,6,0.45600000000000307,0.02699999999992997,0.043000000000006366,0.043000000000006366,0.0,1762440930888,1762440930964,,,,,,,,,,long+long,16136,780,283,154,6,14
ren_short_window,SHORT_WINDOW,28.000,0.1/0.1/0.01,300,2,2,ok,,0,1,73.76337500136287,1531.0,6,0.5320000000000036,0.03499999999996817,0.036000000000001364,0.036000000000001364,0.0,1762440956470,1762440956544,,,,,,,,,,long+long,17667,792,327,161,2,14
ren_short_window,SHORT_WINDOW,28.000,0.1/0.1/0.01,300,2,3,ok,,0,3,696.636333999777,1792.0,8,1.9669999999999916,0.2540000000000191,0.25799999999998136,0.25799999999998136,0.0,1762440979358,1762440980055,,,,,,,,,,long+long,18330,389,287,210,8,14
ren_short_window,SHORT_WINDOW,28.000,0.1/0.1/0.01,300,2,4,ok,,0,1,73.74895800057857,1528.0,6,0.6500000000000057,0.08799999999996544,0.09499999999999886,0.09499999999999886,0.0,1762441003085,1762441003158,,,,,,,,,,long+long,15188,512,202,206,6,14
ren_short_window,SHORT_WINDOW,28.000,0.1/0.1/0.01,300,2,5,ok,,0,1,64.6720410004491,1528.0,6,0.6809999999999974,0.09800000000007003,0.0700000000000216,0.0700000000000216,0.0,1762441027135,1762441027199,,,,,,,,,,long+long,14291,264,338,263,7,14
ren_short_window,SHORT_WINDOW,28.000,0.1/0.1/0.01,400,2,1,ok,,0,1,67.82591699993645,1530.0,6,0.5430000000000064,0.04499999999995907,0.03999999999999204,0.03999999999999204,0.0,1762441046364,1762441046432,,,,,,,,,,long+long,16196,479,226,204,4,14
ren_short_window,SHORT_WINDOW,28.000,0.1/0.1/0.01,400,2,2,ok,,0,1,73.10795800003689,1531.0,6,0.5099999999999909,0.04399999999998272,0.04299999999994952,0.04299999999994952,0.0,1762441070288,1762441070361,,,,,,,,,,long+long,14456,744,325,178,3,14
ren_short_window,SHORT_WINDOW,28.000,0.1/0.1/0.01,400,2,3,ok,,0,1,61.65079200036416,1531.0,6,0.9810000000000016,0.08300000000008367,0.045000000000015916,0.045000000000015916,0.0,1762441089105,1762441089166,,,,,,,,,,long+long,18648,297,241,210,10,14
ren_short_window,SHORT_WINDOW,28.000,0.1/0.1/0.01,400,2,4,ok,,0,1,74.48724999994738,1529.0,6,0.5589999999999975,0.03599999999994452,0.06300000000004502,0.06300000000004502,0.0,1762441113675,1762441113749,,,,,,,,,,long+long,14886,367,230,193,8,14
ren_short_window,SHORT_WINDOW,28.000,0.1/0.1/0.01,400,2,5,ok,,0,2,498.3897509991948,1660.0,7,1.509999999999998,0.2159999999997808,0.07599999999996498,0.07599999999996498,0.0,1762441132774,1762441133273,,,,,,,,,,long+long,16245,309,290,279,9,14
ren_short_window,SHORT_WINDOW,32.000,0.1/0.1/0.01,200,2,1,failed,ack_timeout,0,1,649.5499590000691,2250.0,7,1.5579999999999927,0.1049999999999045,0.0,0.0,0.0,,,,,,,,,,,,long+short,7393,672,229,189,5,15
ren_short_window,SHORT_WINDOW,32.000,0.1/0.1/0.01,200,2,2,ok,,0,2,282.41908400013926,1661.0,7,1.0040000000000049,0.11400000000003274,0.10599999999999454,0.10599999999999454,0.0,1762441176833,1762441177115,,,,,,,,,,long+short,6047,532,242,226,4,15
ren_short_window,SHORT_WINDOW,32.000,0.1/0.1/0.01,200,2,3,ok,,0,1,91.54308299912373,1531.0,6,0.47400000000000375,0.038000000000010914,0.03300000000001546,0.03300000000001546,0.0,1762441201655,1762441201746,,,,,,,,,,long+short,7517,870,222,210,1,15
ren_short_window,SHORT_WINDOW,32.000,0.1/0.1/0.01,200,2,4,ok,,0,1,88.15629200034891,1530.0,6,0.544000000000004,0.028999999999882675,0.03800000000006776,0.03800000000006776,0.0,1762441226135,1762441226224,,,,,,,,,,long+short,6448,664,280,197,2,15
ren_short_window,SHORT_WINDOW,32.000,0.1/0.1/0.01,200,2,5,ok,,0,1,82.3888340000849,1532.0,6,0.43900000000000006,0.043000000000006366,0.040000000000020464,0.040000000000020464,0.0,1762441244578,1762441244661,,,,,,,,,,long+short,7227,478,208,192,2,15
ren_short_window,SHORT_WINDOW,32.000,0.1/0.1/0.01,300,2,1,ok,,0,1,75.08066599984886,1530.0,6,0.8630000000000067,0.08900000000005548,0.06400000000002137,0.06400000000002137,0.0,1762441265616,1762441265691,,,,,,,,,,long+short,7421,870,270,246,6,15
ren_short_window,SHORT_WINDOW,32.000,0.1/0.1/0.01,300,2,2,ok,,0,1,91.789209000126,1531.0,6,0.47699999999999676,0.027000000000043656,0.03099999999994907,0.03099999999994907,0.0,1762441283482,1762441283574,,,,,,,,,,long+short,7174,567,205,232,1,15
ren_short_window,SHORT_WINDOW,32.000,0.1/0.1/0.01,300,2,3,ok,,0,1,91.34583400009433,1531.0,6,0.49900000000000233,0.033999999999991815,0.03500000000002501,0.03500000000002501,0.0,1762441301119,1762441301210,,,,,,,,,,long+short,6238,519,316,156,4,15
ren_short_window,SHORT_WINDOW,32.000,0.1/0.1/0.01,300,2,4,ok,,0,1,89.2386669984262,1532.0,6,0.46300000000000097,0.02900000000011005,0.029000000000053205,0.029000000000053205,0.0,1762441322667,1762441322756,,,,,,,,,,long+short,6929,417,253,157,2,15
ren_short_window,SHORT_WINDOW,32.000,0.1/0.1/0.01,300,2,5,ok,,0,3,682.1264590016654,1795.0,8,1.3119999999999976,0.06900000000007367,0.07300000000003593,0.07300000000003593,0.0,1762441344797,1762441345479,,,,,,,,,,long+short,6069,351,306,181,1,15
ren_short_window,SHORT_WINDOW,32.000,0.1/0.1/0.01,400,2,1,ok,,0,1,87.58791600121185,1530.0,6,0.5640000000000072,0.028999999999996362,0.05099999999998772,0.05099999999998772,0.0,1762441362332,1762441362420,,,,,,,,,,long+short,7542,442,287,163,3,15
ren_short_window,SHORT_WINDOW,32.000,0.1/0.1/0.01,400,2,2,ok,,0,1,81.71887499884178,1532.0,6,0.4609999999999985,0.044000000000096406,0.040000000000020464,0.040000000000020464,0.0,1762441384644,1762441384726,,,,,,,,,,long+short,6919,624,232,260,2,15
ren_short_window,SHORT_WINDOW,32.000,0.1/0.1/0.01,400,2,3,ok,,0,1,94.28091599875188,1529.0,6,0.4579999999999984,0.03199999999992542,0.04099999999999682,0.04099999999999682,0.0,1762441402142,1762441402237,,,,,,,,,,long+short,7049,550,232,266,3,15
ren_short_window,SHORT_WINDOW,32.000,0.1/0.1/0.01,400,2,4,ok,,0,1,81.42454200060456,1532.0,6,0.4339999999999975,0.028999999999996362,0.038000000000010914,0.038000000000010914,0.0,1762441421709,1762441421790,,,,,,,,,,long+short,7622,375,333,158,3,15
ren_short_window,SHORT_WINDOW,32.000,0.1/0.1/0.01,400,2,5,ok,,0,3,878.3870829993248,1794.0,8,1.338000000000001,0.0989999999999327,0.06400000000002137,0.06400000000002137,0.0,1762441442230,1762441443109,,,,,,,,,,long+short,6200,557,227,222,4,15
ren_short_window,SHORT_WINDOW,32.000,0.1/0.1/0.01,200,2,1,ok,,0,2,288.97854199931317,1657.0,7,1.6190000000000069,0.195999999999799,0.2839999999999918,0.2839999999999918,0.0,1762441465913,1762441466202,,,,,,,,,,long+mid,10752,296,285,206,3,16
ren_short_window,SHORT_WINDOW,32.000,0.1/0.1/0.01,200,2,2,ok,,0,3,492.3069169999508,1796.0,8,1.0459999999999994,0.049999999999954525,0.05699999999995953,0.05699999999995953,0.0,1762441491388,1762441491881,,,,,,,,,,long+mid,9877,453,230,165,6,16
ren_short_window,SHORT_WINDOW,32.000,0.1/0.1/0.01,200,2,3,ok,,0,1,89.2109590004111,1528.0,6,0.6739999999999924,0.06500000000005457,0.07299999999997908,0.07299999999997908,0.0,1762441515347,1762441515436,,,,,,,,,,long+mid,9210,640,340,165,2,16
ren_short_window,SHORT_WINDOW,32.000,0.1/0.1/0.01,200,2,4,ok,,0,1,83.54891599992698,1531.0,6,0.6350000000000051,0.05200000000002092,0.057999999999992724,0.057999999999992724,0.0,1762441538102,1762441538185,,,,,,,,,,long+mid,13031,870,279,265,4,16
ren_short_window,SHORT_WINDOW,32.000,0.1/0.1/0.01,200,2,5,ok,,0,1,93.3774999994057,1530.0,6,0.44700000000000273,0.04399999999998272,0.04200000000008686,0.04200000000008686,0.0,1762441561373,1762441561467,,,,,,,,,,long+mid,13466,588,342,273,5,16
ren_short_window,SHORT_WINDOW,32.000,0.1/0.1/0.01,300,2,1,ok,,0,1,88.42679200097336,1533.0,6,0.4379999999999953,0.030000000000086402,0.031999999999982265,0.031999999999982265,0.0,1762441584637,1762441584725,,,,,,,,,,long+mid,9833,778,272,227,3,16
ren_short_window,SHORT_WINDOW,32.000,0.1/0.1/0.01,300,2,2,ok,,0,1,89.57587499935471,1531.0,6,0.47399999999999665,0.0460000000001628,0.04099999999999682,0.04099999999999682,0.0,1762441607159,1762441607248,,,,,,,,,,long+mid,11492,392,303,244,4,16
ren_short_window,SHORT_WINDOW,32.000,0.1/0.1/0.01,300,2,3,ok,,0,1,88.57579200048349,1532.0,6,0.509999999999998,0.044000000000096406,0.04199999999997317,0.04199999999997317,0.0,1762441628296,1762441628384,,,,,,,,,,long+mid,13053,566,297,175,3,16
ren_short_window,SHORT_WINDOW,32.000,0.1/0.1/0.01,300,2,4,failed,ack_timeout,0,3,1552.0650840007875,2517.0,9,2.105000000000004,0.1150000000000091,0.0,0.0,0.0,,,,,,,,,,,,long+mid,12378,683,235,217,6,16
ren_short_window,SHORT_WINDOW,32.000,0.1/0.1/0.01,300,2,5,ok,,0,1,91.83275000032154,1531.0,6,0.4759999999999991,0.03300000000012915,0.04099999999999682,0.04099999999999682,0.0,1762441670271,1762441670363,,,,,,,,,,long+mid,9885,892,346,269,8,16
ren_short_window,SHORT_WINDOW,32.000,0.1/0.1/0.01,400,2,1,ok,,0,1,89.04504100064514,1529.0,6,0.8029999999999973,0.045999999999935426,0.07799999999991769,0.07799999999991769,0.0,1762441693655,1762441693744,,,,,,,,,,long+mid,9763,705,200,255,6,16
ren_short_window,SHORT_WINDOW,32.000,0.1/0.1/0.01,400,2,2,ok,,0,1,76.67045900052472,1530.0,6,1.1499999999999986,0.10599999999999454,0.05400000000003047,0.05400000000003047,0.0,1762441712198,1762441712274,,,,,,,,,,long+mid,11495,258,213,169,2,16
ren_short_window,SHORT_WINDOW,32.000,0.1/0.1/0.01,400,2,3,ok,,0,1,84.67108399963763,1531.0,6,0.43899999999999295,0.02400000000000091,0.03599999999994452,0.03599999999994452,0.0,1762441730838,1762441730923,,,,,,,,,,long+mid,11352,289,224,181,6,16
ren_short_window,SHORT_WINDOW,32.000,0.1/0.1/0.01,400,2,4,ok,,0,1,77.57404199946905,1530.0,6,0.9180000000000064,0.07899999999995089,0.051999999999964075,0.051999999999964075,0.0,1762441755696,1762441755773,,,,,,,,,,long+mid,9781,408,333,222,5,16
ren_short_window,SHORT_WINDOW,32.000,0.1/0.1/0.01,400,2,5,ok,,0,1,102.5320830012788,1530.0,6,0.5189999999999912,0.06600000000003092,0.03300000000001546,0.03300000000001546,0.0,1762441779578,1762441779681,,,,,,,,,,long+mid,11803,855,213,273,4,16
ren_short_window,SHORT_WINDOW,32.000,0.1/0.1/0.01,200,2,1,ok,,0,1,107.91308300031233,1532.0,6,0.4789999999999992,0.051000000000044565,0.04399999999998272,0.04399999999998272,0.0,1762441797367,1762441797475,,,,,,,,,,long+long,19748,448,266,211,5,17
ren_short_window,SHORT_WINDOW,32.000,0.1/0.1/0.01,200,2,2,ok,,0,1,311.17525000081514,2068.0,7,1.5589999999999975,0.2580000000000382,0.31100000000003547,0.31100000000003547,0.0,1762441821907,1762441822218,,,,,,,,,,long+long,14533,882,278,260,4,17
ren_short_window,SHORT_WINDOW,32.000,0.1/0.1/0.01,200,2,3,ok,,0,1,89.99008300088462,1532.0,6,0.4479999999999933,0.043000000000006366,0.03100000000000591,0.03100000000000591,0.0,1762441844934,1762441845024,,,,,,,,,,long+long,17273,625,343,234,1,17
ren_short_window,SHORT_WINDOW,32.000,0.1/0.1/0.01,200,2,4,ok,,0,1,82.36125000075845,1529.0,6,0.6799999999999997,0.09099999999978081,0.06699999999995043,0.06699999999995043,0.0,1762441865920,1762441866003,,,,,,,,,,long+long,16612,499,216,150,2,17
ren_short_window,SHORT_WINDOW,32.000,0.1/0.1/0.01,200,2,5,ok,,0,1,83.41558400024951,1533.0,6,0.42199999999998994,0.025999999999953616,0.03499999999996817,0.03499999999996817,0.0,1762441886838,1762441886921,,,,,,,,,,long+long,17488,327,242,167,5,17
ren_short_window,SHORT_WINDOW,32.000,0.1/0.1/0.01,300,2,1,ok,,0,1,108.31029200016928,1533.0,6,0.4680000000000035,0.036000000000171894,0.036000000000001364,0.036000000000001364,0.0,1762441911592,1762441911701,,,,,,,,,,long+long,14068,466,319,228,5,17
ren_short_window,SHORT_WINDOW,32.000,0.1/0.1/0.01,300,2,2,ok,,0,1,96.98491699964507,1528.0,6,0.4620000000000104,0.04500000000007276,0.045000000000015916,0.045000000000015916,0.0,1762441931628,1762441931725,,,,,,,,,,long+long,16075,393,334,261,13,17
ren_short_window,SHORT_WINDOW,32.000,0.1/0.1/0.01,300,2,3,failed,leo_timeout,0,3,905.7115420000628,399.0,3,1.0290000000000035,0.0,0.0,0.0,0.0,,,,,,,,,,,,long+long,15961,707,280,168,3,17
ren_short_window,SHORT_WINDOW,32.000,0.1/0.1/0.01,300,2,4,ok,,0,1,87.05550000013318,1533.0,6,0.49500000000000455,0.023000000000024556,0.029000000000053205,0.029000000000053205,0.0,1762441975736,1762441975823,,,,,,,,,,long+long,15104,501,217,205,7,17
ren_short_window,SHORT_WINDOW,32.000,0.1/0.1/0.01,300,2,5,ok,,0,1,102.50737499882234,1531.0,6,0.48399999999999466,0.049999999999954525,0.03200000000003911,0.03200000000003911,0.0,1762441994903,1762441995006,,,,,,,,,,long+long,14077,525,253,201,2,17
ren_short_window,SHORT_WINDOW,32.000,0.1/0.1/0.01,400,2,1,ok,,0,1,93.53695799836714,1531.0,6,0.5620000000000047,0.043000000000006366,0.07900000000000773,0.07900000000000773,0.0,1762442014226,1762442014319,,,,,,,,,,long+long,15567,591,211,269,6,17
ren_short_window,SHORT_WINDOW,32.000,0.1/0.1/0.01,400,2,2,ok,,0,1,75.82616599938774,1528.0,6,0.6640000000000015,0.09900000000004638,0.08199999999993679,0.08199999999993679,0.0,1762442038796,1762442038872,,,,,,,,,,long+long,15438,566,303,261,5,17
ren_short_window,SHORT_WINDOW,32.000,0.1/0.1/0.01,400,2,3,ok,,0,1,105.57420899931458,1530.0,6,0.5689999999999884,0.05499999999983629,0.08899999999999864,0.08899999999999864,0.0,1762442061200,1762442061305,,,,,,,,,,long+long,14068,664,293,211,9,17
ren_short_window,SHORT_WINDOW,32.000,0.1/0.1/0.01,400,2,4,ok,,0,1,96.0950419994333,1533.0,6,0.46699999999999875,0.043000000000006366,0.040000000000020464,0.040000000000020464,0.0,1762442085679,1762442085775,,,,,,,,,,long+long,18273,793,302,279,7,17
ren_short_window,SHORT_WINDOW,32.000,0.1/0.1/0.01,400,2,5,ok,,0,1,894.2622920003487,2612.0,8,1.5900000000000105,0.09600000000000364,0.07799999999997453,0.07799999999997453,0.0,1762442108698,1762442109592,,,,,,,,,,long+long,15591,787,260,171,5,17
ren_short_window,SHORT_WINDOW,32.000,0.1/0.1/0.01,200,2,1,ok,,0,2,284.3639999991865,1664.0,7,0.8640000000000043,0.10100000000011278,0.057999999999992724,0.057999999999992724,0.0,1762442130151,1762442130436,,,,,,,,,,short+short,7066,848,239,196,1,18
ren_short_window,SHORT_WINDOW,32.000,0.1/0.1/0.01,200,2,2,ok,,0,1,94.4462499992369,1531.0,6,0.4939999999999998,0.041999999999916326,0.04199999999997317,0.04199999999997317,0.0,1762442140813,1762442140907,,,,,,,,,,short+short,6951,661,218,239,1,18
ren_short_window,SHORT_WINDOW,32.000,0.1/0.1/0.01,200,2,3,failed,leo_timeout,0,3,615.2945419999014,399.0,3,1.7950000000000017,0.0,0.0,0.0,0.0,,,,,,,,,,,,short+short,6553,419,277,239,5,18
ren_short_window,SHORT_WINDOW,32.000,0.1/0.1/0.01,200,2,4,ok,,0,1,79.61833400077012,1531.0,6,0.41199999999999903,0.036000000000171894,0.03199999999992542,0.03199999999992542,0.0,1762442162347,1762442162427,,,,,,,,,,short+short,6263,608,218,167,0,18
ren_short_window,SHORT_WINDOW,32.000,0.1/0.1/0.01,200,2,5,ok,,0,1,95.8222500012198,1529.0,6,0.44700000000000273,0.023999999999887223,0.03899999999998727,0.03899999999998727,0.0,1762442172326,1762442172422,,,,,,,,,,short+short,6862,507,240,163,3,18
ren_short_window,SHORT_WINDOW,32.000,0.1/0.1/0.01,300,2,1,ok,,0,1,81.2219589988672,1530.0,6,0.5540000000000092,0.08500000000015007,0.06700000000000728,0.06700000000000728,0.0,1762442183588,1762442183669,,,,,,,,,,short+short,7154,498,322,247,1,18
ren_short_window,SHORT_WINDOW,32.000,0.1/0.1/0.01,300,2,2,ok,,0,1,80.42458300042199,1528.0,6,0.6499999999999986,0.06600000000003092,0.07399999999995543,0.07399999999995543,0.0,1762442194059,1762442194140,,,,,,,,,,short+short,6371,300,246,231,2,18
ren_short_window,SHORT_WINDOW,32.000,0.1/0.1/0.01,300,2,3,ok,,0,1,96.71904099923267,1528.0,6,0.45699999999999363,0.031000000000062755,0.05000000000001137,0.05000000000001137,0.0,1762442204591,1762442204687,,,,,,,,,,short+short,7293,764,281,209,0,18
ren_short_window,SHORT_WINDOW,32.000,0.1/0.1/0.01,300,2,4,ok,,0,1,81.21958399897267,1527.0,6,2.4350000000000023,0.10900000000003729,0.10499999999996135,0.10499999999996135,0.0,1762442216111,1762442216193,,,,,,,,,,short+short,6806,738,262,179,2,18
ren_short_window,SHORT_WINDOW,32.000,0.1/0.1/0.01,300,2,5,failed,leo_timeout,0,3,915.3463760012528,399.0,3,0.9889999999999901,0.0,0.0,0.0,0.0,,,,,,,,,,,,short+short,6398,753,221,211,3,18
ren_short_window,SHORT_WINDOW,32.000,0.1/0.1/0.01,400,2,1,ok,,0,1,84.97104199886962,1530.0,6,0.6189999999999998,0.06799999999998363,0.06900000000001683,0.06900000000001683,0.0,1762442237240,1762442237325,,,,,,,,,,short+short,6718,680,297,181,0,18
ren_short_window,SHORT_WINDOW,32.000,0.1/0.1/0.01,400,2,2,ok,,0,3,902.4846259999322,1795.0,8,1.3249999999999957,0.06200000000001182,0.05500000000000682,0.05500000000000682,0.0,1762442248077,1762442248980,,,,,,,,,,short+short,6972,719,348,237,1,18
ren_short_window,SHORT_WINDOW,32.000,0.1/0.1/0.01,400,2,3,ok,,0,1,96.9530410002335,1532.0,6,0.5679999999999978,0.038000000000010914,0.029999999999972715,0.029999999999972715,0.0,1762442258993,1762442259090,,,,,,,,,,short+short,6087,791,297,215,3,18
ren_short_window,SHORT_WINDOW,32.000,0.1/0.1/0.01,400,2,4,ok,,0,1,102.13741600091453,1530.0,6,0.5940000000000012,0.05599999999992633,0.05899999999996908,0.05899999999996908,0.0,1762442270254,1762442270356,,,,,,,,,,short+short,6095,619,206,277,1,18
ren_short_window,SHORT_WINDOW,32.000,0.1/0.1/0.01,400,2,5,ok,,0,1,94.11562499917636,1531.0,6,0.4830000000000041,0.038000000000010914,0.031999999999982265,0.031999999999982265,0.0,1762442280380,1762442280474,,,,,,,,,,short+short,6712,830,299,191,1,18
ren_short_window,SHORT_WINDOW,32.000,0.1/0.1/0.01,200,2,1,ok,,0,1,89.38608400058001,1529.0,6,0.41800000000000637,0.045999999999935426,0.03400000000004866,0.03400000000004866,0.0,1762442290593,1762442290683,,,,,,,,,,short+mid,5945,529,242,227,0,19
ren_short_window,SHORT_WINDOW,32.000,0.1/0.1/0.01,200,2,2,ok,,0,1,88.88791700155707,1532.0,6,0.5179999999999936,0.033999999999991815,0.036000000000001364,0.036000000000001364,0.0,1762442305286,1762442305375,,,,,,,,,,short+mid,6091,513,231,207,2,19
ren_short_window,SHORT_WINDOW,32.000,0.1/0.1/0.01,200,2,3,ok,,0,1,86.73329200064472,1532.0,6,0.5269999999999939,0.05499999999994998,0.049000000000035016,0.049000000000035016,0.0,1762442321306,1762442321393,,,,,,,,,,short+mid,6875,821,255,248,3,19
ren_short_window,SHORT_WINDOW,32.000,0.1/0.1/0.01,200,2,4,ok,,0,1,84.76620800138335,1530.0,6,0.4339999999999975,0.03399999999976444,0.04099999999999682,0.04099999999999682,0.0,1762442334426,1762442334511,,,,,,,,,,short+mid,7736,372,268,230,3,19
ren_short_window,SHORT_WINDOW,32.000,0.1/0.1/0.01,200,2,5,failed,leo_timeout,0,3,608.7900420006918,399.0,3,1.3629999999999924,0.0,0.0,0.0,0.0,,,,,,,,,,,,short+mid,6563,635,301,204,3,19
ren_short_window,SHORT_WINDOW,32.000,0.1/0.1/0.01,300,2,1,ok,,0,3,692.6680420001503,1795.0,8,1.283999999999999,0.07400000000006912,0.08199999999999363,0.08199999999999363,0.0,1762442365650,1762442366343,,,,,,,,,,short+mid,6227,267,340,221,1,19
ren_short_window,SHORT_WINDOW,32.000,0.1/0.1/0.01,300,2,2,ok,,0,1,89.48087499993562,1529.0,6,0.44199999999999307,0.04500000000007276,0.03599999999994452,0.03599999999994452,0.0,1762442379114,1762442379203,,,,,,,,,,short+mid,7305,669,243,159,3,19
ren_short_window,SHORT_WINDOW,32.000,0.1/0.1/0.01,300,2,3,ok,,0,1,97.40654199958954,1530.0,6,0.4759999999999991,0.04099999999993997,0.045000000000015916,0.045000000000015916,0.0,1762442394840,1762442394937,,,,,,,,,,short+mid,7506,746,220,229,2,19
ren_short_window,SHORT_WINDOW,32.000,0.1/0.1/0.01,300,2,4,ok,,0,1,82.84566600013932,1531.0,6,0.4410000000000025,0.036999999999920874,0.04099999999999682,0.04099999999999682,0.0,1762442407868,1762442407951,,,,,,,,,,short+mid,7987,345,229,171,2,19
ren_short_window,SHORT_WINDOW,32.000,0.1/0.1/0.01,300,2,5,ok,,0,1,97.58774999863817,1530.0,6,0.5359999999999943,0.033999999999991815,0.060000000000002274,0.060000000000002274,0.0,1762442421268,1762442421366,,,,,,,,,,short+mid,7200,539,264,257,5,19
ren_short_window,SHORT_WINDOW,32.000,0.1/0.1/0.01,400,2,1,ok,,0,1,90.44079200066335,1530.0,6,0.472999999999999,0.02800000000002001,0.04599999999999227,0.04599999999999227,0.0,1762442435496,1762442435587,,,,,,,,,,short+mid,5803,762,335,253,2,19
ren_short_window,SHORT_WINDOW,32.000,0.1/0.1/0.01,400,2,2,ok,,0,2,503.22062500163156,1657.0,7,2.467000000000006,0.3250000000000455,0.38499999999993406,0.38499999999993406,0.0,1762442451254,1762442451757,,,,,,,,,,short+mid,7645,314,262,249,2,19
ren_short_window,SHORT_WINDOW,32.000,0.1/0.1/0.01,400,2,3,ok,,0,1,88.36616700136801,1530.0,6,0.4200000000000017,0.04600000000004911,0.03399999999993497,0.03399999999993497,0.0,1762442466522,1762442466610,,,,,,,,,,short+mid,6846,519,309,268,0,19
ren_short_window,SHORT_WINDOW,32.000,0.1/0.1/0.01,400,2,4,ok,,0,1,85.8566669994616,1529.0,6,0.7299999999999969,0.08799999999985175,0.049999999999954525,0.049999999999954525,0.0,1762442482717,1762442482803,,,,,,,,,,short+mid,6701,377,268,219,1,19
ren_short_window,SHORT_WINDOW,32.000,0.1/0.1/0.01,400,2,5,ok,,0,1,84.01674999913666,1526.0,6,0.6970000000000027,0.09199999999998454,0.10099999999994225,0.10099999999994225,0.0,1762442497843,1762442497927,,,,,,,,,,short+mid,6170,409,290,245,0,19
ren_short_window,SHORT_WINDOW,32.000,0.1/0.1/0.01,200,2,1,ok,,0,1,87.08483400005207,1529.0,6,0.5959999999999965,0.03699999999980719,0.03899999999998727,0.03899999999998727,0.0,1762442514179,1762442514266,,,,,,,,,,short+long,6066,477,209,233,3,20
ren_short_window,SHORT_WINDOW,32.000,0.1/0.1/0.01,200,2,2,ok,,0,1,93.0375419993652,1529.0,6,0.49499999999999744,0.02999999999974534,0.05200000000007776,0.05200000000007776,0.0,1762442539890,1762442539983,,,,,,,,,,short+long,5997,725,330,205,2,20
ren_short_window,SHORT_WINDOW,32.000,0.1/0.1/0.01,200,2,3,ok,,0,1,90.71858300012536,1524.0,6,0.8370000000000033,0.11099999999999,0.08300000000002683,0.08300000000002683,0.0,1762442560725,1762442560815,,,,,,,,,,short+long,6719,832,347,203,4,20
ren_short_window,SHORT_WINDOW,32.000,0.1/0.1/0.01,200,2,4,ok,,0,1,78.92754200111085,1524.0,6,0.5629999999999953,0.04399999999986903,0.103999999999985,0.103999999999985,0.0,1762442584470,1762442584549,,,,,,,,,,short+long,6409,652,333,272,3,20
ren_short_window,SHORT_WINDOW,32.000,0.1/0.1/0.01,200,2,5,failed,ack_timeout,0,1,646.2307919991872,2251.0,7,1.519999999999996,0.04999999999984084,0.0,0.0,0.0,,,,,,,,,,,,short+long,7789,569,200,151,4,20
ren_short_window,SHORT_WINDOW,32.000,0.1/0.1/0.01,300,2,1,ok,,0,1,90.62012499998673,1529.0,6,0.5279999999999987,0.032000000000152795,0.04599999999999227,0.04599999999999227,0.0,1762442627534,1762442627625,,,,,,,,,,short+long,6599,430,298,179,1,20
ren_short_window,SHORT_WINDOW,32.000,0.1/0.1/0.01,300,2,2,ok,,0,1,83.4114999997837,1530.0,6,0.42499999999999716,0.03999999999996362,0.029999999999972715,0.029999999999972715,0.0,1762442649040,1762442649123,,,,,,,,,,short+long,6993,470,233,227,1,20
ren_short_window,SHORT_WINDOW,32.000,0.1/0.1/0.01,300,2,3,ok,,0,1,89.63212500020745,1530.0,6,0.49800000000000466,0.04300000000012005,0.03399999999993497,0.03399999999993497,0.0,1762442673152,1762442673241,,,,,,,,,,short+long,7270,848,202,213,3,20
ren_short_window,SHORT_WINDOW,32.000,0.1/0.1/0.01,300,2,4,ok,,0,3,687.1762499995384,1797.0,8,0.9909999999999926,0.041999999999916326,0.03499999999996817,0.03499999999996817,0.0,1762442696781,1762442697469,,,,,,,,,,short+long,6026,769,339,229,4,20
ren_short_window,SHORT_WINDOW,32.000,0.1/0.1/0.01,300,2,5,ok,,0,1,87.13237600022694,1528.0,6,0.4369999999999976,0.0340000000001055,0.03499999999996817,0.03499999999996817,0.0,1762442716903,1762442716990,,,,,,,,,,short+long,6579,471,208,257,5,20
ren_short_window,SHORT_WINDOW,32.000,0.1/0.1/0.01,400,2,1,ok,,0,1,93.10404200004996,1529.0,6,0.43900000000000006,0.03499999999985448,0.03499999999996817,0.03499999999996817,0.0,1762442737224,1762442737317,,,,,,,,,,short+long,7137,453,236,210,6,20
ren_short_window,SHORT_WINDOW,32.000,0.1/0.1/0.01,400,2,2,ok,,0,1,86.48141699995904,1530.0,6,0.5,0.03499999999985448,0.053000000000054115,0.053000000000054115,0.0,1762442760197,1762442760283,,,,,,,,,,short+long,6261,463,265,248,4,20
ren_short_window,SHORT_WINDOW,32.000,0.1/0.1/0.01,400,2,3,ok,,0,1,88.68229200015776,1528.0,6,0.6580000000000084,0.11300000000005639,0.17300000000000182,0.17300000000000182,0.0,1762442782502,1762442782591,,,,,,,,,,short+long,7781,363,284,190,3,20
ren_short_window,SHORT_WINDOW,32.000,0.1/0.1/0.01,400,2,4,failed,leo_timeout,0,3,1209.5314589987538,399.0,3,0.8399999999999963,0.0,0.0,0.0,0.0,,,,,,,,,,,,short+long,6989,269,303,181,5,20
ren_short_window,SHORT_WINDOW,32.000,0.1/0.1/0.01,400,2,5,ok,,0,1,102.318709001338,1529.0,6,0.5879999999999939,0.041999999999916326,0.04400000000003956,0.04400000000003956,0.0,1762442825931,1762442826033,,,,,,,,,,short+long,7492,563,327,194,3,20
ren_short_window,SHORT_WINDOW,36.000,0.1/0.1/0.01,200,2,1,ok,,0,1,102.59612499976356,1527.0,6,0.7909999999999897,0.21299999999996544,0.07299999999997908,0.07299999999997908,0.0,1762442850294,1762442850396,,,,,,,,,,short+short,6782,797,211,224,0,21
ren_short_window,SHORT_WINDOW,36.000,0.1/0.1/0.01,200,2,2,ok,,0,1,89.6312080003554,1528.0,6,0.5599999999999952,0.032999999999901775,0.04200000000003001,0.04200000000003001,0.0,1762442860868,1762442860957,,,,,,,,,,short+short,7107,338,312,191,1,21
ren_short_window,SHORT_WINDOW,36.000,0.1/0.1/0.01,200,2,3,ok,,0,1,101.5299579994462,1529.0,6,0.4820000000000064,0.04500000000007276,0.04299999999994952,0.04299999999994952,0.0,1762442872316,1762442872418,,,,,,,,,,short+short,5819,562,246,212,2,21
ren_short_window,SHORT_WINDOW,36.000,0.1/0.1/0.01,200,2,4,ok,,0,1,90.87233399986872,1532.0,6,0.49200000000000443,0.041999999999916326,0.04599999999999227,0.04599999999999227,0.0,1762442882982,1762442883073,,,,,,,,,,short+short,6231,685,300,205,2,21
ren_short_window,SHORT_WINDOW,36.000,0.1/0.1/0.01,200,2,5,ok,,0,1,89.50237499993818,1530.0,6,0.4859999999999971,0.03099999999994907,0.043000000000006366,0.043000000000006366,0.0,1762442893109,1762442893198,,,,,,,,,,short+short,6073,654,228,205,0,21
ren_short_window,SHORT_WINDOW,36.000,0.1/0.1/0.01,300,2,1,ok,,0,1,93.21458299928054,1529.0,6,0.42899999999999494,0.02500000000009095,0.03900000000004411,0.03900000000004411,0.0,1762442903421,1762442903514,,,,,,,,,,short+short,7018,309,280,227,4,21
ren_short_window,SHORT_WINDOW,36.000,0.1/0.1/0.01,300,2,2,ok,,0,1,90.28762500020093,1529.0,6,0.5749999999999957,0.032999999999901775,0.04800000000000182,0.04800000000000182,0.0,1762442914131,1762442914222,,,,,,,,,,short+short,5772,534,325,274,1,21
ren_short_window,SHORT_WINDOW,36.000,0.1/0.1/0.01,300,2,3,ok,,0,1,96.07212500122841,1531.0,6,0.5640000000000001,0.05200000000036198,0.04699999999996862,0.04699999999996862,0.0,1762442924534,1762442924630,,,,,,,,,,short+short,6862,553,281,267,2,21
ren_short_window,SHORT_WINDOW,36.000,0.1/0.1/0.01,300,2,4,ok,,0,1,98.14758299944515,1529.0,6,0.5900000000000034,0.06500000000028194,0.05099999999998772,0.05099999999998772,0.0,1762442934715,1762442934813,,,,,,,,,,short+short,7130,355,260,276,0,21
ren_short_window,SHORT_WINDOW,36.000,0.1/0.1/0.01,300,2,5,ok,,0,1,92.0287909993931,1528.0,6,0.7550000000000097,0.0829999999998563,0.06100000000003547,0.06100000000003547,0.0,1762442945581,1762442945673,,,,,,,,,,short+short,6131,498,319,265,3,21
ren_short_window,SHORT_WINDOW,36.000,0.1/0.1/0.01,400,2,1,ok,,0,1,101.74637499949313,1527.0,6,0.8429999999999964,0.032000000000152795,0.05299999999999727,0.05299999999999727,0.0,1762442955953,1762442956055,,,,,,,,,,short+short,7233,717,292,238,3,21
ren_short_window,SHORT_WINDOW,36.000,0.1/0.1/0.01,400,2,2,ok,,0,1,91.08912499868893,1530.0,6,0.6260000000000048,0.06099999999992178,0.049999999999954525,0.049999999999954525,0.0,1762442967403,1762442967494,,,,,,,,,,short+short,5838,777,279,229,1,21
ren_short_window,SHORT_WINDOW,36.000,0.1/0.1/0.01,400,2,3,ok,,0,1,91.94158399986918,1531.0,6,0.47400000000000375,0.035000000000081855,0.07499999999998863,0.07499999999998863,0.0,1762442977460,1762442977552,,,,,,,,,,short+short,6380,406,347,198,0,21
ren_short_window,SHORT_WINDOW,36.000,0.1/0.1/0.01,400,2,4,ok,,0,3,889.6805839995068,1796.0,8,1.2389999999999972,0.0929999999998472,0.06500000000005457,0.06500000000005457,0.0,1762442987634,1762442988524,,,,,,,,,,short+short,6362,709,226,156,4,21
ren_short_window,SHORT_WINDOW,36.000,0.1/0.1/0.01,400,2,5,ok,,0,1,92.42104199984169,1531.0,6,0.44200000000000017,0.029999999999972715,0.036000000000001364,0.036000000000001364,0.0,1762442998630,1762442998723,,,,,,,,,,short+short,6292,424,273,273,2,21
ren_short_window,SHORT_WINDOW,36.000,0.1/0.1/0.01,200,2,1,ok,,0,1,93.44466699985787,1529.0,6,0.8629999999999924,0.12400000000002365,0.05200000000002092,0.05200000000002092,0.0,1762443009146,1762443009239,,,,,,,,,,short+mid,6503,628,319,265,4,22
ren_short_window,SHORT_WINDOW,36.000,0.1/0.1/0.01,200,2,2,ok,,0,1,97.15520800091326,1531.0,6,0.5390000000000015,0.03099999999994907,0.04200000000003001,0.04200000000003001,0.0,1762443026229,1762443026326,,,,,,,,,,short+mid,6974,634,215,196,4,22
ren_short_window,SHORT_WINDOW,36.000,0.1/0.1/0.01,200,2,3,ok,,0,1,93.56429199942795,1530.0,6,0.4660000000000082,0.029000000000223736,0.03000000000002956,0.03000000000002956,0.0,1762443040855,1762443040949,,,,,,,,,,short+mid,6521,838,259,169,3,22
ren_short_window,SHORT_WINDOW,36.000,0.1/0.1/0.01,200,2,4,ok,,0,1,94.11129199907009,1530.0,6,0.7400000000000091,0.11899999999991451,0.07600000000002183,0.07600000000002183,0.0,1762443056689,1762443056783,,,,,,,,,,short+mid,6283,768,225,170,0,22
ren_short_window,SHORT_WINDOW,36.000,0.1/0.1/0.01,200,2,5,ok,,0,1,91.0665829997015,1531.0,6,0.5570000000000022,0.035000000000081855,0.03799999999995407,0.03799999999995407,0.0,1762443069830,1762443069921,,,,,,,,,,short+mid,7028,816,330,177,3,22
ren_short_window,SHORT_WINDOW,36.000,0.1/0.1/0.01,300,2,1,ok,,0,1,86.83466600086831,1530.0,6,0.5510000000000019,0.08899999999994179,0.07200000000000273,0.07200000000000273,0.0,1762443087156,1762443087243,,,,,,,,,,short+mid,6890,379,299,220,2,22
ren_short_window,SHORT_WINDOW,36.000,0.1/0.1/0.01,300,2,2,ok,,0,1,87.7403750000667,1532.0,6,0.6360000000000028,0.06700000000023465,0.051999999999964075,0.051999999999964075,0.0,1762443101483,1762443101571,,,,,,,,,,short+mid,7760,859,332,205,4,22
ren_short_window,SHORT_WINDOW,36.000,0.1/0.1/0.01,300,2,3,ok,,0,1,86.70241699837788,1527.0,6,0.6379999999999981,0.03899999999998727,0.060000000000002274,0.060000000000002274,0.0,1762443114504,1762443114591,,,,,,,,,,short+mid,7431,569,283,157,1,22
ren_short_window,SHORT_WINDOW,36.000,0.1/0.1/0.01,300,2,4,ok,,0,3,697.5297919998411,1795.0,8,1.1550000000000082,0.06199999999989814,0.06499999999994088,0.06499999999994088,0.0,1762443129804,1762443130502,,,,,,,,,,short+mid,6717,634,220,257,2,22
ren_short_window,SHORT_WINDOW,36.000,0.1/0.1/0.01,300,2,5,ok,,0,1,98.04520800025784,1529.0,6,0.6180000000000092,0.04399999999986903,0.04199999999997317,0.04199999999997317,0.0,1762443144160,1762443144258,,,,,,,,,,short+mid,6254,717,247,244,4,22
ren_short_window,SHORT_WINDOW,36.000,0.1/0.1/0.01,400,2,1,ok,,0,1,91.4569169999595,1526.0,6,0.7249999999999943,0.1310000000000855,0.05899999999996908,0.05899999999996908,0.0,1762443160719,1762443160811,,,,,,,,,,short+mid,6682,638,304,202,2,22
ren_short_window,SHORT_WINDOW,36.000,0.1/0.1/0.01,400,2,2,failed,leo_timeout,0,3,1205.1497920001566,399.0,3,0.8989999999999867,0.0,0.0,0.0,0.0,,,,,,,,,,,,short+mid,6340,587,305,210,3,22
ren_short_window,SHORT_WINDOW,36.000,0.1/0.1/0.01,400,2,3,ok,,0,2,512.6802089998819,1659.0,7,2.171999999999997,0.4579999999998563,0.28000000000002956,0.28000000000002956,0.0,1762443190495,1762443191007,,,,,,,,,,short+mid,7376,252,292,207,4,22
ren_short_window,SHORT_WINDOW,36.000,0.1/0.1/0.01,400,2,4,ok,,0,1,84.73429100013163,1529.0,6,0.715999999999994,0.08899999999994179,0.07900000000000773,0.07900000000000773,0.0,1762443203834,1762443203919,,,,,,,,,,short+mid,6212,682,214,238,3,22
ren_short_window,SHORT_WINDOW,36.000,0.1/0.1/0.01,400,2,5,ok,,0,1,85.08708299996215,1529.0,6,0.5559999999999974,0.04100000000016735,0.06100000000003547,0.06100000000003547,0.0,1762443221187,1762443221272,,,,,,,,,,short+mid,7615,345,294,272,4,22
ren_short_window,SHORT_WINDOW,36.000,0.1/0.1/0.01,200,2,1,ok,,0,1,95.72291699987545,1532.0,6,0.507000000000005,0.047000000000025466,0.09199999999998454,0.09199999999998454,0.0,1762443237424,1762443237520,,,,,,,,,,short+long,6786,827,202,230,3,23
ren_short_window,SHORT_WINDOW,36.000,0.1/0.1/0.01,200,2,2,failed,leo_timeout,0,3,603.8974580005743,399.0,3,0.6300000000000097,0.0,0.0,0.0,0.0,,,,,,,,,,,,short+long,6709,853,330,262,6,23
ren_short_window,SHORT_WINDOW,36.000,0.1/0.1/0.01,200,2,3,ok,,0,1,103.35066699917661,1530.0,6,0.41900000000000404,0.03999999999996362,0.03200000000003911,0.03200000000003911,0.0,1762443277826,1762443277929,,,,,,,,,,short+long,7639,481,328,169,1,23
ren_short_window,SHORT_WINDOW,36.000,0.1/0.1/0.01,200,2,4,ok,,0,1,106.49895799906517,1532.0,6,0.48800000000000665,0.02800000000002001,0.047000000000025466,0.047000000000025466,0.0,1762443296982,1762443297089,,,,,,,,,,short+long,7752,863,208,233,2,23
ren_short_window,SHORT_WINDOW,36.000,0.1/0.1/0.01,200,2,5,ok,,0,1,96.520082999632,1530.0,6,0.4619999999999962,0.038000000000010914,0.03799999999995407,0.03799999999995407,0.0,1762443318266,1762443318363,,,,,,,,,,short+long,6900,397,346,199,1,23
ren_short_window,SHORT_WINDOW,36.000,0.1/0.1/0.01,300,2,1,ok,,0,1,91.09466699919722,1530.0,6,0.544000000000004,0.03300000000012915,0.07600000000002183,0.07600000000002183,0.0,1762443336051,1762443336142,,,,,,,,,,short+long,6628,653,243,241,3,23
ren_short_window,SHORT_WINDOW,36.000,0.1/0.1/0.01,300,2,2,ok,,0,1,105.1757089990133,1531.0,6,0.5129999999999981,0.024999999999863576,0.06099999999997863,0.06099999999997863,0.0,1762443354413,1762443354518,,,,,,,,,,short+long,7910,817,253,210,4,23
ren_short_window,SHORT_WINDOW,36.000,0.1/0.1/0.01,300,2,3,ok,,0,1,89.26329199857719,1529.0,6,0.7640000000000029,0.06700000000023465,0.04399999999998272,0.04399999999998272,0.0,1762443377823,1762443377912,,,,,,,,,,short+long,6218,269,207,255,1,23
ren_short_window,SHORT_WINDOW,36.000,0.1/0.1/0.01,300,2,4,ok,,0,1,97.89754099983838,1530.0,6,0.5920000000000059,0.10599999999999454,0.08600000000001273,0.08600000000001273,0.0,1762443400542,1762443400640,,,,,,,,,,short+long,6651,814,279,229,1,23
ren_short_window,SHORT_WINDOW,36.000,0.1/0.1/0.01,300,2,5,ok,,0,1,108.21541599943885,1530.0,6,0.44700000000000273,0.03699999999980719,0.033999999999991815,0.033999999999991815,0.0,1762443426173,1762443426282,,,,,,,,,,short+long,6938,858,332,221,3,23
ren_short_window,SHORT_WINDOW,36.000,0.1/0.1/0.01,400,2,1,ok,,0,1,106.9298330003221,1528.0,6,0.5989999999999966,0.0649999999998272,0.07200000000000273,0.07200000000000273,0.0,1762443447014,1762443447121,,,,,,,,,,short+long,6656,573,292,172,7,23
ren_short_window,SHORT_WINDOW,36.000,0.1/0.1/0.01,400,2,2,ok,,0,1,105.92495799937751,1531.0,6,0.5170000000000101,0.044000000000096406,0.049000000000035016,0.049000000000035016,0.0,1762443472961,1762443473067,,,,,,,,,,short+long,6847,776,219,251,6,23
ren_short_window,SHORT_WINDOW,36.000,0.1/0.1/0.01,400,2,3,ok,,0,1,93.9627499992639,1530.0,6,0.7029999999999959,0.06899999999995998,0.15399999999999636,0.15399999999999636,0.0,1762443494507,1762443494601,,,,,,,,,,short+long,6022,871,258,164,3,23
ren_short_window,SHORT_WINDOW,36.000,0.1/0.1/0.01,400,2,4,ok,,0,2,488.9807510007813,1662.0,7,1.252999999999993,0.10799999999994725,0.07499999999998863,0.07499999999998863,0.0,1762443516474,1762443516963,,,,,,,,,,short+long,6217,424,281,224,6,23
ren_short_window,SHORT_WINDOW,36.000,0.1/0.1/0.01,400,2,5,ok,,0,1,100.75337499984016,1531.0,6,0.48699999999999477,0.03199999999992542,0.038000000000010914,0.038000000000010914,0.0,1762443536896,1762443536997,,,,,,,,,,short+long,6610,266,295,231,6,23
ren_short_window,SHORT_WINDOW,32.000,0.1/0.1/0.01,200,2,1,failed,leo_timeout,0,3,609.3388749995938,399.0,3,0.7820000000000036,0.0,0.0,0.0,0.0,,,,,,,,,,,,mid+short,6304,892,249,258,2,24
ren_short_window,SHORT_WINDOW,32.000,0.1/0.1/0.01,200,2,2,ok,,0,1,92.61720900030923,1529.0,6,0.5940000000000012,0.03099999999994907,0.057999999999992724,0.057999999999992724,0.0,1762443578414,1762443578506,,,,,,,,,,mid+short,7170,584,279,212,4,24
ren_short_window,SHORT_WINDOW,32.000,0.1/0.1/0.01,200,2,3,failed,leo_timeout,0,3,609.9605839990545,399.0,3,0.9969999999999928,0.0,0.0,0.0,0.0,,,,,,,,,,,,mid+short,7148,753,346,259,4,24
ren_short_window,SHORT_WINDOW,32.000,0.1/0.1/0.01,200,2,4,ok,,0,1,80.26095799868926,1530.0,6,0.5810000000000031,0.03600000000005821,0.03899999999998727,0.03899999999998727,0.0,1762443609995,1762443610076,,,,,,,,,,mid+short,7115,787,322,245,0,24
ren_short_window,SHORT_WINDOW,32.000,0.1/0.1/0.01,200,2,5,ok,,0,1,86.94341699992947,1528.0,6,0.5510000000000019,0.09300000000007458,0.05099999999998772,0.05099999999998772,0.0,1762443625291,1762443625378,,,,,,,,,,mid+short,6121,722,296,280,3,24
ren_short_window,SHORT_WINDOW,32.000,0.1/0.1/0.01,300,2,1,ok,,0,1,93.75620799983153,1531.0,6,0.6869999999999976,0.08300000000008367,0.055999999999983174,0.055999999999983174,0.0,1762443638017,1762443638111,,,,,,,,,,mid+short,6892,460,315,158,1,24
ren_short_window,SHORT_WINDOW,32.000,0.1/0.1/0.01,300,2,2,ok,,0,1,82.71420799974294,1528.0,6,0.5690000000000026,0.03099999999994907,0.05000000000001137,0.05000000000001137,0.0,1762443650649,1762443650732,,,,,,,,,,mid+short,6175,400,232,165,2,24
ren_short_window,SHORT_WINDOW,32.000,0.1/0.1/0.01,300,2,3,ok,,0,1,74.06212500063702,1531.0,6,0.6149999999999949,0.07799999999997453,0.06699999999995043,0.06699999999995043,0.0,1762443664330,1762443664404,,,,,,,,,,mid+short,7790,328,267,262,4,24
ren_short_window,SHORT_WINDOW,32.000,0.1/0.1/0.01,300,2,4,ok,,0,1,86.24441600113641,1530.0,6,0.6030000000000015,0.03600000000028558,0.04200000000003001,0.04200000000003001,0.0,1762443679302,1762443679388,,,,,,,,,,mid+short,6062,343,274,169,0,24
ren_short_window,SHORT_WINDOW,32.000,0.1/0.1/0.01,300,2,5,ok,,0,1,90.45200000036857,1530.0,6,0.4919999999999902,0.035999999999830834,0.04199999999997317,0.04199999999997317,0.0,1762443692966,1762443693057,,,,,,,,,,mid+short,5991,796,206,151,2,24
ren_short_window,SHORT_WINDOW,32.000,0.1/0.1/0.01,400,2,1,ok,,0,1,84.7632920012984,1529.0,6,0.6129999999999995,0.5289999999999964,0.12499999999994316,0.12499999999994316,0.0,1762443706663,1762443706748,,,,,,,,,,mid+short,6184,846,292,175,0,24
ren_short_window,SHORT_WINDOW,32.000,0.1/0.1/0.01,400,2,2,ok,,0,1,92.69999999924039,1531.0,6,0.38400000000000034,0.023999999999887223,0.028999999999996362,0.028999999999996362,0.0,1762443720903,1762443720995,,,,,,,,,,mid+short,7978,453,336,213,2,24
ren_short_window,SHORT_WINDOW,32.000,0.1/0.1/0.01,400,2,3,ok,,0,1,84.80425000016112,1531.0,6,0.4680000000000035,0.03900000000021464,0.045000000000015916,0.045000000000015916,0.0,1762443735334,1762443735418,,,,,,,,,,mid+short,7227,535,338,236,3,24
ren_short_window,SHORT_WINDOW,32.000,0.1/0.1/0.01,400,2,4,ok,,0,1,84.02149999892572,1531.0,6,0.44200000000000017,0.029999999999972715,0.04199999999997317,0.04199999999997317,0.0,1762443750198,1762443750282,,,,,,,,,,mid+short,6128,432,302,277,3,24
ren_short_window,SHORT_WINDOW,32.000,0.1/0.1/0.01,400,2,5,ok,,0,1,96.10499999871536,1528.0,6,0.556999999999995,0.03999999999996362,0.05299999999994043,0.05299999999994043,0.0,1762443766009,1762443766105,,,,,,,,,,mid+short,7563,408,202,190,2,24
ren_short_window,SHORT_WINDOW,32.000,0.1/0.1/0.01,200,2,1,ok,,0,1,88.10945799996261,1530.0,6,0.4170000000000016,0.03999999999996362,0.029000000000053205,0.029000000000053205,0.0,1762443780109,1762443780197,,,,,,,,,,mid+mid,12930,399,289,245,5,25
ren_short_window,SHORT_WINDOW,32.000,0.1/0.1/0.01,200,2,2,ok,,0,1,81.59100000011676,1531.0,6,0.3879999999999981,0.024000000000114596,0.03700000000003456,0.03700000000003456,0.0,1762443796321,1762443796402,,,,,,,,,,mid+mid,11107,586,223,216,3,25
ren_short_window,SHORT_WINDOW,32.000,0.1/0.1/0.01,200,2,3,ok,,0,1,77.29262499924516,1532.0,6,0.4140000000000015,0.04099999999993997,0.03100000000000591,0.03100000000000591,0.0,1762443812932,1762443813009,,,,,,,,,,mid+mid,8920,793,298,197,2,25
ren_short_window,SHORT_WINDOW,32.000,0.1/0.1/0.01,200,2,4,ok,,0,1,86.86925000074552,1528.0,6,0.4819999999999922,0.04800000000000182,0.03700000000003456,0.03700000000003456,0.0,1762443830257,1762443830344,,,,,,,,,,mid+mid,10657,837,281,206,0,25
ren_short_window,SHORT_WINDOW,32.000,0.1/0.1/0.01,200,2,5,ok,,0,1,85.63158300057694,1533.0,6,0.347999999999999,0.029999999999972715,0.021999999999934516,0.021999999999934516,0.0,1762443846866,1762443846952,,,,,,,,,,mid+mid,11553,386,255,243,4,25
ren_short_window,SHORT_WINDOW,32.000,0.1/0.1/0.01,300,2,1,ok,,0,1,79.71437499872991,1530.0,6,0.6559999999999988,0.06899999999995998,0.06200000000001182,0.06200000000001182,0.0,1762443863953,1762443864033,,,,,,,,,,mid+mid,12115,783,323,176,2,25
ren_short_window,SHORT_WINDOW,32.000,0.1/0.1/0.01,300,2,2,failed,leo_timeout,0,3,904.758168000626,399.0,3,1.0390000000000015,0.0,0.0,0.0,0.0,,,,,,,,,,,,mid+mid,8783,256,314,168,5,25
ren_short_window,SHORT_WINDOW,32.000,0.1/0.1/0.01,300,2,3,ok,,0,1,76.18654200086894,1530.0,6,0.6569999999999965,0.08899999999971442,0.06099999999997863,0.06099999999997863,0.0,1762443896607,1762443896684,,,,,,,,,,mid+mid,11103,269,313,275,4,25
ren_short_window,SHORT_WINDOW,32.000,0.1/0.1/0.01,300,2,4,failed,leo_timeout,0,3,908.6534170000959,399.0,3,1.2550000000000097,0.0,0.0,0.0,0.0,,,,,,,,,,,,mid+mid,8946,655,247,187,6,25
ren_short_window,SHORT_WINDOW,32.000,0.1/0.1/0.01,300,2,5,ok,,0,2,384.60820900036197,1661.0,7,0.7959999999999994,0.09799999999995634,0.05700000000001637,0.05700000000001637,0.0,1762443926108,1762443926492,,,,,,,,,,mid+mid,9777,262,318,279,8,25
ren_short_window,SHORT_WINDOW,32.000,0.1/0.1/0.01,400,2,1,ok,,0,1,83.45125000050757,1530.0,6,0.4519999999999982,0.03000000000020009,0.03900000000004411,0.03900000000004411,0.0,1762443942209,1762443942293,,,,,,,,,,mid+mid,9421,793,252,216,2,25
ren_short_window,SHORT_WINDOW,32.000,0.1/0.1/0.01,400,2,2,ok,,0,1,79.10862599965185,1531.0,6,0.4140000000000015,0.023999999999887223,0.02800000000002001,0.02800000000002001,0.0,1762443956201,1762443956280,,,,,,,,,,mid+mid,9427,323,322,218,1,25
ren_short_window,SHORT_WINDOW,32.000,0.1/0.1/0.01,400,2,3,ok,,0,1,91.1731249998411,1531.0,6,0.4469999999999956,0.029000000000223736,0.040000000000020464,0.040000000000020464,0.0,1762443970613,1762443970704,,,,,,,,,,mid+mid,10575,795,303,177,3,25
ren_short_window,SHORT_WINDOW,32.000,0.1/0.1/0.01,400,2,4,ok,,0,1,85.8144159992662,1532.0,6,0.45000000000000995,0.026000000000067303,0.03999999999996362,0.03999999999996362,0.0,1762443985419,1762443985505,,,,,,,,,,mid+mid,9286,314,221,155,1,25
ren_short_window,SHORT_WINDOW,32.000,0.1/0.1/0.01,400,2,5,ok,,0,1,88.7425409982825,1529.0,6,0.43900000000000716,0.04899999999997817,0.036000000000001364,0.036000000000001364,0.0,1762443999742,1762443999830,,,,,,,,,,mid+mid,10535,762,339,157,1,25
ren_short_window,SHORT_WINDOW,32.000,0.1/0.1/0.01,200,2,1,ok,,0,1,79.02854100029799,1530.0,6,0.4059999999999988,0.03300000000035652,0.027000000000043656,0.027000000000043656,0.0,1762444014014,1762444014093,,,,,,,,,,mid+long,12964,838,268,205,4,26
ren_short_window,SHORT_WINDOW,32.000,0.1/0.1/0.01,200,2,2,ok,,0,1,73.95720900058222,1531.0,6,0.40100000000001046,0.02700000000027103,0.047999999999944976,0.047999999999944976,0.0,1762444033922,1762444033996,,,,,,,,,,mid+long,9002,724,214,269,5,26
ren_short_window,SHORT_WINDOW,32.000,0.1/0.1/0.01,200,2,3,ok,,0,1,76.35754100010672,1531.0,6,0.41900000000001114,0.04399999999986903,0.03299999999995862,0.03299999999995862,0.0,1762444052543,1762444052619,,,,,,,,,,mid+long,11192,441,335,191,3,26
ren_short_window,SHORT_WINDOW,32.000,0.1/0.1/0.01,200,2,4,ok,,0,1,90.65083399946161,1530.0,6,0.472999999999999,0.040000000000190994,0.03700000000003456,0.03700000000003456,0.0,1762444075807,1762444075897,,,,,,,,,,mid+long,12418,689,232,273,4,26
ren_short_window,SHORT_WINDOW,32.000,0.1/0.1/0.01,200,2,5,ok,,0,1,84.23754200157418,1532.0,6,0.39000000000000057,0.035999999999830834,0.031999999999982265,0.031999999999982265,0.0,1762444099765,1762444099849,,,,,,,,,,mid+long,10071,323,254,214,1,26
ren_short_window,SHORT_WINDOW,32.000,0.1/0.1/0.01,300,2,1,ok,,0,3,699.4989169998007,1793.0,8,1.9409999999999954,0.14599999999995816,0.1269999999999527,0.1269999999999527,0.0,1762444119392,1762444120091,,,,,,,,,,mid+long,11901,587,326,167,6,26
ren_short_window,SHORT_WINDOW,32.000,0.1/0.1/0.01,300,2,2,ok,,0,3,682.6608329993178,1794.0,8,0.9560000000000031,0.06300000000010186,0.05600000000004002,0.05600000000004002,0.0,1762444139739,1762444140422,,,,,,,,,,mid+long,11926,733,252,158,3,26
ren_short_window,SHORT_WINDOW,32.000,0.1/0.1/0.01,300,2,3,ok,,0,3,703.9247089996934,1792.0,8,2.0790000000000006,0.25900000000001455,0.3779999999999859,0.3779999999999859,0.0,1762444164439,1762444165143,,,,,,,,,,mid+long,12567,382,289,165,3,26
ren_short_window,SHORT_WINDOW,32.000,0.1/0.1/0.01,300,2,4,ok,,0,1,75.89508400087652,1528.0,6,0.4340000000000046,0.03999999999973625,0.03100000000000591,0.03100000000000591,0.0,1762444184885,1762444184961,,,,,,,,,,mid+long,13479,639,344,264,5,26
ren_short_window,SHORT_WINDOW,32.000,0.1/0.1/0.01,300,2,5,ok,,0,1,85.57287499934318,1528.0,6,0.4450000000000003,0.02700000000027103,0.02800000000002001,0.02800000000002001,0.0,1762444207197,1762444207283,,,,,,,,,,mid+long,8924,318,205,232,6,26
ren_short_window,SHORT_WINDOW,32.000,0.1/0.1/0.01,400,2,1,ok,,0,1,85.22408299904782,1533.0,6,0.42500000000000426,0.029000000000223736,0.04599999999999227,0.04599999999999227,0.0,1762444225642,1762444225727,,,,,,,,,,mid+long,11643,896,262,194,5,26
ren_short_window,SHORT_WINDOW,32.000,0.1/0.1/0.01,400,2,2,ok,,0,1,104.11508299876004,1530.0,6,0.4730000000000061,0.028999999999996362,0.03300000000001546,0.03300000000001546,0.0,1762444250079,1762444250183,,,,,,,,,,mid+long,13410,612,346,196,5,26
ren_short_window,SHORT_WINDOW,32.000,0.1/0.1/0.01,400,2,3,ok,,0,1,87.65958300136845,1531.0,6,0.4730000000000061,0.04800000000000182,0.04199999999997317,0.04199999999997317,0.0,1762444270252,1762444270339,,,,,,,,,,mid+long,11605,668,207,166,4,26
ren_short_window,SHORT_WINDOW,32.000,0.1/0.1/0.01,400,2,4,ok,,0,1,100.36274999947636,1529.0,6,0.480000000000004,0.04500000000007276,0.033999999999991815,0.033999999999991815,0.0,1762444293892,1762444293992,,,,,,,,,,mid+long,9632,679,337,242,3,26
ren_short_window,SHORT_WINDOW,32.000,0.1/0.1/0.01,400,2,5,ok,,0,1,88.19800000128453,1529.0,6,0.43900000000000716,0.02800000000002001,0.04399999999998272,0.04399999999998272,0.0,1762444313006,1762444313094,,,,,,,,,,mid+long,11738,510,268,159,6,26
ren_short_window,SHORT_WINDOW,36.000,0.1/0.1/0.01,200,2,1,ok,,0,1,90.36716700029501,1528.0,6,0.4089999999999989,0.0340000000001055,0.04600000000004911,0.04600000000004911,0.0,1762444335866,1762444335956,,,,,,,,,,mid+short,6268,499,207,159,3,27
ren_short_window,SHORT_WINDOW,36.000,0.1/0.1/0.01,200,2,2,ok,,0,1,104.77062499921885,1530.0,6,0.4479999999999862,0.03000000000020009,0.047000000000025466,0.047000000000025466,0.0,1762444348199,1762444348304,,,,,,,,,,mid+short,7482,590,252,209,4,27
ren_short_window,SHORT_WINDOW,36.000,0.1/0.1/0.01,200,2,3,ok,,0,1,111.36245799934841,1531.0,6,0.4660000000000011,0.04300000000034743,0.04399999999998272,0.04399999999998272,0.0,1762444361724,1762444361835,,,,,,,,,,mid+short,5891,387,297,241,2,27
ren_short_window,SHORT_WINDOW,36.000,0.1/0.1/0.01,200,2,4,ok,,0,1,99.41291699942667,1531.0,6,0.4439999999999955,0.04100000000016735,0.04600000000004911,0.04600000000004911,0.0,1762444375359,1762444375458,,,,,,,,,,mid+short,6227,667,288,271,6,27
ren_short_window,SHORT_WINDOW,36.000,0.1/0.1/0.01,200,2,5,ok,,0,1,106.73291699822585,1530.0,6,0.44300000000000495,0.03600000000005821,0.04600000000004911,0.04600000000004911,0.0,1762444388436,1762444388543,,,,,,,,,,mid+short,6011,375,203,269,4,27
ren_short_window,SHORT_WINDOW,36.000,0.1/0.1/0.01,300,2,1,ok,,0,1,103.98316700047872,1528.0,6,0.5120000000000005,0.03600000000028558,0.04800000000000182,0.04800000000000182,0.0,1762444405163,1762444405267,,,,,,,,,,mid+short,7511,759,322,225,2,27
ren_short_window,SHORT_WINDOW,36.000,0.1/0.1/0.01,300,2,2,failed,leo_timeout,0,3,910.3310419995978,399.0,3,1.1990000000000052,0.0,0.0,0.0,0.0,,,,,,,,,,,,mid+short,7140,695,216,174,2,27
ren_short_window,SHORT_WINDOW,36.000,0.1/0.1/0.01,300,2,3,ok,,0,1,81.30420899942692,1527.0,6,0.541000000000011,0.09399999999982356,0.1259999999999195,0.1259999999999195,0.0,1762444433469,1762444433550,,,,,,,,,,mid+short,6387,728,240,169,3,27
ren_short_window,SHORT_WINDOW,36.000,0.1/0.1/0.01,300,2,4,ok,,0,1,107.07133399955637,1530.0,6,0.4590000000000103,0.02899999999976899,0.04599999999999227,0.04599999999999227,0.0,1762444449746,1762444449853,,,,,,,,,,mid+short,7566,852,285,186,2,27
ren_short_window,SHORT_WINDOW,36.000,0.1/0.1/0.01,300,2,5,ok,,0,1,90.25387499968929,1531.0,6,0.5930000000000035,0.07300000000009277,0.04699999999996862,0.04699999999996862,0.0,1762444463383,1762444463474,,,,,,,,,,mid+short,7045,307,346,155,3,27
ren_short_window,SHORT_WINDOW,36.000,0.1/0.1/0.01,400,2,1,ok,,0,3,912.3545420006849,1791.0,8,2.546999999999997,0.31799999999998363,0.3059999999999832,0.3059999999999832,0.0,1762444476579,1762444477491,,,,,,,,,,mid+short,6111,465,223,156,1,27
ren_short_window,SHORT_WINDOW,36.000,0.1/0.1/0.01,400,2,2,ok,,0,1,101.68529200018384,1531.0,6,0.45400000000000773,0.027000000000043656,0.04800000000000182,0.04800000000000182,0.0,1762444491369,1762444491470,,,,,,,,,,mid+short,7501,845,253,233,0,27
ren_short_window,SHORT_WINDOW,36.000,0.1/0.1/0.01,400,2,3,ok,,0,1,103.22454200104403,1530.0,6,0.4339999999999975,0.03199999999992542,0.04399999999998272,0.04399999999998272,0.0,1762444505288,1762444505392,,,,,,,,,,mid+short,6062,631,216,163,1,27
ren_short_window,SHORT_WINDOW,36.000,0.1/0.1/0.01,400,2,4,ok,,0,1,88.56466699944576,1531.0,6,0.5030000000000001,0.035999999999830834,0.060000000000002274,0.060000000000002274,0.0,1762444521804,1762444521893,,,,,,,,,,mid+short,7660,370,259,197,4,27
ren_short_window,SHORT_WINDOW,36.000,0.1/0.1/0.01,400,2,5,ok,,0,1,105.15379100070277,1529.0,6,0.4399999999999977,0.032999999999901775,0.03500000000002501,0.03500000000002501,0.0,1762444534453,1762444534558,,,,,,,,,,mid+short,7379,868,213,226,5,27
ren_short_window,SHORT_WINDOW,36.000,0.1/0.1/0.01,200,2,1,ok,,0,1,104.32316600054037,1528.0,6,0.519999999999996,0.06599999999980355,0.05000000000001137,0.05000000000001137,0.0,1762444549778,1762444549882,,,,,,,,,,mid+mid,11201,725,264,266,4,28
ren_short_window,SHORT_WINDOW,36.000,0.1/0.1/0.01,200,2,2,ok,,0,1,113.31204199996137,1529.0,6,0.4070000000000036,0.0420000000001437,0.045999999999935426,0.045999999999935426,0.0,1762444564713,1762444564826,,,,,,,,,,mid+mid,10405,783,289,166,7,28
ren_short_window,SHORT_WINDOW,36.000,0.1/0.1/0.01,200,2,3,ok,,0,1,105.96212499876856,1529.0,6,0.44299999999999784,0.0420000000001437,0.09000000000003183,0.09000000000003183,0.0,1762444580821,1762444580927,,,,,,,,,,mid+mid,9172,630,304,216,1,28
ren_short_window,SHORT_WINDOW,36.000,0.1/0.1/0.01,200,2,4,failed,leo_timeout,0,3,606.4440000009199,399.0,3,1.3070000000000093,0.0,0.0,0.0,0.0,,,,,,,,,,,,mid+mid,9706,804,207,245,2,28
ren_short_window,SHORT_WINDOW,36.000,0.1/0.1/0.01,200,2,5,ok,,0,1,107.49370799931057,1530.0,6,0.4820000000000064,0.04399999999986903,0.03100000000000591,0.03100000000000591,0.0,1762444612084,1762444612191,,,,,,,,,,mid+mid,9177,607,256,262,3,28
ren_short_window,SHORT_WINDOW,36.000,0.1/0.1/0.01,300,2,1,ok,,0,1,92.43883400085906,1529.0,6,0.44899999999999807,0.04399999999986903,0.03200000000003911,0.03200000000003911,0.0,1762444625313,1762444625406,,,,,,,,,,mid+mid,9421,630,295,168,1,28
ren_short_window,SHORT_WINDOW,36.000,0.1/0.1/0.01,300,2,2,ok,,0,1,105.63845800061245,1531.0,6,0.43499999999998806,0.029999999999972715,0.03899999999998727,0.03899999999998727,0.0,1762444640210,1762444640316,,,,,,,,,,mid+mid,9642,806,272,196,5,28
ren_short_window,SHORT_WINDOW,36.000,0.1/0.1/0.01,300,2,3,ok,,0,1,102.8392909993272,1528.0,6,0.529999999999994,0.04299999999989268,0.03899999999998727,0.03899999999998727,0.0,1762444656145,1762444656248,,,,,,,,,,mid+mid,9947,487,297,242,4,28
ren_short_window,SHORT_WINDOW,36.000,0.1/0.1/0.01,300,2,4,ok,,0,2,385.95708399952855,1662.0,7,0.8400000000000034,0.08399999999983265,0.07100000000002638,0.07100000000002638,0.0,1762444671474,1762444671860,,,,,,,,,,mid+mid,9461,584,234,279,4,28
ren_short_window,SHORT_WINDOW,36.000,0.1/0.1/0.01,300,2,5,ok,,0,2,407.51333300067927,1657.0,7,1.911999999999999,0.1330000000000382,0.1330000000000382,0.1330000000000382,0.0,1762444685756,1762444686164,,,,,,,,,,mid+mid,10575,385,203,272,0,28
ren_short_window,SHORT_WINDOW,36.000,0.1/0.1/0.01,400,2,1,ok,,0,1,100.81933299989032,1529.0,6,0.4859999999999971,0.044000000000096406,0.05000000000001137,0.05000000000001137,0.0,1762444700316,1762444700417,,,,,,,,,,mid+mid,11180,745,237,278,3,28
ren_short_window,SHORT_WINDOW,36.000,0.1/0.1/0.01,400,2,2,ok,,0,1,106.06866600028297,1530.0,6,0.41100000000000847,0.03099999999994907,0.03100000000000591,0.03100000000000591,0.0,1762444715040,1762444715146,,,,,,,,,,mid+mid,10436,278,345,262,2,28
ren_short_window,SHORT_WINDOW,36.000,0.1/0.1/0.01,400,2,3,ok,,0,1,82.32849999876635,1528.0,6,0.6120000000000019,0.05899999999996908,0.04699999999996862,0.04699999999996862,0.0,1762444729985,1762444730067,,,,,,,,,,mid+mid,10068,345,349,217,2,28
ren_short_window,SHORT_WINDOW,36.000,0.1/0.1/0.01,400,2,4,failed,ack_timeout,0,1,1255.8434170005057,2253.0,7,1.2519999999999953,0.058999999999741704,0.0,0.0,0.0,,,,,,,,,,,,mid+mid,10449,802,341,166,3,28
ren_short_window,SHORT_WINDOW,36.000,0.1/0.1/0.01,400,2,5,ok,,0,1,107.0141660002264,1530.0,6,0.44599999999999795,0.04500000000007276,0.045000000000015916,0.045000000000015916,0.0,1762444760886,1762444760993,,,,,,,,,,mid+mid,11849,621,207,175,4,28
ren_short_window,SHORT_WINDOW,36.000,0.1/0.1/0.01,200,2,1,ok,,0,1,106.58937500011234,1532.0,6,0.4519999999999911,0.028999999999996362,0.040000000000020464,0.040000000000020464,0.0,1762444777820,1762444777926,,,,,,,,,,mid+long,13525,796,349,189,2,29
ren_short_window,SHORT_WINDOW,36.000,0.1/0.1/0.01,200,2,2,ok,,0,1,105.18562499964901,1532.0,6,0.4439999999999955,0.035999999999830834,0.03000000000002956,0.03000000000002956,0.0,1762444795440,1762444795545,,,,,,,,,,mid+long,10255,574,288,274,2,29
ren_short_window,SHORT_WINDOW,36.000,0.1/0.1/0.01,200,2,3,ok,,0,1,107.3815840009047,1528.0,6,0.8449999999999918,0.09400000000005093,0.08399999999994634,0.08399999999994634,0.0,1762444816664,1762444816772,,,,,,,,,,mid+long,10576,407,315,209,6,29
ren_short_window,SHORT_WINDOW,36.000,0.1/0.1/0.01,200,2,4,ok,,0,1,91.40499999921303,1532.0,6,0.4159999999999897,0.04999999999972715,0.045000000000015916,0.045000000000015916,0.0,1762444842348,1762444842439,,,,,,,,,,mid+long,9245,602,209,164,4,29
ren_short_window,SHORT_WINDOW,36.000,0.1/0.1/0.01,200,2,5,ok,,0,1,107.78883400053019,1532.0,6,0.4579999999999913,0.027000000000043656,0.04600000000004911,0.04600000000004911,0.0,1762444860233,1762444860341,,,,,,,,,,mid+long,10802,356,335,252,5,29
ren_short_window,SHORT_WINDOW,36.000,0.1/0.1/0.01,300,2,1,ok,,0,1,95.79008400032762,1530.0,6,0.41200000000001324,0.032999999999901775,0.06900000000007367,0.06900000000007367,0.0,1762444885042,1762444885138,,,,,,,,,,mid+long,9156,822,297,272,1,29
ren_short_window,SHORT_WINDOW,36.000,0.1/0.1/0.01,300,2,2,ok,,0,1,106.01154200048768,1530.0,6,0.5039999999999978,0.04800000000000182,0.047000000000025466,0.047000000000025466,0.0,1762444903015,1762444903121,,,,,,,,,,mid+long,9354,816,278,195,4,29
ren_short_window,SHORT_WINDOW,36.000,0.1/0.1/0.01,300,2,3,ok,,0,1,105.56137499952456,1528.0,6,0.536999999999999,0.06399999999985084,0.05200000000002092,0.05200000000002092,0.0,1762444928080,1762444928186,,,,,,,,,,mid+long,12562,385,224,188,3,29
ren_short_window,SHORT_WINDOW,36.000,0.1/0.1/0.01,300,2,4,ok,,0,1,97.53949999867473,1531.0,6,0.4450000000000074,0.0340000000001055,0.03899999999998727,0.03899999999998727,0.0,1762444950758,1762444950856,,,,,,,,,,mid+long,11319,568,337,168,4,29
ren_short_window,SHORT_WINDOW,36.000,0.1/0.1/0.01,300,2,5,ok,,0,1,103.37870800140081,1528.0,6,0.4519999999999982,0.02899999999976899,0.04100000000005366,0.04100000000005366,0.0,1762444973289,1762444973393,,,,,,,,,,mid+long,10172,613,242,246,3,29
ren_short_window,SHORT_WINDOW,36.000,0.1/0.1/0.01,400,2,1,ok,,0,1,105.02050000104646,1530.0,6,0.4490000000000052,0.024999999999863576,0.03699999999997772,0.03699999999997772,0.0,1762444991087,1762444991192,,,,,,,,,,mid+long,12180,282,224,241,3,29
ren_short_window,SHORT_WINDOW,36.000,0.1/0.1/0.01,400,2,2,ok,,0,1,107.39733400077967,1532.0,6,0.4720000000000013,0.04800000000022919,0.043000000000006366,0.043000000000006366,0.0,1762445014216,1762445014323,,,,,,,,,,mid+long,11660,391,303,169,3,29
ren_short_window,SHORT_WINDOW,36.000,0.1/0.1/0.01,400,2,3,ok,,0,1,106.28849999920931,1533.0,6,0.49399999999999267,0.047000000000025466,0.040000000000020464,0.040000000000020464,0.0,1762445038435,1762445038541,,,,,,,,,,mid+long,13786,627,241,249,3,29
ren_short_window,SHORT_WINDOW,36.000,0.1/0.1/0.01,400,2,4,ok,,0,1,112.22375000033935,1529.0,6,0.43899999999999295,0.044999999999845386,0.03899999999998727,0.03899999999998727,0.0,1762445059540,1762445059652,,,,,,,,,,mid+long,9108,565,237,194,3,29
ren_short_window,SHORT_WINDOW,36.000,0.1/0.1/0.01,400,2,5,ok,,0,1,94.97716699843295,1529.0,6,0.4410000000000025,0.03099999999994907,0.03500000000002501,0.03500000000002501,0.0,1762445084042,1762445084137,,,,,,,,,,mid+long,10904,374,288,216,5,29
ren_short_window,SHORT_WINDOW,32.000,0.1/0.1/0.01,200,2,1,ok,,0,1,82.43320800102083,1528.0,6,0.5330000000000013,0.04100000000016735,0.07200000000000273,0.07200000000000273,0.0,1762445106163,1762445106245,,,,,,,,,,long+short,7561,335,267,275,8,30
ren_short_window,SHORT_WINDOW,32.000,0.1/0.1/0.01,200,2,2,ok,,0,1,95.19587500108173,1529.0,6,0.5019999999999953,0.04099999999993997,0.03999999999996362,0.03999999999996362,0.0,1762445125075,1762445125170,,,,,,,,,,long+short,7768,638,226,237,4,30
ren_short_window,SHORT_WINDOW,32.000,0.1/0.1/0.01,200,2,3,ok,,0,1,92.77162500075065,1529.0,6,0.41799999999999216,0.03999999999996362,0.03100000000000591,0.03100000000000591,0.0,1762445148997,1762445149089,,,,,,,,,,long+short,6657,391,320,245,3,30
ren_short_window,SHORT_WINDOW,32.000,0.1/0.1/0.01,200,2,4,ok,,0,1,98.53745800137403,1533.0,6,0.3719999999999999,0.020999999999958163,0.033999999999991815,0.033999999999991815,0.0,1762445167388,1762445167486,,,,,,,,,,long+short,7440,784,306,183,1,30
ren_short_window,SHORT_WINDOW,32.000,0.1/0.1/0.01,200,2,5,ok,,0,1,95.66104100122175,1529.0,6,0.4440000000000026,0.035000000000081855,0.04099999999999682,0.04099999999999682,0.0,1762445191369,1762445191464,,,,,,,,,,long+short,6192,855,294,180,4,30
ren_short_window,SHORT_WINDOW,32.000,0.1/0.1/0.01,300,2,1,failed,leo_timeout,0,3,912.2707919996174,399.0,3,0.7509999999999977,0.0,0.0,0.0,0.0,,,,,,,,,,,,long+short,7007,294,212,171,6,30
ren_short_window,SHORT_WINDOW,32.000,0.1/0.1/0.01,300,2,2,ok,,0,1,101.12124999977823,1530.0,6,0.44999999999999574,0.04700000000048021,0.043000000000006366,0.043000000000006366,0.0,1762445228672,1762445228773,,,,,,,,,,long+short,7503,876,309,228,3,30
ren_short_window,SHORT_WINDOW,32.000,0.1/0.1/0.01,300,2,3,ok,,0,1,78.52200000161247,1529.0,6,0.6500000000000057,0.07799999999974716,0.07299999999997908,0.07299999999997908,0.0,1762445247237,1762445247316,,,,,,,,,,long+short,7548,875,272,151,5,30
ren_short_window,SHORT_WINDOW,32.000,0.1/0.1/0.01,300,2,4,failed,leo_timeout,0,3,907.9643759996543,399.0,3,0.9539999999999935,0.0,0.0,0.0,0.0,,,,,,,,,,,,long+short,6503,334,240,187,6,30
ren_short_window,SHORT_WINDOW,32.000,0.1/0.1/0.01,300,2,5,failed,ack_timeout,0,1,956.7935009999928,2251.0,7,1.5719999999999956,0.07699999999977081,0.0,0.0,0.0,,,,,,,,,,,,long+short,7270,869,333,153,4,30
ren_short_window,SHORT_WINDOW,32.000,0.1/0.1/0.01,400,2,1,ok,,0,2,505.56104200040863,1658.0,7,1.9889999999999972,0.19900000000006912,0.19999999999998863,0.19999999999998863,0.0,1762445313077,1762445313583,,,,,,,,,,long+short,7543,338,262,169,5,30
ren_short_window,SHORT_WINDOW,32.000,0.1/0.1/0.01,400,2,2,ok,,0,1,98.79966699918441,1531.0,6,0.4689999999999941,0.04299999999989268,0.03999999999996362,0.03999999999996362,0.0,1762445331838,1762445331937,,,,,,,,,,long+short,5945,651,249,193,4,30
ren_short_window,SHORT_WINDOW,32.000,0.1/0.1/0.01,400,2,3,ok,,0,1,93.22204199997941,1529.0,6,0.42200000000000415,0.0420000000001437,0.03600000000005821,0.03600000000005821,0.0,1762445350014,1762445350107,,,,,,,,,,long+short,5979,736,271,209,6,30
ren_short_window,SHORT_WINDOW,32.000,0.1/0.1/0.01,400,2,4,ok,,0,1,94.19662499931292,1533.0,6,0.4270000000000067,0.035000000000081855,0.043000000000006366,0.043000000000006366,0.0,1762445373301,1762445373395,,,,,,,,,,long+short,6699,486,242,230,4,30
ren_short_window,SHORT_WINDOW,32.000,0.1/0.1/0.01,400,2,5,ok,,0,2,501.15283299965085,1660.0,7,1.8560000000000016,0.19399999999995998,0.1479999999999677,0.1479999999999677,0.0,1762445398023,1762445398524,,,,,,,,,,long+short,5812,701,330,227,3,30
ren_short_window,SHORT_WINDOW,32.000,0.1/0.1/0.01,200,2,1,ok,,0,1,86.6247089998069,1530.0,6,0.43200000000000216,0.04099999999993997,0.03900000000004411,0.03900000000004411,0.0,1762445419584,1762445419671,,,,,,,,,,long+mid,11097,724,344,155,4,31
ren_short_window,SHORT_WINDOW,32.000,0.1/0.1/0.01,200,2,2,ok,,0,1,84.94041599988122,1530.0,6,0.4309999999999903,0.04299999999989268,0.05500000000000682,0.05500000000000682,0.0,1762445438899,1762445438984,,,,,,,,,,long+mid,11582,532,319,174,3,31
ren_short_window,SHORT_WINDOW,32.000,0.1/0.1/0.01,200,2,3,failed,leo_timeout,0,3,609.2195010005526,399.0,3,1.5869999999999962,0.0,0.0,0.0,0.0,,,,,,,,,,,,long+mid,10613,792,238,159,2,31
ren_short_window,SHORT_WINDOW,32.000,0.1/0.1/0.01,200,2,4,ok,,0,1,96.79112499907205,1530.0,6,0.4350000000000023,0.03099999999994907,0.051000000000044565,0.051000000000044565,0.0,1762445478815,1762445478912,,,,,,,,,,long+mid,9598,610,303,153,5,31
ren_short_window,SHORT_WINDOW,32.000,0.1/0.1/0.01,200,2,5,failed,ack_timeout,0,1,647.73600099943,2251.0,7,1.1959999999999908,0.08399999999983265,0.0,0.0,0.0,,,,,,,,,,,,long+mid,10972,529,247,156,4,31
ren_short_window,SHORT_WINDOW,32.000,0.1/0.1/0.01,300,2,1,ok,,0,2,408.5339169996587,1661.0,7,1.6990000000000123,0.13200000000006185,0.11400000000003274,0.11400000000003274,0.0,1762445512812,1762445513220,,,,,,,,,,long+mid,9522,418,323,186,4,31
ren_short_window,SHORT_WINDOW,32.000,0.1/0.1/0.01,300,2,2,ok,,0,1,81.02441700066265,1531.0,6,0.7460000000000022,0.06399999999985084,0.03999999999996362,0.03999999999996362,0.0,1762445537472,1762445537553,,,,,,,,,,long+mid,10756,317,296,181,2,31
ren_short_window,SHORT_WINDOW,32.000,0.1/0.1/0.01,300,2,3,ok,,0,2,381.9693749992439,1662.0,7,0.7009999999999934,0.044000000000096406,0.08600000000001273,0.08600000000001273,0.0,1762445554915,1762445555297,,,,,,,,,,long+mid,9606,700,212,193,7,31
ren_short_window,SHORT_WINDOW,32.000,0.1/0.1/0.01,300,2,4,ok,,0,1,98.11033299956762,1531.0,6,0.4660000000000011,0.03599999999960346,0.035000000000081855,0.035000000000081855,0.0,1762445574911,1762445575009,,,,,,,,,,long+mid,10902,511,294,192,2,31
ren_short_window,SHORT_WINDOW,32.000,0.1/0.1/0.01,300,2,5,ok,,0,2,414.1324590000295,1661.0,7,2.038000000000004,0.21500000000014552,0.14400000000000546,0.14400000000000546,0.0,1762445599538,1762445599953,,,,,,,,,,long+mid,12550,267,226,253,8,31
ren_short_window,SHORT_WINDOW,32.000,0.1/0.1/0.01,400,2,1,ok,,0,1,97.13991699936741,1531.0,6,0.40399999999999636,0.05300000000011096,0.03400000000004866,0.03400000000004866,0.0,1762445620505,1762445620602,,,,,,,,,,long+mid,8755,804,208,269,3,31
ren_short_window,SHORT_WINDOW,32.000,0.1/0.1/0.01,400,2,2,ok,,0,1,88.55799999946612,1530.0,6,0.40800000000000125,0.03999999999973625,0.03699999999997772,0.03699999999997772,0.0,1762445638608,1762445638697,,,,,,,,,,long+mid,11124,440,292,197,4,31
ren_short_window,SHORT_WINDOW,32.000,0.1/0.1/0.01,400,2,3,ok,,0,2,510.51387500046985,1661.0,7,1.8939999999999912,0.14500000000020918,0.14400000000000546,0.14400000000000546,0.0,1762445655559,1762445656069,,,,,,,,,,long+mid,12553,398,247,186,4,31
ren_short_window,SHORT_WINDOW,32.000,0.1/0.1/0.01,400,2,4,ok,,0,1,81.43570899846964,1526.0,6,0.5910000000000011,0.08200000000010732,0.03999999999996362,0.03999999999996362,0.0,1762445677475,1762445677556,,,,,,,,,,long+mid,12745,412,290,239,4,31
ren_short_window,SHORT_WINDOW,32.000,0.1/0.1/0.01,400,2,5,ok,,0,1,80.39466700029152,1532.0,6,0.4580000000000055,0.03099999999994907,0.029000000000053205,0.029000000000053205,0.0,1762445695578,1762445695658,,,,,,,,,,long+mid,11465,751,228,190,2,31
ren_short_window,SHORT_WINDOW,32.000,0.1/0.1/0.01,200,2,1,ok,,0,1,90.69370799988974,1532.0,6,0.4139999999999944,0.044000000000096406,0.03000000000002956,0.03000000000002956,0.0,1762445716208,1762445716298,,,,,,,,,,long+long,14744,648,310,217,1,32
ren_short_window,SHORT_WINDOW,32.000,0.1/0.1/0.01,200,2,2,ok,,0,1,92.60141699996893,1532.0,6,0.45299999999999585,0.027000000000043656,0.03200000000003911,0.03200000000003911,0.0,1762445738863,1762445738956,,,,,,,,,,long+long,16643,774,290,237,5,32
ren_short_window,SHORT_WINDOW,32.000,0.1/0.1/0.01,200,2,3,ok,,0,1,90.98462499969173,1532.0,6,0.4200000000000017,0.044000000000096406,0.028000000000076852,0.028000000000076852,0.0,1762445760387,1762445760478,,,,,,,,,,long+long,15254,669,227,204,0,32
ren_short_window,SHORT_WINDOW,32.000,0.1/0.1/0.01,200,2,4,ok,,0,1,87.69162499993399,1529.0,6,0.3990000000000009,0.02700000000027103,0.02800000000002001,0.02800000000002001,0.0,1762445779884,1762445779971,,,,,,,,,,long+long,14561,542,300,191,6,32
ren_short_window,SHORT_WINDOW,32.000,0.1/0.1/0.01,200,2,5,ok,,0,1,91.48587499839778,1531.0,6,0.4510000000000005,0.026000000000067303,0.04800000000000182,0.04800000000000182,0.0,1762445804873,1762445804964,,,,,,,,,,long+long,14880,405,256,212,5,32
ren_short_window,SHORT_WINDOW,32.000,0.1/0.1/0.01,300,2,1,ok,,0,1,108.33104199991794,1532.0,6,0.4239999999999995,0.03000000000020009,0.04199999999997317,0.04199999999997317,0.0,1762445826923,1762445827031,,,,,,,,,,long+long,17515,844,285,206,3,32
ren_short_window,SHORT_WINDOW,32.000,0.1/0.1/0.01,300,2,2,ok,,0,2,397.97750000070664,1661.0,7,1.801000000000009,0.13799999999991996,0.13200000000006185,0.13200000000006185,0.0,1762445849574,1762445849972,,,,,,,,,,long+long,14109,371,299,237,7,32
ren_short_window,SHORT_WINDOW,32.000,0.1/0.1/0.01,300,2,3,ok,,0,1,95.17716599839332,1531.0,6,0.4299999999999926,0.046000000000276486,0.04300000000006321,0.04300000000006321,0.0,1762445874076,1762445874172,,,,,,,,,,long+long,15589,895,319,256,0,32
ren_short_window,SHORT_WINDOW,32.000,0.1/0.1/0.01,300,2,4,ok,,0,3,681.8595829990954,1795.0,8,1.0649999999999906,0.08600000000001273,0.05400000000003047,0.05400000000003047,0.0,1762445897660,1762445898342,,,,,,,,,,long+long,17617,385,255,216,4,32
ren_short_window,SHORT_WINDOW,32.000,0.1/0.1/0.01,300,2,5,ok,,0,1,98.05666700049187,1531.0,6,0.47099999999999653,0.02700000000027103,0.02800000000002001,0.02800000000002001,0.0,1762445919987,1762445920085,,,,,,,,,,long+long,16634,695,210,278,5,32
ren_short_window,SHORT_WINDOW,32.000,0.1/0.1/0.01,400,2,1,ok,,0,1,89.3846670005587,1529.0,6,0.4339999999999975,0.0420000000001437,0.043000000000006366,0.043000000000006366,0.0,1762445943354,1762445943443,,,,,,,,,,long+long,18590,848,249,263,5,32
ren_short_window,SHORT_WINDOW,32.000,0.1/0.1/0.01,400,2,2,ok,,0,1,101.0907079999015,1531.0,6,0.4309999999999974,0.028000000000247383,0.043000000000006366,0.043000000000006366,0.0,1762445966162,1762445966263,,,,,,,,,,long+long,14500,724,231,247,3,32
ren_short_window,SHORT_WINDOW,32.000,0.1/0.1/0.01,400,2,3,ok,,0,1,90.57966699947428,1531.0,6,0.42600000000000904,0.03600000000005821,0.04099999999999682,0.04099999999999682,0.0,1762445985308,1762445985399,,,,,,,,,,long+long,17682,595,217,259,2,32
ren_short_window,SHORT_WINDOW,32.000,0.1/0.1/0.01,400,2,4,ok,,0,1,93.47141699981876,1529.0,6,0.4339999999999975,0.04300000000012005,0.040000000000020464,0.040000000000020464,0.0,1762446009463,1762446009557,,,,,,,,,,long+long,17349,792,244,190,4,32
ren_short_window,SHORT_WINDOW,32.000,0.1/0.1/0.01,400,2,5,ok,,0,3,885.3274590001092,1795.0,8,1.6289999999999907,0.07000000000016371,0.06300000000004502,0.06300000000004502,0.0,1762446031882,1762446032767,,,,,,,,,,long+long,16089,410,303,151,7,32
ren_short_window,SHORT_WINDOW,36.000,0.1/0.1/0.01,200,2,1,ok,,0,1,101.56391700002132,1529.0,6,0.44599999999999085,0.0340000000001055,0.04499999999995907,0.04499999999995907,0.0,1762446056322,1762446056423,,,,,,,,,,long+short,5797,295,327,263,1,33
ren_short_window,SHORT_WINDOW,36.000,0.1/0.1/0.01,200,2,2,ok,,0,3,502.49229200017,1793.0,8,0.8840000000000003,0.05199999999990723,0.06099999999997863,0.06099999999997863,0.0,1762446075382,1762446075885,,,,,,,,,,long+short,7778,619,336,232,7,33
ren_short_window,SHORT_WINDOW,36.000,0.1/0.1/0.01,200,2,3,failed,ack_timeout,0,1,676.150957999198,2250.0,7,1.0459999999999923,0.04700000000025284,0.0,0.0,0.0,,,,,,,,,,,,long+short,7794,294,242,151,1,33
ren_short_window,SHORT_WINDOW,36.000,0.1/0.1/0.01,200,2,4,ok,,0,1,88.06370899947069,1530.0,6,0.4590000000000032,0.029999999999972715,0.04199999999997317,0.04199999999997317,0.0,1762446114659,1762446114748,,,,,,,,,,long+short,7629,837,311,194,0,33
ren_short_window,SHORT_WINDOW,36.000,0.1/0.1/0.01,200,2,5,ok,,0,1,91.9015830004355,1528.0,6,0.5500000000000043,0.049999999999954525,0.045000000000015916,0.045000000000015916,0.0,1762446138256,1762446138348,,,,,,,,,,long+short,5963,295,287,156,6,33
ren_short_window,SHORT_WINDOW,36.000,0.1/0.1/0.01,300,2,1,ok,,0,1,92.40225000030478,1531.0,6,0.4140000000000015,0.026999999999816282,0.03399999999993497,0.03399999999993497,0.0,1762446161734,1762446161826,,,,,,,,,,long+short,6977,680,206,156,5,33
ren_short_window,SHORT_WINDOW,36.000,0.1/0.1/0.01,300,2,2,ok,,0,1,94.2251659998874,1529.0,6,0.45600000000000307,0.04500000000007276,0.04099999999999682,0.04099999999999682,0.0,1762446182349,1762446182443,,,,,,,,,,long+short,7167,406,316,204,4,33
ren_short_window,SHORT_WINDOW,36.000,0.1/0.1/0.01,300,2,3,ok,,0,1,85.81087499987916,1530.0,6,0.5829999999999913,0.10199999999986176,0.05800000000004957,0.05800000000004957,0.0,1762446203790,1762446203876,,,,,,,,,,long+short,6417,615,347,256,7,33
ren_short_window,SHORT_WINDOW,36.000,0.1/0.1/0.01,300,2,4,ok,,0,1,79.69266700092703,1529.0,6,2.3629999999999995,0.18200000000001637,0.06099999999997863,0.06099999999997863,0.0,1762446227805,1762446227885,,,,,,,,,,long+short,7739,491,203,187,3,33
ren_short_window,SHORT_WINDOW,36.000,0.1/0.1/0.01,300,2,5,ok,,0,1,106.16308299904631,1531.0,6,0.44700000000000273,0.029999999999972715,0.04100000000005366,0.04100000000005366,0.0,1762446251216,1762446251322,,,,,,,,,,long+short,6762,558,262,153,3,33
ren_short_window,SHORT_WINDOW,36.000,0.1/0.1/0.01,400,2,1,ok,,0,1,108.70645899922238,1531.0,6,0.4350000000000023,0.035000000000081855,0.03300000000001546,0.03300000000001546,0.0,1762446271464,1762446271573,,,,,,,,,,long+short,7280,635,323,190,3,33
ren_short_window,SHORT_WINDOW,36.000,0.1/0.1/0.01,400,2,2,error,,0,1,474.13179199975275,2081.0,7,0.9390000000000143,0.03899999999998727,0.0,0.0,0.0,1762446296126,1762446296600,,,,,,,,,,long+short,6173,877,206,176,1,33
ren_short_window,SHORT_WINDOW,36.000,0.1/0.1/0.01,400,2,3,ok,,0,1,94.95404100016458,1533.0,6,0.4350000000000094,0.044000000000096406,0.028999999999996362,0.028999999999996362,0.0,1762446317164,1762446317259,,,,,,,,,,long+short,6121,391,244,219,3,33
ren_short_window,SHORT_WINDOW,36.000,0.1/0.1/0.01,400,2,4,ok,,0,1,94.90125100091973,1529.0,6,0.4069999999999965,0.03799999999978354,0.036000000000001364,0.036000000000001364,0.0,1762446342031,1762446342126,,,,,,,,,,long+short,6403,572,265,278,7,33
ren_short_window,SHORT_WINDOW,36.000,0.1/0.1/0.01,400,2,5,ok,,0,1,109.24558300030185,1531.0,6,0.47000000000000597,0.06400000000007822,0.036000000000001364,0.036000000000001364,0.0,1762446359430,1762446359540,,,,,,,,,,long+short,6506,813,213,193,3,33
ren_short_window,SHORT_WINDOW,36.000,0.1/0.1/0.01,200,2,1,ok,,0,1,106.319333999636,1531.0,6,0.4469999999999956,0.02800000000002001,0.047000000000025466,0.047000000000025466,0.0,1762446383948,1762446384054,,,,,,,,,,long+mid,10837,641,317,182,5,34
ren_short_window,SHORT_WINDOW,36.000,0.1/0.1/0.01,200,2,2,ok,,0,1,95.8823749988369,1528.0,6,0.5309999999999988,0.03999999999996362,0.04499999999995907,0.04499999999995907,0.0,1762446405187,1762446405283,,,,,,,,,,long+mid,12104,323,328,256,4,34
ren_short_window,SHORT_WINDOW,36.000,0.1/0.1/0.01,200,2,3,ok,,0,1,110.65633399994113,1530.0,6,0.40099999999999625,0.03900000000021464,0.031999999999982265,0.031999999999982265,0.0,1762446425978,1762446426089,,,,,,,,,,long+mid,11283,553,269,209,6,34
ren_short_window,SHORT_WINDOW,36.000,0.1/0.1/0.01,200,2,4,ok,,0,1,91.46337499987567,1529.0,6,0.5619999999999976,0.0340000000001055,0.051000000000044565,0.051000000000044565,0.0,1762446450429,1762446450520,,,,,,,,,,long+mid,11395,813,201,250,2,34
ren_short_window,SHORT_WINDOW,36.000,0.1/0.1/0.01,200,2,5,ok,,0,1,100.36583399960364,1530.0,6,0.46299999999999386,0.027000000000043656,0.045000000000015916,0.045000000000015916,0.0,1762446473955,1762446474055,,,,,,,,,,long+mid,9441,500,308,151,2,34
ren_short_window,SHORT_WINDOW,36.000,0.1/0.1/0.01,300,2,1,ok,,0,2,403.2982919998176,1662.0,7,0.7210000000000036,0.05900000000019645,0.03700000000003456,0.03700000000003456,0.0,1762446491923,1762446492326,,,,,,,,,,long+mid,10596,514,236,157,4,34
ren_short_window,SHORT_WINDOW,36.000,0.1/0.1/0.01,300,2,2,ok,,0,1,102.939124999466,1532.0,6,0.4540000000000006,0.047000000000025466,0.044000000000096406,0.044000000000096406,0.0,1762446512521,1762446512624,,,,,,,,,,long+mid,12555,509,218,232,3,34
ren_short_window,SHORT_WINDOW,36.000,0.1/0.1/0.01,300,2,3,ok,,0,1,95.70391699890024,1531.0,6,0.563999999999993,0.03699999999980719,0.051999999999964075,0.051999999999964075,0.0,1762446532261,1762446532356,,,,,,,,,,long+mid,10365,377,222,192,7,34
ren_short_window,SHORT_WINDOW,36.000,0.1/0.1/0.01,300,2,4,ok,,0,1,101.19570899951214,1529.0,6,0.5089999999999932,0.04300000000034743,0.04899999999997817,0.04899999999997817,0.0,1762446550573,1762446550674,,,,,,,,,,long+mid,11216,348,288,226,6,34
ren_short_window,SHORT_WINDOW,36.000,0.1/0.1/0.01,300,2,5,ok,,0,1,110.02229200130387,1531.0,6,0.45000000000000284,0.03000000000020009,0.04699999999996862,0.04699999999996862,0.0,1762446571587,1762446571697,,,,,,,,,,long+mid,13286,753,225,221,3,34
ren_short_window,SHORT_WINDOW,36.000,0.1/0.1/0.01,400,2,1,ok,,0,1,96.50233399952413,1533.0,6,0.4200000000000017,0.044000000000096406,0.040000000000020464,0.040000000000020464,0.0,1762446595253,1762446595349,,,,,,,,,,long+mid,11007,792,239,279,5,34
ren_short_window,SHORT_WINDOW,36.000,0.1/0.1/0.01,400,2,2,ok,,0,1,109.04908300108218,1533.0,6,0.46999999999999886,0.027999999999792635,0.028999999999996362,0.028999999999996362,0.0,1762446612377,1762446612486,,,,,,,,,,long+mid,11505,770,345,197,3,34
ren_short_window,SHORT_WINDOW,36.000,0.1/0.1/0.01,400,2,3,ok,,0,1,106.65879200132622,1532.0,6,0.42499999999999716,0.04300000000012005,0.040000000000020464,0.040000000000020464,0.0,1762446631657,1762446631764,,,,,,,,,,long+mid,13228,375,231,216,1,34
ren_short_window,SHORT_WINDOW,36.000,0.1/0.1/0.01,400,2,4,ok,,0,1,102.668999999878,1530.0,6,0.4709999999999894,0.028000000000247383,0.03999999999996362,0.03999999999996362,0.0,1762446649268,1762446649371,,,,,,,,,,long+mid,11747,737,265,221,2,34
ren_short_window,SHORT_WINDOW,36.000,0.1/0.1/0.01,400,2,5,ok,,0,1,105.46879100002116,1533.0,6,0.44299999999999784,0.026999999999816282,0.04200000000003001,0.04200000000003001,0.0,1762446671227,1762446671332,,,,,,,,,,long+mid,11259,453,320,249,7,34
ren_short_window,SHORT_WINDOW,36.000,0.1/0.1/0.01,200,2,1,ok,,0,1,97.75416699994821,1531.0,6,0.4749999999999943,0.044999999999845386,0.03199999999992542,0.03199999999992542,0.0,1762446692663,1762446692761,,,,,,,,,,long+long,16797,348,203,212,7,35
ren_short_window,SHORT_WINDOW,36.000,0.1/0.1/0.01,200,2,2,ok,,0,1,106.04362500089337,1529.0,6,0.4620000000000033,0.044000000000096406,0.04099999999999682,0.04099999999999682,0.0,1762446713501,1762446713607,,,,,,,,,,long+long,15333,394,221,205,5,35
ren_short_window,SHORT_WINDOW,36.000,0.1/0.1/0.01,200,2,3,ok,,0,1,114.76883400064253,1527.0,6,0.4680000000000035,0.031000000000176442,0.03299999999995862,0.03299999999995862,0.0,1762446733523,1762446733638,,,,,,,,,,long+long,15402,445,317,274,6,35
ren_short_window,SHORT_WINDOW,36.000,0.1/0.1/0.01,200,2,4,failed,leo_timeout,0,3,603.966707998552,399.0,3,0.7609999999999957,0.0,0.0,0.0,0.0,,,,,,,,,,,,long+long,14252,675,339,274,7,35
ren_short_window,SHORT_WINDOW,36.000,0.1/0.1/0.01,200,2,5,ok,,0,1,109.73270800059254,1529.0,6,0.5380000000000038,0.05999999999994543,0.05899999999996908,0.05899999999996908,0.0,1762446777904,1762446778014,,,,,,,,,,long+long,14550,877,240,229,4,35
ren_short_window,SHORT_WINDOW,36.000,0.1/0.1/0.01,300,2,1,ok,,0,3,691.477666998253,1793.0,8,0.9510000000000005,0.04399999999986903,0.09499999999997044,0.09499999999997044,0.0,1762446798600,1762446799292,,,,,,,,,,long+long,15588,387,219,259,7,35
ren_short_window,SHORT_WINDOW,36.000,0.1/0.1/0.01,300,2,2,ok,,0,1,91.09937500033993,1527.0,6,0.5490000000000137,0.03399999999987813,0.038000000000010914,0.038000000000010914,0.0,1762446821923,1762446822015,,,,,,,,,,long+long,13991,538,288,264,4,35
ren_short_window,SHORT_WINDOW,36.000,0.1/0.1/0.01,300,2,3,ok,,0,1,108.28712500006077,1529.0,6,0.5050000000000026,0.0340000000001055,0.053000000000054115,0.053000000000054115,0.0,1762446840575,1762446840683,,,,,,,,,,long+long,16312,800,341,252,6,35
ren_short_window,SHORT_WINDOW,36.000,0.1/0.1/0.01,300,2,4,ok,,0,1,84.16633299930254,1530.0,6,0.6490000000000009,0.08900000000016917,0.07399999999995543,0.07399999999995543,0.0,1762446864299,1762446864383,,,,,,,,,,long+long,14166,604,260,250,5,35
ren_short_window,SHORT_WINDOW,36.000,0.1/0.1/0.01,300,2,5,ok,,0,1,93.02287500031525,1532.0,6,0.4280000000000115,0.04099999999993997,0.027999999999963165,0.027999999999963165,0.0,1762446885896,1762446885989,,,,,,,,,,long+long,18463,453,231,155,5,35
ren_short_window,SHORT_WINDOW,36.000,0.1/0.1/0.01,400,2,1,ok,,0,2,522.1387919991685,1658.0,7,1.9750000000000014,0.12099999999986721,0.117999999999995,0.117999999999995,0.0,1762446909243,1762446909765,,,,,,,,,,long+long,15066,259,316,156,8,35
ren_short_window,SHORT_WINDOW,36.000,0.1/0.1/0.01,400,2,2,ok,,0,1,104.88887499923294,1530.0,6,0.4510000000000005,0.04899999999997817,0.04699999999996862,0.04699999999996862,0.0,1762446929835,1762446929940,,,,,,,,,,long+long,18601,659,205,215,5,35
ren_short_window,SHORT_WINDOW,36.000,0.1/0.1/0.01,400,2,3,ok,,0,1,103.24899999977788,1529.0,6,0.44599999999999795,0.04899999999997817,0.03100000000000591,0.03100000000000591,0.0,1762446953118,1762446953221,,,,,,,,,,long+long,19708,837,286,202,4,35
ren_short_window,SHORT_WINDOW,36.000,0.1/0.1/0.01,400,2,4,ok,,0,1,102.3497080004745,1531.0,6,0.4369999999999976,0.03000000000020009,0.03100000000000591,0.03100000000000591,0.0,1762446976825,1762446976927,,,,,,,,,,long+long,15489,513,237,182,3,35
ren_short_window,SHORT_WINDOW,36.000,0.1/0.1/0.01,400,2,5,ok,,0,1,104.93316700012656,1530.0,6,0.45000000000000284,0.03600000000028558,0.03100000000000591,0.03100000000000591,0.0,1762446996021,1762446996126,,,,,,,,,,long+long,14486,801,304,246,5,35
