scenario,mode,rtt_ms,loss_pct,timeout_ms,pto,run,status,failed_stage,errno,attempts,latency_ms,bytes_online,msgs_online,cpu_ms_ue,cpu_ms_leo2,cpu_ms_ground,cpu_ms_ncc,processing_ms_leo2,ts5,ts6,rain_profile,bw_factor,down_rate_mbps,up_rate_mbps,bad_ticks,total_ticks,bad_ratio,blackout_events,blackout_ticks,window_profile,window_duration_ms,uplink_delay_ms,down_ready_ms,guard_close_ms,scheduled_blackouts,combo_index
ren_online_only,ACCESS,28.000,0.0/0.0/0.01,200,2,1,ok,,0,1,82.09325000098033,1414.0,6,0.6180000000000092,0.03900000000000858,0.03599999999999426,0.03599999999999426,0.0,1762268001061,1762268001144,,,,,,,,,,,,,,,,0
ren_online_only,ACCESS,28.000,0.0/0.0/0.01,200,2,2,ok,,0,1,56.99941700004274,1416.0,6,0.44199999999999307,0.03100000000000591,0.03200000000000358,0.03200000000000358,0.0,1762268001803,1762268001860,,,,,,,,,,,,,,,,0
ren_online_only,ACCESS,28.000,0.0/0.0/0.01,200,2,3,ok,,0,1,60.97520799994527,1413.0,6,0.6639999999999944,0.10199999999999676,0.06400000000000716,0.06400000000000716,0.0,1762268002527,1762268002588,,,,,,,,,,,,,,,,0
ren_online_only,ACCESS,28.000,0.0/0.0/0.01,200,2,4,ok,,0,1,50.835417001508176,1413.0,6,0.5310000000000059,0.06199999999999051,0.0519999999999996,0.0519999999999996,0.0,1762268003215,1762268003266,,,,,,,,,,,,,,,,0
ren_online_only,ACCESS,28.000,0.0/0.0/0.01,200,2,5,ok,,0,1,57.008374998986255,1415.0,6,0.3960000000000008,0.041999999999994486,0.038000000000010914,0.038000000000010914,0.0,1762268003912,1762268003969,,,,,,,,,,,,,,,,0
ren_online_only,ACCESS,28.000,0.0/0.0/0.01,200,2,6,ok,,0,1,53.92508399927465,1417.0,6,0.41900000000000404,0.027999999999991587,0.027999999999991587,0.027999999999991587,0.0,1762268004619,1762268004672,,,,,,,,,,,,,,,,0
ren_online_only,ACCESS,28.000,0.0/0.0/0.01,200,2,7,ok,,0,1,53.215666999676614,1414.0,6,0.5480000000000018,0.029000000000010573,0.04999999999998295,0.04999999999998295,0.0,1762268005373,1762268005426,,,,,,,,,,,,,,,,0
ren_online_only,ACCESS,28.000,0.0/0.0/0.01,200,2,8,ok,,0,1,53.46770899996045,1413.0,6,0.5139999999999958,0.0350000000000108,0.04400000000001114,0.04400000000001114,0.0,1762268006024,1762268006078,,,,,,,,,,,,,,,,0
ren_online_only,ACCESS,28.000,0.0/0.0/0.01,200,2,9,ok,,0,1,45.73504100153514,1415.0,6,0.4170000000000016,0.0309999999999917,0.034000000000006025,0.034000000000006025,0.0,1762268006759,1762268006805,,,,,,,,,,,,,,,,0
ren_online_only,ACCESS,28.000,0.0/0.0/0.01,200,2,10,ok,,0,1,51.50912600038282,1416.0,6,0.5129999999999981,0.027000000000001023,0.024999999999991473,0.024999999999991473,0.0,1762268007431,1762268007482,,,,,,,,,,,,,,,,0
ren_online_only,ACCESS,28.000,0.0/0.0/0.01,200,2,11,ok,,0,1,48.03754199929244,1416.0,6,0.42499999999999716,0.026999999999986812,0.03100000000000591,0.03100000000000591,0.0,1762268008128,1762268008177,,,,,,,,,,,,,,,,0
ren_online_only,ACCESS,28.000,0.0/0.0/0.01,200,2,12,ok,,0,1,46.10562500056403,1417.0,6,0.4159999999999897,0.03900000000000148,0.034000000000006025,0.034000000000006025,0.0,1762268008776,1762268008822,,,,,,,,,,,,,,,,0
ren_online_only,ACCESS,28.000,0.0/0.0/0.01,200,2,13,ok,,0,1,60.02375000025495,1416.0,6,0.5,0.025000000000005684,0.0350000000000108,0.0350000000000108,0.0,1762268009464,1762268009524,,,,,,,,,,,,,,,,0
ren_online_only,ACCESS,28.000,0.0/0.0/0.01,200,2,14,ok,,0,1,48.8041249991511,1416.0,6,0.38100000000000733,0.03300000000001546,0.030000000000001137,0.030000000000001137,0.0,1762268010132,1762268010181,,,,,,,,,,,,,,,,0
ren_online_only,ACCESS,28.000,0.0/0.0/0.01,200,2,15,ok,,0,1,51.040457999988575,1419.0,6,0.42199999999999704,0.034000000000006025,0.031999999999996476,0.031999999999996476,0.0,1762268010804,1762268010855,,,,,,,,,,,,,,,,0
ren_online_only,ACCESS,28.000,0.0/0.0/0.01,200,2,16,ok,,0,1,55.50008399950457,1415.0,6,0.39100000000000534,0.0309999999999917,0.03100000000000591,0.03100000000000591,0.0,1762268011518,1762268011574,,,,,,,,,,,,,,,,0
ren_online_only,ACCESS,28.000,0.0/0.0/0.01,200,2,17,ok,,0,1,51.9189999995433,1415.0,6,0.44599999999999795,0.0379999999999967,0.02400000000001512,0.02400000000001512,0.0,1762268012161,1762268012213,,,,,,,,,,,,,,,,0
ren_online_only,ACCESS,28.000,0.0/0.0/0.01,200,2,18,ok,,0,1,50.62654200082761,1418.0,6,0.4280000000000044,0.027000000000001023,0.03300000000000125,0.03300000000000125,0.0,1762268012808,1762268012859,,,,,,,,,,,,,,,,0
ren_online_only,ACCESS,28.000,0.0/0.0/0.01,200,2,19,ok,,0,1,53.019625000160886,1419.0,6,0.40500000000000114,0.028000000000005798,0.033999999999991815,0.033999999999991815,0.0,1762268013508,1762268013561,,,,,,,,,,,,,,,,0
ren_online_only,ACCESS,28.000,0.0/0.0/0.01,200,2,20,ok,,0,1,52.40791700089176,1418.0,6,0.41499999999999915,0.03900000000000148,0.025000000000019895,0.025000000000019895,0.0,1762268014214,1762268014267,,,,,,,,,,,,,,,,0
ren_online_only,ACCESS,28.000,0.0/0.0/0.01,400,2,1,ok,,0,1,53.437540998857,1416.0,6,0.39000000000000057,0.03499999999999659,0.03200000000001069,0.03200000000001069,0.0,1762268014921,1762268014974,,,,,,,,,,,,,,,,0
ren_online_only,ACCESS,28.000,0.0/0.0/0.01,400,2,2,ok,,0,1,48.68016700129374,1417.0,6,0.4209999999999994,0.033999999999991815,0.025000000000005684,0.025000000000005684,0.0,1762268015600,1762268015649,,,,,,,,,,,,,,,,0
ren_online_only,ACCESS,28.000,0.0/0.0/0.01,400,2,3,ok,,0,1,55.935750000571716,1416.0,6,0.4339999999999975,0.03499999999999659,0.028000000000005798,0.028000000000005798,0.0,1762268016279,1762268016335,,,,,,,,,,,,,,,,0
ren_online_only,ACCESS,28.000,0.0/0.0/0.01,400,2,4,ok,,0,1,56.83337499976915,1416.0,6,0.3950000000000031,0.034000000000006025,0.030000000000001137,0.030000000000001137,0.0,1762268016969,1762268017026,,,,,,,,,,,,,,,,0
ren_online_only,ACCESS,28.000,0.0/0.0/0.01,400,2,5,ok,,0,1,58.92524999944726,1417.0,6,0.4159999999999897,0.043000000000006366,0.03100000000000591,0.03100000000000591,0.0,1762268017674,1762268017733,,,,,,,,,,,,,,,,0
ren_online_only,ACCESS,28.000,0.0/0.0/0.01,400,2,6,ok,,0,1,56.53212499964866,1415.0,6,0.41799999999999926,0.02199999999999136,0.038000000000010914,0.038000000000010914,0.0,1762268018409,1762268018466,,,,,,,,,,,,,,,,0
ren_online_only,ACCESS,28.000,0.0/0.0/0.01,400,2,7,ok,,0,1,49.65283299861767,1417.0,6,0.4029999999999987,0.025000000000005684,0.03200000000001069,0.03200000000001069,0.0,1762268019082,1762268019131,,,,,,,,,,,,,,,,0
ren_online_only,ACCESS,28.000,0.0/0.0/0.01,400,2,8,ok,,0,1,55.6244589988637,1417.0,6,0.502999999999993,0.03599999999998715,0.031999999999996476,0.031999999999996476,0.0,1762268019753,1762268019808,,,,,,,,,,,,,,,,0
ren_online_only,ACCESS,28.000,0.0/0.0/0.01,400,2,9,ok,,0,1,53.829667000172776,1413.0,6,0.45600000000000307,0.03699999999999193,0.04399999999998272,0.04399999999998272,0.0,1762268020467,1762268020521,,,,,,,,,,,,,,,,0
ren_online_only,ACCESS,28.000,0.0/0.0/0.01,400,2,10,ok,,0,1,57.14683400037757,1418.0,6,0.41199999999999903,0.036000000000001364,0.03200000000001069,0.03200000000001069,0.0,1762268021124,1762268021181,,,,,,,,,,,,,,,,0
ren_online_only,ACCESS,28.000,0.0/0.0/0.01,400,2,11,ok,,0,1,52.04662500000268,1416.0,6,0.4100000000000037,0.03599999999998715,0.025000000000005684,0.025000000000005684,0.0,1762268021805,1762268021857,,,,,,,,,,,,,,,,0
ren_online_only,ACCESS,28.000,0.0/0.0/0.01,400,2,12,ok,,0,1,53.1795829992916,1415.0,6,0.570999999999998,0.0660000000000025,0.04899999999999238,0.04899999999999238,0.0,1762268022512,1762268022565,,,,,,,,,,,,,,,,0
ren_online_only,ACCESS,28.000,0.0/0.0/0.01,400,2,13,ok,,0,1,50.444541999240755,1414.0,6,0.4059999999999988,0.03499999999999659,0.03999999999999204,0.03999999999999204,0.0,1762268023228,1762268023279,,,,,,,,,,,,,,,,0
ren_online_only,ACCESS,28.000,0.0/0.0/0.01,400,2,14,ok,,0,1,53.0073749996518,1414.0,6,0.39800000000000324,0.0350000000000108,0.03100000000000591,0.03100000000000591,0.0,1762268023907,1762268023960,,,,,,,,,,,,,,,,0
ren_online_only,ACCESS,28.000,0.0/0.0/0.01,400,2,15,ok,,0,1,47.31229100070777,1417.0,6,0.4510000000000005,0.034000000000006025,0.033999999999991815,0.033999999999991815,0.0,1762268024598,1762268024645,,,,,,,,,,,,,,,,0
ren_online_only,ACCESS,28.000,0.0/0.0/0.01,400,2,16,ok,,0,1,54.20354200032307,1417.0,6,0.41499999999999915,0.04399999999999693,0.031999999999996476,0.031999999999996476,0.0,1762268025274,1762268025329,,,,,,,,,,,,,,,,0
ren_online_only,ACCESS,28.000,0.0/0.0/0.01,400,2,17,ok,,0,1,54.29395800092607,1416.0,6,0.41800000000001347,0.028000000000005798,0.027000000000001023,0.027000000000001023,0.0,1762268025976,1762268026031,,,,,,,,,,,,,,,,0
ren_online_only,ACCESS,28.000,0.0/0.0/0.01,400,2,18,ok,,0,1,41.15641699900152,1417.0,6,0.3990000000000009,0.022999999999996135,0.03300000000000125,0.03300000000000125,0.0,1762268026666,1762268026707,,,,,,,,,,,,,,,,0
ren_online_only,ACCESS,28.000,0.0/0.0/0.01,400,2,19,ok,,0,1,52.71612499927869,1413.0,6,0.4589999999999961,0.03200000000001069,0.04999999999999716,0.04999999999999716,0.0,1762268027302,1762268027354,,,,,,,,,,,,,,,,0
ren_online_only,ACCESS,28.000,0.0/0.0/0.01,400,2,20,ok,,0,1,52.51562499870488,1414.0,6,0.4140000000000086,0.020999999999972374,0.0239999999999867,0.0239999999999867,0.0,1762268027975,1762268028027,,,,,,,,,,,,,,,,0
ren_online_only,ACCESS,28.000,0.0/0.0/0.01,600,2,1,ok,,0,1,46.74250000061875,1417.0,6,0.5700000000000074,0.05299999999999727,0.042999999999992156,0.042999999999992156,0.0,1762268028663,1762268028709,,,,,,,,,,,,,,,,0
ren_online_only,ACCESS,28.000,0.0/0.0/0.01,600,2,2,ok,,0,1,52.25175000123272,1418.0,6,0.43499999999999517,0.024999999999991473,0.03699999999999193,0.03699999999999193,0.0,1762268029330,1762268029383,,,,,,,,,,,,,,,,0
ren_online_only,ACCESS,28.000,0.0/0.0/0.01,600,2,3,ok,,0,1,54.07241699867882,1414.0,6,0.42500000000000426,0.03599999999998715,0.0309999999999917,0.0309999999999917,0.0,1762268030015,1762268030069,,,,,,,,,,,,,,,,0
ren_online_only,ACCESS,28.000,0.0/0.0/0.01,600,2,4,ok,,0,1,50.58929199913109,1416.0,6,0.39800000000000324,0.03300000000000125,0.036000000000001364,0.036000000000001364,0.0,1762268030757,1762268030808,,,,,,,,,,,,,,,,0
ren_online_only,ACCESS,28.000,0.0/0.0/0.01,600,2,5,ok,,0,1,57.14249999982712,1419.0,6,0.4299999999999997,0.022999999999996135,0.028000000000005798,0.028000000000005798,0.0,1762268031459,1762268031516,,,,,,,,,,,,,,,,0
ren_online_only,ACCESS,28.000,0.0/0.0/0.01,600,2,6,ok,,0,1,45.20179199971608,1416.0,6,0.3999999999999986,0.034000000000006025,0.02599999999999625,0.02599999999999625,0.0,1762268032155,1762268032200,,,,,,,,,,,,,,,,0
ren_online_only,ACCESS,28.000,0.0/0.0/0.01,600,2,7,ok,,0,1,48.90141599935305,1415.0,6,0.3900000000000077,0.033999999999991815,0.025000000000005684,0.025000000000005684,0.0,1762268032837,1762268032886,,,,,,,,,,,,,,,,0
ren_online_only,ACCESS,28.000,0.0/0.0/0.01,600,2,8,ok,,0,1,54.33429200093087,1417.0,6,0.4200000000000017,0.030000000000015348,0.04600000000000648,0.04600000000000648,0.0,1762268033522,1762268033577,,,,,,,,,,,,,,,,0
ren_online_only,ACCESS,28.000,0.0/0.0/0.01,600,2,9,ok,,0,1,56.324166000194964,1414.0,6,0.4610000000000056,0.03699999999999193,0.03499999999999659,0.03499999999999659,0.0,1762268034236,1762268034292,,,,,,,,,,,,,,,,0
ren_online_only,ACCESS,28.000,0.0/0.0/0.01,600,2,10,ok,,0,1,45.93233400009922,1419.0,6,0.4200000000000017,0.030000000000001137,0.027999999999991587,0.027999999999991587,0.0,1762268034952,1762268034998,,,,,,,,,,,,,,,,0
ren_online_only,ACCESS,28.000,0.0/0.0/0.01,600,2,11,ok,,0,1,53.72650000026624,1417.0,6,0.41100000000000136,0.02400000000001512,0.029999999999986926,0.029999999999986926,0.0,1762268035631,1762268035685,,,,,,,,,,,,,,,,0
ren_online_only,ACCESS,28.000,0.0/0.0/0.01,600,2,12,ok,,0,1,50.390917000186164,1414.0,6,0.4540000000000006,0.034000000000006025,0.0309999999999917,0.0309999999999917,0.0,1762268036346,1762268036396,,,,,,,,,,,,,,,,0
ren_online_only,ACCESS,28.000,0.0/0.0/0.01,600,2,13,ok,,0,1,58.38233400027093,1415.0,6,0.4340000000000046,0.02200000000001978,0.0239999999999867,0.0239999999999867,0.0,1762268037025,1762268037084,,,,,,,,,,,,,,,,0
ren_online_only,ACCESS,28.000,0.0/0.0/0.01,600,2,14,ok,,0,1,54.74491699897044,1415.0,6,0.3989999999999938,0.01999999999998181,0.0309999999999917,0.0309999999999917,0.0,1762268037706,1762268037760,,,,,,,,,,,,,,,,0
ren_online_only,ACCESS,28.000,0.0/0.0/0.01,600,2,15,ok,,0,1,52.08866700013459,1416.0,6,0.40099999999999625,0.03300000000000125,0.03300000000001546,0.03300000000001546,0.0,1762268038391,1762268038443,,,,,,,,,,,,,,,,0
ren_online_only,ACCESS,28.000,0.0/0.0/0.01,600,2,16,ok,,0,1,51.154582999515696,1417.0,6,0.43200000000000216,0.036000000000001364,0.02599999999999625,0.02599999999999625,0.0,1762268039059,1762268039110,,,,,,,,,,,,,,,,0
ren_online_only,ACCESS,28.000,0.0/0.0/0.01,600,2,17,ok,,0,1,53.0363749985554,1416.0,6,0.3919999999999959,0.0350000000000108,0.045000000000001705,0.045000000000001705,0.0,1762268039749,1762268039802,,,,,,,,,,,,,,,,0
ren_online_only,ACCESS,28.000,0.0/0.0/0.01,600,2,18,ok,,0,1,52.01116699936392,1418.0,6,0.534000000000006,0.027000000000001023,0.031999999999982265,0.031999999999982265,0.0,1762268040450,1762268040502,,,,,,,,,,,,,,,,0
ren_online_only,ACCESS,28.000,0.0/0.0/0.01,600,2,19,ok,,0,1,51.88129199996183,1415.0,6,0.41499999999999915,0.03100000000000591,0.03700000000000614,0.03700000000000614,0.0,1762268041108,1762268041159,,,,,,,,,,,,,,,,0
ren_online_only,ACCESS,28.000,0.0/0.0/0.01,600,2,20,ok,,0,1,51.17608299951826,1415.0,6,0.5180000000000007,0.02400000000001512,0.04099999999999682,0.04099999999999682,0.0,1762268041800,1762268041851,,,,,,,,,,,,,,,,0
ren_online_only,ACCESS,28.000,0.0/0.1/0.01,200,2,1,ok,,0,1,57.747791999645415,1417.0,6,0.41899999999999693,0.023000000000010346,0.03300000000000125,0.03300000000000125,0.0,1762268042482,1762268042540,,,,,,,,,,,,,,,,1
ren_online_only,ACCESS,28.000,0.0/0.1/0.01,200,2,2,ok,,0,1,47.64008299935085,1418.0,6,0.40800000000000836,0.036000000000015575,0.031999999999996476,0.031999999999996476,0.0,1762268043175,1762268043223,,,,,,,,,,,,,,,,1
ren_online_only,ACCESS,28.000,0.0/0.1/0.01,200,2,3,ok,,0,1,53.78641599963885,1416.0,6,0.394999999999996,0.03700000000002035,0.034000000000006025,0.034000000000006025,0.0,1762268043833,1762268043886,,,,,,,,,,,,,,,,1
ren_online_only,ACCESS,28.000,0.0/0.1/0.01,200,2,4,ok,,0,1,57.10291700052039,1417.0,6,0.4380000000000024,0.02599999999999625,0.036000000000001364,0.036000000000001364,0.0,1762268044542,1762268044599,,,,,,,,,,,,,,,,1
ren_online_only,ACCESS,28.000,0.0/0.1/0.01,200,2,5,ok,,0,1,52.96795899994322,1412.0,6,0.44999999999999574,0.022999999999996135,0.0309999999999917,0.0309999999999917,0.0,1762268045234,1762268045287,,,,,,,,,,,,,,,,1
ren_online_only,ACCESS,28.000,0.0/0.1/0.01,200,2,6,ok,,0,1,52.92299999928218,1415.0,6,0.4089999999999989,0.03100000000000591,0.03300000000000125,0.03300000000000125,0.0,1762268045907,1762268045960,,,,,,,,,,,,,,,,1
ren_online_only,ACCESS,28.000,0.0/0.1/0.01,200,2,7,ok,,0,1,60.4675419999694,1419.0,6,0.4540000000000006,0.023000000000010346,0.034000000000020236,0.034000000000020236,0.0,1762268046595,1762268046656,,,,,,,,,,,,,,,,1
ren_online_only,ACCESS,28.000,0.0/0.1/0.01,200,2,8,ok,,0,1,52.39287499898637,1417.0,6,0.4160000000000039,0.025000000000005684,0.031000000000020123,0.031000000000020123,0.0,1762268047299,1762268047352,,,,,,,,,,,,,,,,1
ren_online_only,ACCESS,28.000,0.0/0.1/0.01,200,2,9,ok,,0,1,51.55725000076927,1419.0,6,0.4139999999999944,0.022999999999996135,0.046999999999997044,0.046999999999997044,0.0,1762268047999,1762268048050,,,,,,,,,,,,,,,,1
ren_online_only,ACCESS,28.000,0.0/0.1/0.01,200,2,10,ok,,0,1,51.29966699860233,1416.0,6,0.4760000000000062,0.05500000000000682,0.06300000000000239,0.06300000000000239,0.0,1762268048729,1762268048780,,,,,,,,,,,,,,,,1
ren_online_only,ACCESS,28.000,0.0/0.1/0.01,200,2,11,ok,,0,1,55.77704099960101,1416.0,6,0.5549999999999997,0.033999999999991815,0.030000000000001137,0.030000000000001137,0.0,1762268049394,1762268049450,,,,,,,,,,,,,,,,1
ren_online_only,ACCESS,28.000,0.0/0.1/0.01,200,2,12,ok,,0,1,49.996583000393,1414.0,6,0.43600000000000705,0.0239999999999867,0.03599999999998715,0.03599999999998715,0.0,1762268050072,1762268050122,,,,,,,,,,,,,,,,1
ren_online_only,ACCESS,28.000,0.0/0.1/0.01,200,2,13,ok,,0,1,51.8711250006163,1414.0,6,0.7489999999999952,0.09300000000000352,0.05000000000001137,0.05000000000001137,0.0,1762268050765,1762268050817,,,,,,,,,,,,,,,,1
ren_online_only,ACCESS,28.000,0.0/0.1/0.01,200,2,14,ok,,0,1,51.97245800081873,1416.0,6,0.4650000000000034,0.03599999999998715,0.03700000000000614,0.03700000000000614,0.0,1762268051447,1762268051499,,,,,,,,,,,,,,,,1
ren_online_only,ACCESS,28.000,0.0/0.1/0.01,200,2,15,ok,,0,1,55.82362499990268,1415.0,6,0.4650000000000034,0.0379999999999967,0.034000000000006025,0.034000000000006025,0.0,1762268052114,1762268052169,,,,,,,,,,,,,,,,1
ren_online_only,ACCESS,28.000,0.0/0.1/0.01,200,2,16,ok,,0,1,50.05729200092901,1417.0,6,0.4690000000000012,0.027999999999991587,0.0350000000000108,0.0350000000000108,0.0,1762268052813,1762268052863,,,,,,,,,,,,,,,,1
ren_online_only,ACCESS,28.000,0.0/0.1/0.01,200,2,17,ok,,0,1,54.65962500056776,1417.0,6,0.4029999999999987,0.03499999999999659,0.03499999999999659,0.03499999999999659,0.0,1762268053500,1762268053554,,,,,,,,,,,,,,,,1
ren_online_only,ACCESS,28.000,0.0/0.1/0.01,200,2,18,ok,,0,1,49.384583999199094,1414.0,6,0.6610000000000014,0.19300000000001205,0.0870000000000033,0.0870000000000033,0.0,1762268054199,1762268054249,,,,,,,,,,,,,,,,1
ren_online_only,ACCESS,28.000,0.0/0.1/0.01,200,2,19,ok,,0,1,48.203250000369735,1410.0,6,0.686000000000007,0.07200000000000273,0.07100000000002638,0.07100000000002638,0.0,1762268054838,1762268054887,,,,,,,,,,,,,,,,1
ren_online_only,ACCESS,28.000,0.0/0.1/0.01,200,2,20,ok,,0,1,54.045000000769505,1417.0,6,0.46400000000000574,0.02200000000001978,0.02600000000001046,0.02600000000001046,0.0,1762268055469,1762268055523,,,,,,,,,,,,,,,,1
ren_online_only,ACCESS,28.000,0.0/0.1/0.01,400,2,1,ok,,0,1,52.98216600021988,1415.0,6,0.4089999999999918,0.027000000000001023,0.031999999999996476,0.031999999999996476,0.0,1762268056124,1762268056177,,,,,,,,,,,,,,,,1
ren_online_only,ACCESS,28.000,0.0/0.1/0.01,400,2,2,ok,,0,1,51.53079199953936,1415.0,6,0.544000000000004,0.04099999999999682,0.02800000000002001,0.02800000000002001,0.0,1762268056832,1762268056883,,,,,,,,,,,,,,,,1
ren_online_only,ACCESS,28.000,0.0/0.1/0.01,400,2,3,ok,,0,1,48.044375000245054,1415.0,6,0.42099999999999227,0.03300000000000125,0.02899999999998215,0.02899999999998215,0.0,1762268057493,1762268057541,,,,,,,,,,,,,,,,1
ren_online_only,ACCESS,28.000,0.0/0.1/0.01,400,2,4,ok,,0,1,52.23633400055405,1413.0,6,0.384999999999998,0.0350000000000108,0.0239999999999867,0.0239999999999867,0.0,1762268058178,1762268058231,,,,,,,,,,,,,,,,1
ren_online_only,ACCESS,28.000,0.0/0.1/0.01,400,2,5,ok,,0,1,54.88024999976915,1416.0,6,0.4100000000000037,0.029999999999986926,0.031999999999996476,0.031999999999996476,0.0,1762268058879,1762268058934,,,,,,,,,,,,,,,,1
ren_online_only,ACCESS,28.000,0.0/0.1/0.01,400,2,6,ok,,0,1,59.45383300058893,1418.0,6,0.43900000000000716,0.027999999999991587,0.02599999999999625,0.02599999999999625,0.0,1762268059584,1762268059643,,,,,,,,,,,,,,,,1
ren_online_only,ACCESS,28.000,0.0/0.1/0.01,400,2,7,ok,,0,1,54.23137500110897,1414.0,6,0.45300000000000296,0.03499999999999659,0.03699999999999193,0.03699999999999193,0.0,1762268060303,1762268060357,,,,,,,,,,,,,,,,1
ren_online_only,ACCESS,28.000,0.0/0.1/0.01,400,2,8,ok,,0,1,61.26691700046649,1416.0,6,0.4239999999999995,0.0350000000000108,0.034000000000006025,0.034000000000006025,0.0,1762268060980,1762268061041,,,,,,,,,,,,,,,,1
ren_online_only,ACCESS,28.000,0.0/0.1/0.01,400,2,9,ok,,0,1,54.857249999258784,1416.0,6,0.4059999999999988,0.025000000000005684,0.033999999999991815,0.033999999999991815,0.0,1762268061663,1762268061717,,,,,,,,,,,,,,,,1
ren_online_only,ACCESS,28.000,0.0/0.1/0.01,400,2,10,ok,,0,1,56.18020799920487,1417.0,6,0.4230000000000018,0.027000000000001023,0.03999999999999204,0.03999999999999204,0.0,1762268062366,1762268062423,,,,,,,,,,,,,,,,1
ren_online_only,ACCESS,28.000,0.0/0.1/0.01,400,2,11,ok,,0,1,50.07029199987301,1417.0,6,0.4469999999999956,0.02199999999999136,0.02599999999999625,0.02599999999999625,0.0,1762268063066,1762268063116,,,,,,,,,,,,,,,,1
ren_online_only,ACCESS,28.000,0.0/0.1/0.01,400,2,12,ok,,0,1,49.77320900070481,1417.0,6,0.43199999999999505,0.02600000000001046,0.024999999999991473,0.024999999999991473,0.0,1762268063738,1762268063788,,,,,,,,,,,,,,,,1
ren_online_only,ACCESS,28.000,0.0/0.1/0.01,400,2,13,ok,,0,1,47.02895899936266,1417.0,6,0.5739999999999981,0.02599999999999625,0.05900000000001171,0.05900000000001171,0.0,1762268064409,1762268064456,,,,,,,,,,,,,,,,1
ren_online_only,ACCESS,28.000,0.0/0.1/0.01,400,2,14,ok,,0,1,51.16829200051143,1418.0,6,0.3430000000000035,0.028999999999996362,0.022999999999996135,0.022999999999996135,0.0,1762268065116,1762268065167,,,,,,,,,,,,,,,,1
ren_online_only,ACCESS,28.000,0.0/0.1/0.01,400,2,15,ok,,0,1,54.655750000165426,1416.0,6,0.5339999999999989,0.03100000000000591,0.03700000000000614,0.03700000000000614,0.0,1762268065750,1762268065805,,,,,,,,,,,,,,,,1
ren_online_only,ACCESS,28.000,0.0/0.1/0.01,400,2,16,ok,,0,1,56.62316699999792,1414.0,6,0.44300000000000495,0.027000000000001023,0.0309999999999917,0.0309999999999917,0.0,1762268066437,1762268066493,,,,,,,,,,,,,,,,1
ren_online_only,ACCESS,28.000,0.0/0.1/0.01,400,2,17,ok,,0,1,49.19862499991723,1419.0,6,0.43599999999999284,0.026999999999986812,0.031999999999996476,0.031999999999996476,0.0,1762268067142,1762268067191,,,,,,,,,,,,,,,,1
ren_online_only,ACCESS,28.000,0.0/0.1/0.01,400,2,18,ok,,0,1,49.69479200008209,1416.0,6,0.4340000000000046,0.03299999999998704,0.031999999999996476,0.031999999999996476,0.0,1762268067822,1762268067872,,,,,,,,,,,,,,,,1
ren_online_only,ACCESS,28.000,0.0/0.1/0.01,400,2,19,ok,,0,1,51.830542000971036,1417.0,6,0.41799999999999216,0.03499999999996817,0.027000000000001023,0.027000000000001023,0.0,1762268068551,1762268068603,,,,,,,,,,,,,,,,1
ren_online_only,ACCESS,28.000,0.0/0.1/0.01,400,2,20,ok,,0,1,53.133792000153335,1416.0,6,0.4399999999999977,0.02400000000000091,0.025000000000005684,0.025000000000005684,0.0,1762268069245,1762268069298,,,,,,,,,,,,,,,,1
ren_online_only,ACCESS,28.000,0.0/0.1/0.01,600,2,1,ok,,0,1,49.21562500021537,1415.0,6,0.4369999999999976,0.022999999999996135,0.02200000000000557,0.02200000000000557,0.0,1762268069933,1762268069982,,,,,,,,,,,,,,,,1
ren_online_only,ACCESS,28.000,0.0/0.1/0.01,600,2,2,ok,,0,1,57.960291000199504,1417.0,6,0.4000000000000057,0.031000000000034333,0.033999999999991815,0.033999999999991815,0.0,1762268070622,1762268070680,,,,,,,,,,,,,,,,1
ren_online_only,ACCESS,28.000,0.0/0.1/0.01,600,2,3,ok,,0,1,51.09983400143392,1417.0,6,0.42899999999999494,0.026999999999986812,0.036000000000001364,0.036000000000001364,0.0,1762268071329,1762268071380,,,,,,,,,,,,,,,,1
ren_online_only,ACCESS,28.000,0.0/0.1/0.01,600,2,4,ok,,0,1,55.67933400016045,1414.0,6,0.4129999999999967,0.02600000000001046,0.03300000000001546,0.03300000000001546,0.0,1762268071997,1762268072053,,,,,,,,,,,,,,,,1
ren_online_only,ACCESS,28.000,0.0/0.1/0.01,600,2,5,ok,,0,1,49.647750000076485,1417.0,6,0.42799999999999727,0.028999999999996362,0.03100000000000591,0.03100000000000591,0.0,1762268072683,1762268072732,,,,,,,,,,,,,,,,1
ren_online_only,ACCESS,28.000,0.0/0.1/0.01,600,2,6,ok,,0,1,57.73012499957986,1417.0,6,0.45699999999999363,0.040999999999968395,0.03499999999999659,0.03499999999999659,0.0,1762268073360,1762268073418,,,,,,,,,,,,,,,,1
ren_online_only,ACCESS,28.000,0.0/0.1/0.01,600,2,7,ok,,0,1,54.18787500093458,1417.0,6,0.3760000000000048,0.025999999999953616,0.02599999999999625,0.02599999999999625,0.0,1762268074081,1762268074135,,,,,,,,,,,,,,,,1
ren_online_only,ACCESS,28.000,0.0/0.1/0.01,600,2,8,ok,,0,1,44.65483399872028,1414.0,6,0.6969999999999956,0.09399999999999409,0.07900000000000773,0.07900000000000773,0.0,1762268074728,1762268074773,,,,,,,,,,,,,,,,1
ren_online_only,ACCESS,28.000,0.0/0.1/0.01,600,2,9,ok,,0,1,50.44674999953713,1416.0,6,0.4170000000000016,0.03499999999996817,0.04800000000000182,0.04800000000000182,0.0,1762268075390,1762268075441,,,,,,,,,,,,,,,,1
ren_online_only,ACCESS,28.000,0.0/0.1/0.01,600,2,10,ok,,0,1,45.13745800068136,1416.0,6,0.4139999999999944,0.02600000000001046,0.029000000000010573,0.029000000000010573,0.0,1762268076046,1762268076092,,,,,,,,,,,,,,,,1
ren_online_only,ACCESS,28.000,0.0/0.1/0.01,600,2,11,ok,,0,1,43.26891700111446,1416.0,6,0.4129999999999967,0.025000000000005684,0.0379999999999967,0.0379999999999967,0.0,1762268076742,1762268076786,,,,,,,,,,,,,,,,1
ren_online_only,ACCESS,28.000,0.0/0.1/0.01,600,2,12,ok,,0,1,56.34887500127661,1416.0,6,0.4450000000000003,0.027999999999991587,0.04399999999999693,0.04399999999999693,0.0,1762268077400,1762268077456,,,,,,,,,,,,,,,,1
ren_online_only,ACCESS,28.000,0.0/0.1/0.01,600,2,13,ok,,0,1,61.727959000563715,1415.0,6,0.44300000000000495,0.030000000000001137,0.055999999999997385,0.055999999999997385,0.0,1762268078094,1762268078156,,,,,,,,,,,,,,,,1
ren_online_only,ACCESS,28.000,0.0/0.1/0.01,600,2,14,ok,,0,1,54.18037500021455,1415.0,6,0.5700000000000003,0.03200000000001069,0.07199999999998852,0.07199999999998852,0.0,1762268078817,1762268078871,,,,,,,,,,,,,,,,1
ren_online_only,ACCESS,28.000,0.0/0.1/0.01,600,2,15,ok,,0,1,50.88495900054113,1417.0,6,0.4410000000000096,0.02400000000000091,0.031999999999996476,0.031999999999996476,0.0,1762268079484,1762268079535,,,,,,,,,,,,,,,,1
ren_online_only,ACCESS,28.000,0.0/0.1/0.01,600,2,16,ok,,0,1,49.328707998938626,1415.0,6,0.42200000000000415,0.03200000000001069,0.03200000000001069,0.03200000000001069,0.0,1762268080193,1762268080242,,,,,,,,,,,,,,,,1
ren_online_only,ACCESS,28.000,0.0/0.1/0.01,600,2,17,ok,,0,1,51.0059589996672,1415.0,6,0.39700000000000557,0.034000000000020236,0.03899999999998727,0.03899999999998727,0.0,1762268080882,1762268080933,,,,,,,,,,,,,,,,1
ren_online_only,ACCESS,28.000,0.0/0.1/0.01,600,2,18,ok,,0,1,53.40116700062936,1416.0,6,0.4309999999999974,0.034000000000020236,0.027000000000001023,0.027000000000001023,0.0,1762268081536,1762268081589,,,,,,,,,,,,,,,,1
ren_online_only,ACCESS,28.000,0.0/0.1/0.01,600,2,19,ok,,0,1,57.75412500042876,1416.0,6,0.4099999999999895,0.03699999999997772,0.03300000000000125,0.03300000000000125,0.0,1762268082235,1762268082293,,,,,,,,,,,,,,,,1
ren_online_only,ACCESS,28.000,0.0/0.1/0.01,600,2,20,ok,,0,1,50.31800000142539,1415.0,6,0.41799999999999926,0.03499999999996817,0.03499999999998238,0.03499999999998238,0.0,1762268082919,1762268082969,,,,,,,,,,,,,,,,1
ren_online_only,ACCESS,40.000,0.0/0.0/0.01,200,2,1,ok,,0,1,65.81158299923118,1414.0,6,0.39800000000000324,0.02400000000000091,0.03100000000000591,0.03100000000000591,0.0,1762268083593,1762268083658,,,,,,,,,,,,,,,,2
ren_online_only,ACCESS,40.000,0.0/0.0/0.01,200,2,2,ok,,0,1,67.34662500093691,1417.0,6,0.4399999999999977,0.03499999999999659,0.033999999999991815,0.033999999999991815,0.0,1762268084300,1762268084367,,,,,,,,,,,,,,,,2
ren_online_only,ACCESS,40.000,0.0/0.0/0.01,200,2,3,ok,,0,1,72.26504199934425,1419.0,6,0.42799999999999727,0.025000000000005684,0.031999999999982265,0.031999999999982265,0.0,1762268085021,1762268085093,,,,,,,,,,,,,,,,2
ren_online_only,ACCESS,40.000,0.0/0.0/0.01,200,2,4,ok,,0,1,65.77966700024263,1416.0,6,0.4329999999999927,0.03900000000001569,0.03700000000000614,0.03700000000000614,0.0,1762268085720,1762268085785,,,,,,,,,,,,,,,,2
ren_online_only,ACCESS,40.000,0.0/0.0/0.01,200,2,5,ok,,0,1,61.15291700007219,1418.0,6,0.556999999999995,0.026999999999986812,0.027000000000001023,0.027000000000001023,0.0,1762268086442,1762268086503,,,,,,,,,,,,,,,,2
ren_online_only,ACCESS,40.000,0.0/0.0/0.01,200,2,6,ok,,0,1,71.11412499943981,1418.0,6,0.44899999999999807,0.03699999999997772,0.036000000000001364,0.036000000000001364,0.0,1762268087160,1762268087232,,,,,,,,,,,,,,,,2
ren_online_only,ACCESS,40.000,0.0/0.0/0.01,200,2,7,ok,,0,1,67.30070900084684,1416.0,6,0.44299999999999784,0.03900000000001569,0.03999999999999204,0.03999999999999204,0.0,1762268087887,1762268087954,,,,,,,,,,,,,,,,2
ren_online_only,ACCESS,40.000,0.0/0.0/0.01,200,2,8,ok,,0,1,62.790875001155655,1415.0,6,0.4339999999999975,0.034000000000020236,0.03299999999998704,0.03299999999998704,0.0,1762268088620,1762268088683,,,,,,,,,,,,,,,,2
ren_online_only,ACCESS,40.000,0.0/0.0/0.01,200,2,9,ok,,0,1,64.00970899994718,1414.0,6,0.43300000000001404,0.08599999999998431,0.0350000000000108,0.0350000000000108,0.0,1762268089317,1762268089381,,,,,,,,,,,,,,,,2
ren_online_only,ACCESS,40.000,0.0/0.0/0.01,200,2,10,ok,,0,1,64.7992920003162,1416.0,6,0.4680000000000035,0.028999999999996362,0.027000000000001023,0.027000000000001023,0.0,1762268090027,1762268090092,,,,,,,,,,,,,,,,2
ren_online_only,ACCESS,40.000,0.0/0.0/0.01,200,2,11,ok,,0,1,63.79625000045053,1417.0,6,0.43900000000000006,0.040000000000020464,0.033999999999991815,0.033999999999991815,0.0,1762268090744,1762268090807,,,,,,,,,,,,,,,,2
ren_online_only,ACCESS,40.000,0.0/0.0/0.01,200,2,12,ok,,0,1,63.04841699966346,1415.0,6,0.4189999999999898,0.02600000000001046,0.03699999999999193,0.03699999999999193,0.0,1762268091450,1762268091513,,,,,,,,,,,,,,,,2
ren_online_only,ACCESS,40.000,0.0/0.0/0.01,200,2,13,ok,,0,1,61.57020899991039,1417.0,6,0.44899999999999807,0.06100000000000705,0.04200000000000159,0.04200000000000159,0.0,1762268092142,1762268092204,,,,,,,,,,,,,,,,2
ren_online_only,ACCESS,40.000,0.0/0.0/0.01,200,2,14,ok,,0,1,63.928333000148996,1418.0,6,0.43499999999999517,0.029999999999972715,0.033999999999991815,0.033999999999991815,0.0,1762268092855,1762268092919,,,,,,,,,,,,,,,,2
ren_online_only,ACCESS,40.000,0.0/0.0/0.01,200,2,15,ok,,0,1,71.08625000000757,1416.0,6,0.44300000000000495,0.025999999999982037,0.03300000000000125,0.03300000000000125,0.0,1762268093599,1762268093670,,,,,,,,,,,,,,,,2
ren_online_only,ACCESS,40.000,0.0/0.0/0.01,200,2,16,ok,,0,1,64.80612499944982,1415.0,6,0.4490000000000052,0.031999999999982265,0.033999999999991815,0.033999999999991815,0.0,1762268094327,1762268094392,,,,,,,,,,,,,,,,2
ren_online_only,ACCESS,40.000,0.0/0.0/0.01,200,2,17,ok,,0,1,55.0752500003,1414.0,6,0.39700000000000557,0.023999999999972488,0.0309999999999917,0.0309999999999917,0.0,1762268095054,1762268095109,,,,,,,,,,,,,,,,2
ren_online_only,ACCESS,40.000,0.0/0.0/0.01,200,2,18,ok,,0,1,66.49000000106753,1418.0,6,0.4409999999999954,0.038000000000010914,0.028000000000005798,0.028000000000005798,0.0,1762268095722,1762268095788,,,,,,,,,,,,,,,,2
ren_online_only,ACCESS,40.000,0.0/0.0/0.01,200,2,19,ok,,0,1,64.5687079995696,1418.0,6,0.4170000000000016,0.028999999999996362,0.031999999999996476,0.031999999999996476,0.0,1762268096422,1762268096487,,,,,,,,,,,,,,,,2
ren_online_only,ACCESS,40.000,0.0/0.0/0.01,200,2,20,ok,,0,1,63.262249999752385,1416.0,6,0.5760000000000005,0.07600000000002183,0.05500000000000682,0.05500000000000682,0.0,1762268097147,1762268097210,,,,,,,,,,,,,,,,2
ren_online_only,ACCESS,40.000,0.0/0.0/0.01,400,2,1,ok,,0,1,63.7101669999538,1415.0,6,0.4649999999999892,0.03499999999999659,0.03599999999998715,0.03599999999998715,0.0,1762268097812,1762268097876,,,,,,,,,,,,,,,,2
ren_online_only,ACCESS,40.000,0.0/0.0/0.01,400,2,2,ok,,0,1,62.063667000984424,1414.0,6,0.43599999999999284,0.03500000000002501,0.0350000000000108,0.0350000000000108,0.0,1762268098529,1762268098591,,,,,,,,,,,,,,,,2
ren_online_only,ACCESS,40.000,0.0/0.0/0.01,400,2,3,ok,,0,1,63.89020899950992,1415.0,6,0.4270000000000067,0.025000000000005684,0.02600000000001046,0.02600000000001046,0.0,1762268099228,1762268099292,,,,,,,,,,,,,,,,2
ren_online_only,ACCESS,40.000,0.0/0.0/0.01,400,2,4,ok,,0,1,69.1126660003647,1416.0,6,0.44700000000000273,0.03599999999997294,0.03300000000001546,0.03300000000001546,0.0,1762268099922,1762268099991,,,,,,,,,,,,,,,,2
ren_online_only,ACCESS,40.000,0.0/0.0/0.01,400,2,5,ok,,0,1,70.2188750001369,1415.0,6,0.4350000000000023,0.030000000000001137,0.0350000000000108,0.0350000000000108,0.0,1762268100630,1762268100701,,,,,,,,,,,,,,,,2
ren_online_only,ACCESS,40.000,0.0/0.0/0.01,400,2,6,ok,,0,1,58.51495800015982,1418.0,6,0.4129999999999967,0.036000000000001364,0.03900000000000148,0.03900000000000148,0.0,1762268101340,1762268101399,,,,,,,,,,,,,,,,2
ren_online_only,ACCESS,40.000,0.0/0.0/0.01,400,2,7,ok,,0,1,65.26308299908123,1415.0,6,0.4100000000000037,0.03500000000002501,0.03100000000000591,0.03100000000000591,0.0,1762268102015,1762268102080,,,,,,,,,,,,,,,,2
ren_online_only,ACCESS,40.000,0.0/0.0/0.01,400,2,8,ok,,0,1,63.931167000191635,1416.0,6,0.4399999999999977,0.028999999999996362,0.0350000000000108,0.0350000000000108,0.0,1762268102732,1762268102796,,,,,,,,,,,,,,,,2
ren_online_only,ACCESS,40.000,0.0/0.0/0.01,400,2,9,ok,,0,1,66.42729200029862,1415.0,6,0.4720000000000084,0.03900000000001569,0.03300000000001546,0.03300000000001546,0.0,1762268103461,1762268103527,,,,,,,,,,,,,,,,2
ren_online_only,ACCESS,40.000,0.0/0.0/0.01,400,2,10,ok,,0,1,66.5067080008157,1418.0,6,0.4439999999999955,0.03499999999999659,0.031999999999982265,0.031999999999982265,0.0,1762268104164,1762268104231,,,,,,,,,,,,,,,,2
ren_online_only,ACCESS,40.000,0.0/0.0/0.01,400,2,11,ok,,0,1,67.49350000063714,1414.0,6,2.2620000000000005,0.09700000000003683,0.06599999999998829,0.06599999999998829,0.0,1762268104865,1762268104932,,,,,,,,,,,,,,,,2
ren_online_only,ACCESS,40.000,0.0/0.0/0.01,400,2,12,ok,,0,1,69.49004200032505,1415.0,6,0.4130000000000038,0.046999999999997044,0.03599999999998715,0.03599999999998715,0.0,1762268105589,1762268105659,,,,,,,,,,,,,,,,2
ren_online_only,ACCESS,40.000,0.0/0.0/0.01,400,2,13,ok,,0,1,65.18912499996077,1415.0,6,0.43900000000000006,0.03000000000002956,0.02200000000000557,0.02200000000000557,0.0,1762268106300,1762268106365,,,,,,,,,,,,,,,,2
ren_online_only,ACCESS,40.000,0.0/0.0/0.01,400,2,14,ok,,0,1,65.40887499977543,1415.0,6,0.4199999999999946,0.03300000000001546,0.036000000000015575,0.036000000000015575,0.0,1762268106999,1762268107064,,,,,,,,,,,,,,,,2
ren_online_only,ACCESS,40.000,0.0/0.0/0.01,400,2,15,ok,,0,1,73.73658299911767,1418.0,6,0.41899999999999693,0.027999999999991587,0.034000000000006025,0.034000000000006025,0.0,1762268107693,1762268107767,,,,,,,,,,,,,,,,2
ren_online_only,ACCESS,40.000,0.0/0.0/0.01,400,2,16,ok,,0,1,58.94291699951282,1419.0,6,0.46699999999999875,0.034000000000020236,0.028999999999996362,0.028999999999996362,0.0,1762268108436,1762268108495,,,,,,,,,,,,,,,,2
ren_online_only,ACCESS,40.000,0.0/0.0/0.01,400,2,17,ok,,0,1,68.51308300065284,1417.0,6,0.39099999999999824,0.030000000000001137,0.034000000000006025,0.034000000000006025,0.0,1762268109123,1762268109191,,,,,,,,,,,,,,,,2
ren_online_only,ACCESS,40.000,0.0/0.0/0.01,400,2,18,ok,,0,1,62.493833000189625,1415.0,6,0.44000000000000483,0.036000000000029786,0.02600000000001046,0.02600000000001046,0.0,1762268109816,1762268109878,,,,,,,,,,,,,,,,2
ren_online_only,ACCESS,40.000,0.0/0.0/0.01,400,2,19,ok,,0,1,65.00566599970625,1416.0,6,0.40399999999999636,0.03499999999996817,0.02800000000002001,0.02800000000002001,0.0,1762268110501,1762268110566,,,,,,,,,,,,,,,,2
ren_online_only,ACCESS,40.000,0.0/0.0/0.01,400,2,20,ok,,0,1,66.265374998693,1416.0,6,0.5080000000000027,0.034000000000020236,0.02599999999999625,0.02599999999999625,0.0,1762268111179,1762268111245,,,,,,,,,,,,,,,,2
ren_online_only,ACCESS,40.000,0.0/0.0/0.01,600,2,1,ok,,0,1,66.8695829990611,1416.0,6,0.4309999999999974,0.033999999999991815,0.02599999999999625,0.02599999999999625,0.0,1762268111867,1762268111934,,,,,,,,,,,,,,,,2
ren_online_only,ACCESS,40.000,0.0/0.0/0.01,600,2,2,ok,,0,1,70.3332089997275,1416.0,6,0.4370000000000047,0.03300000000001546,0.027000000000001023,0.027000000000001023,0.0,1762268112609,1762268112679,,,,,,,,,,,,,,,,2
ren_online_only,ACCESS,40.000,0.0/0.0/0.01,600,2,3,ok,,0,1,74.99120799911907,1417.0,6,0.40099999999999625,0.026999999999986812,0.05200000000000671,0.05200000000000671,0.0,1762268113356,1762268113431,,,,,,,,,,,,,,,,2
ren_online_only,ACCESS,40.000,0.0/0.0/0.01,600,2,4,ok,,0,1,70.09620799908589,1418.0,6,0.41499999999999915,0.025000000000005684,0.03300000000000125,0.03300000000000125,0.0,1762268114082,1762268114152,,,,,,,,,,,,,,,,2
ren_online_only,ACCESS,40.000,0.0/0.0/0.01,600,2,5,ok,,0,1,61.95162500080187,1415.0,6,0.7259999999999991,0.08899999999997021,0.06499999999998352,0.06499999999998352,0.0,1762268114728,1762268114790,,,,,,,,,,,,,,,,2
ren_online_only,ACCESS,40.000,0.0/0.0/0.01,600,2,6,ok,,0,1,64.27558299947123,1417.0,6,0.4200000000000017,0.030000000000001137,0.03300000000001546,0.03300000000001546,0.0,1762268115372,1762268115436,,,,,,,,,,,,,,,,2
ren_online_only,ACCESS,40.000,0.0/0.0/0.01,600,2,7,ok,,0,1,64.99049999911222,1415.0,6,0.4130000000000038,0.027999999999991587,0.03400000000004866,0.03400000000004866,0.0,1762268116042,1762268116107,,,,,,,,,,,,,,,,2
ren_online_only,ACCESS,40.000,0.0/0.0/0.01,600,2,8,ok,,0,1,58.580082999469596,1415.0,6,0.43599999999999994,0.03300000000001546,0.03799999999998249,0.03799999999998249,0.0,1762268116752,1762268116811,,,,,,,,,,,,,,,,2
ren_online_only,ACCESS,40.000,0.0/0.0/0.01,600,2,9,ok,,0,1,66.6645419987617,1417.0,6,0.4339999999999975,0.030000000000001137,0.03099999999997749,0.03099999999997749,0.0,1762268117447,1762268117514,,,,,,,,,,,,,,,,2
ren_online_only,ACCESS,40.000,0.0/0.0/0.01,600,2,10,ok,,0,1,66.82908299990231,1417.0,6,0.4069999999999965,0.03699999999997772,0.024999999999977263,0.024999999999977263,0.0,1762268118127,1762268118194,,,,,,,,,,,,,,,,2
ren_online_only,ACCESS,40.000,0.0/0.0/0.01,600,2,11,ok,,0,1,63.38454199976695,1418.0,6,0.4159999999999968,0.025000000000005684,0.031999999999982265,0.031999999999982265,0.0,1762268118803,1762268118866,,,,,,,,,,,,,,,,2
ren_online_only,ACCESS,40.000,0.0/0.0/0.01,600,2,12,ok,,0,1,61.482790999434656,1417.0,6,0.4089999999999989,0.04199999999997317,0.03900000000001569,0.03900000000001569,0.0,1762268119502,1762268119563,,,,,,,,,,,,,,,,2
ren_online_only,ACCESS,40.000,0.0/0.0/0.01,600,2,13,ok,,0,1,64.91204200028733,1416.0,6,0.39000000000000057,0.03700000000000614,0.03299999999995862,0.03299999999995862,0.0,1762268120180,1762268120245,,,,,,,,,,,,,,,,2
ren_online_only,ACCESS,40.000,0.0/0.0/0.01,600,2,14,ok,,0,1,65.82133300071291,1417.0,6,0.4159999999999968,0.036000000000029786,0.033999999999991815,0.033999999999991815,0.0,1762268120840,1762268120906,,,,,,,,,,,,,,,,2
ren_online_only,ACCESS,40.000,0.0/0.0/0.01,600,2,15,ok,,0,1,66.93908300076146,1417.0,6,0.40400000000000347,0.031999999999982265,0.031999999999982265,0.031999999999982265,0.0,1762268121530,1762268121597,,,,,,,,,,,,,,,,2
ren_online_only,ACCESS,40.000,0.0/0.0/0.01,600,2,16,ok,,0,1,64.32374999894819,1415.0,6,0.42900000000000205,0.03700000000000614,0.03300000000001546,0.03300000000001546,0.0,1762268122242,1762268122306,,,,,,,,,,,,,,,,2
ren_online_only,ACCESS,40.000,0.0/0.0/0.01,600,2,17,ok,,0,1,62.41004200091993,1416.0,6,0.41500000000000625,0.03599999999997294,0.03300000000001546,0.03300000000001546,0.0,1762268122929,1762268122992,,,,,,,,,,,,,,,,2
ren_online_only,ACCESS,40.000,0.0/0.0/0.01,600,2,18,ok,,0,1,63.00937500054715,1414.0,6,0.44299999999999784,0.03900000000001569,0.05000000000001137,0.05000000000001137,0.0,1762268123630,1762268123693,,,,,,,,,,,,,,,,2
ren_online_only,ACCESS,40.000,0.0/0.0/0.01,600,2,19,ok,,0,1,64.78087499999674,1414.0,6,0.4350000000000023,0.02400000000002933,0.03200000000001069,0.03200000000001069,0.0,1762268124344,1762268124409,,,,,,,,,,,,,,,,2
ren_online_only,ACCESS,40.000,0.0/0.0/0.01,600,2,20,ok,,0,1,62.61070800064772,1414.0,6,0.3789999999999978,0.03300000000001546,0.03499999999996817,0.03499999999996817,0.0,1762268125040,1762268125103,,,,,,,,,,,,,,,,2
ren_online_only,ACCESS,40.000,0.0/0.1/0.01,200,2,1,ok,,0,1,72.89587499872141,1416.0,6,0.44299999999999784,0.03900000000001569,0.03700000000000614,0.03700000000000614,0.0,1762268125712,1762268125785,,,,,,,,,,,,,,,,3
ren_online_only,ACCESS,40.000,0.0/0.1/0.01,200,2,2,ok,,0,1,67.88699999924575,1417.0,6,0.4479999999999933,0.03700000000003456,0.03300000000001546,0.03300000000001546,0.0,1762268126470,1762268126538,,,,,,,,,,,,,,,,3
ren_online_only,ACCESS,40.000,0.0/0.1/0.01,200,2,3,ok,,0,1,65.86520800010476,1416.0,6,0.4540000000000006,0.03799999999998249,0.034000000000020236,0.034000000000020236,0.0,1762268127181,1762268127247,,,,,,,,,,,,,,,,3
ren_online_only,ACCESS,40.000,0.0/0.1/0.01,200,2,4,ok,,0,1,69.42187499953434,1414.0,6,0.44299999999999784,0.02800000000002001,0.03700000000000614,0.03700000000000614,0.0,1762268127888,1762268127957,,,,,,,,,,,,,,,,3
ren_online_only,ACCESS,40.000,0.0/0.1/0.01,200,2,5,ok,,0,1,66.01120800041826,1417.0,6,0.3950000000000031,0.029999999999972715,0.03200000000001069,0.03200000000001069,0.0,1762268128586,1762268128652,,,,,,,,,,,,,,,,3
ren_online_only,ACCESS,40.000,0.0/0.1/0.01,200,2,6,ok,,0,1,70.5802920001588,1414.0,6,0.554000000000002,0.03499999999996817,0.028999999999996362,0.028999999999996362,0.0,1762268129310,1762268129380,,,,,,,,,,,,,,,,3
ren_online_only,ACCESS,40.000,0.0/0.1/0.01,200,2,7,ok,,0,1,64.89979200159723,1417.0,6,0.38400000000000034,0.027000000000015234,0.024999999999977263,0.024999999999977263,0.0,1762268130004,1762268130068,,,,,,,,,,,,,,,,3
ren_online_only,ACCESS,40.000,0.0/0.1/0.01,200,2,8,ok,,0,1,73.03495800078963,1417.0,6,0.42499999999999005,0.038000000000010914,0.03799999999998249,0.03799999999998249,0.0,1762268130692,1762268130765,,,,,,,,,,,,,,,,3
ren_online_only,ACCESS,40.000,0.0/0.1/0.01,200,2,9,ok,,0,1,68.00279199887882,1416.0,6,0.4309999999999974,0.02600000000001046,0.03100000000000591,0.03100000000000591,0.0,1762268131403,1762268131471,,,,,,,,,,,,,,,,3
ren_online_only,ACCESS,40.000,0.0/0.1/0.01,200,2,10,ok,,0,1,68.92995799898927,1417.0,6,0.4369999999999976,0.02600000000001046,0.027000000000015234,0.027000000000015234,0.0,1762268132089,1762268132157,,,,,,,,,,,,,,,,3
ren_online_only,ACCESS,40.000,0.0/0.1/0.01,200,2,11,ok,,0,1,69.45308400099748,1416.0,6,0.47699999999999676,0.022999999999996135,0.03300000000001546,0.03300000000001546,0.0,1762268132808,1762268132877,,,,,,,,,,,,,,,,3
ren_online_only,ACCESS,40.000,0.0/0.1/0.01,200,2,12,ok,,0,1,59.358999998949,1418.0,6,0.4579999999999984,0.03899999999998727,0.028999999999996362,0.028999999999996362,0.0,1762268133503,1762268133562,,,,,,,,,,,,,,,,3
ren_online_only,ACCESS,40.000,0.0/0.1/0.01,200,2,13,ok,,0,1,68.20658300057403,1415.0,6,0.4299999999999997,0.04399999999998272,0.033999999999991815,0.033999999999991815,0.0,1762268134199,1762268134267,,,,,,,,,,,,,,,,3
ren_online_only,ACCESS,40.000,0.0/0.1/0.01,200,2,14,ok,,0,1,57.71774999993795,1415.0,6,0.6769999999999996,0.06799999999995521,0.04400000000003956,0.04400000000003956,0.0,1762268134899,1762268134957,,,,,,,,,,,,,,,,3
ren_online_only,ACCESS,40.000,0.0/0.1/0.01,200,2,15,ok,,0,1,68.31620800039673,1414.0,6,0.42500000000000426,0.03599999999997294,0.04800000000000182,0.04800000000000182,0.0,1762268135565,1762268135633,,,,,,,,,,,,,,,,3
ren_online_only,ACCESS,40.000,0.0/0.1/0.01,200,2,16,ok,,0,1,66.28708300013386,1416.0,6,0.40500000000000114,0.025999999999982037,0.044999999999987494,0.044999999999987494,0.0,1762268136237,1762268136304,,,,,,,,,,,,,,,,3
ren_online_only,ACCESS,40.000,0.0/0.1/0.01,200,2,17,ok,,0,1,68.58020800063969,1416.0,6,0.4609999999999985,0.022999999999996135,0.027999999999991587,0.027999999999991587,0.0,1762268136962,1762268137031,,,,,,,,,,,,,,,,3
ren_online_only,ACCESS,40.000,0.0/0.1/0.01,200,2,18,ok,,0,1,66.0745000004681,1416.0,6,0.4199999999999946,0.02800000000002001,0.024999999999977263,0.024999999999977263,0.0,1762268137662,1762268137728,,,,,,,,,,,,,,,,3
ren_online_only,ACCESS,40.000,0.0/0.1/0.01,200,2,19,ok,,0,1,67.16941600097925,1415.0,6,0.40500000000000114,0.03599999999997294,0.03100000000000591,0.03100000000000591,0.0,1762268138335,1762268138402,,,,,,,,,,,,,,,,3
ren_online_only,ACCESS,40.000,0.0/0.1/0.01,200,2,20,ok,,0,1,63.568166000550264,1415.0,6,0.44700000000000273,0.022999999999996135,0.03199999999995384,0.03199999999995384,0.0,1762268139059,1762268139122,,,,,,,,,,,,,,,,3
ren_online_only,ACCESS,40.000,0.0/0.1/0.01,400,2,1,ok,,0,1,71.64287500017963,1416.0,6,0.4069999999999965,0.025000000000005684,0.03299999999998704,0.03299999999998704,0.0,1762268139775,1762268139846,,,,,,,,,,,,,,,,3
ren_online_only,ACCESS,40.000,0.0/0.1/0.01,400,2,2,ok,,0,1,62.82437499976368,1416.0,6,0.492999999999995,0.036000000000029786,0.03300000000001546,0.03300000000001546,0.0,1762268140489,1762268140552,,,,,,,,,,,,,,,,3
ren_online_only,ACCESS,40.000,0.0/0.1/0.01,400,2,3,ok,,0,1,70.41249999929278,1419.0,6,0.4410000000000025,0.033999999999991815,0.025000000000005684,0.025000000000005684,0.0,1762268141162,1762268141233,,,,,,,,,,,,,,,,3
ren_online_only,ACCESS,40.000,0.0/0.1/0.01,400,2,4,ok,,0,1,65.59016699975473,1416.0,6,0.4059999999999988,0.025000000000005684,0.03700000000000614,0.03700000000000614,0.0,1762268141865,1762268141931,,,,,,,,,,,,,,,,3
ren_online_only,ACCESS,40.000,0.0/0.1/0.01,400,2,5,ok,,0,1,68.54362500052957,1416.0,6,0.4129999999999967,0.028999999999996362,0.03300000000001546,0.03300000000001546,0.0,1762268142580,1762268142649,,,,,,,,,,,,,,,,3
ren_online_only,ACCESS,40.000,0.0/0.1/0.01,400,2,6,ok,,0,1,64.96358399999735,1416.0,6,0.43200000000000927,0.03500000000002501,0.028999999999996362,0.028999999999996362,0.0,1762268143303,1762268143368,,,,,,,,,,,,,,,,3
ren_online_only,ACCESS,40.000,0.0/0.1/0.01,400,2,7,ok,,0,1,65.45945799916808,1417.0,6,0.3919999999999959,0.025000000000005684,0.03200000000001069,0.03200000000001069,0.0,1762268144004,1762268144070,,,,,,,,,,,,,,,,3
ren_online_only,ACCESS,40.000,0.0/0.1/0.01,400,2,8,ok,,0,1,64.46237499949348,1416.0,6,0.49500000000000455,0.03200000000001069,0.036000000000001364,0.036000000000001364,0.0,1762268144705,1762268144769,,,,,,,,,,,,,,,,3
ren_online_only,ACCESS,40.000,0.0/0.1/0.01,400,2,9,ok,,0,1,65.27266700140899,1417.0,6,0.4099999999999966,0.036000000000001364,0.03399999999996339,0.03399999999996339,0.0,1762268145406,1762268145472,,,,,,,,,,,,,,,,3
ren_online_only,ACCESS,40.000,0.0/0.1/0.01,400,2,10,ok,,0,1,64.50924999990093,1415.0,6,0.42799999999999727,0.03699999999997772,0.03499999999999659,0.03499999999999659,0.0,1762268146087,1762268146152,,,,,,,,,,,,,,,,3
ren_online_only,ACCESS,40.000,0.0/0.1/0.01,400,2,11,ok,,0,1,68.62712499969348,1417.0,6,0.4099999999999966,0.02600000000001046,0.025000000000005684,0.025000000000005684,0.0,1762268146784,1762268146852,,,,,,,,,,,,,,,,3
ren_online_only,ACCESS,40.000,0.0/0.1/0.01,400,2,12,ok,,0,1,65.85087500025111,1416.0,6,0.4140000000000015,0.025000000000005684,0.03300000000001546,0.03300000000001546,0.0,1762268147450,1762268147516,,,,,,,,,,,,,,,,3
ren_online_only,ACCESS,40.000,0.0/0.1/0.01,400,2,13,ok,,0,1,63.9179999998305,1416.0,6,0.4089999999999989,0.025000000000005684,0.03700000000000614,0.03700000000000614,0.0,1762268148123,1762268148187,,,,,,,,,,,,,,,,3
ren_online_only,ACCESS,40.000,0.0/0.1/0.01,400,2,14,ok,,0,1,66.01216700073564,1417.0,6,0.4480000000000004,0.02800000000002001,0.027000000000015234,0.027000000000015234,0.0,1762268148819,1762268148885,,,,,,,,,,,,,,,,3
ren_online_only,ACCESS,40.000,0.0/0.1/0.01,400,2,15,ok,,0,1,67.30504199913412,1418.0,6,0.4410000000000025,0.029000000000024784,0.034000000000020236,0.034000000000020236,0.0,1762268149550,1762268149617,,,,,,,,,,,,,,,,3
ren_online_only,ACCESS,40.000,0.0/0.1/0.01,400,2,16,ok,,0,1,68.27862499994808,1417.0,6,0.4479999999999933,0.03799999999998249,0.027000000000015234,0.027000000000015234,0.0,1762268150268,1762268150336,,,,,,,,,,,,,,,,3
ren_online_only,ACCESS,40.000,0.0/0.1/0.01,400,2,17,ok,,0,1,64.61374999889813,1416.0,6,0.41100000000000136,0.024999999999977263,0.04200000000000159,0.04200000000000159,0.0,1762268150974,1762268151039,,,,,,,,,,,,,,,,3
ren_online_only,ACCESS,40.000,0.0/0.1/0.01,400,2,18,ok,,0,1,65.80200000098557,1417.0,6,0.4519999999999911,0.027999999999991587,0.027000000000015234,0.027000000000015234,0.0,1762268151695,1762268151761,,,,,,,,,,,,,,,,3
ren_online_only,ACCESS,40.000,0.0/0.1/0.01,400,2,19,ok,,0,1,66.92949999887787,1416.0,6,0.4309999999999974,0.029000000000024784,0.02600000000001046,0.02600000000001046,0.0,1762268152403,1762268152470,,,,,,,,,,,,,,,,3
ren_online_only,ACCESS,40.000,0.0/0.1/0.01,400,2,20,ok,,0,1,65.38145800004713,1417.0,6,0.40500000000000824,0.033999999999991815,0.027000000000043656,0.027000000000043656,0.0,1762268153077,1762268153142,,,,,,,,,,,,,,,,3
ren_online_only,ACCESS,40.000,0.0/0.1/0.01,600,2,1,ok,,0,1,67.33004200032155,1416.0,6,0.4200000000000088,0.02800000000002001,0.03700000000000614,0.03700000000000614,0.0,1762268153771,1762268153838,,,,,,,,,,,,,,,,3
ren_online_only,ACCESS,40.000,0.0/0.1/0.01,600,2,2,ok,,0,1,56.01358300009451,1415.0,6,0.42199999999999704,0.04400000000001114,0.03200000000001069,0.03200000000001069,0.0,1762268154480,1762268154536,,,,,,,,,,,,,,,,3
ren_online_only,ACCESS,40.000,0.0/0.1/0.01,600,2,3,ok,,0,1,75.14070799879846,1418.0,6,0.4240000000000066,0.02800000000002001,0.036000000000029786,0.036000000000029786,0.0,1762268155184,1762268155259,,,,,,,,,,,,,,,,3
ren_online_only,ACCESS,40.000,0.0/0.1/0.01,600,2,4,ok,,0,1,62.02299999858951,1416.0,6,0.480000000000004,0.03200000000003911,0.04200000000000159,0.04200000000000159,0.0,1762268155872,1762268155934,,,,,,,,,,,,,,,,3
ren_online_only,ACCESS,40.000,0.0/0.1/0.01,600,2,5,ok,,0,1,70.29991700073879,1415.0,6,0.4209999999999994,0.038000000000039336,0.025999999999982037,0.025999999999982037,0.0,1762268156552,1762268156622,,,,,,,,,,,,,,,,3
ren_online_only,ACCESS,40.000,0.0/0.1/0.01,600,2,6,ok,,0,1,61.169583999799215,1418.0,6,0.41800000000000637,0.025000000000005684,0.036000000000001364,0.036000000000001364,0.0,1762268157236,1762268157297,,,,,,,,,,,,,,,,3
ren_online_only,ACCESS,40.000,0.0/0.1/0.01,600,2,7,ok,,0,1,67.06070799918962,1417.0,6,0.40499999999999403,0.024999999999977263,0.03699999999997772,0.03699999999997772,0.0,1762268157929,1762268157996,,,,,,,,,,,,,,,,3
ren_online_only,ACCESS,40.000,0.0/0.1/0.01,600,2,8,ok,,0,1,66.40387500010547,1414.0,6,0.40500000000000824,0.03599999999997294,0.03100000000000591,0.03100000000000591,0.0,1762268158639,1762268158705,,,,,,,,,,,,,,,,3
ren_online_only,ACCESS,40.000,0.0/0.1/0.01,600,2,9,ok,,0,1,59.90037499941536,1416.0,6,0.42199999999999704,0.03599999999997294,0.03300000000001546,0.03300000000001546,0.0,1762268159334,1762268159394,,,,,,,,,,,,,,,,3
ren_online_only,ACCESS,40.000,0.0/0.1/0.01,600,2,10,ok,,0,1,71.33966599940322,1417.0,6,0.4590000000000032,0.02400000000002933,0.036000000000001364,0.036000000000001364,0.0,1762268160006,1762268160077,,,,,,,,,,,,,,,,3
ren_online_only,ACCESS,40.000,0.0/0.1/0.01,600,2,11,ok,,0,1,73.11358400147583,1414.0,6,0.43900000000000716,0.02600000000001046,0.038000000000010914,0.038000000000010914,0.0,1762268160703,1762268160776,,,,,,,,,,,,,,,,3
ren_online_only,ACCESS,40.000,0.0/0.1/0.01,600,2,12,ok,,0,1,61.36745799994969,1417.0,6,0.4239999999999924,0.022999999999996135,0.03299999999998704,0.03299999999998704,0.0,1762268161425,1762268161486,,,,,,,,,,,,,,,,3
ren_online_only,ACCESS,40.000,0.0/0.1/0.01,600,2,13,ok,,0,1,63.81737500123563,1416.0,6,0.40800000000000125,0.04399999999998272,0.036000000000001364,0.036000000000001364,0.0,1762268162093,1762268162157,,,,,,,,,,,,,,,,3
ren_online_only,ACCESS,40.000,0.0/0.1/0.01,600,2,14,ok,,0,1,64.52458299827413,1415.0,6,0.42899999999999494,0.03599999999997294,0.034000000000020236,0.034000000000020236,0.0,1762268162814,1762268162879,,,,,,,,,,,,,,,,3
ren_online_only,ACCESS,40.000,0.0/0.1/0.01,600,2,15,ok,,0,1,63.33649999942281,1417.0,6,0.40100000000000335,0.030000000000001137,0.030000000000001137,0.030000000000001137,0.0,1762268163512,1762268163576,,,,,,,,,,,,,,,,3
ren_online_only,ACCESS,40.000,0.0/0.1/0.01,600,2,16,ok,,0,1,67.57037500028673,1416.0,6,0.4329999999999927,0.03100000000000591,0.03299999999998704,0.03299999999998704,0.0,1762268164200,1762268164267,,,,,,,,,,,,,,,,3
ren_online_only,ACCESS,40.000,0.0/0.1/0.01,600,2,17,ok,,0,1,70.52137500068056,1416.0,6,0.40799999999998704,0.025999999999982037,0.03200000000001069,0.03200000000001069,0.0,1762268164923,1762268164994,,,,,,,,,,,,,,,,3
ren_online_only,ACCESS,40.000,0.0/0.1/0.01,600,2,18,ok,,0,1,64.02133300071,1417.0,6,0.4519999999999982,0.036000000000029786,0.03100000000000591,0.03100000000000591,0.0,1762268165652,1762268165716,,,,,,,,,,,,,,,,3
ren_online_only,ACCESS,40.000,0.0/0.1/0.01,600,2,19,ok,,0,1,64.18079200011562,1417.0,6,0.4340000000000046,0.020999999999986585,0.030000000000001137,0.030000000000001137,0.0,1762268166312,1762268166376,,,,,,,,,,,,,,,,3
ren_online_only,ACCESS,40.000,0.0/0.1/0.01,600,2,20,ok,,0,1,62.3059169993212,1417.0,6,0.41800000000000637,0.03500000000002501,0.03300000000001546,0.03300000000001546,0.0,1762268167055,1762268167117,,,,,,,,,,,,,,,,3
ren_online_only,ACCESS,28.000,0.1/0.0/0.01,200,2,1,ok,,0,1,47.04558299999917,1416.0,6,0.46699999999999875,0.05299999999999727,0.051000000000016144,0.051000000000016144,0.0,1762268167765,1762268167812,,,,,,,,,,,,,,,,4
ren_online_only,ACCESS,28.000,0.1/0.0/0.01,200,2,2,ok,,0,1,59.773540999231045,1417.0,6,0.4819999999999922,0.038000000000010914,0.03499999999999659,0.03499999999999659,0.0,1762268168412,1762268168472,,,,,,,,,,,,,,,,4
ren_online_only,ACCESS,28.000,0.1/0.0/0.01,200,2,3,ok,,0,1,54.48520800018741,1417.0,6,0.4509999999999934,0.03900000000001569,0.03299999999998704,0.03299999999998704,0.0,1762268169124,1762268169178,,,,,,,,,,,,,,,,4
ren_online_only,ACCESS,28.000,0.1/0.0/0.01,200,2,4,ok,,0,1,49.95566700017662,1417.0,6,0.4420000000000073,0.034000000000020236,0.03100000000000591,0.03100000000000591,0.0,1762268169832,1762268169882,,,,,,,,,,,,,,,,4
ren_online_only,ACCESS,28.000,0.1/0.0/0.01,200,2,5,ok,,0,1,53.04687499847205,1417.0,6,0.5450000000000017,0.03100000000000591,0.026999999999986812,0.026999999999986812,0.0,1762268170492,1762268170545,,,,,,,,,,,,,,,,4
ren_online_only,ACCESS,28.000,0.1/0.0/0.01,200,2,6,ok,,0,1,52.20449999978882,1416.0,6,0.45299999999999585,0.02800000000002001,0.03100000000000591,0.03100000000000591,0.0,1762268171148,1762268171200,,,,,,,,,,,,,,,,4
ren_online_only,ACCESS,28.000,0.1/0.0/0.01,200,2,7,ok,,0,1,60.385291999409674,1416.0,6,0.527000000000001,0.036000000000029786,0.03200000000001069,0.03200000000001069,0.0,1762268171844,1762268171904,,,,,,,,,,,,,,,,4
ren_online_only,ACCESS,28.000,0.1/0.0/0.01,200,2,8,ok,,0,1,56.102583001120365,1417.0,6,0.4240000000000066,0.03100000000000591,0.038000000000010914,0.038000000000010914,0.0,1762268172520,1762268172576,,,,,,,,,,,,,,,,4
ren_online_only,ACCESS,28.000,0.1/0.0/0.01,200,2,9,ok,,0,1,57.27387499973702,1417.0,6,0.39700000000000557,0.038000000000010914,0.033999999999991815,0.033999999999991815,0.0,1762268173205,1762268173262,,,,,,,,,,,,,,,,4
ren_online_only,ACCESS,28.000,0.1/0.0/0.01,200,2,10,ok,,0,1,55.526000000099884,1414.0,6,0.5519999999999996,0.023000000000024556,0.02600000000001046,0.02600000000001046,0.0,1762268173895,1762268173950,,,,,,,,,,,,,,,,4
ren_online_only,ACCESS,28.000,0.1/0.0/0.01,200,2,11,ok,,0,1,54.91991599956236,1417.0,6,0.3569999999999922,0.03200000000001069,0.022999999999996135,0.022999999999996135,0.0,1762268174552,1762268174607,,,,,,,,,,,,,,,,4
ren_online_only,ACCESS,28.000,0.1/0.0/0.01,200,2,12,ok,,0,1,47.76645900165022,1418.0,6,0.3819999999999979,0.022999999999996135,0.030000000000001137,0.030000000000001137,0.0,1762268175267,1762268175314,,,,,,,,,,,,,,,,4
ren_online_only,ACCESS,28.000,0.1/0.0/0.01,200,2,13,ok,,0,1,56.040417000986054,1414.0,6,0.4139999999999944,0.03799999999998249,0.03499999999996817,0.03499999999996817,0.0,1762268175963,1762268176019,,,,,,,,,,,,,,,,4
ren_online_only,ACCESS,28.000,0.1/0.0/0.01,200,2,14,ok,,0,1,52.160791999995126,1416.0,6,0.40099999999999625,0.03599999999997294,0.026999999999986812,0.026999999999986812,0.0,1762268176662,1762268176714,,,,,,,,,,,,,,,,4
ren_online_only,ACCESS,28.000,0.1/0.0/0.01,200,2,15,ok,,0,1,55.48962499960908,1416.0,6,0.595000000000006,0.036000000000001364,0.03500000000002501,0.03500000000002501,0.0,1762268177344,1762268177400,,,,,,,,,,,,,,,,4
ren_online_only,ACCESS,28.000,0.1/0.0/0.01,200,2,16,ok,,0,1,51.44266699971922,1417.0,6,0.4280000000000044,0.02400000000000091,0.036000000000001364,0.036000000000001364,0.0,1762268178016,1762268178068,,,,,,,,,,,,,,,,4
ren_online_only,ACCESS,28.000,0.1/0.0/0.01,200,2,17,ok,,0,1,52.35704200094915,1416.0,6,0.45300000000000296,0.02400000000000091,0.03100000000000591,0.03100000000000591,0.0,1762268178715,1762268178768,,,,,,,,,,,,,,,,4
ren_online_only,ACCESS,28.000,0.1/0.0/0.01,200,2,18,ok,,0,1,46.72745800053235,1417.0,6,0.4059999999999988,0.025999999999982037,0.03500000000002501,0.03500000000002501,0.0,1762268179421,1762268179468,,,,,,,,,,,,,,,,4
ren_online_only,ACCESS,28.000,0.1/0.0/0.01,200,2,19,ok,,0,1,50.33483300030639,1415.0,6,0.4170000000000016,0.02800000000002001,0.03499999999999659,0.03499999999999659,0.0,1762268180092,1762268180142,,,,,,,,,,,,,,,,4
ren_online_only,ACCESS,28.000,0.1/0.0/0.01,200,2,20,ok,,0,1,53.41854200014495,1417.0,6,0.4860000000000042,0.03300000000001546,0.025999999999982037,0.025999999999982037,0.0,1762268180746,1762268180800,,,,,,,,,,,,,,,,4
ren_online_only,ACCESS,28.000,0.1/0.0/0.01,400,2,1,ok,,0,1,56.71470800007228,1417.0,6,0.38800000000000523,0.036000000000001364,0.030000000000001137,0.030000000000001137,0.0,1762268181416,1762268181473,,,,,,,,,,,,,,,,4
ren_online_only,ACCESS,28.000,0.1/0.0/0.01,400,2,2,ok,,0,1,49.849500001073466,1415.0,6,0.5509999999999948,0.03200000000001069,0.03200000000001069,0.03200000000001069,0.0,1762268182097,1762268182147,,,,,,,,,,,,,,,,4
ren_online_only,ACCESS,28.000,0.1/0.0/0.01,400,2,3,ok,,0,1,48.930165999991004,1417.0,6,0.4539999999999935,0.038000000000010914,0.03399999999996339,0.03399999999996339,0.0,1762268182803,1762268182852,,,,,,,,,,,,,,,,4
ren_online_only,ACCESS,28.000,0.1/0.0/0.01,400,2,4,ok,,0,1,50.88245899969479,1417.0,6,0.45000000000000995,0.036000000000029786,0.031000000000034333,0.031000000000034333,0.0,1762268183452,1762268183502,,,,,,,,,,,,,,,,4
ren_online_only,ACCESS,28.000,0.1/0.0/0.01,400,2,5,ok,,0,1,56.88575000021956,1414.0,6,0.4170000000000016,0.03900000000001569,0.03200000000001069,0.03200000000001069,0.0,1762268184139,1762268184196,,,,,,,,,,,,,,,,4
ren_online_only,ACCESS,28.000,0.1/0.0/0.01,400,2,6,ok,,0,1,50.05658399932145,1414.0,6,0.742999999999995,0.11199999999999477,0.06800000000004047,0.06800000000004047,0.0,1762268184826,1762268184877,,,,,,,,,,,,,,,,4
ren_online_only,ACCESS,28.000,0.1/0.0/0.01,400,2,7,ok,,0,1,45.83483399983379,1416.0,6,0.4159999999999968,0.02200000000001978,0.029000000000024784,0.029000000000024784,0.0,1762268185523,1762268185569,,,,,,,,,,,,,,,,4
ren_online_only,ACCESS,28.000,0.1/0.0/0.01,400,2,8,ok,,0,1,45.66629199871386,1414.0,6,0.46399999999999864,0.04100000000002524,0.03700000000003456,0.03700000000003456,0.0,1762268186165,1762268186210,,,,,,,,,,,,,,,,4
ren_online_only,ACCESS,28.000,0.1/0.0/0.01,400,2,9,ok,,0,1,53.053457999340026,1416.0,6,0.5249999999999986,0.024999999999977263,0.043000000000006366,0.043000000000006366,0.0,1762268186875,1762268186928,,,,,,,,,,,,,,,,4
ren_online_only,ACCESS,28.000,0.1/0.0/0.01,400,2,10,ok,,0,1,52.39050000091083,1417.0,6,0.38800000000000523,0.025999999999982037,0.025000000000034106,0.025000000000034106,0.0,1762268187526,1762268187578,,,,,,,,,,,,,,,,4
ren_online_only,ACCESS,28.000,0.1/0.0/0.01,400,2,11,ok,,0,1,62.39129099958518,1418.0,6,0.49200000000000443,0.028999999999996362,0.026999999999986812,0.026999999999986812,0.0,1762268188232,1762268188294,,,,,,,,,,,,,,,,4
ren_online_only,ACCESS,28.000,0.1/0.0/0.01,400,2,12,ok,,0,1,49.1160840010707,1417.0,6,0.4339999999999975,0.02199999999999136,0.028999999999996362,0.028999999999996362,0.0,1762268188966,1762268189015,,,,,,,,,,,,,,,,4
ren_online_only,ACCESS,28.000,0.1/0.0/0.01,400,2,13,ok,,0,1,54.91095899924403,1416.0,6,0.4660000000000011,0.025000000000005684,0.03000000000002956,0.03000000000002956,0.0,1762268189660,1762268189715,,,,,,,,,,,,,,,,4
ren_online_only,ACCESS,28.000,0.1/0.0/0.01,400,2,14,ok,,0,1,56.3417080011277,1419.0,6,0.38700000000000045,0.026999999999986812,0.027000000000015234,0.027000000000015234,0.0,1762268190354,1762268190410,,,,,,,,,,,,,,,,4
ren_online_only,ACCESS,28.000,0.1/0.0/0.01,400,2,15,ok,,0,1,51.11399999987043,1413.0,6,0.38900000000001,0.02600000000001046,0.03499999999999659,0.03499999999999659,0.0,1762268191057,1762268191108,,,,,,,,,,,,,,,,4
ren_online_only,ACCESS,28.000,0.1/0.0/0.01,400,2,16,ok,,0,1,49.66391599919007,1417.0,6,0.4239999999999995,0.034000000000020236,0.030000000000001137,0.030000000000001137,0.0,1762268191728,1762268191778,,,,,,,,,,,,,,,,4
ren_online_only,ACCESS,28.000,0.1/0.0/0.01,400,2,17,ok,,0,1,54.270624999844586,1417.0,6,0.4380000000000024,0.022999999999996135,0.04599999999999227,0.04599999999999227,0.0,1762268192391,1762268192446,,,,,,,,,,,,,,,,4
ren_online_only,ACCESS,28.000,0.1/0.0/0.01,400,2,18,ok,,0,1,49.03312500027823,1417.0,6,0.4229999999999947,0.03799999999998249,0.033999999999991815,0.033999999999991815,0.0,1762268193077,1762268193126,,,,,,,,,,,,,,,,4
ren_online_only,ACCESS,28.000,0.1/0.0/0.01,400,2,19,ok,,0,1,48.34770900015428,1417.0,6,0.41799999999999216,0.021999999999962938,0.038000000000010914,0.038000000000010914,0.0,1762268193750,1762268193799,,,,,,,,,,,,,,,,4
ren_online_only,ACCESS,28.000,0.1/0.0/0.01,400,2,20,ok,,0,1,51.53795899968827,1417.0,6,0.4540000000000006,0.03499999999999659,0.03200000000001069,0.03200000000001069,0.0,1762268194453,1762268194504,,,,,,,,,,,,,,,,4
ren_online_only,ACCESS,28.000,0.1/0.0/0.01,600,2,1,ok,,0,1,48.52091700013261,1417.0,6,0.37700000000000244,0.03200000000003911,0.027000000000015234,0.027000000000015234,0.0,1762268195116,1762268195164,,,,,,,,,,,,,,,,4
ren_online_only,ACCESS,28.000,0.1/0.0/0.01,600,2,2,ok,,0,1,53.00975000136532,1417.0,6,0.44599999999999795,0.023999999999944066,0.025000000000005684,0.025000000000005684,0.0,1762268195776,1762268195829,,,,,,,,,,,,,,,,4
ren_online_only,ACCESS,28.000,0.1/0.0/0.01,600,2,3,ok,,0,1,49.527040999237215,1417.0,6,0.4199999999999946,0.03399999999993497,0.02400000000002933,0.02400000000002933,0.0,1762268196461,1762268196511,,,,,,,,,,,,,,,,4
ren_online_only,ACCESS,28.000,0.1/0.0/0.01,600,2,4,ok,,0,1,51.81483300111722,1416.0,6,0.4140000000000015,0.02800000000002001,0.03199999999995384,0.03199999999995384,0.0,1762268197155,1762268197207,,,,,,,,,,,,,,,,4
ren_online_only,ACCESS,28.000,0.1/0.0/0.01,600,2,5,failed,leo_timeout,0,1,605.5650420003076,112.0,1,0.3119999999999976,0.0,0.0,0.0,0.0,,,,,,,,,,,,,,,,,,4
ren_online_only,ACCESS,28.000,0.1/0.0/0.01,600,2,6,ok,,0,1,55.97587500051304,1416.0,6,0.43199999999999505,0.021999999999934516,0.03300000000001546,0.03300000000001546,0.0,1762268199101,1762268199157,,,,,,,,,,,,,,,,4
ren_online_only,ACCESS,28.000,0.1/0.0/0.01,600,2,7,ok,,0,1,58.46170800032269,1416.0,6,0.497000000000007,0.03200000000003911,0.03100000000000591,0.03100000000000591,0.0,1762268199780,1762268199838,,,,,,,,,,,,,,,,4
ren_online_only,ACCESS,28.000,0.1/0.0/0.01,600,2,8,ok,,0,1,53.07612500109826,1414.0,6,0.4059999999999988,0.03500000000002501,0.03300000000001546,0.03300000000001546,0.0,1762268200438,1762268200491,,,,,,,,,,,,,,,,4
ren_online_only,ACCESS,28.000,0.1/0.0/0.01,600,2,9,ok,,0,1,51.187084000048344,1415.0,6,0.4579999999999984,0.03500000000002501,0.02600000000001046,0.02600000000001046,0.0,1762268201099,1762268201150,,,,,,,,,,,,,,,,4
ren_online_only,ACCESS,28.000,0.1/0.0/0.01,600,2,10,ok,,0,1,51.88179099968693,1413.0,6,0.4259999999999948,0.03699999999997772,0.03299999999998704,0.03299999999998704,0.0,1762268201801,1762268201853,,,,,,,,,,,,,,,,4
ren_online_only,ACCESS,28.000,0.1/0.0/0.01,600,2,11,ok,,0,1,56.076540999129065,1416.0,6,0.43299999999999983,0.03499999999996817,0.03200000000001069,0.03200000000001069,0.0,1762268202515,1762268202571,,,,,,,,,,,,,,,,4
ren_online_only,ACCESS,28.000,0.1/0.0/0.01,600,2,12,ok,,0,1,53.87933300153236,1418.0,6,0.394999999999996,0.023999999999944066,0.025000000000005684,0.025000000000005684,0.0,1762268203220,1762268203274,,,,,,,,,,,,,,,,4
ren_online_only,ACCESS,28.000,0.1/0.0/0.01,600,2,13,ok,,0,1,51.898040999731165,1417.0,6,0.4139999999999944,0.03499999999996817,0.025999999999982037,0.025999999999982037,0.0,1762268203911,1762268203963,,,,,,,,,,,,,,,,4
ren_online_only,ACCESS,28.000,0.1/0.0/0.01,600,2,14,ok,,0,1,53.68087500028196,1417.0,6,0.3860000000000028,0.022000000000048203,0.03499999999996817,0.03499999999996817,0.0,1762268204575,1762268204629,,,,,,,,,,,,,,,,4
ren_online_only,ACCESS,28.000,0.1/0.0/0.01,600,2,15,ok,,0,1,54.31549999957497,1416.0,6,0.39699999999999136,0.031999999999982265,0.03000000000002956,0.03000000000002956,0.0,1762268205238,1762268205292,,,,,,,,,,,,,,,,4
ren_online_only,ACCESS,28.000,0.1/0.0/0.01,600,2,16,ok,,0,1,52.71566699957475,1417.0,6,0.42799999999999727,0.024999999999977263,0.034000000000020236,0.034000000000020236,0.0,1762268205942,1762268205994,,,,,,,,,,,,,,,,4
ren_online_only,ACCESS,28.000,0.1/0.0/0.01,600,2,17,ok,,0,1,50.4387080000015,1415.0,6,0.3890000000000029,0.03400000000004866,0.03200000000001069,0.03200000000001069,0.0,1762268206642,1762268206692,,,,,,,,,,,,,,,,4
ren_online_only,ACCESS,28.000,0.1/0.0/0.01,600,2,18,ok,,0,1,55.03866700018989,1416.0,6,0.4130000000000038,0.027999999999963165,0.036000000000029786,0.036000000000029786,0.0,1762268207332,1762268207387,,,,,,,,,,,,,,,,4
ren_online_only,ACCESS,28.000,0.1/0.0/0.01,600,2,19,ok,,0,1,55.65083400142612,1416.0,6,0.4479999999999933,0.03100000000000591,0.030000000000001137,0.030000000000001137,0.0,1762268207990,1762268208045,,,,,,,,,,,,,,,,4
ren_online_only,ACCESS,28.000,0.1/0.0/0.01,600,2,20,ok,,0,1,52.76650000087102,1417.0,6,0.4420000000000073,0.03499999999996817,0.04099999999999682,0.04099999999999682,0.0,1762268208688,1762268208741,,,,,,,,,,,,,,,,4
ren_online_only,ACCESS,28.000,0.1/0.1/0.01,200,2,1,ok,,0,1,46.28654200132587,1414.0,6,0.4069999999999965,0.03600000000005821,0.029999999999972715,0.029999999999972715,0.0,1762268209333,1762268209379,,,,,,,,,,,,,,,,5
ren_online_only,ACCESS,28.000,0.1/0.1/0.01,200,2,2,ok,,0,1,52.709499999764375,1417.0,6,0.4799999999999969,0.03500000000002501,0.029000000000024784,0.029000000000024784,0.0,1762268210003,1762268210056,,,,,,,,,,,,,,,,5
ren_online_only,ACCESS,28.000,0.1/0.1/0.01,200,2,3,ok,,0,1,50.016999999570544,1417.0,6,0.39800000000000324,0.022999999999967713,0.03299999999998704,0.03299999999998704,0.0,1762268210671,1762268210721,,,,,,,,,,,,,,,,5
ren_online_only,ACCESS,28.000,0.1/0.1/0.01,200,2,4,ok,,0,1,57.2461249994376,1416.0,6,0.4299999999999997,0.021999999999934516,0.03300000000001546,0.03300000000001546,0.0,1762268211337,1762268211394,,,,,,,,,,,,,,,,5
ren_online_only,ACCESS,28.000,0.1/0.1/0.01,200,2,5,ok,,0,1,47.294208001403604,1417.0,6,0.3990000000000009,0.02499999999992042,0.030000000000001137,0.030000000000001137,0.0,1762268212050,1762268212097,,,,,,,,,,,,,,,,5
ren_online_only,ACCESS,28.000,0.1/0.1/0.01,200,2,6,ok,,0,1,51.66462499983027,1416.0,6,0.4379999999999953,0.05000000000001137,0.036000000000001364,0.036000000000001364,0.0,1762268212748,1762268212799,,,,,,,,,,,,,,,,5
ren_online_only,ACCESS,28.000,0.1/0.1/0.01,200,2,7,ok,,0,1,49.959125000896165,1418.0,6,0.42499999999999716,0.022999999999967713,0.031999999999982265,0.031999999999982265,0.0,1762268213423,1762268213473,,,,,,,,,,,,,,,,5
ren_online_only,ACCESS,28.000,0.1/0.1/0.01,200,2,8,ok,,0,1,52.251416998842615,1415.0,6,0.38300000000000267,0.03200000000003911,0.03300000000001546,0.03300000000001546,0.0,1762268214092,1762268214144,,,,,,,,,,,,,,,,5
ren_online_only,ACCESS,28.000,0.1/0.1/0.01,200,2,9,ok,,0,1,47.87295800088032,1414.0,6,0.6839999999999975,0.1230000000000473,0.13299999999998136,0.13299999999998136,0.0,1762268214791,1762268214839,,,,,,,,,,,,,,,,5
ren_online_only,ACCESS,28.000,0.1/0.1/0.01,200,2,10,ok,,0,1,55.389584000295145,1415.0,6,0.5829999999999984,0.07499999999998863,0.0730000000000075,0.0730000000000075,0.0,1762268215486,1762268215541,,,,,,,,,,,,,,,,5
ren_online_only,ACCESS,28.000,0.1/0.1/0.01,200,2,11,ok,,0,1,47.96091699972749,1414.0,6,0.4099999999999895,0.03300000000001546,0.03099999999997749,0.03099999999997749,0.0,1762268216162,1762268216210,,,,,,,,,,,,,,,,5
ren_online_only,ACCESS,28.000,0.1/0.1/0.01,200,2,12,ok,,0,1,53.501291999054956,1416.0,6,0.4380000000000095,0.03100000000000591,0.03299999999995862,0.03299999999995862,0.0,1762268216788,1762268216841,,,,,,,,,,,,,,,,5
ren_online_only,ACCESS,28.000,0.1/0.1/0.01,200,2,13,ok,,0,1,53.55925000003481,1416.0,6,0.3990000000000009,0.022999999999967713,0.03100000000000591,0.03100000000000591,0.0,1762268217467,1762268217521,,,,,,,,,,,,,,,,5
ren_online_only,ACCESS,28.000,0.1/0.1/0.01,200,2,14,ok,,0,1,49.70708300061233,1416.0,6,0.41899999999999693,0.04199999999997317,0.03299999999998704,0.03299999999998704,0.0,1762268218115,1762268218165,,,,,,,,,,,,,,,,5
ren_online_only,ACCESS,28.000,0.1/0.1/0.01,200,2,15,ok,,0,1,50.71250000037253,1418.0,6,0.43199999999999505,0.029999999999972715,0.038000000000010914,0.038000000000010914,0.0,1762268218795,1762268218845,,,,,,,,,,,,,,,,5
ren_online_only,ACCESS,28.000,0.1/0.1/0.01,200,2,16,ok,,0,1,45.782957999108476,1417.0,6,0.40500000000000114,0.031999999999982265,0.03500000000002501,0.03500000000002501,0.0,1762268219484,1762268219530,,,,,,,,,,,,,,,,5
ren_online_only,ACCESS,28.000,0.1/0.1/0.01,200,2,17,ok,,0,1,61.11933400097769,1414.0,6,0.4310000000000116,0.03499999999996817,0.03699999999997772,0.03699999999997772,0.0,1762268220176,1762268220237,,,,,,,,,,,,,,,,5
ren_online_only,ACCESS,28.000,0.1/0.1/0.01,200,2,18,ok,,0,1,50.862625001173,1416.0,6,0.42899999999999494,0.03500000000002501,0.030000000000001137,0.030000000000001137,0.0,1762268220980,1762268221031,,,,,,,,,,,,,,,,5
ren_online_only,ACCESS,28.000,0.1/0.1/0.01,200,2,19,ok,,0,1,54.621457999019185,1418.0,6,0.41499999999999915,0.033999999999991815,0.02400000000000091,0.02400000000000091,0.0,1762268221639,1762268221694,,,,,,,,,,,,,,,,5
ren_online_only,ACCESS,28.000,0.1/0.1/0.01,200,2,20,ok,,0,1,57.32175000048301,1414.0,6,0.509999999999998,0.02600000000001046,0.03300000000001546,0.03300000000001546,0.0,1762268222319,1762268222377,,,,,,,,,,,,,,,,5
ren_online_only,ACCESS,28.000,0.1/0.1/0.01,400,2,1,ok,,0,1,50.765583000611514,1418.0,6,0.41799999999999216,0.03999999999996362,0.040000000000020464,0.040000000000020464,0.0,1762268222965,1762268223016,,,,,,,,,,,,,,,,5
ren_online_only,ACCESS,28.000,0.1/0.1/0.01,400,2,2,failed,leo_timeout,0,1,405.9963340005197,112.0,1,0.3049999999999997,0.0,0.0,0.0,0.0,,,,,,,,,,,,,,,,,,5
ren_online_only,ACCESS,28.000,0.1/0.1/0.01,400,2,3,ok,,0,1,59.405415999208344,1416.0,6,0.4690000000000012,0.027999999999963165,0.03499999999999659,0.03499999999999659,0.0,1762268224727,1762268224786,,,,,,,,,,,,,,,,5
ren_online_only,ACCESS,28.000,0.1/0.1/0.01,400,2,4,ok,,0,1,52.31320799975947,1416.0,6,0.41199999999999903,0.04100000000005366,0.03300000000001546,0.03300000000001546,0.0,1762268225452,1762268225505,,,,,,,,,,,,,,,,5
ren_online_only,ACCESS,28.000,0.1/0.1/0.01,400,2,5,ok,,0,1,58.351666999442386,1416.0,6,0.4749999999999943,0.038000000000010914,0.03300000000001546,0.03300000000001546,0.0,1762268226129,1762268226188,,,,,,,,,,,,,,,,5
ren_online_only,ACCESS,28.000,0.1/0.1/0.01,400,2,6,ok,,0,1,50.49216699990211,1414.0,6,0.4089999999999918,0.031999999999982265,0.03499999999999659,0.03499999999999659,0.0,1762268226830,1762268226880,,,,,,,,,,,,,,,,5
ren_online_only,ACCESS,28.000,0.1/0.1/0.01,400,2,7,ok,,0,1,56.90020800102502,1417.0,6,0.4029999999999987,0.020999999999958163,0.03299999999995862,0.03299999999995862,0.0,1762268227545,1762268227602,,,,,,,,,,,,,,,,5
ren_online_only,ACCESS,28.000,0.1/0.1/0.01,400,2,8,ok,,0,1,50.22412499965867,1417.0,6,0.4159999999999968,0.03299999999995862,0.030000000000001137,0.030000000000001137,0.0,1762268228256,1762268228307,,,,,,,,,,,,,,,,5
ren_online_only,ACCESS,28.000,0.1/0.1/0.01,400,2,9,ok,,0,1,52.151791998767294,1413.0,6,0.4059999999999988,0.03500000000002501,0.04099999999999682,0.04099999999999682,0.0,1762268228934,1762268228986,,,,,,,,,,,,,,,,5
ren_online_only,ACCESS,28.000,0.1/0.1/0.01,400,2,10,ok,,0,1,52.83537499963131,1415.0,6,0.392000000000003,0.03300000000001546,0.03499999999996817,0.03499999999996817,0.0,1762268229616,1762268229669,,,,,,,,,,,,,,,,5
ren_online_only,ACCESS,28.000,0.1/0.1/0.01,400,2,11,ok,,0,1,54.499833000591025,1416.0,6,0.4229999999999876,0.03300000000001546,0.03100000000000591,0.03100000000000591,0.0,1762268230301,1762268230356,,,,,,,,,,,,,,,,5
ren_online_only,ACCESS,28.000,0.1/0.1/0.01,400,2,12,ok,,0,1,48.39354200157686,1418.0,6,0.5830000000000055,0.03500000000002501,0.026999999999986812,0.026999999999986812,0.0,1762268230978,1762268231026,,,,,,,,,,,,,,,,5
ren_online_only,ACCESS,28.000,0.1/0.1/0.01,400,2,13,ok,,0,1,50.2693750004255,1415.0,6,0.4230000000000018,0.03499999999996817,0.03299999999998704,0.03299999999998704,0.0,1762268231665,1762268231715,,,,,,,,,,,,,,,,5
ren_online_only,ACCESS,28.000,0.1/0.1/0.01,400,2,14,ok,,0,1,54.99966599927575,1416.0,6,0.42099999999999227,0.03500000000002501,0.03100000000000591,0.03100000000000591,0.0,1762268232354,1762268232409,,,,,,,,,,,,,,,,5
ren_online_only,ACCESS,28.000,0.1/0.1/0.01,400,2,15,ok,,0,1,51.65583300004073,1417.0,6,0.4130000000000038,0.03600000000005821,0.03299999999998704,0.03299999999998704,0.0,1762268233021,1762268233073,,,,,,,,,,,,,,,,5
ren_online_only,ACCESS,28.000,0.1/0.1/0.01,400,2,16,ok,,0,1,52.16116699921258,1415.0,6,0.3960000000000008,0.027999999999963165,0.03399999999996339,0.03399999999996339,0.0,1762268233724,1762268233776,,,,,,,,,,,,,,,,5
ren_online_only,ACCESS,28.000,0.1/0.1/0.01,400,2,17,ok,,0,1,45.78904199843237,1416.0,6,0.5870000000000033,0.09300000000001774,0.047000000000025466,0.047000000000025466,0.0,1762268234407,1762268234452,,,,,,,,,,,,,,,,5
ren_online_only,ACCESS,28.000,0.1/0.1/0.01,400,2,18,ok,,0,1,48.42504100088263,1415.0,6,0.35999999999999943,0.033999999999991815,0.02800000000002001,0.02800000000002001,0.0,1762268235059,1762268235107,,,,,,,,,,,,,,,,5
ren_online_only,ACCESS,28.000,0.1/0.1/0.01,400,2,19,ok,,0,1,55.51495799954864,1417.0,6,0.40800000000000836,0.04600000000004911,0.049000000000035016,0.049000000000035016,0.0,1762268235750,1762268235806,,,,,,,,,,,,,,,,5
ren_online_only,ACCESS,28.000,0.1/0.1/0.01,400,2,20,ok,,0,1,50.94637500042154,1416.0,6,0.41200000000000614,0.03299999999995862,0.030000000000001137,0.030000000000001137,0.0,1762268236485,1762268236536,,,,,,,,,,,,,,,,5
ren_online_only,ACCESS,28.000,0.1/0.1/0.01,600,2,1,ok,,0,1,45.46420899896475,1417.0,6,0.40799999999999415,0.026999999999986812,0.03000000000002956,0.03000000000002956,0.0,1762268237180,1762268237225,,,,,,,,,,,,,,,,5
ren_online_only,ACCESS,28.000,0.1/0.1/0.01,600,2,2,ok,,0,1,53.97154199999932,1418.0,6,0.4129999999999967,0.026999999999986812,0.04099999999999682,0.04099999999999682,0.0,1762268237885,1762268237939,,,,,,,,,,,,,,,,5
ren_online_only,ACCESS,28.000,0.1/0.1/0.01,600,2,3,ok,,0,1,47.50679100106936,1415.0,6,0.3930000000000007,0.02800000000002001,0.02400000000002933,0.02400000000002933,0.0,1762268238562,1762268238609,,,,,,,,,,,,,,,,5
ren_online_only,ACCESS,28.000,0.1/0.1/0.01,600,2,4,ok,,0,1,51.34287500004575,1417.0,6,0.42899999999999494,0.027000000000043656,0.03200000000001069,0.03200000000001069,0.0,1762268239241,1762268239292,,,,,,,,,,,,,,,,5
ren_online_only,ACCESS,28.000,0.1/0.1/0.01,600,2,5,ok,,0,1,49.845458001072984,1418.0,6,0.41900000000000404,0.027999999999963165,0.030000000000001137,0.030000000000001137,0.0,1762268239967,1762268240017,,,,,,,,,,,,,,,,5
ren_online_only,ACCESS,28.000,0.1/0.1/0.01,600,2,6,ok,,0,1,48.91208399931202,1415.0,6,0.3990000000000009,0.04100000000005366,0.03299999999998704,0.03299999999998704,0.0,1762268240649,1762268240698,,,,,,,,,,,,,,,,5
ren_online_only,ACCESS,28.000,0.1/0.1/0.01,600,2,7,ok,,0,1,46.199292000892456,1417.0,6,0.43499999999999517,0.036000000000001364,0.03200000000001069,0.03200000000001069,0.0,1762268241306,1762268241352,,,,,,,,,,,,,,,,5
ren_online_only,ACCESS,28.000,0.1/0.1/0.01,600,2,8,ok,,0,1,55.35125000096741,1416.0,6,0.41499999999999915,0.029999999999972715,0.03700000000000614,0.03700000000000614,0.0,1762268241984,1762268242040,,,,,,,,,,,,,,,,5
ren_online_only,ACCESS,28.000,0.1/0.1/0.01,600,2,9,ok,,0,1,54.96970800049894,1416.0,6,0.4209999999999994,0.022999999999967713,0.023999999999972488,0.023999999999972488,0.0,1762268242691,1762268242746,,,,,,,,,,,,,,,,5
ren_online_only,ACCESS,28.000,0.1/0.1/0.01,600,2,10,ok,,0,1,50.938667000082205,1417.0,6,0.392000000000003,0.027999999999963165,0.034000000000020236,0.034000000000020236,0.0,1762268243404,1762268243455,,,,,,,,,,,,,,,,5
ren_online_only,ACCESS,28.000,0.1/0.1/0.01,600,2,11,ok,,0,1,49.94158399858861,1417.0,6,0.39800000000000324,0.029999999999972715,0.02400000000000091,0.02400000000000091,0.0,1762268244110,1762268244160,,,,,,,,,,,,,,,,5
ren_online_only,ACCESS,28.000,0.1/0.1/0.01,600,2,12,ok,,0,1,47.7852919993893,1415.0,6,0.6489999999999938,0.09899999999998954,0.10400000000001342,0.10400000000001342,0.0,1762268244806,1762268244854,,,,,,,,,,,,,,,,5
ren_online_only,ACCESS,28.000,0.1/0.1/0.01,600,2,13,ok,,0,1,57.61033300041163,1415.0,6,0.6069999999999993,0.03300000000001546,0.03499999999999659,0.03499999999999659,0.0,1762268245518,1762268245575,,,,,,,,,,,,,,,,5
ren_online_only,ACCESS,28.000,0.1/0.1/0.01,600,2,14,ok,,0,1,54.18195900165301,1416.0,6,0.4089999999999989,0.02400000000000091,0.031999999999982265,0.031999999999982265,0.0,1762268246189,1762268246243,,,,,,,,,,,,,,,,5
ren_online_only,ACCESS,28.000,0.1/0.1/0.01,600,2,15,ok,,0,1,54.20554099873698,1416.0,6,0.4960000000000022,0.05600000000004002,0.044999999999987494,0.044999999999987494,0.0,1762268246884,1762268246938,,,,,,,,,,,,,,,,5
ren_online_only,ACCESS,28.000,0.1/0.1/0.01,600,2,16,ok,,0,1,45.75337499954912,1418.0,6,0.39700000000000557,0.020000000000038654,0.026999999999986812,0.026999999999986812,0.0,1762268247555,1762268247601,,,,,,,,,,,,,,,,5
ren_online_only,ACCESS,28.000,0.1/0.1/0.01,600,2,17,ok,,0,1,52.11545800011663,1413.0,6,0.4369999999999976,0.03699999999997772,0.04300000000003479,0.04300000000003479,0.0,1762268248184,1762268248236,,,,,,,,,,,,,,,,5
ren_online_only,ACCESS,28.000,0.1/0.1/0.01,600,2,18,ok,,0,1,50.265083998965565,1417.0,6,0.3890000000000029,0.04199999999997317,0.027999999999991587,0.027999999999991587,0.0,1762268248847,1762268248897,,,,,,,,,,,,,,,,5
ren_online_only,ACCESS,28.000,0.1/0.1/0.01,600,2,19,ok,,0,1,50.23787500067556,1418.0,6,0.4060000000000059,0.034999999999911324,0.028999999999996362,0.028999999999996362,0.0,1762268249548,1762268249598,,,,,,,,,,,,,,,,5
ren_online_only,ACCESS,28.000,0.1/0.1/0.01,600,2,20,ok,,0,1,46.86529200080258,1417.0,6,0.4890000000000043,0.026999999999986812,0.043000000000006366,0.043000000000006366,0.0,1762268250239,1762268250286,,,,,,,,,,,,,,,,5
ren_online_only,ACCESS,40.000,0.1/0.0/0.01,200,2,1,ok,,0,1,74.51762500022596,1416.0,6,0.40800000000000125,0.03600000000005821,0.036000000000001364,0.036000000000001364,0.0,1762268250912,1762268250987,,,,,,,,,,,,,,,,6
ren_online_only,ACCESS,40.000,0.1/0.0/0.01,200,2,2,ok,,0,1,77.3965419994056,1416.0,6,0.4160000000000039,0.02600000000001046,0.025999999999953616,0.025999999999953616,0.0,1762268251665,1762268251742,,,,,,,,,,,,,,,,6
ren_online_only,ACCESS,40.000,0.1/0.0/0.01,200,2,3,ok,,0,1,69.00774999849091,1415.0,6,0.4200000000000017,0.03000000000002956,0.03300000000001546,0.03300000000001546,0.0,1762268252402,1762268252471,,,,,,,,,,,,,,,,6
ren_online_only,ACCESS,40.000,0.1/0.0/0.01,200,2,4,ok,,0,1,66.0099579999951,1417.0,6,0.4069999999999965,0.028999999999996362,0.02600000000003888,0.02600000000003888,0.0,1762268253100,1762268253166,,,,,,,,,,,,,,,,6
ren_online_only,ACCESS,40.000,0.1/0.0/0.01,200,2,5,ok,,0,1,66.87641700045788,1416.0,6,0.4140000000000086,0.03499999999996817,0.02800000000002001,0.02800000000002001,0.0,1762268253820,1762268253887,,,,,,,,,,,,,,,,6
ren_online_only,ACCESS,40.000,0.1/0.0/0.01,200,2,6,ok,,0,1,66.26366700038488,1417.0,6,0.4660000000000011,0.027999999999963165,0.03300000000001546,0.03300000000001546,0.0,1762268254543,1762268254610,,,,,,,,,,,,,,,,6
ren_online_only,ACCESS,40.000,0.1/0.0/0.01,200,2,7,ok,,0,1,68.38283400065848,1416.0,6,0.4270000000000067,0.024000000000057753,0.03500000000002501,0.03500000000002501,0.0,1762268255219,1762268255288,,,,,,,,,,,,,,,,6
ren_online_only,ACCESS,40.000,0.1/0.0/0.01,200,2,8,ok,,0,1,72.80258299942943,1416.0,6,0.4230000000000018,0.04200000000003001,0.031999999999982265,0.031999999999982265,0.0,1762268255916,1762268255989,,,,,,,,,,,,,,,,6
ren_online_only,ACCESS,40.000,0.1/0.0/0.01,200,2,9,ok,,0,1,61.20112499957031,1416.0,6,0.4519999999999982,0.02800000000002001,0.029000000000024784,0.029000000000024784,0.0,1762268256635,1762268256696,,,,,,,,,,,,,,,,6
ren_online_only,ACCESS,40.000,0.1/0.0/0.01,200,2,10,ok,,0,1,66.68837500001246,1416.0,6,0.4339999999999975,0.024999999999977263,0.03299999999998704,0.03299999999998704,0.0,1762268257314,1762268257381,,,,,,,,,,,,,,,,6
ren_online_only,ACCESS,40.000,0.1/0.0/0.01,200,2,11,ok,,0,1,57.21300000004703,1416.0,6,0.4230000000000018,0.02400000000000091,0.027000000000015234,0.027000000000015234,0.0,1762268258003,1762268258060,,,,,,,,,,,,,,,,6
ren_online_only,ACCESS,40.000,0.1/0.0/0.01,200,2,12,ok,,0,1,61.670708000747254,1416.0,6,0.4410000000000025,0.03699999999997772,0.03499999999999659,0.03499999999999659,0.0,1762268258707,1762268258769,,,,,,,,,,,,,,,,6
ren_online_only,ACCESS,40.000,0.1/0.0/0.01,200,2,13,ok,,0,1,67.76366700069048,1417.0,6,0.42799999999999727,0.037000000000091404,0.036000000000001364,0.036000000000001364,0.0,1762268259410,1762268259478,,,,,,,,,,,,,,,,6
ren_online_only,ACCESS,40.000,0.1/0.0/0.01,200,2,14,ok,,0,1,71.68712500060792,1416.0,6,0.40099999999999625,0.03699999999997772,0.03700000000000614,0.03700000000000614,0.0,1762268260127,1762268260198,,,,,,,,,,,,,,,,6
ren_online_only,ACCESS,40.000,0.1/0.0/0.01,200,2,15,ok,,0,1,72.36499999999069,1417.0,6,0.4310000000000045,0.027999999999963165,0.03500000000002501,0.03500000000002501,0.0,1762268260807,1762268260880,,,,,,,,,,,,,,,,6
ren_online_only,ACCESS,40.000,0.1/0.0/0.01,200,2,16,ok,,0,1,75.44408300054783,1416.0,6,0.44000000000000483,0.02600000000001046,0.025000000000005684,0.025000000000005684,0.0,1762268261559,1762268261634,,,,,,,,,,,,,,,,6
ren_online_only,ACCESS,40.000,0.1/0.0/0.01,200,2,17,ok,,0,1,71.78329100133851,1417.0,6,0.4209999999999994,0.04099999999993997,0.03200000000001069,0.03200000000001069,0.0,1762268262247,1762268262319,,,,,,,,,,,,,,,,6
ren_online_only,ACCESS,40.000,0.1/0.0/0.01,200,2,18,ok,,0,1,72.64616700012994,1416.0,6,0.42799999999999727,0.029999999999972715,0.034000000000020236,0.034000000000020236,0.0,1762268262976,1762268263049,,,,,,,,,,,,,,,,6
ren_online_only,ACCESS,40.000,0.1/0.0/0.01,200,2,19,ok,,0,1,60.287042000709334,1415.0,6,0.41100000000000136,0.02400000000000091,0.033999999999991815,0.033999999999991815,0.0,1762268263699,1762268263760,,,,,,,,,,,,,,,,6
ren_online_only,ACCESS,40.000,0.1/0.0/0.01,200,2,20,ok,,0,1,67.73020800028462,1415.0,6,0.4230000000000018,0.03799999999995407,0.03500000000002501,0.03500000000002501,0.0,1762268264395,1762268264463,,,,,,,,,,,,,,,,6
ren_online_only,ACCESS,40.000,0.1/0.0/0.01,400,2,1,ok,,0,1,75.01724999929138,1417.0,6,0.4170000000000016,0.022999999999967713,0.034000000000020236,0.034000000000020236,0.0,1762268265136,1762268265211,,,,,,,,,,,,,,,,6
ren_online_only,ACCESS,40.000,0.1/0.0/0.01,400,2,2,ok,,0,1,65.1794580007845,1417.0,6,0.40099999999999625,0.026000000000067303,0.028999999999996362,0.028999999999996362,0.0,1762268265819,1762268265884,,,,,,,,,,,,,,,,6
ren_online_only,ACCESS,40.000,0.1/0.0/0.01,400,2,3,ok,,0,1,65.29604200113681,1416.0,6,0.41499999999999915,0.04199999999997317,0.028999999999996362,0.028999999999996362,0.0,1762268266534,1762268266600,,,,,,,,,,,,,,,,6
ren_online_only,ACCESS,40.000,0.1/0.0/0.01,400,2,4,ok,,0,1,70.47000000056869,1415.0,6,0.4169999999999874,0.03800000000006776,0.03300000000001546,0.03300000000001546,0.0,1762268267256,1762268267327,,,,,,,,,,,,,,,,6
ren_online_only,ACCESS,40.000,0.1/0.0/0.01,400,2,5,ok,,0,1,64.61079099972267,1414.0,6,0.40800000000000125,0.03599999999994452,0.03299999999995862,0.03299999999995862,0.0,1762268267962,1762268268027,,,,,,,,,,,,,,,,6
ren_online_only,ACCESS,40.000,0.1/0.0/0.01,400,2,6,ok,,0,1,66.00608299959276,1414.0,6,0.597999999999999,0.09500000000002728,0.05299999999999727,0.05299999999999727,0.0,1762268268706,1762268268772,,,,,,,,,,,,,,,,6
ren_online_only,ACCESS,40.000,0.1/0.0/0.01,400,2,7,ok,,0,1,58.52012499963166,1417.0,6,0.4399999999999977,0.024999999999977263,0.03200000000001069,0.03200000000001069,0.0,1762268269417,1762268269475,,,,,,,,,,,,,,,,6
ren_online_only,ACCESS,40.000,0.1/0.0/0.01,400,2,8,ok,,0,1,63.99683299969183,1416.0,6,0.44700000000000273,0.02400000000000091,0.029000000000024784,0.029000000000024784,0.0,1762268270131,1762268270195,,,,,,,,,,,,,,,,6
ren_online_only,ACCESS,40.000,0.1/0.0/0.01,400,2,9,ok,,0,1,64.67691699981515,1417.0,6,0.502999999999993,0.025000000000034106,0.03900000000001569,0.03900000000001569,0.0,1762268270830,1762268270894,,,,,,,,,,,,,,,,6
ren_online_only,ACCESS,40.000,0.1/0.0/0.01,400,2,10,ok,,0,1,67.34795800002757,1418.0,6,0.5030000000000001,0.024999999999977263,0.033999999999991815,0.033999999999991815,0.0,1762268271531,1762268271598,,,,,,,,,,,,,,,,6
ren_online_only,ACCESS,40.000,0.1/0.0/0.01,400,2,11,ok,,0,1,65.66945799932,1417.0,6,0.42099999999999227,0.03899999999998727,0.038000000000010914,0.038000000000010914,0.0,1762268272234,1762268272299,,,,,,,,,,,,,,,,6
ren_online_only,ACCESS,40.000,0.1/0.0/0.01,400,2,12,ok,,0,1,67.82220800050709,1416.0,6,0.43499999999999517,0.03500000000002501,0.04100000000002524,0.04100000000002524,0.0,1762268272936,1762268273004,,,,,,,,,,,,,,,,6
ren_online_only,ACCESS,40.000,0.1/0.0/0.01,400,2,13,ok,,0,1,76.94916699983878,1416.0,6,0.42900000000000205,0.03800000000006776,0.034000000000020236,0.034000000000020236,0.0,1762268273639,1762268273716,,,,,,,,,,,,,,,,6
ren_online_only,ACCESS,40.000,0.1/0.0/0.01,400,2,14,ok,,0,1,67.49624999974912,1417.0,6,0.4280000000000044,0.027999999999963165,0.03299999999998704,0.03299999999998704,0.0,1762268274355,1762268274423,,,,,,,,,,,,,,,,6
ren_online_only,ACCESS,40.000,0.1/0.0/0.01,400,2,15,ok,,0,1,68.58241699956125,1416.0,6,0.39099999999999824,0.03699999999997772,0.02800000000002001,0.02800000000002001,0.0,1762268275075,1762268275143,,,,,,,,,,,,,,,,6
ren_online_only,ACCESS,40.000,0.1/0.0/0.01,400,2,16,ok,,0,1,69.10112500008836,1416.0,6,0.44700000000000273,0.02499999999992042,0.02800000000002001,0.02800000000002001,0.0,1762268275769,1762268275838,,,,,,,,,,,,,,,,6
ren_online_only,ACCESS,40.000,0.1/0.0/0.01,400,2,17,ok,,0,1,74.91337499959627,1418.0,6,0.4130000000000038,0.026999999999986812,0.03200000000001069,0.03200000000001069,0.0,1762268276469,1762268276544,,,,,,,,,,,,,,,,6
ren_online_only,ACCESS,40.000,0.1/0.0/0.01,400,2,18,ok,,0,1,69.91254199965624,1416.0,6,0.4339999999999975,0.027999999999963165,0.033999999999991815,0.033999999999991815,0.0,1762268277201,1762268277271,,,,,,,,,,,,,,,,6
ren_online_only,ACCESS,40.000,0.1/0.0/0.01,400,2,19,failed,leo_timeout,0,1,406.5832500000397,112.0,1,0.30799999999999983,0.0,0.0,0.0,0.0,,,,,,,,,,,,,,,,,,6
ren_online_only,ACCESS,40.000,0.1/0.0/0.01,400,2,20,ok,,0,1,65.46970800081908,1417.0,6,0.4660000000000011,0.03599999999994452,0.027999999999991587,0.027999999999991587,0.0,1762268279028,1762268279094,,,,,,,,,,,,,,,,6
ren_online_only,ACCESS,40.000,0.1/0.0/0.01,600,2,1,ok,,0,1,69.4864580000285,1414.0,6,0.42499999999999716,0.02600000000001046,0.03100000000000591,0.03100000000000591,0.0,1762268279724,1762268279793,,,,,,,,,,,,,,,,6
ren_online_only,ACCESS,40.000,0.1/0.0/0.01,600,2,2,ok,,0,1,67.26695799989102,1417.0,6,0.4549999999999983,0.025000000000034106,0.03499999999999659,0.03499999999999659,0.0,1762268280460,1762268280528,,,,,,,,,,,,,,,,6
ren_online_only,ACCESS,40.000,0.1/0.0/0.01,600,2,3,ok,,0,1,68.42808300098113,1413.0,6,0.44599999999999795,0.03899999999998727,0.03500000000002501,0.03500000000002501,0.0,1762268281171,1762268281239,,,,,,,,,,,,,,,,6
ren_online_only,ACCESS,40.000,0.1/0.0/0.01,600,2,4,ok,,0,1,64.61508299980778,1416.0,6,0.40800000000000125,0.026999999999986812,0.03100000000000591,0.03100000000000591,0.0,1762268281896,1762268281961,,,,,,,,,,,,,,,,6
ren_online_only,ACCESS,40.000,0.1/0.0/0.01,600,2,5,ok,,0,1,60.46100000094157,1417.0,6,0.4230000000000018,0.03000000000002956,0.03099999999997749,0.03099999999997749,0.0,1762268282613,1762268282673,,,,,,,,,,,,,,,,6
ren_online_only,ACCESS,40.000,0.1/0.0/0.01,600,2,6,ok,,0,1,67.15683299989905,1415.0,6,0.4399999999999977,0.038000000000010914,0.03300000000001546,0.03300000000001546,0.0,1762268283300,1762268283367,,,,,,,,,,,,,,,,6
ren_online_only,ACCESS,40.000,0.1/0.0/0.01,600,2,7,ok,,0,1,68.60458400115022,1416.0,6,0.4230000000000018,0.024999999999977263,0.03700000000000614,0.03700000000000614,0.0,1762268284021,1762268284090,,,,,,,,,,,,,,,,6
ren_online_only,ACCESS,40.000,0.1/0.0/0.01,600,2,8,ok,,0,1,68.78754200079129,1416.0,6,0.4329999999999927,0.031000000000062755,0.03500000000002501,0.03500000000002501,0.0,1762268284703,1762268284772,,,,,,,,,,,,,,,,6
ren_online_only,ACCESS,40.000,0.1/0.0/0.01,600,2,9,ok,,0,1,66.03129199902469,1416.0,6,0.5720000000000098,0.06200000000001182,0.043000000000006366,0.043000000000006366,0.0,1762268285383,1762268285449,,,,,,,,,,,,,,,,6
ren_online_only,ACCESS,40.000,0.1/0.0/0.01,600,2,10,ok,,0,1,64.34141700083273,1417.0,6,0.4440000000000026,0.038000000000010914,0.03499999999999659,0.03499999999999659,0.0,1762268286095,1762268286159,,,,,,,,,,,,,,,,6
ren_online_only,ACCESS,40.000,0.1/0.0/0.01,600,2,11,ok,,0,1,71.46504199954506,1417.0,6,0.41799999999999926,0.03500000000002501,0.026999999999986812,0.026999999999986812,0.0,1762268286820,1762268286892,,,,,,,,,,,,,,,,6
ren_online_only,ACCESS,40.000,0.1/0.0/0.01,600,2,12,ok,,0,1,64.68779199894925,1417.0,6,0.4490000000000052,0.036000000000001364,0.040000000000020464,0.040000000000020464,0.0,1762268287541,1762268287606,,,,,,,,,,,,,,,,6
ren_online_only,ACCESS,40.000,0.1/0.0/0.01,600,2,13,ok,,0,1,68.15400000050431,1415.0,6,0.43299999999999983,0.03700000000003456,0.03699999999997772,0.03699999999997772,0.0,1762268288292,1762268288361,,,,,,,,,,,,,,,,6
ren_online_only,ACCESS,40.000,0.1/0.0/0.01,600,2,14,ok,,0,1,64.21195799885027,1416.0,6,0.4399999999999977,0.03599999999994452,0.030000000000001137,0.030000000000001137,0.0,1762268289022,1762268289086,,,,,,,,,,,,,,,,6
ren_online_only,ACCESS,40.000,0.1/0.0/0.01,600,2,15,ok,,0,1,68.10195799880603,1417.0,6,0.4339999999999975,0.027999999999963165,0.024999999999977263,0.024999999999977263,0.0,1762268289717,1762268289785,,,,,,,,,,,,,,,,6
ren_online_only,ACCESS,40.000,0.1/0.0/0.01,600,2,16,ok,,0,1,60.437209000156145,1417.0,6,0.42199999999999704,0.028999999999996362,0.03299999999998704,0.03299999999998704,0.0,1762268290440,1762268290500,,,,,,,,,,,,,,,,6
ren_online_only,ACCESS,40.000,0.1/0.0/0.01,600,2,17,ok,,0,1,70.91879100153164,1415.0,6,0.46299999999999386,0.03999999999996362,0.03500000000002501,0.03500000000002501,0.0,1762268291139,1762268291210,,,,,,,,,,,,,,,,6
ren_online_only,ACCESS,40.000,0.1/0.0/0.01,600,2,18,ok,,0,1,55.73629199898278,1418.0,6,0.4439999999999955,0.033999999999991815,0.031999999999982265,0.031999999999982265,0.0,1762268291865,1762268291921,,,,,,,,,,,,,,,,6
ren_online_only,ACCESS,40.000,0.1/0.0/0.01,600,2,19,ok,,0,1,64.40954199933913,1416.0,6,0.4000000000000057,0.026999999999986812,0.03300000000001546,0.03300000000001546,0.0,1762268292568,1762268292632,,,,,,,,,,,,,,,,6
ren_online_only,ACCESS,40.000,0.1/0.0/0.01,600,2,20,ok,,0,1,61.25945800158661,1416.0,6,0.4060000000000059,0.026000000000067303,0.033999999999991815,0.033999999999991815,0.0,1762268293271,1762268293332,,,,,,,,,,,,,,,,6
ren_online_only,ACCESS,40.000,0.1/0.1/0.01,200,2,1,ok,,0,1,63.92708400017,1417.0,6,0.4299999999999997,0.024999999999977263,0.027999999999991587,0.027999999999991587,0.0,1762268293960,1762268294024,,,,,,,,,,,,,,,,7
ren_online_only,ACCESS,40.000,0.1/0.1/0.01,200,2,2,ok,,0,1,74.70383300096728,1416.0,6,0.42500000000000426,0.04500000000007276,0.047000000000025466,0.047000000000025466,0.0,1762268294703,1762268294778,,,,,,,,,,,,,,,,7
ren_online_only,ACCESS,40.000,0.1/0.1/0.01,200,2,3,ok,,0,1,63.359833000504295,1419.0,6,0.507000000000005,0.033999999999991815,0.036000000000001364,0.036000000000001364,0.0,1762268295377,1762268295441,,,,,,,,,,,,,,,,7
ren_online_only,ACCESS,40.000,0.1/0.1/0.01,200,2,4,ok,,0,1,67.45383300039975,1415.0,6,0.4480000000000004,0.02899999999993952,0.034000000000020236,0.034000000000020236,0.0,1762268296066,1762268296133,,,,,,,,,,,,,,,,7
ren_online_only,ACCESS,40.000,0.1/0.1/0.01,200,2,5,ok,,0,1,72.43058300082339,1417.0,6,0.4579999999999984,0.029999999999972715,0.03900000000001569,0.03900000000001569,0.0,1762268296783,1762268296855,,,,,,,,,,,,,,,,7
ren_online_only,ACCESS,40.000,0.1/0.1/0.01,200,2,6,ok,,0,1,56.77208300039638,1416.0,6,0.4930000000000021,0.038000000000010914,0.03700000000000614,0.03700000000000614,0.0,1762268297466,1762268297522,,,,,,,,,,,,,,,,7
ren_online_only,ACCESS,40.000,0.1/0.1/0.01,200,2,7,ok,,0,1,61.988833998839254,1416.0,6,0.4019999999999939,0.02600000000001046,0.03099999999997749,0.03099999999997749,0.0,1762268298133,1762268298195,,,,,,,,,,,,,,,,7
ren_online_only,ACCESS,40.000,0.1/0.1/0.01,200,2,8,ok,,0,1,63.76000000091153,1414.0,6,0.41799999999999926,0.027999999999963165,0.03799999999998249,0.03799999999998249,0.0,1762268298803,1762268298867,,,,,,,,,,,,,,,,7
ren_online_only,ACCESS,40.000,0.1/0.1/0.01,200,2,9,ok,,0,1,64.3445839996275,1414.0,6,0.44999999999999574,0.02899999999993952,0.03499999999999659,0.03499999999999659,0.0,1762268299506,1762268299570,,,,,,,,,,,,,,,,7
ren_online_only,ACCESS,40.000,0.1/0.1/0.01,200,2,10,ok,,0,1,64.9212919997808,1417.0,6,0.9980000000000047,0.060000000000002274,0.05200000000002092,0.05200000000002092,0.0,1762268300212,1762268300277,,,,,,,,,,,,,,,,7
ren_online_only,ACCESS,40.000,0.1/0.1/0.01,200,2,11,ok,,0,1,63.25945799835608,1415.0,6,0.4490000000000052,0.028999999999996362,0.03299999999998704,0.03299999999998704,0.0,1762268300926,1762268300990,,,,,,,,,,,,,,,,7
ren_online_only,ACCESS,40.000,0.1/0.1/0.01,200,2,12,ok,,0,1,66.44512499951816,1417.0,6,0.6370000000000076,0.033999999999991815,0.03700000000000614,0.03700000000000614,0.0,1762268301644,1762268301711,,,,,,,,,,,,,,,,7
ren_online_only,ACCESS,40.000,0.1/0.1/0.01,200,2,13,ok,,0,1,72.34691600024235,1417.0,6,0.43599999999999994,0.053000000000054115,0.03700000000000614,0.03700000000000614,0.0,1762268302364,1762268302436,,,,,,,,,,,,,,,,7
ren_online_only,ACCESS,40.000,0.1/0.1/0.01,200,2,14,ok,,0,1,64.82687500101747,1414.0,6,0.45300000000000296,0.03000000000002956,0.03500000000002501,0.03500000000002501,0.0,1762268303071,1762268303136,,,,,,,,,,,,,,,,7
ren_online_only,ACCESS,40.000,0.1/0.1/0.01,200,2,15,ok,,0,1,57.66962499910733,1411.0,6,0.5300000000000082,0.06200000000001182,0.0479999999999734,0.0479999999999734,0.0,1762268303778,1762268303836,,,,,,,,,,,,,,,,7
ren_online_only,ACCESS,40.000,0.1/0.1/0.01,200,2,16,ok,,0,1,68.35995900109992,1416.0,6,0.4059999999999988,0.032999999999901775,0.03599999999997294,0.03599999999997294,0.0,1762268304467,1762268304535,,,,,,,,,,,,,,,,7
ren_online_only,ACCESS,40.000,0.1/0.1/0.01,200,2,17,ok,,0,1,72.89987500007555,1416.0,6,0.42499999999999716,0.03099999999994907,0.03200000000001069,0.03200000000001069,0.0,1762268305206,1762268305279,,,,,,,,,,,,,,,,7
ren_online_only,ACCESS,40.000,0.1/0.1/0.01,200,2,18,ok,,0,1,65.92554199960432,1416.0,6,0.5609999999999999,0.07000000000005002,0.057999999999992724,0.057999999999992724,0.0,1762268305915,1762268305981,,,,,,,,,,,,,,,,7
ren_online_only,ACCESS,40.000,0.1/0.1/0.01,200,2,19,ok,,0,1,72.3481669992907,1413.0,6,0.4819999999999922,0.03999999999996362,0.03700000000000614,0.03700000000000614,0.0,1762268306604,1762268306676,,,,,,,,,,,,,,,,7
ren_online_only,ACCESS,40.000,0.1/0.1/0.01,200,2,20,ok,,0,1,62.44999999944412,1417.0,6,0.39400000000000546,0.036999999999920874,0.03299999999998704,0.03299999999998704,0.0,1762268307285,1762268307347,,,,,,,,,,,,,,,,7
ren_online_only,ACCESS,40.000,0.1/0.1/0.01,400,2,1,ok,,0,1,71.86866600022768,1416.0,6,0.4539999999999935,0.025999999999953616,0.03299999999998704,0.03299999999998704,0.0,1762268307959,1762268308031,,,,,,,,,,,,,,,,7
ren_online_only,ACCESS,40.000,0.1/0.1/0.01,400,2,2,ok,,0,1,72.16566699935356,1418.0,6,0.41899999999999693,0.025000000000034106,0.031999999999982265,0.031999999999982265,0.0,1762268308637,1762268308709,,,,,,,,,,,,,,,,7
ren_online_only,ACCESS,40.000,0.1/0.1/0.01,400,2,3,ok,,0,1,60.6285409994598,1414.0,6,0.394999999999996,0.03700000000003456,0.03300000000001546,0.03300000000001546,0.0,1762268309362,1762268309422,,,,,,,,,,,,,,,,7
ren_online_only,ACCESS,40.000,0.1/0.1/0.01,400,2,4,ok,,0,1,66.13070800085552,1413.0,6,0.4649999999999963,0.09399999999999409,0.2120000000000175,0.2120000000000175,0.0,1762268310080,1762268310146,,,,,,,,,,,,,,,,7
ren_online_only,ACCESS,40.000,0.1/0.1/0.01,400,2,5,ok,,0,1,61.325208998823655,1417.0,6,0.4269999999999925,0.043000000000006366,0.03100000000000591,0.03100000000000591,0.0,1762268310778,1762268310840,,,,,,,,,,,,,,,,7
ren_online_only,ACCESS,40.000,0.1/0.1/0.01,400,2,6,ok,,0,1,69.50429099924804,1416.0,6,0.3999999999999986,0.03500000000002501,0.03299999999998704,0.03299999999998704,0.0,1762268311481,1762268311551,,,,,,,,,,,,,,,,7
ren_online_only,ACCESS,40.000,0.1/0.1/0.01,400,2,7,ok,,0,1,65.13404100041953,1419.0,6,0.4269999999999996,0.047000000000025466,0.027999999999991587,0.027999999999991587,0.0,1762268312195,1762268312260,,,,,,,,,,,,,,,,7
ren_online_only,ACCESS,40.000,0.1/0.1/0.01,400,2,8,ok,,0,1,67.82633300099405,1417.0,6,0.42900000000000205,0.029000000000053205,0.03499999999996817,0.03499999999996817,0.0,1762268312873,1762268312941,,,,,,,,,,,,,,,,7
ren_online_only,ACCESS,40.000,0.1/0.1/0.01,400,2,9,ok,,0,1,75.2098749999277,1415.0,6,0.5320000000000036,0.03000000000002956,0.03099999999997749,0.03099999999997749,0.0,1762268313626,1762268313701,,,,,,,,,,,,,,,,7
ren_online_only,ACCESS,40.000,0.1/0.1/0.01,400,2,10,ok,,0,1,62.74124999981723,1416.0,6,0.42600000000000193,0.040000000000020464,0.02699999999995839,0.02699999999995839,0.0,1762268314354,1762268314417,,,,,,,,,,,,,,,,7
ren_online_only,ACCESS,40.000,0.1/0.1/0.01,400,2,11,ok,,0,1,64.2575419988134,1416.0,6,0.4280000000000044,0.031999999999982265,0.03100000000000591,0.03100000000000591,0.0,1762268315060,1762268315124,,,,,,,,,,,,,,,,7
ren_online_only,ACCESS,40.000,0.1/0.1/0.01,400,2,12,ok,,0,1,66.97937500030093,1415.0,6,0.44999999999999574,0.02400000000000091,0.03500000000002501,0.03500000000002501,0.0,1762268315754,1762268315821,,,,,,,,,,,,,,,,7
ren_online_only,ACCESS,40.000,0.1/0.1/0.01,400,2,13,ok,,0,1,70.74995800030592,1417.0,6,0.4340000000000046,0.036000000000001364,0.027999999999963165,0.027999999999963165,0.0,1762268316469,1762268316539,,,,,,,,,,,,,,,,7
ren_online_only,ACCESS,40.000,0.1/0.1/0.01,400,2,14,ok,,0,1,65.71820899989689,1413.0,6,0.5309999999999917,0.03599999999994452,0.034000000000020236,0.034000000000020236,0.0,1762268317183,1762268317249,,,,,,,,,,,,,,,,7
ren_online_only,ACCESS,40.000,0.1/0.1/0.01,400,2,15,ok,,0,1,67.9687499996362,1417.0,6,0.42200000000000415,0.03600000000005821,0.027999999999991587,0.027999999999991587,0.0,1762268317893,1762268317961,,,,,,,,,,,,,,,,7
ren_online_only,ACCESS,40.000,0.1/0.1/0.01,400,2,16,ok,,0,1,65.08529099846783,1417.0,6,0.43199999999999505,0.029999999999972715,0.036000000000001364,0.036000000000001364,0.0,1762268318594,1762268318659,,,,,,,,,,,,,,,,7
ren_online_only,ACCESS,40.000,0.1/0.1/0.01,400,2,17,ok,,0,1,65.74195800021698,1414.0,6,0.4620000000000033,0.03300000000001546,0.03200000000001069,0.03200000000001069,0.0,1762268319265,1762268319331,,,,,,,,,,,,,,,,7
ren_online_only,ACCESS,40.000,0.1/0.1/0.01,400,2,18,ok,,0,1,65.89008300034038,1416.0,6,0.409000000000006,0.027000000000043656,0.026999999999986812,0.026999999999986812,0.0,1762268320012,1762268320078,,,,,,,,,,,,,,,,7
ren_online_only,ACCESS,40.000,0.1/0.1/0.01,400,2,19,ok,,0,1,61.67029199968965,1417.0,6,0.41799999999999216,0.033999999999991815,0.03499999999999659,0.03499999999999659,0.0,1762268320731,1762268320793,,,,,,,,,,,,,,,,7
ren_online_only,ACCESS,40.000,0.1/0.1/0.01,400,2,20,ok,,0,1,67.6792079993902,1416.0,6,0.3950000000000031,0.031999999999982265,0.033999999999991815,0.033999999999991815,0.0,1762268321423,1762268321490,,,,,,,,,,,,,,,,7
ren_online_only,ACCESS,40.000,0.1/0.1/0.01,600,2,1,ok,,0,1,66.21400000040012,1414.0,6,0.43200000000000216,0.038000000000010914,0.03599999999997294,0.03599999999997294,0.0,1762268322175,1762268322241,,,,,,,,,,,,,,,,7
ren_online_only,ACCESS,40.000,0.1/0.1/0.01,600,2,2,ok,,0,1,71.72183299917378,1416.0,6,0.4200000000000088,0.029999999999972715,0.03599999999997294,0.03599999999997294,0.0,1762268322877,1762268322949,,,,,,,,,,,,,,,,7
ren_online_only,ACCESS,40.000,0.1/0.1/0.01,600,2,3,ok,,0,1,71.22666700161062,1416.0,6,0.41100000000000136,0.02800000000002001,0.034999999999939746,0.034999999999939746,0.0,1762268323579,1762268323650,,,,,,,,,,,,,,,,7
ren_online_only,ACCESS,40.000,0.1/0.1/0.01,600,2,4,ok,,0,1,66.39312500010419,1416.0,6,0.44300000000000495,0.03699999999997772,0.02600000000001046,0.02600000000001046,0.0,1762268324291,1762268324358,,,,,,,,,,,,,,,,7
ren_online_only,ACCESS,40.000,0.1/0.1/0.01,600,2,5,ok,,0,1,73.26149999971676,1415.0,6,0.507000000000005,0.04300000000006321,0.03899999999998727,0.03899999999998727,0.0,1762268324994,1762268325067,,,,,,,,,,,,,,,,7
ren_online_only,ACCESS,40.000,0.1/0.1/0.01,600,2,6,ok,,0,1,61.51833299918508,1416.0,6,0.46300000000000097,0.03700000000003456,0.03899999999998727,0.03899999999998727,0.0,1762268325687,1762268325748,,,,,,,,,,,,,,,,7
ren_online_only,ACCESS,40.000,0.1/0.1/0.01,600,2,7,ok,,0,1,62.31462499999907,1417.0,6,0.4449999999999932,0.04199999999997317,0.036000000000001364,0.036000000000001364,0.0,1762268326362,1762268326425,,,,,,,,,,,,,,,,7
ren_online_only,ACCESS,40.000,0.1/0.1/0.01,600,2,8,ok,,0,1,60.23341599939158,1416.0,6,0.4800000000000111,0.03200000000003911,0.034000000000020236,0.034000000000020236,0.0,1762268327037,1762268327098,,,,,,,,,,,,,,,,7
ren_online_only,ACCESS,40.000,0.1/0.1/0.01,600,2,9,ok,,0,1,67.69245800023782,1412.0,6,0.5679999999999978,0.03900000000004411,0.03300000000001546,0.03300000000001546,0.0,1762268327713,1762268327781,,,,,,,,,,,,,,,,7
ren_online_only,ACCESS,40.000,0.1/0.1/0.01,600,2,10,ok,,0,1,72.07608400130994,1415.0,6,0.4469999999999956,0.04399999999998272,0.0519999999999925,0.0519999999999925,0.0,1762268328405,1762268328477,,,,,,,,,,,,,,,,7
ren_online_only,ACCESS,40.000,0.1/0.1/0.01,600,2,11,ok,,0,1,68.01466700017045,1417.0,6,0.6129999999999924,0.04599999999999227,0.03700000000000614,0.03700000000000614,0.0,1762268329129,1762268329197,,,,,,,,,,,,,,,,7
ren_online_only,ACCESS,40.000,0.1/0.1/0.01,600,2,12,ok,,0,1,58.58020800042141,1416.0,6,0.4560000000000102,0.03899999999998727,0.03499999999996817,0.03499999999996817,0.0,1762268329814,1762268329873,,,,,,,,,,,,,,,,7
ren_online_only,ACCESS,40.000,0.1/0.1/0.01,600,2,13,ok,,0,1,65.83525000132795,1416.0,6,0.4690000000000083,0.04899999999997817,0.03200000000001069,0.03200000000001069,0.0,1762268330460,1762268330526,,,,,,,,,,,,,,,,7
ren_online_only,ACCESS,40.000,0.1/0.1/0.01,600,2,14,ok,,0,1,65.86025100114057,1417.0,6,0.3999999999999986,0.03500000000002501,0.033999999999991815,0.033999999999991815,0.0,1762268331129,1762268331195,,,,,,,,,,,,,,,,7
ren_online_only,ACCESS,40.000,0.1/0.1/0.01,600,2,15,ok,,0,1,65.88974999976926,1416.0,6,0.46399999999999153,0.025999999999953616,0.03700000000000614,0.03700000000000614,0.0,1762268331818,1762268331884,,,,,,,,,,,,,,,,7
ren_online_only,ACCESS,40.000,0.1/0.1/0.01,600,2,16,ok,,0,1,92.06937499948253,1409.0,6,1.6599999999999966,0.49600000000003774,1.2749999999999773,1.2749999999999773,0.0,1762268332535,1762268332627,,,,,,,,,,,,,,,,7
ren_online_only,ACCESS,40.000,0.1/0.1/0.01,600,2,17,ok,,0,1,69.94579199999862,1415.0,6,0.6310000000000002,0.06500000000005457,0.05099999999998772,0.05099999999998772,0.0,1762268333242,1762268333312,,,,,,,,,,,,,,,,7
ren_online_only,ACCESS,40.000,0.1/0.1/0.01,600,2,18,ok,,0,1,61.6870839985495,1418.0,6,0.46400000000000574,0.036000000000001364,0.03700000000003456,0.03700000000003456,0.0,1762268333890,1762268333952,,,,,,,,,,,,,,,,7
ren_online_only,ACCESS,40.000,0.1/0.1/0.01,600,2,19,ok,,0,1,66.29579199943691,1416.0,6,0.4380000000000024,0.040000000000020464,0.04899999999997817,0.04899999999997817,0.0,1762268334581,1762268334647,,,,,,,,,,,,,,,,7
ren_online_only,ACCESS,40.000,0.1/0.1/0.01,600,2,20,ok,,0,1,61.78195899883576,1416.0,6,0.5150000000000006,0.03899999999998727,0.06999999999999318,0.06999999999999318,0.0,1762268335254,1762268335316,,,,,,,,,,,,,,,,7
ren_online_only,ACCESS,40.000,0.0/0.0/0.01,200,2,1,ok,,0,1,80.4287499995553,1414.0,6,0.6699999999999946,0.06899999999995998,0.14999999999997726,0.14999999999997726,0.0,1762268335991,1762268336071,,,,,,,,,,,,,,,,8
ren_online_only,ACCESS,40.000,0.0/0.0/0.01,200,2,2,ok,,0,1,81.56837499882386,1413.0,6,0.5100000000000051,0.09699999999997999,0.11100000000004684,0.11100000000004684,0.0,1762268336689,1762268336770,,,,,,,,,,,,,,,,8
ren_online_only,ACCESS,40.000,0.0/0.0/0.01,200,2,3,ok,,0,1,78.40612500149291,1413.0,6,0.5160000000000053,0.14299999999997226,0.08000000000004093,0.08000000000004093,0.0,1762268337386,1762268337465,,,,,,,,,,,,,,,,8
ren_online_only,ACCESS,40.000,0.0/0.0/0.01,200,2,4,ok,,0,1,71.79454200013424,1417.0,6,0.44299999999999784,0.029999999999972715,0.03700000000003456,0.03700000000003456,0.0,1762268338057,1762268338129,,,,,,,,,,,,,,,,8
ren_online_only,ACCESS,40.000,0.0/0.0/0.01,200,2,5,ok,,0,1,84.24612499948125,1414.0,6,0.5729999999999933,0.07099999999996953,0.05400000000003047,0.05400000000003047,0.0,1762268338756,1762268338840,,,,,,,,,,,,,,,,8
ren_online_only,ACCESS,40.000,0.0/0.0/0.01,200,2,6,ok,,0,1,78.27616699978535,1416.0,6,0.5040000000000049,0.05900000000002592,0.05099999999998772,0.05099999999998772,0.0,1762268339491,1762268339569,,,,,,,,,,,,,,,,8
ren_online_only,ACCESS,40.000,0.0/0.0/0.01,200,2,7,ok,,0,1,77.1075419997942,1418.0,6,0.6619999999999919,0.08199999999993679,0.045000000000015916,0.045000000000015916,0.0,1762268340224,1762268340301,,,,,,,,,,,,,,,,8
ren_online_only,ACCESS,40.000,0.0/0.0/0.01,200,2,8,ok,,0,1,78.29929199942853,1417.0,6,0.4480000000000004,0.038999999999930424,0.03999999999996362,0.03999999999996362,0.0,1762268340936,1762268341014,,,,,,,,,,,,,,,,8
ren_online_only,ACCESS,40.000,0.0/0.0/0.01,200,2,9,ok,,0,1,74.95941699926334,1418.0,6,0.39500000000001023,0.05299999999999727,0.033999999999991815,0.033999999999991815,0.0,1762268341659,1762268341734,,,,,,,,,,,,,,,,8
ren_online_only,ACCESS,40.000,0.0/0.0/0.01,200,2,10,ok,,0,1,83.3142500014219,1417.0,6,0.490000000000002,0.03100000000000591,0.03700000000003456,0.03700000000003456,0.0,1762268342393,1762268342477,,,,,,,,,,,,,,,,8
ren_online_only,ACCESS,40.000,0.0/0.0/0.01,200,2,11,ok,,0,1,81.26062500014086,1416.0,6,0.4939999999999998,0.06700000000000728,0.047000000000025466,0.047000000000025466,0.0,1762268343130,1762268343212,,,,,,,,,,,,,,,,8
ren_online_only,ACCESS,40.000,0.0/0.0/0.01,200,2,12,ok,,0,1,76.16270899961819,1417.0,6,0.41100000000000136,0.03800000000006776,0.029999999999972715,0.029999999999972715,0.0,1762268343847,1762268343923,,,,,,,,,,,,,,,,8
ren_online_only,ACCESS,40.000,0.0/0.0/0.01,200,2,13,ok,,0,1,85.19458299997495,1416.0,6,0.4060000000000059,0.03799999999995407,0.03700000000003456,0.03700000000003456,0.0,1762268344573,1762268344658,,,,,,,,,,,,,,,,8
ren_online_only,ACCESS,40.000,0.0/0.0/0.01,200,2,14,ok,,0,1,89.48216600037995,1416.0,6,0.4890000000000043,0.02800000000002001,0.047999999999944976,0.047999999999944976,0.0,1762268345309,1762268345398,,,,,,,,,,,,,,,,8
ren_online_only,ACCESS,40.000,0.0/0.0/0.01,200,2,15,ok,,0,1,72.97695799934445,1416.0,6,0.49399999999999267,0.023000000000024556,0.03500000000002501,0.03500000000002501,0.0,1762268346009,1762268346082,,,,,,,,,,,,,,,,8
ren_online_only,ACCESS,40.000,0.0/0.0/0.01,200,2,16,ok,,0,1,80.04141600031289,1414.0,6,0.5999999999999943,0.04199999999997317,0.05899999999996908,0.05899999999996908,0.0,1762268346744,1762268346825,,,,,,,,,,,,,,,,8
ren_online_only,ACCESS,40.000,0.0/0.0/0.01,200,2,17,ok,,0,1,75.65808300023491,1416.0,6,0.4969999999999999,0.05099999999993088,0.07900000000000773,0.07900000000000773,0.0,1762268347456,1762268347531,,,,,,,,,,,,,,,,8
ren_online_only,ACCESS,40.000,0.0/0.0/0.01,200,2,18,ok,,0,1,77.11216700045043,1416.0,6,0.5539999999999878,0.06100000000003547,0.05000000000001137,0.05000000000001137,0.0,1762268348134,1762268348211,,,,,,,,,,,,,,,,8
ren_online_only,ACCESS,40.000,0.0/0.0/0.01,200,2,19,ok,,0,1,74.40695900004357,1416.0,6,0.517000000000003,0.03799999999995407,0.03300000000001546,0.03300000000001546,0.0,1762268348813,1762268348888,,,,,,,,,,,,,,,,8
ren_online_only,ACCESS,40.000,0.0/0.0/0.01,200,2,20,ok,,0,1,76.63474999935715,1417.0,6,0.5309999999999988,0.03100000000000591,0.027999999999963165,0.027999999999963165,0.0,1762268349526,1762268349602,,,,,,,,,,,,,,,,8
ren_online_only,ACCESS,40.000,0.0/0.0/0.01,400,2,1,ok,,0,1,79.70208299957449,1415.0,6,0.41800000000000637,0.03600000000005821,0.03799999999995407,0.03799999999995407,0.0,1762268350239,1762268350319,,,,,,,,,,,,,,,,8
ren_online_only,ACCESS,40.000,0.0/0.0/0.01,400,2,2,ok,,0,1,81.31583300018974,1416.0,6,0.4209999999999994,0.02800000000002001,0.04000000000007731,0.04000000000007731,0.0,1762268350959,1762268351041,,,,,,,,,,,,,,,,8
ren_online_only,ACCESS,40.000,0.0/0.0/0.01,400,2,3,ok,,0,1,80.40104200154019,1417.0,6,0.409000000000006,0.025999999999953616,0.028999999999996362,0.028999999999996362,0.0,1762268351713,1762268351793,,,,,,,,,,,,,,,,8
ren_online_only,ACCESS,40.000,0.0/0.0/0.01,400,2,4,ok,,0,1,81.29050000025018,1417.0,6,0.4480000000000004,0.038000000000010914,0.036000000000001364,0.036000000000001364,0.0,1762268352446,1762268352528,,,,,,,,,,,,,,,,8
ren_online_only,ACCESS,40.000,0.0/0.0/0.01,400,2,5,ok,,0,1,78.02641600028437,1417.0,6,0.4539999999999935,0.024999999999977263,0.036999999999920874,0.036999999999920874,0.0,1762268353162,1762268353240,,,,,,,,,,,,,,,,8
ren_online_only,ACCESS,40.000,0.0/0.0/0.01,400,2,6,ok,,0,1,74.44179199956125,1416.0,6,0.44899999999999807,0.02600000000001046,0.045000000000015916,0.045000000000015916,0.0,1762268353898,1762268353972,,,,,,,,,,,,,,,,8
ren_online_only,ACCESS,40.000,0.0/0.0/0.01,400,2,7,ok,,0,1,78.16050000110408,1415.0,6,0.41800000000000637,0.024000000000057753,0.03300000000001546,0.03300000000001546,0.0,1762268354614,1762268354692,,,,,,,,,,,,,,,,8
ren_online_only,ACCESS,40.000,0.0/0.0/0.01,400,2,8,ok,,0,1,78.76620900060516,1417.0,6,0.4280000000000044,0.023999999999887223,0.03899999999998727,0.03899999999998727,0.0,1762268355305,1762268355384,,,,,,,,,,,,,,,,8
ren_online_only,ACCESS,40.000,0.0/0.0/0.01,400,2,9,ok,,0,1,80.91979100026947,1414.0,6,0.4310000000000045,0.036000000000001364,0.03500000000002501,0.03500000000002501,0.0,1762268356013,1762268356094,,,,,,,,,,,,,,,,8
ren_online_only,ACCESS,40.000,0.0/0.0/0.01,400,2,10,ok,,0,1,88.42404200004239,1416.0,6,0.4439999999999955,0.040000000000020464,0.036000000000001364,0.036000000000001364,0.0,1762268356773,1762268356861,,,,,,,,,,,,,,,,8
ren_online_only,ACCESS,40.000,0.0/0.0/0.01,400,2,11,ok,,0,1,71.98595800036856,1416.0,6,0.6509999999999891,0.07699999999994134,0.057999999999992724,0.057999999999992724,0.0,1762268357475,1762268357547,,,,,,,,,,,,,,,,8
ren_online_only,ACCESS,40.000,0.0/0.0/0.01,400,2,12,ok,,0,1,70.95558299988625,1416.0,6,0.4380000000000095,0.05500000000000682,0.04000000000007731,0.04000000000007731,0.0,1762268358116,1762268358187,,,,,,,,,,,,,,,,8
ren_online_only,ACCESS,40.000,0.0/0.0/0.01,400,2,13,ok,,0,1,82.9528330014,1416.0,6,0.42600000000000193,0.04099999999999682,0.04200000000003001,0.04200000000003001,0.0,1762268358845,1762268358928,,,,,,,,,,,,,,,,8
ren_online_only,ACCESS,40.000,0.0/0.0/0.01,400,2,14,ok,,0,1,79.94183399932808,1415.0,6,0.475999999999992,0.03199999999992542,0.038000000000010914,0.038000000000010914,0.0,1762268359587,1762268359667,,,,,,,,,,,,,,,,8
ren_online_only,ACCESS,40.000,0.0/0.0/0.01,400,2,15,ok,,0,1,77.3085410000931,1417.0,6,0.47099999999999653,0.03000000000002956,0.033999999999991815,0.033999999999991815,0.0,1762268360304,1762268360382,,,,,,,,,,,,,,,,8
ren_online_only,ACCESS,40.000,0.0/0.0/0.01,400,2,16,ok,,0,1,75.15675000104238,1415.0,6,0.4450000000000074,0.0380000000001246,0.03000000000002956,0.03000000000002956,0.0,1762268361028,1762268361103,,,,,,,,,,,,,,,,8
ren_online_only,ACCESS,40.000,0.0/0.0/0.01,400,2,17,ok,,0,1,75.16920799935178,1417.0,6,0.46999999999999886,0.03400000000004866,0.038000000000010914,0.038000000000010914,0.0,1762268361746,1762268361821,,,,,,,,,,,,,,,,8
ren_online_only,ACCESS,40.000,0.0/0.0/0.01,400,2,18,ok,,0,1,77.71099999990838,1419.0,6,0.43599999999999994,0.026999999999986812,0.028999999999996362,0.028999999999996362,0.0,1762268362455,1762268362532,,,,,,,,,,,,,,,,8
ren_online_only,ACCESS,40.000,0.0/0.0/0.01,400,2,19,ok,,0,1,73.28070800031128,1415.0,6,0.40399999999999636,0.03300000000001546,0.025999999999953616,0.025999999999953616,0.0,1762268363163,1762268363236,,,,,,,,,,,,,,,,8
ren_online_only,ACCESS,40.000,0.0/0.0/0.01,400,2,20,ok,,0,1,75.47195799998008,1415.0,6,0.40500000000000824,0.02400000000000091,0.03899999999998727,0.03899999999998727,0.0,1762268363863,1762268363939,,,,,,,,,,,,,,,,8
ren_online_only,ACCESS,40.000,0.0/0.0/0.01,600,2,1,ok,,0,1,79.74483399993915,1417.0,6,0.42500000000000426,0.027999999999963165,0.03400000000004866,0.03400000000004866,0.0,1762268364582,1762268364662,,,,,,,,,,,,,,,,8
ren_online_only,ACCESS,40.000,0.0/0.0/0.01,600,2,2,ok,,0,1,77.66916599939577,1416.0,6,0.46299999999999386,0.036000000000001364,0.02600000000001046,0.02600000000001046,0.0,1762268365294,1762268365372,,,,,,,,,,,,,,,,8
ren_online_only,ACCESS,40.000,0.0/0.0/0.01,600,2,3,ok,,0,1,80.96062599906872,1415.0,6,0.4469999999999956,0.03200000000003911,0.04399999999998272,0.04399999999998272,0.0,1762268366043,1762268366124,,,,,,,,,,,,,,,,8
ren_online_only,ACCESS,40.000,0.0/0.0/0.01,600,2,4,ok,,0,1,82.62216699949931,1415.0,6,0.43199999999999505,0.04199999999997317,0.03799999999995407,0.03799999999995407,0.0,1762268366811,1762268366893,,,,,,,,,,,,,,,,8
ren_online_only,ACCESS,40.000,0.0/0.0/0.01,600,2,5,ok,,0,1,83.82449999953678,1415.0,6,0.7340000000000018,0.05900000000002592,0.053999999999973625,0.053999999999973625,0.0,1762268367566,1762268367650,,,,,,,,,,,,,,,,8
ren_online_only,ACCESS,40.000,0.0/0.0/0.01,600,2,6,ok,,0,1,78.69250000112515,1418.0,6,0.4230000000000018,0.038000000000010914,0.038000000000010914,0.038000000000010914,0.0,1762268368263,1762268368342,,,,,,,,,,,,,,,,8
ren_online_only,ACCESS,40.000,0.0/0.0/0.01,600,2,7,ok,,0,1,78.16229099989869,1417.0,6,0.4270000000000067,0.03800000000006776,0.03400000000004866,0.03400000000004866,0.0,1762268368982,1762268369061,,,,,,,,,,,,,,,,8
ren_online_only,ACCESS,40.000,0.0/0.0/0.01,600,2,8,ok,,0,1,80.83733400053461,1417.0,6,0.4269999999999925,0.028999999999996362,0.03200000000003911,0.03200000000003911,0.0,1762268369742,1762268369823,,,,,,,,,,,,,,,,8
ren_online_only,ACCESS,40.000,0.0/0.0/0.01,600,2,9,ok,,0,1,77.00654199834389,1415.0,6,0.4410000000000025,0.03200000000003911,0.036000000000001364,0.036000000000001364,0.0,1762268370449,1762268370526,,,,,,,,,,,,,,,,8
ren_online_only,ACCESS,40.000,0.0/0.0/0.01,600,2,10,ok,,0,1,81.2120419996063,1415.0,6,0.5150000000000006,0.03200000000003911,0.03899999999998727,0.03899999999998727,0.0,1762268371172,1762268371254,,,,,,,,,,,,,,,,8
ren_online_only,ACCESS,40.000,0.0/0.0/0.01,600,2,11,ok,,0,1,111.03695800011337,1413.0,6,0.8219999999999956,0.2650000000000432,0.10599999999999454,0.10599999999999454,0.0,1762268371880,1762268371991,,,,,,,,,,,,,,,,8
ren_online_only,ACCESS,40.000,0.0/0.0/0.01,600,2,12,ok,,0,1,90.20033300112118,1415.0,6,0.6329999999999956,0.10900000000003729,0.057999999999992724,0.057999999999992724,0.0,1762268372711,1762268372801,,,,,,,,,,,,,,,,8
ren_online_only,ACCESS,40.000,0.0/0.0/0.01,600,2,13,ok,,0,1,76.28333299908263,1415.0,6,0.6820000000000022,0.036000000000001364,0.08400000000000318,0.08400000000000318,0.0,1762268373427,1762268373503,,,,,,,,,,,,,,,,8
ren_online_only,ACCESS,40.000,0.0/0.0/0.01,600,2,14,ok,,0,1,85.30133299973386,1415.0,6,0.6880000000000024,0.08100000000001728,0.07099999999996953,0.07099999999996953,0.0,1762268374121,1762268374207,,,,,,,,,,,,,,,,8
ren_online_only,ACCESS,40.000,0.0/0.0/0.01,600,2,15,ok,,0,1,71.8227500001376,1413.0,6,1.098000000000006,0.10300000000000864,0.06600000000003092,0.06600000000003092,0.0,1762268374808,1762268374880,,,,,,,,,,,,,,,,8
ren_online_only,ACCESS,40.000,0.0/0.0/0.01,600,2,16,ok,,0,1,79.51766699989093,1415.0,6,0.5820000000000007,0.03699999999997772,0.03300000000001546,0.03300000000001546,0.0,1762268375576,1762268375656,,,,,,,,,,,,,,,,8
ren_online_only,ACCESS,40.000,0.0/0.0/0.01,600,2,17,ok,,0,1,78.90183400013484,1414.0,6,0.4409999999999954,0.03100000000000591,0.03300000000001546,0.03300000000001546,0.0,1762268376276,1762268376355,,,,,,,,,,,,,,,,8
ren_online_only,ACCESS,40.000,0.0/0.0/0.01,600,2,18,ok,,0,1,80.51133299886715,1414.0,6,0.7759999999999962,0.07299999999997908,0.09899999999998954,0.09899999999998954,0.0,1762268377057,1762268377137,,,,,,,,,,,,,,,,8
ren_online_only,ACCESS,40.000,0.0/0.0/0.01,600,2,19,ok,,0,1,71.88766699982807,1415.0,6,0.6359999999999957,0.04599999999999227,0.06599999999997408,0.06599999999997408,0.0,1762268377796,1762268377868,,,,,,,,,,,,,,,,8
ren_online_only,ACCESS,40.000,0.0/0.0/0.01,600,2,20,ok,,0,1,87.32666699870606,1413.0,6,0.6340000000000003,0.06900000000001683,0.07300000000003593,0.07300000000003593,0.0,1762268378539,1762268378626,,,,,,,,,,,,,,,,8
ren_online_only,ACCESS,40.000,0.0/0.1/0.01,200,2,1,ok,,0,1,77.336500000456,1416.0,6,0.5510000000000019,0.047000000000025466,0.05400000000003047,0.05400000000003047,0.0,1762268379257,1762268379334,,,,,,,,,,,,,,,,9
ren_online_only,ACCESS,40.000,0.0/0.1/0.01,200,2,2,ok,,0,1,86.34320700002718,1415.0,6,0.8169999999999931,0.10700000000008458,0.07600000000002183,0.07600000000002183,0.0,1762268380001,1762268380088,,,,,,,,,,,,,,,,9
ren_online_only,ACCESS,40.000,0.0/0.1/0.01,200,2,3,ok,,0,1,76.0575410004094,1415.0,6,0.4199999999999946,0.04099999999993997,0.029000000000053205,0.029000000000053205,0.0,1762268380766,1762268380842,,,,,,,,,,,,,,,,9
ren_online_only,ACCESS,40.000,0.0/0.1/0.01,200,2,4,ok,,0,1,80.38595799916948,1417.0,6,0.44200000000000017,0.036000000000001364,0.026999999999986812,0.026999999999986812,0.0,1762268381518,1762268381599,,,,,,,,,,,,,,,,9
ren_online_only,ACCESS,40.000,0.0/0.1/0.01,200,2,5,ok,,0,1,82.10116699956416,1415.0,6,0.7020000000000053,0.11100000000004684,0.08000000000004093,0.08000000000004093,0.0,1762268382280,1762268382362,,,,,,,,,,,,,,,,9
ren_online_only,ACCESS,40.000,0.0/0.1/0.01,200,2,6,ok,,0,1,77.40104200092901,1416.0,6,0.554000000000002,0.07200000000000273,0.06400000000007822,0.06400000000007822,0.0,1762268382988,1762268383065,,,,,,,,,,,,,,,,9
ren_online_only,ACCESS,40.000,0.0/0.1/0.01,200,2,7,ok,,0,1,77.3772500015184,1416.0,6,0.6090000000000018,0.02800000000002001,0.03300000000001546,0.03300000000001546,0.0,1762268383733,1762268383810,,,,,,,,,,,,,,,,9
ren_online_only,ACCESS,40.000,0.0/0.1/0.01,200,2,8,ok,,0,1,80.37700000022596,1415.0,6,0.6519999999999939,0.08100000000001728,0.07500000000004547,0.07500000000004547,0.0,1762268384472,1762268384553,,,,,,,,,,,,,,,,9
ren_online_only,ACCESS,40.000,0.0/0.1/0.01,200,2,9,ok,,0,1,74.8446249999688,1416.0,6,0.46699999999999164,0.022000000000048203,0.03600000000005821,0.03600000000005821,0.0,1762268385247,1762268385322,,,,,,,,,,,,,,,,9
ren_online_only,ACCESS,40.000,0.0/0.1/0.01,200,2,10,ok,,0,1,80.20870800100965,1415.0,6,0.6679999999999993,0.07699999999994134,0.06600000000003092,0.06600000000003092,0.0,1762268386029,1762268386110,,,,,,,,,,,,,,,,9
ren_online_only,ACCESS,40.000,0.0/0.1/0.01,200,2,11,ok,,0,1,87.71712499947171,1415.0,6,0.4969999999999999,0.03699999999997772,0.03599999999994452,0.03599999999994452,0.0,1762268386732,1762268386820,,,,,,,,,,,,,,,,9
ren_online_only,ACCESS,40.000,0.0/0.1/0.01,200,2,12,ok,,0,1,83.75441600037448,1413.0,6,0.8990000000000009,0.103999999999985,0.17599999999993088,0.17599999999993088,0.0,1762268387507,1762268387591,,,,,,,,,,,,,,,,9
ren_online_only,ACCESS,40.000,0.0/0.1/0.01,200,2,13,ok,,0,1,77.21850000052655,1413.0,6,0.7169999999999987,0.09199999999998454,0.09399999999999409,0.09399999999999409,0.0,1762268388198,1762268388275,,,,,,,,,,,,,,,,9
ren_online_only,ACCESS,40.000,0.0/0.1/0.01,200,2,14,ok,,0,1,81.94008300051792,1415.0,6,0.6689999999999969,0.07499999999998863,0.05899999999996908,0.05899999999996908,0.0,1762268388951,1762268389033,,,,,,,,,,,,,,,,9
ren_online_only,ACCESS,40.000,0.0/0.1/0.01,200,2,15,ok,,0,1,76.98633300060465,1416.0,6,0.8130000000000024,0.14299999999997226,0.09399999999993724,0.09399999999993724,0.0,1762268389693,1762268389770,,,,,,,,,,,,,,,,9
ren_online_only,ACCESS,40.000,0.0/0.1/0.01,200,2,16,ok,,0,1,81.05216699914308,1415.0,6,0.6010000000000062,0.06200000000001182,0.05000000000001137,0.05000000000001137,0.0,1762268390415,1762268390496,,,,,,,,,,,,,,,,9
ren_online_only,ACCESS,40.000,0.0/0.1/0.01,200,2,17,ok,,0,1,78.8387499997043,1416.0,6,0.6820000000000022,0.08600000000001273,0.07499999999998863,0.07499999999998863,0.0,1762268391125,1762268391204,,,,,,,,,,,,,,,,9
ren_online_only,ACCESS,40.000,0.0/0.1/0.01,200,2,18,ok,,0,1,83.575959000882,1416.0,6,0.4610000000000056,0.03599999999994452,0.03699999999997772,0.03699999999997772,0.0,1762268391902,1762268391985,,,,,,,,,,,,,,,,9
ren_online_only,ACCESS,40.000,0.0/0.1/0.01,200,2,19,ok,,0,1,78.5081670001091,1416.0,6,0.6559999999999988,0.043000000000006366,0.051000000000044565,0.051000000000044565,0.0,1762268392640,1762268392719,,,,,,,,,,,,,,,,9
ren_online_only,ACCESS,40.000,0.0/0.1/0.01,200,2,20,ok,,0,1,89.6237500001007,1413.0,6,0.5020000000000024,0.03799999999995407,0.03999999999996362,0.03999999999996362,0.0,1762268393361,1762268393451,,,,,,,,,,,,,,,,9
ren_online_only,ACCESS,40.000,0.0/0.1/0.01,400,2,1,ok,,0,1,72.72008299878507,1416.0,6,0.402000000000001,0.03600000000005821,0.03900000000004411,0.03900000000004411,0.0,1762268394116,1762268394189,,,,,,,,,,,,,,,,9
ren_online_only,ACCESS,40.000,0.0/0.1/0.01,400,2,2,ok,,0,1,73.82116600092559,1414.0,6,0.9500000000000028,0.11200000000002319,0.07699999999999818,0.07699999999999818,0.0,1762268394858,1762268394931,,,,,,,,,,,,,,,,9
ren_online_only,ACCESS,40.000,0.0/0.1/0.01,400,2,3,ok,,0,1,80.01712500117719,1418.0,6,0.4689999999999941,0.031999999999982265,0.057999999999992724,0.057999999999992724,0.0,1762268395535,1762268395615,,,,,,,,,,,,,,,,9
ren_online_only,ACCESS,40.000,0.0/0.1/0.01,400,2,4,ok,,0,1,83.25237499957439,1414.0,6,0.45300000000001006,0.03899999999998727,0.07499999999998863,0.07499999999998863,0.0,1762268396235,1762268396318,,,,,,,,,,,,,,,,9
ren_online_only,ACCESS,40.000,0.0/0.1/0.01,400,2,5,ok,,0,1,82.43433399911737,1417.0,6,0.42900000000000205,0.06099999999997863,0.03300000000001546,0.03300000000001546,0.0,1762268396966,1762268397049,,,,,,,,,,,,,,,,9
ren_online_only,ACCESS,40.000,0.0/0.1/0.01,400,2,6,ok,,0,1,84.5190839991119,1416.0,6,0.5920000000000059,0.03899999999998727,0.038000000000010914,0.038000000000010914,0.0,1762268397696,1762268397781,,,,,,,,,,,,,,,,9
ren_online_only,ACCESS,40.000,0.0/0.1/0.01,400,2,7,ok,,0,1,88.54766699914762,1414.0,6,0.6450000000000031,0.10199999999997544,0.06300000000004502,0.06300000000004502,0.0,1762268398426,1762268398515,,,,,,,,,,,,,,,,9
ren_online_only,ACCESS,40.000,0.0/0.1/0.01,400,2,8,ok,,0,1,76.9986670002254,1414.0,6,0.5949999999999918,0.055999999999983174,0.05500000000000682,0.05500000000000682,0.0,1762268399154,1762268399231,,,,,,,,,,,,,,,,9
ren_online_only,ACCESS,40.000,0.0/0.1/0.01,400,2,9,ok,,0,1,73.15637500141747,1416.0,6,0.4660000000000011,0.03600000000005821,0.08199999999999363,0.08199999999999363,0.0,1762268399866,1762268399939,,,,,,,,,,,,,,,,9
ren_online_only,ACCESS,40.000,0.0/0.1/0.01,400,2,10,ok,,0,1,82.85095799874398,1415.0,6,0.4620000000000033,0.05400000000003047,0.08799999999996544,0.08799999999996544,0.0,1762268400536,1762268400619,,,,,,,,,,,,,,,,9
ren_online_only,ACCESS,40.000,0.0/0.1/0.01,400,2,11,ok,,0,1,84.11258299929614,1415.0,6,0.4239999999999995,0.03799999999995407,0.028999999999996362,0.028999999999996362,0.0,1762268401227,1762268401311,,,,,,,,,,,,,,,,9
ren_online_only,ACCESS,40.000,0.0/0.1/0.01,400,2,12,ok,,0,1,87.45887500117533,1415.0,6,0.5989999999999966,0.07699999999999818,0.05500000000000682,0.05500000000000682,0.0,1762268401981,1762268402069,,,,,,,,,,,,,,,,9
ren_online_only,ACCESS,40.000,0.0/0.1/0.01,400,2,13,ok,,0,1,83.17758299926936,1415.0,6,0.6030000000000015,0.08800000000002228,0.14899999999994407,0.14899999999994407,0.0,1762268402717,1762268402800,,,,,,,,,,,,,,,,9
ren_online_only,ACCESS,40.000,0.0/0.1/0.01,400,2,14,ok,,0,1,81.0811659994215,1416.0,6,0.4210000000000065,0.03899999999998727,0.03799999999995407,0.03799999999995407,0.0,1762268403448,1762268403529,,,,,,,,,,,,,,,,9
ren_online_only,ACCESS,40.000,0.0/0.1/0.01,400,2,15,ok,,0,1,78.6086250009248,1416.0,6,0.45599999999999596,0.03999999999996362,0.04100000000005366,0.04100000000005366,0.0,1762268404182,1762268404261,,,,,,,,,,,,,,,,9
ren_online_only,ACCESS,40.000,0.0/0.1/0.01,400,2,16,ok,,0,1,75.40579099986644,1414.0,6,1.0450000000000017,0.10000000000002274,0.05000000000001137,0.05000000000001137,0.0,1762268404926,1762268405002,,,,,,,,,,,,,,,,9
ren_online_only,ACCESS,40.000,0.0/0.1/0.01,400,2,17,ok,,0,1,79.55341699926066,1414.0,6,0.42200000000000415,0.03100000000000591,0.03600000000005821,0.03600000000005821,0.0,1762268405646,1762268405726,,,,,,,,,,,,,,,,9
ren_online_only,ACCESS,40.000,0.0/0.1/0.01,400,2,18,ok,,0,1,80.55883300039568,1417.0,6,0.4230000000000018,0.036000000000001364,0.03299999999995862,0.03299999999995862,0.0,1762268406360,1762268406441,,,,,,,,,,,,,,,,9
ren_online_only,ACCESS,40.000,0.0/0.1/0.01,400,2,19,ok,,0,1,75.6817500005127,1416.0,6,0.4209999999999994,0.02400000000000091,0.03899999999998727,0.03899999999998727,0.0,1762268407080,1762268407156,,,,,,,,,,,,,,,,9
ren_online_only,ACCESS,40.000,0.0/0.1/0.01,400,2,20,ok,,0,1,88.04591699845332,1416.0,6,0.3959999999999937,0.03699999999997772,0.02800000000002001,0.02800000000002001,0.0,1762268407774,1762268407862,,,,,,,,,,,,,,,,9
ren_online_only,ACCESS,40.000,0.0/0.1/0.01,600,2,1,ok,,0,1,81.65058300073724,1416.0,6,0.4399999999999906,0.038000000000010914,0.03500000000002501,0.03500000000002501,0.0,1762268408501,1762268408583,,,,,,,,,,,,,,,,9
ren_online_only,ACCESS,40.000,0.0/0.1/0.01,600,2,2,ok,,0,1,79.56383400050981,1413.0,6,0.47800000000000153,0.04200000000003001,0.03600000000005821,0.03600000000005821,0.0,1762268409189,1762268409269,,,,,,,,,,,,,,,,9
ren_online_only,ACCESS,40.000,0.0/0.1/0.01,600,2,3,ok,,0,1,74.70370800001547,1415.0,6,0.4450000000000003,0.04300000000006321,0.05400000000003047,0.05400000000003047,0.0,1762268409909,1762268409983,,,,,,,,,,,,,,,,9
ren_online_only,ACCESS,40.000,0.0/0.1/0.01,600,2,4,ok,,0,1,75.18462500047463,1418.0,6,0.541000000000011,0.026000000000067303,0.03699999999997772,0.03699999999997772,0.0,1762268410605,1762268410680,,,,,,,,,,,,,,,,9
ren_online_only,ACCESS,40.000,0.0/0.1/0.01,600,2,5,ok,,0,1,79.59862499956216,1418.0,6,0.42500000000000426,0.03399999999993497,0.038000000000010914,0.038000000000010914,0.0,1762268411297,1762268411377,,,,,,,,,,,,,,,,9
ren_online_only,ACCESS,40.000,0.0/0.1/0.01,600,2,6,ok,,0,1,80.02633400064951,1414.0,6,0.6779999999999973,0.08799999999996544,0.05899999999996908,0.05899999999996908,0.0,1762268412025,1762268412105,,,,,,,,,,,,,,,,9
ren_online_only,ACCESS,40.000,0.0/0.1/0.01,600,2,7,ok,,0,1,81.91695800087473,1415.0,6,0.5249999999999986,0.03200000000003911,0.03100000000000591,0.03100000000000591,0.0,1762268412750,1762268412832,,,,,,,,,,,,,,,,9
ren_online_only,ACCESS,40.000,0.0/0.1/0.01,600,2,8,ok,,0,1,85.10162499987928,1417.0,6,0.46700000000000585,0.04200000000003001,0.04400000000003956,0.04400000000003956,0.0,1762268413487,1762268413572,,,,,,,,,,,,,,,,9
ren_online_only,ACCESS,40.000,0.0/0.1/0.01,600,2,9,ok,,0,1,71.23783300085051,1412.0,6,0.6879999999999953,0.1220000000000141,0.09200000000004138,0.09200000000004138,0.0,1762268414218,1762268414289,,,,,,,,,,,,,,,,9
ren_online_only,ACCESS,40.000,0.0/0.1/0.01,600,2,10,ok,,0,1,70.54874999994354,1414.0,6,0.6139999999999972,0.08200000000005048,0.06800000000004047,0.06800000000004047,0.0,1762268414922,1762268414992,,,,,,,,,,,,,,,,9
ren_online_only,ACCESS,40.000,0.0/0.1/0.01,600,2,11,ok,,0,1,71.88995899923611,1417.0,6,0.6060000000000016,0.043999999999925876,0.03800000000006776,0.03800000000006776,0.0,1762268415599,1762268415671,,,,,,,,,,,,,,,,9
ren_online_only,ACCESS,40.000,0.0/0.1/0.01,600,2,12,ok,,0,1,84.95158400000946,1415.0,6,0.4589999999999961,0.03200000000003911,0.03000000000002956,0.03000000000002956,0.0,1762268416301,1762268416386,,,,,,,,,,,,,,,,9
ren_online_only,ACCESS,40.000,0.0/0.1/0.01,600,2,13,ok,,0,1,69.85099999837985,1414.0,6,0.6460000000000008,0.0999999999999659,0.10000000000002274,0.10000000000002274,0.0,1762268417080,1762268417149,,,,,,,,,,,,,,,,9
ren_online_only,ACCESS,40.000,0.0/0.1/0.01,600,2,14,ok,,0,1,81.31620800122619,1417.0,6,0.5070000000000121,0.03100000000000591,0.03200000000003911,0.03200000000003911,0.0,1762268417755,1762268417836,,,,,,,,,,,,,,,,9
ren_online_only,ACCESS,40.000,0.0/0.1/0.01,600,2,15,ok,,0,1,76.97954200011736,1416.0,6,0.4210000000000065,0.03100000000000591,0.03400000000004866,0.03400000000004866,0.0,1762268418490,1762268418567,,,,,,,,,,,,,,,,9
ren_online_only,ACCESS,40.000,0.0/0.1/0.01,600,2,16,ok,,0,1,80.93650000046182,1417.0,6,0.4280000000000044,0.029999999999972715,0.025999999999953616,0.025999999999953616,0.0,1762268419218,1762268419299,,,,,,,,,,,,,,,,9
ren_online_only,ACCESS,40.000,0.0/0.1/0.01,600,2,17,ok,,0,1,77.76970800114213,1417.0,6,0.4019999999999939,0.04000000000007731,0.029999999999972715,0.029999999999972715,0.0,1762268419906,1762268419984,,,,,,,,,,,,,,,,9
ren_online_only,ACCESS,40.000,0.0/0.1/0.01,600,2,18,ok,,0,1,83.38745899891364,1414.0,6,0.4580000000000055,0.03999999999996362,0.03700000000003456,0.03700000000003456,0.0,1762268420640,1762268420723,,,,,,,,,,,,,,,,9
ren_online_only,ACCESS,40.000,0.0/0.1/0.01,600,2,19,ok,,0,1,76.12300000073446,1414.0,6,0.6490000000000009,0.08200000000005048,0.0949999999999136,0.0949999999999136,0.0,1762268421377,1762268421453,,,,,,,,,,,,,,,,9
ren_online_only,ACCESS,40.000,0.0/0.1/0.01,600,2,20,ok,,0,1,73.9219580009376,1417.0,6,0.6150000000000091,0.043999999999925876,0.03899999999998727,0.03899999999998727,0.0,1762268422108,1762268422182,,,,,,,,,,,,,,,,9
ren_online_only,ACCESS,52.000,0.0/0.0/0.01,200,2,1,ok,,0,1,93.06945899879793,1415.0,6,0.4399999999999906,0.036999999999920874,0.03900000000004411,0.03900000000004411,0.0,1762268422821,1762268422915,,,,,,,,,,,,,,,,10
ren_online_only,ACCESS,52.000,0.0/0.0/0.01,200,2,2,ok,,0,1,95.35358399989491,1417.0,6,0.4339999999999975,0.02899999999993952,0.04000000000007731,0.04000000000007731,0.0,1762268423571,1762268423667,,,,,,,,,,,,,,,,10
ren_online_only,ACCESS,52.000,0.0/0.0/0.01,200,2,3,ok,,0,1,98.29654100030893,1414.0,6,0.4350000000000094,0.04500000000007276,0.03899999999998727,0.03899999999998727,0.0,1762268424339,1762268424438,,,,,,,,,,,,,,,,10
ren_online_only,ACCESS,52.000,0.0/0.0/0.01,200,2,4,ok,,0,1,91.79641599985189,1416.0,6,0.5309999999999988,0.02699999999992997,0.038000000000010914,0.038000000000010914,0.0,1762268425095,1762268425187,,,,,,,,,,,,,,,,10
ren_online_only,ACCESS,52.000,0.0/0.0/0.01,200,2,5,ok,,0,1,93.18791700025031,1415.0,6,0.5549999999999997,0.04099999999993997,0.038000000000010914,0.038000000000010914,0.0,1762268425841,1762268425934,,,,,,,,,,,,,,,,10
ren_online_only,ACCESS,52.000,0.0/0.0/0.01,200,2,6,ok,,0,1,94.85520800080849,1415.0,6,0.4340000000000046,0.028999999999996362,0.03600000000005821,0.03600000000005821,0.0,1762268426673,1762268426768,,,,,,,,,,,,,,,,10
ren_online_only,ACCESS,52.000,0.0/0.0/0.01,200,2,7,ok,,0,1,92.22412499912025,1414.0,6,0.7469999999999999,0.07600000000002183,0.05200000000002092,0.05200000000002092,0.0,1762268427428,1762268427520,,,,,,,,,,,,,,,,10
ren_online_only,ACCESS,52.000,0.0/0.0/0.01,200,2,8,ok,,0,1,98.90733300017018,1414.0,6,0.8439999999999941,0.033999999999991815,0.03999999999996362,0.03999999999996362,0.0,1762268428202,1762268428301,,,,,,,,,,,,,,,,10
ren_online_only,ACCESS,52.000,0.0/0.0/0.01,200,2,9,ok,,0,1,100.26908299914794,1415.0,6,0.5339999999999989,0.03200000000003911,0.04800000000000182,0.04800000000000182,0.0,1762268428985,1762268429085,,,,,,,,,,,,,,,,10
ren_online_only,ACCESS,52.000,0.0/0.0/0.01,200,2,10,ok,,0,1,93.53370899953006,1414.0,6,0.6709999999999852,0.051000000000044565,0.05499999999994998,0.05499999999994998,0.0,1762268429713,1762268429807,,,,,,,,,,,,,,,,10
ren_online_only,ACCESS,52.000,0.0/0.0/0.01,200,2,11,ok,,0,1,97.76004099876445,1415.0,6,0.7279999999999944,0.10999999999989996,0.07799999999997453,0.07799999999997453,0.0,1762268430436,1762268430534,,,,,,,,,,,,,,,,10
ren_online_only,ACCESS,52.000,0.0/0.0/0.01,200,2,12,ok,,0,1,98.99495799982105,1416.0,6,0.4999999999999929,0.02800000000002001,0.045000000000015916,0.045000000000015916,0.0,1762268431174,1762268431273,,,,,,,,,,,,,,,,10
ren_online_only,ACCESS,52.000,0.0/0.0/0.01,200,2,13,ok,,0,1,92.79633300138812,1415.0,6,0.5009999999999977,0.03899999999998727,0.03699999999997772,0.03699999999997772,0.0,1762268431918,1762268432011,,,,,,,,,,,,,,,,10
ren_online_only,ACCESS,52.000,0.0/0.0/0.01,200,2,14,ok,,0,1,102.21095899942156,1416.0,6,0.4519999999999982,0.03099999999994907,0.026999999999986812,0.026999999999986812,0.0,1762268432625,1762268432728,,,,,,,,,,,,,,,,10
ren_online_only,ACCESS,52.000,0.0/0.0/0.01,200,2,15,ok,,0,1,94.08729200004018,1416.0,6,0.46999999999999176,0.033999999999991815,0.045000000000015916,0.045000000000015916,0.0,1762268433370,1762268433464,,,,,,,,,,,,,,,,10
ren_online_only,ACCESS,52.000,0.0/0.0/0.01,200,2,16,ok,,0,1,96.4117500006978,1415.0,6,0.5589999999999975,0.04100000000005366,0.03000000000002956,0.03000000000002956,0.0,1762268434134,1762268434231,,,,,,,,,,,,,,,,10
ren_online_only,ACCESS,52.000,0.0/0.0/0.01,200,2,17,ok,,0,1,84.27270800166298,1415.0,6,1.1000000000000014,0.09699999999997999,0.08100000000001728,0.08100000000001728,0.0,1762268434877,1762268434961,,,,,,,,,,,,,,,,10
ren_online_only,ACCESS,52.000,0.0/0.0/0.01,200,2,18,ok,,0,1,91.4111670008424,1414.0,6,0.759999999999998,0.11000000000001364,0.07900000000000773,0.07900000000000773,0.0,1762268435562,1762268435654,,,,,,,,,,,,,,,,10
ren_online_only,ACCESS,52.000,0.0/0.0/0.01,200,2,19,ok,,0,1,92.72787500049162,1416.0,6,0.605000000000004,0.07699999999999818,0.06100000000003547,0.06100000000003547,0.0,1762268436254,1762268436347,,,,,,,,,,,,,,,,10
ren_online_only,ACCESS,52.000,0.0/0.0/0.01,200,2,20,ok,,0,1,94.18083300079161,1415.0,6,0.4230000000000018,0.03300000000001546,0.03000000000002956,0.03000000000002956,0.0,1762268436987,1762268437081,,,,,,,,,,,,,,,,10
ren_online_only,ACCESS,52.000,0.0/0.0/0.01,400,2,1,ok,,0,1,97.29608300040127,1413.0,6,0.6430000000000007,0.049999999999954525,0.04699999999996862,0.04699999999996862,0.0,1762268437728,1762268437825,,,,,,,,,,,,,,,,10
ren_online_only,ACCESS,52.000,0.0/0.0/0.01,400,2,2,ok,,0,1,98.6484160002874,1416.0,6,0.5420000000000016,0.03899999999998727,0.04899999999997817,0.04899999999997817,0.0,1762268438477,1762268438576,,,,,,,,,,,,,,,,10
ren_online_only,ACCESS,52.000,0.0/0.0/0.01,400,2,3,ok,,0,1,94.9050420003914,1417.0,6,0.6870000000000118,0.09600000000000364,0.053999999999973625,0.053999999999973625,0.0,1762268439231,1762268439326,,,,,,,,,,,,,,,,10
ren_online_only,ACCESS,52.000,0.0/0.0/0.01,400,2,4,ok,,0,1,89.8060829986207,1414.0,6,0.5110000000000028,0.044000000000096406,0.04099999999999682,0.04099999999999682,0.0,1762268439953,1762268440043,,,,,,,,,,,,,,,,10
ren_online_only,ACCESS,52.000,0.0/0.0/0.01,400,2,5,ok,,0,1,89.03825000015786,1415.0,6,0.6180000000000021,0.03799999999989723,0.03999999999996362,0.03999999999996362,0.0,1762268440681,1762268440770,,,,,,,,,,,,,,,,10
ren_online_only,ACCESS,52.000,0.0/0.0/0.01,400,2,6,ok,,0,1,90.4614169994602,1416.0,6,0.517000000000003,0.10099999999999909,0.07000000000005002,0.07000000000005002,0.0,1762268441418,1762268441509,,,,,,,,,,,,,,,,10
ren_online_only,ACCESS,52.000,0.0/0.0/0.01,400,2,7,ok,,0,1,96.85662499941827,1415.0,6,0.5339999999999989,0.02800000000002001,0.03200000000003911,0.03200000000003911,0.0,1762268442166,1762268442263,,,,,,,,,,,,,,,,10
ren_online_only,ACCESS,52.000,0.0/0.0/0.01,400,2,8,ok,,0,1,95.59774999979709,1415.0,6,0.47100000000000364,0.02600000000018099,0.04099999999999682,0.04099999999999682,0.0,1762268442912,1762268443008,,,,,,,,,,,,,,,,10
ren_online_only,ACCESS,52.000,0.0/0.0/0.01,400,2,9,ok,,0,1,91.87479200045345,1415.0,6,0.43599999999999284,0.04499999999995907,0.03999999999996362,0.03999999999996362,0.0,1762268443672,1762268443764,,,,,,,,,,,,,,,,10
ren_online_only,ACCESS,52.000,0.0/0.0/0.01,400,2,10,ok,,0,1,94.14850000030128,1414.0,6,0.6239999999999952,0.07699999999999818,0.07300000000003593,0.07300000000003593,0.0,1762268444414,1762268444508,,,,,,,,,,,,,,,,10
ren_online_only,ACCESS,52.000,0.0/0.0/0.01,400,2,11,ok,,0,1,84.74500000011176,1418.0,6,0.4060000000000059,0.026000000000067303,0.026000000000124146,0.026000000000124146,0.0,1762268445148,1762268445232,,,,,,,,,,,,,,,,10
ren_online_only,ACCESS,52.000,0.0/0.0/0.01,400,2,12,ok,,0,1,92.60962500047754,1414.0,6,0.41100000000000136,0.04000000000007731,0.03700000000003456,0.03700000000003456,0.0,1762268445888,1762268445981,,,,,,,,,,,,,,,,10
ren_online_only,ACCESS,52.000,0.0/0.0/0.01,400,2,13,ok,,0,1,93.45100000064122,1415.0,6,0.4619999999999891,0.03099999999994907,0.03699999999997772,0.03699999999997772,0.0,1762268446651,1762268446744,,,,,,,,,,,,,,,,10
ren_online_only,ACCESS,52.000,0.0/0.0/0.01,400,2,14,ok,,0,1,87.9428749994986,1415.0,6,0.49500000000000455,0.03899999999998727,0.18600000000003547,0.18600000000003547,0.0,1762268447403,1762268447491,,,,,,,,,,,,,,,,10
ren_online_only,ACCESS,52.000,0.0/0.0/0.01,400,2,15,ok,,0,1,103.31558299913013,1415.0,6,0.536999999999999,0.02900000000011005,0.027999999999963165,0.027999999999963165,0.0,1762268448094,1762268448198,,,,,,,,,,,,,,,,10
ren_online_only,ACCESS,52.000,0.0/0.0/0.01,400,2,16,ok,,0,1,95.17095899900596,1414.0,6,0.7070000000000007,0.03999999999984993,0.04899999999997817,0.04899999999997817,0.0,1762268448859,1762268448954,,,,,,,,,,,,,,,,10
ren_online_only,ACCESS,52.000,0.0/0.0/0.01,400,2,17,ok,,0,1,97.05333300007624,1418.0,6,0.4510000000000005,0.044000000000096406,0.028999999999996362,0.028999999999996362,0.0,1762268449598,1762268449695,,,,,,,,,,,,,,,,10
ren_online_only,ACCESS,52.000,0.0/0.0/0.01,400,2,18,ok,,0,1,90.30833299948426,1417.0,6,0.5420000000000087,0.047000000000025466,0.04100000000005366,0.04100000000005366,0.0,1762268450386,1762268450476,,,,,,,,,,,,,,,,10
ren_online_only,ACCESS,52.000,0.0/0.0/0.01,400,2,19,ok,,0,1,93.54704200086417,1415.0,6,0.4209999999999994,0.04000000000007731,0.03100000000000591,0.03100000000000591,0.0,1762268451121,1762268451214,,,,,,,,,,,,,,,,10
ren_online_only,ACCESS,52.000,0.0/0.0/0.01,400,2,20,ok,,0,1,96.4103750011418,1413.0,6,0.4299999999999926,0.043000000000006366,0.03699999999997772,0.03699999999997772,0.0,1762268451886,1762268451983,,,,,,,,,,,,,,,,10
ren_online_only,ACCESS,52.000,0.0/0.0/0.01,600,2,1,ok,,0,1,90.55745799923898,1416.0,6,0.5189999999999984,0.03099999999983538,0.051999999999964075,0.051999999999964075,0.0,1762268452624,1762268452715,,,,,,,,,,,,,,,,10
ren_online_only,ACCESS,52.000,0.0/0.0/0.01,600,2,2,ok,,0,1,90.41337499911606,1415.0,6,0.6799999999999997,0.07299999999997908,0.05299999999994043,0.05299999999994043,0.0,1762268453433,1762268453524,,,,,,,,,,,,,,,,10
ren_online_only,ACCESS,52.000,0.0/0.0/0.01,600,2,3,ok,,0,1,98.12491600132489,1413.0,6,0.6310000000000002,0.09500000000002728,0.08100000000001728,0.08100000000001728,0.0,1762268454179,1762268454277,,,,,,,,,,,,,,,,10
ren_online_only,ACCESS,52.000,0.0/0.0/0.01,600,2,4,ok,,0,1,87.73174999987532,1413.0,6,1.0930000000000035,0.10599999999999454,0.05500000000000682,0.05500000000000682,0.0,1762268454928,1762268455016,,,,,,,,,,,,,,,,10
ren_online_only,ACCESS,52.000,0.0/0.0/0.01,600,2,5,ok,,0,1,93.0403340007615,1417.0,6,0.6480000000000103,0.06899999999995998,0.05099999999993088,0.05099999999993088,0.0,1762268455681,1762268455774,,,,,,,,,,,,,,,,10
ren_online_only,ACCESS,52.000,0.0/0.0/0.01,600,2,6,ok,,0,1,102.19195799982117,1414.0,6,0.48100000000000165,0.02800000000002001,0.03700000000003456,0.03700000000003456,0.0,1762268456380,1762268456482,,,,,,,,,,,,,,,,10
ren_online_only,ACCESS,52.000,0.0/0.0/0.01,600,2,7,ok,,0,1,97.39558299952478,1415.0,6,0.4370000000000047,0.03599999999994452,0.029000000000053205,0.029000000000053205,0.0,1762268457121,1762268457218,,,,,,,,,,,,,,,,10
ren_online_only,ACCESS,52.000,0.0/0.0/0.01,600,2,8,ok,,0,1,90.82629200020165,1416.0,6,0.40399999999999636,0.03600000000005821,0.038000000000010914,0.038000000000010914,0.0,1762268457812,1762268457902,,,,,,,,,,,,,,,,10
ren_online_only,ACCESS,52.000,0.0/0.0/0.01,600,2,9,ok,,0,1,91.2880830001086,1414.0,6,0.46699999999999875,0.04100000000005366,0.05099999999998772,0.05099999999998772,0.0,1762268458559,1762268458650,,,,,,,,,,,,,,,,10
ren_online_only,ACCESS,52.000,0.0/0.0/0.01,600,2,10,ok,,0,1,92.29695800058835,1416.0,6,0.4209999999999994,0.02800000000002001,0.04399999999998272,0.04399999999998272,0.0,1762268459319,1762268459411,,,,,,,,,,,,,,,,10
ren_online_only,ACCESS,52.000,0.0/0.0/0.01,600,2,11,ok,,0,1,94.21554099935747,1415.0,6,0.5179999999999936,0.04200000000003001,0.049999999999954525,0.049999999999954525,0.0,1762268460048,1762268460143,,,,,,,,,,,,,,,,10
ren_online_only,ACCESS,52.000,0.0/0.0/0.01,600,2,12,ok,,0,1,89.97724999971979,1418.0,6,0.4130000000000038,0.024999999999977263,0.03000000000002956,0.03000000000002956,0.0,1762268460786,1762268460876,,,,,,,,,,,,,,,,10
ren_online_only,ACCESS,52.000,0.0/0.0/0.01,600,2,13,ok,,0,1,91.76279100029205,1417.0,6,0.46299999999999386,0.025999999999953616,0.03800000000006776,0.03800000000006776,0.0,1762268461512,1762268461604,,,,,,,,,,,,,,,,10
ren_online_only,ACCESS,52.000,0.0/0.0/0.01,600,2,14,ok,,0,1,87.74083299977065,1416.0,6,0.4199999999999946,0.03999999999984993,0.02899999999993952,0.02899999999993952,0.0,1762268462260,1762268462348,,,,,,,,,,,,,,,,10
ren_online_only,ACCESS,52.000,0.0/0.0/0.01,600,2,15,ok,,0,1,89.60020899939991,1416.0,6,0.4379999999999953,0.02699999999992997,0.03100000000000591,0.03100000000000591,0.0,1762268462987,1762268463077,,,,,,,,,,,,,,,,10
ren_online_only,ACCESS,52.000,0.0/0.0/0.01,600,2,16,ok,,0,1,94.30266699928325,1417.0,6,0.46000000000000085,0.056000000000153705,0.043999999999925876,0.043999999999925876,0.0,1762268463734,1762268463828,,,,,,,,,,,,,,,,10
ren_online_only,ACCESS,52.000,0.0/0.0/0.01,600,2,17,ok,,0,1,97.21895899929223,1416.0,6,0.502999999999993,0.036999999999920874,0.04800000000000182,0.04800000000000182,0.0,1762268464467,1762268464564,,,,,,,,,,,,,,,,10
ren_online_only,ACCESS,52.000,0.0/0.0/0.01,600,2,18,ok,,0,1,92.08887500062701,1415.0,6,0.4269999999999996,0.03200000000003911,0.03600000000005821,0.03600000000005821,0.0,1762268465224,1762268465316,,,,,,,,,,,,,,,,10
ren_online_only,ACCESS,52.000,0.0/0.0/0.01,600,2,19,ok,,0,1,86.31612499993935,1416.0,6,0.48100000000000165,0.03999999999996362,0.03899999999998727,0.03899999999998727,0.0,1762268465950,1762268466036,,,,,,,,,,,,,,,,10
ren_online_only,ACCESS,52.000,0.0/0.0/0.01,600,2,20,ok,,0,1,98.13079199921049,1415.0,6,0.4549999999999983,0.03200000000003911,0.04800000000000182,0.04800000000000182,0.0,1762268466691,1762268466789,,,,,,,,,,,,,,,,10
ren_online_only,ACCESS,52.000,0.0/0.1/0.01,200,2,1,ok,,0,1,93.35604199986847,1416.0,6,0.5920000000000059,0.06000000000005912,0.057999999999992724,0.057999999999992724,0.0,1762268467442,1762268467535,,,,,,,,,,,,,,,,11
ren_online_only,ACCESS,52.000,0.0/0.1/0.01,200,2,2,ok,,0,1,97.25175000130548,1415.0,6,0.43900000000000716,0.03499999999996817,0.03100000000000591,0.03100000000000591,0.0,1762268468173,1762268468271,,,,,,,,,,,,,,,,11
ren_online_only,ACCESS,52.000,0.0/0.1/0.01,200,2,3,ok,,0,1,95.02904199871409,1415.0,6,0.42500000000000426,0.03099999999994907,0.04499999999995907,0.04499999999995907,0.0,1762268468941,1762268469036,,,,,,,,,,,,,,,,11
ren_online_only,ACCESS,52.000,0.0/0.1/0.01,200,2,4,ok,,0,1,97.79762499965727,1415.0,6,0.44300000000000495,0.02800000000002001,0.036999999999920874,0.036999999999920874,0.0,1762268469671,1762268469768,,,,,,,,,,,,,,,,11
ren_online_only,ACCESS,52.000,0.0/0.1/0.01,200,2,5,ok,,0,1,92.11279100054526,1414.0,6,0.4200000000000017,0.03099999999983538,0.02800000000002001,0.02800000000002001,0.0,1762268470425,1762268470518,,,,,,,,,,,,,,,,11
ren_online_only,ACCESS,52.000,0.0/0.1/0.01,200,2,6,ok,,0,1,96.65541700087488,1416.0,6,0.43199999999999505,0.029999999999972715,0.04000000000007731,0.04000000000007731,0.0,1762268471167,1762268471264,,,,,,,,,,,,,,,,11
ren_online_only,ACCESS,52.000,0.0/0.1/0.01,200,2,7,ok,,0,1,98.39437499977066,1416.0,6,0.42900000000000205,0.05000000000006821,0.04599999999999227,0.04599999999999227,0.0,1762268471919,1762268472017,,,,,,,,,,,,,,,,11
ren_online_only,ACCESS,52.000,0.0/0.1/0.01,200,2,8,ok,,0,1,92.52816700063704,1418.0,6,0.4469999999999956,0.043000000000006366,0.037000000000091404,0.037000000000091404,0.0,1762268472654,1762268472747,,,,,,,,,,,,,,,,11
ren_online_only,ACCESS,52.000,0.0/0.1/0.01,200,2,9,ok,,0,1,107.45854200104077,1415.0,6,0.4480000000000075,0.027000000000043656,0.040000000000020464,0.040000000000020464,0.0,1762268473406,1762268473513,,,,,,,,,,,,,,,,11
ren_online_only,ACCESS,52.000,0.0/0.1/0.01,200,2,10,ok,,0,1,86.52608400007011,1416.0,6,0.4960000000000022,0.03899999999998727,0.03500000000002501,0.03500000000002501,0.0,1762268474165,1762268474251,,,,,,,,,,,,,,,,11
ren_online_only,ACCESS,52.000,0.0/0.1/0.01,200,2,11,ok,,0,1,85.05579200027569,1413.0,6,0.8410000000000011,0.12200000000007094,0.132000000000005,0.132000000000005,0.0,1762268474844,1762268474929,,,,,,,,,,,,,,,,11
ren_online_only,ACCESS,52.000,0.0/0.1/0.01,200,2,12,ok,,0,1,95.10345800117648,1418.0,6,0.4239999999999995,0.038000000000010914,0.03499999999996817,0.03499999999996817,0.0,1762268475516,1762268475611,,,,,,,,,,,,,,,,11
ren_online_only,ACCESS,52.000,0.0/0.1/0.01,200,2,13,ok,,0,1,85.36004200141178,1416.0,6,0.40799999999999415,0.04100000000005366,0.033999999999991815,0.033999999999991815,0.0,1762268476232,1762268476317,,,,,,,,,,,,,,,,11
ren_online_only,ACCESS,52.000,0.0/0.1/0.01,200,2,14,ok,,0,1,92.70970900070097,1416.0,6,0.4579999999999913,0.024999999999977263,0.03399999999993497,0.03399999999993497,0.0,1762268476975,1762268477068,,,,,,,,,,,,,,,,11
ren_online_only,ACCESS,52.000,0.0/0.1/0.01,200,2,15,ok,,0,1,82.0642910002789,1416.0,6,0.4059999999999988,0.033999999999991815,0.03499999999996817,0.03499999999996817,0.0,1762268477710,1762268477792,,,,,,,,,,,,,,,,11
ren_online_only,ACCESS,52.000,0.0/0.1/0.01,200,2,16,ok,,0,1,95.30904200073564,1414.0,6,0.4059999999999917,0.05200000000002092,0.043000000000006366,0.043000000000006366,0.0,1762268478442,1762268478537,,,,,,,,,,,,,,,,11
ren_online_only,ACCESS,52.000,0.0/0.1/0.01,200,2,17,ok,,0,1,97.88762500102166,1414.0,6,0.49100000000000676,0.03200000000003911,0.03400000000004866,0.03400000000004866,0.0,1762268479177,1762268479275,,,,,,,,,,,,,,,,11
ren_online_only,ACCESS,52.000,0.0/0.1/0.01,200,2,18,ok,,0,1,86.55324999926961,1415.0,6,0.41199999999999903,0.03999999999996362,0.03700000000003456,0.03700000000003456,0.0,1762268479946,1762268480033,,,,,,,,,,,,,,,,11
ren_online_only,ACCESS,52.000,0.0/0.1/0.01,200,2,19,ok,,0,1,96.36070799933805,1416.0,6,0.480000000000004,0.03999999999996362,0.040000000000020464,0.040000000000020464,0.0,1762268480697,1762268480793,,,,,,,,,,,,,,,,11
ren_online_only,ACCESS,52.000,0.0/0.1/0.01,200,2,20,ok,,0,1,88.94450000116194,1414.0,6,0.4270000000000067,0.04399999999998272,0.03799999999995407,0.03799999999995407,0.0,1762268481422,1762268481511,,,,,,,,,,,,,,,,11
ren_online_only,ACCESS,52.000,0.0/0.1/0.01,400,2,1,ok,,0,1,87.22362499975134,1414.0,6,0.4030000000000058,0.02900000000011005,0.025999999999953616,0.025999999999953616,0.0,1762268482173,1762268482260,,,,,,,,,,,,,,,,11
ren_online_only,ACCESS,52.000,0.0/0.1/0.01,400,2,2,ok,,0,1,92.61624999999185,1417.0,6,0.42900000000000915,0.03700000000003456,0.045000000000015916,0.045000000000015916,0.0,1762268482908,1762268483000,,,,,,,,,,,,,,,,11
ren_online_only,ACCESS,52.000,0.0/0.1/0.01,400,2,3,ok,,0,1,90.87620799982687,1416.0,6,0.4609999999999985,0.03099999999994907,0.03999999999996362,0.03999999999996362,0.0,1762268483663,1762268483754,,,,,,,,,,,,,,,,11
ren_online_only,ACCESS,52.000,0.0/0.1/0.01,400,2,4,ok,,0,1,89.45654099989042,1419.0,6,0.3960000000000008,0.026000000000067303,0.028999999999996362,0.028999999999996362,0.0,1762268484372,1762268484462,,,,,,,,,,,,,,,,11
ren_online_only,ACCESS,52.000,0.0/0.1/0.01,400,2,5,ok,,0,1,94.09279200008314,1416.0,6,0.4479999999999933,0.02699999999992997,0.033999999999991815,0.033999999999991815,0.0,1762268485141,1762268485236,,,,,,,,,,,,,,,,11
ren_online_only,ACCESS,52.000,0.0/0.1/0.01,400,2,6,ok,,0,1,90.0257920002332,1415.0,6,0.44599999999999795,0.03899999999998727,0.04099999999993997,0.04099999999993997,0.0,1762268485881,1762268485971,,,,,,,,,,,,,,,,11
ren_online_only,ACCESS,52.000,0.0/0.1/0.01,400,2,7,ok,,0,1,90.30004200030817,1412.0,6,0.544000000000004,0.08399999999994634,0.06899999999995998,0.06899999999995998,0.0,1762268486627,1762268486718,,,,,,,,,,,,,,,,11
ren_online_only,ACCESS,52.000,0.0/0.1/0.01,400,2,8,ok,,0,1,92.04720799971255,1415.0,6,0.45300000000000296,0.03899999999998727,0.03500000000002501,0.03500000000002501,0.0,1762268487357,1762268487449,,,,,,,,,,,,,,,,11
ren_online_only,ACCESS,52.000,0.0/0.1/0.01,400,2,9,ok,,0,1,94.81729199978872,1418.0,6,0.45300000000000296,0.028999999999996362,0.03000000000002956,0.03000000000002956,0.0,1762268488087,1762268488182,,,,,,,,,,,,,,,,11
ren_online_only,ACCESS,52.000,0.0/0.1/0.01,400,2,10,ok,,0,1,93.04204200088861,1414.0,6,0.45999999999999375,0.03700000000003456,0.03999999999996362,0.03999999999996362,0.0,1762268488863,1762268488956,,,,,,,,,,,,,,,,11
ren_online_only,ACCESS,52.000,0.0/0.1/0.01,400,2,11,ok,,0,1,94.7970829984115,1417.0,6,0.5030000000000001,0.036999999999920874,0.04700000000008231,0.04700000000008231,0.0,1762268489608,1762268489703,,,,,,,,,,,,,,,,11
ren_online_only,ACCESS,52.000,0.0/0.1/0.01,400,2,12,ok,,0,1,98.20516699983273,1417.0,6,0.43300000000000693,0.027999999999906322,0.03699999999997772,0.03699999999997772,0.0,1762268490322,1762268490420,,,,,,,,,,,,,,,,11
ren_online_only,ACCESS,52.000,0.0/0.1/0.01,400,2,13,ok,,0,1,91.94449999995413,1415.0,6,0.45299999999999585,0.04100000000005366,0.033999999999991815,0.033999999999991815,0.0,1762268491044,1762268491136,,,,,,,,,,,,,,,,11
ren_online_only,ACCESS,52.000,0.0/0.1/0.01,400,2,14,ok,,0,1,92.53700000044773,1415.0,6,0.4229999999999947,0.04200000000003001,0.03799999999995407,0.03799999999995407,0.0,1762268491796,1762268491889,,,,,,,,,,,,,,,,11
ren_online_only,ACCESS,52.000,0.0/0.1/0.01,400,2,15,ok,,0,1,95.60291700108792,1415.0,6,0.44599999999999795,0.03999999999996362,0.033999999999991815,0.033999999999991815,0.0,1762268492531,1762268492627,,,,,,,,,,,,,,,,11
ren_online_only,ACCESS,52.000,0.0/0.1/0.01,400,2,16,ok,,0,1,99.09416600021359,1415.0,6,0.5929999999999893,0.06299999999998818,0.06799999999998363,0.06799999999998363,0.0,1762268493311,1762268493411,,,,,,,,,,,,,,,,11
ren_online_only,ACCESS,52.000,0.0/0.1/0.01,400,2,17,ok,,0,1,98.79879199979769,1415.0,6,0.43599999999999284,0.04500000000007276,0.03899999999998727,0.03899999999998727,0.0,1762268494072,1762268494171,,,,,,,,,,,,,,,,11
ren_online_only,ACCESS,52.000,0.0/0.1/0.01,400,2,18,ok,,0,1,86.26487500077928,1412.0,6,0.7530000000000001,0.0869999999998754,0.09199999999998454,0.09199999999998454,0.0,1762268494798,1762268494884,,,,,,,,,,,,,,,,11
ren_online_only,ACCESS,52.000,0.0/0.1/0.01,400,2,19,ok,,0,1,101.80379199846357,1417.0,6,0.44199999999999307,0.043000000000006366,0.03699999999997772,0.03699999999997772,0.0,1762268495508,1762268495609,,,,,,,,,,,,,,,,11
ren_online_only,ACCESS,52.000,0.0/0.1/0.01,400,2,20,ok,,0,1,90.6334160008555,1416.0,6,0.4609999999999985,0.02900000000011005,0.03199999999992542,0.03199999999992542,0.0,1762268496246,1762268496336,,,,,,,,,,,,,,,,11
ren_online_only,ACCESS,52.000,0.0/0.1/0.01,600,2,1,ok,,0,1,95.61499999836087,1415.0,6,0.4399999999999906,0.0380000000001246,0.038000000000010914,0.038000000000010914,0.0,1762268496961,1762268497056,,,,,,,,,,,,,,,,11
ren_online_only,ACCESS,52.000,0.0/0.1/0.01,600,2,2,ok,,0,1,92.93724999952246,1412.0,6,0.41100000000000136,0.028999999999996362,0.03999999999996362,0.03999999999996362,0.0,1762268497707,1762268497800,,,,,,,,,,,,,,,,11
ren_online_only,ACCESS,52.000,0.0/0.1/0.01,600,2,3,ok,,0,1,101.72954200061213,1417.0,6,0.4590000000000032,0.04100000000005366,0.038000000000010914,0.038000000000010914,0.0,1762268498457,1762268498558,,,,,,,,,,,,,,,,11
ren_online_only,ACCESS,52.000,0.0/0.1/0.01,600,2,4,ok,,0,1,90.50766600012139,1418.0,6,0.5,0.038000000000010914,0.036000000000001364,0.036000000000001364,0.0,1762268499214,1762268499304,,,,,,,,,,,,,,,,11
ren_online_only,ACCESS,52.000,0.0/0.1/0.01,600,2,5,ok,,0,1,87.29499900073279,1413.0,6,0.44700000000000273,0.028999999999996362,0.04800000000000182,0.04800000000000182,0.0,1762268499943,1762268500031,,,,,,,,,,,,,,,,11
ren_online_only,ACCESS,52.000,0.0/0.1/0.01,600,2,6,ok,,0,1,96.05841700067685,1415.0,6,0.4480000000000004,0.03999999999996362,0.04400000000003956,0.04400000000003956,0.0,1762268500682,1762268500778,,,,,,,,,,,,,,,,11
ren_online_only,ACCESS,52.000,0.0/0.1/0.01,600,2,7,ok,,0,1,87.466625000161,1416.0,6,0.4439999999999955,0.027000000000157343,0.04099999999993997,0.04099999999993997,0.0,1762268501438,1762268501525,,,,,,,,,,,,,,,,11
ren_online_only,ACCESS,52.000,0.0/0.1/0.01,600,2,8,ok,,0,1,88.87916700041387,1415.0,6,0.4439999999999955,0.04200000000003001,0.029999999999972715,0.029999999999972715,0.0,1762268502174,1762268502263,,,,,,,,,,,,,,,,11
ren_online_only,ACCESS,52.000,0.0/0.1/0.01,600,2,9,ok,,0,1,94.5977089995722,1416.0,6,0.4579999999999984,0.03300000000001546,0.03200000000003911,0.03200000000003911,0.0,1762268502899,1762268502994,,,,,,,,,,,,,,,,11
ren_online_only,ACCESS,52.000,0.0/0.1/0.01,600,2,10,ok,,0,1,96.78162499949394,1416.0,6,0.40800000000000836,0.04399999999998272,0.04400000000003956,0.04400000000003956,0.0,1762268503640,1762268503737,,,,,,,,,,,,,,,,11
ren_online_only,ACCESS,52.000,0.0/0.1/0.01,600,2,11,ok,,0,1,92.63545800058637,1418.0,6,0.44300000000000495,0.023000000000024556,0.031999999999982265,0.031999999999982265,0.0,1762268504388,1762268504480,,,,,,,,,,,,,,,,11
ren_online_only,ACCESS,52.000,0.0/0.1/0.01,600,2,12,ok,,0,1,85.93187500082422,1417.0,6,0.41100000000000136,0.03200000000003911,0.026999999999986812,0.026999999999986812,0.0,1762268505136,1762268505222,,,,,,,,,,,,,,,,11
ren_online_only,ACCESS,52.000,0.0/0.1/0.01,600,2,13,ok,,0,1,90.54245799961791,1414.0,6,0.4510000000000005,0.024999999999977263,0.03999999999996362,0.03999999999996362,0.0,1762268505844,1762268505934,,,,,,,,,,,,,,,,11
ren_online_only,ACCESS,52.000,0.0/0.1/0.01,600,2,14,ok,,0,1,100.93312499884632,1417.0,6,0.4510000000000005,0.04500000000007276,0.03100000000000591,0.03100000000000591,0.0,1762268506558,1762268506659,,,,,,,,,,,,,,,,11
ren_online_only,ACCESS,52.000,0.0/0.1/0.01,600,2,15,ok,,0,1,93.20300000035786,1414.0,6,0.4300000000000068,0.04099999999993997,0.026999999999986812,0.026999999999986812,0.0,1762268507305,1762268507398,,,,,,,,,,,,,,,,11
ren_online_only,ACCESS,52.000,0.0/0.1/0.01,600,2,16,ok,,0,1,94.3991250005638,1413.0,6,0.4510000000000005,0.03999999999984993,0.04099999999999682,0.04099999999999682,0.0,1762268508055,1762268508150,,,,,,,,,,,,,,,,11
ren_online_only,ACCESS,52.000,0.0/0.1/0.01,600,2,17,ok,,0,1,91.90962499997113,1415.0,6,0.4410000000000025,0.03200000000003911,0.03899999999998727,0.03899999999998727,0.0,1762268508783,1762268508875,,,,,,,,,,,,,,,,11
ren_online_only,ACCESS,52.000,0.0/0.1/0.01,600,2,18,ok,,0,1,87.75129099922196,1415.0,6,0.42900000000000205,0.025999999999953616,0.04099999999999682,0.04099999999999682,0.0,1762268509504,1762268509592,,,,,,,,,,,,,,,,11
ren_online_only,ACCESS,52.000,0.0/0.1/0.01,600,2,19,ok,,0,1,92.78591700058314,1418.0,6,0.5630000000000024,0.043000000000006366,0.05099999999998772,0.05099999999998772,0.0,1762268510213,1762268510305,,,,,,,,,,,,,,,,11
ren_online_only,ACCESS,52.000,0.0/0.1/0.01,600,2,20,ok,,0,1,92.95279199977813,1412.0,6,0.5600000000000023,0.04499999999995907,0.03899999999998727,0.03899999999998727,0.0,1762268510953,1762268511046,,,,,,,,,,,,,,,,11
ren_online_only,ACCESS,40.000,0.1/0.0/0.01,200,2,1,ok,,0,1,69.61820799915586,1414.0,6,0.5589999999999975,0.04499999999995907,0.05999999999994543,0.05999999999994543,0.0,1762268511727,1762268511797,,,,,,,,,,,,,,,,12
ren_online_only,ACCESS,40.000,0.1/0.0/0.01,200,2,2,ok,,0,1,72.66691599943442,1416.0,6,0.4339999999999904,0.04200000000003001,0.03500000000002501,0.03500000000002501,0.0,1762268512436,1762268512509,,,,,,,,,,,,,,,,12
ren_online_only,ACCESS,40.000,0.1/0.0/0.01,200,2,3,ok,,0,1,82.1522919995914,1417.0,6,0.4510000000000005,0.028999999999996362,0.03899999999998727,0.03899999999998727,0.0,1762268513141,1762268513223,,,,,,,,,,,,,,,,12
ren_online_only,ACCESS,40.000,0.1/0.0/0.01,200,2,4,ok,,0,1,72.94512500084238,1416.0,6,0.4230000000000018,0.031000000000062755,0.026999999999986812,0.026999999999986812,0.0,1762268513883,1762268513956,,,,,,,,,,,,,,,,12
ren_online_only,ACCESS,40.000,0.1/0.0/0.01,200,2,5,ok,,0,1,86.27154199893994,1415.0,6,0.5210000000000008,0.04100000000005366,0.04200000000003001,0.04200000000003001,0.0,1762268514614,1762268514700,,,,,,,,,,,,,,,,12
ren_online_only,ACCESS,40.000,0.1/0.0/0.01,200,2,6,ok,,0,1,78.93304200115381,1416.0,6,0.40100000000000335,0.02699999999992997,0.03699999999997772,0.03699999999997772,0.0,1762268515353,1762268515432,,,,,,,,,,,,,,,,12
ren_online_only,ACCESS,40.000,0.1/0.0/0.01,200,2,7,ok,,0,1,84.98845899885055,1418.0,6,0.4380000000000024,0.025999999999953616,0.029999999999972715,0.029999999999972715,0.0,1762268516054,1762268516139,,,,,,,,,,,,,,,,12
ren_online_only,ACCESS,40.000,0.1/0.0/0.01,200,2,8,ok,,0,1,80.16604199838184,1417.0,6,0.4350000000000094,0.025999999999953616,0.02800000000002001,0.02800000000002001,0.0,1762268516805,1762268516885,,,,,,,,,,,,,,,,12
ren_online_only,ACCESS,40.000,0.1/0.0/0.01,200,2,9,ok,,0,1,80.72133299901907,1416.0,6,0.5060000000000073,0.05300000000011096,0.043000000000006366,0.043000000000006366,0.0,1762268517516,1762268517597,,,,,,,,,,,,,,,,12
ren_online_only,ACCESS,40.000,0.1/0.0/0.01,200,2,10,ok,,0,1,77.4132920014381,1417.0,6,0.42199999999999704,0.038000000000010914,0.036999999999920874,0.036999999999920874,0.0,1762268518206,1762268518283,,,,,,,,,,,,,,,,12
ren_online_only,ACCESS,40.000,0.1/0.0/0.01,200,2,11,ok,,0,1,75.54562500081374,1415.0,6,0.4059999999999988,0.03700000000003456,0.03000000000002956,0.03000000000002956,0.0,1762268518923,1762268518998,,,,,,,,,,,,,,,,12
ren_online_only,ACCESS,40.000,0.1/0.0/0.01,200,2,12,ok,,0,1,78.03237599910062,1416.0,6,0.44999999999999574,0.027999999999906322,0.03600000000005821,0.03600000000005821,0.0,1762268519586,1762268519664,,,,,,,,,,,,,,,,12
ren_online_only,ACCESS,40.000,0.1/0.0/0.01,200,2,13,ok,,0,1,88.46516700032225,1415.0,6,0.4369999999999976,0.03700000000003456,0.03799999999995407,0.03799999999995407,0.0,1762268520338,1762268520426,,,,,,,,,,,,,,,,12
ren_online_only,ACCESS,40.000,0.1/0.0/0.01,200,2,14,ok,,0,1,73.17337499989662,1419.0,6,0.44200000000000017,0.041999999999916326,0.029000000000053205,0.029000000000053205,0.0,1762268521090,1762268521163,,,,,,,,,,,,,,,,12
ren_online_only,ACCESS,40.000,0.1/0.0/0.01,200,2,15,ok,,0,1,85.70379199954914,1416.0,6,0.402000000000001,0.02299999999991087,0.03799999999995407,0.03799999999995407,0.0,1762268521817,1762268521903,,,,,,,,,,,,,,,,12
ren_online_only,ACCESS,40.000,0.1/0.0/0.01,200,2,16,ok,,0,1,78.00641600078961,1416.0,6,0.43499999999999517,0.03899999999998727,0.03500000000002501,0.03500000000002501,0.0,1762268522522,1762268522600,,,,,,,,,,,,,,,,12
ren_online_only,ACCESS,40.000,0.1/0.0/0.01,200,2,17,ok,,0,1,80.3661669997382,1419.0,6,0.4140000000000015,0.033999999999991815,0.028999999999996362,0.028999999999996362,0.0,1762268523250,1762268523330,,,,,,,,,,,,,,,,12
ren_online_only,ACCESS,40.000,0.1/0.0/0.01,200,2,18,ok,,0,1,80.28945799924259,1415.0,6,0.41100000000000136,0.024999999999977263,0.04099999999999682,0.04099999999999682,0.0,1762268523968,1762268524048,,,,,,,,,,,,,,,,12
ren_online_only,ACCESS,40.000,0.1/0.0/0.01,200,2,19,ok,,0,1,80.51633300055983,1415.0,6,0.4170000000000016,0.027000000000043656,0.033999999999991815,0.033999999999991815,0.0,1762268524674,1762268524755,,,,,,,,,,,,,,,,12
ren_online_only,ACCESS,40.000,0.1/0.0/0.01,200,2,20,ok,,0,1,76.61904199994751,1416.0,6,0.42899999999999494,0.03999999999996362,0.036999999999920874,0.036999999999920874,0.0,1762268525355,1762268525431,,,,,,,,,,,,,,,,12
ren_online_only,ACCESS,40.000,0.1/0.0/0.01,400,2,1,ok,,0,1,73.92862500091724,1414.0,6,0.402000000000001,0.02400000000000091,0.04099999999999682,0.04099999999999682,0.0,1762268526057,1762268526131,,,,,,,,,,,,,,,,12
ren_online_only,ACCESS,40.000,0.1/0.0/0.01,400,2,2,ok,,0,1,73.01012499920034,1415.0,6,0.4280000000000044,0.03499999999996817,0.03800000000006776,0.03800000000006776,0.0,1762268526809,1762268526882,,,,,,,,,,,,,,,,12
ren_online_only,ACCESS,40.000,0.1/0.0/0.01,400,2,3,ok,,0,1,75.38554199891223,1416.0,6,0.4579999999999984,0.08000000000015461,0.07400000000001228,0.07400000000001228,0.0,1762268527520,1762268527595,,,,,,,,,,,,,,,,12
ren_online_only,ACCESS,40.000,0.1/0.0/0.01,400,2,4,ok,,0,1,85.31066700015799,1414.0,6,0.41499999999999915,0.03899999999998727,0.02800000000002001,0.02800000000002001,0.0,1762268528236,1762268528321,,,,,,,,,,,,,,,,12
ren_online_only,ACCESS,40.000,0.1/0.0/0.01,400,2,5,ok,,0,1,80.18508299937821,1418.0,6,0.4059999999999988,0.02800000000002001,0.028999999999996362,0.028999999999996362,0.0,1762268528962,1762268529043,,,,,,,,,,,,,,,,12
ren_online_only,ACCESS,40.000,0.1/0.0/0.01,400,2,6,ok,,0,1,84.87320800122689,1416.0,6,0.5079999999999956,0.04399999999998272,0.03299999999995862,0.03299999999995862,0.0,1762268529693,1762268529778,,,,,,,,,,,,,,,,12
ren_online_only,ACCESS,40.000,0.1/0.0/0.01,400,2,7,ok,,0,1,74.02249999904598,1417.0,6,0.4269999999999996,0.025999999999953616,0.03400000000004866,0.03400000000004866,0.0,1762268530426,1762268530500,,,,,,,,,,,,,,,,12
ren_online_only,ACCESS,40.000,0.1/0.0/0.01,400,2,8,ok,,0,1,83.21233300011954,1416.0,6,0.480000000000004,0.08899999999994179,0.05900000000002592,0.05900000000002592,0.0,1762268531101,1762268531184,,,,,,,,,,,,,,,,12
ren_online_only,ACCESS,40.000,0.1/0.0/0.01,400,2,9,ok,,0,1,75.61645900022995,1417.0,6,0.4160000000000039,0.03899999999998727,0.03299999999995862,0.03299999999995862,0.0,1762268531804,1762268531880,,,,,,,,,,,,,,,,12
ren_online_only,ACCESS,40.000,0.1/0.0/0.01,400,2,10,ok,,0,1,77.57316700008232,1414.0,6,0.5520000000000067,0.04800000000000182,0.04499999999995907,0.04499999999995907,0.0,1762268532521,1762268532599,,,,,,,,,,,,,,,,12
ren_online_only,ACCESS,40.000,0.1/0.0/0.01,400,2,11,ok,,0,1,82.52208300109487,1417.0,6,0.4310000000000116,0.03099999999994907,0.026999999999986812,0.026999999999986812,0.0,1762268533230,1762268533313,,,,,,,,,,,,,,,,12
ren_online_only,ACCESS,40.000,0.1/0.0/0.01,400,2,12,ok,,0,1,78.50870800029952,1418.0,6,0.41199999999999193,0.028999999999996362,0.029999999999972715,0.029999999999972715,0.0,1762268533938,1762268534016,,,,,,,,,,,,,,,,12
ren_online_only,ACCESS,40.000,0.1/0.0/0.01,400,2,13,ok,,0,1,74.23645800008671,1414.0,6,0.36699999999999733,0.02500000000009095,0.03300000000001546,0.03300000000001546,0.0,1762268534671,1762268534745,,,,,,,,,,,,,,,,12
ren_online_only,ACCESS,40.000,0.1/0.0/0.01,400,2,14,ok,,0,1,79.58045800114633,1416.0,6,0.43200000000000216,0.027000000000043656,0.033999999999991815,0.033999999999991815,0.0,1762268535405,1762268535485,,,,,,,,,,,,,,,,12
ren_online_only,ACCESS,40.000,0.1/0.0/0.01,400,2,15,ok,,0,1,79.00987500033807,1415.0,6,0.44000000000001194,0.03799999999989723,0.03599999999988768,0.03599999999988768,0.0,1762268536108,1762268536187,,,,,,,,,,,,,,,,12
ren_online_only,ACCESS,40.000,0.1/0.0/0.01,400,2,16,ok,,0,1,78.47583399961877,1415.0,6,0.44700000000000273,0.04499999999995907,0.04899999999997817,0.04899999999997817,0.0,1762268536835,1762268536913,,,,,,,,,,,,,,,,12
ren_online_only,ACCESS,40.000,0.1/0.0/0.01,400,2,17,ok,,0,1,71.37387500006298,1416.0,6,0.4340000000000046,0.02699999999992997,0.031999999999982265,0.031999999999982265,0.0,1762268537559,1762268537630,,,,,,,,,,,,,,,,12
ren_online_only,ACCESS,40.000,0.1/0.0/0.01,400,2,18,ok,,0,1,86.9452499991894,1418.0,6,0.4299999999999997,0.038000000000010914,0.036000000000001364,0.036000000000001364,0.0,1762268538229,1762268538316,,,,,,,,,,,,,,,,12
ren_online_only,ACCESS,40.000,0.1/0.0/0.01,400,2,19,ok,,0,1,75.36620800055971,1416.0,6,0.5839999999999961,0.07299999999997908,0.05400000000003047,0.05400000000003047,0.0,1762268538970,1762268539046,,,,,,,,,,,,,,,,12
ren_online_only,ACCESS,40.000,0.1/0.0/0.01,400,2,20,ok,,0,1,80.77425000010408,1417.0,6,0.4450000000000003,0.041999999999916326,0.03799999999995407,0.03799999999995407,0.0,1762268539665,1762268539746,,,,,,,,,,,,,,,,12
ren_online_only,ACCESS,40.000,0.1/0.0/0.01,600,2,1,ok,,0,1,79.67766699948697,1415.0,6,0.43900000000000716,0.02900000000011005,0.037000000000091404,0.037000000000091404,0.0,1762268540401,1762268540481,,,,,,,,,,,,,,,,12
ren_online_only,ACCESS,40.000,0.1/0.0/0.01,600,2,2,ok,,0,1,76.01558300120814,1417.0,6,0.5030000000000001,0.03799999999989723,0.035000000000081855,0.035000000000081855,0.0,1762268541106,1762268541182,,,,,,,,,,,,,,,,12
ren_online_only,ACCESS,40.000,0.1/0.0/0.01,600,2,3,ok,,0,1,76.63241699992795,1417.0,6,0.37599999999999767,0.025999999999953616,0.029999999999972715,0.029999999999972715,0.0,1762268541842,1762268541918,,,,,,,,,,,,,,,,12
ren_online_only,ACCESS,40.000,0.1/0.0/0.01,600,2,4,ok,,0,1,77.81437499943422,1415.0,6,0.4099999999999966,0.03499999999996817,0.02600000000001046,0.02600000000001046,0.0,1762268542582,1762268542659,,,,,,,,,,,,,,,,12
ren_online_only,ACCESS,40.000,0.1/0.0/0.01,600,2,5,ok,,0,1,72.877000000517,1415.0,6,0.44599999999999795,0.03600000000005821,0.04200000000003001,0.04200000000003001,0.0,1762268543283,1762268543356,,,,,,,,,,,,,,,,12
ren_online_only,ACCESS,40.000,0.1/0.0/0.01,600,2,6,ok,,0,1,73.0029159985861,1414.0,6,0.3929999999999936,0.03199999999992542,0.02800000000002001,0.02800000000002001,0.0,1762268544010,1762268544083,,,,,,,,,,,,,,,,12
ren_online_only,ACCESS,40.000,0.1/0.0/0.01,600,2,7,ok,,0,1,82.16095799980394,1416.0,6,0.4830000000000041,0.03999999999996362,0.057999999999992724,0.057999999999992724,0.0,1762268544765,1762268544847,,,,,,,,,,,,,,,,12
ren_online_only,ACCESS,40.000,0.1/0.0/0.01,600,2,8,ok,,0,1,80.57691700014402,1414.0,6,0.4059999999999917,0.03499999999996817,0.02800000000002001,0.02800000000002001,0.0,1762268545507,1762268545587,,,,,,,,,,,,,,,,12
ren_online_only,ACCESS,40.000,0.1/0.0/0.01,600,2,9,ok,,0,1,80.66466699892771,1414.0,6,0.4199999999999946,0.03200000000003911,0.03899999999998727,0.03899999999998727,0.0,1762268546220,1762268546300,,,,,,,,,,,,,,,,12
ren_online_only,ACCESS,40.000,0.1/0.0/0.01,600,2,10,ok,,0,1,70.14654200065706,1414.0,6,0.41800000000000637,0.07699999999999818,0.05099999999998772,0.05099999999998772,0.0,1762268546929,1762268547000,,,,,,,,,,,,,,,,12
ren_online_only,ACCESS,40.000,0.1/0.0/0.01,600,2,11,ok,,0,1,74.53345900103159,1416.0,6,0.3990000000000009,0.023000000000024556,0.03200000000003911,0.03200000000003911,0.0,1762268547636,1762268547711,,,,,,,,,,,,,,,,12
ren_online_only,ACCESS,40.000,0.1/0.0/0.01,600,2,12,ok,,0,1,80.76070900096965,1415.0,6,0.4649999999999963,0.0340000000001055,0.07499999999993179,0.07499999999993179,0.0,1762268548365,1762268548446,,,,,,,,,,,,,,,,12
ren_online_only,ACCESS,40.000,0.1/0.0/0.01,600,2,13,ok,,0,1,87.4717500009865,1416.0,6,0.40099999999999625,0.029999999999972715,0.04099999999993997,0.04099999999993997,0.0,1762268549069,1762268549156,,,,,,,,,,,,,,,,12
ren_online_only,ACCESS,40.000,0.1/0.0/0.01,600,2,14,ok,,0,1,80.63858399873425,1417.0,6,0.44700000000000273,0.03700000000014825,0.04599999999999227,0.04599999999999227,0.0,1762268549846,1762268549927,,,,,,,,,,,,,,,,12
ren_online_only,ACCESS,40.000,0.1/0.0/0.01,600,2,15,ok,,0,1,76.12100000005739,1414.0,6,0.4369999999999905,0.02699999999992997,0.03799999999995407,0.03799999999995407,0.0,1762268550595,1762268550671,,,,,,,,,,,,,,,,12
ren_online_only,ACCESS,40.000,0.1/0.0/0.01,600,2,16,ok,,0,1,69.10624999909487,1416.0,6,0.47800000000000153,0.10000000000002274,0.05299999999994043,0.05299999999994043,0.0,1762268551314,1762268551384,,,,,,,,,,,,,,,,12
ren_online_only,ACCESS,40.000,0.1/0.0/0.01,600,2,17,ok,,0,1,83.88837499842339,1415.0,6,0.47000000000000597,0.027999999999906322,0.04199999999997317,0.04199999999997317,0.0,1762268551994,1762268552078,,,,,,,,,,,,,,,,12
ren_online_only,ACCESS,40.000,0.1/0.0/0.01,600,2,18,ok,,0,1,76.8210000005638,1417.0,6,0.4399999999999977,0.028999999999996362,0.038000000000010914,0.038000000000010914,0.0,1762268552729,1762268552806,,,,,,,,,,,,,,,,12
ren_online_only,ACCESS,40.000,0.1/0.0/0.01,600,2,19,ok,,0,1,77.62833400011004,1414.0,6,0.46300000000000807,0.039000000000100954,0.03999999999996362,0.03999999999996362,0.0,1762268553438,1762268553516,,,,,,,,,,,,,,,,12
ren_online_only,ACCESS,40.000,0.1/0.0/0.01,600,2,20,ok,,0,1,80.44845899894426,1415.0,6,0.42499999999999716,0.03300000000001546,0.04099999999999682,0.04099999999999682,0.0,1762268554149,1762268554230,,,,,,,,,,,,,,,,12
ren_online_only,ACCESS,40.000,0.1/0.1/0.01,200,2,1,ok,,0,1,77.73954199910804,1415.0,6,0.811000000000007,0.09700000000009368,0.09299999999996089,0.09299999999996089,0.0,1762268554887,1762268554964,,,,,,,,,,,,,,,,13
ren_online_only,ACCESS,40.000,0.1/0.1/0.01,200,2,2,ok,,0,1,78.70125000044936,1414.0,6,0.5090000000000003,0.03999999999996362,0.07299999999997908,0.07299999999997908,0.0,1762268555608,1762268555686,,,,,,,,,,,,,,,,13
ren_online_only,ACCESS,40.000,0.1/0.1/0.01,200,2,3,ok,,0,1,80.3513330010901,1415.0,6,0.44599999999999795,0.025999999999953616,0.02600000000001046,0.02600000000001046,0.0,1762268556256,1762268556336,,,,,,,,,,,,,,,,13
ren_online_only,ACCESS,40.000,0.1/0.1/0.01,200,2,4,ok,,0,1,82.15433300028963,1417.0,6,0.4259999999999948,0.026000000000067303,0.036000000000001364,0.036000000000001364,0.0,1762268556985,1762268557067,,,,,,,,,,,,,,,,13
ren_online_only,ACCESS,40.000,0.1/0.1/0.01,200,2,5,ok,,0,1,81.45870900079899,1417.0,6,0.384999999999998,0.03300000000001546,0.03700000000003456,0.03700000000003456,0.0,1762268557695,1762268557777,,,,,,,,,,,,,,,,13
ren_online_only,ACCESS,40.000,0.1/0.1/0.01,200,2,6,ok,,0,1,76.89050000044517,1417.0,6,0.4590000000000032,0.032999999999901775,0.031999999999982265,0.031999999999982265,0.0,1762268558405,1762268558481,,,,,,,,,,,,,,,,13
ren_online_only,ACCESS,40.000,0.1/0.1/0.01,200,2,7,ok,,0,1,77.74795899968012,1415.0,6,0.45299999999999585,0.03700000000003456,0.03999999999996362,0.03999999999996362,0.0,1762268559105,1762268559183,,,,,,,,,,,,,,,,13
ren_online_only,ACCESS,40.000,0.1/0.1/0.01,200,2,8,ok,,0,1,78.69162499991944,1417.0,6,0.4420000000000073,0.027000000000043656,0.029000000000053205,0.029000000000053205,0.0,1762268559815,1762268559894,,,,,,,,,,,,,,,,13
ren_online_only,ACCESS,40.000,0.1/0.1/0.01,200,2,9,ok,,0,1,75.69787500142411,1415.0,6,0.42499999999999716,0.02699999999992997,0.04599999999999227,0.04599999999999227,0.0,1762268560515,1762268560590,,,,,,,,,,,,,,,,13
ren_online_only,ACCESS,40.000,0.1/0.1/0.01,200,2,10,ok,,0,1,78.45108400033496,1415.0,6,0.40399999999999636,0.025000000000204636,0.03300000000001546,0.03300000000001546,0.0,1762268561214,1762268561293,,,,,,,,,,,,,,,,13
ren_online_only,ACCESS,40.000,0.1/0.1/0.01,200,2,11,ok,,0,1,80.34137499998906,1415.0,6,0.40499999999999403,0.0380000000001246,0.03899999999998727,0.03899999999998727,0.0,1762268561919,1762268561999,,,,,,,,,,,,,,,,13
ren_online_only,ACCESS,40.000,0.1/0.1/0.01,200,2,12,ok,,0,1,76.43683400056034,1419.0,6,0.4789999999999992,0.029999999999972715,0.029999999999972715,0.029999999999972715,0.0,1762268562663,1762268562739,,,,,,,,,,,,,,,,13
ren_online_only,ACCESS,40.000,0.1/0.1/0.01,200,2,13,ok,,0,1,78.26675000069372,1416.0,6,0.4519999999999982,0.03200000000003911,0.04599999999999227,0.04599999999999227,0.0,1762268563374,1762268563452,,,,,,,,,,,,,,,,13
ren_online_only,ACCESS,40.000,0.1/0.1/0.01,200,2,14,ok,,0,1,79.75449999867124,1415.0,6,0.5670000000000073,0.02800000000002001,0.02899999999993952,0.02899999999993952,0.0,1762268564078,1762268564158,,,,,,,,,,,,,,,,13
ren_online_only,ACCESS,40.000,0.1/0.1/0.01,200,2,15,ok,,0,1,71.59104200036381,1414.0,6,0.4480000000000004,0.041999999999916326,0.07599999999996498,0.07599999999996498,0.0,1762268564794,1762268564866,,,,,,,,,,,,,,,,13
ren_online_only,ACCESS,40.000,0.1/0.1/0.01,200,2,16,ok,,0,1,73.5080000013113,1415.0,6,0.5310000000000059,0.04399999999998272,0.04499999999995907,0.04499999999995907,0.0,1762268565495,1762268565569,,,,,,,,,,,,,,,,13
ren_online_only,ACCESS,40.000,0.1/0.1/0.01,200,2,17,ok,,0,1,79.56449999983306,1412.0,6,0.3930000000000149,0.039000000000100954,0.03599999999994452,0.03599999999994452,0.0,1762268566173,1762268566253,,,,,,,,,,,,,,,,13
ren_online_only,ACCESS,40.000,0.1/0.1/0.01,200,2,18,ok,,0,1,78.4023750002234,1416.0,6,0.4089999999999989,0.02699999999992997,0.029999999999972715,0.029999999999972715,0.0,1762268566904,1762268566982,,,,,,,,,,,,,,,,13
ren_online_only,ACCESS,40.000,0.1/0.1/0.01,200,2,19,ok,,0,1,80.18641700073204,1415.0,6,0.6210000000000093,0.06599999999991724,0.06099999999997863,0.06099999999997863,0.0,1762268567689,1762268567769,,,,,,,,,,,,,,,,13
ren_online_only,ACCESS,40.000,0.1/0.1/0.01,200,2,20,ok,,0,1,80.34650000081456,1415.0,6,0.5630000000000024,0.059000000000082764,0.05000000000001137,0.05000000000001137,0.0,1762268568411,1762268568492,,,,,,,,,,,,,,,,13
ren_online_only,ACCESS,40.000,0.1/0.1/0.01,400,2,1,ok,,0,1,84.9589580011525,1414.0,6,0.5390000000000015,0.06099999999992178,0.06700000000006412,0.06700000000006412,0.0,1762268569172,1762268569257,,,,,,,,,,,,,,,,13
ren_online_only,ACCESS,40.000,0.1/0.1/0.01,400,2,2,ok,,0,1,81.78133299952606,1413.0,6,0.7040000000000006,0.1049999999999045,0.06700000000000728,0.06700000000000728,0.0,1762268569943,1762268570024,,,,,,,,,,,,,,,,13
ren_online_only,ACCESS,40.000,0.1/0.1/0.01,400,2,3,ok,,0,1,73.13774999965972,1416.0,6,0.4989999999999952,0.027000000000043656,0.03800000000006776,0.03800000000006776,0.0,1762268570697,1762268570770,,,,,,,,,,,,,,,,13
ren_online_only,ACCESS,40.000,0.1/0.1/0.01,400,2,4,ok,,0,1,77.89270899957046,1416.0,6,0.502999999999993,0.045999999999935426,0.08199999999993679,0.08199999999993679,0.0,1762268571373,1762268571451,,,,,,,,,,,,,,,,13
ren_online_only,ACCESS,40.000,0.1/0.1/0.01,400,2,5,ok,,0,1,78.39816699924995,1416.0,6,0.4469999999999956,0.03899999999998727,0.040000000000020464,0.040000000000020464,0.0,1762268572080,1762268572159,,,,,,,,,,,,,,,,13
ren_online_only,ACCESS,40.000,0.1/0.1/0.01,400,2,6,ok,,0,1,82.36383299845329,1414.0,6,0.6679999999999993,0.09799999999995634,0.07599999999996498,0.07599999999996498,0.0,1762268572835,1762268572917,,,,,,,,,,,,,,,,13
ren_online_only,ACCESS,40.000,0.1/0.1/0.01,400,2,7,ok,,0,1,85.8816250001837,1414.0,6,0.6149999999999949,0.06299999999998818,0.05700000000001637,0.05700000000001637,0.0,1762268573574,1762268573659,,,,,,,,,,,,,,,,13
ren_online_only,ACCESS,40.000,0.1/0.1/0.01,400,2,8,ok,,0,1,76.62437500039232,1415.0,6,0.5419999999999874,0.032999999999901775,0.03600000000005821,0.03600000000005821,0.0,1762268574311,1762268574388,,,,,,,,,,,,,,,,13
ren_online_only,ACCESS,40.000,0.1/0.1/0.01,400,2,9,ok,,0,1,76.86012500016659,1415.0,6,0.40400000000000347,0.04399999999998272,0.03200000000003911,0.03200000000003911,0.0,1762268575078,1762268575155,,,,,,,,,,,,,,,,13
ren_online_only,ACCESS,40.000,0.1/0.1/0.01,400,2,10,ok,,0,1,79.68754199828254,1415.0,6,0.6619999999999919,0.09299999999996089,0.053999999999973625,0.053999999999973625,0.0,1762268575799,1762268575879,,,,,,,,,,,,,,,,13
ren_online_only,ACCESS,40.000,0.1/0.1/0.01,400,2,11,ok,,0,1,77.1622499996738,1413.0,6,0.5389999999999944,0.09500000000002728,0.07900000000000773,0.07900000000000773,0.0,1762268576514,1762268576591,,,,,,,,,,,,,,,,13
ren_online_only,ACCESS,40.000,0.1/0.1/0.01,400,2,12,ok,,0,1,81.56062499983818,1417.0,6,0.3990000000000009,0.05299999999999727,0.024999999999977263,0.024999999999977263,0.0,1762268577214,1762268577296,,,,,,,,,,,,,,,,13
ren_online_only,ACCESS,40.000,0.1/0.1/0.01,400,2,13,ok,,0,1,74.09083299899066,1412.0,6,0.695999999999998,0.07399999999995543,0.06099999999997863,0.06099999999997863,0.0,1762268577934,1762268578008,,,,,,,,,,,,,,,,13
ren_online_only,ACCESS,40.000,0.1/0.1/0.01,400,2,14,ok,,0,1,79.09850000032748,1414.0,6,0.6789999999999949,0.10500000000001819,0.06799999999998363,0.06799999999998363,0.0,1762268578624,1762268578703,,,,,,,,,,,,,,,,13
ren_online_only,ACCESS,40.000,0.1/0.1/0.01,400,2,15,ok,,0,1,78.98904200010293,1415.0,6,0.6309999999999931,0.06299999999998818,0.08799999999996544,0.08799999999996544,0.0,1762268579348,1762268579427,,,,,,,,,,,,,,,,13
ren_online_only,ACCESS,40.000,0.1/0.1/0.01,400,2,16,ok,,0,1,73.10429199969803,1414.0,6,0.5600000000000023,0.10300000000006548,0.08800000000002228,0.08800000000002228,0.0,1762268580077,1762268580151,,,,,,,,,,,,,,,,13
ren_online_only,ACCESS,40.000,0.1/0.1/0.01,400,2,17,ok,,0,1,82.97499999935098,1415.0,6,0.4350000000000023,0.04500000000007276,0.043000000000006366,0.043000000000006366,0.0,1762268580807,1762268580890,,,,,,,,,,,,,,,,13
ren_online_only,ACCESS,40.000,0.1/0.1/0.01,400,2,18,ok,,0,1,82.11899999878369,1414.0,6,0.48699999999999477,0.08100000000013097,0.07699999999999818,0.07699999999999818,0.0,1762268581577,1762268581659,,,,,,,,,,,,,,,,13
ren_online_only,ACCESS,40.000,0.1/0.1/0.01,400,2,19,ok,,0,1,79.9570830004086,1416.0,6,0.45300000000000296,0.02400000000000091,0.06200000000006867,0.06200000000006867,0.0,1762268582269,1762268582349,,,,,,,,,,,,,,,,13
ren_online_only,ACCESS,40.000,0.1/0.1/0.01,400,2,20,ok,,0,1,83.25462500033609,1414.0,6,0.47399999999999665,0.033999999999991815,0.04299999999994952,0.04299999999994952,0.0,1762268582972,1762268583055,,,,,,,,,,,,,,,,13
ren_online_only,ACCESS,40.000,0.1/0.1/0.01,600,2,1,ok,,0,1,77.55966699915007,1416.0,6,0.44300000000000495,0.04200000000003001,0.043000000000006366,0.043000000000006366,0.0,1762268583708,1762268583786,,,,,,,,,,,,,,,,13
ren_online_only,ACCESS,40.000,0.1/0.1/0.01,600,2,2,ok,,0,1,71.37129200054915,1415.0,6,0.7550000000000026,0.06599999999991724,0.06999999999999318,0.06999999999999318,0.0,1762268584422,1762268584494,,,,,,,,,,,,,,,,13
ren_online_only,ACCESS,40.000,0.1/0.1/0.01,600,2,3,ok,,0,1,78.98349999959464,1415.0,6,0.5249999999999915,0.07200000000000273,0.06100000000003547,0.06100000000003547,0.0,1762268585217,1762268585296,,,,,,,,,,,,,,,,13
ren_online_only,ACCESS,40.000,0.1/0.1/0.01,600,2,4,ok,,0,1,72.38962500014168,1415.0,6,0.4580000000000055,0.04099999999993997,0.03700000000003456,0.03700000000003456,0.0,1762268585916,1762268585989,,,,,,,,,,,,,,,,13
ren_online_only,ACCESS,40.000,0.1/0.1/0.01,600,2,5,ok,,0,1,76.38179200148443,1416.0,6,0.44899999999999807,0.05400000000008731,0.08800000000002228,0.08800000000002228,0.0,1762268586610,1762268586687,,,,,,,,,,,,,,,,13
ren_online_only,ACCESS,40.000,0.1/0.1/0.01,600,2,6,ok,,0,1,76.42245799979719,1415.0,6,0.4439999999999955,0.027000000000043656,0.04200000000003001,0.04200000000003001,0.0,1762268587371,1762268587448,,,,,,,,,,,,,,,,13
ren_online_only,ACCESS,40.000,0.1/0.1/0.01,600,2,7,ok,,0,1,74.74954200006323,1415.0,6,0.5329999999999941,0.09200000000009823,0.08899999999999864,0.08899999999999864,0.0,1762268588079,1762268588154,,,,,,,,,,,,,,,,13
ren_online_only,ACCESS,40.000,0.1/0.1/0.01,600,2,8,ok,,0,1,73.9323340003466,1417.0,6,0.4480000000000004,0.028999999999996362,0.03100000000000591,0.03100000000000591,0.0,1762268588792,1762268588865,,,,,,,,,,,,,,,,13
ren_online_only,ACCESS,40.000,0.1/0.1/0.01,600,2,9,ok,,0,1,78.75866700123879,1414.0,6,0.5880000000000081,0.04500000000007276,0.04399999999998272,0.04399999999998272,0.0,1762268589510,1762268589588,,,,,,,,,,,,,,,,13
ren_online_only,ACCESS,40.000,0.1/0.1/0.01,600,2,10,ok,,0,1,80.08929199968406,1417.0,6,0.4519999999999982,0.04100000000005366,0.03200000000003911,0.03200000000003911,0.0,1762268590279,1762268590359,,,,,,,,,,,,,,,,13
ren_online_only,ACCESS,40.000,0.1/0.1/0.01,600,2,11,ok,,0,1,79.10829200045555,1415.0,6,0.482999999999997,0.02299999999991087,0.03300000000001546,0.03300000000001546,0.0,1762268590997,1762268591076,,,,,,,,,,,,,,,,13
ren_online_only,ACCESS,40.000,0.1/0.1/0.01,600,2,12,ok,,0,1,82.06804099972942,1417.0,6,0.41199999999999903,0.027000000000043656,0.029999999999972715,0.029999999999972715,0.0,1762268591751,1762268591834,,,,,,,,,,,,,,,,13
ren_online_only,ACCESS,40.000,0.1/0.1/0.01,600,2,13,ok,,0,1,76.5003339984105,1415.0,6,0.4370000000000047,0.02800000000002001,0.03899999999998727,0.03899999999998727,0.0,1762268592483,1762268592560,,,,,,,,,,,,,,,,13
ren_online_only,ACCESS,40.000,0.1/0.1/0.01,600,2,14,ok,,0,1,78.36904200121353,1414.0,6,0.5039999999999978,0.04399999999986903,0.04199999999997317,0.04199999999997317,0.0,1762268593208,1762268593287,,,,,,,,,,,,,,,,13
ren_online_only,ACCESS,40.000,0.1/0.1/0.01,600,2,15,ok,,0,1,84.67216700046265,1415.0,6,0.46699999999999875,0.0340000000001055,0.03500000000002501,0.03500000000002501,0.0,1762268593971,1762268594056,,,,,,,,,,,,,,,,13
ren_online_only,ACCESS,40.000,0.1/0.1/0.01,600,2,16,ok,,0,1,76.36212499892281,1415.0,6,0.5789999999999935,0.08199999999999363,0.06399999999996453,0.06399999999996453,0.0,1762268594656,1762268594732,,,,,,,,,,,,,,,,13
ren_online_only,ACCESS,40.000,0.1/0.1/0.01,600,2,17,ok,,0,1,79.59920800021791,1415.0,6,0.4720000000000013,0.03199999999992542,0.043000000000006366,0.043000000000006366,0.0,1762268595418,1762268595498,,,,,,,,,,,,,,,,13
ren_online_only,ACCESS,40.000,0.1/0.1/0.01,600,2,18,ok,,0,1,81.10712500092632,1415.0,6,0.4510000000000005,0.04499999999995907,0.03499999999996817,0.03499999999996817,0.0,1762268596158,1762268596240,,,,,,,,,,,,,,,,13
ren_online_only,ACCESS,40.000,0.1/0.1/0.01,600,2,19,ok,,0,1,76.2065420003637,1415.0,6,0.5099999999999909,0.06399999999996453,0.06400000000002137,0.06400000000002137,0.0,1762268596904,1762268596980,,,,,,,,,,,,,,,,13
ren_online_only,ACCESS,40.000,0.1/0.1/0.01,600,2,20,ok,,0,1,75.0969590008026,1415.0,6,0.6330000000000027,0.09500000000002728,0.08399999999994634,0.08399999999994634,0.0,1762268597640,1762268597715,,,,,,,,,,,,,,,,13
ren_online_only,ACCESS,52.000,0.1/0.0/0.01,200,2,1,ok,,0,1,85.70412500012026,1416.0,6,0.4660000000000011,0.032999999999901775,0.028999999999996362,0.028999999999996362,0.0,1762268598347,1762268598433,,,,,,,,,,,,,,,,14
ren_online_only,ACCESS,52.000,0.1/0.0/0.01,200,2,2,ok,,0,1,94.49062499879801,1413.0,6,0.6980000000000004,0.07999999999992724,0.08000000000004093,0.08000000000004093,0.0,1762268599088,1762268599183,,,,,,,,,,,,,,,,14
ren_online_only,ACCESS,52.000,0.1/0.0/0.01,200,2,3,ok,,0,1,87.2241250017396,1415.0,6,0.6040000000000063,0.06800000000009732,0.057999999999992724,0.057999999999992724,0.0,1762268599894,1762268599981,,,,,,,,,,,,,,,,14
ren_online_only,ACCESS,52.000,0.1/0.0/0.01,200,2,4,ok,,0,1,84.54312499998196,1410.0,6,0.5910000000000011,0.11099999999999,0.2039999999999509,0.2039999999999509,0.0,1762268600641,1762268600726,,,,,,,,,,,,,,,,14
ren_online_only,ACCESS,52.000,0.1/0.0/0.01,200,2,5,ok,,0,1,98.42966700125544,1415.0,6,0.49799999999999756,0.047000000000025466,0.03700000000003456,0.03700000000003456,0.0,1762268601360,1762268601458,,,,,,,,,,,,,,,,14
ren_online_only,ACCESS,52.000,0.1/0.0/0.01,200,2,6,ok,,0,1,184.0110419998382,1409.0,6,1.2809999999999988,0.19099999999991724,0.1099999999999568,0.1099999999999568,0.0,1762268602232,1762268602416,,,,,,,,,,,,,,,,14
ren_online_only,ACCESS,52.000,0.1/0.0/0.01,200,2,7,ok,,0,1,96.64554200026032,1416.0,6,0.4930000000000021,0.05600000000004002,0.04099999999993997,0.04099999999993997,0.0,1762268603025,1762268603122,,,,,,,,,,,,,,,,14
ren_online_only,ACCESS,52.000,0.1/0.0/0.01,200,2,8,ok,,0,1,90.29637499952514,1415.0,6,0.6250000000000071,0.06299999999987449,0.08899999999988495,0.08899999999988495,0.0,1762268603787,1762268603877,,,,,,,,,,,,,,,,14
ren_online_only,ACCESS,52.000,0.1/0.0/0.01,200,2,9,ok,,0,1,93.02179199949023,1418.0,6,0.43899999999999295,0.028999999999882675,0.038999999999930424,0.038999999999930424,0.0,1762268604517,1762268604610,,,,,,,,,,,,,,,,14
ren_online_only,ACCESS,52.000,0.1/0.0/0.01,200,2,10,ok,,0,1,90.69062500020664,1414.0,6,0.4410000000000025,0.03999999999996362,0.02800000000002001,0.02800000000002001,0.0,1762268605301,1762268605392,,,,,,,,,,,,,,,,14
ren_online_only,ACCESS,52.000,0.1/0.0/0.01,200,2,11,ok,,0,1,90.6842090007558,1415.0,6,0.4690000000000012,0.0340000000001055,0.05600000000009686,0.05600000000009686,0.0,1762268606045,1762268606136,,,,,,,,,,,,,,,,14
ren_online_only,ACCESS,52.000,0.1/0.0/0.01,200,2,12,ok,,0,1,83.09249999911117,1418.0,6,0.42500000000000426,0.032999999999901775,0.034999999999911324,0.034999999999911324,0.0,1762268606782,1762268606865,,,,,,,,,,,,,,,,14
ren_online_only,ACCESS,52.000,0.1/0.0/0.01,200,2,13,ok,,0,1,81.82454099915049,1415.0,6,0.5539999999999949,0.03999999999996362,0.03199999999992542,0.03199999999992542,0.0,1762268607514,1762268607596,,,,,,,,,,,,,,,,14
ren_online_only,ACCESS,52.000,0.1/0.0/0.01,200,2,14,ok,,0,1,92.8679579992604,1416.0,6,0.42899999999999494,0.04000000000007731,0.05000000000001137,0.05000000000001137,0.0,1762268608238,1762268608331,,,,,,,,,,,,,,,,14
ren_online_only,ACCESS,52.000,0.1/0.0/0.01,200,2,15,ok,,0,1,96.21254199919349,1416.0,6,0.4450000000000074,0.041999999999916326,0.03299999999995862,0.03299999999995862,0.0,1762268608970,1762268609067,,,,,,,,,,,,,,,,14
ren_online_only,ACCESS,52.000,0.1/0.0/0.01,200,2,16,ok,,0,1,92.13754199845425,1417.0,6,0.472999999999999,0.06700000000000728,0.05500000000000682,0.05500000000000682,0.0,1762268609731,1762268609823,,,,,,,,,,,,,,,,14
ren_online_only,ACCESS,52.000,0.1/0.0/0.01,200,2,17,ok,,0,1,116.99116699855949,1411.0,6,6.405000000000001,0.16499999999996362,0.14400000000000546,0.14400000000000546,0.0,1762268610442,1762268610559,,,,,,,,,,,,,,,,14
ren_online_only,ACCESS,52.000,0.1/0.0/0.01,200,2,18,ok,,0,1,116.97391699999571,1412.0,6,2.0930000000000106,0.13799999999991996,0.08299999999996999,0.08299999999996999,0.0,1762268611134,1762268611251,,,,,,,,,,,,,,,,14
ren_online_only,ACCESS,52.000,0.1/0.0/0.01,200,2,19,ok,,0,1,87.73808300065866,1415.0,6,0.49399999999999267,0.06100000000003547,0.08800000000002228,0.08800000000002228,0.0,1762268611831,1762268611919,,,,,,,,,,,,,,,,14
ren_online_only,ACCESS,52.000,0.1/0.0/0.01,200,2,20,ok,,0,1,92.17704199909349,1415.0,6,0.44300000000000495,0.03700000000003456,0.03599999999994452,0.03599999999994452,0.0,1762268612560,1762268612652,,,,,,,,,,,,,,,,14
ren_online_only,ACCESS,52.000,0.1/0.0/0.01,400,2,1,ok,,0,1,90.58741699845996,1417.0,6,0.44199999999999307,0.028999999999996362,0.029999999999972715,0.029999999999972715,0.0,1762268613292,1762268613383,,,,,,,,,,,,,,,,14
ren_online_only,ACCESS,52.000,0.1/0.0/0.01,400,2,2,ok,,0,1,93.23991699966427,1417.0,6,0.42899999999999494,0.031000000000062755,0.03699999999997772,0.03699999999997772,0.0,1762268614020,1762268614114,,,,,,,,,,,,,,,,14
ren_online_only,ACCESS,52.000,0.1/0.0/0.01,400,2,3,ok,,0,1,92.45154099880892,1414.0,6,0.4619999999999962,0.07699999999999818,0.047000000000025466,0.047000000000025466,0.0,1762268614757,1762268614850,,,,,,,,,,,,,,,,14
ren_online_only,ACCESS,52.000,0.1/0.0/0.01,400,2,4,ok,,0,1,81.46154199857847,1417.0,6,0.43900000000000006,0.03200000000003911,0.033999999999991815,0.033999999999991815,0.0,1762268615488,1762268615570,,,,,,,,,,,,,,,,14
ren_online_only,ACCESS,52.000,0.1/0.0/0.01,400,2,5,ok,,0,1,92.64545800033375,1415.0,6,0.5940000000000012,0.07099999999991269,0.05499999999994998,0.05499999999994998,0.0,1762268616204,1762268616296,,,,,,,,,,,,,,,,14
ren_online_only,ACCESS,52.000,0.1/0.0/0.01,400,2,6,ok,,0,1,89.18108400030178,1415.0,6,0.5309999999999988,0.03099999999994907,0.06500000000005457,0.06500000000005457,0.0,1762268616941,1762268617031,,,,,,,,,,,,,,,,14
ren_online_only,ACCESS,52.000,0.1/0.0/0.01,400,2,7,ok,,0,1,93.44366600089415,1413.0,6,0.4510000000000005,0.02699999999992997,0.03800000000006776,0.03800000000006776,0.0,1762268617692,1762268617785,,,,,,,,,,,,,,,,14
ren_online_only,ACCESS,52.000,0.1/0.0/0.01,400,2,8,ok,,0,1,96.58758300065529,1417.0,6,0.43200000000000216,0.04299999999989268,0.03699999999997772,0.03699999999997772,0.0,1762268618414,1762268618511,,,,,,,,,,,,,,,,14
ren_online_only,ACCESS,52.000,0.1/0.0/0.01,400,2,9,ok,,0,1,89.07800000088173,1417.0,6,0.4089999999999989,0.031000000000062755,0.04099999999993997,0.04099999999993997,0.0,1762268619130,1762268619219,,,,,,,,,,,,,,,,14
ren_online_only,ACCESS,52.000,0.1/0.0/0.01,400,2,10,ok,,0,1,97.77816699897812,1416.0,6,0.6599999999999966,0.04500000000007276,0.09399999999999409,0.09399999999999409,0.0,1762268619882,1762268619980,,,,,,,,,,,,,,,,14
ren_online_only,ACCESS,52.000,0.1/0.0/0.01,400,2,11,ok,,0,1,90.49370899992937,1415.0,6,0.5110000000000028,0.04200000000003001,0.03200000000003911,0.03200000000003911,0.0,1762268620578,1762268620668,,,,,,,,,,,,,,,,14
ren_online_only,ACCESS,52.000,0.1/0.0/0.01,400,2,12,ok,,0,1,94.8748329992668,1416.0,6,0.4209999999999994,0.025999999999953616,0.040000000000020464,0.040000000000020464,0.0,1762268621300,1762268621395,,,,,,,,,,,,,,,,14
ren_online_only,ACCESS,52.000,0.1/0.0/0.01,400,2,13,ok,,0,1,94.81520799999998,1416.0,6,0.43499999999999517,0.02800000000002001,0.02800000000002001,0.02800000000002001,0.0,1762268622024,1762268622119,,,,,,,,,,,,,,,,14
ren_online_only,ACCESS,52.000,0.1/0.0/0.01,400,2,14,ok,,0,1,92.79533399967477,1415.0,6,0.4440000000000026,0.04000000000007731,0.03200000000003911,0.03200000000003911,0.0,1762268622756,1762268622849,,,,,,,,,,,,,,,,14
ren_online_only,ACCESS,52.000,0.1/0.0/0.01,400,2,15,ok,,0,1,93.1642079995072,1415.0,6,0.4230000000000089,0.024999999999863576,0.03900000000004411,0.03900000000004411,0.0,1762268623527,1762268623620,,,,,,,,,,,,,,,,14
ren_online_only,ACCESS,52.000,0.1/0.0/0.01,400,2,16,ok,,0,1,93.04145799978869,1417.0,6,0.4480000000000075,0.026000000000067303,0.038000000000010914,0.038000000000010914,0.0,1762268624288,1762268624381,,,,,,,,,,,,,,,,14
ren_online_only,ACCESS,52.000,0.1/0.0/0.01,400,2,17,ok,,0,1,96.16187499887019,1416.0,6,0.45699999999999363,0.027999999999906322,0.038000000000010914,0.038000000000010914,0.0,1762268625036,1762268625132,,,,,,,,,,,,,,,,14
ren_online_only,ACCESS,52.000,0.1/0.0/0.01,400,2,18,ok,,0,1,96.33295799903863,1416.0,6,0.4969999999999928,0.08200000000010732,0.06099999999997863,0.06099999999997863,0.0,1762268625740,1762268625836,,,,,,,,,,,,,,,,14
ren_online_only,ACCESS,52.000,0.1/0.0/0.01,400,2,19,ok,,0,1,99.08849999919767,1417.0,6,0.5849999999999937,0.06500000000016826,0.07099999999996953,0.07099999999996953,0.0,1762268626449,1762268626548,,,,,,,,,,,,,,,,14
ren_online_only,ACCESS,52.000,0.1/0.0/0.01,400,2,20,ok,,0,1,82.19908399951237,1416.0,6,0.4129999999999967,0.02699999999992997,0.028999999999996362,0.028999999999996362,0.0,1762268627221,1762268627303,,,,,,,,,,,,,,,,14
ren_online_only,ACCESS,52.000,0.1/0.0/0.01,600,2,1,ok,,0,1,95.48041699963505,1416.0,6,0.5970000000000013,0.06200000000001182,0.05099999999998772,0.05099999999998772,0.0,1762268627897,1762268627992,,,,,,,,,,,,,,,,14
ren_online_only,ACCESS,52.000,0.1/0.0/0.01,600,2,2,ok,,0,1,85.18924999953015,1416.0,6,0.4100000000000037,0.04899999999997817,0.03100000000000591,0.03100000000000591,0.0,1762268628591,1762268628676,,,,,,,,,,,,,,,,14
ren_online_only,ACCESS,52.000,0.1/0.0/0.01,600,2,3,ok,,0,1,98.55474999858416,1415.0,6,0.49099999999999255,0.03300000000012915,0.04199999999997317,0.04199999999997317,0.0,1762268629298,1762268629397,,,,,,,,,,,,,,,,14
ren_online_only,ACCESS,52.000,0.1/0.0/0.01,600,2,4,ok,,0,1,87.18816700093157,1416.0,6,0.561000000000007,0.04499999999995907,0.06099999999997863,0.06099999999997863,0.0,1762268630055,1762268630143,,,,,,,,,,,,,,,,14
ren_online_only,ACCESS,52.000,0.1/0.0/0.01,600,2,5,ok,,0,1,94.42204199876869,1414.0,6,0.5449999999999946,0.03300000000001546,0.04199999999997317,0.04199999999997317,0.0,1762268630816,1762268630910,,,,,,,,,,,,,,,,14
ren_online_only,ACCESS,52.000,0.1/0.0/0.01,600,2,6,ok,,0,1,98.36662499947124,1416.0,6,0.4519999999999911,0.03300000000012915,0.04300000000006321,0.04300000000006321,0.0,1762268631539,1762268631637,,,,,,,,,,,,,,,,14
ren_online_only,ACCESS,52.000,0.1/0.0/0.01,600,2,7,ok,,0,1,99.4009999994887,1415.0,6,0.4719999999999942,0.05200000000002092,0.07800000000003138,0.07800000000003138,0.0,1762268632265,1762268632365,,,,,,,,,,,,,,,,14
ren_online_only,ACCESS,52.000,0.1/0.0/0.01,600,2,8,ok,,0,1,87.85350000107428,1416.0,6,0.6339999999999932,0.04399999999986903,0.043000000000006366,0.043000000000006366,0.0,1762268633036,1762268633124,,,,,,,,,,,,,,,,14
ren_online_only,ACCESS,52.000,0.1/0.0/0.01,600,2,9,ok,,0,1,93.2497499998135,1414.0,6,0.5789999999999935,0.07699999999999818,0.04899999999997817,0.04899999999997817,0.0,1762268633780,1762268633874,,,,,,,,,,,,,,,,14
ren_online_only,ACCESS,52.000,0.1/0.0/0.01,600,2,10,ok,,0,1,95.81125000113389,1416.0,6,0.42600000000000904,0.04800000000000182,0.03599999999994452,0.03599999999994452,0.0,1762268634495,1762268634591,,,,,,,,,,,,,,,,14
ren_online_only,ACCESS,52.000,0.1/0.0/0.01,600,2,11,ok,,0,1,101.53187499963678,1415.0,6,0.4619999999999962,0.02899999999976899,0.04099999999999682,0.04099999999999682,0.0,1762268635283,1762268635384,,,,,,,,,,,,,,,,14
ren_online_only,ACCESS,52.000,0.1/0.0/0.01,600,2,12,ok,,0,1,98.60837599990191,1416.0,6,0.5510000000000019,0.046000000000276486,0.03900000000004411,0.03900000000004411,0.0,1762268636018,1762268636117,,,,,,,,,,,,,,,,14
ren_online_only,ACCESS,52.000,0.1/0.0/0.01,600,2,13,ok,,0,1,90.1198329993349,1417.0,6,0.43499999999999517,0.036000000000171894,0.029999999999972715,0.029999999999972715,0.0,1762268636732,1762268636822,,,,,,,,,,,,,,,,14
ren_online_only,ACCESS,52.000,0.1/0.0/0.01,600,2,14,ok,,0,1,93.19916700042086,1415.0,6,0.5030000000000072,0.08000000000004093,0.053999999999973625,0.053999999999973625,0.0,1762268637469,1762268637563,,,,,,,,,,,,,,,,14
ren_online_only,ACCESS,52.000,0.1/0.0/0.01,600,2,15,ok,,0,1,90.00812600061181,1414.0,6,0.458999999999989,0.04500000000007276,0.043000000000006366,0.043000000000006366,0.0,1762268638166,1762268638256,,,,,,,,,,,,,,,,14
ren_online_only,ACCESS,52.000,0.1/0.0/0.01,600,2,16,ok,,0,1,90.81137499924807,1416.0,6,0.546999999999997,0.048999999999864485,0.03500000000002501,0.03500000000002501,0.0,1762268638882,1762268638973,,,,,,,,,,,,,,,,14
ren_online_only,ACCESS,52.000,0.1/0.0/0.01,600,2,17,ok,,0,1,85.14095800092036,1413.0,6,0.44899999999999807,0.05000000000006821,0.03599999999994452,0.03599999999994452,0.0,1762268639653,1762268639738,,,,,,,,,,,,,,,,14
ren_online_only,ACCESS,52.000,0.1/0.0/0.01,600,2,18,ok,,0,1,101.64729099960823,1415.0,6,0.43200000000000216,0.03700000000014825,0.030000000000086402,0.030000000000086402,0.0,1762268640367,1762268640469,,,,,,,,,,,,,,,,14
ren_online_only,ACCESS,52.000,0.1/0.0/0.01,600,2,19,ok,,0,1,90.53308300099161,1415.0,6,0.5589999999999975,0.03700000000014825,0.04199999999997317,0.04199999999997317,0.0,1762268641086,1762268641177,,,,,,,,,,,,,,,,14
ren_online_only,ACCESS,52.000,0.1/0.0/0.01,600,2,20,ok,,0,1,90.84287499899801,1417.0,6,0.43299999999999983,0.03200000000003911,0.04399999999998272,0.04399999999998272,0.0,1762268641797,1762268641887,,,,,,,,,,,,,,,,14
ren_online_only,ACCESS,52.000,0.1/0.1/0.01,200,2,1,ok,,0,1,86.04812500016124,1415.0,6,0.4609999999999985,0.04499999999995907,0.03700000000003456,0.03700000000003456,0.0,1762268642534,1762268642620,,,,,,,,,,,,,,,,15
ren_online_only,ACCESS,52.000,0.1/0.1/0.01,200,2,2,ok,,0,1,92.54133299873502,1415.0,6,0.4399999999999977,0.04099999999993997,0.038000000000010914,0.038000000000010914,0.0,1762268643286,1762268643379,,,,,,,,,,,,,,,,15
ren_online_only,ACCESS,52.000,0.1/0.1/0.01,200,2,3,ok,,0,1,100.03820800011454,1418.0,6,0.480000000000004,0.031000000000062755,0.04200000000008686,0.04200000000008686,0.0,1762268644040,1762268644140,,,,,,,,,,,,,,,,15
ren_online_only,ACCESS,52.000,0.1/0.1/0.01,200,2,4,ok,,0,1,91.2102500005858,1417.0,6,0.475999999999992,0.03899999999998727,0.04100000000005366,0.04100000000005366,0.0,1762268644773,1762268644864,,,,,,,,,,,,,,,,15
ren_online_only,ACCESS,52.000,0.1/0.1/0.01,200,2,5,ok,,0,1,94.56212499935646,1419.0,6,0.4269999999999996,0.029999999999972715,0.031999999999982265,0.031999999999982265,0.0,1762268645482,1762268645577,,,,,,,,,,,,,,,,15
ren_online_only,ACCESS,52.000,0.1/0.1/0.01,200,2,6,ok,,0,1,91.80529199875309,1419.0,6,0.7139999999999986,0.051000000000044565,0.047000000000025466,0.047000000000025466,0.0,1762268646199,1762268646290,,,,,,,,,,,,,,,,15
ren_online_only,ACCESS,52.000,0.1/0.1/0.01,200,2,7,ok,,0,1,94.5578340015345,1414.0,6,0.48099999999999454,0.0689999999998463,0.05200000000002092,0.05200000000002092,0.0,1762268646935,1762268647029,,,,,,,,,,,,,,,,15
ren_online_only,ACCESS,52.000,0.1/0.1/0.01,200,2,8,ok,,0,1,89.42612499959068,1417.0,6,0.4819999999999922,0.03899999999998727,0.040000000000020464,0.040000000000020464,0.0,1762268647672,1762268647761,,,,,,,,,,,,,,,,15
ren_online_only,ACCESS,52.000,0.1/0.1/0.01,200,2,9,ok,,0,1,92.36387500095589,1415.0,6,0.5060000000000073,0.03599999999994452,0.06299999999998818,0.06299999999998818,0.0,1762268648420,1762268648512,,,,,,,,,,,,,,,,15
ren_online_only,ACCESS,52.000,0.1/0.1/0.01,200,2,10,ok,,0,1,89.02295899861201,1415.0,6,0.4609999999999914,0.0340000000001055,0.043000000000006366,0.043000000000006366,0.0,1762268649198,1762268649287,,,,,,,,,,,,,,,,15
ren_online_only,ACCESS,52.000,0.1/0.1/0.01,200,2,11,ok,,0,1,95.54241700061539,1417.0,6,0.4539999999999935,0.027000000000043656,0.04199999999997317,0.04199999999997317,0.0,1762268649904,1762268649999,,,,,,,,,,,,,,,,15
ren_online_only,ACCESS,52.000,0.1/0.1/0.01,200,2,12,ok,,0,1,93.64804200049548,1417.0,6,0.49900000000000233,0.027000000000043656,0.03899999999998727,0.03899999999998727,0.0,1762268650645,1762268650739,,,,,,,,,,,,,,,,15
ren_online_only,ACCESS,52.000,0.1/0.1/0.01,200,2,13,ok,,0,1,87.61620899895206,1417.0,6,0.47100000000001074,0.036999999999920874,0.06800000000004047,0.06800000000004047,0.0,1762268651365,1762268651452,,,,,,,,,,,,,,,,15
ren_online_only,ACCESS,52.000,0.1/0.1/0.01,200,2,14,ok,,0,1,86.81270900160598,1415.0,6,0.5420000000000016,0.06399999999996453,0.05400000000003047,0.05400000000003047,0.0,1762268652070,1762268652157,,,,,,,,,,,,,,,,15
ren_online_only,ACCESS,52.000,0.1/0.1/0.01,200,2,15,ok,,0,1,95.92541700112633,1414.0,6,0.45299999999999585,0.03600000000005821,0.04299999999994952,0.04299999999994952,0.0,1762268652804,1762268652900,,,,,,,,,,,,,,,,15
ren_online_only,ACCESS,52.000,0.1/0.1/0.01,200,2,16,ok,,0,1,93.64612500030489,1417.0,6,0.4610000000000056,0.04600000000004911,0.033999999999991815,0.033999999999991815,0.0,1762268653554,1762268653648,,,,,,,,,,,,,,,,15
ren_online_only,ACCESS,52.000,0.1/0.1/0.01,200,2,17,ok,,0,1,87.26220799871953,1414.0,6,0.7619999999999933,0.10700000000008458,0.07100000000002638,0.07100000000002638,0.0,1762268654307,1762268654394,,,,,,,,,,,,,,,,15
ren_online_only,ACCESS,52.000,0.1/0.1/0.01,200,2,18,ok,,0,1,89.94062500096334,1417.0,6,0.5180000000000007,0.051000000000044565,0.040000000000020464,0.040000000000020464,0.0,1762268654989,1762268655079,,,,,,,,,,,,,,,,15
ren_online_only,ACCESS,52.000,0.1/0.1/0.01,200,2,19,ok,,0,1,85.43962499970803,1416.0,6,0.794000000000004,0.09799999999995634,0.06300000000004502,0.06300000000004502,0.0,1762268655697,1762268655783,,,,,,,,,,,,,,,,15
ren_online_only,ACCESS,52.000,0.1/0.1/0.01,200,2,20,ok,,0,1,97.35408300002746,1416.0,6,0.6269999999999953,0.03999999999984993,0.04099999999993997,0.04099999999993997,0.0,1762268656396,1762268656494,,,,,,,,,,,,,,,,15
ren_online_only,ACCESS,52.000,0.1/0.1/0.01,400,2,1,ok,,0,1,85.95558299930417,1417.0,6,0.5019999999999953,0.06599999999991724,0.036999999999920874,0.036999999999920874,0.0,1762268657137,1762268657223,,,,,,,,,,,,,,,,15
ren_online_only,ACCESS,52.000,0.1/0.1/0.01,400,2,2,ok,,0,1,89.74195900009363,1415.0,6,0.44600000000000506,0.024999999999977263,0.03200000000003911,0.03200000000003911,0.0,1762268657863,1762268657953,,,,,,,,,,,,,,,,15
ren_online_only,ACCESS,52.000,0.1/0.1/0.01,400,2,3,ok,,0,1,95.16804199847684,1414.0,6,0.5519999999999925,0.04800000000000182,0.03799999999995407,0.03799999999995407,0.0,1762268658609,1762268658704,,,,,,,,,,,,,,,,15
ren_online_only,ACCESS,52.000,0.1/0.1/0.01,400,2,4,ok,,0,1,91.73741700033133,1414.0,6,0.41899999999999693,0.03699999999980719,0.03500000000002501,0.03500000000002501,0.0,1762268659311,1762268659403,,,,,,,,,,,,,,,,15
ren_online_only,ACCESS,52.000,0.1/0.1/0.01,400,2,5,ok,,0,1,95.18724999907135,1416.0,6,0.48399999999999466,0.04899999999997817,0.044000000000096406,0.044000000000096406,0.0,1762268660078,1762268660173,,,,,,,,,,,,,,,,15
ren_online_only,ACCESS,52.000,0.1/0.1/0.01,400,2,6,ok,,0,1,101.76845900059561,1411.0,6,0.45300000000000296,0.09500000000002728,0.05200000000002092,0.05200000000002092,0.0,1762268660814,1762268660915,,,,,,,,,,,,,,,,15
ren_online_only,ACCESS,52.000,0.1/0.1/0.01,400,2,7,ok,,0,1,95.13337499993213,1417.0,6,0.46300000000000097,0.032999999999901775,0.04200000000003001,0.04200000000003001,0.0,1762268661561,1762268661657,,,,,,,,,,,,,,,,15
ren_online_only,ACCESS,52.000,0.1/0.1/0.01,400,2,8,ok,,0,1,94.09520799999882,1416.0,6,0.6870000000000118,0.03700000000003456,0.040000000000020464,0.040000000000020464,0.0,1762268662329,1762268662423,,,,,,,,,,,,,,,,15
ren_online_only,ACCESS,52.000,0.1/0.1/0.01,400,2,9,ok,,0,1,93.8557919998857,1415.0,6,0.5030000000000001,0.028999999999882675,0.05299999999999727,0.05299999999999727,0.0,1762268663055,1762268663148,,,,,,,,,,,,,,,,15
ren_online_only,ACCESS,52.000,0.1/0.1/0.01,400,2,10,ok,,0,1,92.32924999923853,1416.0,6,0.44600000000000506,0.03999999999984993,0.030000000000086402,0.030000000000086402,0.0,1762268663781,1762268663874,,,,,,,,,,,,,,,,15
ren_online_only,ACCESS,52.000,0.1/0.1/0.01,400,2,11,ok,,0,1,90.94562500104075,1417.0,6,0.47399999999999665,0.03300000000012915,0.038000000000010914,0.038000000000010914,0.0,1762268664507,1762268664598,,,,,,,,,,,,,,,,15
ren_online_only,ACCESS,52.000,0.1/0.1/0.01,400,2,12,ok,,0,1,90.56204199987405,1416.0,6,0.37400000000000233,0.04000000000007731,0.03499999999996817,0.03499999999996817,0.0,1762268665231,1762268665322,,,,,,,,,,,,,,,,15
ren_online_only,ACCESS,52.000,0.1/0.1/0.01,400,2,13,ok,,0,1,94.64649999972607,1415.0,6,0.5110000000000099,0.03200000000003911,0.04199999999997317,0.04199999999997317,0.0,1762268666008,1762268666103,,,,,,,,,,,,,,,,15
ren_online_only,ACCESS,52.000,0.1/0.1/0.01,400,2,14,ok,,0,1,97.32400000029884,1415.0,6,0.6189999999999998,0.05499999999994998,0.04499999999995907,0.04499999999995907,0.0,1762268666736,1762268666833,,,,,,,,,,,,,,,,15
ren_online_only,ACCESS,52.000,0.1/0.1/0.01,400,2,15,ok,,0,1,89.97775100033323,1416.0,6,0.4759999999999991,0.032999999999901775,0.07099999999996953,0.07099999999996953,0.0,1762268667458,1762268667548,,,,,,,,,,,,,,,,15
ren_online_only,ACCESS,52.000,0.1/0.1/0.01,400,2,16,ok,,0,1,95.62424999967334,1416.0,6,0.6039999999999992,0.04699999999991178,0.04800000000000182,0.04800000000000182,0.0,1762268668176,1762268668271,,,,,,,,,,,,,,,,15
ren_online_only,ACCESS,52.000,0.1/0.1/0.01,400,2,17,ok,,0,1,91.73279200149409,1415.0,6,0.5210000000000008,0.03099999999994907,0.05299999999999727,0.05299999999999727,0.0,1762268668939,1762268669031,,,,,,,,,,,,,,,,15
ren_online_only,ACCESS,52.000,0.1/0.1/0.01,400,2,18,ok,,0,1,97.24704100153758,1414.0,6,0.4350000000000023,0.02500000000009095,0.04199999999997317,0.04199999999997317,0.0,1762268669687,1762268669784,,,,,,,,,,,,,,,,15
ren_online_only,ACCESS,52.000,0.1/0.1/0.01,400,2,19,ok,,0,1,90.31820900054299,1417.0,6,0.4720000000000084,0.03099999999994907,0.04400000000003956,0.04400000000003956,0.0,1762268670455,1762268670545,,,,,,,,,,,,,,,,15
ren_online_only,ACCESS,52.000,0.1/0.1/0.01,400,2,20,ok,,0,1,95.41895899928932,1418.0,6,0.475999999999992,0.03899999999998727,0.043000000000006366,0.043000000000006366,0.0,1762268671219,1762268671314,,,,,,,,,,,,,,,,15
ren_online_only,ACCESS,52.000,0.1/0.1/0.01,600,2,1,ok,,0,1,97.90120900106558,1416.0,6,0.46999999999999886,0.043000000000006366,0.03100000000000591,0.03100000000000591,0.0,1762268671991,1762268672088,,,,,,,,,,,,,,,,15
ren_online_only,ACCESS,52.000,0.1/0.1/0.01,600,2,2,ok,,0,1,96.77266600010626,1413.0,6,0.4789999999999992,0.03899999999998727,0.03799999999995407,0.03799999999995407,0.0,1762268672756,1762268672853,,,,,,,,,,,,,,,,15
ren_online_only,ACCESS,52.000,0.1/0.1/0.01,600,2,3,ok,,0,1,97.23320800003421,1416.0,6,0.4339999999999975,0.04000000000007731,0.03899999999998727,0.03899999999998727,0.0,1762268673485,1762268673582,,,,,,,,,,,,,,,,15
ren_online_only,ACCESS,52.000,0.1/0.1/0.01,600,2,4,ok,,0,1,91.44187499987311,1414.0,6,0.4520000000000053,0.03099999999994907,0.03700000000003456,0.03700000000003456,0.0,1762268674224,1762268674315,,,,,,,,,,,,,,,,15
ren_online_only,ACCESS,52.000,0.1/0.1/0.01,600,2,5,ok,,0,1,86.55399999952351,1415.0,6,3.0209999999999937,0.09699999999997999,0.06300000000004502,0.06300000000004502,0.0,1762268675011,1762268675098,,,,,,,,,,,,,,,,15
ren_online_only,ACCESS,52.000,0.1/0.1/0.01,600,2,6,ok,,0,1,89.93674999874202,1416.0,6,0.580999999999996,0.0420000000001437,0.036000000000001364,0.036000000000001364,0.0,1762268675722,1762268675812,,,,,,,,,,,,,,,,15
ren_online_only,ACCESS,52.000,0.1/0.1/0.01,600,2,7,ok,,0,1,94.97683399968082,1413.0,6,0.732999999999997,0.1250000000001137,0.055999999999983174,0.055999999999983174,0.0,1762268676434,1762268676529,,,,,,,,,,,,,,,,15
ren_online_only,ACCESS,52.000,0.1/0.1/0.01,600,2,8,ok,,0,1,91.68700000009267,1417.0,6,0.44299999999999784,0.03799999999989723,0.029999999999972715,0.029999999999972715,0.0,1762268677172,1762268677264,,,,,,,,,,,,,,,,15
ren_online_only,ACCESS,52.000,0.1/0.1/0.01,600,2,9,ok,,0,1,93.77729200059548,1417.0,6,0.4579999999999984,0.03099999999994907,0.026999999999986812,0.026999999999986812,0.0,1762268677875,1762268677969,,,,,,,,,,,,,,,,15
ren_online_only,ACCESS,52.000,0.1/0.1/0.01,600,2,10,ok,,0,1,90.0155419985822,1417.0,6,0.5670000000000002,0.04399999999986903,0.049999999999954525,0.049999999999954525,0.0,1762268678610,1762268678700,,,,,,,,,,,,,,,,15
ren_online_only,ACCESS,52.000,0.1/0.1/0.01,600,2,11,ok,,0,1,92.69524999945133,1416.0,6,0.6540000000000035,0.08999999999991815,0.04800000000000182,0.04800000000000182,0.0,1762268679336,1762268679428,,,,,,,,,,,,,,,,15
ren_online_only,ACCESS,52.000,0.1/0.1/0.01,600,2,12,ok,,0,1,84.0779170011956,1415.0,6,0.46000000000000085,0.03600000000005821,0.05500000000000682,0.05500000000000682,0.0,1762268680047,1762268680131,,,,,,,,,,,,,,,,15
ren_online_only,ACCESS,52.000,0.1/0.1/0.01,600,2,13,ok,,0,1,93.33700000024692,1415.0,6,0.45599999999999596,0.03000000000020009,0.03300000000001546,0.03300000000001546,0.0,1762268680794,1762268680887,,,,,,,,,,,,,,,,15
ren_online_only,ACCESS,52.000,0.1/0.1/0.01,600,2,14,ok,,0,1,87.50624999993306,1417.0,6,0.480000000000004,0.031000000000176442,0.031999999999982265,0.031999999999982265,0.0,1762268681547,1762268681634,,,,,,,,,,,,,,,,15
ren_online_only,ACCESS,52.000,0.1/0.1/0.01,600,2,15,ok,,0,1,94.9087499993766,1418.0,6,0.4720000000000013,0.043000000000006366,0.04200000000003001,0.04200000000003001,0.0,1762268682300,1762268682395,,,,,,,,,,,,,,,,15
ren_online_only,ACCESS,52.000,0.1/0.1/0.01,600,2,16,ok,,0,1,93.34416700039583,1416.0,6,0.4510000000000005,0.04500000000007276,0.03799999999995407,0.03799999999995407,0.0,1762268683034,1762268683127,,,,,,,,,,,,,,,,15
ren_online_only,ACCESS,52.000,0.1/0.1/0.01,600,2,17,ok,,0,1,96.83474999837927,1413.0,6,0.5670000000000002,0.0340000000001055,0.04399999999998272,0.04399999999998272,0.0,1762268683815,1762268683912,,,,,,,,,,,,,,,,15
ren_online_only,ACCESS,52.000,0.1/0.1/0.01,600,2,18,ok,,0,1,94.6644159994321,1415.0,6,0.5300000000000011,0.03499999999996817,0.04300000000006321,0.04300000000006321,0.0,1762268684577,1762268684672,,,,,,,,,,,,,,,,15
ren_online_only,ACCESS,52.000,0.1/0.1/0.01,600,2,19,ok,,0,1,99.03654200024903,1416.0,6,0.5140000000000029,0.032999999999901775,0.03100000000000591,0.03100000000000591,0.0,1762268685295,1762268685394,,,,,,,,,,,,,,,,15
ren_online_only,ACCESS,52.000,0.1/0.1/0.01,600,2,20,ok,,0,1,98.5512919996836,1414.0,6,0.4859999999999971,0.02900000000011005,0.03299999999995862,0.03299999999995862,0.0,1762268686042,1762268686141,,,,,,,,,,,,,,,,15
