scenario,mode,rtt_ms,loss_pct,timeout_ms,pto,run,status,failed_stage,errno,attempts,latency_ms,bytes_online,msgs_online,cpu_ms_ue,cpu_ms_leo2,ts5,ts6,rain_profile,bw_factor,down_rate_mbps,up_rate_mbps,bad_ticks,total_ticks,bad_ratio,blackout_events,blackout_ticks,window_profile,window_duration_ms,uplink_delay_ms,down_ready_ms,guard_close_ms,scheduled_blackouts
s2_rain_fade,RAIN_FADE,14,,300,2,1,ok,,,1,62.496458005625755,120,1,26.542000000000005,10.753,1762693786709,1762693786737,light,0.8,80.0,0.0,0,1,0.0,0,0,,,,,,
s2_rain_fade,RAIN_FADE,14,,300,2,2,ok,,,1,49.31795797892846,120,1,25.823,10.024999999999991,1762693787346,1762693787363,light,0.8,80.0,0.0,0,1,0.0,0,0,,,,,,
s2_rain_fade,RAIN_FADE,14,,300,2,3,ok,,,1,50.50037501496263,120,1,26.139999999999993,10.203999999999994,1762693788027,1762693788043,light,0.8,80.0,0.0,0,1,0.0,0,0,,,,,,
s2_rain_fade,RAIN_FADE,14,,300,2,4,ok,,,1,50.91250000987202,120,1,25.31799999999999,10.233000000000004,1762693788700,1762693788717,light,0.8,80.0,0.0,0,1,0.0,0,0,,,,,,
s2_rain_fade,RAIN_FADE,14,,300,2,5,ok,,,1,47.31112500303425,120,1,25.717999999999996,10.174999999999983,1762693789394,1762693789410,light,0.8,80.0,0.0,0,1,0.0,0,0,,,,,,
s2_rain_fade,RAIN_FADE,14,,300,2,6,ok,,,1,45.401165989460424,120,1,23.253,10.218000000000018,1762693790062,1762693790079,light,0.8,80.0,0.0,1,1,1.0,0,0,,,,,,
s2_rain_fade,RAIN_FADE,14,,300,2,7,ok,,,1,45.67983400193043,120,1,23.378999999999998,10.148999999999972,1762693790725,1762693790742,light,0.8,80.0,0.0,0,1,0.0,0,0,,,,,,
s2_rain_fade,RAIN_FADE,14,,300,2,8,ok,,,1,46.10162501921877,120,1,23.642999999999994,9.961000000000013,1762693791407,1762693791424,light,0.8,80.0,0.0,0,1,0.0,0,0,,,,,,
s2_rain_fade,RAIN_FADE,14,,300,2,9,ok,,,1,47.22354200202972,120,1,26.383,10.093999999999966,1762693792141,1762693792156,light,0.8,80.0,0.0,0,1,0.0,0,0,,,,,,
s2_rain_fade,RAIN_FADE,14,,300,2,10,ok,,,1,47.69879099330865,120,1,24.650999999999996,10.39500000000001,1762693792807,1762693792825,light,0.8,80.0,0.0,0,1,0.0,0,0,,,,,,
s2_rain_fade,RAIN_FADE,14,,300,2,11,ok,,,1,48.26545898686163,120,1,23.938999999999986,10.187000000000012,1762693793486,1762693793502,light,0.8,80.0,0.0,0,1,0.0,0,0,,,,,,
s2_rain_fade,RAIN_FADE,14,,300,2,12,ok,,,1,47.70212501171045,120,1,25.329,10.119,1762693794198,1762693794216,light,0.8,80.0,0.0,0,1,0.0,0,0,,,,,,
s2_rain_fade,RAIN_FADE,14,,300,2,13,ok,,,1,42.656582983909175,120,1,23.296,9.968999999999994,1762693794863,1762693794878,light,0.8,80.0,0.0,0,1,0.0,0,0,,,,,,
s2_rain_fade,RAIN_FADE,14,,300,2,14,ok,,,1,45.83570797694847,120,1,23.759,10.562000000000012,1762693795585,1762693795600,light,0.8,80.0,0.0,0,1,0.0,0,0,,,,,,
s2_rain_fade,RAIN_FADE,14,,300,2,15,ok,,,1,47.769458004040644,120,1,25.598,10.169999999999959,1762693796273,1762693796289,light,0.8,80.0,0.0,0,1,0.0,0,0,,,,,,
s2_rain_fade,RAIN_FADE,14,,300,2,16,ok,,,1,43.45687499153428,120,1,23.011999999999997,10.080000000000041,1762693796988,1762693797003,light,0.8,80.0,0.0,1,1,1.0,0,0,,,,,,
s2_rain_fade,RAIN_FADE,14,,300,2,17,ok,,,1,47.01974999625236,120,1,24.15,10.262,1762693797707,1762693797723,light,0.8,80.0,0.0,0,1,0.0,0,0,,,,,,
s2_rain_fade,RAIN_FADE,14,,300,2,18,ok,,,1,43.99683399242349,120,1,24.024000000000008,10.132000000000062,1762693798408,1762693798424,light,0.8,80.0,0.0,0,1,0.0,0,0,,,,,,
s2_rain_fade,RAIN_FADE,14,,300,2,19,ok,,,1,48.29120801878162,120,1,24.57,10.037000000000035,1762693799087,1762693799104,light,0.8,80.0,0.0,0,1,0.0,0,0,,,,,,
s2_rain_fade,RAIN_FADE,14,,300,2,20,ok,,,1,47.65145800774917,120,1,25.627999999999993,10.408000000000015,1762693799775,1762693799791,light,0.8,80.0,0.0,0,1,0.0,0,0,,,,,,
s2_rain_fade,RAIN_FADE,14,,300,2,21,ok,,,1,47.548415983328596,120,1,25.728999999999992,10.26299999999992,1762693800463,1762693800480,light,0.8,80.0,0.0,0,1,0.0,0,0,,,,,,
s2_rain_fade,RAIN_FADE,14,,300,2,22,ok,,,1,46.43062499235384,120,1,26.594,10.319999999999993,1762693801141,1762693801155,light,0.8,80.0,0.0,0,1,0.0,0,0,,,,,,
s2_rain_fade,RAIN_FADE,14,,300,2,23,ok,,,1,48.34145799395628,120,1,26.145000000000003,10.285000000000025,1762693801803,1762693801818,light,0.8,80.0,0.0,0,1,0.0,0,0,,,,,,
s2_rain_fade,RAIN_FADE,14,,300,2,24,ok,,,1,46.88404200715013,120,1,23.266999999999996,9.966999999999985,1762693802466,1762693802484,light,0.8,80.0,0.0,0,1,0.0,0,0,,,,,,
s2_rain_fade,RAIN_FADE,14,,300,2,25,ok,,,1,49.06654200749472,120,1,26.295,10.108000000000004,1762693803169,1762693803184,light,0.8,80.0,0.0,1,1,1.0,0,0,,,,,,
s2_rain_fade,RAIN_FADE,14,,300,2,26,ok,,,1,45.86800001561642,120,1,23.743999999999993,10.388000000000034,1762693803857,1762693803874,light,0.8,80.0,0.0,0,1,0.0,0,0,,,,,,
s2_rain_fade,RAIN_FADE,14,,300,2,27,ok,,,1,43.506457994226366,120,1,23.719000000000005,10.307999999999936,1762693804567,1762693804582,light,0.8,80.0,0.0,0,1,0.0,0,0,,,,,,
s2_rain_fade,RAIN_FADE,14,,300,2,28,ok,,,1,43.19125000620261,120,1,23.394999999999996,10.132000000000005,1762693805283,1762693805296,light,0.8,80.0,0.0,0,1,0.0,0,0,,,,,,
s2_rain_fade,RAIN_FADE,14,,300,2,29,ok,,,1,43.69175000465475,120,1,23.453000000000003,10.17799999999994,1762693805987,1762693806001,light,0.8,80.0,0.0,0,1,0.0,0,0,,,,,,
s2_rain_fade,RAIN_FADE,14,,300,2,30,ok,,,1,47.240457992302254,120,1,25.262,10.40300000000002,1762693806679,1762693806694,light,0.8,80.0,0.0,0,1,0.0,0,0,,,,,,
s2_rain_fade,RAIN_FADE,14,,300,2,31,ok,,,1,44.72395800985396,120,1,23.992999999999995,10.066000000000031,1762693807362,1762693807378,light,0.8,80.0,0.0,0,1,0.0,0,0,,,,,,
s2_rain_fade,RAIN_FADE,14,,300,2,32,ok,,,1,46.25904199201614,120,1,23.898000000000003,10.274000000000001,1762693808047,1762693808063,light,0.8,80.0,0.0,0,1,0.0,0,0,,,,,,
s2_rain_fade,RAIN_FADE,14,,300,2,33,ok,,,1,44.95804200996645,120,1,23.456999999999997,10.0,1762693808750,1762693808766,light,0.8,80.0,0.0,0,1,0.0,0,0,,,,,,
s2_rain_fade,RAIN_FADE,14,,300,2,34,ok,,,1,52.05966599169187,120,1,25.90800000000001,10.332999999999856,1762693809474,1762693809492,light,0.8,80.0,0.0,0,1,0.0,0,0,,,,,,
s2_rain_fade,RAIN_FADE,14,,300,2,35,ok,,,1,45.65529199317098,120,1,23.914,10.287000000000035,1762693810168,1762693810182,light,0.8,80.0,0.0,0,1,0.0,0,0,,,,,,
s2_rain_fade,RAIN_FADE,14,,300,2,36,ok,,,1,43.787417002022266,120,1,23.61999999999999,10.113000000000056,1762693810870,1762693810885,light,0.8,80.0,0.0,0,1,0.0,0,0,,,,,,
s2_rain_fade,RAIN_FADE,14,,300,2,37,ok,,,1,42.770792002556846,120,1,23.383999999999997,10.017999999999915,1762693811511,1762693811524,light,0.8,80.0,0.0,0,1,0.0,0,0,,,,,,
s2_rain_fade,RAIN_FADE,14,,300,2,38,ok,,,1,48.19733300246298,120,1,25.954999999999995,10.226999999999975,1762693812237,1762693812252,light,0.8,80.0,0.0,0,1,0.0,0,0,,,,,,
s2_rain_fade,RAIN_FADE,14,,300,2,39,ok,,,1,43.61716701532714,120,1,23.315000000000005,10.946999999999889,1762693812895,1762693812909,light,0.8,80.0,0.0,0,1,0.0,0,0,,,,,,
s2_rain_fade,RAIN_FADE,14,,300,2,40,ok,,,1,44.25762497703545,120,1,23.772999999999993,10.43500000000006,1762693813567,1762693813582,light,0.8,80.0,0.0,0,1,0.0,0,0,,,,,,
s2_rain_fade,RAIN_FADE,14,,300,2,41,ok,,,1,47.51512498478405,120,1,23.393000000000004,10.509000000000015,1762693814298,1762693814315,light,0.8,80.0,0.0,0,1,0.0,0,0,,,,,,
s2_rain_fade,RAIN_FADE,14,,300,2,42,ok,,,1,47.00200000661425,120,1,23.410999999999998,10.17200000000014,1762693814974,1762693814991,light,0.8,80.0,0.0,0,1,0.0,0,0,,,,,,
s2_rain_fade,RAIN_FADE,14,,300,2,43,ok,,,1,46.25916699296795,120,1,23.566999999999993,10.36099999999999,1762693815665,1762693815681,light,0.8,80.0,0.0,0,1,0.0,0,0,,,,,,
s2_rain_fade,RAIN_FADE,14,,300,2,44,ok,,,1,45.01783399609849,120,1,24.091,10.190000000000055,1762693816366,1762693816381,light,0.8,80.0,0.0,0,1,0.0,0,0,,,,,,
s2_rain_fade,RAIN_FADE,14,,300,2,45,ok,,,1,43.4962080034893,120,1,23.848000000000003,10.343999999999937,1762693817040,1762693817054,light,0.8,80.0,0.0,1,1,1.0,0,0,,,,,,
s2_rain_fade,RAIN_FADE,14,,300,2,46,ok,,,1,47.6115409983322,120,1,23.653,10.136999999999944,1762693817690,1762693817707,light,0.8,80.0,0.0,1,1,1.0,0,0,,,,,,
s2_rain_fade,RAIN_FADE,14,,300,2,47,ok,,,1,50.16879198956303,120,1,26.199000000000005,10.655000000000086,1762693818404,1762693818420,light,0.8,80.0,0.0,0,1,0.0,0,0,,,,,,
s2_rain_fade,RAIN_FADE,14,,300,2,48,ok,,,1,47.46291699120775,120,1,24.314,10.342999999999961,1762693819086,1762693819104,light,0.8,80.0,0.0,0,1,0.0,0,0,,,,,,
s2_rain_fade,RAIN_FADE,14,,300,2,49,ok,,,1,51.04245900292881,120,1,26.024,10.606999999999971,1762693819766,1762693819783,light,0.8,80.0,0.0,0,1,0.0,0,0,,,,,,
s2_rain_fade,RAIN_FADE,14,,300,2,50,ok,,,1,46.783375000813976,120,1,25.216,11.020000000000095,1762693820452,1762693820466,light,0.8,80.0,0.0,0,1,0.0,0,0,,,,,,
s2_rain_fade,RAIN_FADE,14,,300,2,51,ok,,,1,48.9858329819981,120,1,26.329,10.482999999999947,1762693821164,1762693821180,light,0.8,80.0,0.0,1,1,1.0,0,0,,,,,,
s2_rain_fade,RAIN_FADE,14,,300,2,52,ok,,,1,49.65983398142271,120,1,25.385000000000005,10.307999999999879,1762693821830,1762693821846,light,0.8,80.0,0.0,0,1,0.0,0,0,,,,,,
s2_rain_fade,RAIN_FADE,14,,300,2,53,ok,,,1,49.35137499705888,120,1,25.864999999999995,10.700000000000045,1762693822550,1762693822567,light,0.8,80.0,0.0,0,1,0.0,0,0,,,,,,
s2_rain_fade,RAIN_FADE,14,,300,2,54,ok,,,1,43.87391702039167,120,1,23.546999999999997,10.117999999999938,1762693823226,1762693823242,light,0.8,80.0,0.0,0,1,0.0,0,0,,,,,,
s2_rain_fade,RAIN_FADE,14,,300,2,55,ok,,,1,46.367542003281415,120,1,24.516999999999996,10.646999999999935,1762693823921,1762693823938,light,0.8,80.0,0.0,0,1,0.0,0,0,,,,,,
s2_rain_fade,RAIN_FADE,14,,300,2,56,ok,,,1,47.5172080041375,120,1,23.468000000000004,10.081999999999994,1762693824636,1762693824653,light,0.8,80.0,0.0,0,1,0.0,0,0,,,,,,
s2_rain_fade,RAIN_FADE,14,,300,2,57,ok,,,1,50.97633300465532,120,1,26.673000000000002,10.530999999999949,1762693825349,1762693825365,light,0.8,80.0,0.0,0,1,0.0,0,0,,,,,,
s2_rain_fade,RAIN_FADE,14,,300,2,58,ok,,,1,45.67216700525023,120,1,25.819000000000003,10.545999999999935,1762693826045,1762693826059,light,0.8,80.0,0.0,0,1,0.0,0,0,,,,,,
s2_rain_fade,RAIN_FADE,14,,300,2,59,ok,,,1,49.448166973888874,120,1,25.29099999999999,10.55099999999993,1762693826728,1762693826745,light,0.8,80.0,0.0,0,1,0.0,0,0,,,,,,
s2_rain_fade,RAIN_FADE,14,,300,2,60,ok,,,1,45.91187500045635,120,1,23.405000000000005,10.236999999999853,1762693827418,1762693827433,light,0.8,80.0,0.0,0,1,0.0,0,0,,,,,,
s2_rain_fade,RAIN_FADE,14,,300,2,61,ok,,,1,45.69679198903032,120,1,24.208,10.203000000000088,1762693828113,1762693828130,light,0.8,80.0,0.0,0,1,0.0,0,0,,,,,,
s2_rain_fade,RAIN_FADE,14,,300,2,62,ok,,,1,46.120540995616466,120,1,25.689999999999998,10.368999999999915,1762693828838,1762693828853,light,0.8,80.0,0.0,0,1,0.0,0,0,,,,,,
s2_rain_fade,RAIN_FADE,14,,300,2,63,ok,,,1,46.44162501790561,120,1,23.577000000000005,10.536000000000058,1762693829528,1762693829545,light,0.8,80.0,0.0,0,1,0.0,0,0,,,,,,
s2_rain_fade,RAIN_FADE,14,,300,2,64,ok,,,1,43.37520798435435,120,1,23.327999999999992,10.279000000000224,1762693830229,1762693830243,light,0.8,80.0,0.0,0,1,0.0,0,0,,,,,,
s2_rain_fade,RAIN_FADE,14,,300,2,65,ok,,,1,41.70237499056384,120,1,23.619999999999997,10.286000000000058,1762693830933,1762693830945,light,0.8,80.0,0.0,0,1,0.0,0,0,,,,,,
s2_rain_fade,RAIN_FADE,14,,300,2,66,ok,,,1,50.03604097873904,120,1,27.102000000000004,10.222999999999956,1762693831621,1762693831638,light,0.8,80.0,0.0,0,1,0.0,0,0,,,,,,
s2_rain_fade,RAIN_FADE,14,,300,2,67,ok,,,1,45.275500015122816,120,1,23.391,10.284999999999854,1762693832298,1762693832312,light,0.8,80.0,0.0,0,1,0.0,0,0,,,,,,
s2_rain_fade,RAIN_FADE,14,,300,2,68,ok,,,1,49.866082990774885,120,1,25.61499999999999,10.217999999999847,1762693832981,1762693833000,light,0.8,80.0,0.0,1,1,1.0,0,0,,,,,,
s2_rain_fade,RAIN_FADE,14,,300,2,69,ok,,,1,45.80804199213162,120,1,23.542999999999996,10.231999999999971,1762693833594,1762693833610,light,0.8,80.0,0.0,0,1,0.0,0,0,,,,,,
s2_rain_fade,RAIN_FADE,14,,300,2,70,ok,,,1,47.196083003655076,120,1,23.651999999999994,10.42899999999986,1762693834305,1762693834323,light,0.8,80.0,0.0,0,1,0.0,0,0,,,,,,
s2_rain_fade,RAIN_FADE,14,,300,2,71,ok,,,1,48.14812500262633,120,1,23.426000000000002,10.422000000000025,1762693835001,1762693835019,light,0.8,80.0,0.0,0,1,0.0,0,0,,,,,,
s2_rain_fade,RAIN_FADE,14,,300,2,72,ok,,,1,43.46812498988584,120,1,23.739999999999995,10.342000000000098,1762693835704,1762693835719,light,0.8,80.0,0.0,0,1,0.0,0,0,,,,,,
s2_rain_fade,RAIN_FADE,14,,300,2,73,ok,,,1,46.265709010185674,120,1,23.439999999999994,10.236999999999853,1762693836358,1762693836374,light,0.8,80.0,0.0,1,1,1.0,0,0,,,,,,
s2_rain_fade,RAIN_FADE,14,,300,2,74,ok,,,1,42.1110829920508,120,1,23.40700000000001,10.219000000000278,1762693837067,1762693837080,light,0.8,80.0,0.0,0,1,0.0,0,0,,,,,,
s2_rain_fade,RAIN_FADE,14,,300,2,75,ok,,,1,43.970833998173475,120,1,23.372999999999994,10.290000000000191,1762693837721,1762693837735,light,0.8,80.0,0.0,0,1,0.0,0,0,,,,,,
s2_rain_fade,RAIN_FADE,14,,300,2,76,ok,,,1,45.09470899938606,120,1,23.872,10.374999999999773,1762693838448,1762693838463,light,0.8,80.0,0.0,0,1,0.0,0,0,,,,,,
s2_rain_fade,RAIN_FADE,14,,300,2,77,ok,,,1,46.23874998651445,120,1,23.401,10.184999999999945,1762693839157,1762693839173,light,0.8,80.0,0.0,0,1,0.0,0,0,,,,,,
s2_rain_fade,RAIN_FADE,14,,300,2,78,ok,,,1,45.483583002351224,120,1,23.597999999999992,10.321999999999889,1762693839869,1762693839884,light,0.8,80.0,0.0,0,1,0.0,0,0,,,,,,
s2_rain_fade,RAIN_FADE,14,,300,2,79,ok,,,1,45.16333300853148,120,1,23.608999999999995,10.19399999999996,1762693840582,1762693840596,light,0.8,80.0,0.0,0,1,0.0,0,0,,,,,,
s2_rain_fade,RAIN_FADE,14,,300,2,80,ok,,,1,48.35695799556561,120,1,26.207,10.368000000000166,1762693841281,1762693841297,light,0.8,80.0,0.0,0,1,0.0,0,0,,,,,,
s2_rain_fade,RAIN_FADE,14,,300,2,81,ok,,,1,47.63099999399856,120,1,26.244000000000007,10.931999999999789,1762693841961,1762693841976,light,0.8,80.0,0.0,0,1,0.0,0,0,,,,,,
s2_rain_fade,RAIN_FADE,14,,300,2,82,ok,,,1,45.833249983843416,120,1,23.973,10.348999999999933,1762693842654,1762693842668,light,0.8,80.0,0.0,0,1,0.0,0,0,,,,,,
s2_rain_fade,RAIN_FADE,14,,300,2,83,ok,,,1,44.45316700730473,120,1,24.151999999999994,10.447000000000116,1762693843377,1762693843391,light,0.8,80.0,0.0,0,1,0.0,0,0,,,,,,
s2_rain_fade,RAIN_FADE,14,,300,2,84,ok,,,1,49.42195801413618,120,1,26.139000000000003,10.180000000000291,1762693844116,1762693844132,light,0.8,80.0,0.0,1,1,1.0,0,0,,,,,,
s2_rain_fade,RAIN_FADE,14,,300,2,85,ok,,,1,45.786166010657325,120,1,24.54699999999999,10.276000000000067,1762693844844,1762693844859,light,0.8,80.0,0.0,1,1,1.0,0,0,,,,,,
s2_rain_fade,RAIN_FADE,14,,300,2,86,ok,,,1,46.11587501130998,120,1,27.268,10.947999999999865,1762693845524,1762693845538,light,0.8,80.0,0.0,1,1,1.0,0,0,,,,,,
s2_rain_fade,RAIN_FADE,14,,300,2,87,ok,,,1,50.2877079998143,120,1,26.059999999999995,10.296999999999798,1762693846207,1762693846223,light,0.8,80.0,0.0,0,1,0.0,0,0,,,,,,
s2_rain_fade,RAIN_FADE,14,,300,2,88,ok,,,1,43.14366701873951,120,1,23.386999999999997,10.133000000000038,1762693846862,1762693846875,light,0.8,80.0,0.0,0,1,0.0,0,0,,,,,,
s2_rain_fade,RAIN_FADE,14,,300,2,89,ok,,,1,48.875207983655855,120,1,26.195,10.319999999999936,1762693847589,1762693847604,light,0.8,80.0,0.0,0,1,0.0,0,0,,,,,,
s2_rain_fade,RAIN_FADE,14,,300,2,90,ok,,,1,51.29224999109283,120,1,26.325000000000003,10.260000000000218,1762693848282,1762693848301,light,0.8,80.0,0.0,0,1,0.0,0,0,,,,,,
s2_rain_fade,RAIN_FADE,14,,300,2,91,ok,,,1,48.32525001256727,120,1,23.979999999999997,10.465000000000146,1762693848960,1762693848977,light,0.8,80.0,0.0,0,1,0.0,0,0,,,,,,
s2_rain_fade,RAIN_FADE,14,,300,2,92,ok,,,1,48.323209019145,120,1,24.924000000000003,10.139000000000124,1762693849636,1762693849652,light,0.8,80.0,0.0,0,1,0.0,0,0,,,,,,
s2_rain_fade,RAIN_FADE,14,,300,2,93,ok,,,1,45.80029100179672,120,1,23.49199999999999,10.358999999999924,1762693850340,1762693850356,light,0.8,80.0,0.0,0,1,0.0,0,0,,,,,,
s2_rain_fade,RAIN_FADE,14,,300,2,94,ok,,,1,46.378583007026464,120,1,23.696000000000005,10.437000000000126,1762693851058,1762693851073,light,0.8,80.0,0.0,0,1,0.0,0,0,,,,,,
s2_rain_fade,RAIN_FADE,14,,300,2,95,ok,,,1,45.27299999608658,120,1,23.115999999999996,10.284000000000106,1762693851742,1762693851758,light,0.8,80.0,0.0,0,1,0.0,0,0,,,,,,
s2_rain_fade,RAIN_FADE,14,,300,2,96,ok,,,1,44.313833001069725,120,1,23.888999999999996,10.409000000000106,1762693852446,1762693852461,light,0.8,80.0,0.0,0,1,0.0,0,0,,,,,,
s2_rain_fade,RAIN_FADE,14,,300,2,97,ok,,,1,46.50312502053566,120,1,23.439000000000004,10.093000000000075,1762693853170,1762693853185,light,0.8,80.0,0.0,1,1,1.0,0,0,,,,,,
s2_rain_fade,RAIN_FADE,14,,300,2,98,ok,,,1,47.57554200477898,120,1,25.666999999999998,10.075000000000045,1762693853884,1762693853899,light,0.8,80.0,0.0,1,1,1.0,0,0,,,,,,
s2_rain_fade,RAIN_FADE,14,,300,2,99,ok,,,1,47.04108298756182,120,1,24.091,10.388999999999896,1762693854529,1762693854546,light,0.8,80.0,0.0,0,1,0.0,0,0,,,,,,
s2_rain_fade,RAIN_FADE,14,,300,2,100,ok,,,1,45.52829099702649,120,1,23.887999999999998,10.180000000000064,1762693855195,1762693855212,light,0.8,80.0,0.0,0,1,0.0,0,0,,,,,,
s2_rain_fade,RAIN_FADE,14,,300,2,101,ok,,,1,45.31995899742469,120,1,24.096000000000004,10.33400000000006,1762693855902,1762693855916,light,0.8,80.0,0.0,0,1,0.0,0,0,,,,,,
s2_rain_fade,RAIN_FADE,14,,300,2,102,ok,,,1,45.2881250239443,120,1,23.315999999999992,10.138999999999896,1762693856574,1762693856589,light,0.8,80.0,0.0,0,1,0.0,0,0,,,,,,
s2_rain_fade,RAIN_FADE,14,,300,2,103,ok,,,1,48.219374992186204,120,1,24.284999999999997,10.368000000000166,1762693857265,1762693857282,light,0.8,80.0,0.0,0,1,0.0,0,0,,,,,,
s2_rain_fade,RAIN_FADE,14,,300,2,104,ok,,,1,46.096415986539796,120,1,23.783999999999995,10.33900000000017,1762693857952,1762693857967,light,0.8,80.0,0.0,0,1,0.0,0,0,,,,,,
s2_rain_fade,RAIN_FADE,14,,300,2,105,ok,,,1,47.50725001213141,120,1,25.64399999999999,10.40300000000002,1762693858662,1762693858679,light,0.8,80.0,0.0,0,1,0.0,0,0,,,,,,
s2_rain_fade,RAIN_FADE,14,,300,2,106,ok,,,1,46.54733298229985,120,1,23.705,10.37299999999982,1762693859359,1762693859376,light,0.8,80.0,0.0,0,1,0.0,0,0,,,,,,
s2_rain_fade,RAIN_FADE,14,,300,2,107,ok,,,1,47.96429199632257,120,1,25.137999999999998,10.567000000000007,1762693860091,1762693860107,light,0.8,80.0,0.0,0,1,0.0,0,0,,,,,,
s2_rain_fade,RAIN_FADE,14,,300,2,108,ok,,,1,47.72862500976771,120,1,24.805,10.266000000000076,1762693860761,1762693860778,light,0.8,80.0,0.0,1,1,1.0,0,0,,,,,,
s2_rain_fade,RAIN_FADE,14,,300,2,109,ok,,,1,42.08662497694604,120,1,23.319999999999997,10.163000000000238,1762693861434,1762693861448,light,0.8,80.0,0.0,0,1,0.0,0,0,,,,,,
s2_rain_fade,RAIN_FADE,14,,300,2,110,ok,,,1,48.827166989212856,120,1,24.263999999999996,12.233999999999924,1762693862166,1762693862182,light,0.8,80.0,0.0,0,1,0.0,0,0,,,,,,
s2_rain_fade,RAIN_FADE,14,,300,2,111,ok,,,1,45.85687501821667,120,1,23.751999999999995,10.305000000000064,1762693862833,1762693862847,light,0.8,80.0,0.0,0,1,0.0,0,0,,,,,,
s2_rain_fade,RAIN_FADE,14,,300,2,112,ok,,,1,48.12774999300018,120,1,25.829,10.677000000000362,1762693863551,1762693863568,light,0.8,80.0,0.0,0,1,0.0,0,0,,,,,,
s2_rain_fade,RAIN_FADE,14,,300,2,113,ok,,,1,42.516374989645556,120,1,23.494,10.524000000000115,1762693864217,1762693864231,light,0.8,80.0,0.0,0,1,0.0,0,0,,,,,,
s2_rain_fade,RAIN_FADE,14,,300,2,114,ok,,,1,44.387791014742106,120,1,23.793,10.176000000000158,1762693864909,1762693864922,light,0.8,80.0,0.0,0,1,0.0,0,0,,,,,,
s2_rain_fade,RAIN_FADE,14,,300,2,115,ok,,,1,46.65254199062474,120,1,24.854,10.345000000000255,1762693865611,1762693865626,light,0.8,80.0,0.0,0,1,0.0,0,0,,,,,,
s2_rain_fade,RAIN_FADE,14,,300,2,116,ok,,,1,49.670416017761454,120,1,26.429000000000002,10.389999999999873,1762693866291,1762693866308,light,0.8,80.0,0.0,1,1,1.0,0,0,,,,,,
s2_rain_fade,RAIN_FADE,14,,300,2,117,ok,,,1,48.460082995006815,120,1,25.885999999999996,10.22700000000009,1762693866995,1762693867011,light,0.8,80.0,0.0,0,1,0.0,0,0,,,,,,
s2_rain_fade,RAIN_FADE,14,,300,2,118,ok,,,1,45.75724998721853,120,1,24.713,10.204000000000178,1762693867679,1762693867695,light,0.8,80.0,0.0,0,1,0.0,0,0,,,,,,
s2_rain_fade,RAIN_FADE,14,,300,2,119,ok,,,1,47.63729099067859,120,1,24.542999999999992,10.422000000000253,1762693868364,1762693868380,light,0.8,80.0,0.0,0,1,0.0,0,0,,,,,,
s2_rain_fade,RAIN_FADE,14,,300,2,120,ok,,,1,45.51766600343399,120,1,23.969,10.331000000000131,1762693869060,1762693869075,light,0.8,80.0,0.0,0,1,0.0,0,0,,,,,,
s2_rain_fade,RAIN_FADE,14,,300,2,121,ok,,,1,48.35858300793916,120,1,25.61,10.463999999999942,1762693869776,1762693869791,light,0.8,80.0,0.0,0,1,0.0,0,0,,,,,,
s2_rain_fade,RAIN_FADE,14,,300,2,122,ok,,,1,46.79345799377188,120,1,23.464,10.295000000000073,1762693870452,1762693870470,light,0.8,80.0,0.0,0,1,0.0,0,0,,,,,,
s2_rain_fade,RAIN_FADE,14,,300,2,123,ok,,,1,49.723667005309835,120,1,26.906,10.81100000000015,1762693871139,1762693871155,light,0.8,80.0,0.0,0,1,0.0,0,0,,,,,,
s2_rain_fade,RAIN_FADE,14,,300,2,124,ok,,,1,48.175000003539026,120,1,23.613000000000007,10.260999999999967,1762693871793,1762693871811,light,0.8,80.0,0.0,0,1,0.0,0,0,,,,,,
s2_rain_fade,RAIN_FADE,14,,300,2,125,ok,,,1,47.43545799283311,120,1,24.061999999999998,10.52299999999991,1762693872509,1762693872525,light,0.8,80.0,0.0,0,1,0.0,0,0,,,,,,
s2_rain_fade,RAIN_FADE,14,,300,2,126,ok,,,1,49.89537500659935,120,1,25.597999999999995,10.535000000000082,1762693873203,1762693873219,light,0.8,80.0,0.0,0,1,0.0,0,0,,,,,,
s2_rain_fade,RAIN_FADE,14,,300,2,127,ok,,,1,46.45150000578724,120,1,26.218000000000004,10.322000000000116,1762693873938,1762693873953,light,0.8,80.0,0.0,0,1,0.0,0,0,,,,,,
s2_rain_fade,RAIN_FADE,14,,300,2,128,ok,,,1,45.483166992198676,120,1,23.981999999999992,10.249000000000024,1762693874663,1762693874678,light,0.8,80.0,0.0,0,1,0.0,0,0,,,,,,
s2_rain_fade,RAIN_FADE,14,,300,2,129,ok,,,1,48.73916698852554,120,1,23.706999999999994,10.593999999999824,1762693875362,1762693875379,light,0.8,80.0,0.0,0,1,0.0,0,0,,,,,,
s2_rain_fade,RAIN_FADE,14,,300,2,130,ok,,,1,45.103417010977864,120,1,23.386999999999993,10.116999999999962,1762693876061,1762693876077,light,0.8,80.0,0.0,0,1,0.0,0,0,,,,,,
s2_rain_fade,RAIN_FADE,14,,300,2,131,ok,,,1,51.09745799563825,120,1,26.961,10.564000000000078,1762693876734,1762693876750,light,0.8,80.0,0.0,0,1,0.0,0,0,,,,,,
s2_rain_fade,RAIN_FADE,14,,300,2,132,ok,,,1,48.0335830070544,120,1,24.512999999999998,10.332999999999856,1762693877407,1762693877424,light,0.8,80.0,0.0,0,1,0.0,0,0,,,,,,
s2_rain_fade,RAIN_FADE,14,,300,2,133,ok,,,1,44.702458020765334,120,1,24.255000000000003,10.288000000000011,1762693878110,1762693878125,light,0.8,80.0,0.0,0,1,0.0,0,0,,,,,,
s2_rain_fade,RAIN_FADE,14,,300,2,134,ok,,,1,51.84512501000427,120,1,25.314999999999998,10.429000000000087,1762693878794,1762693878812,light,0.8,80.0,0.0,0,1,0.0,0,0,,,,,,
s2_rain_fade,RAIN_FADE,14,,300,2,135,ok,,,1,45.38529200362973,120,1,23.812000000000012,10.609000000000833,1762693879514,1762693879530,light,0.8,80.0,0.0,0,1,0.0,0,0,,,,,,
s2_rain_fade,RAIN_FADE,14,,300,2,136,ok,,,1,47.48141599702649,120,1,25.324999999999996,10.585999999999785,1762693880231,1762693880248,light,0.8,80.0,0.0,0,1,0.0,0,0,,,,,,
s2_rain_fade,RAIN_FADE,14,,300,2,137,ok,,,1,43.76083301031031,120,1,23.634000000000007,10.403999999999542,1762693880932,1762693880946,light,0.8,80.0,0.0,1,1,1.0,0,0,,,,,,
s2_rain_fade,RAIN_FADE,14,,300,2,138,ok,,,1,48.17087500123307,120,1,25.571999999999996,10.385000000000218,1762693881642,1762693881658,light,0.8,80.0,0.0,0,1,0.0,0,0,,,,,,
s2_rain_fade,RAIN_FADE,14,,300,2,139,ok,,,1,46.04637497686781,120,1,23.891000000000005,10.540999999999713,1762693882337,1762693882353,light,0.8,80.0,0.0,0,1,0.0,0,0,,,,,,
s2_rain_fade,RAIN_FADE,14,,300,2,140,ok,,,1,45.086874975822866,120,1,24.349000000000004,10.297999999999774,1762693883069,1762693883083,light,0.8,80.0,0.0,0,1,0.0,0,0,,,,,,
s2_rain_fade,RAIN_FADE,14,,300,2,141,ok,,,1,42.48100001132116,120,1,23.355999999999995,10.253000000000156,1762693883751,1762693883765,light,0.8,80.0,0.0,0,1,0.0,0,0,,,,,,
s2_rain_fade,RAIN_FADE,14,,300,2,142,ok,,,1,50.68000001483597,120,1,25.571000000000005,10.392999999999574,1762693884442,1762693884459,light,0.8,80.0,0.0,1,1,1.0,0,0,,,,,,
s2_rain_fade,RAIN_FADE,14,,300,2,143,ok,,,1,45.92637499445118,120,1,23.271,10.257000000000517,1762693885099,1762693885115,light,0.8,80.0,0.0,1,1,1.0,0,0,,,,,,
s2_rain_fade,RAIN_FADE,14,,300,2,144,ok,,,1,50.315291999140754,120,1,26.86200000000001,10.48299999999972,1762693885839,1762693885856,light,0.8,80.0,0.0,0,1,0.0,0,0,,,,,,
s2_rain_fade,RAIN_FADE,14,,300,2,145,ok,,,1,44.03600000659935,120,1,23.994000000000007,10.510999999999967,1762693886524,1762693886538,light,0.8,80.0,0.0,0,1,0.0,0,0,,,,,,
s2_rain_fade,RAIN_FADE,14,,300,2,146,ok,,,1,45.97925001871772,120,1,23.509000000000007,10.188000000000102,1762693887234,1762693887250,light,0.8,80.0,0.0,0,1,0.0,0,0,,,,,,
s2_rain_fade,RAIN_FADE,14,,300,2,147,ok,,,1,47.156917018583044,120,1,24.711,10.193999999999505,1762693887972,1762693887987,light,0.8,80.0,0.0,0,1,0.0,0,0,,,,,,
s2_rain_fade,RAIN_FADE,14,,300,2,148,ok,,,1,44.78983298758976,120,1,23.918,10.184000000000196,1762693888623,1762693888637,light,0.8,80.0,0.0,0,1,0.0,0,0,,,,,,
s2_rain_fade,RAIN_FADE,14,,300,2,149,ok,,,1,45.68024998297915,120,1,23.699999999999996,10.464000000000397,1762693889318,1762693889333,light,0.8,80.0,0.0,0,1,0.0,0,0,,,,,,
s2_rain_fade,RAIN_FADE,14,,300,2,150,ok,,,1,53.32887501572259,120,1,30.00099999999999,10.381999999999607,1762693890038,1762693890054,light,0.8,80.0,0.0,0,1,0.0,0,0,,,,,,
s2_rain_fade,RAIN_FADE,14,,300,2,151,ok,,,1,46.12741700839251,120,1,23.966,10.485999999999422,1762693890737,1762693890755,light,0.8,80.0,0.0,0,1,0.0,0,0,,,,,,
s2_rain_fade,RAIN_FADE,14,,300,2,152,ok,,,1,48.36704200715758,120,1,25.307999999999996,10.130999999999858,1762693891366,1762693891383,light,0.8,80.0,0.0,1,1,1.0,0,0,,,,,,
s2_rain_fade,RAIN_FADE,14,,300,2,153,ok,,,1,65.5730830039829,120,1,39.63,12.880999999999858,1762693892056,1762693892087,light,0.8,80.0,0.0,0,1,0.0,0,0,,,,,,
s2_rain_fade,RAIN_FADE,14,,300,2,154,ok,,,1,46.96320797665976,120,1,24.574999999999996,10.223999999999705,1762693892725,1762693892740,light,0.8,80.0,0.0,0,1,0.0,0,0,,,,,,
s2_rain_fade,RAIN_FADE,14,,300,2,155,preauth_failed,step4_wait,0,0,0.0,0,0,0.0,0.0,,,light,0.8,80.0,0.0,0,0,0.0,0,0,,,,,,
s2_rain_fade,RAIN_FADE,14,,300,2,156,ok,,,1,51.43000002135523,120,1,26.253999999999998,10.798999999999978,1762693898869,1762693898886,light,0.8,80.0,0.0,0,1,0.0,0,0,,,,,,
s2_rain_fade,RAIN_FADE,14,,300,2,157,ok,,,1,68.11387502239086,120,1,39.613,16.197000000000116,1762693899546,1762693899575,light,0.8,80.0,0.0,1,1,1.0,0,0,,,,,,
s2_rain_fade,RAIN_FADE,14,,300,2,158,ok,,,1,43.31537502002902,120,1,23.865999999999996,10.299000000000888,1762693900241,1762693900255,light,0.8,80.0,0.0,0,1,0.0,0,0,,,,,,
s2_rain_fade,RAIN_FADE,14,,300,2,159,ok,,,1,49.547791975783184,120,1,24.677,10.795999999999367,1762693900992,1762693901008,light,0.8,80.0,0.0,0,1,0.0,0,0,,,,,,
s2_rain_fade,RAIN_FADE,14,,300,2,160,ok,,,1,44.67804098385386,120,1,23.51499999999999,10.169999999999618,1762693901684,1762693901698,light,0.8,80.0,0.0,0,1,0.0,0,0,,,,,,
s2_rain_fade,RAIN_FADE,14,,300,2,161,ok,,,1,51.53416600660421,120,1,28.156,10.519000000000233,1762693902488,1762693902505,light,0.8,80.0,0.0,1,1,1.0,0,0,,,,,,
s2_rain_fade,RAIN_FADE,14,,300,2,162,ok,,,1,50.9827499918174,120,1,28.618000000000002,10.653999999999996,1762693903174,1762693903189,light,0.8,80.0,0.0,0,1,0.0,0,0,,,,,,
s2_rain_fade,RAIN_FADE,14,,300,2,163,ok,,,1,45.4059170151595,120,1,24.662999999999997,10.634999999999764,1762693903865,1762693903879,light,0.8,80.0,0.0,0,1,0.0,0,0,,,,,,
s2_rain_fade,RAIN_FADE,14,,300,2,164,ok,,,1,54.551832989091054,120,1,30.712999999999987,10.927999999999884,1762693904575,1762693904592,light,0.8,80.0,0.0,0,1,0.0,0,0,,,,,,
s2_rain_fade,RAIN_FADE,14,,300,2,165,ok,,,1,51.57887499080971,120,1,27.865000000000002,10.40099999999984,1762693905286,1762693905304,light,0.8,80.0,0.0,0,1,0.0,0,0,,,,,,
s2_rain_fade,RAIN_FADE,14,,300,2,166,ok,,,1,47.69916698569432,120,1,24.355000000000004,10.68899999999985,1762693905913,1762693905929,light,0.8,80.0,0.0,0,1,0.0,0,0,,,,,,
s2_rain_fade,RAIN_FADE,14,,300,2,167,ok,,,1,45.59741701814346,120,1,24.043,10.489000000000487,1762693906540,1762693906554,light,0.8,80.0,0.0,0,1,0.0,0,0,,,,,,
s2_rain_fade,RAIN_FADE,14,,300,2,168,ok,,,1,47.80233299243264,120,1,24.174,10.497999999999593,1762693907206,1762693907223,light,0.8,80.0,0.0,0,1,0.0,0,0,,,,,,
s2_rain_fade,RAIN_FADE,14,,300,2,169,ok,,,1,47.24054201506078,120,1,23.936000000000003,10.244000000000142,1762693907882,1762693907899,light,0.8,80.0,0.0,0,1,0.0,0,0,,,,,,
s2_rain_fade,RAIN_FADE,14,,300,2,170,ok,,,1,48.5845000075642,120,1,24.406000000000002,10.641000000000076,1762693908568,1762693908585,light,0.8,80.0,0.0,1,1,1.0,0,0,,,,,,
s2_rain_fade,RAIN_FADE,14,,300,2,171,ok,,,1,44.264249998377636,120,1,24.118999999999993,10.345999999999549,1762693909213,1762693909227,light,0.8,80.0,0.0,0,1,0.0,0,0,,,,,,
s2_rain_fade,RAIN_FADE,14,,300,2,172,ok,,,1,45.569042005809024,120,1,23.86500000000001,10.340000000000146,1762693909862,1762693909877,light,0.8,80.0,0.0,0,1,0.0,0,0,,,,,,
s2_rain_fade,RAIN_FADE,14,,300,2,173,ok,,,1,46.73620901303366,120,1,23.741999999999994,10.398000000000593,1762693910511,1762693910527,light,0.8,80.0,0.0,0,1,0.0,0,0,,,,,,
s2_rain_fade,RAIN_FADE,14,,300,2,174,ok,,,1,52.59616702096537,120,1,26.462000000000003,12.450000000000273,1762693911213,1762693911232,light,0.8,80.0,0.0,0,1,0.0,0,0,,,,,,
s2_rain_fade,RAIN_FADE,14,,300,2,175,ok,,,1,46.08070899848826,120,1,24.294999999999995,10.501000000000204,1762693911834,1762693911850,light,0.8,80.0,0.0,0,1,0.0,0,0,,,,,,
s2_rain_fade,RAIN_FADE,14,,300,2,176,ok,,,1,45.83170797559433,120,1,23.806999999999995,10.466999999999643,1762693912514,1762693912530,light,0.8,80.0,0.0,1,1,1.0,0,0,,,,,,
s2_rain_fade,RAIN_FADE,14,,300,2,177,ok,,,1,46.34995901142247,120,1,24.123,10.458000000000084,1762693913198,1762693913214,light,0.8,80.0,0.0,0,1,0.0,0,0,,,,,,
s2_rain_fade,RAIN_FADE,14,,300,2,178,ok,,,1,45.85845899418928,120,1,23.823999999999998,10.335000000000036,1762693913877,1762693913893,light,0.8,80.0,0.0,1,1,1.0,0,0,,,,,,
s2_rain_fade,RAIN_FADE,14,,300,2,179,ok,,,1,66.2429170042742,120,1,44.224,12.261000000000422,1762693914540,1762693914556,light,0.8,80.0,0.0,0,1,0.0,0,0,,,,,,
s2_rain_fade,RAIN_FADE,14,,300,2,180,ok,,,1,51.65704101091251,120,1,26.666999999999994,10.552999999999884,1762693915292,1762693915310,light,0.8,80.0,0.0,0,1,0.0,0,0,,,,,,
s2_rain_fade,RAIN_FADE,14,,300,2,181,ok,,,1,46.957749989815056,120,1,24.625,10.469000000000051,1762693916009,1762693916025,light,0.8,80.0,0.0,1,1,1.0,0,0,,,,,,
s2_rain_fade,RAIN_FADE,14,,300,2,182,ok,,,1,44.284458010224625,120,1,23.532999999999998,10.207999999999629,1762693916683,1762693916697,light,0.8,80.0,0.0,0,1,0.0,0,0,,,,,,
s2_rain_fade,RAIN_FADE,14,,300,2,183,ok,,,1,45.97312500118278,120,1,24.54099999999999,10.2800000000002,1762693917414,1762693917428,light,0.8,80.0,0.0,0,1,0.0,0,0,,,,,,
s2_rain_fade,RAIN_FADE,14,,300,2,184,ok,,,1,43.874166993191466,120,1,23.660999999999994,10.547999999999774,1762693918096,1762693918110,light,0.8,80.0,0.0,0,1,0.0,0,0,,,,,,
s2_rain_fade,RAIN_FADE,14,,300,2,185,ok,,,1,46.9739580003079,120,1,24.153,10.569000000000415,1762693918811,1762693918828,light,0.8,80.0,0.0,0,1,0.0,0,0,,,,,,
s2_rain_fade,RAIN_FADE,14,,300,2,186,ok,,,1,48.18049998721108,120,1,24.201999999999998,10.617999999999938,1762693919567,1762693919584,light,0.8,80.0,0.0,1,1,1.0,0,0,,,,,,
s2_rain_fade,RAIN_FADE,14,,300,2,187,ok,,,1,44.93987502064556,120,1,23.881,10.233000000000175,1762693920268,1762693920282,light,0.8,80.0,0.0,0,1,0.0,0,0,,,,,,
s2_rain_fade,RAIN_FADE,14,,300,2,188,ok,,,1,50.9359999850858,120,1,25.67,10.833999999999833,1762693920992,1762693921009,light,0.8,80.0,0.0,0,1,0.0,0,0,,,,,,
s2_rain_fade,RAIN_FADE,14,,300,2,189,ok,,,1,45.42350000701845,120,1,23.486999999999995,10.29800000000023,1762693921675,1762693921690,light,0.8,80.0,0.0,0,1,0.0,0,0,,,,,,
s2_rain_fade,RAIN_FADE,14,,300,2,190,ok,,,1,44.293333980022,120,1,24.722,10.414999999999964,1762693922381,1762693922394,light,0.8,80.0,0.0,1,1,1.0,0,0,,,,,,
s2_rain_fade,RAIN_FADE,14,,300,2,191,ok,,,1,47.37062499043532,120,1,26.035000000000004,10.402000000000044,1762693923102,1762693923116,light,0.8,80.0,0.0,0,1,0.0,0,0,,,,,,
s2_rain_fade,RAIN_FADE,14,,300,2,192,ok,,,1,45.398708985885605,120,1,23.573,10.284000000000106,1762693923765,1762693923781,light,0.8,80.0,0.0,0,1,0.0,0,0,,,,,,
s2_rain_fade,RAIN_FADE,14,,300,2,193,ok,,,1,44.14437501691282,120,1,23.763999999999992,10.375,1762693924464,1762693924479,light,0.8,80.0,0.0,0,1,0.0,0,0,,,,,,
s2_rain_fade,RAIN_FADE,14,,300,2,194,ok,,,1,49.74320900510065,120,1,26.461000000000006,10.845000000000255,1762693925166,1762693925184,light,0.8,80.0,0.0,0,1,0.0,0,0,,,,,,
s2_rain_fade,RAIN_FADE,14,,300,2,195,ok,,,1,44.24266700516455,120,1,23.33099999999999,10.27599999999984,1762693925838,1762693925853,light,0.8,80.0,0.0,1,1,1.0,0,0,,,,,,
s2_rain_fade,RAIN_FADE,14,,300,2,196,ok,,,1,45.329000015044585,120,1,23.34499999999999,10.28400000000056,1762693926550,1762693926566,light,0.8,80.0,0.0,0,1,0.0,0,0,,,,,,
s2_rain_fade,RAIN_FADE,14,,300,2,197,ok,,,1,45.4926670063287,120,1,23.650000000000002,10.279000000000451,1762693927252,1762693927266,light,0.8,80.0,0.0,0,1,0.0,0,0,,,,,,
s2_rain_fade,RAIN_FADE,14,,300,2,198,ok,,,1,47.010541980853304,120,1,25.332,10.635000000000218,1762693927968,1762693927982,light,0.8,80.0,0.0,0,1,0.0,0,0,,,,,,
s2_rain_fade,RAIN_FADE,14,,300,2,199,ok,,,1,46.84941700543277,120,1,24.025,10.501000000000204,1762693928648,1762693928664,light,0.8,80.0,0.0,0,1,0.0,0,0,,,,,,
s2_rain_fade,RAIN_FADE,14,,300,2,200,ok,,,1,46.37708401423879,120,1,24.152000000000008,10.588000000000648,1762693929378,1762693929393,light,0.8,80.0,0.0,0,1,0.0,0,0,,,,,,
s2_rain_fade,RAIN_FADE,14,,300,2,201,ok,,,1,47.90949999005534,120,1,23.798,10.059000000000196,1762693930127,1762693930144,light,0.8,80.0,0.0,0,1,0.0,0,0,,,,,,
s2_rain_fade,RAIN_FADE,14,,300,2,202,ok,,,1,49.14616697351448,120,1,26.111999999999995,10.445999999999913,1762693930827,1762693930845,light,0.8,80.0,0.0,0,1,0.0,0,0,,,,,,
s2_rain_fade,RAIN_FADE,14,,300,2,203,ok,,,1,45.30670799431391,120,1,24.118000000000002,10.526000000000295,1762693931506,1762693931522,light,0.8,80.0,0.0,0,1,0.0,0,0,,,,,,
s2_rain_fade,RAIN_FADE,14,,300,2,204,ok,,,1,49.104375008028,120,1,26.315,10.465000000000146,1762693932296,1762693932312,light,0.8,80.0,0.0,0,1,0.0,0,0,,,,,,
s2_rain_fade,RAIN_FADE,14,,300,2,205,ok,,,1,48.81816700799391,120,1,26.058999999999997,10.503000000000156,1762693932993,1762693933010,light,0.8,80.0,0.0,0,1,0.0,0,0,,,,,,
s2_rain_fade,RAIN_FADE,14,,300,2,206,ok,,,1,44.50341698247939,120,1,23.432999999999996,10.368999999999687,1762693933656,1762693933671,light,0.8,80.0,0.0,0,1,0.0,0,0,,,,,,
s2_rain_fade,RAIN_FADE,14,,300,2,207,ok,,,1,49.867749999975786,120,1,26.747999999999994,10.394999999999982,1762693934376,1762693934392,light,0.8,80.0,0.0,0,1,0.0,0,0,,,,,,
s2_rain_fade,RAIN_FADE,14,,300,2,208,ok,,,1,43.612707988359034,120,1,23.767999999999994,10.317000000000007,1762693935035,1762693935048,light,0.8,80.0,0.0,0,1,0.0,0,0,,,,,,
s2_rain_fade,RAIN_FADE,14,,300,2,209,ok,,,1,48.79491601604968,120,1,24.188999999999993,10.303000000000338,1762693935739,1762693935758,light,0.8,80.0,0.0,0,1,0.0,0,0,,,,,,
s2_rain_fade,RAIN_FADE,14,,300,2,210,ok,,,1,45.05562499980442,120,1,23.810999999999996,10.321999999999662,1762693936442,1762693936458,light,0.8,80.0,0.0,0,1,0.0,0,0,,,,,,
s2_rain_fade,RAIN_FADE,14,,300,2,211,ok,,,1,44.31462497450411,120,1,23.458,10.383000000000266,1762693937141,1762693937156,light,0.8,80.0,0.0,0,1,0.0,0,0,,,,,,
s2_rain_fade,RAIN_FADE,14,,300,2,212,ok,,,1,48.455041978741065,120,1,23.868999999999993,10.7150000000006,1762693937857,1762693937874,light,0.8,80.0,0.0,0,1,0.0,0,0,,,,,,
s2_rain_fade,RAIN_FADE,14,,300,2,213,ok,,,1,48.59033299726434,120,1,23.805999999999994,10.29300000000012,1762693938524,1762693938542,light,0.8,80.0,0.0,0,1,0.0,0,0,,,,,,
s2_rain_fade,RAIN_FADE,14,,300,2,214,ok,,,1,46.163416001945734,120,1,23.643,10.56100000000015,1762693939243,1762693939259,light,0.8,80.0,0.0,1,1,1.0,0,0,,,,,,
s2_rain_fade,RAIN_FADE,14,,300,2,215,ok,,,1,48.11437497846782,120,1,24.688,11.10300000000052,1762693939947,1762693939963,light,0.8,80.0,0.0,0,1,0.0,0,0,,,,,,
s2_rain_fade,RAIN_FADE,14,,300,2,216,ok,,,1,46.483916987199336,120,1,23.689000000000004,10.215999999999894,1762693940648,1762693940664,light,0.8,80.0,0.0,0,1,0.0,0,0,,,,,,
s2_rain_fade,RAIN_FADE,14,,300,2,217,ok,,,1,43.46912499750033,120,1,23.823000000000004,10.110999999999876,1762693941326,1762693941339,light,0.8,80.0,0.0,1,1,1.0,0,0,,,,,,
s2_rain_fade,RAIN_FADE,14,,300,2,218,ok,,,1,51.500708010280505,120,1,27.574999999999996,10.76700000000028,1762693942006,1762693942023,light,0.8,80.0,0.0,0,1,0.0,0,0,,,,,,
s2_rain_fade,RAIN_FADE,14,,300,2,219,ok,,,1,43.16599998855963,120,1,23.552,10.256000000000768,1762693942710,1762693942724,light,0.8,80.0,0.0,1,1,1.0,0,0,,,,,,
s2_rain_fade,RAIN_FADE,14,,300,2,220,ok,,,1,44.75537498365156,120,1,23.527999999999995,10.333000000000084,1762693943390,1762693943406,light,0.8,80.0,0.0,0,1,0.0,0,0,,,,,,
s2_rain_fade,RAIN_FADE,14,,300,2,221,ok,,,1,45.947708014864475,120,1,23.543999999999997,10.429000000000087,1762693944100,1762693944114,light,0.8,80.0,0.0,0,1,0.0,0,0,,,,,,
s2_rain_fade,RAIN_FADE,14,,300,2,222,ok,,,1,44.0777089970652,120,1,23.468,10.423000000000684,1762693944792,1762693944806,light,0.8,80.0,0.0,0,1,0.0,0,0,,,,,,
s2_rain_fade,RAIN_FADE,14,,300,2,223,ok,,,1,47.16462499345653,120,1,23.509,10.311999999999898,1762693945503,1762693945518,light,0.8,80.0,0.0,0,1,0.0,0,0,,,,,,
s2_rain_fade,RAIN_FADE,14,,300,2,224,ok,,,1,51.81912501575425,120,1,25.199000000000005,11.511999999999716,1762693946206,1762693946225,light,0.8,80.0,0.0,0,1,0.0,0,0,,,,,,
s2_rain_fade,RAIN_FADE,14,,300,2,225,ok,,,1,45.10704101994634,120,1,23.592000000000006,10.322000000000116,1762693946912,1762693946926,light,0.8,80.0,0.0,0,1,0.0,0,0,,,,,,
s2_rain_fade,RAIN_FADE,14,,300,2,226,ok,,,1,45.83137499867007,120,1,23.823999999999998,10.568000000000211,1762693947594,1762693947610,light,0.8,80.0,0.0,0,1,0.0,0,0,,,,,,
s2_rain_fade,RAIN_FADE,14,,300,2,227,ok,,,1,48.540874995524064,120,1,25.296,10.309000000000651,1762693948306,1762693948322,light,0.8,80.0,0.0,0,1,0.0,0,0,,,,,,
s2_rain_fade,RAIN_FADE,14,,300,2,228,ok,,,1,47.609959001420066,120,1,26.411,10.751999999999953,1762693949017,1762693949031,light,0.8,80.0,0.0,0,1,0.0,0,0,,,,,,
s2_rain_fade,RAIN_FADE,14,,300,2,229,ok,,,1,46.08429200015962,120,1,25.082,10.440999999999349,1762693949668,1762693949683,light,0.8,80.0,0.0,1,1,1.0,0,0,,,,,,
s2_rain_fade,RAIN_FADE,14,,300,2,230,ok,,,1,51.39920799410902,120,1,26.003999999999998,10.56100000000015,1762693950394,1762693950414,light,0.8,80.0,0.0,1,1,1.0,0,0,,,,,,
s2_rain_fade,RAIN_FADE,14,,300,2,231,ok,,,1,46.43020799267106,120,1,24.395000000000003,10.293999999999869,1762693951097,1762693951112,light,0.8,80.0,0.0,0,1,0.0,0,0,,,,,,
s2_rain_fade,RAIN_FADE,14,,300,2,232,ok,,,1,47.11400001542643,120,1,23.778999999999996,10.460000000000036,1762693951776,1762693951792,light,0.8,80.0,0.0,0,1,0.0,0,0,,,,,,
s2_rain_fade,RAIN_FADE,14,,300,2,233,ok,,,1,48.92400000244379,120,1,25.14199999999999,10.873999999999796,1762693952485,1762693952501,light,0.8,80.0,0.0,0,1,0.0,0,0,,,,,,
s2_rain_fade,RAIN_FADE,14,,300,2,234,ok,,,1,46.52583398274146,120,1,23.911999999999992,10.486000000000331,1762693953124,1762693953139,light,0.8,80.0,0.0,0,1,0.0,0,0,,,,,,
s2_rain_fade,RAIN_FADE,14,,300,2,235,preauth_failed,step4_wait,0,0,0.0,0,0,0.0,0.0,,,light,0.8,80.0,0.0,0,0,0.0,0,0,,,,,,
s2_rain_fade,RAIN_FADE,14,,300,2,236,ok,,,1,46.21133298496716,120,1,23.419999999999995,10.431999999999789,1762693959256,1762693959273,light,0.8,80.0,0.0,0,1,0.0,0,0,,,,,,
s2_rain_fade,RAIN_FADE,14,,300,2,237,ok,,,1,49.936416995478794,120,1,27.082,10.57699999999977,1762693959988,1762693960003,light,0.8,80.0,0.0,0,1,0.0,0,0,,,,,,
s2_rain_fade,RAIN_FADE,14,,300,2,238,ok,,,1,47.04095801571384,120,1,26.32,10.460999999999785,1762693960688,1762693960702,light,0.8,80.0,0.0,1,1,1.0,0,0,,,,,,
s2_rain_fade,RAIN_FADE,14,,300,2,239,ok,,,1,51.87554200529121,120,1,27.711,11.001999999999953,1762693961350,1762693961366,light,0.8,80.0,0.0,0,1,0.0,0,0,,,,,,
s2_rain_fade,RAIN_FADE,14,,300,2,240,ok,,,1,71.91566700930707,120,1,45.06199999999999,11.20199999999977,1762693962018,1762693962036,light,0.8,80.0,0.0,0,1,0.0,0,0,,,,,,
s2_rain_fade,RAIN_FADE,14,,300,2,241,ok,,,1,49.90341601660475,120,1,25.900999999999996,10.708999999999833,1762693962758,1762693962774,light,0.8,80.0,0.0,0,1,0.0,0,0,,,,,,
s2_rain_fade,RAIN_FADE,14,,300,2,242,ok,,,1,44.26941700512543,120,1,23.203999999999997,10.310999999999694,1762693963442,1762693963457,light,0.8,80.0,0.0,1,1,1.0,0,0,,,,,,
s2_rain_fade,RAIN_FADE,14,,300,2,243,ok,,,1,45.18737501348369,120,1,23.974000000000004,10.472000000000207,1762693964130,1762693964144,light,0.8,80.0,0.0,0,1,0.0,0,0,,,,,,
s2_rain_fade,RAIN_FADE,14,,300,2,244,ok,,,1,44.28841598564759,120,1,23.451000000000004,10.38799999999992,1762693964840,1762693964855,light,0.8,80.0,0.0,0,1,0.0,0,0,,,,,,
s2_rain_fade,RAIN_FADE,14,,300,2,245,ok,,,1,47.918249998474494,120,1,23.854,10.53399999999965,1762693965541,1762693965558,light,0.8,80.0,0.0,0,1,0.0,0,0,,,,,,
s2_rain_fade,RAIN_FADE,14,,300,2,246,ok,,,1,50.94483299762942,120,1,26.212000000000003,10.652000000000044,1762693966244,1762693966261,light,0.8,80.0,0.0,0,1,0.0,0,0,,,,,,
s2_rain_fade,RAIN_FADE,14,,300,2,247,ok,,,1,46.33020798792131,120,1,23.958999999999996,10.413000000000466,1762693966897,1762693966913,light,0.8,80.0,0.0,0,1,0.0,0,0,,,,,,
s2_rain_fade,RAIN_FADE,14,,300,2,248,ok,,,1,44.603874994209036,120,1,23.664,10.30099999999993,1762693967625,1762693967640,light,0.8,80.0,0.0,1,1,1.0,0,0,,,,,,
s2_rain_fade,RAIN_FADE,14,,300,2,249,ok,,,1,47.883457998977974,120,1,23.695999999999998,10.405999999999494,1762693968346,1762693968363,light,0.8,80.0,0.0,0,1,0.0,0,0,,,,,,
s2_rain_fade,RAIN_FADE,14,,300,2,250,ok,,,1,46.49445798713714,120,1,24.549999999999997,10.278000000000247,1762693969043,1762693969059,light,0.8,80.0,0.0,0,1,0.0,0,0,,,,,,
s2_rain_fade,RAIN_FADE,14,,300,2,251,ok,,,1,52.26870902697556,120,1,26.760000000000005,10.454999999999927,1762693969772,1762693969791,light,0.8,80.0,0.0,0,1,0.0,0,0,,,,,,
s2_rain_fade,RAIN_FADE,14,,300,2,252,ok,,,1,44.2456669989042,120,1,23.669999999999995,10.269000000000233,1762693970471,1762693970485,light,0.8,80.0,0.0,0,1,0.0,0,0,,,,,,
s2_rain_fade,RAIN_FADE,14,,300,2,253,ok,,,1,52.925750002032146,120,1,27.964999999999996,13.274999999999636,1762693971189,1762693971206,light,0.8,80.0,0.0,0,1,0.0,0,0,,,,,,
s2_rain_fade,RAIN_FADE,14,,300,2,254,ok,,,1,51.29670898895711,120,1,27.314,10.666000000000167,1762693971856,1762693971871,light,0.8,80.0,0.0,0,1,0.0,0,0,,,,,,
s2_rain_fade,RAIN_FADE,14,,300,2,255,ok,,,1,50.15516601270065,120,1,26.358000000000004,10.51700000000028,1762693972537,1762693972555,light,0.8,80.0,0.0,0,1,0.0,0,0,,,,,,
s2_rain_fade,RAIN_FADE,14,,300,2,256,ok,,,1,50.674166996032,120,1,26.595999999999997,10.597000000000207,1762693973229,1762693973246,light,0.8,80.0,0.0,0,1,0.0,0,0,,,,,,
s2_rain_fade,RAIN_FADE,14,,300,2,257,ok,,,1,44.611040997551754,120,1,23.585,10.652000000000044,1762693973941,1762693973956,light,0.8,80.0,0.0,1,1,1.0,0,0,,,,,,
s2_rain_fade,RAIN_FADE,14,,300,2,258,ok,,,1,49.33550002169795,120,1,27.84499999999999,10.43899999999985,1762693974656,1762693974671,light,0.8,80.0,0.0,1,1,1.0,0,0,,,,,,
s2_rain_fade,RAIN_FADE,14,,300,2,259,ok,,,1,48.98766599944793,120,1,27.021,11.248000000000047,1762693975370,1762693975384,light,0.8,80.0,0.0,0,1,0.0,0,0,,,,,,
s2_rain_fade,RAIN_FADE,14,,300,2,260,ok,,,1,44.147083011921495,120,1,23.562999999999995,10.242999999999938,1762693976021,1762693976035,light,0.8,80.0,0.0,0,1,0.0,0,0,,,,,,
s2_rain_fade,RAIN_FADE,14,,300,2,261,ok,,,1,49.51650000293739,120,1,25.90299999999999,10.601000000000568,1762693976756,1762693976772,light,0.8,80.0,0.0,0,1,0.0,0,0,,,,,,
s2_rain_fade,RAIN_FADE,14,,300,2,262,ok,,,1,49.90379200899042,120,1,25.273999999999994,10.524000000000342,1762693977482,1762693977500,light,0.8,80.0,0.0,0,1,0.0,0,0,,,,,,
s2_rain_fade,RAIN_FADE,14,,300,2,263,ok,,,1,46.48366701439954,120,1,23.927999999999997,10.635999999999967,1762693978150,1762693978166,light,0.8,80.0,0.0,1,1,1.0,0,0,,,,,,
s2_rain_fade,RAIN_FADE,14,,300,2,264,ok,,,1,54.25858299713582,120,1,31.418999999999997,13.369000000000142,1762693979009,1762693979024,light,0.8,80.0,0.0,0,1,0.0,0,0,,,,,,
s2_rain_fade,RAIN_FADE,14,,300,2,265,ok,,,1,45.98512500524521,120,1,24.277,10.69399999999996,1762693979699,1762693979715,light,0.8,80.0,0.0,0,1,0.0,0,0,,,,,,
s2_rain_fade,RAIN_FADE,14,,300,2,266,ok,,,1,53.826707997359335,120,1,27.096000000000004,11.004999999999654,1762693980457,1762693980476,light,0.8,80.0,0.0,1,1,1.0,0,0,,,,,,
s2_rain_fade,RAIN_FADE,14,,300,2,267,ok,,,1,49.521417007781565,120,1,27.243000000000006,11.11200000000008,1762693981136,1762693981154,light,0.8,80.0,0.0,0,1,0.0,0,0,,,,,,
s2_rain_fade,RAIN_FADE,14,,300,2,268,ok,,,1,48.08429098920897,120,1,26.334000000000003,10.483999999999469,1762693981814,1762693981829,light,0.8,80.0,0.0,0,1,0.0,0,0,,,,,,
s2_rain_fade,RAIN_FADE,14,,300,2,269,ok,,,1,43.70854201260954,120,1,23.882999999999996,10.274000000000342,1762693982521,1762693982535,light,0.8,80.0,0.0,0,1,0.0,0,0,,,,,,
s2_rain_fade,RAIN_FADE,14,,300,2,270,ok,,,1,46.3831250090152,120,1,23.854999999999997,10.280999999999949,1762693983229,1762693983246,light,0.8,80.0,0.0,1,1,1.0,0,0,,,,,,
s2_rain_fade,RAIN_FADE,14,,300,2,271,ok,,,1,43.36737500852905,120,1,23.811999999999998,10.547999999999774,1762693983929,1762693983943,light,0.8,80.0,0.0,0,1,0.0,0,0,,,,,,
s2_rain_fade,RAIN_FADE,14,,300,2,272,ok,,,1,45.16408298513852,120,1,23.631999999999998,10.305999999999585,1762693984630,1762693984645,light,0.8,80.0,0.0,0,1,0.0,0,0,,,,,,
s2_rain_fade,RAIN_FADE,14,,300,2,273,ok,,,1,46.98379198089242,120,1,23.792000000000005,10.31500000000051,1762693985312,1762693985329,light,0.8,80.0,0.0,0,1,0.0,0,0,,,,,,
s2_rain_fade,RAIN_FADE,14,,300,2,274,ok,,,1,47.08483300055377,120,1,23.814999999999998,10.448999999999614,1762693986031,1762693986048,light,0.8,80.0,0.0,0,1,0.0,0,0,,,,,,
s2_rain_fade,RAIN_FADE,14,,300,2,275,ok,,,1,47.2129579866305,120,1,25.191999999999993,10.694000000000415,1762693986759,1762693986775,light,0.8,80.0,0.0,0,1,0.0,0,0,,,,,,
s2_rain_fade,RAIN_FADE,14,,300,2,276,ok,,,1,44.00495902518742,120,1,24.141999999999996,10.47900000000027,1762693987404,1762693987419,light,0.8,80.0,0.0,0,1,0.0,0,0,,,,,,
s2_rain_fade,RAIN_FADE,14,,300,2,277,ok,,,1,47.97704200609587,120,1,25.988999999999997,10.593000000000757,1762693988126,1762693988143,light,0.8,80.0,0.0,1,1,1.0,0,0,,,,,,
s2_rain_fade,RAIN_FADE,14,,300,2,278,ok,,,1,50.001041003270075,120,1,25.934999999999988,11.209000000000742,1762693988860,1762693988877,light,0.8,80.0,0.0,0,1,0.0,0,0,,,,,,
s2_rain_fade,RAIN_FADE,14,,300,2,279,ok,,,1,49.971874977927655,120,1,26.228,10.77099999999973,1762693989561,1762693989577,light,0.8,80.0,0.0,0,1,0.0,0,0,,,,,,
s2_rain_fade,RAIN_FADE,14,,300,2,280,ok,,,1,46.3045000215061,120,1,24.563000000000002,10.478000000000065,1762693990257,1762693990274,light,0.8,80.0,0.0,0,1,0.0,0,0,,,,,,
s2_rain_fade,RAIN_FADE,14,,300,2,281,ok,,,1,47.781749977730215,120,1,26.678999999999995,10.425000000000182,1762693990930,1762693990944,light,0.8,80.0,0.0,1,1,1.0,0,0,,,,,,
s2_rain_fade,RAIN_FADE,14,,300,2,282,ok,,,1,45.34754200722091,120,1,23.640000000000004,10.346999999999753,1762693991594,1762693991610,light,0.8,80.0,0.0,0,1,0.0,0,0,,,,,,
s2_rain_fade,RAIN_FADE,14,,300,2,283,ok,,,1,44.56679199938662,120,1,23.373999999999995,10.219000000000051,1762693992290,1762693992305,light,0.8,80.0,0.0,0,1,0.0,0,0,,,,,,
s2_rain_fade,RAIN_FADE,14,,300,2,284,ok,,,1,46.759874996496364,120,1,26.561999999999998,10.30699999999888,1762693992964,1762693992978,light,0.8,80.0,0.0,0,1,0.0,0,0,,,,,,
s2_rain_fade,RAIN_FADE,14,,300,2,285,ok,,,1,46.31450001033954,120,1,23.80899999999999,10.554000000000087,1762693993621,1762693993636,light,0.8,80.0,0.0,0,1,0.0,0,0,,,,,,
s2_rain_fade,RAIN_FADE,14,,300,2,286,ok,,,1,43.335875001503155,120,1,23.249000000000002,10.307999999999993,1762693994342,1762693994357,light,0.8,80.0,0.0,0,1,0.0,0,0,,,,,,
s2_rain_fade,RAIN_FADE,14,,300,2,287,ok,,,1,43.45366600318812,120,1,23.56199999999999,10.594000000000051,1762693995059,1762693995073,light,0.8,80.0,0.0,0,1,0.0,0,0,,,,,,
s2_rain_fade,RAIN_FADE,14,,300,2,288,ok,,,1,49.31345899240114,120,1,26.261999999999993,10.521999999999935,1762693995735,1762693995753,light,0.8,80.0,0.0,0,1,0.0,0,0,,,,,,
s2_rain_fade,RAIN_FADE,14,,300,2,289,ok,,,1,51.707625010749325,120,1,25.126999999999995,10.462000000000444,1762693996445,1762693996464,light,0.8,80.0,0.0,1,1,1.0,0,0,,,,,,
s2_rain_fade,RAIN_FADE,14,,300,2,290,ok,,,1,45.07741698762402,120,1,25.065999999999995,10.605999999998858,1762693997144,1762693997158,light,0.8,80.0,0.0,0,1,0.0,0,0,,,,,,
s2_rain_fade,RAIN_FADE,14,,300,2,291,ok,,,1,46.61375001887791,120,1,23.774000000000008,10.42700000000059,1762693997792,1762693997807,light,0.8,80.0,0.0,0,1,0.0,0,0,,,,,,
s2_rain_fade,RAIN_FADE,14,,300,2,292,ok,,,1,46.40320799080655,120,1,23.661,10.360999999998967,1762693998513,1762693998528,light,0.8,80.0,0.0,0,1,0.0,0,0,,,,,,
s2_rain_fade,RAIN_FADE,14,,300,2,293,ok,,,1,44.67525001382455,120,1,24.082,10.509000000000015,1762693999216,1762693999229,light,0.8,80.0,0.0,0,1,0.0,0,0,,,,,,
s2_rain_fade,RAIN_FADE,14,,300,2,294,ok,,,1,46.90387498703785,120,1,25.375,10.294999999999163,1762693999933,1762693999947,light,0.8,80.0,0.0,0,1,0.0,0,0,,,,,,
s2_rain_fade,RAIN_FADE,14,,300,2,295,ok,,,1,44.0449999878183,120,1,23.787999999999997,10.566000000000713,1762694000634,1762694000648,light,0.8,80.0,0.0,0,1,0.0,0,0,,,,,,
s2_rain_fade,RAIN_FADE,14,,300,2,296,ok,,,1,49.41404101555236,120,1,26.180999999999997,10.425000000000182,1762694001325,1762694001341,light,0.8,80.0,0.0,0,1,0.0,0,0,,,,,,
s2_rain_fade,RAIN_FADE,14,,300,2,297,ok,,,1,51.39245800091885,120,1,28.150999999999996,11.014000000000124,1762694001996,1762694002013,light,0.8,80.0,0.0,0,1,0.0,0,0,,,,,,
s2_rain_fade,RAIN_FADE,14,,300,2,298,ok,,,1,47.160084010101855,120,1,23.454,10.456999999999425,1762694002695,1762694002711,light,0.8,80.0,0.0,0,1,0.0,0,0,,,,,,
s2_rain_fade,RAIN_FADE,14,,300,2,299,ok,,,1,47.013458010042086,120,1,24.09199999999999,10.60700000000088,1762694003391,1762694003408,light,0.8,80.0,0.0,0,1,0.0,0,0,,,,,,
s2_rain_fade,RAIN_FADE,14,,300,2,300,ok,,,1,47.69345800741576,120,1,23.524,10.28099999999904,1762694004104,1762694004122,light,0.8,80.0,0.0,0,1,0.0,0,0,,,,,,
s2_rain_fade,RAIN_FADE,14,,400,2,1,ok,,,1,44.59412500727922,120,1,23.623999999999995,10.30199999999968,1762694004781,1762694004795,light,0.8,80.0,0.0,0,1,0.0,0,0,,,,,,
s2_rain_fade,RAIN_FADE,14,,400,2,2,ok,,,1,42.69099998055026,120,1,23.425999999999995,10.34100000000035,1762694005498,1762694005511,light,0.8,80.0,0.0,0,1,0.0,0,0,,,,,,
s2_rain_fade,RAIN_FADE,14,,400,2,3,ok,,,1,52.33687500003725,120,1,26.829000000000008,10.791000000001077,1762694006222,1762694006239,light,0.8,80.0,0.0,0,1,0.0,0,0,,,,,,
s2_rain_fade,RAIN_FADE,14,,400,2,4,ok,,,1,50.902332994155586,120,1,26.314,10.628999999999905,1762694006875,1762694006893,light,0.8,80.0,0.0,0,1,0.0,0,0,,,,,,
s2_rain_fade,RAIN_FADE,14,,400,2,5,ok,,,1,46.70383300981484,120,1,23.986999999999995,10.582000000000335,1762694007572,1762694007589,light,0.8,80.0,0.0,0,1,0.0,0,0,,,,,,
s2_rain_fade,RAIN_FADE,14,,400,2,6,ok,,,1,47.64079098822549,120,1,26.04,10.576000000000022,1762694008283,1762694008299,light,0.8,80.0,0.0,0,1,0.0,0,0,,,,,,
s2_rain_fade,RAIN_FADE,14,,400,2,7,ok,,,1,46.30008400999941,120,1,24.336,10.285000000000764,1762694008956,1762694008970,light,0.8,80.0,0.0,0,1,0.0,0,0,,,,,,
s2_rain_fade,RAIN_FADE,14,,400,2,8,ok,,,1,44.84241601312533,120,1,23.392999999999994,10.179000000000087,1762694009626,1762694009640,light,0.8,80.0,0.0,0,1,0.0,0,0,,,,,,
s2_rain_fade,RAIN_FADE,14,,400,2,9,ok,,,1,48.81929198745638,120,1,23.673999999999992,10.442000000000007,1762694010314,1762694010331,light,0.8,80.0,0.0,0,1,0.0,0,0,,,,,,
s2_rain_fade,RAIN_FADE,14,,400,2,10,ok,,,1,46.83475001365878,120,1,26.202999999999992,10.36200000000008,1762694010996,1762694011009,light,0.8,80.0,0.0,1,1,1.0,0,0,,,,,,
s2_rain_fade,RAIN_FADE,14,,400,2,11,ok,,,1,42.3388339986559,120,1,23.028,10.232999999999265,1762694011663,1762694011677,light,0.8,80.0,0.0,1,1,1.0,0,0,,,,,,
s2_rain_fade,RAIN_FADE,14,,400,2,12,ok,,,1,46.21412500273436,120,1,23.729,10.420000000000982,1762694012368,1762694012383,light,0.8,80.0,0.0,0,1,0.0,0,0,,,,,,
s2_rain_fade,RAIN_FADE,14,,400,2,13,ok,,,1,50.45858400990255,120,1,28.535999999999994,10.521999999999935,1762694013040,1762694013055,light,0.8,80.0,0.0,0,1,0.0,0,0,,,,,,
s2_rain_fade,RAIN_FADE,14,,400,2,14,ok,,,1,51.4378750231117,120,1,26.683000000000007,10.86700000000019,1762694013770,1762694013789,light,0.8,80.0,0.0,0,1,0.0,0,0,,,,,,
s2_rain_fade,RAIN_FADE,14,,400,2,15,preauth_failed,step4_wait,0,0,0.0,0,0,0.0,0.0,,,light,0.8,80.0,0.0,0,0,0.0,0,0,,,,,,
s2_rain_fade,RAIN_FADE,14,,400,2,16,ok,,,1,44.3990420026239,120,1,23.363,10.305999999998676,1762694019840,1762694019855,light,0.8,80.0,0.0,0,1,0.0,0,0,,,,,,
s2_rain_fade,RAIN_FADE,14,,400,2,17,ok,,,1,47.70062500028871,120,1,26.488,10.476000000000568,1762694020555,1762694020570,light,0.8,80.0,0.0,0,1,0.0,0,0,,,,,,
s2_rain_fade,RAIN_FADE,14,,400,2,18,ok,,,1,49.208167009055614,120,1,26.528999999999996,10.618999999998778,1762694021227,1762694021243,light,0.8,80.0,0.0,1,1,1.0,0,0,,,,,,
s2_rain_fade,RAIN_FADE,14,,400,2,19,ok,,,1,45.578749995911494,120,1,24.506,10.519000000000233,1762694021892,1762694021905,light,0.8,80.0,0.0,0,1,0.0,0,0,,,,,,
s2_rain_fade,RAIN_FADE,14,,400,2,20,ok,,,1,44.9137499963399,120,1,23.678999999999995,10.546000000000276,1762694022591,1762694022606,light,0.8,80.0,0.0,0,1,0.0,0,0,,,,,,
s2_rain_fade,RAIN_FADE,14,,400,2,21,ok,,,1,49.831333017209545,120,1,25.682000000000002,10.296000000000276,1762694023278,1762694023294,light,0.8,80.0,0.0,0,1,0.0,0,0,,,,,,
s2_rain_fade,RAIN_FADE,14,,400,2,22,ok,,,1,45.413709012791514,120,1,25.603,10.628999999999905,1762694023936,1762694023950,light,0.8,80.0,0.0,0,1,0.0,0,0,,,,,,
s2_rain_fade,RAIN_FADE,14,,400,2,23,ok,,,1,46.01566700148396,120,1,23.59199999999999,10.175999999999476,1762694024615,1762694024632,light,0.8,80.0,0.0,0,1,0.0,0,0,,,,,,
s2_rain_fade,RAIN_FADE,14,,400,2,24,ok,,,1,44.025750015862286,120,1,24.502000000000002,10.654999999999745,1762694025320,1762694025334,light,0.8,80.0,0.0,1,1,1.0,0,0,,,,,,
s2_rain_fade,RAIN_FADE,14,,400,2,25,ok,,,1,46.242250013165176,120,1,24.78600000000001,10.545000000000073,1762694025992,1762694026008,light,0.8,80.0,0.0,0,1,0.0,0,0,,,,,,
s2_rain_fade,RAIN_FADE,14,,400,2,26,ok,,,1,53.97958299727179,120,1,28.699999999999996,10.92699999999968,1762694026697,1762694026715,light,0.8,80.0,0.0,0,1,0.0,0,0,,,,,,
s2_rain_fade,RAIN_FADE,14,,400,2,27,ok,,,1,46.29341600229964,120,1,24.279000000000003,10.395000000000437,1762694027408,1762694027423,light,0.8,80.0,0.0,0,1,0.0,0,0,,,,,,
s2_rain_fade,RAIN_FADE,14,,400,2,28,ok,,,1,48.85591601487249,120,1,24.758999999999993,10.985999999999876,1762694028115,1762694028132,light,0.8,80.0,0.0,1,1,1.0,0,0,,,,,,
s2_rain_fade,RAIN_FADE,14,,400,2,29,preauth_failed,step4_wait,0,0,0.0,0,0,0.0,0.0,,,light,0.8,80.0,0.0,0,0,0.0,0,0,,,,,,
s2_rain_fade,RAIN_FADE,14,,400,2,30,ok,,,1,45.39845898398198,120,1,24.981999999999992,10.426000000001295,1762694034257,1762694034273,light,0.8,80.0,0.0,0,1,0.0,0,0,,,,,,
s2_rain_fade,RAIN_FADE,14,,400,2,31,ok,,,1,47.29320900514722,120,1,25.259000000000004,10.419000000000779,1762694034982,1762694034997,light,0.8,80.0,0.0,0,1,0.0,0,0,,,,,,
s2_rain_fade,RAIN_FADE,14,,400,2,32,ok,,,1,47.62016699532978,120,1,24.889999999999993,10.346999999999753,1762694035666,1762694035683,light,0.8,80.0,0.0,0,1,0.0,0,0,,,,,,
s2_rain_fade,RAIN_FADE,14,,400,2,33,ok,,,1,48.604958021314815,120,1,26.191000000000003,10.69000000000051,1762694036388,1762694036404,light,0.8,80.0,0.0,1,1,1.0,0,0,,,,,,
s2_rain_fade,RAIN_FADE,14,,400,2,34,ok,,,1,43.42866700608283,120,1,23.58399999999999,10.193000000000211,1762694037025,1762694037039,light,0.8,80.0,0.0,0,1,0.0,0,0,,,,,,
s2_rain_fade,RAIN_FADE,14,,400,2,35,ok,,,1,45.41545899701305,120,1,23.496999999999996,10.372000000000298,1762694037719,1762694037734,light,0.8,80.0,0.0,0,1,0.0,0,0,,,,,,
s2_rain_fade,RAIN_FADE,14,,400,2,36,ok,,,1,46.60666600102559,120,1,23.872999999999998,10.307999999999993,1762694038425,1762694038440,light,0.8,80.0,0.0,0,1,0.0,0,0,,,,,,
s2_rain_fade,RAIN_FADE,14,,400,2,37,ok,,,1,47.383999975863844,120,1,24.906,10.421000000000276,1762694039150,1762694039166,light,0.8,80.0,0.0,0,1,0.0,0,0,,,,,,
s2_rain_fade,RAIN_FADE,14,,400,2,38,ok,,,1,51.353792019654065,120,1,27.875000000000007,10.679000000000087,1762694039986,1762694040003,light,0.8,80.0,0.0,0,1,0.0,0,0,,,,,,
s2_rain_fade,RAIN_FADE,14,,400,2,39,ok,,,1,46.5349169971887,120,1,24.700000000000003,10.493000000000393,1762694040689,1762694040704,light,0.8,80.0,0.0,0,1,0.0,0,0,,,,,,
s2_rain_fade,RAIN_FADE,14,,400,2,40,ok,,,1,50.10275001404807,120,1,27.123000000000005,10.795000000000073,1762694041380,1762694041396,light,0.8,80.0,0.0,1,1,1.0,0,0,,,,,,
s2_rain_fade,RAIN_FADE,14,,400,2,41,ok,,,1,50.47962500248104,120,1,26.933000000000007,12.775000000000546,1762694042023,1762694042039,light,0.8,80.0,0.0,0,1,0.0,0,0,,,,,,
s2_rain_fade,RAIN_FADE,14,,400,2,42,ok,,,1,43.79716599942185,120,1,24.073999999999995,10.608000000001084,1762694042732,1762694042745,light,0.8,80.0,0.0,0,1,0.0,0,0,,,,,,
s2_rain_fade,RAIN_FADE,14,,400,2,43,ok,,,1,44.285208015935495,120,1,24.046999999999997,10.561999999998989,1762694043412,1762694043427,light,0.8,80.0,0.0,1,1,1.0,0,0,,,,,,
s2_rain_fade,RAIN_FADE,14,,400,2,44,ok,,,1,56.4897499862127,120,1,31.010999999999996,11.360999999999876,1762694044074,1762694044092,light,0.8,80.0,0.0,0,1,0.0,0,0,,,,,,
s2_rain_fade,RAIN_FADE,14,,400,2,45,ok,,,1,46.909374999813735,120,1,26.844,11.0600000000004,1762694044792,1762694044807,light,0.8,80.0,0.0,0,1,0.0,0,0,,,,,,
s2_rain_fade,RAIN_FADE,14,,400,2,46,ok,,,1,45.32633299822919,120,1,24.292,10.445999999999003,1762694045483,1762694045498,light,0.8,80.0,0.0,0,1,0.0,0,0,,,,,,
s2_rain_fade,RAIN_FADE,14,,400,2,47,ok,,,1,49.03399999602698,120,1,28.818999999999996,10.841999999999643,1762694046207,1762694046221,light,0.8,80.0,0.0,0,1,0.0,0,0,,,,,,
s2_rain_fade,RAIN_FADE,14,,400,2,48,ok,,,1,47.0713329850696,120,1,26.789,11.167000000000371,1762694046889,1762694046903,light,0.8,80.0,0.0,0,1,0.0,0,0,,,,,,
s2_rain_fade,RAIN_FADE,14,,400,2,49,ok,,,1,48.61633401014842,120,1,25.421,10.52099999999973,1762694047625,1762694047642,light,0.8,80.0,0.0,0,1,0.0,0,0,,,,,,
s2_rain_fade,RAIN_FADE,14,,400,2,50,ok,,,1,44.46379098226316,120,1,25.148999999999997,10.670000000000073,1762694048324,1762694048337,light,0.8,80.0,0.0,0,1,0.0,0,0,,,,,,
s2_rain_fade,RAIN_FADE,14,,400,2,51,ok,,,1,45.263208012329414,120,1,23.90800000000001,10.431999999999789,1762694049047,1762694049063,light,0.8,80.0,0.0,0,1,0.0,0,0,,,,,,
s2_rain_fade,RAIN_FADE,14,,400,2,52,ok,,,1,46.16029202588834,120,1,24.429999999999996,10.531999999999243,1762694049729,1762694049745,light,0.8,80.0,0.0,1,1,1.0,0,0,,,,,,
s2_rain_fade,RAIN_FADE,14,,400,2,53,ok,,,1,46.59041698323563,120,1,25.132999999999996,10.523000000000138,1762694050421,1762694050437,light,0.8,80.0,0.0,0,1,0.0,0,0,,,,,,
s2_rain_fade,RAIN_FADE,14,,400,2,54,ok,,,1,47.63845799607225,120,1,23.671000000000003,10.233000000000175,1762694051094,1762694051111,light,0.8,80.0,0.0,1,1,1.0,0,0,,,,,,
s2_rain_fade,RAIN_FADE,14,,400,2,55,ok,,,1,44.433125003706664,120,1,24.203999999999994,10.770000000000437,1762694051759,1762694051773,light,0.8,80.0,0.0,0,1,0.0,0,0,,,,,,
s2_rain_fade,RAIN_FADE,14,,400,2,56,ok,,,1,44.18900000746362,120,1,23.898999999999997,10.326000000000022,1762694052430,1762694052444,light,0.8,80.0,0.0,0,1,0.0,0,0,,,,,,
s2_rain_fade,RAIN_FADE,14,,400,2,57,ok,,,1,47.33720899093896,120,1,24.97100000000001,11.027999999999338,1762694053105,1762694053120,light,0.8,80.0,0.0,0,1,0.0,0,0,,,,,,
s2_rain_fade,RAIN_FADE,14,,400,2,58,ok,,,1,45.57920800289139,120,1,23.914000000000005,10.454999999999018,1762694053817,1762694053832,light,0.8,80.0,0.0,0,1,0.0,0,0,,,,,,
s2_rain_fade,RAIN_FADE,14,,400,2,59,ok,,,1,46.36012500850484,120,1,24.065999999999995,10.356999999999971,1762694054463,1762694054479,light,0.8,80.0,0.0,1,1,1.0,0,0,,,,,,
s2_rain_fade,RAIN_FADE,14,,400,2,60,ok,,,1,51.15187499905005,120,1,26.533000000000005,10.833999999998923,1762694055169,1762694055186,light,0.8,80.0,0.0,0,1,0.0,0,0,,,,,,
s2_rain_fade,RAIN_FADE,14,,400,2,61,ok,,,1,49.22958300448954,120,1,27.238999999999997,11.114999999999782,1762694055856,1762694055871,light,0.8,80.0,0.0,0,1,0.0,0,0,,,,,,
s2_rain_fade,RAIN_FADE,14,,400,2,62,ok,,,1,47.13212500791997,120,1,24.712999999999994,10.444000000000415,1762694056519,1762694056535,light,0.8,80.0,0.0,0,1,0.0,0,0,,,,,,
s2_rain_fade,RAIN_FADE,14,,400,2,63,ok,,,1,50.13329201028682,120,1,25.590999999999998,10.656999999999243,1762694057252,1762694057269,light,0.8,80.0,0.0,0,1,0.0,0,0,,,,,,
s2_rain_fade,RAIN_FADE,14,,400,2,64,ok,,,1,50.87012500735,120,1,27.219000000000015,12.25500000000011,1762694057910,1762694057927,light,0.8,80.0,0.0,1,1,1.0,0,0,,,,,,
s2_rain_fade,RAIN_FADE,14,,400,2,65,ok,,,1,46.775208989856765,120,1,25.572000000000003,10.88000000000011,1762694058577,1762694058592,light,0.8,80.0,0.0,0,1,0.0,0,0,,,,,,
s2_rain_fade,RAIN_FADE,14,,400,2,66,ok,,,1,51.087416999507695,120,1,26.669000000000004,10.514999999999418,1762694059270,1762694059286,light,0.8,80.0,0.0,0,1,0.0,0,0,,,,,,
s2_rain_fade,RAIN_FADE,14,,400,2,67,ok,,,1,51.44508302328177,120,1,26.791000000000004,10.837000000000444,1762694059924,1762694059941,light,0.8,80.0,0.0,0,1,0.0,0,0,,,,,,
s2_rain_fade,RAIN_FADE,14,,400,2,68,ok,,,1,49.721374991349876,120,1,28.173000000000002,10.575000000000728,1762694060579,1762694060595,light,0.8,80.0,0.0,0,1,0.0,0,0,,,,,,
s2_rain_fade,RAIN_FADE,14,,400,2,69,ok,,,1,49.59062597481534,120,1,25.82399999999999,11.26600000000144,1762694061226,1762694061241,light,0.8,80.0,0.0,0,1,0.0,0,0,,,,,,
s2_rain_fade,RAIN_FADE,14,,400,2,70,ok,,,1,46.45266701118089,120,1,23.609999999999992,10.481999999999061,1762694061903,1762694061920,light,0.8,80.0,0.0,0,1,0.0,0,0,,,,,,
s2_rain_fade,RAIN_FADE,14,,400,2,71,ok,,,1,48.068625008454546,120,1,27.895000000000003,10.819999999999709,1762694062633,1762694062647,light,0.8,80.0,0.0,0,1,0.0,0,0,,,,,,
s2_rain_fade,RAIN_FADE,14,,400,2,72,ok,,,1,43.92024999833666,120,1,24.09400000000001,10.615000000000691,1762694063267,1762694063280,light,0.8,80.0,0.0,0,1,0.0,0,0,,,,,,
s2_rain_fade,RAIN_FADE,14,,400,2,73,ok,,,1,46.20145799708553,120,1,24.197999999999997,10.59099999999944,1762694063903,1762694063918,light,0.8,80.0,0.0,0,1,0.0,0,0,,,,,,
s2_rain_fade,RAIN_FADE,14,,400,2,74,ok,,,1,48.28262500814162,120,1,25.77799999999999,11.644000000000233,1762694064590,1762694064604,light,0.8,80.0,0.0,0,1,0.0,0,0,,,,,,
s2_rain_fade,RAIN_FADE,14,,400,2,75,ok,,,1,45.87104101665318,120,1,24.11,10.419000000000779,1762694065265,1762694065282,light,0.8,80.0,0.0,0,1,0.0,0,0,,,,,,
s2_rain_fade,RAIN_FADE,14,,400,2,76,ok,,,1,45.07670801831409,120,1,24.329,10.543000000000575,1762694065930,1762694065944,light,0.8,80.0,0.0,0,1,0.0,0,0,,,,,,
s2_rain_fade,RAIN_FADE,14,,400,2,77,ok,,,1,48.98812499595806,120,1,24.494999999999997,10.467000000000553,1762694066593,1762694066611,light,0.8,80.0,0.0,0,1,0.0,0,0,,,,,,
s2_rain_fade,RAIN_FADE,14,,400,2,78,ok,,,1,48.328583012335,120,1,23.735999999999997,10.522999999999229,1762694067244,1762694067261,light,0.8,80.0,0.0,0,1,0.0,0,0,,,,,,
s2_rain_fade,RAIN_FADE,14,,400,2,79,ok,,,1,46.74295798758976,120,1,24.985,10.625,1762694067914,1762694067929,light,0.8,80.0,0.0,0,1,0.0,0,0,,,,,,
s2_rain_fade,RAIN_FADE,14,,400,2,80,ok,,,1,51.1157079890836,120,1,27.054000000000002,10.78899999999976,1762694068642,1762694068658,light,0.8,80.0,0.0,0,1,0.0,0,0,,,,,,
s2_rain_fade,RAIN_FADE,14,,400,2,81,ok,,,1,50.271915999474004,120,1,26.446000000000005,10.690999999999804,1762694069330,1762694069345,light,0.8,80.0,0.0,0,1,0.0,0,0,,,,,,
s2_rain_fade,RAIN_FADE,14,,400,2,82,ok,,,1,47.490915982052684,120,1,26.541999999999994,10.316000000000713,1762694070016,1762694070031,light,0.8,80.0,0.0,0,1,0.0,0,0,,,,,,
s2_rain_fade,RAIN_FADE,14,,400,2,83,ok,,,1,46.46258300635964,120,1,25.64699999999999,10.516999999999825,1762694070683,1762694070697,light,0.8,80.0,0.0,0,1,0.0,0,0,,,,,,
s2_rain_fade,RAIN_FADE,14,,400,2,84,ok,,,1,49.52537498320453,120,1,26.581000000000003,10.766000000000531,1762694071391,1762694071407,light,0.8,80.0,0.0,0,1,0.0,0,0,,,,,,
s2_rain_fade,RAIN_FADE,14,,400,2,85,ok,,,1,78.03970901295543,120,1,34.10000000000001,27.75300000000061,1762694072081,1762694072108,light,0.8,80.0,0.0,0,1,0.0,0,0,,,,,,
s2_rain_fade,RAIN_FADE,14,,400,2,86,ok,,,1,44.95795798720792,120,1,23.748999999999995,10.510000000000218,1762694072777,1762694072791,light,0.8,80.0,0.0,0,1,0.0,0,0,,,,,,
s2_rain_fade,RAIN_FADE,14,,400,2,87,ok,,,1,42.66679199645296,120,1,23.564,10.554999999999382,1762694073481,1762694073494,light,0.8,80.0,0.0,0,1,0.0,0,0,,,,,,
s2_rain_fade,RAIN_FADE,14,,400,2,88,ok,,,1,45.40637499303557,120,1,23.934999999999995,10.246000000001004,1762694074170,1762694074186,light,0.8,80.0,0.0,0,1,0.0,0,0,,,,,,
s2_rain_fade,RAIN_FADE,14,,400,2,89,ok,,,1,51.126332982676104,120,1,25.686999999999998,10.445999999999913,1762694074902,1762694074920,light,0.8,80.0,0.0,0,1,0.0,0,0,,,,,,
s2_rain_fade,RAIN_FADE,14,,400,2,90,ok,,,1,48.276749992510304,120,1,26.160999999999994,10.939000000000306,1762694075623,1762694075638,light,0.8,80.0,0.0,0,1,0.0,0,0,,,,,,
s2_rain_fade,RAIN_FADE,14,,400,2,91,ok,,,1,49.49904201203026,120,1,24.817999999999998,12.860000000001492,1762694076320,1762694076335,light,0.8,80.0,0.0,0,1,0.0,0,0,,,,,,
s2_rain_fade,RAIN_FADE,14,,400,2,92,ok,,,1,50.82070900243707,120,1,25.653999999999996,10.589000000000851,1762694076971,1762694076989,light,0.8,80.0,0.0,0,1,0.0,0,0,,,,,,
s2_rain_fade,RAIN_FADE,14,,400,2,93,ok,,,1,46.75583299831487,120,1,25.424000000000003,10.937000000000808,1762694077636,1762694077649,light,0.8,80.0,0.0,0,1,0.0,0,0,,,,,,
s2_rain_fade,RAIN_FADE,14,,400,2,94,ok,,,1,47.29316700831987,120,1,25.481,10.751999999999498,1762694078340,1762694078355,light,0.8,80.0,0.0,0,1,0.0,0,0,,,,,,
s2_rain_fade,RAIN_FADE,14,,400,2,95,ok,,,1,47.80049997498281,120,1,25.550000000000004,10.578999999999724,1762694079086,1762694079101,light,0.8,80.0,0.0,0,1,0.0,0,0,,,,,,
s2_rain_fade,RAIN_FADE,14,,400,2,96,ok,,,1,45.285957981832325,120,1,23.921999999999997,10.541999999999462,1762694079777,1762694079793,light,0.8,80.0,0.0,0,1,0.0,0,0,,,,,,
s2_rain_fade,RAIN_FADE,14,,400,2,97,ok,,,1,44.68700001598336,120,1,23.573999999999998,10.386000000000422,1762694080462,1762694080477,light,0.8,80.0,0.0,0,1,0.0,0,0,,,,,,
s2_rain_fade,RAIN_FADE,14,,400,2,98,ok,,,1,44.096792000345886,120,1,23.773999999999997,10.371000000000095,1762694081131,1762694081145,light,0.8,80.0,0.0,0,1,0.0,0,0,,,,,,
s2_rain_fade,RAIN_FADE,14,,400,2,99,ok,,,1,48.33999997936189,120,1,27.244999999999997,10.587999999999738,1762694081842,1762694081856,light,0.8,80.0,0.0,0,1,0.0,0,0,,,,,,
s2_rain_fade,RAIN_FADE,14,,400,2,100,ok,,,1,60.20783298299648,120,1,31.989999999999995,17.324999999999818,1762694082627,1762694082643,light,0.8,80.0,0.0,0,1,0.0,0,0,,,,,,
s2_rain_fade,RAIN_FADE,14,,400,2,101,ok,,,1,50.86212497553788,120,1,26.950999999999993,10.605999999999767,1762694083326,1762694083342,light,0.8,80.0,0.0,0,1,0.0,0,0,,,,,,
s2_rain_fade,RAIN_FADE,14,,400,2,102,ok,,,1,52.82366700703278,120,1,27.671999999999997,10.89599999999973,1762694083983,1762694084001,light,0.8,80.0,0.0,0,1,0.0,0,0,,,,,,
s2_rain_fade,RAIN_FADE,14,,400,2,103,ok,,,1,49.658042000373825,120,1,27.21,11.14599999999973,1762694084671,1762694084686,light,0.8,80.0,0.0,0,1,0.0,0,0,,,,,,
s2_rain_fade,RAIN_FADE,14,,400,2,104,ok,,,1,50.40883299079724,120,1,27.56799999999999,10.600999999999658,1762694085315,1762694085331,light,0.8,80.0,0.0,0,1,0.0,0,0,,,,,,
s2_rain_fade,RAIN_FADE,14,,400,2,105,ok,,,1,48.77958301221952,120,1,27.856,10.589000000000851,1762694085975,1762694085990,light,0.8,80.0,0.0,0,1,0.0,0,0,,,,,,
s2_rain_fade,RAIN_FADE,14,,400,2,106,ok,,,1,50.26966700097546,120,1,26.373999999999995,11.222999999999956,1762694086657,1762694086673,light,0.8,80.0,0.0,0,1,0.0,0,0,,,,,,
s2_rain_fade,RAIN_FADE,14,,400,2,107,ok,,,1,48.77666602260433,120,1,25.662,10.42700000000059,1762694087284,1762694087300,light,0.8,80.0,0.0,1,1,1.0,0,0,,,,,,
s2_rain_fade,RAIN_FADE,14,,400,2,108,ok,,,1,43.35437499685213,120,1,23.814,10.699000000000524,1762694087918,1762694087932,light,0.8,80.0,0.0,0,1,0.0,0,0,,,,,,
s2_rain_fade,RAIN_FADE,14,,400,2,109,ok,,,1,47.70225001266226,120,1,24.555,10.506000000000313,1762694088606,1762694088622,light,0.8,80.0,0.0,0,1,0.0,0,0,,,,,,
s2_rain_fade,RAIN_FADE,14,,400,2,110,ok,,,1,46.56870799954049,120,1,24.697,10.470000000000255,1762694089287,1762694089302,light,0.8,80.0,0.0,0,1,0.0,0,0,,,,,,
s2_rain_fade,RAIN_FADE,14,,400,2,111,ok,,,1,42.58970799855888,120,1,23.684999999999995,10.489999999999782,1762694089977,1762694089990,light,0.8,80.0,0.0,0,1,0.0,0,0,,,,,,
s2_rain_fade,RAIN_FADE,14,,400,2,112,ok,,,1,45.39520799880847,120,1,23.674,10.390999999999622,1762694090672,1762694090686,light,0.8,80.0,0.0,0,1,0.0,0,0,,,,,,
s2_rain_fade,RAIN_FADE,14,,400,2,113,ok,,,1,48.7549579993356,120,1,25.669,10.652999999999338,1762694091371,1762694091387,light,0.8,80.0,0.0,0,1,0.0,0,0,,,,,,
s2_rain_fade,RAIN_FADE,14,,400,2,114,ok,,,1,62.83929100027308,120,1,38.38600000000001,10.997999999999593,1762694092044,1762694092061,light,0.8,80.0,0.0,0,1,0.0,0,0,,,,,,
s2_rain_fade,RAIN_FADE,14,,400,2,115,ok,,,1,49.796209001215175,120,1,25.906,10.403999999999542,1762694092745,1762694092762,light,0.8,80.0,0.0,0,1,0.0,0,0,,,,,,
s2_rain_fade,RAIN_FADE,14,,400,2,116,ok,,,1,51.4404590066988,120,1,26.649000000000008,11.894000000000233,1762694093427,1762694093443,light,0.8,80.0,0.0,1,1,1.0,0,0,,,,,,
s2_rain_fade,RAIN_FADE,14,,400,2,117,ok,,,1,51.173040992580354,120,1,27.597999999999992,10.463999999999942,1762694094118,1762694094133,light,0.8,80.0,0.0,0,1,0.0,0,0,,,,,,
s2_rain_fade,RAIN_FADE,14,,400,2,118,ok,,,1,45.32729199854657,120,1,23.89500000000001,10.423999999999978,1762694094832,1762694094847,light,0.8,80.0,0.0,0,1,0.0,0,0,,,,,,
s2_rain_fade,RAIN_FADE,14,,400,2,119,ok,,,1,48.89679199550301,120,1,25.950999999999993,10.532000000000153,1762694095435,1762694095451,light,0.8,80.0,0.0,0,1,0.0,0,0,,,,,,
s2_rain_fade,RAIN_FADE,14,,400,2,120,ok,,,1,42.2240839980077,120,1,23.851,10.63799999999992,1762694096093,1762694096106,light,0.8,80.0,0.0,0,1,0.0,0,0,,,,,,
s2_rain_fade,RAIN_FADE,14,,400,2,121,ok,,,1,46.32870899513364,120,1,25.536,10.400000000000546,1762694096799,1762694096815,light,0.8,80.0,0.0,0,1,0.0,0,0,,,,,,
s2_rain_fade,RAIN_FADE,14,,400,2,122,ok,,,1,45.78833401319571,120,1,23.743000000000002,10.447000000000116,1762694097498,1762694097513,light,0.8,80.0,0.0,0,1,0.0,0,0,,,,,,
s2_rain_fade,RAIN_FADE,14,,400,2,123,ok,,,1,48.21845900733024,120,1,25.598,10.440999999999804,1762694098200,1762694098217,light,0.8,80.0,0.0,0,1,0.0,0,0,,,,,,
s2_rain_fade,RAIN_FADE,14,,400,2,124,ok,,,1,46.93979202420451,120,1,24.769999999999996,10.35399999999936,1762694098894,1762694098910,light,0.8,80.0,0.0,0,1,0.0,0,0,,,,,,
s2_rain_fade,RAIN_FADE,14,,400,2,125,ok,,,1,47.619457996916026,120,1,25.918,10.806999999999789,1762694099595,1762694099611,light,0.8,80.0,0.0,0,1,0.0,0,0,,,,,,
s2_rain_fade,RAIN_FADE,14,,400,2,126,ok,,,1,51.003667002078146,120,1,27.175000000000004,10.74499999999989,1762694100241,1762694100257,light,0.8,80.0,0.0,1,1,1.0,0,0,,,,,,
s2_rain_fade,RAIN_FADE,14,,400,2,127,ok,,,1,49.15179099771194,120,1,25.098999999999997,10.405999999999949,1762694100916,1762694100934,light,0.8,80.0,0.0,0,1,0.0,0,0,,,,,,
s2_rain_fade,RAIN_FADE,14,,400,2,128,ok,,,1,45.25674998876639,120,1,24.40599999999999,10.714999999999236,1762694101573,1762694101589,light,0.8,80.0,0.0,0,1,0.0,0,0,,,,,,
s2_rain_fade,RAIN_FADE,14,,400,2,129,ok,,,1,49.437084002420306,120,1,26.735999999999997,11.09900000000016,1762694102270,1762694102286,light,0.8,80.0,0.0,0,1,0.0,0,0,,,,,,
s2_rain_fade,RAIN_FADE,14,,400,2,130,ok,,,1,47.98520801705308,120,1,27.487000000000002,10.487999999999374,1762694102991,1762694103006,light,0.8,80.0,0.0,0,1,0.0,0,0,,,,,,
s2_rain_fade,RAIN_FADE,14,,400,2,131,ok,,,1,49.29179101600312,120,1,25.839999999999993,10.694999999999709,1762694103665,1762694103681,light,0.8,80.0,0.0,0,1,0.0,0,0,,,,,,
s2_rain_fade,RAIN_FADE,14,,400,2,132,ok,,,1,44.89579197252169,120,1,23.862000000000002,10.332999999999629,1762694104317,1762694104331,light,0.8,80.0,0.0,0,1,0.0,0,0,,,,,,
s2_rain_fade,RAIN_FADE,14,,400,2,133,ok,,,1,49.107166996691376,120,1,27.683,10.475000000000364,1762694105023,1762694105038,light,0.8,80.0,0.0,1,1,1.0,0,0,,,,,,
s2_rain_fade,RAIN_FADE,14,,400,2,134,ok,,,1,47.973666980396956,120,1,24.171999999999997,10.468000000000757,1762694105689,1762694105706,light,0.8,80.0,0.0,0,1,0.0,0,0,,,,,,
s2_rain_fade,RAIN_FADE,14,,400,2,135,ok,,,1,45.197707979241386,120,1,24.259000000000004,10.771999999999935,1762694106340,1762694106353,light,0.8,80.0,0.0,1,1,1.0,0,0,,,,,,
s2_rain_fade,RAIN_FADE,14,,400,2,136,ok,,,1,49.89224998280406,120,1,25.703999999999994,10.971000000000458,1762694107029,1762694107047,light,0.8,80.0,0.0,0,1,0.0,0,0,,,,,,
s2_rain_fade,RAIN_FADE,14,,400,2,137,ok,,,1,49.41420900286175,120,1,27.036,10.556999999999789,1762694107681,1762694107697,light,0.8,80.0,0.0,0,1,0.0,0,0,,,,,,
s2_rain_fade,RAIN_FADE,14,,400,2,138,ok,,,1,47.6354580023326,120,1,27.183,10.685999999999694,1762694108346,1762694108361,light,0.8,80.0,0.0,0,1,0.0,0,0,,,,,,
s2_rain_fade,RAIN_FADE,14,,400,2,139,ok,,,1,48.591667000437155,120,1,27.514999999999993,11.194000000000415,1762694109041,1762694109055,light,0.8,80.0,0.0,0,1,0.0,0,0,,,,,,
s2_rain_fade,RAIN_FADE,14,,400,2,140,ok,,,1,49.79854199336842,120,1,26.744999999999997,10.760000000000218,1762694109698,1762694109715,light,0.8,80.0,0.0,0,1,0.0,0,0,,,,,,
s2_rain_fade,RAIN_FADE,14,,400,2,141,ok,,,1,47.84820898203179,120,1,23.805999999999997,10.636000000000422,1762694110371,1762694110387,light,0.8,80.0,0.0,0,1,0.0,0,0,,,,,,
s2_rain_fade,RAIN_FADE,14,,400,2,142,ok,,,1,47.6711250084918,120,1,23.529999999999994,10.523000000000138,1762694111085,1762694111102,light,0.8,80.0,0.0,0,1,0.0,0,0,,,,,,
s2_rain_fade,RAIN_FADE,14,,400,2,143,ok,,,1,49.60825000307523,120,1,26.826,10.284999999999854,1762694111766,1762694111781,light,0.8,80.0,0.0,0,1,0.0,0,0,,,,,,
s2_rain_fade,RAIN_FADE,14,,400,2,144,ok,,,1,45.17741600284353,120,1,25.256999999999998,10.56800000000112,1762694112415,1762694112429,light,0.8,80.0,0.0,0,1,0.0,0,0,,,,,,
s2_rain_fade,RAIN_FADE,14,,400,2,145,ok,,,1,52.007249993039295,120,1,27.709000000000003,10.54699999999957,1762694113111,1762694113127,light,0.8,80.0,0.0,0,1,0.0,0,0,,,,,,
s2_rain_fade,RAIN_FADE,14,,400,2,146,ok,,,1,101.46662499755621,120,1,40.14999999999999,45.5679999999993,1762694113875,1762694113902,light,0.8,80.0,0.0,0,1,0.0,0,0,,,,,,
s2_rain_fade,RAIN_FADE,14,,400,2,147,ok,,,1,48.58145900652744,120,1,27.799,10.804000000000087,1762694114562,1762694114575,light,0.8,80.0,0.0,0,1,0.0,0,0,,,,,,
s2_rain_fade,RAIN_FADE,14,,400,2,148,ok,,,1,47.562249994371086,120,1,24.537,10.592000000000553,1762694115228,1762694115244,light,0.8,80.0,0.0,0,1,0.0,0,0,,,,,,
s2_rain_fade,RAIN_FADE,14,,400,2,149,ok,,,1,47.5414999818895,120,1,26.061999999999994,10.36199999999917,1762694115940,1762694115955,light,0.8,80.0,0.0,0,1,0.0,0,0,,,,,,
s2_rain_fade,RAIN_FADE,14,,400,2,150,ok,,,1,46.55870798160322,120,1,24.080000000000005,10.4950000000008,1762694116605,1762694116620,light,0.8,80.0,0.0,1,1,1.0,0,0,,,,,,
s2_rain_fade,RAIN_FADE,14,,400,2,151,ok,,,1,43.76104098628275,120,1,24.0,10.51299999999992,1762694117273,1762694117288,light,0.8,80.0,0.0,0,1,0.0,0,0,,,,,,
s2_rain_fade,RAIN_FADE,14,,400,2,152,ok,,,1,46.706374996574596,120,1,26.47999999999999,10.436000000000604,1762694117969,1762694117983,light,0.8,80.0,0.0,0,1,0.0,0,0,,,,,,
s2_rain_fade,RAIN_FADE,14,,400,2,153,ok,,,1,48.777250020066276,120,1,25.603,10.531999999999243,1762694118655,1762694118672,light,0.8,80.0,0.0,0,1,0.0,0,0,,,,,,
s2_rain_fade,RAIN_FADE,14,,400,2,154,ok,,,1,44.84554199734703,120,1,24.808,10.511000000000422,1762694119336,1762694119350,light,0.8,80.0,0.0,0,1,0.0,0,0,,,,,,
s2_rain_fade,RAIN_FADE,14,,400,2,155,ok,,,1,48.3821659872774,120,1,26.542,10.75500000000011,1762694120031,1762694120047,light,0.8,80.0,0.0,0,1,0.0,0,0,,,,,,
s2_rain_fade,RAIN_FADE,14,,400,2,156,ok,,,1,51.09179200371727,120,1,28.793999999999997,10.463999999999942,1762694120709,1762694120727,light,0.8,80.0,0.0,0,1,0.0,0,0,,,,,,
s2_rain_fade,RAIN_FADE,14,,400,2,157,ok,,,1,49.569499999051914,120,1,27.159999999999997,10.910000000000764,1762694121371,1762694121386,light,0.8,80.0,0.0,0,1,0.0,0,0,,,,,,
s2_rain_fade,RAIN_FADE,14,,400,2,158,ok,,,1,72.42812498589046,120,1,39.12199999999999,18.973000000000866,1762694122075,1762694122089,light,0.8,80.0,0.0,0,1,0.0,0,0,,,,,,
s2_rain_fade,RAIN_FADE,14,,400,2,159,ok,,,1,44.82233297312632,120,1,23.838,10.444000000001324,1762694122777,1762694122791,light,0.8,80.0,0.0,0,1,0.0,0,0,,,,,,
s2_rain_fade,RAIN_FADE,14,,400,2,160,ok,,,1,49.79104097583331,120,1,27.902,11.485000000000582,1762694123518,1762694123534,light,0.8,80.0,0.0,0,1,0.0,0,0,,,,,,
s2_rain_fade,RAIN_FADE,14,,400,2,161,ok,,,1,45.40033399825916,120,1,23.838000000000008,10.252000000000407,1762694124201,1762694124217,light,0.8,80.0,0.0,0,1,0.0,0,0,,,,,,
s2_rain_fade,RAIN_FADE,14,,400,2,162,ok,,,1,44.75979201379232,120,1,24.293999999999997,10.485999999999876,1762694124880,1762694124894,light,0.8,80.0,0.0,1,1,1.0,0,0,,,,,,
s2_rain_fade,RAIN_FADE,14,,400,2,163,ok,,,1,43.719957990106195,120,1,23.996999999999996,10.398000000000138,1762694125570,1762694125584,light,0.8,80.0,0.0,0,1,0.0,0,0,,,,,,
s2_rain_fade,RAIN_FADE,14,,400,2,164,ok,,,1,48.34562499308959,120,1,26.372999999999998,10.766000000000531,1762694126277,1762694126292,light,0.8,80.0,0.0,0,1,0.0,0,0,,,,,,
s2_rain_fade,RAIN_FADE,14,,400,2,165,ok,,,1,43.637124996166676,120,1,23.949999999999996,10.502999999999702,1762694126917,1762694126932,light,0.8,80.0,0.0,0,1,0.0,0,0,,,,,,
s2_rain_fade,RAIN_FADE,14,,400,2,166,ok,,,1,44.58133300067857,120,1,23.939,10.46100000000024,1762694127601,1762694127616,light,0.8,80.0,0.0,0,1,0.0,0,0,,,,,,
s2_rain_fade,RAIN_FADE,14,,400,2,167,ok,,,1,47.5329160108231,120,1,23.604,10.492999999999483,1762694128299,1762694128317,light,0.8,80.0,0.0,0,1,0.0,0,0,,,,,,
s2_rain_fade,RAIN_FADE,14,,400,2,168,ok,,,1,45.544874999905005,120,1,23.557999999999996,10.467000000000553,1762694128992,1762694129007,light,0.8,80.0,0.0,0,1,0.0,0,0,,,,,,
s2_rain_fade,RAIN_FADE,14,,400,2,169,ok,,,1,43.71016699587926,120,1,23.463000000000008,10.240999999999985,1762694129671,1762694129685,light,0.8,80.0,0.0,0,1,0.0,0,0,,,,,,
s2_rain_fade,RAIN_FADE,14,,400,2,170,ok,,,1,47.589249996235594,120,1,26.387,10.83599999999933,1762694130354,1762694130370,light,0.8,80.0,0.0,0,1,0.0,0,0,,,,,,
s2_rain_fade,RAIN_FADE,14,,400,2,171,ok,,,1,45.207500021206215,120,1,23.758000000000003,10.417000000000371,1762694131006,1762694131021,light,0.8,80.0,0.0,0,1,0.0,0,0,,,,,,
s2_rain_fade,RAIN_FADE,14,,400,2,172,ok,,,1,50.978500017663464,120,1,25.824,10.357999999999265,1762694131709,1762694131728,light,0.8,80.0,0.0,0,1,0.0,0,0,,,,,,
s2_rain_fade,RAIN_FADE,14,,400,2,173,ok,,,1,44.09983300138265,120,1,24.396,10.59100000000035,1762694132411,1762694132425,light,0.8,80.0,0.0,0,1,0.0,0,0,,,,,,
s2_rain_fade,RAIN_FADE,14,,400,2,174,ok,,,1,47.065457998542115,120,1,26.253,10.559000000000196,1762694133254,1762694133268,light,0.8,80.0,0.0,0,1,0.0,0,0,,,,,,
s2_rain_fade,RAIN_FADE,14,,400,2,175,ok,,,1,44.57220897893421,120,1,23.995999999999995,10.570999999999913,1762694133938,1762694133952,light,0.8,80.0,0.0,0,1,0.0,0,0,,,,,,
s2_rain_fade,RAIN_FADE,14,,400,2,176,ok,,,1,44.52287501771934,120,1,24.615000000000006,10.401999999999134,1762694134643,1762694134657,light,0.8,80.0,0.0,0,1,0.0,0,0,,,,,,
s2_rain_fade,RAIN_FADE,14,,400,2,177,ok,,,1,45.63274999964051,120,1,24.223,10.372000000000298,1762694135447,1762694135462,light,0.8,80.0,0.0,0,1,0.0,0,0,,,,,,
s2_rain_fade,RAIN_FADE,14,,400,2,178,ok,,,1,49.831666983664036,120,1,26.859,10.952000000001135,1762694136175,1762694136190,light,0.8,80.0,0.0,0,1,0.0,0,0,,,,,,
s2_rain_fade,RAIN_FADE,14,,400,2,179,ok,,,1,49.687958002323285,120,1,25.540999999999997,12.905999999999949,1762694136856,1762694136872,light,0.8,80.0,0.0,0,1,0.0,0,0,,,,,,
s2_rain_fade,RAIN_FADE,14,,400,2,180,ok,,,1,46.05483400519006,120,1,24.107,10.252000000000407,1762694137529,1762694137545,light,0.8,80.0,0.0,0,1,0.0,0,0,,,,,,
s2_rain_fade,RAIN_FADE,14,,400,2,181,ok,,,1,47.95700000249781,120,1,26.244999999999997,11.158000000000357,1762694138216,1762694138230,light,0.8,80.0,0.0,0,1,0.0,0,0,,,,,,
s2_rain_fade,RAIN_FADE,14,,400,2,182,ok,,,1,49.36283399001695,120,1,26.095999999999997,10.548999999999978,1762694138887,1762694138903,light,0.8,80.0,0.0,0,1,0.0,0,0,,,,,,
s2_rain_fade,RAIN_FADE,14,,400,2,183,ok,,,1,50.535834016045555,120,1,26.119999999999997,10.500999999999294,1762694139657,1762694139675,light,0.8,80.0,0.0,0,1,0.0,0,0,,,,,,
s2_rain_fade,RAIN_FADE,14,,400,2,184,ok,,,1,48.527333012316376,120,1,26.664,10.298000000000684,1762694140425,1762694140441,light,0.8,80.0,0.0,0,1,0.0,0,0,,,,,,
s2_rain_fade,RAIN_FADE,14,,400,2,185,ok,,,1,47.83891700208187,120,1,24.472999999999992,10.799999999999272,1762694141107,1762694141123,light,0.8,80.0,0.0,0,1,0.0,0,0,,,,,,
s2_rain_fade,RAIN_FADE,14,,400,2,186,ok,,,1,49.1120420047082,120,1,26.696999999999996,10.458999999999833,1762694141813,1762694141829,light,0.8,80.0,0.0,0,1,0.0,0,0,,,,,,
s2_rain_fade,RAIN_FADE,14,,400,2,187,ok,,,1,47.17770800925791,120,1,25.903,10.537999999999556,1762694142531,1762694142545,light,0.8,80.0,0.0,0,1,0.0,0,0,,,,,,
s2_rain_fade,RAIN_FADE,14,,400,2,188,ok,,,1,45.96791698713787,120,1,25.514000000000003,10.653999999999542,1762694143193,1762694143207,light,0.8,80.0,0.0,0,1,0.0,0,0,,,,,,
s2_rain_fade,RAIN_FADE,14,,400,2,189,ok,,,1,48.78145799739286,120,1,27.135999999999996,10.595999999999549,1762694143938,1762694143954,light,0.8,80.0,0.0,0,1,0.0,0,0,,,,,,
s2_rain_fade,RAIN_FADE,14,,400,2,190,ok,,,1,46.44141701282933,120,1,24.378,11.92699999999968,1762694144604,1762694144619,light,0.8,80.0,0.0,0,1,0.0,0,0,,,,,,
s2_rain_fade,RAIN_FADE,14,,400,2,191,ok,,,1,46.65004200069234,120,1,24.757000000000005,10.662000000000262,1762694145290,1762694145305,light,0.8,80.0,0.0,0,1,0.0,0,0,,,,,,
s2_rain_fade,RAIN_FADE,14,,400,2,192,ok,,,1,60.69637500331737,120,1,38.95799999999999,12.472000000000662,1762694146132,1762694146147,light,0.8,80.0,0.0,0,1,0.0,0,0,,,,,,
s2_rain_fade,RAIN_FADE,14,,400,2,193,ok,,,1,45.925416983664036,120,1,25.162000000000006,11.10399999999936,1762694146849,1762694146864,light,0.8,80.0,0.0,1,1,1.0,0,0,,,,,,
s2_rain_fade,RAIN_FADE,14,,400,2,194,ok,,,1,49.59941600100137,120,1,25.992999999999988,10.5600000000004,1762694147527,1762694147543,light,0.8,80.0,0.0,0,1,0.0,0,0,,,,,,
s2_rain_fade,RAIN_FADE,14,,400,2,195,ok,,,1,47.87729200324975,120,1,25.18,10.423000000000684,1762694148237,1762694148255,light,0.8,80.0,0.0,0,1,0.0,0,0,,,,,,
s2_rain_fade,RAIN_FADE,14,,400,2,196,ok,,,1,47.430707985768095,120,1,25.46,10.696000000000822,1762694148933,1762694148949,light,0.8,80.0,0.0,0,1,0.0,0,0,,,,,,
s2_rain_fade,RAIN_FADE,14,,400,2,197,ok,,,1,43.856792006408796,120,1,23.87599999999999,10.425999999999476,1762694149633,1762694149648,light,0.8,80.0,0.0,0,1,0.0,0,0,,,,,,
s2_rain_fade,RAIN_FADE,14,,400,2,198,ok,,,1,50.699125014944,120,1,26.264999999999986,10.689000000000306,1762694150318,1762694150335,light,0.8,80.0,0.0,1,1,1.0,0,0,,,,,,
s2_rain_fade,RAIN_FADE,14,,400,2,199,ok,,,1,46.395417011808604,120,1,24.055,10.548999999999978,1762694150982,1762694150998,light,0.8,80.0,0.0,0,1,0.0,0,0,,,,,,
s2_rain_fade,RAIN_FADE,14,,400,2,200,ok,,,1,48.97720800363459,120,1,25.641999999999996,10.350000000000364,1762694151743,1762694151759,light,0.8,80.0,0.0,0,1,0.0,0,0,,,,,,
s2_rain_fade,RAIN_FADE,14,,400,2,201,ok,,,1,46.054999984335154,120,1,24.616999999999997,10.469000000000051,1762694152478,1762694152493,light,0.8,80.0,0.0,0,1,0.0,0,0,,,,,,
s2_rain_fade,RAIN_FADE,14,,400,2,202,ok,,,1,45.40366699802689,120,1,23.778,10.267000000000735,1762694153154,1762694153169,light,0.8,80.0,0.0,0,1,0.0,0,0,,,,,,
s2_rain_fade,RAIN_FADE,14,,400,2,203,ok,,,1,50.59612498735078,120,1,28.974000000000004,11.201999999999316,1762694153884,1762694153899,light,0.8,80.0,0.0,0,1,0.0,0,0,,,,,,
s2_rain_fade,RAIN_FADE,14,,400,2,204,ok,,,1,156.33708299719729,120,1,37.625000000000014,107.34099999999944,1762694154600,1762694154613,light,0.8,80.0,0.0,0,1,0.0,0,0,,,,,,
s2_rain_fade,RAIN_FADE,14,,400,2,205,ok,,,1,55.56366700329818,120,1,29.410999999999987,12.961999999999534,1762694155500,1762694155518,light,0.8,80.0,0.0,0,1,0.0,0,0,,,,,,
s2_rain_fade,RAIN_FADE,14,,400,2,206,ok,,,1,46.898125001462176,120,1,25.41299999999999,11.123999999999796,1762694156152,1762694156166,light,0.8,80.0,0.0,0,1,0.0,0,0,,,,,,
s2_rain_fade,RAIN_FADE,14,,400,2,207,ok,,,1,52.52537500928156,120,1,29.611999999999995,12.024999999999636,1762694156897,1762694156912,light,0.8,80.0,0.0,0,1,0.0,0,0,,,,,,
s2_rain_fade,RAIN_FADE,14,,400,2,208,ok,,,1,47.34350001672283,120,1,25.478999999999992,10.944999999999709,1762694157545,1762694157560,light,0.8,80.0,0.0,0,1,0.0,0,0,,,,,,
s2_rain_fade,RAIN_FADE,14,,400,2,209,ok,,,1,75.6177079747431,120,1,52.684999999999995,13.140999999999622,1762694158331,1762694158351,light,0.8,80.0,0.0,0,1,0.0,0,0,,,,,,
s2_rain_fade,RAIN_FADE,14,,400,2,210,ok,,,1,49.9855829984881,120,1,26.20600000000001,10.364000000001397,1762694159017,1762694159033,light,0.8,80.0,0.0,0,1,0.0,0,0,,,,,,
s2_rain_fade,RAIN_FADE,14,,400,2,211,ok,,,1,45.45579201658256,120,1,23.775,10.42700000000059,1762694159676,1762694159693,light,0.8,80.0,0.0,0,1,0.0,0,0,,,,,,
s2_rain_fade,RAIN_FADE,14,,400,2,212,ok,,,1,44.303208007477224,120,1,23.897,10.430999999998676,1762694160402,1762694160417,light,0.8,80.0,0.0,1,1,1.0,0,0,,,,,,
s2_rain_fade,RAIN_FADE,14,,400,2,213,ok,,,1,48.39120799442753,120,1,26.272999999999996,10.748999999999796,1762694161133,1762694161149,light,0.8,80.0,0.0,0,1,0.0,0,0,,,,,,
s2_rain_fade,RAIN_FADE,14,,400,2,214,ok,,,1,53.78487499547191,120,1,27.803999999999995,11.810999999999694,1762694161848,1762694161866,light,0.8,80.0,0.0,0,1,0.0,0,0,,,,,,
s2_rain_fade,RAIN_FADE,14,,400,2,215,ok,,,1,50.68337501143105,120,1,24.948000000000008,10.702000000000226,1762694162593,1762694162613,light,0.8,80.0,0.0,0,1,0.0,0,0,,,,,,
s2_rain_fade,RAIN_FADE,14,,400,2,216,ok,,,1,46.821708005154505,120,1,27.11,10.786000000000058,1762694163350,1762694163364,light,0.8,80.0,0.0,0,1,0.0,0,0,,,,,,
s2_rain_fade,RAIN_FADE,14,,400,2,217,ok,,,1,48.76925001735799,120,1,23.888000000000005,13.253000000000611,1762694164096,1762694164112,light,0.8,80.0,0.0,0,1,0.0,0,0,,,,,,
s2_rain_fade,RAIN_FADE,14,,400,2,218,ok,,,1,48.583249998046085,120,1,24.11,13.044000000000779,1762694164783,1762694164798,light,0.8,80.0,0.0,0,1,0.0,0,0,,,,,,
s2_rain_fade,RAIN_FADE,14,,400,2,219,ok,,,1,46.00800000480376,120,1,23.529000000000003,10.581000000000131,1762694165502,1762694165517,light,0.8,80.0,0.0,0,1,0.0,0,0,,,,,,
s2_rain_fade,RAIN_FADE,14,,400,2,220,ok,,,1,49.59779101773165,120,1,25.931999999999988,10.660999999999149,1762694166188,1762694166206,light,0.8,80.0,0.0,0,1,0.0,0,0,,,,,,
s2_rain_fade,RAIN_FADE,14,,400,2,221,ok,,,1,45.05987500306219,120,1,23.802,10.260000000000218,1762694166842,1762694166857,light,0.8,80.0,0.0,0,1,0.0,0,0,,,,,,
s2_rain_fade,RAIN_FADE,14,,400,2,222,ok,,,1,49.15004101349041,120,1,24.417,10.56800000000112,1762694167588,1762694167605,light,0.8,80.0,0.0,0,1,0.0,0,0,,,,,,
s2_rain_fade,RAIN_FADE,14,,400,2,223,ok,,,1,65.97841699840501,120,1,39.187,15.636000000000422,1762694168365,1762694168391,light,0.8,80.0,0.0,0,1,0.0,0,0,,,,,,
s2_rain_fade,RAIN_FADE,14,,400,2,224,ok,,,1,48.83587500080466,120,1,26.535999999999994,10.772999999999229,1762694169060,1762694169075,light,0.8,80.0,0.0,0,1,0.0,0,0,,,,,,
s2_rain_fade,RAIN_FADE,14,,400,2,225,ok,,,1,46.01729198475368,120,1,25.192,10.640999999999622,1762694169737,1762694169752,light,0.8,80.0,0.0,0,1,0.0,0,0,,,,,,
s2_rain_fade,RAIN_FADE,14,,400,2,226,ok,,,1,48.24358399491757,120,1,24.705,10.442999999999302,1762694170434,1762694170452,light,0.8,80.0,0.0,0,1,0.0,0,0,,,,,,
s2_rain_fade,RAIN_FADE,14,,400,2,227,ok,,,1,45.89441599091515,120,1,23.937000000000005,10.462000000001353,1762694171131,1762694171146,light,0.8,80.0,0.0,0,1,0.0,0,0,,,,,,
s2_rain_fade,RAIN_FADE,14,,400,2,228,ok,,,1,48.38816699339077,120,1,25.345,11.294000000001688,1762694171829,1762694171846,light,0.8,80.0,0.0,1,1,1.0,0,0,,,,,,
s2_rain_fade,RAIN_FADE,14,,400,2,229,ok,,,1,52.16716701397672,120,1,26.184999999999995,10.628000000000611,1762694172601,1762694172619,light,0.8,80.0,0.0,0,1,0.0,0,0,,,,,,
s2_rain_fade,RAIN_FADE,14,,400,2,230,ok,,,1,46.65058298269287,120,1,25.036999999999992,10.845999999999549,1762694173281,1762694173297,light,0.8,80.0,0.0,0,1,0.0,0,0,,,,,,
s2_rain_fade,RAIN_FADE,14,,400,2,231,ok,,,1,51.010416995268315,120,1,27.302000000000007,11.244999999998981,1762694173998,1762694174016,light,0.8,80.0,0.0,0,1,0.0,0,0,,,,,,
s2_rain_fade,RAIN_FADE,14,,400,2,232,ok,,,1,45.76687500230037,120,1,25.206999999999994,10.458000000000538,1762694174661,1762694174677,light,0.8,80.0,0.0,0,1,0.0,0,0,,,,,,
s2_rain_fade,RAIN_FADE,14,,400,2,233,ok,,,1,52.10766600794159,120,1,29.37999999999998,11.432000000000698,1762694175403,1762694175421,light,0.8,80.0,0.0,1,1,1.0,0,0,,,,,,
s2_rain_fade,RAIN_FADE,14,,400,2,234,preauth_failed,step4_wait,0,0,0.0,0,0,0.0,0.0,,,light,0.8,80.0,0.0,0,0,0.0,0,0,,,,,,
s2_rain_fade,RAIN_FADE,14,,400,2,235,ok,,,1,46.74762499053031,120,1,24.616000000000003,10.38299999999981,1762694181491,1762694181507,light,0.8,80.0,0.0,0,1,0.0,0,0,,,,,,
s2_rain_fade,RAIN_FADE,14,,400,2,236,ok,,,1,48.23200000100769,120,1,25.642999999999997,10.356999999998152,1762694182264,1762694182280,light,0.8,80.0,0.0,0,1,0.0,0,0,,,,,,
s2_rain_fade,RAIN_FADE,14,,400,2,237,ok,,,1,48.39029198046774,120,1,23.835,10.494000000002416,1762694182922,1762694182939,light,0.8,80.0,0.0,0,1,0.0,0,0,,,,,,
s2_rain_fade,RAIN_FADE,14,,400,2,238,ok,,,1,45.467875024769455,120,1,23.777,10.587999999999738,1762694183635,1762694183651,light,0.8,80.0,0.0,0,1,0.0,0,0,,,,,,
s2_rain_fade,RAIN_FADE,14,,400,2,239,ok,,,1,48.26762498123571,120,1,23.398000000000003,10.38799999999901,1762694184334,1762694184352,light,0.8,80.0,0.0,1,1,1.0,0,0,,,,,,
s2_rain_fade,RAIN_FADE,14,,400,2,240,ok,,,1,46.64729200885631,120,1,24.268999999999995,10.47899999999936,1762694185130,1762694185145,light,0.8,80.0,0.0,0,1,0.0,0,0,,,,,,
s2_rain_fade,RAIN_FADE,14,,400,2,241,ok,,,1,50.962042005266994,120,1,27.120999999999995,10.35899999999856,1762694185812,1762694185829,light,0.8,80.0,0.0,0,1,0.0,0,0,,,,,,
s2_rain_fade,RAIN_FADE,14,,400,2,242,ok,,,1,43.05870900861919,120,1,23.429,10.18500000000131,1762694186439,1762694186454,light,0.8,80.0,0.0,0,1,0.0,0,0,,,,,,
s2_rain_fade,RAIN_FADE,14,,400,2,243,ok,,,1,45.621750003192574,120,1,24.576,10.734000000000378,1762694187150,1762694187165,light,0.8,80.0,0.0,0,1,0.0,0,0,,,,,,
s2_rain_fade,RAIN_FADE,14,,400,2,244,ok,,,1,47.87587499595247,120,1,25.75,10.537000000000262,1762694187876,1762694187892,light,0.8,80.0,0.0,0,1,0.0,0,0,,,,,,
s2_rain_fade,RAIN_FADE,14,,400,2,245,ok,,,1,45.99883299670182,120,1,24.328999999999994,10.637000000000626,1762694188548,1762694188564,light,0.8,80.0,0.0,0,1,0.0,0,0,,,,,,
s2_rain_fade,RAIN_FADE,14,,400,2,246,ok,,,1,47.609041997930035,120,1,24.246999999999993,10.546000000000276,1762694189258,1762694189274,light,0.8,80.0,0.0,0,1,0.0,0,0,,,,,,
s2_rain_fade,RAIN_FADE,14,,400,2,247,ok,,,1,47.594042000127956,120,1,25.308999999999997,10.575999999999112,1762694189991,1762694190006,light,0.8,80.0,0.0,0,1,0.0,0,0,,,,,,
s2_rain_fade,RAIN_FADE,14,,400,2,248,ok,,,1,49.41158299334347,120,1,24.567,11.016999999999825,1762694190680,1762694190698,light,0.8,80.0,0.0,0,1,0.0,0,0,,,,,,
s2_rain_fade,RAIN_FADE,14,,400,2,249,ok,,,1,51.47095798747614,120,1,28.09400000000001,10.737999999999374,1762694191377,1762694191392,light,0.8,80.0,0.0,0,1,0.0,0,0,,,,,,
s2_rain_fade,RAIN_FADE,14,,400,2,250,ok,,,1,61.005416995612904,120,1,31.679000000000002,20.087999999999738,1762694192071,1762694192087,light,0.8,80.0,0.0,0,1,0.0,0,0,,,,,,
s2_rain_fade,RAIN_FADE,14,,400,2,251,ok,,,1,48.35883298073895,120,1,25.501999999999995,10.531999999999243,1762694192813,1762694192829,light,0.8,80.0,0.0,1,1,1.0,0,0,,,,,,
s2_rain_fade,RAIN_FADE,14,,400,2,252,ok,,,1,46.82683397550136,120,1,25.616000000000007,10.88799999999901,1762694193548,1762694193564,light,0.8,80.0,0.0,0,1,0.0,0,0,,,,,,
s2_rain_fade,RAIN_FADE,14,,400,2,253,ok,,,1,49.2487920273561,120,1,26.305999999999994,10.586999999997715,1762694194245,1762694194261,light,0.8,80.0,0.0,0,1,0.0,0,0,,,,,,
s2_rain_fade,RAIN_FADE,14,,400,2,254,ok,,,1,45.66308300127275,120,1,25.035999999999998,10.468000000000757,1762694194922,1762694194937,light,0.8,80.0,0.0,0,1,0.0,0,0,,,,,,
s2_rain_fade,RAIN_FADE,14,,400,2,255,ok,,,1,45.45341699849814,120,1,23.806999999999995,10.404999999998836,1762694195629,1762694195644,light,0.8,80.0,0.0,0,1,0.0,0,0,,,,,,
s2_rain_fade,RAIN_FADE,14,,400,2,256,ok,,,1,50.532666995422915,120,1,27.334999999999994,11.177999999998065,1762694196331,1762694196347,light,0.8,80.0,0.0,0,1,0.0,0,0,,,,,,
s2_rain_fade,RAIN_FADE,14,,400,2,257,ok,,,1,50.85812500328757,120,1,26.895000000000003,10.790000000000873,1762694196975,1762694196992,light,0.8,80.0,0.0,0,1,0.0,0,0,,,,,,
s2_rain_fade,RAIN_FADE,14,,400,2,258,ok,,,1,48.68033301318064,120,1,26.056000000000004,10.342000000000553,1762694197671,1762694197688,light,0.8,80.0,0.0,0,1,0.0,0,0,,,,,,
s2_rain_fade,RAIN_FADE,14,,400,2,259,ok,,,1,47.88945798645727,120,1,23.723,10.385000000000218,1762694198344,1762694198362,light,0.8,80.0,0.0,0,1,0.0,0,0,,,,,,
s2_rain_fade,RAIN_FADE,14,,400,2,260,ok,,,1,44.553833024110645,120,1,23.903999999999996,10.403000000000247,1762694199030,1762694199045,light,0.8,80.0,0.0,0,1,0.0,0,0,,,,,,
s2_rain_fade,RAIN_FADE,14,,400,2,261,ok,,,1,46.96833301568404,120,1,25.174,10.47899999999936,1762694199761,1762694199777,light,0.8,80.0,0.0,0,1,0.0,0,0,,,,,,
s2_rain_fade,RAIN_FADE,14,,400,2,262,ok,,,1,45.97412500879727,120,1,23.798999999999996,10.48700000000099,1762694200460,1762694200475,light,0.8,80.0,0.0,0,1,0.0,0,0,,,,,,
s2_rain_fade,RAIN_FADE,14,,400,2,263,ok,,,1,45.98295802134089,120,1,24.22500000000001,10.912000000000262,1762694201189,1762694201205,light,0.8,80.0,0.0,0,1,0.0,0,0,,,,,,
s2_rain_fade,RAIN_FADE,14,,400,2,264,ok,,,1,49.12991600576788,120,1,26.800000000000004,10.416000000001077,1762694201914,1762694201930,light,0.8,80.0,0.0,0,1,0.0,0,0,,,,,,
s2_rain_fade,RAIN_FADE,14,,400,2,265,ok,,,1,50.76716700568795,120,1,26.679000000000002,10.75,1762694202609,1762694202626,light,0.8,80.0,0.0,0,1,0.0,0,0,,,,,,
s2_rain_fade,RAIN_FADE,14,,400,2,266,ok,,,1,45.88624997995794,120,1,23.741000000000003,10.42200000000048,1762694203355,1762694203371,light,0.8,80.0,0.0,0,1,0.0,0,0,,,,,,
s2_rain_fade,RAIN_FADE,14,,400,2,267,ok,,,1,48.64150000503287,120,1,26.865999999999993,10.694999999999709,1762694204098,1762694204114,light,0.8,80.0,0.0,1,1,1.0,0,0,,,,,,
s2_rain_fade,RAIN_FADE,14,,400,2,268,ok,,,1,45.552208001026884,120,1,24.444999999999997,10.408000000001266,1762694204843,1762694204858,light,0.8,80.0,0.0,0,1,0.0,0,0,,,,,,
s2_rain_fade,RAIN_FADE,14,,400,2,269,ok,,,1,51.91162499249913,120,1,28.221999999999994,11.672999999998865,1762694205575,1762694205592,light,0.8,80.0,0.0,0,1,0.0,0,0,,,,,,
s2_rain_fade,RAIN_FADE,14,,400,2,270,ok,,,1,51.030792004894465,120,1,26.576999999999998,10.83900000000176,1762694206264,1762694206281,light,0.8,80.0,0.0,0,1,0.0,0,0,,,,,,
s2_rain_fade,RAIN_FADE,14,,400,2,271,ok,,,1,48.051082994788885,120,1,25.732999999999997,10.28099999999904,1762694206917,1762694206934,light,0.8,80.0,0.0,0,1,0.0,0,0,,,,,,
s2_rain_fade,RAIN_FADE,14,,400,2,272,ok,,,1,50.81529199378565,120,1,25.964999999999996,10.506000000001222,1762694207599,1762694207616,light,0.8,80.0,0.0,0,1,0.0,0,0,,,,,,
s2_rain_fade,RAIN_FADE,14,,400,2,273,ok,,,1,45.08862498914823,120,1,23.468000000000004,10.243000000000393,1762694208263,1762694208279,light,0.8,80.0,0.0,0,1,0.0,0,0,,,,,,
s2_rain_fade,RAIN_FADE,14,,400,2,274,ok,,,1,45.72104098042473,120,1,24.72999999999999,10.367999999998574,1762694208982,1762694208997,light,0.8,80.0,0.0,0,1,0.0,0,0,,,,,,
s2_rain_fade,RAIN_FADE,14,,400,2,275,ok,,,1,50.81620899727568,120,1,27.019,10.44800000000032,1762694209673,1762694209690,light,0.8,80.0,0.0,0,1,0.0,0,0,,,,,,
s2_rain_fade,RAIN_FADE,14,,400,2,276,ok,,,1,46.259499998996034,120,1,26.425000000000004,10.793000000001484,1762694210388,1762694210402,light,0.8,80.0,0.0,1,1,1.0,0,0,,,,,,
s2_rain_fade,RAIN_FADE,14,,400,2,277,ok,,,1,50.65516699687578,120,1,26.690000000000005,10.854999999999563,1762694211079,1762694211095,light,0.8,80.0,0.0,0,1,0.0,0,0,,,,,,
s2_rain_fade,RAIN_FADE,14,,400,2,278,ok,,,1,49.23387500457466,120,1,26.634,10.635000000000218,1762694211827,1762694211843,light,0.8,80.0,0.0,0,1,0.0,0,0,,,,,,
s2_rain_fade,RAIN_FADE,14,,400,2,279,ok,,,1,47.33383297570981,120,1,25.499000000000002,10.554000000000087,1762694212529,1762694212545,light,0.8,80.0,0.0,0,1,0.0,0,0,,,,,,
s2_rain_fade,RAIN_FADE,14,,400,2,280,ok,,,1,50.789125001756474,120,1,27.393,10.911000000000058,1762694213305,1762694213322,light,0.8,80.0,0.0,1,1,1.0,0,0,,,,,,
s2_rain_fade,RAIN_FADE,14,,400,2,281,ok,,,1,57.556001003831625,120,1,26.476,19.575999999999112,1762694214030,1762694214048,light,0.8,80.0,0.0,0,1,0.0,0,0,,,,,,
s2_rain_fade,RAIN_FADE,14,,400,2,282,ok,,,1,49.45329201291315,120,1,26.107,11.206000000000131,1762694214770,1762694214785,light,0.8,80.0,0.0,0,1,0.0,0,0,,,,,,
s2_rain_fade,RAIN_FADE,14,,400,2,283,ok,,,1,47.650332999182865,120,1,26.288999999999994,10.668999999999869,1762694215458,1762694215474,light,0.8,80.0,0.0,0,1,0.0,0,0,,,,,,
s2_rain_fade,RAIN_FADE,14,,400,2,284,ok,,,1,46.23599999467842,120,1,24.477000000000004,11.013999999999214,1762694216147,1762694216163,light,0.8,80.0,0.0,0,1,0.0,0,0,,,,,,
s2_rain_fade,RAIN_FADE,14,,400,2,285,ok,,,1,50.20225001499057,120,1,26.32,10.479999999999563,1762694216818,1762694216834,light,0.8,80.0,0.0,0,1,0.0,0,0,,,,,,
s2_rain_fade,RAIN_FADE,14,,400,2,286,ok,,,1,44.80737500125542,120,1,23.941999999999993,10.374000000001615,1762694217514,1762694217528,light,0.8,80.0,0.0,0,1,0.0,0,0,,,,,,
s2_rain_fade,RAIN_FADE,14,,400,2,287,ok,,,1,44.940208026673645,120,1,24.095999999999997,10.523999999997613,1762694218234,1762694218250,light,0.8,80.0,0.0,1,1,1.0,0,0,,,,,,
s2_rain_fade,RAIN_FADE,14,,400,2,288,ok,,,1,45.084458019118756,120,1,23.939999999999998,10.355000000001382,1762694218938,1762694218952,light,0.8,80.0,0.0,1,1,1.0,0,0,,,,,,
s2_rain_fade,RAIN_FADE,14,,400,2,289,ok,,,1,45.660375006264076,120,1,23.538999999999994,10.52100000000064,1762694219638,1762694219654,light,0.8,80.0,0.0,0,1,0.0,0,0,,,,,,
s2_rain_fade,RAIN_FADE,14,,400,2,290,ok,,,1,50.81841701758094,120,1,26.182999999999993,10.711999999999534,1762694220318,1762694220335,light,0.8,80.0,0.0,1,1,1.0,0,0,,,,,,
s2_rain_fade,RAIN_FADE,14,,400,2,291,ok,,,1,49.112207983853295,120,1,27.150000000000006,10.761999999998807,1762694221010,1762694221025,light,0.8,80.0,0.0,0,1,0.0,0,0,,,,,,
s2_rain_fade,RAIN_FADE,14,,400,2,292,ok,,,1,49.58750001969747,120,1,25.057999999999986,10.61700000000019,1762694221704,1762694221721,light,0.8,80.0,0.0,0,1,0.0,0,0,,,,,,
s2_rain_fade,RAIN_FADE,14,,400,2,293,ok,,,1,49.02295800275169,120,1,26.275,10.41400000000067,1762694222445,1762694222460,light,0.8,80.0,0.0,0,1,0.0,0,0,,,,,,
s2_rain_fade,RAIN_FADE,14,,400,2,294,ok,,,1,47.92608300340362,120,1,26.79999999999999,10.631999999999607,1762694223134,1762694223148,light,0.8,80.0,0.0,0,1,0.0,0,0,,,,,,
s2_rain_fade,RAIN_FADE,14,,400,2,295,ok,,,1,51.101582997944206,120,1,26.008000000000003,10.467000000000553,1762694223812,1762694223829,light,0.8,80.0,0.0,0,1,0.0,0,0,,,,,,
s2_rain_fade,RAIN_FADE,14,,400,2,296,ok,,,1,47.11945800227113,120,1,24.343000000000004,10.567000000000917,1762694224509,1762694224525,light,0.8,80.0,0.0,0,1,0.0,0,0,,,,,,
s2_rain_fade,RAIN_FADE,14,,400,2,297,ok,,,1,48.164166015340015,120,1,24.971999999999994,10.583000000000538,1762694225202,1762694225218,light,0.8,80.0,0.0,0,1,0.0,0,0,,,,,,
s2_rain_fade,RAIN_FADE,14,,400,2,298,ok,,,1,46.86083400156349,120,1,24.503000000000007,10.484999999998763,1762694225884,1762694225900,light,0.8,80.0,0.0,0,1,0.0,0,0,,,,,,
s2_rain_fade,RAIN_FADE,14,,400,2,299,ok,,,1,47.672417014837265,120,1,24.276000000000007,10.511000000000422,1762694226524,1762694226541,light,0.8,80.0,0.0,0,1,0.0,0,0,,,,,,
s2_rain_fade,RAIN_FADE,14,,400,2,300,ok,,,1,48.093375022290275,120,1,26.489999999999988,10.844999999999345,1762694227198,1762694227214,light,0.8,80.0,0.0,0,1,0.0,0,0,,,,,,
s2_rain_fade,RAIN_FADE,14,,300,2,1,ok,,,1,48.39608399197459,120,1,23.990999999999996,10.371000000001004,1762694227947,1762694227964,moderate,0.5,50.0,0.0,0,1,0.0,0,0,,,,,,
s2_rain_fade,RAIN_FADE,14,,300,2,2,ok,,,1,47.43645901908167,120,1,23.767999999999994,10.510000000000218,1762694228660,1762694228677,moderate,0.5,50.0,0.0,0,1,0.0,0,0,,,,,,
s2_rain_fade,RAIN_FADE,14,,300,2,3,ok,,,1,47.08779198699631,120,1,24.185999999999993,10.528000000000247,1762694229353,1762694229370,moderate,0.5,50.0,0.0,0,1,0.0,0,0,,,,,,
s2_rain_fade,RAIN_FADE,14,,300,2,4,ok,,,1,43.59316700720228,120,1,24.11,10.374000000003434,1762694230024,1762694230037,moderate,0.5,50.0,0.0,0,1,0.0,0,0,,,,,,
s2_rain_fade,RAIN_FADE,14,,300,2,5,ok,,,1,50.120625004637986,120,1,24.089999999999996,10.3849999999984,1762694230717,1762694230735,moderate,0.5,50.0,0.0,0,1,0.0,0,0,,,,,,
s2_rain_fade,RAIN_FADE,14,,300,2,6,ok,,,1,48.48833300638944,120,1,25.895000000000003,10.58600000000115,1762694231405,1762694231421,moderate,0.5,50.0,0.0,0,1,0.0,0,0,,,,,,
s2_rain_fade,RAIN_FADE,14,,300,2,7,ok,,,1,69.73962500342168,120,1,35.873,17.39100000000326,1762694232075,1762694232092,moderate,0.5,50.0,0.0,0,1,0.0,0,0,,,,,,
s2_rain_fade,RAIN_FADE,14,,300,2,8,ok,,,1,49.84483300358988,120,1,25.078,10.66700000000128,1762694232785,1762694232804,moderate,0.5,50.0,0.0,0,1,0.0,0,0,,,,,,
s2_rain_fade,RAIN_FADE,14,,300,2,9,ok,,,1,45.32179198577069,120,1,23.814,10.387000000000626,1762694233492,1762694233507,moderate,0.5,50.0,0.0,0,1,0.0,0,0,,,,,,
s2_rain_fade,RAIN_FADE,14,,300,2,10,ok,,,1,45.00333298346959,120,1,24.492,10.331000000000131,1762694234169,1762694234183,moderate,0.5,50.0,0.0,0,1,0.0,0,0,,,,,,
s2_rain_fade,RAIN_FADE,14,,300,2,11,ok,,,1,48.738750017946586,120,1,24.5,10.40099999999984,1762694234853,1762694234870,moderate,0.5,50.0,0.0,0,1,0.0,0,0,,,,,,
s2_rain_fade,RAIN_FADE,14,,300,2,12,preauth_failed,step4_wait,0,0,0.0,0,0,0.0,0.0,,,moderate,0.5,50.0,0.0,0,0,0.0,0,0,,,,,,
s2_rain_fade,RAIN_FADE,14,,300,2,13,ok,,,1,45.60549999587238,120,1,23.874999999999993,10.467000000000553,1762694240950,1762694240967,moderate,0.5,50.0,0.0,0,1,0.0,0,0,,,,,,
s2_rain_fade,RAIN_FADE,14,,300,2,14,ok,,,1,45.48024997347966,120,1,24.658,10.450999999999112,1762694241637,1762694241652,moderate,0.5,50.0,0.0,0,1,0.0,0,0,,,,,,
s2_rain_fade,RAIN_FADE,14,,300,2,15,ok,,,1,46.34708401863463,120,1,23.994999999999997,10.519000000000233,1762694242312,1762694242327,moderate,0.5,50.0,0.0,0,1,0.0,0,0,,,,,,
s2_rain_fade,RAIN_FADE,14,,300,2,16,ok,,,1,46.5473749791272,120,1,24.548,10.778000000000247,1762694242994,1762694243010,moderate,0.5,50.0,0.0,0,1,0.0,0,0,,,,,,
s2_rain_fade,RAIN_FADE,14,,300,2,17,ok,,,1,43.763916997704655,120,1,23.762,10.413000000002285,1762694243665,1762694243678,moderate,0.5,50.0,0.0,0,1,0.0,0,0,,,,,,
s2_rain_fade,RAIN_FADE,14,,300,2,18,ok,,,1,46.917208994273096,120,1,24.272000000000006,10.569999999999709,1762694244333,1762694244349,moderate,0.5,50.0,0.0,0,1,0.0,0,0,,,,,,
s2_rain_fade,RAIN_FADE,14,,300,2,19,ok,,,1,49.25741697661579,120,1,26.427,10.77599999999984,1762694244977,1762694244993,moderate,0.5,50.0,0.0,0,1,0.0,0,0,,,,,,
s2_rain_fade,RAIN_FADE,14,,300,2,20,ok,,,1,45.55895901285112,120,1,23.990999999999996,10.477999999999156,1762694245644,1762694245657,moderate,0.5,50.0,0.0,1,1,1.0,0,0,,,,,,
s2_rain_fade,RAIN_FADE,14,,300,2,21,ok,,,1,46.67025001253933,120,1,24.659999999999997,10.515999999999622,1762694246313,1762694246328,moderate,0.5,50.0,0.0,1,1,1.0,0,0,,,,,,
s2_rain_fade,RAIN_FADE,14,,300,2,22,preauth_failed,step4_wait,0,0,0.0,0,0,0.0,0.0,,,moderate,0.5,50.0,0.0,0,0,0.0,0,0,,,,,,
s2_rain_fade,RAIN_FADE,14,,300,2,23,ok,,,1,46.511624997947365,120,1,23.692999999999994,10.427999999998065,1762694252399,1762694252417,moderate,0.5,50.0,0.0,1,1,1.0,0,0,,,,,,
s2_rain_fade,RAIN_FADE,14,,300,2,24,ok,,,1,45.3702500090003,120,1,24.608000000000004,10.596999999999753,1762694253099,1762694253115,moderate,0.5,50.0,0.0,0,1,0.0,0,0,,,,,,
s2_rain_fade,RAIN_FADE,14,,300,2,25,ok,,,1,45.166875002905726,120,1,23.603,10.405000000000655,1762694253801,1762694253817,moderate,0.5,50.0,0.0,0,1,0.0,0,0,,,,,,
s2_rain_fade,RAIN_FADE,14,,300,2,26,ok,,,1,43.32512500695884,120,1,23.72399999999999,10.560999999999694,1762694254528,1762694254542,moderate,0.5,50.0,0.0,0,1,0.0,0,0,,,,,,
s2_rain_fade,RAIN_FADE,14,,300,2,27,ok,,,1,43.698167020920664,120,1,23.852999999999998,10.613999999999578,1762694255256,1762694255271,moderate,0.5,50.0,0.0,0,1,0.0,0,0,,,,,,
s2_rain_fade,RAIN_FADE,14,,300,2,28,ok,,,1,48.73466701246798,120,1,24.82,10.521999999999025,1762694255955,1762694255972,moderate,0.5,50.0,0.0,1,1,1.0,0,0,,,,,,
s2_rain_fade,RAIN_FADE,14,,300,2,29,ok,,,1,45.90741699212231,120,1,23.833000000000002,10.44300000000112,1762694256622,1762694256638,moderate,0.5,50.0,0.0,1,1,1.0,0,0,,,,,,
s2_rain_fade,RAIN_FADE,14,,300,2,30,ok,,,1,52.5032079895027,120,1,30.008999999999993,10.501000000000204,1762694257377,1762694257398,moderate,0.5,50.0,0.0,1,1,1.0,0,0,,,,,,
s2_rain_fade,RAIN_FADE,14,,300,2,31,ok,,,1,45.77012499794364,120,1,23.713,10.522999999999229,1762694258068,1762694258083,moderate,0.5,50.0,0.0,0,1,0.0,0,0,,,,,,
s2_rain_fade,RAIN_FADE,14,,300,2,32,ok,,,1,49.2140419955831,120,1,25.466,10.573999999998705,1762694258761,1762694258779,moderate,0.5,50.0,0.0,1,1,1.0,0,0,,,,,,
s2_rain_fade,RAIN_FADE,14,,300,2,33,ok,,,1,45.60329197556712,120,1,25.750999999999998,10.403000000000247,1762694259431,1762694259445,moderate,0.5,50.0,0.0,1,1,1.0,0,0,,,,,,
s2_rain_fade,RAIN_FADE,14,,300,2,34,preauth_failed,step4_wait,0,0,0.0,0,0,0.0,0.0,,,moderate,0.5,50.0,0.0,0,0,0.0,0,0,,,,,,
s2_rain_fade,RAIN_FADE,14,,300,2,35,ok,,,1,47.9041250073351,120,1,25.776999999999994,11.292999999999665,1762694265453,1762694265469,moderate,0.5,50.0,0.0,1,1,1.0,0,0,,,,,,
s2_rain_fade,RAIN_FADE,14,,300,2,36,ok,,,1,47.86579200299457,120,1,26.257000000000005,10.40900000000147,1762694266196,1762694266210,moderate,0.5,50.0,0.0,1,1,1.0,0,0,,,,,,
s2_rain_fade,RAIN_FADE,14,,300,2,37,ok,,,1,45.252875017467886,120,1,24.911,10.39600000000064,1762694266870,1762694266885,moderate,0.5,50.0,0.0,0,1,0.0,0,0,,,,,,
s2_rain_fade,RAIN_FADE,14,,300,2,38,ok,,,1,48.27487500733696,120,1,27.994,10.548999999999069,1762694267553,1762694267567,moderate,0.5,50.0,0.0,1,1,1.0,0,0,,,,,,
s2_rain_fade,RAIN_FADE,14,,300,2,39,ok,,,1,44.1708329890389,120,1,23.481000000000005,10.351000000000568,1762694268228,1762694268243,moderate,0.5,50.0,0.0,1,1,1.0,0,0,,,,,,
s2_rain_fade,RAIN_FADE,14,,300,2,40,ok,,,1,51.532666984712705,120,1,24.845999999999997,11.440999999998894,1762694268975,1762694268994,moderate,0.5,50.0,0.0,1,1,1.0,0,0,,,,,,
s2_rain_fade,RAIN_FADE,14,,300,2,41,ok,,,1,49.0078330039978,120,1,24.004000000000005,10.604000000001179,1762694269609,1762694269626,moderate,0.5,50.0,0.0,0,1,0.0,0,0,,,,,,
s2_rain_fade,RAIN_FADE,14,,300,2,42,ok,,,1,49.333916016621515,120,1,25.450999999999993,10.477999999999156,1762694270318,1762694270335,moderate,0.5,50.0,0.0,0,1,0.0,0,0,,,,,,
s2_rain_fade,RAIN_FADE,14,,300,2,43,ok,,,1,48.96750001353212,120,1,25.404000000000003,10.390000000001237,1762694271011,1762694271028,moderate,0.5,50.0,0.0,0,1,0.0,0,0,,,,,,
s2_rain_fade,RAIN_FADE,14,,300,2,44,ok,,,1,44.775874994229525,120,1,24.47099999999999,10.529000000000451,1762694271696,1762694271710,moderate,0.5,50.0,0.0,0,1,0.0,0,0,,,,,,
s2_rain_fade,RAIN_FADE,14,,300,2,45,ok,,,1,46.35974997654557,120,1,23.801000000000002,10.386000000002241,1762694272429,1762694272445,moderate,0.5,50.0,0.0,0,1,0.0,0,0,,,,,,
s2_rain_fade,RAIN_FADE,14,,300,2,46,ok,,,1,45.95124998013489,120,1,23.911,10.415000000000873,1762694273104,1762694273119,moderate,0.5,50.0,0.0,0,1,0.0,0,0,,,,,,
s2_rain_fade,RAIN_FADE,14,,300,2,47,ok,,,1,48.01812500227243,120,1,25.719,10.595999999999549,1762694273780,1762694273796,moderate,0.5,50.0,0.0,0,1,0.0,0,0,,,,,,
s2_rain_fade,RAIN_FADE,14,,300,2,48,ok,,,1,60.379415983334184,120,1,34.815,13.85200000000259,1762694274525,1762694274551,moderate,0.5,50.0,0.0,0,1,0.0,0,0,,,,,,
s2_rain_fade,RAIN_FADE,14,,300,2,49,ok,,,1,46.460249985102564,120,1,25.537,10.451999999999316,1762694275216,1762694275232,moderate,0.5,50.0,0.0,0,1,0.0,0,0,,,,,,
s2_rain_fade,RAIN_FADE,14,,300,2,50,ok,,,1,49.326709005981684,120,1,23.584,10.385000000000218,1762694275926,1762694275944,moderate,0.5,50.0,0.0,1,1,1.0,0,0,,,,,,
s2_rain_fade,RAIN_FADE,14,,300,2,51,ok,,,1,45.766582974465564,120,1,23.732999999999997,10.239999999999782,1762694276591,1762694276607,moderate,0.5,50.0,0.0,0,1,0.0,0,0,,,,,,
s2_rain_fade,RAIN_FADE,14,,300,2,52,ok,,,1,49.39233398181386,120,1,25.285999999999994,10.983000000000175,1762694277312,1762694277328,moderate,0.5,50.0,0.0,0,1,0.0,0,0,,,,,,
s2_rain_fade,RAIN_FADE,14,,300,2,53,ok,,,1,49.32133300462738,120,1,29.102000000000004,11.300999999999476,1762694278067,1762694278082,moderate,0.5,50.0,0.0,0,1,0.0,0,0,,,,,,
s2_rain_fade,RAIN_FADE,14,,300,2,54,ok,,,1,46.8902499997057,120,1,24.772999999999996,10.891999999999825,1762694278762,1762694278778,moderate,0.5,50.0,0.0,1,1,1.0,0,0,,,,,,
s2_rain_fade,RAIN_FADE,14,,300,2,55,ok,,,1,51.667666994035244,120,1,26.638999999999996,13.125999999996566,1762694279576,1762694279592,moderate,0.5,50.0,0.0,0,1,0.0,0,0,,,,,,
s2_rain_fade,RAIN_FADE,14,,300,2,56,ok,,,1,54.502875020261854,120,1,27.642999999999994,12.082000000000335,1762694280183,1762694280202,moderate,0.5,50.0,0.0,1,1,1.0,0,0,,,,,,
s2_rain_fade,RAIN_FADE,14,,300,2,57,ok,,,1,49.743874988052994,120,1,25.601999999999997,10.667999999999665,1762694280865,1762694280882,moderate,0.5,50.0,0.0,1,1,1.0,0,0,,,,,,
s2_rain_fade,RAIN_FADE,14,,300,2,58,ok,,,1,53.0068329826463,120,1,28.424999999999997,11.218000000000757,1762694281592,1762694281609,moderate,0.5,50.0,0.0,0,1,0.0,0,0,,,,,,
s2_rain_fade,RAIN_FADE,14,,300,2,59,ok,,,1,42.79425001004711,120,1,23.534000000000006,10.46099999999933,1762694282344,1762694282357,moderate,0.5,50.0,0.0,1,1,1.0,0,0,,,,,,
s2_rain_fade,RAIN_FADE,14,,300,2,60,ok,,,1,46.744958992348984,120,1,24.36999999999999,10.42200000000048,1762694283071,1762694283086,moderate,0.5,50.0,0.0,0,1,0.0,0,0,,,,,,
s2_rain_fade,RAIN_FADE,14,,300,2,61,ok,,,1,48.597791988868266,120,1,25.158,10.639999999999418,1762694283783,1762694283798,moderate,0.5,50.0,0.0,1,1,1.0,0,0,,,,,,
s2_rain_fade,RAIN_FADE,14,,300,2,62,preauth_failed,step4_wait,0,0,0.0,0,0,0.0,0.0,,,moderate,0.5,50.0,0.0,0,0,0.0,0,0,,,,,,
s2_rain_fade,RAIN_FADE,14,,300,2,63,ok,,,1,43.65729200071655,120,1,23.503999999999998,10.35899999999856,1762694289946,1762694289961,moderate,0.5,50.0,0.0,0,1,0.0,0,0,,,,,,
s2_rain_fade,RAIN_FADE,14,,300,2,64,ok,,,1,46.88516599708237,120,1,23.846,10.407000000001062,1762694290614,1762694290629,moderate,0.5,50.0,0.0,0,1,0.0,0,0,,,,,,
s2_rain_fade,RAIN_FADE,14,,300,2,65,ok,,,1,49.76633298792876,120,1,26.655,10.66899999999805,1762694291359,1762694291375,moderate,0.5,50.0,0.0,0,1,0.0,0,0,,,,,,
s2_rain_fade,RAIN_FADE,14,,300,2,66,ok,,,1,57.67604100401513,120,1,30.869,14.303999999998268,1762694292064,1762694292084,moderate,0.5,50.0,0.0,1,1,1.0,0,0,,,,,,
s2_rain_fade,RAIN_FADE,14,,300,2,67,preauth_failed,step4_wait,0,0,0.0,0,0,0.0,0.0,,,moderate,0.5,50.0,0.0,0,0,0.0,0,0,,,,,,
s2_rain_fade,RAIN_FADE,14,,300,2,68,ok,,,1,51.82308400981128,120,1,28.766,10.674000000000888,1762694298221,1762694298239,moderate,0.5,50.0,0.0,1,1,1.0,0,0,,,,,,
s2_rain_fade,RAIN_FADE,14,,300,2,69,ok,,,1,46.134915988659486,120,1,26.105000000000004,11.337999999999738,1762694298928,1762694298942,moderate,0.5,50.0,0.0,1,1,1.0,0,0,,,,,,
s2_rain_fade,RAIN_FADE,14,,300,2,70,preauth_failed,step4_wait,0,0,0.0,0,0,0.0,0.0,,,moderate,0.5,50.0,0.0,0,0,0.0,0,0,,,,,,
s2_rain_fade,RAIN_FADE,14,,300,2,71,ok,,,1,50.214540999149904,120,1,27.754000000000005,10.573999999998705,1762694305070,1762694305086,moderate,0.5,50.0,0.0,0,1,0.0,0,0,,,,,,
s2_rain_fade,RAIN_FADE,14,,300,2,72,ok,,,1,46.88725000596605,120,1,24.147999999999996,10.536000000000058,1762694305744,1762694305760,moderate,0.5,50.0,0.0,0,1,0.0,0,0,,,,,,
s2_rain_fade,RAIN_FADE,14,,300,2,73,ok,,,1,47.90741699980572,120,1,26.06,10.690999999998894,1762694306449,1762694306465,moderate,0.5,50.0,0.0,0,1,0.0,0,0,,,,,,
s2_rain_fade,RAIN_FADE,14,,300,2,74,ok,,,1,48.44670800957829,120,1,23.696999999999996,10.489999999999782,1762694307107,1762694307125,moderate,0.5,50.0,0.0,0,1,0.0,0,0,,,,,,
s2_rain_fade,RAIN_FADE,14,,300,2,75,ok,,,1,46.799917006865144,120,1,23.806000000000004,10.424000000000888,1762694307798,1762694307815,moderate,0.5,50.0,0.0,0,1,0.0,0,0,,,,,,
s2_rain_fade,RAIN_FADE,14,,300,2,76,ok,,,1,45.51191598875448,120,1,24.114999999999995,10.406999999999243,1762694308475,1762694308491,moderate,0.5,50.0,0.0,0,1,0.0,0,0,,,,,,
s2_rain_fade,RAIN_FADE,14,,300,2,77,ok,,,1,49.97220798395574,120,1,26.610999999999997,10.730999999999767,1762694309191,1762694309207,moderate,0.5,50.0,0.0,1,1,1.0,0,0,,,,,,
s2_rain_fade,RAIN_FADE,14,,300,2,78,ok,,,1,46.79416702128947,120,1,24.262999999999998,10.57799999999952,1762694309888,1762694309904,moderate,0.5,50.0,0.0,0,1,0.0,0,0,,,,,,
s2_rain_fade,RAIN_FADE,14,,300,2,79,ok,,,1,45.5700829916168,120,1,25.818999999999996,10.531999999999243,1762694310593,1762694310608,moderate,0.5,50.0,0.0,0,1,0.0,0,0,,,,,,
s2_rain_fade,RAIN_FADE,14,,300,2,80,ok,,,1,47.07374999998137,120,1,23.634999999999998,10.412999999998647,1762694311263,1762694311280,moderate,0.5,50.0,0.0,0,1,0.0,0,0,,,,,,
s2_rain_fade,RAIN_FADE,14,,300,2,81,ok,,,1,46.85924999648705,120,1,25.205,10.524999999999636,1762694311949,1762694311965,moderate,0.5,50.0,0.0,0,1,0.0,0,0,,,,,,
s2_rain_fade,RAIN_FADE,14,,300,2,82,ok,,,1,46.96545799379237,120,1,24.298,10.700000000000728,1762694312712,1762694312728,moderate,0.5,50.0,0.0,0,1,0.0,0,0,,,,,,
s2_rain_fade,RAIN_FADE,14,,300,2,83,ok,,,1,49.977082991972566,120,1,28.29,10.811999999999898,1762694313424,1762694313440,moderate,0.5,50.0,0.0,1,1,1.0,0,0,,,,,,
s2_rain_fade,RAIN_FADE,14,,300,2,84,ok,,,1,46.21554198092781,120,1,25.371000000000002,10.615999999999985,1762694314170,1762694314185,moderate,0.5,50.0,0.0,1,1,1.0,0,0,,,,,,
s2_rain_fade,RAIN_FADE,14,,300,2,85,ok,,,1,47.28999998769723,120,1,24.746,10.481999999998152,1762694314863,1762694314880,moderate,0.5,50.0,0.0,1,1,1.0,0,0,,,,,,
s2_rain_fade,RAIN_FADE,14,,300,2,86,ok,,,1,48.60774998087436,120,1,25.062999999999995,10.484000000000378,1762694315535,1762694315553,moderate,0.5,50.0,0.0,0,1,0.0,0,0,,,,,,
s2_rain_fade,RAIN_FADE,14,,300,2,87,ok,,,1,45.161499991081655,120,1,23.825,10.463999999999942,1762694316206,1762694316222,moderate,0.5,50.0,0.0,0,1,0.0,0,0,,,,,,
s2_rain_fade,RAIN_FADE,14,,300,2,88,ok,,,1,47.488334006629884,120,1,25.579,10.463999999998123,1762694316897,1762694316913,moderate,0.5,50.0,0.0,0,1,0.0,0,0,,,,,,
s2_rain_fade,RAIN_FADE,14,,300,2,89,ok,,,1,47.14408298605122,120,1,25.786999999999995,10.174000000000888,1762694317606,1762694317620,moderate,0.5,50.0,0.0,0,1,0.0,0,0,,,,,,
s2_rain_fade,RAIN_FADE,14,,300,2,90,ok,,,1,46.87191700213589,120,1,23.749000000000002,10.552999999999884,1762694318269,1762694318284,moderate,0.5,50.0,0.0,0,1,0.0,0,0,,,,,,
s2_rain_fade,RAIN_FADE,14,,300,2,91,ok,,,1,49.70712499925867,120,1,25.935999999999993,10.739999999997963,1762694319029,1762694319046,moderate,0.5,50.0,0.0,1,1,1.0,0,0,,,,,,
s2_rain_fade,RAIN_FADE,14,,300,2,92,ok,,,1,47.028415981912985,120,1,23.680999999999997,10.441000000000713,1762694319696,1762694319711,moderate,0.5,50.0,0.0,0,1,0.0,0,0,,,,,,
s2_rain_fade,RAIN_FADE,14,,300,2,93,ok,,,1,45.230791001813486,120,1,23.58,10.354000000001179,1762694320405,1762694320418,moderate,0.5,50.0,0.0,1,1,1.0,0,0,,,,,,
s2_rain_fade,RAIN_FADE,14,,300,2,94,preauth_failed,step4_wait,0,0,0.0,0,0,0.0,0.0,,,moderate,0.5,50.0,0.0,0,0,0.0,0,0,,,,,,
s2_rain_fade,RAIN_FADE,14,,300,2,95,ok,,,1,48.70350001147017,120,1,27.357,10.76299999999901,1762694326532,1762694326546,moderate,0.5,50.0,0.0,1,1,1.0,0,0,,,,,,
s2_rain_fade,RAIN_FADE,14,,300,2,96,ok,,,1,45.75720799039118,120,1,24.747999999999998,10.756999999999607,1762694327194,1762694327208,moderate,0.5,50.0,0.0,0,1,0.0,0,0,,,,,,
s2_rain_fade,RAIN_FADE,14,,300,2,97,ok,,,1,49.61708400514908,120,1,27.76700000000001,10.703999999997905,1762694327904,1762694327921,moderate,0.5,50.0,0.0,0,1,0.0,0,0,,,,,,
s2_rain_fade,RAIN_FADE,14,,300,2,98,preauth_failed,step4_wait,0,0,0.0,0,0,0.0,0.0,,,moderate,0.5,50.0,0.0,0,0,0.0,0,0,,,,,,
s2_rain_fade,RAIN_FADE,14,,300,2,99,ok,,,1,43.2832509977743,120,1,24.407000000000004,10.347000000001572,1762694334031,1762694334045,moderate,0.5,50.0,0.0,1,1,1.0,0,0,,,,,,
s2_rain_fade,RAIN_FADE,14,,300,2,100,ok,,,1,46.91304199513979,120,1,24.459999999999997,10.921999999998661,1762694334740,1762694334756,moderate,0.5,50.0,0.0,1,1,1.0,0,0,,,,,,
s2_rain_fade,RAIN_FADE,14,,300,2,101,ok,,,1,44.42495800321922,120,1,23.470999999999997,10.613000000001193,1762694335448,1762694335462,moderate,0.5,50.0,0.0,0,1,0.0,0,0,,,,,,
s2_rain_fade,RAIN_FADE,14,,300,2,102,ok,,,1,49.571000010473654,120,1,25.776000000000003,10.662999999998647,1762694336159,1762694336177,moderate,0.5,50.0,0.0,1,1,1.0,0,0,,,,,,
s2_rain_fade,RAIN_FADE,14,,300,2,103,preauth_failed,step4_wait,0,0,0.0,0,0,0.0,0.0,,,moderate,0.5,50.0,0.0,0,0,0.0,0,0,,,,,,
s2_rain_fade,RAIN_FADE,14,,300,2,104,ok,,,1,51.270458003273234,120,1,26.538,10.38299999999981,1762694342338,1762694342356,moderate,0.5,50.0,0.0,0,1,0.0,0,0,,,,,,
s2_rain_fade,RAIN_FADE,14,,300,2,105,ok,,,1,46.33770801592618,120,1,24.341000000000008,10.461999999999534,1762694343022,1762694343038,moderate,0.5,50.0,0.0,0,1,0.0,0,0,,,,,,
s2_rain_fade,RAIN_FADE,14,,300,2,106,ok,,,1,48.922874993877485,120,1,23.442,10.527000000001863,1762694343715,1762694343733,moderate,0.5,50.0,0.0,0,1,0.0,0,0,,,,,,
s2_rain_fade,RAIN_FADE,14,,300,2,107,ok,,,1,43.5952499974519,120,1,24.29800000000001,10.54700000000048,1762694344464,1762694344478,moderate,0.5,50.0,0.0,0,1,0.0,0,0,,,,,,
s2_rain_fade,RAIN_FADE,14,,300,2,108,ok,,,1,47.20741699566133,120,1,25.152,10.49199999999837,1762694345165,1762694345179,moderate,0.5,50.0,0.0,1,1,1.0,0,0,,,,,,
s2_rain_fade,RAIN_FADE,14,,300,2,109,ok,,,1,44.67083400231786,120,1,24.929000000000002,10.514000000001033,1762694345841,1762694345855,moderate,0.5,50.0,0.0,0,1,0.0,0,0,,,,,,
s2_rain_fade,RAIN_FADE,14,,300,2,110,ok,,,1,45.53704199497588,120,1,24.098999999999997,10.314000000000306,1762694346510,1762694346524,moderate,0.5,50.0,0.0,1,1,1.0,0,0,,,,,,
s2_rain_fade,RAIN_FADE,14,,300,2,111,ok,,,1,46.18962499080226,120,1,23.66599999999999,10.59400000000096,1762694347204,1762694347219,moderate,0.5,50.0,0.0,0,1,0.0,0,0,,,,,,
s2_rain_fade,RAIN_FADE,14,,300,2,112,ok,,,1,46.383249980863184,120,1,23.723999999999997,10.095999999999549,1762694347895,1762694347912,moderate,0.5,50.0,0.0,0,1,0.0,0,0,,,,,,
s2_rain_fade,RAIN_FADE,14,,300,2,113,ok,,,1,44.39320901292376,120,1,24.070999999999998,10.53899999999885,1762694348628,1762694348641,moderate,0.5,50.0,0.0,0,1,0.0,0,0,,,,,,
s2_rain_fade,RAIN_FADE,14,,300,2,114,ok,,,1,44.88012500223704,120,1,23.912999999999997,10.320000000001528,1762694349298,1762694349312,moderate,0.5,50.0,0.0,1,1,1.0,0,0,,,,,,
s2_rain_fade,RAIN_FADE,14,,300,2,115,ok,,,1,45.75562497484498,120,1,23.512999999999998,10.707000000002154,1762694350001,1762694350017,moderate,0.5,50.0,0.0,1,1,1.0,0,0,,,,,,
s2_rain_fade,RAIN_FADE,14,,300,2,116,ok,,,1,45.68845801986754,120,1,23.802999999999997,10.554000000000087,1762694350676,1762694350692,moderate,0.5,50.0,0.0,0,1,0.0,0,0,,,,,,
s2_rain_fade,RAIN_FADE,14,,300,2,117,ok,,,1,46.57470900565386,120,1,23.951999999999998,10.406999999999243,1762694351357,1762694351374,moderate,0.5,50.0,0.0,0,1,0.0,0,0,,,,,,
s2_rain_fade,RAIN_FADE,14,,300,2,118,ok,,,1,53.55020801653154,120,1,30.820999999999998,11.016999999999825,1762694352039,1762694352058,moderate,0.5,50.0,0.0,0,1,0.0,0,0,,,,,,
s2_rain_fade,RAIN_FADE,14,,300,2,119,ok,,,1,45.696624991251156,120,1,23.882000000000005,10.35899999999856,1762694352746,1762694352762,moderate,0.5,50.0,0.0,0,1,0.0,0,0,,,,,,
s2_rain_fade,RAIN_FADE,14,,300,2,120,ok,,,1,48.30079199746251,120,1,26.561999999999998,10.610999999998967,1762694353482,1762694353497,moderate,0.5,50.0,0.0,0,1,0.0,0,0,,,,,,
s2_rain_fade,RAIN_FADE,14,,300,2,121,ok,,,1,45.71262502577156,120,1,25.708000000000006,10.347999999999956,1762694354157,1762694354171,moderate,0.5,50.0,0.0,0,1,0.0,0,0,,,,,,
s2_rain_fade,RAIN_FADE,14,,300,2,122,ok,,,1,47.51033300999552,120,1,23.682999999999996,10.337999999997919,1762694354857,1762694354874,moderate,0.5,50.0,0.0,1,1,1.0,0,0,,,,,,
s2_rain_fade,RAIN_FADE,14,,300,2,123,preauth_failed,step4_wait,0,0,0.0,0,0,0.0,0.0,,,moderate,0.5,50.0,0.0,0,0,0.0,0,0,,,,,,
s2_rain_fade,RAIN_FADE,14,,300,2,124,ok,,,1,43.330833985237405,120,1,23.830999999999996,10.460000000000946,1762694360977,1762694360991,moderate,0.5,50.0,0.0,0,1,0.0,0,0,,,,,,
s2_rain_fade,RAIN_FADE,14,,300,2,125,ok,,,1,50.84233300294727,120,1,26.531,10.563000000000102,1762694361646,1762694361664,moderate,0.5,50.0,0.0,0,1,0.0,0,0,,,,,,
s2_rain_fade,RAIN_FADE,14,,300,2,126,ok,,,1,52.25904201506637,120,1,28.205000000000005,11.453999999999724,1762694362359,1762694362375,moderate,0.5,50.0,0.0,0,1,0.0,0,0,,,,,,
s2_rain_fade,RAIN_FADE,14,,300,2,127,ok,,,1,47.4734159943182,120,1,26.973999999999997,10.854000000001179,1762694362989,1762694363002,moderate,0.5,50.0,0.0,0,1,0.0,0,0,,,,,,
s2_rain_fade,RAIN_FADE,14,,300,2,128,ok,,,1,49.53575000399724,120,1,25.652000000000005,10.41400000000067,1762694363704,1762694363723,moderate,0.5,50.0,0.0,1,1,1.0,0,0,,,,,,
s2_rain_fade,RAIN_FADE,14,,300,2,129,preauth_failed,step4_wait,0,0,0.0,0,0,0.0,0.0,,,moderate,0.5,50.0,0.0,0,0,0.0,0,0,,,,,,
s2_rain_fade,RAIN_FADE,14,,300,2,130,preauth_failed,step4_wait,0,0,0.0,0,0,0.0,0.0,,,moderate,0.5,50.0,0.0,0,0,0.0,0,0,,,,,,
s2_rain_fade,RAIN_FADE,14,,300,2,131,ok,,,1,44.860541995149106,120,1,24.414,10.405000000000655,1762694375102,1762694375117,moderate,0.5,50.0,0.0,0,1,0.0,0,0,,,,,,
s2_rain_fade,RAIN_FADE,14,,300,2,132,ok,,,1,46.56550000072457,120,1,23.753999999999998,10.689000000002125,1762694375828,1762694375843,moderate,0.5,50.0,0.0,1,1,1.0,0,0,,,,,,
s2_rain_fade,RAIN_FADE,14,,300,2,133,ok,,,1,51.3503749971278,120,1,27.228999999999992,10.777000000000044,1762694376523,1762694376540,moderate,0.5,50.0,0.0,0,1,0.0,0,0,,,,,,
s2_rain_fade,RAIN_FADE,14,,300,2,134,ok,,,1,52.08824999863282,120,1,31.32,10.637000000000626,1762694377235,1762694377250,moderate,0.5,50.0,0.0,0,1,0.0,0,0,,,,,,
s2_rain_fade,RAIN_FADE,14,,300,2,135,ok,,,1,52.87400001543574,120,1,28.564000000000014,10.89600000000064,1762694377929,1762694377946,moderate,0.5,50.0,0.0,0,1,0.0,0,0,,,,,,
s2_rain_fade,RAIN_FADE,14,,300,2,136,ok,,,1,47.501583001576364,120,1,27.383000000000003,10.68999999999869,1762694378680,1762694378695,moderate,0.5,50.0,0.0,0,1,0.0,0,0,,,,,,
s2_rain_fade,RAIN_FADE,14,,300,2,137,ok,,,1,49.27424999186769,120,1,27.011,10.554999999998472,1762694379349,1762694379365,moderate,0.5,50.0,0.0,0,1,0.0,0,0,,,,,,
s2_rain_fade,RAIN_FADE,14,,300,2,138,ok,,,1,47.51170802046545,120,1,26.273000000000003,10.708000000000538,1762694380057,1762694380072,moderate,0.5,50.0,0.0,1,1,1.0,0,0,,,,,,
s2_rain_fade,RAIN_FADE,14,,300,2,139,preauth_failed,step4_wait,0,0,0.0,0,0,0.0,0.0,,,moderate,0.5,50.0,0.0,0,0,0.0,0,0,,,,,,
s2_rain_fade,RAIN_FADE,14,,300,2,140,ok,,,1,49.63370901532471,120,1,26.730000000000004,11.374999999998181,1762694386139,1762694386155,moderate,0.5,50.0,0.0,0,1,0.0,0,0,,,,,,
s2_rain_fade,RAIN_FADE,14,,300,2,141,ok,,,1,44.230458996025845,120,1,23.833,10.528000000000247,1762694386801,1762694386815,moderate,0.5,50.0,0.0,0,1,0.0,0,0,,,,,,
s2_rain_fade,RAIN_FADE,14,,300,2,142,ok,,,1,43.83179100113921,120,1,24.465999999999994,10.567000000000917,1762694387479,1762694387493,moderate,0.5,50.0,0.0,1,1,1.0,0,0,,,,,,
s2_rain_fade,RAIN_FADE,14,,300,2,143,ok,,,1,48.26725000748411,120,1,24.432999999999993,10.800000000001091,1762694388161,1762694388179,moderate,0.5,50.0,0.0,0,1,0.0,0,0,,,,,,
s2_rain_fade,RAIN_FADE,14,,300,2,144,ok,,,1,50.05125000025146,120,1,26.823999999999998,10.646999999999025,1762694388919,1762694388935,moderate,0.5,50.0,0.0,1,1,1.0,0,0,,,,,,
s2_rain_fade,RAIN_FADE,14,,300,2,145,ok,,,1,49.549999996088445,120,1,26.804999999999993,10.750999999998385,1762694389679,1762694389696,moderate,0.5,50.0,0.0,1,1,1.0,0,0,,,,,,
s2_rain_fade,RAIN_FADE,14,,300,2,146,ok,,,1,46.50458399555646,120,1,25.046999999999997,10.843000000000757,1762694390341,1762694390356,moderate,0.5,50.0,0.0,0,1,0.0,0,0,,,,,,
s2_rain_fade,RAIN_FADE,14,,300,2,147,ok,,,1,46.16724999505095,120,1,24.125,10.792999999999665,1762694391054,1762694391069,moderate,0.5,50.0,0.0,0,1,0.0,0,0,,,,,,
s2_rain_fade,RAIN_FADE,14,,300,2,148,ok,,,1,50.45116602559574,120,1,27.137,10.66099999999824,1762694391743,1762694391759,moderate,0.5,50.0,0.0,0,1,0.0,0,0,,,,,,
s2_rain_fade,RAIN_FADE,14,,300,2,149,ok,,,1,47.12479098816402,120,1,24.046,10.593000000000757,1762694392445,1762694392462,moderate,0.5,50.0,0.0,1,1,1.0,0,0,,,,,,
s2_rain_fade,RAIN_FADE,14,,300,2,150,ok,,,1,55.10929200681858,120,1,25.404999999999998,11.272999999999229,1762694393116,1762694393133,moderate,0.5,50.0,0.0,1,1,1.0,0,0,,,,,,
s2_rain_fade,RAIN_FADE,14,,300,2,151,ok,,,1,49.784083996200934,120,1,26.641000000000005,10.680999999998676,1762694393836,1762694393853,moderate,0.5,50.0,0.0,1,1,1.0,0,0,,,,,,
s2_rain_fade,RAIN_FADE,14,,300,2,152,ok,,,1,47.285167005611584,120,1,23.971000000000004,10.501000000002023,1762694394532,1762694394548,moderate,0.5,50.0,0.0,1,1,1.0,0,0,,,,,,
s2_rain_fade,RAIN_FADE,14,,300,2,153,preauth_failed,step4_wait,0,0,0.0,0,0,0.0,0.0,,,moderate,0.5,50.0,0.0,0,0,0.0,0,0,,,,,,
s2_rain_fade,RAIN_FADE,14,,300,2,154,ok,,,1,44.96425000252202,120,1,23.929999999999993,10.468000000000757,1762694400596,1762694400610,moderate,0.5,50.0,0.0,1,1,1.0,0,0,,,,,,
s2_rain_fade,RAIN_FADE,14,,300,2,155,ok,,,1,50.95141701167449,120,1,27.473999999999997,10.83299999999872,1762694401268,1762694401283,moderate,0.5,50.0,0.0,0,1,0.0,0,0,,,,,,
s2_rain_fade,RAIN_FADE,14,,300,2,156,ok,,,1,47.73291700985283,120,1,24.057,10.640999999999622,1762694401925,1762694401943,moderate,0.5,50.0,0.0,0,1,0.0,0,0,,,,,,
s2_rain_fade,RAIN_FADE,14,,300,2,157,ok,,,1,45.13516600127332,120,1,23.848,10.399999999999636,1762694402666,1762694402680,moderate,0.5,50.0,0.0,0,1,0.0,0,0,,,,,,
s2_rain_fade,RAIN_FADE,14,,300,2,158,ok,,,1,49.270916992099956,120,1,25.861000000000004,10.572999999998501,1762694403380,1762694403396,moderate,0.5,50.0,0.0,0,1,0.0,0,0,,,,,,
s2_rain_fade,RAIN_FADE,14,,300,2,159,ok,,,1,49.78945801849477,120,1,24.283,12.98699999999917,1762694404121,1762694404137,moderate,0.5,50.0,0.0,1,1,1.0,0,0,,,,,,
s2_rain_fade,RAIN_FADE,14,,300,2,160,preauth_failed,step4_wait,0,0,0.0,0,0,0.0,0.0,,,moderate,0.5,50.0,0.0,0,0,0.0,0,0,,,,,,
s2_rain_fade,RAIN_FADE,14,,300,2,161,ok,,,1,50.3714999940712,120,1,28.061000000000007,10.976000000000568,1762694410214,1762694410231,moderate,0.5,50.0,0.0,0,1,0.0,0,0,,,,,,
s2_rain_fade,RAIN_FADE,14,,300,2,162,ok,,,1,47.59575001662597,120,1,24.396,10.516999999998006,1762694410958,1762694410974,moderate,0.5,50.0,0.0,1,1,1.0,0,0,,,,,,
s2_rain_fade,RAIN_FADE,14,,300,2,163,ok,,,1,50.420874991687015,120,1,26.74300000000001,10.64100000000144,1762694411698,1762694411714,moderate,0.5,50.0,0.0,0,1,0.0,0,0,,,,,,
s2_rain_fade,RAIN_FADE,14,,300,2,164,ok,,,1,50.853584019932896,120,1,27.933999999999997,11.100000000002183,1762694412415,1762694412431,moderate,0.5,50.0,0.0,0,1,0.0,0,0,,,,,,
s2_rain_fade,RAIN_FADE,14,,300,2,165,ok,,,1,50.763667008141056,120,1,27.693000000000005,10.498999999999796,1762694413141,1762694413159,moderate,0.5,50.0,0.0,0,1,0.0,0,0,,,,,,
s2_rain_fade,RAIN_FADE,14,,300,2,166,ok,,,1,51.290375005919486,120,1,28.089000000000006,10.941999999999098,1762694413834,1762694413849,moderate,0.5,50.0,0.0,0,1,0.0,0,0,,,,,,
s2_rain_fade,RAIN_FADE,14,,300,2,167,ok,,,1,52.454874996328726,120,1,26.519,10.973999999998341,1762694414523,1762694414541,moderate,0.5,50.0,0.0,1,1,1.0,0,0,,,,,,
s2_rain_fade,RAIN_FADE,14,,300,2,168,ok,,,1,57.3402080044616,120,1,27.772000000000006,17.64599999999882,1762694415316,1762694415332,moderate,0.5,50.0,0.0,0,1,0.0,0,0,,,,,,
s2_rain_fade,RAIN_FADE,14,,300,2,169,ok,,,1,46.76712502259761,120,1,25.397000000000006,10.382000000001426,1762694416061,1762694416076,moderate,0.5,50.0,0.0,0,1,0.0,0,0,,,,,,
s2_rain_fade,RAIN_FADE,14,,300,2,170,ok,,,1,47.823250002693385,120,1,26.686999999999998,10.269000000000233,1762694416729,1762694416745,moderate,0.5,50.0,0.0,0,1,0.0,0,0,,,,,,
s2_rain_fade,RAIN_FADE,14,,300,2,171,ok,,,1,51.993458007927984,120,1,28.451999999999998,11.006999999999607,1762694417422,1762694417437,moderate,0.5,50.0,0.0,0,1,0.0,0,0,,,,,,
s2_rain_fade,RAIN_FADE,14,,300,2,172,ok,,,1,49.63870800565928,120,1,23.821,10.566000000000713,1762694418113,1762694418132,moderate,0.5,50.0,0.0,0,1,0.0,0,0,,,,,,
s2_rain_fade,RAIN_FADE,14,,300,2,173,ok,,,1,44.14437498780899,120,1,23.435000000000002,10.48699999999917,1762694418820,1762694418835,moderate,0.5,50.0,0.0,0,1,0.0,0,0,,,,,,
s2_rain_fade,RAIN_FADE,14,,300,2,174,ok,,,1,46.750125009566545,120,1,24.045,10.316000000002532,1762694419521,1762694419538,moderate,0.5,50.0,0.0,0,1,0.0,0,0,,,,,,
s2_rain_fade,RAIN_FADE,14,,300,2,175,ok,,,1,50.63549999613315,120,1,27.447000000000003,10.56500000000051,1762694420255,1762694420271,moderate,0.5,50.0,0.0,0,1,0.0,0,0,,,,,,
s2_rain_fade,RAIN_FADE,14,,300,2,176,ok,,,1,49.825499998405576,120,1,26.347999999999992,10.41400000000067,1762694420970,1762694420987,moderate,0.5,50.0,0.0,1,1,1.0,0,0,,,,,,
s2_rain_fade,RAIN_FADE,14,,300,2,177,ok,,,1,48.86854099459015,120,1,26.646,10.635999999998603,1762694421630,1762694421646,moderate,0.5,50.0,0.0,1,1,1.0,0,0,,,,,,
s2_rain_fade,RAIN_FADE,14,,300,2,178,ok,,,1,46.71374999452382,120,1,23.55199999999999,10.394999999998618,1762694422360,1762694422377,moderate,0.5,50.0,0.0,0,1,0.0,0,0,,,,,,
s2_rain_fade,RAIN_FADE,14,,300,2,179,ok,,,1,46.05462498147972,120,1,24.818000000000005,10.88800000000083,1762694423036,1762694423051,moderate,0.5,50.0,0.0,0,1,0.0,0,0,,,,,,
s2_rain_fade,RAIN_FADE,14,,300,2,180,ok,,,1,49.70075000892393,120,1,26.18,10.675999999999476,1762694423770,1762694423787,moderate,0.5,50.0,0.0,0,1,0.0,0,0,,,,,,
s2_rain_fade,RAIN_FADE,14,,300,2,181,ok,,,1,46.91375000402331,120,1,23.97500000000001,10.641999999999825,1762694424516,1762694424533,moderate,0.5,50.0,0.0,0,1,0.0,0,0,,,,,,
s2_rain_fade,RAIN_FADE,14,,300,2,182,ok,,,1,47.171957994578406,120,1,23.86,10.453999999999724,1762694425253,1762694425270,moderate,0.5,50.0,0.0,0,1,0.0,0,0,,,,,,
s2_rain_fade,RAIN_FADE,14,,300,2,183,ok,,,1,46.6857080173213,120,1,25.351000000000006,10.312000000001717,1762694425937,1762694425952,moderate,0.5,50.0,0.0,1,1,1.0,0,0,,,,,,
s2_rain_fade,RAIN_FADE,14,,300,2,184,ok,,,1,48.81666699657217,120,1,26.35,10.602000000000771,1762694426642,1762694426657,moderate,0.5,50.0,0.0,0,1,0.0,0,0,,,,,,
s2_rain_fade,RAIN_FADE,14,,300,2,185,ok,,,1,51.07741698157042,120,1,27.273000000000003,10.816000000000713,1762694427357,1762694427375,moderate,0.5,50.0,0.0,1,1,1.0,0,0,,,,,,
s2_rain_fade,RAIN_FADE,14,,300,2,186,ok,,,1,47.62995900819078,120,1,26.458999999999996,10.443999999999505,1762694428067,1762694428082,moderate,0.5,50.0,0.0,0,1,0.0,0,0,,,,,,
s2_rain_fade,RAIN_FADE,14,,300,2,187,preauth_failed,step4_wait,0,0,0.0,0,0,0.0,0.0,,,moderate,0.5,50.0,0.0,0,0,0.0,0,0,,,,,,
s2_rain_fade,RAIN_FADE,14,,300,2,188,ok,,,1,52.05991698312573,120,1,27.049000000000007,10.451999999999316,1762694434194,1762694434212,moderate,0.5,50.0,0.0,1,1,1.0,0,0,,,,,,
s2_rain_fade,RAIN_FADE,14,,300,2,189,ok,,,1,78.95666698459536,120,1,54.93900000000001,11.639000000001033,1762694434895,1762694434910,moderate,0.5,50.0,0.0,0,1,0.0,0,0,,,,,,
s2_rain_fade,RAIN_FADE,14,,300,2,190,ok,,,1,46.76537500927225,120,1,24.97,10.882000000001426,1762694435651,1762694435667,moderate,0.5,50.0,0.0,1,1,1.0,0,0,,,,,,
s2_rain_fade,RAIN_FADE,14,,300,2,191,ok,,,1,46.144082996761426,120,1,23.795,10.489999999999782,1762694436355,1762694436372,moderate,0.5,50.0,0.0,0,1,0.0,0,0,,,,,,
s2_rain_fade,RAIN_FADE,14,,300,2,192,ok,,,1,45.183374983025715,120,1,23.696999999999996,10.305000000000291,1762694437086,1762694437100,moderate,0.5,50.0,0.0,0,1,0.0,0,0,,,,,,
s2_rain_fade,RAIN_FADE,14,,300,2,193,ok,,,1,46.8627079972066,120,1,25.00999999999999,10.490999999999985,1762694437792,1762694437807,moderate,0.5,50.0,0.0,0,1,0.0,0,0,,,,,,
s2_rain_fade,RAIN_FADE,14,,300,2,194,ok,,,1,46.95212497608736,120,1,24.223,10.972999999999956,1762694438508,1762694438524,moderate,0.5,50.0,0.0,1,1,1.0,0,0,,,,,,
s2_rain_fade,RAIN_FADE,14,,300,2,195,ok,,,1,46.695665980223566,120,1,24.243999999999993,10.523999999999432,1762694439223,1762694439239,moderate,0.5,50.0,0.0,0,1,0.0,0,0,,,,,,
s2_rain_fade,RAIN_FADE,14,,300,2,196,ok,,,1,50.00625000684522,120,1,26.031,10.764999999999418,1762694439928,1762694439945,moderate,0.5,50.0,0.0,0,1,0.0,0,0,,,,,,
s2_rain_fade,RAIN_FADE,14,,300,2,197,ok,,,1,47.10816702572629,120,1,25.075000000000003,11.139999999999418,1762694440596,1762694440611,moderate,0.5,50.0,0.0,0,1,0.0,0,0,,,,,,
s2_rain_fade,RAIN_FADE,14,,300,2,198,preauth_failed,step4_wait,0,0,0.0,0,0,0.0,0.0,,,moderate,0.5,50.0,0.0,0,0,0.0,0,0,,,,,,
s2_rain_fade,RAIN_FADE,14,,300,2,199,ok,,,1,48.78845898201689,120,1,27.88899999999999,10.996000000001004,1762694446644,1762694446658,moderate,0.5,50.0,0.0,0,1,0.0,0,0,,,,,,
s2_rain_fade,RAIN_FADE,14,,300,2,200,ok,,,1,47.02404100680724,120,1,23.915,10.665000000000873,1762694447334,1762694447350,moderate,0.5,50.0,0.0,0,1,0.0,0,0,,,,,,
s2_rain_fade,RAIN_FADE,14,,300,2,201,ok,,,1,45.94724997878075,120,1,24.432000000000002,10.260000000000218,1762694448011,1762694448026,moderate,0.5,50.0,0.0,0,1,0.0,0,0,,,,,,
s2_rain_fade,RAIN_FADE,14,,300,2,202,ok,,,1,49.22533399076201,120,1,24.107999999999997,10.55999999999949,1762694448656,1762694448674,moderate,0.5,50.0,0.0,1,1,1.0,0,0,,,,,,
s2_rain_fade,RAIN_FADE,14,,300,2,203,ok,,,1,53.111584013095126,120,1,27.645000000000003,11.131000000001222,1762694449334,1762694449352,moderate,0.5,50.0,0.0,1,1,1.0,0,0,,,,,,
s2_rain_fade,RAIN_FADE,14,,300,2,204,preauth_failed,step4_wait,0,0,0.0,0,0,0.0,0.0,,,moderate,0.5,50.0,0.0,0,0,0.0,0,0,,,,,,
s2_rain_fade,RAIN_FADE,14,,300,2,205,ok,,,1,48.327957978472114,120,1,24.650999999999996,10.64100000000144,1762694455446,1762694455462,moderate,0.5,50.0,0.0,1,1,1.0,0,0,,,,,,
s2_rain_fade,RAIN_FADE,14,,300,2,206,ok,,,1,48.95879200194031,120,1,24.432000000000002,10.543999999999869,1762694456183,1762694456200,moderate,0.5,50.0,0.0,0,1,0.0,0,0,,,,,,
s2_rain_fade,RAIN_FADE,14,,300,2,207,ok,,,1,43.46645800978877,120,1,23.764000000000003,10.305999999998676,1762694456868,1762694456881,moderate,0.5,50.0,0.0,1,1,1.0,0,0,,,,,,
s2_rain_fade,RAIN_FADE,14,,300,2,208,ok,,,1,45.08812498534098,120,1,24.831000000000003,10.536000000000058,1762694457610,1762694457624,moderate,0.5,50.0,0.0,0,1,0.0,0,0,,,,,,
s2_rain_fade,RAIN_FADE,14,,300,2,209,ok,,,1,49.85199999646284,120,1,28.815000000000012,10.97899999999936,1762694458338,1762694458352,moderate,0.5,50.0,0.0,0,1,0.0,0,0,,,,,,
s2_rain_fade,RAIN_FADE,14,,300,2,210,ok,,,1,46.64324998157099,120,1,24.516000000000005,10.778000000000247,1762694459004,1762694459021,moderate,0.5,50.0,0.0,0,1,0.0,0,0,,,,,,
s2_rain_fade,RAIN_FADE,14,,300,2,211,ok,,,1,48.02745798951946,120,1,26.683,10.766999999999825,1762694459703,1762694459718,moderate,0.5,50.0,0.0,1,1,1.0,0,0,,,,,,
s2_rain_fade,RAIN_FADE,14,,300,2,212,ok,,,1,48.01758300163783,120,1,25.718999999999994,10.511000000002241,1762694460390,1762694460405,moderate,0.5,50.0,0.0,1,1,1.0,0,0,,,,,,
s2_rain_fade,RAIN_FADE,14,,300,2,213,ok,,,1,46.45824999897741,120,1,25.556999999999995,11.372999999999593,1762694461119,1762694461133,moderate,0.5,50.0,0.0,0,1,0.0,0,0,,,,,,
s2_rain_fade,RAIN_FADE,14,,300,2,214,ok,,,1,50.334750005276874,120,1,25.127000000000002,13.501999999998588,1762694461831,1762694461847,moderate,0.5,50.0,0.0,1,1,1.0,0,0,,,,,,
s2_rain_fade,RAIN_FADE,14,,300,2,215,ok,,,1,48.07799999252893,120,1,24.823000000000008,10.858000000000175,1762694462507,1762694462523,moderate,0.5,50.0,0.0,0,1,0.0,0,0,,,,,,
s2_rain_fade,RAIN_FADE,14,,300,2,216,ok,,,1,44.85549998935312,120,1,24.032000000000004,10.397999999999229,1762694463219,1762694463232,moderate,0.5,50.0,0.0,1,1,1.0,0,0,,,,,,
s2_rain_fade,RAIN_FADE,14,,300,2,217,ok,,,1,44.751000008545816,120,1,23.208,10.369999999998981,1762694463908,1762694463924,moderate,0.5,50.0,0.0,0,1,0.0,0,0,,,,,,
s2_rain_fade,RAIN_FADE,14,,300,2,218,ok,,,1,45.74191599385813,120,1,23.578000000000003,10.663000000000466,1762694464653,1762694464668,moderate,0.5,50.0,0.0,1,1,1.0,0,0,,,,,,
s2_rain_fade,RAIN_FADE,14,,300,2,219,ok,,,1,47.11920898989774,120,1,25.484,10.824000000000524,1762694465351,1762694465366,moderate,0.5,50.0,0.0,0,1,0.0,0,0,,,,,,
s2_rain_fade,RAIN_FADE,14,,300,2,220,ok,,,1,50.55016599362716,120,1,25.09299999999999,10.382999999997992,1762694466028,1762694466047,moderate,0.5,50.0,0.0,0,1,0.0,0,0,,,,,,
s2_rain_fade,RAIN_FADE,14,,300,2,221,ok,,,1,45.85174997919239,120,1,24.738000000000007,10.282000000001062,1762694466730,1762694466743,moderate,0.5,50.0,0.0,0,1,0.0,0,0,,,,,,
s2_rain_fade,RAIN_FADE,14,,300,2,222,ok,,,1,44.7577910090331,120,1,23.717,10.454999999999927,1762694467452,1762694467467,moderate,0.5,50.0,0.0,0,1,0.0,0,0,,,,,,
s2_rain_fade,RAIN_FADE,14,,300,2,223,ok,,,1,45.77641698415391,120,1,24.140000000000004,10.36200000000099,1762694468246,1762694468261,moderate,0.5,50.0,0.0,0,1,0.0,0,0,,,,,,
s2_rain_fade,RAIN_FADE,14,,300,2,224,ok,,,1,52.08641599165276,120,1,26.192,10.610000000000582,1762694468943,1762694468962,moderate,0.5,50.0,0.0,0,1,0.0,0,0,,,,,,
s2_rain_fade,RAIN_FADE,14,,300,2,225,ok,,,1,49.29254201124422,120,1,25.863,10.531000000000859,1762694469627,1762694469643,moderate,0.5,50.0,0.0,0,1,0.0,0,0,,,,,,
s2_rain_fade,RAIN_FADE,14,,300,2,226,ok,,,1,44.97008299222216,120,1,24.001000000000005,10.434999999997672,1762694470348,1762694470362,moderate,0.5,50.0,0.0,0,1,0.0,0,0,,,,,,
s2_rain_fade,RAIN_FADE,14,,300,2,227,ok,,,1,48.20916600874625,120,1,23.902000000000008,10.59900000000016,1762694471061,1762694471078,moderate,0.5,50.0,0.0,0,1,0.0,0,0,,,,,,
s2_rain_fade,RAIN_FADE,14,,300,2,228,ok,,,1,44.01908299769275,120,1,24.101,10.21099999999933,1762694471708,1762694471723,moderate,0.5,50.0,0.0,0,1,0.0,0,0,,,,,,
s2_rain_fade,RAIN_FADE,14,,300,2,229,ok,,,1,47.00925000361167,120,1,23.598,10.48399999999856,1762694472436,1762694472452,moderate,0.5,50.0,0.0,0,1,0.0,0,0,,,,,,
s2_rain_fade,RAIN_FADE,14,,300,2,230,ok,,,1,46.031792007852346,120,1,24.587999999999994,11.220999999999549,1762694473153,1762694473168,moderate,0.5,50.0,0.0,0,1,0.0,0,0,,,,,,
s2_rain_fade,RAIN_FADE,14,,300,2,231,ok,,,1,48.458625009516254,120,1,26.522,10.626000000000204,1762694473859,1762694473874,moderate,0.5,50.0,0.0,1,1,1.0,0,0,,,,,,
s2_rain_fade,RAIN_FADE,14,,300,2,232,ok,,,1,58.16758397850208,120,1,28.022000000000002,15.489999999999782,1762694474562,1762694474578,moderate,0.5,50.0,0.0,0,1,0.0,0,0,,,,,,
s2_rain_fade,RAIN_FADE,14,,300,2,233,ok,,,1,44.263708987273276,120,1,23.83599999999999,10.429000000000087,1762694475227,1762694475241,moderate,0.5,50.0,0.0,0,1,0.0,0,0,,,,,,
s2_rain_fade,RAIN_FADE,14,,300,2,234,ok,,,1,50.32566699082963,120,1,26.765000000000008,10.903000000002066,1762694475930,1762694475946,moderate,0.5,50.0,0.0,0,1,0.0,0,0,,,,,,
s2_rain_fade,RAIN_FADE,14,,300,2,235,ok,,,1,49.27741701249033,120,1,25.668,10.808999999999287,1762694476603,1762694476620,moderate,0.5,50.0,0.0,0,1,0.0,0,0,,,,,,
s2_rain_fade,RAIN_FADE,14,,300,2,236,ok,,,1,47.573457995895296,120,1,24.537,10.652000000000044,1762694477318,1762694477335,moderate,0.5,50.0,0.0,1,1,1.0,0,0,,,,,,
s2_rain_fade,RAIN_FADE,14,,300,2,237,ok,,,1,45.573415991384536,120,1,23.911999999999995,10.39600000000064,1762694478013,1762694478028,moderate,0.5,50.0,0.0,1,1,1.0,0,0,,,,,,
s2_rain_fade,RAIN_FADE,14,,300,2,238,preauth_failed,step4_wait,0,0,0.0,0,0,0.0,0.0,,,moderate,0.5,50.0,0.0,0,0,0.0,0,0,,,,,,
s2_rain_fade,RAIN_FADE,14,,300,2,239,ok,,,1,47.644417005358264,120,1,25.619,10.447000000000116,1762694484096,1762694484113,moderate,0.5,50.0,0.0,0,1,0.0,0,0,,,,,,
s2_rain_fade,RAIN_FADE,14,,300,2,240,ok,,,1,48.29329199856147,120,1,23.547999999999988,10.355999999999767,1762694484759,1762694484776,moderate,0.5,50.0,0.0,1,1,1.0,0,0,,,,,,
s2_rain_fade,RAIN_FADE,14,,300,2,241,ok,,,1,46.334999991813675,120,1,23.677,10.485000000000582,1762694485445,1762694485461,moderate,0.5,50.0,0.0,0,1,0.0,0,0,,,,,,
s2_rain_fade,RAIN_FADE,14,,300,2,242,ok,,,1,45.03787501016632,120,1,23.649,10.322000000000116,1762694486120,1762694486133,moderate,0.5,50.0,0.0,0,1,0.0,0,0,,,,,,
s2_rain_fade,RAIN_FADE,14,,300,2,243,ok,,,1,46.502791985403746,120,1,24.466,10.257000000001426,1762694486784,1762694486800,moderate,0.5,50.0,0.0,0,1,0.0,0,0,,,,,,
s2_rain_fade,RAIN_FADE,14,,300,2,244,ok,,,1,47.26754198782146,120,1,23.816999999999997,10.45600000000195,1762694487469,1762694487485,moderate,0.5,50.0,0.0,1,1,1.0,0,0,,,,,,
s2_rain_fade,RAIN_FADE,14,,300,2,245,ok,,,1,48.166749998927116,120,1,24.052,10.550999999999476,1762694488190,1762694488206,moderate,0.5,50.0,0.0,1,1,1.0,0,0,,,,,,
s2_rain_fade,RAIN_FADE,14,,300,2,246,ok,,,1,47.5300420075655,120,1,24.010000000000005,10.567999999999302,1762694488884,1762694488901,moderate,0.5,50.0,0.0,0,1,0.0,0,0,,,,,,
s2_rain_fade,RAIN_FADE,14,,300,2,247,ok,,,1,45.483209018129855,120,1,25.601,10.326000000000931,1762694489584,1762694489598,moderate,0.5,50.0,0.0,0,1,0.0,0,0,,,,,,
s2_rain_fade,RAIN_FADE,14,,300,2,248,ok,,,1,45.21704200305976,120,1,23.977000000000004,10.44000000000051,1762694490255,1762694490269,moderate,0.5,50.0,0.0,0,1,0.0,0,0,,,,,,
s2_rain_fade,RAIN_FADE,14,,300,2,249,ok,,,1,48.76712500117719,120,1,27.13299999999999,11.020000000002256,1762694491024,1762694491038,moderate,0.5,50.0,0.0,0,1,0.0,0,0,,,,,,
s2_rain_fade,RAIN_FADE,14,,300,2,250,ok,,,1,51.55712499981746,120,1,26.354999999999997,10.640999999999622,1762694491711,1762694491728,moderate,0.5,50.0,0.0,0,1,0.0,0,0,,,,,,
s2_rain_fade,RAIN_FADE,14,,300,2,251,ok,,,1,45.11762497713789,120,1,23.828000000000003,10.493000000000393,1762694492416,1762694492431,moderate,0.5,50.0,0.0,0,1,0.0,0,0,,,,,,
s2_rain_fade,RAIN_FADE,14,,300,2,252,ok,,,1,49.82737498357892,120,1,26.519000000000005,10.928999999998268,1762694493149,1762694493166,moderate,0.5,50.0,0.0,0,1,0.0,0,0,,,,,,
s2_rain_fade,RAIN_FADE,14,,300,2,253,ok,,,1,50.74579201755114,120,1,26.723,10.886000000000422,1762694493843,1762694493860,moderate,0.5,50.0,0.0,1,1,1.0,0,0,,,,,,
s2_rain_fade,RAIN_FADE,14,,300,2,254,ok,,,1,47.122249990934506,120,1,25.141,10.287999999998647,1762694494537,1762694494552,moderate,0.5,50.0,0.0,0,1,0.0,0,0,,,,,,
s2_rain_fade,RAIN_FADE,14,,300,2,255,ok,,,1,47.519917017780244,120,1,24.082999999999995,10.450000000000728,1762694495193,1762694495210,moderate,0.5,50.0,0.0,1,1,1.0,0,0,,,,,,
s2_rain_fade,RAIN_FADE,14,,300,2,256,ok,,,1,52.01070799375884,120,1,26.549000000000007,10.585000000000946,1762694495910,1762694495927,moderate,0.5,50.0,0.0,0,1,0.0,0,0,,,,,,
s2_rain_fade,RAIN_FADE,14,,300,2,257,ok,,,1,52.39266701391898,120,1,28.994,10.953000000001339,1762694496588,1762694496605,moderate,0.5,50.0,0.0,0,1,0.0,0,0,,,,,,
s2_rain_fade,RAIN_FADE,14,,300,2,258,ok,,,1,47.659542004112154,120,1,25.190000000000005,10.638999999999214,1762694497288,1762694497304,moderate,0.5,50.0,0.0,0,1,0.0,0,0,,,,,,
s2_rain_fade,RAIN_FADE,14,,300,2,259,ok,,,1,48.30804199445993,120,1,26.558,10.854000000001179,1762694497979,1762694497995,moderate,0.5,50.0,0.0,0,1,0.0,0,0,,,,,,
s2_rain_fade,RAIN_FADE,14,,300,2,260,ok,,,1,44.55783299636096,120,1,24.019999999999996,10.488999999999578,1762694498627,1762694498642,moderate,0.5,50.0,0.0,0,1,0.0,0,0,,,,,,
s2_rain_fade,RAIN_FADE,14,,300,2,261,ok,,,1,45.64862500410527,120,1,23.979,10.683000000000902,1762694499322,1762694499336,moderate,0.5,50.0,0.0,0,1,0.0,0,0,,,,,,
s2_rain_fade,RAIN_FADE,14,,300,2,262,ok,,,1,43.11166697880253,120,1,24.336,10.518000000001848,1762694500037,1762694500050,moderate,0.5,50.0,0.0,0,1,0.0,0,0,,,,,,
s2_rain_fade,RAIN_FADE,14,,300,2,263,ok,,,1,48.874833999434486,120,1,24.935000000000002,10.506999999999607,1762694500763,1762694500780,moderate,0.5,50.0,0.0,0,1,0.0,0,0,,,,,,
s2_rain_fade,RAIN_FADE,14,,300,2,264,ok,,,1,49.31212498922832,120,1,26.189999999999994,10.606999999999971,1762694501473,1762694501489,moderate,0.5,50.0,0.0,1,1,1.0,0,0,,,,,,
s2_rain_fade,RAIN_FADE,14,,300,2,265,preauth_failed,step4_wait,0,0,0.0,0,0,0.0,0.0,,,moderate,0.5,50.0,0.0,0,0,0.0,0,0,,,,,,
s2_rain_fade,RAIN_FADE,14,,300,2,266,preauth_failed,step4_wait,0,0,0.0,0,0,0.0,0.0,,,moderate,0.5,50.0,0.0,0,0,0.0,0,0,,,,,,
s2_rain_fade,RAIN_FADE,14,,300,2,267,ok,,,1,47.49470899696462,120,1,24.797999999999995,10.571999999998297,1762694512873,1762694512889,moderate,0.5,50.0,0.0,1,1,1.0,0,0,,,,,,
s2_rain_fade,RAIN_FADE,14,,300,2,268,ok,,,1,46.2522909801919,120,1,24.967999999999996,10.704999999999927,1762694513591,1762694513607,moderate,0.5,50.0,0.0,0,1,0.0,0,0,,,,,,
s2_rain_fade,RAIN_FADE,14,,300,2,269,ok,,,1,61.54904200229794,120,1,37.976000000000006,12.573999999998705,1762694514323,1762694514338,moderate,0.5,50.0,0.0,0,1,0.0,0,0,,,,,,
s2_rain_fade,RAIN_FADE,14,,300,2,270,ok,,,1,50.56383300689049,120,1,27.940999999999995,11.010000000000218,1762694515074,1762694515091,moderate,0.5,50.0,0.0,1,1,1.0,0,0,,,,,,
s2_rain_fade,RAIN_FADE,14,,300,2,271,ok,,,1,46.73458301112987,120,1,24.531,10.78399999999965,1762694515752,1762694515766,moderate,0.5,50.0,0.0,1,1,1.0,0,0,,,,,,
s2_rain_fade,RAIN_FADE,14,,300,2,272,ok,,,1,45.38004199275747,120,1,24.075999999999997,10.439000000000306,1762694516443,1762694516458,moderate,0.5,50.0,0.0,0,1,0.0,0,0,,,,,,
s2_rain_fade,RAIN_FADE,14,,300,2,273,ok,,,1,49.57533397828229,120,1,26.706000000000003,11.130999999999403,1762694517191,1762694517205,moderate,0.5,50.0,0.0,1,1,1.0,0,0,,,,,,
s2_rain_fade,RAIN_FADE,14,,300,2,274,ok,,,1,50.983875000383705,120,1,28.078999999999994,10.857999999998356,1762694517856,1762694517872,moderate,0.5,50.0,0.0,0,1,0.0,0,0,,,,,,
s2_rain_fade,RAIN_FADE,14,,300,2,275,ok,,,1,44.8682909773197,120,1,23.987000000000002,10.521999999999025,1762694518506,1762694518520,moderate,0.5,50.0,0.0,1,1,1.0,0,0,,,,,,
s2_rain_fade,RAIN_FADE,14,,300,2,276,ok,,,1,48.22799999965355,120,1,26.214999999999996,10.597999999999956,1762694519208,1762694519222,moderate,0.5,50.0,0.0,1,1,1.0,0,0,,,,,,
s2_rain_fade,RAIN_FADE,14,,300,2,277,ok,,,1,44.696625001961365,120,1,23.654,10.429000000000087,1762694519922,1762694519935,moderate,0.5,50.0,0.0,0,1,0.0,0,0,,,,,,
s2_rain_fade,RAIN_FADE,14,,300,2,278,ok,,,1,43.731459008995444,120,1,23.375999999999998,10.289999999999054,1762694520590,1762694520604,moderate,0.5,50.0,0.0,1,1,1.0,0,0,,,,,,
s2_rain_fade,RAIN_FADE,14,,300,2,279,ok,,,1,46.41474998788908,120,1,23.945999999999998,10.602000000000771,1762694521304,1762694521321,moderate,0.5,50.0,0.0,0,1,0.0,0,0,,,,,,
s2_rain_fade,RAIN_FADE,14,,300,2,280,ok,,,1,44.48962499736808,120,1,24.357999999999997,10.453000000001339,1762694521987,1762694522001,moderate,0.5,50.0,0.0,0,1,0.0,0,0,,,,,,
s2_rain_fade,RAIN_FADE,14,,300,2,281,ok,,,1,49.41537501872517,120,1,26.172999999999995,10.444999999999709,1762694522747,1762694522763,moderate,0.5,50.0,0.0,0,1,0.0,0,0,,,,,,
s2_rain_fade,RAIN_FADE,14,,300,2,282,ok,,,1,46.94066601223312,120,1,24.523000000000003,10.587999999999738,1762694523467,1762694523482,moderate,0.5,50.0,0.0,1,1,1.0,0,0,,,,,,
s2_rain_fade,RAIN_FADE,14,,300,2,283,ok,,,1,46.01474999799393,120,1,23.867000000000004,10.364999999999782,1762694524232,1762694524248,moderate,0.5,50.0,0.0,0,1,0.0,0,0,,,,,,
s2_rain_fade,RAIN_FADE,14,,300,2,284,ok,,,1,46.45749999326654,120,1,24.33,10.511000000002241,1762694524929,1762694524944,moderate,0.5,50.0,0.0,0,1,0.0,0,0,,,,,,
s2_rain_fade,RAIN_FADE,14,,300,2,285,ok,,,1,47.2206249833107,120,1,26.491,10.856999999999971,1762694525605,1762694525618,moderate,0.5,50.0,0.0,1,1,1.0,0,0,,,,,,
s2_rain_fade,RAIN_FADE,14,,300,2,286,ok,,,1,49.90883299615234,120,1,26.276999999999994,10.682000000000698,1762694526265,1762694526283,moderate,0.5,50.0,0.0,0,1,0.0,0,0,,,,,,
s2_rain_fade,RAIN_FADE,14,,300,2,287,ok,,,1,47.28020902257413,120,1,25.415,10.68500000000131,1762694526907,1762694526921,moderate,0.5,50.0,0.0,1,1,1.0,0,0,,,,,,
s2_rain_fade,RAIN_FADE,14,,300,2,288,ok,,,1,44.53829099657014,120,1,23.642000000000003,10.412999999998647,1762694527595,1762694527610,moderate,0.5,50.0,0.0,0,1,0.0,0,0,,,,,,
s2_rain_fade,RAIN_FADE,14,,300,2,289,ok,,,1,47.210292017553,120,1,24.262999999999998,10.71600000000035,1762694528291,1762694528308,moderate,0.5,50.0,0.0,0,1,0.0,0,0,,,,,,
s2_rain_fade,RAIN_FADE,14,,300,2,290,ok,,,1,43.250500020803884,120,1,23.528999999999996,10.235999999998967,1762694529017,1762694529030,moderate,0.5,50.0,0.0,0,1,0.0,0,0,,,,,,
s2_rain_fade,RAIN_FADE,14,,300,2,291,ok,,,1,48.15358298947103,120,1,25.323,10.69800000000214,1762694529714,1762694529729,moderate,0.5,50.0,0.0,1,1,1.0,0,0,,,,,,
s2_rain_fade,RAIN_FADE,14,,300,2,292,ok,,,1,46.195584000088274,120,1,23.870000000000005,10.569999999999709,1762694530430,1762694530445,moderate,0.5,50.0,0.0,0,1,0.0,0,0,,,,,,
s2_rain_fade,RAIN_FADE,14,,300,2,293,ok,,,1,44.93466697749682,120,1,24.099000000000004,10.560999999999694,1762694531171,1762694531184,moderate,0.5,50.0,0.0,1,1,1.0,0,0,,,,,,
s2_rain_fade,RAIN_FADE,14,,300,2,294,ok,,,1,44.312709011137486,120,1,23.745,10.408000000001266,1762694531856,1762694531872,moderate,0.5,50.0,0.0,1,1,1.0,0,0,,,,,,
s2_rain_fade,RAIN_FADE,14,,300,2,295,ok,,,1,50.22141698282212,120,1,26.308,10.38800000000083,1762694532546,1762694532563,moderate,0.5,50.0,0.0,0,1,0.0,0,0,,,,,,
s2_rain_fade,RAIN_FADE,14,,300,2,296,ok,,,1,45.83845799788833,120,1,23.515,10.263999999999214,1762694533221,1762694533237,moderate,0.5,50.0,0.0,0,1,0.0,0,0,,,,,,
s2_rain_fade,RAIN_FADE,14,,300,2,297,ok,,,1,44.653041986748576,120,1,23.688999999999997,10.55199999999968,1762694533894,1762694533910,moderate,0.5,50.0,0.0,1,1,1.0,0,0,,,,,,
s2_rain_fade,RAIN_FADE,14,,300,2,298,ok,,,1,42.16204199474305,120,1,24.031999999999996,10.465000000000146,1762694534598,1762694534610,moderate,0.5,50.0,0.0,1,1,1.0,0,0,,,,,,
s2_rain_fade,RAIN_FADE,14,,300,2,299,ok,,,1,53.97837498458102,120,1,28.040999999999997,10.912000000000262,1762694535329,1762694535348,moderate,0.5,50.0,0.0,0,1,0.0,0,0,,,,,,
s2_rain_fade,RAIN_FADE,14,,300,2,300,preauth_failed,step4_wait,0,0,0.0,0,0,0.0,0.0,,,moderate,0.5,50.0,0.0,0,0,0.0,0,0,,,,,,
s2_rain_fade,RAIN_FADE,14,,400,2,1,ok,,,1,44.81225000927225,120,1,24.295999999999992,10.407999999999447,1762694541431,1762694541445,moderate,0.5,50.0,0.0,0,1,0.0,0,0,,,,,,
s2_rain_fade,RAIN_FADE,14,,400,2,2,ok,,,1,67.82937498064712,120,1,42.064000000000014,11.758999999998196,1762694542097,1762694542114,moderate,0.5,50.0,0.0,1,1,1.0,0,0,,,,,,
s2_rain_fade,RAIN_FADE,14,,400,2,3,ok,,,1,44.29900000104681,120,1,23.658999999999992,10.35399999999936,1762694542818,1762694542834,moderate,0.5,50.0,0.0,0,1,0.0,0,0,,,,,,
s2_rain_fade,RAIN_FADE,14,,400,2,4,ok,,,1,43.590083019807935,120,1,24.637999999999998,10.923000000000684,1762694543523,1762694543536,moderate,0.5,50.0,0.0,0,1,0.0,0,0,,,,,,
s2_rain_fade,RAIN_FADE,14,,400,2,5,ok,,,1,43.48887500236742,120,1,23.839999999999993,10.226999999998952,1762694544232,1762694544247,moderate,0.5,50.0,0.0,0,1,0.0,0,0,,,,,,
s2_rain_fade,RAIN_FADE,14,,400,2,6,ok,,,1,45.02833299920894,120,1,23.820999999999994,10.296999999998661,1762694544939,1762694544954,moderate,0.5,50.0,0.0,0,1,0.0,0,0,,,,,,
s2_rain_fade,RAIN_FADE,14,,400,2,7,ok,,,1,46.52933398028836,120,1,25.110999999999997,10.688000000000102,1762694545649,1762694545663,moderate,0.5,50.0,0.0,1,1,1.0,0,0,,,,,,
s2_rain_fade,RAIN_FADE,14,,400,2,8,ok,,,1,45.1935000019148,120,1,26.625999999999998,10.462999999999738,1762694546372,1762694546386,moderate,0.5,50.0,0.0,1,1,1.0,0,0,,,,,,
s2_rain_fade,RAIN_FADE,14,,400,2,9,ok,,,1,45.988625002792105,120,1,23.805999999999994,10.249000000001615,1762694547018,1762694547035,moderate,0.5,50.0,0.0,1,1,1.0,0,0,,,,,,
s2_rain_fade,RAIN_FADE,14,,400,2,10,ok,,,1,46.54670899617486,120,1,23.717999999999996,10.385000000002037,1762694547729,1762694547746,moderate,0.5,50.0,0.0,0,1,0.0,0,0,,,,,,
s2_rain_fade,RAIN_FADE,14,,400,2,11,ok,,,1,45.743249997030944,120,1,23.601999999999997,10.389000000001033,1762694548411,1762694548426,moderate,0.5,50.0,0.0,1,1,1.0,0,0,,,,,,
s2_rain_fade,RAIN_FADE,14,,400,2,12,ok,,,1,48.95420899265446,120,1,23.604,10.50300000000243,1762694549109,1762694549126,moderate,0.5,50.0,0.0,1,1,1.0,0,0,,,,,,
s2_rain_fade,RAIN_FADE,14,,400,2,13,ok,,,1,45.202999986940995,120,1,24.182000000000002,10.239999999999782,1762694549784,1762694549799,moderate,0.5,50.0,0.0,1,1,1.0,0,0,,,,,,
s2_rain_fade,RAIN_FADE,14,,400,2,14,ok,,,1,46.85195899219252,120,1,23.407,10.49199999999837,1762694550507,1762694550525,moderate,0.5,50.0,0.0,0,1,0.0,0,0,,,,,,
s2_rain_fade,RAIN_FADE,14,,400,2,15,ok,,,1,46.609707991592586,120,1,23.765000000000008,10.494000000000597,1762694551233,1762694551249,moderate,0.5,50.0,0.0,0,1,0.0,0,0,,,,,,
s2_rain_fade,RAIN_FADE,14,,400,2,16,ok,,,1,49.01741602225229,120,1,26.296000000000006,10.618000000000393,1762694551940,1762694551956,moderate,0.5,50.0,0.0,0,1,0.0,0,0,,,,,,
s2_rain_fade,RAIN_FADE,14,,400,2,17,ok,,,1,48.98337498889305,120,1,24.296999999999997,10.453999999999724,1762694552685,1762694552701,moderate,0.5,50.0,0.0,1,1,1.0,0,0,,,,,,
s2_rain_fade,RAIN_FADE,14,,400,2,18,ok,,,1,46.40162500436418,120,1,24.676000000000002,10.67699999999968,1762694553398,1762694553413,moderate,0.5,50.0,0.0,0,1,0.0,0,0,,,,,,
s2_rain_fade,RAIN_FADE,14,,400,2,19,ok,,,1,46.005459007574245,120,1,25.480999999999995,10.592000000000553,1762694554100,1762694554113,moderate,0.5,50.0,0.0,0,1,0.0,0,0,,,,,,
s2_rain_fade,RAIN_FADE,14,,400,2,20,ok,,,1,48.73750000842847,120,1,27.327999999999992,10.566000000000713,1762694554814,1762694554830,moderate,0.5,50.0,0.0,0,1,0.0,0,0,,,,,,
s2_rain_fade,RAIN_FADE,14,,400,2,21,ok,,,1,52.99470800673589,120,1,28.615000000000002,10.68199999999888,1762694555630,1762694555649,moderate,0.5,50.0,0.0,0,1,0.0,0,0,,,,,,
s2_rain_fade,RAIN_FADE,14,,400,2,22,ok,,,1,45.03529198700562,120,1,25.251999999999995,10.298000000000684,1762694556345,1762694556359,moderate,0.5,50.0,0.0,0,1,0.0,0,0,,,,,,
s2_rain_fade,RAIN_FADE,14,,400,2,23,ok,,,1,46.250667015556246,120,1,23.86100000000001,10.42699999999968,1762694557038,1762694557055,moderate,0.5,50.0,0.0,1,1,1.0,0,0,,,,,,
s2_rain_fade,RAIN_FADE,14,,400,2,24,ok,,,1,51.53295799391344,120,1,26.428000000000004,10.894000000002052,1762694557700,1762694557717,moderate,0.5,50.0,0.0,0,1,0.0,0,0,,,,,,
s2_rain_fade,RAIN_FADE,14,,400,2,25,ok,,,1,49.70229198806919,120,1,26.012999999999995,10.505000000001019,1762694558420,1762694558437,moderate,0.5,50.0,0.0,0,1,0.0,0,0,,,,,,
s2_rain_fade,RAIN_FADE,14,,400,2,26,ok,,,1,47.15604198281653,120,1,25.296999999999997,10.705000000001746,1762694559106,1762694559121,moderate,0.5,50.0,0.0,0,1,0.0,0,0,,,,,,
s2_rain_fade,RAIN_FADE,14,,400,2,27,ok,,,1,51.705583988223225,120,1,25.676000000000002,10.707000000000335,1762694559823,1762694559842,moderate,0.5,50.0,0.0,1,1,1.0,0,0,,,,,,
s2_rain_fade,RAIN_FADE,14,,400,2,28,ok,,,1,46.76537500927225,120,1,23.943999999999996,10.505000000001019,1762694560510,1762694560526,moderate,0.5,50.0,0.0,0,1,0.0,0,0,,,,,,
s2_rain_fade,RAIN_FADE,14,,400,2,29,ok,,,1,46.306584001285955,120,1,23.653999999999996,10.285000000001673,1762694561223,1762694561238,moderate,0.5,50.0,0.0,0,1,0.0,0,0,,,,,,
s2_rain_fade,RAIN_FADE,14,,400,2,30,ok,,,1,53.78245800966397,120,1,29.536,11.234999999998763,1762694561950,1762694561968,moderate,0.5,50.0,0.0,0,1,0.0,0,0,,,,,,
s2_rain_fade,RAIN_FADE,14,,400,2,31,ok,,,1,49.283416010439396,120,1,24.403999999999996,10.544000000001688,1762694562670,1762694562688,moderate,0.5,50.0,0.0,0,1,0.0,0,0,,,,,,
s2_rain_fade,RAIN_FADE,14,,400,2,32,ok,,,1,51.28083401359618,120,1,28.072999999999993,10.454999999998108,1762694563380,1762694563397,moderate,0.5,50.0,0.0,0,1,0.0,0,0,,,,,,
s2_rain_fade,RAIN_FADE,14,,400,2,33,ok,,,1,59.22150000697002,120,1,35.681000000000004,11.170000000000073,1762694564184,1762694564202,moderate,0.5,50.0,0.0,1,1,1.0,0,0,,,,,,
s2_rain_fade,RAIN_FADE,14,,400,2,34,ok,,,1,45.65729197929613,120,1,25.454000000000008,10.583000000000538,1762694564901,1762694564916,moderate,0.5,50.0,0.0,0,1,0.0,0,0,,,,,,
s2_rain_fade,RAIN_FADE,14,,400,2,35,ok,,,1,50.55025001638569,120,1,26.213,10.651999999998225,1762694565577,1762694565595,moderate,0.5,50.0,0.0,0,1,0.0,0,0,,,,,,
s2_rain_fade,RAIN_FADE,14,,400,2,36,ok,,,1,46.20879198773764,120,1,25.160999999999998,10.583000000000538,1762694566237,1762694566253,moderate,0.5,50.0,0.0,1,1,1.0,0,0,,,,,,
s2_rain_fade,RAIN_FADE,14,,400,2,37,ok,,,1,49.801249988377094,120,1,28.331000000000003,10.73399999999856,1762694566927,1762694566945,moderate,0.5,50.0,0.0,1,1,1.0,0,0,,,,,,
s2_rain_fade,RAIN_FADE,14,,400,2,38,ok,,,1,48.919124994426966,120,1,26.851999999999997,10.681000000000495,1762694567548,1762694567562,moderate,0.5,50.0,0.0,1,1,1.0,0,0,,,,,,
s2_rain_fade,RAIN_FADE,14,,400,2,39,ok,,,1,43.463583977427334,120,1,23.700999999999993,10.51600000000144,1762694568258,1762694568272,moderate,0.5,50.0,0.0,0,1,0.0,0,0,,,,,,
s2_rain_fade,RAIN_FADE,14,,400,2,40,ok,,,1,48.167500004637986,120,1,26.61699999999999,10.489999999999782,1762694568946,1762694568962,moderate,0.5,50.0,0.0,0,1,0.0,0,0,,,,,,
s2_rain_fade,RAIN_FADE,14,,400,2,41,ok,,,1,54.457791993627325,120,1,30.085000000000008,11.003999999998996,1762694569637,1762694569655,moderate,0.5,50.0,0.0,1,1,1.0,0,0,,,,,,
s2_rain_fade,RAIN_FADE,14,,400,2,42,ok,,,1,45.122250012354925,120,1,23.755,10.332000000000335,1762694570373,1762694570386,moderate,0.5,50.0,0.0,1,1,1.0,0,0,,,,,,
s2_rain_fade,RAIN_FADE,14,,400,2,43,ok,,,1,48.73145901365206,120,1,26.719,10.53399999999965,1762694571081,1762694571096,moderate,0.5,50.0,0.0,0,1,0.0,0,0,,,,,,
s2_rain_fade,RAIN_FADE,14,,400,2,44,ok,,,1,50.20974998478778,120,1,26.539,10.581000000000131,1762694571779,1762694571797,moderate,0.5,50.0,0.0,0,1,0.0,0,0,,,,,,
s2_rain_fade,RAIN_FADE,14,,400,2,45,ok,,,1,47.889792011119425,120,1,25.549000000000003,10.414999999999054,1762694572438,1762694572455,moderate,0.5,50.0,0.0,1,1,1.0,0,0,,,,,,
s2_rain_fade,RAIN_FADE,14,,400,2,46,ok,,,1,43.626500002574176,120,1,24.349000000000004,10.287000000000262,1762694573130,1762694573144,moderate,0.5,50.0,0.0,1,1,1.0,0,0,,,,,,
s2_rain_fade,RAIN_FADE,14,,400,2,47,ok,,,1,52.13441699743271,120,1,26.196000000000005,10.81300000000192,1762694573813,1762694573833,moderate,0.5,50.0,0.0,1,1,1.0,0,0,,,,,,
s2_rain_fade,RAIN_FADE,14,,400,2,48,preauth_failed,step4_wait,0,0,0.0,0,0,0.0,0.0,,,moderate,0.5,50.0,0.0,0,0,0.0,0,0,,,,,,
s2_rain_fade,RAIN_FADE,14,,400,2,49,ok,,,1,45.72666698368266,120,1,23.799000000000003,10.316999999999098,1762694579862,1762694579877,moderate,0.5,50.0,0.0,0,1,0.0,0,0,,,,,,
s2_rain_fade,RAIN_FADE,14,,400,2,50,ok,,,1,44.53454099711962,120,1,24.012999999999998,10.315999999998894,1762694580639,1762694580653,moderate,0.5,50.0,0.0,0,1,0.0,0,0,,,,,,
s2_rain_fade,RAIN_FADE,14,,400,2,51,ok,,,1,47.01870901044458,120,1,26.375,10.78400000000147,1762694581358,1762694581373,moderate,0.5,50.0,0.0,0,1,0.0,0,0,,,,,,
s2_rain_fade,RAIN_FADE,14,,400,2,52,ok,,,1,61.77491700509563,120,1,32.80100000000001,16.47399999999834,1762694582018,1762694582034,moderate,0.5,50.0,0.0,0,1,0.0,0,0,,,,,,
s2_rain_fade,RAIN_FADE,14,,400,2,53,ok,,,1,49.06808401574381,120,1,25.893,10.772000000000844,1762694582752,1762694582769,moderate,0.5,50.0,0.0,0,1,0.0,0,0,,,,,,
s2_rain_fade,RAIN_FADE,14,,400,2,54,ok,,,1,42.69279199070297,120,1,23.620000000000005,10.443999999999505,1762694583443,1762694583457,moderate,0.5,50.0,0.0,1,1,1.0,0,0,,,,,,
s2_rain_fade,RAIN_FADE,14,,400,2,55,ok,,,1,47.16087499400601,120,1,25.37199999999999,10.677999999999884,1762694584165,1762694584182,moderate,0.5,50.0,0.0,1,1,1.0,0,0,,,,,,
s2_rain_fade,RAIN_FADE,14,,400,2,56,ok,,,1,46.46558398962952,120,1,24.188999999999997,10.63299999999981,1762694584861,1762694584876,moderate,0.5,50.0,0.0,0,1,0.0,0,0,,,,,,
s2_rain_fade,RAIN_FADE,14,,400,2,57,ok,,,1,45.01170801813714,120,1,24.646,10.721999999999753,1762694585577,1762694585592,moderate,0.5,50.0,0.0,0,1,0.0,0,0,,,,,,
s2_rain_fade,RAIN_FADE,14,,400,2,58,ok,,,1,46.248958009527996,120,1,25.913000000000007,10.727000000000771,1762694586240,1762694586253,moderate,0.5,50.0,0.0,0,1,0.0,0,0,,,,,,
s2_rain_fade,RAIN_FADE,14,,400,2,59,ok,,,1,51.149082981282845,120,1,25.522999999999996,10.39799999999741,1762694586908,1762694586926,moderate,0.5,50.0,0.0,0,1,0.0,0,0,,,,,,
s2_rain_fade,RAIN_FADE,14,,400,2,60,ok,,,1,49.3202920188196,120,1,27.052000000000007,10.831000000000131,1762694587627,1762694587643,moderate,0.5,50.0,0.0,0,1,0.0,0,0,,,,,,
s2_rain_fade,RAIN_FADE,14,,400,2,61,ok,,,1,46.645249996799976,120,1,23.543,10.40599999999904,1762694588320,1762694588337,moderate,0.5,50.0,0.0,1,1,1.0,0,0,,,,,,
s2_rain_fade,RAIN_FADE,14,,400,2,62,ok,,,1,43.33079099887982,120,1,24.049000000000007,10.287000000000262,1762694589061,1762694589075,moderate,0.5,50.0,0.0,0,1,0.0,0,0,,,,,,
s2_rain_fade,RAIN_FADE,14,,400,2,63,ok,,,1,50.1814579765778,120,1,23.766999999999996,10.55199999999968,1762694589769,1762694589788,moderate,0.5,50.0,0.0,1,1,1.0,0,0,,,,,,
s2_rain_fade,RAIN_FADE,14,,400,2,64,ok,,,1,48.469750006916,120,1,26.942999999999998,10.784999999999854,1762694590492,1762694590507,moderate,0.5,50.0,0.0,0,1,0.0,0,0,,,,,,
s2_rain_fade,RAIN_FADE,14,,400,2,65,ok,,,1,46.47637499147095,120,1,26.171,10.654000000000451,1762694591200,1762694591214,moderate,0.5,50.0,0.0,0,1,0.0,0,0,,,,,,
s2_rain_fade,RAIN_FADE,14,,400,2,66,ok,,,1,50.13925000093877,120,1,26.878999999999998,10.527000000000044,1762694591897,1762694591914,moderate,0.5,50.0,0.0,0,1,0.0,0,0,,,,,,
s2_rain_fade,RAIN_FADE,14,,400,2,67,ok,,,1,45.60925002442673,120,1,23.966,10.390999999999622,1762694592591,1762694592607,moderate,0.5,50.0,0.0,0,1,0.0,0,0,,,,,,
s2_rain_fade,RAIN_FADE,14,,400,2,68,ok,,,1,49.382541998056695,120,1,26.659999999999997,10.601000000000568,1762694593360,1762694593377,moderate,0.5,50.0,0.0,0,1,0.0,0,0,,,,,,
s2_rain_fade,RAIN_FADE,14,,400,2,69,ok,,,1,44.30229199351743,120,1,23.514,10.289999999999054,1762694594042,1762694594057,moderate,0.5,50.0,0.0,0,1,0.0,0,0,,,,,,
s2_rain_fade,RAIN_FADE,14,,400,2,70,ok,,,1,51.4834169880487,120,1,26.409,10.881999999999607,1762694594746,1762694594764,moderate,0.5,50.0,0.0,0,1,0.0,0,0,,,,,,
s2_rain_fade,RAIN_FADE,14,,400,2,71,ok,,,1,48.231666994979605,120,1,23.727,10.55699999999888,1762694595415,1762694595432,moderate,0.5,50.0,0.0,0,1,0.0,0,0,,,,,,
s2_rain_fade,RAIN_FADE,14,,400,2,72,ok,,,1,46.22362498776056,120,1,23.872999999999998,10.59900000000016,1762694596145,1762694596161,moderate,0.5,50.0,0.0,0,1,0.0,0,0,,,,,,
s2_rain_fade,RAIN_FADE,14,,400,2,73,ok,,,1,54.70558401430026,120,1,27.21699999999999,14.871000000002823,1762694596870,1762694596888,moderate,0.5,50.0,0.0,0,1,0.0,0,0,,,,,,
s2_rain_fade,RAIN_FADE,14,,400,2,74,ok,,,1,47.11874999338761,120,1,23.929000000000006,10.530000000000655,1762694597564,1762694597580,moderate,0.5,50.0,0.0,0,1,0.0,0,0,,,,,,
s2_rain_fade,RAIN_FADE,14,,400,2,75,ok,,,1,44.45087499334477,120,1,23.626999999999995,10.500000000001819,1762694598252,1762694598266,moderate,0.5,50.0,0.0,1,1,1.0,0,0,,,,,,
s2_rain_fade,RAIN_FADE,14,,400,2,76,ok,,,1,48.11445900122635,120,1,25.51899999999999,10.720000000001164,1762694599143,1762694599159,moderate,0.5,50.0,0.0,0,1,0.0,0,0,,,,,,
s2_rain_fade,RAIN_FADE,14,,400,2,77,ok,,,1,46.55845899833366,120,1,25.445000000000007,10.613999999999578,1762694599885,1762694599900,moderate,0.5,50.0,0.0,0,1,0.0,0,0,,,,,,
s2_rain_fade,RAIN_FADE,14,,400,2,78,ok,,,1,46.81408399483189,120,1,24.771,10.211999999999534,1762694600615,1762694600631,moderate,0.5,50.0,0.0,0,1,0.0,0,0,,,,,,
s2_rain_fade,RAIN_FADE,14,,400,2,79,ok,,,1,47.999000002164394,120,1,25.961999999999996,10.721999999999753,1762694601312,1762694601329,moderate,0.5,50.0,0.0,0,1,0.0,0,0,,,,,,
s2_rain_fade,RAIN_FADE,14,,400,2,80,ok,,,1,50.09875001269393,120,1,26.102999999999998,10.571999999998297,1762694601984,1762694602002,moderate,0.5,50.0,0.0,0,1,0.0,0,0,,,,,,
s2_rain_fade,RAIN_FADE,14,,400,2,81,ok,,,1,48.80187500384636,120,1,25.95599999999999,10.506999999999607,1762694602729,1762694602746,moderate,0.5,50.0,0.0,0,1,0.0,0,0,,,,,,
s2_rain_fade,RAIN_FADE,14,,400,2,82,ok,,,1,45.723167015239596,120,1,24.215000000000003,10.557000000000698,1762694603409,1762694603424,moderate,0.5,50.0,0.0,1,1,1.0,0,0,,,,,,
s2_rain_fade,RAIN_FADE,14,,400,2,83,ok,,,1,49.91479200543836,120,1,28.666999999999994,10.429000000000087,1762694604161,1762694604174,moderate,0.5,50.0,0.0,0,1,0.0,0,0,,,,,,
s2_rain_fade,RAIN_FADE,14,,400,2,84,ok,,,1,44.45349998422898,120,1,24.127999999999997,10.393000000000029,1762694604905,1762694604920,moderate,0.5,50.0,0.0,0,1,0.0,0,0,,,,,,
s2_rain_fade,RAIN_FADE,14,,400,2,85,ok,,,1,45.719874993665144,120,1,26.105999999999995,10.475000000000364,1762694605596,1762694605610,moderate,0.5,50.0,0.0,0,1,0.0,0,0,,,,,,
s2_rain_fade,RAIN_FADE,14,,400,2,86,ok,,,1,45.0719159853179,120,1,23.865,10.415999999999258,1762694606285,1762694606300,moderate,0.5,50.0,0.0,0,1,0.0,0,0,,,,,,
s2_rain_fade,RAIN_FADE,14,,400,2,87,ok,,,1,44.81504100840539,120,1,25.888999999999992,10.332000000002154,1762694606968,1762694606981,moderate,0.5,50.0,0.0,1,1,1.0,0,0,,,,,,
s2_rain_fade,RAIN_FADE,14,,400,2,88,ok,,,1,46.35862502618693,120,1,24.022000000000013,10.673000000000684,1762694607619,1762694607635,moderate,0.5,50.0,0.0,0,1,0.0,0,0,,,,,,
s2_rain_fade,RAIN_FADE,14,,400,2,89,ok,,,1,51.358249998884276,120,1,25.071999999999996,10.48699999999917,1762694608380,1762694608400,moderate,0.5,50.0,0.0,0,1,0.0,0,0,,,,,,
s2_rain_fade,RAIN_FADE,14,,400,2,90,ok,,,1,47.830916999373585,120,1,25.441000000000003,10.927000000001499,1762694609081,1762694609097,moderate,0.5,50.0,0.0,0,1,0.0,0,0,,,,,,
s2_rain_fade,RAIN_FADE,14,,400,2,91,ok,,,1,45.100834016921,120,1,24.459000000000003,10.38299999999981,1762694609756,1762694609771,moderate,0.5,50.0,0.0,0,1,0.0,0,0,,,,,,
s2_rain_fade,RAIN_FADE,14,,400,2,92,ok,,,1,48.31108299549669,120,1,24.287000000000006,10.3700000000008,1762694610522,1762694610539,moderate,0.5,50.0,0.0,0,1,0.0,0,0,,,,,,
s2_rain_fade,RAIN_FADE,14,,400,2,93,ok,,,1,47.55520902108401,120,1,25.693999999999996,10.596999999997934,1762694611243,1762694611258,moderate,0.5,50.0,0.0,0,1,0.0,0,0,,,,,,
s2_rain_fade,RAIN_FADE,14,,400,2,94,ok,,,1,46.04683301295154,120,1,26.597,10.405000000000655,1762694611903,1762694611917,moderate,0.5,50.0,0.0,0,1,0.0,0,0,,,,,,
s2_rain_fade,RAIN_FADE,14,,400,2,95,ok,,,1,46.47212501731701,120,1,24.355999999999995,10.681000000002314,1762694612611,1762694612626,moderate,0.5,50.0,0.0,1,1,1.0,0,0,,,,,,
s2_rain_fade,RAIN_FADE,14,,400,2,96,ok,,,1,53.10874999850057,120,1,27.156999999999996,10.932999999999083,1762694613335,1762694613354,moderate,0.5,50.0,0.0,1,1,1.0,0,0,,,,,,
s2_rain_fade,RAIN_FADE,14,,400,2,97,preauth_failed,step4_wait,0,0,0.0,0,0,0.0,0.0,,,moderate,0.5,50.0,0.0,0,0,0.0,0,0,,,,,,
s2_rain_fade,RAIN_FADE,14,,400,2,98,ok,,,1,44.43212499609217,120,1,23.674999999999997,10.487999999997555,1762694619497,1762694619512,moderate,0.5,50.0,0.0,0,1,0.0,0,0,,,,,,
s2_rain_fade,RAIN_FADE,14,,400,2,99,ok,,,1,50.86650000885129,120,1,26.194,10.266999999999825,1762694620263,1762694620280,moderate,0.5,50.0,0.0,0,1,0.0,0,0,,,,,,
s2_rain_fade,RAIN_FADE,14,,400,2,100,ok,,,1,46.679874998517334,120,1,23.961,10.479000000001179,1762694620930,1762694620946,moderate,0.5,50.0,0.0,0,1,0.0,0,0,,,,,,
s2_rain_fade,RAIN_FADE,14,,400,2,101,ok,,,1,50.632458995096385,120,1,29.921999999999997,10.703999999999724,1762694621687,1762694621703,moderate,0.5,50.0,0.0,0,1,0.0,0,0,,,,,,
s2_rain_fade,RAIN_FADE,14,,400,2,102,ok,,,1,44.68041702057235,120,1,23.869999999999997,10.336999999999534,1762694622388,1762694622403,moderate,0.5,50.0,0.0,0,1,0.0,0,0,,,,,,
s2_rain_fade,RAIN_FADE,14,,400,2,103,ok,,,1,44.359958003042266,120,1,23.817,10.369999999998981,1762694623091,1762694623103,moderate,0.5,50.0,0.0,0,1,0.0,0,0,,,,,,
s2_rain_fade,RAIN_FADE,14,,400,2,104,ok,,,1,47.90812500868924,120,1,23.894000000000005,10.375,1762694623800,1762694623818,moderate,0.5,50.0,0.0,0,1,0.0,0,0,,,,,,
s2_rain_fade,RAIN_FADE,14,,400,2,105,ok,,,1,45.577207987662405,120,1,23.531,10.394999999998618,1762694624511,1762694624527,moderate,0.5,50.0,0.0,0,1,0.0,0,0,,,,,,
s2_rain_fade,RAIN_FADE,14,,400,2,106,ok,,,1,51.982417004182935,120,1,27.849000000000004,11.432000000000698,1762694625223,1762694625241,moderate,0.5,50.0,0.0,0,1,0.0,0,0,,,,,,
s2_rain_fade,RAIN_FADE,14,,400,2,107,ok,,,1,49.485750001622364,120,1,26.89999999999999,10.293999999999869,1762694625942,1762694625958,moderate,0.5,50.0,0.0,0,1,0.0,0,0,,,,,,
s2_rain_fade,RAIN_FADE,14,,400,2,108,ok,,,1,48.17029199330136,120,1,27.269999999999996,10.722999999998137,1762694626618,1762694626633,moderate,0.5,50.0,0.0,1,1,1.0,0,0,,,,,,
s2_rain_fade,RAIN_FADE,14,,400,2,109,ok,,,1,48.09608298819512,120,1,27.022,10.762000000000626,1762694627332,1762694627346,moderate,0.5,50.0,0.0,0,1,0.0,0,0,,,,,,
s2_rain_fade,RAIN_FADE,14,,400,2,110,ok,,,1,49.89758398733102,120,1,27.340999999999987,11.270000000000437,1762694627994,1762694628009,moderate,0.5,50.0,0.0,0,1,0.0,0,0,,,,,,
s2_rain_fade,RAIN_FADE,14,,400,2,111,ok,,,1,46.81012500077486,120,1,24.232999999999997,10.50799999999981,1762694628669,1762694628685,moderate,0.5,50.0,0.0,0,1,0.0,0,0,,,,,,
s2_rain_fade,RAIN_FADE,14,,400,2,112,ok,,,1,55.34716698457487,120,1,31.238,13.704999999999927,1762694629457,1762694629478,moderate,0.5,50.0,0.0,0,1,0.0,0,0,,,,,,
s2_rain_fade,RAIN_FADE,14,,400,2,113,ok,,,1,49.70141701051034,120,1,27.487999999999992,10.932999999999083,1762694630156,1762694630173,moderate,0.5,50.0,0.0,0,1,0.0,0,0,,,,,,
s2_rain_fade,RAIN_FADE,14,,400,2,114,ok,,,1,46.875208005076274,120,1,26.669999999999995,10.416999999999462,1762694630884,1762694630897,moderate,0.5,50.0,0.0,1,1,1.0,0,0,,,,,,
s2_rain_fade,RAIN_FADE,14,,400,2,115,ok,,,1,51.65104198385961,120,1,26.713,10.692000000000917,1762694631614,1762694631631,moderate,0.5,50.0,0.0,0,1,0.0,0,0,,,,,,
s2_rain_fade,RAIN_FADE,14,,400,2,116,ok,,,1,48.37254201993346,120,1,25.06,10.671000000000276,1762694632332,1762694632349,moderate,0.5,50.0,0.0,0,1,0.0,0,0,,,,,,
s2_rain_fade,RAIN_FADE,14,,400,2,117,ok,,,1,47.65395799768157,120,1,27.403999999999996,11.08100000000195,1762694633084,1762694633098,moderate,0.5,50.0,0.0,1,1,1.0,0,0,,,,,,
s2_rain_fade,RAIN_FADE,14,,400,2,118,ok,,,1,47.60408299625851,120,1,25.558,10.592999999998938,1762694633792,1762694633807,moderate,0.5,50.0,0.0,0,1,0.0,0,0,,,,,,
s2_rain_fade,RAIN_FADE,14,,400,2,119,ok,,,1,50.802750018192455,120,1,26.503000000000007,10.725000000000364,1762694634524,1762694634541,moderate,0.5,50.0,0.0,0,1,0.0,0,0,,,,,,
s2_rain_fade,RAIN_FADE,14,,400,2,120,ok,,,1,47.99891699803993,120,1,25.796999999999997,10.52100000000064,1762694635204,1762694635220,moderate,0.5,50.0,0.0,0,1,0.0,0,0,,,,,,
s2_rain_fade,RAIN_FADE,14,,400,2,121,ok,,,1,50.677332998020574,120,1,26.985,10.685999999999694,1762694635894,1762694635913,moderate,0.5,50.0,0.0,0,1,0.0,0,0,,,,,,
s2_rain_fade,RAIN_FADE,14,,400,2,122,ok,,,1,48.31729200668633,120,1,24.624999999999993,10.838999999999942,1762694636594,1762694636610,moderate,0.5,50.0,0.0,0,1,0.0,0,0,,,,,,
s2_rain_fade,RAIN_FADE,14,,400,2,123,ok,,,1,47.71166597492993,120,1,26.454,10.864999999997963,1762694637348,1762694637364,moderate,0.5,50.0,0.0,0,1,0.0,0,0,,,,,,
s2_rain_fade,RAIN_FADE,14,,400,2,124,ok,,,1,47.554041986586526,120,1,25.484999999999992,10.537000000000262,1762694638084,1762694638099,moderate,0.5,50.0,0.0,1,1,1.0,0,0,,,,,,
s2_rain_fade,RAIN_FADE,14,,400,2,125,preauth_failed,step4_wait,0,0,0.0,0,0,0.0,0.0,,,moderate,0.5,50.0,0.0,0,0,0.0,0,0,,,,,,
s2_rain_fade,RAIN_FADE,14,,400,2,126,ok,,,1,50.61920901061967,120,1,25.509,12.393999999998414,1762694644184,1762694644200,moderate,0.5,50.0,0.0,0,1,0.0,0,0,,,,,,
s2_rain_fade,RAIN_FADE,14,,400,2,127,ok,,,1,47.11100002168678,120,1,23.923999999999992,10.299999999997453,1762694644868,1762694644885,moderate,0.5,50.0,0.0,0,1,0.0,0,0,,,,,,
s2_rain_fade,RAIN_FADE,14,,400,2,128,ok,,,1,49.482000002171844,120,1,25.226,10.752000000000407,1762694645566,1762694645584,moderate,0.5,50.0,0.0,0,1,0.0,0,0,,,,,,
s2_rain_fade,RAIN_FADE,14,,400,2,129,ok,,,1,46.020250010769814,120,1,23.555,10.668999999999869,1762694646263,1762694646279,moderate,0.5,50.0,0.0,0,1,0.0,0,0,,,,,,
s2_rain_fade,RAIN_FADE,14,,400,2,130,ok,,,1,49.403791985241696,120,1,24.590999999999998,12.513999999999214,1762694646977,1762694646994,moderate,0.5,50.0,0.0,0,1,0.0,0,0,,,,,,
s2_rain_fade,RAIN_FADE,14,,400,2,131,ok,,,1,47.58683399995789,120,1,23.874,10.421000000000276,1762694647613,1762694647628,moderate,0.5,50.0,0.0,0,1,0.0,0,0,,,,,,
s2_rain_fade,RAIN_FADE,14,,400,2,132,ok,,,1,47.84029198344797,120,1,24.283,10.354999999999563,1762694648309,1762694648328,moderate,0.5,50.0,0.0,0,1,0.0,0,0,,,,,,
s2_rain_fade,RAIN_FADE,14,,400,2,133,ok,,,1,45.7192090107128,120,1,24.211000000000006,10.51299999999901,1762694649037,1762694649050,moderate,0.5,50.0,0.0,1,1,1.0,0,0,,,,,,
s2_rain_fade,RAIN_FADE,14,,400,2,134,ok,,,1,49.56637500436045,120,1,26.192000000000007,11.43699999999808,1762694649781,1762694649798,moderate,0.5,50.0,0.0,0,1,0.0,0,0,,,,,,
s2_rain_fade,RAIN_FADE,14,,400,2,135,ok,,,1,44.60116598056629,120,1,23.366,10.416000000001077,1762694650478,1762694650492,moderate,0.5,50.0,0.0,0,1,0.0,0,0,,,,,,
s2_rain_fade,RAIN_FADE,14,,400,2,136,ok,,,1,44.913249992532656,120,1,23.980999999999995,10.63299999999981,1762694651159,1762694651174,moderate,0.5,50.0,0.0,0,1,0.0,0,0,,,,,,
s2_rain_fade,RAIN_FADE,14,,400,2,137,ok,,,1,51.171166996937245,120,1,26.918,10.624999999998181,1762694651845,1762694651861,moderate,0.5,50.0,0.0,0,1,0.0,0,0,,,,,,
s2_rain_fade,RAIN_FADE,14,,400,2,138,ok,,,1,49.84849999891594,120,1,24.392,10.537000000002081,1762694652524,1762694652542,moderate,0.5,50.0,0.0,1,1,1.0,0,0,,,,,,
s2_rain_fade,RAIN_FADE,14,,400,2,139,ok,,,1,46.77379099302925,120,1,24.267999999999997,10.514999999999418,1762694653225,1762694653240,moderate,0.5,50.0,0.0,0,1,0.0,0,0,,,,,,
s2_rain_fade,RAIN_FADE,14,,400,2,140,ok,,,1,47.028834000229836,120,1,23.823999999999998,10.290000000000873,1762694653925,1762694653942,moderate,0.5,50.0,0.0,0,1,0.0,0,0,,,,,,
s2_rain_fade,RAIN_FADE,14,,400,2,141,ok,,,1,48.150874994462356,120,1,26.063000000000002,10.201000000000931,1762694654611,1762694654626,moderate,0.5,50.0,0.0,0,1,0.0,0,0,,,,,,
s2_rain_fade,RAIN_FADE,14,,400,2,142,ok,,,1,44.77341700112447,120,1,24.238999999999997,10.437999999998283,1762694655288,1762694655302,moderate,0.5,50.0,0.0,0,1,0.0,0,0,,,,,,
s2_rain_fade,RAIN_FADE,14,,400,2,143,ok,,,1,45.50604199175723,120,1,24.131,10.365999999998166,1762694655967,1762694655982,moderate,0.5,50.0,0.0,1,1,1.0,0,0,,,,,,
s2_rain_fade,RAIN_FADE,14,,400,2,144,ok,,,1,47.6765829953365,120,1,26.142000000000003,10.436999999999898,1762694656651,1762694656666,moderate,0.5,50.0,0.0,0,1,0.0,0,0,,,,,,
s2_rain_fade,RAIN_FADE,14,,400,2,145,ok,,,1,46.825500001432374,120,1,23.855000000000004,10.378999999998996,1762694657312,1762694657328,moderate,0.5,50.0,0.0,0,1,0.0,0,0,,,,,,
s2_rain_fade,RAIN_FADE,14,,400,2,146,ok,,,1,46.98162502609193,120,1,25.753000000000007,10.398999999999432,1762694658031,1762694658046,moderate,0.5,50.0,0.0,1,1,1.0,0,0,,,,,,
s2_rain_fade,RAIN_FADE,14,,400,2,147,ok,,,1,46.51154100429267,120,1,23.56199999999999,10.313000000000102,1762694658720,1762694658737,moderate,0.5,50.0,0.0,0,1,0.0,0,0,,,,,,
s2_rain_fade,RAIN_FADE,14,,400,2,148,ok,,,1,47.71295899990946,120,1,23.865999999999996,10.496000000002823,1762694659423,1762694659441,moderate,0.5,50.0,0.0,0,1,0.0,0,0,,,,,,
s2_rain_fade,RAIN_FADE,14,,400,2,149,ok,,,1,43.26329202740453,120,1,23.914999999999992,10.334000000000742,1762694660117,1762694660130,moderate,0.5,50.0,0.0,1,1,1.0,0,0,,,,,,
s2_rain_fade,RAIN_FADE,14,,400,2,150,ok,,,1,47.053165995748714,120,1,27.141999999999996,10.584999999999127,1762694660795,1762694660810,moderate,0.5,50.0,0.0,0,1,0.0,0,0,,,,,,
s2_rain_fade,RAIN_FADE,14,,400,2,151,ok,,,1,46.89008300192654,120,1,23.952,10.590000000001965,1762694661443,1762694661459,moderate,0.5,50.0,0.0,0,1,0.0,0,0,,,,,,
s2_rain_fade,RAIN_FADE,14,,400,2,152,ok,,,1,64.31775001692586,120,1,31.222,16.38000000000102,1762694662154,1762694662171,moderate,0.5,50.0,0.0,0,1,0.0,0,0,,,,,,
s2_rain_fade,RAIN_FADE,14,,400,2,153,ok,,,1,50.606333010364324,120,1,25.884,10.604000000001179,1762694662831,1762694662850,moderate,0.5,50.0,0.0,0,1,0.0,0,0,,,,,,
s2_rain_fade,RAIN_FADE,14,,400,2,154,ok,,,1,45.3145420178771,120,1,23.507,10.539999999999054,1762694663504,1762694663519,moderate,0.5,50.0,0.0,1,1,1.0,0,0,,,,,,
s2_rain_fade,RAIN_FADE,14,,400,2,155,preauth_failed,step4_wait,0,0,0.0,0,0,0.0,0.0,,,moderate,0.5,50.0,0.0,0,0,0.0,0,0,,,,,,
s2_rain_fade,RAIN_FADE,14,,400,2,156,preauth_failed,step4_wait,0,0,0.0,0,0,0.0,0.0,,,moderate,0.5,50.0,0.0,0,0,0.0,0,0,,,,,,
s2_rain_fade,RAIN_FADE,14,,400,2,157,preauth_failed,step4_wait,0,0,0.0,0,0,0.0,0.0,,,moderate,0.5,50.0,0.0,0,0,0.0,0,0,,,,,,
s2_rain_fade,RAIN_FADE,14,,400,2,158,ok,,,1,48.30229200888425,120,1,25.098999999999997,10.524000000001251,1762694680448,1762694680465,moderate,0.5,50.0,0.0,0,1,0.0,0,0,,,,,,
s2_rain_fade,RAIN_FADE,14,,400,2,159,ok,,,1,43.97612498723902,120,1,23.930999999999997,10.210000000000946,1762694681123,1762694681139,moderate,0.5,50.0,0.0,0,1,0.0,0,0,,,,,,
s2_rain_fade,RAIN_FADE,14,,400,2,160,ok,,,1,47.05916700186208,120,1,24.782000000000004,10.52100000000064,1762694681863,1762694681877,moderate,0.5,50.0,0.0,1,1,1.0,0,0,,,,,,
s2_rain_fade,RAIN_FADE,14,,400,2,161,ok,,,1,49.011666007572785,120,1,27.204,10.269000000002052,1762694682557,1762694682573,moderate,0.5,50.0,0.0,0,1,0.0,0,0,,,,,,
s2_rain_fade,RAIN_FADE,14,,400,2,162,ok,,,1,45.88837499613874,120,1,24.724000000000004,10.571000000001732,1762694683246,1762694683261,moderate,0.5,50.0,0.0,0,1,0.0,0,0,,,,,,
s2_rain_fade,RAIN_FADE,14,,400,2,163,ok,,,1,45.79337500035763,120,1,24.019,10.432999999999083,1762694683962,1762694683979,moderate,0.5,50.0,0.0,1,1,1.0,0,0,,,,,,
s2_rain_fade,RAIN_FADE,14,,400,2,164,ok,,,1,45.98820899263956,120,1,25.182000000000002,10.480000000001382,1762694684643,1762694684657,moderate,0.5,50.0,0.0,1,1,1.0,0,0,,,,,,
s2_rain_fade,RAIN_FADE,14,,400,2,165,ok,,,1,49.040666985092685,120,1,27.302999999999997,11.23700000000099,1762694685343,1762694685358,moderate,0.5,50.0,0.0,0,1,0.0,0,0,,,,,,
s2_rain_fade,RAIN_FADE,14,,400,2,166,ok,,,1,45.123208983568475,120,1,24.385999999999996,10.476999999997133,1762694686090,1762694686105,moderate,0.5,50.0,0.0,0,1,0.0,0,0,,,,,,
s2_rain_fade,RAIN_FADE,14,,400,2,167,ok,,,1,44.89225000725128,120,1,24.172999999999988,10.90599999999722,1762694686781,1762694686794,moderate,0.5,50.0,0.0,0,1,0.0,0,0,,,,,,
s2_rain_fade,RAIN_FADE,14,,400,2,168,ok,,,1,47.83116700127721,120,1,23.815,10.389000000001033,1762694687479,1762694687497,moderate,0.5,50.0,0.0,0,1,0.0,0,0,,,,,,
s2_rain_fade,RAIN_FADE,14,,400,2,169,ok,,,1,47.32545799924992,120,1,25.07399999999999,10.485999999998967,1762694688160,1762694688175,moderate,0.5,50.0,0.0,1,1,1.0,0,0,,,,,,
s2_rain_fade,RAIN_FADE,14,,400,2,170,ok,,,1,44.852708000689745,120,1,23.753000000000007,10.462999999997919,1762694688867,1762694688883,moderate,0.5,50.0,0.0,0,1,0.0,0,0,,,,,,
s2_rain_fade,RAIN_FADE,14,,400,2,171,ok,,,1,47.97225000220351,120,1,26.335000000000008,10.61500000000342,1762694689616,1762694689630,moderate,0.5,50.0,0.0,1,1,1.0,0,0,,,,,,
s2_rain_fade,RAIN_FADE,14,,400,2,172,ok,,,1,45.852916984586045,120,1,24.22099999999999,10.564000000002125,1762694690317,1762694690332,moderate,0.5,50.0,0.0,0,1,0.0,0,0,,,,,,
s2_rain_fade,RAIN_FADE,14,,400,2,173,ok,,,1,45.17754097469151,120,1,23.910000000000004,10.265999999995984,1762694691014,1762694691029,moderate,0.5,50.0,0.0,0,1,0.0,0,0,,,,,,
s2_rain_fade,RAIN_FADE,14,,400,2,174,ok,,,1,47.25525001413189,120,1,23.799000000000007,10.407999999995809,1762694691701,1762694691718,moderate,0.5,50.0,0.0,1,1,1.0,0,0,,,,,,
s2_rain_fade,RAIN_FADE,14,,400,2,175,ok,,,1,42.88041600375436,120,1,23.600999999999996,10.183000000000902,1762694692383,1762694692397,moderate,0.5,50.0,0.0,0,1,0.0,0,0,,,,,,
s2_rain_fade,RAIN_FADE,14,,400,2,176,ok,,,1,48.30633301753551,120,1,24.911,10.666000000001077,1762694693131,1762694693147,moderate,0.5,50.0,0.0,1,1,1.0,0,0,,,,,,
s2_rain_fade,RAIN_FADE,14,,400,2,177,ok,,,1,47.01316700084135,120,1,24.306000000000004,10.371000000002823,1762694693828,1762694693844,moderate,0.5,50.0,0.0,1,1,1.0,0,0,,,,,,
s2_rain_fade,RAIN_FADE,14,,400,2,178,ok,,,1,43.38025001925416,120,1,23.638,10.495999999999185,1762694694538,1762694694551,moderate,0.5,50.0,0.0,1,1,1.0,0,0,,,,,,
s2_rain_fade,RAIN_FADE,14,,400,2,179,ok,,,1,52.026209014002234,120,1,26.784000000000006,10.570999999999913,1762694695303,1762694695321,moderate,0.5,50.0,0.0,0,1,0.0,0,0,,,,,,
s2_rain_fade,RAIN_FADE,14,,400,2,180,ok,,,1,44.0629170043394,120,1,24.66599999999999,10.627000000004045,1762694695964,1762694695977,moderate,0.5,50.0,0.0,0,1,0.0,0,0,,,,,,
s2_rain_fade,RAIN_FADE,14,,400,2,181,ok,,,1,43.542625004192814,120,1,23.601000000000003,10.38799999999901,1762694696669,1762694696684,moderate,0.5,50.0,0.0,0,1,0.0,0,0,,,,,,
s2_rain_fade,RAIN_FADE,14,,400,2,182,ok,,,1,44.83112500747666,120,1,23.507999999999992,10.468000000000757,1762694697372,1762694697387,moderate,0.5,50.0,0.0,0,1,0.0,0,0,,,,,,
s2_rain_fade,RAIN_FADE,14,,400,2,183,ok,,,1,47.27587499655783,120,1,24.506999999999998,10.488999999997759,1762694698077,1762694698092,moderate,0.5,50.0,0.0,0,1,0.0,0,0,,,,,,
s2_rain_fade,RAIN_FADE,14,,400,2,184,ok,,,1,45.26329098735005,120,1,24.07499999999999,10.295000000001892,1762694698759,1762694698774,moderate,0.5,50.0,0.0,0,1,0.0,0,0,,,,,,
s2_rain_fade,RAIN_FADE,14,,400,2,185,ok,,,1,43.809167022118345,120,1,23.654000000000003,10.413000000000466,1762694699466,1762694699481,moderate,0.5,50.0,0.0,0,1,0.0,0,0,,,,,,
s2_rain_fade,RAIN_FADE,14,,400,2,186,ok,,,1,50.80029199598357,120,1,25.260000000000005,10.572000000000116,1762694700189,1762694700207,moderate,0.5,50.0,0.0,1,1,1.0,0,0,,,,,,
s2_rain_fade,RAIN_FADE,14,,400,2,187,ok,,,1,48.185457999352366,120,1,23.612000000000002,10.570000000003347,1762694700864,1762694700882,moderate,0.5,50.0,0.0,0,1,0.0,0,0,,,,,,
s2_rain_fade,RAIN_FADE,14,,400,2,188,ok,,,1,46.50379202212207,120,1,24.184999999999995,10.756999999997788,1762694701594,1762694701610,moderate,0.5,50.0,0.0,0,1,0.0,0,0,,,,,,
s2_rain_fade,RAIN_FADE,14,,400,2,189,ok,,,1,44.17854201165028,120,1,24.256,10.245999999995547,1762694702310,1762694702324,moderate,0.5,50.0,0.0,0,1,0.0,0,0,,,,,,
s2_rain_fade,RAIN_FADE,14,,400,2,190,ok,,,1,45.35654198843986,120,1,23.622999999999998,10.419999999998254,1762694702988,1762694703003,moderate,0.5,50.0,0.0,0,1,0.0,0,0,,,,,,
s2_rain_fade,RAIN_FADE,14,,400,2,191,ok,,,1,47.20708398963325,120,1,23.748999999999995,10.361000000000786,1762694703722,1762694703739,moderate,0.5,50.0,0.0,0,1,0.0,0,0,,,,,,
s2_rain_fade,RAIN_FADE,14,,400,2,192,ok,,,1,51.35345898452215,120,1,28.83999999999999,10.44999999999709,1762694704413,1762694704430,moderate,0.5,50.0,0.0,0,1,0.0,0,0,,,,,,
s2_rain_fade,RAIN_FADE,14,,400,2,193,ok,,,1,45.3609999967739,120,1,23.623,10.35399999999936,1762694705134,1762694705150,moderate,0.5,50.0,0.0,0,1,0.0,0,0,,,,,,
s2_rain_fade,RAIN_FADE,14,,400,2,194,ok,,,1,50.5669999984093,120,1,26.279999999999994,10.46099999999933,1762694705828,1762694705846,moderate,0.5,50.0,0.0,0,1,0.0,0,0,,,,,,
s2_rain_fade,RAIN_FADE,14,,400,2,195,ok,,,1,47.413332998985425,120,1,24.291999999999994,10.432000000000698,1762694706504,1762694706521,moderate,0.5,50.0,0.0,0,1,0.0,0,0,,,,,,
s2_rain_fade,RAIN_FADE,14,,400,2,196,ok,,,1,48.636874998919666,120,1,25.694999999999993,10.320000000003347,1762694707228,1762694707243,moderate,0.5,50.0,0.0,0,1,0.0,0,0,,,,,,
s2_rain_fade,RAIN_FADE,14,,400,2,197,ok,,,1,69.7641660226509,120,1,28.516999999999996,26.673000000002503,1762694707894,1762694707913,moderate,0.5,50.0,0.0,0,1,0.0,0,0,,,,,,
s2_rain_fade,RAIN_FADE,14,,400,2,198,ok,,,1,44.079208018956706,120,1,23.729000000000006,10.447000000000116,1762694708632,1762694708647,moderate,0.5,50.0,0.0,0,1,0.0,0,0,,,,,,
s2_rain_fade,RAIN_FADE,14,,400,2,199,ok,,,1,42.046458984259516,120,1,23.689999999999998,10.526999999998225,1762694709328,1762694709341,moderate,0.5,50.0,0.0,0,1,0.0,0,0,,,,,,
s2_rain_fade,RAIN_FADE,14,,400,2,200,ok,,,1,48.650333017576486,120,1,24.505000000000003,10.829999999998108,1762694710028,1762694710045,moderate,0.5,50.0,0.0,0,1,0.0,0,0,,,,,,
s2_rain_fade,RAIN_FADE,14,,400,2,201,ok,,,1,45.195915998192504,120,1,23.622999999999998,10.218000000000757,1762694710715,1762694710731,moderate,0.5,50.0,0.0,0,1,0.0,0,0,,,,,,
s2_rain_fade,RAIN_FADE,14,,400,2,202,ok,,,1,49.9867920007091,120,1,23.766000000000005,10.659999999999854,1762694711425,1762694711442,moderate,0.5,50.0,0.0,0,1,0.0,0,0,,,,,,
s2_rain_fade,RAIN_FADE,14,,400,2,203,ok,,,1,70.59566699899733,120,1,36.41299999999999,21.03599999999642,1762694712159,1762694712185,moderate,0.5,50.0,0.0,0,1,0.0,0,0,,,,,,
s2_rain_fade,RAIN_FADE,14,,400,2,204,ok,,,1,43.04575000423938,120,1,23.849,10.47700000000259,1762694712816,1762694712829,moderate,0.5,50.0,0.0,0,1,0.0,0,0,,,,,,
s2_rain_fade,RAIN_FADE,14,,400,2,205,ok,,,1,48.446458007674664,120,1,25.791999999999994,10.510999999994965,1762694713494,1762694713509,moderate,0.5,50.0,0.0,0,1,0.0,0,0,,,,,,
s2_rain_fade,RAIN_FADE,14,,400,2,206,ok,,,1,50.434375007171184,120,1,25.960000000000008,10.559000000001106,1762694714182,1762694714200,moderate,0.5,50.0,0.0,0,1,0.0,0,0,,,,,,
s2_rain_fade,RAIN_FADE,14,,400,2,207,ok,,,1,50.89975000009872,120,1,25.525999999999993,10.159999999999854,1762694714918,1762694714937,moderate,0.5,50.0,0.0,1,1,1.0,0,0,,,,,,
s2_rain_fade,RAIN_FADE,14,,400,2,208,ok,,,1,59.87800000002608,120,1,27.39099999999999,19.38799999999901,1762694715608,1762694715625,moderate,0.5,50.0,0.0,0,1,0.0,0,0,,,,,,
s2_rain_fade,RAIN_FADE,14,,400,2,209,ok,,,1,44.33299999800511,120,1,23.626,10.340000000003783,1762694716308,1762694716323,moderate,0.5,50.0,0.0,0,1,0.0,0,0,,,,,,
s2_rain_fade,RAIN_FADE,14,,400,2,210,ok,,,1,44.221125019248575,120,1,23.67,10.433999999997468,1762694717018,1762694717032,moderate,0.5,50.0,0.0,0,1,0.0,0,0,,,,,,
s2_rain_fade,RAIN_FADE,14,,400,2,211,ok,,,1,47.45895799715072,120,1,24.004000000000005,10.391999999999825,1762694717719,1762694717735,moderate,0.5,50.0,0.0,0,1,0.0,0,0,,,,,,
s2_rain_fade,RAIN_FADE,14,,400,2,212,ok,,,1,50.148666981840506,120,1,26.36,10.528000000002066,1762694718441,1762694718459,moderate,0.5,50.0,0.0,0,1,0.0,0,0,,,,,,
s2_rain_fade,RAIN_FADE,14,,400,2,213,ok,,,1,46.201584016671404,120,1,24.249999999999996,10.467000000000553,1762694719091,1762694719106,moderate,0.5,50.0,0.0,0,1,0.0,0,0,,,,,,
s2_rain_fade,RAIN_FADE,14,,400,2,214,ok,,,1,45.71745899738744,120,1,24.014000000000003,10.511999999998807,1762694719773,1762694719788,moderate,0.5,50.0,0.0,0,1,0.0,0,0,,,,,,
s2_rain_fade,RAIN_FADE,14,,400,2,215,ok,,,1,48.34895799285732,120,1,27.505000000000003,10.265999999999622,1762694720517,1762694720533,moderate,0.5,50.0,0.0,0,1,0.0,0,0,,,,,,
s2_rain_fade,RAIN_FADE,14,,400,2,216,ok,,,1,48.52845802088268,120,1,25.533,10.659999999996217,1762694721271,1762694721287,moderate,0.5,50.0,0.0,1,1,1.0,0,0,,,,,,
s2_rain_fade,RAIN_FADE,14,,400,2,217,ok,,,1,51.17966700345278,120,1,27.57399999999999,10.35399999999936,1762694721972,1762694721989,moderate,0.5,50.0,0.0,0,1,0.0,0,0,,,,,,
s2_rain_fade,RAIN_FADE,14,,400,2,218,ok,,,1,46.85916699236259,120,1,24.479000000000006,10.610000000000582,1762694722668,1762694722683,moderate,0.5,50.0,0.0,0,1,0.0,0,0,,,,,,
s2_rain_fade,RAIN_FADE,14,,400,2,219,ok,,,1,51.31666600937024,120,1,25.858000000000004,10.494000000002416,1762694723399,1762694723417,moderate,0.5,50.0,0.0,0,1,0.0,0,0,,,,,,
s2_rain_fade,RAIN_FADE,14,,400,2,220,ok,,,1,51.27029199502431,120,1,25.762,10.416999999997643,1762694724117,1762694724135,moderate,0.5,50.0,0.0,1,1,1.0,0,0,,,,,,
s2_rain_fade,RAIN_FADE,14,,400,2,221,ok,,,1,49.83858301420696,120,1,27.947999999999993,10.872999999999593,1762694724867,1762694724881,moderate,0.5,50.0,0.0,0,1,0.0,0,0,,,,,,
s2_rain_fade,RAIN_FADE,14,,400,2,222,ok,,,1,50.05600000731647,120,1,25.78,10.52100000000064,1762694725593,1762694725609,moderate,0.5,50.0,0.0,1,1,1.0,0,0,,,,,,
s2_rain_fade,RAIN_FADE,14,,400,2,223,ok,,,1,48.04616601904854,120,1,25.430999999999997,11.113000000001193,1762694726271,1762694726288,moderate,0.5,50.0,0.0,0,1,0.0,0,0,,,,,,
s2_rain_fade,RAIN_FADE,14,,400,2,224,ok,,,1,48.599000001559034,120,1,26.898999999999987,10.60399999999936,1762694726979,1762694726993,moderate,0.5,50.0,0.0,0,1,0.0,0,0,,,,,,
s2_rain_fade,RAIN_FADE,14,,400,2,225,ok,,,1,46.2773329927586,120,1,24.010999999999996,10.38799999999901,1762694727694,1762694727709,moderate,0.5,50.0,0.0,1,1,1.0,0,0,,,,,,
s2_rain_fade,RAIN_FADE,14,,400,2,226,ok,,,1,45.036957977572456,120,1,24.009000000000007,10.465000000000146,1762694728410,1762694728424,moderate,0.5,50.0,0.0,0,1,0.0,0,0,,,,,,
s2_rain_fade,RAIN_FADE,14,,400,2,227,ok,,,1,47.22808301448822,120,1,23.915999999999997,10.169000000001688,1762694729096,1762694729113,moderate,0.5,50.0,0.0,1,1,1.0,0,0,,,,,,
s2_rain_fade,RAIN_FADE,14,,400,2,228,ok,,,1,46.18683402077295,120,1,23.592000000000002,10.608000000000175,1762694729814,1762694729831,moderate,0.5,50.0,0.0,1,1,1.0,0,0,,,,,,
s2_rain_fade,RAIN_FADE,14,,400,2,229,ok,,,1,44.127875007689,120,1,23.667,10.344999999997526,1762694730520,1762694730534,moderate,0.5,50.0,0.0,0,1,0.0,0,0,,,,,,
s2_rain_fade,RAIN_FADE,14,,400,2,230,ok,,,1,45.24099998525344,120,1,23.751999999999995,10.667999999997846,1762694731224,1762694731240,moderate,0.5,50.0,0.0,1,1,1.0,0,0,,,,,,
s2_rain_fade,RAIN_FADE,14,,400,2,231,ok,,,1,52.90199999581091,120,1,26.528000000000006,10.502000000000407,1762694731929,1762694731947,moderate,0.5,50.0,0.0,1,1,1.0,0,0,,,,,,
s2_rain_fade,RAIN_FADE,14,,400,2,232,ok,,,1,48.10441698646173,120,1,26.854,10.54200000000128,1762694732636,1762694732650,moderate,0.5,50.0,0.0,1,1,1.0,0,0,,,,,,
s2_rain_fade,RAIN_FADE,14,,400,2,233,ok,,,1,46.877792017767206,120,1,23.901,10.507000000001426,1762694733316,1762694733331,moderate,0.5,50.0,0.0,0,1,0.0,0,0,,,,,,
s2_rain_fade,RAIN_FADE,14,,400,2,234,ok,,,1,47.51649999525398,120,1,26.244999999999997,10.517999999996391,1762694734110,1762694734125,moderate,0.5,50.0,0.0,0,1,0.0,0,0,,,,,,
s2_rain_fade,RAIN_FADE,14,,400,2,235,ok,,,1,45.2920839888975,120,1,23.887,10.430000000000291,1762694734818,1762694734833,moderate,0.5,50.0,0.0,0,1,0.0,0,0,,,,,,
s2_rain_fade,RAIN_FADE,14,,400,2,236,ok,,,1,46.171041001798585,120,1,24.200999999999993,10.673000000002503,1762694735493,1762694735508,moderate,0.5,50.0,0.0,0,1,0.0,0,0,,,,,,
s2_rain_fade,RAIN_FADE,14,,400,2,237,ok,,,1,44.955374993151054,120,1,23.911999999999995,10.479000000002998,1762694736176,1762694736192,moderate,0.5,50.0,0.0,0,1,0.0,0,0,,,,,,
s2_rain_fade,RAIN_FADE,14,,400,2,238,preauth_failed,step4_wait,0,0,0.0,0,0,0.0,0.0,,,moderate,0.5,50.0,0.0,0,0,0.0,0,0,,,,,,
s2_rain_fade,RAIN_FADE,14,,400,2,239,ok,,,1,45.51674998947419,120,1,23.428000000000004,10.23000000000684,1762694742292,1762694742307,moderate,0.5,50.0,0.0,0,1,0.0,0,0,,,,,,
s2_rain_fade,RAIN_FADE,14,,400,2,240,ok,,,1,45.790125004714355,120,1,26.22399999999999,10.190000000002328,1762694743002,1762694743018,moderate,0.5,50.0,0.0,0,1,0.0,0,0,,,,,,
s2_rain_fade,RAIN_FADE,14,,400,2,241,ok,,,1,48.130417009815574,120,1,23.725,10.643000000000029,1762694743684,1762694743700,moderate,0.5,50.0,0.0,0,1,0.0,0,0,,,,,,
s2_rain_fade,RAIN_FADE,14,,400,2,242,ok,,,1,50.872249994426966,120,1,26.201,10.556000000000495,1762694744378,1762694744396,moderate,0.5,50.0,0.0,1,1,1.0,0,0,,,,,,
s2_rain_fade,RAIN_FADE,14,,400,2,243,preauth_failed,step4_wait,0,0,0.0,0,0,0.0,0.0,,,moderate,0.5,50.0,0.0,0,0,0.0,0,0,,,,,,
s2_rain_fade,RAIN_FADE,14,,400,2,244,ok,,,1,44.53387501416728,120,1,23.899,10.593000000000757,1762694750529,1762694750542,moderate,0.5,50.0,0.0,0,1,0.0,0,0,,,,,,
s2_rain_fade,RAIN_FADE,14,,400,2,245,ok,,,1,48.21849998552352,120,1,25.555000000000007,10.305000000000291,1762694751217,1762694751234,moderate,0.5,50.0,0.0,0,1,0.0,0,0,,,,,,
s2_rain_fade,RAIN_FADE,14,,400,2,246,ok,,,1,50.98116700537503,120,1,26.811999999999998,10.513999999999214,1762694751908,1762694751925,moderate,0.5,50.0,0.0,0,1,0.0,0,0,,,,,,
s2_rain_fade,RAIN_FADE,14,,400,2,247,ok,,,1,46.113040996715426,120,1,24.15299999999999,10.409000000003289,1762694752598,1762694752613,moderate,0.5,50.0,0.0,0,1,0.0,0,0,,,,,,
s2_rain_fade,RAIN_FADE,14,,400,2,248,ok,,,1,49.518832995090634,120,1,26.159999999999997,10.398000000004686,1762694753307,1762694753325,moderate,0.5,50.0,0.0,0,1,0.0,0,0,,,,,,
s2_rain_fade,RAIN_FADE,14,,400,2,249,ok,,,1,46.094416989944875,120,1,23.832000000000008,10.52900000000227,1762694754003,1762694754019,moderate,0.5,50.0,0.0,0,1,0.0,0,0,,,,,,
s2_rain_fade,RAIN_FADE,14,,400,2,250,ok,,,1,48.60633300268091,120,1,26.849000000000004,10.630000000001019,1762694754713,1762694754729,moderate,0.5,50.0,0.0,0,1,0.0,0,0,,,,,,
s2_rain_fade,RAIN_FADE,14,,400,2,251,ok,,,1,49.66374998912215,120,1,26.27299999999999,11.659999999999854,1762694755407,1762694755423,moderate,0.5,50.0,0.0,0,1,0.0,0,0,,,,,,
s2_rain_fade,RAIN_FADE,14,,400,2,252,ok,,,1,47.07641701679677,120,1,24.354000000000006,10.625,1762694756081,1762694756097,moderate,0.5,50.0,0.0,0,1,0.0,0,0,,,,,,
s2_rain_fade,RAIN_FADE,14,,400,2,253,ok,,,1,47.89720801636577,120,1,24.880000000000003,10.362999999997555,1762694756763,1762694756780,moderate,0.5,50.0,0.0,0,1,0.0,0,0,,,,,,
s2_rain_fade,RAIN_FADE,14,,400,2,254,ok,,,1,47.81000001821667,120,1,26.090999999999998,10.360000000000582,1762694757477,1762694757491,moderate,0.5,50.0,0.0,1,1,1.0,0,0,,,,,,
s2_rain_fade,RAIN_FADE,14,,400,2,255,ok,,,1,45.95083399908617,120,1,25.037000000000006,10.076999999997497,1762694758149,1762694758165,moderate,0.5,50.0,0.0,0,1,0.0,0,0,,,,,,
s2_rain_fade,RAIN_FADE,14,,400,2,256,ok,,,1,42.985541018424556,120,1,23.83,10.409999999999854,1762694758850,1762694758864,moderate,0.5,50.0,0.0,0,1,0.0,0,0,,,,,,
s2_rain_fade,RAIN_FADE,14,,400,2,257,ok,,,1,43.579749995842576,120,1,23.425000000000004,10.285000000003492,1762694759517,1762694759531,moderate,0.5,50.0,0.0,0,1,0.0,0,0,,,,,,
s2_rain_fade,RAIN_FADE,14,,400,2,258,ok,,,1,45.05179199622944,120,1,24.124000000000002,10.49199999999837,1762694760243,1762694760258,moderate,0.5,50.0,0.0,1,1,1.0,0,0,,,,,,
s2_rain_fade,RAIN_FADE,14,,400,2,259,ok,,,1,48.3499169931747,120,1,26.575999999999993,10.332000000002154,1762694760944,1762694760958,moderate,0.5,50.0,0.0,0,1,0.0,0,0,,,,,,
s2_rain_fade,RAIN_FADE,14,,400,2,260,ok,,,1,46.3844159967266,120,1,23.572,10.614000000001397,1762694761592,1762694761608,moderate,0.5,50.0,0.0,1,1,1.0,0,0,,,,,,
s2_rain_fade,RAIN_FADE,14,,400,2,261,preauth_failed,step4_wait,0,0,0.0,0,0,0.0,0.0,,,moderate,0.5,50.0,0.0,0,0,0.0,0,0,,,,,,
s2_rain_fade,RAIN_FADE,14,,400,2,262,ok,,,1,44.81195900007151,120,1,23.440999999999995,10.37199999999575,1762694767677,1762694767692,moderate,0.5,50.0,0.0,0,1,0.0,0,0,,,,,,
s2_rain_fade,RAIN_FADE,14,,400,2,263,ok,,,1,48.34579199086875,120,1,23.857999999999997,10.456999999998516,1762694768358,1762694768377,moderate,0.5,50.0,0.0,0,1,0.0,0,0,,,,,,
s2_rain_fade,RAIN_FADE,14,,400,2,264,ok,,,1,43.79679201520048,120,1,23.946999999999996,10.40899999999965,1762694769044,1762694769058,moderate,0.5,50.0,0.0,0,1,0.0,0,0,,,,,,
s2_rain_fade,RAIN_FADE,14,,400,2,265,ok,,,1,50.82787500577979,120,1,26.267999999999997,10.426000000003114,1762694769745,1762694769763,moderate,0.5,50.0,0.0,0,1,0.0,0,0,,,,,,
s2_rain_fade,RAIN_FADE,14,,400,2,266,ok,,,1,48.33250000956468,120,1,24.816999999999986,10.625,1762694770428,1762694770444,moderate,0.5,50.0,0.0,0,1,0.0,0,0,,,,,,
s2_rain_fade,RAIN_FADE,14,,400,2,267,ok,,,1,46.6765419987496,120,1,23.677,10.609000000000378,1762694771120,1762694771137,moderate,0.5,50.0,0.0,0,1,0.0,0,0,,,,,,
s2_rain_fade,RAIN_FADE,14,,400,2,268,ok,,,1,48.309790989151224,120,1,25.246000000000002,10.276000000001659,1762694771823,1762694771839,moderate,0.5,50.0,0.0,1,1,1.0,0,0,,,,,,
s2_rain_fade,RAIN_FADE,14,,400,2,269,ok,,,1,52.734208991751075,120,1,26.359,10.415999999997439,1762694772488,1762694772507,moderate,0.5,50.0,0.0,0,1,0.0,0,0,,,,,,
s2_rain_fade,RAIN_FADE,14,,400,2,270,ok,,,1,49.92787502123974,120,1,26.438000000000002,10.53900000000067,1762694773152,1762694773169,moderate,0.5,50.0,0.0,1,1,1.0,0,0,,,,,,
s2_rain_fade,RAIN_FADE,14,,400,2,271,ok,,,1,45.676708017708734,120,1,23.771,10.5099999999984,1762694773832,1762694773847,moderate,0.5,50.0,0.0,1,1,1.0,0,0,,,,,,
s2_rain_fade,RAIN_FADE,14,,400,2,272,ok,,,1,48.80550000234507,120,1,23.93100000000001,10.531999999999243,1762694774503,1762694774522,moderate,0.5,50.0,0.0,0,1,0.0,0,0,,,,,,
s2_rain_fade,RAIN_FADE,14,,400,2,273,ok,,,1,50.92487498768605,120,1,29.337000000000003,11.989999999997963,1762694775162,1762694775177,moderate,0.5,50.0,0.0,0,1,0.0,0,0,,,,,,
s2_rain_fade,RAIN_FADE,14,,400,2,274,ok,,,1,49.36220799572766,120,1,25.992000000000004,10.383999999998196,1762694775805,1762694775823,moderate,0.5,50.0,0.0,1,1,1.0,0,0,,,,,,
s2_rain_fade,RAIN_FADE,14,,400,2,275,ok,,,1,49.11666698171757,120,1,25.953000000000003,10.794000000001688,1762694776546,1762694776561,moderate,0.5,50.0,0.0,0,1,0.0,0,0,,,,,,
s2_rain_fade,RAIN_FADE,14,,400,2,276,ok,,,1,46.507749997545034,120,1,25.096000000000007,10.508999999998196,1762694777177,1762694777191,moderate,0.5,50.0,0.0,1,1,1.0,0,0,,,,,,
s2_rain_fade,RAIN_FADE,14,,400,2,277,ok,,,1,57.9825000022538,120,1,29.953000000000003,14.581999999998516,1762694777943,1762694777961,moderate,0.5,50.0,0.0,1,1,1.0,0,0,,,,,,
s2_rain_fade,RAIN_FADE,14,,400,2,278,ok,,,1,46.71799999778159,120,1,26.101999999999997,10.590999999996711,1762694778592,1762694778605,moderate,0.5,50.0,0.0,0,1,0.0,0,0,,,,,,
s2_rain_fade,RAIN_FADE,14,,400,2,279,ok,,,1,47.793750010896474,120,1,26.221000000000004,10.795999999998457,1762694779301,1762694779314,moderate,0.5,50.0,0.0,0,1,0.0,0,0,,,,,,
s2_rain_fade,RAIN_FADE,14,,400,2,280,ok,,,1,47.92341700522229,120,1,26.693000000000005,10.863999999997759,1762694779996,1762694780011,moderate,0.5,50.0,0.0,0,1,0.0,0,0,,,,,,
s2_rain_fade,RAIN_FADE,14,,400,2,281,ok,,,1,43.20195800391957,120,1,23.711999999999996,10.462999999999738,1762694780667,1762694780681,moderate,0.5,50.0,0.0,1,1,1.0,0,0,,,,,,
s2_rain_fade,RAIN_FADE,14,,400,2,282,ok,,,1,50.186665990622714,120,1,27.354000000000006,10.614999999997963,1762694781425,1762694781442,moderate,0.5,50.0,0.0,0,1,0.0,0,0,,,,,,
s2_rain_fade,RAIN_FADE,14,,400,2,283,ok,,,1,61.330582975642756,120,1,28.573,15.52100000000064,1762694782097,1762694782113,moderate,0.5,50.0,0.0,1,1,1.0,0,0,,,,,,
s2_rain_fade,RAIN_FADE,14,,400,2,284,ok,,,1,49.10079200635664,120,1,28.395000000000003,10.851999999998952,1762694782834,1762694782851,moderate,0.5,50.0,0.0,0,1,0.0,0,0,,,,,,
s2_rain_fade,RAIN_FADE,14,,400,2,285,ok,,,1,48.805707978317514,120,1,25.577999999999996,10.493999999998778,1762694783472,1762694783488,moderate,0.5,50.0,0.0,1,1,1.0,0,0,,,,,,
s2_rain_fade,RAIN_FADE,14,,400,2,286,ok,,,1,47.51104200840928,120,1,27.796999999999997,10.597000000001572,1762694784175,1762694784189,moderate,0.5,50.0,0.0,1,1,1.0,0,0,,,,,,
s2_rain_fade,RAIN_FADE,14,,400,2,287,ok,,,1,47.783832997083664,120,1,23.648000000000007,10.386999999998807,1762694784888,1762694784905,moderate,0.5,50.0,0.0,1,1,1.0,0,0,,,,,,
s2_rain_fade,RAIN_FADE,14,,400,2,288,ok,,,1,52.249542000936344,120,1,26.11,10.431000000000495,1762694785553,1762694785571,moderate,0.5,50.0,0.0,1,1,1.0,0,0,,,,,,
s2_rain_fade,RAIN_FADE,14,,400,2,289,ok,,,1,47.62512500747107,120,1,23.908999999999992,10.645000000000437,1762694786230,1762694786246,moderate,0.5,50.0,0.0,0,1,0.0,0,0,,,,,,
s2_rain_fade,RAIN_FADE,14,,400,2,290,ok,,,1,51.53287501889281,120,1,26.175999999999995,10.445000000003347,1762694786926,1762694786945,moderate,0.5,50.0,0.0,0,1,0.0,0,0,,,,,,
s2_rain_fade,RAIN_FADE,14,,400,2,291,ok,,,1,46.94720800034702,120,1,25.859,10.514000000002852,1762694787604,1762694787618,moderate,0.5,50.0,0.0,0,1,0.0,0,0,,,,,,
s2_rain_fade,RAIN_FADE,14,,400,2,292,ok,,,1,49.052667018258944,120,1,26.407000000000004,10.515000000003056,1762694788270,1762694788286,moderate,0.5,50.0,0.0,1,1,1.0,0,0,,,,,,
s2_rain_fade,RAIN_FADE,14,,400,2,293,ok,,,1,48.047416988993064,120,1,23.722999999999992,10.36200000000099,1762694788939,1762694788957,moderate,0.5,50.0,0.0,0,1,0.0,0,0,,,,,,
s2_rain_fade,RAIN_FADE,14,,400,2,294,ok,,,1,47.596541000530124,120,1,24.732,10.51499999999578,1762694789644,1762694789660,moderate,0.5,50.0,0.0,0,1,0.0,0,0,,,,,,
s2_rain_fade,RAIN_FADE,14,,400,2,295,ok,,,1,48.93287498271093,120,1,25.903999999999996,10.727999999999156,1762694790331,1762694790347,moderate,0.5,50.0,0.0,0,1,0.0,0,0,,,,,,
s2_rain_fade,RAIN_FADE,14,,400,2,296,ok,,,1,52.894749998813495,120,1,26.634999999999998,10.725999999998749,1762694791045,1762694791063,moderate,0.5,50.0,0.0,1,1,1.0,0,0,,,,,,
s2_rain_fade,RAIN_FADE,14,,400,2,297,preauth_failed,step4_wait,0,0,0.0,0,0,0.0,0.0,,,moderate,0.5,50.0,0.0,0,0,0.0,0,0,,,,,,
s2_rain_fade,RAIN_FADE,14,,400,2,298,ok,,,1,43.595458002528176,120,1,23.65100000000001,10.26600000000326,1762694797125,1762694797139,moderate,0.5,50.0,0.0,0,1,0.0,0,0,,,,,,
s2_rain_fade,RAIN_FADE,14,,400,2,299,ok,,,1,46.27937500481494,120,1,24.914,10.799000000002707,1762694797809,1762694797824,moderate,0.5,50.0,0.0,0,1,0.0,0,0,,,,,,
s2_rain_fade,RAIN_FADE,14,,400,2,300,ok,,,1,45.68945802748203,120,1,23.919999999999998,10.239999999997963,1762694798514,1762694798531,moderate,0.5,50.0,0.0,0,1,0.0,0,0,,,,,,
s2_rain_fade,RAIN_FADE,14,,300,2,1,ok,,,1,44.07454200554639,120,1,23.880000000000003,10.393000000000029,1762694799294,1762694799308,heavy,0.25,25.0,0.0,0,1,0.0,0,0,,,,,,
s2_rain_fade,RAIN_FADE,14,,300,2,2,ok,,,1,50.3361250157468,120,1,27.260999999999996,10.959999999999127,1762694800031,1762694800048,heavy,0.25,25.0,0.0,1,1,1.0,0,0,,,,,,
s2_rain_fade,RAIN_FADE,14,,300,2,3,ok,,,1,45.73825001716614,120,1,25.061999999999998,10.377999999996973,1762694800739,1762694800754,heavy,0.25,25.0,0.0,1,1,1.0,0,0,,,,,,
s2_rain_fade,RAIN_FADE,14,,300,2,4,preauth_failed,step4_wait,0,0,0.0,0,0,0.0,0.0,,,heavy,0.25,25.0,0.0,0,0,0.0,0,0,,,,,,
s2_rain_fade,RAIN_FADE,14,,300,2,5,preauth_failed,step4_wait,0,0,0.0,0,0,0.0,0.0,,,heavy,0.25,25.0,0.0,0,0,0.0,0,0,,,,,,
s2_rain_fade,RAIN_FADE,14,,300,2,6,ok,,,1,45.344707992626354,120,1,23.457000000000004,10.307000000000698,1762694812319,1762694812333,heavy,0.25,25.0,0.0,1,1,1.0,0,0,,,,,,
s2_rain_fade,RAIN_FADE,14,,300,2,7,ok,,,1,44.43670899490826,120,1,25.113999999999997,10.421000000002095,1762694812994,1762694813007,heavy,0.25,25.0,0.0,1,1,1.0,0,0,,,,,,
s2_rain_fade,RAIN_FADE,14,,300,2,8,ok,,,1,50.43662499519996,120,1,26.714999999999993,10.506999999997788,1762694813685,1762694813702,heavy,0.25,25.0,0.0,1,1,1.0,0,0,,,,,,
s2_rain_fade,RAIN_FADE,14,,300,2,9,ok,,,1,47.1831249888055,120,1,23.385999999999996,10.336999999999534,1762694814355,1762694814372,heavy,0.25,25.0,0.0,0,1,0.0,0,0,,,,,,
s2_rain_fade,RAIN_FADE,14,,300,2,10,ok,,,1,45.52099999273196,120,1,23.556999999999995,10.494000000002416,1762694815049,1762694815064,heavy,0.25,25.0,0.0,1,1,1.0,0,0,,,,,,
s2_rain_fade,RAIN_FADE,14,,300,2,11,ok,,,1,46.33391601964831,120,1,24.002999999999993,10.494999999998981,1762694815747,1762694815763,heavy,0.25,25.0,0.0,1,1,1.0,0,0,,,,,,
s2_rain_fade,RAIN_FADE,14,,300,2,12,ok,,,1,59.475582995219156,120,1,35.876999999999995,10.62999999999738,1762694816480,1762694816505,heavy,0.25,25.0,0.0,1,1,1.0,0,0,,,,,,
s2_rain_fade,RAIN_FADE,14,,300,2,13,ok,,,1,48.71891700895503,120,1,26.025,10.463999999999942,1762694817162,1762694817177,heavy,0.25,25.0,0.0,1,1,1.0,0,0,,,,,,
s2_rain_fade,RAIN_FADE,14,,300,2,14,preauth_failed,step4_wait,0,0,0.0,0,0,0.0,0.0,,,heavy,0.25,25.0,0.0,0,0,0.0,0,0,,,,,,
s2_rain_fade,RAIN_FADE,14,,300,2,15,ok,,,1,45.028540975181386,120,1,23.345999999999997,10.38999999999578,1762694823237,1762694823251,heavy,0.25,25.0,0.0,1,1,1.0,0,0,,,,,,
s2_rain_fade,RAIN_FADE,14,,300,2,16,ok,,,1,45.34466698532924,120,1,23.53,10.268000000000029,1762694823930,1762694823945,heavy,0.25,25.0,0.0,1,1,1.0,0,0,,,,,,
s2_rain_fade,RAIN_FADE,14,,300,2,17,ok,,,1,44.79283301043324,120,1,24.732,10.34100000000035,1762694824621,1762694824635,heavy,0.25,25.0,0.0,1,1,1.0,0,0,,,,,,
s2_rain_fade,RAIN_FADE,14,,300,2,18,ok,,,1,47.974334011087194,120,1,25.201,10.413999999997031,1762694825284,1762694825301,heavy,0.25,25.0,0.0,1,1,1.0,0,0,,,,,,
s2_rain_fade,RAIN_FADE,14,,300,2,19,ok,,,1,46.21537501225248,120,1,24.613,10.423999999999069,1762694825909,1762694825923,heavy,0.25,25.0,0.0,1,1,1.0,0,0,,,,,,
s2_rain_fade,RAIN_FADE,14,,300,2,20,ok,,,1,49.5302919880487,120,1,26.166000000000004,10.583999999995285,1762694826603,1762694826619,heavy,0.25,25.0,0.0,1,1,1.0,0,0,,,,,,
s2_rain_fade,RAIN_FADE,14,,300,2,21,ok,,,1,46.40875098994002,120,1,24.695999999999998,10.423000000002503,1762694827301,1762694827317,heavy,0.25,25.0,0.0,1,1,1.0,0,0,,,,,,
s2_rain_fade,RAIN_FADE,14,,300,2,22,ok,,,1,46.014249994186684,120,1,23.792000000000005,10.383999999998196,1762694827994,1762694828009,heavy,0.25,25.0,0.0,1,1,1.0,0,0,,,,,,
s2_rain_fade,RAIN_FADE,14,,300,2,23,ok,,,1,47.51487498288043,120,1,24.690999999999995,10.645000000000437,1762694828684,1762694828700,heavy,0.25,25.0,0.0,1,1,1.0,0,0,,,,,,
s2_rain_fade,RAIN_FADE,14,,300,2,24,ok,,,1,45.74224998941645,120,1,23.211,10.389000000002852,1762694829344,1762694829360,heavy,0.25,25.0,0.0,1,1,1.0,0,0,,,,,,
s2_rain_fade,RAIN_FADE,14,,300,2,25,ok,,,1,45.92737599159591,120,1,23.58,10.570999999996275,1762694830064,1762694830079,heavy,0.25,25.0,0.0,1,1,1.0,0,0,,,,,,
s2_rain_fade,RAIN_FADE,14,,300,2,26,ok,,,1,48.83574999985285,120,1,25.962000000000003,10.71099999999933,1762694830808,1762694830824,heavy,0.25,25.0,0.0,1,1,1.0,1,1,,,,,,
s2_rain_fade,RAIN_FADE,14,,300,2,27,preauth_failed,step4_wait,0,0,0.0,0,0,0.0,0.0,,,heavy,0.25,25.0,0.0,0,0,0.0,0,0,,,,,,
s2_rain_fade,RAIN_FADE,14,,300,2,28,preauth_failed,step4_wait,0,0,0.0,0,0,0.0,0.0,,,heavy,0.25,25.0,0.0,0,0,0.0,0,0,,,,,,
s2_rain_fade,RAIN_FADE,14,,300,2,29,preauth_failed,step4_wait,0,0,0.0,0,0,0.0,0.0,,,heavy,0.25,25.0,0.0,0,0,0.0,0,0,,,,,,
s2_rain_fade,RAIN_FADE,14,,300,2,30,preauth_failed,step4_wait,0,0,0.0,0,0,0.0,0.0,,,heavy,0.25,25.0,0.0,0,0,0.0,0,0,,,,,,
s2_rain_fade,RAIN_FADE,14,,300,2,31,preauth_failed,step4_wait,0,0,0.0,0,0,0.0,0.0,,,heavy,0.25,25.0,0.0,0,0,0.0,0,0,,,,,,
s2_rain_fade,RAIN_FADE,14,,300,2,32,preauth_failed,step4_wait,0,0,0.0,0,0,0.0,0.0,,,heavy,0.25,25.0,0.0,0,0,0.0,0,0,,,,,,
s2_rain_fade,RAIN_FADE,14,,300,2,33,preauth_failed,step4_wait,0,0,0.0,0,0,0.0,0.0,,,heavy,0.25,25.0,0.0,0,0,0.0,0,0,,,,,,
s2_rain_fade,RAIN_FADE,14,,300,2,34,preauth_failed,step4_wait,0,0,0.0,0,0,0.0,0.0,,,heavy,0.25,25.0,0.0,0,0,0.0,0,0,,,,,,
s2_rain_fade,RAIN_FADE,14,,300,2,35,preauth_failed,step4_wait,0,0,0.0,0,0,0.0,0.0,,,heavy,0.25,25.0,0.0,0,0,0.0,0,0,,,,,,
s2_rain_fade,RAIN_FADE,14,,300,2,36,preauth_failed,step4_wait,0,0,0.0,0,0,0.0,0.0,,,heavy,0.25,25.0,0.0,0,0,0.0,0,0,,,,,,
s2_rain_fade,RAIN_FADE,14,,300,2,37,preauth_failed,step4_wait,0,0,0.0,0,0,0.0,0.0,,,heavy,0.25,25.0,0.0,0,0,0.0,0,0,,,,,,
s2_rain_fade,RAIN_FADE,14,,300,2,38,preauth_failed,step4_wait,0,0,0.0,0,0,0.0,0.0,,,heavy,0.25,25.0,0.0,0,0,0.0,0,0,,,,,,
s2_rain_fade,RAIN_FADE,14,,300,2,39,preauth_failed,step4_wait,0,0,0.0,0,0,0.0,0.0,,,heavy,0.25,25.0,0.0,0,0,0.0,0,0,,,,,,
s2_rain_fade,RAIN_FADE,14,,300,2,40,preauth_failed,step4_wait,0,0,0.0,0,0,0.0,0.0,,,heavy,0.25,25.0,0.0,0,0,0.0,0,0,,,,,,
s2_rain_fade,RAIN_FADE,14,,300,2,41,preauth_failed,step4_wait,0,0,0.0,0,0,0.0,0.0,,,heavy,0.25,25.0,0.0,0,0,0.0,0,0,,,,,,
s2_rain_fade,RAIN_FADE,14,,300,2,42,preauth_failed,step4_wait,0,0,0.0,0,0,0.0,0.0,,,heavy,0.25,25.0,0.0,0,0,0.0,0,0,,,,,,
s2_rain_fade,RAIN_FADE,14,,300,2,43,preauth_failed,step4_wait,0,0,0.0,0,0,0.0,0.0,,,heavy,0.25,25.0,0.0,0,0,0.0,0,0,,,,,,
s2_rain_fade,RAIN_FADE,14,,300,2,44,preauth_failed,step4_wait,0,0,0.0,0,0,0.0,0.0,,,heavy,0.25,25.0,0.0,0,0,0.0,0,0,,,,,,
s2_rain_fade,RAIN_FADE,14,,300,2,45,preauth_failed,step4_wait,0,0,0.0,0,0,0.0,0.0,,,heavy,0.25,25.0,0.0,0,0,0.0,0,0,,,,,,
s2_rain_fade,RAIN_FADE,14,,300,2,46,preauth_failed,step4_wait,0,0,0.0,0,0,0.0,0.0,,,heavy,0.25,25.0,0.0,0,0,0.0,0,0,,,,,,
s2_rain_fade,RAIN_FADE,14,,300,2,47,preauth_failed,step4_wait,0,0,0.0,0,0,0.0,0.0,,,heavy,0.25,25.0,0.0,0,0,0.0,0,0,,,,,,
s2_rain_fade,RAIN_FADE,14,,300,2,48,preauth_failed,step4_wait,0,0,0.0,0,0,0.0,0.0,,,heavy,0.25,25.0,0.0,0,0,0.0,0,0,,,,,,
s2_rain_fade,RAIN_FADE,14,,300,2,49,preauth_failed,step4_wait,0,0,0.0,0,0,0.0,0.0,,,heavy,0.25,25.0,0.0,0,0,0.0,0,0,,,,,,
s2_rain_fade,RAIN_FADE,14,,300,2,50,preauth_failed,step4_wait,0,0,0.0,0,0,0.0,0.0,,,heavy,0.25,25.0,0.0,0,0,0.0,0,0,,,,,,
s2_rain_fade,RAIN_FADE,14,,300,2,51,preauth_failed,step4_wait,0,0,0.0,0,0,0.0,0.0,,,heavy,0.25,25.0,0.0,0,0,0.0,0,0,,,,,,
s2_rain_fade,RAIN_FADE,14,,300,2,52,preauth_failed,step4_wait,0,0,0.0,0,0,0.0,0.0,,,heavy,0.25,25.0,0.0,0,0,0.0,0,0,,,,,,
s2_rain_fade,RAIN_FADE,14,,300,2,53,preauth_failed,step4_wait,0,0,0.0,0,0,0.0,0.0,,,heavy,0.25,25.0,0.0,0,0,0.0,0,0,,,,,,
